{
  "name": "BTG_13",
  "source_file": "BTG_13.stl",
  "canonical_scale_factor": 144.58179934024926,
  "source_unit_scale": 0.001,
  "centroid_offset": [
    140.3686202979577,
    140.889470433955,
    87.36684251098775
  ],
  "original_bbox": [
    280.7994384765625,
    281.97540283203125,
    129.30572509765625
  ],
  "normalised_bbox": [
    1.942149286825153,
    1.9502828441666364,
    0.8943430341004174
  ],
  "export_bbox": [
    0.23228653349902972,
    0.23325932990180123,
    0.1069659498162425
  ],
  "export_bbox_scale_factor": 0.11960282099567658,
  "export_bbox_target_size": 0.23325932990180123,
  "export_bbox_target_axis": "max",
  "volume_m3": 2614542.214854861,
  "surface_area_m2": 154864.87393486092,
  "export_volume_m3": 0.0014800590817319666,
  "export_surface_area_m2": 0.10597624300269146,
  "n_faces": 32000,
  "n_vertices": 16002,
  "is_watertight": true,
  "mass_kg": 0.05,
  "inertia": {
    "ixx": 0.00011290875220859515,
    "iyy": 0.00016906192562427027,
    "izz": 0.00024064223499312815,
    "ixy": 3.8896564092169246e-09,
    "ixz": -1.7009578228508635e-07,
    "iyz": -4.15471797321153e-06
  },
  "point_cloud_counts": [
    100,
    1024
  ],
  "point_cloud_space": "unit_sphere",
  "urdf_file": "BTG_13.urdf"
}