{
  "name": "BTG_3",
  "source_file": "BTG_3.stl",
  "canonical_scale_factor": 161.67168307819313,
  "source_unit_scale": 0.001,
  "centroid_offset": [
    72.2647253823046,
    144.81561496777607,
    103.15180712137195
  ],
  "original_bbox": [
    136.36915588378906,
    278.67706298828125,
    193.10142517089844
  ],
  "normalised_bbox": [
    0.8434943787764837,
    1.7237221613725517,
    1.194404743578405
  ],
  "export_bbox": [
    0.0660628122074274,
    0.13500259908040363,
    0.09354625028934516
  ],
  "export_bbox_scale_factor": 0.0783203941480365,
  "export_bbox_target_size": 0.13500259908040363,
  "export_bbox_target_axis": "max",
  "volume_m3": 1440811.5094271258,
  "surface_area_m2": 105967.29916726182,
  "export_volume_m3": 0.00016380602949848724,
  "export_surface_area_m2": 0.024868733887859092,
  "n_faces": 21760,
  "n_vertices": 10882,
  "is_watertight": true,
  "mass_kg": 0.05,
  "inertia": {
    "ixx": 6.485461201254574e-05,
    "iyy": 2.697013618790579e-05,
    "izz": 4.957487080287538e-05,
    "ixy": 2.756849393969121e-06,
    "ixz": -4.4556197695763985e-06,
    "iyz": 4.039878176719336e-07
  },
  "point_cloud_counts": [
    100,
    1024
  ],
  "point_cloud_space": "unit_sphere",
  "urdf_file": "BTG_3.urdf"
}