{
  "name": "BTG_5",
  "source_file": "BTG_5.stl",
  "canonical_scale_factor": 153.7518771055428,
  "source_unit_scale": 0.001,
  "centroid_offset": [
    111.5303258279191,
    140.6277896643289,
    96.08097619353805
  ],
  "original_bbox": [
    167.6524658203125,
    283.11376953125,
    209.62042236328125
  ],
  "normalised_bbox": [
    1.0904092293144991,
    1.8413678900122101,
    1.363368215786969
  ],
  "export_bbox": [
    0.05158488971520324,
    0.08711111111111108,
    0.06449798585875657
  ],
  "export_bbox_scale_factor": 0.04730782565700842,
  "export_bbox_target_size": 0.08711111111111108,
  "export_bbox_target_axis": "max",
  "volume_m3": 1808036.91632781,
  "surface_area_m2": 116718.52418807385,
  "export_volume_m3": 5.266777561413532e-05,
  "export_surface_area_m2": 0.011050066957581236,
  "n_faces": 19200,
  "n_vertices": 9602,
  "is_watertight": true,
  "mass_kg": 0.05,
  "inertia": {
    "ixx": 2.2808540778366595e-05,
    "iyy": 1.3183144322112389e-05,
    "izz": 2.1818089391968044e-05,
    "ixy": 1.0547629815822695e-07,
    "ixz": -1.962018154722509e-06,
    "iyz": -5.391337935180903e-07
  },
  "point_cloud_counts": [
    100,
    1024
  ],
  "point_cloud_space": "unit_sphere",
  "urdf_file": "BTG_5.urdf"
}