# https://github.com/mikedh/trimesh

o Stage1_3Dcross_NEW_Rescaled_15.stl
v -0.01903259 0.01558641 0.01927930
v -0.01918090 0.01951170 0.01538211
v -0.02141198 0.01912938 0.01543467
v -0.02127612 0.01555174 0.01904871
v -0.02220165 0.01056835 0.02225931
v -0.01511816 0.01938036 0.02065389
v -0.01526525 0.02064501 0.01924920
v -0.01898046 0.01560790 0.02160152
v -0.01860095 -0.01875880 -0.01609090
v -0.01934387 -0.01512746 -0.02110023
v -0.01533972 -0.01921437 -0.02031719
v -0.02063500 -0.01850392 -0.01618515
v -0.02166076 -0.02197169 -0.01163602
v -0.01863903 -0.02100587 -0.01602665
v -0.01510449 -0.02094972 -0.01936215
v -0.02249902 0.02261327 0.00997222
v -0.01944848 0.02203710 0.01498178
v -0.01577233 0.02207713 0.01879421
v 0.01973182 -0.01491994 0.01953997
v 0.01994568 -0.01893898 0.01568356
v 0.02158521 -0.01868458 0.01593795
v 0.02307374 -0.00850734 0.02309039
v 0.01998340 -0.01432472 0.02191095
v 0.02191150 -0.01462599 0.01974114
v 0.01669385 -0.01801564 0.02109612
v 0.01622791 -0.01845363 0.01933367
v 0.01967530 -0.01906447 -0.01552440
v 0.01980774 -0.01458009 -0.01981926
v 0.02151307 -0.01500294 -0.01943417
v 0.02262855 -0.02252492 -0.00991278
v 0.01974610 -0.02146583 -0.01463621
v 0.02149268 -0.01900636 -0.01553300
v 0.01678480 -0.01794826 -0.01885347
v 0.01700294 -0.02048683 -0.01772112
v -0.01977734 0.01463231 -0.01980133
v -0.01872949 0.01981932 -0.01593381
v -0.01577319 0.01935155 -0.01886769
v -0.01658398 0.01810008 -0.02119269
v -0.02208496 0.01364891 -0.02044295
v -0.02077294 0.01829442 -0.01641932
v -0.01829504 -0.01639650 0.01974581
v -0.01836352 -0.01946632 0.01633279
v -0.01274279 -0.02172658 0.02101181
v -0.02081677 -0.01586964 0.01877419
v -0.02146411 -0.01200929 0.02222820
v -0.01793872 -0.01676124 0.02225836
v -0.01291748 -0.02087746 0.02227365
v -0.02082617 -0.01895216 0.01566584
v -0.02176782 -0.02214064 0.01142206
v -0.01808056 -0.02173195 0.01662131
v 0.02398829 0.01816698 0.01647768
v 0.02451880 0.01373436 0.02033490
v 0.02611683 0.01429735 0.01991726
v 0.02101868 0.01605858 0.01859911
v 0.02258875 0.01988670 0.01442779
v 0.01980457 0.01782762 0.01690488
v 0.02331592 0.01702879 -0.01764887
v 0.02529481 0.01688280 -0.01778665
v 0.02499769 0.01094579 -0.02199143
v 0.02153638 0.01497899 -0.01945383
v 0.01847205 0.01738133 -0.01740880
v 0.02391419 0.02102294 -0.01268509
v 0.02549830 0.02063915 -0.01324364
v 0.02003333 0.01912645 -0.01544799
v -0.01756518 -0.01712990 -0.02360577
v -0.02180383 -0.01123488 -0.02543612
v -0.01768957 -0.01699513 -0.02569482
v -0.01282299 -0.02092335 -0.02629655
v -0.01229003 -0.02125734 -0.02474489
v 0.01733484 -0.01733839 -0.02377516
v 0.01245093 -0.02113380 -0.02464639
v 0.01304651 -0.02075050 -0.02608366
v 0.01500123 -0.01943654 -0.02120833
v 0.01756006 -0.01712160 -0.02567038
v 0.02165088 -0.01159083 -0.02543566
v 0.01890101 -0.01566554 -0.02175326
v 0.01634510 0.01826854 0.02370051
v 0.01870179 0.01597313 0.02064580
v 0.01688196 0.01784764 0.01965429
v 0.02047925 0.01356004 0.02401894
v 0.00967139 0.02256835 0.02557327
v 0.01617896 0.01840331 0.02547423
v 0.02014441 0.01400682 0.02555068
v -0.01722192 0.02284813 -0.01748007
v -0.02040502 0.02405174 -0.01362821
v -0.01713781 0.02511229 -0.01755921
v -0.01273168 0.02414989 -0.02099289
v 0.01738624 0.02306835 -0.01730483
v 0.01241358 0.02462010 -0.02116095
v 0.01728943 0.02516942 -0.01740178
v 0.01558924 0.02116063 -0.01898816
v 0.02092566 0.02548680 -0.01285493
v 0.02119886 0.02372020 -0.01243561
v -0.04799584 -0.01472853 0.00350399
v -0.04799584 -0.01275929 0.00509560
v -0.04799584 -0.01406691 0.00152348
v -0.04799584 -0.01707619 0.00405994
v -0.04799584 -0.01542872 0.00712675
v -0.04799584 -0.01731398 0.00094463
v 0.01354542 -0.04799708 -0.00343993
v 0.01622303 -0.04799708 -0.00377230
v 0.01595814 -0.04799708 -0.00018434
v 0.01238135 -0.04799708 -0.00508752
v 0.01552479 -0.04799708 -0.00669851
v 0.01234217 -0.04799708 -0.00119366
v 0.01004639 -0.04799708 -0.00262048
v 0.04800416 0.00198680 0.01337023
v 0.04800416 -0.00027052 0.01251812
v 0.04800416 0.00173094 0.01032542
v 0.04800416 0.00228807 0.01616936
v 0.04800416 0.00404295 0.01195973
v 0.04800416 0.00617088 0.01510449
v -0.04799584 0.00281786 -0.01729209
v -0.04799584 0.00372948 -0.02008934
v -0.04799584 -0.00021388 -0.02046216
v -0.04799584 0.00037010 -0.01674372
v -0.04799584 0.00251366 -0.01426780
v -0.04799584 0.00517528 -0.01583856
v -0.04799584 0.00321874 0.02152754
v -0.04799584 0.00573436 0.02000332
v -0.04799584 0.00279003 0.01818797
v -0.04799584 0.00058006 0.02099252
v -0.04799584 -0.00022462 0.02460500
v -0.04799584 0.00399901 0.02426274
v 0.00596192 -0.00495802 0.04800079
v 0.00414771 -0.00413331 0.04800079
v 0.00340650 -0.00919972 0.04800079
v 0.00636268 -0.00860792 0.04800079
v 0.00918201 -0.00716017 0.04800079
v 0.00778065 -0.00329835 0.04800079
v 0.00181055 -0.04799708 -0.01278144
v 0.00304822 -0.04799708 -0.01149354
v -0.00036413 -0.04799708 -0.01191071
v -0.00086987 -0.04799708 -0.01463818
v 0.00220838 -0.04799708 -0.01485173
v 0.00463892 -0.04799708 -0.01397054
v -0.04799584 0.00058299 -0.00460041
v -0.04799584 0.00283055 -0.00478902
v -0.04799584 0.00133055 -0.00712902
v -0.04799584 0.00003465 -0.00298908
v -0.04799584 -0.00115089 -0.00606339
v -0.00513769 0.00136717 -0.04799921
v -0.00621118 -0.00015578 -0.04799921
v -0.00743725 0.00244628 -0.04799921
v -0.00354052 0.00112889 -0.04799921
v -0.00441955 -0.00139259 -0.04799921
v -0.00552636 0.00365477 -0.04799921
v -0.00589843 0.00364256 0.04800079
v -0.00814526 0.00214501 0.04800079
v -0.00692285 -0.00020216 0.04800079
v -0.00419567 0.00290868 0.04800079
v -0.00586852 0.00626708 0.04800079
v -0.00869970 0.00527440 0.04800079
v -0.01459545 0.00335204 -0.04799921
v -0.01317419 0.00514354 -0.04799921
v -0.01178710 0.00233641 -0.04799921
v -0.01720922 0.00395555 -0.04799921
v -0.01410131 0.00067088 -0.04799921
v 0.01756861 0.00612303 -0.04799921
v 0.01733814 0.00337450 -0.04799921
v 0.01453931 0.00479051 -0.04799921
v 0.01588819 0.00790038 -0.04799921
v 0.01991895 0.00715819 -0.04799921
v 0.02076331 0.00322167 -0.04799921
v 0.01784485 -0.02123439 0.01687690
v 0.01812476 -0.02343214 0.01656155
v 0.02188526 -0.02349708 0.01116630
v 0.01356165 -0.02266212 0.02048193
v 0.01408631 -0.02410841 0.02006873
v 0.04800416 -0.00244142 0.00411946
v 0.04800416 -0.00241359 0.00251853
v 0.04800416 0.00042137 0.00308752
v 0.04800416 -0.00058400 0.00498435
v 0.04800416 -0.00290675 0.00729572
v 0.04800416 -0.00478419 0.00539436
v 0.04800416 -0.00602247 0.00325043
v 0.04800416 0.00299608 -0.00572224
v 0.04800416 0.00554979 -0.00671326
v 0.04800416 0.00304344 -0.00408392
v 0.04800416 0.00012792 -0.00462865
v 0.04800416 0.00096092 -0.00652732
v 0.04800416 0.00332665 -0.00865622
v -0.01457665 0.00946776 0.04800079
v -0.01506115 0.00674022 0.04800079
v -0.01177917 0.00739208 0.04800079
v -0.01239941 0.01084032 0.04800079
v -0.01495312 0.01397557 0.04800079
v -0.01740075 0.01101659 0.04800079
v 0.01806861 -0.00530031 0.04800079
v 0.02047242 -0.00613917 0.04800079
v 0.02107691 -0.00176320 0.04800079
v 0.01617066 -0.00729005 0.04800079
v 0.01760450 -0.00243458 0.04800079
v 0.01462879 -0.00394923 0.04800079
v 0.00475599 -0.00860939 -0.04799921
v 0.00557557 -0.01116701 -0.04799921
v 0.00288160 -0.00841994 -0.04799921
v 0.00586707 -0.00656642 -0.04799921
v 0.00816846 -0.00934767 -0.04799921
v 0.00353956 -0.00540529 -0.04799921
v -0.00680346 0.04800292 -0.01232007
v -0.00461450 0.04800292 -0.01204396
v -0.00460583 0.04800292 -0.01569729
v -0.00811633 0.04800292 -0.00993346
v -0.00787927 0.04800292 -0.01471340
v -0.01071411 0.04800292 -0.01239300
v 0.01343311 0.04800292 -0.00234817
v 0.01599878 0.04800292 -0.00370402
v 0.01167273 0.04800292 -0.00368036
v 0.01290284 0.04800292 0.00016396
v 0.01654200 0.04800292 -0.00014416
v 0.01011182 0.04800292 -0.00049004
v -0.01218493 -0.04799708 -0.01405995
v -0.00999743 -0.04799708 -0.01504503
v -0.00993554 -0.04799708 -0.01173926
v -0.01418432 -0.04799708 -0.01548292
v -0.01149060 -0.04799708 -0.01772955
v -0.01305981 -0.04799708 -0.01134525
v 0.04800416 -0.00206789 -0.01866137
v 0.04800416 -0.00258205 -0.02101472
v 0.04800416 0.00043260 -0.01794721
v 0.04800416 -0.00182374 -0.01552267
v 0.04800416 -0.00430031 -0.01730044
v -0.02116503 0.04800292 0.00238943
v -0.01965331 0.04800292 0.00482680
v -0.01758789 0.04800292 0.00153331
v -0.02045751 0.04800292 -0.00049158
v -0.02454724 0.04800292 -0.00130024
v -0.02436132 0.04800292 0.00329904
v 0.01340015 0.04800292 0.01224650
v 0.01526734 0.04800292 0.01406495
v 0.01751356 0.04800292 0.01111939
v 0.01423780 0.04800292 0.00985581
v 0.01110657 0.04800292 0.00957359
v 0.01109986 0.04800292 0.01291473
v 0.01250635 0.04800292 0.01629675
v 0.00674024 -0.04799708 0.01910848
v 0.00928528 -0.04799708 0.01691505
v 0.01223475 -0.04799708 0.02133386
v 0.00741785 -0.04799708 0.02346028
v 0.00306959 -0.04799708 0.01907038
v 0.00543140 -0.04799708 0.01502915
v 0.00092005 -0.04799708 0.01419039
v 0.00396412 -0.04799708 0.01061819
v 0.00796338 -0.04799708 0.01225631
v -0.00204077 -0.04799708 0.01880267
v -0.00698364 -0.04799708 0.01735817
v -0.00338720 -0.04799708 0.01295650
v 0.00170618 -0.04799708 0.02453257
v -0.00449487 -0.04799708 0.02418816
v -0.01045092 -0.04799708 0.02225282
v -0.01565368 -0.04799708 0.01899076
v -0.01138513 -0.04799708 0.01479645
v -0.00503796 -0.04469337 0.02404311
v -0.01094970 -0.04461622 0.02198253
v -0.01596032 -0.04450880 0.01866473
v -0.01989721 -0.04450929 0.01438458
v -0.01979736 -0.04799708 0.01457352
v -0.01139196 -0.04134425 0.02175949
v -0.01624267 -0.04110548 0.01840325
v -0.01998632 -0.04111427 0.01417207
v -0.02280126 -0.04135402 0.00904718
v -0.02278503 -0.04460255 0.00915773
v -0.01650292 -0.03799757 0.01818805
v -0.02015173 -0.03808253 0.01401156
v -0.02288110 -0.03844093 0.00891687
v -0.02436560 -0.03872169 0.00313212
v -0.02292358 -0.03585402 0.00877982
v -0.02436315 -0.03622365 0.00305013
v -0.02441650 -0.03619923 -0.00280015
v -0.02442175 -0.03872218 -0.00280804
v -0.02439477 -0.03436037 0.00296321
v -0.02442419 -0.03436427 -0.00279760
v -0.02312963 -0.03389015 -0.00819938
v -0.02309509 -0.03582521 -0.00824811
v -0.02441540 -0.03262160 0.00286250
v -0.02442907 -0.03262013 -0.00278729
v -0.02317346 -0.03204933 -0.00811566
v -0.02093347 -0.03117970 -0.01279620
v -0.02087841 -0.03314601 -0.01289529
v -0.02442016 -0.03124953 -0.00278346
v -0.02317614 -0.03061525 -0.00803921
v -0.02095227 -0.02953029 -0.01271192
v -0.01828002 -0.02869435 -0.01639646
v -0.01820544 -0.03043800 -0.01649488
v -0.02320239 -0.02912111 -0.00791810
v -0.02101477 -0.02784328 -0.01257917
v -0.01835375 -0.02683400 -0.01630525
v -0.01538769 -0.02681593 -0.01908249
v -0.02112304 -0.02635499 -0.01243520
v -0.01845727 -0.02484279 -0.01619167
v -0.01537048 -0.02483302 -0.01910238
v -0.01532641 -0.02303908 -0.01915161
v -0.01128247 -0.02449757 -0.02183325
v -0.01140612 -0.02612892 -0.02175448
v -0.01142333 -0.02773830 -0.02174975
v -0.00668786 -0.02731300 -0.02362558
v -0.00675939 -0.02878712 -0.02360011
v -0.01142748 -0.02944386 -0.02174741
v -0.01533630 -0.02868556 -0.01914596
v -0.00679711 -0.03029640 -0.02358999
v -0.01138452 -0.03113820 -0.02178138
v -0.01525317 -0.03042970 -0.01923765
v -0.01513708 -0.03259718 -0.01932851
v -0.01813793 -0.03253322 -0.01657195
v -0.01807031 -0.03502589 -0.01664840
v -0.02082458 -0.03538185 -0.01298310
v -0.01795690 -0.03784376 -0.01674174
v -0.02079052 -0.03814552 -0.01306435
v -0.02309497 -0.03847853 -0.00831274
v -0.02071874 -0.04119728 -0.01315618
v -0.02306701 -0.04142287 -0.00838254
v -0.02440124 -0.04155177 -0.00281710
v -0.02440283 -0.04469386 -0.00285343
v -0.02434033 -0.04468165 0.00322338
v -0.02431872 -0.04154152 0.00319225
v -0.02437158 -0.04799708 0.00322927
v -0.02280554 -0.04799708 0.00923067
v -0.01756835 -0.04799708 0.00706390
v -0.01495971 -0.04799708 0.01131498
v -0.01265380 -0.04799708 0.00467606
v -0.01035302 -0.04799708 0.00811063
v -0.00722180 -0.04799708 0.01090650
v -0.00596679 -0.04799708 0.00488934
v -0.00318896 -0.04799708 0.00728558
v 0.00019666 -0.04799708 0.00913464
v 0.00041981 -0.04799708 0.00401998
v 0.00329542 -0.04799708 0.00593082
v 0.00668799 -0.04799708 0.00767109
v 0.00594336 -0.04799708 0.00301596
v 0.00907398 -0.04799708 0.00476405
v 0.01061829 -0.04799708 0.00958166
v 0.01297181 -0.04799708 0.00660551
v 0.01498194 -0.04799708 0.01213696
v 0.01218812 -0.04799708 0.01488003
v 0.01736683 -0.04799708 0.00868720
v 0.01928931 -0.04799708 0.01526981
v 0.01604346 -0.04799708 0.01864492
v 0.01913733 -0.04449904 0.01541316
v 0.01587269 -0.04446193 0.01876614
v 0.01190125 -0.04451710 0.02149035
v 0.00696900 -0.04461232 0.02356442
v 0.01569703 -0.04101857 0.01887259
v 0.01159022 -0.04117335 0.02164465
v 0.00654969 -0.04139894 0.02363767
v 0.00070276 -0.04154054 0.02454811
v 0.00118165 -0.04468263 0.02453093
v 0.01131641 -0.03819289 0.02182235
v 0.00618641 -0.03852199 0.02375729
v 0.00030274 -0.03871632 0.02456979
v -0.00593469 -0.03860890 0.02382130
v -0.00552648 -0.04151906 0.02391928
v 0.00586048 -0.03595314 0.02381333
v -0.00003576 -0.03615919 0.02457134
v -0.00625158 -0.03599562 0.02371672
v -0.01207910 -0.03559914 0.02139753
v -0.01176867 -0.03828908 0.02155965
v -0.00028466 -0.03435109 0.02457159
v -0.00648559 -0.03407960 0.02367828
v -0.01230822 -0.03337013 0.02125781
v -0.01690148 -0.03279054 0.01779907
v -0.01673046 -0.03523537 0.01797802
v -0.00664514 -0.03221828 0.02364890
v -0.01250805 -0.03135792 0.02114147
v -0.01706640 -0.03069533 0.01763826
v -0.02047790 -0.03108693 0.01350984
v -0.02035913 -0.03307033 0.01367345
v -0.01265527 -0.02965382 0.02103736
v -0.01722241 -0.02881154 0.01750404
v -0.02059155 -0.02944630 0.01333032
v -0.02309362 -0.03057277 0.00826492
v -0.02070178 -0.02780080 0.01312025
v -0.02315820 -0.02911232 0.00803424
v -0.02442004 -0.02986574 0.00264380
v -0.02325695 -0.02782521 0.00778552
v -0.02443945 -0.02862257 0.00252123
v -0.02443041 -0.02859669 -0.00272256
v -0.02441870 -0.02984376 -0.00275616
v -0.02338024 -0.02653078 0.00748482
v -0.02446044 -0.02740333 0.00237717
v -0.02444140 -0.02738478 -0.00268504
v -0.02333984 -0.02649122 -0.00761012
v -0.02326171 -0.02779835 -0.00777698
v -0.02448889 -0.02620607 0.00216753
v -0.02446093 -0.02614210 -0.00260100
v -0.02344250 -0.02525685 -0.00736977
v -0.02145825 -0.02338234 -0.01197410
v -0.02127807 -0.02482228 -0.01223043
v -0.02447436 -0.02493165 -0.00252703
v -0.02353967 -0.02401076 -0.00708261
v -0.02518981 -0.02446828 -0.00259013
v -0.02435498 -0.02350490 -0.00719061
v -0.02648828 -0.02443898 -0.00275234
v -0.02562695 -0.02338429 -0.00752653
v -0.02397021 -0.02132814 -0.01218219
v -0.02222936 -0.01838527 -0.01628802
v -0.02259716 -0.02155031 -0.01183716
v -0.02537097 -0.02114406 -0.01244345
v -0.02386743 -0.01827492 -0.01640395
v -0.02405029 -0.01472316 -0.01965467
v -0.02232629 -0.01459816 -0.01976624
v -0.02551733 -0.01816066 -0.01650989
v -0.02581872 -0.01477345 -0.01958879
v -0.02709753 -0.01029347 -0.02224123
v -0.02559973 -0.01020802 -0.02232106
v -0.02737475 -0.01813869 -0.01653545
v -0.02759155 -0.01477589 -0.01957335
v -0.02854186 -0.01031007 -0.02220862
v -0.02946960 -0.00502736 -0.02402475
v -0.02811230 -0.00498292 -0.02403739
v -0.02933837 -0.01474220 -0.01960666
v -0.03015405 -0.01034083 -0.02220130
v -0.03095080 -0.00506300 -0.02402423
v -0.03117285 0.00075780 -0.02455772
v -0.02972680 0.00077001 -0.02455896
v -0.03173608 -0.01032472 -0.02224007
v -0.03236621 -0.00507081 -0.02402773
v -0.03257092 0.00073387 -0.02456370
v -0.03208642 0.00680174 -0.02359130
v -0.03415722 -0.00508400 -0.02402372
v -0.03434167 0.00068700 -0.02456422
v -0.03393725 0.00667577 -0.02363550
v -0.03314453 0.01222801 -0.02124813
v -0.03588415 0.00651366 -0.02366341
v -0.03535107 0.01198534 -0.02140389
v -0.03495861 0.01630907 -0.01832314
v -0.03811596 0.01168797 -0.02160661
v -0.03781457 0.01608739 -0.01854141
v -0.03789135 0.01954393 -0.01487013
v -0.04094799 0.01580809 -0.01874936
v -0.04103222 0.01941698 -0.01501449
v -0.04126123 0.02226512 -0.01033671
v -0.03821533 0.02229491 -0.01027230
v -0.04445434 0.01930077 -0.01520167
v -0.04455847 0.02224852 -0.01039610
v -0.04462853 0.02411083 -0.00472111
v -0.04142333 0.02410106 -0.00477084
v -0.04799584 0.02225487 -0.01045501
v -0.04799584 0.02416454 -0.00467731
v -0.04799584 0.02453807 0.00163409
v -0.04463439 0.02451366 0.00148706
v -0.04799597 0.01961620 -0.00375790
v -0.04799584 0.01973680 0.00151605
v -0.04799584 0.01850292 0.00661468
v -0.04799584 0.02334227 0.00775054
v -0.04799584 0.01509618 -0.00301652
v -0.04799584 0.01521336 0.00141754
v -0.04799584 0.01399803 0.00562477
v -0.04799584 0.01199706 0.00945612
v -0.04799584 0.01628563 0.01109190
v -0.04799584 0.01081102 0.00119347
v -0.04799584 0.00962743 0.00461454
v -0.04799584 0.00775975 0.00790250
v -0.04799584 0.00530858 0.01093479
v -0.04799584 0.00924266 0.01270167
v -0.04799584 0.00556786 0.00363163
v -0.04799584 0.00395165 0.00652017
v -0.04799584 0.00169286 0.00940872
v -0.04799584 -0.00103712 0.01237093
v -0.04799584 0.00241210 0.01384862
v -0.04799584 0.00032860 0.00516668
v -0.04799584 -0.00162160 0.00790008
v -0.04799584 -0.00428419 0.01084191
v -0.04799584 -0.00724953 0.01398904
v -0.04799584 -0.00392384 0.01556165
v -0.04799584 -0.00483888 0.00633357
v -0.04799584 -0.00734083 0.00912400
v -0.04799584 -0.01031251 0.01204774
v -0.04799584 -0.01333009 0.01502969
v -0.04799584 -0.01009669 0.01731965
v -0.04799584 -0.01013380 0.00719358
v -0.04799584 -0.01307667 0.00974568
v -0.04799584 -0.01616359 0.01224015
v -0.04799584 -0.01950783 0.01496528
v -0.04799584 -0.01642677 0.01829099
v -0.04799584 -0.01848781 0.00899101
v -0.04799584 -0.02200392 0.01097426
v -0.04465771 -0.02188576 0.01112660
v -0.04799584 -0.02374806 0.00636841
v -0.04472680 -0.02367628 0.00651570
v -0.04475939 -0.02452052 0.00145500
v -0.04167431 -0.02450734 0.00157606
v -0.04160656 -0.02363283 0.00665312
v -0.04799584 -0.02454738 0.00132443
v -0.04799584 -0.02430080 -0.00371444
v -0.04473376 -0.02428126 -0.00366975
v -0.04799584 -0.02014357 0.00510626
v -0.04799584 -0.02075001 0.00092527
v -0.04799584 -0.02031300 -0.00309788
v -0.04799584 -0.01909132 -0.00700880
v -0.04799584 -0.02306251 -0.00851414
v -0.04799584 -0.01661622 -0.00219887
v -0.04799584 -0.01538771 -0.00542514
v -0.04799584 -0.01367091 -0.00846054
v -0.04799584 -0.01717238 -0.01066485
v -0.04799584 -0.01305519 -0.00100131
v -0.04799584 -0.01182619 -0.00371496
v -0.04799584 -0.01029201 -0.00628483
v -0.04799584 -0.00831935 -0.00865024
v -0.04799584 -0.01138869 -0.01115116
v -0.04799584 -0.00712990 -0.00424914
v -0.04799584 -0.00540822 -0.00631493
v -0.04799584 -0.00320412 -0.00805237
v -0.04799584 -0.00590919 -0.01060985
v -0.04799584 -0.00395900 -0.00247766
v -0.04799584 -0.00281251 -0.00443851
v -0.04799584 -0.00508107 -0.00022774
v -0.04799584 -0.00175343 0.00126937
v -0.04799584 -0.00071876 -0.00103609
v -0.04799584 -0.00843068 -0.00193382
v -0.04799584 0.00177342 0.00252329
v -0.04799584 0.00278758 -0.00002830
v -0.04799584 0.00659911 0.00076719
v -0.04799584 0.00668163 -0.00229436
v -0.04799584 0.01084520 -0.00249624
v -0.04799584 0.00974413 -0.00621188
v -0.04799584 0.00597508 -0.00535288
v -0.04799584 0.00322655 -0.00237928
v -0.04799584 0.00777538 -0.00932493
v -0.04799584 0.00433153 -0.00813746
v -0.04799584 0.00529686 -0.01190819
v -0.04799584 0.00217967 -0.01059705
v -0.04799584 -0.00062892 -0.00941923
v -0.04799584 -0.00024122 -0.01311133
v -0.04799584 -0.00308009 -0.01203946
v -0.04799584 -0.00243947 -0.01622437
v -0.04799584 -0.00556300 -0.01513164
v -0.04799584 -0.00861818 -0.01342698
v -0.04799584 -0.00783302 -0.01866922
v -0.04799584 -0.01138527 -0.01662019
v -0.04799584 -0.01456251 -0.01392345
v -0.04799584 -0.01417335 -0.02009490
v -0.04799584 -0.01785402 -0.01690718
v -0.04799584 -0.02085939 -0.01301481
v -0.04457360 -0.02079787 -0.01306567
v -0.04466271 -0.02300343 -0.00857650
v -0.04147375 -0.02296583 -0.00857362
v -0.04163183 -0.02425734 -0.00360786
v -0.03885034 -0.02430910 -0.00354570
v -0.03890466 -0.02451857 0.00168421
v -0.03639965 -0.02430568 -0.00346427
v -0.03644909 -0.02450636 0.00178061
v -0.03875390 -0.02360451 0.00678427
v -0.03618749 -0.02356398 0.00688670
v -0.03849597 -0.02172511 0.01142547
v -0.04145727 -0.02180226 0.01127927
v -0.03581665 -0.02166115 0.01155191
v -0.03823925 -0.01924415 0.01525188
v -0.04127014 -0.01931544 0.01514214
v -0.04118176 -0.01639015 0.01822715
v -0.04453527 -0.01641701 0.01826236
v -0.04457836 -0.01940822 0.01505393
v -0.04125744 -0.01292970 0.02083254
v -0.04457006 -0.01289796 0.02089641
v -0.04799584 -0.01281642 0.02098094
v -0.04463598 -0.00882423 0.02291110
v -0.04799584 -0.00873732 0.02298561
v -0.04799584 -0.00653029 0.01910330
v -0.04799584 -0.00440773 0.02420128
v -0.04799584 -0.00283302 0.02029699
v -0.04799584 -0.00048048 0.01685490
v -0.04799584 0.00597167 0.01553417
v -0.04799584 0.00957811 0.01776767
v -0.04799584 0.01321190 0.01483701
v -0.04799584 0.01318846 0.02076153
v -0.04799584 0.01734178 0.01746745
v -0.04799584 0.02082665 0.01308054
v -0.04443615 0.01765917 0.01707383
v -0.04447741 0.02095262 0.01280824
v -0.04457397 0.02337450 0.00753769
v -0.04110058 0.02106737 0.01253881
v -0.04132324 0.02342040 0.00731674
v -0.04145458 0.02450438 0.00133576
v -0.03842114 0.02351170 0.00711569
v -0.03860314 0.02454198 0.00119866
v -0.03850781 0.02409471 -0.00480051
v -0.03608251 0.02453612 0.00106964
v -0.03591686 0.02408446 -0.00481259
v -0.03545227 0.02230321 -0.01019032
v -0.03394445 0.02409862 -0.00481353
v -0.03337048 0.02235545 -0.01012404
v -0.03503735 0.01962889 -0.01474029
v -0.03265209 0.01972704 -0.01459981
v -0.03147888 0.02239305 -0.01001673
v -0.03062268 0.01983055 -0.01447443
v -0.03034143 0.01669139 -0.01800460
v -0.03245605 0.01649461 -0.01816370
v -0.02845263 0.01687547 -0.01783089
v -0.02931103 0.01270799 -0.02095291
v -0.03109606 0.01249608 -0.02111434
v -0.02753259 0.01293456 -0.02081207
v -0.02906335 0.00694432 -0.02351498
v -0.03054345 0.00688524 -0.02353902
v -0.02765429 0.00697362 -0.02352632
v -0.02837927 0.00076463 -0.02456613
v -0.02715173 0.00075292 -0.02456846
v -0.02682116 -0.00492433 -0.02406285
v -0.02574938 0.00073045 -0.02457226
v -0.02546447 -0.00481740 -0.02410237
v -0.02412463 -0.01004103 -0.02243224
v -0.02413439 -0.00471779 -0.02415696
v -0.02261852 -0.00984132 -0.02255340
v -0.02406665 -0.00502199 -0.02543734
v -0.02221118 -0.01049122 -0.02391497
v -0.02065795 -0.01441456 -0.01992278
v -0.02457470 0.00064794 -0.02588070
v -0.02457580 0.00057420 -0.02718079
v -0.02397900 -0.00534230 -0.02676602
v -0.02457250 0.00072460 -0.02469225
v -0.02356042 0.00706200 -0.02355619
v -0.02358227 0.00687108 -0.02498042
v -0.02481201 0.00691405 -0.02357794
v -0.02631018 0.00695311 -0.02354467
v -0.02402404 0.01327196 -0.02065832
v -0.02269689 0.01769823 -0.01703781
v -0.02580248 0.01310155 -0.02074790
v -0.02453234 0.01729686 -0.01742938
v -0.02527539 0.02026463 -0.01383407
v -0.02639672 0.01708446 -0.01763559
v -0.02695922 0.02005028 -0.01410153
v -0.02824951 0.02250292 -0.00972304
v -0.02674999 0.02262596 -0.00950467
v -0.02885949 0.01990770 -0.01431586
v -0.02986572 0.02242137 -0.00989609
v -0.03070654 0.02409276 -0.00475555
v -0.02922888 0.02410399 -0.00469705
v -0.03222619 0.02409813 -0.00479124
v -0.03248754 0.02456249 0.00085566
v -0.03100976 0.02456053 0.00075884
v -0.03417321 0.02455467 0.00095709
v -0.03387915 0.02362987 0.00672790
v -0.03209277 0.02367137 0.00653328
v -0.03582189 0.02355858 0.00691348
v -0.03534924 0.02131932 0.01213493
v -0.03807495 0.02122801 0.01234110
v -0.03783447 0.01814940 0.01652230
v -0.03501684 0.01830126 0.01633651
v -0.04098767 0.01791893 0.01674281
v -0.04112878 0.01416991 0.02004564
v -0.03796874 0.01455174 0.01977974
v -0.04450732 0.01372362 0.02037264
v -0.04460266 0.00922508 0.02276124
v -0.04135119 0.00976610 0.02251822
v -0.04150500 0.00501122 0.02404338
v -0.03860852 0.00538719 0.02395838
v -0.03831018 0.01019432 0.02233278
v -0.04466943 0.00454442 0.02414102
v -0.04470251 0.00002489 0.02456355
v -0.04157348 0.00026659 0.02455087
v -0.04799584 0.00858934 0.02304081
v -0.04154370 -0.00436867 0.02414652
v -0.03872949 -0.00429103 0.02419037
v -0.03877807 0.00048045 0.02457332
v -0.04468774 -0.00441652 0.02415818
v -0.04142089 -0.00885499 0.02286861
v -0.03852978 -0.00885841 0.02290428
v -0.03830053 -0.01297658 0.02084327
v -0.03596911 -0.00881691 0.02290624
v -0.03622875 -0.00418507 0.02419501
v -0.03435681 -0.00408497 0.02422260
v -0.03627563 0.00066112 0.02456169
v -0.03442565 0.00079979 0.02456654
v -0.03598876 0.00565721 0.02387483
v -0.03407763 0.00584081 0.02384771
v -0.03554663 0.01050585 0.02216157
v -0.03344433 0.01074608 0.02206165
v -0.03512817 0.01484667 0.01955521
v -0.03271728 0.01504198 0.01941492
v -0.03258398 0.01846092 0.01615297
v -0.03059826 0.01520458 0.01928227
v -0.03053613 0.01858299 0.01601117
v -0.03128979 0.02151854 0.01179752
v -0.03322131 0.02140526 0.01196687
v -0.02966552 0.02160301 0.01161711
v -0.03062463 0.02370702 0.00633988
v -0.02917468 0.02376268 0.00612332
v -0.02956372 0.02456737 0.00065941
v -0.02781530 0.02384129 0.00586644
v -0.02823327 0.02457811 0.00055923
v -0.02785168 0.02412108 -0.00461395
v -0.02693505 0.02458885 0.00045122
v -0.02652258 0.02415965 -0.00449100
v -0.02536535 0.02274510 -0.00925543
v -0.02512487 0.02419725 -0.00433532
v -0.02386291 0.02292723 -0.00884391
v -0.02357604 0.02056737 -0.01342203
v -0.02199121 0.02094188 -0.01286742
v -0.02290783 0.02370946 -0.00885271
v -0.02086791 0.02214501 -0.01295284
v -0.02419140 0.02471629 -0.00433762
v -0.02414636 0.02595506 -0.00455668
v -0.02269995 0.02514891 -0.00928081
v -0.02408178 0.02723241 -0.00479067
v -0.02255944 0.02648094 -0.00959708
v -0.02401940 0.02852245 -0.00500268
v -0.02242028 0.02783299 -0.00989495
v -0.02015002 0.02546922 -0.01398790
v -0.01993041 0.02694969 -0.01426284
v -0.01984460 0.02841942 -0.01440530
v -0.01703015 0.02656639 -0.01767834
v -0.01301794 0.02722215 -0.02080679
v -0.01294775 0.02571385 -0.02085707
v -0.01689562 0.02813866 -0.01781973
v -0.01298937 0.02871141 -0.02082488
v -0.00801721 0.02964208 -0.02318739
v -0.00798974 0.02823241 -0.02319926
v -0.01682580 0.02963475 -0.01789389
v -0.01294909 0.03021288 -0.02085499
v -0.00800390 0.03106102 -0.02320389
v -0.00260498 0.03153465 -0.02442313
v -0.00268469 0.03011522 -0.02440925
v -0.01287585 0.03185350 -0.02091249
v -0.00796667 0.03253075 -0.02322817
v -0.00251281 0.03286815 -0.02443822
v 0.00310157 0.03280956 -0.02437130
v 0.00292981 0.03142430 -0.02438078
v -0.00788928 0.03428368 -0.02322906
v -0.00239306 0.03461815 -0.02444067
v 0.00330152 0.03453221 -0.02432671
v 0.00881812 0.03407372 -0.02292125
v 0.00862049 0.03228172 -0.02300912
v -0.00223876 0.03647850 -0.02444451
v 0.00349378 0.03640721 -0.02427506
v 0.00897364 0.03608153 -0.02284389
v 0.01377991 0.03571483 -0.02032856
v 0.00370826 0.03885057 -0.02426148
v 0.00916053 0.03862792 -0.02278471
v 0.01388782 0.03834960 -0.02025299
v 0.01772889 0.03825731 -0.01696608
v 0.01765491 0.03559374 -0.01706992
v 0.00931775 0.04146434 -0.02269112
v 0.01398853 0.04128807 -0.02014113
v 0.01783899 0.04125975 -0.01683313
v 0.01413575 0.04459032 -0.02008697
v 0.01800574 0.04457128 -0.01669983
v 0.02102454 0.04136131 -0.01268036
v 0.02092579 0.03845751 -0.01283839
v 0.02330958 0.03869481 -0.00774370
v 0.02327088 0.03619335 -0.00783296
v 0.02083875 0.03587596 -0.01295170
v 0.02325940 0.03423778 -0.00788569
v 0.02078419 0.03366503 -0.01302289
v 0.01757593 0.03328368 -0.01715372
v 0.01367762 0.03348973 -0.02038889
v 0.02075599 0.03181297 -0.01308519
v 0.01752918 0.03131883 -0.01720966
v 0.01360267 0.03156835 -0.02043730
v 0.01745264 0.02962938 -0.01729206
v 0.01349134 0.03005663 -0.02049788
v 0.00843274 0.03088622 -0.02305782
v 0.00821473 0.02946581 -0.02311850
v 0.00275818 0.03009276 -0.02439220
v 0.00797608 0.02819628 -0.02320402
v 0.00257667 0.02884178 -0.02441607
v -0.00274914 0.02884227 -0.02441310
v 0.00237000 0.02757909 -0.02444464
v -0.00279296 0.02752782 -0.02441948
v -0.00793041 0.02683690 -0.02322373
v -0.00280432 0.02627049 -0.02443001
v -0.00783239 0.02547313 -0.02326029
v -0.00277502 0.02498143 -0.02444408
v -0.00762963 0.02399071 -0.02334923
v -0.00294409 0.02443016 -0.02523147
v -0.00782409 0.02328514 -0.02423261
v -0.01223547 0.02208202 -0.02130412
v -0.01245556 0.02115379 -0.02247717
v -0.00825524 0.02312010 -0.02564272
v -0.01298706 0.02080174 -0.02401582
v -0.01704943 0.01763426 -0.02297549
v -0.01335241 0.02056395 -0.02551833
v -0.01732434 0.01735497 -0.02467905
v -0.02071496 0.01320018 -0.02418579
v -0.02049645 0.01355809 -0.02226959
v -0.02081091 0.01304149 -0.02595604
v -0.02357287 0.00685008 -0.02639325
v -0.02357824 0.00683006 -0.02771029
v -0.02457507 0.00049364 -0.02841570
v -0.02358605 0.00679442 -0.02914865
v -0.02456933 0.00042040 -0.02974679
v -0.02389965 -0.00559669 -0.02803887
v -0.02383447 -0.00580275 -0.02936741
v -0.02143676 -0.01183693 -0.02823851
v -0.02158605 -0.01160499 -0.02681373
v -0.02139672 -0.01194874 -0.02977062
v -0.01779370 -0.01692091 -0.02892698
v -0.01774902 -0.01694191 -0.02728531
v -0.01310974 -0.02074708 -0.02780217
v -0.01328076 -0.02064406 -0.02943331
v -0.00765502 -0.02331056 -0.02891361
v -0.00739746 -0.02340187 -0.02747082
v -0.00220385 -0.02445412 -0.02948921
v -0.00212744 -0.02446876 -0.02810090
v -0.00706884 -0.02350880 -0.02608867
v -0.00198156 -0.02448976 -0.02675909
v -0.00659741 -0.02366164 -0.02457629
v -0.01137158 -0.02180421 -0.02287985
v -0.00185925 -0.02449806 -0.02528030
v -0.00640331 -0.02441896 -0.02372861
v -0.01108727 -0.02286915 -0.02196201
v -0.00656628 -0.02585548 -0.02367408
v -0.00182360 -0.02511818 -0.02450222
v -0.00186498 -0.02656203 -0.02449739
v -0.00192651 -0.02790822 -0.02448311
v 0.00272584 -0.02787013 -0.02442358
v -0.00196044 -0.02934230 -0.02447907
v 0.00278663 -0.02929249 -0.02440767
v -0.00197534 -0.03080372 -0.02447384
v 0.00283924 -0.03077785 -0.02439248
v -0.00196643 -0.03229347 -0.02448155
v -0.00679174 -0.03189015 -0.02360676
v 0.00287037 -0.03226222 -0.02438951
v -0.00195800 -0.03405128 -0.02448314
v -0.00678503 -0.03372755 -0.02360403
v -0.01131750 -0.03314747 -0.02181128
v -0.00673315 -0.03572023 -0.02359871
v -0.01119592 -0.03531789 -0.02185808
v -0.01499890 -0.03500343 -0.01943030
v -0.01103527 -0.03806447 -0.02195126
v -0.01481469 -0.03783400 -0.01958578
v -0.01455212 -0.04096632 -0.01973290
v -0.01780383 -0.04098878 -0.01689384
v -0.01761108 -0.04442921 -0.01712615
v -0.02064440 -0.04452345 -0.01329094
v -0.02058227 -0.04799708 -0.01347555
v -0.02303649 -0.04799708 -0.00858377
v -0.02304357 -0.04463283 -0.00847579
v -0.01849548 -0.04799708 -0.00770743
v -0.01935070 -0.04799708 -0.00284009
v -0.02442126 -0.04799708 -0.00289339
v -0.01457177 -0.04799708 -0.00337974
v -0.01409826 -0.04799708 0.00075472
v -0.01907690 -0.04799708 0.00221601
v -0.00928137 -0.04799708 -0.00121700
v -0.00797827 -0.04799708 0.00200288
v -0.00385131 -0.04799708 -0.00061742
v -0.00198779 -0.04799708 0.00184188
v 0.00129090 -0.04799708 -0.00089159
v 0.00338233 -0.04799708 0.00114765
v 0.00422315 -0.04799708 -0.00349876
v 0.00595740 -0.04799708 -0.00162396
v 0.00814441 -0.04799708 0.00014696
v 0.01092066 -0.04799708 0.00177221
v 0.01480518 -0.04799708 0.00330168
v 0.01913575 -0.04799708 0.00470030
v 0.02006641 -0.04799708 0.00040083
v 0.02457972 -0.04799708 0.00081249
v 0.02382032 -0.04799708 0.00610503
v 0.02199036 -0.04799708 0.01101804
v 0.02454712 -0.04466603 0.00085856
v 0.02376868 -0.04464650 0.00621124
v 0.02187769 -0.04457716 0.01115444
v 0.02373877 -0.04145216 0.00628769
v 0.02180018 -0.04129982 0.01129881
v 0.01899573 -0.04110060 0.01555614
v 0.02174109 -0.03826857 0.01141295
v 0.01888794 -0.03796486 0.01569189
v 0.01554078 -0.03793947 0.01902419
v 0.01877894 -0.03515529 0.01581756
v 0.01537537 -0.03515187 0.01916430
v 0.01106214 -0.03551759 0.02192736
v 0.01518616 -0.03276027 0.01929785
v 0.01085474 -0.03345705 0.02203821
v 0.00561402 -0.03407716 0.02388967
v 0.01062403 -0.03151808 0.02215485
v 0.00537012 -0.03228859 0.02396242
v -0.00048290 -0.03258302 0.02456994
v 0.00515565 -0.03084523 0.02400807
v -0.00062963 -0.03120119 0.02455851
v -0.00675183 -0.03072072 0.02360952
v -0.00076696 -0.02979005 0.02455877
v -0.00684057 -0.02926613 0.02357092
v -0.01279577 -0.02788185 0.02094424
v -0.01739074 -0.02699660 0.01734287
v -0.00686975 -0.02789894 0.02356477
v -0.01288134 -0.02632765 0.02089422
v -0.01756579 -0.02521046 0.01714089
v -0.02089977 -0.02633497 0.01282475
v -0.01292590 -0.02469484 0.02087574
v -0.01780749 -0.02350441 0.01689477
v -0.02115368 -0.02485841 0.01245094
v -0.02147290 -0.02333693 0.01195345
v -0.02351245 -0.02531447 0.00710999
v -0.02364331 -0.02413185 0.00669830
v -0.02450134 -0.02498683 0.00201997
v -0.02451269 -0.02364943 0.00665774
v -0.02524926 -0.02450587 0.00197195
v -0.02583959 -0.02358156 0.00682705
v -0.02654553 -0.02450392 0.00198293
v -0.02704833 -0.02355470 0.00691332
v -0.02769677 -0.02449806 0.00199720
v -0.02763830 -0.02441115 -0.00288831
v -0.02684497 -0.02326857 -0.00778557
v -0.02892517 -0.02449269 0.00200147
v -0.02884716 -0.02438527 -0.00301989
v -0.02810351 -0.02318410 -0.00797661
v -0.02678051 -0.02099611 -0.01264103
v -0.02939807 -0.02311867 -0.00813515
v -0.02827673 -0.02090871 -0.01276746
v -0.02983801 -0.02086867 -0.01285853
v -0.02902343 -0.01808644 -0.01659065
v -0.03089514 -0.01802345 -0.01666039
v -0.03101867 -0.01472267 -0.01964236
v -0.03290441 -0.01797414 -0.01670986
v -0.03307629 -0.01466847 -0.01966774
v -0.03365942 -0.01029933 -0.02226794
v -0.03541674 -0.01462062 -0.01970944
v -0.03574670 -0.01023390 -0.02228426
v -0.03607153 -0.00507960 -0.02401018
v -0.03618249 0.00062694 -0.02455424
v -0.03843908 -0.01016994 -0.02233996
v -0.03865881 -0.00508595 -0.02402673
v -0.03872228 0.00052782 -0.02456828
v -0.03849743 0.00630126 -0.02373161
v -0.04153271 0.00038231 -0.02455348
v -0.04140209 0.00601805 -0.02377259
v -0.04114904 0.01134422 -0.02177930
v -0.04462109 0.00568309 -0.02388750
v -0.04451660 0.01095262 -0.02198913
v -0.04443322 0.01554540 -0.01904169
v -0.04799584 0.01049754 -0.02223227
v -0.04799584 0.01521727 -0.01932447
v -0.04799584 0.01918358 -0.01540893
v -0.04799584 0.01209422 -0.01635248
v -0.04799584 0.01549901 -0.01297577
v -0.04799584 0.01794725 -0.00869780
v -0.04799584 0.01152782 -0.01086735
v -0.04799584 0.01370897 -0.00728071
v -0.04799584 0.00864696 -0.01375766
v -0.04799584 0.00795897 -0.01872356
v -0.04799584 0.00528270 -0.02402208
v -0.04468225 0.00020848 -0.02455441
v -0.04799584 0.00000194 -0.02461454
v -0.04468835 -0.00509132 -0.02403468
v -0.04799584 -0.00508790 -0.02406918
v -0.04799584 -0.00402931 -0.01999688
v -0.04799584 -0.00987697 -0.02252332
v -0.04464721 -0.00998439 -0.02242658
v -0.04457019 -0.01430177 -0.01995938
v -0.04143530 -0.01008205 -0.02237736
v -0.04126965 -0.01442238 -0.01986402
v -0.04452648 -0.01786525 -0.01684482
v -0.04117382 -0.01787453 -0.01678652
v -0.03818456 -0.01453029 -0.01978666
v -0.03810546 -0.01791017 -0.01677143
v -0.03830908 -0.02077687 -0.01309104
v -0.04126733 -0.02075246 -0.01307355
v -0.03565100 -0.02077443 -0.01307075
v -0.03608190 -0.02301662 -0.00851202
v -0.03860400 -0.02301076 -0.00855878
v -0.03409313 -0.02304494 -0.00845547
v -0.03453112 -0.02433351 -0.00339190
v -0.03280737 -0.02435402 -0.00331213
v -0.03459521 -0.02450392 0.00185420
v -0.03285375 -0.02450294 0.00190316
v -0.03425268 -0.02355031 0.00696330
v -0.03247460 -0.02354787 0.00699239
v -0.03368420 -0.02160646 0.01161862
v -0.03175109 -0.02159328 0.01164629
v -0.03311291 -0.01910109 0.01542604
v -0.03549841 -0.01916408 0.01535154
v -0.03110034 -0.01904298 0.01548789
v -0.03298022 -0.01636915 0.01826848
v -0.03540869 -0.01638576 0.01825727
v -0.03339489 -0.01297218 0.02083247
v -0.03563195 -0.01298927 0.02082194
v -0.03814001 -0.01640285 0.01824841
v -0.03148071 -0.01293507 0.02085117
v -0.03211779 -0.00866066 0.02296632
v -0.03396350 -0.00875783 0.02293210
v -0.03062878 -0.00856349 0.02297496
v -0.03119995 -0.00386134 0.02424313
v -0.03260400 -0.00396632 0.02424102
v -0.03268127 0.00090868 0.02456226
v -0.03128857 0.00098241 0.02455737
v -0.03226562 0.00595555 0.02382014
v -0.03081079 0.00602245 0.02378820
v -0.03145495 0.01088133 0.02197617
v -0.02980883 0.01097801 0.02191501
v -0.02876904 0.01534325 0.01916841
v -0.02815685 0.01104344 0.02187939
v -0.02701574 0.01546483 0.01905460
v -0.02874047 0.01869725 0.01588863
v -0.02684143 0.01879979 0.01575855
v -0.02510436 0.01549852 0.01904421
v -0.02511633 0.01892284 0.01562221
v -0.02658593 0.02187987 0.01111211
v -0.02804504 0.02170458 0.01141216
v -0.02509973 0.02207079 0.01077120
v -0.02652185 0.02393456 0.00557478
v -0.02357043 0.02229247 0.01036913
v -0.02513500 0.02404393 0.00519512
v -0.02556848 0.02459764 0.00034053
v -0.02410534 0.02437694 0.00489227
v -0.02459826 0.02495116 0.00023402
v -0.02408618 0.02566356 0.00495084
v -0.02459765 0.02614696 0.00014979
v -0.02405920 0.02702489 0.00503292
v -0.02459216 0.02746874 0.00005723
v -0.02404797 0.02833934 0.00504023
v -0.02458764 0.02874901 -0.00002898
v -0.02404345 0.02969432 0.00501413
v -0.02457873 0.03004930 -0.00011736
v -0.02397888 0.02979784 -0.00515900
v -0.02457507 0.03141161 -0.00021962
v -0.02395971 0.03120848 -0.00531251
v -0.02230749 0.03060741 -0.01017419
v -0.02235913 0.02915526 -0.01001725
v -0.02227355 0.03205809 -0.01029020
v -0.01974926 0.03151903 -0.01455279
v -0.01980041 0.02993114 -0.01449021
v -0.01674938 0.03134081 -0.01794383
v -0.01968749 0.03342333 -0.01463587
v -0.01670593 0.03329295 -0.01800635
v -0.01280871 0.03370946 -0.02095181
v -0.01665039 0.03565770 -0.01806470
v -0.01270043 0.03593846 -0.02102412
v -0.00777709 0.03629100 -0.02325673
v -0.01254052 0.03849901 -0.02111757
v -0.00761132 0.03876073 -0.02332837
v -0.00204418 0.03890819 -0.02446649
v -0.00739123 0.04160106 -0.02336117
v -0.00181286 0.04169432 -0.02447403
v 0.00393104 0.04163768 -0.02421365
v -0.00154589 0.04476952 -0.02451066
v 0.00416761 0.04474657 -0.02420874
v 0.00949207 0.04467088 -0.02264975
v 0.00440076 0.04800292 -0.02420180
v 0.00965345 0.04800292 -0.02263241
v 0.01428028 0.04800292 -0.02002070
v 0.01819141 0.04800292 -0.01654258
v 0.00785889 0.04800292 -0.01796714
v 0.01169996 0.04800292 -0.01578308
v 0.01498475 0.04800292 -0.01297449
v 0.01763733 0.04800292 -0.00950037
v 0.02134546 0.04800292 -0.01221605
v 0.00929334 0.04800292 -0.01162965
v 0.01207789 0.04800292 -0.00938460
v 0.00707618 0.04800292 -0.00733347
v 0.00953126 0.04800292 -0.00555961
v 0.01440040 0.04800292 -0.00672195
v 0.00523035 0.04800292 -0.00324076
v 0.00773279 0.04800292 -0.00181928
v 0.00376526 0.04800292 0.00076448
v 0.00645228 0.04800292 0.00180281
v 0.00931153 0.04800292 0.00253375
v 0.01249585 0.04800292 0.00305433
v 0.00855506 0.04800292 0.00603518
v 0.01180640 0.04800292 0.00634971
v 0.01540259 0.04800292 0.00676510
v 0.01627222 0.04800292 0.00334334
v 0.01916480 0.04800292 0.00758647
v 0.02019105 0.04800292 0.00353803
v 0.02038807 0.04800292 -0.00083546
v 0.01953309 0.04800292 -0.00535596
v 0.02430066 0.04800292 0.00376447
v 0.02453980 0.04800292 -0.00162259
v 0.02356434 0.04800292 -0.00712572
v 0.02449549 0.04470458 -0.00184389
v 0.02344324 0.04468993 -0.00739465
v 0.02448279 0.04157909 -0.00201439
v 0.02333265 0.04151561 -0.00760223
v 0.02118226 0.04463036 -0.01247037
v 0.02425391 0.04147801 0.00352391
v 0.02429432 0.03864989 0.00345970
v 0.02449854 0.03880028 -0.00212633
v 0.02448926 0.03633153 -0.00218984
v 0.02428101 0.03612352 0.00341828
v 0.02449061 0.03446581 -0.00221910
v 0.02430994 0.03421629 0.00340220
v 0.02448939 0.03269920 -0.00221904
v 0.02326124 0.03243456 -0.00788285
v 0.02448279 0.03129784 -0.00221108
v 0.02326563 0.03087743 -0.00785159
v 0.02075611 0.03014794 -0.01310750
v 0.02328296 0.02941698 -0.00779005
v 0.02077784 0.02857518 -0.01307610
v 0.01737366 0.02808299 -0.01735482
v 0.01339417 0.02855614 -0.02053733
v 0.02080799 0.02708006 -0.01303477
v 0.01732654 0.02658983 -0.01738184
v 0.01316639 0.02717088 -0.02066316
v 0.01285901 0.02585790 -0.02087328
v 0.00765870 0.02697069 -0.02331808
v 0.00726539 0.02573534 -0.02344524
v 0.00212354 0.02634276 -0.02447384
v 0.00677076 0.02442088 -0.02361253
v 0.00188245 0.02507176 -0.02449654
v 0.00644886 0.02371971 -0.02441444
v 0.00174805 0.02451073 -0.02528322
v 0.00652540 0.02369628 -0.02585389
v 0.00168274 0.02451268 -0.02668976
v -0.00324072 0.02437499 -0.02658762
v 0.00160401 0.02451708 -0.02799698
v -0.00349328 0.02432372 -0.02788496
v -0.00859179 0.02299266 -0.02697234
v -0.00371337 0.02427684 -0.02924354
v -0.00890466 0.02286864 -0.02836824
v -0.01364318 0.02035155 -0.02710455
v -0.01385217 0.02023534 -0.02882791
v -0.01749133 0.01720213 -0.02649977
v -0.01768322 0.01704491 -0.02849677
v -0.02089282 0.01288426 -0.02765852
v -0.02100195 0.01269188 -0.02941118
v -0.02360375 0.00673778 -0.03063925
v -0.02111242 0.01252879 -0.03117443
v -0.02363110 0.00665917 -0.03219695
v -0.02456982 0.00034667 -0.03117883
v -0.02457861 0.00025878 -0.03257052
v -0.02379809 -0.00595705 -0.03075005
v -0.02376708 -0.00609962 -0.03219699
v -0.02457910 0.00015526 -0.03431244
v -0.02372546 -0.00623341 -0.03398263
v -0.02134069 -0.01211232 -0.03330315
v -0.02135595 -0.01207277 -0.03137692
v -0.01784875 -0.01685597 -0.03277716
v -0.01783068 -0.01688039 -0.03074498
v -0.01343261 -0.02055617 -0.03108755
v -0.01349328 -0.02052150 -0.03309580
v -0.00799865 -0.02321290 -0.03194412
v -0.00785852 -0.02324660 -0.03046947
v -0.00812121 -0.02316408 -0.03379153
v -0.00229272 -0.02445705 -0.03246351
v -0.00225524 -0.02444874 -0.03096812
v 0.00338477 -0.02432423 -0.03230936
v 0.00327210 -0.02433351 -0.03080024
v 0.00314271 -0.02436037 -0.02938937
v 0.00839820 -0.02305324 -0.02863478
v 0.00807898 -0.02316847 -0.02722379
v 0.00299122 -0.02439064 -0.02801050
v 0.00767823 -0.02330177 -0.02586504
v 0.00279859 -0.02442042 -0.02665621
v 0.00712671 -0.02349708 -0.02440757
v 0.00262317 -0.02444777 -0.02523324
v 0.00690735 -0.02431691 -0.02356593
v 0.00257606 -0.02510011 -0.02445746
v 0.00709034 -0.02581593 -0.02349380
v 0.00265345 -0.02650001 -0.02444102
v 0.01122938 -0.02452199 -0.02185192
v 0.01138489 -0.02615871 -0.02174645
v 0.00721766 -0.02724757 -0.02345618
v 0.01150757 -0.02774513 -0.02166908
v 0.00732471 -0.02872218 -0.02341047
v 0.01160755 -0.02943165 -0.02161306
v 0.00742420 -0.03028761 -0.02337948
v 0.01167335 -0.03113380 -0.02161513
v 0.00748743 -0.03183693 -0.02338247
v 0.01172925 -0.03312208 -0.02160119
v 0.00754810 -0.03366749 -0.02336636
v 0.01174256 -0.03533595 -0.02159588
v 0.00758484 -0.03566701 -0.02333158
v 0.00290552 -0.03402833 -0.02438048
v 0.00294117 -0.03596583 -0.02435702
v -0.00192541 -0.03597267 -0.02447498
v 0.00761695 -0.03835499 -0.02334894
v 0.00297828 -0.03851417 -0.02436443
v -0.00188281 -0.03851466 -0.02448829
v -0.00664111 -0.03834181 -0.02363561
v -0.00181957 -0.04140040 -0.02447244
v -0.00651379 -0.04128908 -0.02364304
v -0.01078930 -0.04112111 -0.02202511
v -0.00638232 -0.04456691 -0.02370965
v -0.01053857 -0.04448976 -0.02218007
v -0.01426928 -0.04442091 -0.02000260
v -0.01023681 -0.04799708 -0.02235254
v -0.01387927 -0.04799708 -0.02031194
v -0.01737231 -0.04799708 -0.01743151
v -0.00868102 -0.04799708 -0.01918470
v -0.00624438 -0.04799708 -0.02377933
v -0.00528076 -0.04799708 -0.02029728
v -0.00453015 -0.04799708 -0.01696497
v -0.00755175 -0.04799708 -0.01596095
v -0.00397265 -0.04799708 -0.01374389
v -0.00697924 -0.04799708 -0.01267766
v -0.00340429 -0.04799708 -0.01072046
v -0.00660449 -0.04799708 -0.00942398
v -0.01004321 -0.04799708 -0.00823717
v -0.00609899 -0.04799708 -0.00628207
v -0.00992700 -0.04799708 -0.00468977
v -0.01415966 -0.04799708 -0.00749183
v -0.00266113 -0.04799708 -0.00795320
v -0.00167675 -0.04799708 -0.00547034
v -0.00520263 -0.04799708 -0.00333948
v 0.00139429 -0.04799708 -0.00755400
v 0.00268848 -0.04799708 -0.00551655
v -0.00037524 -0.04799708 -0.00310517
v 0.00552564 -0.04799708 -0.00806726
v 0.00695630 -0.04799708 -0.00616823
v 0.00973292 -0.04799708 -0.00888247
v 0.01114954 -0.04799708 -0.00692947
v 0.00843616 -0.04799708 -0.00429545
v 0.01418738 -0.04799708 -0.00921171
v 0.01248597 -0.04799708 -0.01147037
v 0.01733729 -0.04799708 -0.01120620
v 0.01901648 -0.04799708 -0.00792048
v 0.02069556 -0.04799708 -0.01330024
v 0.02278895 -0.04799708 -0.00929901
v 0.01999598 -0.04799708 -0.00403841
v 0.02419813 -0.04799708 -0.00445441
v 0.02415674 -0.04461867 -0.00445285
v 0.02272425 -0.04453175 -0.00933565
v 0.02413648 -0.04141994 -0.00448531
v 0.02454993 -0.04150392 0.00087587
v 0.02456531 -0.03866408 0.00087016
v 0.02373011 -0.03854494 0.00634896
v 0.02456141 -0.03616115 0.00084091
v 0.02372095 -0.03591164 0.00637397
v 0.02168653 -0.03552199 0.01151566
v 0.02373438 -0.03397658 0.00637283
v 0.02163685 -0.03337941 0.01157559
v 0.01870191 -0.03273244 0.01591450
v 0.02162269 -0.03140871 0.01160607
v 0.01862867 -0.03065529 0.01601736
v 0.01504297 -0.03070997 0.01941048
v 0.01851868 -0.02895656 0.01612319
v 0.01489490 -0.02908595 0.01948106
v 0.01042603 -0.02998341 0.02224860
v 0.01017029 -0.02845265 0.02236549
v 0.00493482 -0.02945949 0.02405135
v 0.00988404 -0.02708986 0.02249713
v 0.00471399 -0.02817091 0.02409830
v -0.00088122 -0.02849415 0.02455595
v 0.00449549 -0.02693165 0.02414200
v -0.00097582 -0.02724855 0.02455275
v -0.00686401 -0.02653761 0.02357227
v -0.00104626 -0.02596681 0.02455136
v -0.00680322 -0.02517726 0.02358916
v -0.00108398 -0.02483351 0.02454965
v -0.00669116 -0.02395607 0.02364358
v -0.01287756 -0.02311183 0.02091307
v -0.00116589 -0.02453956 0.02562743
v -0.00687121 -0.02358058 0.02464198
v -0.00709606 -0.02350880 0.02599259
v -0.01307031 -0.02074513 0.02373811
v -0.00126171 -0.02453175 0.02701033
v -0.00725048 -0.02345997 0.02735435
v -0.01311035 -0.02070997 0.02546510
v -0.01763378 -0.01704835 0.02430765
v -0.01309045 -0.02069386 0.02715588
v -0.01746569 -0.01723830 0.02614709
v -0.02060974 -0.01328908 0.02714979
v -0.02081579 -0.01299367 0.02551655
v -0.01733654 -0.01739699 0.02825987
v -0.02048290 -0.01348927 0.02895369
v -0.02290466 -0.00872511 0.03009338
v -0.02296154 -0.00858058 0.02860983
v -0.01722717 -0.01751710 0.03017198
v -0.02042040 -0.01360255 0.03074845
v -0.02289599 -0.00882765 0.03169344
v -0.02431188 -0.00355519 0.03238587
v -0.02431127 -0.00353517 0.03085307
v -0.02035473 -0.01368654 0.03278956
v -0.02287365 -0.00890773 0.03356905
v -0.02431115 -0.00355714 0.03413809
v -0.02449096 0.00195409 0.03427673
v -0.02450549 0.00185057 0.03250282
v -0.02284594 -0.00894435 0.03560902
v -0.02430053 -0.00352980 0.03604028
v -0.02447436 0.00205760 0.03614767
v -0.02337939 0.00741893 0.03588416
v -0.02343591 0.00728563 0.03390235
v -0.02432336 -0.00346828 0.03858940
v -0.02447485 0.00218797 0.03866678
v -0.02335168 0.00757176 0.03847704
v -0.02122399 0.01234129 0.03819365
v -0.02443530 0.00234715 0.04149873
v -0.02327062 0.00772167 0.04137119
v -0.02111389 0.01245213 0.04119063
v -0.01830310 0.01630565 0.04110512
v -0.01841650 0.01622020 0.03800673
v -0.02324487 0.00790233 0.04460777
v -0.02106884 0.01261473 0.04453581
v -0.01822167 0.01645751 0.04449957
v -0.01478588 0.01961278 0.04456670
v -0.01496923 0.01946141 0.04122846
v -0.02101330 0.01275975 0.04800079
v -0.01811523 0.01662108 0.04800079
v -0.01458019 0.01979588 0.04800079
v -0.01025720 0.02234715 0.04800079
v -0.01047424 0.02222020 0.04469402
v -0.01202563 0.01641844 0.04800079
v -0.00842956 0.01813768 0.04800079
v -0.00415393 0.01960643 0.04800079
v -0.00706274 0.01397753 0.04800079
v -0.00362084 0.01489403 0.04800079
v 0.00006141 0.01520848 0.04800079
v -0.00339306 0.01060741 0.04800079
v -0.00055773 0.01068700 0.04800079
v 0.00223316 0.01019676 0.04800079
v -0.00149584 0.00644579 0.04800079
v 0.00067701 0.00585155 0.04800079
v 0.00281629 0.00509764 0.04800079
v -0.00102502 0.00188573 0.04800079
v 0.00080213 0.00126073 0.04800079
v 0.00269459 0.00063182 0.04800079
v -0.00161352 -0.00315138 0.04800079
v 0.00041724 -0.00371339 0.04800079
v -0.00161108 -0.00872072 0.04800079
v 0.00091504 -0.00918654 0.04800079
v 0.00235145 -0.00403224 0.04800079
v 0.00456263 -0.00010890 0.04800079
v 0.00632789 -0.00122023 0.04800079
v 0.00699817 0.00278417 0.04800079
v 0.00497022 0.00413524 0.04800079
v 0.00879688 0.00081981 0.04800079
v 0.01185694 0.00295702 0.04800079
v 0.00994141 0.00561327 0.04800079
v 0.00755311 0.00761571 0.04800079
v 0.01312513 0.00848924 0.04800079
v 0.01034778 0.01127440 0.04800079
v 0.00722230 0.01332616 0.04800079
v 0.00492737 0.00919042 0.04800079
v 0.00933619 0.01738670 0.04800079
v 0.00491053 0.01901268 0.04800079
v 0.00376746 0.01464256 0.04800079
v 0.01148462 0.02177049 0.04800079
v 0.00610645 0.02381981 0.04800079
v 0.00033240 0.01991405 0.04800079
v 0.00041517 0.02459764 0.04800079
v 0.00601514 0.02381493 0.04474733
v 0.00024830 0.02456835 0.04479361
v -0.00520312 0.02404393 0.04800079
v -0.00539855 0.02395946 0.04477268
v 0.00005982 0.02456151 0.04173159
v -0.00559863 0.02390428 0.04167194
v -0.01068017 0.02211669 0.04148408
v -0.00579968 0.02385985 0.03880933
v -0.01086791 0.02202489 0.03848937
v -0.01514623 0.01934032 0.03812344
v -0.01101953 0.02194530 0.03588516
v -0.01527453 0.01924071 0.03541253
v -0.01847192 0.01613231 0.03523320
v -0.01537963 0.01916503 0.03295776
v -0.01853723 0.01604003 0.03280375
v -0.02132446 0.01209276 0.03330090
v -0.02127014 0.01221141 0.03547665
v -0.02140832 0.01198631 0.03134876
v -0.02347753 0.00713866 0.03209789
v -0.02349743 0.00700487 0.03064477
v -0.02450012 0.00177098 0.03110471
v -0.02355004 0.00682665 0.02918044
v -0.02450573 0.00167088 0.02968465
v -0.02431616 -0.00350197 0.02948656
v -0.02452099 0.00155467 0.02835458
v -0.02432812 -0.00342628 0.02811135
v -0.02307250 -0.00834718 0.02716004
v -0.02434704 -0.00333937 0.02679813
v -0.02320495 -0.00804201 0.02580252
v -0.02435888 -0.00325099 0.02542481
v -0.02337695 -0.00762599 0.02434861
v -0.02110095 -0.01257570 0.02383680
v -0.02472119 -0.00320363 0.02437820
v -0.02391857 -0.00748537 0.02343493
v -0.02234301 -0.01192921 0.02150974
v -0.02594116 -0.00336037 0.02434251
v -0.02521716 -0.00779347 0.02330477
v -0.02380651 -0.01223244 0.02130596
v -0.02249328 -0.01597560 0.01864906
v -0.02528723 -0.01246779 0.02113498
v -0.02412097 -0.01608693 0.01854378
v -0.02430163 -0.01895802 0.01559986
v -0.02252148 -0.01896925 0.01561116
v -0.02573144 -0.01620949 0.01842642
v -0.02592785 -0.01895070 0.01558515
v -0.02714562 -0.02155568 0.01168072
v -0.02570825 -0.02161232 0.01162544
v -0.02752770 -0.01629152 0.01835942
v -0.02772680 -0.01895900 0.01556990
v -0.02861645 -0.02152785 0.01170116
v -0.02962243 -0.02351515 0.00701087
v -0.02834826 -0.02352980 0.00698403
v -0.02934887 -0.01899562 0.01555547
v -0.03019287 -0.02157326 0.01166721
v -0.03106823 -0.02352931 0.00700742
v -0.03154663 -0.02449757 0.00193935
v -0.03021044 -0.02449122 0.00197759
v -0.03006469 -0.02436085 -0.00313689
v -0.03141833 -0.02435158 -0.00323563
v -0.03085388 -0.02309621 -0.00827077
v -0.03229675 -0.02308644 -0.00836980
v -0.02915466 -0.01631642 0.01833569
v -0.03100195 -0.01633497 0.01829722
v -0.02823071 -0.01276906 0.02090927
v -0.02981567 -0.01286330 0.02086802
v -0.02675219 -0.01263624 0.02100158
v -0.02785913 -0.00825001 0.02309158
v -0.02917602 -0.00841847 0.02300903
v -0.02848608 -0.00362453 0.02429044
v -0.02978625 -0.00374318 0.02425968
v -0.02986352 0.00104881 0.02455441
v -0.02855297 0.00109911 0.02455220
v -0.02932324 0.00605223 0.02377171
v -0.02797949 0.00602782 0.02379723
v -0.02662609 0.01101219 0.02192485
v -0.02667687 0.00597997 0.02382384
v -0.02506079 0.01092772 0.02198493
v -0.02328027 0.01553417 0.01903685
v -0.02346386 0.01075780 0.02209030
v -0.02332946 0.01904784 0.01550183
v -0.02528247 0.00584520 0.02386916
v -0.02597375 0.00119335 0.02455068
v -0.02484448 0.00121385 0.02455087
v -0.02413598 0.00572313 0.02391606
v -0.02730114 0.00115672 0.02455054
v -0.02722521 -0.00349904 0.02431638
v -0.02652270 -0.00805177 0.02318808
v -0.02453747 0.00132616 0.02566990
v -0.02381445 0.00602196 0.02513204
v -0.02452722 0.00145848 0.02710214
v -0.02370861 0.00636180 0.02655130
v -0.02180578 0.01126366 0.02511884
v -0.01894604 0.01561424 0.02357828
v -0.02198437 0.01095213 0.02361675
v -0.02165368 0.01152049 0.02660861
v -0.01884777 0.01569872 0.02536994
v -0.01553161 0.01901415 0.02559494
v -0.01551171 0.01903612 0.02392377
v -0.01877123 0.01578368 0.02707337
v -0.01552770 0.01902294 0.02736131
v -0.01124072 0.02182225 0.02860326
v -0.01121862 0.02183397 0.02713976
v -0.01870141 0.01587499 0.02895134
v -0.01548205 0.01906053 0.02920481
v -0.01123425 0.02183397 0.03022669
v -0.00624255 0.02375975 0.03117324
v -0.00627722 0.02374754 0.02972211
v -0.01545104 0.01909520 0.03087647
v -0.01119311 0.02186278 0.03175849
v -0.00618200 0.02377879 0.03259980
v -0.00067871 0.02456346 0.03293945
v -0.00081591 0.02455760 0.03156119
v -0.01113427 0.02190135 0.03368515
v -0.00609606 0.02377147 0.03435701
v -0.00051831 0.02456297 0.03465632
v 0.00530774 0.02396288 0.03450592
v 0.00509437 0.02402879 0.03275938
v -0.00596618 0.02379149 0.03624976
v -0.00034948 0.02455614 0.03645019
v 0.00550330 0.02390575 0.03638305
v 0.01117176 0.02188475 0.03602858
v 0.01102540 0.02195409 0.03395093
v -0.00015039 0.02457225 0.03894603
v 0.00570215 0.02387987 0.03884458
v 0.01127955 0.02184618 0.03861301
v 0.01601282 0.01862303 0.03841055
v 0.00586988 0.02380467 0.04163912
v 0.01137171 0.02178075 0.04145332
v 0.01605469 0.01855516 0.04134065
v 0.01982117 0.01449169 0.04146320
v 0.01976343 0.01457079 0.03849071
v 0.01144727 0.02176854 0.04466914
v 0.01613538 0.01853612 0.04462141
v 0.01991175 0.01438475 0.04467297
v 0.01621290 0.01849266 0.04800079
v 0.02004615 0.01425145 0.04800079
v 0.02270679 0.00938182 0.04474055
v 0.02264148 0.00948876 0.04161574
v 0.02427308 0.00382274 0.04166166
v 0.02428016 0.00380956 0.03885917
v 0.02262537 0.00955663 0.03872285
v 0.02427247 0.00377342 0.03634556
v 0.02259961 0.00957420 0.03613284
v 0.01972266 0.01461766 0.03585190
v 0.01597486 0.01866258 0.03577339
v 0.02261573 0.00955614 0.03408587
v 0.01970997 0.01462303 0.03355597
v 0.01593580 0.01868358 0.03341463
v 0.01973231 0.01461473 0.03170362
v 0.01591627 0.01869725 0.03157394
v 0.01087684 0.02203661 0.03217387
v 0.01071607 0.02208934 0.03067707
v 0.00489454 0.02406249 0.03143824
v 0.01051832 0.02216454 0.02928246
v 0.00466565 0.02410204 0.03007058
v -0.00095056 0.02455419 0.03024407
v 0.00441688 0.02415624 0.02885404
v -0.00107324 0.02454735 0.02901562
v -0.00629186 0.02374559 0.02843628
v -0.00119702 0.02454051 0.02778940
v -0.00627844 0.02375292 0.02717062
v -0.01113488 0.02187889 0.02568897
v -0.00621276 0.02379051 0.02591020
v -0.01100793 0.02196971 0.02433030
v -0.00609765 0.02383495 0.02456648
v -0.01077490 0.02209667 0.02291702
v -0.01532360 0.01920995 0.02202626
v -0.00620483 0.02432469 0.02379585
v -0.01089965 0.02276317 0.02203649
v -0.00660156 0.02546678 0.02366727
v -0.01140014 0.02396727 0.02175283
v -0.00697338 0.02665868 0.02354516
v -0.01178710 0.02522997 0.02150223
v -0.01607812 0.02371044 0.01848196
v -0.01625622 0.02529295 0.01831092
v -0.01956909 0.02391698 0.01482467
v -0.01961303 0.02574413 0.01475366
v -0.02237768 0.02570799 0.01010716
v -0.02243554 0.02421434 0.01004371
v -0.02236242 0.02723241 0.01011594
v -0.01966003 0.02755467 0.01469151
v -0.02236718 0.02878026 0.01009511
v -0.01974804 0.02925389 0.01457698
v -0.02239965 0.03036522 0.01003848
v -0.02405566 0.03118504 0.00495737
v -0.02243737 0.03189549 0.00994467
v -0.02406909 0.03257274 0.00488077
v -0.02457629 0.03281688 -0.00032385
v -0.02408520 0.03439256 0.00477770
v -0.02456909 0.03457225 -0.00044431
v -0.02394238 0.03255907 -0.00544353
v -0.02389648 0.03434764 -0.00557857
v -0.02454882 0.03641747 -0.00058416
v -0.02385754 0.03625487 -0.00569556
v -0.02218115 0.03596385 -0.01049354
v -0.02221289 0.03392772 -0.01041174
v -0.01963757 0.03571971 -0.01470908
v -0.01961144 0.03833592 -0.01474403
v -0.01654980 0.03827342 -0.01815119
v -0.01958337 0.04128954 -0.01476311
v -0.01643969 0.04126317 -0.01823730
v -0.01235766 0.04142821 -0.02120868
v -0.01632080 0.04458544 -0.01834886
v -0.01214904 0.04466356 -0.02133283
v -0.00714257 0.04473534 -0.02350723
v -0.01191528 0.04800292 -0.02151877
v -0.00683898 0.04800292 -0.02363041
v -0.00124999 0.04800292 -0.02455298
v -0.00538293 0.04800292 -0.01953803
v -0.00079089 0.04800292 -0.01999172
v 0.00363306 0.04800292 -0.01940968
v -0.00083984 0.04800292 -0.01567168
v 0.00263404 0.04800292 -0.01486710
v 0.00610792 0.04800292 -0.01347620
v 0.00136292 0.04800292 -0.01027971
v 0.00431043 0.04800292 -0.00894683
v -0.00008947 0.04800292 -0.00590422
v 0.00261719 0.04800292 -0.00460923
v -0.00159814 0.04800292 -0.00172366
v 0.00108753 0.04800292 -0.00041987
v -0.00309350 0.04800292 0.00253043
v -0.00029687 0.04800292 0.00381544
v 0.00256617 0.04800292 0.00482375
v 0.00549940 0.04800292 0.00553693
v -0.00157385 0.04800292 0.00844515
v 0.00159888 0.04800292 0.00929698
v 0.00481861 0.04800292 0.00972169
v 0.00804737 0.04800292 0.00973561
v 0.00464747 0.04800292 0.01428118
v 0.00808167 0.04800292 0.01375819
v 0.00910865 0.04800292 0.01796403
v 0.00512696 0.04800292 0.01900688
v 0.00620997 0.04800292 0.02379161
v 0.01092115 0.04800292 0.02203439
v 0.01484827 0.04800292 0.01960107
v 0.01815430 0.04800292 0.01658520
v 0.01118445 0.04453172 0.02184966
v 0.01504322 0.04444969 0.01941733
v 0.01819556 0.04442088 0.01647580
v 0.02088526 0.04448143 0.01296799
v 0.02088575 0.04800292 0.01298464
v 0.01522730 0.04100096 0.01927030
v 0.01824415 0.04093895 0.01640645
v 0.02085657 0.04106639 0.01293266
v 0.02298523 0.04128172 0.00861685
v 0.02086390 0.03800926 0.01293776
v 0.02300342 0.03834276 0.00858926
v 0.02298585 0.03568944 0.00856607
v 0.02082850 0.03524999 0.01295861
v 0.02300989 0.03363475 0.00856735
v 0.02079835 0.03299413 0.01299243
v 0.02299366 0.03183544 0.00855910
v 0.02432398 0.03253075 0.00338553
v 0.02080787 0.03097655 0.01302202
v 0.02296290 0.03018700 0.00853798
v 0.02432166 0.03104344 0.00336778
v 0.02433130 0.02959129 0.00334506
v 0.02448169 0.02983983 -0.00218819
v 0.02448963 0.02847850 -0.00214600
v 0.02331971 0.02799461 -0.00768735
v 0.02449915 0.02719432 -0.00209024
v 0.02337122 0.02658788 -0.00755263
v 0.02451050 0.02570555 -0.00200173
v 0.02346973 0.02499706 -0.00730742
v 0.02475965 0.02451366 -0.00194423
v 0.02380945 0.02354491 -0.00708569
v 0.02200355 0.02156151 -0.01183292
v 0.02593262 0.02450682 -0.00201852
v 0.02516260 0.02339208 -0.00748939
v 0.02731312 0.02449022 -0.00213151
v 0.02658338 0.02323094 -0.00785969
v 0.02856775 0.02447606 -0.00220626
v 0.02792786 0.02312889 -0.00809875
v 0.02703943 0.02037206 -0.01361718
v 0.02674976 0.01667626 -0.01799290
v 0.02844996 0.02028807 -0.01375751
v 0.02829725 0.01664061 -0.01806978
v 0.02903455 0.01181493 -0.02151267
v 0.02764002 0.01168114 -0.02158704
v 0.02994922 0.02023631 -0.01385603
v 0.02972193 0.01662645 -0.01808562
v 0.03049024 0.01193602 -0.02144527
v 0.03125281 0.00624315 -0.02374885
v 0.02982764 0.00604491 -0.02379587
v 0.03142103 0.01661571 -0.01808037
v 0.03206080 0.01201170 -0.02140586
v 0.03265919 0.00640477 -0.02370489
v 0.03284827 0.00064012 -0.02457141
v 0.03382886 0.01207225 -0.02137010
v 0.03441248 0.00656590 -0.02365332
v 0.03453480 0.00079637 -0.02456489
v 0.03415882 -0.00489845 -0.02405174
v 0.03638001 0.00095946 -0.02455370
v 0.03607776 -0.00470607 -0.02405901
v 0.03558375 -0.01003468 -0.02239322
v 0.03862281 -0.00447218 -0.02411887
v 0.03826661 -0.00976759 -0.02252385
v 0.03791504 -0.01437648 -0.01989001
v 0.04126233 -0.00941798 -0.02264984
v 0.04101124 -0.01406789 -0.02007802
v 0.04092335 -0.01797121 -0.01669358
v 0.04446253 -0.01373390 -0.02037181
v 0.04442066 -0.01776955 -0.01694074
v 0.04449781 -0.02110939 -0.01257588
v 0.04800416 -0.01756154 -0.01722999
v 0.04800416 -0.02101369 -0.01275752
v 0.04800416 -0.02347609 -0.00735860
v 0.04800416 -0.01685939 -0.01085428
v 0.04800416 -0.01882521 -0.00639032
v 0.04800416 -0.01974025 -0.00136554
v 0.04800416 -0.01455031 -0.00552156
v 0.04800416 -0.01528078 -0.00147521
v 0.04800416 -0.01508009 0.00267996
v 0.04800416 -0.01087990 -0.00152027
v 0.04800416 -0.01072658 0.00172581
v 0.04800416 -0.00983009 0.00479025
v 0.04800416 -0.00657033 0.00102673
v 0.04800416 -0.00670802 -0.00141498
v 0.04800416 -0.00292531 -0.00115481
v 0.04800416 -0.00275001 0.00082092
v 0.04800416 0.00018407 -0.00062304
v 0.04800416 0.00042528 0.00131461
v 0.04800416 0.00355760 -0.00004806
v 0.04800416 0.00343260 0.00209749
v 0.04800416 0.00282616 0.00415858
v 0.04800416 0.00682176 0.00323450
v 0.04800416 0.00570409 0.00574397
v 0.04800416 0.00398924 0.00810645
v 0.04800416 0.00140038 0.00640193
v 0.04800416 -0.00077882 0.00882127
v 0.04800416 -0.00312941 0.01143015
v 0.04800416 -0.00567335 0.00984879
v 0.04800416 -0.00546388 0.01495512
v 0.04800416 -0.00876662 0.01299917
v 0.04800416 -0.00806984 0.00755707
v 0.04800416 -0.01168165 0.01014569
v 0.04800416 -0.01158790 0.01622867
v 0.04800416 -0.01515333 0.01284300
v 0.04800416 -0.01385060 0.00665530
v 0.04800416 -0.01784376 0.00861762
v 0.04800416 -0.02202540 0.01092851
v 0.04800416 -0.02406984 0.00508244
v 0.04800416 -0.01941749 0.00375796
v 0.04460084 -0.02399318 0.00531557
v 0.04464161 -0.02453273 -0.00099881
v 0.04800416 -0.02455226 -0.00122221
v 0.04148475 -0.02454103 -0.00078332
v 0.04138270 -0.02351857 -0.00694934
v 0.04460059 -0.02349464 -0.00716349
v 0.03850428 -0.02360353 -0.00674025
v 0.03812122 -0.02132228 -0.01217931
v 0.04112098 -0.02120167 -0.01236143
v 0.03546387 -0.02140285 -0.01199387
v 0.03505372 -0.01832179 -0.01634821
v 0.03781202 -0.01816212 -0.01651195
v 0.03334949 -0.02149806 -0.01182493
v 0.03261707 -0.01845753 -0.01619537
v 0.03275782 -0.01483351 -0.01953666
v 0.03511854 -0.01463331 -0.01969285
v 0.03068604 -0.01497999 -0.01944318
v 0.03155494 -0.01039503 -0.02221972
v 0.03348572 -0.01024904 -0.02229667
v 0.02995691 -0.01052638 -0.02213027
v 0.03094690 -0.00514113 -0.02399545
v 0.03237305 -0.00503273 -0.02403195
v 0.02948585 -0.00520997 -0.02397287
v 0.03000501 0.00035399 -0.02457224
v 0.03143751 0.00049559 -0.02456920
v 0.02870862 0.00021483 -0.02458339
v 0.02851990 0.00582030 -0.02386434
v 0.02725501 0.00555614 -0.02394064
v 0.02629664 0.01145165 -0.02171771
v 0.02742920 0.00007762 -0.02459390
v 0.02599634 0.00518797 -0.02404237
v 0.02611487 -0.00007765 -0.02460286
v 0.02471912 0.00475829 -0.02412955
v 0.02353516 0.01005077 -0.02244952
v 0.02268433 0.00947460 -0.02329669
v 0.02037635 0.01378270 -0.02079839
v 0.02029737 0.01383788 -0.02266863
v 0.01766065 0.01706395 -0.02138318
v 0.01767396 0.01707762 -0.01941071
v 0.01439783 0.01992870 -0.02007682
v 0.01466138 0.01970848 -0.02213229
v 0.01090955 0.02204588 -0.02253321
v 0.01158558 0.02314110 -0.02167329
v 0.01105262 0.02195360 -0.02417712
v 0.01483777 0.01957616 -0.02415059
v 0.01114356 0.02187694 -0.02584645
v 0.00656275 0.02367870 -0.02728972
v 0.01119629 0.02184715 -0.02754105
v 0.00657764 0.02365965 -0.02877314
v 0.00151685 0.02451659 -0.02937869
v 0.00657020 0.02365526 -0.03032460
v 0.00142701 0.02451854 -0.03083748
v -0.00391162 0.02423387 -0.03068164
v 0.00132459 0.02453417 -0.03229405
v -0.00409667 0.02420848 -0.03218696
v -0.00934912 0.02271629 -0.03142854
v -0.00912829 0.02277928 -0.02983424
v -0.00954931 0.02263768 -0.03327493
v -0.01416394 0.02002733 -0.03257692
v -0.01401477 0.02015086 -0.03058645
v -0.01782788 0.01689549 -0.03033469
v -0.01795507 0.01673827 -0.03243682
v -0.02120715 0.01236620 -0.03318445
v -0.01809667 0.01658495 -0.03493307
v -0.02132348 0.01214745 -0.03538860
v -0.02365405 0.00656786 -0.03400200
v -0.02367761 0.00641551 -0.03593779
v -0.02457092 0.00004051 -0.03617925
v -0.02374560 0.00623387 -0.03851497
v -0.02458007 -0.00009523 -0.03867754
v -0.02367480 -0.00633790 -0.03592941
v -0.02367285 -0.00645460 -0.03849665
v -0.02130200 -0.01221144 -0.03816729
v -0.02131433 -0.01216359 -0.03548795
v -0.01783874 -0.01686085 -0.03792113
v -0.01785351 -0.01685744 -0.03516674
v -0.01353552 -0.02049562 -0.03538623
v -0.01353747 -0.02049953 -0.03804964
v -0.00818164 -0.02312648 -0.03581747
v -0.00820373 -0.02313136 -0.03838302
v -0.00232336 -0.02443458 -0.03606098
v -0.00232177 -0.02445021 -0.03416317
v -0.00230480 -0.02444240 -0.03858626
v 0.00358326 -0.02425099 -0.03595524
v 0.00348548 -0.02429982 -0.03405309
v 0.00917335 -0.02276857 -0.03558244
v 0.00903321 -0.02283790 -0.03352505
v 0.00886060 -0.02290773 -0.03167186
v 0.01394556 -0.02018849 -0.03289872
v 0.01384107 -0.02027247 -0.03087986
v 0.00865259 -0.02297023 -0.03012940
v 0.01369556 -0.02034718 -0.02923993
v 0.01785438 -0.01688576 -0.02902437
v 0.01775342 -0.01693898 -0.02729800
v 0.01347437 -0.02047267 -0.02763146
v 0.02137244 -0.01208156 -0.02828174
v 0.02145679 -0.01193800 -0.02681104
v 0.02131898 -0.01217628 -0.02986320
v 0.02371741 -0.00637160 -0.02932583
v 0.02377820 -0.00616115 -0.02797214
v 0.02456641 -0.00080714 -0.02963944
v 0.02457630 -0.00067921 -0.02828628
v 0.02385914 -0.00588771 -0.02665011
v 0.02458582 -0.00053956 -0.02702724
v 0.02395899 -0.00555226 -0.02526257
v 0.02200025 -0.01093117 -0.02393710
v 0.02459730 -0.00038331 -0.02559990
v 0.02428419 -0.00519533 -0.02405584
v 0.02235193 -0.01027247 -0.02259271
v 0.02375611 -0.01040480 -0.02226040
v 0.02544410 -0.00521828 -0.02403116
v 0.02531006 -0.01055519 -0.02214444
v 0.02344141 -0.01522072 -0.01924790
v 0.02335718 -0.01891945 -0.01562499
v 0.02523633 -0.01525392 -0.01919654
v 0.02511780 -0.01882277 -0.01572902
v 0.02675928 -0.02192970 -0.01103473
v 0.02532923 -0.02210646 -0.01070986
v 0.02707422 -0.01873146 -0.01584875
v 0.02824683 -0.02180812 -0.01125976
v 0.02940088 -0.02387355 -0.00573659
v 0.02806849 -0.02394240 -0.00550915
v 0.02889625 -0.01863966 -0.01598003
v 0.02984339 -0.02169093 -0.01147750
v 0.03085804 -0.02382033 -0.00594786
v 0.03114026 -0.02457960 -0.00005131
v 0.03142664 -0.02160841 -0.01163603
v 0.03228602 -0.02377638 -0.00613045
v 0.03258240 -0.02458351 -0.00015103
v 0.03217689 -0.02382130 0.00589201
v 0.03433069 -0.02457619 -0.00026740
v 0.03397217 -0.02382521 0.00585739
v 0.03326587 -0.02166359 0.01150218
v 0.03589783 -0.02383009 0.00578282
v 0.03540479 -0.02169191 0.01143615
v 0.03506507 -0.01855812 0.01607812
v 0.03812891 -0.02176808 0.01134237
v 0.03781910 -0.01859523 0.01601649
v 0.03792847 -0.01457667 0.01974225
v 0.03518470 -0.01460548 0.01971779
v 0.04093787 -0.01862355 0.01595682
v 0.04100281 -0.01455372 0.01975295
v 0.04128174 -0.00935499 0.02267907
v 0.03833362 -0.00938820 0.02268372
v 0.04441480 -0.01867726 0.01592123
v 0.04445545 -0.01451857 0.01981506
v 0.04456946 -0.00930177 0.02274687
v 0.04464832 -0.00316749 0.02435633
v 0.04148206 -0.00317872 0.02434696
v 0.04800416 -0.01444484 0.01989494
v 0.04800416 -0.00920363 0.02281886
v 0.04800416 -0.00312599 0.02439142
v 0.04800416 0.00327831 0.02436969
v 0.04800416 -0.00734425 0.01863696
v 0.04800416 -0.00245119 0.01998771
v 0.04800416 0.00272264 0.02002113
v 0.04800416 0.00774608 0.01868443
v 0.04800416 0.00940428 0.02274906
v 0.04800416 -0.00166798 0.01612721
v 0.04800416 0.01476024 0.01966548
v 0.04457288 0.00948485 0.02268123
v 0.04464454 0.00332958 0.02433106
v 0.04800416 0.01214940 0.01610601
v 0.04800416 0.01569042 0.01250487
v 0.04800416 0.01915428 0.01545037
v 0.04800416 0.00957176 0.01292936
v 0.04800416 0.01233348 0.00989102
v 0.04800416 0.01435057 0.00625748
v 0.04800416 0.01825975 0.00803446
v 0.04800416 0.00878124 0.00756350
v 0.04800416 0.01040526 0.00460613
v 0.04800416 0.01122801 0.00133647
v 0.04800416 0.01544432 0.00217022
v 0.04800416 0.00730956 0.00056437
v 0.04800416 0.00722948 -0.00204368
v 0.04800416 0.01128514 -0.00199956
v 0.04800416 0.00337499 -0.00214095
v 0.04800416 0.00684325 -0.00435341
v 0.04800416 0.00001659 -0.00262214
v 0.04800416 -0.00287794 -0.00326771
v 0.04800416 -0.00242189 -0.00543542
v 0.04800416 -0.00549708 -0.00655504
v 0.04800416 -0.00379689 -0.00910638
v 0.04800416 -0.00106789 -0.00770275
v 0.04800416 -0.00152540 -0.01159812
v 0.04800416 0.00109325 -0.01013848
v 0.04800416 0.00099022 -0.01404034
v 0.04800416 0.00378075 -0.01258215
v 0.04800416 0.00639354 -0.01067268
v 0.04800416 0.00662987 -0.01526323
v 0.04800416 0.00970262 -0.01298295
v 0.04800416 0.00881786 -0.00822587
v 0.04800416 0.01254881 -0.01004526
v 0.04800416 0.01064842 -0.00522974
v 0.04800416 0.01466600 -0.00627228
v 0.04800416 0.01551024 -0.00215623
v 0.04800416 0.01879637 -0.00753897
v 0.04800416 0.01981883 -0.00236843
v 0.04800416 0.01968260 0.00294794
v 0.04800416 0.02446092 -0.00267382
v 0.04800416 0.02428124 0.00388888
v 0.04800416 0.02242967 0.01008566
v 0.04470313 0.02422948 0.00403787
v 0.04460547 0.02232713 0.01027712
v 0.04449769 0.01903368 0.01552970
v 0.04134290 0.02224657 0.01040643
v 0.04107471 0.01893114 0.01557926
v 0.04449293 0.01476805 0.01962864
v 0.04105640 0.01476268 0.01958560
v 0.03803675 0.01889061 0.01566551
v 0.03802576 0.01477391 0.01959564
v 0.03833484 0.00956151 0.02261426
v 0.04127234 0.00952684 0.02261399
v 0.03862037 0.00338817 0.02430287
v 0.04146302 0.00336376 0.02427853
v 0.03865626 -0.00318068 0.02437254
v 0.03615796 -0.00314747 0.02437467
v 0.03570545 -0.00936964 0.02265989
v 0.03426368 -0.00311037 0.02438621
v 0.03372901 -0.00936378 0.02268273
v 0.03287525 -0.01461574 0.01971335
v 0.03183436 -0.00931984 0.02270443
v 0.03084266 -0.01460646 0.01973180
v 0.03262855 -0.01852443 0.01611910
v 0.03056812 -0.01848634 0.01614511
v 0.02906861 -0.01462648 0.01972084
v 0.02876868 -0.01847121 0.01616073
v 0.02972156 -0.02161476 0.01152090
v 0.03133753 -0.02165236 0.01152424
v 0.02806812 -0.02161330 0.01150098
v 0.02929139 -0.02381007 0.00588651
v 0.03070984 -0.02381203 0.00589986
v 0.02796741 -0.02383790 0.00582868
v 0.02847535 -0.02458644 0.00014177
v 0.02979371 -0.02458302 0.00004710
v 0.02719788 -0.02459083 0.00022366
v 0.02681727 -0.02401417 -0.00525438
v 0.02550782 -0.02408937 -0.00494545
v 0.02397547 -0.02229445 -0.01035732
v 0.02592933 -0.02459376 0.00030881
v 0.02436548 -0.02414406 -0.00465960
v 0.02481934 -0.02459230 0.00036108
v 0.02414319 -0.02531154 -0.00466614
v 0.02253101 -0.02383839 -0.00985234
v 0.02459388 -0.02573097 0.00044789
v 0.02410206 -0.02676124 -0.00474787
v 0.02246619 -0.02536427 -0.00991643
v 0.01988074 -0.02334230 -0.01443100
v 0.02242969 -0.02687941 -0.00991927
v 0.01991981 -0.02524660 -0.01431654
v 0.01744007 -0.02431447 -0.01727869
v 0.01996387 -0.02693947 -0.01421930
v 0.01753126 -0.02624611 -0.01719358
v 0.01500428 -0.02673634 -0.01943526
v 0.01486561 -0.02484279 -0.01954491
v 0.01764075 -0.02825441 -0.01708398
v 0.01507935 -0.02853224 -0.01937561
v 0.01772535 -0.03016896 -0.01698473
v 0.01513074 -0.03038576 -0.01934760
v 0.01781421 -0.03231447 -0.01687050
v 0.01517798 -0.03253517 -0.01932945
v 0.01789429 -0.03487111 -0.01679039
v 0.01519910 -0.03499953 -0.01930429
v 0.01797071 -0.03770607 -0.01671855
v 0.01519459 -0.03777247 -0.01930604
v 0.01173401 -0.03805861 -0.02158323
v 0.01518372 -0.04097023 -0.01930132
v 0.01171851 -0.04115968 -0.02157933
v 0.00761023 -0.04133156 -0.02333879
v 0.00300391 -0.04141945 -0.02436414
v 0.01170032 -0.04452199 -0.02160293
v 0.00761646 -0.04459083 -0.02334276
v 0.00304151 -0.04462306 -0.02436278
v -0.00173547 -0.04461330 -0.02449158
v 0.00307911 -0.04799708 -0.02439783
v -0.00164770 -0.04799708 -0.02453344
v 0.00267847 -0.04799708 -0.02084268
v -0.00147705 -0.04799708 -0.02093334
v -0.00124731 -0.04799708 -0.01768660
v 0.00236719 -0.04799708 -0.01765362
v 0.00654481 -0.04799708 -0.01989605
v 0.00561207 -0.04799708 -0.01675046
v 0.00988868 -0.04799708 -0.01835524
v 0.00818116 -0.04799708 -0.01536209
v 0.00637317 -0.04799708 -0.01257189
v 0.01048096 -0.04799708 -0.01353913
v 0.00815540 -0.04799708 -0.01077798
v 0.00420606 -0.04799708 -0.00990376
v 0.01276465 -0.04799708 -0.01637201
v 0.01524927 -0.04799708 -0.01397506
v 0.01518128 -0.04799708 -0.01935255
v 0.01813086 -0.04799708 -0.01660946
v 0.01517859 -0.04443507 -0.01931122
v 0.01808570 -0.04439308 -0.01660804
v 0.02062928 -0.04443703 -0.01336735
v 0.02055420 -0.04099513 -0.01344452
v 0.02266956 -0.04120997 -0.00939831
v 0.01802051 -0.04088966 -0.01663439
v 0.02047535 -0.03789357 -0.01355950
v 0.02265565 -0.03822755 -0.00948265
v 0.02259070 -0.03553956 -0.00956705
v 0.02413245 -0.03601076 -0.00460081
v 0.02415272 -0.03854787 -0.00454301
v 0.02413050 -0.03405665 -0.00465834
v 0.02457007 -0.03425929 0.00080830
v 0.02457166 -0.03258156 0.00076229
v 0.02373707 -0.03218117 0.00632880
v 0.02456690 -0.03112355 0.00071082
v 0.02373658 -0.03071486 0.00626982
v 0.02159656 -0.02976613 0.01163207
v 0.02375489 -0.02924660 0.00618386
v 0.02159681 -0.02811330 0.01159596
v 0.01842505 -0.02711818 0.01622766
v 0.02166968 -0.02653810 0.01151492
v 0.01832068 -0.02515675 0.01635814
v 0.01468934 -0.02733693 0.01960610
v 0.01443226 -0.02566115 0.01978914
v 0.00956141 -0.02577296 0.02264220
v 0.00911036 -0.02443996 0.02284288
v 0.00424610 -0.02565138 0.02419134
v 0.00866712 -0.02326222 0.02303655
v 0.00400525 -0.02448683 0.02424597
v 0.00886231 -0.02293996 0.02428483
v 0.00406629 -0.02422462 0.02543719
v 0.00913135 -0.02280812 0.02577688
v 0.00417090 -0.02420412 0.02683914
v 0.00929883 -0.02272560 0.02717893
v 0.00423157 -0.02419386 0.02810933
v 0.00946265 -0.02263917 0.02860257
v 0.00430262 -0.02417335 0.02946636
v -0.00131823 -0.02452199 0.02823376
v -0.00136999 -0.02451173 0.02956340
v -0.00734802 -0.02341749 0.02875537
v 0.00437244 -0.02415724 0.03091293
v -0.00140527 -0.02450685 0.03100946
v -0.00740832 -0.02340480 0.03026807
v -0.01305200 -0.02073976 0.02897514
v -0.00743676 -0.02341212 0.03185503
v -0.01296850 -0.02082667 0.03076470
v -0.01288146 -0.02089455 0.03280414
v -0.01712548 -0.01762306 0.03231348
v -0.01702831 -0.01770705 0.03485530
v -0.02031457 -0.01375490 0.03509525
v -0.01694592 -0.01776857 0.03772228
v -0.02030566 -0.01378761 0.03794782
v -0.02286901 -0.00894289 0.03831358
v -0.02029797 -0.01378908 0.04108652
v -0.02287939 -0.00887941 0.04132222
v -0.02433544 -0.00335206 0.04147563
v -0.02292272 -0.00878468 0.04458437
v -0.02435436 -0.00319093 0.04465466
v -0.02442834 0.00253905 0.04465981
v -0.02440624 -0.00299220 0.04800079
v -0.02444457 0.00273973 0.04800079
v -0.02322045 0.00807274 0.04800079
v -0.02006225 0.00266405 0.04800079
v -0.01918981 0.00715819 0.04800079
v -0.01976489 -0.00202247 0.04800079
v -0.01538928 -0.00075929 0.04800079
v -0.01576684 0.00296532 0.04800079
v -0.01138244 0.00066405 0.04800079
v -0.01175292 0.00412645 0.04800079
v -0.00911083 0.00867381 0.04800079
v -0.00632250 0.00987889 0.04800079
v -0.00999218 0.01260545 0.04800079
v -0.01032104 -0.00223830 0.04800079
v -0.01435925 -0.00452833 0.04800079
v -0.00867040 -0.00475148 0.04800079
v -0.00540429 -0.00142140 0.04800079
v -0.00660278 -0.00651710 0.04800079
v -0.00359033 -0.00237160 0.04800079
v -0.00278955 0.00246678 0.04800079
v -0.00986852 -0.01050343 0.04800079
v -0.00681640 -0.01250734 0.04800079
v -0.00413256 -0.00781544 0.04800079
v -0.00952954 -0.01691896 0.04800079
v -0.00529296 -0.01865431 0.04800078
v -0.00354272 -0.01375001 0.04800079
v -0.00060229 -0.01956349 0.04800079
v -0.00000549 -0.01438673 0.04800079
v 0.00412122 -0.01915040 0.04800079
v 0.00364356 -0.01420167 0.04800079
v 0.00860792 -0.01777833 0.04800079
v 0.00730518 -0.01320070 0.04800079
v 0.01248914 -0.01578273 0.04800079
v 0.01063746 -0.01144826 0.04800079
v 0.01583326 -0.01308302 0.04800079
v 0.01360535 -0.00943458 0.04800079
v 0.01191285 -0.00557130 0.04800079
v 0.01038770 -0.00204298 0.04800079
v 0.01339173 -0.00043117 0.04800079
v 0.01672791 0.00131444 0.04800079
v 0.01524427 0.00513280 0.04800079
v 0.02047803 0.00270995 0.04800079
v 0.01893494 0.00732372 0.04800079
v 0.01649720 0.01146141 0.04800079
v 0.02281067 0.00924217 0.04800079
v 0.01323231 0.01484276 0.04800079
v 0.02430372 0.00374559 0.04800079
v 0.02452649 -0.00189064 0.04800079
v 0.02427918 0.00379881 0.04475650
v 0.02448206 -0.00197755 0.04472034
v 0.02352332 -0.00724367 0.04800079
v 0.02340223 -0.00745705 0.04462531
v 0.02445899 -0.00206886 0.04159739
v 0.02329957 -0.00765529 0.04138916
v 0.02448414 -0.00216994 0.03879405
v 0.02326539 -0.00784962 0.03846443
v 0.02447217 -0.00226271 0.03628108
v 0.02318274 -0.00801369 0.03584792
v 0.02447230 -0.00234572 0.03438919
v 0.02429236 0.00372460 0.03446269
v 0.02430689 0.00365819 0.03271945
v 0.02263160 0.00951610 0.03226540
v 0.02431507 0.00358153 0.03122323
v 0.02263379 0.00944530 0.03073621
v 0.01974830 0.01457518 0.03005981
v 0.01589405 0.01872313 0.02987917
v 0.02265857 0.00933348 0.02926050
v 0.01979078 0.01448827 0.02861951
v 0.01588428 0.01871483 0.02846497
v 0.01594056 0.01862938 0.02702033
v 0.01028016 0.02227196 0.02799105
v 0.01008765 0.02236376 0.02672966
v 0.00415552 0.02421190 0.02766455
v 0.00384937 0.02427049 0.02649317
v -0.00133215 0.02453563 0.02660393
v 0.00343287 0.02435106 0.02525151
v -0.00142748 0.02453026 0.02531455
v 0.00310901 0.02476317 0.02441156
v -0.00156774 0.02498094 0.02451747
v 0.00303187 0.02595604 0.02441264
v -0.00177966 0.02616210 0.02449712
v 0.00296131 0.02725292 0.02440989
v -0.00201281 0.02741454 0.02447469
v 0.00285804 0.02851708 0.02441016
v -0.00223669 0.02859715 0.02444721
v -0.00727954 0.02790135 0.02344488
v -0.00244116 0.02984569 0.02442224
v -0.00755615 0.02917186 0.02334752
v -0.01235595 0.02799315 0.02115922
v -0.01209399 0.02657909 0.02129067
v -0.01257263 0.02953954 0.02105194
v -0.01654101 0.02887059 0.01814257
v -0.01638269 0.02704686 0.01822215
v -0.01666381 0.03065282 0.01802747
v -0.01983703 0.03101415 0.01445572
v -0.01681310 0.03269286 0.01788464
v -0.01993444 0.03306835 0.01431868
v -0.02248010 0.03384471 0.00983951
v -0.02005346 0.03538963 0.01414570
v -0.02254943 0.03586717 0.00963973
v -0.02411181 0.03627733 0.00461647
v -0.02268200 0.03848729 0.00938670
v -0.02415710 0.03877245 0.00439994
v -0.02455224 0.03886473 -0.00075146
v -0.02419897 0.04158788 0.00411453
v -0.02450842 0.04163231 -0.00094012
v -0.02384985 0.03875389 -0.00581188
v -0.02381152 0.04156346 -0.00591173
v -0.02213561 0.04142381 -0.01061152
v -0.02216381 0.03855419 -0.01057311
v -0.02217089 0.04466405 -0.01059951
v -0.01962121 0.04459764 -0.01477770
v -0.01964721 0.04800292 -0.01477441
v -0.01620629 0.04800292 -0.01848826
v -0.01334497 0.04800292 -0.01529222
v -0.00970007 0.04800292 -0.01789253
v -0.01619287 0.04800292 -0.01200520
v -0.01298400 0.04800292 -0.00930859
v -0.01829931 0.04800292 -0.00826061
v -0.01473193 0.04800292 -0.00580235
v -0.00987609 0.04800292 -0.00668124
v -0.00700195 0.04800292 -0.00461719
v -0.00555248 0.04800292 -0.00832288
v -0.01151440 0.04800292 -0.00314718
v -0.00860644 0.04800292 -0.00083117
v -0.00586352 0.04800292 0.00097550
v -0.00428796 0.04800292 -0.00308909
v -0.01312011 0.04800292 0.00060518
v -0.01031909 0.04800292 0.00312893
v -0.00753259 0.04800292 0.00531197
v -0.00463195 0.04800292 0.00709919
v -0.01239269 0.04800292 0.00754235
v -0.00948120 0.04800292 0.01007774
v -0.00624047 0.04800292 0.01206913
v -0.00273657 0.04800292 0.01348214
v -0.01167321 0.04800292 0.01501135
v -0.00789221 0.04800292 0.01725115
v -0.00365673 0.04800292 0.01872162
v 0.00078419 0.04800292 0.01930544
v 0.00095557 0.04800292 0.01421859
v -0.00963928 0.04800292 0.02263674
v -0.00443945 0.04800292 0.02419640
v 0.00098475 0.04800292 0.02456801
v -0.00416491 0.04464549 0.02420634
v 0.00128211 0.04466210 0.02452936
v 0.00651539 0.04461327 0.02370612
v 0.00157337 0.04150292 0.02450144
v 0.00678992 0.04138378 0.02356709
v 0.01143970 0.04118993 0.02169744
v 0.00703968 0.03848045 0.02351325
v 0.01167481 0.03813036 0.02161330
v 0.01539368 0.03782713 0.01915093
v 0.01829505 0.03777879 0.01637175
v 0.01187159 0.03547655 0.02149392
v 0.01553882 0.03510253 0.01904054
v 0.01832129 0.03499315 0.01635070
v 0.01564502 0.03262987 0.01894582
v 0.01834144 0.03251659 0.01632169
v 0.01574854 0.03045262 0.01886044
v 0.01834424 0.03037059 0.01630706
v 0.01581544 0.02861327 0.01879103
v 0.01832691 0.02850096 0.01633005
v 0.02075489 0.02923143 0.01301897
v 0.01586487 0.02681932 0.01873728
v 0.01829139 0.02651854 0.01632816
v 0.02075306 0.02746581 0.01300665
v 0.02296045 0.02872850 0.00852980
v 0.02079419 0.02585253 0.01296577
v 0.02297657 0.02732176 0.00849588
v 0.02434717 0.02824461 0.00332206
v 0.02303870 0.02587547 0.00845703
v 0.02435657 0.02696239 0.00329856
v 0.02436939 0.02549754 0.00325735
v 0.02308326 0.02432567 0.00839479
v 0.02465980 0.02437254 0.00327525
v 0.02345984 0.02307469 0.00848012
v 0.02581775 0.02433153 0.00350203
v 0.02468567 0.02277538 0.00920332
v 0.02714222 0.02429295 0.00371157
v 0.02598707 0.02243651 0.00998705
v 0.02737855 0.02231835 0.01022443
v 0.02845032 0.02426903 0.00384252
v 0.02880701 0.02223534 0.01038834
v 0.02976856 0.02424266 0.00397556
v 0.02989258 0.02446385 -0.00226023
v 0.02928809 0.02305858 -0.00828097
v 0.03115674 0.02422655 0.00406658
v 0.03129517 0.02446483 -0.00230765
v 0.03071778 0.02300926 -0.00843121
v 0.03223438 0.02301073 -0.00853025
v 0.03158716 0.02020995 -0.01392968
v 0.03345484 0.02017235 -0.01396934
v 0.03327857 0.01661131 -0.01808358
v 0.03559205 0.01658446 -0.01811242
v 0.03594715 0.01210204 -0.02135510
v 0.03630616 0.00668114 -0.02360589
v 0.03823658 0.01653514 -0.01814208
v 0.03850403 0.01207665 -0.02138085
v 0.03875696 0.00678172 -0.02359519
v 0.03883045 0.00114159 -0.02454772
v 0.04136207 0.01200536 -0.02139826
v 0.04155457 0.00683299 -0.02355831
v 0.04160682 0.00132665 -0.02452492
v 0.04148572 -0.00417970 -0.02413937
v 0.04471729 0.00147850 -0.02452081
v 0.04465943 -0.00386769 -0.02424827
v 0.04456287 -0.00902345 -0.02285431
v 0.04800416 -0.00351271 -0.02433243
v 0.04800416 -0.00855519 -0.02304928
v 0.04800416 -0.01332130 -0.02067709
v 0.04800416 -0.00647560 -0.01983503
v 0.04800416 -0.01040822 -0.01769790
v 0.04800416 -0.01395070 -0.01468996
v 0.04800416 -0.00752443 -0.01521993
v 0.04800416 -0.01050441 -0.01254810
v 0.04800416 -0.01291164 -0.00926845
v 0.04800416 -0.00697462 -0.01066898
v 0.04800416 -0.00900929 -0.00781460
v 0.04800416 -0.01031984 -0.00471277
v 0.04800416 -0.00640919 -0.00398516
v 0.04800416 -0.00443703 -0.01318756
v 0.04800416 0.00161522 -0.02453537
v 0.04469886 0.00682079 -0.02360040
v 0.04800416 0.00674461 -0.02365580
v 0.04800416 0.00546190 -0.02017881
v 0.04800416 0.00926415 -0.01832890
v 0.04800416 0.00340526 -0.01685437
v 0.04800416 0.00146971 -0.02114055
v 0.04800416 0.01169725 -0.02165376
v 0.04800416 0.01297313 -0.01566083
v 0.04800416 0.01617821 -0.01851997
v 0.04800416 0.01631151 -0.01202756
v 0.04800416 0.01999754 -0.01431140
v 0.04800416 0.02291747 -0.00893711
v 0.04456849 0.02004637 -0.01418993
v 0.04464905 0.02291405 -0.00888135
v 0.04471155 0.02442772 -0.00260891
v 0.04143079 0.02290331 -0.00880145
v 0.04159241 0.02440770 -0.00252999
v 0.04157606 0.02420262 0.00413902
v 0.03879481 0.02444579 -0.00247475
v 0.03875391 0.02420311 0.00418811
v 0.03841675 0.02220946 0.01049616
v 0.03627039 0.02420311 0.00420635
v 0.03580945 0.02216210 0.01054739
v 0.03534888 0.01883446 0.01572597
v 0.03377942 0.02214305 0.01058141
v 0.03297132 0.01879295 0.01580567
v 0.03530396 0.01478514 0.01957811
v 0.03301722 0.01478856 0.01957840
v 0.03365906 0.00955467 0.02260511
v 0.03569141 0.00955760 0.02258651
v 0.03419495 0.00339647 0.02430846
v 0.03609961 0.00339403 0.02428179
v 0.03249366 0.00337352 0.02432282
v 0.03250330 -0.00306740 0.02438941
v 0.03110096 -0.00301857 0.02438776
v 0.03027015 -0.00925783 0.02272740
v 0.02962903 -0.00294581 0.02439857
v 0.02871851 -0.00917970 0.02276107
v 0.02733326 -0.01466896 0.01968696
v 0.02726331 -0.00906886 0.02280941
v 0.02551465 -0.01462697 0.01971592
v 0.02685584 -0.01843849 0.01615902
v 0.02508729 -0.01844191 0.01614264
v 0.02374622 -0.01455861 0.01977336
v 0.02336146 -0.01849367 0.01610289
v 0.02510169 -0.02181203 0.01123365
v 0.02660254 -0.02169533 0.01140173
v 0.02368274 -0.02194777 0.01099001
v 0.02531128 -0.02392970 0.00560838
v 0.02665052 -0.02387404 0.00574305
v 0.02417981 -0.02397804 0.00547076
v 0.02238538 -0.02213283 0.01069457
v 0.02392701 -0.02516164 0.00567241
v 0.02175379 -0.02502199 0.01138454
v 0.02385755 -0.02657619 0.00588860
v 0.02379761 -0.02789894 0.00605113
v 0.02458668 -0.02714992 0.00051960
v 0.02458033 -0.02837599 0.00058604
v 0.02408753 -0.02803517 -0.00476311
v 0.02457056 -0.02968898 0.00065164
v 0.02408509 -0.02938576 -0.00475746
v 0.02242969 -0.02834279 -0.00987646
v 0.02408729 -0.03083302 -0.00473202
v 0.02246741 -0.02996242 -0.00979968
v 0.02005262 -0.02888478 -0.01409896
v 0.02253162 -0.03160890 -0.00973003
v 0.02016468 -0.03068458 -0.01399169
v 0.02023279 -0.03274806 -0.01385728
v 0.02256812 -0.03345216 -0.00965926
v 0.02034961 -0.03509865 -0.01371321
v 0.02411292 -0.03234376 -0.00469826
v 0.02583484 -0.00890578 0.02288682
v 0.02441053 -0.00868165 0.02297769
v 0.02697425 -0.00275831 0.02443927
v 0.02560108 -0.00262306 0.02446715
v 0.02828223 -0.00286134 0.02441836
v 0.02822169 0.00322899 0.02435819
v 0.02957532 0.00329198 0.02433643
v 0.02874390 0.00931981 0.02264595
v 0.03103675 0.00334032 0.02432310
v 0.03021290 0.00943114 0.02261220
v 0.02937049 0.01470506 0.01964414
v 0.03180665 0.00950292 0.02260458
v 0.03106971 0.01474608 0.01961579
v 0.03102491 0.01875047 0.01586027
v 0.02930982 0.01869432 0.01591657
v 0.03031849 0.02218358 0.01049871
v 0.02770362 0.01861620 0.01599159
v 0.03186988 0.02217186 0.01054114
v 0.03259669 0.02421581 0.00413271
v 0.03439551 0.02421092 0.00418437
v 0.03444068 0.02445653 -0.00239458
v 0.03268128 0.02446971 -0.00234718
v 0.03632032 0.02444042 -0.00243614
v 0.03601343 0.02294139 -0.00867842
v 0.03857117 0.02294335 -0.00874334
v 0.03830835 0.02013036 -0.01404083
v 0.04123951 0.02007128 -0.01408177
v 0.04119886 0.01644090 -0.01820948
v 0.04456458 0.01632616 -0.01834664
v 0.04463611 0.01189110 -0.02152082
v 0.03566334 0.02014940 -0.01400993
v 0.03401722 0.02298387 -0.00861613
v 0.02605115 0.01846141 0.01615980
v 0.02781763 0.01461424 0.01967636
v 0.02731946 0.00912352 0.02274957
v 0.02589966 0.00878661 0.02291638
v 0.02257764 0.01293456 0.02087758
v 0.02437000 0.00842772 0.02306825
v 0.02548975 0.00305174 0.02440107
v 0.02441480 0.00300682 0.02470940
v 0.02448365 -0.00251662 0.02468846
v 0.02690552 0.00314696 0.02437929
v 0.02447291 -0.00251955 0.02581880
v 0.02304517 -0.00851320 0.02446202
v 0.02438929 0.00314891 0.02589887
v 0.02445643 -0.00254396 0.02716475
v 0.02302198 -0.00853371 0.02592584
v 0.02301319 -0.00852589 0.02737512
v 0.02021302 -0.01389406 0.02559884
v 0.02013062 -0.01405958 0.02379931
v 0.01721619 -0.01751076 0.02468659
v 0.01700269 -0.01771925 0.02290782
v 0.01348389 -0.02052296 0.02406121
v 0.01311170 -0.02078517 0.02240141
v 0.01372584 -0.02034962 0.02570874
v 0.01739002 -0.01734425 0.02655283
v 0.01391248 -0.02022072 0.02729553
v 0.01752283 -0.01720949 0.02844853
v 0.01406458 -0.02012062 0.02905267
v 0.00960425 -0.02259328 0.03012055
v 0.01419544 -0.02004103 0.03076629
v 0.00971973 -0.02255372 0.03169881
v 0.00443030 -0.02415382 0.03234409
v -0.00141992 -0.02451564 0.03248145
v 0.00983448 -0.02250392 0.03357774
v 0.00449378 -0.02414650 0.03411377
v -0.00142236 -0.02451564 0.03416088
v -0.00744824 -0.02340480 0.03365421
v -0.00139831 -0.02449904 0.03604893
v -0.00740185 -0.02339064 0.03565601
v -0.01278173 -0.02094630 0.03511960
v -0.00734118 -0.02343410 0.03830846
v -0.01267578 -0.02103956 0.03791831
v -0.01253930 -0.02109083 0.04101829
v -0.01685229 -0.01782277 0.04092196
v -0.01680664 -0.01790431 0.04440654
v -0.02033276 -0.01376710 0.04447883
v -0.01677380 -0.01797218 0.04800079
v -0.02042700 -0.01372072 0.04800079
v -0.02301147 -0.00865138 0.04800079
v -0.01645202 -0.01090822 0.04800079
v -0.01870751 -0.00668068 0.04800079
v -0.01243664 -0.00786622 0.04800079
v -0.01331359 -0.01431349 0.04800079
v -0.01241894 -0.02120021 0.04445009
v -0.01226354 -0.02130812 0.04800079
v -0.00710656 -0.02352296 0.04455659
v -0.00691638 -0.02360939 0.04800079
v -0.00117968 -0.02452589 0.04464096
v -0.00103662 -0.02456154 0.04800079
v 0.00478272 -0.02408693 0.04466158
v 0.00489527 -0.02411720 0.04800079
v 0.01019105 -0.02234279 0.04460588
v 0.01028699 -0.02233058 0.04800079
v 0.01473462 -0.01965431 0.04449181
v 0.01484034 -0.01960304 0.04800079
v 0.01833643 -0.01633351 0.04444463
v 0.01854419 -0.01615138 0.04800079
v 0.02126758 -0.01228908 0.04451521
v 0.02145960 -0.01202394 0.04800079
v 0.01852198 -0.00982081 0.04800079
v 0.02108350 -0.01252003 0.04113455
v 0.01813428 -0.01650099 0.04098625
v 0.02097156 -0.01277785 0.03807411
v 0.01798670 -0.01669826 0.03783586
v 0.02081458 -0.01300392 0.03531809
v 0.01784217 -0.01684914 0.03502567
v 0.02068616 -0.01321388 0.03301244
v 0.02313550 -0.00818507 0.03380641
v 0.01771204 -0.01698537 0.03253527
v 0.02054883 -0.01341701 0.03094794
v 0.02308631 -0.00831447 0.03191529
v 0.02446753 -0.00241017 0.03261450
v 0.02302588 -0.00840382 0.03036024
v 0.02444910 -0.00246095 0.03113061
v 0.02444178 -0.00250343 0.02975974
v 0.02432557 0.00350536 0.02985622
v 0.02434290 0.00339501 0.02852761
v 0.02275513 0.00917284 0.02788648
v 0.01990235 0.01431688 0.02707768
v 0.02286561 0.00892479 0.02649065
v 0.02436500 0.00327538 0.02722215
v 0.02300477 0.00860497 0.02509851
v 0.02316846 0.00823583 0.02366006
v 0.02105176 0.01270018 0.02202039
v 0.02444825 -0.00252882 0.02843726
v 0.02299244 -0.00849464 0.02880293
v 0.02042591 -0.01358205 0.02916921
v 0.02029285 -0.01374513 0.02727815
v 0.01762574 -0.01709083 0.03037988
v 0.01432508 -0.01994972 0.03286175
v 0.01443458 -0.01988380 0.03519068
v 0.00992518 -0.02245363 0.03563310
v 0.00455701 -0.02412599 0.03601558
v 0.01452039 -0.01981593 0.03796600
v 0.01002088 -0.02242824 0.03834386
v 0.00463086 -0.02412892 0.03857338
v -0.00135363 -0.02451906 0.03857482
v 0.01009913 -0.02238234 0.04133486
v 0.00469483 -0.02409962 0.04146791
v -0.00128588 -0.02451564 0.04145844
v -0.00724182 -0.02345021 0.04126720
v 0.01462354 -0.01972902 0.04108840
v 0.01285657 -0.02129103 0.02095123
v 0.02146607 0.02079930 0.01310055
v 0.02096473 0.02239794 0.01280742
v 0.01867957 0.02077489 0.01597575
v 0.01893543 0.01882176 0.01586114
v 0.01576685 0.01889159 0.01897378
v 0.01566651 0.02078514 0.01895393
v 0.01266517 0.02105809 0.02161176
v 0.01403419 0.02015672 0.02256017
v 0.01232154 0.02277635 0.02125015
v 0.00801136 0.02349413 0.02324160
v 0.00870447 0.02299852 0.02428987
v 0.00793775 0.02483690 0.02324193
v 0.01237147 0.02457860 0.02122039
v 0.00788550 0.02628710 0.02324104
v 0.01232032 0.02622850 0.02123840
v 0.00781360 0.02767381 0.02326566
v 0.01226856 0.02786424 0.02126910
v 0.00775098 0.02910301 0.02328352
v 0.00273865 0.02981053 0.02440974
v 0.00766565 0.03061034 0.02332008
v 0.00260511 0.03122215 0.02442350
v -0.00264758 0.03122411 0.02440566
v 0.00246045 0.03258836 0.02444472
v -0.00284289 0.03255907 0.02439428
v -0.00781591 0.03058348 0.02326675
v -0.00804028 0.03200389 0.02320507
v -0.00306982 0.03428026 0.02436453
v -0.00828869 0.03379784 0.02312054
v -0.01295678 0.03310741 0.02085161
v -0.01276623 0.03118309 0.02096786
v -0.00854309 0.03574950 0.02301753
v -0.01318469 0.03533690 0.02071316
v -0.01696997 0.03513182 0.01774148
v -0.01342431 0.03807518 0.02057073
v -0.01717187 0.03794335 0.01754909
v -0.02023779 0.03814501 0.01388258
v -0.01740930 0.04103661 0.01728983
v -0.02044445 0.04117137 0.01353094
v -0.02280529 0.04140526 0.00903843
v -0.02077514 0.04454344 0.01312749
v -0.02302831 0.04464501 0.00859675
v -0.02427258 0.04471288 0.00373255
v -0.02323388 0.04800292 0.00803331
v -0.02452441 0.04473192 -0.00112477
v -0.02383801 0.04471141 -0.00595151
v -0.02385168 0.04800292 -0.00594562
v -0.01968334 0.04800292 -0.00434502
v -0.02220983 0.04800292 -0.01053493
v -0.01612475 0.04800292 -0.00209418
v -0.01501318 0.04800292 0.00451354
v -0.01760656 0.04800292 0.00862035
v -0.01496105 0.04800292 0.01207633
v -0.02110668 0.04800292 0.01260214
v -0.01808850 0.04800292 0.01664846
v -0.01423742 0.04800292 0.02004802
v -0.01772082 0.04446336 0.01699123
v -0.01393774 0.04448436 0.02021822
v -0.00936108 0.04457225 0.02269941
v -0.01365783 0.04108592 0.02037964
v -0.00907775 0.04128465 0.02278854
v -0.00387438 0.04145506 0.02422490
v -0.00881335 0.03836913 0.02292002
v -0.00359118 0.03861620 0.02427940
v 0.00184620 0.03867235 0.02448561
v -0.00331713 0.03610838 0.02430300
v 0.00208753 0.03616795 0.02446224
v 0.00723951 0.03589403 0.02341872
v 0.00229444 0.03431249 0.02445538
v 0.00742139 0.03392577 0.02338368
v 0.01202039 0.03324510 0.02140335
v 0.00755115 0.03209813 0.02336807
v 0.01212501 0.03122606 0.02135685
v 0.01221644 0.02954198 0.02129810
v 0.01589222 0.02484032 0.01871499
v 0.01830689 0.02463670 0.01630734
v 0.01582740 0.02279100 0.01877822
v 0.01845069 0.02271483 0.01617605
v 0.02085438 0.02416942 0.01295559
v -0.00281530 0.04800292 -0.00706026
v -0.00158398 0.04800292 -0.01130420
v 0.01167408 -0.04799708 -0.02166827
v 0.00762232 -0.04799708 -0.02338554
v 0.01465284 -0.02304005 -0.01971579
v 0.01101099 -0.02284279 -0.02199282
v 0.01438599 -0.02119777 -0.01991935
v 0.01144971 -0.02175148 -0.02293383
v 0.01730762 -0.02238136 -0.01742965
v 0.04800416 0.00661376 0.00999163
v 0.04800416 -0.01875539 0.01591409
v 0.04113917 -0.02181691 0.01121272
v 0.04450782 -0.02192628 0.01109052
v 0.03848877 -0.02388722 0.00566673
v 0.04137415 -0.02391212 0.00549612
v 0.03617750 -0.02456349 -0.00040569
v 0.03867554 -0.02456496 -0.00058434
v 0.03408057 -0.02371779 -0.00633132
v 0.03596375 -0.02364845 -0.00651823
v 0.03057447 -0.01856056 -0.01608215
v 0.02715418 -0.01520119 -0.01922373
v 0.02900062 -0.01510890 -0.01931067
v 0.02683265 -0.01060646 -0.02207844
v 0.02833460 -0.01057521 -0.02208302
v 0.02683472 -0.00526564 -0.02399759
v 0.02812842 -0.00524953 -0.02398019
v 0.02492750 -0.00021437 -0.02460222
v 0.02414246 0.00459911 -0.02643271
v 0.02416077 0.00456932 -0.02496218
v 0.02412647 0.00456932 -0.02776311
v 0.02258753 0.00955663 -0.02646729
v 0.02260608 0.00955467 -0.02490551
v 0.02257544 0.00953319 -0.02808217
v 0.02023939 0.01385253 -0.02650734
v 0.02023658 0.01388475 -0.02460881
v 0.01767945 0.01701708 -0.02549690
v 0.01764515 0.01705809 -0.02348588
v 0.01496790 0.01946727 -0.02612888
v 0.01775599 0.01695165 -0.02767407
v 0.01504590 0.01940624 -0.02818351
v 0.01122620 0.02183788 -0.02927150
v 0.01507752 0.01939012 -0.03006001
v 0.01123841 0.02183836 -0.03102604
v 0.00653345 0.02366844 -0.03187644
v 0.01125464 0.02183544 -0.03297957
v 0.00649170 0.02367528 -0.03367669
v 0.00121180 0.02454588 -0.03400832
v 0.00641175 0.02366942 -0.03564226
v 0.00108106 0.02454784 -0.03592912
v -0.00427331 0.02416649 -0.03386756
v -0.00444714 0.02409813 -0.03577944
v 0.00093177 0.02455370 -0.03845481
v -0.00464782 0.02409325 -0.03834680
v -0.00973840 0.02254784 -0.03537728
v -0.00992687 0.02245653 -0.03804064
v -0.01431750 0.01992919 -0.03494764
v -0.01450170 0.01982567 -0.03774808
v -0.01828588 0.01637108 -0.03774581
v -0.01467028 0.01964159 -0.04086526
v -0.01848278 0.01612889 -0.04089285
v -0.02148339 0.01188670 -0.03811466
v -0.02161816 0.01159520 -0.04115254
v -0.02379638 0.00601366 -0.04139440
v -0.02183373 0.01128710 -0.04451096
v -0.02387426 0.00574754 -0.04461771
v -0.02454553 -0.00025001 -0.04149011
v -0.02454199 -0.00041554 -0.04464870
v -0.02362976 -0.00654201 -0.04138002
v -0.02365331 -0.00662697 -0.04460600
v -0.02129357 -0.01225929 -0.04451967
v -0.02127526 -0.01222218 -0.04116411
v -0.01779443 -0.01690480 -0.04445776
v -0.01781701 -0.01686476 -0.04103023
v -0.01349352 -0.02052003 -0.04113231
v -0.01339367 -0.02058595 -0.04450130
v -0.00816467 -0.02310499 -0.04132856
v -0.00807080 -0.02318556 -0.04458483
v -0.00224743 -0.02442921 -0.04144967
v -0.00215136 -0.02445802 -0.04463622
v 0.00378907 -0.02423634 -0.04139535
v 0.00369092 -0.02425880 -0.03852376
v 0.00389100 -0.02424806 -0.04461589
v 0.00943982 -0.02264064 -0.04121111
v 0.00931702 -0.02271242 -0.03824221
v 0.01416712 -0.02006154 -0.03793511
v 0.01405677 -0.02012111 -0.03518537
v 0.01802540 -0.01666554 -0.03516544
v 0.01796021 -0.01673585 -0.03272928
v 0.02127698 -0.01224708 -0.03337732
v 0.02128858 -0.01223048 -0.03148923
v 0.01790259 -0.01680714 -0.03074814
v 0.02362977 -0.00668703 -0.03227273
v 0.02366797 -0.00654494 -0.03076319
v 0.02358704 -0.00681447 -0.03405179
v 0.02455347 -0.00117335 -0.03424940
v 0.02455811 -0.00105226 -0.03251141
v 0.02456043 -0.00093019 -0.03109226
v 0.02416492 0.00436424 -0.03216669
v 0.02414075 0.00445458 -0.03064989
v 0.02265906 0.00935106 -0.03131785
v 0.02260328 0.00944090 -0.02963045
v 0.02413001 0.00451952 -0.02918786
v 0.02035206 0.01369774 -0.03038179
v 0.02025611 0.01381200 -0.02841301
v 0.01784669 0.01687938 -0.02979048
v 0.01791565 0.01679442 -0.03202827
v 0.01508729 0.01939940 -0.03224813
v 0.01797767 0.01673534 -0.03460197
v 0.01509009 0.01939256 -0.03475414
v 0.01122376 0.02184569 -0.03518800
v 0.01507093 0.01940624 -0.03757211
v 0.01113807 0.02187547 -0.03793514
v 0.00631556 0.02372557 -0.03827945
v 0.01104883 0.02190526 -0.04101563
v 0.00619422 0.02375682 -0.04123077
v 0.00077100 0.02453710 -0.04134167
v 0.00604346 0.02382225 -0.04453111
v 0.00059986 0.02454979 -0.04456638
v -0.00483044 0.02404003 -0.04127351
v -0.00500268 0.02405565 -0.04454428
v -0.01011169 0.02236766 -0.04108225
v -0.01029199 0.02229100 -0.04446046
v -0.01490283 0.01953026 -0.04438104
v -0.01045239 0.02225438 -0.04799921
v -0.01511950 0.01939549 -0.04799921
v -0.01872424 0.01588524 -0.04440295
v -0.01902954 0.01561083 -0.04799921
v -0.02203430 0.01090965 -0.04799921
v -0.01641101 0.01287401 -0.04799921
v -0.01898071 0.00917626 -0.04799921
v -0.02397619 0.00545213 -0.04799921
v -0.02053369 0.00457225 -0.04799921
v -0.02458251 -0.00058009 -0.04799921
v -0.02098339 -0.00053371 -0.04799921
v -0.02367004 -0.00666847 -0.04799921
v -0.01999731 -0.00554884 -0.04799921
v -0.02130956 -0.01226027 -0.04799921
v -0.01773083 -0.01008107 -0.04799921
v -0.01778918 -0.01697511 -0.04799921
v -0.01461389 -0.01400978 -0.04799921
v -0.01326330 -0.02070802 -0.04799921
v -0.01073486 -0.01707521 -0.04799921
v -0.00789868 -0.02328175 -0.04799921
v -0.00624706 -0.01938234 -0.04799921
v -0.00202563 -0.02451320 -0.04799921
v -0.00142150 -0.02020900 -0.04799921
v 0.00396827 -0.02426417 -0.04799921
v 0.00353907 -0.02018068 -0.04799921
v 0.00967981 -0.02261818 -0.04799921
v 0.00956409 -0.02261134 -0.04453430
v 0.00828687 -0.01868263 -0.04799921
v 0.01459485 -0.01978517 -0.04799921
v 0.01443799 -0.01986915 -0.04444199
v 0.01838270 -0.01628273 -0.04444901
v 0.01821131 -0.01643410 -0.04098431
v 0.01426978 -0.01993165 -0.04101076
v 0.02137415 -0.01205958 -0.04117588
v 0.02132972 -0.01217921 -0.03820024
v 0.01810157 -0.01657033 -0.03789988
v 0.02355347 -0.00693263 -0.03851174
v 0.02354603 -0.00688722 -0.03596105
v 0.02127894 -0.01224708 -0.03555060
v 0.02454224 -0.00137355 -0.03862976
v 0.02454969 -0.00128175 -0.03613477
v 0.02420069 0.00402733 -0.03844246
v 0.02415687 0.00414842 -0.03585545
v 0.02416822 0.00426854 -0.03392130
v 0.02276392 0.00913280 -0.03538879
v 0.02273011 0.00927001 -0.03326496
v 0.02053980 0.01340526 -0.03487981
v 0.02044446 0.01356786 -0.03252676
v 0.02068152 0.01322704 -0.03774347
v 0.01806629 0.01662743 -0.03748767
v 0.01816199 0.01649706 -0.04074839
v 0.01506263 0.01939794 -0.04080542
v 0.01506666 0.01939940 -0.04433962
v 0.01093543 0.02197069 -0.04443604
v 0.01510413 0.01941307 -0.04799921
v 0.01081275 0.02208739 -0.04799921
v 0.00587269 0.02387840 -0.04799921
v 0.00486085 0.01940086 -0.04799921
v 0.00042884 0.02459715 -0.04799921
v 0.00018592 0.01997606 -0.04799921
v -0.00515307 0.02405614 -0.04799921
v -0.00456140 0.01955858 -0.04799921
v -0.00913598 0.01832713 -0.04799921
v -0.00407006 0.01542772 -0.04799921
v -0.00782409 0.01448973 -0.04799921
v -0.01308178 0.01594920 -0.04799921
v -0.01127770 0.01258544 -0.04799921
v -0.01404296 0.01018407 -0.04799921
v -0.00963183 0.00899852 -0.04799921
v -0.01178710 0.00696874 -0.04799921
v -0.01602404 0.00747753 -0.04799921
v -0.00847729 0.00558251 -0.04799921
v -0.01030151 0.00396434 -0.04799921
v -0.00901135 0.00107323 -0.04799921
v -0.01085583 -0.00060011 -0.04799921
v -0.00757165 -0.00153761 -0.04799921
v -0.00941406 -0.00338722 -0.04799921
v -0.01341406 -0.00245509 -0.04799921
v -0.01180944 -0.00562355 -0.04799921
v -0.01664489 -0.00425294 -0.04799921
v -0.01751928 -0.00026906 -0.04799921
v -0.01465246 -0.00793458 -0.04799921
v -0.00943359 -0.00828615 -0.04799921
v -0.01189648 -0.01118507 -0.04799921
v -0.00655151 -0.01028224 -0.04799921
v -0.00852795 -0.01367140 -0.04799921
v -0.00472033 -0.01540431 -0.04799921
v -0.00340197 -0.01155861 -0.04799921
v -0.00087622 -0.01616505 -0.04799921
v -0.00029296 -0.01211476 -0.04799921
v 0.00307288 -0.01603175 -0.04799921
v 0.00279981 -0.01202247 -0.04799921
v 0.00691480 -0.01480519 -0.04799921
v 0.01022767 -0.01269630 -0.04799921
v 0.01239820 -0.01623439 -0.04799921
v 0.01271070 -0.01012990 -0.04799921
v 0.01549195 -0.01300783 -0.04799921
v 0.01800220 -0.00932667 -0.04799921
v 0.02167762 -0.01165919 -0.04799921
v 0.01858887 -0.01610158 -0.04799921
v 0.02368458 -0.00664357 -0.04799921
v 0.02360535 -0.00680861 -0.04460225
v 0.02151929 -0.01189601 -0.04453196
v 0.02452747 -0.00143849 -0.04462694
v 0.02452356 -0.00143849 -0.04144736
v 0.02354065 -0.00690724 -0.04138081
v 0.02426111 0.00381249 -0.04457493
v 0.02419446 0.00389501 -0.04133683
v 0.02302076 0.00862450 -0.04448966
v 0.02290394 0.00881981 -0.04112609
v 0.02097535 0.01281981 -0.04439325
v 0.02079639 0.01302342 -0.04089492
v 0.02284522 0.00899413 -0.03810317
v 0.02113160 0.01257665 -0.04799921
v 0.01848401 0.01622362 -0.04799921
v 0.01829969 0.01635790 -0.04432118
v 0.01593494 0.01336669 -0.04799921
v 0.01282276 0.01602733 -0.04799921
v 0.01091541 0.01242772 -0.04799921
v 0.00765662 0.01411961 -0.04799921
v 0.00915113 0.01798241 -0.04799921
v 0.00634522 0.01035790 -0.04799921
v 0.00311744 0.01136864 -0.04799921
v 0.00395313 0.01530028 -0.04799921
v -0.00003906 0.01577245 -0.04799921
v -0.00026586 0.01174022 -0.04799921
v -0.00366284 0.01142235 -0.04799921
v -0.00057250 0.00796141 -0.04799921
v -0.00336596 0.00772460 -0.04799921
v -0.00686596 0.01060057 -0.04799921
v -0.00611816 0.00695018 -0.04799921
v -0.00337792 0.00423143 -0.04799921
v -0.00097363 0.00438963 -0.04799921
v 0.00166944 0.00411229 -0.04799921
v 0.00082667 0.00096776 -0.04799921
v -0.00150952 0.00114989 -0.04799921
v 0.00234498 0.00768114 -0.04799921
v 0.00528882 0.00684911 -0.04799921
v 0.00423829 0.00349461 -0.04799921
v 0.00688123 0.00235155 -0.04799921
v 0.00323975 0.00052196 -0.04799921
v 0.00805176 0.00552977 -0.04799921
v 0.01082935 0.00369335 -0.04799921
v 0.00932044 0.00876952 -0.04799921
v 0.01200672 0.00681639 -0.04799921
v 0.01370362 0.01012303 -0.04799921
v 0.01373511 0.00156737 -0.04799921
v 0.01276319 -0.00151076 -0.04799921
v 0.00967457 0.00063329 -0.04799921
v 0.01705335 -0.00007912 -0.04799921
v 0.01619629 -0.00368996 -0.04799921
v 0.01469739 -0.00695656 -0.04799921
v 0.01148279 -0.00445607 -0.04799921
v 0.02079236 -0.00094777 -0.04799921
v 0.01985279 -0.00527052 -0.04799921
v 0.02430323 0.00374852 -0.04799921
v 0.02455079 -0.00139650 -0.04799921
v 0.02311304 0.00839647 -0.04799921
v 0.00987195 -0.00719923 -0.04799921
v 0.00714600 -0.00464943 -0.04799921
v 0.00846900 -0.00216115 -0.04799921
v 0.00462269 -0.00298634 -0.04799921
v 0.00575391 -0.00047706 -0.04799921
v 0.00225538 -0.00228810 -0.04799921
v 0.00129700 -0.00508937 -0.04799921
v -0.00011035 -0.00196974 -0.04799921
v -0.00105651 -0.00475001 -0.04799921
v -0.00238024 -0.00176222 -0.04799921
v -0.00344836 -0.00419435 -0.04799921
v -0.00557397 -0.00327003 -0.04799921
v -0.00485424 -0.00726564 -0.04799921
v -0.00730956 -0.00560402 -0.04799921
v -0.00221203 -0.00810548 -0.04799921
v 0.00047144 -0.00840333 -0.04799921
v 0.01826685 0.01049803 -0.04799921
v 0.02300208 0.04457079 0.00867177
v 0.02429273 0.04465624 0.00363592
v 0.02299488 0.04800292 0.00872437
v -0.01861279 0.01594481 0.03070622
v -0.02150744 0.01172557 0.02809191
v -0.02144348 0.01187401 0.02972794
v -0.02363220 0.00660497 0.02784572
v -0.02423437 -0.02168800 0.01151993
v -0.02274951 -0.02179835 0.01134589
v -0.00353942 0.00662645 0.04800079
v 0.00038648 -0.04799708 -0.00956425
v -0.03151086 -0.02084230 -0.01294549
v -0.03341381 -0.02080519 -0.01301200
v -0.03533984 -0.01794630 -0.01673911
v -0.04153149 -0.00509181 -0.02402190
v -0.01671191 -0.04799708 -0.01199212
v -0.04799584 -0.00306251 0.00373386
v -0.04799584 -0.00628615 0.00216013
v -0.04799584 -0.00784767 0.00464079
v -0.04799584 -0.00961867 0.00051481
v -0.04799584 -0.01092384 0.00290962
v -0.01855334 -0.02305177 -0.01608905
v -0.02441613 -0.03119923 0.00274831
v -0.02305358 -0.03201271 0.00844930
v -0.02298437 -0.03385109 0.00863249
v -0.02025268 -0.03538771 0.01384205
f 1 2 3
f 1 4 5
f 1 6 7
f 1 5 8
f 1 8 6
f 9 10 11
f 9 12 10
f 9 13 12
f 9 14 13
f 9 11 15
f 2 16 3
f 2 17 16
f 2 7 18
f 19 20 21
f 19 22 23
f 19 24 22
f 19 23 25
f 19 26 20
f 27 28 29
f 27 30 31
f 27 32 30
f 27 33 28
f 27 31 34
f 35 36 37
f 35 37 38
f 35 39 40
f 41 42 43
f 41 44 42
f 41 45 44
f 41 46 45
f 41 47 46
f 42 48 49
f 42 50 43
f 42 49 50
f 51 52 53
f 51 54 52
f 51 55 56
f 57 58 59
f 57 60 61
f 57 62 63
f 57 64 62
f 65 66 67
f 65 10 66
f 65 67 68
f 65 69 11
f 70 71 72
f 70 73 71
f 70 74 75
f 70 76 33
f 70 75 76
f 77 78 79
f 77 80 78
f 77 81 82
f 77 82 83
f 84 85 86
f 84 36 85
f 84 86 87
f 84 87 37
f 88 89 90
f 88 91 89
f 88 90 92
f 88 64 61
f 88 93 64
f 94 95 96
f 94 97 98
f 94 96 99
f 100 101 102
f 100 103 104
f 100 105 106
f 107 108 109
f 107 110 108
f 107 111 112
f 113 114 115
f 113 116 117
f 113 118 114
f 119 120 121
f 119 122 123
f 119 124 120
f 125 126 127
f 125 128 129
f 125 130 126
f 131 132 133
f 131 133 134
f 131 135 136
f 137 138 139
f 137 140 138
f 137 141 140
f 142 143 144
f 142 145 146
f 142 147 145
f 148 149 150
f 148 151 152
f 148 152 153
f 154 155 156
f 154 157 155
f 154 158 157
f 159 160 161
f 159 162 163
f 159 163 164
f 165 166 167
f 165 26 168
f 165 168 169
f 170 171 172
f 170 173 174
f 170 175 176
f 177 178 179
f 177 179 180
f 177 181 182
f 183 184 185
f 183 186 187
f 183 188 184
f 189 190 191
f 189 192 190
f 189 193 194
f 195 196 197
f 195 198 199
f 195 197 200
f 201 202 203
f 201 204 202
f 201 205 206
f 207 208 209
f 207 210 211
f 207 209 212
f 213 214 215
f 213 216 217
f 213 218 216
f 219 220 221
f 219 221 222
f 219 223 220
f 224 225 226
f 224 227 228
f 224 229 225
f 230 231 232
f 230 233 234
f 230 235 236
f 237 238 239
f 237 240 241
f 237 241 242
f 242 243 244
f 242 245 238
f 242 241 243
f 246 247 248
f 246 241 249
f 246 250 247
f 251 252 253
f 251 250 254
f 251 255 252
f 256 257 258
f 256 255 259
f 256 260 257
f 261 262 263
f 261 260 264
f 261 265 262
f 266 267 262
f 266 265 268
f 266 268 269
f 269 270 271
f 269 268 272
f 269 272 270
f 273 274 275
f 273 272 276
f 273 277 274
f 278 279 280
f 278 277 281
f 278 282 279
f 283 284 285
f 283 282 286
f 283 287 284
f 288 289 284
f 288 287 290
f 288 291 292
f 292 291 293
f 292 293 294
f 292 295 289
f 296 295 297
f 296 298 299
f 296 299 300
f 299 301 302
f 299 302 303
f 303 285 300
f 303 302 304
f 303 304 305
f 305 280 279
f 305 304 306
f 305 306 280
f 307 306 308
f 307 309 275
f 307 275 274
f 310 309 311
f 310 312 271
f 310 271 270
f 313 312 314
f 313 314 315
f 313 316 267
f 315 314 317
f 315 317 263
f 315 263 316
f 318 317 319
f 318 319 258
f 318 258 257
f 320 319 321
f 320 322 253
f 320 253 252
f 323 322 324
f 323 325 248
f 323 248 247
f 326 325 327
f 326 328 244
f 326 244 243
f 329 328 330
f 329 331 332
f 329 332 245
f 332 333 334
f 332 334 335
f 334 336 337
f 334 337 338
f 338 337 339
f 338 340 239
f 338 239 335
f 341 342 240
f 341 340 343
f 341 344 342
f 345 346 347
f 345 344 348
f 345 349 346
f 350 351 352
f 350 349 353
f 350 354 351
f 355 356 357
f 355 354 358
f 355 359 356
f 360 361 362
f 360 359 363
f 360 364 361
f 365 366 367
f 365 364 368
f 365 369 366
f 370 371 366
f 370 369 372
f 370 372 373
f 373 374 371
f 373 372 375
f 373 375 374
f 376 377 378
f 376 375 379
f 376 380 377
f 381 382 383
f 381 380 384
f 381 385 382
f 386 387 388
f 386 385 389
f 386 390 387
f 390 389 391
f 390 392 13
f 392 391 393
f 392 394 395
f 395 396 397
f 395 394 398
f 395 398 399
f 399 400 401
f 399 398 402
f 399 402 400
f 403 404 405
f 403 402 406
f 403 407 404
f 408 409 410
f 408 407 411
f 408 412 409
f 413 414 415
f 413 412 416
f 413 417 414
f 418 419 414
f 418 417 420
f 418 421 422
f 422 423 419
f 422 421 424
f 422 424 425
f 425 426 423
f 425 424 427
f 425 427 428
f 428 429 426
f 428 427 430
f 428 430 431
f 431 432 433
f 431 430 434
f 431 434 435
f 435 436 437
f 435 434 438
f 435 438 436
f 439 440 441
f 439 438 442
f 439 442 440
f 443 444 445
f 443 442 446
f 443 447 444
f 448 449 450
f 448 447 451
f 448 452 449
f 453 454 455
f 453 452 456
f 453 457 454
f 458 459 460
f 458 457 461
f 458 462 459
f 463 464 465
f 463 462 466
f 463 467 464
f 468 469 470
f 468 467 471
f 468 472 469
f 473 474 475
f 473 472 98
f 473 476 477
f 477 478 474
f 477 476 479
f 477 479 480
f 480 481 482
f 480 483 478
f 480 479 481
f 484 485 486
f 484 479 487
f 484 488 485
f 489 490 491
f 489 488 99
f 489 492 490
f 493 494 495
f 493 492 496
f 493 497 494
f 498 499 500
f 498 497 501
f 498 501 499
f 502 503 504
f 502 501 505
f 502 506 503
f 505 507 508
f 505 509 506
f 505 501 510
f 509 508 511
f 509 512 140
f 512 511 456
f 512 513 514
f 514 513 515
f 514 515 516
f 514 517 518
f 517 516 519
f 517 520 138
f 520 519 521
f 520 522 139
f 523 522 524
f 523 525 503
f 523 503 141
f 525 524 526
f 525 527 504
f 528 527 529
f 528 530 500
f 528 500 499
f 531 530 532
f 531 533 495
f 531 495 494
f 534 533 535
f 534 535 536
f 534 491 490
f 536 535 537
f 536 537 538
f 536 486 491
f 538 537 539
f 538 539 482
f 538 482 481
f 540 539 541
f 540 542 543
f 540 543 483
f 543 544 545
f 543 545 546
f 545 547 548
f 545 548 549
f 549 548 550
f 549 550 551
f 549 552 546
f 551 550 553
f 551 554 475
f 551 475 552
f 555 554 556
f 555 557 470
f 555 470 469
f 558 557 559
f 558 560 465
f 558 465 464
f 561 560 122
f 561 121 460
f 561 460 459
f 562 121 120
f 562 563 455
f 562 455 454
f 564 563 565
f 564 566 450
f 564 450 449
f 567 566 568
f 567 569 445
f 567 445 444
f 570 569 571
f 570 572 441
f 570 441 440
f 573 572 574
f 573 575 437
f 573 437 436
f 576 575 577
f 576 578 433
f 576 433 432
f 579 578 580
f 579 581 582
f 579 582 429
f 583 581 584
f 583 585 586
f 583 587 582
f 586 585 588
f 586 588 589
f 586 590 587
f 589 588 591
f 589 591 592
f 589 593 590
f 592 591 594
f 592 594 595
f 592 415 593
f 595 594 596
f 595 596 410
f 595 410 409
f 597 596 598
f 597 599 405
f 597 405 404
f 600 599 601
f 600 602 401
f 600 401 400
f 602 601 603
f 602 604 605
f 603 606 607
f 603 608 604
f 603 601 606
f 609 610 611
f 609 601 599
f 609 598 612
f 612 39 610
f 612 598 613
f 612 613 614
f 614 615 39
f 614 613 616
f 614 616 617
f 617 618 615
f 617 616 619
f 617 619 620
f 620 621 622
f 620 619 623
f 620 623 621
f 624 625 626
f 624 623 585
f 624 584 625
f 627 628 629
f 627 584 581
f 627 580 628
f 630 631 632
f 630 580 578
f 630 577 631
f 633 634 631
f 633 577 575
f 633 574 634
f 635 636 637
f 635 574 572
f 635 571 636
f 638 639 640
f 638 571 569
f 638 568 639
f 641 642 643
f 641 568 566
f 641 565 642
f 643 644 645
f 643 646 639
f 643 642 644
f 647 648 649
f 647 642 650
f 647 124 648
f 649 651 652
f 649 653 644
f 649 648 651
f 654 556 651
f 654 648 123
f 654 559 557
f 655 553 656
f 655 656 652
f 655 556 554
f 656 657 658
f 656 658 659
f 659 658 660
f 659 660 661
f 659 661 653
f 661 662 663
f 661 663 645
f 663 664 665
f 663 665 646
f 665 666 667
f 665 667 640
f 667 668 637
f 667 637 636
f 669 668 670
f 669 671 672
f 669 673 637
f 672 671 674
f 672 674 675
f 672 632 673
f 675 674 676
f 675 676 629
f 675 629 628
f 677 676 678
f 677 679 626
f 677 626 625
f 680 679 681
f 680 682 622
f 680 622 621
f 683 682 684
f 683 685 686
f 683 686 618
f 687 685 688
f 687 689 36
f 687 40 686
f 688 690 691
f 688 692 689
f 688 685 690
f 692 691 693
f 692 694 85
f 694 693 695
f 694 696 697
f 698 696 699
f 698 699 700
f 698 700 86
f 700 701 702
f 700 703 701
f 704 705 706
f 704 703 707
f 704 708 705
f 709 710 711
f 709 708 712
f 709 713 710
f 714 715 716
f 714 713 717
f 714 718 715
f 719 720 721
f 719 718 722
f 719 723 720
f 724 725 720
f 724 723 726
f 724 727 725
f 728 729 730
f 728 727 731
f 728 732 729
f 733 732 734
f 733 735 736
f 733 736 737
f 737 736 738
f 737 738 739
f 737 740 729
f 740 739 741
f 740 742 730
f 743 744 725
f 743 742 745
f 743 746 747
f 747 746 748
f 747 749 750
f 747 721 744
f 750 749 751
f 750 751 716
f 750 716 715
f 752 751 753
f 752 754 711
f 752 711 710
f 755 754 756
f 755 757 706
f 755 706 705
f 758 757 759
f 758 760 702
f 758 702 701
f 760 759 761
f 760 762 87
f 762 761 763
f 762 764 765
f 766 764 767
f 766 768 38
f 766 38 37
f 769 768 770
f 769 771 772
f 769 772 773
f 772 774 775
f 772 775 611
f 775 776 607
f 775 607 606
f 777 776 778
f 777 779 780
f 777 780 608
f 780 781 782
f 780 783 66
f 782 781 784
f 782 784 785
f 782 786 783
f 786 785 787
f 786 787 67
f 787 788 789
f 787 789 68
f 790 789 791
f 790 792 793
f 790 793 69
f 793 794 795
f 793 795 796
f 795 797 798
f 795 798 799
f 799 15 796
f 799 798 294
f 799 294 293
f 800 798 801
f 800 802 297
f 800 297 295
f 803 802 804
f 803 804 805
f 803 805 298
f 805 806 807
f 805 807 301
f 807 808 809
f 807 809 810
f 809 811 812
f 809 812 813
f 813 814 810
f 813 812 815
f 813 815 816
f 816 817 814
f 816 815 818
f 816 818 819
f 819 308 817
f 819 818 820
f 819 820 821
f 821 820 822
f 821 822 823
f 821 311 309
f 823 822 824
f 823 824 825
f 823 826 311
f 825 824 827
f 825 827 828
f 825 829 826
f 828 827 830
f 828 830 831
f 828 832 829
f 831 830 833
f 831 833 834
f 831 321 832
f 834 833 835
f 834 835 324
f 834 324 322
f 836 835 837
f 836 837 327
f 836 327 325
f 838 837 839
f 838 840 330
f 838 330 328
f 841 840 106
f 841 106 105
f 841 842 331
f 842 105 843
f 842 843 333
f 843 102 844
f 843 844 336
f 844 845 846
f 844 847 848
f 847 846 849
f 847 850 848
f 851 850 852
f 851 853 339
f 851 339 337
f 854 853 855
f 854 856 343
f 854 343 340
f 857 348 344
f 857 856 858
f 857 859 348
f 860 353 349
f 860 859 861
f 860 862 353
f 863 358 354
f 863 862 864
f 863 865 358
f 866 363 359
f 866 865 867
f 866 868 363
f 869 368 364
f 869 868 870
f 869 871 368
f 872 873 369
f 872 871 874
f 872 875 873
f 876 877 372
f 876 875 878
f 876 879 877
f 880 379 877
f 880 879 50
f 880 881 379
f 882 384 380
f 882 881 49
f 882 883 384
f 884 389 385
f 884 883 885
f 884 886 389
f 886 885 887
f 886 888 391
f 888 887 889
f 888 890 393
f 891 892 394
f 891 890 893
f 891 894 895
f 895 896 892
f 895 894 897
f 895 897 898
f 898 406 896
f 898 897 899
f 898 899 900
f 900 411 407
f 900 899 901
f 900 901 411
f 902 416 412
f 902 901 903
f 902 904 416
f 905 420 417
f 905 904 906
f 905 907 420
f 908 909 421
f 908 907 910
f 908 911 912
f 912 913 909
f 912 911 914
f 912 914 915
f 915 916 913
f 915 914 917
f 915 917 918
f 918 919 916
f 918 917 920
f 918 920 921
f 921 922 919
f 921 920 923
f 921 923 924
f 924 925 922
f 924 923 926
f 924 926 927
f 927 446 925
f 927 926 516
f 927 516 515
f 926 928 519
f 928 923 929
f 928 118 521
f 920 930 929
f 930 917 931
f 930 932 114
f 932 931 933
f 932 934 115
f 935 934 529
f 935 529 527
f 935 526 115
f 936 934 933
f 936 937 532
f 936 532 530
f 938 937 939
f 938 940 941
f 938 941 533
f 942 940 943
f 942 944 945
f 942 946 941
f 945 944 947
f 945 947 948
f 945 949 946
f 948 947 950
f 948 950 951
f 948 541 949
f 951 950 952
f 951 952 953
f 951 953 542
f 953 954 955
f 953 955 544
f 955 956 957
f 955 957 547
f 957 958 959
f 957 959 960
f 959 961 962
f 959 962 963
f 963 962 964
f 963 965 966
f 963 966 960
f 964 962 967
f 964 967 968
f 964 969 965
f 968 967 970
f 968 970 971
f 968 972 969
f 972 971 973
f 972 973 662
f 973 974 975
f 973 975 664
f 975 976 977
f 975 977 666
f 977 978 670
f 977 670 668
f 979 978 980
f 979 981 982
f 979 982 671
f 983 981 984
f 983 985 986
f 983 987 982
f 986 985 988
f 986 988 678
f 986 678 676
f 989 988 990
f 989 991 681
f 989 681 679
f 992 991 993
f 992 994 684
f 992 684 682
f 994 993 995
f 994 996 690
f 996 995 997
f 996 998 691
f 998 997 999
f 998 1000 693
f 1000 999 1001
f 1000 1002 695
f 1003 1002 1004
f 1003 1005 1006
f 1003 1007 695
f 1006 1005 1008
f 1006 1008 1009
f 1006 1010 1007
f 1010 1009 1011
f 1010 707 703
f 1011 712 708
f 1011 1009 1012
f 1011 1013 712
f 1014 717 713
f 1014 1013 1015
f 1014 1016 717
f 1017 722 718
f 1017 1016 1018
f 1017 1019 722
f 1020 726 723
f 1020 1019 1021
f 1020 1022 726
f 1023 731 727
f 1023 1022 1024
f 1023 1025 731
f 1026 734 732
f 1026 1025 1027
f 1026 1028 734
f 1029 1030 735
f 1029 1028 1031
f 1029 1032 1030
f 1033 1034 1035
f 1033 1032 1036
f 1033 1037 1034
f 1037 1036 1038
f 1037 1039 1040
f 1039 1038 1041
f 1039 1042 209
f 1042 1041 1043
f 1042 1044 212
f 1045 1046 212
f 1045 1044 1047
f 1045 1047 1048
f 1048 1047 234
f 1048 234 233
f 1048 1049 1046
f 1050 211 210
f 1050 1049 1051
f 1050 1052 211
f 1053 1054 208
f 1053 1052 1055
f 1053 1056 1054
f 1057 1035 1034
f 1057 1056 1058
f 1057 1059 1035
f 1059 1058 1060
f 1059 1061 1062
f 1060 1058 1063
f 1060 1063 1064
f 1060 1065 1061
f 1065 1064 1066
f 1065 1066 738
f 1066 1067 1068
f 1066 1068 739
f 1068 1069 1070
f 1068 1070 741
f 1071 745 742
f 1071 1070 1072
f 1071 1073 745
f 1074 748 746
f 1074 1073 1075
f 1074 1076 748
f 1077 1078 748
f 1077 1076 1079
f 1077 1080 1078
f 1081 1080 90
f 1081 1082 753
f 1081 753 751
f 1083 1082 89
f 1083 1084 756
f 1083 756 754
f 1085 1084 1086
f 1085 1087 759
f 1085 759 757
f 1087 1086 1088
f 1087 1089 761
f 1089 1088 1090
f 1089 1091 763
f 1092 1091 1093
f 1092 1094 767
f 1092 767 764
f 1095 1094 1096
f 1095 1097 1098
f 1095 770 767
f 1098 1097 1099
f 1098 1099 1100
f 1098 1100 771
f 1100 1101 1102
f 1100 1102 774
f 1102 1103 778
f 1102 778 776
f 1104 1103 1105
f 1104 1106 1107
f 1104 1107 779
f 1107 1108 1109
f 1107 1109 781
f 1110 1108 1111
f 1110 1112 1113
f 1110 1114 1109
f 1114 1113 1115
f 1114 1116 784
f 1116 1115 1117
f 1116 1117 788
f 1117 1118 1119
f 1117 1119 1120
f 1119 1121 1122
f 1119 1122 1123
f 1123 1122 1124
f 1123 1125 1126
f 1123 791 1120
f 1126 1125 1127
f 1126 1127 1128
f 1126 1129 791
f 1129 1128 1130
f 1129 1131 794
f 1131 1130 1132
f 1131 1133 794
f 1133 1132 1134
f 1133 1135 797
f 1135 1134 1136
f 1135 1137 802
f 1136 1134 1138
f 1136 1138 1139
f 1136 1140 1137
f 1140 1139 1141
f 1140 1142 804
f 1142 1141 1143
f 1142 1144 806
f 1144 1143 1145
f 1144 1146 808
f 1146 1145 1147
f 1146 1148 811
f 1148 1147 1149
f 1148 1150 1151
f 1152 1153 1151
f 1152 1150 1154
f 1152 1155 1156
f 1156 1157 1153
f 1156 1155 1158
f 1156 1158 1159
f 1159 1160 1157
f 1159 1158 1161
f 1159 1161 1162
f 1162 1163 1160
f 1162 1161 1164
f 1162 1164 1165
f 1165 1166 1163
f 1165 1164 217
f 1165 217 216
f 1167 1164 1168
f 1167 1169 1170
f 1167 1171 217
f 1171 1170 1172
f 1171 1173 214
f 1173 1172 1174
f 1173 1175 215
f 1176 1175 1177
f 1176 1178 1179
f 1176 1179 218
f 1177 1175 1180
f 1177 1180 1181
f 1177 1182 1178
f 1181 1180 1183
f 1181 1183 1184
f 1181 1185 1182
f 1184 1183 1186
f 1184 1186 1187
f 1184 839 1185
f 1187 1186 1188
f 1187 1188 1189
f 1187 1190 839
f 1189 1188 1191
f 1189 1191 104
f 1189 103 1190
f 1191 1192 1193
f 1191 1193 104
f 1194 1193 1195
f 1194 1196 1197
f 1194 1197 101
f 1197 1198 845
f 1197 845 102
f 1198 1196 1199
f 1198 1199 846
f 1199 1200 1201
f 1199 1201 1202
f 1202 1201 1203
f 1202 1203 852
f 1202 852 850
f 1204 1203 1205
f 1204 1206 855
f 1204 855 853
f 1207 1206 1208
f 1207 1209 858
f 1207 858 856
f 1210 1209 1211
f 1210 1212 861
f 1210 861 859
f 1213 864 861
f 1213 1212 1214
f 1213 1215 1216
f 1216 867 864
f 1216 1215 1217
f 1216 1217 867
f 1218 870 868
f 1218 1217 1219
f 1218 1220 870
f 1221 874 871
f 1221 1220 1222
f 1221 1223 874
f 1224 878 875
f 1224 1223 1225
f 1224 1226 878
f 1226 1225 1227
f 1226 1228 1229
f 1228 1227 1230
f 1228 1231 47
f 1231 1230 1232
f 1231 1232 1233
f 1232 1234 1235
f 1232 1235 1236
f 1236 1237 1233
f 1236 1235 1238
f 1236 1238 1239
f 1239 1240 1241
f 1239 1238 1242
f 1239 1242 1240
f 1243 1244 1245
f 1243 1242 1246
f 1243 1247 1244
f 1248 1249 1250
f 1248 1247 1251
f 1248 1252 1249
f 1253 1254 1255
f 1253 1252 1256
f 1253 1257 1254
f 1258 1259 1260
f 1258 1257 1261
f 1258 1262 1259
f 1263 1264 1259
f 1263 1262 1265
f 1263 1266 1264
f 1267 1268 1269
f 1267 1266 1270
f 1267 1271 1268
f 1272 1273 1274
f 1272 1271 1275
f 1272 1276 1273
f 1277 1278 1279
f 1277 1276 187
f 1277 1280 1278
f 1281 1282 1278
f 1281 1280 1283
f 1281 1283 1284
f 1284 1285 1282
f 1284 1283 1286
f 1284 1286 1287
f 1287 1288 1285
f 1287 1286 1289
f 1287 1289 1290
f 1290 1291 1288
f 1290 1289 1292
f 1290 1292 1293
f 1293 1294 1291
f 1293 1292 1295
f 1293 1295 1296
f 1296 1295 1297
f 1296 1297 1298
f 1296 1299 1294
f 1300 1301 1302
f 1300 1302 1303
f 1300 1299 126
f 1302 1304 1305
f 1302 1306 1307
f 1307 1306 1308
f 1307 1309 1310
f 1307 1311 1303
f 1310 1309 1312
f 1310 1312 1313
f 1310 1314 1311
f 1313 1312 1315
f 1313 1316 1317
f 1313 1317 1285
f 1318 1316 1319
f 1318 1320 1321
f 1318 1321 1282
f 1322 1320 1323
f 1322 1324 1279
f 1322 1279 1278
f 1325 1324 1326
f 1325 1327 1274
f 1325 1274 1273
f 1328 1327 1329
f 1328 1330 1269
f 1328 1269 1268
f 1331 1330 1332
f 1331 1333 1334
f 1331 1335 1269
f 1334 1333 1336
f 1334 1336 1337
f 1334 1260 1335
f 1337 1336 1338
f 1337 1338 1339
f 1337 1255 1260
f 1339 1338 1340
f 1339 1341 1250
f 1339 1250 1249
f 1342 1341 1343
f 1342 1344 1245
f 1342 1245 1244
f 1345 1344 1346
f 1345 1347 1241
f 1345 1241 1240
f 1347 1346 1348
f 1347 1349 1350
f 1349 1348 1351
f 1349 1352 1353
f 1352 1351 1354
f 1352 1355 1356
f 1356 1357 1353
f 1356 1355 1358
f 1356 1358 1359
f 1359 1360 1361
f 1359 1358 1362
f 1359 1362 1360
f 1363 1364 1365
f 1363 1362 1366
f 1363 1367 1364
f 1368 1369 1370
f 1368 1367 1371
f 1368 1372 1369
f 1373 1374 1375
f 1373 1372 958
f 1373 956 1374
f 1375 1376 894
f 1375 893 1369
f 1375 1374 1376
f 1377 1378 1376
f 1377 1374 954
f 1377 952 1379
f 1372 1371 961
f 1371 1367 1380
f 1371 1380 1381
f 1380 1366 1382
f 1380 1383 1381
f 1382 1366 1384
f 1382 1384 1385
f 1382 1386 1383
f 1386 1385 1387
f 1386 1388 970
f 1388 1387 1389
f 1388 1389 974
f 1389 1390 1391
f 1389 1391 976
f 1391 1392 980
f 1391 980 978
f 1393 1392 1394
f 1393 1395 984
f 1393 984 981
f 1396 1395 1397
f 1396 4 1398
f 1396 1398 985
f 1395 1394 1399
f 1399 1400 1401
f 1399 1402 1397
f 1399 1394 1400
f 1403 1404 1354
f 1403 1394 1392
f 1403 1390 1404
f 1404 1405 1355
f 1404 1387 1385
f 1402 1401 1406
f 1402 1407 5
f 1407 1406 1408
f 1407 1409 1410
f 1410 1411 1412
f 1410 1409 1413
f 1410 1413 1414
f 1414 1415 1416
f 1414 1413 1417
f 1414 1417 1415
f 1418 1419 1420
f 1418 1417 1421
f 1418 1422 1419
f 1423 1424 1425
f 1423 1422 1426
f 1423 1427 1424
f 1428 1429 1430
f 1428 1427 1431
f 1428 1432 1429
f 1433 1434 1435
f 1433 1432 1436
f 1433 1437 1434
f 1438 1439 1440
f 1438 1437 1441
f 1438 1442 1439
f 1443 1444 1439
f 1443 1442 1445
f 1443 1446 1444
f 1447 1448 1449
f 1447 1446 1450
f 1447 1451 1448
f 1452 1451 1453
f 1452 1454 1455
f 1452 1455 1456
f 1456 1455 1457
f 1456 1457 1458
f 1456 1459 1448
f 1459 1458 1460
f 1459 1461 1449
f 1462 1463 1444
f 1462 1461 1464
f 1462 1465 1463
f 1466 1465 1467
f 1466 1468 1469
f 1466 1440 1463
f 1469 1468 1470
f 1469 1470 1435
f 1469 1435 1434
f 1471 1470 1472
f 1471 1473 1430
f 1471 1430 1429
f 1474 1473 1475
f 1474 1476 1425
f 1474 1425 1424
f 1477 1476 1478
f 1477 1479 1420
f 1477 1420 1419
f 1480 1479 1481
f 1480 1482 1416
f 1480 1416 1415
f 1482 1481 1483
f 1482 1484 1485
f 1484 1483 1486
f 1484 1487 6
f 1487 1486 1488
f 1487 1489 7
f 1489 1488 1490
f 1489 1491 1492
f 1492 1491 1493
f 1492 1493 1494
f 1492 1494 17
f 1494 1495 1496
f 1494 1496 1497
f 1496 1498 997
f 1496 997 995
f 1498 1495 1499
f 1498 1500 999
f 1500 1499 1501
f 1500 1502 1001
f 1503 1502 1504
f 1503 1505 1004
f 1503 1004 1002
f 1506 1505 1507
f 1506 1508 1509
f 1506 1509 1005
f 1510 1508 1511
f 1510 1512 1513
f 1510 1514 1509
f 1514 1513 1515
f 1514 1012 1008
f 1515 1513 1516
f 1515 1516 1015
f 1515 1015 1013
f 1517 1018 1016
f 1517 1516 1518
f 1517 1519 1018
f 1520 1021 1019
f 1520 1519 1521
f 1520 1522 1021
f 1523 1024 1022
f 1523 1522 1524
f 1523 1525 1024
f 1526 1027 1025
f 1526 1525 1527
f 1526 1528 1027
f 1529 1031 1028
f 1529 1528 1530
f 1529 1531 1031
f 1532 1036 1032
f 1532 1531 1533
f 1532 1534 1036
f 1534 1533 1535
f 1534 1536 1038
f 1536 1535 1537
f 1536 1538 1041
f 1538 1537 1539
f 1538 1540 1043
f 1541 1542 1044
f 1541 1540 1543
f 1541 1544 1545
f 1545 1546 1542
f 1545 1544 1547
f 1545 1547 1548
f 1548 235 1546
f 1548 1547 1549
f 1548 1549 236
f 1549 1550 1551
f 1549 1552 236
f 1553 1554 231
f 1553 1552 1555
f 1553 1556 1554
f 1557 1558 1559
f 1557 1556 1560
f 1557 1561 1562
f 1562 1563 1558
f 1562 1561 1564
f 1562 1564 1565
f 1565 1064 1563
f 1565 1564 1566
f 1565 1566 1067
f 1566 1567 1568
f 1566 1568 1069
f 1568 1569 1570
f 1568 1570 1571
f 1570 1572 1573
f 1570 1573 1574
f 1574 1072 1571
f 1574 1573 1575
f 1574 1575 1576
f 1576 1075 1073
f 1576 1575 1577
f 1576 1577 1075
f 1578 1079 1076
f 1578 1577 1579
f 1578 1580 1079
f 1580 1579 1581
f 1580 1582 93
f 1582 1581 1583
f 1582 1584 1585
f 1584 1583 1586
f 1584 1587 1585
f 1587 1586 1588
f 1587 1589 62
f 1589 1588 1590
f 1589 1591 63
f 1592 1593 58
f 1592 1591 1594
f 1592 1594 1593
f 1595 1596 1597
f 1595 1594 1598
f 1595 1599 1596
f 1600 1601 1602
f 1600 1599 1603
f 1600 1604 1601
f 1605 1606 1601
f 1605 1604 1607
f 1605 1608 1609
f 1609 1610 1606
f 1609 1608 1611
f 1609 1611 1612
f 1612 1613 1610
f 1612 1611 1614
f 1612 1614 1615
f 1615 1616 1613
f 1615 1614 1617
f 1615 1617 1618
f 1618 1619 1616
f 1618 1617 1620
f 1618 1620 1621
f 1621 1622 1619
f 1621 1620 1623
f 1621 1623 1624
f 1624 1625 1622
f 1624 1623 1626
f 1624 1626 1627
f 1627 1628 1625
f 1627 1626 1629
f 1627 1629 1630
f 1630 1631 1628
f 1630 1629 1632
f 1630 1632 1633
f 1633 1634 1631
f 1633 1632 1635
f 1633 1635 176
f 1635 1636 1637
f 1635 1638 176
f 1638 1637 1639
f 1638 1640 171
f 1640 1639 1641
f 1640 1642 172
f 1643 1642 1644
f 1643 1645 1646
f 1643 1647 172
f 1647 1646 109
f 1647 1648 173
f 1648 109 108
f 1648 1649 174
f 1650 1649 1651
f 1650 1652 1653
f 1650 1653 175
f 1653 1654 1634
f 1653 1634 176
f 1654 1652 1655
f 1654 1656 1657
f 1658 1656 1659
f 1658 1659 1660
f 1658 1661 1657
f 1660 1659 1662
f 1660 1662 1663
f 1660 1664 1661
f 1663 1662 1665
f 1663 1665 1666
f 1663 1667 1664
f 1666 1665 1668
f 1666 1668 1669
f 1666 1670 1667
f 1669 1668 1671
f 1669 1671 1672
f 1669 1673 1670
f 1672 1671 1674
f 1672 1675 1676
f 1672 1677 1673
f 1676 1675 1678
f 1676 1678 1679
f 1676 1680 1677
f 1679 1678 1681
f 1679 1681 1682
f 1679 1683 1680
f 1682 1681 1684
f 1682 1684 1685
f 1682 1686 1683
f 1685 1684 1687
f 1685 1687 1688
f 1685 1602 1686
f 1688 1687 1689
f 1688 1689 1690
f 1688 1597 1602
f 1689 1691 1692
f 1689 1692 59
f 1692 1693 1694
f 1692 1694 1695
f 1695 1694 1696
f 1695 1696 1697
f 1695 60 59
f 1697 1696 1698
f 1697 1698 1699
f 1697 1700 60
f 1700 1699 1701
f 1700 1701 91
f 1701 1702 1703
f 1701 1703 1704
f 1703 1705 1088
f 1703 1088 1086
f 1705 1702 1706
f 1705 1707 1090
f 1708 1707 1709
f 1708 1710 1093
f 1708 1093 1091
f 1711 1710 1712
f 1711 1713 1096
f 1711 1096 1094
f 1714 1713 1715
f 1714 1716 1717
f 1714 1718 1096
f 1717 1716 1719
f 1717 1719 1720
f 1717 1721 1718
f 1721 1720 1722
f 1721 1722 1101
f 1722 1723 1105
f 1722 1105 1103
f 1724 1723 1725
f 1724 1726 1727
f 1724 1727 1106
f 1727 1728 1111
f 1727 1111 1108
f 1729 1728 1730
f 1729 1731 1732
f 1729 1732 1112
f 1732 1733 1734
f 1732 1735 1112
f 1735 1734 1736
f 1735 1737 1113
f 1737 1736 1738
f 1737 1738 1118
f 1738 1739 1740
f 1738 1740 1121
f 1740 1741 1742
f 1740 1742 1743
f 1742 1744 1745
f 1742 1745 1746
f 1746 1745 1747
f 1746 1748 1124
f 1746 1124 1122
f 1749 1748 1750
f 1749 1751 1752
f 1749 1752 1125
f 1753 1751 1754
f 1753 1754 1755
f 1753 1756 1752
f 1756 1755 74
f 1756 72 1127
f 1755 1754 1757
f 1755 1757 1758
f 1757 1759 1760
f 1757 1760 1761
f 1761 1760 1762
f 1761 1763 1764
f 1761 1764 75
f 1764 1765 1766
f 1764 1766 1767
f 1766 1768 1769
f 1766 1769 1770
f 1770 28 1767
f 1770 1769 1771
f 1770 1771 29
f 1771 1772 1773
f 1771 1773 1774
f 1774 1775 32
f 1774 1773 1776
f 1774 1776 1777
f 1777 1778 1779
f 1777 1776 1780
f 1777 1780 1778
f 1781 1782 1783
f 1781 1780 1784
f 1781 1785 1782
f 1786 1787 1782
f 1786 1785 1788
f 1786 1789 1790
f 1790 1791 1787
f 1790 1789 1792
f 1790 1792 1793
f 1793 1794 1791
f 1793 1792 1795
f 1793 1795 1796
f 1796 1797 1794
f 1796 1795 1798
f 1796 1798 1799
f 1799 1800 1801
f 1799 1798 1802
f 1799 1802 1800
f 1803 1804 1805
f 1803 1802 1806
f 1803 1807 1804
f 1808 1809 1810
f 1808 1807 1811
f 1808 1812 1809
f 1813 1814 1809
f 1813 1812 1815
f 1813 1816 1814
f 1817 1818 1819
f 1817 1816 1820
f 1817 110 112
f 1819 1821 1822
f 1819 1822 1823
f 1819 1818 1821
f 1824 1825 1826
f 1824 1818 1827
f 1824 1827 1825
f 1828 1829 1830
f 1828 1827 1831
f 1828 1831 1832
f 1832 1833 1834
f 1832 1831 1644
f 1832 1644 1833
f 1835 1836 1837
f 1835 1644 1642
f 1835 1641 1836
f 1838 179 1839
f 1838 1641 1639
f 1838 1840 179
f 1840 1639 1637
f 1840 1841 180
f 1842 1841 1843
f 1842 1843 1844
f 1842 1845 180
f 1845 1844 1846
f 1845 1847 181
f 1847 1846 1848
f 1847 1849 182
f 1850 1849 1851
f 1850 1852 1853
f 1850 1853 178
f 1853 1854 1855
f 1853 1855 1839
f 1855 1856 1837
f 1855 1837 1836
f 1857 1856 1858
f 1857 1859 1834
f 1857 1834 1833
f 1860 1859 1861
f 1860 1862 1830
f 1860 1830 1829
f 1863 1862 1864
f 1863 1865 1826
f 1863 1826 1825
f 1866 1865 1867
f 1866 1868 1869
f 1866 1869 1821
f 1870 1868 1871
f 1870 1872 1873
f 1870 1874 1869
f 1874 1873 1875
f 1874 1876 1822
f 1876 1875 1877
f 1876 1810 1823
f 1877 1875 1878
f 1877 1878 1805
f 1877 1805 1804
f 1879 1878 1880
f 1879 1881 1801
f 1879 1801 1800
f 1882 1881 1883
f 1882 1884 1885
f 1882 1885 1797
f 1886 1884 1887
f 1886 1888 1889
f 1886 1890 1885
f 1889 1888 1891
f 1889 1891 1892
f 1889 1893 1890
f 1892 1891 1894
f 1892 1894 1895
f 1892 1896 1893
f 1895 1894 1897
f 1895 1897 1898
f 1895 1783 1896
f 1898 1897 1899
f 1898 1899 1900
f 1898 1779 1778
f 1899 1901 1902
f 1899 1902 30
f 1902 1903 1904
f 1902 1904 1905
f 1904 1906 1907
f 1904 1907 1908
f 1908 1909 1905
f 1908 1907 1910
f 1908 1910 1911
f 1911 1912 1909
f 1911 1910 1913
f 1911 1913 1914
f 1914 1915 1916
f 1914 1913 1917
f 1914 1917 1915
f 1918 1143 1141
f 1918 1917 1919
f 1918 1920 1143
f 1920 1919 1921
f 1920 1922 1145
f 1922 1921 1923
f 1922 1924 1147
f 1924 1923 1925
f 1924 1926 1149
f 1927 1154 1150
f 1927 1926 1928
f 1927 1929 1154
f 1930 1931 1155
f 1930 1929 1932
f 1930 1933 1931
f 1934 1935 1931
f 1934 1933 1936
f 1934 1936 1937
f 1937 1168 1935
f 1937 1936 1938
f 1937 1939 1168
f 1939 1938 1940
f 1939 1940 1169
f 1940 1941 134
f 1940 134 1170
f 1941 1938 1942
f 1941 1943 135
f 1943 1942 1944
f 1943 1945 136
f 1946 1945 1947
f 1946 1948 1949
f 1946 1949 132
f 1947 1945 1950
f 1947 1950 1951
f 1947 1192 1948
f 1950 1944 1952
f 1950 1952 1953
f 1953 1952 1954
f 1953 1955 1956
f 1953 1195 1193
f 1956 1955 1957
f 1956 1957 1958
f 1956 1200 1195
f 1957 1959 1960
f 1957 1960 1961
f 1961 1960 1962
f 1961 1962 1963
f 1961 1964 1958
f 1963 1962 1965
f 1963 1965 1966
f 1963 1205 1964
f 1966 1965 1967
f 1966 1967 1208
f 1966 1208 1206
f 1968 1967 1969
f 1968 1970 1211
f 1968 1211 1209
f 1971 1970 1972
f 1971 1973 1214
f 1971 1214 1212
f 1974 1973 1975
f 1974 1976 1977
f 1974 1977 1215
f 1978 1219 1977
f 1978 1976 166
f 1978 169 1979
f 1979 1222 1220
f 1979 169 168
f 1979 1980 1222
f 1981 1225 1223
f 1981 1980 1982
f 1981 1983 1225
f 1983 1982 1984
f 1983 1985 1227
f 1985 1984 1986
f 1985 1987 1230
f 1987 1986 1988
f 1987 1989 1234
f 1989 1988 1990
f 1989 1991 1992
f 1993 1994 1992
f 1993 1991 1995
f 1993 1996 1997
f 1997 1998 1994
f 1997 1996 1999
f 1997 1999 2000
f 2000 1246 1998
f 2000 1999 2001
f 2000 2001 2002
f 2002 1251 1247
f 2002 2001 2003
f 2002 2003 1251
f 2004 1256 1252
f 2004 2003 2005
f 2004 2006 1256
f 2007 1261 1257
f 2007 2006 2008
f 2007 2009 1261
f 2010 1265 1262
f 2010 2009 2011
f 2010 2012 1265
f 2013 1270 1266
f 2013 2012 2014
f 2013 2015 1270
f 2016 1275 1271
f 2016 2015 2017
f 2016 2018 1275
f 2017 2015 2019
f 2017 2019 2020
f 2017 2021 2018
f 2021 2020 2022
f 2021 2023 184
f 2023 2022 149
f 2023 153 185
f 2024 2025 2026
f 2024 2026 186
f 2024 153 152
f 2022 2020 2027
f 2022 2027 150
f 2027 2028 2029
f 2027 2029 150
f 2030 2029 2031
f 2030 2032 2033
f 2030 2033 151
f 2031 2029 2034
f 2031 2034 2035
f 2031 2036 2032
f 2035 2034 2037
f 2035 2037 2038
f 2035 2039 2036
f 2039 2038 2040
f 2039 2041 1297
f 2041 2040 2042
f 2041 2043 1298
f 2043 2042 2044
f 2043 2045 127
f 2045 2044 2046
f 2045 2047 128
f 2047 2046 2048
f 2047 2049 129
f 2050 2049 192
f 2050 194 2051
f 2050 2051 130
f 2051 2052 1304
f 2051 1304 1301
f 2052 194 193
f 2052 2053 1305
f 2054 2053 2055
f 2054 2056 1308
f 2054 1308 1306
f 2057 2056 2058
f 2057 1454 2059
f 2057 2059 1309
f 2056 2055 2060
f 2060 2061 2062
f 2060 2062 2058
f 2060 2055 2061
f 2063 2061 2064
f 2063 2065 2066
f 2063 2066 1457
f 2066 2067 2068
f 2066 2068 1458
f 2068 2069 2070
f 2068 2070 1460
f 2070 2071 2072
f 2070 2072 2073
f 2073 1464 1461
f 2073 2072 2074
f 2073 2074 1464
f 2075 1467 1465
f 2075 2074 2076
f 2075 2077 1467
f 2078 2079 1468
f 2078 2077 2080
f 2078 2081 2082
f 2082 2081 2083
f 2082 2083 2084
f 2082 1472 2079
f 2084 2083 2085
f 2084 2085 1475
f 2084 1475 1473
f 2086 2085 81
f 2086 2087 1478
f 2086 1478 1476
f 2088 2087 2089
f 2088 2090 1481
f 2088 1481 1479
f 2090 2089 2091
f 2090 2092 1483
f 2092 2091 2093
f 2092 2094 1486
f 2094 2093 2095
f 2094 2096 1488
f 2096 2095 2097
f 2096 2098 1490
f 2099 2098 2100
f 2099 2101 2102
f 2099 2103 1491
f 2102 2101 2104
f 2102 2104 2105
f 2102 2106 2103
f 2106 2105 1499
f 2106 1499 1495
f 2105 2104 2107
f 2105 2107 1501
f 2108 2107 2109
f 2108 2110 1504
f 2108 1504 1502
f 2111 2110 2112
f 2111 2113 1507
f 2111 1507 1505
f 2114 2113 2115
f 2114 2116 1511
f 2114 1511 1508
f 2117 2116 2118
f 2117 2119 2120
f 2117 2120 1512
f 2120 2121 2122
f 2120 2123 1512
f 2122 2121 2124
f 2122 2124 2125
f 2122 1518 2123
f 2125 2124 2126
f 2125 2126 1521
f 2125 1521 1519
f 2127 1524 1522
f 2127 2126 2128
f 2127 2128 1524
f 2129 1527 1525
f 2129 2128 205
f 2129 205 1527
f 2128 2130 206
f 2131 2130 2132
f 2131 2133 2134
f 2131 2134 204
f 2134 2135 2136
f 2134 2137 2135
f 2138 2139 2140
f 2138 2137 2141
f 2138 2142 2139
f 2143 2144 1539
f 2143 2142 2145
f 2143 2146 2144
f 2147 2148 1543
f 2147 2146 2149
f 2147 2150 2148
f 2151 2152 2153
f 2151 2150 2154
f 2151 2155 2152
f 2156 1551 1550
f 2156 2155 2157
f 2156 2158 1551
f 2159 1555 1552
f 2159 2158 2160
f 2159 2161 1555
f 2162 1560 1556
f 2162 2161 2163
f 2162 2164 1560
f 2165 2166 1561
f 2165 2164 2167
f 2165 2168 2166
f 2169 1567 2166
f 2169 2168 2170
f 2169 2171 1569
f 2171 2170 2172
f 2171 2173 1572
f 2173 2172 2174
f 2173 2175 2176
f 2175 2174 2177
f 2175 2178 2179
f 2179 2180 2176
f 2179 2178 2181
f 2179 2181 2182
f 2182 2183 2180
f 2182 2181 2184
f 2182 2184 2185
f 2185 1579 2183
f 2185 2184 2186
f 2185 2186 1581
f 2186 2187 2188
f 2186 2188 1583
f 2188 2189 2190
f 2188 2190 1586
f 2190 2191 2192
f 2190 2192 1588
f 2192 2193 2194
f 2192 2195 1588
f 2195 2194 2196
f 2195 2197 2198
f 2198 2199 1590
f 2198 2197 2200
f 2198 2201 2202
f 2202 1598 2199
f 2202 2201 2203
f 2202 2203 2204
f 2204 1603 1598
f 2204 2203 2205
f 2204 2205 2206
f 2206 1607 1604
f 2206 2205 2207
f 2206 2207 1607
f 2208 2209 1608
f 2208 2207 2210
f 2208 2211 2209
f 2212 2213 2209
f 2212 2211 2214
f 2212 2215 2216
f 2216 2217 2213
f 2216 2215 2218
f 2216 2218 2219
f 2219 2220 2217
f 2219 2218 2221
f 2219 2221 2222
f 2222 2223 2220
f 2222 2221 2224
f 2222 2224 2225
f 2225 2226 2223
f 2225 2224 2227
f 2225 2227 2228
f 2228 2229 2226
f 2228 2227 2230
f 2228 2230 2231
f 2231 2232 2229
f 2231 2230 1843
f 2231 1843 2233
f 2230 2234 1844
f 2234 2227 223
f 2234 222 1846
f 2221 2235 220
f 2235 2218 2236
f 2235 2237 2238
f 2238 2237 2239
f 2238 2239 1851
f 2238 2240 2241
f 2240 1851 1849
f 2240 1848 221
f 2239 2242 2243
f 2239 2243 1852
f 2243 2244 2245
f 2243 2245 1854
f 2245 2246 1858
f 2245 1858 1856
f 2247 2246 2248
f 2247 2249 1861
f 2247 1861 1859
f 2250 2249 2251
f 2250 2252 1864
f 2250 1864 1862
f 2253 2252 2254
f 2253 2255 1867
f 2253 1867 1865
f 2256 2255 2257
f 2256 2258 1871
f 2256 1871 1868
f 2259 2258 2260
f 2259 2261 2262
f 2259 2262 1872
f 2262 2263 2264
f 2262 2265 1872
f 2265 2264 2266
f 2265 2267 1873
f 2266 2264 2268
f 2266 2268 2269
f 2266 1880 2267
f 2269 2268 2270
f 2269 2270 1883
f 2269 1883 1881
f 2271 2270 2272
f 2271 2273 1887
f 2271 1887 1884
f 2274 2273 2275
f 2274 2276 2277
f 2274 2277 1888
f 2278 2276 2279
f 2278 2280 2281
f 2278 2282 2277
f 2281 2280 2283
f 2281 2283 2284
f 2281 2285 2282
f 2284 2283 2286
f 2284 2286 1903
f 2284 1901 2285
f 2286 2287 2288
f 2286 2288 1906
f 2288 167 2289
f 2288 2290 1906
f 2290 2289 1975
f 2290 2291 2292
f 2293 2294 2292
f 2293 2291 1972
f 2293 2295 2296
f 2296 2297 2294
f 2296 2295 2298
f 2296 2298 2299
f 2299 2300 2297
f 2299 2298 2301
f 2299 2301 2302
f 2302 1919 2300
f 2302 2301 2303
f 2302 2303 1921
f 2303 2304 2305
f 2303 2305 1923
f 2301 2306 2304
f 2298 1969 2306
f 2295 1972 1970
f 2291 1975 1973
f 2287 20 167
f 2287 2283 21
f 2280 2279 24
f 2279 2307 2308
f 2279 2276 2307
f 2307 2309 2310
f 2307 2275 2309
f 2311 2312 2309
f 2311 2275 2273
f 2311 2272 2313
f 2313 2314 2312
f 2313 2272 2315
f 2313 2315 2316
f 2316 2317 2314
f 2316 2315 2318
f 2316 2318 2319
f 2319 2320 2321
f 2319 2318 2263
f 2319 2263 2320
f 2321 2322 2196
f 2321 2323 2317
f 2321 2320 2322
f 2324 2325 2200
f 2324 2320 2261
f 2324 2260 2325
f 2326 2327 2328
f 2326 2260 2258
f 2326 2257 2327
f 2329 2330 2327
f 2329 2257 2255
f 2329 2254 2331
f 2331 2332 2330
f 2331 2254 2251
f 2331 2251 2333
f 2333 2334 2210
f 2333 2251 2249
f 2333 2248 2334
f 2335 2336 2214
f 2335 2248 2246
f 2335 2244 2336
f 2336 2236 2215
f 2336 2242 2236
f 2334 2214 2211
f 2332 2210 2207
f 2330 2337 2338
f 2327 2338 2328
f 2325 2328 2201
f 2323 2196 2194
f 2323 2339 2340
f 2322 2200 2197
f 2340 53 2314
f 2341 53 52
f 2341 2342 2312
f 2342 52 2343
f 2342 2344 2345
f 2345 2344 2346
f 2345 2346 2347
f 2345 2310 2348
f 2347 2346 2349
f 2347 2349 2350
f 2347 22 2308
f 2349 2351 2352
f 2349 2352 2353
f 2353 2352 2354
f 2353 2354 2355
f 2353 2356 2350
f 2356 2355 2357
f 2356 2358 23
f 2358 2359 2360
f 2358 2357 2359
f 2361 1988 1986
f 2361 2357 2362
f 2361 2363 1988
f 2363 2362 2364
f 2363 2365 1990
f 2366 1995 1991
f 2366 2365 2367
f 2366 2368 1995
f 2369 2370 1996
f 2369 2368 2371
f 2369 2372 2373
f 2373 2374 2370
f 2373 2372 2375
f 2373 2375 2376
f 2376 2377 2374
f 2376 2375 2378
f 2376 2378 2379
f 2379 2005 2377
f 2379 2378 2380
f 2379 2380 2381
f 2381 2008 2006
f 2381 2380 2382
f 2381 2382 2008
f 2383 2011 2009
f 2383 2382 2384
f 2383 2385 2011
f 2386 2014 2012
f 2386 2385 2387
f 2386 2388 2014
f 2388 2387 2389
f 2388 2028 2019
f 2387 2385 2384
f 2387 2390 2389
f 2384 2382 2391
f 2384 2392 2390
f 2392 2391 2393
f 2392 2394 2037
f 2394 2393 2395
f 2394 2396 2038
f 2396 2395 2397
f 2396 2398 2040
f 2398 2397 2399
f 2398 2400 2042
f 2400 2399 2401
f 2400 2402 2044
f 2402 2401 2403
f 2402 2404 2046
f 2404 2403 2405
f 2404 2406 2048
f 2406 2405 2065
f 2406 2064 2407
f 2405 2403 2408
f 2405 2408 2067
f 2408 2409 2410
f 2408 2410 2069
f 2410 2411 2412
f 2410 2412 2071
f 2412 2413 2414
f 2412 2414 2415
f 2414 2416 2417
f 2414 2417 2418
f 2418 2419 2415
f 2418 2417 2420
f 2418 2420 2421
f 2421 2076 2419
f 2421 2420 2422
f 2421 2422 2423
f 2423 2080 2077
f 2423 2422 2424
f 2423 2424 2425
f 2425 2426 2080
f 2425 2424 2427
f 2425 2427 83
f 2427 2428 2429
f 2427 2429 80
f 2429 2351 2430
f 2429 2430 2431
f 2424 2432 2428
f 2422 2433 2432
f 2433 2420 2434
f 2433 2435 2354
f 2435 2434 2364
f 2435 2362 2355
f 2434 2417 2436
f 2436 2367 2365
f 2436 2416 2367
f 2437 2371 2368
f 2437 2416 2438
f 2437 2438 2371
f 2439 2440 2372
f 2439 2438 2441
f 2439 2442 2440
f 2443 2444 2440
f 2443 2442 2445
f 2443 2446 2447
f 2447 2448 2444
f 2447 2446 2395
f 2447 2395 2393
f 2446 2445 2397
f 2445 2442 2449
f 2445 2449 2399
f 2449 2441 2411
f 2449 2409 2401
f 2441 2438 2413
f 2393 2391 2448
f 2360 1984 1982
f 2360 2450 26
f 2360 2359 1984
f 2430 2344 2343
f 2194 2193 2339
f 2193 2191 55
f 2191 2189 2451
f 2451 2189 2452
f 2451 2452 2453
f 2451 2454 55
f 2454 2453 2455
f 2454 2455 79
f 2455 2456 2457
f 2455 2457 2458
f 2457 2459 2460
f 2457 2460 2461
f 2461 2460 2089
f 2461 2089 2087
f 2461 81 2458
f 2460 2462 2091
f 2462 2459 2463
f 2462 2464 2093
f 2464 2463 2465
f 2464 2466 2095
f 2466 2465 2467
f 2466 2468 2097
f 2469 2468 2470
f 2469 2471 2100
f 2469 2100 2098
f 2472 2471 2473
f 2472 2474 2475
f 2472 2475 2101
f 2476 2474 2477
f 2476 2478 2479
f 2476 2480 2475
f 2479 2478 2481
f 2479 2482 2109
f 2479 2109 2107
f 2483 2482 2484
f 2483 2485 2112
f 2483 2112 2110
f 2486 2485 2487
f 2486 2488 2115
f 2486 2115 2113
f 2489 2488 2490
f 2489 2491 2118
f 2489 2118 2116
f 2492 2491 2493
f 2492 229 2494
f 2492 2494 2119
f 2494 228 2495
f 2494 2495 2121
f 2496 228 2497
f 2496 2497 2132
f 2496 2498 2495
f 2497 227 2499
f 2497 2499 2133
f 2499 226 2141
f 2499 2141 2137
f 2500 2145 2142
f 2500 226 225
f 2500 2501 2145
f 2502 2149 2146
f 2502 2501 2503
f 2502 2504 2149
f 2505 2154 2150
f 2505 2504 2506
f 2505 2507 2154
f 2508 2157 2155
f 2508 2507 2509
f 2508 2510 2157
f 2511 2160 2158
f 2511 2510 2512
f 2511 2513 2160
f 2514 2163 2161
f 2514 2513 2515
f 2514 2516 2163
f 2517 2167 2164
f 2517 2516 2518
f 2517 2519 2167
f 2520 2170 2168
f 2520 2519 2521
f 2520 2522 2170
f 2522 2521 2470
f 2522 2523 2172
f 2523 2470 2468
f 2523 2467 2174
f 2521 2519 2473
f 2521 2473 2471
f 2518 2516 2477
f 2518 2477 2474
f 2515 2513 2481
f 2515 2481 2478
f 2512 2510 2484
f 2512 2484 2482
f 2509 2507 2487
f 2509 2487 2485
f 2506 2504 2490
f 2506 2490 2488
f 2503 2501 2493
f 2503 2493 2491
f 2467 2465 2177
f 2524 2525 2178
f 2524 2465 2463
f 2524 2526 2525
f 2527 2528 2525
f 2527 2526 2456
f 2527 2453 2452
f 2526 2463 2459
f 2452 2187 2528
f 2152 1550 1547
f 2148 2153 1544
f 2144 1543 1540
f 2140 1537 1535
f 2140 2529 2135
f 2140 2139 1537
f 2529 1535 1533
f 2529 2530 2136
f 2530 1533 1531
f 2530 1530 202
f 2132 2130 2498
f 2083 2426 82
f 2064 2061 190
f 2055 2053 191
f 2049 2048 2407
f 1982 1980 2450
f 1976 1975 2289
f 2305 1960 1925
f 1959 1928 1926
f 1959 1955 1928
f 1954 1932 1929
f 1954 1952 1932
f 2531 2532 1933
f 2531 1944 1942
f 1942 1938 2532
f 1916 1139 1138
f 1916 2533 1912
f 1916 1915 1139
f 2533 1138 2534
f 2533 2535 34
f 2535 2534 2536
f 2535 73 34
f 2537 34 31
f 2233 1636 2232
f 2233 1841 1636
f 1831 2538 1645
f 2538 1827 112
f 2538 111 1646
f 1816 1815 1651
f 1815 1812 1655
f 1815 1655 1652
f 1811 1807 2539
f 1811 2539 1656
f 1806 1802 2540
f 1806 2541 2539
f 2540 1798 2542
f 2540 2543 2541
f 2542 1795 2544
f 2542 2545 2543
f 2544 1792 2546
f 2544 2547 2545
f 2546 1789 1674
f 2546 1674 1671
f 1788 1785 2548
f 1788 2548 1675
f 1784 1780 2549
f 1784 2550 2548
f 2549 1776 2551
f 2549 2552 2550
f 1779 1900 1775
f 2551 1773 2553
f 2551 2554 2552
f 2553 1772 1693
f 2553 1691 2554
f 1772 1769 2555
f 1768 1765 2556
f 1768 2557 2555
f 2556 1765 2558
f 2556 2558 2559
f 2556 2560 2557
f 2559 2558 2561
f 2559 2561 2562
f 2559 2563 2560
f 2563 2562 2564
f 2563 2565 1698
f 2565 2564 1706
f 2565 1706 1702
f 2566 2564 2567
f 2566 2568 1709
f 2566 1709 1707
f 2569 2568 2570
f 2569 2571 1712
f 2569 1712 1710
f 2572 2571 2573
f 2572 2574 1715
f 2572 1715 1713
f 2575 2574 2576
f 2575 2577 2578
f 2575 2578 1716
f 2579 2577 2580
f 2579 2581 2582
f 2579 2582 1719
f 2582 2583 2584
f 2582 2584 1719
f 2584 2585 1725
f 2584 1725 1723
f 2586 2585 2587
f 2586 2588 2589
f 2586 2589 1726
f 2589 2590 1730
f 2589 1730 1728
f 2591 2590 2592
f 2591 2593 2594
f 2591 2594 1731
f 2594 2595 2596
f 2594 2596 1733
f 2596 2597 2598
f 2596 2599 1733
f 2599 2598 2600
f 2599 2601 1734
f 2601 2600 2602
f 2601 2602 1739
f 2602 2603 2604
f 2602 2604 1741
f 2604 2605 2606
f 2604 2606 1744
f 2606 2607 2608
f 2606 2608 2609
f 2608 2610 2611
f 2608 2611 2612
f 2612 2611 2613
f 2612 2613 1747
f 2612 1747 1745
f 2614 2613 2615
f 2614 2615 2616
f 2614 1750 1748
f 2616 2615 2617
f 2616 2617 2618
f 2616 2619 1750
f 2618 2617 2620
f 2618 2620 2621
f 2618 1759 2619
f 2620 2622 2623
f 2620 2624 2621
f 2625 2624 2626
f 2625 2627 1762
f 2625 1762 1760
f 2627 2626 2628
f 2627 2629 2630
f 2629 2628 2631
f 2629 2632 2561
f 2632 2631 2633
f 2632 2567 2562
f 2633 2631 2634
f 2633 2634 2570
f 2633 2570 2568
f 2635 2634 2636
f 2635 2637 2573
f 2635 2573 2571
f 2638 2637 2639
f 2638 2640 2576
f 2638 2576 2574
f 2641 2640 2642
f 2641 2643 2580
f 2641 2580 2577
f 2644 2643 2645
f 2644 2646 2647
f 2644 2647 2581
f 2647 2648 2649
f 2647 2649 2583
f 2649 2650 2587
f 2649 2587 2585
f 2651 2650 2652
f 2651 2653 2654
f 2651 2654 2588
f 2654 2655 2592
f 2654 2592 2590
f 2656 2655 2657
f 2656 2658 2659
f 2656 2659 2593
f 2659 2660 2661
f 2659 2661 2595
f 2661 2662 2663
f 2661 2663 2597
f 2663 2664 2665
f 2663 2665 2597
f 2665 2666 2667
f 2665 2667 2600
f 2667 2668 2669
f 2667 2669 2603
f 2669 2670 2671
f 2669 2671 2605
f 2671 2672 2673
f 2671 2673 2607
f 2673 2674 2675
f 2673 2675 2610
f 2675 2676 2677
f 2675 2677 2678
f 2677 2679 2680
f 2677 2680 2681
f 2681 2680 2682
f 2681 2682 2683
f 2681 2684 2678
f 2683 2682 2685
f 2683 2685 2686
f 2683 2687 2684
f 2686 2685 2688
f 2686 2688 2689
f 2686 2690 2687
f 2689 2688 2691
f 2689 2692 2622
f 2689 2622 2690
f 2692 2691 2693
f 2692 2694 2623
f 2695 2694 2696
f 2695 2697 2626
f 2695 2626 2624
f 2697 2696 2698
f 2697 2699 2628
f 2698 2696 2700
f 2698 2700 2701
f 2698 2636 2699
f 2701 2700 2702
f 2701 2702 2703
f 2701 2639 2637
f 2703 2702 2704
f 2703 2704 2642
f 2703 2642 2640
f 2705 2704 2706
f 2705 2707 2645
f 2705 2645 2643
f 2708 2707 2709
f 2708 2709 2710
f 2708 2710 2646
f 2710 2711 2712
f 2710 2712 2648
f 2712 2713 2652
f 2712 2652 2650
f 2714 2713 2715
f 2714 2716 2717
f 2714 2717 2653
f 2717 2718 2657
f 2717 2657 2655
f 2719 2718 2720
f 2719 2721 2722
f 2719 2722 2658
f 2721 2720 2723
f 2721 2724 155
f 2724 2723 144
f 2724 2725 156
f 2726 2725 2727
f 2726 2728 2729
f 2726 2729 158
f 2729 2730 2731
f 2729 2731 2732
f 2731 2733 2664
f 2731 2664 2662
f 2733 2730 2734
f 2733 2735 2666
f 2735 2734 2736
f 2735 2737 2670
f 2737 2736 2738
f 2737 2738 2672
f 2738 2739 2740
f 2738 2740 2674
f 2740 2741 2742
f 2740 2742 2676
f 2742 2743 2744
f 2742 2744 2679
f 2744 196 2745
f 2744 2745 2746
f 2745 199 2747
f 2745 2747 2748
f 2748 2747 2749
f 2748 2749 2750
f 2748 2751 2746
f 2750 2749 2752
f 2750 2752 2753
f 2750 2754 2751
f 2753 2752 2755
f 2753 2755 2756
f 2753 2757 2754
f 2756 2755 2758
f 2756 2759 2691
f 2756 2691 2757
f 2759 2758 2760
f 2759 2761 2693
f 2761 2760 2762
f 2761 2763 2764
f 2762 2760 2765
f 2762 2765 2766
f 2762 2767 2763
f 2766 2765 2768
f 2766 2768 2769
f 2766 2706 2767
f 2769 2768 2770
f 2769 2770 2771
f 2769 2772 2706
f 2771 2770 2773
f 2771 2773 2774
f 2771 2775 2772
f 2775 2774 2776
f 2775 2776 2711
f 2776 2777 2715
f 2776 2715 2713
f 2778 2777 2779
f 2778 2780 2781
f 2778 2781 2716
f 2781 2782 2720
f 2781 2720 2718
f 2782 2780 2783
f 2782 147 2723
f 2780 2779 2784
f 2784 2785 2786
f 2784 2787 2783
f 2784 2779 2785
f 2788 2789 2785
f 2788 2779 2777
f 2788 2774 2773
f 2790 2791 2792
f 2790 2792 2785
f 2790 2789 2793
f 2793 2794 2791
f 2793 2789 2795
f 2793 2795 2796
f 2796 161 2794
f 2796 2795 2797
f 2796 2797 162
f 2798 2799 2800
f 2798 161 160
f 2798 2801 2799
f 2802 2803 2804
f 2802 2801 2805
f 2802 2806 2803
f 2805 2801 164
f 2805 164 2807
f 2805 2808 2806
f 2807 164 163
f 2807 2809 2758
f 2807 2758 2755
f 2804 2810 2811
f 2804 2812 2799
f 2804 2803 2810
f 2812 2811 2813
f 2812 2814 2800
f 2813 2811 200
f 2813 200 2815
f 2813 2815 2792
f 2815 2816 2817
f 2815 2817 2786
f 2817 2818 2819
f 2817 2819 2787
f 2819 146 145
f 2819 2820 146
f 2821 2727 146
f 2821 2820 2822
f 2821 2823 2728
f 2823 2822 2734
f 2823 2734 2730
f 2822 2820 2824
f 2822 2824 2739
f 2824 2818 2825
f 2824 2825 2741
f 2825 2816 197
f 2825 197 2743
f 2811 2810 198
f 2797 2768 2826
f 2765 2809 2826
f 2727 2725 143
f 2764 2696 2694
f 2662 2660 2732
f 2660 2658 2722
f 2630 2558 1763
f 1651 1649 1820
f 1597 1690 1593
f 2827 2828 1055
f 2827 2829 1559
f 2827 1563 1063
f 2829 1055 1052
f 2829 1051 1559
f 1559 232 1554
f 1530 1528 203
f 1453 1451 1315
f 1453 1315 1312
f 1450 1446 1319
f 1450 1319 1316
f 1445 1442 1323
f 1445 1323 1320
f 1441 1437 1326
f 1441 1326 1324
f 1436 1432 1329
f 1436 1329 1327
f 1431 1427 1332
f 1431 1332 1330
f 1426 1422 2830
f 1426 2830 1333
f 1421 1417 2831
f 1421 2832 2830
f 2831 1413 2833
f 2831 1340 2832
f 1416 1485 1411
f 2833 1409 1343
f 2833 1343 1341
f 1408 1406 1346
f 1408 1346 1344
f 1406 1401 1348
f 1401 1400 1351
f 1385 1384 1405
f 1370 893 890
f 1370 889 1364
f 1365 889 887
f 1365 2834 1360
f 2834 887 885
f 2834 2835 1361
f 1361 48 1357
f 1299 1298 127
f 2033 1289 2836
f 1286 2025 2836
f 2026 1280 187
f 1276 1275 188
f 1241 1350 1237
f 1949 1183 2837
f 1180 1174 2837
f 1174 1172 133
f 2534 1134 1132
f 1132 1130 2536
f 1130 1128 71
f 1086 1084 1704
f 1080 1079 92
f 2828 1058 1056
f 1054 1034 1040
f 1051 1049 232
f 1035 1062 1030
f 995 993 1497
f 993 991 16
f 988 1398 990
f 1379 2838 1378
f 1379 950 2839
f 2839 903 2838
f 2839 947 2840
f 2840 906 904
f 2840 944 906
f 943 910 907
f 943 940 910
f 939 2841 911
f 939 937 2841
f 933 931 2841
f 885 883 2835
f 879 878 1229
f 1179 827 2842
f 824 1166 2842
f 657 553 550
f 611 610 773
f 565 563 650
f 560 559 123
f 526 524 116
f 524 522 117
f 515 451 447
f 513 456 452
f 511 461 457
f 511 508 461
f 2843 466 462
f 2843 508 507
f 2843 2844 466
f 2845 471 467
f 2845 2844 2846
f 2845 2847 471
f 2846 2844 507
f 2846 510 496
f 2846 496 2847
f 496 492 96
f 488 487 97
f 487 476 97
f 472 471 95
f 401 605 12
f 388 2848 291
f 388 290 382
f 388 387 2848
f 383 290 287
f 383 286 377
f 378 286 282
f 378 281 374
f 2849 281 277
f 2849 276 2850
f 2850 276 2851
f 2850 2851 367
f 367 2851 2852
f 367 2852 361
f 362 2852 265
f 362 264 356
f 357 264 260
f 357 259 351
f 352 259 255
f 352 254 346
f 347 254 250
f 347 249 342
f 293 2848 14
f 2431 2343 54
f 79 78 56
f 1 3 4
f 4 1397 5
f 1 7 2
f 5 1412 8
f 8 1485 6
f 10 65 11
f 12 605 10
f 13 397 12
f 14 387 13
f 9 15 14
f 16 990 3
f 17 1497 16
f 2 18 17
f 19 21 24
f 22 2350 23
f 24 2308 22
f 19 25 26
f 26 165 20
f 27 29 32
f 30 1905 31
f 32 1900 30
f 33 76 28
f 27 34 33
f 36 84 37
f 35 38 773
f 35 40 36
f 41 43 47
f 44 48 42
f 45 1353 44
f 46 1350 45
f 47 1233 46
f 48 2835 49
f 50 1229 43
f 49 881 50
f 51 53 2339
f 54 2343 52
f 51 56 54
f 58 1690 59
f 57 61 64
f 57 63 58
f 64 1585 62
f 66 783 67
f 10 604 66
f 65 68 69
f 69 796 11
f 70 72 74
f 73 2536 71
f 74 1758 75
f 70 33 73
f 75 1767 76
f 77 79 2458
f 80 2431 78
f 81 2085 82
f 77 83 80
f 85 697 86
f 36 689 85
f 86 702 87
f 87 765 37
f 89 1082 90
f 91 1704 89
f 88 92 93
f 88 61 91
f 93 1585 64
f 95 2847 96
f 94 98 95
f 94 99 97
f 100 102 105
f 100 104 101
f 100 106 103
f 107 109 111
f 110 1820 108
f 107 112 110
f 113 115 116
f 113 117 118
f 118 929 114
f 119 121 122
f 119 123 124
f 124 650 120
f 125 127 128
f 125 129 130
f 130 1301 126
f 132 2837 133
f 131 134 135
f 131 136 132
f 137 139 141
f 140 518 138
f 141 506 140
f 142 144 147
f 142 146 143
f 147 2783 145
f 148 150 151
f 151 2836 152
f 148 153 149
f 154 156 158
f 157 2722 155
f 158 2732 157
f 159 161 162
f 162 2826 163
f 159 164 160
f 166 2289 167
f 26 2450 168
f 165 169 166
f 170 172 173
f 170 174 175
f 170 176 171
f 178 1839 179
f 177 180 181
f 177 182 178
f 183 185 186
f 183 187 188
f 188 2018 184
f 189 191 193
f 192 2407 190
f 189 194 192
f 196 2743 197
f 195 199 196
f 195 200 198
f 201 203 205
f 204 2136 202
f 201 206 204
f 208 1040 209
f 207 211 208
f 207 212 210
f 213 215 218
f 213 217 214
f 218 2842 216
f 220 2241 221
f 219 222 223
f 223 2224 220
f 224 226 227
f 224 228 229
f 229 2493 225
f 230 232 233
f 230 234 235
f 230 236 231
f 237 239 240
f 240 249 241
f 237 242 238
f 242 244 245
f 245 335 238
f 241 246 243
f 246 248 243
f 246 249 250
f 250 251 247
f 251 253 247
f 251 254 255
f 255 256 252
f 256 258 252
f 256 259 260
f 260 261 257
f 261 263 257
f 261 264 265
f 265 266 262
f 267 316 262
f 265 2852 268
f 266 269 267
f 269 271 267
f 268 2851 272
f 272 273 270
f 273 275 270
f 273 276 277
f 277 278 274
f 278 280 274
f 278 281 282
f 282 283 279
f 283 285 279
f 283 286 287
f 287 288 284
f 289 300 284
f 288 290 291
f 288 292 289
f 291 2848 293
f 292 294 295
f 295 296 289
f 296 297 298
f 298 301 299
f 296 300 289
f 301 810 302
f 299 303 300
f 285 284 300
f 302 814 304
f 303 305 285
f 305 279 285
f 304 817 306
f 306 307 280
f 307 308 309
f 309 310 275
f 307 274 280
f 310 311 312
f 312 313 271
f 310 270 275
f 312 826 314
f 313 315 316
f 313 267 271
f 314 829 317
f 317 318 263
f 263 262 316
f 317 832 319
f 319 320 258
f 318 257 263
f 320 321 322
f 322 323 253
f 320 252 258
f 323 324 325
f 325 326 248
f 323 247 253
f 326 327 328
f 328 329 244
f 326 243 248
f 329 330 331
f 331 333 332
f 329 245 244
f 333 336 334
f 332 335 245
f 336 848 337
f 334 338 335
f 338 339 340
f 340 341 239
f 239 238 335
f 341 240 239
f 341 343 344
f 344 345 342
f 345 347 342
f 345 348 349
f 349 350 346
f 350 352 346
f 350 353 354
f 354 355 351
f 355 357 351
f 355 358 359
f 359 360 356
f 360 362 356
f 360 363 364
f 364 365 361
f 365 367 361
f 365 368 369
f 369 370 366
f 371 2850 366
f 369 873 372
f 370 373 371
f 374 2849 371
f 372 877 375
f 375 376 374
f 376 378 374
f 376 379 380
f 380 381 377
f 381 383 377
f 381 384 385
f 385 386 382
f 386 388 382
f 386 389 390
f 390 13 387
f 390 391 392
f 392 397 13
f 392 393 394
f 392 395 397
f 396 12 397
f 394 892 398
f 395 399 396
f 399 401 396
f 398 896 402
f 402 403 400
f 403 405 400
f 403 406 407
f 407 408 404
f 408 410 404
f 408 411 412
f 412 413 409
f 413 415 409
f 413 416 417
f 417 418 414
f 419 593 414
f 418 420 421
f 418 422 419
f 423 590 419
f 421 909 424
f 422 425 423
f 426 587 423
f 424 913 427
f 425 428 426
f 429 582 426
f 427 916 430
f 428 431 429
f 431 433 429
f 430 919 434
f 431 435 432
f 435 437 432
f 434 922 438
f 438 439 436
f 439 441 436
f 438 925 442
f 442 443 440
f 443 445 440
f 443 446 447
f 447 448 444
f 448 450 444
f 448 451 452
f 452 453 449
f 453 455 449
f 453 456 457
f 457 458 454
f 458 460 454
f 458 461 462
f 462 463 459
f 463 465 459
f 463 466 467
f 467 468 464
f 468 470 464
f 468 471 472
f 472 473 469
f 473 475 469
f 473 98 476
f 473 477 474
f 478 552 474
f 476 487 479
f 477 480 478
f 480 482 483
f 483 546 478
f 479 484 481
f 484 486 481
f 484 487 488
f 488 489 485
f 489 491 485
f 489 99 492
f 492 493 490
f 493 495 490
f 493 496 497
f 497 498 494
f 498 500 494
f 497 510 501
f 501 502 499
f 502 504 499
f 502 505 506
f 506 141 503
f 505 508 509
f 509 140 506
f 505 510 507
f 509 511 512
f 512 518 140
f 512 456 513
f 512 514 518
f 513 451 515
f 514 516 517
f 517 138 518
f 517 519 520
f 520 139 138
f 520 521 522
f 522 523 139
f 523 524 525
f 525 504 503
f 523 141 139
f 525 526 527
f 527 528 504
f 528 529 530
f 530 531 500
f 528 499 504
f 531 532 533
f 533 534 495
f 531 494 500
f 533 941 535
f 534 536 491
f 534 490 495
f 535 946 537
f 536 538 486
f 486 485 491
f 537 949 539
f 539 540 482
f 538 481 486
f 540 541 542
f 542 544 543
f 540 483 482
f 544 547 545
f 543 546 483
f 547 960 548
f 545 549 546
f 548 966 550
f 549 551 552
f 552 478 546
f 551 553 554
f 554 555 475
f 475 474 552
f 555 556 557
f 557 558 470
f 555 469 475
f 558 559 560
f 560 561 465
f 558 464 470
f 561 122 121
f 121 562 460
f 561 459 465
f 562 120 563
f 563 564 455
f 562 454 460
f 564 565 566
f 566 567 450
f 564 449 455
f 567 568 569
f 569 570 445
f 567 444 450
f 570 571 572
f 572 573 441
f 570 440 445
f 573 574 575
f 575 576 437
f 573 436 441
f 576 577 578
f 578 579 433
f 576 432 437
f 579 580 581
f 581 583 582
f 579 429 433
f 583 584 585
f 583 586 587
f 587 426 582
f 585 623 588
f 586 589 590
f 590 423 587
f 588 619 591
f 589 592 593
f 593 419 590
f 591 616 594
f 592 595 415
f 415 414 593
f 594 613 596
f 596 597 410
f 595 409 415
f 597 598 599
f 599 600 405
f 597 404 410
f 600 601 602
f 602 605 401
f 600 400 405
f 602 603 604
f 604 10 605
f 603 607 608
f 608 66 604
f 601 609 606
f 609 611 606
f 609 599 598
f 609 612 610
f 39 35 610
f 598 596 613
f 612 614 39
f 615 40 39
f 613 594 616
f 614 617 615
f 618 686 615
f 616 591 619
f 617 620 618
f 620 622 618
f 619 588 623
f 623 624 621
f 624 626 621
f 624 585 584
f 584 627 625
f 627 629 625
f 627 581 580
f 580 630 628
f 630 632 628
f 630 578 577
f 577 633 631
f 634 673 631
f 633 575 574
f 574 635 634
f 635 637 634
f 635 572 571
f 571 638 636
f 638 640 636
f 638 569 568
f 568 641 639
f 641 643 639
f 641 566 565
f 565 650 642
f 643 645 646
f 646 640 639
f 642 647 644
f 647 649 644
f 647 650 124
f 124 123 648
f 649 652 653
f 653 645 644
f 648 654 651
f 556 655 651
f 654 123 559
f 654 557 556
f 553 657 656
f 655 652 651
f 655 554 553
f 657 965 658
f 656 659 652
f 658 969 660
f 660 662 661
f 659 653 652
f 662 664 663
f 661 645 653
f 664 666 665
f 663 646 645
f 666 668 667
f 665 640 646
f 668 669 637
f 667 636 640
f 669 670 671
f 669 672 673
f 673 634 637
f 671 982 674
f 672 675 632
f 632 631 673
f 674 987 676
f 676 677 629
f 675 628 632
f 677 678 679
f 679 680 626
f 677 625 629
f 680 681 682
f 682 683 622
f 680 621 626
f 683 684 685
f 685 687 686
f 683 618 622
f 687 688 689
f 687 36 40
f 40 615 686
f 688 691 692
f 692 85 689
f 685 684 690
f 692 693 694
f 694 697 85
f 694 695 696
f 696 698 697
f 696 1007 699
f 699 703 700
f 698 86 697
f 700 702 86
f 703 704 701
f 704 706 701
f 704 707 708
f 708 709 705
f 709 711 705
f 709 712 713
f 713 714 710
f 714 716 710
f 714 717 718
f 718 719 715
f 719 721 715
f 719 722 723
f 723 724 720
f 725 744 720
f 724 726 727
f 727 728 725
f 728 730 725
f 728 731 732
f 732 733 729
f 733 734 735
f 735 1062 736
f 733 737 729
f 736 1061 738
f 737 739 740
f 740 730 729
f 740 741 742
f 742 743 730
f 743 725 730
f 743 745 746
f 743 747 744
f 747 748 749
f 747 750 721
f 721 720 744
f 749 1078 751
f 751 752 716
f 750 715 721
f 752 753 754
f 754 755 711
f 752 710 716
f 755 756 757
f 757 758 706
f 755 705 711
f 758 759 760
f 760 87 702
f 758 701 706
f 760 761 762
f 762 765 87
f 762 763 764
f 764 766 765
f 766 767 768
f 768 769 38
f 766 37 765
f 769 770 771
f 771 774 772
f 769 773 38
f 774 776 775
f 772 611 773
f 776 777 607
f 775 606 611
f 777 778 779
f 779 781 780
f 777 608 607
f 780 782 783
f 780 66 608
f 781 1109 784
f 782 785 786
f 786 67 783
f 785 788 787
f 787 68 67
f 788 1120 789
f 789 790 68
f 790 791 792
f 792 794 793
f 790 69 68
f 794 797 795
f 793 796 69
f 797 801 798
f 795 799 796
f 15 11 796
f 798 800 294
f 799 293 15
f 800 801 802
f 802 803 297
f 800 295 294
f 802 1137 804
f 804 806 805
f 803 298 297
f 806 808 807
f 805 301 298
f 808 811 809
f 807 810 301
f 811 1151 812
f 809 813 810
f 814 302 810
f 812 1153 815
f 813 816 814
f 817 304 814
f 815 1157 818
f 816 819 817
f 308 306 817
f 818 1160 820
f 819 821 308
f 820 1163 822
f 821 823 311
f 821 309 308
f 822 1166 824
f 823 825 826
f 826 312 311
f 824 2842 827
f 825 828 829
f 829 314 826
f 827 1179 830
f 828 831 832
f 832 317 829
f 830 1178 833
f 831 834 321
f 321 319 832
f 833 1182 835
f 835 836 324
f 834 322 321
f 835 1185 837
f 837 838 327
f 836 325 324
f 838 839 840
f 840 841 330
f 838 328 327
f 840 1190 106
f 841 105 842
f 841 331 330
f 105 102 843
f 842 333 331
f 102 845 844
f 843 336 333
f 844 846 847
f 844 848 336
f 847 849 850
f 850 851 848
f 851 852 853
f 853 854 339
f 851 337 848
f 854 855 856
f 856 857 343
f 854 340 339
f 857 344 343
f 857 858 859
f 859 860 348
f 860 349 348
f 860 861 862
f 862 863 353
f 863 354 353
f 863 864 865
f 865 866 358
f 866 359 358
f 866 867 868
f 868 869 363
f 869 364 363
f 869 870 871
f 871 872 368
f 872 369 368
f 872 874 875
f 875 876 873
f 876 372 873
f 876 878 879
f 879 880 877
f 379 375 877
f 880 50 881
f 881 882 379
f 882 380 379
f 882 49 883
f 883 884 384
f 884 385 384
f 884 885 886
f 886 391 389
f 886 887 888
f 888 393 391
f 888 889 890
f 890 891 393
f 891 394 393
f 891 893 894
f 891 895 892
f 896 398 892
f 894 1376 897
f 895 898 896
f 406 402 896
f 897 1378 899
f 898 900 406
f 900 407 406
f 899 2838 901
f 901 902 411
f 902 412 411
f 902 903 904
f 904 905 416
f 905 417 416
f 905 906 907
f 907 908 420
f 908 421 420
f 908 910 911
f 908 912 909
f 913 424 909
f 911 2841 914
f 912 915 913
f 916 427 913
f 914 931 917
f 915 918 916
f 919 430 916
f 917 930 920
f 918 921 919
f 922 434 919
f 920 929 923
f 921 924 922
f 925 438 922
f 923 928 926
f 924 927 925
f 446 442 925
f 926 519 516
f 927 515 446
f 928 521 519
f 928 929 118
f 118 117 521
f 930 114 929
f 930 931 932
f 932 115 114
f 932 933 934
f 934 935 115
f 934 936 529
f 935 527 526
f 526 116 115
f 936 933 937
f 937 938 532
f 936 530 529
f 938 939 940
f 940 942 941
f 938 533 532
f 942 943 944
f 942 945 946
f 946 535 941
f 944 2840 947
f 945 948 949
f 949 537 946
f 947 2839 950
f 948 951 541
f 541 539 949
f 950 1379 952
f 952 954 953
f 951 542 541
f 954 956 955
f 953 544 542
f 956 958 957
f 955 547 544
f 958 961 959
f 957 960 547
f 961 1381 962
f 959 963 960
f 963 964 965
f 965 657 966
f 966 548 960
f 962 1381 967
f 964 968 969
f 969 658 965
f 967 1383 970
f 968 971 972
f 972 660 969
f 971 974 973
f 972 662 660
f 974 976 975
f 973 664 662
f 976 978 977
f 975 666 664
f 978 979 670
f 977 668 666
f 979 980 981
f 981 983 982
f 979 671 670
f 983 984 985
f 983 986 987
f 987 674 982
f 985 1398 988
f 988 989 678
f 986 676 987
f 989 990 991
f 991 992 681
f 989 679 678
f 992 993 994
f 994 690 684
f 992 682 681
f 994 995 996
f 996 691 690
f 996 997 998
f 998 693 691
f 998 999 1000
f 1000 695 693
f 1000 1001 1002
f 1002 1003 695
f 1003 1004 1005
f 1003 1006 1007
f 1007 696 695
f 1005 1509 1008
f 1006 1009 1010
f 1010 699 1007
f 1010 1011 707
f 1010 703 699
f 1011 708 707
f 1011 1012 1013
f 1013 1014 712
f 1014 713 712
f 1014 1015 1016
f 1016 1017 717
f 1017 718 717
f 1017 1018 1019
f 1019 1020 722
f 1020 723 722
f 1020 1021 1022
f 1022 1023 726
f 1023 727 726
f 1023 1024 1025
f 1025 1026 731
f 1026 732 731
f 1026 1027 1028
f 1028 1029 734
f 1029 735 734
f 1029 1031 1032
f 1032 1033 1030
f 1033 1035 1030
f 1033 1036 1037
f 1037 1040 1034
f 1037 1038 1039
f 1039 209 1040
f 1039 1041 1042
f 1042 212 209
f 1042 1043 1044
f 1044 1045 212
f 1046 210 212
f 1044 1542 1047
f 1045 1048 1046
f 1047 1546 234
f 1048 233 1049
f 1049 1050 1046
f 1050 210 1046
f 1050 1051 1052
f 1052 1053 211
f 1053 208 211
f 1053 1055 1056
f 1056 1057 1054
f 1057 1034 1054
f 1057 1058 1059
f 1059 1062 1035
f 1059 1060 1061
f 1061 736 1062
f 1058 2828 1063
f 1060 1064 1065
f 1065 738 1061
f 1064 1067 1066
f 1066 739 738
f 1067 1069 1068
f 1068 741 739
f 1069 1571 1070
f 1070 1071 741
f 1071 742 741
f 1071 1072 1073
f 1073 1074 745
f 1074 746 745
f 1074 1075 1076
f 1076 1077 748
f 1078 749 748
f 1077 1079 1080
f 1080 1081 1078
f 1081 90 1082
f 1082 1083 753
f 1081 751 1078
f 1083 89 1084
f 1084 1085 756
f 1083 754 753
f 1085 1086 1087
f 1087 761 759
f 1085 757 756
f 1087 1088 1089
f 1089 763 761
f 1089 1090 1091
f 1091 1092 763
f 1092 1093 1094
f 1094 1095 767
f 1092 764 763
f 1095 1096 1097
f 1095 1098 770
f 770 768 767
f 1097 1718 1099
f 1099 1101 1100
f 1098 771 770
f 1101 1103 1102
f 1100 774 771
f 1103 1104 778
f 1102 776 774
f 1104 1105 1106
f 1106 1108 1107
f 1104 779 778
f 1108 1110 1109
f 1107 781 779
f 1110 1111 1112
f 1110 1113 1114
f 1114 784 1109
f 1114 1115 1116
f 1116 785 784
f 1115 1118 1117
f 1116 788 785
f 1118 1121 1119
f 1117 1120 788
f 1121 1743 1122
f 1119 1123 1120
f 1123 1124 1125
f 1123 1126 791
f 791 789 1120
f 1125 1752 1127
f 1126 1128 1129
f 1129 792 791
f 1129 1130 1131
f 1129 794 792
f 1131 1132 1133
f 1133 797 794
f 1133 1134 1135
f 1135 801 797
f 1135 1136 1137
f 1135 802 801
f 1134 2534 1138
f 1136 1139 1140
f 1140 804 1137
f 1140 1141 1142
f 1142 806 804
f 1142 1143 1144
f 1144 808 806
f 1144 1145 1146
f 1146 811 808
f 1146 1147 1148
f 1148 1151 811
f 1148 1149 1150
f 1150 1152 1151
f 1153 812 1151
f 1152 1154 1155
f 1152 1156 1153
f 1157 815 1153
f 1155 1931 1158
f 1156 1159 1157
f 1160 818 1157
f 1158 1935 1161
f 1159 1162 1160
f 1163 820 1160
f 1161 1168 1164
f 1162 1165 1163
f 1166 822 1163
f 1164 1167 217
f 1165 216 1166
f 1167 1168 1169
f 1167 1170 1171
f 1171 214 217
f 1171 1172 1173
f 1173 215 214
f 1173 1174 1175
f 1175 1176 215
f 1176 1177 1178
f 1178 830 1179
f 1176 218 215
f 1175 1174 1180
f 1177 1181 1182
f 1182 833 1178
f 1180 2837 1183
f 1181 1184 1185
f 1185 835 1182
f 1183 1949 1186
f 1184 1187 839
f 839 837 1185
f 1186 1948 1188
f 1187 1189 1190
f 1190 840 839
f 1188 1192 1191
f 1189 104 103
f 103 106 1190
f 1192 1951 1193
f 1193 1194 104
f 1194 1195 1196
f 1196 1198 1197
f 1194 101 104
f 1198 846 845
f 1197 102 101
f 1196 1200 1199
f 1199 849 846
f 1200 1958 1201
f 1199 1202 849
f 1201 1964 1203
f 1203 1204 852
f 1202 850 849
f 1204 1205 1206
f 1206 1207 855
f 1204 853 852
f 1207 1208 1209
f 1209 1210 858
f 1207 856 855
f 1210 1211 1212
f 1212 1213 861
f 1210 859 858
f 864 862 861
f 1213 1214 1215
f 1213 1216 864
f 867 865 864
f 1215 1977 1217
f 1217 1218 867
f 1218 868 867
f 1218 1219 1220
f 1220 1221 870
f 1221 871 870
f 1221 1222 1223
f 1223 1224 874
f 1224 875 874
f 1224 1225 1226
f 1226 1229 878
f 1226 1227 1228
f 1228 43 1229
f 1228 1230 1231
f 1228 47 43
f 1230 1234 1232
f 1231 1233 47
f 1234 1992 1235
f 1232 1236 1233
f 1237 46 1233
f 1235 1994 1238
f 1236 1239 1237
f 1239 1241 1237
f 1238 1998 1242
f 1242 1243 1240
f 1243 1245 1240
f 1243 1246 1247
f 1247 1248 1244
f 1248 1250 1244
f 1248 1251 1252
f 1252 1253 1249
f 1253 1255 1249
f 1253 1256 1257
f 1257 1258 1254
f 1258 1260 1254
f 1258 1261 1262
f 1262 1263 1259
f 1264 1335 1259
f 1263 1265 1266
f 1266 1267 1264
f 1267 1269 1264
f 1267 1270 1271
f 1271 1272 1268
f 1272 1274 1268
f 1272 1275 1276
f 1276 1277 1273
f 1277 1279 1273
f 1277 187 1280
f 1280 1281 1278
f 1282 1321 1278
f 1280 2026 1283
f 1281 1284 1282
f 1285 1317 1282
f 1283 2025 1286
f 1284 1287 1285
f 1288 1314 1285
f 1286 2836 1289
f 1287 1290 1288
f 1291 1311 1288
f 1289 2033 1292
f 1290 1293 1291
f 1294 1303 1291
f 1292 2032 1295
f 1293 1296 1294
f 1295 2036 1297
f 1296 1298 1299
f 1299 1300 1294
f 1301 1304 1302
f 1300 1303 1294
f 1300 126 1301
f 1302 1305 1306
f 1302 1307 1303
f 1307 1308 1309
f 1307 1310 1311
f 1311 1291 1303
f 1309 2059 1312
f 1310 1313 1314
f 1314 1288 1311
f 1313 1315 1316
f 1316 1318 1317
f 1313 1285 1314
f 1318 1319 1320
f 1320 1322 1321
f 1318 1282 1317
f 1322 1323 1324
f 1324 1325 1279
f 1322 1278 1321
f 1325 1326 1327
f 1327 1328 1274
f 1325 1273 1279
f 1328 1329 1330
f 1330 1331 1269
f 1328 1268 1274
f 1331 1332 1333
f 1331 1334 1335
f 1335 1264 1269
f 1333 2830 1336
f 1334 1337 1260
f 1260 1259 1335
f 1336 2832 1338
f 1337 1339 1255
f 1255 1254 1260
f 1339 1340 1341
f 1341 1342 1250
f 1339 1249 1255
f 1342 1343 1344
f 1344 1345 1245
f 1342 1244 1250
f 1345 1346 1347
f 1347 1350 1241
f 1345 1240 1245
f 1347 1348 1349
f 1349 45 1350
f 1349 1351 1352
f 1349 1353 45
f 1352 1354 1355
f 1352 1356 1353
f 1357 44 1353
f 1355 1405 1358
f 1356 1359 1357
f 1359 1361 1357
f 1358 1384 1362
f 1362 1363 1360
f 1363 1365 1360
f 1363 1366 1367
f 1367 1368 1364
f 1368 1370 1364
f 1368 1371 1372
f 1372 1373 1369
f 1373 1375 1369
f 1373 958 956
f 956 954 1374
f 1375 894 893
f 893 1370 1369
f 1374 1377 1376
f 1378 897 1376
f 1377 954 952
f 1377 1379 1378
f 1372 961 958
f 1367 1366 1380
f 1371 1381 961
f 1380 1382 1383
f 1383 967 1381
f 1366 1362 1384
f 1382 1385 1386
f 1386 970 1383
f 1386 1387 1388
f 1388 971 970
f 1387 1390 1389
f 1388 974 971
f 1390 1392 1391
f 1389 976 974
f 1392 1393 980
f 1391 978 976
f 1393 1394 1395
f 1395 1396 984
f 1393 981 980
f 1396 1397 4
f 4 3 1398
f 1396 985 984
f 1395 1399 1397
f 1399 1401 1402
f 1402 5 1397
f 1394 1403 1400
f 1403 1354 1400
f 1403 1392 1390
f 1390 1387 1404
f 1404 1355 1354
f 1404 1385 1405
f 1402 1406 1407
f 1407 1412 5
f 1407 1408 1409
f 1407 1410 1412
f 1411 8 1412
f 1409 2833 1413
f 1410 1414 1411
f 1414 1416 1411
f 1413 2831 1417
f 1417 1418 1415
f 1418 1420 1415
f 1418 1421 1422
f 1422 1423 1419
f 1423 1425 1419
f 1423 1426 1427
f 1427 1428 1424
f 1428 1430 1424
f 1428 1431 1432
f 1432 1433 1429
f 1433 1435 1429
f 1433 1436 1437
f 1437 1438 1434
f 1438 1440 1434
f 1438 1441 1442
f 1442 1443 1439
f 1444 1463 1439
f 1443 1445 1446
f 1446 1447 1444
f 1447 1449 1444
f 1447 1450 1451
f 1451 1452 1448
f 1452 1453 1454
f 1454 2058 1455
f 1452 1456 1448
f 1455 2062 1457
f 1456 1458 1459
f 1459 1449 1448
f 1459 1460 1461
f 1461 1462 1449
f 1462 1444 1449
f 1462 1464 1465
f 1465 1466 1463
f 1466 1467 1468
f 1466 1469 1440
f 1440 1439 1463
f 1468 2079 1470
f 1470 1471 1435
f 1469 1434 1440
f 1471 1472 1473
f 1473 1474 1430
f 1471 1429 1435
f 1474 1475 1476
f 1476 1477 1425
f 1474 1424 1430
f 1477 1478 1479
f 1479 1480 1420
f 1477 1419 1425
f 1480 1481 1482
f 1482 1485 1416
f 1480 1415 1420
f 1482 1483 1484
f 1484 6 1485
f 1484 1486 1487
f 1487 7 6
f 1487 1488 1489
f 1489 18 7
f 1489 1490 1491
f 1489 1492 18
f 1491 2103 1493
f 1493 1495 1494
f 1492 17 18
f 1495 1498 1496
f 1494 1497 17
f 1498 999 997
f 1496 995 1497
f 1498 1499 1500
f 1500 1001 999
f 1500 1501 1502
f 1502 1503 1001
f 1503 1504 1505
f 1505 1506 1004
f 1503 1002 1001
f 1506 1507 1508
f 1508 1510 1509
f 1506 1005 1004
f 1510 1511 1512
f 1510 1513 1514
f 1514 1008 1509
f 1514 1515 1012
f 1012 1009 1008
f 1513 2123 1516
f 1516 1517 1015
f 1515 1013 1012
f 1517 1016 1015
f 1517 1518 1519
f 1519 1520 1018
f 1520 1019 1018
f 1520 1521 1522
f 1522 1523 1021
f 1523 1022 1021
f 1523 1524 1525
f 1525 1526 1024
f 1526 1025 1024
f 1526 1527 1528
f 1528 1529 1027
f 1529 1028 1027
f 1529 1530 1531
f 1531 1532 1031
f 1532 1032 1031
f 1532 1533 1534
f 1534 1038 1036
f 1534 1535 1536
f 1536 1041 1038
f 1536 1537 1538
f 1538 1043 1041
f 1538 1539 1540
f 1540 1541 1043
f 1541 1044 1043
f 1541 1543 1544
f 1541 1545 1542
f 1546 1047 1542
f 1544 2153 1547
f 1545 1548 1546
f 235 234 1546
f 1547 1550 1549
f 1548 236 235
f 1549 1551 1552
f 1552 1553 236
f 1553 231 236
f 1553 1555 1556
f 1556 1557 1554
f 1557 1559 1554
f 1557 1560 1561
f 1557 1562 1558
f 1563 2827 1558
f 1561 2166 1564
f 1562 1565 1563
f 1064 1063 1563
f 1564 1567 1566
f 1565 1067 1064
f 1567 1569 1568
f 1566 1069 1067
f 1569 1572 1570
f 1568 1571 1069
f 1572 2176 1573
f 1570 1574 1571
f 1072 1070 1571
f 1573 2180 1575
f 1574 1576 1072
f 1576 1073 1072
f 1575 2183 1577
f 1577 1578 1075
f 1578 1076 1075
f 1578 1579 1580
f 1580 92 1079
f 1580 1581 1582
f 1580 93 92
f 1582 1583 1584
f 1582 1585 93
f 1584 1586 1587
f 1587 62 1585
f 1587 1588 1589
f 1589 63 62
f 1589 1590 1591
f 1591 1592 63
f 1592 58 63
f 1591 2199 1594
f 1594 1595 1593
f 1595 1597 1593
f 1595 1598 1599
f 1599 1600 1596
f 1600 1602 1596
f 1600 1603 1604
f 1604 1605 1601
f 1606 1686 1601
f 1605 1607 1608
f 1605 1609 1606
f 1610 1683 1606
f 1608 2209 1611
f 1609 1612 1610
f 1613 1680 1610
f 1611 2213 1614
f 1612 1615 1613
f 1616 1677 1613
f 1614 2217 1617
f 1615 1618 1616
f 1619 1673 1616
f 1617 2220 1620
f 1618 1621 1619
f 1622 1670 1619
f 1620 2223 1623
f 1621 1624 1622
f 1625 1667 1622
f 1623 2226 1626
f 1624 1627 1625
f 1628 1664 1625
f 1626 2229 1629
f 1627 1630 1628
f 1631 1661 1628
f 1629 2232 1632
f 1630 1633 1631
f 1634 1657 1631
f 1632 1636 1635
f 1633 176 1634
f 1635 1637 1638
f 1638 171 176
f 1638 1639 1640
f 1640 172 171
f 1640 1641 1642
f 1642 1643 172
f 1643 1644 1645
f 1643 1646 1647
f 1647 173 172
f 1647 109 1648
f 1648 174 173
f 1648 108 1649
f 1649 1650 174
f 1650 1651 1652
f 1652 1654 1653
f 1650 175 174
f 1654 1657 1634
f 1653 176 175
f 1654 1655 1656
f 1656 1658 1657
f 1656 2539 1659
f 1658 1660 1661
f 1661 1631 1657
f 1659 2541 1662
f 1660 1663 1664
f 1664 1628 1661
f 1662 2543 1665
f 1663 1666 1667
f 1667 1625 1664
f 1665 2545 1668
f 1666 1669 1670
f 1670 1622 1667
f 1668 2547 1671
f 1669 1672 1673
f 1673 1619 1670
f 1672 1674 1675
f 1672 1676 1677
f 1677 1616 1673
f 1675 2548 1678
f 1676 1679 1680
f 1680 1613 1677
f 1678 2550 1681
f 1679 1682 1683
f 1683 1610 1680
f 1681 2552 1684
f 1682 1685 1686
f 1686 1606 1683
f 1684 2554 1687
f 1685 1688 1602
f 1602 1601 1686
f 1687 1691 1689
f 1688 1690 1597
f 1597 1596 1602
f 1691 1693 1692
f 1689 59 1690
f 1693 2555 1694
f 1692 1695 59
f 1694 2557 1696
f 1695 1697 60
f 60 57 59
f 1696 2560 1698
f 1697 1699 1700
f 1700 61 60
f 1699 1702 1701
f 1700 91 61
f 1702 1705 1703
f 1701 1704 91
f 1705 1090 1088
f 1703 1086 1704
f 1705 1706 1707
f 1707 1708 1090
f 1708 1709 1710
f 1710 1711 1093
f 1708 1091 1090
f 1711 1712 1713
f 1713 1714 1096
f 1711 1094 1093
f 1714 1715 1716
f 1714 1717 1718
f 1718 1097 1096
f 1716 2578 1719
f 1717 1720 1721
f 1721 1099 1718
f 1720 1723 1722
f 1721 1101 1099
f 1723 1724 1105
f 1722 1103 1101
f 1724 1725 1726
f 1726 1728 1727
f 1724 1106 1105
f 1728 1729 1111
f 1727 1108 1106
f 1729 1730 1731
f 1731 1733 1732
f 1729 1112 1111
f 1732 1734 1735
f 1735 1113 1112
f 1735 1736 1737
f 1737 1115 1113
f 1736 1739 1738
f 1737 1118 1115
f 1739 1741 1740
f 1738 1121 1118
f 1741 1744 1742
f 1740 1743 1121
f 1744 2609 1745
f 1742 1746 1743
f 1746 1747 1748
f 1748 1749 1124
f 1746 1122 1743
f 1749 1750 1751
f 1751 1753 1752
f 1749 1125 1124
f 1751 2619 1754
f 1753 1755 1756
f 1756 1127 1752
f 1756 74 72
f 72 1128 1127
f 1754 1759 1757
f 1755 1758 74
f 1759 2621 1760
f 1757 1761 1758
f 1761 1762 1763
f 1763 1765 1764
f 1761 75 1758
f 1765 1768 1766
f 1764 1767 75
f 1768 2555 1769
f 1766 1770 1767
f 28 76 1767
f 1769 1772 1771
f 1770 29 28
f 1772 2553 1773
f 1771 1774 29
f 1774 32 29
f 1773 2551 1776
f 1774 1777 1775
f 1777 1779 1775
f 1776 2549 1780
f 1780 1781 1778
f 1781 1783 1778
f 1781 1784 1785
f 1785 1786 1782
f 1787 1896 1782
f 1786 1788 1789
f 1786 1790 1787
f 1791 1893 1787
f 1789 2546 1792
f 1790 1793 1791
f 1794 1890 1791
f 1792 2544 1795
f 1793 1796 1794
f 1797 1885 1794
f 1795 2542 1798
f 1796 1799 1797
f 1799 1801 1797
f 1798 2540 1802
f 1802 1803 1800
f 1803 1805 1800
f 1803 1806 1807
f 1807 1808 1804
f 1808 1810 1804
f 1808 1811 1812
f 1812 1813 1809
f 1814 1823 1809
f 1813 1815 1816
f 1816 1817 1814
f 1817 1819 1814
f 1817 1820 110
f 1817 112 1818
f 1821 1869 1822
f 1819 1823 1814
f 1818 1824 1821
f 1824 1826 1821
f 1818 112 1827
f 1827 1828 1825
f 1828 1830 1825
f 1827 2538 1831
f 1828 1832 1829
f 1832 1834 1829
f 1831 1645 1644
f 1644 1835 1833
f 1835 1837 1833
f 1835 1642 1641
f 1641 1838 1836
f 1838 1839 1836
f 1838 1639 1840
f 1840 180 179
f 1840 1637 1841
f 1841 1842 180
f 1841 2233 1843
f 1842 1844 1845
f 1845 181 180
f 1845 1846 1847
f 1847 182 181
f 1847 1848 1849
f 1849 1850 182
f 1850 1851 1852
f 1852 1854 1853
f 1850 178 182
f 1854 1856 1855
f 1853 1839 178
f 1856 1857 1837
f 1855 1836 1839
f 1857 1858 1859
f 1859 1860 1834
f 1857 1833 1837
f 1860 1861 1862
f 1862 1863 1830
f 1860 1829 1834
f 1863 1864 1865
f 1865 1866 1826
f 1863 1825 1830
f 1866 1867 1868
f 1868 1870 1869
f 1866 1821 1826
f 1870 1871 1872
f 1870 1873 1874
f 1874 1822 1869
f 1874 1875 1876
f 1876 1823 1822
f 1876 1877 1810
f 1810 1809 1823
f 1875 2267 1878
f 1878 1879 1805
f 1877 1804 1810
f 1879 1880 1881
f 1881 1882 1801
f 1879 1800 1805
f 1882 1883 1884
f 1884 1886 1885
f 1882 1797 1801
f 1886 1887 1888
f 1886 1889 1890
f 1890 1794 1885
f 1888 2277 1891
f 1889 1892 1893
f 1893 1791 1890
f 1891 2282 1894
f 1892 1895 1896
f 1896 1787 1893
f 1894 2285 1897
f 1895 1898 1783
f 1783 1782 1896
f 1897 1901 1899
f 1898 1900 1779
f 1898 1778 1783
f 1901 1903 1902
f 1899 30 1900
f 1903 1906 1904
f 1902 1905 30
f 1906 2292 1907
f 1904 1908 1905
f 1909 31 1905
f 1907 2294 1910
f 1908 1911 1909
f 1912 2537 1909
f 1910 2297 1913
f 1911 1914 1912
f 1914 1916 1912
f 1913 2300 1917
f 1917 1918 1915
f 1918 1141 1915
f 1918 1919 1920
f 1920 1145 1143
f 1920 1921 1922
f 1922 1147 1145
f 1922 1923 1924
f 1924 1149 1147
f 1924 1925 1926
f 1926 1927 1149
f 1927 1150 1149
f 1927 1928 1929
f 1929 1930 1154
f 1930 1155 1154
f 1930 1932 1933
f 1933 1934 1931
f 1935 1158 1931
f 1933 2532 1936
f 1934 1937 1935
f 1168 1161 1935
f 1937 1938 1939
f 1939 1169 1168
f 1938 1941 1940
f 1940 1170 1169
f 1941 135 134
f 134 1172 1170
f 1941 1942 1943
f 1943 136 135
f 1943 1944 1945
f 1945 1946 136
f 1946 1947 1948
f 1948 1186 1949
f 1946 132 136
f 1945 1944 1950
f 1947 1951 1192
f 1192 1188 1948
f 1944 2531 1952
f 1950 1953 1951
f 1953 1954 1955
f 1953 1956 1195
f 1953 1193 1951
f 1955 1959 1957
f 1956 1958 1200
f 1200 1196 1195
f 1959 1925 1960
f 1957 1961 1958
f 1960 2305 1962
f 1961 1963 1964
f 1964 1201 1958
f 1962 2304 1965
f 1963 1966 1205
f 1205 1203 1964
f 1965 2306 1967
f 1967 1968 1208
f 1966 1206 1205
f 1968 1969 1970
f 1970 1971 1211
f 1968 1209 1208
f 1971 1972 1973
f 1973 1974 1214
f 1971 1212 1211
f 1974 1975 1976
f 1976 1978 1977
f 1974 1215 1214
f 1219 1217 1977
f 1978 166 169
f 1978 1979 1219
f 1979 1220 1219
f 1979 168 1980
f 1980 1981 1222
f 1981 1223 1222
f 1981 1982 1983
f 1983 1227 1225
f 1983 1984 1985
f 1985 1230 1227
f 1985 1986 1987
f 1987 1234 1230
f 1987 1988 1989
f 1989 1992 1234
f 1989 1990 1991
f 1991 1993 1992
f 1994 1235 1992
f 1993 1995 1996
f 1993 1997 1994
f 1998 1238 1994
f 1996 2370 1999
f 1997 2000 1998
f 1246 1242 1998
f 1999 2374 2001
f 2000 2002 1246
f 2002 1247 1246
f 2001 2377 2003
f 2003 2004 1251
f 2004 1252 1251
f 2004 2005 2006
f 2006 2007 1256
f 2007 1257 1256
f 2007 2008 2009
f 2009 2010 1261
f 2010 1262 1261
f 2010 2011 2012
f 2012 2013 1265
f 2013 1266 1265
f 2013 2014 2015
f 2015 2016 1270
f 2016 1271 1270
f 2016 2017 2018
f 2018 188 1275
f 2015 2014 2019
f 2017 2020 2021
f 2021 184 2018
f 2021 2022 2023
f 2023 185 184
f 2023 149 153
f 153 2024 185
f 2025 1283 2026
f 2024 186 185
f 2024 152 2025
f 2020 2028 2027
f 2022 150 149
f 2028 2389 2029
f 2029 2030 150
f 2030 2031 2032
f 2032 1292 2033
f 2030 151 150
f 2029 2389 2034
f 2031 2035 2036
f 2036 1295 2032
f 2034 2390 2037
f 2035 2038 2039
f 2039 1297 2036
f 2039 2040 2041
f 2041 1298 1297
f 2041 2042 2043
f 2043 127 1298
f 2043 2044 2045
f 2045 128 127
f 2045 2046 2047
f 2047 129 128
f 2047 2048 2049
f 2049 2050 129
f 2050 192 194
f 194 2052 2051
f 2050 130 129
f 2052 1305 1304
f 2051 1301 130
f 2052 193 2053
f 2053 2054 1305
f 2054 2055 2056
f 2056 2057 1308
f 2054 1306 1305
f 2057 2058 1454
f 1454 1453 2059
f 2057 1309 1308
f 2056 2060 2058
f 2061 2063 2062
f 2062 1455 2058
f 2055 191 2061
f 2063 2064 2065
f 2065 2067 2066
f 2063 1457 2062
f 2067 2069 2068
f 2066 1458 1457
f 2069 2071 2070
f 2068 1460 1458
f 2071 2415 2072
f 2070 2073 1460
f 2073 1461 1460
f 2072 2419 2074
f 2074 2075 1464
f 2075 1465 1464
f 2075 2076 2077
f 2077 2078 1467
f 2078 1468 1467
f 2078 2080 2081
f 2078 2082 2079
f 2081 2426 2083
f 2082 2084 1472
f 1472 1470 2079
f 2083 82 2085
f 2085 2086 1475
f 2084 1473 1472
f 2086 81 2087
f 2087 2088 1478
f 2086 1476 1475
f 2088 2089 2090
f 2090 1483 1481
f 2088 1479 1478
f 2090 2091 2092
f 2092 1486 1483
f 2092 2093 2094
f 2094 1488 1486
f 2094 2095 2096
f 2096 1490 1488
f 2096 2097 2098
f 2098 2099 1490
f 2099 2100 2101
f 2099 2102 2103
f 2099 1491 1490
f 2101 2475 2104
f 2102 2105 2106
f 2106 1493 2103
f 2105 1501 1499
f 2106 1495 1493
f 2104 2480 2107
f 2107 2108 1501
f 2108 2109 2110
f 2110 2111 1504
f 2108 1502 1501
f 2111 2112 2113
f 2113 2114 1507
f 2111 1505 1504
f 2114 2115 2116
f 2116 2117 1511
f 2114 1508 1507
f 2117 2118 2119
f 2119 2121 2120
f 2117 1512 1511
f 2120 2122 2123
f 2123 1513 1512
f 2121 2495 2124
f 2122 2125 1518
f 1518 1516 2123
f 2124 2498 2126
f 2126 2127 1521
f 2125 1519 1518
f 2127 1522 1521
f 2126 2130 2128
f 2128 2129 1524
f 2129 1525 1524
f 2128 206 205
f 205 203 1527
f 2130 2131 206
f 2131 2132 2133
f 2133 2137 2134
f 2131 204 206
f 2134 2136 204
f 2137 2138 2135
f 2138 2140 2135
f 2138 2141 2142
f 2142 2143 2139
f 2143 1539 2139
f 2143 2145 2146
f 2146 2147 2144
f 2147 1543 2144
f 2147 2149 2150
f 2150 2151 2148
f 2151 2153 2148
f 2151 2154 2155
f 2155 2156 2152
f 2156 1550 2152
f 2156 2157 2158
f 2158 2159 1551
f 2159 1552 1551
f 2159 2160 2161
f 2161 2162 1555
f 2162 1556 1555
f 2162 2163 2164
f 2164 2165 1560
f 2165 1561 1560
f 2165 2167 2168
f 2168 2169 2166
f 1567 1564 2166
f 2169 2170 2171
f 2169 1569 1567
f 2171 2172 2173
f 2171 1572 1569
f 2173 2174 2175
f 2173 2176 1572
f 2175 2177 2178
f 2175 2179 2176
f 2180 1573 2176
f 2178 2525 2181
f 2179 2182 2180
f 2183 1575 2180
f 2181 2528 2184
f 2182 2185 2183
f 1579 1577 2183
f 2184 2187 2186
f 2185 1581 1579
f 2187 2189 2188
f 2186 1583 1581
f 2189 2191 2190
f 2188 1586 1583
f 2191 2193 2192
f 2190 1588 1586
f 2192 2194 2195
f 2195 1590 1588
f 2195 2196 2197
f 2195 2198 1590
f 2199 1591 1590
f 2198 2200 2201
f 2198 2202 2199
f 1598 1594 2199
f 2201 2328 2203
f 2202 2204 1598
f 1603 1599 1598
f 2203 2338 2205
f 2204 2206 1603
f 2206 1604 1603
f 2205 2337 2207
f 2207 2208 1607
f 2208 1608 1607
f 2208 2210 2211
f 2211 2212 2209
f 2213 1611 2209
f 2212 2214 2215
f 2212 2216 2213
f 2217 1614 2213
f 2215 2236 2218
f 2216 2219 2217
f 2220 1617 2217
f 2218 2235 2221
f 2219 2222 2220
f 2223 1620 2220
f 2221 220 2224
f 2222 2225 2223
f 2226 1623 2223
f 2224 223 2227
f 2225 2228 2226
f 2229 1626 2226
f 2227 2234 2230
f 2228 2231 2229
f 2232 1629 2229
f 2230 1844 1843
f 2231 2233 2232
f 2234 1846 1844
f 2234 223 222
f 222 1848 1846
f 2235 2241 220
f 2235 2236 2237
f 2235 2238 2241
f 2237 2242 2239
f 2238 1851 2240
f 2240 221 2241
f 2240 1849 1848
f 1848 222 221
f 2242 2244 2243
f 2239 1852 1851
f 2244 2246 2245
f 2243 1854 1852
f 2246 2247 1858
f 2245 1856 1854
f 2247 2248 2249
f 2249 2250 1861
f 2247 1859 1858
f 2250 2251 2252
f 2252 2253 1864
f 2250 1862 1861
f 2253 2254 2255
f 2255 2256 1867
f 2253 1865 1864
f 2256 2257 2258
f 2258 2259 1871
f 2256 1868 1867
f 2259 2260 2261
f 2261 2263 2262
f 2259 1872 1871
f 2262 2264 2265
f 2265 1873 1872
f 2265 2266 2267
f 2267 1875 1873
f 2264 2318 2268
f 2266 2269 1880
f 1880 1878 2267
f 2268 2315 2270
f 2270 2271 1883
f 2269 1881 1880
f 2271 2272 2273
f 2273 2274 1887
f 2271 1884 1883
f 2274 2275 2276
f 2276 2278 2277
f 2274 1888 1887
f 2278 2279 2280
f 2278 2281 2282
f 2282 1891 2277
f 2280 21 2283
f 2281 2284 2285
f 2285 1894 2282
f 2283 2287 2286
f 2284 1903 1901
f 1901 1897 2285
f 2287 167 2288
f 2286 1906 1903
f 2288 2289 2290
f 2290 2292 1906
f 2290 1975 2291
f 2291 2293 2292
f 2294 1907 2292
f 2293 1972 2295
f 2293 2296 2294
f 2297 1910 2294
f 2295 1969 2298
f 2296 2299 2297
f 2300 1913 2297
f 2298 2306 2301
f 2299 2302 2300
f 1919 1917 2300
f 2301 2304 2303
f 2302 1921 1919
f 2304 1962 2305
f 2303 1923 1921
f 2306 1965 2304
f 1969 1967 2306
f 2295 1970 1969
f 2291 1973 1972
f 20 165 167
f 2287 21 20
f 2280 24 21
f 2279 2308 24
f 2276 2275 2307
f 2307 2310 2308
f 2275 2311 2309
f 2312 2348 2309
f 2311 2273 2272
f 2311 2313 2312
f 2314 2341 2312
f 2272 2270 2315
f 2313 2316 2314
f 2317 2340 2314
f 2315 2268 2318
f 2316 2319 2317
f 2319 2321 2317
f 2318 2264 2263
f 2263 2261 2320
f 2321 2196 2323
f 2323 2340 2317
f 2320 2324 2322
f 2324 2200 2322
f 2324 2261 2260
f 2260 2326 2325
f 2326 2328 2325
f 2326 2258 2257
f 2257 2329 2327
f 2330 2338 2327
f 2329 2255 2254
f 2329 2331 2330
f 2332 2337 2330
f 2254 2252 2251
f 2331 2333 2332
f 2333 2210 2332
f 2333 2249 2248
f 2248 2335 2334
f 2335 2214 2334
f 2335 2246 2244
f 2244 2242 2336
f 2336 2215 2214
f 2242 2237 2236
f 2334 2211 2210
f 2332 2207 2337
f 2337 2205 2338
f 2338 2203 2328
f 2325 2201 2200
f 2323 2194 2339
f 2339 53 2340
f 2322 2197 2196
f 53 2341 2314
f 2341 52 2342
f 2342 2348 2312
f 2342 2343 2344
f 2342 2345 2348
f 2344 2430 2346
f 2345 2347 2310
f 2310 2309 2348
f 2346 2351 2349
f 2347 2350 22
f 2347 2308 2310
f 2351 2428 2352
f 2349 2353 2350
f 2352 2432 2354
f 2353 2355 2356
f 2356 23 2350
f 2356 2357 2358
f 2358 25 23
f 2358 2360 25
f 2357 2361 2359
f 2361 1986 2359
f 2361 2362 2363
f 2363 1990 1988
f 2363 2364 2365
f 2365 2366 1990
f 2366 1991 1990
f 2366 2367 2368
f 2368 2369 1995
f 2369 1996 1995
f 2369 2371 2372
f 2369 2373 2370
f 2374 1999 2370
f 2372 2440 2375
f 2373 2376 2374
f 2377 2001 2374
f 2375 2444 2378
f 2376 2379 2377
f 2005 2003 2377
f 2378 2448 2380
f 2379 2381 2005
f 2381 2006 2005
f 2380 2391 2382
f 2382 2383 2008
f 2383 2009 2008
f 2383 2384 2385
f 2385 2386 2011
f 2386 2012 2011
f 2386 2387 2388
f 2388 2019 2014
f 2388 2389 2028
f 2028 2020 2019
f 2387 2384 2390
f 2390 2034 2389
f 2384 2391 2392
f 2392 2037 2390
f 2392 2393 2394
f 2394 2038 2037
f 2394 2395 2396
f 2396 2040 2038
f 2396 2397 2398
f 2398 2042 2040
f 2398 2399 2400
f 2400 2044 2042
f 2400 2401 2402
f 2402 2046 2044
f 2402 2403 2404
f 2404 2048 2046
f 2404 2405 2406
f 2406 2407 2048
f 2406 2065 2064
f 2064 190 2407
f 2403 2409 2408
f 2405 2067 2065
f 2409 2411 2410
f 2408 2069 2067
f 2411 2413 2412
f 2410 2071 2069
f 2413 2416 2414
f 2412 2415 2071
f 2416 2436 2417
f 2414 2418 2415
f 2419 2072 2415
f 2417 2434 2420
f 2418 2421 2419
f 2076 2074 2419
f 2420 2433 2422
f 2421 2423 2076
f 2423 2077 2076
f 2422 2432 2424
f 2423 2425 2080
f 2426 2081 2080
f 2424 2428 2427
f 2425 83 2426
f 2428 2351 2429
f 2427 80 83
f 2351 2346 2430
f 2429 2431 80
f 2432 2352 2428
f 2433 2354 2432
f 2433 2434 2435
f 2435 2355 2354
f 2435 2364 2362
f 2362 2357 2355
f 2434 2436 2364
f 2436 2365 2364
f 2416 2437 2367
f 2437 2368 2367
f 2416 2413 2438
f 2438 2439 2371
f 2439 2372 2371
f 2439 2441 2442
f 2442 2443 2440
f 2444 2375 2440
f 2443 2445 2446
f 2443 2447 2444
f 2448 2378 2444
f 2446 2397 2395
f 2447 2393 2448
f 2445 2399 2397
f 2442 2441 2449
f 2449 2401 2399
f 2449 2411 2409
f 2409 2403 2401
f 2441 2413 2411
f 2391 2380 2448
f 2360 1982 2450
f 2360 26 25
f 2359 1986 1984
f 2430 2343 2431
f 2193 51 2339
f 2193 55 51
f 2191 2451 55
f 2189 2187 2452
f 2451 2453 2454
f 2454 56 55
f 2453 2456 2455
f 2454 79 56
f 2456 2459 2457
f 2455 2458 79
f 2459 2462 2460
f 2457 2461 2458
f 2460 2091 2089
f 2461 2087 81
f 81 77 2458
f 2462 2093 2091
f 2462 2463 2464
f 2464 2095 2093
f 2464 2465 2466
f 2466 2097 2095
f 2466 2467 2468
f 2468 2469 2097
f 2469 2470 2471
f 2471 2472 2100
f 2469 2098 2097
f 2472 2473 2474
f 2474 2476 2475
f 2472 2101 2100
f 2476 2477 2478
f 2476 2479 2480
f 2480 2104 2475
f 2479 2481 2482
f 2482 2483 2109
f 2479 2107 2480
f 2483 2484 2485
f 2485 2486 2112
f 2483 2110 2109
f 2486 2487 2488
f 2488 2489 2115
f 2486 2113 2112
f 2489 2490 2491
f 2491 2492 2118
f 2489 2116 2115
f 2492 2493 229
f 229 228 2494
f 2492 2119 2118
f 228 2496 2495
f 2494 2121 2119
f 228 227 2497
f 2496 2132 2498
f 2498 2124 2495
f 227 226 2499
f 2497 2133 2132
f 226 2500 2141
f 2499 2137 2133
f 2500 2142 2141
f 2500 225 2501
f 2501 2502 2145
f 2502 2146 2145
f 2502 2503 2504
f 2504 2505 2149
f 2505 2150 2149
f 2505 2506 2507
f 2507 2508 2154
f 2508 2155 2154
f 2508 2509 2510
f 2510 2511 2157
f 2511 2158 2157
f 2511 2512 2513
f 2513 2514 2160
f 2514 2161 2160
f 2514 2515 2516
f 2516 2517 2163
f 2517 2164 2163
f 2517 2518 2519
f 2519 2520 2167
f 2520 2168 2167
f 2520 2521 2522
f 2522 2172 2170
f 2522 2470 2523
f 2523 2174 2172
f 2523 2468 2467
f 2467 2177 2174
f 2519 2518 2473
f 2521 2471 2470
f 2516 2515 2477
f 2518 2474 2473
f 2513 2512 2481
f 2515 2478 2477
f 2510 2509 2484
f 2512 2482 2481
f 2507 2506 2487
f 2509 2485 2484
f 2504 2503 2490
f 2506 2488 2487
f 2501 225 2493
f 2503 2491 2490
f 2465 2524 2177
f 2524 2178 2177
f 2524 2463 2526
f 2526 2527 2525
f 2528 2181 2525
f 2527 2456 2453
f 2527 2452 2528
f 2526 2459 2456
f 2187 2184 2528
f 2152 1547 2153
f 2148 1544 1543
f 2144 1540 1539
f 2140 1535 2529
f 2529 2136 2135
f 2139 1539 1537
f 2529 1533 2530
f 2530 202 2136
f 2530 1531 1530
f 1530 203 202
f 2130 2126 2498
f 2426 83 82
f 2061 191 190
f 2053 193 191
f 2049 2407 192
f 1980 168 2450
f 1976 2289 166
f 2305 1925 1923
f 1959 1926 1925
f 1955 1954 1928
f 1954 1929 1928
f 1952 2531 1932
f 2531 1933 1932
f 2531 1942 2532
f 1938 1936 2532
f 1916 1138 2533
f 2533 2537 1912
f 1915 1141 1139
f 2533 2534 2535
f 2533 34 2537
f 2535 2536 73
f 73 33 34
f 2537 31 1909
f 1636 1632 2232
f 1841 1637 1636
f 2538 1646 1645
f 2538 112 111
f 111 109 1646
f 1816 1651 1820
f 1812 1811 1655
f 1815 1652 1651
f 1807 1806 2539
f 1811 1656 1655
f 1806 2540 2541
f 2541 1659 2539
f 2540 2542 2543
f 2543 1662 2541
f 2542 2544 2545
f 2545 1665 2543
f 2544 2546 2547
f 2547 1668 2545
f 1789 1788 1674
f 2546 1671 2547
f 1785 1784 2548
f 1788 1675 1674
f 1784 2549 2550
f 2550 1678 2548
f 2549 2551 2552
f 2552 1681 2550
f 1900 32 1775
f 2551 2553 2554
f 2554 1684 2552
f 2553 1693 1691
f 1691 1687 2554
f 1772 2555 1693
f 1768 2556 2557
f 2557 1694 2555
f 1765 1763 2558
f 2556 2559 2560
f 2560 1696 2557
f 2558 2630 2561
f 2559 2562 2563
f 2563 1698 2560
f 2563 2564 2565
f 2565 1699 1698
f 2564 2566 1706
f 2565 1702 1699
f 2566 2567 2568
f 2568 2569 1709
f 2566 1707 1706
f 2569 2570 2571
f 2571 2572 1712
f 2569 1710 1709
f 2572 2573 2574
f 2574 2575 1715
f 2572 1713 1712
f 2575 2576 2577
f 2577 2579 2578
f 2575 1716 1715
f 2579 2580 2581
f 2581 2583 2582
f 2579 1719 2578
f 2583 2585 2584
f 2584 1720 1719
f 2585 2586 1725
f 2584 1723 1720
f 2586 2587 2588
f 2588 2590 2589
f 2586 1726 1725
f 2590 2591 1730
f 2589 1728 1726
f 2591 2592 2593
f 2593 2595 2594
f 2591 1731 1730
f 2595 2597 2596
f 2594 1733 1731
f 2596 2598 2599
f 2599 1734 1733
f 2599 2600 2601
f 2601 1736 1734
f 2600 2603 2602
f 2601 1739 1736
f 2603 2605 2604
f 2602 1741 1739
f 2605 2607 2606
f 2604 1744 1741
f 2607 2610 2608
f 2606 2609 1744
f 2610 2678 2611
f 2608 2612 2609
f 2611 2684 2613
f 2613 2614 1747
f 2612 1745 2609
f 2613 2687 2615
f 2614 2616 1750
f 2614 1748 1747
f 2615 2690 2617
f 2616 2618 2619
f 2619 1751 1750
f 2617 2622 2620
f 2618 2621 1759
f 1759 1754 2619
f 2620 2623 2624
f 2624 2625 2621
f 2625 2626 2627
f 2627 2630 1762
f 2625 1760 2621
f 2627 2628 2629
f 2629 2561 2630
f 2629 2631 2632
f 2632 2562 2561
f 2632 2633 2567
f 2567 2564 2562
f 2631 2699 2634
f 2634 2635 2570
f 2633 2568 2567
f 2635 2636 2637
f 2637 2638 2573
f 2635 2571 2570
f 2638 2639 2640
f 2640 2641 2576
f 2638 2574 2573
f 2641 2642 2643
f 2643 2644 2580
f 2641 2577 2576
f 2644 2645 2646
f 2646 2648 2647
f 2644 2581 2580
f 2648 2650 2649
f 2647 2583 2581
f 2650 2651 2587
f 2649 2585 2583
f 2651 2652 2653
f 2653 2655 2654
f 2651 2588 2587
f 2655 2656 2592
f 2654 2590 2588
f 2656 2657 2658
f 2658 2660 2659
f 2656 2593 2592
f 2660 2662 2661
f 2659 2595 2593
f 2662 2664 2663
f 2661 2597 2595
f 2664 2666 2665
f 2665 2598 2597
f 2666 2668 2667
f 2665 2600 2598
f 2668 2670 2669
f 2667 2603 2600
f 2670 2672 2671
f 2669 2605 2603
f 2672 2674 2673
f 2671 2607 2605
f 2674 2676 2675
f 2673 2610 2607
f 2676 2679 2677
f 2675 2678 2610
f 2679 2746 2680
f 2677 2681 2678
f 2680 2751 2682
f 2681 2683 2684
f 2684 2611 2678
f 2682 2754 2685
f 2683 2686 2687
f 2687 2613 2684
f 2685 2757 2688
f 2686 2689 2690
f 2690 2615 2687
f 2689 2691 2692
f 2692 2623 2622
f 2622 2617 2690
f 2692 2693 2694
f 2694 2695 2623
f 2695 2696 2697
f 2697 2628 2626
f 2695 2624 2623
f 2697 2698 2699
f 2699 2631 2628
f 2696 2764 2700
f 2698 2701 2636
f 2636 2634 2699
f 2700 2763 2702
f 2701 2703 2639
f 2701 2637 2636
f 2702 2767 2704
f 2704 2705 2642
f 2703 2640 2639
f 2705 2706 2707
f 2707 2708 2645
f 2705 2643 2642
f 2707 2772 2709
f 2709 2711 2710
f 2708 2646 2645
f 2711 2713 2712
f 2710 2648 2646
f 2713 2714 2652
f 2712 2650 2648
f 2714 2715 2716
f 2716 2718 2717
f 2714 2653 2652
f 2718 2719 2657
f 2717 2655 2653
f 2719 2720 2721
f 2721 155 2722
f 2719 2658 2657
f 2721 2723 2724
f 2724 156 155
f 2724 144 2725
f 2725 2726 156
f 2726 2727 2728
f 2728 2730 2729
f 2726 158 156
f 2730 2733 2731
f 2729 2732 158
f 2733 2666 2664
f 2731 2662 2732
f 2733 2734 2735
f 2735 2668 2666
f 2735 2736 2737
f 2735 2670 2668
f 2736 2739 2738
f 2737 2672 2670
f 2739 2741 2740
f 2738 2674 2672
f 2741 2743 2742
f 2740 2676 2674
f 2743 196 2744
f 2742 2679 2676
f 196 199 2745
f 2744 2746 2679
f 199 2810 2747
f 2745 2748 2746
f 2747 2803 2749
f 2748 2750 2751
f 2751 2680 2746
f 2749 2806 2752
f 2750 2753 2754
f 2754 2682 2751
f 2752 2808 2755
f 2753 2756 2757
f 2757 2685 2754
f 2756 2758 2759
f 2759 2693 2691
f 2691 2688 2757
f 2759 2760 2761
f 2761 2764 2693
f 2761 2762 2763
f 2763 2700 2764
f 2760 2809 2765
f 2762 2766 2767
f 2767 2702 2763
f 2765 2826 2768
f 2766 2769 2706
f 2706 2704 2767
f 2768 2797 2770
f 2769 2771 2772
f 2772 2707 2706
f 2770 2795 2773
f 2771 2774 2775
f 2775 2709 2772
f 2774 2777 2776
f 2775 2711 2709
f 2777 2778 2715
f 2776 2713 2711
f 2778 2779 2780
f 2780 2782 2781
f 2778 2716 2715
f 2782 2723 2720
f 2781 2718 2716
f 2782 2783 147
f 147 144 2723
f 2780 2784 2783
f 2784 2786 2787
f 2787 145 2783
f 2779 2788 2785
f 2789 2790 2785
f 2788 2777 2774
f 2788 2773 2789
f 2791 2814 2792
f 2792 2786 2785
f 2790 2793 2791
f 2794 2800 2791
f 2789 2773 2795
f 2793 2796 2794
f 161 2798 2794
f 2795 2770 2797
f 2796 162 161
f 2798 2800 2794
f 2798 160 2801
f 2801 2802 2799
f 2802 2804 2799
f 2802 2805 2806
f 2806 2749 2803
f 2801 160 164
f 2805 2807 2808
f 2808 2752 2806
f 2807 163 2809
f 2809 2760 2758
f 2807 2755 2808
f 2804 2811 2812
f 2812 2800 2799
f 2803 2747 2810
f 2812 2813 2814
f 2814 2791 2800
f 2811 198 200
f 200 2816 2815
f 2813 2792 2814
f 2816 2818 2817
f 2815 2786 2792
f 2818 2820 2819
f 2817 2787 2786
f 2819 145 2787
f 2820 2821 146
f 2727 143 146
f 2821 2822 2823
f 2821 2728 2727
f 2822 2736 2734
f 2823 2730 2728
f 2820 2818 2824
f 2822 2739 2736
f 2818 2816 2825
f 2824 2741 2739
f 2816 200 197
f 2825 2743 2741
f 2810 199 198
f 2797 2826 162
f 2809 163 2826
f 2725 144 143
f 2764 2694 2693
f 2660 157 2732
f 2660 2722 157
f 2630 1763 1762
f 1649 108 1820
f 1690 58 1593
f 2827 1055 2829
f 2827 1559 1558
f 2827 1063 2828
f 2829 1052 1051
f 1051 232 1559
f 232 231 1554
f 1528 1527 203
f 1451 1450 1315
f 1453 1312 2059
f 1446 1445 1319
f 1450 1316 1315
f 1442 1441 1323
f 1445 1320 1319
f 1437 1436 1326
f 1441 1324 1323
f 1432 1431 1329
f 1436 1327 1326
f 1427 1426 1332
f 1431 1330 1329
f 1422 1421 2830
f 1426 1333 1332
f 1421 2831 2832
f 2832 1336 2830
f 2831 2833 1340
f 1340 1338 2832
f 1485 8 1411
f 1409 1408 1343
f 2833 1341 1340
f 1406 1348 1346
f 1408 1344 1343
f 1401 1351 1348
f 1400 1354 1351
f 1384 1358 1405
f 1370 890 889
f 889 1365 1364
f 1365 887 2834
f 2834 1361 1360
f 2834 885 2835
f 2835 48 1361
f 48 44 1357
f 1299 127 126
f 2033 2836 151
f 2025 152 2836
f 2026 187 186
f 1276 188 187
f 1350 46 1237
f 1949 2837 132
f 1174 133 2837
f 1172 134 133
f 2534 1132 2536
f 1130 71 2536
f 1128 72 71
f 1084 89 1704
f 1080 92 90
f 2828 1056 1055
f 1054 1040 208
f 1049 233 232
f 1062 735 1030
f 993 16 1497
f 991 990 16
f 1398 3 990
f 2838 899 1378
f 1379 2839 2838
f 903 901 2838
f 2839 2840 903
f 2840 904 903
f 944 943 906
f 943 907 906
f 940 939 910
f 939 911 910
f 937 933 2841
f 931 914 2841
f 883 49 2835
f 879 1229 50
f 1179 2842 218
f 1166 216 2842
f 657 550 966
f 610 35 773
f 563 120 650
f 560 123 122
f 524 117 116
f 522 521 117
f 515 447 446
f 513 452 451
f 511 457 456
f 508 2843 461
f 2843 462 461
f 2843 507 2844
f 2844 2845 466
f 2845 467 466
f 2845 2846 2847
f 2847 95 471
f 2846 507 510
f 510 497 496
f 496 96 2847
f 492 99 96
f 488 97 99
f 476 98 97
f 472 95 98
f 401 12 396
f 388 291 290
f 290 383 382
f 387 14 2848
f 383 287 286
f 286 378 377
f 378 282 281
f 281 2849 374
f 2849 277 276
f 2849 2850 371
f 276 272 2851
f 2850 367 366
f 2851 268 2852
f 2852 362 361
f 362 265 264
f 264 357 356
f 357 260 259
f 259 352 351
f 352 255 254
f 254 347 346
f 347 250 249
f 249 240 342
f 293 14 15
f 2431 54 78
f 78 54 56

