{
  "name": "BTG_13",
  "source_file": "BTG_13.stl",
  "canonical_scale_factor": 144.58179934024926,
  "source_unit_scale": 0.001,
  "centroid_offset": [
    140.3686202979577,
    140.889470433955,
    87.36684251098775
  ],
  "original_bbox": [
    280.7994384765625,
    281.97540283203125,
    129.30572509765625
  ],
  "normalised_bbox": [
    1.942149286825153,
    1.9502828441666364,
    0.8943430341004174
  ],
  "export_bbox": [
    0.13526072354396412,
    0.13582718404134114,
    0.062286399253414976
  ],
  "export_bbox_scale_factor": 0.0696448643065312,
  "export_bbox_target_size": 0.13582718404134114,
  "export_bbox_target_axis": "max",
  "volume_m3": 2614542.214854861,
  "surface_area_m2": 154864.87393486092,
  "export_volume_m3": 0.0002922281658125823,
  "export_surface_area_m2": 0.03593385953810921,
  "n_faces": 32000,
  "n_vertices": 16002,
  "is_watertight": true,
  "mass_kg": 0.05,
  "inertia": {
    "ixx": 3.8284497803755846e-05,
    "iyy": 5.732461650363004e-05,
    "izz": 8.159568622337486e-05,
    "ixy": 1.318883960217171e-09,
    "ixz": -5.767517110888615e-08,
    "iyz": -1.4087596223433705e-06
  },
  "point_cloud_counts": [
    100,
    1024
  ],
  "point_cloud_space": "unit_sphere",
  "urdf_file": "BTG_13.urdf"
}