# https://github.com/mikedh/trimesh

o Stage1_2Dcross_NEW_Rescaled_13.stl
v -0.02589104 0.00040309 -0.02372240
v -0.02506914 0.00637916 -0.02527393
v -0.02588853 0.00047682 -0.02773574
v -0.02565129 0.00355592 -0.02037600
v -0.02526256 -0.00558861 -0.02527400
v -0.02572923 -0.00287377 -0.02039199
v -0.02588683 0.00036891 -0.01837915
v 0.02583247 -0.00192552 -0.02609155
v 0.02582454 0.00202418 -0.02275811
v 0.02584273 -0.00159105 -0.02035448
v 0.02477083 -0.00739525 -0.02700670
v 0.02513191 -0.00615844 -0.02984823
v 0.02532698 -0.00527123 -0.02292179
v -0.02568401 0.00346998 0.02634007
v -0.02562370 0.00360231 0.03010665
v -0.02425291 0.00897047 0.02777708
v -0.02563756 -0.00343334 0.02727938
v -0.02576701 -0.00240990 0.03053459
v -0.02515337 0.00613356 0.02342319
v -0.02584361 0.00200709 0.02026448
v 0.02559370 -0.00372191 0.02597494
v 0.02492867 -0.00696605 0.02189482
v 0.02587300 -0.00098802 0.02235544
v 0.02419270 -0.00914183 0.02754632
v 0.02560396 -0.00374926 0.03071999
v 0.02580049 0.00134938 0.02766092
v -0.02554814 -0.02717113 0.00418379
v -0.02487205 -0.02384301 0.00716918
v -0.02561955 -0.02139623 0.00372819
v -0.02397404 -0.02853246 0.00975249
v -0.02554649 -0.03145140 0.00415691
v -0.02575041 -0.02893383 -0.00260085
v -0.02589134 -0.02367797 0.00042509
v 0.02567403 -0.02608080 -0.00320265
v 0.02588374 -0.02288109 0.00055240
v 0.02567513 -0.02739037 0.00320931
v 0.02578035 -0.03028246 0.00211522
v 0.02399886 -0.02766332 -0.00967887
v 0.02502107 -0.02315013 -0.00660168
v 0.02573042 -0.02089769 -0.00291550
v 0.02563118 -0.02984301 -0.00349368
v -0.02586778 0.02360231 0.00093375
v -0.02462950 0.02509108 0.00785130
v -0.02586400 0.02693092 0.00101539
v -0.02541679 0.02744996 -0.00477464
v -0.02523485 0.02479078 -0.00570629
v -0.02574364 0.02068824 -0.00267204
v -0.02586620 0.01881031 0.00108185
v 0.00811122 0.00100367 -0.04799146
v 0.00883015 -0.00124926 -0.04799146
v 0.00644514 0.00113990 -0.04799146
v 0.00697420 0.00375270 -0.04799146
v 0.00897432 0.00274293 -0.04799146
v 0.01062215 0.00039772 -0.04799146
v -0.00596941 0.04800074 0.01769678
v -0.00776030 0.04800074 0.01614026
v -0.00993730 0.04800074 0.01946290
v -0.00361473 0.04800074 0.01747878
v -0.00520293 0.04800074 0.01468358
v -0.00657695 0.04800074 0.02080126
v 0.02230684 0.00250416 -0.04799146
v 0.02129219 0.00436842 -0.04799146
v 0.02308229 0.00533571 -0.04799146
v 0.02385091 0.00238063 -0.04799146
v 0.02137746 0.00036256 -0.04799146
v 0.01944777 0.00229225 -0.04799146
v -0.01443694 0.00679762 0.04800854
v -0.01264793 0.00792457 0.04800854
v -0.01672087 0.00821559 0.04800854
v -0.01769450 0.00525612 0.04800854
v -0.01444084 0.00464772 0.04800854
v -0.01178667 0.00518434 0.04800854
v 0.01096931 0.04800074 -0.00168274
v 0.00997493 0.04800074 -0.00010063
v 0.01391719 0.04800074 0.00124164
v 0.00979475 0.04800074 -0.00327838
v 0.00791658 0.04800074 -0.00177561
v 0.01402498 0.04800074 -0.00159276
v 0.01337117 0.04800074 -0.00431708
v 0.02583687 0.02083766 -0.00167444
v 0.02458296 0.02269899 -0.00803543
v 0.02586311 0.02458180 -0.00158364
v 0.02537300 0.01804860 -0.00502127
v 0.02531819 0.02243287 0.00539653
v 0.02580745 0.01789039 0.00216275
v 0.02584431 0.01607008 -0.00159754
v -0.00197362 0.04800074 -0.01714305
v -0.00367924 0.04800074 -0.01620784
v -0.00147252 0.04800074 -0.01450903
v 0.00014107 0.04800074 -0.01627541
v -0.00175944 0.04800074 -0.01935551
v -0.00473094 0.04800074 -0.01886336
v -0.01017766 -0.04799926 0.01736981
v -0.00716399 -0.04799926 0.01764943
v -0.01126115 -0.04799926 0.01945521
v -0.01159184 -0.04799926 0.01546428
v -0.00799010 -0.04799926 0.01461979
v 0.01700337 -0.04799926 -0.00084168
v 0.01921004 -0.04799926 -0.00059841
v 0.01571773 -0.04799926 0.00101135
v 0.01355122 -0.04799926 -0.00107089
v 0.01607069 -0.04799926 -0.00275263
v 0.01886244 -0.04799926 -0.00366058
v -0.01261430 0.01142701 -0.04799146
v -0.01442778 0.01310670 -0.04799146
v -0.01196709 0.01514772 -0.04799146
v -0.01309721 0.00934547 -0.04799146
v -0.01623650 0.01051930 -0.04799146
v -0.01057646 0.01215309 -0.04799146
v -0.01022118 0.00935035 -0.04799146
v -0.01230193 -0.01146849 0.04800854
v -0.01378636 -0.01331078 0.04800854
v -0.01006352 -0.01204955 0.04800854
v -0.01296220 -0.00937474 0.04800854
v -0.01580797 -0.01072191 0.04800854
v -0.00996269 -0.00908129 0.04800854
v -0.00926152 0.04800074 -0.00187136
v -0.01163567 0.04800074 -0.00207944
v -0.01135051 0.04800074 0.00041688
v -0.00834801 0.04800074 -0.00033574
v -0.00813286 0.04800074 -0.00312023
v -0.01093645 0.04800074 -0.00437696
v 0.00950899 0.00862574 0.04800854
v 0.01024178 0.00678932 0.04800854
v 0.01231905 0.00907203 0.04800854
v 0.00758394 0.00868531 0.04800854
v 0.00784578 0.00588551 0.04800854
v 0.01043831 0.01086989 0.04800854
v -0.01003923 -0.04799926 -0.00324944
v -0.00841447 -0.04799926 -0.00454327
v -0.00688945 -0.04799926 -0.00223251
v -0.01307902 -0.04799926 -0.00381314
v -0.01189299 -0.04799926 -0.00656072
v -0.00949504 -0.04799926 -0.00122901
v -0.01348485 -0.04799926 -0.00071002
v -0.01234526 -0.00519652 -0.04799146
v -0.01539665 -0.00753490 -0.04799146
v -0.01673741 -0.00465941 -0.04799146
v -0.01049980 -0.00612377 -0.04799146
v -0.01250407 -0.00301927 -0.04799146
v -0.00978581 -0.00301537 -0.04799146
v 0.00479109 -0.04799926 -0.01767886
v 0.00658711 -0.04799926 -0.01604458
v 0.00425923 -0.04799926 -0.01442637
v 0.00264583 -0.04799926 -0.01715044
v 0.00523348 -0.04799926 -0.01946393
v 0.00844557 -0.04799926 -0.01798480
v 0.02196626 -0.00233324 0.04800854
v 0.02135762 -0.00026781 0.04800854
v 0.01892329 -0.00258617 0.04800854
v 0.02360866 -0.00261498 0.04800854
v 0.02360603 0.00042018 0.04800854
v 0.02052498 -0.00456664 0.04800854
v 0.02241194 -0.00617650 0.04800854
v 0.01823146 -0.00770775 0.04800854
v 0.02044502 -0.00980150 0.04800854
v 0.02484261 -0.00747972 0.04800854
v 0.02571101 -0.00329174 0.04800854
v 0.02563948 -0.00362035 0.04376061
v 0.02589583 0.00012770 0.04385591
v 0.02592915 0.00036256 0.04800854
v 0.02564742 0.00372145 0.04800854
v 0.02562141 0.00370778 0.04401383
v 0.02483846 0.00731764 0.04418530
v 0.02556294 0.00380348 0.04002109
v 0.02473360 0.00758473 0.04036064
v 0.02327113 0.01127125 0.04073674
v 0.02345924 0.01093824 0.04435266
v 0.02459224 0.00800905 0.03671898
v 0.02303633 0.01174049 0.03727568
v 0.02081532 0.01532594 0.03785739
v 0.02112691 0.01489186 0.04106924
v 0.02441451 0.00860328 0.03325180
v 0.02277150 0.01231080 0.03404085
v 0.02047182 0.01584547 0.03483930
v 0.01747701 0.01905641 0.03554462
v 0.01788625 0.01870045 0.03835472
v 0.02239046 0.01299196 0.03104741
v 0.02003999 0.01639528 0.03207051
v 0.01702632 0.01947242 0.03304809
v 0.01341176 0.02210914 0.03391501
v 0.01384077 0.02187330 0.03616545
v 0.01954933 0.01696998 0.02976464
v 0.01656209 0.01991139 0.03092056
v 0.01298750 0.02238893 0.03196889
v 0.00891817 0.02430934 0.03280742
v 0.00928841 0.02415602 0.03465155
v 0.01602577 0.02032203 0.02902506
v 0.01252565 0.02265065 0.03027871
v 0.00857210 0.02442555 0.03126833
v 0.00428340 0.02550514 0.03193045
v 0.00450777 0.02547487 0.03336916
v 0.01207790 0.02289674 0.02874861
v 0.00823396 0.02453932 0.02984628
v 0.00402962 0.02555543 0.03046567
v -0.00031950 0.02589576 0.03068648
v -0.00022099 0.02589869 0.03217135
v 0.00784547 0.02467408 0.02840417
v 0.00378700 0.02561110 0.02909122
v -0.00041246 0.02590846 0.02928846
v -0.00459312 0.02547633 0.02902949
v -0.00465306 0.02545533 0.03045836
v 0.00355177 0.02566432 0.02775206
v -0.00051115 0.02591090 0.02794116
v -0.00450877 0.02549928 0.02764734
v -0.00834923 0.02451002 0.02688031
v -0.00858287 0.02442018 0.02831826
v -0.00058250 0.02591041 0.02658397
v -0.00440117 0.02552321 0.02623580
v -0.00805156 0.02461451 0.02539915
v -0.01144664 0.02324928 0.02410036
v -0.01189079 0.02301490 0.02562842
v -0.00449620 0.02624244 0.02551158
v -0.00813890 0.02540260 0.02458420
v -0.01153459 0.02411598 0.02322793
v -0.01467760 0.02245973 0.02136315
v -0.01458440 0.02142848 0.02240557
v -0.00858995 0.02683180 0.02442587
v -0.01211430 0.02559303 0.02292348
v -0.01531670 0.02398561 0.02087797
v -0.01815764 0.02215406 0.01843382
v -0.01742601 0.02052125 0.01915047
v -0.01263847 0.02707155 0.02261545
v -0.01593144 0.02558082 0.02038048
v -0.01880272 0.02388649 0.01771049
v -0.02127617 0.02205543 0.01470396
v -0.02055309 0.02017360 0.01571168
v -0.01649290 0.02721754 0.01993097
v -0.01943278 0.02575416 0.01702225
v -0.02198350 0.02416188 0.01360302
v -0.02401183 0.02248561 0.00958287
v -0.02328813 0.02008717 0.01125220
v -0.02005424 0.02779420 0.01636416
v -0.02261668 0.02643922 0.01262774
v -0.02055705 0.03005885 0.01570200
v -0.02305919 0.02894410 0.01178076
v -0.02096770 0.03248219 0.01515623
v -0.02338689 0.03170094 0.01109115
v -0.02490495 0.02781129 0.00697326
v -0.02507683 0.03080836 0.00639188
v -0.02586174 0.03008424 0.00108520
v -0.02363023 0.03460719 0.01057820
v -0.02515739 0.03396949 0.00596148
v -0.02583543 0.03353688 0.00108699
v -0.02559923 0.03380055 -0.00370822
v -0.02553612 0.03051149 -0.00412978
v -0.02581468 0.03702223 0.00109845
v -0.02560930 0.03718336 -0.00347241
v -0.02457774 0.03765797 -0.00796025
v -0.02449413 0.03447047 -0.00830351
v -0.02583348 0.04064528 0.00110951
v -0.02564311 0.04075807 -0.00334204
v -0.02466795 0.04107545 -0.00780109
v -0.02289415 0.04135621 -0.01204459
v -0.02280644 0.03816481 -0.01221832
v -0.02567186 0.04437379 -0.00331394
v -0.02470464 0.04452321 -0.00780379
v -0.02292577 0.04466725 -0.01203467
v -0.02045830 0.04476930 -0.01586708
v -0.02041295 0.04159156 -0.01590622
v -0.02470207 0.04800074 -0.00787435
v -0.02291832 0.04800074 -0.01214395
v -0.02043272 0.04800074 -0.01594258
v -0.01733086 0.04800074 -0.01925763
v -0.01735362 0.04486451 -0.01920964
v -0.01947441 0.04800074 -0.01063947
v -0.01731194 0.04800074 -0.01380159
v -0.01481493 0.04800074 -0.01659174
v -0.01190160 0.04800074 -0.01893348
v -0.01380168 0.04800074 -0.02193160
v -0.01427538 0.04800074 -0.01181304
v -0.01218974 0.04800074 -0.01418378
v -0.00988921 0.04800074 -0.01618398
v -0.00737749 0.04800074 -0.01778802
v -0.00947063 0.04800074 -0.01187023
v -0.00752348 0.04800074 -0.01362268
v -0.00554216 0.04800074 -0.01506715
v -0.00502544 0.04800074 -0.01138434
v -0.00324687 0.04800074 -0.01294501
v -0.00085039 0.04800074 -0.01109191
v -0.00265263 0.04800074 -0.00945038
v -0.00043895 0.04800074 -0.00755058
v -0.00433318 0.04800074 -0.00781355
v -0.00206963 0.04800074 -0.00590915
v -0.00012944 0.04800074 -0.00401650
v -0.00361357 0.04800074 -0.00431996
v -0.00174699 0.04800074 -0.00247544
v 0.00003206 0.04800074 -0.00054215
v -0.00501433 0.04800074 -0.00281210
v -0.00339696 0.04800074 -0.00102788
v -0.00179448 0.04800074 0.00092245
v -0.00381041 0.04800074 0.00227460
v -0.00225816 0.04800074 0.00442648
v -0.00002702 0.04800074 0.00302056
v -0.00512321 0.04800074 0.00025455
v -0.00752867 0.04800074 0.00148577
v -0.00623729 0.04800074 0.00360277
v -0.00635838 0.04800074 -0.00150150
v -0.00912688 0.04800074 0.00484943
v -0.00765422 0.04800074 0.00702742
v -0.00476982 0.04800074 0.00572897
v -0.01047209 0.04800074 0.00250748
v -0.01381425 0.04800074 0.00337803
v -0.01254301 0.04800074 0.00604489
v -0.01623882 0.04800074 0.00732355
v -0.01450163 0.04800074 0.01014654
v -0.01094511 0.04800074 0.00846933
v -0.01244035 0.04800074 0.01263960
v -0.00904057 0.04800074 0.01069015
v -0.00589806 0.04800074 0.00921489
v -0.00703447 0.04800074 0.01269909
v -0.00408037 0.04800074 0.01140339
v -0.00309782 0.04800074 0.00795449
v -0.00119237 0.04800074 0.01040862
v -0.00049547 0.04800074 0.00669715
v 0.00153365 0.04800074 0.00924444
v 0.00185927 0.04800074 0.00527999
v 0.00410725 0.04800074 0.00782155
v 0.00390065 0.04800074 0.00369080
v 0.00184883 0.04800074 0.00149298
v 0.00633955 0.04800074 0.00610053
v 0.00810884 0.04800074 0.00413445
v 0.00557710 0.04800074 0.00191120
v 0.00349086 0.04800074 -0.00015958
v 0.00685817 0.04800074 -0.00001155
v 0.00502895 0.04800074 -0.00190434
v 0.00171138 0.04800074 -0.00207652
v 0.00343880 0.04800074 -0.00371842
v 0.00654048 0.04800074 -0.00354013
v 0.00523506 0.04800074 -0.00542454
v 0.00341548 0.04800074 -0.00739649
v 0.00156166 0.04800074 -0.00565528
v 0.00562795 0.04800074 -0.00933681
v 0.00346785 0.04800074 -0.01117233
v 0.00136421 0.04800074 -0.00924958
v 0.00584212 0.04800074 -0.01344775
v 0.00313277 0.04800074 -0.01505110
v 0.00104134 0.04800074 -0.01284311
v 0.00526155 0.04800074 -0.01786287
v 0.00175691 0.04800074 -0.01903461
v 0.00842378 0.04800074 -0.01612201
v 0.00716072 0.04800074 -0.02089872
v 0.00301479 0.04800074 -0.02210097
v 0.00413435 0.04800074 -0.02557659
v -0.00077623 0.04800074 -0.02589923
v -0.00122612 0.04800074 -0.02244067
v -0.00548790 0.04800074 -0.02533189
v -0.00515929 0.04800074 -0.02192815
v -0.00987566 0.04800074 -0.02398112
v -0.00867339 0.04800074 -0.02072912
v -0.00968498 0.04500172 -0.02397972
v -0.01375359 0.04494264 -0.02192320
v -0.01362596 0.04197340 -0.02199157
v -0.01729619 0.04180055 -0.01925286
v -0.01712675 0.03888844 -0.01940653
v -0.02029167 0.03854469 -0.01607253
v -0.02005827 0.03566823 -0.01636645
v -0.02264690 0.03506569 -0.01257085
v -0.02239281 0.03231813 -0.01300970
v -0.02433446 0.03145192 -0.00879833
v -0.02405559 0.02857350 -0.00949459
v -0.02201768 0.02971071 -0.01357829
v -0.02370219 0.02603737 -0.01035578
v -0.02157555 0.02734987 -0.01425615
v -0.02322954 0.02363160 -0.01135954
v -0.02483531 0.02212672 -0.00732401
v -0.02108031 0.02526051 -0.01498022
v -0.02269334 0.02138551 -0.01241847
v -0.02430095 0.01963063 -0.00882220
v -0.02371312 0.01740260 -0.01032952
v -0.02491862 0.01553932 -0.00696849
v -0.02538182 0.01804664 -0.00496285
v -0.02558855 0.01380250 -0.00391142
v -0.02583446 0.01648073 -0.00161845
v -0.02585600 0.01193678 -0.00125080
v -0.02584917 0.01429713 0.00123186
v -0.02557164 0.01625026 0.00395080
v -0.02476091 0.01813844 0.00750089
v -0.02541161 0.02074196 0.00489667
v -0.02562199 0.01182301 0.00371954
v -0.02505193 0.01379518 0.00652357
v -0.02402641 0.01585231 0.00961957
v -0.02441325 0.01159987 0.00867497
v -0.02326756 0.01382692 0.01138135
v -0.02254466 0.01802906 0.01271879
v -0.02173119 0.01614967 0.01412132
v -0.01976311 0.01838405 0.01675254
v -0.02143083 0.01459401 0.01574275
v -0.01955058 0.01698903 0.01819346
v -0.01729503 0.01928004 0.02041728
v -0.02024663 0.01611305 0.02010037
v -0.01793413 0.01867604 0.02215849
v -0.01510973 0.02103248 0.02399819
v -0.01849211 0.01809791 0.02396376
v -0.01561504 0.02063795 0.02566554
v -0.01228294 0.02278492 0.02716888
v -0.01604375 0.02030787 0.02735319
v -0.01262938 0.02258619 0.02872749
v -0.00880565 0.02431813 0.02979274
v -0.01295268 0.02241725 0.03037018
v -0.00900255 0.02426100 0.03134289
v -0.00470836 0.02544264 0.03197321
v -0.00915190 0.02421656 0.03293889
v -0.00472313 0.02545240 0.03342353
v -0.00010246 0.02590944 0.03357509
v -0.00473442 0.02545338 0.03525091
v 0.00002712 0.02590309 0.03538003
v 0.00476430 0.02544215 0.03516284
v 0.00018269 0.02589430 0.03719712
v 0.00502840 0.02539186 0.03702957
v 0.00964406 0.02402125 0.03667370
v 0.00530983 0.02534108 0.03947420
v 0.01000453 0.02388600 0.03917960
v 0.01425417 0.02162574 0.03878971
v 0.01032558 0.02373268 0.04192510
v 0.01460457 0.02136891 0.04167098
v 0.01822920 0.01835182 0.04137089
v 0.01489693 0.02119801 0.04477451
v 0.01853584 0.01810328 0.04465227
v 0.02139919 0.01457057 0.04450657
v 0.01875356 0.01789967 0.04800854
v 0.02163710 0.01431080 0.04800854
v 0.02360481 0.01070631 0.04800854
v 0.01888948 0.01198903 0.04800854
v 0.02059139 0.00891383 0.04800854
v 0.02492293 0.00716090 0.04800854
v 0.02193416 0.00595094 0.04800854
v 0.01774837 0.00685475 0.04800854
v 0.01903487 0.00422194 0.04800854
v 0.02293721 0.00306617 0.04800854
v 0.02023299 0.00185280 0.04800854
v 0.01623586 0.00201637 0.04800854
v 0.01752547 -0.00037670 0.04800854
v 0.01346480 -0.00027562 0.04800854
v 0.01480092 -0.00280834 0.04800854
v 0.01636433 -0.00531957 0.04800854
v 0.01198982 -0.00506664 0.04800854
v 0.01364424 -0.00800316 0.04800854
v 0.01553389 -0.01077172 0.04800854
v 0.01050514 -0.01021947 0.04800854
v 0.01232320 -0.01337328 0.04800854
v 0.01780653 -0.01353539 0.04800854
v 0.01441792 -0.01656322 0.04800854
v 0.02044374 -0.01593822 0.04800854
v 0.02309480 -0.01178295 0.04800854
v 0.01685201 -0.01970189 0.04800854
v 0.01685609 -0.01964867 0.04441128
v 0.02039302 -0.01595189 0.04415920
v 0.02300740 -0.01187865 0.04392559
v 0.02028377 -0.01608373 0.04039757
v 0.02289711 -0.01206176 0.03992824
v 0.02474739 -0.00765111 0.04378065
v 0.02467574 -0.00780883 0.03956423
v 0.02276704 -0.01234886 0.03608591
v 0.02459554 -0.00805101 0.03546136
v 0.02559895 -0.00375463 0.03946422
v 0.02559578 -0.00375219 0.03511992
v 0.02584810 0.00008473 0.03538543
v 0.02584883 0.00000612 0.03965652
v 0.02549361 0.00409596 0.03605878
v 0.02584847 0.00052906 0.03128075
v 0.02544002 0.00467701 0.03240830
v 0.02528841 0.00547584 0.02902388
v 0.02416206 0.00930153 0.03005474
v 0.02504805 0.00645387 0.02581430
v 0.02383022 0.01014576 0.02711976
v 0.02196785 0.01368727 0.02847966
v 0.02147554 0.01444899 0.02606515
v 0.01901466 0.01752418 0.02762712
v 0.01844478 0.01809254 0.02563264
v 0.01550172 0.02072145 0.02729413
v 0.01789137 0.01866969 0.02396922
v 0.01497243 0.02112037 0.02576277
v 0.01159157 0.02314967 0.02726987
v 0.01440389 0.02153053 0.02424946
v 0.01108034 0.02340114 0.02583677
v 0.00746571 0.02479957 0.02703182
v 0.01054671 0.02365699 0.02442669
v 0.00705159 0.02493092 0.02564474
v 0.00330922 0.02572096 0.02641313
v 0.00697524 0.02575563 0.02496062
v 0.00320747 0.02645143 0.02574546
v -0.00067393 0.02660084 0.02590953
v 0.00324074 0.02783571 0.02572294
v -0.00081017 0.02798903 0.02589361
v -0.00478654 0.02761598 0.02545023
v -0.00094115 0.02933375 0.02587688
v -0.00507548 0.02900953 0.02538164
v -0.00898656 0.02824293 0.02427970
v -0.00533598 0.03041725 0.02532357
v -0.00938298 0.02969166 0.02411934
v -0.01312169 0.02857057 0.02232985
v -0.00975316 0.03119996 0.02397696
v -0.01359819 0.03024489 0.02203631
v -0.01702544 0.02908717 0.01949483
v -0.01403593 0.03201246 0.02177231
v -0.01753050 0.03107936 0.01904809
v -0.01444188 0.03397731 0.02148771
v -0.01796489 0.03321461 0.01862724
v -0.01481450 0.03634205 0.02123191
v -0.01835454 0.03582789 0.01826170
v -0.02130852 0.03525660 0.01469057
v -0.01860881 0.03863258 0.01796152
v -0.02152995 0.03824391 0.01432099
v -0.02375517 0.03775026 0.01020429
v -0.02518742 0.03727467 0.00571342
v -0.02383794 0.04111500 0.01001252
v -0.02522588 0.04082252 0.00562813
v -0.02526390 0.04440016 0.00566497
v -0.02585759 0.04431227 0.00115403
v -0.02588524 0.04800074 0.00122341
v -0.02569560 0.04800074 -0.00337293
v -0.02194353 0.04800123 -0.00293232
v -0.02105937 0.04800074 -0.00694694
v -0.01823918 0.04800074 -0.00260367
v -0.01750786 0.04800074 -0.00604676
v -0.01612224 0.04800074 -0.00913153
v -0.01401067 0.04800074 -0.00514420
v -0.01284373 0.04800074 -0.00771163
v -0.01124583 0.04800074 -0.00988871
v -0.00975139 0.04800074 -0.00618489
v -0.00831462 0.04800074 -0.00800324
v -0.00708372 0.04800074 -0.00457273
v -0.00581255 0.04800074 -0.00617026
v -0.00673302 0.04800074 -0.00972128
v -0.01469487 0.04800074 -0.00231497
v -0.01819817 0.04800074 0.00086584
v -0.01463603 0.04800074 0.00073223
v -0.02199016 0.04800074 0.00107200
v -0.02135240 0.04800074 0.00499428
v -0.01756694 0.04800074 0.00428370
v -0.02526933 0.04800074 0.00577701
v -0.02388029 0.04800074 0.01012714
v -0.01994981 0.04800074 0.00868175
v -0.02170341 0.04800074 0.01420447
v -0.01807780 0.04800074 0.01205681
v -0.01886528 0.04800074 0.01778156
v -0.01571074 0.04800074 0.01505506
v -0.01551006 0.04800074 0.02076874
v -0.01294853 0.04800074 0.01756262
v -0.01012175 0.04800074 0.01468120
v -0.01166106 0.04800074 0.02315983
v -0.01546208 0.04487379 0.02078411
v -0.01151189 0.04495387 0.02319398
v -0.00734856 0.04800074 0.02488288
v -0.00714354 0.04504860 0.02491820
v -0.00269231 0.04800074 0.02580726
v -0.00285344 0.04800074 0.02153804
v -0.00242815 0.04508912 0.02580173
v 0.00216780 0.04800074 0.02584804
v 0.00116280 0.04800074 0.02154798
v 0.00524153 0.04800074 0.02078985
v 0.00312508 0.04800074 0.01680611
v -0.00030132 0.04800074 0.01743713
v 0.00086659 0.04800074 0.01324482
v -0.00219340 0.04800074 0.01400778
v 0.00387117 0.04800074 0.01218891
v 0.00651082 0.04800074 0.01559549
v 0.00672871 0.04800074 0.01068020
v 0.00972762 0.04800074 0.01383979
v 0.00927596 0.04800074 0.00877498
v 0.01263332 0.04800074 0.01155272
v 0.01145357 0.04800074 0.00649127
v 0.01506667 0.04800074 0.00873737
v 0.01302034 0.04800074 0.00395233
v 0.00928560 0.04800074 0.00197703
v 0.01683211 0.04800074 0.00556801
v 0.01785237 0.04800074 0.00201721
v 0.02064229 0.04800074 0.00681147
v 0.02167207 0.04800074 0.00257522
v 0.02178706 0.04800074 -0.00175133
v 0.01796101 0.04800074 -0.00164299
v 0.02096944 0.04800074 -0.00598891
v 0.01717995 0.04800074 -0.00522822
v 0.01934529 0.04800074 -0.00990121
v 0.01564845 0.04800074 -0.00845418
v 0.01209932 0.04800074 -0.00696755
v 0.01362825 0.04800074 -0.01136269
v 0.01037972 0.04800074 -0.00932226
v 0.00887556 0.04800074 -0.00524878
v 0.00752425 0.04800074 -0.00729762
v 0.01120918 0.04800074 -0.01393014
v 0.00825374 0.04800074 -0.01152167
v 0.01426955 0.04800074 -0.01645866
v 0.01094191 0.04800074 -0.01898022
v 0.01708284 0.04800074 -0.01341317
v 0.01739955 0.04800074 -0.01919728
v 0.01342720 0.04800074 -0.02215727
v 0.01372780 0.04476344 -0.02193752
v 0.00925270 0.04488746 -0.02416643
v 0.00895448 0.04800074 -0.02431147
v 0.00948073 0.04188746 -0.02408338
v 0.00468483 0.04206764 -0.02545564
v 0.00443367 0.04499196 -0.02551748
v -0.00022044 0.04215114 -0.02587894
v -0.00049052 0.04502662 -0.02588027
v -0.00500090 0.04215406 -0.02538857
v -0.00525151 0.04503492 -0.02536493
v -0.00475780 0.03952369 -0.02544488
v -0.00927873 0.03940358 -0.02417488
v -0.00950121 0.04210524 -0.02405870
v -0.00900383 0.03698268 -0.02426266
v -0.01316270 0.03667213 -0.02229521
v -0.01342619 0.03918531 -0.02213310
v -0.01283171 0.03444410 -0.02246523
v -0.01654118 0.03383961 -0.01991288
v -0.01686882 0.03624293 -0.01964083
v -0.01613841 0.03172145 -0.02025268
v -0.01935216 0.03076344 -0.01719060
v -0.01974351 0.03310328 -0.01675266
v -0.01887761 0.02863209 -0.01770398
v -0.01570586 0.02986403 -0.02058280
v -0.01839397 0.02679225 -0.01819494
v -0.01525041 0.02818434 -0.02090807
v -0.01785478 0.02502760 -0.01871272
v -0.02050011 0.02328199 -0.01576161
v -0.01475035 0.02660084 -0.02125882
v -0.01727568 0.02340309 -0.01927859
v -0.01989946 0.02151539 -0.01653070
v -0.01921983 0.01979127 -0.01732481
v -0.02137865 0.01759059 -0.01461264
v -0.02206181 0.01943824 -0.01350921
v -0.02064500 0.01590992 -0.01565553
v -0.02239677 0.01347584 -0.01304592
v -0.02308092 0.01533522 -0.01172517
v -0.02374522 0.01120778 -0.01041252
v -0.02436259 0.01326149 -0.00876154
v -0.02490733 0.00916041 -0.00809933
v -0.02522728 0.01135573 -0.00606170
v -0.02540141 0.00709987 -0.00575376
v -0.02566624 0.00944996 -0.00352766
v -0.02572417 0.00500465 -0.00349916
v -0.02586430 0.00737037 -0.00116914
v -0.02585136 0.00967750 0.00121525
v -0.02588536 0.00510231 0.00108644
v -0.02570189 0.00735280 0.00349211
v -0.02526591 0.00949537 0.00602205
v -0.02551073 0.00513356 0.00569131
v -0.02494945 0.00741041 0.00814599
v -0.02402184 0.00972438 0.01069547
v -0.02289995 0.01213551 0.01324414
v -0.02533482 0.00556373 0.01036476
v -0.02457848 0.00819215 0.01289557
v -0.02348119 0.01084742 0.01539004
v -0.02507750 0.00643873 0.01535211
v -0.02409160 0.00942164 0.01780681
v -0.02207213 0.01350807 0.01777648
v -0.02271532 0.01236403 0.01999623
v -0.02083788 0.01528346 0.02206882
v -0.02333354 0.01116871 0.02244236
v -0.02145232 0.01444655 0.02423141
v -0.01899992 0.01754127 0.02583754
v -0.01950267 0.01698512 0.02788112
v -0.01645940 0.01998463 0.02918009
v -0.01683885 0.01966871 0.03111046
v -0.01323241 0.02226149 0.03212118
v -0.01716222 0.01939381 0.03336564
v -0.01347111 0.02210865 0.03412111
v -0.00928447 0.02414821 0.03478020
v -0.01366008 0.02200123 0.03641068
v -0.00936754 0.02410963 0.03684732
v -0.00469347 0.02544703 0.03712847
v -0.00940092 0.02411647 0.03935628
v -0.00462151 0.02547926 0.03956741
v 0.00036037 0.02590455 0.03961233
v -0.00450627 0.02548365 0.04222069
v 0.00055196 0.02587916 0.04222976
v 0.00556837 0.02526783 0.04212504
v 0.00076350 0.02588893 0.04507264
v 0.00581911 0.02523073 0.04501784
v 0.01059468 0.02362281 0.04490647
v 0.00603902 0.02520289 0.04800854
v 0.01081917 0.02355104 0.04800854
v 0.01511964 0.02105250 0.04800854
v 0.00956044 0.01968385 0.04800854
v 0.01337489 0.01779127 0.04800854
v 0.01660652 0.01502858 0.04800854
v 0.01184383 0.01436256 0.04800854
v 0.01437202 0.01196510 0.04800854
v 0.01634309 0.00944020 0.04800854
v 0.01378835 0.00687428 0.04800854
v 0.01501509 0.00451002 0.04800854
v 0.01116756 0.00473658 0.04800854
v 0.01224605 0.00230446 0.04800854
v 0.00851839 0.00331129 0.04800854
v 0.00948445 0.00060133 0.04800854
v 0.01065584 -0.00226683 0.04800854
v 0.00669392 -0.00058666 0.04800854
v 0.00775386 -0.00374633 0.04800854
v 0.00901497 -0.00690013 0.04800854
v 0.00482259 -0.00477367 0.04800854
v 0.00590852 -0.00824242 0.04800854
v 0.00720638 -0.01189525 0.04800854
v 0.00369679 -0.01300902 0.04800854
v 0.00479231 -0.01688988 0.04800854
v 0.00873177 -0.01547826 0.04800854
v 0.00600838 -0.02089672 0.04800854
v 0.01044179 -0.01915941 0.04800854
v 0.00728743 -0.02488939 0.04800854
v 0.01242567 -0.02276586 0.04800854
v 0.00738515 -0.02481859 0.04480552
v 0.01247371 -0.02268773 0.04463479
v 0.00742360 -0.02479418 0.04172182
v 0.01244295 -0.02269506 0.04136811
v 0.01677644 -0.01970824 0.04090300
v 0.01232350 -0.02277465 0.03830766
v 0.01659859 -0.01988500 0.03758663
v 0.02008882 -0.01634349 0.03679117
v 0.01630190 -0.02012914 0.03466627
v 0.01977400 -0.01672484 0.03359276
v 0.02251906 -0.01278295 0.03246355
v 0.01932753 -0.01722972 0.03070912
v 0.02207466 -0.01344799 0.02917953
v 0.02443990 -0.00842943 0.03142545
v 0.01877962 -0.01781664 0.02816382
v 0.02147054 -0.01442406 0.02631472
v 0.02350600 -0.01079955 0.02417871
v 0.01816328 -0.01843041 0.02582562
v 0.02074348 -0.01544945 0.02372875
v 0.02270985 -0.01237621 0.02132461
v 0.01996199 -0.01646215 0.02140691
v 0.02183565 -0.01387474 0.01884286
v 0.02404024 -0.00953295 0.01878429
v 0.02318764 -0.01143090 0.01627624
v 0.02490840 -0.00701879 0.01639429
v 0.02420369 -0.00920629 0.01374470
v 0.02543990 -0.00475609 0.01404442
v 0.02578804 -0.00206420 0.01679133
v 0.02587923 0.00092262 0.01923492
v 0.02552803 -0.00428246 0.01956034
v 0.02588130 -0.00014574 0.01393214
v 0.02574861 0.00264723 0.01619938
v 0.02525703 0.00563746 0.01813367
v 0.02552132 0.00430690 0.01330145
v 0.02491402 0.00711940 0.01535233
v 0.02386079 0.01006520 0.01754414
v 0.02451338 0.00853053 0.01291623
v 0.02335756 0.01122584 0.01537350
v 0.02175624 0.01403248 0.01792934
v 0.02280727 0.01233717 0.01347808
v 0.02113081 0.01499830 0.01611247
v 0.01908669 0.01750612 0.01854748
v 0.02129933 0.01628199 0.01477283
v 0.01921108 0.01879030 0.01736789
v 0.01671797 0.02098903 0.01981957
v 0.01991212 0.02041090 0.01653573
v 0.01731551 0.02259449 0.01926485
v 0.01429738 0.02446168 0.02160705
v 0.01378377 0.02293190 0.02194823
v 0.02046993 0.02208912 0.01581209
v 0.01785573 0.02419069 0.01873910
v 0.01474391 0.02603248 0.02128505
v 0.01122743 0.02754811 0.02333051
v 0.01088893 0.02605592 0.02350045
v 0.01835512 0.02589088 0.01824490
v 0.01515047 0.02761451 0.02099785
v 0.01152388 0.02906617 0.02317923
v 0.00752156 0.03008815 0.02477469
v 0.00736379 0.02863453 0.02482876
v 0.01554005 0.02935328 0.02072449
v 0.01179341 0.03068580 0.02305093
v 0.00763765 0.03157448 0.02473874
v 0.00325813 0.03206031 0.02568983
v 0.00326741 0.03063698 0.02568989
v 0.01200874 0.03232887 0.02295064
v 0.00773616 0.03311110 0.02471078
v 0.00322737 0.03356666 0.02570643
v -0.00135600 0.03365211 0.02584913
v -0.00121233 0.03221364 0.02585319
v 0.00780946 0.03497242 0.02467399
v 0.00317543 0.03534742 0.02570567
v -0.00152556 0.03543922 0.02583916
v -0.00612102 0.03520094 0.02516055
v -0.00584770 0.03336891 0.02522758
v 0.00307875 0.03724830 0.02570929
v -0.00171587 0.03730787 0.02582786
v -0.00639214 0.03712379 0.02508703
v -0.01080144 0.03680739 0.02355033
v -0.01046727 0.03468287 0.02370573
v -0.00193101 0.03965406 0.02582089
v -0.00665892 0.03953297 0.02504004
v -0.01109581 0.03927809 0.02340462
v -0.01511198 0.03895973 0.02102542
v -0.00690977 0.04219948 0.02497153
v -0.01132805 0.04201735 0.02327225
v -0.01531242 0.04179860 0.02084117
v -0.01877617 0.04158766 0.01777238
v -0.01887828 0.04477467 0.01773978
v -0.02170445 0.04467653 0.01411390
v -0.02388213 0.04454957 0.01001196
v -0.02165776 0.04140504 0.01412848
v -0.00216923 0.04226588 0.02579683
v 0.00273409 0.04222877 0.02573437
v 0.00247401 0.04507008 0.02578699
v 0.00293678 0.03960573 0.02574389
v 0.00762581 0.04209449 0.02474723
v 0.00739876 0.04500172 0.02483873
v 0.01208565 0.04488795 0.02289939
v 0.01182582 0.04800074 0.02308289
v 0.00710085 0.04800074 0.02494546
v 0.01609834 0.04800074 0.02033397
v 0.01280916 0.04800074 0.01706785
v 0.00916609 0.04800074 0.01926417
v 0.01608406 0.04800074 0.01417442
v 0.01974300 0.04800074 0.01681549
v 0.01875118 0.04800074 0.01073816
v 0.02265016 0.04800074 0.01262841
v 0.02467915 0.04800074 0.00796120
v 0.02273775 0.04440992 0.01242286
v 0.02469795 0.04419948 0.00784575
v 0.02574300 0.04800074 0.00308544
v 0.02571895 0.04403785 0.00310289
v 0.02582832 0.04401100 -0.00163079
v 0.02585603 0.04800074 -0.00184297
v 0.02510457 0.04411940 -0.00636790
v 0.02503584 0.04800074 -0.00670049
v 0.02345302 0.04431276 -0.01092754
v 0.02331111 0.04800074 -0.01131803
v 0.02095375 0.04449391 -0.01518887
v 0.02073647 0.04800074 -0.01553598
v 0.02107076 0.04099537 -0.01495490
v 0.01783431 0.04131227 -0.01870418
v 0.01769240 0.04462916 -0.01891352
v 0.01789162 0.03823365 -0.01868665
v 0.01401991 0.03870387 -0.02176350
v 0.01392482 0.04163209 -0.02178488
v 0.01398708 0.03599586 -0.02178012
v 0.00964192 0.03654225 -0.02400590
v 0.00962282 0.03909059 -0.02403542
v 0.00497865 0.03690748 -0.02535617
v 0.00487483 0.03936207 -0.02541737
v 0.00020235 0.03712916 -0.02589336
v 0.00001619 0.03951295 -0.02591147
v 0.00034279 0.03528981 -0.02588612
v -0.00428667 0.03526198 -0.02550969
v -0.00450468 0.03713453 -0.02545880
v -0.00408372 0.03350807 -0.02554717
v -0.00841734 0.03316481 -0.02447511
v -0.00871977 0.03498512 -0.02437039
v -0.00813737 0.03165846 -0.02455374
v -0.01208726 0.03090016 -0.02288324
v -0.01247240 0.03257301 -0.02267332
v -0.01170464 0.02936696 -0.02307571
v -0.00783311 0.03019410 -0.02465092
v -0.01128648 0.02789088 -0.02328128
v -0.00751042 0.02880348 -0.02476471
v -0.01082945 0.02643531 -0.02350795
v -0.01422411 0.02505494 -0.02162776
v -0.00718932 0.02742653 -0.02486963
v -0.01031694 0.02496998 -0.02374705
v -0.01360826 0.02351051 -0.02202371
v -0.01322642 0.02227272 -0.02268535
v -0.01609959 0.02031520 -0.02065763
v -0.01660698 0.02175612 -0.01989159
v -0.01665489 0.01983082 -0.02216472
v -0.01917137 0.01738453 -0.01992988
v -0.01855595 0.01810817 -0.01831747
v -0.01978990 0.01665260 -0.02176588
v -0.02189781 0.01376002 -0.01946859
v -0.02124895 0.01479713 -0.01751077
v -0.02356761 0.01072438 -0.01707440
v -0.02291655 0.01207789 -0.01494066
v -0.02469475 0.00775709 -0.01485336
v -0.02412535 0.00947584 -0.01249402
v -0.02539232 0.00511354 -0.01278303
v -0.02503813 0.00717213 -0.01030168
v -0.02576439 0.00274244 -0.01069473
v -0.02552452 0.00492799 -0.00811194
v -0.02588090 0.00047535 -0.00844711
v -0.02578459 0.00272682 -0.00591631
v -0.02585472 -0.00174095 -0.00610099
v -0.02591130 0.00051783 -0.00369137
v -0.02588048 0.00279762 -0.00128616
v -0.02589061 -0.00173851 -0.00142163
v -0.02591789 0.00053639 0.00093079
v -0.02579295 0.00283766 0.00329797
v -0.02590660 0.00059987 0.00551694
v -0.02574895 0.00301979 0.00790672
v -0.02589317 0.00081910 0.01015188
v -0.02566856 0.00353785 0.01269654
v -0.02587871 0.00127418 0.01494838
v -0.02552080 0.00435817 0.01787060
v -0.02464714 0.00785475 0.02059924
v -0.02587419 -0.00131322 0.01710846
v -0.02586345 -0.00153295 0.01231705
v -0.02554631 -0.00414965 0.01435472
v -0.02549760 -0.00445385 0.01909808
v -0.02587364 -0.00110765 0.02237295
v -0.02490184 -0.00702367 0.01634057
v -0.02456108 -0.00809349 0.02093606
v -0.02521788 -0.00582640 0.02391499
v -0.02378606 -0.01024584 0.02535310
v -0.02433757 -0.00877660 0.02814725
v -0.02470390 -0.00771263 0.03114263
v -0.02226854 -0.01320580 0.02918880
v -0.02276158 -0.01235668 0.03188811
v -0.02310356 -0.01165941 0.03474760
v -0.02004332 -0.01639037 0.03258781
v -0.02047288 -0.01584008 0.03532554
v -0.02079008 -0.01533763 0.03828074
v -0.01707457 -0.01943334 0.03582673
v -0.01745525 -0.01910863 0.03860587
v -0.01772771 -0.01881517 0.04157698
v -0.01333183 -0.02219847 0.03888943
v -0.01359465 -0.02200365 0.04173313
v -0.01380736 -0.02191576 0.04482609
v -0.00878886 -0.02434447 0.04190310
v -0.00898375 -0.02428588 0.04490274
v -0.00911931 -0.02425951 0.04800854
v -0.00366051 -0.02563011 0.04494329
v -0.00380266 -0.02563353 0.04800854
v -0.00349504 -0.02158129 0.04800854
v 0.00176942 -0.02585814 0.04800854
v 0.00126009 -0.02164379 0.04800854
v 0.00071199 -0.01756371 0.04800854
v -0.00340416 -0.01741722 0.04800854
v -0.00344286 -0.01345629 0.04800854
v -0.00731645 -0.01665355 0.04800854
v -0.00802605 -0.02040892 0.04800854
v 0.00011189 -0.01352025 0.04800854
v -0.00050395 -0.00951732 0.04800854
v 0.00271169 -0.00910668 0.04800854
v -0.00369987 -0.00951879 0.04800854
v -0.00408147 -0.00594506 0.04800854
v -0.00685539 -0.00926976 0.04800854
v -0.00689543 -0.01285228 0.04800854
v -0.00112059 -0.00581176 0.04800854
v -0.00173894 -0.00222484 0.04800854
v 0.00184261 -0.00545385 0.04800854
v 0.00107344 -0.00188060 0.04800854
v 0.00038918 0.00165406 0.04800854
v 0.00388765 -0.00136742 0.04800854
v 0.00312648 0.00202028 0.04800854
v 0.00251277 0.00548610 0.04800854
v 0.00585091 0.00249342 0.04800854
v 0.00522609 0.00563551 0.04800854
v 0.00487923 0.00899781 0.04800854
v 0.00202315 0.00911500 0.04800854
v -0.00088396 0.00891578 0.04800854
v -0.00024870 0.00522047 0.04800854
v 0.00479097 0.01287965 0.04800854
v 0.00162569 0.01313502 0.04800854
v -0.00156920 0.01297389 0.04800854
v -0.00469694 0.01230104 0.04800854
v 0.00134139 0.01729908 0.04800854
v -0.00235112 0.01703346 0.04800854
v -0.00592589 0.01631666 0.04800854
v -0.00937578 0.01493141 0.04800854
v -0.00324126 0.02137233 0.04800854
v -0.00742070 0.02037233 0.04800854
v -0.01134416 0.01857936 0.04800854
v -0.01487810 0.01628688 0.04800854
v -0.01231767 0.01322926 0.04800854
v -0.00911046 0.02426442 0.04800854
v -0.01363731 0.02203932 0.04800854
v -0.01755754 0.01906129 0.04800854
v -0.02077440 0.01549147 0.04800854
v -0.01769841 0.01334156 0.04800854
v -0.01375371 0.02193239 0.04490378
v -0.01764439 0.01894948 0.04477236
v -0.02081456 0.01540895 0.04462594
v -0.02322038 0.01145924 0.04449096
v -0.02322398 0.01150709 0.04800854
v -0.01764885 0.01892897 0.04159652
v -0.02079527 0.01541188 0.04129300
v -0.02319389 0.01148317 0.04104896
v -0.02481316 0.00733229 0.04084503
v -0.02484587 0.00731666 0.04441859
v -0.02070744 0.01552858 0.03814323
v -0.02312096 0.01163942 0.03770350
v -0.02476323 0.00746315 0.03729074
v -0.02565691 0.00315406 0.03716192
v -0.02297606 0.01193971 0.03449010
v -0.02468968 0.00775123 0.03382404
v -0.02566295 0.00330543 0.03357522
v -0.02577354 -0.00189086 0.03391376
v -0.02577397 -0.00164379 0.03731454
v -0.02580351 -0.00156566 0.04086020
v -0.02567516 0.00306666 0.04079338
v -0.02500487 -0.00651488 0.03752029
v -0.02509520 -0.00624291 0.04095302
v -0.02515782 -0.00611644 0.04446176
v -0.02351927 -0.01076049 0.04114615
v -0.02363518 -0.01054467 0.04456627
v -0.02373552 -0.01042406 0.04800854
v -0.02125175 -0.01479027 0.04468916
v -0.02139207 -0.01465746 0.04800854
v -0.01850633 -0.01253441 0.04800854
v -0.01809630 -0.01857152 0.04800854
v -0.01579924 -0.01584203 0.04800854
v -0.01218071 -0.01853734 0.04800854
v -0.01083696 -0.01537133 0.04800854
v -0.01394182 -0.02185570 0.04800854
v -0.01795464 -0.01867601 0.04476149
v -0.02031816 -0.00900560 0.04800854
v -0.01710374 -0.00780736 0.04800854
v -0.01797642 -0.00455980 0.04800854
v -0.02148552 -0.00520970 0.04800854
v -0.01836241 -0.00118822 0.04800854
v -0.02202299 -0.00129955 0.04800854
v -0.02520280 -0.00603344 0.04800854
v -0.02586906 -0.00154271 0.04800854
v -0.02575462 0.00298414 0.04800854
v -0.02584184 -0.00154808 0.04442244
v -0.02571202 0.00301295 0.04440994
v -0.02487376 0.00734840 0.04800854
v -0.02115794 0.00625612 0.04800854
v -0.01987675 0.00994899 0.04800854
v -0.02190373 0.00255592 0.04800854
v -0.01480229 0.01094215 0.04800854
v -0.01826097 0.00215016 0.04800854
v -0.01465318 0.00195680 0.04800854
v -0.01465727 -0.00100072 0.04800854
v -0.01112590 -0.00049633 0.04800854
v -0.01433000 -0.00393822 0.04800854
v -0.01074431 -0.00336937 0.04800854
v -0.01370274 -0.00683715 0.04800854
v -0.01029289 -0.00626879 0.04800854
v -0.00753239 -0.00289086 0.04800854
v -0.00801115 0.00016774 0.04800854
v -0.00855632 0.00321461 0.04800854
v -0.01142271 0.00238551 0.04800854
v -0.00458012 -0.00251830 0.04800854
v -0.00512505 0.00077858 0.04800854
v -0.00578624 0.00409596 0.04800854
v -0.00660869 0.00747780 0.04800854
v -0.00928368 0.00633619 0.04800854
v -0.00235783 0.00126881 0.04800854
v -0.00301775 0.00477906 0.04800854
v -0.01041899 0.00958326 0.04800854
v -0.00777141 0.01110426 0.04800854
v -0.00377446 0.00837184 0.04800854
v -0.00711186 -0.00603148 0.04800854
v -0.02105089 -0.01499388 0.04139418
v -0.02333873 -0.01112181 0.03787784
v -0.02489940 -0.00698168 0.03430400
v -0.02277830 0.01230348 0.03160063
v -0.02027141 0.01610865 0.03246301
v -0.02244865 0.01286891 0.02897791
v -0.01993474 0.01651930 0.03009990
v -0.02198784 0.01364283 0.02651398
v -0.02385075 0.01002321 0.02509001
v -0.02053685 0.01577565 0.03515417
v -0.01741350 0.01917311 0.03584050
v -0.01757420 0.01902174 0.03858227
v -0.01377763 0.02193287 0.03901441
v -0.01380522 0.02189235 0.04188597
v -0.00936723 0.02412477 0.04209823
v -0.00926762 0.02418434 0.04500650
v -0.00434996 0.02552662 0.04506753
v -0.00416026 0.02558131 0.04800854
v 0.00097694 0.02589869 0.04800854
v 0.00113362 0.02156031 0.04800854
v 0.00543428 0.02095924 0.04800853
v 0.00503181 0.01691871 0.04800854
v 0.00852364 0.01588502 0.04800854
v 0.00775594 0.01230690 0.04800854
v 0.00189577 -0.02582689 0.04491045
v -0.00349858 -0.02563890 0.04198647
v 0.00200099 -0.02580785 0.04192524
v -0.00332933 -0.02565258 0.03923016
v 0.00208254 -0.02580931 0.03914723
v 0.00741225 -0.02481420 0.03883385
v 0.00214052 -0.02579174 0.03668778
v 0.00732655 -0.02481957 0.03623591
v 0.01211891 -0.02289135 0.03555037
v 0.00719270 -0.02487914 0.03420684
v 0.01184157 -0.02302611 0.03326360
v 0.01590920 -0.02044701 0.03207805
v 0.01151552 -0.02317064 0.03124968
v 0.01545735 -0.02077758 0.02981123
v 0.01117482 -0.02332836 0.02941975
v 0.01495723 -0.02111791 0.02775370
v 0.01079378 -0.02352025 0.02762243
v 0.01443813 -0.02148705 0.02583318
v 0.01751192 -0.01906469 0.02372869
v 0.01381899 -0.02190209 0.02392107
v 0.01680104 -0.01973314 0.02174499
v 0.01917482 -0.01738402 0.01932953
v 0.01646706 -0.02078929 0.02003885
v 0.01902980 -0.01886693 0.01756975
v 0.02100295 -0.01515648 0.01668451
v 0.02114900 -0.01697582 0.01495903
v 0.02239906 -0.01301293 0.01406885
v 0.02281844 -0.01502172 0.01227244
v 0.02350685 -0.01093724 0.01155705
v 0.02405232 -0.01307103 0.00962391
v 0.02434029 -0.00905345 0.00895025
v 0.02495223 -0.00707738 0.01135650
v 0.02498604 -0.01119994 0.00703371
v 0.02529366 -0.00709935 0.00661120
v 0.02545320 -0.00495922 0.00895395
v 0.02574886 -0.00263939 0.01148198
v 0.02575801 -0.00290404 0.00648806
v 0.02587361 -0.00063939 0.00882145
v 0.02581734 0.00171559 0.01111223
v 0.02585457 0.00131813 0.00619209
v 0.02569209 0.00356813 0.00841881
v 0.02528108 0.00597828 0.01064994
v 0.02561848 0.00544166 0.00585532
v 0.02514778 0.00761549 0.00821887
v 0.02407649 0.00982155 0.01075959
v 0.02534639 0.00939039 0.00597880
v 0.02443684 0.01149879 0.00890042
v 0.02302376 0.01380446 0.01186645
v 0.02494466 0.01338453 0.00698376
v 0.02368166 0.01558229 0.01043898
v 0.02200203 0.01795875 0.01366555
v 0.02428413 0.01756129 0.00888844
v 0.02263112 0.01980543 0.01256827
v 0.02320412 0.02182838 0.01143436
v 0.02104482 0.02397731 0.01504505
v 0.02154201 0.02603102 0.01434025
v 0.01880336 0.02780250 0.01779233
v 0.02196901 0.02846705 0.01366097
v 0.01921297 0.02989576 0.01736532
v 0.01587331 0.03120387 0.02048754
v 0.01955592 0.03228248 0.01699311
v 0.01615224 0.03334840 0.02026111
v 0.01219508 0.03428102 0.02284752
v 0.01636739 0.03584694 0.02008710
v 0.01231831 0.03650563 0.02278437
v 0.00781416 0.03696754 0.02466279
v 0.01235030 0.03902467 0.02275830
v 0.00776625 0.03939332 0.02470572
v 0.01646864 0.03853688 0.01999704
v 0.01645515 0.04157350 0.01999407
v 0.01227071 0.04186647 0.02277144
v 0.01999410 0.04120680 0.01646464
v 0.01990651 0.04458082 0.01658395
v 0.01632027 0.04474684 0.02012137
v 0.02276033 0.04084156 0.01233089
v 0.01996346 0.03798121 0.01650381
v 0.02271193 0.03737916 0.01244172
v 0.02466743 0.04043141 0.00781999
v 0.02459993 0.03672731 0.00796882
v 0.02567464 0.04007985 0.00315301
v 0.02563033 0.03616774 0.00329960
v 0.02581258 0.03601930 -0.00138708
v 0.02581148 0.04002711 -0.00148294
v 0.02512337 0.03640846 -0.00607844
v 0.02513472 0.04025074 -0.00613976
v 0.02356258 0.03703053 -0.01068411
v 0.02352235 0.04062672 -0.01069660
v 0.02349141 0.03360280 -0.01086425
v 0.02102132 0.03454371 -0.01506133
v 0.02111134 0.03768043 -0.01494007
v 0.02080135 0.03155836 -0.01536666
v 0.01761598 0.03269508 -0.01893190
v 0.01780946 0.03532252 -0.01874802
v 0.01734981 0.03043727 -0.01920559
v 0.01364241 0.03167018 -0.02201412
v 0.01385091 0.03369020 -0.02186314
v 0.00947810 0.03261305 -0.02409095
v 0.00960115 0.03451637 -0.02403579
v 0.00503163 0.03326881 -0.02537872
v 0.00503719 0.03504225 -0.02536252
v 0.00499965 0.03175465 -0.02538034
v 0.00054530 0.03215211 -0.02587008
v 0.00045943 0.03354567 -0.02587762
v 0.00061855 0.03070875 -0.02586437
v -0.00368675 0.03065162 -0.02560724
v -0.00389311 0.03210035 -0.02556927
v -0.00348466 0.02927955 -0.02565351
v 0.00068483 0.02933522 -0.02587230
v -0.00327855 0.02793434 -0.02569939
v 0.00075343 0.02799879 -0.02588010
v -0.00305986 0.02655934 -0.02574314
v -0.00681932 0.02599000 -0.02499039
v 0.00079695 0.02659938 -0.02588505
v -0.00295317 0.02576246 -0.02635660
v -0.00665831 0.02505104 -0.02561244
v -0.00688225 0.02497535 -0.02697899
v -0.01045976 0.02369264 -0.02576253
v -0.01006755 0.02387086 -0.02436402
v -0.01080638 0.02352906 -0.02723679
v -0.01420366 0.02164967 -0.02568696
v -0.01372343 0.02195826 -0.02411518
v -0.01463042 0.02134449 -0.02731057
v -0.01771080 0.01880299 -0.02558615
v -0.01721196 0.01928981 -0.02386196
v -0.01818266 0.01838942 -0.02752803
v -0.02087053 0.01524635 -0.02585764
v -0.02032945 0.01593239 -0.02366174
v -0.02304362 0.01175905 -0.02409362
v -0.02252019 0.01273170 -0.02156775
v -0.02413444 0.00927516 -0.01951574
v -0.02464134 0.00785475 -0.02227270
v -0.02520573 0.00579811 -0.01749822
v -0.02573772 0.00292213 -0.01557902
v -0.02588127 0.00042408 -0.01337850
v -0.02580785 -0.00216527 -0.01568366
v -0.02553276 -0.00437133 -0.01295259
v -0.02582756 -0.00186644 -0.01085465
v -0.02564116 -0.00402611 -0.00835162
v -0.02521037 -0.00642650 -0.01047481
v -0.02490483 -0.00839769 -0.00824893
v -0.02548729 -0.00617748 -0.00601310
v -0.02575774 -0.00397240 -0.00374224
v -0.02566179 -0.00848949 -0.00378223
v -0.02587236 -0.00632347 -0.00144823
v -0.02590251 -0.00406859 0.00085817
v -0.02586949 -0.00175511 0.00316669
v -0.02576659 -0.00641185 0.00312066
v -0.02568950 -0.00406810 0.00537437
v -0.02584105 -0.00170580 0.00770115
v -0.02529448 -0.00641332 0.00753866
v -0.02556480 -0.00410619 0.00979790
v -0.02504643 -0.00663109 0.01186822
v -0.02440855 -0.00874974 0.00968627
v -0.02417827 -0.00926830 0.01393509
v -0.02340666 -0.01113451 0.01190181
v -0.02299889 -0.01187426 0.01612250
v -0.02381090 -0.01009935 0.01836832
v -0.02212321 -0.01349144 0.01410955
v -0.02137480 -0.01460424 0.01827964
v -0.02223827 -0.01321703 0.02036322
v -0.02306194 -0.01174730 0.02271462
v -0.02009477 -0.01625609 0.02217679
v -0.02087773 -0.01521312 0.02433482
v -0.02164152 -0.01420140 0.02667087
v -0.01819072 -0.01835570 0.02578866
v -0.01888615 -0.01768138 0.02796004
v -0.01951341 -0.01701000 0.03018801
v -0.01557256 -0.02068529 0.02915426
v -0.01612328 -0.02027025 0.03112800
v -0.01662163 -0.01983324 0.03327061
v -0.01213335 -0.02286888 0.03195800
v -0.01257487 -0.02260912 0.03399981
v -0.01296580 -0.02238988 0.03622490
v -0.00797551 -0.02462035 0.03452692
v -0.00826237 -0.02450072 0.03656534
v -0.00854893 -0.02442650 0.03912237
v -0.00314830 -0.02565941 0.03675120
v -0.00298265 -0.02570238 0.03477678
v 0.00216066 -0.02579760 0.03470018
v -0.00282634 -0.02571459 0.03293184
v 0.00215993 -0.02579711 0.03288077
v 0.00702766 -0.02492845 0.03228615
v 0.00215193 -0.02578929 0.03123524
v 0.00684962 -0.02497240 0.03056444
v 0.00213283 -0.02579906 0.02959022
v 0.00663808 -0.02502953 0.02890458
v 0.00210414 -0.02580638 0.02800559
v 0.00640749 -0.02510521 0.02729920
v 0.01035133 -0.02373656 0.02591686
v 0.00615547 -0.02519554 0.02574395
v 0.00990956 -0.02393920 0.02436795
v 0.01333717 -0.02255590 0.02221827
v 0.01033443 -0.02542797 0.02376015
v 0.01400758 -0.02410619 0.02179695
v 0.01719063 -0.02249193 0.01935805
v 0.01465486 -0.02581517 0.02134653
v 0.01790462 -0.02431810 0.01865681
v 0.01986202 -0.02078490 0.01658901
v 0.02058638 -0.02276049 0.01560744
v 0.02198592 -0.01901049 0.01365618
v 0.02279713 -0.02117406 0.01223405
v 0.02360426 -0.01717894 0.01061191
v 0.02431429 -0.01950658 0.00881679
v 0.02472639 -0.01533617 0.00768298
v 0.02528413 -0.01771019 0.00547883
v 0.02543294 -0.01349144 0.00480901
v 0.02576448 -0.01593383 0.00240821
v 0.02579146 -0.01158910 0.00209594
v 0.02552168 -0.00928148 0.00442701
v 0.02587923 -0.01393871 -0.00037193
v 0.02587312 -0.00957006 -0.00043326
v 0.02581892 -0.00731371 0.00191492
v 0.02566988 -0.00510424 0.00417854
v 0.02587788 -0.00526195 -0.00055255
v 0.02587776 -0.00306957 0.00171873
v 0.02586189 -0.00086937 0.00397096
v 0.02590987 -0.00097533 -0.00074126
v 0.02590486 0.00120875 0.00147027
v 0.02581978 0.00335084 0.00365375
v 0.02590022 0.00333082 -0.00096174
v 0.02587483 0.00548951 0.00118723
v 0.02572676 0.00746608 0.00341258
v 0.02586665 0.00767994 -0.00121750
v 0.02585725 0.00972340 0.00101463
v 0.02564229 0.01147682 0.00364365
v 0.02584883 0.01194606 -0.00143646
v 0.02586165 0.01378395 0.00109289
v 0.02545223 0.01553541 0.00481366
v 0.02557808 0.01395826 -0.00408029
v 0.02565755 0.00976832 -0.00360466
v 0.02519344 0.01170143 -0.00611357
v 0.02486592 0.01581227 -0.00711876
v 0.02431660 0.01369166 -0.00892591
v 0.02353096 0.01806569 -0.01079321
v 0.02406929 0.02023561 -0.00943266
v 0.02292110 0.01606715 -0.01203630
v 0.02096822 0.01863063 -0.01515708
v 0.02156917 0.02046412 -0.01425852
v 0.02212416 0.02244069 -0.01336065
v 0.01910036 0.02277516 -0.01738998
v 0.01960512 0.02455299 -0.01680642
v 0.02266512 0.02478297 -0.01251052
v 0.02011281 0.02671998 -0.01625904
v 0.02305696 0.02747828 -0.01176433
v 0.02485078 0.02572926 -0.00712400
v 0.02050227 0.02904567 -0.01576955
v 0.02332265 0.03035719 -0.01123359
v 0.02503059 0.02915211 -0.00652502
v 0.02586104 0.02838746 -0.00145097
v 0.02511482 0.03272926 -0.00621064
v 0.02584309 0.03219166 -0.00135729
v 0.02561910 0.03241285 0.00354935
v 0.02558687 0.02878541 0.00389736
v 0.02435201 0.02985963 0.00877885
v 0.02407222 0.02692018 0.00946017
v 0.02548311 0.02544264 0.00448204
v 0.02452693 0.03318287 0.00828654
v 0.02257155 0.03409987 0.01271923
v 0.02232423 0.03108766 0.01313456
v 0.01980641 0.03499977 0.01668315
v 0.02371394 0.02415358 0.01035687
v 0.01658186 0.02649196 -0.01982856
v 0.01699837 0.02840992 -0.01948820
v 0.01306966 0.02818385 -0.02234463
v 0.01338405 0.02988258 -0.02215491
v 0.00913533 0.02950905 -0.02420356
v 0.00932869 0.03101393 -0.02413568
v 0.00891194 0.02802418 -0.02429130
v 0.00487587 0.02891676 -0.02540805
v 0.00494710 0.03033278 -0.02539082
v 0.00477650 0.02751832 -0.02543601
v 0.00867549 0.02657789 -0.02437847
v 0.00465907 0.02613551 -0.02546533
v 0.00838789 0.02514869 -0.02449475
v 0.00476576 0.02545289 -0.02622436
v 0.00088264 0.02589137 -0.02654095
v 0.00853651 0.02445436 -0.02539536
v 0.00506129 0.02538844 -0.02763282
v 0.00100270 0.02588063 -0.02793349
v 0.00111513 0.02586891 -0.02927073
v -0.00306621 0.02571949 -0.02907055
v -0.00301091 0.02574049 -0.02771097
v -0.00310777 0.02569899 -0.03046856
v -0.00726561 0.02483815 -0.02983804
v -0.00707957 0.02490846 -0.02837989
v -0.00742723 0.02478981 -0.03135223
v -0.01141313 0.02324781 -0.03031704
v -0.01113200 0.02336891 -0.02876551
v -0.01168748 0.02311842 -0.03202140
v -0.01540422 0.02081227 -0.03094553
v -0.01504094 0.02106471 -0.02906241
v -0.01571794 0.02054567 -0.03308971
v -0.01898778 0.01755983 -0.03205299
v -0.01863762 0.01795045 -0.02968287
v -0.02171483 0.01408424 -0.03090168
v -0.02135490 0.01464137 -0.02828238
v -0.02380974 0.01014235 -0.02969965
v -0.02350993 0.01083619 -0.02679143
v -0.02523527 0.00562672 -0.02855800
v -0.02400938 0.00964479 -0.03302623
v -0.02533739 0.00526735 -0.03211651
v -0.02533836 0.00503737 -0.03595794
v -0.02583195 0.00069117 -0.03563093
v -0.02587102 0.00057594 -0.03164603
v -0.02554918 -0.00410277 -0.03215486
v -0.02543193 -0.00469799 -0.02849620
v -0.02558250 -0.00369017 -0.03595839
v -0.02440892 -0.00861840 -0.03311781
v -0.02415300 -0.00926293 -0.02980254
v -0.02214281 -0.01340795 -0.03096859
v -0.02172118 -0.01404125 -0.02827000
v -0.02381297 -0.01009984 -0.02678652
v -0.02334300 -0.01114965 -0.02400211
v -0.02486815 -0.00722045 -0.02223524
v -0.02121190 -0.01480345 -0.02578030
v -0.02064696 -0.01557738 -0.02358186
v -0.02278569 -0.01224584 -0.02149712
v -0.02432719 -0.00876732 -0.01948378
v -0.02536272 -0.00518871 -0.01755396
v -0.02372258 -0.01032054 -0.01707220
v -0.02486992 -0.00718627 -0.01495258
v -0.02429411 -0.00894017 -0.01259101
v -0.02308189 -0.01173314 -0.01486444
v -0.02376891 -0.01068920 -0.01040949
v -0.02252385 -0.01321312 -0.01283978
v -0.02443346 -0.01276097 -0.00880027
v -0.02522911 -0.01060961 -0.00624105
v -0.02496428 -0.01511058 -0.00690512
v -0.02557140 -0.01308910 -0.00406275
v -0.02586559 -0.01097972 -0.00150066
v -0.02589171 -0.00874144 0.00086510
v -0.02584142 -0.01578978 -0.00174608
v -0.02588957 -0.01353002 0.00091677
v -0.02569957 -0.01118969 0.00325334
v -0.02539781 -0.00875511 0.00542911
v -0.02524559 -0.01362279 0.00576068
v -0.02472441 -0.01108373 0.00777031
v -0.02383275 -0.01342650 0.01012768
v -0.02448686 -0.01597484 0.00833240
v -0.02268004 -0.01572875 0.01246487
v -0.02342546 -0.01814379 0.01087846
v -0.02120195 -0.01807152 0.01485715
v -0.02046837 -0.01589672 0.01622527
v -0.02197124 -0.02034398 0.01364364
v -0.01925810 -0.02044408 0.01730749
v -0.01850603 -0.01848900 0.01816849
v -0.01928520 -0.01725170 0.02014715
v -0.01613390 -0.02077269 0.02030106
v -0.01671696 -0.01977855 0.02202079
v -0.01748857 -0.01904076 0.02391925
v -0.01365501 -0.02200072 0.02373555
v -0.01435985 -0.02154125 0.02550339
v -0.01497258 -0.02111010 0.02725843
v -0.01071849 -0.02356761 0.02682640
v -0.01123015 -0.02331761 0.02850288
v -0.01169835 -0.02308568 0.03022857
v -0.00703429 -0.02491820 0.02936134
v -0.00736137 -0.02481469 0.03100361
v -0.00766319 -0.02472631 0.03262095
v -0.00267393 -0.02572142 0.03134555
v -0.00250786 -0.02576049 0.02972355
v -0.00669762 -0.02502611 0.02777812
v -0.00236455 -0.02577953 0.02815639
v -0.00632793 -0.02514476 0.02618372
v -0.00220677 -0.02580248 0.02660335
v 0.00205269 -0.02581273 0.02647525
v -0.00214726 -0.02662523 0.02581490
v 0.00212984 -0.02675804 0.02581912
v 0.00635316 -0.02635326 0.02514529
v 0.00228413 -0.02834105 0.02580093
v 0.00671858 -0.02798363 0.02502672
v 0.01087581 -0.02708177 0.02351102
v 0.00704872 -0.02954222 0.02492322
v 0.01137306 -0.02873802 0.02326823
v 0.01524507 -0.02754613 0.02093119
v 0.01182723 -0.03042894 0.02304516
v 0.01581252 -0.02940551 0.02050572
v 0.01856490 -0.02623412 0.01797225
v 0.01920778 -0.02828832 0.01733875
v 0.02131850 -0.02485961 0.01465639
v 0.02199013 -0.02713304 0.01367755
v 0.02350606 -0.02350023 0.01088521
v 0.02408614 -0.02592992 0.00951467
v 0.02492622 -0.02194945 0.00698472
v 0.02538472 -0.02455785 0.00505844
v 0.02569527 -0.02028539 0.00317084
v 0.02588582 -0.01839965 -0.00015844
v 0.02572530 -0.01633031 -0.00292726
v 0.02522908 -0.01856420 -0.00573164
v 0.02531075 -0.01403197 -0.00546453
v 0.02572334 -0.01183715 -0.00290309
v 0.02458431 -0.01609056 -0.00807571
v 0.02473567 -0.01178636 -0.00773724
v 0.02540913 -0.00965648 -0.00531403
v 0.02574312 -0.00746898 -0.00290406
v 0.02509847 -0.00762621 -0.00756150
v 0.02558296 -0.00540502 -0.00528419
v 0.02580830 -0.00317992 -0.00299257
v 0.02572102 -0.00337377 -0.00770416
v 0.02588911 -0.00110179 -0.00541990
v 0.02588667 0.00112477 -0.00315327
v 0.02587276 0.00102516 -0.00781240
v 0.02574934 0.00323854 -0.00550492
v 0.02576851 0.00545778 -0.00333467
v 0.02546724 0.00540699 -0.00778955
v 0.02545064 0.00753932 -0.00566843
v 0.02487556 0.00959645 -0.00804453
v 0.02498384 0.00769410 -0.01005673
v 0.02369954 0.01174147 -0.01052863
v 0.02386287 0.01009694 -0.01237090
v 0.02223720 0.01427809 -0.01329344
v 0.02249721 0.01286891 -0.01492033
v 0.02032027 0.01688014 -0.01607737
v 0.02067372 0.01558619 -0.01760741
v 0.01827773 0.01837770 -0.02007939
v 0.01791689 0.01937526 -0.01871124
v 0.01854201 0.02102467 -0.01804434
v 0.01510701 0.02171364 -0.02103705
v 0.01564082 0.02323268 -0.02061906
v 0.01613539 0.02485670 -0.02021047
v 0.01232149 0.02513307 -0.02278893
v 0.01271187 0.02663160 -0.02255734
v 0.01190370 0.02366090 -0.02303689
v 0.01212111 0.02291530 -0.02404395
v 0.01539076 0.02083619 -0.02222861
v 0.01268800 0.02257496 -0.02553370
v 0.00900179 0.02428004 -0.02684857
v 0.01606453 0.02030983 -0.02381426
v 0.01322054 0.02224586 -0.02702982
v 0.00941066 0.02410475 -0.02825098
v 0.00979646 0.02393776 -0.02971119
v 0.00558485 0.02526198 -0.03038799
v 0.00533540 0.02532203 -0.02899827
v 0.00583199 0.02521412 -0.03186856
v 0.00134383 0.02584938 -0.03203136
v 0.00122975 0.02585670 -0.03064270
v 0.00146095 0.02584742 -0.03351142
v -0.00313414 0.02569557 -0.03335696
v -0.00313103 0.02568873 -0.03190851
v -0.00314555 0.02569020 -0.03509958
v -0.00769524 0.02469899 -0.03468697
v -0.00756273 0.02475319 -0.03284742
v -0.00777489 0.02465553 -0.03659311
v -0.01211736 0.02290358 -0.03612898
v -0.01194432 0.02299000 -0.03402591
v -0.01223674 0.02284254 -0.03878049
v -0.01614830 0.02024830 -0.03834250
v -0.01597649 0.02036647 -0.03553284
v -0.01947374 0.01703737 -0.03783591
v -0.01927251 0.01724293 -0.03480469
v -0.02213213 0.01334694 -0.03725349
v -0.02199364 0.01365406 -0.03396737
v -0.02220793 0.01320143 -0.04068927
v -0.02416966 0.00917360 -0.04029320
v -0.02412517 0.00931178 -0.03658479
v -0.02416643 0.00925660 -0.04413846
v -0.02537267 0.00509498 -0.04395066
v -0.02535576 0.00498512 -0.03993806
v -0.02586613 0.00089869 -0.04386639
v -0.02584465 0.00077028 -0.03974082
v -0.02562785 -0.00344457 -0.03994192
v -0.02566667 -0.00333226 -0.04396438
v -0.02464098 -0.00787035 -0.04037526
v -0.02453038 -0.00814818 -0.03665098
v -0.02472142 -0.00775267 -0.04416047
v -0.02282854 -0.01218334 -0.04077336
v -0.02269450 -0.01246117 -0.03729245
v -0.02000346 -0.01644457 -0.03785257
v -0.01973326 -0.01675804 -0.03484706
v -0.02247404 -0.01287719 -0.03401876
v -0.01626573 -0.02015648 -0.03564112
v -0.01592992 -0.02042211 -0.03313097
v -0.01938188 -0.01717308 -0.03209008
v -0.01555284 -0.02070970 -0.03095660
v -0.01895879 -0.01763353 -0.02963839
v -0.01511845 -0.02101049 -0.02901523
v -0.01848369 -0.01812084 -0.02750545
v -0.01467912 -0.02130785 -0.02725901
v -0.01795885 -0.01862474 -0.02551068
v -0.01419139 -0.02165306 -0.02555349
v -0.01739629 -0.01917260 -0.02370067
v -0.02004076 -0.01636058 -0.02160661
v -0.02214268 -0.01339086 -0.01930683
v -0.01675786 -0.01977074 -0.02188166
v -0.01936760 -0.01715404 -0.01970353
v -0.02147661 -0.01448900 -0.01728032
v -0.01874699 -0.01816478 -0.01788771
v -0.02082927 -0.01574926 -0.01540739
v -0.01950676 -0.01988793 -0.01698822
v -0.02159209 -0.01755980 -0.01428385
v -0.02018657 -0.02171117 -0.01612886
v -0.02233299 -0.01950707 -0.01306931
v -0.02323631 -0.01508080 -0.01145265
v -0.02390959 -0.01725267 -0.00994951
v -0.02304546 -0.02173705 -0.01176619
v -0.02453703 -0.01973558 -0.00820345
v -0.02544267 -0.01781127 -0.00478159
v -0.02507811 -0.02260912 -0.00641557
v -0.02577892 -0.02069554 -0.00237363
v -0.02588829 -0.01847582 0.00087006
v -0.02566014 -0.01614769 0.00349617
v -0.02509251 -0.01881420 0.00624537
v -0.02420451 -0.02085717 0.00913516
v -0.02337987 -0.02555834 0.01106805
v -0.02272679 -0.02280101 0.01236447
v -0.02130412 -0.02722679 0.01468576
v -0.02065935 -0.02476976 0.01554576
v -0.01997972 -0.02253734 0.01644501
v -0.01803374 -0.02656810 0.01856318
v -0.01744994 -0.02451830 0.01912062
v -0.01680064 -0.02256761 0.01973013
v -0.01436174 -0.02634691 0.02153998
v -0.01382121 -0.02453099 0.02190088
v -0.01323582 -0.02285228 0.02227169
v -0.01035704 -0.02622289 0.02374125
v -0.00992436 -0.02463158 0.02393999
v -0.01016850 -0.02382347 0.02518791
v -0.00621086 -0.02593480 0.02518743
v -0.00646074 -0.02750267 0.02509907
v -0.00219835 -0.02818431 0.02580787
v -0.00668657 -0.02910033 0.02502778
v -0.00221965 -0.02974974 0.02580110
v 0.00243709 -0.02986840 0.02577385
v -0.00225316 -0.03137035 0.02579368
v 0.00257961 -0.03146898 0.02574969
v 0.00735658 -0.03116527 0.02482701
v 0.00270247 -0.03303539 0.02575867
v 0.00763393 -0.03276488 0.02474868
v 0.01223750 -0.03212767 0.02283159
v 0.00791585 -0.03465599 0.02465080
v 0.01264906 -0.03414183 0.02258130
v 0.01632973 -0.03134105 0.02010929
v 0.01679952 -0.03346019 0.01968074
v 0.01978383 -0.03046459 0.01670238
v 0.02026881 -0.03278636 0.01609142
v 0.02254982 -0.02943383 0.01277503
v 0.02299648 -0.03201293 0.01193003
v 0.02452571 -0.02843187 0.00824725
v 0.02485066 -0.03123168 0.00725791
v 0.02331313 -0.03482347 0.01124058
v 0.02503340 -0.03423461 0.00648651
v 0.02580098 -0.03358715 0.00141223
v 0.02514986 -0.03738011 0.00592566
v 0.02580354 -0.03710472 0.00101088
v 0.02562630 -0.03340648 -0.00361763
v 0.02437898 -0.03390795 -0.00869119
v 0.02424287 -0.03066918 -0.00899805
v 0.02559248 -0.03706566 -0.00377417
v 0.02440596 -0.03731127 -0.00857149
v 0.02232631 -0.03772777 -0.01308840
v 0.02222462 -0.03455199 -0.01329823
v 0.02556624 -0.04073656 -0.00401077
v 0.02438667 -0.04081469 -0.00864950
v 0.02234383 -0.04103832 -0.01304429
v 0.01951326 -0.04134935 -0.01699731
v 0.01945369 -0.03817504 -0.01708789
v 0.02433247 -0.04438988 -0.00885816
v 0.02230421 -0.04449974 -0.01314821
v 0.01948622 -0.04464427 -0.01704607
v 0.01591072 -0.04478929 -0.02041690
v 0.01594527 -0.04165551 -0.02037847
v 0.02220198 -0.04799926 -0.01335902
v 0.01937593 -0.04799926 -0.01720337
v 0.01579482 -0.04799926 -0.02054203
v 0.01160695 -0.04799926 -0.02316933
v 0.01170717 -0.04490844 -0.02308266
v 0.01659737 -0.04799926 -0.01494061
v 0.01360445 -0.04799926 -0.01792447
v 0.01001070 -0.04799926 -0.02036562
v 0.00601863 -0.04799926 -0.02198106
v 0.00694118 -0.04799926 -0.02496838
v 0.01137904 -0.04799926 -0.01563507
v 0.01390877 -0.04799926 -0.01288941
v 0.01112044 -0.04799926 -0.01090907
v 0.00892885 -0.04799926 -0.01354128
v 0.00835469 -0.04799926 -0.00903697
v 0.00632643 -0.04799926 -0.01172208
v 0.00575887 -0.04799926 -0.00728271
v 0.00375472 -0.04799926 -0.01005927
v 0.00166872 -0.04799926 -0.01291071
v 0.00128731 -0.04799926 -0.00842425
v -0.00088689 -0.04799926 -0.01138049
v -0.00022746 -0.04799926 -0.01596055
v -0.00309978 -0.04799926 -0.01450566
v -0.00157805 -0.04799926 -0.01908001
v 0.00195320 -0.04799926 -0.01974004
v -0.00505730 -0.04799926 -0.01776011
v -0.00242625 -0.04799926 -0.02224389
v 0.00184663 -0.04799926 -0.02259203
v 0.00200893 -0.04799926 -0.02583876
v -0.00304802 -0.04799926 -0.02573743
v -0.00305327 -0.04502172 -0.02571049
v 0.00204829 -0.04503197 -0.02581109
v 0.00702394 -0.04499193 -0.02491702
v 0.00208534 -0.04216234 -0.02579307
v 0.00706740 -0.04207103 -0.02488531
v 0.01174751 -0.04190160 -0.02305540
v 0.00705360 -0.03934349 -0.02490180
v 0.01170827 -0.03905590 -0.02308698
v 0.01588362 -0.03864818 -0.02044312
v 0.01157765 -0.03647679 -0.02314388
v 0.01570290 -0.03593187 -0.02057768
v 0.01928224 -0.03526976 -0.01728667
v 0.01544112 -0.03353832 -0.02077484
v 0.01898988 -0.03265599 -0.01760323
v 0.02196669 -0.03164135 -0.01368659
v 0.02157069 -0.02907836 -0.01427306
v 0.01860109 -0.03024486 -0.01801072
v 0.02098787 -0.02662181 -0.01510315
v 0.02332991 -0.02495629 -0.01117526
v 0.01810146 -0.02810863 -0.01849342
v 0.02033406 -0.02445385 -0.01595805
v 0.02258730 -0.02253148 -0.01261534
v 0.02179701 -0.02038451 -0.01392632
v 0.02341713 -0.01818236 -0.01089036
v 0.02425642 -0.02047289 -0.00895543
v 0.02258101 -0.01611595 -0.01260279
v 0.02381075 -0.01393334 -0.01016247
v 0.02098201 -0.01841283 -0.01513689
v 0.02171400 -0.01416869 -0.01425160
v 0.02300642 -0.01194799 -0.01198492
v 0.02367964 -0.01048558 -0.01428958
v 0.02459602 -0.00812133 -0.01215330
v 0.02403572 -0.00983080 -0.00970115
v 0.02533992 -0.00573558 -0.00997376
v 0.02511385 -0.00631273 -0.01483864
v 0.02563057 -0.00373119 -0.01256777
v 0.02586104 -0.00126586 -0.01017351
v 0.02585030 -0.00145873 -0.01513799
v 0.02586397 0.00100709 -0.01256747
v 0.02568636 0.00327565 -0.01009299
v 0.02588289 0.00120045 -0.01752304
v 0.02563362 0.00361793 -0.01477808
v 0.02528206 0.00573512 -0.01227112
v 0.02498494 0.00671461 -0.01690425
v 0.02444734 0.00853444 -0.01451460
v 0.02377827 0.01017701 -0.01910848
v 0.02315889 0.01156129 -0.01691706
v 0.02200014 0.01362330 -0.02137738
v 0.02135988 0.01461110 -0.01939489
v 0.01898146 0.01761158 -0.02176838
v 0.01959981 0.01687916 -0.02351756
v 0.01665321 0.01981569 -0.02541439
v 0.02018520 0.01618092 -0.02545420
v 0.01720967 0.01933864 -0.02711795
v 0.01770760 0.01888746 -0.02893753
v 0.01416066 0.02167262 -0.03021954
v 0.01371150 0.02194850 -0.02859318
v 0.01458577 0.02139869 -0.03195089
v 0.01049483 0.02365699 -0.03277587
v 0.01016463 0.02378834 -0.03125799
v 0.01082686 0.02350123 -0.03469047
v 0.00630141 0.02510524 -0.03511327
v 0.00606136 0.02517262 -0.03330922
v 0.00652406 0.02503883 -0.03701355
v 0.00170058 0.02583668 -0.03709724
v 0.00157710 0.02584596 -0.03525576
v 0.00182228 0.02583912 -0.03948357
v -0.00310008 0.02571315 -0.03937437
v -0.00313176 0.02568092 -0.03695048
v -0.00305101 0.02571705 -0.04205906
v -0.00783128 0.02467848 -0.04190641
v -0.00783623 0.02467262 -0.03913942
v -0.00778392 0.02471315 -0.04490037
v -0.01219646 0.02283619 -0.04477765
v -0.01225359 0.02279713 -0.04165274
v -0.01615587 0.02025221 -0.04463078
v -0.01619627 0.02018287 -0.04134729
v -0.01952013 0.01700612 -0.04449619
v -0.01952861 0.01692506 -0.04104150
v -0.01942039 0.01716139 -0.04799146
v -0.02215263 0.01344703 -0.04799146
v -0.02222142 0.01327076 -0.04433521
v -0.01903020 0.01190602 -0.04799146
v -0.02063646 0.00853492 -0.04799146
v -0.02413853 0.00945875 -0.04799146
v -0.02169945 0.00475758 -0.04799146
v -0.02538963 0.00528932 -0.04799146
v -0.02203069 0.00101149 -0.04799146
v -0.02589354 0.00104567 -0.04799146
v -0.02166264 -0.00266478 -0.04799146
v -0.02570714 -0.00330297 -0.04799146
v -0.02062907 -0.00625804 -0.04799146
v -0.02476030 -0.00771898 -0.04799146
v -0.01910350 -0.01002220 -0.04799146
v -0.02295634 -0.01207103 -0.04799146
v -0.02290703 -0.01207396 -0.04435929
v -0.02025444 -0.01619066 -0.04799146
v -0.02024071 -0.01615551 -0.04451955
v -0.01671226 -0.01977806 -0.04467574
v -0.01665074 -0.01981420 -0.04143450
v -0.02016270 -0.01623607 -0.04110243
v -0.01236839 -0.02270580 -0.04173484
v -0.01226707 -0.02279467 -0.03885312
v -0.01650584 -0.01995580 -0.03837860
v -0.00743718 -0.02479320 -0.03922134
v -0.00734026 -0.02479174 -0.03671989
v -0.01209282 -0.02289867 -0.03628949
v -0.00722111 -0.02484203 -0.03473332
v -0.01184129 -0.02302758 -0.03405023
v -0.00706725 -0.02489086 -0.03291685
v -0.01154918 -0.02316381 -0.03207924
v -0.00689891 -0.02493041 -0.03130886
v -0.01124821 -0.02329564 -0.03038351
v -0.00670348 -0.02498802 -0.02970148
v -0.01090562 -0.02346263 -0.02871703
v -0.00648497 -0.02506420 -0.02816512
v -0.01052391 -0.02365160 -0.02709113
v -0.00622862 -0.02515941 -0.02658030
v -0.01009251 -0.02385179 -0.02547556
v -0.01362212 -0.02201830 -0.02382630
v -0.00973955 -0.02431615 -0.02400695
v -0.01316185 -0.02259545 -0.02230268
v -0.01622307 -0.02052904 -0.02021700
v -0.01686748 -0.02206469 -0.01963491
v -0.01374876 -0.02402660 -0.02193254
v -0.01433958 -0.02565551 -0.02154601
v -0.01753258 -0.02382054 -0.01899344
v -0.01488097 -0.02734252 -0.02116323
v -0.01814604 -0.02560814 -0.01838591
v -0.02085783 -0.02370775 -0.01522123
v -0.01876091 -0.02766234 -0.01779393
v -0.02153801 -0.02603051 -0.01434036
v -0.02367381 -0.02429711 -0.01049930
v -0.02211009 -0.02852074 -0.01345065
v -0.02419377 -0.02711791 -0.00918538
v -0.02259770 -0.03123070 -0.01263739
v -0.02460014 -0.03018334 -0.00800737
v -0.02547374 -0.02567797 -0.00447878
v -0.02296495 -0.03424779 -0.01194473
v -0.02487413 -0.03348607 -0.00710382
v -0.02317448 -0.03750560 -0.01144841
v -0.02500603 -0.03688890 -0.00651409
v -0.02580846 -0.03619603 -0.00120359
v -0.02554735 -0.03560570 0.00404107
v -0.02580089 -0.03251146 -0.00167912
v -0.02582176 -0.04010961 -0.00098888
v -0.02554869 -0.03978588 0.00398725
v -0.02443742 -0.03983422 0.00849559
v -0.02438225 -0.03582592 0.00863104
v -0.02555974 -0.04390892 0.00403087
v -0.02443455 -0.04392064 0.00857186
v -0.02252672 -0.04405736 0.01277244
v -0.02252153 -0.04018969 0.01276259
v -0.02559123 -0.04799926 0.00409339
v -0.02440349 -0.04799926 0.00872600
v -0.02247588 -0.04799926 0.01291569
v -0.02015520 -0.04799926 0.00761481
v -0.01857457 -0.04799926 0.01125794
v -0.01986479 -0.04799926 0.01667878
v -0.01990245 -0.04427367 0.01658135
v -0.01986766 -0.04063207 0.01661126
v -0.01656486 -0.04449193 0.01991262
v -0.01649065 -0.04108519 0.01996104
v -0.01632964 -0.03783422 0.02011426
v -0.01239818 -0.04146703 0.02272896
v -0.01224937 -0.03845824 0.02282323
v -0.01203294 -0.03574095 0.02294718
v -0.00754308 -0.03894066 0.02478236
v -0.00740813 -0.03632250 0.02480817
v -0.00724486 -0.03429613 0.02487523
v -0.00232848 -0.03676683 0.02578513
v -0.00230858 -0.03480590 0.02579333
v -0.00228447 -0.03293383 0.02579852
v 0.00283876 -0.03489769 0.02576334
v 0.00296919 -0.03684886 0.02572696
v 0.00817098 -0.03669408 0.02454465
v 0.00308418 -0.03931566 0.02573163
v 0.00840535 -0.03921703 0.02448942
v 0.01300655 -0.03635912 0.02237866
v 0.01332692 -0.03898558 0.02221079
v 0.01722359 -0.03596263 0.01930746
v 0.01756941 -0.03870629 0.01901003
v 0.02069368 -0.03543969 0.01556829
v 0.02099178 -0.03834447 0.01508664
v 0.02356020 -0.03784838 0.01069446
v 0.02124239 -0.04141576 0.01475246
v 0.02373421 -0.04113549 0.01027851
v 0.02527046 -0.04087523 0.00554657
v 0.02386678 -0.04453832 0.01002425
v 0.02536189 -0.04442455 0.00527599
v 0.02583760 -0.04074828 0.00073794
v 0.02588863 -0.04437767 0.00047442
v 0.02554109 -0.04436986 -0.00427816
v 0.02593709 -0.04799926 0.00020991
v 0.02552083 -0.04799926 -0.00456462
v 0.02425581 -0.04799926 -0.00912693
v 0.02203133 -0.04799926 -0.00417985
v 0.02090663 -0.04799926 -0.00793198
v 0.01903828 -0.04799926 -0.01157760
v 0.01776973 -0.04799926 -0.00673056
v 0.01605202 -0.04799926 -0.00990351
v 0.01472279 -0.04799926 -0.00532588
v 0.01308492 -0.04799926 -0.00811904
v 0.01020760 -0.04799926 -0.00630100
v 0.01184383 -0.04799926 -0.00359125
v 0.00756374 -0.04799926 -0.00449713
v 0.00928572 -0.04799926 -0.00170365
v 0.00506795 -0.04799926 -0.00270507
v 0.00328535 -0.04799926 -0.00555608
v 0.00095320 -0.04799926 -0.00386812
v -0.00097722 -0.04799926 -0.00676019
v -0.00307048 -0.04799926 -0.00507464
v -0.00531316 -0.04799926 -0.00795088
v -0.00324266 -0.04799926 -0.00972462
v -0.00577989 -0.04799926 -0.01281761
v -0.00816020 -0.04799926 -0.01091222
v -0.00826848 -0.04799926 -0.01596386
v -0.01114885 -0.04799926 -0.01375053
v -0.01054979 -0.04799926 -0.01912560
v -0.00664098 -0.04799926 -0.02104504
v -0.01405717 -0.04799926 -0.01656223
v -0.01272746 -0.04799926 -0.02257544
v -0.00803294 -0.04799926 -0.02464050
v -0.00808324 -0.04495970 -0.02458865
v -0.01281096 -0.04483910 -0.02249058
v -0.00806529 -0.04199877 -0.02457933
v -0.00302428 -0.04214525 -0.02569225
v -0.00297612 -0.03947679 -0.02569888
v 0.00210103 -0.03949535 -0.02580423
v -0.00289098 -0.03702220 -0.02569063
v 0.00211208 -0.03703929 -0.02577982
v 0.00699184 -0.03684105 -0.02489560
v 0.00211623 -0.03517015 -0.02579217
v 0.00690224 -0.03486156 -0.02493443
v 0.01138857 -0.03427172 -0.02324282
v 0.00676228 -0.03298900 -0.02498900
v 0.01113618 -0.03228002 -0.02334998
v 0.01510695 -0.03133226 -0.02102108
v 0.01087251 -0.03061058 -0.02345714
v 0.01470338 -0.02943871 -0.02128904
v 0.01056410 -0.02896801 -0.02360598
v 0.01428798 -0.02768383 -0.02156076
v 0.01022713 -0.02737181 -0.02377482
v 0.01380800 -0.02598558 -0.02188570
v 0.01756416 -0.02615062 -0.01899733
v 0.01698268 -0.02432445 -0.01953636
v 0.01328578 -0.02433373 -0.02221602
v 0.01632820 -0.02252758 -0.02011424
v 0.01889510 -0.02057347 -0.01771149
v 0.01963918 -0.02246752 -0.01684169
v 0.01566908 -0.02096117 -0.02062829
v 0.01815053 -0.01884398 -0.01851262
v 0.02015169 -0.01658177 -0.01631580
v 0.01626747 -0.02014086 -0.02228310
v 0.01877358 -0.01783226 -0.02036617
v 0.02082295 -0.01536937 -0.01841053
v 0.01950111 -0.01698314 -0.02232091
v 0.02153413 -0.01432006 -0.02053800
v 0.02313570 -0.01156127 -0.01868890
v 0.02246712 -0.01286156 -0.01640359
v 0.02222542 -0.01320922 -0.02282373
v 0.02379543 -0.01009935 -0.02126548
v 0.02428169 -0.00892943 -0.01680927
v 0.02484834 -0.00719457 -0.01973128
v 0.02435713 -0.00872582 -0.02413435
v 0.02555611 -0.00422240 -0.01770984
v 0.02286513 -0.01213549 -0.02529803
v 0.02081728 -0.01534447 -0.02659797
v 0.02141151 -0.01456127 -0.02897903
v 0.02340468 -0.01108275 -0.02792397
v 0.02017220 -0.01613939 -0.02433127
v 0.01757997 -0.01892211 -0.02589048
v 0.01819637 -0.01838304 -0.02787786
v 0.01696541 -0.01950511 -0.02410004
v 0.01392036 -0.02182787 -0.02573420
v 0.01449806 -0.02143236 -0.02741597
v 0.01329347 -0.02222240 -0.02406027
v 0.00990633 -0.02393578 -0.02555731
v 0.01040828 -0.02370629 -0.02714343
v 0.01277229 -0.02284886 -0.02253219
v 0.00948171 -0.02441771 -0.02412070
v 0.00587196 -0.02552611 -0.02524272
v 0.00612233 -0.02518383 -0.02659175
v 0.00986488 -0.02582592 -0.02394398
v 0.00605977 -0.02683812 -0.02519271
v 0.00200276 -0.02734203 -0.02580651
v 0.00195961 -0.02608763 -0.02581517
v 0.00627309 -0.02833226 -0.02511629
v 0.00203987 -0.02881615 -0.02580282
v -0.00233171 -0.02881078 -0.02577124
v -0.00221269 -0.02734886 -0.02578550
v 0.00646101 -0.02986351 -0.02506409
v 0.00207069 -0.03029857 -0.02579053
v -0.00245634 -0.03029222 -0.02575018
v -0.00691734 -0.02980443 -0.02494590
v -0.00663042 -0.02828685 -0.02502575
v 0.00207942 -0.03184691 -0.02579090
v -0.00259007 -0.03184594 -0.02572570
v -0.00718559 -0.03139476 -0.02486218
v -0.01150212 -0.03044261 -0.02318177
v -0.01110637 -0.02879467 -0.02337678
v -0.00269054 -0.03333763 -0.02572677
v -0.00740935 -0.03293187 -0.02480585
v -0.01184312 -0.03210814 -0.02301608
v -0.01586229 -0.03107445 -0.02047250
v -0.01539177 -0.02913158 -0.02081094
v -0.00763634 -0.03478734 -0.02472684
v -0.01220329 -0.03413011 -0.02282864
v -0.01629600 -0.03322094 -0.02011218
v -0.01977721 -0.03224144 -0.01668029
v -0.01930803 -0.02987767 -0.01722729
v -0.01248302 -0.03628197 -0.02266883
v -0.01665190 -0.03571996 -0.01981170
v -0.02018083 -0.03503734 -0.01620111
v -0.01690007 -0.03851097 -0.01960357
v -0.02041954 -0.03805590 -0.01583220
v -0.01703178 -0.04151488 -0.01945152
v -0.02056853 -0.04126097 -0.01562437
v -0.02332616 -0.04091429 -0.01115278
v -0.02510362 -0.04051781 -0.00619160
v -0.02337987 -0.04444066 -0.01109605
v -0.02515746 -0.04427172 -0.00610710
v -0.02586723 -0.04405248 -0.00092144
v -0.02516270 -0.04799926 -0.00618570
v -0.02589732 -0.04799926 -0.00095889
v -0.02163103 -0.04799926 -0.00077423
v -0.02126201 -0.04799926 0.00359217
v -0.01756786 -0.04799926 -0.00067464
v -0.01714507 -0.04799926 0.00306313
v -0.01607762 -0.04799926 0.00656722
v -0.01463560 -0.04799926 0.00986094
v -0.01308195 -0.04799926 0.00243980
v -0.01208647 -0.04799926 0.00559450
v -0.01073650 -0.04799926 0.00870320
v -0.00925444 -0.04799926 0.01171097
v -0.01307921 -0.04799926 0.01288248
v -0.00827885 -0.04799926 0.00454201
v -0.00702544 -0.04799926 0.00763030
v -0.00556767 -0.04799926 0.01079605
v -0.00411577 -0.04799926 0.01414510
v -0.00372478 -0.04799926 0.00653034
v -0.00209764 -0.04799926 0.00983773
v -0.00035704 -0.04799926 0.01343535
v 0.00125227 -0.04799926 0.01735593
v -0.00296928 -0.04799926 0.01782670
v 0.00112227 -0.04799926 0.00862870
v 0.00318184 -0.04799926 0.01228051
v 0.00524519 -0.04799926 0.01618249
v 0.00707430 -0.04799926 0.02011755
v 0.00243819 -0.04799926 0.02137105
v 0.00644099 -0.04799926 0.01068012
v 0.00893373 -0.04799926 0.01433710
v 0.01134102 -0.04799926 0.01802083
v 0.01375459 -0.04799926 0.02197813
v 0.00874117 -0.04799926 0.02440491
v 0.01218782 -0.04799926 0.01192461
v 0.01507887 -0.04799926 0.01520659
v 0.01808070 -0.04799926 0.01859692
v 0.01799355 -0.04477806 0.01865097
v 0.02154579 -0.04799926 0.01446181
v 0.02141548 -0.04468920 0.01455968
v 0.02400728 -0.04799926 0.00983909
v 0.01811665 -0.04799926 0.01176879
v 0.02035664 -0.04799926 0.00797446
v 0.02545149 -0.04799926 0.00504947
v 0.02178127 -0.04799926 0.00394883
v 0.02237386 -0.04799926 -0.00019949
v 0.01855855 -0.04799926 0.00271358
v 0.01704518 -0.04799926 0.00599058
v 0.01491206 -0.04799926 0.00909874
v 0.01184273 -0.04799926 0.00625254
v 0.01391682 -0.04799926 0.00365957
v 0.00907881 -0.04799926 0.00323689
v 0.01130403 -0.04799926 0.00106092
v 0.00687868 -0.04799926 0.00022544
v 0.00670540 -0.04799926 0.00530813
v 0.00448897 -0.04799926 0.00208702
v 0.00197810 -0.04799926 0.00376594
v 0.00024843 -0.04799926 0.00064178
v 0.00266396 -0.04799926 -0.00097537
v -0.00229149 -0.04799926 0.00209991
v -0.00356902 -0.04799926 -0.00081309
v -0.00130760 -0.04799926 -0.00226303
v -0.00604277 -0.04799926 0.00047606
v -0.00493474 -0.04799926 -0.00354382
v -0.00699480 -0.04799926 -0.00618806
v -0.01020647 -0.04799926 -0.00882423
v -0.01359886 -0.04799926 -0.01116082
v -0.01563249 -0.04799926 -0.00812210
v -0.01701030 -0.04799926 -0.01340383
v -0.01938750 -0.04799926 -0.00961550
v -0.02057304 -0.04799926 -0.01575338
v -0.01695744 -0.04799926 -0.01959610
v -0.02336101 -0.04799926 -0.01120788
v -0.02063017 -0.04458373 -0.01562924
v -0.01705687 -0.04471117 -0.01948907
v -0.01279564 -0.04175756 -0.02246200
v -0.02098332 -0.04799926 -0.00530923
v -0.01707481 -0.04799926 -0.00450626
v -0.00507951 -0.04799926 0.00339438
v -0.00910417 -0.04799926 0.00158236
v -0.00074113 -0.04799926 0.00525069
v 0.00405940 -0.04799926 0.00712601
v 0.00935158 -0.04799926 0.00864121
v 0.01780910 -0.04162084 0.01875179
v 0.01353993 -0.04179369 0.02204906
v 0.01369283 -0.04484886 0.02199692
v 0.00857448 -0.04195922 0.02442666
v 0.00869289 -0.04492992 0.02440024
v 0.00322914 -0.04496801 0.02570786
v 0.00325472 -0.04799926 0.02572415
v -0.00232213 -0.04799926 0.02584035
v -0.00236858 -0.04799926 0.02168310
v -0.00768620 -0.04799926 0.02478162
v -0.00705809 -0.04799926 0.02104591
v -0.00766710 -0.04483031 0.02473756
v -0.01252245 -0.04799926 0.02271540
v -0.00233208 -0.04492943 0.02580588
v -0.01248039 -0.04468187 0.02269259
v -0.01657451 -0.04799926 0.01996025
v -0.00761839 -0.04176830 0.02474737
v -0.00233311 -0.04197191 0.02578365
v -0.00233763 -0.03922875 0.02579381
v 0.00317049 -0.04203246 0.02569996
v -0.01428984 -0.04799926 0.01729970
v -0.01663567 -0.04799926 0.01455088
v -0.01270134 -0.03893187 -0.02256084
v -0.00783018 -0.03676439 -0.02464634
v -0.00798375 -0.03928099 -0.02462205
v -0.00279210 -0.03514379 -0.02571873
v 0.00209987 -0.03339281 -0.02579743
v 0.00662270 -0.03144701 -0.02501905
v -0.01066246 -0.02720873 -0.02358952
v -0.01020634 -0.02568773 -0.02379846
v -0.00633092 -0.02682445 -0.02512519
v -0.00604503 -0.02549584 -0.02521059
v -0.00208012 -0.02608617 -0.02580745
v -0.00210991 -0.02581029 -0.02713439
v 0.00207802 -0.02580834 -0.02713656
v -0.00216673 -0.02579857 -0.02868175
v 0.00222377 -0.02578929 -0.02867868
v 0.00647493 -0.02507054 -0.02815485
v 0.00235817 -0.02576732 -0.03016192
v 0.00679005 -0.02496898 -0.02965623
v 0.01086604 -0.02348851 -0.02869310
v 0.00707320 -0.02488646 -0.03125118
v 0.01129158 -0.02330101 -0.03030543
v 0.01504988 -0.02105834 -0.02917925
v 0.01171645 -0.02310131 -0.03204528
v 0.01557094 -0.02069066 -0.03110451
v 0.01880000 -0.01777172 -0.03004801
v 0.01606477 -0.02029418 -0.03321390
v 0.01932259 -0.01719359 -0.03233149
v 0.02191035 -0.01376683 -0.03150660
v 0.01983723 -0.01662230 -0.03508342
v 0.02237422 -0.01301732 -0.03440139
v 0.02383162 -0.01009545 -0.03070279
v 0.02418526 -0.00920092 -0.03374218
v 0.02533760 -0.00520824 -0.03319810
v 0.02446919 -0.00833812 -0.03710201
v 0.02549837 -0.00428539 -0.03674223
v 0.02587471 -0.00049047 -0.03326725
v 0.02587141 -0.00115746 -0.02990651
v 0.02586958 0.00011110 -0.03688974
v 0.02541341 0.00483864 -0.03407358
v 0.02538338 0.00498561 -0.03091600
v 0.02386104 0.01002906 -0.03172099
v 0.02359029 0.01067408 -0.02874801
v 0.02529012 0.00540455 -0.02759224
v 0.02488606 0.00711647 -0.02453839
v 0.02313411 0.01162623 -0.02606826
v 0.02435445 0.00872584 -0.02165132
v 0.02544514 0.00463795 -0.01966156
v 0.02260762 0.01261744 -0.02360735
v 0.02120833 0.01484645 -0.02994472
v 0.02071504 0.01552418 -0.02752893
v 0.02158363 0.01431276 -0.03253337
v 0.01859816 0.01802028 -0.03331489
v 0.01819264 0.01843824 -0.03099305
v 0.01893117 0.01767164 -0.03586793
v 0.01533424 0.02087526 -0.03636105
v 0.01499214 0.02111549 -0.03406907
v 0.01561360 0.02066188 -0.03898052
v 0.01140822 0.02323317 -0.03927568
v 0.01113051 0.02335914 -0.03676915
v 0.01160603 0.02312135 -0.04201658
v 0.00689394 0.02496656 -0.04211991
v 0.00673134 0.02501051 -0.03945972
v 0.00701784 0.02494215 -0.04500393
v 0.00202077 0.02581324 -0.04501087
v 0.00192677 0.02580494 -0.04213396
v 0.00210359 0.02584303 -0.04799146
v -0.00289848 0.02576930 -0.04799146
v -0.00298552 0.02573561 -0.04497504
v 0.00180177 0.02192360 -0.04799146
v -0.00248686 0.02184449 -0.04799146
v -0.00654973 0.02112672 -0.04799146
v -0.00768846 0.02477272 -0.04799146
v -0.01035295 0.01979615 -0.04799146
v -0.01208476 0.02295143 -0.04799146
v -0.01386485 0.01782936 -0.04799146
v -0.01601787 0.02038453 -0.04799146
v -0.01685698 0.01512477 -0.04799146
v -0.00893864 0.01657301 -0.04799146
v -0.00574101 0.01746949 -0.04799146
v -0.00519456 0.01387770 -0.04799146
v -0.00804668 0.01309547 -0.04799146
v -0.00493785 0.01039332 -0.04799146
v -0.00758055 0.00985817 -0.04799146
v -0.00488042 0.00727906 -0.04799146
v -0.00754210 0.00703981 -0.04799146
v -0.01039372 0.00690406 -0.04799146
v -0.00753734 0.00432203 -0.04799146
v -0.01054619 0.00438746 -0.04799146
v -0.01370683 0.00709449 -0.04799146
v -0.01411613 0.00450905 -0.04799146
v -0.01731114 0.00768971 -0.04799146
v -0.01798796 0.00462916 -0.04799146
v -0.01401561 0.00177516 -0.04799146
v -0.01801878 0.00139528 -0.04799146
v -0.01762840 -0.00170238 -0.04799146
v -0.01345854 -0.00076390 -0.04799146
v -0.01041527 0.00185426 -0.04799146
v -0.01003398 -0.00059349 -0.04799146
v -0.00746934 -0.00099047 -0.04799146
v -0.00751482 0.00164088 -0.04799146
v -0.00494920 0.00140553 -0.04799146
v -0.00489799 0.00430641 -0.04799146
v -0.00239189 0.00432985 -0.04799146
v -0.00225694 0.00748512 -0.04799146
v 0.00034810 0.00751735 -0.04799146
v 0.00005855 0.00431422 -0.04799146
v -0.00214336 0.01081373 -0.04799146
v 0.00071175 0.01088502 -0.04799146
v 0.00356612 0.01050416 -0.04799146
v 0.00295058 0.00732887 -0.04799146
v -0.00212968 0.01433375 -0.04799146
v 0.00106660 0.01436207 -0.04799146
v 0.00429463 0.01388307 -0.04799146
v 0.00746108 0.01284596 -0.04799146
v 0.00144197 0.01807692 -0.04799146
v 0.00514546 0.01744899 -0.04799146
v 0.00873836 0.01619801 -0.04799146
v 0.01204396 0.01430250 -0.04799146
v 0.01019917 0.01974244 -0.04799146
v 0.01398268 0.01744655 -0.04799146
v 0.01718172 0.01458375 -0.04799146
v 0.01602046 0.02038453 -0.04799146
v 0.01951784 0.01705592 -0.04799146
v 0.02224330 0.01329908 -0.04799146
v 0.01946584 0.01708033 -0.04478429
v 0.02221675 0.01331422 -0.04470242
v 0.02413484 0.00938600 -0.04459394
v 0.02412312 0.00950758 -0.04799146
v 0.02215150 0.01339332 -0.04147490
v 0.02413094 0.00932936 -0.04122895
v 0.02537495 0.00513942 -0.04091781
v 0.02533785 0.00547340 -0.04443398
v 0.02203377 0.01357985 -0.03831675
v 0.02408638 0.00939869 -0.03788826
v 0.02185506 0.01389576 -0.03529956
v 0.02401985 0.00964332 -0.03475086
v 0.02538667 0.00487037 -0.03738892
v 0.01936556 0.01717457 -0.04165324
v 0.01919106 0.01738356 -0.03865067
v 0.02586531 0.00134596 -0.04430170
v 0.02584529 0.00207057 -0.04799146
v 0.02524312 0.00588258 -0.04799146
v 0.02585664 0.00068385 -0.04059852
v 0.02562752 -0.00348412 -0.04046182
v 0.02574422 -0.00279613 -0.04424397
v 0.02496065 -0.00690941 -0.04428312
v 0.02514131 -0.00628734 -0.04799146
v 0.02584517 -0.00207250 -0.04799146
v 0.02472945 -0.00757250 -0.04062176
v 0.02308870 -0.01160131 -0.04091893
v 0.02339516 -0.01106664 -0.04442074
v 0.02277376 -0.01226049 -0.03755905
v 0.02025551 -0.01606615 -0.03803040
v 0.02062642 -0.01555785 -0.04119519
v 0.01735628 -0.01915551 -0.04144183
v 0.01770192 -0.01891478 -0.04467497
v 0.02098402 -0.01515697 -0.04456533
v 0.01698763 -0.01953685 -0.03843206
v 0.01295107 -0.02242748 -0.03884117
v 0.01327712 -0.02218773 -0.04169242
v 0.01655794 -0.01990209 -0.03568344
v 0.01256429 -0.02264525 -0.03620741
v 0.00794588 -0.02460424 -0.03665801
v 0.00823714 -0.02454857 -0.03918219
v 0.01216042 -0.02288109 -0.03405188
v 0.00766316 -0.02470775 -0.03468325
v 0.00277730 -0.02572289 -0.03504161
v 0.00292439 -0.02569896 -0.03695102
v 0.00735188 -0.02481420 -0.03280784
v 0.00262935 -0.02573851 -0.03330155
v -0.00226390 -0.02578344 -0.03332487
v -0.00227086 -0.02578685 -0.03506212
v 0.00249129 -0.02574486 -0.03171232
v -0.00224419 -0.02576927 -0.03172539
v -0.00221202 -0.02578051 -0.03017075
v -0.00226183 -0.02577953 -0.03698056
v -0.00223302 -0.02579857 -0.03940870
v 0.00308711 -0.02571459 -0.03938725
v -0.00216893 -0.02578978 -0.04208824
v 0.00325520 -0.02568578 -0.04208288
v 0.00850111 -0.02445043 -0.04193659
v 0.00340999 -0.02567699 -0.04498155
v 0.00872273 -0.02437670 -0.04491141
v 0.01356996 -0.02204369 -0.04479248
v 0.00889491 -0.02434056 -0.04799146
v 0.01380483 -0.02193920 -0.04799146
v 0.01796504 -0.01869261 -0.04799146
v 0.01178938 -0.01787816 -0.04799146
v 0.01558559 -0.01523119 -0.04799146
v 0.02128804 -0.01480052 -0.04799146
v 0.01853145 -0.01193773 -0.04799146
v 0.02366377 -0.01057982 -0.04799146
v 0.02076131 -0.00826097 -0.04799146
v 0.02228847 -0.00462914 -0.04799146
v 0.01817256 -0.00568871 -0.04799146
v 0.01987544 -0.00257592 -0.04799146
v 0.02336763 -0.00103978 -0.04799146
v 0.01599324 -0.00285765 -0.04799146
v 0.01773726 -0.00022435 -0.04799146
v 0.01407289 -0.00015062 -0.04799146
v 0.01578584 0.00220240 -0.04799146
v 0.01752632 0.00453981 -0.04799146
v 0.01376973 0.00464821 -0.04799146
v 0.01544441 0.00701735 -0.04799146
v 0.01944063 0.00676979 -0.04799146
v 0.01741591 0.00938307 -0.04799146
v 0.02169429 0.00843239 -0.04799146
v 0.01972816 0.01153297 -0.04799146
v 0.01310152 0.00938112 -0.04799146
v 0.01497542 0.01204323 -0.04799146
v 0.01152327 0.00685914 -0.04799146
v 0.00901167 0.00854664 -0.04799146
v 0.01039290 0.01131129 -0.04799146
v 0.00786281 0.00600953 -0.04799146
v 0.00544954 0.00686989 -0.04799146
v 0.00634212 0.00977028 -0.04799146
v 0.00481856 0.00403395 -0.04799146
v 0.00247475 0.00420778 -0.04799146
v 0.00441121 0.00106666 -0.04799146
v 0.00216219 0.00104176 -0.04799146
v -0.00016173 0.00108326 -0.04799146
v 0.00205879 -0.00265258 -0.04799146
v -0.00031609 -0.00253099 -0.04799146
v -0.00271111 -0.00219261 -0.04799146
v -0.00253435 0.00119508 -0.04799146
v -0.00507463 -0.00163988 -0.04799146
v -0.00302513 -0.00602562 -0.04799146
v -0.00544511 -0.00514086 -0.04799146
v -0.00769109 -0.00400902 -0.04799146
v -0.00632463 -0.00960326 -0.04799146
v -0.00860149 -0.00808910 -0.04799146
v -0.01092448 -0.01251879 -0.04799146
v -0.01338225 -0.01024633 -0.04799146
v -0.00796977 -0.01430883 -0.04799146
v -0.01374492 -0.01630248 -0.04799146
v -0.01679527 -0.01339965 -0.04799146
v -0.01000865 -0.01880492 -0.04799146
v -0.01237090 -0.02279662 -0.04799146
v -0.01669225 -0.01984447 -0.04799146
v -0.00739952 -0.02486058 -0.04799146
v -0.00745842 -0.02480883 -0.04492510
v -0.01240904 -0.02271849 -0.04481289
v -0.00208244 -0.02580736 -0.04498559
v -0.00747325 -0.02478490 -0.04197540
v -0.00198076 -0.02584740 -0.04799146
v 0.00353889 -0.02567308 -0.04799146
v -0.00149406 -0.02104271 -0.04799146
v 0.00308772 -0.02084935 -0.04799146
v 0.00758467 -0.01980931 -0.04799146
v 0.00270808 -0.01613939 -0.04799146
v 0.00647481 -0.01537865 -0.04799146
v 0.01007478 -0.01387377 -0.04799146
v 0.00554677 -0.01091674 -0.04799146
v 0.00861171 -0.00982933 -0.04799146
v 0.01337819 -0.01172875 -0.04799146
v 0.01147682 -0.00799779 -0.04799146
v 0.01605421 -0.00880004 -0.04799146
v 0.01395607 -0.00555101 -0.04799146
v 0.00996858 -0.00452465 -0.04799146
v 0.01220650 -0.00245873 -0.04799146
v 0.01217262 0.00235621 -0.04799146
v 0.01012849 0.00457106 -0.04799146
v 0.00746993 -0.00587523 -0.04799146
v 0.00671462 -0.00222484 -0.04799146
v 0.00481624 -0.00661351 -0.04799146
v 0.00442940 -0.00259935 -0.04799146
v 0.00215175 -0.00679906 -0.04799146
v -0.00046202 -0.00660179 -0.04799146
v 0.00239449 -0.01141039 -0.04799146
v -0.00070830 -0.01137523 -0.04799146
v -0.00365031 -0.01072582 -0.04799146
v -0.00104973 -0.01624828 -0.04799146
v -0.00467949 -0.01549437 -0.04799146
v -0.00594853 -0.02032250 -0.04799146
v 0.01595155 0.02039674 -0.04488428
v 0.01582430 0.02048414 -0.04185728
v 0.01182973 0.02307350 -0.04799146
v 0.01173415 0.02306520 -0.04495375
v 0.00611690 0.02120680 -0.04799146
v 0.00710378 0.02493678 -0.04799146
v -0.00223686 0.01799000 -0.04799146
v -0.00707567 -0.03242162 0.02492662
v -0.00688939 -0.03073314 0.02497222
v -0.01144804 -0.03149730 0.02321033
v -0.01175816 -0.03348607 0.02307633
v -0.01112132 -0.02968871 0.02336165
v -0.01529875 -0.03023168 0.02090308
v -0.01570714 -0.03245482 0.02059735
v -0.01907945 -0.03130052 0.01750766
v -0.01945738 -0.03404125 0.01709272
v -0.01606425 -0.03499974 0.02032401
v -0.02223253 -0.03299681 0.01330390
v -0.02243510 -0.03647094 0.01294727
v -0.01972771 -0.03713890 0.01678211
v -0.02183702 -0.02999681 0.01385986
v -0.02426689 -0.03189818 0.00900613
v -0.01858549 -0.02877758 0.01803212
v -0.01484227 -0.02820726 0.02120170
v -0.01076659 -0.02792211 0.02353860
v 0.02485811 0.01980153 0.00718444
v -0.01010979 0.03278395 0.02385527
v -0.00560142 0.03190846 0.02527115
v -0.00107652 0.03073512 0.02585899
v 0.00326137 0.02921852 0.02570405
v 0.00719630 0.02721461 0.02488585
v 0.01050789 0.02456080 0.02368171
v 0.01379158 0.02193824 0.02279730
v 0.01729500 0.01925612 0.02236503
v 0.01666658 0.01985377 0.02082107
v 0.02031941 0.01596266 0.02196570
v 0.01976210 0.01670338 0.02022720
v 0.02089058 0.01519410 0.02386557
v 0.02289272 0.01206227 0.02196280
v 0.02233864 0.01306910 0.01980976
v 0.02339839 0.01111500 0.02439915
v 0.02474654 0.00762184 0.02276375
v 0.02433614 0.00880348 0.02000854
v 0.02554573 0.00419850 0.02116473
v 0.02573689 0.00270680 0.02436144
v -0.02449870 0.00826637 0.03067045
f 1 2 3
f 1 4 2
f 1 3 5
f 1 5 6
f 1 6 7
f 8 9 10
f 8 11 12
f 8 13 11
f 14 15 16
f 14 17 18
f 14 19 20
f 14 16 19
f 21 22 23
f 21 24 22
f 21 25 24
f 21 23 26
f 21 26 25
f 27 28 29
f 27 30 28
f 27 31 30
f 27 32 31
f 27 33 32
f 34 35 36
f 34 36 37
f 34 38 39
f 34 39 40
f 34 41 38
f 42 43 44
f 42 44 45
f 42 46 47
f 42 47 48
f 49 50 51
f 49 51 52
f 49 53 54
f 55 56 57
f 55 58 59
f 55 60 58
f 61 62 63
f 61 64 65
f 61 65 66
f 67 68 69
f 67 69 70
f 67 71 72
f 73 74 75
f 73 76 77
f 73 78 79
f 80 81 82
f 80 83 81
f 80 82 84
f 80 85 86
f 87 88 89
f 87 90 91
f 87 91 92
f 93 94 95
f 93 95 96
f 93 96 97
f 98 99 100
f 98 100 101
f 98 102 103
f 104 105 106
f 104 107 108
f 104 109 110
f 111 112 113
f 111 114 115
f 111 113 116
f 117 118 119
f 117 120 121
f 117 121 122
f 123 124 125
f 123 126 127
f 123 128 126
f 129 130 131
f 129 132 133
f 129 134 135
f 136 137 138
f 136 139 137
f 136 140 141
f 142 143 144
f 142 145 146
f 142 146 147
f 148 149 150
f 148 151 152
f 148 153 151
f 154 153 155
f 154 156 157
f 154 157 158
f 158 157 159
f 158 159 160
f 158 161 151
f 161 162 152
f 161 160 163
f 163 164 162
f 163 160 165
f 163 165 166
f 166 167 168
f 166 165 169
f 166 169 167
f 170 171 172
f 170 169 173
f 170 174 171
f 175 176 177
f 175 174 178
f 175 179 176
f 180 181 182
f 180 179 183
f 180 184 181
f 185 186 187
f 185 184 188
f 185 189 186
f 190 191 192
f 190 189 193
f 190 194 191
f 195 196 197
f 195 194 198
f 195 199 196
f 200 201 202
f 200 199 203
f 200 204 201
f 205 206 207
f 205 204 208
f 205 209 206
f 210 211 212
f 210 209 213
f 210 214 211
f 215 216 217
f 215 214 218
f 215 219 216
f 220 221 222
f 220 219 223
f 220 224 221
f 225 226 227
f 225 224 228
f 225 229 226
f 230 231 232
f 230 229 233
f 230 234 231
f 234 233 235
f 234 236 43
f 236 235 237
f 236 238 239
f 240 241 239
f 240 238 242
f 240 243 244
f 244 245 246
f 244 243 247
f 244 247 245
f 248 249 250
f 248 247 251
f 248 252 249
f 253 254 255
f 253 252 256
f 253 257 254
f 258 259 260
f 258 257 261
f 258 262 259
f 263 264 265
f 263 262 266
f 263 267 264
f 268 269 270
f 268 267 271
f 268 272 269
f 273 274 269
f 273 272 275
f 273 276 274
f 277 88 92
f 277 276 278
f 277 279 88
f 279 280 89
f 279 278 281
f 281 282 280
f 281 278 283
f 281 283 284
f 284 285 282
f 284 283 286
f 284 286 287
f 287 288 285
f 287 286 289
f 287 290 291
f 291 292 293
f 291 294 288
f 291 290 292
f 295 296 297
f 295 290 298
f 295 298 296
f 297 299 300
f 297 301 292
f 297 296 299
f 302 119 303
f 302 303 304
f 302 296 120
f 304 303 305
f 304 305 306
f 304 307 299
f 307 306 308
f 307 309 300
f 310 309 311
f 310 312 313
f 310 313 301
f 313 314 315
f 313 315 293
f 315 316 317
f 315 317 294
f 317 318 319
f 317 319 320
f 319 321 322
f 319 323 320
f 324 323 325
f 324 326 327
f 324 327 288
f 328 326 329
f 328 330 331
f 328 332 285
f 331 330 333
f 331 333 334
f 331 335 332
f 334 333 336
f 334 336 337
f 334 338 335
f 337 336 339
f 337 339 340
f 337 90 338
f 339 341 342
f 339 342 343
f 343 342 344
f 343 344 345
f 343 346 340
f 346 345 347
f 346 348 91
f 348 347 349
f 348 350 92
f 349 347 351
f 349 351 352
f 349 270 350
f 352 351 353
f 352 353 354
f 352 265 264
f 354 353 355
f 354 355 356
f 354 260 259
f 356 355 357
f 356 357 358
f 356 255 254
f 358 357 359
f 358 359 360
f 358 250 249
f 360 359 361
f 360 361 45
f 360 246 245
f 361 362 363
f 361 363 46
f 363 364 365
f 363 365 366
f 365 367 368
f 365 368 369
f 369 368 370
f 369 370 371
f 369 372 366
f 372 371 373
f 372 374 47
f 374 373 375
f 374 376 48
f 377 378 379
f 377 376 380
f 377 381 378
f 382 381 383
f 382 384 385
f 382 385 232
f 385 386 227
f 385 227 226
f 387 386 388
f 387 389 222
f 387 222 221
f 390 389 391
f 390 392 217
f 390 217 216
f 393 392 394
f 393 395 212
f 393 212 211
f 396 395 397
f 396 398 207
f 396 207 206
f 399 398 400
f 399 401 202
f 399 202 201
f 402 401 403
f 402 404 197
f 402 197 196
f 405 404 406
f 405 407 192
f 405 192 191
f 408 407 409
f 408 410 187
f 408 187 186
f 411 410 412
f 411 413 182
f 411 182 181
f 414 413 415
f 414 416 177
f 414 177 176
f 417 416 418
f 417 419 172
f 417 172 171
f 420 419 421
f 420 422 168
f 420 168 167
f 423 422 424
f 423 425 426
f 423 426 164
f 427 425 428
f 427 429 430
f 427 430 162
f 431 429 432
f 431 433 149
f 431 149 152
f 433 432 434
f 433 435 150
f 436 435 437
f 436 438 155
f 436 155 153
f 439 438 440
f 439 441 442
f 439 442 156
f 442 443 444
f 442 444 445
f 444 446 447
f 444 448 445
f 449 448 450
f 449 451 452
f 449 452 445
f 453 451 454
f 453 455 456
f 453 456 452
f 456 457 458
f 456 459 159
f 458 460 459
f 458 457 461
f 458 461 462
f 462 173 460
f 462 461 463
f 462 463 173
f 464 178 174
f 464 463 465
f 464 466 178
f 467 183 179
f 467 466 468
f 467 468 183
f 469 188 184
f 469 468 470
f 469 470 188
f 471 193 189
f 471 470 472
f 471 473 193
f 474 198 194
f 474 473 475
f 474 476 198
f 477 203 199
f 477 476 478
f 477 479 203
f 480 208 204
f 480 479 481
f 480 482 208
f 483 213 209
f 483 482 484
f 483 485 213
f 486 218 214
f 486 485 487
f 486 488 218
f 489 223 219
f 489 488 490
f 489 491 223
f 492 228 224
f 492 491 493
f 492 494 228
f 495 233 229
f 495 494 496
f 495 497 233
f 497 496 498
f 497 499 235
f 499 498 500
f 499 501 237
f 502 242 238
f 502 501 503
f 502 504 242
f 505 506 242
f 505 504 507
f 505 507 508
f 508 251 506
f 508 507 509
f 508 509 510
f 510 256 252
f 510 509 511
f 510 511 256
f 512 261 257
f 512 511 513
f 512 513 261
f 514 266 262
f 514 513 515
f 514 516 266
f 517 271 267
f 517 516 518
f 517 519 271
f 520 275 272
f 520 519 521
f 520 522 275
f 522 521 523
f 522 524 525
f 523 289 524
f 523 521 121
f 523 121 289
f 521 519 122
f 518 516 526
f 518 526 118
f 526 515 527
f 526 528 118
f 527 515 529
f 527 529 530
f 527 531 528
f 530 529 532
f 530 532 533
f 530 534 531
f 534 533 535
f 534 536 305
f 536 535 537
f 536 538 306
f 538 537 539
f 538 540 308
f 541 540 57
f 541 56 311
f 541 311 309
f 540 539 57
f 542 539 543
f 542 544 545
f 542 545 60
f 545 546 547
f 545 547 548
f 547 549 550
f 547 550 551
f 551 550 552
f 551 552 553
f 551 554 548
f 554 553 555
f 554 556 58
f 556 555 314
f 556 312 59
f 555 553 557
f 555 557 316
f 557 558 559
f 557 559 318
f 559 560 561
f 559 561 321
f 561 562 563
f 561 563 322
f 563 564 565
f 563 565 322
f 566 565 75
f 566 74 325
f 566 325 323
f 565 567 568
f 568 567 569
f 568 570 571
f 568 572 75
f 572 571 573
f 572 574 78
f 574 573 575
f 574 576 79
f 577 576 578
f 577 579 580
f 577 580 76
f 580 581 330
f 580 329 76
f 579 578 582
f 579 583 581
f 582 578 584
f 582 584 585
f 582 341 583
f 584 586 587
f 584 587 588
f 588 587 589
f 588 589 590
f 588 591 585
f 590 589 592
f 590 592 593
f 590 594 591
f 594 593 595
f 594 596 344
f 596 595 597
f 596 598 345
f 597 595 599
f 597 599 600
f 597 601 598
f 600 599 602
f 600 602 603
f 600 604 601
f 603 602 605
f 603 605 606
f 603 607 604
f 606 605 608
f 606 608 609
f 606 610 607
f 609 608 611
f 609 611 364
f 609 362 610
f 611 612 613
f 611 613 367
f 613 614 615
f 613 615 616
f 615 617 618
f 615 618 619
f 619 618 620
f 619 620 621
f 619 622 616
f 621 620 623
f 621 623 624
f 621 625 622
f 625 624 626
f 625 627 370
f 627 626 628
f 627 629 371
f 629 628 630
f 629 631 373
f 631 630 632
f 631 633 375
f 634 380 376
f 634 633 635
f 634 636 380
f 637 383 381
f 637 636 638
f 637 639 383
f 640 641 384
f 640 639 642
f 640 643 641
f 644 643 645
f 644 646 647
f 644 647 388
f 647 648 391
f 647 391 389
f 649 648 650
f 649 651 394
f 649 394 392
f 652 651 653
f 652 653 397
f 652 397 395
f 654 653 655
f 654 655 400
f 654 400 398
f 656 655 657
f 656 658 403
f 656 403 401
f 659 658 660
f 659 661 406
f 659 406 404
f 662 661 663
f 662 664 409
f 662 409 407
f 665 664 666
f 665 667 412
f 665 412 410
f 668 667 669
f 668 670 415
f 668 415 413
f 671 670 672
f 671 673 418
f 671 418 416
f 674 673 675
f 674 676 421
f 674 421 419
f 677 676 678
f 677 679 424
f 677 424 422
f 680 679 125
f 680 681 428
f 680 428 425
f 682 681 683
f 682 684 432
f 682 432 429
f 684 683 685
f 684 686 434
f 687 686 688
f 687 689 437
f 687 437 435
f 690 689 691
f 690 692 440
f 690 440 438
f 693 692 694
f 693 694 695
f 693 696 441
f 696 695 697
f 696 698 443
f 698 697 699
f 698 700 446
f 700 699 701
f 700 702 446
f 702 701 703
f 702 704 447
f 705 704 706
f 705 707 450
f 705 450 448
f 708 707 709
f 708 710 454
f 708 454 451
f 711 710 712
f 711 713 714
f 711 714 455
f 713 712 715
f 713 716 717
f 716 715 718
f 716 719 717
f 720 719 721
f 720 722 723
f 720 723 717
f 723 724 725
f 723 725 22
f 725 726 727
f 725 727 728
f 728 729 730
f 728 727 731
f 728 731 732
f 732 733 729
f 732 731 734
f 732 734 735
f 735 736 733
f 735 734 737
f 735 737 738
f 738 739 736
f 738 737 740
f 738 740 741
f 741 742 739
f 741 740 743
f 741 743 744
f 744 745 742
f 744 743 746
f 744 746 745
f 747 748 749
f 747 746 750
f 747 751 748
f 752 753 754
f 752 751 755
f 752 756 753
f 757 758 759
f 757 756 760
f 757 761 758
f 762 763 764
f 762 761 765
f 762 766 763
f 767 768 769
f 767 766 770
f 767 771 768
f 772 773 774
f 772 771 775
f 772 776 773
f 777 778 779
f 777 776 780
f 777 781 778
f 782 783 500
f 782 781 784
f 782 785 783
f 786 787 503
f 786 785 544
f 786 543 787
f 788 789 787
f 788 543 537
f 788 537 535
f 789 790 791
f 789 535 533
f 787 791 504
f 785 784 546
f 784 781 792
f 784 792 549
f 792 780 793
f 792 793 794
f 793 795 796
f 793 796 797
f 797 796 798
f 797 798 799
f 797 800 794
f 799 798 801
f 799 801 802
f 799 803 800
f 803 802 560
f 803 558 552
f 802 801 804
f 802 804 562
f 804 805 806
f 804 806 564
f 806 807 569
f 806 569 567
f 808 807 809
f 808 810 811
f 808 811 570
f 811 812 813
f 811 814 570
f 814 813 815
f 814 816 571
f 816 815 817
f 816 818 573
f 818 817 819
f 818 820 575
f 819 817 821
f 819 821 822
f 819 823 820
f 822 821 824
f 822 824 825
f 822 826 823
f 825 824 827
f 825 827 828
f 825 829 826
f 829 828 830
f 829 831 592
f 831 830 832
f 831 833 593
f 832 830 834
f 832 834 835
f 832 836 833
f 835 834 837
f 835 837 838
f 835 839 836
f 838 837 840
f 838 840 841
f 838 842 839
f 841 840 843
f 841 843 614
f 841 612 842
f 843 844 845
f 843 845 617
f 845 846 847
f 845 847 848
f 847 849 850
f 847 850 851
f 851 850 852
f 851 852 853
f 851 854 848
f 853 852 855
f 853 855 856
f 853 857 854
f 856 855 858
f 856 858 859
f 856 860 857
f 860 859 861
f 860 862 623
f 862 861 863
f 862 864 624
f 864 863 865
f 864 866 626
f 866 865 867
f 866 868 628
f 868 867 869
f 868 870 630
f 870 869 871
f 870 872 632
f 873 635 633
f 873 872 874
f 873 875 635
f 876 638 636
f 876 875 877
f 876 877 638
f 878 642 639
f 878 877 879
f 878 879 642
f 880 645 643
f 880 879 881
f 880 881 882
f 882 883 646
f 882 881 20
f 882 20 19
f 884 881 885
f 884 886 887
f 884 887 888
f 887 889 890
f 887 890 891
f 891 17 888
f 891 890 892
f 891 892 893
f 893 894 17
f 893 892 895
f 893 895 896
f 896 897 894
f 896 895 898
f 896 898 899
f 899 900 897
f 899 898 901
f 899 901 902
f 902 903 900
f 902 901 904
f 902 904 905
f 905 906 903
f 905 904 907
f 905 907 908
f 908 909 906
f 908 907 910
f 908 910 911
f 911 912 909
f 911 910 913
f 911 913 914
f 914 915 912
f 914 913 697
f 914 697 695
f 916 917 918
f 916 918 919
f 916 915 920
f 920 921 917
f 920 915 694
f 920 694 922
f 923 924 925
f 923 925 926
f 923 921 927
f 927 928 924
f 927 921 929
f 927 929 930
f 930 931 928
f 930 929 932
f 930 932 933
f 933 934 931
f 933 932 935
f 933 935 936
f 936 937 934
f 936 935 127
f 936 127 126
f 938 939 940
f 938 937 941
f 938 942 939
f 943 944 939
f 943 942 945
f 943 946 944
f 947 948 944
f 947 946 949
f 947 950 948
f 951 952 953
f 951 950 954
f 951 955 952
f 956 957 958
f 956 955 959
f 956 960 957
f 961 962 963
f 961 960 964
f 961 965 962
f 966 967 968
f 966 965 969
f 966 970 967
f 971 972 967
f 971 970 973
f 971 974 975
f 975 974 15
f 975 15 18
f 975 976 972
f 977 978 979
f 977 976 980
f 977 980 981
f 981 982 978
f 981 980 983
f 981 983 984
f 984 985 982
f 984 983 986
f 984 986 987
f 987 988 985
f 987 986 989
f 987 989 990
f 990 112 988
f 990 989 991
f 990 991 992
f 991 993 919
f 991 919 918
f 989 994 993
f 995 996 997
f 995 998 985
f 995 988 115
f 998 997 999
f 998 1000 1001
f 1002 1000 1003
f 1002 1003 1004
f 1002 1004 1001
f 1005 1003 1006
f 1005 968 979
f 1005 979 978
f 1006 1007 1008
f 1006 963 962
f 1006 1003 1009
f 1008 1007 69
f 1008 69 1010
f 1008 958 957
f 1007 1009 70
f 1011 1012 70
f 1011 1009 1000
f 1011 999 1013
f 1013 1014 1012
f 1013 999 997
f 1013 1015 1016
f 1016 1015 1017
f 1016 1018 1019
f 1016 1019 1014
f 1020 1021 1022
f 1020 1019 1023
f 1020 1024 1021
f 1025 1026 1027
f 1025 1024 1028
f 1025 1029 1026
f 1029 1028 940
f 1029 940 939
f 1027 1030 68
f 1027 72 1021
f 1027 1026 1030
f 1030 1031 953
f 1030 953 1010
f 1026 1032 1031
f 1024 1023 1028
f 1019 1033 1023
f 1018 1017 114
f 1018 116 1033
f 1017 1015 996
f 1017 996 115
f 1022 72 71
f 986 1034 994
f 983 1035 1034
f 980 1036 1035
f 976 18 1036
f 974 973 1037
f 1037 973 1038
f 1037 1038 1039
f 1037 1039 16
f 1039 1040 1041
f 1039 1041 1042
f 1038 1043 657
f 1038 657 655
f 1044 1043 969
f 1044 1045 660
f 1044 660 658
f 1046 1045 964
f 1046 1047 663
f 1046 663 661
f 1048 1047 959
f 1048 1049 666
f 1048 666 664
f 1050 1049 954
f 1050 1051 669
f 1050 669 667
f 1052 1051 949
f 1052 1053 672
f 1052 672 670
f 1054 1053 945
f 1054 1055 675
f 1054 675 673
f 1056 1055 941
f 1056 1057 678
f 1056 678 676
f 1055 945 942
f 1053 949 946
f 1051 954 950
f 1049 959 955
f 1047 964 960
f 1045 969 965
f 1043 973 970
f 958 1010 952
f 941 937 1057
f 935 688 686
f 932 691 689
f 929 922 691
f 925 116 113
f 918 926 992
f 913 1058 699
f 1058 910 1059
f 1058 1060 701
f 1060 1059 1061
f 1060 1062 703
f 1063 1062 1064
f 1063 1065 706
f 1063 706 704
f 1066 1065 1067
f 1066 1068 709
f 1066 709 707
f 1069 1068 1070
f 1069 1071 712
f 1069 712 710
f 1071 1070 1072
f 1071 1073 715
f 1073 1072 1074
f 1073 1075 718
f 1076 1075 1077
f 1076 1078 721
f 1076 721 719
f 1079 1078 1080
f 1079 1081 1082
f 1079 1082 722
f 1082 1083 1084
f 1082 1084 724
f 1084 1085 1086
f 1084 1086 726
f 1086 1087 1088
f 1086 1088 1089
f 1088 1090 1091
f 1088 1091 1092
f 1092 1093 1089
f 1092 1091 1094
f 1092 1094 1095
f 1095 1096 1093
f 1095 1094 1097
f 1095 1097 1098
f 1098 1099 1096
f 1098 1097 1100
f 1098 1100 1101
f 1101 1102 1099
f 1101 1100 1103
f 1101 1103 1104
f 1104 1105 1102
f 1104 1103 1106
f 1104 1106 1107
f 1107 1108 1105
f 1107 1106 1109
f 1107 1109 1110
f 1110 750 746
f 1110 1109 1111
f 1110 1111 1112
f 1112 755 751
f 1112 1111 1113
f 1112 1113 755
f 1114 760 756
f 1114 1113 1115
f 1114 1116 760
f 1117 765 761
f 1117 1116 1118
f 1117 1119 765
f 1120 770 766
f 1120 1119 1121
f 1120 1122 770
f 1123 775 771
f 1123 1122 1124
f 1123 1125 775
f 1124 1122 1126
f 1124 1126 1127
f 1124 1128 1125
f 1127 1126 1129
f 1127 1129 1130
f 1127 1131 1128
f 1130 1129 809
f 1130 809 807
f 1130 805 1131
f 1132 1129 1133
f 1132 1134 1135
f 1132 1135 810
f 1135 1136 1137
f 1135 1137 812
f 1137 1138 1139
f 1137 1140 812
f 1140 1139 1141
f 1140 1142 813
f 1142 1141 1143
f 1142 1144 815
f 1143 1141 1145
f 1143 1145 1146
f 1143 1147 1144
f 1146 1145 1148
f 1146 1148 1149
f 1146 1150 1147
f 1149 1148 1151
f 1149 1151 1152
f 1149 1153 1150
f 1153 1152 1154
f 1153 1155 827
f 1155 1154 1156
f 1155 1157 828
f 1156 1154 1158
f 1156 1158 1159
f 1156 1160 1157
f 1159 1158 1161
f 1159 1161 1162
f 1159 1163 1160
f 1162 1161 1164
f 1162 1164 846
f 1162 844 1163
f 1164 1165 1166
f 1164 1166 849
f 1166 1167 1168
f 1166 1168 1169
f 1168 1170 1171
f 1168 1171 1172
f 1172 1171 1173
f 1172 1173 1174
f 1172 1175 1169
f 1174 1173 1176
f 1174 1176 1177
f 1174 1178 1175
f 1177 1176 1179
f 1177 1179 1180
f 1177 1181 1178
f 1180 1179 1182
f 1180 1182 1183
f 1180 1184 1181
f 1184 1183 1185
f 1184 1186 858
f 1186 1185 1187
f 1186 1187 859
f 1187 1188 1189
f 1187 1189 863
f 1189 4 1190
f 1189 1190 865
f 1190 7 1191
f 1190 1191 865
f 1191 1192 1193
f 1191 1194 867
f 1194 1193 1195
f 1194 1195 869
f 1195 1196 1197
f 1195 1198 871
f 1199 874 872
f 1199 1198 1200
f 1199 1201 874
f 1202 1203 874
f 1202 1201 1204
f 1202 1204 1205
f 1205 1206 1203
f 1205 1204 1207
f 1205 1207 1208
f 1208 885 1206
f 1208 1207 1209
f 1208 1209 886
f 1209 1210 1211
f 1209 1211 889
f 1211 1212 1213
f 1211 1213 1214
f 1213 1215 1216
f 1213 1216 1217
f 1217 1218 1214
f 1217 1216 1219
f 1217 1219 1220
f 1220 1221 1218
f 1220 1219 1222
f 1220 1222 1223
f 1223 1224 1221
f 1223 1222 1225
f 1223 1225 1226
f 1226 1227 1224
f 1226 1225 1228
f 1226 1228 1229
f 1229 1230 1227
f 1229 1228 1231
f 1229 1231 1232
f 1232 1233 1230
f 1232 1231 1234
f 1232 1234 1061
f 1234 1235 1064
f 1234 1064 1062
f 1236 1235 1237
f 1236 1238 1067
f 1236 1067 1065
f 1239 1238 1240
f 1239 1241 1070
f 1239 1070 1068
f 1241 1240 1242
f 1241 1243 1072
f 1243 1242 1244
f 1243 1245 1074
f 1246 1245 1247
f 1246 1248 1077
f 1246 1077 1075
f 1249 1248 1250
f 1249 1251 1080
f 1249 1080 1078
f 1252 1251 1253
f 1252 1254 1255
f 1252 1255 1081
f 1255 1256 1257
f 1255 1257 1083
f 1257 1258 1259
f 1257 1259 1085
f 1259 1260 1261
f 1259 1261 1087
f 1261 1262 1263
f 1261 1263 1090
f 1263 1264 1265
f 1263 1265 1266
f 1265 1267 1268
f 1265 1268 1269
f 1269 1270 1266
f 1269 1268 1271
f 1269 1271 1272
f 1272 1273 1270
f 1272 1271 1274
f 1272 1274 1275
f 1275 1276 1273
f 1275 1274 1277
f 1275 1277 1278
f 1278 1279 1276
f 1278 1277 1280
f 1278 1280 1281
f 1281 1282 1279
f 1281 1280 1283
f 1281 1283 1284
f 1284 1285 1282
f 1284 1283 86
f 1284 86 85
f 1286 1283 1287
f 1286 1288 1289
f 1286 1289 83
f 1289 1290 1291
f 1289 1291 1292
f 1291 1293 1294
f 1291 1295 1296
f 1296 1295 1297
f 1296 1298 1299
f 1296 1299 1292
f 1299 1300 1301
f 1299 1301 1302
f 1301 1303 1304
f 1301 1304 1305
f 1305 1306 1302
f 1305 1304 1307
f 1305 1307 1308
f 1308 1309 1310
f 1308 1307 1139
f 1308 1139 1309
f 1310 1311 1312
f 1310 1313 1306
f 1310 1309 1311
f 1314 1315 1316
f 1314 1309 1138
f 1314 1136 1315
f 1316 1118 1116
f 1316 1115 1311
f 1316 1315 1118
f 1317 1121 1119
f 1317 1315 1134
f 1317 1133 1121
f 1312 1115 1113
f 1312 1318 84
f 1300 1298 1319
f 1300 1320 1303
f 1320 1319 1321
f 1320 1322 1151
f 1322 1321 1323
f 1322 1324 1152
f 1323 1321 1325
f 1323 1325 1326
f 1323 1327 1324
f 1326 1325 1328
f 1326 1328 1167
f 1326 1165 1327
f 1328 1329 1330
f 1328 1330 1170
f 1330 1331 1332
f 1330 1332 1333
f 1332 1334 1335
f 1332 1335 1336
f 1336 1335 1337
f 1336 1337 1338
f 1336 1339 1333
f 1338 1337 1340
f 1338 1340 1341
f 1338 1342 1339
f 1341 1340 1343
f 1341 1343 1344
f 1341 1345 1342
f 1344 1343 1346
f 1344 1346 1347
f 1344 1348 1345
f 1347 1346 1349
f 1347 1349 1350
f 1347 1351 1348
f 1351 1350 1352
f 1351 1353 1182
f 1353 1352 1354
f 1353 1355 1183
f 1355 1354 1356
f 1355 2 1188
f 1354 1352 1357
f 1354 1357 1358
f 1358 1357 1359
f 1358 1359 1360
f 1358 1361 1356
f 1361 1360 1362
f 1361 1362 1363
f 1362 1364 1365
f 1362 1365 1366
f 1366 1365 1367
f 1366 1367 1368
f 1366 1369 1363
f 1369 1368 1370
f 1369 1370 1371
f 1370 1372 1373
f 1370 1374 1375
f 1375 1376 1371
f 1375 1374 1377
f 1375 1377 1378
f 1378 1193 1376
f 1378 1377 1379
f 1378 1379 1196
f 1379 1380 1381
f 1379 1381 1197
f 1381 1382 1383
f 1381 1383 1384
f 1384 1200 1198
f 1384 1383 1385
f 1384 1386 1200
f 1387 1388 1201
f 1387 1386 1389
f 1387 1390 1391
f 1391 1392 1388
f 1391 1390 1393
f 1391 1393 1394
f 1394 1210 1392
f 1394 1393 1395
f 1394 1395 1212
f 1395 1396 1397
f 1395 1397 1215
f 1397 1398 1399
f 1397 1399 1400
f 1399 1401 1402
f 1399 1402 1403
f 1403 1404 1400
f 1403 1402 1405
f 1403 1405 1406
f 1406 1407 1404
f 1406 1405 1408
f 1406 1408 1409
f 1409 1410 1407
f 1409 1408 1411
f 1409 1411 1412
f 1412 1413 1410
f 1412 1411 1414
f 1412 1414 1415
f 1415 1416 1413
f 1415 1414 1417
f 1415 1417 1237
f 1417 1418 1240
f 1417 1240 1238
f 1418 1414 1419
f 1418 1420 1242
f 1420 1419 1421
f 1420 1422 1244
f 1423 1422 1424
f 1423 1425 1247
f 1423 1247 1245
f 1426 1425 1427
f 1426 1428 1250
f 1426 1250 1248
f 1429 1428 1430
f 1429 1431 1253
f 1429 1253 1251
f 1432 1431 1433
f 1432 1434 1435
f 1432 1435 1254
f 1435 1436 1437
f 1435 1437 1256
f 1437 1438 1439
f 1437 1439 1258
f 1439 1440 1441
f 1439 1441 1260
f 1441 1442 1443
f 1441 1443 1262
f 1443 35 1444
f 1443 1444 1264
f 1444 40 1445
f 1444 1445 1267
f 1445 1446 1447
f 1445 1447 1448
f 1447 1449 1450
f 1447 1450 1451
f 1451 1452 1448
f 1451 1450 1453
f 1451 1453 1454
f 1454 1455 1452
f 1454 1453 1456
f 1454 1456 1457
f 1457 1458 1455
f 1457 1456 1459
f 1457 1459 1460
f 1460 1461 1458
f 1460 1459 1462
f 1460 1462 1463
f 1463 1287 1461
f 1463 1462 1464
f 1463 1464 1288
f 1464 1465 1466
f 1464 1466 1290
f 1466 1467 1468
f 1466 1468 1293
f 1468 1469 1470
f 1468 1470 1293
f 1470 1471 1472
f 1470 1473 1294
f 1474 1473 1475
f 1474 1476 1297
f 1474 1297 1295
f 1477 1476 1478
f 1477 1479 1319
f 1477 1319 1298
f 1478 1476 1480
f 1478 1480 1331
f 1478 1329 1479
f 1480 1475 1481
f 1480 1481 1334
f 1481 1482 1483
f 1481 1483 1484
f 1483 1485 1486
f 1483 1486 1487
f 1487 1486 1488
f 1487 1488 1489
f 1487 1490 1484
f 1489 1488 1491
f 1489 1491 1492
f 1489 1493 1490
f 1492 1491 1494
f 1492 1494 1495
f 1492 1496 1493
f 1495 1494 1497
f 1495 1497 1498
f 1495 1499 1496
f 1498 1497 1500
f 1498 1500 1501
f 1498 1502 1499
f 1501 1500 1503
f 1501 1503 1504
f 1501 1505 1502
f 1505 1504 1506
f 1505 1507 1349
f 1507 1506 1508
f 1507 1509 1350
f 1508 1506 1510
f 1508 1510 1511
f 1508 1512 1509
f 1511 1510 1513
f 1511 1513 1514
f 1511 1515 1512
f 1515 1514 1516
f 1515 1517 1359
f 1517 1516 1518
f 1517 1518 1364
f 1518 1519 1520
f 1518 1520 1521
f 1520 1522 1523
f 1520 1523 1524
f 1524 1523 1525
f 1524 1525 1526
f 1524 1527 1521
f 1526 1525 1528
f 1526 1528 1529
f 1526 1530 1527
f 1530 1529 1531
f 1530 1532 1367
f 1532 1531 1533
f 1532 1534 1368
f 1534 1533 1535
f 1534 1536 1372
f 1536 1535 1537
f 1536 1538 1373
f 1539 1540 1374
f 1539 1538 1541
f 1539 1542 1540
f 1543 1380 1377
f 1543 1542 1544
f 1543 1545 1380
f 1545 1544 1546
f 1545 1547 1382
f 1547 1546 1548
f 1547 1549 1550
f 1551 1385 1383
f 1551 1549 1552
f 1551 1553 1385
f 1554 1389 1386
f 1554 1553 1555
f 1554 1556 1389
f 1557 1558 1390
f 1557 1556 33
f 1557 29 1558
f 1559 1396 1558
f 1559 29 28
f 1559 1560 1396
f 1560 28 1561
f 1560 1562 1398
f 1562 1561 1563
f 1562 1564 1565
f 1564 1563 1566
f 1564 1566 1567
f 1567 1568 1565
f 1567 1566 1569
f 1567 1569 1570
f 1570 1571 1568
f 1570 1569 1572
f 1570 1572 1573
f 1573 1574 1571
f 1573 1572 1575
f 1573 1575 1421
f 1575 1576 1424
f 1575 1424 1422
f 1577 1576 1578
f 1577 1579 1427
f 1577 1427 1425
f 1580 1579 1581
f 1580 1582 1430
f 1580 1430 1428
f 1583 1582 1584
f 1583 1585 1433
f 1583 1433 1431
f 1586 1585 1587
f 1586 1588 1589
f 1586 1589 1434
f 1589 1590 1591
f 1589 1591 1436
f 1591 1592 1593
f 1591 1593 1438
f 1593 1594 1595
f 1593 1595 1440
f 1595 1596 36
f 1595 36 1442
f 1596 1594 1597
f 1596 1598 37
f 1599 1598 1600
f 1599 1601 1602
f 1599 1602 41
f 1602 1603 1604
f 1602 1605 1603
f 1606 1607 1608
f 1606 1605 1609
f 1606 1610 1607
f 1611 1612 1613
f 1611 1610 1614
f 1611 1615 1612
f 1616 1617 1618
f 1616 1615 1619
f 1616 1620 1617
f 1621 1622 1623
f 1621 1620 1624
f 1621 1625 1622
f 1626 1627 1628
f 1626 1625 1629
f 1626 147 1627
f 1629 1625 1630
f 1629 1630 1631
f 1629 1632 147
f 1632 1631 1633
f 1632 1634 143
f 1634 1633 1635
f 1634 1636 144
f 1637 1636 1638
f 1637 1639 1640
f 1637 1640 145
f 1640 1641 1642
f 1640 1642 1643
f 1642 1644 1645
f 1642 1645 1646
f 1646 1645 1647
f 1646 1647 1627
f 1646 1627 146
f 1647 1648 1649
f 1647 1650 1628
f 1651 1650 1652
f 1651 1653 1623
f 1651 1623 1622
f 1654 1653 1655
f 1654 1656 1618
f 1654 1618 1617
f 1657 1656 1658
f 1657 1659 1613
f 1657 1613 1612
f 1660 1659 1661
f 1660 1662 1608
f 1660 1608 1607
f 1663 1662 1664
f 1663 1664 38
f 1663 1604 1603
f 1664 1665 1666
f 1664 1666 1667
f 1666 1668 1669
f 1666 1669 1670
f 1670 1669 1671
f 1670 1671 1672
f 1670 1673 1667
f 1673 1672 1449
f 1673 1446 39
f 1672 1671 1674
f 1672 1674 1675
f 1674 1676 1677
f 1674 1677 1678
f 1678 1677 1679
f 1678 1679 1680
f 1678 1681 1675
f 1680 1682 1681
f 1680 1679 1683
f 1680 1683 1684
f 1684 1685 1682
f 1684 1683 1686
f 1684 1686 1687
f 1687 1688 1685
f 1687 1686 1689
f 1687 1690 1688
f 1691 1465 1688
f 1691 1690 1692
f 1691 1693 1465
f 1693 1692 1694
f 1693 1695 1469
f 1695 1694 1696
f 1695 1697 1471
f 1697 1696 1698
f 1697 1698 1472
f 1698 1699 1700
f 1698 1485 1472
f 1699 1696 1701
f 1699 1701 1702
f 1702 1701 1703
f 1702 1703 1704
f 1702 1705 1700
f 1704 1703 1706
f 1704 1706 1707
f 1704 1708 1705
f 1707 1706 1709
f 1707 1709 1710
f 1707 1711 1708
f 1710 1709 1712
f 1710 1712 1713
f 1710 1714 1711
f 1713 1712 1715
f 1713 1715 1716
f 1713 1717 1714
f 1716 1715 1718
f 1716 1718 1719
f 1716 1720 1717
f 1719 1718 1721
f 1719 1721 1722
f 1719 1723 1720
f 1723 1722 1724
f 1723 1725 1503
f 1725 1724 1726
f 1725 1727 1504
f 1726 1724 1728
f 1726 1728 1729
f 1726 1730 1727
f 1729 1728 1731
f 1729 1731 1732
f 1729 1733 1730
f 1733 1732 1734
f 1733 1735 1513
f 1735 1734 1736
f 1735 1737 1514
f 1737 1736 1738
f 1737 1739 1516
f 1739 1738 1740
f 1739 1741 1522
f 1741 1740 1742
f 1741 1743 1744
f 1743 1742 1745
f 1743 1745 1746
f 1746 1745 1747
f 1746 1747 1748
f 1746 1749 1744
f 1748 1747 1750
f 1748 1750 1751
f 1748 1752 1749
f 1751 1750 1753
f 1751 1753 1754
f 1751 1755 1752
f 1755 1754 1756
f 1755 1757 1528
f 1757 1756 1758
f 1757 1759 1529
f 1759 1758 1760
f 1759 1761 1531
f 1761 1760 1762
f 1761 1763 1533
f 1763 1762 1764
f 1763 1765 1535
f 1765 1764 1766
f 1765 1767 1537
f 1768 1541 1538
f 1768 1767 1769
f 1768 1770 1541
f 1771 1544 1542
f 1771 1770 1772
f 1771 1772 1546
f 1772 1773 1774
f 1772 1775 1546
f 1775 1774 1776
f 1775 1777 1548
f 1778 1552 1549
f 1778 1777 1779
f 1778 1780 1552
f 1781 1555 1553
f 1781 1780 1782
f 1781 1783 1555
f 1783 1782 1784
f 1783 1785 1786
f 1785 1784 1787
f 1785 1788 32
f 1788 1787 1789
f 1788 1790 1791
f 1791 1792 1793
f 1791 1790 1794
f 1791 1794 1795
f 1795 1796 1797
f 1795 1794 1798
f 1795 1798 1796
f 1799 1800 1801
f 1799 1798 1802
f 1799 1803 1800
f 1804 1803 1805
f 1804 1806 1807
f 1804 1807 1808
f 1808 1809 1800
f 1808 1807 1810
f 1808 1810 1811
f 1811 1812 1809
f 1811 1810 1813
f 1811 1813 1814
f 1814 1815 1812
f 1814 1813 1816
f 1814 1816 1817
f 1817 1818 1815
f 1817 1816 1819
f 1817 1819 1820
f 1820 1821 1818
f 1820 1819 1822
f 1820 1822 1584
f 1822 1823 1587
f 1822 1587 1585
f 1824 1823 1825
f 1824 1826 1827
f 1824 1827 1588
f 1827 1828 1829
f 1827 1829 1590
f 1829 1830 1831
f 1829 1831 1592
f 1831 1832 1597
f 1831 1597 1594
f 1833 1832 1834
f 1833 1835 1600
f 1833 1600 1598
f 1836 1835 1837
f 1836 1838 1839
f 1836 1839 1601
f 1839 1840 1609
f 1839 1609 1605
f 1841 1614 1610
f 1841 1840 1842
f 1841 1843 1614
f 1844 1619 1615
f 1844 1843 1845
f 1844 1846 1619
f 1847 1624 1620
f 1847 1846 1848
f 1847 1849 1624
f 1849 1848 1850
f 1849 1851 1630
f 1851 1850 1852
f 1851 1852 1631
f 1852 1853 1854
f 1852 1854 1635
f 1854 1855 1856
f 1854 1856 1857
f 1857 1856 1858
f 1857 1858 1859
f 1857 1638 1636
f 1859 1858 1860
f 1859 1860 1861
f 1859 1862 1639
f 1862 1861 1863
f 1862 1863 1641
f 1863 1864 1865
f 1863 1865 1644
f 1865 1866 1867
f 1865 1867 1868
f 1867 1869 1870
f 1867 1870 1871
f 1871 1870 1872
f 1871 1872 1649
f 1871 1648 1868
f 1872 1873 1874
f 1872 1874 1875
f 1875 1874 1876
f 1875 1876 1652
f 1875 1652 1650
f 1877 1876 1878
f 1877 1879 1655
f 1877 1655 1653
f 1880 1879 1881
f 1880 1882 1658
f 1880 1658 1656
f 1883 1882 1884
f 1883 1885 1661
f 1883 1661 1659
f 1886 1885 1887
f 1886 1888 1668
f 1886 1665 1661
f 1888 1887 1889
f 1888 1890 1668
f 1890 1889 1891
f 1890 1892 1893
f 1894 1892 1895
f 1894 1896 1897
f 1894 1898 1893
f 1897 1896 1899
f 1897 1900 1901
f 1897 1676 1898
f 1900 1899 1902
f 1900 1903 1904
f 1904 1903 1905
f 1904 1906 1907
f 1904 1908 1901
f 1907 1906 1909
f 1907 1910 1911
f 1907 1911 1908
f 1912 1910 1913
f 1912 13 1914
f 1912 1914 1911
f 1910 1909 1915
f 1915 1916 1917
f 1915 1918 1913
f 1915 1909 1916
f 1919 1920 1921
f 1919 1909 1906
f 1919 1905 1920
f 1922 1923 1924
f 1922 1905 1903
f 1922 1902 1923
f 1925 1926 1927
f 1925 1902 1899
f 1925 1928 1926
f 1929 1930 1931
f 1929 1928 1895
f 1929 1932 1930
f 1933 1934 1935
f 1933 1932 1891
f 1933 1936 1934
f 1937 1938 1939
f 1937 1936 1940
f 1937 1941 1938
f 1942 1943 1944
f 1942 1941 1945
f 1942 1946 1943
f 1947 1948 1949
f 1947 1946 1950
f 1947 1951 1948
f 1952 1953 1954
f 1952 1951 1955
f 1952 1956 1953
f 1957 1958 1959
f 1957 1956 1960
f 1957 1961 1958
f 1962 1787 1784
f 1962 1961 1963
f 1962 1964 1787
f 1964 1963 1965
f 1964 1966 1789
f 1967 1968 1789
f 1967 1966 1969
f 1967 1969 1970
f 1970 1971 1968
f 1970 1969 1972
f 1970 1972 1973
f 1973 1802 1971
f 1973 1972 1974
f 1973 1974 1802
f 1975 1805 1803
f 1975 1974 1976
f 1975 1977 1805
f 1978 1979 1806
f 1978 1977 1980
f 1978 1981 1979
f 1982 1983 1984
f 1982 1981 1985
f 1982 1986 1983
f 1987 1988 97
f 1987 1986 1989
f 1987 1990 1988
f 1991 1992 1993
f 1991 1990 1994
f 1991 1995 1992
f 1996 1997 1998
f 1996 1995 1999
f 1996 2000 1997
f 2001 2002 2003
f 2001 2000 2004
f 2001 2005 2006
f 2006 2007 2002
f 2006 2005 2008
f 2006 2008 2009
f 2009 1834 2007
f 2009 2008 1837
f 2009 1837 1835
f 2010 2008 2011
f 2010 2012 2013
f 2010 2013 1838
f 2013 2014 1842
f 2013 1842 1840
f 2015 2014 2016
f 2015 99 1845
f 2015 1845 1843
f 2014 2012 2017
f 2017 2012 2018
f 2017 2018 2019
f 2017 2020 2016
f 2020 2019 2021
f 2020 2022 100
f 2022 2021 2023
f 2022 1855 101
f 2021 2019 2024
f 2021 2024 2025
f 2025 2024 2026
f 2025 2026 2027
f 2025 2028 2023
f 2027 2026 2029
f 2027 2029 2030
f 2027 2031 2028
f 2030 2029 2032
f 2030 2032 131
f 2030 2033 2031
f 2033 131 130
f 2033 2034 1860
f 2034 130 2035
f 2034 2035 1864
f 2035 133 2036
f 2035 2036 1866
f 2036 2037 2038
f 2036 2038 1869
f 2038 2039 2040
f 2038 2040 2041
f 2040 2042 2043
f 2040 2043 2044
f 2044 2043 1965
f 2044 1965 2045
f 2044 1873 2041
f 2039 2046 2042
f 2039 2037 2047
f 2047 1976 2046
f 2047 2037 132
f 2047 132 135
f 2032 2048 2049
f 2032 2049 134
f 2049 1985 1981
f 2049 1980 135
f 2048 1989 1986
f 2048 2029 1989
f 2050 1994 1990
f 2050 2026 1994
f 2051 1999 1995
f 2051 2024 1999
f 2052 2004 2000
f 2052 2019 2018
f 2018 2011 2004
f 2053 1830 2054
f 2053 2054 2055
f 2053 1834 1832
f 2054 1828 2056
f 2054 2056 2057
f 2057 2056 2058
f 2057 2058 2059
f 2057 2003 2055
f 2059 2058 2060
f 2059 2060 1998
f 2059 1998 1997
f 2061 2060 2062
f 2061 2063 1993
f 2061 1993 1992
f 2062 2064 2065
f 2062 2065 2063
f 2062 2060 2066
f 2065 2067 2068
f 2065 2068 95
f 2064 2069 2067
f 2064 2066 2070
f 2070 2071 2069
f 2070 2066 2072
f 2070 2072 1825
f 2072 2056 1826
f 1993 94 1988
f 1984 96 2073
f 1984 2074 1979
f 1984 1983 96
f 1980 1977 135
f 1965 1963 2075
f 2075 1963 1961
f 2075 1960 2076
f 2075 2077 2045
f 2076 1960 1956
f 2076 1955 1878
f 2076 1878 1876
f 2078 1955 1951
f 2078 1950 1881
f 2078 1881 1879
f 2079 1950 1946
f 2079 1945 1884
f 2079 1884 1882
f 2080 1945 1941
f 2080 1940 1887
f 2080 1887 1885
f 1959 1782 1780
f 1959 1779 1953
f 1959 1958 1782
f 1954 1779 1777
f 1954 1776 1949
f 1949 1776 1774
f 1949 2081 1943
f 2081 1774 2082
f 2081 2082 1944
f 2083 2082 1769
f 2083 2084 1939
f 2083 1939 1938
f 2085 2084 1766
f 2085 2086 1935
f 2085 1935 1934
f 2087 2086 2088
f 2087 2089 1931
f 2087 1931 1930
f 2090 2089 2091
f 2090 2092 1927
f 2090 1927 1926
f 2093 2092 2094
f 2093 2095 1924
f 2093 1924 1923
f 2096 2095 2097
f 2096 2098 1921
f 2096 1921 1920
f 2099 2098 2100
f 2099 2101 1917
f 2099 1917 1916
f 2102 2101 2103
f 2102 2104 2105
f 2102 2105 1918
f 2105 2106 12
f 2105 12 11
f 2107 2106 2108
f 2107 2109 2110
f 2107 2110 2111
f 2110 2112 2113
f 2110 2113 2114
f 2114 2113 2115
f 2114 2115 2116
f 2114 2117 2111
f 2117 2116 2118
f 2117 2118 9
f 2118 2119 2120
f 2118 2120 2121
f 2121 1689 9
f 2121 2120 1692
f 2121 1692 1690
f 2120 2122 1694
f 2119 2116 2123
f 2119 2124 2122
f 2123 2116 2125
f 2123 2125 2126
f 2123 2127 2124
f 2126 2125 2128
f 2126 2128 2129
f 2126 2130 2127
f 2129 2128 2131
f 2129 2131 2132
f 2129 2133 2130
f 2132 2131 2134
f 2132 2134 2135
f 2132 2136 2133
f 2135 2134 2137
f 2135 2137 2138
f 2135 2139 2136
f 2138 2137 2140
f 2138 2140 2141
f 2138 2142 2139
f 2141 2140 2143
f 2141 2144 2145
f 2141 2146 2142
f 2146 2145 2147
f 2146 2148 1721
f 2148 2147 2149
f 2148 2150 1722
f 2149 2147 106
f 2149 106 105
f 2149 2151 2150
f 2152 2153 2154
f 2152 2155 106
f 2152 2147 2145
f 2155 2154 2156
f 2155 2157 109
f 2157 2156 2158
f 2157 2159 110
f 2160 2159 2161
f 2160 2162 2163
f 2160 2163 107
f 2163 2164 2165
f 2163 2165 108
f 2165 2166 1732
f 2165 1732 1731
f 2166 2164 2167
f 2166 2168 1734
f 2168 2167 2169
f 2168 2169 1736
f 2169 2170 138
f 2169 138 1738
f 2170 2167 2171
f 2170 2172 140
f 2172 2173 141
f 2172 2171 2174
f 2174 2175 2173
f 2174 2171 2161
f 2174 2161 2176
f 2176 2177 2175
f 2176 2161 2159
f 2176 2158 2177
f 2178 2179 2180
f 2178 2158 2156
f 2178 2181 2179
f 2182 2183 2184
f 2182 2181 2185
f 2182 2186 2183
f 2187 2188 2183
f 2187 2186 2189
f 2187 2190 2191
f 2191 2192 2188
f 2191 2190 2193
f 2191 2193 2194
f 2194 2195 2192
f 2194 2193 2196
f 2194 2196 2197
f 2197 2198 2195
f 2197 2196 2199
f 2197 2199 2200
f 2200 2201 2202
f 2200 2199 2203
f 2200 2203 2201
f 2204 2205 2206
f 2204 2203 2207
f 2204 2208 2205
f 2208 2207 2209
f 2208 2210 2211
f 2207 2203 2212
f 2207 2213 2209
f 2206 2214 2215
f 2206 2216 2201
f 2206 2205 2214
f 2217 2218 2219
f 2217 2205 2211
f 2217 2112 2218
f 2219 2220 2221
f 2219 2222 2214
f 2219 2218 2220
f 2223 2224 2225
f 2223 2218 2109
f 2223 2108 2224
f 2226 2227 2228
f 2226 2108 2106
f 2226 2104 2227
f 2228 2229 2230
f 2228 2231 2224
f 2228 2227 2229
f 2232 2233 2234
f 2232 2227 2103
f 2232 2235 2233
f 2236 2237 2238
f 2236 2235 2100
f 2236 2239 2237
f 2240 2241 2242
f 2240 2239 2097
f 2240 2243 2241
f 2244 2245 2246
f 2244 2243 2094
f 2244 2247 2245
f 2248 1760 1758
f 2248 2247 2091
f 2248 2249 1760
f 2249 2091 2089
f 2249 2088 1762
f 2247 2094 2092
f 2246 1756 1754
f 2246 2250 2241
f 2246 2245 1756
f 2250 1754 1753
f 2250 2251 2242
f 2252 2251 2253
f 2252 2254 2238
f 2252 2238 2237
f 2255 2254 2256
f 2255 2257 2234
f 2255 2234 2233
f 2258 2257 2259
f 2258 2260 2230
f 2258 2230 2229
f 2261 2260 2262
f 2261 2263 2264
f 2261 2264 2231
f 2264 2265 2266
f 2264 2266 2225
f 2266 2267 2221
f 2266 2221 2220
f 2268 2267 2269
f 2268 2270 2271
f 2268 2271 2222
f 2270 2269 2272
f 2270 2273 65
f 2273 2272 2274
f 2273 2275 66
f 2276 2275 2277
f 2276 2278 2279
f 2276 2279 62
f 2279 2280 2281
f 2279 2281 63
f 2281 2282 2202
f 2281 2202 63
f 2280 2278 2283
f 2280 2284 2282
f 2283 2278 2285
f 2283 2285 2286
f 2283 2287 2284
f 2286 2285 2288
f 2286 2288 2289
f 2286 2290 2287
f 2289 2288 52
f 2289 2291 2184
f 2289 2184 2183
f 2292 2291 2293
f 2292 2294 2180
f 2292 2180 2179
f 2295 2294 2296
f 2295 2297 2298
f 2295 2299 2177
f 2298 2300 2299
f 2298 2297 2301
f 2298 2301 2302
f 2302 2303 2300
f 2302 2301 2304
f 2302 2304 2305
f 2305 139 2303
f 2305 2304 2306
f 2305 2306 2307
f 2306 2308 2309
f 2306 2309 2310
f 2309 2311 2312
f 2309 2313 2310
f 2312 2311 2314
f 2312 2314 2315
f 2312 2316 2313
f 2315 2314 2317
f 2315 2317 2253
f 2315 2318 2316
f 2317 2319 2256
f 2317 2256 2254
f 2320 2319 2321
f 2320 2322 2259
f 2320 2259 2257
f 2323 2322 2324
f 2323 2325 2262
f 2323 2262 2260
f 2326 2325 2327
f 2326 2328 2329
f 2326 2329 2263
f 2329 2330 2331
f 2329 2331 2265
f 2331 2332 2269
f 2331 2269 2267
f 2332 2330 2333
f 2332 2334 2272
f 2334 2333 50
f 2334 54 2274
f 2335 54 53
f 2335 2336 2277
f 2335 2277 2275
f 2333 2337 2338
f 2333 2330 2337
f 2337 2339 2340
f 2337 2328 2339
f 2340 2296 2294
f 2340 2293 2338
f 2340 2339 2341
f 2341 2342 2296
f 2341 2339 2327
f 2341 2343 2344
f 2344 2345 2342
f 2344 2343 2324
f 2344 2346 2347
f 2347 2308 2345
f 2347 2346 2348
f 2347 2348 2311
f 2346 2324 2322
f 2343 2327 2325
f 2321 2319 2348
f 2293 2291 51
f 2288 2336 52
f 2253 2251 2318
f 2243 2097 2095
f 2239 2100 2098
f 2235 2103 2101
f 2222 2271 2215
f 2216 2215 64
f 2212 2199 2349
f 2212 2350 2213
f 2349 2196 2351
f 2349 2352 2350
f 2351 2193 2353
f 2351 2354 2352
f 2353 2190 2143
f 2353 2143 2354
f 2189 2186 2355
f 2189 2355 2144
f 2355 2185 2153
f 2355 2153 2145
f 2185 2181 2154
f 2171 2167 2162
f 2209 2125 2115
f 2088 2086 1764
f 2084 1769 1767
f 2082 1773 1769
f 1940 1936 1889
f 1932 1895 1892
f 1928 1899 1896
f 1853 1850 102
f 1850 1848 102
f 1848 1846 103
f 1825 1823 2071
f 2356 2357 2358
f 2356 2358 2359
f 2356 1821 1581
f 2358 2360 2361
f 2358 2361 2362
f 2362 2361 2363
f 2362 2363 2364
f 2362 2365 2359
f 2364 2363 2366
f 2364 2366 2367
f 2364 2368 2365
f 2367 2366 1797
f 2367 1797 1796
f 2367 1801 2368
f 2366 2369 2370
f 2369 1563 1561
f 2369 2363 2371
f 2361 2372 2371
f 2360 2373 2372
f 2360 2357 1578
f 2357 1581 1579
f 1821 1584 1582
f 2068 1807 2074
f 1797 2370 1792
f 2310 1742 2307
f 1742 1740 137
f 1731 2151 108
f 1689 1686 10
f 1578 1576 2373
f 1556 1555 1786
f 1482 1475 1473
f 1421 1419 1574
f 1376 1192 6
f 1237 1235 1416
f 1318 1111 2374
f 2374 1109 1285
f 2374 85 84
f 1061 1059 1233
f 883 19 1042
f 883 650 648
f 795 780 776
f 783 503 501
f 779 498 496
f 779 2375 773
f 779 778 498
f 2375 496 494
f 2375 493 774
f 2376 493 491
f 2376 490 769
f 2376 769 768
f 2377 490 488
f 2377 487 764
f 2377 764 763
f 2378 487 485
f 2378 484 759
f 2378 759 758
f 2379 484 482
f 2379 481 754
f 2379 754 753
f 2380 481 479
f 2380 478 749
f 2380 749 748
f 2381 478 476
f 2381 475 2382
f 2381 2383 745
f 2382 475 473
f 2382 472 2384
f 2382 2385 2383
f 2384 472 2386
f 2384 2386 2387
f 2384 2388 2385
f 2387 2386 2389
f 2387 2389 2390
f 2387 2391 2388
f 2390 2389 466
f 2390 465 2392
f 2390 2392 2391
f 2392 2393 23
f 685 683 127
f 683 681 124
f 679 678 128
f 1041 651 650
f 641 388 386
f 586 578 576
f 533 532 790
f 465 463 2393
f 457 455 714
f 378 232 231
f 329 326 77
f 525 278 276
f 246 45 44
f 231 43 379
f 2 1356 3
f 4 1188 2
f 3 1363 5
f 5 1371 6
f 1 7 4
f 8 10 13
f 8 12 2111
f 13 1913 11
f 15 2394 16
f 14 18 15
f 14 20 888
f 16 1042 19
f 22 730 23
f 24 717 22
f 25 714 24
f 23 2393 26
f 26 461 25
f 27 29 33
f 30 1561 28
f 31 2370 30
f 32 1793 31
f 33 1786 32
f 35 1442 36
f 34 37 41
f 38 1667 39
f 34 40 35
f 41 1604 38
f 43 239 44
f 42 45 46
f 46 366 47
f 42 48 379
f 50 2338 51
f 49 52 53
f 49 54 50
f 55 57 60
f 55 59 56
f 60 548 58
f 61 63 64
f 64 2271 65
f 61 66 62
f 68 1010 69
f 67 70 71
f 67 72 68
f 73 75 78
f 73 77 74
f 73 79 76
f 81 1302 82
f 83 1292 81
f 82 1313 84
f 80 86 83
f 87 89 90
f 90 340 91
f 87 92 88
f 94 2063 95
f 95 2073 96
f 93 97 94
f 99 2016 100
f 98 101 102
f 98 103 99
f 104 106 109
f 104 108 105
f 104 110 107
f 112 992 113
f 111 115 112
f 111 116 114
f 117 119 120
f 120 298 121
f 117 122 118
f 123 125 128
f 123 127 124
f 128 1057 126
f 129 131 134
f 129 133 130
f 129 135 132
f 136 138 140
f 139 2307 137
f 136 141 139
f 142 144 145
f 145 1643 146
f 142 147 143
f 148 150 153
f 148 152 149
f 153 154 151
f 154 155 156
f 156 445 157
f 154 158 151
f 157 452 159
f 158 160 161
f 161 152 151
f 162 430 152
f 161 163 162
f 164 426 162
f 160 459 165
f 163 166 164
f 166 168 164
f 165 460 169
f 169 170 167
f 170 172 167
f 170 173 174
f 174 175 171
f 175 177 171
f 175 178 179
f 179 180 176
f 180 182 176
f 180 183 184
f 184 185 181
f 185 187 181
f 185 188 189
f 189 190 186
f 190 192 186
f 190 193 194
f 194 195 191
f 195 197 191
f 195 198 199
f 199 200 196
f 200 202 196
f 200 203 204
f 204 205 201
f 205 207 201
f 205 208 209
f 209 210 206
f 210 212 206
f 210 213 214
f 214 215 211
f 215 217 211
f 215 218 219
f 219 220 216
f 220 222 216
f 220 223 224
f 224 225 221
f 225 227 221
f 225 228 229
f 229 230 226
f 230 232 226
f 230 233 234
f 234 43 231
f 234 235 236
f 236 239 43
f 236 237 238
f 238 240 239
f 241 44 239
f 240 242 243
f 240 244 241
f 244 246 241
f 243 506 247
f 247 248 245
f 248 250 245
f 248 251 252
f 252 253 249
f 253 255 249
f 253 256 257
f 257 258 254
f 258 260 254
f 258 261 262
f 262 263 259
f 263 265 259
f 263 266 267
f 267 268 264
f 268 270 264
f 268 271 272
f 272 273 269
f 274 350 269
f 273 275 276
f 276 277 274
f 277 92 274
f 277 278 279
f 279 89 88
f 280 338 89
f 279 281 280
f 282 335 280
f 278 525 283
f 281 284 282
f 285 332 282
f 283 524 286
f 284 287 285
f 288 327 285
f 287 289 290
f 287 291 288
f 291 293 294
f 294 320 288
f 290 295 292
f 295 297 292
f 290 289 298
f 298 120 296
f 297 300 301
f 301 293 292
f 296 302 299
f 119 528 303
f 302 304 299
f 302 120 119
f 303 531 305
f 304 306 307
f 307 300 299
f 307 308 309
f 309 310 300
f 310 311 312
f 312 314 313
f 310 301 300
f 314 316 315
f 313 293 301
f 316 318 317
f 315 294 293
f 318 321 319
f 317 320 294
f 319 322 323
f 323 324 320
f 324 325 326
f 326 328 327
f 324 288 320
f 328 329 330
f 328 331 332
f 328 285 327
f 330 581 333
f 331 334 335
f 335 282 332
f 333 583 336
f 334 337 338
f 338 280 335
f 336 341 339
f 337 340 90
f 90 89 338
f 341 585 342
f 339 343 340
f 342 591 344
f 343 345 346
f 346 91 340
f 346 347 348
f 348 92 91
f 348 349 350
f 350 274 92
f 347 598 351
f 349 352 270
f 270 269 350
f 351 601 353
f 352 354 265
f 352 264 270
f 353 604 355
f 354 356 260
f 354 259 265
f 355 607 357
f 356 358 255
f 356 254 260
f 357 610 359
f 358 360 250
f 358 249 255
f 359 362 361
f 360 45 246
f 360 245 250
f 362 364 363
f 361 46 45
f 364 367 365
f 363 366 46
f 367 616 368
f 365 369 366
f 368 622 370
f 369 371 372
f 372 47 366
f 372 373 374
f 374 48 47
f 374 375 376
f 376 377 48
f 377 379 48
f 377 380 381
f 381 382 378
f 382 383 384
f 384 386 385
f 382 232 378
f 386 387 227
f 385 226 232
f 387 388 389
f 389 390 222
f 387 221 227
f 390 391 392
f 392 393 217
f 390 216 222
f 393 394 395
f 395 396 212
f 393 211 217
f 396 397 398
f 398 399 207
f 396 206 212
f 399 400 401
f 401 402 202
f 399 201 207
f 402 403 404
f 404 405 197
f 402 196 202
f 405 406 407
f 407 408 192
f 405 191 197
f 408 409 410
f 410 411 187
f 408 186 192
f 411 412 413
f 413 414 182
f 411 181 187
f 414 415 416
f 416 417 177
f 414 176 182
f 417 418 419
f 419 420 172
f 417 171 177
f 420 421 422
f 422 423 168
f 420 167 172
f 423 424 425
f 425 427 426
f 423 164 168
f 427 428 429
f 429 431 430
f 427 162 426
f 431 432 433
f 433 150 149
f 431 152 430
f 433 434 435
f 435 436 150
f 436 437 438
f 438 439 155
f 436 153 150
f 439 440 441
f 441 443 442
f 439 156 155
f 443 446 444
f 442 445 156
f 444 447 448
f 448 449 445
f 449 450 451
f 451 453 452
f 452 157 445
f 453 454 455
f 455 457 456
f 456 159 452
f 456 458 459
f 459 160 159
f 460 165 459
f 457 25 461
f 458 462 460
f 173 169 460
f 461 26 463
f 463 464 173
f 464 174 173
f 464 465 466
f 466 467 178
f 467 179 178
f 466 2389 468
f 468 469 183
f 469 184 183
f 468 2386 470
f 470 471 188
f 471 189 188
f 471 472 473
f 473 474 193
f 474 194 193
f 474 475 476
f 476 477 198
f 477 199 198
f 477 478 479
f 479 480 203
f 480 204 203
f 480 481 482
f 482 483 208
f 483 209 208
f 483 484 485
f 485 486 213
f 486 214 213
f 486 487 488
f 488 489 218
f 489 219 218
f 489 490 491
f 491 492 223
f 492 224 223
f 492 493 494
f 494 495 228
f 495 229 228
f 495 496 497
f 497 235 233
f 497 498 499
f 499 237 235
f 499 500 501
f 501 502 237
f 502 238 237
f 502 503 504
f 504 505 242
f 506 243 242
f 504 791 507
f 505 508 506
f 251 247 506
f 507 790 509
f 508 510 251
f 510 252 251
f 509 532 511
f 511 512 256
f 512 257 256
f 511 529 513
f 513 514 261
f 514 262 261
f 514 515 516
f 516 517 266
f 517 267 266
f 517 518 519
f 519 520 271
f 520 272 271
f 520 521 522
f 522 525 275
f 522 523 524
f 524 283 525
f 289 286 524
f 521 122 121
f 121 298 289
f 519 518 122
f 516 515 526
f 518 118 122
f 526 527 528
f 528 119 118
f 515 513 529
f 527 530 531
f 531 303 528
f 529 511 532
f 530 533 534
f 534 305 531
f 534 535 536
f 536 306 305
f 536 537 538
f 538 308 306
f 538 539 540
f 540 541 308
f 541 57 56
f 56 59 311
f 541 309 308
f 539 542 57
f 542 543 544
f 544 546 545
f 542 60 57
f 546 549 547
f 545 548 60
f 549 794 550
f 547 551 548
f 550 800 552
f 551 553 554
f 554 58 548
f 554 555 556
f 556 59 58
f 556 314 312
f 312 311 59
f 553 558 557
f 555 316 314
f 558 560 559
f 557 318 316
f 560 562 561
f 559 321 318
f 562 564 563
f 561 322 321
f 564 567 565
f 565 566 322
f 566 75 74
f 74 77 325
f 566 323 322
f 565 568 75
f 568 569 570
f 568 571 572
f 572 78 75
f 572 573 574
f 574 79 78
f 574 575 576
f 576 577 79
f 577 578 579
f 579 581 580
f 577 76 79
f 580 330 329
f 329 77 76
f 579 582 583
f 583 333 581
f 578 586 584
f 582 585 341
f 341 336 583
f 586 820 587
f 584 588 585
f 587 823 589
f 588 590 591
f 591 342 585
f 589 826 592
f 590 593 594
f 594 344 591
f 594 595 596
f 596 345 344
f 596 597 598
f 598 347 345
f 595 833 599
f 597 600 601
f 601 351 598
f 599 836 602
f 600 603 604
f 604 353 601
f 602 839 605
f 603 606 607
f 607 355 604
f 605 842 608
f 606 609 610
f 610 357 607
f 608 612 611
f 609 364 362
f 362 359 610
f 612 614 613
f 611 367 364
f 614 617 615
f 613 616 367
f 617 848 618
f 615 619 616
f 618 854 620
f 619 621 622
f 622 368 616
f 620 857 623
f 621 624 625
f 625 370 622
f 625 626 627
f 627 371 370
f 627 628 629
f 629 373 371
f 629 630 631
f 631 375 373
f 631 632 633
f 633 634 375
f 634 376 375
f 634 635 636
f 636 637 380
f 637 381 380
f 637 638 639
f 639 640 383
f 640 384 383
f 640 642 643
f 643 644 641
f 644 645 646
f 646 648 647
f 644 388 641
f 648 649 391
f 647 389 388
f 649 650 651
f 651 652 394
f 649 392 391
f 651 1041 653
f 653 654 397
f 652 395 394
f 653 1040 655
f 655 656 400
f 654 398 397
f 656 657 658
f 658 659 403
f 656 401 400
f 659 660 661
f 661 662 406
f 659 404 403
f 662 663 664
f 664 665 409
f 662 407 406
f 665 666 667
f 667 668 412
f 665 410 409
f 668 669 670
f 670 671 415
f 668 413 412
f 671 672 673
f 673 674 418
f 671 416 415
f 674 675 676
f 676 677 421
f 674 419 418
f 677 678 679
f 679 680 424
f 677 422 421
f 680 125 681
f 681 682 428
f 680 425 424
f 682 683 684
f 684 434 432
f 682 429 428
f 684 685 686
f 686 687 434
f 687 688 689
f 689 690 437
f 687 435 434
f 690 691 692
f 692 693 440
f 690 438 437
f 692 922 694
f 693 695 696
f 693 441 440
f 696 697 698
f 696 443 441
f 698 699 700
f 698 446 443
f 700 701 702
f 702 447 446
f 702 703 704
f 704 705 447
f 705 706 707
f 707 708 450
f 705 448 447
f 708 709 710
f 710 711 454
f 708 451 450
f 711 712 713
f 713 24 714
f 711 455 454
f 713 715 716
f 713 717 24
f 716 718 719
f 719 720 717
f 720 721 722
f 722 724 723
f 723 22 717
f 724 726 725
f 725 730 22
f 726 1089 727
f 725 728 730
f 729 23 730
f 727 1093 731
f 728 732 729
f 733 2392 729
f 731 1096 734
f 732 735 733
f 736 2391 733
f 734 1099 737
f 735 738 736
f 739 2388 736
f 737 1102 740
f 738 741 739
f 742 2385 739
f 740 1105 743
f 741 744 742
f 745 2383 742
f 743 1108 746
f 746 747 745
f 747 749 745
f 747 750 751
f 751 752 748
f 752 754 748
f 752 755 756
f 756 757 753
f 757 759 753
f 757 760 761
f 761 762 758
f 762 764 758
f 762 765 766
f 766 767 763
f 767 769 763
f 767 770 771
f 771 772 768
f 772 774 768
f 772 775 776
f 776 777 773
f 777 779 773
f 777 780 781
f 781 782 778
f 782 500 778
f 782 784 785
f 785 786 783
f 786 503 783
f 786 544 543
f 543 788 787
f 789 791 787
f 543 539 537
f 788 535 789
f 790 507 791
f 789 533 790
f 787 504 503
f 785 546 544
f 781 780 792
f 784 549 546
f 780 795 793
f 792 794 549
f 795 1125 796
f 793 797 794
f 796 1128 798
f 797 799 800
f 800 550 794
f 798 1131 801
f 799 802 803
f 803 552 800
f 803 560 558
f 558 553 552
f 801 805 804
f 802 562 560
f 805 807 806
f 804 564 562
f 807 808 569
f 806 567 564
f 808 809 810
f 810 812 811
f 808 570 569
f 811 813 814
f 814 571 570
f 814 815 816
f 816 573 571
f 816 817 818
f 818 575 573
f 818 819 820
f 820 586 575
f 817 1144 821
f 819 822 823
f 823 587 820
f 821 1147 824
f 822 825 826
f 826 589 823
f 824 1150 827
f 825 828 829
f 829 592 826
f 829 830 831
f 831 593 592
f 831 832 833
f 833 595 593
f 830 1157 834
f 832 835 836
f 836 599 833
f 834 1160 837
f 835 838 839
f 839 602 836
f 837 1163 840
f 838 841 842
f 842 605 839
f 840 844 843
f 841 614 612
f 612 608 842
f 844 846 845
f 843 617 614
f 846 849 847
f 845 848 617
f 849 1169 850
f 847 851 848
f 850 1175 852
f 851 853 854
f 854 618 848
f 852 1178 855
f 853 856 857
f 857 620 854
f 855 1181 858
f 856 859 860
f 860 623 857
f 860 861 862
f 862 624 623
f 862 863 864
f 864 626 624
f 864 865 866
f 866 628 626
f 866 867 868
f 868 630 628
f 868 869 870
f 870 632 630
f 870 871 872
f 872 873 632
f 873 633 632
f 873 874 875
f 875 876 635
f 876 636 635
f 875 1203 877
f 877 878 638
f 878 639 638
f 877 1206 879
f 879 880 642
f 880 643 642
f 879 885 881
f 880 882 645
f 882 646 645
f 881 884 20
f 882 19 883
f 884 885 886
f 886 889 887
f 884 888 20
f 889 1214 890
f 887 891 888
f 17 14 888
f 890 1218 892
f 891 893 17
f 894 18 17
f 892 1221 895
f 893 896 894
f 897 1036 894
f 895 1224 898
f 896 899 897
f 900 1035 897
f 898 1227 901
f 899 902 900
f 903 1034 900
f 901 1230 904
f 902 905 903
f 906 994 903
f 904 1233 907
f 905 908 906
f 909 993 906
f 907 1059 910
f 908 911 909
f 912 919 909
f 910 1058 913
f 911 914 912
f 915 916 912
f 913 699 697
f 914 695 915
f 917 926 918
f 916 919 912
f 916 920 917
f 921 923 917
f 915 695 694
f 920 922 921
f 924 1033 925
f 923 926 917
f 923 927 924
f 928 1023 924
f 921 922 929
f 927 930 928
f 931 1028 928
f 929 691 932
f 930 933 931
f 934 940 931
f 932 688 935
f 933 936 934
f 937 938 934
f 935 685 127
f 936 126 937
f 938 940 934
f 938 941 942
f 942 943 939
f 944 1032 939
f 943 945 946
f 946 947 944
f 948 1031 944
f 947 949 950
f 950 951 948
f 951 953 948
f 951 954 955
f 955 956 952
f 956 958 952
f 956 959 960
f 960 961 957
f 961 963 957
f 961 964 965
f 965 966 962
f 966 968 962
f 966 969 970
f 970 971 967
f 972 979 967
f 971 973 974
f 971 975 972
f 974 2394 15
f 975 18 976
f 976 977 972
f 977 979 972
f 976 1036 980
f 977 981 978
f 982 1004 978
f 980 1035 983
f 981 984 982
f 985 1001 982
f 983 1034 986
f 984 987 985
f 988 995 985
f 986 994 989
f 987 990 988
f 112 115 988
f 989 993 991
f 990 992 112
f 993 909 919
f 991 918 992
f 994 906 993
f 995 997 998
f 998 1001 985
f 995 115 996
f 998 999 1000
f 1000 1002 1001
f 1000 1009 1003
f 1003 1005 1004
f 1004 982 1001
f 1005 1006 968
f 968 967 979
f 1005 978 1004
f 1006 1008 963
f 1006 962 968
f 1006 1009 1007
f 1007 70 69
f 1008 1010 958
f 1008 957 963
f 1009 1011 70
f 1012 71 70
f 1011 1000 999
f 1011 1013 1012
f 1014 1022 1012
f 1013 997 1015
f 1013 1016 1014
f 1016 1017 1018
f 1018 1033 1019
f 1019 1020 1014
f 1020 1022 1014
f 1020 1023 1024
f 1024 1025 1021
f 1025 1027 1021
f 1025 1028 1029
f 1029 1032 1026
f 1028 931 940
f 1029 939 1032
f 1027 68 72
f 72 1022 1021
f 1026 1031 1030
f 1031 948 953
f 1030 1010 68
f 1032 944 1031
f 1023 928 1028
f 1033 924 1023
f 1018 114 116
f 116 925 1033
f 1015 997 996
f 1017 115 114
f 1022 71 1012
f 1034 903 994
f 1035 900 1034
f 1036 897 1035
f 18 894 1036
f 974 1037 2394
f 973 1043 1038
f 1038 1040 1039
f 1037 16 2394
f 1040 653 1041
f 1039 1042 16
f 1043 1044 657
f 1038 655 1040
f 1044 969 1045
f 1045 1046 660
f 1044 658 657
f 1046 964 1047
f 1047 1048 663
f 1046 661 660
f 1048 959 1049
f 1049 1050 666
f 1048 664 663
f 1050 954 1051
f 1051 1052 669
f 1050 667 666
f 1052 949 1053
f 1053 1054 672
f 1052 670 669
f 1054 945 1055
f 1055 1056 675
f 1054 673 672
f 1056 941 1057
f 1057 128 678
f 1056 676 675
f 1055 942 941
f 1053 946 945
f 1051 950 949
f 1049 955 954
f 1047 960 959
f 1045 965 964
f 1043 970 969
f 1010 953 952
f 937 126 1057
f 935 686 685
f 932 689 688
f 922 692 691
f 925 113 926
f 926 113 992
f 1058 701 699
f 1058 1059 1060
f 1060 703 701
f 1060 1061 1062
f 1062 1063 703
f 1063 1064 1065
f 1065 1066 706
f 1063 704 703
f 1066 1067 1068
f 1068 1069 709
f 1066 707 706
f 1069 1070 1071
f 1071 715 712
f 1069 710 709
f 1071 1072 1073
f 1073 718 715
f 1073 1074 1075
f 1075 1076 718
f 1076 1077 1078
f 1078 1079 721
f 1076 719 718
f 1079 1080 1081
f 1081 1083 1082
f 1079 722 721
f 1083 1085 1084
f 1082 724 722
f 1085 1087 1086
f 1084 726 724
f 1087 1090 1088
f 1086 1089 726
f 1090 1266 1091
f 1088 1092 1089
f 1093 727 1089
f 1091 1270 1094
f 1092 1095 1093
f 1096 731 1093
f 1094 1273 1097
f 1095 1098 1096
f 1099 734 1096
f 1097 1276 1100
f 1098 1101 1099
f 1102 737 1099
f 1100 1279 1103
f 1101 1104 1102
f 1105 740 1102
f 1103 1282 1106
f 1104 1107 1105
f 1108 743 1105
f 1106 1285 1109
f 1107 1110 1108
f 1110 746 1108
f 1109 2374 1111
f 1110 1112 750
f 1112 751 750
f 1111 1318 1113
f 1113 1114 755
f 1114 756 755
f 1114 1115 1116
f 1116 1117 760
f 1117 761 760
f 1117 1118 1119
f 1119 1120 765
f 1120 766 765
f 1120 1121 1122
f 1122 1123 770
f 1123 771 770
f 1123 1124 1125
f 1125 795 775
f 1122 1121 1126
f 1124 1127 1128
f 1128 796 1125
f 1126 1133 1129
f 1127 1130 1131
f 1131 798 1128
f 1129 1132 809
f 1130 807 805
f 805 801 1131
f 1132 1133 1134
f 1134 1136 1135
f 1132 810 809
f 1136 1138 1137
f 1135 812 810
f 1137 1139 1140
f 1140 813 812
f 1140 1141 1142
f 1142 815 813
f 1142 1143 1144
f 1144 817 815
f 1141 1307 1145
f 1143 1146 1147
f 1147 821 1144
f 1145 1304 1148
f 1146 1149 1150
f 1150 824 1147
f 1148 1303 1151
f 1149 1152 1153
f 1153 827 1150
f 1153 1154 1155
f 1155 828 827
f 1155 1156 1157
f 1157 830 828
f 1154 1324 1158
f 1156 1159 1160
f 1160 834 1157
f 1158 1327 1161
f 1159 1162 1163
f 1163 837 1160
f 1161 1165 1164
f 1162 846 844
f 844 840 1163
f 1165 1167 1166
f 1164 849 846
f 1167 1170 1168
f 1166 1169 849
f 1170 1333 1171
f 1168 1172 1169
f 1171 1339 1173
f 1172 1174 1175
f 1175 850 1169
f 1173 1342 1176
f 1174 1177 1178
f 1178 852 1175
f 1176 1345 1179
f 1177 1180 1181
f 1181 855 1178
f 1179 1348 1182
f 1180 1183 1184
f 1184 858 1181
f 1184 1185 1186
f 1186 859 858
f 1185 1188 1187
f 1187 861 859
f 1188 4 1189
f 1187 863 861
f 4 7 1190
f 1189 865 863
f 7 1192 1191
f 1191 867 865
f 1191 1193 1194
f 1194 869 867
f 1193 1196 1195
f 1195 871 869
f 1195 1197 1198
f 1198 1199 871
f 1199 872 871
f 1199 1200 1201
f 1201 1202 874
f 1203 875 874
f 1201 1388 1204
f 1202 1205 1203
f 1206 877 1203
f 1204 1392 1207
f 1205 1208 1206
f 885 879 1206
f 1207 1210 1209
f 1208 886 885
f 1210 1212 1211
f 1209 889 886
f 1212 1215 1213
f 1211 1214 889
f 1215 1400 1216
f 1213 1217 1214
f 1218 890 1214
f 1216 1404 1219
f 1217 1220 1218
f 1221 892 1218
f 1219 1407 1222
f 1220 1223 1221
f 1224 895 1221
f 1222 1410 1225
f 1223 1226 1224
f 1227 898 1224
f 1225 1413 1228
f 1226 1229 1227
f 1230 901 1227
f 1228 1416 1231
f 1229 1232 1230
f 1233 904 1230
f 1231 1235 1234
f 1232 1061 1233
f 1235 1236 1064
f 1234 1062 1061
f 1236 1237 1238
f 1238 1239 1067
f 1236 1065 1064
f 1239 1240 1241
f 1241 1072 1070
f 1239 1068 1067
f 1241 1242 1243
f 1243 1074 1072
f 1243 1244 1245
f 1245 1246 1074
f 1246 1247 1248
f 1248 1249 1077
f 1246 1075 1074
f 1249 1250 1251
f 1251 1252 1080
f 1249 1078 1077
f 1252 1253 1254
f 1254 1256 1255
f 1252 1081 1080
f 1256 1258 1257
f 1255 1083 1081
f 1258 1260 1259
f 1257 1085 1083
f 1260 1262 1261
f 1259 1087 1085
f 1262 1264 1263
f 1261 1090 1087
f 1264 1267 1265
f 1263 1266 1090
f 1267 1448 1268
f 1265 1269 1266
f 1270 1091 1266
f 1268 1452 1271
f 1269 1272 1270
f 1273 1094 1270
f 1271 1455 1274
f 1272 1275 1273
f 1276 1097 1273
f 1274 1458 1277
f 1275 1278 1276
f 1279 1100 1276
f 1277 1461 1280
f 1278 1281 1279
f 1282 1103 1279
f 1280 1287 1283
f 1281 1284 1282
f 1285 1106 1282
f 1283 1286 86
f 1284 85 1285
f 1286 1287 1288
f 1288 1290 1289
f 1286 83 86
f 1290 1293 1291
f 1289 1292 83
f 1291 1294 1295
f 1291 1296 1292
f 1296 1297 1298
f 1298 1300 1299
f 1299 81 1292
f 1300 1303 1301
f 1299 1302 81
f 1303 1148 1304
f 1301 1305 1302
f 1306 82 1302
f 1304 1145 1307
f 1305 1308 1306
f 1308 1310 1306
f 1307 1141 1139
f 1139 1138 1309
f 1310 1312 1313
f 1313 82 1306
f 1309 1314 1311
f 1314 1316 1311
f 1314 1138 1136
f 1136 1134 1315
f 1316 1116 1115
f 1115 1312 1311
f 1315 1317 1118
f 1317 1119 1118
f 1317 1134 1133
f 1133 1126 1121
f 1312 1113 1318
f 1312 84 1313
f 1300 1319 1320
f 1320 1151 1303
f 1320 1321 1322
f 1322 1152 1151
f 1322 1323 1324
f 1324 1154 1152
f 1321 1479 1325
f 1323 1326 1327
f 1327 1158 1324
f 1325 1329 1328
f 1326 1167 1165
f 1165 1161 1327
f 1329 1331 1330
f 1328 1170 1167
f 1331 1334 1332
f 1330 1333 1170
f 1334 1484 1335
f 1332 1336 1333
f 1335 1490 1337
f 1336 1338 1339
f 1339 1171 1333
f 1337 1493 1340
f 1338 1341 1342
f 1342 1173 1339
f 1340 1496 1343
f 1341 1344 1345
f 1345 1176 1342
f 1343 1499 1346
f 1344 1347 1348
f 1348 1179 1345
f 1346 1502 1349
f 1347 1350 1351
f 1351 1182 1348
f 1351 1352 1353
f 1353 1183 1182
f 1353 1354 1355
f 1355 1185 1183
f 1355 1356 2
f 1355 1188 1185
f 1352 1509 1357
f 1354 1358 1356
f 1357 1512 1359
f 1358 1360 1361
f 1361 3 1356
f 1360 1364 1362
f 1361 1363 3
f 1364 1521 1365
f 1362 1366 1363
f 1365 1527 1367
f 1366 1368 1369
f 1369 5 1363
f 1368 1372 1370
f 1369 1371 5
f 1370 1373 1374
f 1370 1375 1371
f 1376 6 1371
f 1374 1540 1377
f 1375 1378 1376
f 1193 1192 1376
f 1377 1380 1379
f 1378 1196 1193
f 1380 1382 1381
f 1379 1197 1196
f 1382 1550 1383
f 1381 1384 1197
f 1384 1198 1197
f 1384 1385 1386
f 1386 1387 1200
f 1387 1201 1200
f 1387 1389 1390
f 1387 1391 1388
f 1392 1204 1388
f 1390 1558 1393
f 1391 1394 1392
f 1210 1207 1392
f 1393 1396 1395
f 1394 1212 1210
f 1396 1398 1397
f 1395 1215 1212
f 1398 1401 1399
f 1397 1400 1215
f 1401 1565 1402
f 1399 1403 1400
f 1404 1216 1400
f 1402 1568 1405
f 1403 1406 1404
f 1407 1219 1404
f 1405 1571 1408
f 1406 1409 1407
f 1410 1222 1407
f 1408 1574 1411
f 1409 1412 1410
f 1413 1225 1410
f 1411 1419 1414
f 1412 1415 1413
f 1416 1228 1413
f 1414 1418 1417
f 1415 1237 1416
f 1418 1242 1240
f 1417 1238 1237
f 1418 1419 1420
f 1420 1244 1242
f 1420 1421 1422
f 1422 1423 1244
f 1423 1424 1425
f 1425 1426 1247
f 1423 1245 1244
f 1426 1427 1428
f 1428 1429 1250
f 1426 1248 1247
f 1429 1430 1431
f 1431 1432 1253
f 1429 1251 1250
f 1432 1433 1434
f 1434 1436 1435
f 1432 1254 1253
f 1436 1438 1437
f 1435 1256 1254
f 1438 1440 1439
f 1437 1258 1256
f 1440 1442 1441
f 1439 1260 1258
f 1442 35 1443
f 1441 1262 1260
f 35 40 1444
f 1443 1264 1262
f 40 1446 1445
f 1444 1267 1264
f 1446 1449 1447
f 1445 1448 1267
f 1449 1675 1450
f 1447 1451 1448
f 1452 1268 1448
f 1450 1681 1453
f 1451 1454 1452
f 1455 1271 1452
f 1453 1682 1456
f 1454 1457 1455
f 1458 1274 1455
f 1456 1685 1459
f 1457 1460 1458
f 1461 1277 1458
f 1459 1688 1462
f 1460 1463 1461
f 1287 1280 1461
f 1462 1465 1464
f 1463 1288 1287
f 1465 1467 1466
f 1464 1290 1288
f 1467 1469 1468
f 1466 1293 1290
f 1469 1471 1470
f 1470 1294 1293
f 1470 1472 1473
f 1473 1474 1294
f 1474 1475 1476
f 1476 1477 1297
f 1474 1295 1294
f 1477 1478 1479
f 1479 1321 1319
f 1477 1298 1297
f 1476 1475 1480
f 1478 1331 1329
f 1329 1325 1479
f 1475 1482 1481
f 1480 1334 1331
f 1482 1485 1483
f 1481 1484 1334
f 1485 1700 1486
f 1483 1487 1484
f 1486 1705 1488
f 1487 1489 1490
f 1490 1335 1484
f 1488 1708 1491
f 1489 1492 1493
f 1493 1337 1490
f 1491 1711 1494
f 1492 1495 1496
f 1496 1340 1493
f 1494 1714 1497
f 1495 1498 1499
f 1499 1343 1496
f 1497 1717 1500
f 1498 1501 1502
f 1502 1346 1499
f 1500 1720 1503
f 1501 1504 1505
f 1505 1349 1502
f 1505 1506 1507
f 1507 1350 1349
f 1507 1508 1509
f 1509 1352 1350
f 1506 1727 1510
f 1508 1511 1512
f 1512 1357 1509
f 1510 1730 1513
f 1511 1514 1515
f 1515 1359 1512
f 1515 1516 1517
f 1517 1360 1359
f 1516 1519 1518
f 1517 1364 1360
f 1519 1522 1520
f 1518 1521 1364
f 1522 1744 1523
f 1520 1524 1521
f 1523 1749 1525
f 1524 1526 1527
f 1527 1365 1521
f 1525 1752 1528
f 1526 1529 1530
f 1530 1367 1527
f 1530 1531 1532
f 1532 1368 1367
f 1532 1533 1534
f 1534 1372 1368
f 1534 1535 1536
f 1536 1373 1372
f 1536 1537 1538
f 1538 1539 1373
f 1539 1374 1373
f 1539 1541 1542
f 1542 1543 1540
f 1543 1377 1540
f 1543 1544 1545
f 1545 1382 1380
f 1545 1546 1547
f 1547 1550 1382
f 1547 1548 1549
f 1549 1551 1550
f 1551 1383 1550
f 1551 1552 1553
f 1553 1554 1385
f 1554 1386 1385
f 1554 1555 1556
f 1556 1557 1389
f 1557 1390 1389
f 1557 33 29
f 29 1559 1558
f 1396 1393 1558
f 1559 28 1560
f 1560 1398 1396
f 1560 1561 1562
f 1562 1401 1398
f 1562 1563 1564
f 1562 1565 1401
f 1563 2371 1566
f 1564 1567 1565
f 1568 1402 1565
f 1566 2372 1569
f 1567 1570 1568
f 1571 1405 1568
f 1569 2373 1572
f 1570 1573 1571
f 1574 1408 1571
f 1572 1576 1575
f 1573 1421 1574
f 1576 1577 1424
f 1575 1422 1421
f 1577 1578 1579
f 1579 1580 1427
f 1577 1425 1424
f 1580 1581 1582
f 1582 1583 1430
f 1580 1428 1427
f 1583 1584 1585
f 1585 1586 1433
f 1583 1431 1430
f 1586 1587 1588
f 1588 1590 1589
f 1586 1434 1433
f 1590 1592 1591
f 1589 1436 1434
f 1592 1594 1593
f 1591 1438 1436
f 1594 1596 1595
f 1593 1440 1438
f 1596 37 36
f 1595 1442 1440
f 1596 1597 1598
f 1598 1599 37
f 1599 1600 1601
f 1601 1605 1602
f 1599 41 37
f 1602 1604 41
f 1605 1606 1603
f 1606 1608 1603
f 1606 1609 1610
f 1610 1611 1607
f 1611 1613 1607
f 1611 1614 1615
f 1615 1616 1612
f 1616 1618 1612
f 1616 1619 1620
f 1620 1621 1617
f 1621 1623 1617
f 1621 1624 1625
f 1625 1626 1622
f 1626 1628 1622
f 1626 1629 147
f 147 146 1627
f 1625 1624 1630
f 1629 1631 1632
f 1632 143 147
f 1632 1633 1634
f 1634 144 143
f 1634 1635 1636
f 1636 1637 144
f 1637 1638 1639
f 1639 1641 1640
f 1637 145 144
f 1641 1644 1642
f 1640 1643 145
f 1644 1868 1645
f 1642 1646 1643
f 1645 1648 1647
f 1647 1628 1627
f 1646 146 1643
f 1647 1649 1650
f 1650 1651 1628
f 1651 1652 1653
f 1653 1654 1623
f 1651 1622 1628
f 1654 1655 1656
f 1656 1657 1618
f 1654 1617 1623
f 1657 1658 1659
f 1659 1660 1613
f 1657 1612 1618
f 1660 1661 1662
f 1662 1663 1608
f 1660 1607 1613
f 1662 1665 1664
f 1663 38 1604
f 1663 1603 1608
f 1665 1668 1666
f 1664 1667 38
f 1668 1893 1669
f 1666 1670 1667
f 1669 1898 1671
f 1670 1672 1673
f 1673 39 1667
f 1673 1449 1446
f 1446 40 39
f 1671 1676 1674
f 1672 1675 1449
f 1676 1901 1677
f 1674 1678 1675
f 1677 1908 1679
f 1678 1680 1681
f 1681 1450 1675
f 1682 1453 1681
f 1679 1911 1683
f 1680 1684 1682
f 1685 1456 1682
f 1683 1914 1686
f 1684 1687 1685
f 1688 1459 1685
f 1687 1689 1690
f 1690 1691 1688
f 1465 1462 1688
f 1691 1692 1693
f 1693 1467 1465
f 1693 1694 1695
f 1693 1469 1467
f 1695 1696 1697
f 1695 1471 1469
f 1696 1699 1698
f 1697 1472 1471
f 1698 1700 1485
f 1485 1482 1472
f 1696 2122 1701
f 1699 1702 1700
f 1701 2124 1703
f 1702 1704 1705
f 1705 1486 1700
f 1703 2127 1706
f 1704 1707 1708
f 1708 1488 1705
f 1706 2130 1709
f 1707 1710 1711
f 1711 1491 1708
f 1709 2133 1712
f 1710 1713 1714
f 1714 1494 1711
f 1712 2136 1715
f 1713 1716 1717
f 1717 1497 1714
f 1715 2139 1718
f 1716 1719 1720
f 1720 1500 1717
f 1718 2142 1721
f 1719 1722 1723
f 1723 1503 1720
f 1723 1724 1725
f 1725 1504 1503
f 1725 1726 1727
f 1727 1506 1504
f 1724 2150 1728
f 1726 1729 1730
f 1730 1510 1727
f 1728 2151 1731
f 1729 1732 1733
f 1733 1513 1730
f 1733 1734 1735
f 1735 1514 1513
f 1735 1736 1737
f 1737 1516 1514
f 1737 1738 1739
f 1739 1519 1516
f 1739 1740 1741
f 1739 1522 1519
f 1741 1742 1743
f 1741 1744 1522
f 1742 2310 1745
f 1743 1746 1744
f 1745 2313 1747
f 1746 1748 1749
f 1749 1523 1744
f 1747 2316 1750
f 1748 1751 1752
f 1752 1525 1749
f 1750 2318 1753
f 1751 1754 1755
f 1755 1528 1752
f 1755 1756 1757
f 1757 1529 1528
f 1757 1758 1759
f 1759 1531 1529
f 1759 1760 1761
f 1761 1533 1531
f 1761 1762 1763
f 1763 1535 1533
f 1763 1764 1765
f 1765 1537 1535
f 1765 1766 1767
f 1767 1768 1537
f 1768 1538 1537
f 1768 1769 1770
f 1770 1771 1541
f 1771 1542 1541
f 1770 1773 1772
f 1771 1546 1544
f 1772 1774 1775
f 1775 1548 1546
f 1775 1776 1777
f 1777 1778 1548
f 1778 1549 1548
f 1778 1779 1780
f 1780 1781 1552
f 1781 1553 1552
f 1781 1782 1783
f 1783 1786 1555
f 1783 1784 1785
f 1785 32 1786
f 1785 1787 1788
f 1788 1793 32
f 1788 1789 1790
f 1788 1791 1793
f 1792 31 1793
f 1790 1968 1794
f 1791 1795 1792
f 1795 1797 1792
f 1794 1971 1798
f 1798 1799 1796
f 1799 1801 1796
f 1799 1802 1803
f 1803 1804 1800
f 1804 1805 1806
f 1806 2074 1807
f 1804 1808 1800
f 1809 1801 1800
f 1807 2068 1810
f 1808 1811 1809
f 1812 2368 1809
f 1810 2067 1813
f 1811 1814 1812
f 1815 2365 1812
f 1813 2069 1816
f 1814 1817 1815
f 1818 2359 1815
f 1816 2071 1819
f 1817 1820 1818
f 1821 2356 1818
f 1819 1823 1822
f 1820 1584 1821
f 1823 1824 1587
f 1822 1585 1584
f 1824 1825 1826
f 1826 1828 1827
f 1824 1588 1587
f 1828 1830 1829
f 1827 1590 1588
f 1830 1832 1831
f 1829 1592 1590
f 1832 1833 1597
f 1831 1594 1592
f 1833 1834 1835
f 1835 1836 1600
f 1833 1598 1597
f 1836 1837 1838
f 1838 1840 1839
f 1836 1601 1600
f 1840 1841 1609
f 1839 1605 1601
f 1841 1610 1609
f 1841 1842 1843
f 1843 1844 1614
f 1844 1615 1614
f 1844 1845 1846
f 1846 1847 1619
f 1847 1620 1619
f 1847 1848 1849
f 1849 1630 1624
f 1849 1850 1851
f 1851 1631 1630
f 1850 1853 1852
f 1852 1633 1631
f 1853 1855 1854
f 1852 1635 1633
f 1855 2023 1856
f 1854 1857 1635
f 1856 2028 1858
f 1857 1859 1638
f 1857 1636 1635
f 1858 2031 1860
f 1859 1861 1862
f 1859 1639 1638
f 1861 1864 1863
f 1862 1641 1639
f 1864 1866 1865
f 1863 1644 1641
f 1866 1869 1867
f 1865 1868 1644
f 1869 2041 1870
f 1867 1871 1868
f 1870 1873 1872
f 1871 1649 1648
f 1648 1645 1868
f 1873 2045 1874
f 1872 1875 1649
f 1874 2077 1876
f 1876 1877 1652
f 1875 1650 1649
f 1877 1878 1879
f 1879 1880 1655
f 1877 1653 1652
f 1880 1881 1882
f 1882 1883 1658
f 1880 1656 1655
f 1883 1884 1885
f 1885 1886 1661
f 1883 1659 1658
f 1886 1887 1888
f 1886 1668 1665
f 1665 1662 1661
f 1888 1889 1890
f 1890 1893 1668
f 1890 1891 1892
f 1892 1894 1893
f 1894 1895 1896
f 1894 1897 1898
f 1898 1669 1893
f 1897 1899 1900
f 1897 1901 1676
f 1676 1671 1898
f 1900 1902 1903
f 1900 1904 1901
f 1904 1905 1906
f 1904 1907 1908
f 1908 1677 1901
f 1907 1909 1910
f 1910 1912 1911
f 1911 1679 1908
f 1912 1913 13
f 13 10 1914
f 1914 1683 1911
f 1910 1915 1913
f 1915 1917 1918
f 1918 11 1913
f 1909 1919 1916
f 1919 1921 1916
f 1919 1906 1905
f 1905 1922 1920
f 1922 1924 1920
f 1922 1903 1902
f 1902 1925 1923
f 1925 1927 1923
f 1925 1899 1928
f 1928 1929 1926
f 1929 1931 1926
f 1929 1895 1932
f 1932 1933 1930
f 1933 1935 1930
f 1933 1891 1936
f 1936 1937 1934
f 1937 1939 1934
f 1937 1940 1941
f 1941 1942 1938
f 1942 1944 1938
f 1942 1945 1946
f 1946 1947 1943
f 1947 1949 1943
f 1947 1950 1951
f 1951 1952 1948
f 1952 1954 1948
f 1952 1955 1956
f 1956 1957 1953
f 1957 1959 1953
f 1957 1960 1961
f 1961 1962 1958
f 1962 1784 1958
f 1962 1963 1964
f 1964 1789 1787
f 1964 1965 1966
f 1966 1967 1789
f 1968 1790 1789
f 1966 2043 1969
f 1967 1970 1968
f 1971 1794 1968
f 1969 2042 1972
f 1970 1973 1971
f 1802 1798 1971
f 1972 2046 1974
f 1974 1975 1802
f 1975 1803 1802
f 1975 1976 1977
f 1977 1978 1805
f 1978 1806 1805
f 1978 1980 1981
f 1981 1982 1979
f 1982 1984 1979
f 1982 1985 1986
f 1986 1987 1983
f 1987 97 1983
f 1987 1989 1990
f 1990 1991 1988
f 1991 1993 1988
f 1991 1994 1995
f 1995 1996 1992
f 1996 1998 1992
f 1996 1999 2000
f 2000 2001 1997
f 2001 2003 1997
f 2001 2004 2005
f 2001 2006 2002
f 2007 2055 2002
f 2005 2011 2008
f 2006 2009 2007
f 1834 2053 2007
f 2008 2010 1837
f 2009 1835 1834
f 2010 2011 2012
f 2012 2014 2013
f 2010 1838 1837
f 2014 2015 1842
f 2013 1840 1838
f 2015 2016 99
f 99 103 1845
f 2015 1843 1842
f 2014 2017 2016
f 2012 2011 2018
f 2017 2019 2020
f 2020 100 2016
f 2020 2021 2022
f 2022 101 100
f 2022 2023 1855
f 1855 1853 101
f 2019 2052 2024
f 2021 2025 2023
f 2024 2051 2026
f 2025 2027 2028
f 2028 1856 2023
f 2026 2050 2029
f 2027 2030 2031
f 2031 1858 2028
f 2029 2048 2032
f 2030 131 2033
f 2033 1860 2031
f 2033 130 2034
f 2034 1861 1860
f 130 133 2035
f 2034 1864 1861
f 133 2037 2036
f 2035 1866 1864
f 2037 2039 2038
f 2036 1869 1866
f 2039 2042 2040
f 2038 2041 1869
f 2042 1969 2043
f 2040 2044 2041
f 2043 1966 1965
f 2044 2045 1873
f 1873 1870 2041
f 2046 1972 2042
f 2039 2047 2046
f 1976 1974 2046
f 2037 133 132
f 2047 135 1976
f 2048 1985 2049
f 2032 134 131
f 2049 1981 1980
f 2049 135 134
f 2048 1986 1985
f 2029 2050 1989
f 2050 1990 1989
f 2026 2051 1994
f 2051 1995 1994
f 2024 2052 1999
f 2052 2000 1999
f 2052 2018 2004
f 2011 2005 2004
f 1830 1828 2054
f 2053 2055 2007
f 2053 1832 1830
f 1828 1826 2056
f 2054 2057 2055
f 2056 2072 2058
f 2057 2059 2003
f 2003 2002 2055
f 2058 2066 2060
f 2060 2061 1998
f 2059 1997 2003
f 2061 2062 2063
f 2063 94 1993
f 2061 1992 1998
f 2064 2067 2065
f 2065 95 2063
f 2062 2066 2064
f 2067 1810 2068
f 2068 2073 95
f 2069 1813 2067
f 2064 2070 2069
f 2071 1816 2069
f 2066 2058 2072
f 2070 1825 2071
f 2072 1826 1825
f 94 97 1988
f 1984 2073 2074
f 2074 1806 1979
f 1983 97 96
f 1977 1976 135
f 1965 2075 2045
f 2075 1961 1960
f 2075 2076 2077
f 2077 1874 2045
f 2076 1956 1955
f 1955 2078 1878
f 2076 1876 2077
f 2078 1951 1950
f 1950 2079 1881
f 2078 1879 1878
f 2079 1946 1945
f 1945 2080 1884
f 2079 1882 1881
f 2080 1941 1940
f 1940 1889 1887
f 2080 1885 1884
f 1959 1780 1779
f 1779 1954 1953
f 1958 1784 1782
f 1954 1777 1776
f 1954 1949 1948
f 1949 1774 2081
f 2081 1944 1943
f 1774 1773 2082
f 2082 2083 1944
f 2083 1769 2084
f 2084 2085 1939
f 2083 1938 1944
f 2085 1766 2086
f 2086 2087 1935
f 2085 1934 1939
f 2087 2088 2089
f 2089 2090 1931
f 2087 1930 1935
f 2090 2091 2092
f 2092 2093 1927
f 2090 1926 1931
f 2093 2094 2095
f 2095 2096 1924
f 2093 1923 1927
f 2096 2097 2098
f 2098 2099 1921
f 2096 1920 1924
f 2099 2100 2101
f 2101 2102 1917
f 2099 1916 1921
f 2102 2103 2104
f 2104 2106 2105
f 2102 1918 1917
f 2106 2107 12
f 2105 11 1918
f 2107 2108 2109
f 2109 2112 2110
f 2107 2111 12
f 2112 2211 2113
f 2110 2114 2111
f 2113 2210 2115
f 2114 2116 2117
f 2117 8 2111
f 2116 2119 2118
f 2117 9 8
f 2119 2122 2120
f 2118 2121 9
f 1689 10 9
f 2120 1694 1692
f 2121 1690 1689
f 2122 1696 1694
f 2119 2123 2124
f 2124 1701 2122
f 2116 2115 2125
f 2123 2126 2127
f 2127 1703 2124
f 2125 2209 2128
f 2126 2129 2130
f 2130 1706 2127
f 2128 2213 2131
f 2129 2132 2133
f 2133 1709 2130
f 2131 2350 2134
f 2132 2135 2136
f 2136 1712 2133
f 2134 2352 2137
f 2135 2138 2139
f 2139 1715 2136
f 2137 2354 2140
f 2138 2141 2142
f 2142 1718 2139
f 2141 2143 2144
f 2141 2145 2146
f 2146 1721 2142
f 2146 2147 2148
f 2148 1722 1721
f 2148 2149 2150
f 2150 1724 1722
f 2147 2152 106
f 2149 105 2151
f 2151 1728 2150
f 2152 2154 2155
f 2155 109 106
f 2152 2145 2153
f 2155 2156 2157
f 2157 110 109
f 2157 2158 2159
f 2159 2160 110
f 2160 2161 2162
f 2162 2164 2163
f 2160 107 110
f 2164 2166 2165
f 2163 108 107
f 2166 1734 1732
f 2165 1731 108
f 2166 2167 2168
f 2168 1736 1734
f 2167 2170 2169
f 2169 1738 1736
f 2170 140 138
f 138 1740 1738
f 2170 2171 2172
f 2172 141 140
f 2173 2303 141
f 2172 2174 2173
f 2175 2300 2173
f 2171 2162 2161
f 2174 2176 2175
f 2177 2299 2175
f 2176 2159 2158
f 2158 2178 2177
f 2178 2180 2177
f 2178 2156 2181
f 2181 2182 2179
f 2182 2184 2179
f 2182 2185 2186
f 2186 2187 2183
f 2188 2290 2183
f 2187 2189 2190
f 2187 2191 2188
f 2192 2287 2188
f 2190 2353 2193
f 2191 2194 2192
f 2195 2284 2192
f 2193 2351 2196
f 2194 2197 2195
f 2198 2282 2195
f 2196 2349 2199
f 2197 2200 2198
f 2200 2202 2198
f 2199 2212 2203
f 2203 2204 2201
f 2204 2206 2201
f 2204 2207 2208
f 2208 2211 2205
f 2208 2209 2210
f 2210 2113 2211
f 2207 2212 2213
f 2213 2128 2209
f 2206 2215 2216
f 2216 2202 2201
f 2205 2217 2214
f 2217 2219 2214
f 2217 2211 2112
f 2112 2109 2218
f 2219 2221 2222
f 2222 2215 2214
f 2218 2223 2220
f 2223 2225 2220
f 2223 2109 2108
f 2108 2226 2224
f 2226 2228 2224
f 2226 2106 2104
f 2104 2103 2227
f 2228 2230 2231
f 2231 2225 2224
f 2227 2232 2229
f 2232 2234 2229
f 2232 2103 2235
f 2235 2236 2233
f 2236 2238 2233
f 2236 2100 2239
f 2239 2240 2237
f 2240 2242 2237
f 2240 2097 2243
f 2243 2244 2241
f 2244 2246 2241
f 2244 2094 2247
f 2247 2248 2245
f 2248 1758 2245
f 2248 2091 2249
f 2249 1762 1760
f 2249 2089 2088
f 2088 1764 1762
f 2247 2092 2091
f 2246 1754 2250
f 2250 2242 2241
f 2245 1758 1756
f 2250 1753 2251
f 2251 2252 2242
f 2252 2253 2254
f 2254 2255 2238
f 2252 2237 2242
f 2255 2256 2257
f 2257 2258 2234
f 2255 2233 2238
f 2258 2259 2260
f 2260 2261 2230
f 2258 2229 2234
f 2261 2262 2263
f 2263 2265 2264
f 2261 2231 2230
f 2265 2267 2266
f 2264 2225 2231
f 2267 2268 2221
f 2266 2220 2225
f 2268 2269 2270
f 2270 65 2271
f 2268 2222 2221
f 2270 2272 2273
f 2273 66 65
f 2273 2274 2275
f 2275 2276 66
f 2276 2277 2278
f 2278 2280 2279
f 2276 62 66
f 2280 2282 2281
f 2279 63 62
f 2282 2198 2202
f 2202 2216 63
f 2280 2283 2284
f 2284 2195 2282
f 2278 2277 2285
f 2283 2286 2287
f 2287 2192 2284
f 2285 2336 2288
f 2286 2289 2290
f 2290 2188 2287
f 2289 52 2291
f 2291 2292 2184
f 2289 2183 2290
f 2292 2293 2294
f 2294 2295 2180
f 2292 2179 2184
f 2295 2296 2297
f 2295 2298 2299
f 2295 2177 2180
f 2300 2175 2299
f 2297 2342 2301
f 2298 2302 2300
f 2303 2173 2300
f 2301 2345 2304
f 2302 2305 2303
f 139 141 2303
f 2304 2308 2306
f 2305 2307 139
f 2308 2311 2309
f 2306 2310 2307
f 2309 2312 2313
f 2313 1745 2310
f 2311 2348 2314
f 2312 2315 2316
f 2316 1747 2313
f 2314 2319 2317
f 2315 2253 2318
f 2318 1750 2316
f 2319 2320 2256
f 2317 2254 2253
f 2320 2321 2322
f 2322 2323 2259
f 2320 2257 2256
f 2323 2324 2325
f 2325 2326 2262
f 2323 2260 2259
f 2326 2327 2328
f 2328 2330 2329
f 2326 2263 2262
f 2330 2332 2331
f 2329 2265 2263
f 2332 2272 2269
f 2331 2267 2265
f 2332 2333 2334
f 2334 2274 2272
f 2334 50 54
f 54 2335 2274
f 2335 53 2336
f 2336 2285 2277
f 2335 2275 2274
f 2333 2338 50
f 2330 2328 2337
f 2337 2340 2338
f 2328 2327 2339
f 2340 2294 2293
f 2293 51 2338
f 2340 2341 2296
f 2342 2297 2296
f 2341 2327 2343
f 2341 2344 2342
f 2345 2301 2342
f 2344 2324 2346
f 2344 2347 2345
f 2308 2304 2345
f 2346 2321 2348
f 2347 2311 2308
f 2346 2322 2321
f 2343 2325 2324
f 2319 2314 2348
f 2291 52 51
f 2336 53 52
f 2251 1753 2318
f 2243 2095 2094
f 2239 2098 2097
f 2235 2101 2100
f 2271 64 2215
f 2216 64 63
f 2212 2349 2350
f 2350 2131 2213
f 2349 2351 2352
f 2352 2134 2350
f 2351 2353 2354
f 2354 2137 2352
f 2190 2189 2143
f 2143 2140 2354
f 2186 2185 2355
f 2189 2144 2143
f 2185 2154 2153
f 2355 2145 2144
f 2181 2156 2154
f 2167 2164 2162
f 2209 2115 2210
f 2086 1766 1764
f 2084 1767 1766
f 1773 1770 1769
f 1936 1891 1889
f 1932 1892 1891
f 1928 1896 1895
f 1853 102 101
f 1848 103 102
f 1846 1845 103
f 1823 1819 2071
f 2357 2360 2358
f 2356 2359 1818
f 2356 1581 2357
f 2360 2372 2361
f 2358 2362 2359
f 2361 2371 2363
f 2362 2364 2365
f 2365 1815 2359
f 2363 2369 2366
f 2364 2367 2368
f 2368 1812 2365
f 2366 2370 1797
f 2367 1796 1801
f 1801 1809 2368
f 2369 30 2370
f 2369 1561 30
f 2369 2371 1563
f 2372 1566 2371
f 2373 1569 2372
f 2360 1578 2373
f 2357 1579 1578
f 1821 1582 1581
f 2068 2074 2073
f 2370 31 1792
f 1742 137 2307
f 1740 138 137
f 2151 105 108
f 1686 1914 10
f 1576 1572 2373
f 1556 1786 33
f 1482 1473 1472
f 1419 1411 1574
f 1192 7 6
f 1235 1231 1416
f 1318 2374 84
f 2374 1285 85
f 85 80 84
f 1059 907 1233
f 883 1042 650
f 883 648 646
f 795 776 775
f 783 501 500
f 779 496 2375
f 2375 774 773
f 778 500 498
f 2375 494 493
f 493 2376 774
f 2376 491 490
f 490 2377 769
f 2376 768 774
f 2377 488 487
f 487 2378 764
f 2377 763 769
f 2378 485 484
f 484 2379 759
f 2378 758 764
f 2379 482 481
f 481 2380 754
f 2379 753 759
f 2380 479 478
f 478 2381 749
f 2380 748 754
f 2381 476 475
f 2381 2382 2383
f 2381 745 749
f 2382 473 472
f 2382 2384 2385
f 2385 742 2383
f 472 470 2386
f 2384 2387 2388
f 2388 739 2385
f 2386 468 2389
f 2387 2390 2391
f 2391 736 2388
f 2390 466 465
f 465 2393 2392
f 2392 733 2391
f 2392 23 729
f 683 124 127
f 681 125 124
f 679 128 125
f 1041 650 1042
f 641 386 384
f 586 576 575
f 532 509 790
f 463 26 2393
f 457 714 25
f 378 231 379
f 326 325 77
f 525 276 275
f 246 44 241
f 43 42 379

