{
  "name": "BTG_8",
  "source_file": "BTG_8.stl",
  "canonical_scale_factor": 154.36481821248015,
  "source_unit_scale": 0.001,
  "centroid_offset": [
    144.50643832942606,
    140.63825597096846,
    129.4315958792094
  ],
  "original_bbox": [
    282.2963562011719,
    282.61737060546875,
    255.20260620117188
  ],
  "normalised_bbox": [
    1.8287609798017348,
    1.830840562494308,
    1.6532433306784353
  ],
  "export_bbox": [
    0.23347530837284886,
    0.23374080573187933,
    0.21106722021559687
  ],
  "export_bbox_scale_factor": 0.12766857503606682,
  "export_bbox_target_size": 0.23374080573187933,
  "export_bbox_target_axis": "max",
  "volume_m3": 2202562.8867913685,
  "surface_area_m2": 139657.18664384529,
  "export_volume_m3": 0.0012460497225995249,
  "export_surface_area_m2": 0.0955288741780971,
  "n_faces": 23040,
  "n_vertices": 11522,
  "is_watertight": true,
  "mass_kg": 0.05,
  "inertia": {
    "ixx": 0.00016002865412055413,
    "iyy": 0.00013774628164981686,
    "izz": 0.00018088985769121872,
    "ixy": -1.8557126337705782e-07,
    "ixz": -2.856473637395697e-05,
    "iyz": -3.136826918879015e-06
  },
  "point_cloud_counts": [
    100,
    1024
  ],
  "point_cloud_space": "unit_sphere",
  "urdf_file": "BTG_8.urdf"
}