{
  "name": "BTG_7",
  "source_file": "BTG_7.stl",
  "canonical_scale_factor": 154.41322745658383,
  "source_unit_scale": 0.001,
  "centroid_offset": [
    109.98803143724619,
    152.57911778004942,
    78.14829714168137
  ],
  "original_bbox": [
    188.89874267578125,
    284.2393493652344,
    209.97918701171875
  ],
  "normalised_bbox": [
    1.223332649587249,
    1.8407707296005686,
    1.359852329171465
  ],
  "export_bbox": [
    0.15614705256386122,
    0.23495728980170358,
    0.17357252190879405
  ],
  "export_bbox_scale_factor": 0.12764071376378702,
  "export_bbox_target_size": 0.2349572898017036,
  "export_bbox_target_axis": "max",
  "volume_m3": 1610442.2235329861,
  "surface_area_m2": 103892.55025208519,
  "export_volume_m3": 0.0009096185734052166,
  "export_surface_area_m2": 0.0709894570136067,
  "n_faces": 19200,
  "n_vertices": 9602,
  "is_watertight": true,
  "mass_kg": 0.05,
  "inertia": {
    "ixx": 0.00015887610894652489,
    "iyy": 9.52552816443073e-05,
    "izz": 0.00015335181743759193,
    "ixy": -8.064112082377058e-06,
    "ixz": -2.0508650228531684e-05,
    "iyz": 9.09295967856866e-06
  },
  "point_cloud_counts": [
    100,
    1024
  ],
  "point_cloud_space": "unit_sphere",
  "urdf_file": "BTG_7.urdf"
}