{
  "name": "BTG_6",
  "source_file": "BTG_6.stl",
  "canonical_scale_factor": 155.31137763731363,
  "source_unit_scale": 0.001,
  "centroid_offset": [
    105.89176905331372,
    142.94062944659342,
    85.55135287934063
  ],
  "original_bbox": [
    175.67771911621094,
    283.8056945800781,
    209.645263671875
  ],
  "normalised_bbox": [
    1.131132321332293,
    1.827333572707256,
    1.3498384140371416
  ],
  "export_bbox": [
    0.17567771911621094,
    0.2838056945800781,
    0.20964526367187497
  ],
  "export_bbox_scale_factor": 0.15531137763731362,
  "export_bbox_target_size": null,
  "export_bbox_target_axis": null,
  "volume_m3": 1880247.353909039,
  "surface_area_m2": 118164.14727974859,
  "export_volume_m3": 0.0018802473539090384,
  "export_surface_area_m2": 0.11816414727974858,
  "n_faces": 20480,
  "n_vertices": 10242,
  "is_watertight": true,
  "mass_kg": 0.05,
  "inertia": {
    "ixx": 0.00023572775260593772,
    "iyy": 0.00014020481131988609,
    "izz": 0.0002385689857200237,
    "ixy": 2.3839733610655657e-07,
    "ixz": -2.153937042351424e-05,
    "iyz": 2.3708286795154903e-05
  },
  "point_cloud_counts": [
    100,
    1024
  ],
  "point_cloud_space": "unit_sphere",
  "urdf_file": "BTG_6.urdf"
}