# https://github.com/mikedh/trimesh

o Stage1_2Dcross_NEW_Rescaled_5.stl
v 0.03216484 -0.01093863 -0.00868268
v 0.03180168 -0.00955948 -0.01325886
v 0.03284001 -0.00379190 -0.00992810
v 0.02942497 -0.01643302 -0.01512612
v 0.03304570 -0.00966202 -0.00046587
v 0.03296233 -0.01417789 -0.00216718
v 0.03293169 -0.00401407 -0.00442223
v 0.03194511 -0.01596744 -0.00855813
v -0.03165993 -0.01186295 -0.01058421
v -0.03115981 -0.01095230 -0.01556278
v -0.02874330 -0.01669767 -0.01633144
v -0.03274928 -0.00528946 -0.00809226
v -0.03261549 -0.00536319 -0.01331658
v -0.03185213 -0.01587638 -0.00886668
v -0.03186855 0.01001278 0.01116564
v -0.02886794 0.01611825 0.01682072
v -0.03172621 0.01452475 0.00945302
v -0.03170345 0.00943710 0.01632571
v -0.03289436 0.01198202 0.00325207
v -0.03292451 0.00301815 0.01006950
v -0.03285072 0.00355282 0.01489671
v -0.03285670 0.00755575 0.00403781
v -0.03213112 -0.01071915 0.00893133
v -0.03185133 -0.00902042 0.01409879
v -0.03288435 -0.00336222 0.01102590
v -0.03213252 -0.01510611 0.00780959
v -0.02910316 -0.01570401 0.01576485
v -0.03285805 -0.00427921 0.00588391
v -0.03301405 -0.01026749 -0.00082185
v 0.03070280 0.01236801 0.01268559
v 0.02975359 0.01444882 0.01516883
v 0.03058574 0.01251156 0.01839734
v 0.03211894 0.01476474 0.00783793
v 0.03041753 0.01696127 0.01286563
v 0.03203398 0.00824081 0.01566989
v 0.03226665 0.00993686 0.00849857
v 0.02961687 0.01474252 -0.01523213
v 0.02987065 0.01410922 -0.01985926
v 0.02632243 0.02002377 -0.02083316
v 0.02976494 0.01849301 -0.01434643
v 0.03200151 0.00848202 -0.01357649
v 0.03188286 0.00861142 -0.01804446
v 0.03220439 0.01248153 -0.00804754
v 0.03206670 0.01638363 -0.00803073
v -0.03099477 0.01276547 -0.01155108
v -0.02816438 0.01790756 -0.01733015
v -0.03093953 0.01153744 -0.01627774
v -0.03260341 0.00665194 -0.00894826
v -0.03284370 0.01156063 -0.00378742
v -0.03250764 0.00619296 -0.01387599
v -0.03128084 0.01743954 -0.01055878
v -0.03278737 0.01583847 -0.00408073
v -0.00251070 -0.04798478 0.00394874
v -0.00217073 -0.04798478 0.00249329
v -0.00068611 -0.04798478 0.00545738
v -0.00309383 -0.04798478 0.00688126
v -0.00466866 -0.04798478 0.00444170
v -0.02287300 0.00456479 -0.04800372
v -0.02162862 0.00636630 -0.04800372
v -0.01981288 0.00409872 -0.04800372
v -0.02218642 0.00239096 -0.04800372
v -0.02548335 0.00464682 -0.04800372
v -0.02476961 0.00777011 -0.04800372
v 0.01589812 -0.01937809 0.04799628
v 0.01326799 -0.02013370 0.04799628
v 0.01825609 -0.02197184 0.04799628
v 0.01731670 -0.01646354 0.04799628
v 0.01371074 -0.01621671 0.04799628
v 0.02131474 -0.01862931 0.04799628
v 0.02124956 0.04801522 0.00630332
v 0.02049492 0.04801522 0.00409417
v 0.01934819 0.04801522 0.00790248
v 0.02170488 0.04801522 0.00987604
v 0.02335582 0.04801522 0.00694321
v 0.02360521 0.04801522 0.00366879
v -0.02292549 0.00386923 0.04799628
v -0.02224837 0.00136044 0.04799628
v -0.01965071 0.00310312 0.04799628
v -0.02565633 0.00411264 0.04799628
v -0.02153096 0.00581991 0.04799628
v -0.02475264 0.00745956 0.04799628
v 0.01477287 0.04801522 -0.01933806
v 0.01630980 0.04801522 -0.01714858
v 0.01582976 0.04801522 -0.02140045
v 0.01047295 0.04801522 -0.01959655
v 0.01126384 0.04801522 -0.01625361
v 0.01521330 -0.04798478 -0.01898048
v 0.01609477 -0.04798478 -0.01696579
v 0.01268901 -0.04798478 -0.01710105
v 0.01679430 -0.04798478 -0.02051457
v 0.01264336 -0.04798478 -0.01988688
v 0.01342229 -0.04798478 -0.02275491
v 0.03304716 0.00005966 0.01563058
v 0.03284758 0.00418197 0.00826221
v 0.03304472 -0.00012882 0.02085429
v 0.03213567 -0.00768326 0.01913371
v 0.03249138 0.00598446 0.02113268
v 0.03274321 -0.00451798 0.01187667
v -0.02752608 0.04801522 -0.00600282
v -0.03225905 0.04801522 -0.00729419
v -0.03297066 0.04801522 -0.00271074
v -0.02585164 0.04801522 -0.00885134
v -0.02721284 0.04801522 -0.00258363
v -0.02320027 0.04801522 -0.00511054
v 0.01953282 0.00061752 -0.04800372
v 0.01860490 -0.00175357 -0.04800372
v 0.01590996 -0.00014151 -0.04800372
v 0.02369035 0.00126156 -0.04800372
v 0.02369438 -0.00227188 -0.04800372
v 0.01835387 0.00266171 -0.04800372
v 0.02310258 0.00478744 -0.04800372
v -0.00303804 0.00005404 0.04799628
v -0.00401167 -0.00202384 0.04799628
v -0.00124300 -0.00249625 0.04799628
v -0.00095137 0.00053402 0.04799628
v -0.00166432 0.00310531 0.04799628
v -0.00413423 0.00170224 0.04799628
v -0.00611263 -0.00050382 0.04799628
v 0.00662370 0.04801522 0.02378102
v 0.00682481 0.04801522 0.02598188
v 0.01030803 0.04801522 0.02446154
v 0.00414134 0.04801522 0.02283563
v 0.00877898 0.04801522 0.02200964
v 0.00619438 0.04801522 0.01973318
v -0.00637178 -0.04798478 0.02235446
v -0.00845540 -0.04798478 0.02062082
v -0.00555037 -0.04798478 0.01914598
v -0.00367525 -0.04798478 0.02189398
v -0.00711543 -0.04798478 0.02479959
v 0.02052983 0.00540561 0.04799628
v 0.01967845 0.00281381 0.04799628
v 0.02407048 0.00203476 0.04799628
v 0.01891869 0.00733554 0.04799628
v 0.01692534 0.00413900 0.04799628
v 0.02384270 0.00587460 0.04799628
v 0.02291936 0.00932016 0.04799628
v -0.00579829 -0.04798478 -0.01239449
v -0.00640694 -0.04798478 -0.01077090
v -0.00720454 -0.04798478 -0.01394521
v -0.00359724 -0.04798478 -0.01244137
v -0.00344728 -0.04798478 -0.01017775
v -0.00448830 -0.04798478 -0.01495519
v 0.00466460 -0.01864396 -0.04800372
v 0.00661674 -0.01682584 -0.04800372
v 0.00888780 -0.01936563 -0.04800372
v 0.00549284 -0.02106559 -0.04800372
v 0.00231328 -0.02139835 -0.04800372
v 0.00262114 -0.01795768 -0.04800372
v 0.00444292 -0.01495987 -0.04800372
v 0.00363719 0.01892318 0.04799628
v 0.00398515 0.02143832 0.04799628
v 0.00139030 0.01812802 0.04799628
v 0.00518376 0.01742196 0.04799628
v 0.00709654 0.02045321 0.04799628
v 0.00263042 0.01541098 0.04799628
v -0.00683296 0.00818368 -0.04800372
v -0.00753816 0.01054501 -0.04800372
v -0.00506752 0.01094979 -0.04800372
v -0.00826942 0.00674862 -0.04800372
v -0.00997676 0.00933700 -0.04800372
v -0.00519295 0.00751474 -0.04800372
v 0.01156963 0.00150741 0.04799628
v 0.01496739 0.00594345 0.04799628
v 0.00964366 0.00547226 0.04799628
v 0.01563017 0.00057357 0.04799628
v 0.01010258 -0.00410416 0.04799628
v 0.01416704 -0.00397599 0.04799628
v 0.00605412 -0.00077335 0.04799628
v 0.00554997 0.00289022 0.04799628
v 0.00188615 0.00132895 0.04799628
v 0.00449651 0.00588363 0.04799628
v 0.00109050 0.00422909 0.04799628
v -0.00012776 0.00698349 0.04799628
v -0.00289760 0.00552865 0.04799628
v -0.00159108 0.00969149 0.04799628
v -0.00440071 0.00807138 0.04799628
v -0.00708076 0.00617880 0.04799628
v -0.00550240 0.00372665 0.04799628
v -0.00957527 0.00402792 0.04799628
v -0.00787074 0.00158065 0.04799628
v -0.01194881 0.00169833 0.04799628
v -0.01012886 -0.00088199 0.04799628
v -0.00798903 -0.00312247 0.04799628
v -0.01248750 -0.00344864 0.04799628
v -0.01010652 -0.00599601 0.04799628
v -0.00538319 -0.00486637 0.04799628
v -0.00717586 -0.00805704 0.04799628
v -0.00368269 -0.00941739 0.04799628
v -0.00221431 -0.00581339 0.04799628
v 0.00017680 -0.00979923 0.04799628
v 0.00134795 -0.00578824 0.04799628
v 0.00428288 -0.00938565 0.04799628
v 0.00533629 -0.00513028 0.04799628
v 0.00194157 -0.00211173 0.04799628
v 0.00299315 -0.01380606 0.04799628
v 0.00725639 -0.01310001 0.04799628
v 0.00858440 -0.00865323 0.04799628
v 0.01122612 -0.01248502 0.04799628
v 0.01268010 -0.00824747 0.04799628
v 0.01514885 -0.01243570 0.04799628
v 0.01676958 -0.00851676 0.04799628
v 0.01810289 -0.00458023 0.04799628
v 0.02119682 -0.00952042 0.04799628
v 0.02267155 -0.00560392 0.04799628
v 0.01912419 -0.00058316 0.04799628
v 0.02362346 -0.00169254 0.04799628
v 0.02739775 -0.00664713 0.04799628
v 0.02831792 -0.00233609 0.04799628
v 0.02858977 0.00195443 0.04799628
v 0.03297295 -0.00263761 0.04799628
v 0.03299199 0.00228061 0.04799628
v 0.02819389 0.00637265 0.04799628
v 0.03231035 0.00709970 0.04799628
v 0.03094878 0.01166220 0.04799628
v 0.02701103 0.01052230 0.04799628
v 0.02899577 0.01595150 0.04799628
v 0.02520415 0.01404477 0.04799628
v 0.02143877 0.01199032 0.04799628
v 0.02288133 0.01733798 0.04799628
v 0.01942302 0.01467855 0.04799628
v 0.01601781 0.01168783 0.04799628
v 0.01770781 0.00931015 0.04799628
v 0.01288524 0.00849154 0.04799628
v 0.01403166 0.01414682 0.04799628
v 0.01104546 0.01100131 0.04799628
v 0.00902177 0.01339950 0.04799628
v 0.00602678 0.01073593 0.04799628
v 0.00785112 0.00820736 0.04799628
v 0.00420128 0.01315756 0.04799628
v 0.00293614 0.00862240 0.04799628
v 0.00129387 0.01126767 0.04799628
v -0.00027095 0.01400644 0.04799628
v -0.00321822 0.01258358 0.04799628
v -0.00181184 0.01711215 0.04799628
v -0.00491109 0.01573202 0.04799628
v -0.00794698 0.01402914 0.04799628
v -0.00610249 0.01091000 0.04799628
v -0.01079420 0.01199862 0.04799628
v -0.00882875 0.00894662 0.04799628
v -0.01335078 0.00976400 0.04799628
v -0.01134596 0.00676034 0.04799628
v -0.01568709 0.00740829 0.04799628
v -0.01371236 0.00449130 0.04799628
v -0.01777235 0.00515072 0.04799628
v -0.01602217 0.00227499 0.04799628
v -0.01436415 -0.00065738 0.04799628
v -0.01851570 0.00015634 0.04799628
v -0.01710561 -0.00304874 0.04799628
v -0.01520448 -0.00615714 0.04799628
v -0.02024409 -0.00533902 0.04799628
v -0.01826180 -0.00886173 0.04799628
v -0.01261427 -0.00901358 0.04799628
v -0.01544093 -0.01213883 0.04799628
v -0.00933711 -0.01146085 0.04799628
v -0.01189375 -0.01512882 0.04799628
v -0.00766109 -0.01726310 0.04799628
v -0.00555025 -0.01336002 0.04799628
v -0.00301375 -0.01852750 0.04799628
v -0.00131392 -0.01397354 0.04799628
v -0.00479781 -0.02301187 0.04799628
v 0.00049260 -0.02340445 0.04799628
v 0.00168968 -0.01843448 0.04799628
v 0.00547539 -0.02268814 0.04799628
v 0.00613707 -0.01772354 0.04799628
v 0.00980540 -0.02148282 0.04799628
v 0.01011345 -0.01674259 0.04799628
v 0.01037358 -0.02628604 0.04799628
v 0.01460411 -0.02463468 0.04799628
v 0.00521422 -0.02762296 0.04799628
v 0.01157048 -0.03096085 0.04799628
v 0.01685747 -0.02842838 0.04799628
v 0.01681749 -0.02841666 0.04422772
v 0.02141661 -0.02519693 0.04799628
v 0.02151079 -0.02507633 0.04412464
v 0.02527678 -0.02132999 0.04799628
v 0.02545488 -0.02107145 0.04390551
v 0.02836162 -0.01697916 0.04799628
v 0.02380296 -0.01496183 0.04799628
v 0.02594731 -0.01097086 0.04799628
v 0.01932634 -0.01328458 0.04799628
v 0.03070610 -0.01230997 0.04799628
v 0.03220073 -0.00750675 0.04799628
v 0.03082903 -0.01181363 0.04354497
v 0.03229277 -0.00699186 0.04346341
v 0.03295793 -0.00223819 0.04341785
v 0.03240007 -0.00646134 0.03893864
v 0.03296635 -0.00179605 0.03882651
v 0.03293291 0.00251425 0.04341005
v 0.03287505 0.00284091 0.03882869
v 0.03224736 0.00715097 0.04344384
v 0.03215324 0.00739120 0.03891566
v 0.03092863 0.01155819 0.04354533
v 0.03081023 0.01174325 0.03915885
v 0.02893254 0.01589755 0.03953672
v 0.02901970 0.01579037 0.04366859
v 0.02640068 0.01989413 0.03991928
v 0.02650615 0.01975399 0.04380759
v 0.02644633 0.01985995 0.04799628
v 0.02342015 0.02331186 0.04395835
v 0.02339445 0.02343490 0.04799628
v 0.02024626 0.02037655 0.04799626
v 0.01980730 0.02648935 0.04799628
v 0.01714848 0.02314071 0.04799627
v 0.01450487 0.01980771 0.04799628
v 0.01711259 0.01731771 0.04799628
v 0.01154082 0.02203549 0.04799628
v 0.00951689 0.01872128 0.04799628
v 0.01182292 0.01656259 0.04799628
v 0.00696123 0.01562997 0.04799628
v 0.00835088 0.02392611 0.04799628
v 0.01358720 0.02556430 0.04799628
v 0.00960576 0.02758285 0.04799628
v 0.00434489 0.02499105 0.04799628
v 0.00484172 0.02869564 0.04799628
v -0.00002632 0.02528646 0.04799628
v 0.00038231 0.02165390 0.04799628
v -0.00024947 0.02917929 0.04799628
v -0.00530092 0.02846493 0.04799628
v -0.00433858 0.02456015 0.04799628
v -0.00310249 0.02069271 0.04799628
v -0.00664754 0.01931649 0.04799628
v -0.00836519 0.02302182 0.04799628
v -0.01211617 0.02107626 0.04799628
v -0.00997810 0.01747909 0.04799628
v -0.01556941 0.01874667 0.04799628
v -0.01303712 0.01530722 0.04799628
v -0.01856685 0.01604013 0.04799628
v -0.01578694 0.01292880 0.04799628
v -0.02112471 0.01332479 0.04799628
v -0.01815102 0.01039193 0.04799628
v -0.02326106 0.01050741 0.04799628
v -0.02003926 0.00807406 0.04799628
v -0.02440572 0.01576791 0.04799628
v -0.02666560 0.01214706 0.04799628
v -0.02815108 0.00823886 0.04799628
v -0.03022920 0.01343319 0.04799628
v -0.03184932 0.00894174 0.04799628
v -0.02913319 0.00421933 0.04799628
v -0.03277962 0.00436947 0.04799628
v -0.02939046 -0.00009317 0.04799628
v -0.02576704 0.00043954 0.04799628
v -0.03308528 -0.00035904 0.04799628
v -0.02880086 -0.00447086 0.04799628
v -0.02517586 -0.00339835 0.04799628
v -0.02390175 -0.00747159 0.04799628
v -0.02158534 -0.00190909 0.04799628
v -0.02759200 -0.00916861 0.04799628
v -0.02510945 -0.01372989 0.04799628
v -0.02160268 -0.01138077 0.04799628
v -0.02178828 -0.01814444 0.04799628
v -0.01849568 -0.01520841 0.04799628
v -0.01757942 -0.02225406 0.04799628
v -0.01462727 -0.01875406 0.04799628
v -0.01243489 -0.02544571 0.04799628
v -0.00994746 -0.02131729 0.04799628
v -0.01497682 -0.02947672 0.04799628
v -0.00831123 -0.03198771 0.04799628
v -0.00657356 -0.02750016 0.04799628
v -0.00130495 -0.03302433 0.04799628
v -0.00051143 -0.02819815 0.04799628
v 0.00549474 -0.03259488 0.04799628
v -0.00160811 -0.03300040 0.04465041
v 0.00520610 -0.03262296 0.04457631
v 0.00491411 -0.03266935 0.04173003
v 0.01111894 -0.03110538 0.04133877
v 0.01138615 -0.03101432 0.04438017
v 0.01080406 -0.03119986 0.03915140
v 0.01632848 -0.02866837 0.03844079
v 0.01663994 -0.02851627 0.04095406
v 0.02120024 -0.02531119 0.03772280
v 0.02144188 -0.02513736 0.04065388
v 0.02546696 -0.02104239 0.04018932
v 0.02535417 -0.02120499 0.03691311
v 0.02866570 -0.01640372 0.03969475
v 0.02856413 -0.01660392 0.04368516
v 0.02867973 -0.01640641 0.03608429
v 0.03096611 -0.01142618 0.03926182
v 0.03104424 -0.01123697 0.03526873
v 0.03248589 -0.00607755 0.03448157
v 0.03102702 -0.01132047 0.03148237
v 0.03253227 -0.00589542 0.03020678
v 0.03298418 -0.00128312 0.03420515
v 0.03302946 -0.00074503 0.02970457
v 0.03283806 0.00334677 0.03431624
v 0.03276933 0.00403012 0.02990836
v 0.03204924 0.00789242 0.03459862
v 0.03187309 0.00861972 0.03037836
v 0.03066655 0.01222348 0.03501298
v 0.03042058 0.01286703 0.03109186
v 0.02872942 0.01633896 0.03563723
v 0.02837566 0.01693100 0.03211139
v 0.02579118 0.02068930 0.03336609
v 0.02615849 0.02021298 0.03642969
v 0.02264677 0.02407406 0.03457158
v 0.02300597 0.02374276 0.03709816
v 0.02329503 0.02345199 0.04028076
v 0.01965721 0.02655624 0.04059562
v 0.01979527 0.02645761 0.04405635
v 0.01559532 0.02913827 0.04415295
v 0.01564091 0.02918783 0.04799628
v 0.01078337 0.03125619 0.04432770
v 0.01077953 0.03127450 0.04799628
v 0.00545708 0.03261337 0.04450859
v 0.00540660 0.03263852 0.04799628
v -0.00024025 0.03308236 0.04460237
v -0.00033284 0.03310214 0.04799628
v -0.00600014 0.03251693 0.04447955
v -0.00609413 0.03253646 0.04799628
v -0.01157680 0.03098935 0.04799628
v -0.01009200 0.02696396 0.04799628
v -0.01434358 0.02479892 0.04799628
v -0.01668550 0.02856186 0.04799628
v -0.01824043 0.02207919 0.04799628
v -0.02118202 0.02544003 0.04799628
v -0.02163643 0.01899813 0.04799628
v -0.02490346 0.02177279 0.04799628
v -0.02792812 0.01773349 0.04799628
v -0.02505263 0.02157040 0.04372599
v -0.02808882 0.01742147 0.04351838
v -0.03035310 0.01303866 0.04337911
v -0.02813649 0.01733944 0.03929956
v -0.03043916 0.01278866 0.03892607
v -0.03190871 0.00854330 0.04327788
v -0.03195436 0.00832675 0.03859862
v -0.03279054 0.00404647 0.04318551
v -0.03280586 0.00385971 0.03836319
v -0.03303102 -0.00050992 0.04316881
v -0.03299983 -0.00054459 0.03832790
v -0.03255666 -0.00524649 0.03853980
v -0.03259523 -0.00532633 0.04324895
v -0.03262129 -0.00540592 0.04799628
v -0.03132368 -0.01033170 0.03891077
v -0.03132204 -0.01042472 0.04341335
v -0.03131691 -0.01060392 0.04799628
v -0.02908339 -0.01563272 0.04363776
v -0.02901192 -0.01589493 0.04799628
v -0.02564064 -0.02083683 0.04391995
v -0.02551289 -0.02107022 0.04799628
v -0.02098036 -0.02550577 0.04414133
v -0.02082607 -0.02570353 0.04799628
v -0.02097633 -0.02550797 0.04067313
v -0.01527583 -0.02929801 0.04105859
v -0.01521095 -0.02931559 0.04427427
v -0.00872194 -0.03185929 0.04149135
v -0.00860255 -0.03190006 0.04446235
v -0.00870711 -0.03184708 0.03940485
v -0.00195967 -0.03297159 0.03984719
v -0.00182710 -0.03298429 0.04189011
v -0.00202119 -0.03297306 0.03862681
v 0.00450603 -0.03273209 0.03852997
v 0.00465996 -0.03269840 0.03969636
v 0.00433141 -0.03275748 0.03728155
v 0.01032774 -0.03138443 0.03661314
v 0.01059111 -0.03129728 0.03790279
v 0.01574303 -0.02903678 0.03538608
v 0.01606627 -0.02883927 0.03687023
v 0.02053246 -0.02588687 0.03374544
v 0.02091911 -0.02556461 0.03560025
v 0.02508659 -0.02149503 0.03417670
v 0.02472368 -0.02191666 0.03202231
v 0.02851860 -0.01662101 0.03280995
v 0.02822832 -0.01713468 0.03022905
v 0.03085551 -0.01178189 0.02810646
v 0.02775029 -0.01791910 0.02774505
v 0.03052263 -0.01260685 0.02514166
v 0.03252043 -0.00597184 0.02606216
v 0.03239873 -0.00653971 0.02237291
v 0.03304057 -0.00038736 0.02517695
v 0.03267693 0.00486313 0.02551188
v 0.03161076 0.00956186 0.02626321
v 0.03122173 0.01082577 0.02225366
v 0.02951921 0.01477621 0.02414014
v 0.03005534 0.01372104 0.02740919
v 0.02739861 0.01844174 0.02630919
v 0.02795329 0.01765438 0.02905559
v 0.02479375 0.02183798 0.02848761
v 0.02532683 0.02124618 0.03077810
v 0.02175212 0.02488168 0.03047985
v 0.02221709 0.02448031 0.03238517
v 0.01827599 0.02753915 0.03223585
v 0.01868535 0.02726376 0.03393194
v 0.01904832 0.02699765 0.03572176
v 0.01471574 0.02959701 0.03529719
v 0.01500444 0.02946200 0.03687276
v 0.01937486 0.02673324 0.03768714
v 0.01522685 0.02933432 0.03843279
v 0.01041490 0.03138729 0.03773692
v 0.01053105 0.03133090 0.03907657
v 0.01546599 0.02921737 0.04088328
v 0.01069109 0.03128769 0.04123628
v 0.00540569 0.03260434 0.03964303
v 0.00545415 0.03261190 0.04162761
v -0.00006508 0.03308139 0.03993604
v -0.00014522 0.03308212 0.04183562
v -0.00565144 0.03255771 0.03956168
v -0.00583955 0.03253915 0.04159096
v -0.01113777 0.03111093 0.03897503
v -0.01138045 0.03103866 0.04114754
v -0.01155275 0.03098129 0.04426230
v -0.01628774 0.02872567 0.03817988
v -0.01656587 0.02858627 0.04071667
v -0.01670375 0.02851376 0.04408680
v -0.02125008 0.02533188 0.04393647
v -0.02116768 0.02540365 0.04032191
v -0.02503041 0.02157479 0.03980098
v -0.02092336 0.02557309 0.03726802
v -0.02488618 0.02176986 0.03635785
v -0.02809010 0.01741854 0.03544592
v -0.02459755 0.02208554 0.03353412
v -0.02788020 0.01774521 0.03190348
v -0.03045253 0.01281942 0.03459050
v -0.03032130 0.01313314 0.03039760
v -0.03198012 0.00830551 0.03393372
v -0.03195638 0.00842758 0.02936894
v -0.03282924 0.00380282 0.03352260
v -0.03283876 0.00377694 0.02879362
v -0.03301033 -0.00059244 0.03350123
v -0.03302608 -0.00077286 0.02883283
v -0.03255141 -0.00560807 0.02967239
v -0.03255910 -0.00533146 0.03402496
v -0.03118703 -0.01083536 0.03101523
v -0.03130165 -0.01048062 0.03482242
v -0.02876704 -0.01624723 0.03257941
v -0.02895509 -0.01588126 0.03587457
v -0.02906032 -0.01563565 0.03953929
v -0.02547200 -0.02106754 0.03691064
v -0.02563441 -0.02084220 0.04020953
v -0.02516676 -0.02139469 0.03414080
v -0.02052644 -0.02588175 0.03564997
v -0.02078548 -0.02564078 0.03779962
v -0.01495985 -0.02945426 0.03711468
v -0.01513551 -0.02935318 0.03867644
v -0.01471657 -0.02957096 0.03562497
v -0.00855128 -0.03191397 0.03684795
v -0.00866249 -0.03188102 0.03816939
v -0.00842384 -0.03194889 0.03562522
v -0.00208937 -0.03297232 0.03619865
v -0.00206038 -0.03297232 0.03736541
v -0.00210103 -0.03297354 0.03506763
v 0.00399113 -0.03281534 0.03499366
v 0.00416148 -0.03278385 0.03611760
v 0.00972130 -0.03158268 0.03412620
v 0.01003941 -0.03147623 0.03534621
v 0.01495189 -0.02945646 0.03258394
v 0.01535985 -0.02923648 0.03394729
v 0.01962181 -0.02658512 0.03052231
v 0.02010252 -0.02620914 0.03210402
v 0.02369060 -0.02300699 0.02814371
v 0.02423662 -0.02242960 0.03001742
v 0.02715398 -0.01879337 0.02549100
v 0.02640593 -0.01986222 0.02326678
v 0.02921465 -0.01539566 0.01982096
v 0.02998979 -0.01382755 0.02240745
v 0.03145683 -0.01022159 0.01590803
v 0.02832487 -0.01703971 0.01747055
v 0.03055070 -0.01267032 0.01313811
v 0.03114861 -0.01566153 0.01106937
v 0.03256804 -0.01190812 0.00577925
v 0.03238860 -0.00829752 0.00843832
v 0.03299870 -0.00473233 0.00283660
v 0.03306023 -0.00035636 0.00619523
v 0.03281267 -0.01553385 0.00385325
v 0.03169157 -0.01878116 0.00932158
v 0.03293840 -0.01971964 0.00254296
v 0.03292363 -0.01903165 -0.00286212
v 0.03299760 -0.02412662 0.00177368
v 0.03290398 -0.02380997 -0.00307566
v 0.03199907 -0.02022208 -0.00824457
v 0.03209465 -0.02472086 -0.00792180
v 0.03021013 -0.02278946 -0.01335309
v 0.02986601 -0.01942154 -0.01411117
v 0.03043230 -0.02643766 -0.01283987
v 0.02748491 -0.02620353 -0.01833738
v 0.02698796 -0.02370206 -0.01905974
v 0.02346526 -0.02726480 -0.02327188
v 0.02282677 -0.02538932 -0.02391083
v 0.02635197 -0.02141935 -0.01996719
v 0.02267583 -0.02404264 -0.02495608
v 0.02636406 -0.01992740 -0.02138988
v 0.02951262 -0.01489908 -0.01716787
v 0.02702824 -0.01897403 -0.02341925
v 0.02997807 -0.01384610 -0.01974604
v 0.03188811 -0.00868082 -0.01649728
v 0.03032866 -0.01301456 -0.02247808
v 0.03205363 -0.00784903 -0.01980607
v 0.03293132 -0.00267130 -0.01784392
v 0.03223515 -0.00724552 -0.02319054
v 0.03295219 -0.00216520 -0.02179738
v 0.03290996 0.00301303 -0.02142728
v 0.03297502 -0.00189908 -0.02583893
v 0.03291228 0.00289218 -0.02562946
v 0.03207317 0.00786850 -0.02613082
v 0.03196538 0.00831381 -0.02210788
v 0.03292668 0.00275180 -0.02994046
v 0.03219060 0.00741830 -0.03032868
v 0.03071013 0.01212582 -0.03110747
v 0.03048955 0.01268002 -0.02733001
v 0.03292973 0.00255819 -0.03435232
v 0.03226750 0.00712167 -0.03459294
v 0.03084966 0.01175814 -0.03509936
v 0.02858281 0.01660678 -0.03577055
v 0.02837456 0.01694906 -0.03227507
v 0.03228313 0.00695175 -0.03901178
v 0.03089336 0.01161435 -0.03920408
v 0.02867107 0.01643368 -0.03952814
v 0.02551653 0.02101571 -0.04002842
v 0.02536528 0.02122006 -0.03657769
v 0.03090019 0.01170956 -0.04354477
v 0.02866862 0.01645004 -0.04367766
v 0.02552910 0.02101449 -0.04386523
v 0.02140031 0.02520053 -0.04404044
v 0.02139262 0.02520102 -0.04045830
v 0.02854741 0.01669931 -0.04800372
v 0.02537334 0.02125375 -0.04800372
v 0.02124809 0.02538021 -0.04800372
v 0.01618388 0.02886264 -0.04800372
v 0.01634392 0.02874008 -0.04417025
v 0.02144127 0.01816464 -0.04800372
v 0.01782292 0.02165243 -0.04800372
v 0.01345995 0.02462191 -0.04800372
v 0.00845995 0.02679794 -0.04800372
v 0.01023631 0.03146859 -0.04800372
v 0.01477898 0.01789218 -0.04800372
v 0.01101311 0.02043588 -0.04800372
v 0.00685283 0.02233847 -0.04800372
v 0.00216936 0.02347714 -0.04800372
v 0.00292033 0.02803109 -0.04800372
v 0.00528349 0.01784848 -0.04800372
v 0.00144951 0.01893417 -0.04800372
v -0.00252956 0.01925229 -0.04800372
v -0.00263460 0.02370810 -0.04800372
v 0.00067534 0.01445321 -0.04800372
v -0.00250789 0.01492611 -0.04800372
v -0.00568953 0.01478866 -0.04800372
v -0.00269716 0.01074130 -0.04800372
v -0.00017708 0.01009042 -0.04800372
v -0.00336427 0.00691635 -0.04800372
v -0.00126357 0.00610312 -0.04800372
v -0.00477986 0.00376718 -0.04800372
v -0.00655751 0.00497714 -0.04800372
v -0.00274348 0.00266391 -0.04800372
v -0.00453468 -0.00031192 -0.04800372
v -0.00656337 0.00112753 -0.04800372
v -0.00846333 0.00287265 -0.04800372
v -0.01061122 0.00072616 -0.04800372
v -0.01245479 0.00305673 -0.04800372
v -0.01033644 0.00504208 -0.04800372
v -0.01433015 0.00553793 -0.04800372
v -0.01223891 0.00758114 -0.04800372
v -0.01635127 0.00814853 -0.04800372
v -0.01423714 0.01035995 -0.04800372
v -0.01170387 0.01236435 -0.04800372
v -0.01645491 0.01333236 -0.04800372
v -0.01361617 0.01570443 -0.04800372
v -0.00883211 0.01394662 -0.04800372
v -0.01027492 0.01763290 -0.04800372
v -0.01575740 0.01908554 -0.04800372
v -0.01184047 0.02141195 -0.04800372
v -0.00648067 0.01882675 -0.04800372
v -0.00737617 0.02299032 -0.04800372
v -0.01353133 0.02520858 -0.04800372
v -0.00840028 0.02720224 -0.04800372
v -0.00281093 0.02819442 -0.04800372
v -0.00964742 0.03167953 -0.04800372
v -0.00302498 0.03297006 -0.04800372
v 0.00374974 0.03288437 -0.04800372
v -0.00297090 0.03294784 -0.04462159
v 0.00386015 0.03285165 -0.04458623
v 0.01040685 0.03138119 -0.04435707
v 0.00390489 0.03284701 -0.04173789
v 0.01043834 0.03137533 -0.04123674
v 0.01636180 0.02874105 -0.04078204
v 0.01034624 0.03138729 -0.03916639
v 0.01617674 0.02879623 -0.03823126
v 0.02119768 0.02533627 -0.03735705
v 0.01598625 0.02892514 -0.03660146
v 0.02093144 0.02556601 -0.03516382
v 0.02507890 0.02153427 -0.03368805
v 0.02057780 0.02585360 -0.03321036
v 0.02469572 0.02197860 -0.03120957
v 0.02803691 0.01750082 -0.02916523
v 0.02420940 0.02248910 -0.02894202
v 0.02759111 0.01816781 -0.02628406
v 0.03020378 0.01335214 -0.02363954
v 0.02703325 0.01900619 -0.02348979
v 0.02362370 0.02312143 -0.02679280
v 0.01964244 0.02658456 -0.02956836
v 0.01907823 0.02704354 -0.02788755
v 0.02292668 0.02384164 -0.02481465
v 0.02015617 0.02618295 -0.03135253
v 0.01537944 0.02924447 -0.03341965
v 0.01500566 0.02945492 -0.03190193
v 0.01570390 0.02907235 -0.03497437
v 0.01005937 0.03147958 -0.03634661
v 0.00986876 0.03154037 -0.03499165
v 0.01022868 0.03143612 -0.03776511
v 0.00387010 0.03286044 -0.03843159
v 0.00382237 0.03285775 -0.03712378
v 0.00389439 0.03284286 -0.03971783
v -0.00280653 0.03294589 -0.03977318
v -0.00273976 0.03296127 -0.03848004
v -0.00288960 0.03294857 -0.04180656
v -0.00946834 0.03166171 -0.04134383
v -0.00960402 0.03163314 -0.04442052
v -0.01554787 0.02917831 -0.04423627
v -0.01555611 0.02923300 -0.04800372
v -0.02056172 0.02593026 -0.04800372
v -0.01801137 0.02242465 -0.04800372
v -0.02171553 0.01915219 -0.04800372
v -0.02463911 0.02206430 -0.04800372
v -0.01897920 0.01631454 -0.04800372
v -0.02152644 0.01341171 -0.04800372
v -0.02455702 0.01573813 -0.04800372
v -0.01873872 0.01081356 -0.04800372
v -0.02042854 0.00841903 -0.04800372
v -0.02344344 0.01061654 -0.04800372
v -0.01816963 0.00596811 -0.04800372
v -0.01634492 0.00345053 -0.04800372
v -0.01862764 0.00142587 -0.04800372
v -0.01729951 -0.00132535 -0.04800372
v -0.02155495 -0.00052066 -0.04800372
v -0.01471712 0.00090146 -0.04800372
v -0.01299471 -0.00156437 -0.04800372
v -0.01573799 -0.00400724 -0.04800372
v -0.01389278 -0.00655997 -0.04800372
v -0.01890681 -0.00651017 -0.04800372
v -0.02044362 -0.00356632 -0.04800372
v -0.01111189 -0.00386026 -0.04800372
v -0.00909468 -0.00595182 -0.04800372
v -0.00868697 -0.00131241 -0.04800372
v -0.00665981 -0.00312589 -0.04800372
v -0.00450502 -0.00473209 -0.04800372
v -0.00691347 -0.00782657 -0.04800372
v -0.00238350 -0.00168741 -0.04800372
v -0.00023775 -0.00296671 -0.04800372
v -0.00231184 -0.00615250 -0.04800372
v -0.00057149 0.00149984 -0.04800372
v 0.00160515 0.00024301 -0.04800372
v 0.00377238 -0.00123624 -0.04800372
v 0.00323344 0.00364657 -0.04800372
v 0.00542406 0.00207309 -0.04800372
v 0.00754680 0.00025717 -0.04800372
v 0.00713579 0.00566317 -0.04800372
v 0.00923247 0.00354159 -0.04800372
v 0.01119011 0.00144931 -0.04800372
v 0.01146526 0.00735873 -0.04800372
v 0.01324663 0.00478720 -0.04800372
v 0.01647899 0.00854965 -0.04800372
v 0.01776262 0.00558529 -0.04800372
v 0.01451103 0.00207284 -0.04800372
v 0.01303111 -0.00067105 -0.04800372
v 0.01517522 -0.00261466 -0.04800372
v 0.01179399 -0.00359366 -0.04800372
v 0.00961833 -0.00166520 -0.04800372
v 0.01444145 -0.00557755 -0.04800372
v 0.01050066 -0.00652872 -0.04800372
v 0.00815080 -0.00463492 -0.04800372
v 0.00643608 -0.00755533 -0.04800372
v 0.00417400 -0.00586979 -0.04800372
v 0.00593712 -0.00287516 -0.04800372
v 0.00218840 -0.00891861 -0.04800372
v -0.00004518 -0.00750528 -0.04800372
v 0.00198149 -0.00436173 -0.04800372
v 0.00005827 -0.01218204 -0.04800372
v -0.00226808 -0.01086100 -0.04800372
v -0.00461299 -0.00944425 -0.04800372
v -0.00454988 -0.01450650 -0.04800372
v -0.00706355 -0.01292179 -0.04800372
v -0.00954341 -0.01102750 -0.04800372
v -0.01235957 -0.01439640 -0.04800372
v -0.01482326 -0.01198575 -0.04800372
v -0.01182503 -0.00892545 -0.04800372
v -0.01813704 -0.01512174 -0.04800372
v -0.02053316 -0.01210367 -0.04800372
v -0.01701759 -0.00933341 -0.04800372
v -0.02424409 -0.01468741 -0.04800372
v -0.02632057 -0.01099356 -0.04800372
v -0.02248988 -0.00891397 -0.04800372
v -0.02783485 -0.00718253 -0.04800372
v -0.02402254 -0.00557706 -0.04800372
v -0.02879646 -0.00328214 -0.04800372
v -0.02508418 -0.00213468 -0.04800372
v -0.02920815 0.00064022 -0.04800372
v -0.02558943 0.00127597 -0.04800372
v -0.03308620 0.00037021 -0.04800372
v -0.03271803 0.00478476 -0.04800372
v -0.02901692 0.00465927 -0.04800372
v -0.03178261 0.00920785 -0.04800372
v -0.02816475 0.00856161 -0.04800372
v -0.03017445 0.01354892 -0.04800372
v -0.02673225 0.01219711 -0.04800372
v -0.02785103 0.01786190 -0.04800372
v -0.02794026 0.01765854 -0.04376220
v -0.02472420 0.02194760 -0.04398427
v -0.02465779 0.02200863 -0.04031534
v -0.02049678 0.02593051 -0.04063118
v -0.02059840 0.02585751 -0.04410985
v -0.02447102 0.02223080 -0.03712672
v -0.02023933 0.02608969 -0.03777423
v -0.01541646 0.02923764 -0.04090407
v -0.01516420 0.02931674 -0.03849340
v -0.01995735 0.02632943 -0.03571145
v -0.01495430 0.02945492 -0.03696759
v -0.00928883 0.03169125 -0.03925187
v -0.00914943 0.03174789 -0.03798076
v -0.01465492 0.02961337 -0.03544716
v -0.00894826 0.03180844 -0.03660556
v -0.00266359 0.03296737 -0.03720432
v -0.00873439 0.03187021 -0.03531072
v -0.00257784 0.03297299 -0.03595668
v 0.00376744 0.03287069 -0.03585813
v -0.00248933 0.03298202 -0.03474606
v 0.00370439 0.03288974 -0.03461921
v 0.00964848 0.03162729 -0.03364471
v 0.00363963 0.03291049 -0.03344879
v 0.00939983 0.03171322 -0.03234822
v 0.01456877 0.02969198 -0.03040796
v 0.00947807 0.03240878 -0.03167948
v 0.01468987 0.03054599 -0.02961789
v 0.01926073 0.02817367 -0.02688926
v 0.01524937 0.03199398 -0.02931343
v 0.01991747 0.02983505 -0.02636199
v 0.02318004 0.02535360 -0.02358118
v 0.02391887 0.02735897 -0.02279339
v 0.02730522 0.02450180 -0.01857959
v 0.02664970 0.02203964 -0.01954286
v 0.02780901 0.02707992 -0.01781526
v 0.03038615 0.02488217 -0.01292254
v 0.03008086 0.02162606 -0.01362076
v 0.03216252 0.02338632 -0.00758239
v 0.03205217 0.01980136 -0.00787456
v 0.03298222 0.02258456 -0.00159664
v 0.03301714 0.01877621 -0.00120630
v 0.03303398 0.01496127 -0.00067819
v 0.03255327 0.01892587 0.00565436
v 0.03303728 0.01082479 -0.00032459
v 0.03305376 0.00623593 -0.00052237
v 0.03251030 0.00748373 -0.00777590
v 0.03304765 0.00145956 -0.00171577
v 0.03299089 0.00213607 -0.00808123
v 0.03294426 0.00259457 -0.01302467
v 0.03292021 0.00291684 -0.01724096
v 0.03288005 -0.00329483 -0.01406739
v 0.03274785 0.02264828 0.00442662
v 0.03155913 0.02351449 0.00967809
v 0.03108025 0.02022519 0.01111123
v 0.02987199 0.02498397 0.01401182
v 0.02924529 0.02213021 0.01530591
v 0.02847917 0.01962509 0.01673924
v 0.02707231 0.02451938 0.01892066
v 0.02626274 0.02232113 0.02007849
v 0.02807097 0.01749984 0.01853814
v 0.02593974 0.02054940 0.02163354
v 0.02884807 0.01609701 0.02102951
v 0.02670805 0.01945297 0.02382878
v 0.02341997 0.02338827 0.02437594
v 0.02415300 0.02256259 0.02637902
v 0.02053526 0.02592709 0.02684373
v 0.02121574 0.02536142 0.02864061
v 0.01727885 0.02820492 0.02905828
v 0.01780040 0.02786215 0.03060045
v 0.01364171 0.03015854 0.03090882
v 0.01402397 0.02995541 0.03231836
v 0.01438658 0.02976449 0.03377704
v 0.00981511 0.03158651 0.03362511
v 0.01005394 0.03150375 0.03498492
v 0.01025450 0.03143637 0.03633161
v 0.00526067 0.03263314 0.03572774
v 0.00530620 0.03262436 0.03699133
v 0.00536302 0.03261386 0.03829539
v 0.00006621 0.03308969 0.03720073
v 0.00000084 0.03309677 0.03851985
v -0.00533443 0.03261947 0.03697367
v -0.00550661 0.03258725 0.03825512
v -0.01067097 0.03129647 0.03620672
v -0.01093275 0.03121298 0.03755781
v -0.01568092 0.02910043 0.03490800
v -0.01603609 0.02889047 0.03654278
v -0.02061751 0.02585360 0.03507552
v -0.02021461 0.02616024 0.03317351
v -0.02418184 0.02252621 0.03116364
v -0.01976558 0.02650277 0.03138466
v -0.02369417 0.02302768 0.02898897
v -0.02752370 0.01830429 0.02888158
v -0.02707240 0.01894076 0.02615922
v -0.03010744 0.01361776 0.02653995
v -0.02984193 0.01419711 0.02304632
v -0.03188881 0.00871688 0.02500349
v -0.03178072 0.00903402 0.02069561
v -0.03283858 0.00376645 0.02412289
v -0.03281746 0.00375448 0.01947572
v -0.03302119 -0.00104386 0.02416801
v -0.03299532 -0.00162345 0.01964485
v -0.03229237 -0.00684586 0.02152730
v -0.03247090 -0.00607657 0.02543195
v -0.03071065 -0.01214518 0.02426259
v -0.03099922 -0.01139029 0.02745710
v -0.02802608 -0.01746012 0.02717860
v -0.02845644 -0.01679044 0.02971519
v -0.02434865 -0.02231241 0.02980623
v -0.02479829 -0.02183707 0.03182767
v -0.01979555 -0.02644620 0.03216270
v -0.02018330 -0.02615958 0.03381181
v -0.01933498 -0.02679117 0.03060351
v -0.01410066 -0.02988321 0.03287163
v -0.01443019 -0.02970816 0.03420696
v -0.01372249 -0.03008194 0.03154446
v -0.00806673 -0.03204874 0.03318795
v -0.00825789 -0.03199405 0.03440972
v -0.00788539 -0.03223355 0.03211053
v -0.00210768 -0.03314859 0.03298628
v -0.00210249 -0.03297354 0.03395235
v 0.00366454 -0.03302433 0.03288952
v 0.00381438 -0.03284977 0.03384076
v 0.00908543 -0.03193644 0.03178438
v 0.00938506 -0.03168058 0.03290389
v 0.01400554 -0.02997257 0.02996507
v 0.01449419 -0.02969913 0.03125536
v 0.01849113 -0.02741788 0.02762408
v 0.01905449 -0.02701407 0.02896841
v 0.02232036 -0.02438541 0.02465863
v 0.02303026 -0.02368766 0.02630181
v 0.02296391 -0.02614542 0.02376655
v 0.02629204 -0.02303678 0.02002881
v 0.02560295 -0.02094400 0.02128854
v 0.02702324 -0.02533463 0.01896520
v 0.02973198 -0.02219254 0.01439771
v 0.02900847 -0.01954679 0.01579397
v 0.03029179 -0.02490128 0.01317914
v 0.03204533 -0.02208609 0.00793563
v 0.02766704 -0.02765372 0.01806161
v 0.03071770 -0.02794815 0.01212683
v 0.03230132 -0.02580533 0.00688981
v 0.03245805 -0.02986661 0.00616299
v 0.03301128 -0.02885587 0.00123057
v 0.03297331 -0.03360855 0.00100190
v 0.03289861 -0.02871134 -0.00320360
v 0.03287688 -0.03359464 -0.00333183
v 0.03214311 -0.02924601 -0.00773226
v 0.03211577 -0.03396549 -0.00778420
v 0.03056999 -0.03037149 -0.01250066
v 0.03062248 -0.03459708 -0.01236837
v 0.02812334 -0.03200113 -0.01731445
v 0.02786320 -0.02893985 -0.01777648
v 0.02823466 -0.03548575 -0.01716228
v 0.02475395 -0.03369693 -0.02189451
v 0.02440800 -0.03132682 -0.02227893
v 0.02032182 -0.03341642 -0.02606729
v 0.01993034 -0.03173746 -0.02636167
v 0.02398174 -0.02923502 -0.02271114
v 0.01534740 -0.03374698 -0.02926265
v 0.01496165 -0.03236197 -0.02947334
v 0.01944591 -0.03008634 -0.02673440
v 0.01449419 -0.03094303 -0.02971955
v 0.01888750 -0.02848893 -0.02716109
v 0.01421947 -0.02983976 -0.03020923
v 0.01864220 -0.02731168 -0.02786619
v 0.01462639 -0.02962271 -0.03142599
v 0.01918724 -0.02689981 -0.02926349
v 0.01969823 -0.02649796 -0.03081794
v 0.02391356 -0.02277164 -0.02842029
v 0.02755437 -0.01818570 -0.02560882
v 0.02335735 -0.02336881 -0.02664514
v 0.02437700 -0.02228385 -0.03031102
v 0.02796184 -0.01756485 -0.02798751
v 0.03061259 -0.01236148 -0.02539237
v 0.02828520 -0.01702921 -0.03049347
v 0.03082927 -0.01181803 -0.02848492
v 0.03232610 -0.00678116 -0.02685539
v 0.03094218 -0.01149991 -0.03189617
v 0.03238921 -0.00651065 -0.03078772
v 0.03298991 -0.00182315 -0.03005228
v 0.03237700 -0.00648014 -0.03485854
v 0.03292436 -0.00187101 -0.03440367
v 0.03290764 -0.00208341 -0.03891462
v 0.03293034 0.00240341 -0.03888516
v 0.03295708 0.00230526 -0.04345124
v 0.03229948 0.00696566 -0.04347714
v 0.03299321 0.00225521 -0.04800372
v 0.03230583 0.00711776 -0.04800372
v 0.03085466 0.01192538 -0.04800372
v 0.02771147 0.00607870 -0.04800372
v 0.02637285 0.01025326 -0.04800372
v 0.02432011 0.01429892 -0.04800372
v 0.02028178 0.01172128 -0.04800372
v 0.01784306 0.01496835 -0.04800372
v 0.01445830 0.01133896 -0.04800372
v 0.01183818 0.01390390 -0.04800372
v 0.00882829 0.01611557 -0.04800372
v 0.00928215 0.00972543 -0.04800372
v 0.00669572 0.01173227 -0.04800372
v 0.00379131 0.01337509 -0.04800372
v 0.00485832 0.00753817 -0.04800372
v 0.00241142 0.00900009 -0.04800372
v 0.00098289 0.00502133 -0.04800372
v 0.02203789 0.00831088 -0.04800372
v 0.02836565 0.00181698 -0.04800372
v 0.03297331 -0.00262979 -0.04800372
v 0.02833391 -0.00243741 -0.04800372
v 0.03221513 -0.00744937 -0.04800372
v 0.02767363 -0.00665934 -0.04800372
v 0.02327544 -0.00577994 -0.04800372
v 0.02634135 -0.01086002 -0.04800372
v 0.02217497 -0.00940836 -0.04800372
v 0.01808659 -0.00762052 -0.04800372
v 0.01870226 -0.00452750 -0.04800372
v 0.01666631 -0.01082242 -0.04800372
v 0.01325627 -0.00859562 -0.04800372
v 0.02041246 -0.01296671 -0.04800372
v 0.01795305 -0.01644474 -0.04800372
v 0.01460081 -0.01398380 -0.04800372
v 0.01154570 -0.01159708 -0.04800372
v 0.01198833 -0.01690177 -0.04800372
v 0.00925554 -0.01438932 -0.04800372
v 0.00675322 -0.01224894 -0.04800372
v 0.00886101 -0.00945206 -0.04800372
v 0.00444872 -0.01047184 -0.04800372
v 0.00234264 -0.01352457 -0.04800372
v 0.00044450 -0.01703897 -0.04800372
v -0.00202028 -0.01587149 -0.04800372
v -0.00373579 -0.01978751 -0.04800372
v -0.00670638 -0.01834391 -0.04800372
v -0.00876924 -0.02227237 -0.04800372
v -0.00959468 -0.01655021 -0.04800372
v -0.01220882 -0.02028507 -0.04800372
v -0.01073335 -0.02629142 -0.04800372
v -0.01480379 -0.02408048 -0.04800372
v -0.01533919 -0.01788346 -0.04800372
v -0.01843959 -0.02133512 -0.04800372
v -0.01750233 -0.02804215 -0.04800372
v -0.02177663 -0.02487101 -0.04800372
v -0.02160774 -0.01816764 -0.04800372
v -0.02541017 -0.02118326 -0.04800372
v -0.02187697 -0.02475504 -0.04409807
v -0.02552748 -0.02098502 -0.04392844
v -0.02829536 -0.01709024 -0.04800372
v -0.02840303 -0.01686686 -0.04374187
v -0.03049214 -0.01284684 -0.04800372
v -0.03053676 -0.01263004 -0.04360868
v -0.03196053 -0.00846720 -0.04800372
v -0.03196443 -0.00830924 -0.04351072
v -0.03282405 -0.00403971 -0.04800372
v -0.03279469 -0.00399991 -0.04342648
v -0.03193117 -0.00826407 -0.03908894
v -0.03276704 -0.00405899 -0.03887369
v -0.03300429 0.00014462 -0.03877798
v -0.03304329 0.00027890 -0.04339114
v -0.03269972 0.00429843 -0.03883217
v -0.03271297 0.00455063 -0.04341247
v -0.03184157 0.00862362 -0.03900811
v -0.03180043 0.00888827 -0.04346035
v -0.03026430 0.01309433 -0.03931266
v -0.03028780 0.01323983 -0.04355298
v -0.03026991 0.01318393 -0.03547726
v -0.02781142 0.01789438 -0.03630531
v -0.02790810 0.01766977 -0.03983990
v -0.02760909 0.01820419 -0.03318321
v -0.02418245 0.02253866 -0.03445916
v -0.02380043 0.02295468 -0.03223024
v -0.01959285 0.02660116 -0.03390778
v -0.01918361 0.02689755 -0.03220075
v -0.01432118 0.02977743 -0.03397720
v -0.01395100 0.02998056 -0.03255487
v -0.00849171 0.03194784 -0.03401699
v -0.01353145 0.03020517 -0.03111562
v -0.00822383 0.03203183 -0.03271897
v -0.00239796 0.03298861 -0.03356722
v -0.00820155 0.03262680 -0.03202716
v -0.00237703 0.03355038 -0.03297845
v 0.00368285 0.03346981 -0.03289193
v -0.00243404 0.03473275 -0.03297415
v 0.00383818 0.03465707 -0.03286089
v 0.00984904 0.03368441 -0.03155607
v 0.00398058 0.03587313 -0.03283074
v 0.01019731 0.03501034 -0.03143056
v 0.01575175 0.03347445 -0.02903046
v 0.01052403 0.03632699 -0.03132709
v 0.01620885 0.03498251 -0.02879008
v 0.02049052 0.03152670 -0.02590268
v 0.02099242 0.03330941 -0.02550273
v 0.02498711 0.03156430 -0.02164433
v 0.02449089 0.02937094 -0.02217811
v 0.02147966 0.03528012 -0.02510882
v 0.02540642 0.03397909 -0.02113230
v 0.02847905 0.03274154 -0.01670849
v 0.02819682 0.02981845 -0.01720437
v 0.03075749 0.03170834 -0.01198721
v 0.03059880 0.02821298 -0.01239202
v 0.03224467 0.03093344 -0.00715217
v 0.03220500 0.02706259 -0.00731518
v 0.03296733 0.03044809 -0.00210993
v 0.03296977 0.02645712 -0.00188792
v 0.03291521 0.03041098 0.00291430
v 0.03286089 0.02646493 0.00355011
v 0.03212590 0.03082772 0.00769281
v 0.03189165 0.02704452 0.00860531
v 0.03074687 0.03150253 0.01201156
v 0.03035747 0.02808505 0.01295967
v 0.02880644 0.03239657 0.01615269
v 0.02834428 0.02939926 0.01697431
v 0.02776152 0.02684018 0.01788176
v 0.02575273 0.03092099 0.02072388
v 0.02514153 0.02880600 0.02142003
v 0.02445634 0.02679110 0.02220162
v 0.02209178 0.03063144 0.02456262
v 0.02146025 0.02886142 0.02512571
v 0.02366191 0.02481552 0.02310209
v 0.02071556 0.02712826 0.02575590
v 0.01804723 0.03073568 0.02767061
v 0.01740910 0.02922860 0.02809957
v 0.01425664 0.03238290 0.02981259
v 0.01373534 0.03100082 0.03008895
v 0.01006078 0.03369540 0.03148523
v 0.00964842 0.03237997 0.03162580
v 0.00956969 0.03166562 0.03232929
v 0.00517290 0.03330380 0.03264333
v 0.00509233 0.03267660 0.03326567
v 0.00518748 0.03265316 0.03448806
v 0.00030040 0.03310189 0.03366199
v 0.00021373 0.03309896 0.03480336
v 0.00012907 0.03309311 0.03596266
v -0.00494856 0.03269296 0.03449342
v -0.00515218 0.03265194 0.03571411
v -0.01003590 0.03152206 0.03351510
v -0.01037123 0.03139877 0.03485757
v -0.01484743 0.02954599 0.03190808
v -0.01528700 0.02930551 0.03337932
v -0.01923470 0.02690170 0.02968628
v -0.01434920 0.02980551 0.03048984
v -0.01862337 0.02735751 0.02807502
v -0.02310573 0.02364267 0.02694707
v -0.02241505 0.02432333 0.02507838
v -0.02651527 0.01973764 0.02366810
v -0.02581660 0.02071615 0.02142027
v -0.02942342 0.01504184 0.01968189
v -0.02275734 0.02577792 0.02396821
v -0.02627754 0.02251645 0.02005435
v -0.02932637 0.01850399 0.01522349
v -0.02702431 0.02479281 0.01897030
v -0.02990724 0.02133920 0.01397754
v -0.03036232 0.02432919 0.01296601
v -0.03216969 0.02176767 0.00745168
v -0.03194582 0.01812753 0.00836605
v -0.03297139 0.02021908 0.00185383
v -0.03293898 0.01600985 0.00248197
v -0.03279799 0.02016269 -0.00399396
v -0.03301234 0.02449374 0.00150291
v -0.03283363 0.02456308 -0.00374998
v -0.03155769 0.02141049 -0.00969440
v -0.03179585 0.02547616 -0.00896000
v -0.02949232 0.02367465 -0.01481227
v -0.02889980 0.02056820 -0.01597708
v -0.02994691 0.02706381 -0.01390835
v -0.02675795 0.02653524 -0.01938240
v -0.02604359 0.02417343 -0.02033795
v -0.02264815 0.02730600 -0.02407274
v -0.02189198 0.02554062 -0.02479220
v -0.02520045 0.02210360 -0.02140283
v -0.02563149 0.02089633 -0.02336584
v -0.02855775 0.01660873 -0.01989029
v -0.02219313 0.02451571 -0.02637586
v -0.02630922 0.01999521 -0.02569275
v -0.02911031 0.01554770 -0.02277885
v -0.03125838 0.01062948 -0.01998878
v -0.02958070 0.01467294 -0.02569522
v -0.03151723 0.00980893 -0.02344974
v -0.03268062 0.00488412 -0.02185536
v -0.03173512 0.00916073 -0.02702058
v -0.03274892 0.00437680 -0.02582063
v -0.03304292 -0.00025675 -0.02540133
v -0.03275441 0.00417636 -0.03005410
v -0.03303529 -0.00019083 -0.02979517
v -0.03275435 -0.00444962 -0.03006233
v -0.03271114 -0.00470011 -0.02580383
v -0.03300179 -0.00004801 -0.03419980
v -0.03276515 -0.00422745 -0.03440950
v -0.03190028 -0.00847110 -0.03478705
v -0.03184578 -0.00876358 -0.03063623
v -0.03031313 -0.01308194 -0.03150206
v -0.03011659 -0.01352604 -0.02802078
v -0.03173518 -0.00915128 -0.02668232
v -0.03044887 -0.01274332 -0.03534273
v -0.02829140 -0.01707584 -0.03600138
v -0.02806837 -0.01742105 -0.03262930
v -0.03049129 -0.01255826 -0.03932689
v -0.02838112 -0.01688346 -0.03970458
v -0.02548146 -0.02102433 -0.04016455
v -0.02532753 -0.02123478 -0.03680961
v -0.02162355 -0.02497037 -0.03749046
v -0.02135365 -0.02519718 -0.03532790
v -0.02505122 -0.02153580 -0.03395827
v -0.02181520 -0.02480631 -0.04055111
v -0.01747749 -0.02803092 -0.04081773
v -0.01755995 -0.02798771 -0.04420214
v -0.01262459 -0.03052481 -0.04433951
v -0.01248958 -0.03056827 -0.04114452
v -0.01263417 -0.03058048 -0.04800372
v -0.00734865 -0.03222916 -0.04800372
v -0.00724477 -0.03223233 -0.04454393
v -0.00633687 -0.02787149 -0.04800372
v -0.00159480 -0.02876676 -0.04800372
v -0.00515987 -0.02379337 -0.04800372
v -0.00131569 -0.02480802 -0.04800372
v 0.00272307 -0.02509659 -0.04800372
v -0.00072542 -0.02086222 -0.04800372
v 0.00349052 -0.02878702 -0.04800372
v 0.00866179 -0.02766007 -0.04800372
v 0.00428709 -0.03277433 -0.04800372
v -0.00168190 -0.03300577 -0.04800372
v 0.00706035 -0.02428849 -0.04800372
v 0.01120781 -0.02233780 -0.04800372
v 0.01352037 -0.02548038 -0.04800372
v 0.01779295 -0.02248478 -0.04800372
v 0.01597710 -0.02895597 -0.04800372
v 0.01031139 -0.03141153 -0.04800372
v 0.01486906 -0.01962271 -0.04800372
v 0.02140923 -0.01890030 -0.04800372
v 0.02428008 -0.01497159 -0.04800372
v 0.02507780 -0.02154972 -0.04800372
v 0.02094682 -0.02561393 -0.04800372
v 0.02833305 -0.01702701 -0.04800372
v 0.02531303 -0.02124210 -0.04401607
v 0.02114091 -0.02538663 -0.04417814
v 0.02116246 -0.02534879 -0.04077200
v 0.01620903 -0.02879752 -0.04100895
v 0.01617424 -0.02880680 -0.04429936
v 0.01061394 -0.03128482 -0.04136049
v 0.01054118 -0.03130411 -0.04445165
v 0.00466496 -0.03270694 -0.04178269
v 0.00453709 -0.03272940 -0.04465285
v -0.00131142 -0.03301065 -0.04191586
v -0.00148518 -0.03300699 -0.04470175
v -0.00706905 -0.03226847 -0.04156608
v -0.00687935 -0.03228458 -0.03962407
v -0.01226778 -0.03062149 -0.03895446
v -0.01209572 -0.03071427 -0.03766222
v -0.01722304 -0.02813883 -0.03816568
v -0.01700172 -0.02829752 -0.03658635
v -0.01185054 -0.03081534 -0.03630965
v -0.01669710 -0.02848062 -0.03503267
v -0.02099049 -0.02548819 -0.03340629
v -0.01636122 -0.02867447 -0.03356862
v -0.02061458 -0.02578531 -0.03168594
v -0.02471437 -0.02193106 -0.03160899
v -0.02431593 -0.02234757 -0.02953755
v -0.02778053 -0.01789176 -0.02971407
v -0.02743697 -0.01841080 -0.02715391
v -0.02982997 -0.01408561 -0.02480782
v -0.02699117 -0.01902164 -0.02475217
v -0.02950795 -0.01479508 -0.02170883
v -0.03156050 -0.00963224 -0.02291828
v -0.03137117 -0.01025138 -0.01924980
v -0.03267201 -0.00498233 -0.02159421
v -0.03259724 -0.00521769 -0.01751205
v -0.03304488 -0.00014444 -0.02110785
v -0.03304439 0.00018246 -0.01693874
v -0.03303804 0.00053720 -0.01260313
v -0.03257845 0.00554452 -0.01793482
v -0.03304079 0.00083407 -0.00755567
v -0.03304634 -0.00463761 -0.00105425
v -0.03305672 0.00117172 -0.00163261
v -0.03298323 0.00668563 -0.00264449
v -0.03301961 0.00188998 0.00454204
v -0.02907637 -0.01566080 -0.01882383
v -0.02645198 -0.01980411 -0.02248098
v -0.02329890 -0.02344474 -0.02568102
v -0.02280214 -0.02423697 -0.02395978
v -0.02598232 -0.02076334 -0.02048441
v -0.02387086 -0.02282706 -0.02762043
v -0.02017482 -0.02613614 -0.03006097
v -0.01966896 -0.02654996 -0.02844055
v -0.01552577 -0.02915714 -0.03070168
v -0.01515639 -0.02959635 -0.02938966
v -0.01921938 -0.02715470 -0.02693437
v -0.01597060 -0.02890763 -0.03213250
v -0.01129097 -0.03104044 -0.03375543
v -0.01095979 -0.03117887 -0.03246248
v -0.01158589 -0.03091642 -0.03502179
v -0.00639912 -0.03238663 -0.03597323
v -0.00657503 -0.03235099 -0.03716988
v -0.00102089 -0.03302872 -0.03751436
v -0.00674763 -0.03231998 -0.03843375
v -0.00110268 -0.03302433 -0.03876695
v 0.00470531 -0.03269986 -0.03862056
v -0.00118336 -0.03301603 -0.04001892
v 0.00470494 -0.03268888 -0.03978425
v 0.01055284 -0.03129117 -0.03927200
v 0.01044987 -0.03133780 -0.03799228
v 0.01588603 -0.02894474 -0.03700643
v 0.01030150 -0.03137931 -0.03667728
v 0.00467259 -0.03270279 -0.03735435
v 0.01604723 -0.02882779 -0.03850538
v 0.02101012 -0.02545182 -0.03788933
v 0.02078514 -0.02564127 -0.03580997
v 0.02505840 -0.02152018 -0.03452176
v 0.02048485 -0.02589713 -0.03400174
v 0.01564134 -0.02908048 -0.03552737
v 0.02528056 -0.02129190 -0.03720426
v 0.02861150 -0.01647770 -0.03633466
v 0.02536162 -0.02116520 -0.04039099
v 0.02862480 -0.01644181 -0.03990939
v 0.03090508 -0.01151676 -0.03938886
v 0.02854424 -0.01662857 -0.04379604
v 0.03085368 -0.01179679 -0.04362357
v 0.03226640 -0.00704288 -0.04353981
v 0.03071989 -0.01227188 -0.04800372
v 0.03294206 -0.00238004 -0.04346830
v 0.03230925 -0.00667228 -0.03903310
v 0.03095183 -0.01144840 -0.03553166
v 0.02849553 -0.01666397 -0.03318209
v 0.02477031 -0.02185831 -0.03233356
v 0.02011919 -0.02617447 -0.03236060
v 0.01534886 -0.02922916 -0.03412047
v 0.01501329 -0.02941520 -0.03276830
v 0.00992497 -0.03150577 -0.03420508
v 0.01013213 -0.03142447 -0.03544253
v 0.00456194 -0.03272354 -0.03501748
v 0.00462517 -0.03271085 -0.03618433
v -0.00087849 -0.03303653 -0.03518178
v -0.00094820 -0.03303238 -0.03634795
v -0.00081361 -0.03304361 -0.03407623
v -0.00600630 -0.03248746 -0.03359907
v -0.00621175 -0.03243985 -0.03479123
v -0.00584041 -0.03271598 -0.03254505
v -0.01068819 -0.03148673 -0.03131267
v -0.01097633 -0.03255802 -0.03119955
v -0.01561238 -0.03079703 -0.02914207
v -0.01606770 -0.03215445 -0.02888961
v -0.01982167 -0.02849503 -0.02646288
v -0.02040889 -0.03002604 -0.02599268
v -0.02354005 -0.02573697 -0.02321907
v -0.02422810 -0.02751065 -0.02246631
v -0.02747926 -0.02453946 -0.01830929
v -0.02677284 -0.02246280 -0.01936543
v -0.03014174 -0.02146476 -0.01348088
v -0.02953114 -0.01872062 -0.01483460
v -0.03059920 -0.02446158 -0.01243636
v -0.03232051 -0.02287638 -0.00680604
v -0.03211244 -0.01916812 -0.00770971
v -0.03303615 -0.01823209 -0.00043662
v -0.03303688 -0.01428897 -0.00056309
v -0.03302162 -0.02220401 -0.00031616
v -0.03230769 -0.01880387 0.00692792
v -0.03245961 -0.02268375 0.00628644
v -0.03030128 -0.02123966 0.01313040
v -0.02978249 -0.01824771 0.01431825
v -0.03067628 -0.02443351 0.01224582
v -0.02740132 -0.02465250 0.01845341
v -0.02674080 -0.02232291 0.01941464
v -0.02308589 -0.02593155 0.02365056
v -0.02249416 -0.02422354 0.02450040
v -0.02609608 -0.02030899 0.02058737
v -0.02682777 -0.01926773 0.02255427
v -0.02974776 -0.01437296 0.01841477
v -0.02320436 -0.02352311 0.02611160
v -0.02749342 -0.01826407 0.02482146
v -0.03026772 -0.01318839 0.02119220
v -0.03207991 -0.00788639 0.01765743
v -0.03293428 -0.00239859 0.01533324
v -0.02383022 -0.02286588 0.02792516
v -0.01880415 -0.02718863 0.02908489
v -0.01826711 -0.02755802 0.02777991
v -0.01874294 -0.02897794 0.02724530
v -0.01332301 -0.03029508 0.03029948
v -0.01373512 -0.03152237 0.03008735
v -0.01927211 -0.03056900 0.02684771
v -0.01413374 -0.03284732 0.02987903
v -0.00839272 -0.03440860 0.03197003
v -0.00814601 -0.03326603 0.03203873
v -0.00231538 -0.03510831 0.03297347
v -0.00221437 -0.03406510 0.03297931
v 0.00372685 -0.03504361 0.03286368
v 0.00369481 -0.03397208 0.03287890
v 0.00948338 -0.03420377 0.03166370
v 0.00928575 -0.03302799 0.03172102
v 0.01478508 -0.03263492 0.02955260
v 0.01441051 -0.03127359 0.02975258
v 0.01953069 -0.03050504 0.02666398
v 0.01898119 -0.02888126 0.02707834
v 0.01998106 -0.03210782 0.02631242
v 0.02419096 -0.02998941 0.02248883
v 0.02363847 -0.02806168 0.02307738
v 0.02468364 -0.03204532 0.02197137
v 0.02818193 -0.03015323 0.01724749
v 0.02036559 -0.03377359 0.02602627
v 0.02505205 -0.03429337 0.02153942
v 0.02854326 -0.03283097 0.01663158
v 0.02879668 -0.03605240 0.01619960
v 0.03114555 -0.03501261 0.01093918
v 0.03099992 -0.03126676 0.01138405
v 0.03117534 -0.03902726 0.01076446
v 0.03249565 -0.03866129 0.00567442
v 0.03249455 -0.03416739 0.00578644
v 0.03251335 -0.04331876 0.00578616
v 0.03301506 -0.04324356 0.00087263
v 0.03297160 -0.03845499 0.00092946
v 0.03284319 -0.03847135 -0.00352107
v 0.03281425 -0.04325919 -0.00384308
v 0.03203325 -0.03867032 -0.00803735
v 0.03192253 -0.04332291 -0.00848639
v 0.03050749 -0.03892154 -0.01258890
v 0.03033488 -0.04336686 -0.01306309
v 0.02817729 -0.03930143 -0.01726092
v 0.02802763 -0.04351603 -0.01750770
v 0.02501945 -0.03986661 -0.02157398
v 0.02496062 -0.03646646 -0.02167275
v 0.02495512 -0.04375870 -0.02167523
v 0.02111034 -0.04042008 -0.02543833
v 0.02091972 -0.03741959 -0.02556408
v 0.01622185 -0.03831412 -0.02875001
v 0.01599400 -0.03671256 -0.02890383
v 0.02067815 -0.03529508 -0.02578935
v 0.01097447 -0.03910562 -0.03115233
v 0.01079289 -0.03776529 -0.03124608
v 0.01057402 -0.03651944 -0.03131676
v 0.01569701 -0.03519522 -0.02908345
v 0.00518938 -0.03849820 -0.03263408
v 0.00505168 -0.03729776 -0.03265652
v 0.01030779 -0.03523014 -0.03140286
v 0.00489867 -0.03610489 -0.03268317
v 0.01002476 -0.03399625 -0.03150930
v 0.00473772 -0.03493717 -0.03271445
v 0.00969621 -0.03273697 -0.03161312
v 0.00456334 -0.03378922 -0.03274799
v 0.00946281 -0.03167032 -0.03193681
v 0.00441472 -0.03275699 -0.03296006
v 0.00969481 -0.03159391 -0.03301312
v 0.00449126 -0.03273990 -0.03392841
v -0.00073470 -0.03414054 -0.03306707
v -0.00074867 -0.03321671 -0.03306691
v -0.00070607 -0.03520401 -0.03306422
v -0.00609230 -0.03481656 -0.03248525
v -0.00596675 -0.03368692 -0.03251424
v -0.00621669 -0.03600528 -0.03244773
v -0.01154420 -0.03504825 -0.03097086
v -0.01126717 -0.03378702 -0.03108433
v -0.01178798 -0.03636222 -0.03088321
v -0.01683766 -0.03500675 -0.02844335
v -0.01646608 -0.03352750 -0.02864851
v -0.02135255 -0.03329435 -0.02522101
v -0.02090828 -0.03159781 -0.02558554
v -0.02531422 -0.03145206 -0.02126507
v -0.02482527 -0.02941349 -0.02179932
v -0.02852211 -0.02948575 -0.01668823
v -0.02805409 -0.02689688 -0.01741434
v -0.02888771 -0.03248136 -0.01603747
v -0.03114503 -0.03139298 -0.01097348
v -0.03092091 -0.02776041 -0.01163260
v -0.03255354 -0.03065323 -0.00560864
v -0.03246944 -0.02669571 -0.00612321
v -0.03304634 -0.02622257 -0.00013004
v -0.03304964 -0.03033341 0.00005079
v -0.03253481 -0.02655753 0.00590324
v -0.03256270 -0.03058097 0.00572621
v -0.03091518 -0.02779361 0.01164902
v -0.03105635 -0.03141617 0.01125255
v -0.02828267 -0.02974039 0.01707137
v -0.02789479 -0.02711271 0.01768868
v -0.02856367 -0.03263956 0.01657473
v -0.02464491 -0.03184317 0.02202012
v -0.02420839 -0.02977066 0.02247169
v -0.01972810 -0.03215519 0.02651237
v -0.02371535 -0.02784513 0.02299919
v -0.02009248 -0.03379020 0.02624647
v -0.01448866 -0.03419181 0.02969029
v -0.01479420 -0.03559928 0.02954205
v -0.00863124 -0.03560416 0.03190452
v -0.00883815 -0.03683927 0.03185115
v -0.00251778 -0.03742765 0.03296272
v -0.00242317 -0.03625455 0.03296548
v 0.00378532 -0.03737760 0.03284699
v 0.00375761 -0.03619059 0.03285126
v 0.00981834 -0.03671183 0.03156985
v 0.00965910 -0.03543399 0.03160628
v 0.01538799 -0.03547257 0.02923208
v 0.01510143 -0.03401847 0.02937834
v 0.01561748 -0.03694962 0.02911098
v 0.02069865 -0.03564078 0.02574863
v 0.00993877 -0.03801725 0.03152991
v 0.01577226 -0.03854215 0.02900032
v 0.02094371 -0.03779972 0.02551996
v 0.02110295 -0.04069107 0.02541118
v 0.02550786 -0.04023941 0.02101243
v 0.02535661 -0.03701773 0.02121319
v 0.02549101 -0.04391349 0.02103873
v 0.02887029 -0.04366715 0.01604636
v 0.02888139 -0.03962662 0.01597272
v 0.02875945 -0.04798478 0.01632684
v 0.03114262 -0.04798478 0.01110144
v 0.03116655 -0.04346280 0.01088642
v 0.02670549 -0.04798478 0.00952642
v 0.03255327 -0.04798478 0.00587458
v 0.02795781 -0.04798478 0.00484340
v 0.03306731 -0.04798478 0.00072648
v 0.02841594 -0.04798478 0.00027051
v 0.03279057 -0.04798478 -0.00428207
v 0.02819731 -0.04798478 -0.00420130
v 0.03182256 -0.04798478 -0.00903531
v 0.02737688 -0.04798478 -0.00854138
v 0.03012895 -0.04798478 -0.01363280
v 0.02605534 -0.04798478 -0.01261858
v 0.02777287 -0.04798478 -0.01798030
v 0.02421684 -0.04798478 -0.01644687
v 0.02470561 -0.04798478 -0.02197911
v 0.02181267 -0.04798478 -0.01986109
v 0.02101884 -0.04798478 -0.02557633
v 0.02113548 -0.04398380 -0.02541464
v 0.01874144 -0.04798478 -0.02290166
v 0.01655150 -0.04798478 -0.02863085
v 0.01658275 -0.04415323 -0.02857288
v 0.01136943 -0.04434537 -0.03103913
v 0.01120787 -0.04127945 -0.03108943
v 0.01647185 -0.04083048 -0.02862998
v 0.00548589 -0.04174723 -0.03259596
v 0.00531865 -0.03975724 -0.03260940
v -0.00050374 -0.04196964 -0.03306374
v -0.00057552 -0.03997965 -0.03305432
v -0.00061427 -0.03876358 -0.03306236
v -0.00645674 -0.03966495 -0.03238806
v -0.00639760 -0.03838419 -0.03240822
v -0.00064906 -0.03751529 -0.03305816
v -0.00632076 -0.03720401 -0.03242494
v -0.00067915 -0.03633463 -0.03306096
v -0.01213985 -0.03903336 -0.03071978
v -0.01200343 -0.03773038 -0.03079932
v -0.01742055 -0.03824112 -0.02805313
v -0.01717195 -0.03662247 -0.02822804
v -0.02177748 -0.03527726 -0.02484820
v -0.02212849 -0.03759562 -0.02453065
v -0.02574001 -0.03385440 -0.02074477
v -0.02609950 -0.03680582 -0.02028089
v -0.02237502 -0.04058097 -0.02428677
v -0.02633260 -0.04018668 -0.01996696
v -0.02932668 -0.03968888 -0.01511513
v -0.02915565 -0.03594181 -0.01550655
v -0.03131831 -0.03522037 -0.01044328
v -0.03141341 -0.03928287 -0.01006326
v -0.03257594 -0.03473307 -0.00518754
v -0.03261848 -0.03903458 -0.00487673
v -0.03300301 -0.03454508 0.00022434
v -0.03299586 -0.03892228 0.00040529
v -0.03255873 -0.03475577 0.00566657
v -0.03252376 -0.03904850 0.00574534
v -0.03111678 -0.03537345 0.01104702
v -0.03109444 -0.03941520 0.01107495
v -0.02873323 -0.03609293 0.01633349
v -0.02869826 -0.03981070 0.01635904
v -0.02519209 -0.03691227 0.02140264
v -0.02497090 -0.03414298 0.02163970
v -0.02524355 -0.04023722 0.02130421
v -0.02066524 -0.03776334 0.02577034
v -0.02042311 -0.03564151 0.02598581
v -0.01506606 -0.03710001 0.02940889
v -0.01526228 -0.03860733 0.02929604
v -0.00902473 -0.03814493 0.03179803
v -0.00915266 -0.03935782 0.03173936
v -0.00268715 -0.03986295 0.03294170
v -0.00260939 -0.03865055 0.03295617
v 0.00379375 -0.03980509 0.03283861
v 0.00380138 -0.03863834 0.03285228
v 0.01001488 -0.03933023 0.03149588
v 0.00376427 -0.04180045 0.03285020
v 0.01005760 -0.04142228 0.03149550
v 0.00996391 -0.04443033 0.03151559
v 0.01582402 -0.04425040 0.02899287
v 0.01589641 -0.04103336 0.02895679
v 0.01558293 -0.04798478 0.02920118
v 0.02084416 -0.04798478 0.02570146
v 0.02106023 -0.04412345 0.02545107
v 0.01738213 -0.04798478 0.02229654
v 0.02136247 -0.04798478 0.01853483
v 0.02529961 -0.04798478 0.02131639
v 0.01766643 -0.04798478 0.01587625
v 0.02053722 -0.04798478 0.01206340
v 0.02452104 -0.04798478 0.01419121
v 0.01655888 -0.04798478 0.00992342
v 0.01820781 -0.04798478 0.00634215
v 0.02244768 -0.04798478 0.00796856
v 0.02353929 -0.04798478 0.00378299
v 0.01912907 -0.04798478 0.00263546
v 0.02392906 -0.04798478 -0.00031902
v 0.01947185 -0.04798478 -0.00102144
v 0.02375206 -0.04798478 -0.00433075
v 0.01933488 -0.04798478 -0.00462578
v 0.02310161 -0.04798478 -0.00822920
v 0.01878648 -0.04798478 -0.00815896
v 0.02209404 -0.04798478 -0.01184124
v 0.01798430 -0.04798478 -0.01143436
v 0.02072331 -0.04798478 -0.01524054
v 0.01704094 -0.04798478 -0.01445440
v 0.01914946 -0.04798478 -0.01803187
v 0.01389915 -0.04798478 -0.01140540
v 0.01319029 -0.04798478 -0.01434413
v 0.01004576 -0.04798478 -0.01168670
v 0.00949449 -0.04798478 -0.01473971
v 0.00909819 -0.04798478 -0.01780849
v 0.00584581 -0.04798478 -0.01518111
v 0.00537895 -0.04798478 -0.01845073
v 0.00903508 -0.04798478 -0.02107187
v 0.00511320 -0.04798478 -0.02184609
v 0.00948320 -0.04798478 -0.02436767
v 0.00509892 -0.04798478 -0.02532127
v 0.01029179 -0.04798478 -0.02758905
v 0.01481657 -0.04798478 -0.02557626
v 0.00528654 -0.04798478 -0.02881186
v 0.01140538 -0.04798478 -0.03103906
v 0.00572820 -0.04798478 -0.03257936
v 0.00003093 -0.04798478 -0.02917316
v -0.00026912 -0.04798478 -0.03309396
v 0.00563042 -0.04456583 -0.03257477
v -0.00040004 -0.04468302 -0.03306808
v -0.00633162 -0.04798478 -0.03248992
v -0.00646962 -0.04455948 -0.03241518
v -0.00650093 -0.04167521 -0.03239964
v -0.01232680 -0.04436295 -0.03067069
v -0.01229225 -0.04126798 -0.03068100
v -0.01773756 -0.04421158 -0.02787440
v -0.01765291 -0.04091690 -0.02793307
v -0.02248750 -0.04408658 -0.02419713
v -0.02242287 -0.04798478 -0.02430417
v -0.02637239 -0.04798478 -0.01994872
v -0.02643178 -0.04392374 -0.01984103
v -0.02943422 -0.04798478 -0.01510241
v -0.02942262 -0.04373551 -0.01497710
v -0.03154237 -0.04798478 -0.00999287
v -0.03148640 -0.04359464 -0.00992695
v -0.03273524 -0.04798478 -0.00465683
v -0.03269185 -0.04348209 -0.00471308
v -0.03302834 -0.04343961 0.00060522
v -0.03306325 -0.04798478 0.00081801
v -0.03249495 -0.04349503 0.00597560
v -0.03248036 -0.04798478 0.00636799
v -0.03102260 -0.04365396 0.01133643
v -0.03088551 -0.04798478 0.01182127
v -0.02858308 -0.04380045 0.01658378
v -0.02834444 -0.04798478 0.01701996
v -0.02516389 -0.04395035 0.02142452
v -0.02489613 -0.04798478 0.02176189
v -0.02076991 -0.04412540 0.02570238
v -0.02080794 -0.04067740 0.02567761
v -0.02057362 -0.04798478 0.02590241
v -0.01548128 -0.04424967 0.02918343
v -0.01544783 -0.04103141 0.02920990
v -0.00931184 -0.04144400 0.03171453
v -0.00938985 -0.04443448 0.03168894
v -0.00278139 -0.04182901 0.03294067
v -0.00286366 -0.04462589 0.03293649
v -0.00934682 -0.04798478 0.03174013
v -0.00290669 -0.04798478 0.03295694
v 0.00352806 -0.04798478 0.03289826
v 0.00367583 -0.04460709 0.03285559
v 0.00262273 -0.04798478 0.02867723
v 0.00783952 -0.04798478 0.02741662
v 0.00973705 -0.04798478 0.03162859
v 0.00578380 -0.04798478 0.02361548
v 0.01000859 -0.04798478 0.02171312
v 0.01280742 -0.04798478 0.02528233
v 0.00713127 -0.04798478 0.01824681
v 0.01073198 -0.04798478 0.01603131
v 0.01404289 -0.04798478 0.01913331
v 0.00753117 -0.04798478 0.01309598
v 0.01042851 -0.04798478 0.01067968
v 0.01401567 -0.04798478 0.01324914
v 0.00698222 -0.04798478 0.00826109
v 0.00877940 -0.04798478 0.00581264
v 0.01260173 -0.04798478 0.00785220
v 0.01400230 -0.04798478 0.00470939
v 0.00993010 -0.04798478 0.00307995
v 0.01477568 -0.04798478 0.00142614
v 0.01057463 -0.04798478 0.00021222
v 0.01507487 -0.04798478 -0.00185455
v 0.01086552 -0.04798478 -0.00270761
v 0.01498051 -0.04798478 -0.00509952
v 0.01084441 -0.04798478 -0.00565888
v 0.01455437 -0.04798478 -0.00832472
v 0.01053880 -0.04798478 -0.00866911
v 0.00695171 -0.04798478 -0.00625191
v 0.00675749 -0.04798478 -0.00908511
v 0.00635344 -0.04798478 -0.01205942
v 0.00318797 -0.04798478 -0.00946313
v 0.00283611 -0.04798478 -0.01235322
v 0.00225560 -0.04798478 -0.01547987
v -0.00050447 -0.04798478 -0.01248605
v -0.00122292 -0.04798478 -0.01546259
v 0.00159721 -0.04798478 -0.01874712
v -0.00214986 -0.04798478 -0.01855910
v 0.00098674 -0.04798478 -0.02211524
v -0.00317659 -0.04798478 -0.02176871
v 0.00044334 -0.04798478 -0.02559921
v -0.00423817 -0.04798478 -0.02514175
v -0.00527876 -0.04798478 -0.02862357
v -0.00884718 -0.04798478 -0.02390209
v -0.01046632 -0.04798478 -0.02713325
v -0.01220699 -0.04798478 -0.03075241
v -0.01529573 -0.04798478 -0.02470504
v -0.01765486 -0.04798478 -0.02796977
v -0.01309212 -0.04798478 -0.02176520
v -0.01677327 -0.04798478 -0.01885373
v -0.01950728 -0.04798478 -0.02143625
v -0.01974507 -0.04798478 -0.01538141
v -0.02297615 -0.04798478 -0.01755035
v -0.02190730 -0.04798478 -0.01166470
v -0.02556953 -0.04798478 -0.01329670
v -0.02342317 -0.04798478 -0.00767219
v -0.02736568 -0.04798478 -0.00876673
v -0.02430806 -0.04798478 -0.00351344
v -0.02841353 -0.04798478 -0.00405243
v -0.02866762 -0.04798478 0.00083325
v -0.02451350 -0.04798478 0.00085364
v -0.02804640 -0.04798478 0.00578594
v -0.02386092 -0.04798478 0.00526300
v -0.02650563 -0.04798478 0.01065761
v -0.02236458 -0.04798478 0.00960442
v -0.02417928 -0.04798478 0.01521303
v -0.02019679 -0.04798478 0.01363003
v -0.02117958 -0.04798478 0.01934123
v -0.01751753 -0.04798478 0.01727491
v -0.01756416 -0.04798478 0.02296390
v -0.01450557 -0.04798478 0.02043274
v -0.01325154 -0.04798478 0.02597986
v -0.01537917 -0.04798478 0.02929772
v -0.01111592 -0.04798478 0.02306283
v -0.00817024 -0.04798478 0.02808978
v -0.00290340 -0.04798478 0.02536128
v -0.00275874 -0.04798478 0.02898495
v -0.01379707 -0.04798478 0.01536497
v -0.01111501 -0.04798478 0.01820434
v -0.01033589 -0.04798478 0.01373581
v -0.00790022 -0.04798478 0.01652974
v -0.00700789 -0.04798478 0.01226702
v -0.00470369 -0.04798478 0.01504816
v -0.00241591 -0.04798478 0.01785229
v -0.00158565 -0.04798478 0.01363634
v 0.00088713 -0.04798478 0.01655515
v -0.00028242 -0.04798478 0.02117782
v 0.00343614 -0.04798478 0.01993773
v 0.00141570 -0.04798478 0.02487010
v 0.00153703 -0.04798478 0.01213567
v 0.00426494 -0.04798478 0.01502451
v -0.00095119 -0.04798478 0.00944659
v 0.00173460 -0.04798478 0.00780874
v 0.00453880 -0.04798478 0.01036557
v 0.00081389 -0.04798478 0.00392589
v 0.00380534 -0.04798478 0.00595241
v 0.00168095 -0.04798478 0.00220563
v 0.00517717 -0.04798478 0.00388790
v 0.00604790 -0.04798478 0.00155875
v 0.00234758 -0.04798478 0.00017401
v 0.00659288 -0.04798478 -0.00095257
v 0.00281749 -0.04798478 -0.00198721
v 0.00689238 -0.04798478 -0.00353740
v 0.00313817 -0.04798478 -0.00430506
v 0.00327190 -0.04798478 -0.00681033
v -0.00050764 -0.04798478 -0.00504079
v -0.00024574 -0.04798478 -0.00733420
v -0.00021785 -0.04798478 -0.00980689
v -0.00366243 -0.04798478 -0.00793458
v -0.00406331 -0.04798478 -0.00573628
v -0.00758186 -0.04798478 -0.00653669
v -0.00698433 -0.04798478 -0.00874771
v -0.01113350 -0.04798478 -0.00752665
v -0.01027657 -0.04798478 -0.00992219
v -0.01337508 -0.04798478 -0.01151734
v -0.01155708 -0.04798478 -0.01407416
v -0.00899666 -0.04798478 -0.01623774
v -0.00907112 -0.04798478 -0.01216783
v -0.01411360 -0.04798478 -0.01637333
v -0.01098738 -0.04798478 -0.01888805
v -0.00724586 -0.04798478 -0.02071380
v -0.00579024 -0.04798478 -0.01773955
v -0.01653590 -0.04798478 -0.01336558
v -0.01471034 -0.04798478 -0.00870998
v -0.01827327 -0.04798478 -0.01013178
v -0.01567097 -0.04798478 -0.00569891
v -0.01950618 -0.04798478 -0.00664360
v -0.01627962 -0.04798478 -0.00257925
v -0.02025240 -0.04798478 -0.00303030
v -0.02041023 -0.04798478 0.00081693
v -0.01641988 -0.04798478 0.00075487
v -0.01976607 -0.04798478 0.00471486
v -0.01581514 -0.04798478 0.00411909
v -0.01831380 -0.04798478 0.00854353
v -0.01444527 -0.04798478 0.00751715
v -0.01625996 -0.04798478 0.01213265
v -0.01254793 -0.04798478 0.01074713
v -0.01083638 -0.04798478 0.00650707
v -0.00909407 -0.04798478 0.00944552
v -0.00752449 -0.04798478 0.00547327
v -0.00593684 -0.04798478 0.00818172
v -0.00389241 -0.04798478 0.01088640
v -0.00846931 -0.04798478 0.00285409
v -0.00528230 -0.04798478 0.00240414
v -0.01201741 -0.04798478 0.00349317
v -0.01248982 -0.04798478 0.00062697
v -0.00875618 -0.04798478 0.00046976
v -0.00858907 -0.04798478 -0.00183943
v -0.00524043 -0.04798478 0.00048758
v -0.01235439 -0.04798478 -0.00220515
v -0.01185909 -0.04798478 -0.00491880
v -0.00815138 -0.04798478 -0.00422846
v -0.00450960 -0.04798478 -0.00358054
v -0.00493288 -0.04798478 -0.00149521
v -0.00086934 -0.04798478 -0.00287044
v -0.00128096 -0.04798478 -0.00086614
v -0.00172432 -0.04798478 0.00095548
v -0.03273836 0.00418075 -0.03435850
v -0.03188069 0.00867147 -0.03071436
v -0.03187520 0.00853671 -0.03482677
v -0.02992220 0.01397934 -0.02873593
v -0.03015321 0.01346566 -0.03194781
v -0.02685384 0.01927279 -0.02806354
v -0.02729012 0.01867929 -0.03053713
v -0.02284041 0.02388949 -0.02829461
v -0.02336000 0.02338388 -0.03021336
v -0.01817091 0.02761972 -0.02894135
v -0.01872328 0.02724032 -0.03057307
v -0.01801509 0.02848227 -0.02771835
v -0.01347047 0.03089047 -0.03022717
v -0.01394637 0.03228671 -0.02997807
v -0.00848256 0.03390805 -0.03193977
v -0.00873830 0.03519857 -0.03185832
v -0.00249190 0.03593637 -0.03296952
v -0.00254744 0.03719125 -0.03296794
v 0.00411955 0.03712362 -0.03280533
v -0.00259004 0.03849545 -0.03296661
v 0.00425926 0.03842245 -0.03279045
v 0.01082603 0.03771933 -0.03122555
v 0.00436723 0.03967807 -0.03276125
v 0.01106572 0.03903793 -0.03111395
v 0.01663652 0.03657797 -0.02854059
v 0.01699303 0.03819760 -0.02830747
v 0.02190099 0.03751596 -0.02474513
v 0.01744035 0.04083090 -0.02807182
v 0.02228386 0.04053085 -0.02437786
v 0.02578728 0.03687729 -0.02068613
v 0.02603679 0.04019564 -0.02034648
v 0.02885796 0.03981430 -0.01601370
v 0.02871074 0.03612875 -0.01631308
v 0.03087846 0.03939999 -0.01159400
v 0.03085088 0.03543588 -0.01171974
v 0.03219829 0.03910678 -0.00714483
v 0.03224883 0.03493661 -0.00709559
v 0.03288188 0.03896713 -0.00263522
v 0.03289616 0.03459799 -0.00232091
v 0.03296770 0.03894198 0.00185795
v 0.03294096 0.03456918 0.00235659
v 0.03241338 0.03906894 0.00628478
v 0.03230827 0.03483261 0.00690634
v 0.03122197 0.03928866 0.01060918
v 0.03104057 0.03527719 0.01122138
v 0.02947856 0.03958334 0.01485209
v 0.02920732 0.03582528 0.01543664
v 0.02710368 0.03995736 0.01887761
v 0.02675835 0.03646176 0.01940768
v 0.02628081 0.03339804 0.02003790
v 0.02372215 0.03713485 0.02300201
v 0.02320384 0.03452841 0.02354418
v 0.02266795 0.03248056 0.02405722
v 0.01963475 0.03566317 0.02655543
v 0.01915648 0.03394076 0.02690775
v 0.01862956 0.03230893 0.02726620
v 0.01520659 0.03524325 0.02932027
v 0.01475566 0.03380087 0.02955315
v 0.01078630 0.03627572 0.03121965
v 0.01042900 0.03497128 0.03135455
v 0.00587700 0.03698886 0.03249949
v 0.00565416 0.03574081 0.03254475
v 0.00542027 0.03451522 0.03259319
v 0.00052238 0.03602792 0.03306245
v 0.00044353 0.03483285 0.03307146
v 0.00037498 0.03369491 0.03307919
v -0.00474800 0.03460580 0.03270640
v -0.00465987 0.03339462 0.03272669
v -0.00471822 0.03273690 0.03331550
v -0.00966194 0.03241000 0.03162197
v -0.00968001 0.03163681 0.03226258
v -0.01441524 0.03074984 0.02974768
v -0.01486140 0.03220468 0.02950931
v -0.01941878 0.03016415 0.02672295
v -0.01880775 0.02850790 0.02720009
v -0.01992708 0.03182821 0.02633046
v -0.02408260 0.02964804 0.02259993
v -0.02458589 0.03172348 0.02208056
v -0.02810518 0.02975277 0.01734876
v -0.02761958 0.02715292 0.01811578
v -0.02349898 0.02768881 0.02322613
v -0.02843098 0.03249423 0.01678224
v -0.03093361 0.03102206 0.01153887
v -0.03070998 0.02753158 0.01212773
v -0.03243013 0.02976083 0.00635187
v -0.03233540 0.02558920 0.00680418
v -0.03300624 0.02903817 0.00138324
v -0.03295082 0.03364730 0.00141241
v -0.03289412 0.03365927 -0.00317071
v -0.03288173 0.02906649 -0.00342839
v -0.03196614 0.02965365 -0.00836088
v -0.03207961 0.03406845 -0.00786252
v -0.03028242 0.03067782 -0.01317312
v -0.03053200 0.03469979 -0.01256870
v -0.02779866 0.03206234 -0.01787712
v -0.02733815 0.02914193 -0.01859919
v -0.02816573 0.03551767 -0.01728879
v -0.02443434 0.03365951 -0.02225933
v -0.02390932 0.03134311 -0.02281395
v -0.02021510 0.03525668 -0.02611863
v -0.01973561 0.03339145 -0.02647942
v -0.01922932 0.03167245 -0.02685581
v -0.02333669 0.02926791 -0.02339085
v -0.01476613 0.03518417 -0.02954767
v -0.01437288 0.03370565 -0.02974726
v -0.01864717 0.02999960 -0.02728531
v -0.01513289 0.03673202 -0.02935809
v -0.00918971 0.03789682 -0.03172493
v -0.00897066 0.03650473 -0.03178974
v -0.00934737 0.03919052 -0.03166306
v -0.00262398 0.03977743 -0.03295358
v -0.00954207 0.04126547 -0.03162758
v -0.00265614 0.04176815 -0.03295392
v 0.00452025 0.04170688 -0.03274618
v -0.00267812 0.04460897 -0.03295687
v 0.00465575 0.04456942 -0.03272894
v 0.01139049 0.04121518 -0.03101251
v 0.01166454 0.04434896 -0.03092454
v 0.01780907 0.04419955 -0.02784664
v 0.01184172 0.04801522 -0.03088295
v 0.01810814 0.04801522 -0.02769779
v 0.02262175 0.04409359 -0.02408438
v 0.02285509 0.04801522 -0.02391207
v 0.02623943 0.04396444 -0.02009525
v 0.02632085 0.04801522 -0.02001768
v 0.02884807 0.04801522 -0.01618631
v 0.02892302 0.04377572 -0.01598362
v 0.03079985 0.04801522 -0.01206693
v 0.03087944 0.04364975 -0.01173506
v 0.03212749 0.04801522 -0.00781819
v 0.03217668 0.04355575 -0.00740579
v 0.03291594 0.04801522 -0.00343669
v 0.03288860 0.04347128 -0.00300892
v 0.03305217 0.04801522 0.00103567
v 0.03300615 0.04344442 0.00143201
v 0.03260088 0.04801522 0.00555308
v 0.03251103 0.04350106 0.00585563
v 0.03152727 0.04801522 0.01002630
v 0.03140337 0.04358993 0.01023575
v 0.02976909 0.04801522 0.01438603
v 0.02968559 0.04369394 0.01450504
v 0.02747173 0.04801522 0.01845844
v 0.02735405 0.04383407 0.01854365
v 0.02454826 0.04801522 0.02214525
v 0.02440874 0.04398422 0.02227052
v 0.02411272 0.04028744 0.02258365
v 0.02090038 0.04409408 0.02560097
v 0.02055223 0.04055087 0.02587073
v 0.02009709 0.03764706 0.02618499
v 0.01645775 0.04077572 0.02866499
v 0.01599022 0.03829574 0.02887347
v 0.01563518 0.03676571 0.02909164
v 0.01137987 0.03897421 0.03098387
v 0.01110777 0.03765365 0.03111183
v 0.00633055 0.03954281 0.03240541
v 0.00610942 0.03827035 0.03245453
v 0.00089629 0.03986459 0.03303832
v 0.00075902 0.03857577 0.03305448
v 0.00063103 0.03726913 0.03305461
v -0.00483894 0.03836874 0.03268887
v -0.00483076 0.03707821 0.03268571
v -0.00480171 0.03582504 0.03269251
v -0.01031105 0.03636923 0.03138624
v -0.01013789 0.03504965 0.03144120
v -0.01556685 0.03517563 0.02912846
v -0.01524379 0.03368246 0.02929852
v -0.00991548 0.03369735 0.03152904
v -0.01584785 0.03676010 0.02898218
v -0.02072353 0.03545688 0.02570511
v -0.02036238 0.03356503 0.02600303
v -0.02099806 0.03759799 0.02547195
v -0.02529335 0.03679745 0.02128367
v -0.02498531 0.03403305 0.02161644
v -0.02546657 0.04008212 0.02106277
v -0.02875307 0.03948983 0.01620905
v -0.02865285 0.03579672 0.01641189
v -0.03103279 0.03891171 0.01117062
v -0.03101949 0.03479916 0.01127318
v -0.03240468 0.03853036 0.00622011
v -0.03244685 0.03404647 0.00616933
v -0.03238600 0.04327426 0.00643053
v -0.03297755 0.04320932 0.00178295
v -0.03293098 0.03839315 0.00158168
v -0.03292561 0.04321176 -0.00276970
v -0.03289693 0.03840707 -0.00292101
v -0.03221339 0.04327401 -0.00730612
v -0.03214333 0.03858725 -0.00748150
v -0.03082680 0.04340170 -0.01188885
v -0.03067714 0.03893075 -0.01211981
v -0.02859486 0.04358017 -0.01656747
v -0.02842751 0.03940390 -0.01683246
v -0.02543996 0.04380233 -0.02110504
v -0.02520851 0.03991708 -0.02135925
v -0.02122340 0.04400863 -0.02534142
v -0.02098482 0.04038559 -0.02552845
v -0.02487959 0.03648153 -0.02176410
v -0.02060384 0.03735141 -0.02579026
v -0.01574007 0.04075937 -0.02905526
v -0.01541035 0.03830404 -0.02918147
v -0.01595686 0.04416024 -0.02894989
v -0.00968648 0.04437704 -0.03159854
v -0.01602254 0.04801522 -0.02894811
v -0.00971706 0.04801522 -0.03164330
v -0.00266206 0.04801522 -0.03297640
v -0.00799019 0.04801522 -0.02640741
v -0.00198586 0.04801522 -0.02786526
v 0.00472398 0.04801522 -0.03272831
v 0.00441472 0.04801522 -0.02805556
v 0.01079070 0.04801522 -0.02686471
v 0.00456328 0.04801522 -0.02371919
v 0.01033696 0.04801522 -0.02318801
v 0.01663725 0.04801522 -0.02438181
v 0.02092632 0.04801522 -0.02107225
v 0.01908952 0.04801522 -0.01872617
v 0.02343950 0.04801522 -0.01799364
v 0.02054253 0.04801522 -0.01616224
v 0.02543022 0.04801522 -0.01451716
v 0.02194109 0.04801522 -0.01298115
v 0.02328557 0.04801522 -0.00976881
v 0.02702043 0.04801522 -0.01095069
v 0.02450676 0.04801522 -0.00644576
v 0.02828777 0.04801522 -0.00718829
v 0.02551176 0.04801522 -0.00303309
v 0.02917961 0.04801522 -0.00330911
v 0.02620366 0.04801522 0.00051928
v 0.02958086 0.04801522 0.00068899
v 0.02634917 0.04801522 0.00398857
v 0.02936382 0.04801522 0.00468391
v 0.02560600 0.04801522 0.00776327
v 0.02841142 0.04801522 0.00884926
v 0.02405498 0.04801522 0.01128808
v 0.02677458 0.04801522 0.01279883
v 0.02455217 0.04801522 0.01637002
v 0.02191728 0.04801522 0.01438452
v 0.02187840 0.04801522 0.01961587
v 0.01937505 0.04801522 0.01718999
v 0.01660222 0.04801522 0.01979230
v 0.01881926 0.04801522 0.02254593
v 0.02111992 0.04801522 0.02547722
v 0.01539018 0.04801522 0.02514293
v 0.01712639 0.04801522 0.02827881
v 0.01684300 0.04418075 0.02842681
v 0.01262920 0.04801522 0.03059374
v 0.01223393 0.04430136 0.03069265
v 0.01179008 0.04108993 0.03084949
v 0.00707561 0.04448202 0.03228486
v 0.00666759 0.04149179 0.03235589
v 0.00143468 0.04462558 0.03302132
v 0.00111974 0.04180771 0.03302901
v -0.00448579 0.04456161 0.03274826
v -0.00470674 0.04165268 0.03271131
v -0.00480922 0.03964877 0.03268855
v -0.01057295 0.04123764 0.03130926
v -0.01055086 0.03915048 0.03130558
v -0.01617110 0.04084774 0.02882798
v -0.01601784 0.03834726 0.02885808
v -0.01046034 0.03777206 0.03134909
v -0.01611531 0.04419271 0.02885208
v -0.02119435 0.04405575 0.02535189
v -0.02119148 0.04053695 0.02533645
v -0.02100374 0.04801522 0.02558292
v -0.02530318 0.04801522 0.02131279
v -0.02547926 0.04385653 0.02105165
v -0.02862740 0.04801522 0.01654786
v -0.02876173 0.04359872 0.01627117
v -0.03095778 0.04801522 0.01161924
v -0.03102608 0.04339633 0.01132090
v -0.02380867 0.04801522 0.01386102
v -0.02573628 0.04801522 0.00938200
v -0.03241719 0.04801522 0.00665530
v -0.02693349 0.04801522 0.00512282
v -0.03300954 0.04801522 0.00191240
v -0.02735670 0.04801522 0.00109394
v -0.02178511 0.04801522 0.00271401
v -0.02223140 0.04801522 -0.00120588
v -0.01748610 0.04801522 -0.00039780
v -0.01861702 0.04801522 -0.00431432
v -0.02058943 0.04801522 -0.00852247
v -0.01546687 0.04801522 -0.00769417
v -0.01793465 0.04801522 -0.01223962
v -0.02400978 0.04801522 -0.01280583
v -0.02135652 0.04801522 -0.01675306
v -0.02865804 0.04801522 -0.01650424
v -0.03086647 0.04801522 -0.01188197
v -0.02553419 0.04801522 -0.02106534
v -0.01776765 0.04801522 -0.02056068
v -0.02130867 0.04801522 -0.02531406
v -0.01331154 0.04801522 -0.02387577
v -0.01083870 0.04801522 -0.01900293
v -0.00621944 0.04801522 -0.02150736
v -0.00440022 0.04801522 -0.01673007
v 0.00022502 0.04801522 -0.01848969
v -0.00103468 0.04801522 -0.02313464
v 0.00523271 0.04801522 -0.01944904
v 0.00165495 0.04801522 -0.01426529
v 0.00627495 0.04801522 -0.01550576
v 0.00316924 0.04801522 -0.01046477
v 0.00758452 0.04801522 -0.01193929
v 0.01228178 0.04801522 -0.01311182
v 0.00902495 0.04801522 -0.00867017
v 0.01351933 0.04801522 -0.01009738
v 0.01708202 0.04801522 -0.01449502
v 0.01808611 0.04801522 -0.01152462
v 0.01487273 0.04801522 -0.00713593
v 0.01927043 0.04801522 -0.00850564
v 0.01625511 0.04801522 -0.00422360
v 0.02049712 0.04801522 -0.00547466
v 0.01768413 0.04801522 -0.00137074
v 0.02168205 0.04801522 -0.00241298
v 0.01913329 0.04801522 0.00141416
v 0.02281902 0.04801522 0.00069108
v 0.01535692 0.04801522 0.00277085
v 0.01729289 0.04801522 0.00543822
v 0.01364763 0.04801522 0.00007795
v 0.00978667 0.04801522 0.00184856
v 0.01190172 0.04801522 0.00457248
v 0.01205046 0.04801522 -0.00271055
v 0.00798247 0.04801522 -0.00092546
v 0.00413847 0.04801522 0.00117261
v 0.00623570 0.04801522 0.00399596
v 0.01049895 0.04801522 -0.00562804
v 0.00633037 0.04801522 -0.00386644
v 0.00234734 0.04801522 -0.00179936
v -0.00144618 0.04801522 0.00066887
v 0.00472691 0.04801522 -0.00703359
v 0.00065910 0.04801522 -0.00502311
v -0.00319160 0.04801522 -0.00257047
v -0.00695808 0.04801522 0.00037452
v -0.00485469 0.04801522 -0.00604693
v -0.00859200 0.04801522 -0.00312744
v -0.01238252 0.04801522 0.00017234
v -0.01023622 0.04801522 -0.00690844
v -0.01380128 0.04801522 -0.00363278
v -0.01219295 0.04801522 -0.01115827
v -0.00658772 0.04801522 -0.00991487
v -0.00856850 0.04801522 -0.01425933
v -0.01471889 0.04801522 -0.01581663
v -0.01636665 0.04801522 0.00360403
v -0.02082332 0.04801522 0.00677521
v -0.01484200 0.04801522 0.00723196
v -0.01082552 0.04801522 0.00375854
v -0.01919209 0.04801522 0.01070461
v -0.01272566 0.04801522 0.01077438
v -0.00892146 0.04801522 0.00710408
v -0.00651802 0.04801522 0.01016601
v -0.00300288 0.04801522 0.00672014
v -0.00513826 0.04801522 0.00365366
v -0.00047102 0.04801522 0.00952958
v 0.00280876 0.04801522 0.00657535
v 0.00053319 0.04801522 0.00371974
v 0.00240800 0.04801522 0.01207231
v 0.00542717 0.04801522 0.00923451
v 0.00860857 0.04801522 0.00673507
v 0.00831938 0.04801522 0.01176676
v 0.01120964 0.04801522 0.00936114
v 0.01420720 0.04801522 0.00724377
v 0.01403300 0.04801522 0.01201744
v 0.01676036 0.04801522 0.00984016
v 0.01677788 0.04801522 0.01465641
v 0.01935899 0.04801522 0.01223015
v 0.01415904 0.04801522 0.01704806
v 0.01146001 0.04801522 0.01951214
v 0.01132634 0.04801522 0.01436320
v 0.00867845 0.04801522 0.01690098
v 0.00550572 0.04801522 0.01449322
v 0.00285521 0.04801522 0.01759940
v 0.00047716 0.04801522 0.02111964
v -0.00051631 0.04801522 0.01538674
v -0.00325691 0.04801522 0.01912778
v -0.00577132 0.04801522 0.02308887
v -0.00140877 0.04801522 0.02481834
v -0.00367738 0.04801522 0.01291866
v -0.00681599 0.04801522 0.01672298
v -0.00990083 0.04801522 0.02075957
v -0.01283705 0.04801522 0.02481266
v -0.00800960 0.04801522 0.02714947
v -0.01004768 0.04801522 0.01394186
v -0.01360506 0.04801522 0.01783839
v -0.01719502 0.04801522 0.02170962
v -0.01586049 0.04801522 0.02903780
v -0.01672676 0.04801522 0.01445801
v -0.02096394 0.04801522 0.01807667
v -0.01010011 0.04801522 0.03149879
v -0.00411134 0.04801522 0.03281179
v -0.00291560 0.04801522 0.02863406
v 0.00181047 0.04801522 0.03301078
v 0.00218401 0.04801522 0.02926488
v 0.00746776 0.04801522 0.03221071
v 0.00711931 0.04801522 0.02881228
v 0.00289519 0.04801522 0.02593387
v 0.01152812 0.04801522 0.02730928
v -0.01043330 0.04435800 0.03135469
v 0.01361760 0.04801522 0.02225654
v -0.00096529 0.04801522 -0.00851013
v -0.00264973 0.04801522 -0.01242539
f 1 2 3
f 1 4 2
f 1 5 6
f 1 7 5
f 1 8 4
f 9 10 11
f 9 12 13
f 9 11 14
f 15 16 17
f 15 18 16
f 15 17 19
f 15 20 21
f 15 22 20
f 23 24 25
f 23 26 27
f 23 27 24
f 23 28 29
f 23 29 26
f 30 31 32
f 33 34 30
f 30 35 36
f 37 38 39
f 37 39 40
f 37 41 42
f 37 43 41
f 37 40 44
f 45 46 47
f 45 48 49
f 45 47 50
f 45 51 46
f 45 49 52
f 53 54 55
f 53 55 56
f 53 57 54
f 58 59 60
f 58 61 62
f 58 62 63
f 64 65 66
f 64 67 68
f 64 66 69
f 70 71 72
f 70 72 73
f 70 74 75
f 76 77 78
f 76 79 77
f 76 80 81
f 82 83 84
f 82 85 86
f 82 84 85
f 87 88 89
f 87 90 88
f 87 91 92
f 93 94 35
f 93 95 96
f 93 35 97
f 93 96 98
f 93 98 94
f 99 100 101
f 99 102 100
f 99 103 104
f 105 106 107
f 105 108 109
f 105 110 111
f 112 113 114
f 112 115 116
f 112 117 118
f 119 120 121
f 119 122 120
f 119 123 124
f 125 126 127
f 125 128 129
f 125 129 126
f 130 131 132
f 130 133 134
f 130 135 136
f 137 138 139
f 137 140 141
f 137 139 142
f 143 144 145
f 143 146 147
f 143 148 149
f 150 151 152
f 150 153 154
f 150 152 155
f 156 157 158
f 156 159 160
f 156 161 159
f 162 163 164
f 162 165 163
f 162 166 167
f 162 168 166
f 162 164 169
f 169 170 168
f 169 164 171
f 169 171 172
f 172 171 173
f 172 173 116
f 172 116 170
f 174 173 175
f 174 176 177
f 174 178 116
f 178 177 179
f 178 180 117
f 180 179 181
f 180 182 118
f 183 182 184
f 183 185 186
f 183 186 113
f 186 187 188
f 186 189 113
f 189 188 190
f 189 191 114
f 191 190 192
f 191 193 194
f 192 190 195
f 192 195 196
f 192 197 193
f 197 196 198
f 197 199 166
f 199 198 200
f 199 201 167
f 202 201 203
f 202 204 205
f 202 205 165
f 205 206 132
f 205 131 165
f 206 204 207
f 206 208 132
f 209 208 210
f 209 211 212
f 209 212 132
f 212 213 214
f 212 215 135
f 215 214 216
f 215 217 136
f 218 217 219
f 218 220 221
f 218 222 136
f 222 221 223
f 222 163 133
f 221 220 224
f 221 224 225
f 225 224 226
f 225 226 227
f 225 228 223
f 227 226 229
f 227 229 230
f 227 230 228
f 231 229 155
f 231 232 175
f 231 175 173
f 233 232 234
f 233 235 236
f 233 237 176
f 237 236 238
f 237 239 176
f 239 238 240
f 239 241 177
f 241 240 242
f 241 243 179
f 243 242 244
f 243 245 181
f 246 245 247
f 246 248 184
f 246 184 182
f 249 248 250
f 249 251 252
f 249 252 185
f 252 253 254
f 252 254 185
f 254 255 256
f 254 257 187
f 257 256 258
f 257 259 188
f 258 256 260
f 258 260 261
f 258 262 259
f 262 261 263
f 262 264 195
f 264 263 265
f 264 266 196
f 266 265 65
f 266 68 198
f 265 263 267
f 265 267 268
f 267 269 270
f 267 270 271
f 271 270 272
f 271 272 273
f 271 273 66
f 273 274 275
f 273 275 69
f 275 276 277
f 275 277 278
f 278 277 279
f 278 279 203
f 278 280 69
f 280 203 201
f 280 200 67
f 279 281 207
f 279 207 204
f 282 281 283
f 282 284 210
f 282 210 208
f 285 284 286
f 285 287 288
f 285 288 211
f 288 289 290
f 288 290 213
f 290 291 292
f 290 292 213
f 292 293 294
f 292 295 214
f 295 294 296
f 295 297 216
f 298 297 299
f 298 300 219
f 298 219 217
f 301 300 302
f 301 303 304
f 301 305 220
f 304 303 306
f 304 306 307
f 304 308 305
f 307 306 154
f 307 154 153
f 307 309 308
f 310 306 311
f 310 312 313
f 310 313 151
f 313 314 315
f 313 315 316
f 315 317 318
f 315 319 320
f 320 319 321
f 320 321 235
f 320 234 316
f 321 322 323
f 321 324 235
f 324 323 325
f 324 326 236
f 326 325 327
f 326 328 238
f 328 327 329
f 328 330 240
f 330 329 331
f 330 332 242
f 332 331 81
f 332 80 244
f 331 329 333
f 331 334 81
f 335 334 336
f 335 337 338
f 335 338 79
f 338 339 340
f 338 340 341
f 340 342 343
f 340 343 344
f 344 343 345
f 344 345 250
f 344 346 341
f 346 250 248
f 346 247 77
f 345 347 348
f 345 349 251
f 349 348 350
f 349 351 253
f 351 350 352
f 351 353 255
f 353 352 354
f 353 355 255
f 354 352 356
f 354 356 357
f 354 358 355
f 358 357 359
f 358 360 260
f 360 359 361
f 360 269 261
f 359 357 362
f 359 362 363
f 363 362 364
f 363 364 365
f 363 366 361
f 365 364 367
f 365 367 368
f 365 369 366
f 369 368 370
f 369 371 272
f 371 370 372
f 371 372 276
f 372 373 374
f 372 374 375
f 374 376 377
f 374 377 283
f 377 378 286
f 377 286 284
f 379 378 380
f 379 381 382
f 379 382 287
f 382 383 384
f 382 384 289
f 384 385 386
f 384 386 291
f 386 387 388
f 386 388 293
f 388 389 390
f 388 390 294
f 390 391 392
f 390 393 294
f 393 392 394
f 393 395 396
f 396 395 397
f 396 397 398
f 396 299 297
f 398 397 399
f 398 399 302
f 398 302 300
f 400 399 401
f 400 402 312
f 400 311 303
f 402 401 403
f 402 404 314
f 404 403 405
f 404 406 317
f 406 405 407
f 406 408 317
f 408 407 409
f 408 409 318
f 410 409 411
f 410 411 323
f 410 322 319
f 411 412 413
f 411 413 325
f 413 414 415
f 413 415 327
f 415 416 333
f 415 333 329
f 417 416 418
f 417 419 336
f 417 336 334
f 420 419 421
f 420 422 423
f 420 423 337
f 423 424 425
f 423 425 339
f 425 426 427
f 425 427 342
f 427 428 429
f 427 430 431
f 430 429 432
f 430 433 431
f 434 433 435
f 434 436 347
f 434 347 431
f 436 435 437
f 436 438 348
f 438 437 439
f 438 440 350
f 439 437 441
f 439 441 442
f 439 443 440
f 443 442 444
f 443 445 356
f 444 442 446
f 444 446 447
f 444 448 445
f 447 446 449
f 447 449 450
f 447 451 448
f 450 449 452
f 450 452 453
f 450 454 451
f 454 453 455
f 454 456 367
f 456 455 457
f 456 458 368
f 458 457 459
f 458 459 373
f 459 460 461
f 459 461 376
f 461 462 380
f 461 380 378
f 463 462 464
f 463 465 466
f 463 466 381
f 466 467 468
f 466 468 383
f 468 95 469
f 468 469 385
f 469 97 470
f 469 470 387
f 470 471 472
f 470 473 389
f 473 472 474
f 473 475 389
f 475 474 476
f 475 477 391
f 477 476 478
f 477 479 392
f 479 478 480
f 479 481 394
f 482 481 483
f 482 484 485
f 482 485 394
f 486 484 487
f 486 488 489
f 486 489 485
f 490 488 491
f 490 492 401
f 490 401 399
f 492 491 493
f 492 494 403
f 494 493 495
f 494 496 405
f 496 495 497
f 496 498 499
f 498 497 500
f 498 501 502
f 502 501 503
f 502 503 414
f 502 412 499
f 503 504 418
f 503 418 416
f 505 504 506
f 505 507 421
f 505 421 419
f 508 507 509
f 508 510 511
f 508 511 422
f 511 512 513
f 511 513 424
f 513 514 515
f 513 515 426
f 515 516 517
f 515 517 428
f 517 518 519
f 517 520 428
f 520 519 521
f 520 522 429
f 522 521 523
f 522 524 432
f 525 524 526
f 525 527 435
f 525 435 433
f 526 524 528
f 526 528 529
f 526 530 527
f 530 529 531
f 530 532 441
f 531 529 533
f 531 533 534
f 531 535 532
f 534 533 536
f 534 536 537
f 534 538 535
f 537 536 539
f 537 539 540
f 537 541 538
f 541 540 542
f 541 543 452
f 543 542 544
f 543 545 453
f 545 544 546
f 545 547 455
f 547 546 548
f 547 549 457
f 549 548 550
f 549 464 460
f 550 548 551
f 550 551 552
f 550 553 465
f 553 552 554
f 553 96 467
f 552 551 555
f 552 555 556
f 556 555 557
f 556 557 558
f 556 559 554
f 559 558 560
f 559 560 561
f 558 557 562
f 558 562 5
f 562 563 564
f 562 564 6
f 565 564 566
f 565 567 568
f 565 568 8
f 568 569 570
f 568 570 571
f 570 572 573
f 570 573 574
f 574 573 575
f 574 575 576
f 574 577 571
f 577 576 578
f 577 579 580
f 579 578 581
f 579 581 582
f 582 583 580
f 582 581 584
f 582 584 585
f 585 586 583
f 585 584 587
f 585 587 588
f 588 589 586
f 588 587 590
f 588 590 591
f 591 592 593
f 591 590 594
f 591 594 592
f 595 596 597
f 595 594 598
f 595 599 596
f 600 601 602
f 600 599 603
f 600 604 601
f 605 606 607
f 605 604 608
f 605 609 606
f 610 611 612
f 610 609 613
f 610 614 611
f 615 616 617
f 615 614 618
f 615 619 616
f 620 621 622
f 620 619 623
f 620 624 621
f 625 626 627
f 625 624 628
f 625 628 629
f 629 630 631
f 629 628 632
f 629 632 633
f 633 634 630
f 633 632 635
f 633 635 158
f 635 636 637
f 635 637 161
f 637 638 639
f 637 639 640
f 639 641 642
f 639 643 644
f 644 643 645
f 644 645 646
f 644 647 640
f 647 646 648
f 647 649 159
f 649 648 650
f 649 651 160
f 652 651 653
f 652 654 655
f 652 655 157
f 655 656 634
f 655 634 157
f 656 654 657
f 656 658 659
f 660 658 661
f 660 662 631
f 660 631 630
f 663 662 664
f 663 665 627
f 663 627 626
f 666 665 667
f 666 668 622
f 666 622 621
f 669 668 670
f 669 671 617
f 669 617 616
f 672 671 673
f 672 674 612
f 672 612 611
f 675 674 676
f 675 677 607
f 675 607 606
f 678 677 679
f 678 680 602
f 678 602 601
f 681 680 682
f 681 683 597
f 681 597 596
f 684 683 685
f 684 38 593
f 684 593 592
f 683 682 686
f 686 687 688
f 686 689 685
f 686 682 687
f 690 691 692
f 690 682 680
f 690 679 691
f 693 694 695
f 693 679 677
f 693 676 694
f 696 697 698
f 696 676 674
f 696 673 697
f 699 700 701
f 699 673 671
f 699 670 700
f 702 703 700
f 702 670 668
f 702 667 704
f 704 705 703
f 704 667 664
f 704 664 706
f 706 707 705
f 706 664 662
f 706 661 707
f 708 709 710
f 708 661 658
f 708 657 709
f 711 712 713
f 711 657 654
f 711 653 712
f 714 715 716
f 714 653 651
f 714 650 715
f 717 60 59
f 717 650 648
f 717 718 60
f 719 720 721
f 719 721 61
f 719 718 722
f 722 723 720
f 722 718 646
f 722 646 645
f 724 725 726
f 724 726 727
f 724 723 728
f 728 729 725
f 728 723 730
f 728 730 731
f 731 732 733
f 731 730 643
f 731 642 732
f 734 735 736
f 734 642 737
f 734 737 738
f 738 739 735
f 738 737 740
f 738 740 741
f 741 742 739
f 741 740 743
f 741 743 744
f 744 745 742
f 744 743 746
f 744 746 747
f 747 746 748
f 747 748 749
f 747 750 745
f 751 752 753
f 751 753 754
f 751 750 107
f 753 755 756
f 753 756 757
f 757 756 758
f 757 758 759
f 757 760 754
f 759 758 761
f 759 761 762
f 759 763 760
f 762 761 764
f 762 765 736
f 762 736 735
f 766 765 767
f 766 768 733
f 766 733 732
f 769 768 770
f 769 770 771
f 769 772 733
f 771 770 773
f 771 773 774
f 771 775 772
f 774 773 776
f 774 776 777
f 774 778 775
f 778 777 779
f 778 780 726
f 780 779 781
f 780 782 727
f 782 781 783
f 782 784 721
f 783 781 785
f 783 785 786
f 783 787 784
f 787 786 788
f 787 789 62
f 789 788 790
f 789 791 63
f 791 790 792
f 791 713 716
f 792 790 793
f 792 793 794
f 792 710 709
f 794 793 795
f 794 795 796
f 794 797 710
f 796 795 798
f 796 799 800
f 796 800 705
f 801 799 802
f 801 803 804
f 801 804 703
f 805 803 806
f 805 807 701
f 805 701 700
f 808 807 809
f 808 810 698
f 808 698 697
f 811 810 812
f 811 813 695
f 811 695 694
f 814 813 815
f 814 816 692
f 814 692 691
f 817 816 818
f 817 819 688
f 817 688 687
f 820 819 821
f 820 822 823
f 820 823 689
f 823 824 825
f 823 826 689
f 825 824 827
f 825 827 828
f 825 829 826
f 829 828 830
f 829 831 40
f 831 830 832
f 831 833 44
f 834 833 835
f 834 33 836
f 834 836 43
f 836 36 837
f 836 837 838
f 837 94 561
f 837 839 838
f 840 841 838
f 840 839 7
f 840 3 841
f 841 842 41
f 841 843 842
f 839 561 560
f 835 833 844
f 835 844 845
f 835 846 33
f 846 845 847
f 846 848 34
f 849 848 850
f 849 851 852
f 849 852 31
f 852 853 854
f 852 854 32
f 854 855 472
f 854 472 471
f 855 853 856
f 855 857 474
f 857 856 858
f 857 859 476
f 859 858 860
f 859 861 478
f 861 860 862
f 861 863 480
f 864 863 865
f 864 866 483
f 864 483 481
f 867 866 868
f 867 869 487
f 867 487 484
f 870 869 871
f 870 872 491
f 870 491 488
f 872 871 873
f 872 874 493
f 874 873 875
f 874 876 495
f 876 875 877
f 876 878 497
f 878 877 879
f 878 879 506
f 879 880 509
f 879 509 507
f 881 880 882
f 881 883 884
f 881 884 510
f 884 885 886
f 884 886 512
f 886 887 888
f 886 888 514
f 888 889 890
f 888 890 516
f 890 891 892
f 890 892 518
f 892 893 894
f 892 895 518
f 895 894 896
f 895 897 519
f 897 896 898
f 897 899 521
f 899 898 900
f 899 901 523
f 901 900 902
f 901 903 528
f 902 900 904
f 902 904 905
f 902 906 903
f 905 904 907
f 905 907 908
f 905 909 906
f 908 907 910
f 908 910 911
f 908 912 909
f 912 911 913
f 912 914 539
f 914 913 915
f 914 916 540
f 916 915 917
f 916 918 542
f 918 917 919
f 918 920 544
f 920 919 921
f 920 922 546
f 921 919 923
f 921 923 924
f 921 925 551
f 924 923 926
f 924 926 927
f 924 928 925
f 927 926 929
f 927 929 930
f 927 563 928
f 929 931 932
f 929 932 933
f 933 932 934
f 933 934 935
f 933 566 930
f 935 934 936
f 935 936 937
f 935 937 567
f 937 938 939
f 937 939 569
f 939 940 941
f 939 941 572
f 941 942 943
f 941 943 944
f 943 945 946
f 943 946 947
f 947 946 948
f 947 948 949
f 947 950 944
f 949 948 951
f 949 951 952
f 949 953 950
f 953 952 954
f 953 955 575
f 955 954 956
f 955 957 576
f 957 956 958
f 957 959 578
f 959 958 960
f 959 960 961
f 961 962 963
f 961 960 964
f 961 964 965
f 965 966 962
f 965 964 967
f 965 967 968
f 968 969 966
f 968 967 970
f 968 970 971
f 971 972 969
f 971 970 973
f 971 973 974
f 974 598 972
f 974 973 975
f 974 975 976
f 976 603 599
f 976 975 977
f 976 977 603
f 978 608 604
f 978 977 979
f 978 980 608
f 981 613 609
f 981 980 982
f 981 983 613
f 984 618 614
f 984 983 985
f 984 985 986
f 986 623 618
f 986 985 987
f 986 987 988
f 988 989 623
f 988 987 990
f 988 990 991
f 991 992 989
f 991 990 993
f 991 993 994
f 994 636 992
f 994 993 995
f 994 995 638
f 985 996 748
f 996 983 982
f 996 111 749
f 982 980 979
f 982 997 111
f 997 979 998
f 997 999 108
f 999 998 1000
f 999 1001 109
f 1002 1001 1003
f 1002 1004 1005
f 1002 1006 109
f 1006 1005 755
f 1006 752 106
f 1005 1004 1007
f 1005 1007 1008
f 1007 1009 1010
f 1007 1011 1012
f 1012 1011 1013
f 1012 1014 1015
f 1012 1016 1008
f 1015 1014 144
f 1015 149 1017
f 1015 1017 1016
f 1018 149 148
f 1018 1019 764
f 1018 764 761
f 1020 1019 1021
f 1020 1021 1022
f 1020 767 765
f 1022 1021 1023
f 1022 1023 1024
f 1022 1024 768
f 1025 1023 1026
f 1025 1027 1028
f 1025 1028 770
f 1029 1027 1030
f 1029 1031 1032
f 1029 1032 773
f 1033 1031 1034
f 1033 1035 1036
f 1033 1036 776
f 1036 1037 1038
f 1036 1038 777
f 1038 1039 1040
f 1038 1040 777
f 1040 1041 1042
f 1040 1042 779
f 1043 1041 1044
f 1043 1045 1046
f 1043 1047 1042
f 1047 1046 1048
f 1047 1049 785
f 1049 1048 1050
f 1049 1051 786
f 1051 1050 1052
f 1051 1053 788
f 1052 1050 1054
f 1052 1054 1055
f 1052 1056 1053
f 1055 1054 1057
f 1055 1057 1058
f 1055 798 1056
f 1058 1057 1059
f 1058 1059 1060
f 1058 802 799
f 1060 1059 1061
f 1060 1061 1062
f 1060 806 802
f 1062 1061 1063
f 1062 1063 809
f 1062 809 807
f 1064 1063 1065
f 1064 1066 812
f 1064 812 810
f 1067 1066 1068
f 1067 1069 815
f 1067 815 813
f 1070 1069 1071
f 1070 1072 818
f 1070 818 816
f 1073 1072 1074
f 1073 1075 821
f 1073 821 819
f 1076 1075 1077
f 1076 1078 1079
f 1076 1079 822
f 1079 1080 1081
f 1079 1082 822
f 1081 1080 1083
f 1081 1084 1085
f 1081 1086 1082
f 1086 1085 1087
f 1086 1088 827
f 1088 1087 1089
f 1088 1090 828
f 1090 1089 1091
f 1090 1092 830
f 1092 1091 1093
f 1092 1094 832
f 1094 1093 1095
f 1094 1096 844
f 1096 1095 1097
f 1096 1098 845
f 1098 1097 1099
f 1098 1100 847
f 1101 1100 1102
f 1101 1103 850
f 1101 850 848
f 1104 1103 1105
f 1104 1106 1107
f 1104 1107 851
f 1107 1108 856
f 1107 856 853
f 1108 1106 1109
f 1108 1110 858
f 1110 1109 1111
f 1110 1112 860
f 1112 1111 1113
f 1112 1114 862
f 1115 1114 1116
f 1115 1117 865
f 1115 865 863
f 1118 1117 1119
f 1118 1120 868
f 1118 868 866
f 1121 1120 1122
f 1121 1123 871
f 1121 871 869
f 1123 1122 1124
f 1123 1125 873
f 1125 1124 1126
f 1125 1127 875
f 1127 1126 882
f 1127 882 880
f 1128 1126 1129
f 1128 1130 1131
f 1128 1131 883
f 1131 1132 1133
f 1131 1133 885
f 1133 1134 1135
f 1133 1135 887
f 1134 1132 1136
f 1134 1137 1138
f 1137 1136 1139
f 1137 1139 1140
f 1140 1139 1141
f 1140 1141 1142
f 1140 1143 1138
f 1143 1142 1144
f 1143 1145 17
f 1145 1144 52
f 1145 52 49
f 1146 1144 1147
f 1146 1148 1149
f 1146 1149 51
f 1149 1150 1151
f 1149 1151 1152
f 1151 1153 1154
f 1151 1154 1155
f 1155 1154 1156
f 1155 1156 1157
f 1155 1158 1152
f 1158 1157 1159
f 1158 1159 1160
f 1159 1161 1162
f 1159 1162 1163
f 1163 1164 1160
f 1163 1162 1165
f 1163 1165 1166
f 1166 1167 1164
f 1166 1165 1168
f 1166 1168 1169
f 1169 1170 1167
f 1169 1168 1171
f 1169 1171 1172
f 1172 1173 1174
f 1172 1171 1175
f 1172 1175 1173
f 1176 1177 1178
f 1176 1175 1045
f 1176 1045 1177
f 1178 1179 1180
f 1178 1181 1173
f 1178 1177 1179
f 1182 1183 1184
f 1182 1177 1044
f 1182 1185 1183
f 1186 1187 1188
f 1186 1185 1039
f 1186 1037 1187
f 1188 1189 1190
f 1188 1191 1183
f 1188 1187 1189
f 1192 1193 1189
f 1192 1187 1035
f 1192 1034 1193
f 1194 1195 1196
f 1194 1034 1031
f 1194 1030 1195
f 1197 1198 1199
f 1197 1030 1027
f 1197 1026 1198
f 1200 1201 1198
f 1200 1026 1023
f 1200 1202 1203
f 1203 1204 1201
f 1203 1202 1205
f 1203 1205 147
f 1206 1207 1208
f 1206 1208 1209
f 1206 1204 1210
f 1210 1211 1207
f 1210 1204 146
f 1210 146 145
f 1212 1213 1214
f 1212 1214 1215
f 1212 1211 1216
f 1216 1010 1213
f 1216 1211 1013
f 1216 1013 1011
f 1217 1218 1219
f 1217 1219 1220
f 1217 1010 1009
f 1219 1221 1222
f 1219 1222 1223
f 1223 1222 1224
f 1223 1224 1225
f 1223 1226 1220
f 1226 1225 1227
f 1226 1228 1214
f 1228 1227 1229
f 1228 1230 1215
f 1230 1229 1231
f 1230 1232 1208
f 1232 1231 1233
f 1232 1199 1209
f 1233 1231 1234
f 1233 1234 1235
f 1233 1196 1195
f 1235 1234 1236
f 1235 1236 1237
f 1235 1237 1196
f 1238 1236 1239
f 1238 1240 1190
f 1238 1190 1189
f 1241 1240 1242
f 1241 1243 1244
f 1241 1244 1191
f 1244 1245 1246
f 1244 1246 1184
f 1246 1247 1180
f 1246 1180 1179
f 1248 1247 1249
f 1248 1250 1251
f 1248 1251 1181
f 1251 1252 1253
f 1251 1253 1174
f 1253 1254 1255
f 1253 1255 1170
f 1256 1254 13
f 1256 1257 50
f 1256 1258 1255
f 1257 13 12
f 1257 1259 48
f 1259 12 1260
f 1259 1261 1262
f 1261 1260 1263
f 1261 1263 22
f 1254 1252 10
f 1252 1250 1264
f 1250 1249 1265
f 1265 1266 1267
f 1265 1268 1264
f 1265 1249 1266
f 1269 1270 1271
f 1269 1249 1247
f 1269 1245 1270
f 1271 1272 1273
f 1271 1274 1266
f 1271 1270 1272
f 1275 1276 1277
f 1275 1270 1243
f 1275 1242 1276
f 1278 1279 1276
f 1278 1242 1240
f 1278 1239 1280
f 1280 1281 1279
f 1280 1239 1282
f 1280 1282 1283
f 1283 1284 1281
f 1283 1282 1285
f 1283 1285 1286
f 1286 1287 1284
f 1286 1285 1229
f 1286 1229 1227
f 1288 1289 1290
f 1288 1290 1291
f 1288 1287 1292
f 1292 1293 1289
f 1292 1287 1225
f 1292 1225 1224
f 1294 1295 1296
f 1294 1296 1297
f 1294 1293 1298
f 1298 1299 1295
f 1298 1293 1300
f 1298 1300 1301
f 1301 1302 1299
f 1301 1300 1303
f 1301 1303 1304
f 1304 1305 1302
f 1304 1303 1306
f 1304 1306 1000
f 1306 1221 1003
f 1306 1003 1001
f 1305 1307 1308
f 1305 1000 998
f 1302 1308 1309
f 1299 1309 1310
f 1296 1311 1312
f 1296 1312 1313
f 1313 1312 1314
f 1313 1314 1315
f 1313 1316 1297
f 1316 1315 1317
f 1316 1318 1290
f 1318 1317 1319
f 1318 1320 1291
f 1319 1317 1321
f 1319 1321 1322
f 1319 1323 1320
f 1322 1321 1324
f 1322 1324 1325
f 1322 1277 1323
f 1325 1324 1326
f 1325 1326 1327
f 1325 1273 1272
f 1327 1326 1328
f 1327 1328 1329
f 1327 1329 1274
f 1329 1330 1331
f 1329 1331 1267
f 1331 1332 1333
f 1331 1334 1268
f 1334 1333 1335
f 1334 1336 11
f 1335 1333 1337
f 1335 1337 1338
f 1335 1339 14
f 1339 1338 1340
f 1339 1340 1341
f 1340 1342 1343
f 1340 1343 1341
f 1343 1344 1345
f 1343 1345 1346
f 1345 1347 1348
f 1345 1348 1349
f 1349 1348 1350
f 1349 1350 1351
f 1349 1352 1346
f 1352 1351 1353
f 1352 1353 1354
f 1353 1355 1356
f 1353 1356 1357
f 1357 1358 1354
f 1357 1356 896
f 1357 896 894
f 1358 1359 24
f 1358 894 893
f 1359 21 20
f 1359 893 21
f 1356 1360 898
f 1355 1351 1361
f 1355 1361 1360
f 1362 1351 1350
f 1362 1363 1364
f 1362 1364 1361
f 1365 1363 1366
f 1365 1367 1368
f 1365 1369 1364
f 1369 1368 1370
f 1369 1371 910
f 1371 1370 1372
f 1371 1373 911
f 1373 1372 1374
f 1373 1375 913
f 1375 1374 1376
f 1375 1377 915
f 1377 1376 1378
f 1377 1379 917
f 1378 1376 1380
f 1378 1380 1381
f 1378 1382 1379
f 1381 1380 1383
f 1381 1383 1384
f 1381 931 1382
f 1383 1385 1386
f 1383 1386 1387
f 1387 1386 1388
f 1387 1388 1389
f 1387 1390 1384
f 1389 1388 1391
f 1389 1391 1392
f 1389 1393 1390
f 1392 1391 1394
f 1392 1394 1395
f 1392 1396 1393
f 1396 1395 1397
f 1396 1397 938
f 1397 1398 1399
f 1397 1399 940
f 1399 1400 1401
f 1399 1401 942
f 1401 1402 1403
f 1401 1403 945
f 1403 1404 1405
f 1403 1405 1406
f 1405 1407 1408
f 1405 1408 1409
f 1409 1408 1410
f 1409 1410 1411
f 1409 1412 1406
f 1411 1410 1413
f 1411 1414 1415
f 1411 1416 1412
f 1415 1414 1417
f 1415 1418 1419
f 1415 1419 1416
f 1419 1420 1421
f 1419 1421 951
f 1421 1422 1423
f 1421 1423 952
f 1423 1424 1425
f 1423 1425 954
f 1425 1426 1427
f 1425 1427 958
f 1427 1428 1315
f 1427 1315 1314
f 1426 1424 1429
f 1426 1430 1428
f 1429 1424 1431
f 1429 1431 1432
f 1429 1433 1430
f 1432 1431 1434
f 1432 1434 1435
f 1432 1436 1433
f 1435 1434 1437
f 1435 1437 1438
f 1435 1439 1436
f 1439 1438 1440
f 1439 1441 1328
f 1441 1440 1442
f 1441 1443 1332
f 1443 1442 1444
f 1443 1445 1332
f 1444 1442 1446
f 1444 1446 1447
f 1444 1448 1445
f 1448 1447 1449
f 1448 1450 1337
f 1450 1449 1451
f 1450 1451 1342
f 1451 1452 1453
f 1451 1453 1344
f 1453 1454 1455
f 1453 1455 1347
f 1455 1456 1457
f 1455 1457 1458
f 1457 1459 1460
f 1457 1460 1461
f 1461 1460 1462
f 1461 1462 1366
f 1461 1463 1458
f 1462 1464 1465
f 1462 1465 1367
f 1465 1466 1467
f 1465 1467 1367
f 1467 1468 1469
f 1467 1470 1368
f 1470 1469 1471
f 1470 1472 1370
f 1472 1471 1473
f 1472 1474 1372
f 1474 1473 1475
f 1474 1476 1374
f 1475 1473 1477
f 1475 1477 1478
f 1475 1385 1476
f 1477 1479 1480
f 1477 1480 1481
f 1481 1480 1482
f 1481 1482 1483
f 1481 1484 1478
f 1483 1482 1485
f 1483 1485 1486
f 1483 1487 1484
f 1486 1485 1488
f 1486 1488 1489
f 1486 1490 1487
f 1489 1488 1491
f 1489 1491 1492
f 1489 1492 1490
f 1492 1493 1494
f 1492 1494 1394
f 1494 1495 1496
f 1494 1496 1398
f 1496 1497 1498
f 1496 1498 1400
f 1498 1499 1500
f 1498 1500 1402
f 1500 1501 1502
f 1500 1502 1404
f 1502 1503 1504
f 1502 1504 1407
f 1504 1505 1506
f 1504 1506 1507
f 1506 1508 1509
f 1506 1509 1510
f 1510 1509 1511
f 1510 1511 1512
f 1510 1513 1507
f 1512 1511 1514
f 1512 1514 1413
f 1512 1413 1410
f 1515 1514 1516
f 1515 1517 1417
f 1515 1417 1414
f 1518 1517 1519
f 1518 1520 1521
f 1518 1521 1418
f 1521 1522 1523
f 1521 1523 1420
f 1520 1519 1524
f 1520 1525 1522
f 1525 1524 1526
f 1525 1527 1437
f 1527 1526 1528
f 1527 1528 1438
f 1528 1529 1530
f 1528 1530 1440
f 1531 1529 1532
f 1531 1533 1534
f 1531 1535 1530
f 1535 1534 1536
f 1535 1536 1446
f 1536 1537 1538
f 1536 1538 1449
f 1538 1539 1540
f 1538 1540 1452
f 1540 1541 1542
f 1540 1542 1454
f 1542 1543 1544
f 1542 1544 1456
f 1544 1545 1546
f 1544 1546 1459
f 1546 1547 1548
f 1546 1548 1549
f 1548 1550 1551
f 1548 1551 1552
f 1552 1551 1553
f 1552 1553 1466
f 1552 1464 1549
f 1553 1554 1555
f 1553 1555 1468
f 1555 1556 1557
f 1555 1558 1468
f 1558 1557 1559
f 1558 1560 1469
f 1560 1559 1561
f 1560 1479 1471
f 1559 1557 1562
f 1559 1562 1563
f 1563 1562 1564
f 1563 1564 1565
f 1563 1566 1561
f 1565 1564 1567
f 1565 1567 1568
f 1565 1569 1566
f 1568 1567 1570
f 1568 1570 1571
f 1568 1572 1569
f 1571 1570 1573
f 1571 1573 1574
f 1571 1575 1572
f 1574 1573 1576
f 1574 1576 1577
f 1574 1578 1575
f 1578 1577 1579
f 1578 1579 1493
f 1579 1580 1581
f 1579 1581 1495
f 1581 1582 1583
f 1581 1583 1497
f 1583 1584 1585
f 1583 1585 1499
f 1585 1586 1587
f 1585 1587 1501
f 1587 1588 1589
f 1587 1589 1503
f 1589 1590 1591
f 1589 1591 1505
f 1590 1588 1592
f 1590 1593 88
f 1593 1592 1594
f 1593 1595 89
f 1596 1595 1597
f 1596 1598 1599
f 1596 1599 91
f 1599 1600 1601
f 1599 1601 92
f 1601 1602 1603
f 1601 1603 1604
f 1603 1605 1606
f 1603 1606 1509
f 1607 1605 1608
f 1607 1609 1610
f 1607 1610 1606
f 1611 1609 1612
f 1611 1613 1516
f 1611 1516 1514
f 1614 1613 1615
f 1614 1616 1519
f 1614 1519 1517
f 1616 1615 1617
f 1616 1618 1524
f 1618 1617 1619
f 1618 1532 1529
f 1619 1617 1620
f 1619 1620 1621
f 1619 1622 1532
f 1622 1621 1623
f 1622 1624 1533
f 1624 1623 1625
f 1624 1626 1534
f 1626 1625 1627
f 1626 1628 1539
f 1628 1627 1629
f 1628 1629 1541
f 1629 1630 1631
f 1629 1631 1543
f 1631 1632 1633
f 1631 1633 1545
f 1633 1634 1635
f 1633 1635 1547
f 1635 1636 1637
f 1635 1637 1550
f 1637 1638 1639
f 1637 1639 1640
f 1639 1641 1642
f 1639 1642 1643
f 1643 1642 1644
f 1643 1644 1556
f 1643 1554 1640
f 1644 1645 1646
f 1644 1646 1557
f 1647 1645 1648
f 1647 1649 1650
f 1647 1651 1646
f 1650 1649 1652
f 1650 1652 1653
f 1650 1654 1651
f 1653 1652 1655
f 1653 1655 1656
f 1653 1657 1654
f 1656 1655 1658
f 1656 1658 1659
f 1656 1660 1657
f 1659 1658 1661
f 1659 1661 1662
f 1659 1663 1660
f 1662 1661 1664
f 1662 1664 1665
f 1662 1666 1663
f 1666 1665 1667
f 1666 1667 1577
f 1667 1668 1669
f 1667 1669 1580
f 1669 1670 1671
f 1669 1671 1582
f 1671 1672 1673
f 1671 1673 1584
f 1673 1674 1675
f 1673 1675 1586
f 1675 1676 1592
f 1675 1592 1588
f 1676 1674 1677
f 1676 1678 1594
f 1679 1678 1680
f 1679 1681 1597
f 1679 1597 1595
f 1682 1681 1683
f 1682 1684 1685
f 1682 1685 1598
f 1685 1686 1687
f 1685 1687 1600
f 1687 1688 1689
f 1687 1689 1602
f 1689 1690 1608
f 1689 1608 1605
f 1691 1690 1692
f 1691 1693 1612
f 1691 1612 1609
f 1694 1693 1695
f 1694 1696 1615
f 1694 1615 1613
f 1695 1693 1697
f 1695 1697 1698
f 1695 1699 1696
f 1699 1698 1700
f 1699 1701 1620
f 1701 1700 1702
f 1701 1703 1621
f 1703 1702 1704
f 1703 1705 1623
f 1705 1704 1706
f 1705 1707 1625
f 1707 1706 1708
f 1707 1708 1630
f 1708 1709 1710
f 1708 1710 1632
f 1710 1711 1712
f 1710 1712 1634
f 1712 1713 1714
f 1712 1714 1636
f 1714 1715 1716
f 1714 1716 1638
f 1716 1717 1718
f 1716 1718 1641
f 1718 1719 1720
f 1718 1720 1721
f 1720 1722 1723
f 1720 1723 1648
f 1723 129 1724
f 1723 1725 1648
f 1719 1717 1726
f 1719 1727 1722
f 1727 1726 1728
f 1727 1729 126
f 1729 1728 1730
f 1729 1731 127
f 1732 1731 1733
f 1732 1734 1735
f 1732 1735 128
f 1735 1736 1737
f 1735 1737 1724
f 1734 1733 1738
f 1734 1739 1736
f 1738 1733 1740
f 1738 1740 1741
f 1738 1742 1739
f 1741 1740 55
f 1741 55 1743
f 1741 1744 1742
f 1744 1743 1745
f 1744 1746 1664
f 1746 1745 1747
f 1746 1747 1668
f 1747 1748 1749
f 1747 1749 1670
f 1749 1750 1751
f 1749 1751 1672
f 1751 1752 1677
f 1751 1677 1674
f 1753 1752 1754
f 1753 1755 1680
f 1753 1680 1678
f 1756 1755 1757
f 1756 141 1683
f 1756 1683 1681
f 1757 1758 1759
f 1757 1760 141
f 1757 1755 1758
f 1760 1759 1761
f 1760 1762 138
f 1762 1761 1763
f 1762 1763 1764
f 1764 1765 1766
f 1764 1763 1767
f 1764 1767 1768
f 1768 1769 1765
f 1768 1767 1697
f 1768 1697 1692
f 1770 1686 142
f 1770 142 139
f 1770 1769 1688
f 1769 1692 1690
f 1767 1771 1698
f 1771 1763 1772
f 1771 1773 1700
f 1773 1772 1774
f 1773 1775 1702
f 1775 1774 1776
f 1775 1777 1704
f 1777 1776 1778
f 1777 1778 1709
f 1778 1779 1780
f 1778 1780 1711
f 1780 1781 1782
f 1780 1782 1713
f 1782 1783 1784
f 1782 1784 1715
f 1784 1785 1726
f 1784 1726 1717
f 1785 1783 1786
f 1785 1787 1728
f 1787 1786 1788
f 1787 1789 1730
f 1789 1788 57
f 1789 56 1790
f 1788 1791 1792
f 1788 1786 1791
f 1793 1794 1795
f 1793 1786 1783
f 1793 1781 1794
f 1795 1796 1797
f 1795 1797 1792
f 1795 1794 1798
f 1798 1799 1796
f 1798 1794 1776
f 1798 1776 1774
f 1800 1759 1801
f 1800 1801 1802
f 1800 1799 1761
f 1801 1758 1754
f 1801 1803 1804
f 1804 1805 1802
f 1804 1803 1750
f 1804 1748 1805
f 1805 54 1797
f 1805 1745 54
f 1803 1754 1752
f 1799 1774 1772
f 1790 1733 1731
f 1684 1683 140
f 1737 1652 1725
f 1648 1645 1721
f 1604 1508 92
f 1508 1505 1591
f 1523 1431 1422
f 1366 1363 1463
f 1295 1310 1311
f 1218 1009 1004
f 1185 1044 1041
f 1175 1806 1046
f 1806 1171 1807
f 1806 1808 1048
f 1807 1168 1809
f 1807 1810 1808
f 1809 1165 1811
f 1809 1812 1810
f 1258 50 47
f 1811 1162 1813
f 1811 1814 1812
f 1813 1161 1815
f 1813 1816 1814
f 1815 1161 1817
f 1815 1817 1818
f 1815 1065 1816
f 1818 1817 1819
f 1818 1819 1820
f 1818 1068 1066
f 1820 1819 1821
f 1820 1821 1822
f 1820 1071 1069
f 1822 1821 1823
f 1822 1823 1074
f 1822 1074 1072
f 1824 1823 1825
f 1824 1826 1077
f 1824 1077 1075
f 1827 1826 1828
f 1827 1829 1830
f 1827 1830 1078
f 1830 1831 1083
f 1830 1083 1080
f 1832 1831 1833
f 1832 1834 1835
f 1832 1835 1084
f 1835 1836 1837
f 1835 1838 1084
f 1838 1837 1839
f 1838 1840 1085
f 1840 1839 1841
f 1840 1842 1087
f 1842 1841 1843
f 1842 1844 1089
f 1844 1843 1845
f 1844 1846 1091
f 1846 1845 1847
f 1846 1848 1093
f 1848 1847 1849
f 1848 1850 1095
f 1850 1849 1851
f 1850 1852 1097
f 1852 1851 1853
f 1852 1854 1099
f 1855 1854 1856
f 1855 1857 1102
f 1855 1102 1100
f 1858 1857 1859
f 1858 1860 1105
f 1858 1105 1103
f 1861 1860 1862
f 1861 1863 1109
f 1861 1109 1106
f 1863 1862 1864
f 1863 1865 1111
f 1865 1864 1866
f 1865 1867 1113
f 1868 1867 1869
f 1868 1870 1116
f 1868 1116 1114
f 1871 1870 1872
f 1871 1873 1119
f 1871 1119 1117
f 1874 1873 1875
f 1874 1876 1122
f 1874 1122 1120
f 1876 1875 1877
f 1876 1129 1124
f 1877 1875 1878
f 1877 1878 1879
f 1877 1880 1130
f 1880 1879 1136
f 1880 1136 1132
f 1879 1878 1881
f 1879 1881 1882
f 1882 1881 1883
f 1882 1883 1884
f 1882 1885 1886
f 1884 1883 1887
f 1884 1887 1888
f 1884 1889 1885
f 1889 1888 1890
f 1889 1891 1141
f 1891 1890 1892
f 1891 1147 1142
f 1892 1890 1893
f 1892 1893 1894
f 1892 1895 1147
f 1895 1894 1896
f 1895 1896 1150
f 1896 1897 1898
f 1896 1898 1153
f 1898 1899 1900
f 1898 1900 1901
f 1900 1902 1903
f 1900 1903 1904
f 1904 1903 1905
f 1904 1906 1907
f 1904 1908 1901
f 1907 1906 1909
f 1907 1910 1819
f 1907 1911 1908
f 1909 1906 1912
f 1909 1912 1913
f 1909 1914 1910
f 1913 1912 1915
f 1913 1915 1825
f 1913 1825 1914
f 1916 1915 1917
f 1916 1918 1828
f 1916 1828 1826
f 1919 1918 1920
f 1919 1921 1922
f 1919 1922 1829
f 1922 1923 1833
f 1922 1833 1831
f 1924 1923 1925
f 1924 1926 1927
f 1924 1927 1834
f 1927 1928 1929
f 1927 1929 1836
f 1929 1930 1931
f 1929 1932 1836
f 1932 1931 1933
f 1932 1934 1837
f 1934 1933 1935
f 1934 1936 1839
f 1936 1935 1937
f 1936 1938 1841
f 1938 1937 1939
f 1938 1940 1843
f 1940 1939 1941
f 1940 1942 1845
f 1942 1941 1943
f 1942 1944 1847
f 1944 1943 1945
f 1944 1946 1849
f 1946 1945 1947
f 1946 1948 1851
f 1948 1947 1949
f 1948 1950 1853
f 1951 1950 1952
f 1951 1953 1856
f 1951 1856 1854
f 1954 1953 1955
f 1954 1956 1859
f 1954 1859 1857
f 1957 1956 1958
f 1957 1959 1862
f 1957 1862 1860
f 1959 1958 1960
f 1959 1961 1864
f 1961 1960 1962
f 1961 1963 1866
f 1964 1963 1965
f 1964 1966 1869
f 1964 1869 1867
f 1967 1966 1968
f 1967 1969 1872
f 1967 1872 1870
f 1969 1968 1970
f 1969 1971 1972
f 1970 1968 1973
f 1970 1973 1974
f 1970 1975 1971
f 1974 1973 1976
f 1974 1976 1977
f 1974 1978 1975
f 1977 1976 1979
f 1977 1979 1980
f 1977 1981 1978
f 1981 1980 1982
f 1981 1983 1887
f 1983 1982 1984
f 1983 1985 1888
f 1984 1982 1986
f 1984 1986 1987
f 1984 1988 1985
f 1988 1987 1989
f 1988 1990 1893
f 1990 1989 1991
f 1990 1992 1894
f 1992 1991 1993
f 1992 1994 1899
f 1994 1993 1995
f 1994 1996 1902
f 1996 1995 1997
f 1996 1998 1902
f 1998 1997 1999
f 1998 2000 2001
f 2002 2000 2003
f 2002 2004 1905
f 2002 1905 1903
f 2003 2000 2005
f 2003 2005 2006
f 2003 1917 2004
f 2006 2005 2007
f 2006 2008 1920
f 2006 1920 1918
f 2009 2008 2010
f 2009 2011 2012
f 2009 2012 1921
f 2012 2013 1925
f 2012 1925 1923
f 2014 2013 2015
f 2014 2016 2017
f 2014 2017 1926
f 2017 84 2018
f 2017 2018 1928
f 2018 2019 2020
f 2018 2020 1930
f 2020 2021 2022
f 2020 2022 1930
f 2022 2023 2024
f 2022 2025 1931
f 2025 2024 2026
f 2025 2027 1933
f 2027 2026 2028
f 2027 2029 1935
f 2029 2028 2030
f 2029 2031 1937
f 2031 2030 2032
f 2031 2033 1939
f 2033 2032 2034
f 2033 2035 1941
f 2035 2034 2036
f 2035 2037 1943
f 2037 2036 2038
f 2037 2038 1945
f 2038 2039 2040
f 2038 2040 1947
f 2040 2041 2042
f 2040 2043 1949
f 2044 2043 2045
f 2044 2046 1952
f 2044 1952 1950
f 2047 2046 2048
f 2047 2049 1955
f 2047 1955 1953
f 2050 2049 2051
f 2050 2052 1958
f 2050 1958 1956
f 2052 2051 2053
f 2052 2054 1960
f 2054 2053 2055
f 2054 2056 1962
f 2057 2056 2058
f 2057 2059 1965
f 2057 1965 1963
f 2059 2058 2060
f 2059 2061 2062
f 2060 2058 2063
f 2060 2063 2064
f 2060 2065 2061
f 2064 2063 2066
f 2064 2066 2067
f 2064 2068 2065
f 2068 2067 2069
f 2068 2070 1979
f 2070 2069 2071
f 2070 2072 1980
f 2071 2069 2073
f 2071 2074 2075
f 2071 2075 2072
f 2075 2076 2077
f 2075 2077 1986
f 2077 2078 101
f 2077 101 1987
f 2078 2076 2079
f 2078 2080 103
f 2080 2079 2081
f 2080 2082 104
f 2083 2082 2084
f 2083 2085 2086
f 2083 2086 102
f 2086 2087 2088
f 2086 2088 2089
f 2088 2090 1995
f 2088 1995 2089
f 2090 2087 2091
f 2090 2092 1997
f 2092 2091 2093
f 2092 2007 1999
f 2093 2091 2094
f 2093 2094 2095
f 2093 2010 2007
f 2095 2094 2096
f 2095 2096 2097
f 2095 2098 2011
f 2098 2097 2015
f 2098 2015 2013
f 2099 2097 2100
f 2099 2101 85
f 2099 85 2016
f 2101 2100 2102
f 2101 2103 86
f 2104 2103 2105
f 2104 2106 2107
f 2104 2107 83
f 2107 2108 2023
f 2107 2021 83
f 2108 2106 2109
f 2108 2110 2023
f 2110 2109 2111
f 2110 2112 2024
f 2112 2111 2113
f 2112 2114 2026
f 2114 2113 2115
f 2114 2116 2028
f 2116 2115 71
f 2116 75 2030
f 2115 2117 2118
f 2115 2113 2117
f 2119 2120 2121
f 2119 2113 2111
f 2119 2122 2120
f 2123 2124 2125
f 2123 2122 2126
f 2123 2127 2124
f 2128 2129 2124
f 2128 2127 2130
f 2128 2131 2132
f 2132 2133 2129
f 2132 2131 2134
f 2132 2134 2135
f 2135 2136 2133
f 2135 2134 2137
f 2135 2137 2138
f 2138 2081 2136
f 2138 2137 2084
f 2138 2084 2082
f 2139 2137 2140
f 2139 2141 2142
f 2139 2142 2085
f 2143 2144 2145
f 2143 2145 2146
f 2143 2081 2079
f 2145 2147 2148
f 2145 2148 2149
f 2149 2148 2150
f 2149 2150 2151
f 2149 2152 2146
f 2151 2150 2153
f 2151 2153 2154
f 2151 2155 2152
f 2154 2153 2156
f 2154 2157 2125
f 2154 2125 2124
f 2158 2157 2159
f 2158 2160 2121
f 2158 2121 2120
f 2161 2160 2162
f 2161 2163 2118
f 2161 2118 2117
f 2163 2162 2164
f 2163 2165 72
f 2165 2164 2041
f 2165 2039 73
f 2164 2162 2166
f 2164 2166 2042
f 2166 2167 2042
f 2166 2168 2167
f 2169 124 123
f 2169 2168 2159
f 2169 2170 124
f 2171 2172 122
f 2171 2170 2156
f 2171 2173 2172
f 2174 2175 2176
f 2174 2173 2177
f 2174 2178 2175
f 2179 2180 2181
f 2179 2178 2182
f 2179 2183 2180
f 2184 2066 2185
f 2184 2183 2186
f 2184 2187 2066
f 2187 2186 2073
f 2187 2073 2067
f 2183 2182 2186
f 2181 2188 2189
f 2181 2190 2175
f 2181 2180 2188
f 2190 2189 2191
f 2190 2192 2176
f 2192 2191 2193
f 2192 2194 2195
f 2194 2196 120
f 2194 2193 2048
f 2196 2045 121
f 2196 2048 2046
f 2193 2191 2051
f 2193 2051 2049
f 2191 2189 2053
f 2189 2188 2055
f 2188 2185 2197
f 2178 2177 2182
f 2176 2195 2172
f 2173 2156 2153
f 2170 2159 2157
f 2198 2167 123
f 2198 2045 2043
f 2168 2162 2160
f 2147 2144 2074
f 2144 2079 2076
f 2140 2134 2199
f 2140 2200 2141
f 2200 2199 2102
f 2200 2100 2096
f 2199 2131 2130
f 2130 2127 2105
f 2130 2105 2103
f 2126 2122 2109
f 2126 2109 2106
f 2142 2091 2087
f 2197 2058 2056
f 2036 2034 74
f 2034 2032 74
f 1993 1991 100
f 1991 1989 100
f 2062 1968 1966
f 1972 1875 1873
f 1911 1817 1156
f 1205 1019 148
f 1014 1013 145
f 998 979 1307
f 891 889 18
f 889 887 1135
f 750 749 110
f 995 737 641
f 716 715 63
f 593 42 589
f 843 3 2
f 506 504 500
f 471 97 35
f 283 281 375
f 247 245 78
f 234 232 152
f 229 309 155
f 194 170 115
f 49 1262 19
f 1341 29 14
f 29 1260 12
f 28 25 1263
f 1 3 7
f 4 580 2
f 1 6 8
f 7 560 5
f 8 571 4
f 10 1264 11
f 9 13 10
f 11 1336 14
f 16 1138 17
f 18 1135 16
f 15 19 22
f 15 21 18
f 22 1263 20
f 23 25 28
f 26 1346 27
f 27 1354 24
f 28 1260 29
f 29 1341 26
f 30 32 35
f 34 31 30
f 30 36 33
f 38 685 39
f 39 826 40
f 37 42 38
f 43 838 41
f 37 44 43
f 46 1160 47
f 48 1262 49
f 45 50 48
f 51 1152 46
f 45 52 51
f 54 1743 55
f 53 56 57
f 57 1792 54
f 58 60 61
f 61 784 62
f 58 63 59
f 65 268 66
f 64 68 65
f 64 69 67
f 71 2118 72
f 70 73 74
f 70 75 71
f 76 78 80
f 79 341 77
f 76 81 79
f 83 2019 84
f 82 86 83
f 84 2016 85
f 87 89 91
f 90 1591 88
f 87 92 90
f 94 36 35
f 95 467 96
f 93 97 95
f 96 554 98
f 98 561 94
f 99 101 103
f 102 2089 100
f 99 104 102
f 105 107 110
f 105 109 106
f 105 111 108
f 112 114 115
f 112 116 117
f 112 118 113
f 119 121 123
f 122 2195 120
f 119 124 122
f 125 127 128
f 128 1724 129
f 129 1722 126
f 130 132 135
f 130 134 131
f 130 136 133
f 138 1766 139
f 137 141 138
f 137 142 140
f 143 145 146
f 143 147 148
f 143 149 144
f 151 316 152
f 150 154 151
f 150 155 153
f 156 158 161
f 156 160 157
f 161 640 159
f 163 223 164
f 165 134 163
f 162 167 165
f 168 193 166
f 162 169 168
f 170 194 168
f 164 228 171
f 169 172 170
f 171 230 173
f 173 174 116
f 116 115 170
f 174 175 176
f 174 177 178
f 178 117 116
f 178 179 180
f 180 118 117
f 180 181 182
f 182 183 118
f 183 184 185
f 185 187 186
f 183 113 118
f 186 188 189
f 189 114 113
f 189 190 191
f 191 194 114
f 191 192 193
f 193 168 194
f 190 259 195
f 192 196 197
f 197 166 193
f 197 198 199
f 199 167 166
f 199 200 201
f 201 202 167
f 202 203 204
f 204 206 205
f 202 165 167
f 205 132 131
f 131 134 165
f 206 207 208
f 208 209 132
f 209 210 211
f 211 213 212
f 212 135 132
f 212 214 215
f 215 136 135
f 215 216 217
f 217 218 136
f 218 219 220
f 218 221 222
f 222 133 136
f 222 223 163
f 163 134 133
f 220 305 224
f 221 225 223
f 224 308 226
f 225 227 228
f 228 164 223
f 226 309 229
f 229 231 230
f 230 171 228
f 231 155 232
f 232 233 175
f 231 173 230
f 233 234 235
f 233 236 237
f 233 176 175
f 237 238 239
f 239 177 176
f 239 240 241
f 241 179 177
f 241 242 243
f 243 181 179
f 243 244 245
f 245 246 181
f 246 247 248
f 248 249 184
f 246 182 181
f 249 250 251
f 251 253 252
f 249 185 184
f 253 255 254
f 254 187 185
f 254 256 257
f 257 188 187
f 257 258 259
f 259 190 188
f 256 355 260
f 258 261 262
f 262 195 259
f 262 263 264
f 264 196 195
f 264 265 266
f 266 198 196
f 266 65 68
f 68 200 198
f 263 269 267
f 265 268 65
f 269 361 270
f 267 271 268
f 270 366 272
f 272 274 273
f 271 66 268
f 274 276 275
f 273 69 66
f 276 375 277
f 275 278 69
f 277 281 279
f 278 203 280
f 280 67 69
f 280 201 200
f 200 68 67
f 281 282 207
f 279 204 203
f 282 283 284
f 284 285 210
f 282 208 207
f 285 286 287
f 287 289 288
f 285 211 210
f 289 291 290
f 288 213 211
f 291 293 292
f 292 214 213
f 292 294 295
f 295 216 214
f 295 296 297
f 297 298 216
f 298 299 300
f 300 301 219
f 298 217 216
f 301 302 303
f 301 304 305
f 301 220 219
f 303 311 306
f 304 307 308
f 308 224 305
f 306 310 154
f 307 153 309
f 309 226 308
f 310 311 312
f 312 314 313
f 310 151 154
f 314 317 315
f 313 316 151
f 315 318 319
f 315 320 316
f 319 322 321
f 320 235 234
f 234 152 316
f 321 323 324
f 324 236 235
f 324 325 326
f 326 238 236
f 326 327 328
f 328 240 238
f 328 329 330
f 330 242 240
f 330 331 332
f 332 244 242
f 332 81 80
f 80 78 244
f 331 333 334
f 334 335 81
f 335 336 337
f 337 339 338
f 335 79 81
f 339 342 340
f 338 341 79
f 342 431 343
f 340 344 341
f 343 347 345
f 344 250 346
f 346 77 341
f 346 248 247
f 247 78 77
f 345 348 349
f 345 251 250
f 349 350 351
f 349 253 251
f 351 352 353
f 351 255 253
f 353 354 355
f 355 256 255
f 352 440 356
f 354 357 358
f 358 260 355
f 358 359 360
f 360 261 260
f 360 361 269
f 269 263 261
f 357 445 362
f 359 363 361
f 362 448 364
f 363 365 366
f 366 270 361
f 364 451 367
f 365 368 369
f 369 272 366
f 369 370 371
f 371 274 272
f 370 373 372
f 371 276 274
f 373 376 374
f 372 375 276
f 376 378 377
f 374 283 375
f 378 379 286
f 377 284 283
f 379 380 381
f 381 383 382
f 379 287 286
f 383 385 384
f 382 289 287
f 385 387 386
f 384 291 289
f 387 389 388
f 386 293 291
f 389 391 390
f 388 294 293
f 390 392 393
f 393 296 294
f 393 394 395
f 393 396 296
f 395 485 397
f 396 398 299
f 396 297 296
f 397 489 399
f 399 400 302
f 398 300 299
f 400 401 402
f 400 312 311
f 400 303 302
f 402 403 404
f 402 314 312
f 404 405 406
f 404 317 314
f 406 407 408
f 408 318 317
f 407 499 409
f 409 410 318
f 409 412 411
f 410 323 322
f 410 319 318
f 412 414 413
f 411 325 323
f 414 416 415
f 413 327 325
f 416 417 333
f 415 329 327
f 417 418 419
f 419 420 336
f 417 334 333
f 420 421 422
f 422 424 423
f 420 337 336
f 424 426 425
f 423 339 337
f 426 428 427
f 425 342 339
f 427 429 430
f 427 431 342
f 430 432 433
f 433 434 431
f 434 435 436
f 436 348 347
f 347 343 431
f 436 437 438
f 438 350 348
f 438 439 440
f 440 352 350
f 437 527 441
f 439 442 443
f 443 356 440
f 443 444 445
f 445 357 356
f 442 532 446
f 444 447 448
f 448 362 445
f 446 535 449
f 447 450 451
f 451 364 448
f 449 538 452
f 450 453 454
f 454 367 451
f 454 455 456
f 456 368 367
f 456 457 458
f 458 370 368
f 457 460 459
f 458 373 370
f 460 462 461
f 459 376 373
f 462 463 380
f 461 378 376
f 463 464 465
f 465 467 466
f 463 381 380
f 467 95 468
f 466 383 381
f 95 97 469
f 468 385 383
f 97 471 470
f 469 387 385
f 470 472 473
f 470 389 387
f 473 474 475
f 475 391 389
f 475 476 477
f 477 392 391
f 477 478 479
f 479 394 392
f 479 480 481
f 481 482 394
f 482 483 484
f 484 486 485
f 485 395 394
f 486 487 488
f 488 490 489
f 489 397 485
f 490 491 492
f 492 403 401
f 490 399 489
f 492 493 494
f 494 405 403
f 494 495 496
f 496 407 405
f 496 497 498
f 496 499 407
f 498 500 501
f 498 502 499
f 501 504 503
f 502 414 412
f 412 409 499
f 504 505 418
f 503 416 414
f 505 506 507
f 507 508 421
f 505 419 418
f 508 509 510
f 510 512 511
f 508 422 421
f 512 514 513
f 511 424 422
f 514 516 515
f 513 426 424
f 516 518 517
f 515 428 426
f 517 519 520
f 520 429 428
f 520 521 522
f 522 432 429
f 522 523 524
f 524 525 432
f 525 526 527
f 527 437 435
f 525 433 432
f 524 523 528
f 526 529 530
f 530 441 527
f 530 531 532
f 532 442 441
f 529 903 533
f 531 534 535
f 535 446 532
f 533 906 536
f 534 537 538
f 538 449 535
f 536 909 539
f 537 540 541
f 541 452 538
f 541 542 543
f 543 453 452
f 543 544 545
f 545 455 453
f 545 546 547
f 547 457 455
f 547 548 549
f 549 460 457
f 549 550 464
f 464 462 460
f 548 922 551
f 550 552 553
f 550 465 464
f 553 554 96
f 553 467 465
f 551 925 555
f 552 556 554
f 555 928 557
f 556 558 559
f 559 98 554
f 558 5 560
f 559 561 98
f 557 563 562
f 562 6 5
f 563 930 564
f 564 565 6
f 565 566 567
f 567 569 568
f 565 8 6
f 569 572 570
f 568 571 8
f 572 944 573
f 570 574 571
f 573 950 575
f 574 576 577
f 577 4 571
f 577 578 579
f 577 580 4
f 578 963 581
f 579 582 580
f 583 2 580
f 581 962 584
f 582 585 583
f 586 843 583
f 584 966 587
f 585 588 586
f 589 842 586
f 587 969 590
f 588 591 589
f 591 593 589
f 590 972 594
f 594 595 592
f 595 597 592
f 595 598 599
f 599 600 596
f 600 602 596
f 600 603 604
f 604 605 601
f 605 607 601
f 605 608 609
f 609 610 606
f 610 612 606
f 610 613 614
f 614 615 611
f 615 617 611
f 615 618 619
f 619 620 616
f 620 622 616
f 620 623 624
f 624 625 621
f 625 627 621
f 624 989 628
f 625 629 626
f 629 631 626
f 628 992 632
f 629 633 630
f 634 659 630
f 632 636 635
f 633 158 634
f 636 638 637
f 635 161 158
f 638 641 639
f 637 640 161
f 639 642 643
f 639 644 640
f 643 730 645
f 644 646 647
f 647 159 640
f 647 648 649
f 649 160 159
f 649 650 651
f 651 652 160
f 652 653 654
f 654 656 655
f 652 157 160
f 656 659 634
f 634 158 157
f 656 657 658
f 658 660 659
f 660 661 662
f 662 663 631
f 660 630 659
f 663 664 665
f 665 666 627
f 663 626 631
f 666 667 668
f 668 669 622
f 666 621 627
f 669 670 671
f 671 672 617
f 669 616 622
f 672 673 674
f 674 675 612
f 672 611 617
f 675 676 677
f 677 678 607
f 675 606 612
f 678 679 680
f 680 681 602
f 678 601 607
f 681 682 683
f 683 684 597
f 681 596 602
f 684 685 38
f 38 42 593
f 684 592 597
f 683 686 685
f 686 688 689
f 689 39 685
f 682 690 687
f 690 692 687
f 690 680 679
f 679 693 691
f 693 695 691
f 693 677 676
f 676 696 694
f 696 698 694
f 696 674 673
f 673 699 697
f 699 701 697
f 699 671 670
f 670 702 700
f 703 804 700
f 702 668 667
f 702 704 703
f 705 800 703
f 667 665 664
f 704 706 705
f 707 797 705
f 706 662 661
f 661 708 707
f 708 710 707
f 708 658 657
f 657 711 709
f 711 713 709
f 711 654 653
f 653 714 712
f 714 716 712
f 714 651 650
f 650 717 715
f 717 59 715
f 717 648 718
f 718 719 60
f 720 727 721
f 719 61 60
f 719 722 720
f 723 724 720
f 718 648 646
f 722 645 723
f 725 775 726
f 724 727 720
f 724 728 725
f 729 772 725
f 723 645 730
f 728 731 729
f 731 733 729
f 731 643 642
f 642 734 732
f 734 736 732
f 642 641 737
f 734 738 735
f 739 763 735
f 737 995 740
f 738 741 739
f 742 760 739
f 740 993 743
f 741 744 742
f 745 754 742
f 743 990 746
f 744 747 745
f 746 987 748
f 747 749 750
f 750 751 745
f 752 755 753
f 751 754 745
f 751 107 752
f 755 1008 756
f 753 757 754
f 756 1016 758
f 757 759 760
f 760 742 754
f 758 1017 761
f 759 762 763
f 763 739 760
f 762 764 765
f 765 766 736
f 762 735 763
f 766 767 768
f 768 769 733
f 766 732 736
f 768 1024 770
f 769 771 772
f 772 729 733
f 770 1028 773
f 771 774 775
f 775 725 772
f 773 1032 776
f 774 777 778
f 778 726 775
f 778 779 780
f 780 727 726
f 780 781 782
f 782 721 727
f 782 783 784
f 784 61 721
f 781 1042 785
f 783 786 787
f 787 62 784
f 787 788 789
f 789 63 62
f 789 790 791
f 791 716 63
f 791 792 713
f 713 712 716
f 790 1053 793
f 792 794 710
f 792 709 713
f 793 1056 795
f 794 796 797
f 797 707 710
f 796 798 799
f 799 801 800
f 796 705 797
f 801 802 803
f 803 805 804
f 801 703 800
f 805 806 807
f 807 808 701
f 805 700 804
f 808 809 810
f 810 811 698
f 808 697 701
f 811 812 813
f 813 814 695
f 811 694 698
f 814 815 816
f 816 817 692
f 814 691 695
f 817 818 819
f 819 820 688
f 817 687 692
f 820 821 822
f 822 824 823
f 820 689 688
f 823 825 826
f 826 39 689
f 824 1082 827
f 825 828 829
f 829 40 826
f 829 830 831
f 831 44 40
f 831 832 833
f 833 834 44
f 834 835 33
f 33 36 836
f 834 43 44
f 36 94 837
f 836 838 43
f 837 561 839
f 839 840 838
f 841 41 838
f 840 7 3
f 3 843 841
f 842 42 41
f 843 586 842
f 839 560 7
f 833 832 844
f 835 845 846
f 846 34 33
f 846 847 848
f 848 849 34
f 849 850 851
f 851 853 852
f 849 31 34
f 853 855 854
f 852 32 31
f 855 474 472
f 854 471 32
f 855 856 857
f 857 476 474
f 857 858 859
f 859 478 476
f 859 860 861
f 861 480 478
f 861 862 863
f 863 864 480
f 864 865 866
f 866 867 483
f 864 481 480
f 867 868 869
f 869 870 487
f 867 484 483
f 870 871 872
f 872 493 491
f 870 488 487
f 872 873 874
f 874 495 493
f 874 875 876
f 876 497 495
f 876 877 878
f 878 500 497
f 877 880 879
f 878 506 500
f 880 881 509
f 879 507 506
f 881 882 883
f 883 885 884
f 881 510 509
f 885 887 886
f 884 512 510
f 887 889 888
f 886 514 512
f 889 891 890
f 888 516 514
f 891 893 892
f 890 518 516
f 892 894 895
f 895 519 518
f 895 896 897
f 897 521 519
f 897 898 899
f 899 523 521
f 899 900 901
f 901 528 523
f 901 902 903
f 903 529 528
f 900 1360 904
f 902 905 906
f 906 533 903
f 904 1361 907
f 905 908 909
f 909 536 906
f 907 1364 910
f 908 911 912
f 912 539 909
f 912 913 914
f 914 540 539
f 914 915 916
f 916 542 540
f 916 917 918
f 918 544 542
f 918 919 920
f 920 546 544
f 920 921 922
f 922 548 546
f 919 1379 923
f 921 924 925
f 921 551 922
f 923 1382 926
f 924 927 928
f 928 555 925
f 926 931 929
f 927 930 563
f 563 557 928
f 931 1384 932
f 929 933 930
f 932 1390 934
f 933 935 566
f 566 564 930
f 934 1393 936
f 936 938 937
f 935 567 566
f 938 940 939
f 937 569 567
f 940 942 941
f 939 572 569
f 942 945 943
f 941 944 572
f 945 1406 946
f 943 947 944
f 946 1412 948
f 947 949 950
f 950 573 944
f 948 1416 951
f 949 952 953
f 953 575 950
f 953 954 955
f 955 576 575
f 955 956 957
f 957 578 576
f 957 958 959
f 959 963 578
f 958 1314 960
f 959 961 963
f 962 581 963
f 960 1312 964
f 961 965 962
f 966 584 962
f 964 1311 967
f 965 968 966
f 969 587 966
f 967 1310 970
f 968 971 969
f 972 590 969
f 970 1309 973
f 971 974 972
f 598 594 972
f 973 1308 975
f 974 976 598
f 976 599 598
f 975 1307 977
f 977 978 603
f 978 604 603
f 978 979 980
f 980 981 608
f 981 609 608
f 981 982 983
f 983 984 613
f 984 614 613
f 983 996 985
f 984 986 618
f 623 619 618
f 985 748 987
f 986 988 623
f 989 624 623
f 987 746 990
f 988 991 989
f 992 628 989
f 990 743 993
f 991 994 992
f 636 632 992
f 993 740 995
f 994 638 636
f 996 749 748
f 996 982 111
f 111 110 749
f 982 979 997
f 997 108 111
f 997 998 999
f 999 109 108
f 999 1000 1001
f 1001 1002 109
f 1002 1003 1004
f 1002 1005 1006
f 1006 106 109
f 1006 755 752
f 752 107 106
f 1004 1009 1007
f 1005 1008 755
f 1007 1010 1011
f 1007 1012 1008
f 1012 1013 1014
f 1012 1015 1016
f 1016 756 1008
f 1015 144 149
f 149 1018 1017
f 1017 758 1016
f 1018 148 1019
f 1019 1020 764
f 1018 761 1017
f 1019 1205 1021
f 1020 1022 767
f 1020 765 764
f 1021 1202 1023
f 1023 1025 1024
f 1022 768 767
f 1025 1026 1027
f 1027 1029 1028
f 1025 770 1024
f 1029 1030 1031
f 1031 1033 1032
f 1029 773 1028
f 1033 1034 1035
f 1035 1037 1036
f 1033 776 1032
f 1037 1039 1038
f 1036 777 776
f 1039 1041 1040
f 1040 779 777
f 1041 1043 1042
f 1042 781 779
f 1043 1044 1045
f 1043 1046 1047
f 1047 785 1042
f 1047 1048 1049
f 1049 786 785
f 1049 1050 1051
f 1051 788 786
f 1051 1052 1053
f 1053 790 788
f 1050 1808 1054
f 1052 1055 1056
f 1056 793 1053
f 1054 1810 1057
f 1055 1058 798
f 798 795 1056
f 1057 1812 1059
f 1058 1060 802
f 1058 799 798
f 1059 1814 1061
f 1060 1062 806
f 806 803 802
f 1061 1816 1063
f 1063 1064 809
f 1062 807 806
f 1064 1065 1066
f 1066 1067 812
f 1064 810 809
f 1067 1068 1069
f 1069 1070 815
f 1067 813 812
f 1070 1071 1072
f 1072 1073 818
f 1070 816 815
f 1073 1074 1075
f 1075 1076 821
f 1073 819 818
f 1076 1077 1078
f 1078 1080 1079
f 1076 822 821
f 1079 1081 1082
f 1082 824 822
f 1081 1083 1084
f 1081 1085 1086
f 1086 827 1082
f 1086 1087 1088
f 1088 828 827
f 1088 1089 1090
f 1090 830 828
f 1090 1091 1092
f 1092 832 830
f 1092 1093 1094
f 1094 844 832
f 1094 1095 1096
f 1096 845 844
f 1096 1097 1098
f 1098 847 845
f 1098 1099 1100
f 1100 1101 847
f 1101 1102 1103
f 1103 1104 850
f 1101 848 847
f 1104 1105 1106
f 1106 1108 1107
f 1104 851 850
f 1108 858 856
f 1107 853 851
f 1108 1109 1110
f 1110 860 858
f 1110 1111 1112
f 1112 862 860
f 1112 1113 1114
f 1114 1115 862
f 1115 1116 1117
f 1117 1118 865
f 1115 863 862
f 1118 1119 1120
f 1120 1121 868
f 1118 866 865
f 1121 1122 1123
f 1123 873 871
f 1121 869 868
f 1123 1124 1125
f 1125 875 873
f 1125 1126 1127
f 1127 877 875
f 1126 1128 882
f 1127 880 877
f 1128 1129 1130
f 1130 1132 1131
f 1128 883 882
f 1132 1134 1133
f 1131 885 883
f 1134 16 1135
f 1133 887 885
f 1134 1136 1137
f 1134 1138 16
f 1136 1886 1139
f 1137 1140 1138
f 1139 1885 1141
f 1140 1142 1143
f 1143 17 1138
f 1143 1144 1145
f 1145 19 17
f 1144 1146 52
f 1145 49 19
f 1146 1147 1148
f 1148 1150 1149
f 1146 51 52
f 1150 1153 1151
f 1149 1152 51
f 1153 1901 1154
f 1151 1155 1152
f 1154 1908 1156
f 1155 1157 1158
f 1158 46 1152
f 1157 1161 1159
f 1158 1160 46
f 1161 1813 1162
f 1159 1163 1160
f 1164 47 1160
f 1162 1811 1165
f 1163 1166 1164
f 1167 1258 1164
f 1165 1809 1168
f 1166 1169 1167
f 1170 1255 1167
f 1168 1807 1171
f 1169 1172 1170
f 1172 1174 1170
f 1171 1806 1175
f 1175 1176 1173
f 1176 1178 1173
f 1175 1046 1045
f 1045 1044 1177
f 1178 1180 1181
f 1181 1174 1173
f 1177 1182 1179
f 1182 1184 1179
f 1182 1044 1185
f 1185 1186 1183
f 1186 1188 1183
f 1186 1039 1037
f 1037 1035 1187
f 1188 1190 1191
f 1191 1184 1183
f 1187 1192 1189
f 1193 1237 1189
f 1192 1035 1034
f 1034 1194 1193
f 1194 1196 1193
f 1194 1031 1030
f 1030 1197 1195
f 1197 1199 1195
f 1197 1027 1026
f 1026 1200 1198
f 1201 1209 1198
f 1200 1023 1202
f 1200 1203 1201
f 1204 1206 1201
f 1202 1021 1205
f 1203 147 1204
f 1207 1215 1208
f 1206 1209 1201
f 1206 1210 1207
f 1211 1212 1207
f 1204 147 146
f 1210 145 1211
f 1213 1220 1214
f 1212 1215 1207
f 1212 1216 1213
f 1010 1217 1213
f 1211 145 1013
f 1216 1011 1010
f 1218 1221 1219
f 1217 1220 1213
f 1217 1009 1218
f 1221 1303 1222
f 1219 1223 1220
f 1222 1300 1224
f 1223 1225 1226
f 1226 1214 1220
f 1226 1227 1228
f 1228 1215 1214
f 1228 1229 1230
f 1230 1208 1215
f 1230 1231 1232
f 1232 1209 1208
f 1232 1233 1199
f 1199 1198 1209
f 1231 1285 1234
f 1233 1235 1196
f 1233 1195 1199
f 1234 1282 1236
f 1236 1238 1237
f 1237 1193 1196
f 1238 1239 1240
f 1240 1241 1190
f 1238 1189 1237
f 1241 1242 1243
f 1243 1245 1244
f 1241 1191 1190
f 1245 1247 1246
f 1244 1184 1191
f 1247 1248 1180
f 1246 1179 1184
f 1248 1249 1250
f 1250 1252 1251
f 1248 1181 1180
f 1252 1254 1253
f 1251 1174 1181
f 1254 1256 1255
f 1253 1170 1174
f 1256 13 1257
f 1256 50 1258
f 1258 1167 1255
f 1257 12 1259
f 1257 48 50
f 1259 1260 1261
f 1259 1262 48
f 1260 28 1263
f 1261 22 1262
f 1254 10 13
f 1252 1264 10
f 1250 1265 1264
f 1265 1267 1268
f 1268 11 1264
f 1249 1269 1266
f 1269 1271 1266
f 1269 1247 1245
f 1245 1243 1270
f 1271 1273 1274
f 1274 1267 1266
f 1270 1275 1272
f 1275 1277 1272
f 1275 1243 1242
f 1242 1278 1276
f 1279 1323 1276
f 1278 1240 1239
f 1278 1280 1279
f 1281 1320 1279
f 1239 1236 1282
f 1280 1283 1281
f 1284 1291 1281
f 1282 1234 1285
f 1283 1286 1284
f 1287 1288 1284
f 1285 1231 1229
f 1286 1227 1287
f 1289 1297 1290
f 1288 1291 1284
f 1288 1292 1289
f 1293 1294 1289
f 1287 1227 1225
f 1292 1224 1293
f 1295 1311 1296
f 1294 1297 1289
f 1294 1298 1295
f 1299 1310 1295
f 1293 1224 1300
f 1298 1301 1299
f 1302 1309 1299
f 1300 1222 1303
f 1301 1304 1302
f 1305 1308 1302
f 1303 1221 1306
f 1304 1000 1305
f 1221 1218 1003
f 1306 1001 1000
f 1307 975 1308
f 1305 998 1307
f 1308 973 1309
f 1309 970 1310
f 1311 964 1312
f 1296 1313 1297
f 1312 960 1314
f 1313 1315 1316
f 1316 1290 1297
f 1316 1317 1318
f 1318 1291 1290
f 1318 1319 1320
f 1320 1281 1291
f 1317 1428 1321
f 1319 1322 1323
f 1323 1279 1320
f 1321 1430 1324
f 1322 1325 1277
f 1277 1276 1323
f 1324 1433 1326
f 1325 1327 1273
f 1325 1272 1277
f 1326 1436 1328
f 1328 1330 1329
f 1327 1274 1273
f 1330 1332 1331
f 1329 1267 1274
f 1331 1333 1334
f 1331 1268 1267
f 1334 1335 1336
f 1334 11 1268
f 1333 1445 1337
f 1335 1338 1339
f 1335 14 1336
f 1338 1342 1340
f 1339 1341 14
f 1342 1344 1343
f 1343 26 1341
f 1344 1347 1345
f 1343 1346 26
f 1347 1458 1348
f 1345 1349 1346
f 1348 1463 1350
f 1349 1351 1352
f 1352 27 1346
f 1351 1355 1353
f 1352 1354 27
f 1355 1360 1356
f 1353 1357 1354
f 1358 24 1354
f 1356 898 896
f 1357 894 1358
f 1359 25 24
f 1358 893 1359
f 1359 20 25
f 893 891 21
f 1360 900 898
f 1351 1362 1361
f 1361 904 1360
f 1362 1350 1363
f 1363 1365 1364
f 1364 907 1361
f 1365 1366 1367
f 1365 1368 1369
f 1369 910 1364
f 1369 1370 1371
f 1371 911 910
f 1371 1372 1373
f 1373 913 911
f 1373 1374 1375
f 1375 915 913
f 1375 1376 1377
f 1377 917 915
f 1377 1378 1379
f 1379 919 917
f 1376 1476 1380
f 1378 1381 1382
f 1382 923 1379
f 1380 1385 1383
f 1381 1384 931
f 931 926 1382
f 1385 1478 1386
f 1383 1387 1384
f 1386 1484 1388
f 1387 1389 1390
f 1390 932 1384
f 1388 1487 1391
f 1389 1392 1393
f 1393 934 1390
f 1391 1490 1394
f 1392 1395 1396
f 1396 936 1393
f 1395 1398 1397
f 1396 938 936
f 1398 1400 1399
f 1397 940 938
f 1400 1402 1401
f 1399 942 940
f 1402 1404 1403
f 1401 945 942
f 1404 1407 1405
f 1403 1406 945
f 1407 1507 1408
f 1405 1409 1406
f 1408 1513 1410
f 1409 1411 1412
f 1412 946 1406
f 1411 1413 1414
f 1411 1415 1416
f 1416 948 1412
f 1415 1417 1418
f 1418 1420 1419
f 1419 951 1416
f 1420 1422 1421
f 1421 952 951
f 1422 1424 1423
f 1423 954 952
f 1424 1426 1425
f 1425 956 954
f 1426 1428 1427
f 1425 958 956
f 1428 1317 1315
f 1427 1314 958
f 1426 1429 1430
f 1430 1321 1428
f 1424 1422 1431
f 1429 1432 1433
f 1433 1324 1430
f 1431 1523 1434
f 1432 1435 1436
f 1436 1326 1433
f 1434 1522 1437
f 1435 1438 1439
f 1439 1328 1436
f 1439 1440 1441
f 1441 1330 1328
f 1441 1442 1443
f 1441 1332 1330
f 1443 1444 1445
f 1445 1333 1332
f 1442 1530 1446
f 1444 1447 1448
f 1448 1337 1445
f 1448 1449 1450
f 1450 1338 1337
f 1449 1452 1451
f 1450 1342 1338
f 1452 1454 1453
f 1451 1344 1342
f 1454 1456 1455
f 1453 1347 1344
f 1456 1459 1457
f 1455 1458 1347
f 1459 1549 1460
f 1457 1461 1458
f 1460 1464 1462
f 1461 1366 1463
f 1463 1348 1458
f 1464 1466 1465
f 1462 1367 1366
f 1466 1468 1467
f 1467 1368 1367
f 1467 1469 1470
f 1470 1370 1368
f 1470 1471 1472
f 1472 1372 1370
f 1472 1473 1474
f 1474 1374 1372
f 1474 1475 1476
f 1476 1376 1374
f 1473 1479 1477
f 1475 1478 1385
f 1385 1380 1476
f 1479 1561 1480
f 1477 1481 1478
f 1480 1566 1482
f 1481 1483 1484
f 1484 1386 1478
f 1482 1569 1485
f 1483 1486 1487
f 1487 1388 1484
f 1485 1572 1488
f 1486 1489 1490
f 1490 1391 1487
f 1488 1575 1491
f 1491 1493 1492
f 1492 1394 1490
f 1493 1495 1494
f 1494 1395 1394
f 1495 1497 1496
f 1494 1398 1395
f 1497 1499 1498
f 1496 1400 1398
f 1499 1501 1500
f 1498 1402 1400
f 1501 1503 1502
f 1500 1404 1402
f 1503 1505 1504
f 1502 1407 1404
f 1505 1508 1506
f 1504 1507 1407
f 1508 1604 1509
f 1506 1510 1507
f 1509 1606 1511
f 1510 1512 1513
f 1513 1408 1507
f 1511 1610 1514
f 1514 1515 1413
f 1512 1410 1513
f 1515 1516 1517
f 1517 1518 1417
f 1515 1414 1413
f 1518 1519 1520
f 1520 1522 1521
f 1518 1418 1417
f 1522 1434 1523
f 1521 1420 1418
f 1520 1524 1525
f 1525 1437 1522
f 1525 1526 1527
f 1527 1438 1437
f 1526 1529 1528
f 1528 1440 1438
f 1529 1531 1530
f 1530 1442 1440
f 1531 1532 1533
f 1531 1534 1535
f 1535 1446 1530
f 1534 1537 1536
f 1536 1447 1446
f 1537 1539 1538
f 1536 1449 1447
f 1539 1541 1540
f 1538 1452 1449
f 1541 1543 1542
f 1540 1454 1452
f 1543 1545 1544
f 1542 1456 1454
f 1545 1547 1546
f 1544 1459 1456
f 1547 1550 1548
f 1546 1549 1459
f 1550 1640 1551
f 1548 1552 1549
f 1551 1554 1553
f 1552 1466 1464
f 1464 1460 1549
f 1554 1556 1555
f 1553 1468 1466
f 1555 1557 1558
f 1558 1469 1468
f 1558 1559 1560
f 1560 1471 1469
f 1560 1561 1479
f 1479 1473 1471
f 1557 1646 1562
f 1559 1563 1561
f 1562 1651 1564
f 1563 1565 1566
f 1566 1480 1561
f 1564 1654 1567
f 1565 1568 1569
f 1569 1482 1566
f 1567 1657 1570
f 1568 1571 1572
f 1572 1485 1569
f 1570 1660 1573
f 1571 1574 1575
f 1575 1488 1572
f 1573 1663 1576
f 1574 1577 1578
f 1578 1491 1575
f 1577 1580 1579
f 1578 1493 1491
f 1580 1582 1581
f 1579 1495 1493
f 1582 1584 1583
f 1581 1497 1495
f 1584 1586 1585
f 1583 1499 1497
f 1586 1588 1587
f 1585 1501 1499
f 1588 1590 1589
f 1587 1503 1501
f 1590 88 1591
f 1589 1505 1503
f 1590 1592 1593
f 1593 89 88
f 1593 1594 1595
f 1595 1596 89
f 1596 1597 1598
f 1598 1600 1599
f 1596 91 89
f 1600 1602 1601
f 1599 92 91
f 1602 1605 1603
f 1601 1604 92
f 1605 1607 1606
f 1603 1509 1604
f 1607 1608 1609
f 1609 1611 1610
f 1610 1511 1606
f 1611 1612 1613
f 1613 1614 1516
f 1611 1514 1610
f 1614 1615 1616
f 1616 1524 1519
f 1614 1517 1516
f 1616 1617 1618
f 1618 1526 1524
f 1618 1619 1532
f 1618 1529 1526
f 1617 1696 1620
f 1619 1621 1622
f 1622 1533 1532
f 1622 1623 1624
f 1624 1534 1533
f 1624 1625 1626
f 1626 1537 1534
f 1626 1627 1628
f 1626 1539 1537
f 1627 1630 1629
f 1628 1541 1539
f 1630 1632 1631
f 1629 1543 1541
f 1632 1634 1633
f 1631 1545 1543
f 1634 1636 1635
f 1633 1547 1545
f 1636 1638 1637
f 1635 1550 1547
f 1638 1641 1639
f 1637 1640 1550
f 1641 1721 1642
f 1639 1643 1640
f 1642 1645 1644
f 1643 1556 1554
f 1554 1551 1640
f 1645 1647 1646
f 1644 1557 1556
f 1647 1648 1649
f 1647 1650 1651
f 1651 1562 1646
f 1649 1725 1652
f 1650 1653 1654
f 1654 1564 1651
f 1652 1737 1655
f 1653 1656 1657
f 1657 1567 1654
f 1655 1736 1658
f 1656 1659 1660
f 1660 1570 1657
f 1658 1739 1661
f 1659 1662 1663
f 1663 1573 1660
f 1661 1742 1664
f 1662 1665 1666
f 1666 1576 1663
f 1665 1668 1667
f 1666 1577 1576
f 1668 1670 1669
f 1667 1580 1577
f 1670 1672 1671
f 1669 1582 1580
f 1672 1674 1673
f 1671 1584 1582
f 1674 1676 1675
f 1673 1586 1584
f 1676 1594 1592
f 1675 1588 1586
f 1676 1677 1678
f 1678 1679 1594
f 1679 1680 1681
f 1681 1682 1597
f 1679 1595 1594
f 1682 1683 1684
f 1684 1686 1685
f 1682 1598 1597
f 1686 1688 1687
f 1685 1600 1598
f 1688 1690 1689
f 1687 1602 1600
f 1690 1691 1608
f 1689 1605 1602
f 1691 1692 1693
f 1693 1694 1612
f 1691 1609 1608
f 1694 1695 1696
f 1696 1617 1615
f 1694 1613 1612
f 1693 1692 1697
f 1695 1698 1699
f 1699 1620 1696
f 1699 1700 1701
f 1701 1621 1620
f 1701 1702 1703
f 1703 1623 1621
f 1703 1704 1705
f 1705 1625 1623
f 1705 1706 1707
f 1707 1627 1625
f 1706 1709 1708
f 1707 1630 1627
f 1709 1711 1710
f 1708 1632 1630
f 1711 1713 1712
f 1710 1634 1632
f 1713 1715 1714
f 1712 1636 1634
f 1715 1717 1716
f 1714 1638 1636
f 1717 1719 1718
f 1716 1641 1638
f 1719 1722 1720
f 1718 1721 1641
f 1722 129 1723
f 1720 1648 1721
f 1723 1724 1725
f 1725 1649 1648
f 1719 1726 1727
f 1727 126 1722
f 1727 1728 1729
f 1729 127 126
f 1729 1730 1731
f 1731 1732 127
f 1732 1733 1734
f 1734 1736 1735
f 1732 128 127
f 1736 1655 1737
f 1735 1724 128
f 1734 1738 1739
f 1739 1658 1736
f 1733 1790 1740
f 1738 1741 1742
f 1742 1661 1739
f 1740 56 55
f 1741 1743 1744
f 1744 1664 1742
f 1744 1745 1746
f 1746 1665 1664
f 1745 1748 1747
f 1746 1668 1665
f 1748 1750 1749
f 1747 1670 1668
f 1750 1752 1751
f 1749 1672 1670
f 1752 1753 1677
f 1751 1674 1672
f 1753 1754 1755
f 1755 1756 1680
f 1753 1678 1677
f 1756 1757 141
f 141 140 1683
f 1756 1681 1680
f 1757 1759 1760
f 1760 138 141
f 1755 1754 1758
f 1760 1761 1762
f 1762 1766 138
f 1761 1772 1763
f 1762 1764 1766
f 1765 139 1766
f 1763 1771 1767
f 1764 1768 1765
f 1769 1770 1765
f 1767 1698 1697
f 1768 1692 1769
f 1686 1684 142
f 1770 139 1765
f 1770 1688 1686
f 1769 1690 1688
f 1771 1700 1698
f 1771 1772 1773
f 1773 1702 1700
f 1773 1774 1775
f 1775 1704 1702
f 1775 1776 1777
f 1777 1706 1704
f 1776 1779 1778
f 1777 1709 1706
f 1779 1781 1780
f 1778 1711 1709
f 1781 1783 1782
f 1780 1713 1711
f 1783 1785 1784
f 1782 1715 1713
f 1785 1728 1726
f 1784 1717 1715
f 1785 1786 1787
f 1787 1730 1728
f 1787 1788 1789
f 1789 1790 1730
f 1789 57 56
f 56 1740 1790
f 1788 1792 57
f 1786 1793 1791
f 1793 1795 1791
f 1793 1783 1781
f 1781 1779 1794
f 1796 1802 1797
f 1795 1792 1791
f 1795 1798 1796
f 1799 1800 1796
f 1794 1779 1776
f 1798 1774 1799
f 1759 1758 1801
f 1800 1802 1796
f 1800 1761 1759
f 1801 1754 1803
f 1801 1804 1802
f 1805 1797 1802
f 1804 1750 1748
f 1748 1745 1805
f 54 1792 1797
f 1745 1743 54
f 1803 1752 1750
f 1799 1772 1761
f 1790 1731 1730
f 1684 140 142
f 1737 1725 1724
f 1645 1642 1721
f 1508 90 92
f 1508 1591 90
f 1523 1422 1420
f 1363 1350 1463
f 1310 967 1311
f 1218 1004 1003
f 1185 1041 1039
f 1806 1048 1046
f 1806 1807 1808
f 1808 1050 1048
f 1807 1809 1810
f 1810 1054 1808
f 1809 1811 1812
f 1812 1057 1810
f 1258 47 1164
f 1811 1813 1814
f 1814 1059 1812
f 1813 1815 1816
f 1816 1061 1814
f 1161 1157 1817
f 1815 1818 1065
f 1065 1063 1816
f 1817 1911 1819
f 1818 1820 1068
f 1818 1066 1065
f 1819 1910 1821
f 1820 1822 1071
f 1820 1069 1068
f 1821 1914 1823
f 1823 1824 1074
f 1822 1072 1071
f 1824 1825 1826
f 1826 1827 1077
f 1824 1075 1074
f 1827 1828 1829
f 1829 1831 1830
f 1827 1078 1077
f 1831 1832 1083
f 1830 1080 1078
f 1832 1833 1834
f 1834 1836 1835
f 1832 1084 1083
f 1835 1837 1838
f 1838 1085 1084
f 1838 1839 1840
f 1840 1087 1085
f 1840 1841 1842
f 1842 1089 1087
f 1842 1843 1844
f 1844 1091 1089
f 1844 1845 1846
f 1846 1093 1091
f 1846 1847 1848
f 1848 1095 1093
f 1848 1849 1850
f 1850 1097 1095
f 1850 1851 1852
f 1852 1099 1097
f 1852 1853 1854
f 1854 1855 1099
f 1855 1856 1857
f 1857 1858 1102
f 1855 1100 1099
f 1858 1859 1860
f 1860 1861 1105
f 1858 1103 1102
f 1861 1862 1863
f 1863 1111 1109
f 1861 1106 1105
f 1863 1864 1865
f 1865 1113 1111
f 1865 1866 1867
f 1867 1868 1113
f 1868 1869 1870
f 1870 1871 1116
f 1868 1114 1113
f 1871 1872 1873
f 1873 1874 1119
f 1871 1117 1116
f 1874 1875 1876
f 1876 1124 1122
f 1874 1120 1119
f 1876 1877 1129
f 1129 1126 1124
f 1875 1972 1878
f 1877 1879 1880
f 1877 1130 1129
f 1879 1886 1136
f 1880 1132 1130
f 1878 1971 1881
f 1879 1882 1886
f 1881 1975 1883
f 1882 1884 1885
f 1885 1139 1886
f 1883 1978 1887
f 1884 1888 1889
f 1889 1141 1885
f 1889 1890 1891
f 1891 1142 1141
f 1891 1892 1147
f 1147 1144 1142
f 1890 1985 1893
f 1892 1894 1895
f 1895 1148 1147
f 1894 1897 1896
f 1895 1150 1148
f 1897 1899 1898
f 1896 1153 1150
f 1899 1902 1900
f 1898 1901 1153
f 1902 2001 1903
f 1900 1904 1901
f 1904 1905 1906
f 1904 1907 1908
f 1908 1154 1901
f 1907 1909 1910
f 1907 1819 1911
f 1911 1156 1908
f 1906 1905 1912
f 1909 1913 1914
f 1914 1821 1910
f 1912 2004 1915
f 1915 1916 1825
f 1825 1823 1914
f 1916 1917 1918
f 1918 1919 1828
f 1916 1826 1825
f 1919 1920 1921
f 1921 1923 1922
f 1919 1829 1828
f 1923 1924 1833
f 1922 1831 1829
f 1924 1925 1926
f 1926 1928 1927
f 1924 1834 1833
f 1928 1930 1929
f 1927 1836 1834
f 1929 1931 1932
f 1932 1837 1836
f 1932 1933 1934
f 1934 1839 1837
f 1934 1935 1936
f 1936 1841 1839
f 1936 1937 1938
f 1938 1843 1841
f 1938 1939 1940
f 1940 1845 1843
f 1940 1941 1942
f 1942 1847 1845
f 1942 1943 1944
f 1944 1849 1847
f 1944 1945 1946
f 1946 1851 1849
f 1946 1947 1948
f 1948 1853 1851
f 1948 1949 1950
f 1950 1951 1853
f 1951 1952 1953
f 1953 1954 1856
f 1951 1854 1853
f 1954 1955 1956
f 1956 1957 1859
f 1954 1857 1856
f 1957 1958 1959
f 1959 1864 1862
f 1957 1860 1859
f 1959 1960 1961
f 1961 1866 1864
f 1961 1962 1963
f 1963 1964 1866
f 1964 1965 1966
f 1966 1967 1869
f 1964 1867 1866
f 1967 1968 1969
f 1969 1972 1872
f 1967 1870 1869
f 1969 1970 1971
f 1971 1878 1972
f 1968 2062 1973
f 1970 1974 1975
f 1975 1881 1971
f 1973 2061 1976
f 1974 1977 1978
f 1978 1883 1975
f 1976 2065 1979
f 1977 1980 1981
f 1981 1887 1978
f 1981 1982 1983
f 1983 1888 1887
f 1983 1984 1985
f 1985 1890 1888
f 1982 2072 1986
f 1984 1987 1988
f 1988 1893 1985
f 1988 1989 1990
f 1990 1894 1893
f 1990 1991 1992
f 1992 1897 1894
f 1992 1993 1994
f 1992 1899 1897
f 1994 1995 1996
f 1994 1902 1899
f 1996 1997 1998
f 1998 2001 1902
f 1998 1999 2000
f 2000 2002 2001
f 2002 2003 2004
f 2004 1912 1905
f 2002 1903 2001
f 2000 1999 2005
f 2003 2006 1917
f 1917 1915 2004
f 2006 2007 2008
f 2008 2009 1920
f 2006 1918 1917
f 2009 2010 2011
f 2011 2013 2012
f 2009 1921 1920
f 2013 2014 1925
f 2012 1923 1921
f 2014 2015 2016
f 2016 84 2017
f 2014 1926 1925
f 84 2019 2018
f 2017 1928 1926
f 2019 2021 2020
f 2018 1930 1928
f 2021 2023 2022
f 2022 1931 1930
f 2022 2024 2025
f 2025 1933 1931
f 2025 2026 2027
f 2027 1935 1933
f 2027 2028 2029
f 2029 1937 1935
f 2029 2030 2031
f 2031 1939 1937
f 2031 2032 2033
f 2033 1941 1939
f 2033 2034 2035
f 2035 1943 1941
f 2035 2036 2037
f 2037 1945 1943
f 2036 2039 2038
f 2038 1947 1945
f 2039 2041 2040
f 2040 1949 1947
f 2040 2042 2043
f 2043 2044 1949
f 2044 2045 2046
f 2046 2047 1952
f 2044 1950 1949
f 2047 2048 2049
f 2049 2050 1955
f 2047 1953 1952
f 2050 2051 2052
f 2052 1960 1958
f 2050 1956 1955
f 2052 2053 2054
f 2054 1962 1960
f 2054 2055 2056
f 2056 2057 1962
f 2057 2058 2059
f 2059 2062 1965
f 2057 1963 1962
f 2059 2060 2061
f 2061 1973 2062
f 2058 2197 2063
f 2060 2064 2065
f 2065 1976 2061
f 2063 2185 2066
f 2064 2067 2068
f 2068 1979 2065
f 2068 2069 2070
f 2070 1980 1979
f 2070 2071 2072
f 2072 1982 1980
f 2071 2073 2074
f 2074 2076 2075
f 2075 1986 2072
f 2076 2078 2077
f 2077 1987 1986
f 2078 103 101
f 101 1989 1987
f 2078 2079 2080
f 2080 104 103
f 2080 2081 2082
f 2082 2083 104
f 2083 2084 2085
f 2085 2087 2086
f 2083 102 104
f 2087 2090 2088
f 2086 2089 102
f 2090 1997 1995
f 1995 1993 2089
f 2090 2091 2092
f 2092 1999 1997
f 2092 2093 2007
f 2007 2005 1999
f 2091 2142 2094
f 2093 2095 2010
f 2010 2008 2007
f 2094 2141 2096
f 2095 2097 2098
f 2095 2011 2010
f 2097 2099 2015
f 2098 2013 2011
f 2099 2100 2101
f 2101 86 85
f 2099 2016 2015
f 2101 2102 2103
f 2103 2104 86
f 2104 2105 2106
f 2106 2108 2107
f 2104 83 86
f 2107 2023 2021
f 2021 2019 83
f 2108 2109 2110
f 2110 2024 2023
f 2110 2111 2112
f 2112 2026 2024
f 2112 2113 2114
f 2114 2028 2026
f 2114 2115 2116
f 2116 2030 2028
f 2116 71 75
f 75 2032 2030
f 2115 2118 71
f 2113 2119 2117
f 2119 2121 2117
f 2119 2111 2122
f 2122 2123 2120
f 2123 2125 2120
f 2123 2126 2127
f 2127 2128 2124
f 2129 2155 2124
f 2128 2130 2131
f 2128 2132 2129
f 2133 2152 2129
f 2131 2199 2134
f 2132 2135 2133
f 2136 2146 2133
f 2134 2140 2137
f 2135 2138 2136
f 2081 2143 2136
f 2137 2139 2084
f 2138 2082 2081
f 2139 2140 2141
f 2141 2094 2142
f 2139 2085 2084
f 2144 2147 2145
f 2143 2146 2136
f 2143 2079 2144
f 2147 2186 2148
f 2145 2149 2146
f 2148 2182 2150
f 2149 2151 2152
f 2152 2133 2146
f 2150 2177 2153
f 2151 2154 2155
f 2155 2129 2152
f 2154 2156 2157
f 2157 2158 2125
f 2154 2124 2155
f 2158 2159 2160
f 2160 2161 2121
f 2158 2120 2125
f 2161 2162 2163
f 2163 72 2118
f 2161 2117 2121
f 2163 2164 2165
f 2165 73 72
f 2165 2041 2039
f 2039 2036 73
f 2162 2168 2166
f 2164 2042 2041
f 2167 2198 2042
f 2168 2169 2167
f 2169 123 2167
f 2169 2159 2170
f 2170 2171 124
f 2171 122 124
f 2171 2156 2173
f 2173 2174 2172
f 2174 2176 2172
f 2174 2177 2178
f 2178 2179 2175
f 2179 2181 2175
f 2179 2182 2183
f 2183 2184 2180
f 2184 2185 2180
f 2184 2186 2187
f 2187 2067 2066
f 2186 2147 2073
f 2073 2069 2067
f 2182 2148 2186
f 2181 2189 2190
f 2190 2176 2175
f 2180 2185 2188
f 2190 2191 2192
f 2192 2195 2176
f 2192 2193 2194
f 2194 120 2195
f 2196 121 120
f 2194 2048 2196
f 2045 2198 121
f 2196 2046 2045
f 2191 2053 2051
f 2193 2049 2048
f 2189 2055 2053
f 2188 2197 2055
f 2185 2063 2197
f 2177 2150 2182
f 2195 122 2172
f 2173 2153 2177
f 2170 2157 2156
f 2198 123 121
f 2198 2043 2042
f 2168 2160 2159
f 2147 2074 2073
f 2144 2076 2074
f 2140 2199 2200
f 2200 2096 2141
f 2200 2102 2100
f 2100 2097 2096
f 2199 2130 2102
f 2127 2126 2105
f 2130 2103 2102
f 2122 2111 2109
f 2126 2106 2105
f 2142 2087 2085
f 2197 2056 2055
f 2036 74 73
f 2032 75 74
f 1993 100 2089
f 1989 101 100
f 2062 1966 1965
f 1972 1873 1872
f 1817 1157 1156
f 1205 148 147
f 1014 145 144
f 979 977 1307
f 891 18 21
f 889 1135 18
f 750 110 107
f 995 641 638
f 715 59 63
f 42 842 589
f 843 2 583
f 504 501 500
f 471 35 32
f 281 277 375
f 245 244 78
f 232 155 152
f 309 153 155
f 194 115 114
f 1262 22 19
f 29 9 14
f 29 12 9
f 25 20 1263

