# https://github.com/mikedh/trimesh

o Stage1_3Dcross_NEW_Rescaled_13.stl
v -0.02022029 0.01624018 0.02029774
v -0.02227462 0.01587836 0.02045668
v -0.02391353 0.01003852 0.02406404
v -0.01997420 0.02112397 0.01651333
v -0.02165963 0.01999848 0.01647448
v -0.01633809 0.02090620 0.02012982
v -0.02051155 0.01582221 0.02288183
v -0.01662569 0.01988471 0.02209618
v 0.02057744 0.01573579 0.02070464
v 0.02049748 0.01960395 0.01694453
v 0.01676933 0.01973823 0.02080402
v 0.02405412 0.00960395 0.02408362
v 0.02299003 0.01529975 0.02088707
v 0.02233879 0.01927827 0.01726193
v 0.02096891 0.01519624 0.02314114
v 0.01717558 0.01934174 0.02263954
v 0.01911662 -0.02026128 0.01744945
v 0.02206669 -0.02236382 0.01355627
v 0.02137602 -0.01934185 0.01722269
v 0.01868498 -0.01791167 0.02096018
v 0.01898381 -0.02223736 0.01758505
v 0.01479557 -0.02195367 0.02124146
v -0.02041793 -0.01618853 -0.02026113
v -0.02385970 -0.01072906 -0.02361869
v -0.02039730 -0.01595757 -0.02232480
v -0.02276155 -0.01600103 -0.02038312
v -0.01650240 -0.01999712 -0.02188228
v -0.01632112 -0.02031011 -0.02017950
v -0.02074385 -0.01974419 -0.01682285
v -0.02252803 -0.01959234 -0.01695399
v -0.01808223 -0.01854449 0.02117686
v -0.02098482 -0.01700347 0.01955622
v -0.01920552 -0.02031207 0.01738705
v -0.02191390 -0.01384722 0.02265336
v -0.01730367 -0.01923736 0.02337733
v -0.02134383 -0.01469341 0.02388478
v -0.02031050 0.02006782 -0.01642953
v -0.02056795 0.01574165 -0.02168939
v -0.02217757 0.01548383 -0.02077670
v -0.02216158 0.02002631 -0.01645610
v -0.02388900 0.02402778 -0.01011655
v -0.02056917 0.02282124 -0.01573808
v -0.01707234 0.02193061 -0.01949725
v -0.01684529 0.01969135 -0.02075528
v 0.04798588 0.00337153 -0.00789971
v 0.04798588 0.00073530 -0.00952981
v 0.04798588 0.00356049 -0.01132732
v 0.04798588 0.00314448 -0.00599241
v 0.04798588 0.00598676 -0.00867028
v -0.04801412 -0.00273931 -0.00658657
v -0.04801412 -0.00061871 -0.00791753
v -0.04801412 -0.00327740 -0.00899184
v -0.04801412 -0.00231548 -0.00483352
v -0.04801412 -0.00502203 -0.00675200
v -0.00618257 0.00109174 -0.04800953
v -0.00743489 -0.00188531 -0.04800953
v -0.00973848 0.00092719 -0.04800953
v -0.00741866 0.00385639 -0.04800953
v -0.00405696 0.00108881 -0.04800953
v -0.00719039 0.00387104 0.04799047
v -0.00836666 0.00641352 0.04799047
v -0.01125252 0.00344331 0.04799047
v -0.00506966 0.00379780 0.04799047
v -0.00910579 0.00096284 0.04799047
v -0.00676314 -0.00090923 0.04799047
v -0.00530672 0.04799604 -0.00504279
v -0.00321675 0.04799604 -0.00645612
v -0.00582955 0.04799604 -0.00846014
v -0.00482051 0.04799604 -0.00316567
v -0.00778218 0.04799604 -0.00580804
v -0.00850899 0.04799604 -0.00299646
v 0.00490361 -0.04800396 -0.00345105
v 0.00413176 -0.04800396 -0.00194579
v 0.00140959 -0.04800396 -0.00428411
v 0.00751823 -0.04800396 -0.00303226
v 0.00341435 -0.04800396 -0.00550568
v 0.00678837 -0.04800396 -0.00589503
v 0.01235869 0.04799604 0.00875454
v 0.01003520 0.04799604 0.00987492
v 0.01254582 0.04799604 0.01270573
v 0.01268351 0.04799604 0.00597030
v 0.00942949 0.04799604 0.00662355
v 0.01492180 0.04799604 0.00989224
v 0.04798588 0.01030463 0.01180207
v 0.04798588 0.01210346 0.01373432
v 0.04798588 0.00835932 0.01558311
v 0.04798588 0.01098334 0.00971920
v 0.04798588 0.01440034 0.01123632
v 0.04798588 0.00703413 0.01218075
v 0.04798588 0.00641352 0.00926605
v 0.02452360 0.01759809 -0.01893063
v 0.02306547 0.01558540 -0.02068047
v 0.01980766 0.01880708 -0.01782551
v 0.02477360 0.02163520 -0.01418517
v 0.02640263 0.02108051 -0.01496662
v 0.02133476 0.02034125 -0.01604211
v -0.01890120 0.01762250 -0.02419923
v -0.01445735 0.02147651 -0.02494030
v -0.01502242 0.02108100 -0.02649460
v -0.01913082 0.01739399 -0.02636803
v -0.02331685 0.01129145 -0.02627312
v 0.01776445 -0.01875298 -0.02432365
v 0.01176176 -0.02309332 -0.02620767
v 0.01763847 -0.01888042 -0.02644469
v 0.01580070 -0.02047710 -0.02260241
v 0.02162980 -0.01418218 -0.02679694
v 0.01970866 -0.01682427 -0.02079621
v 0.01807109 -0.01857037 -0.01924563
v 0.02196550 -0.01369195 -0.02521742
v -0.01812337 0.02406245 0.01844518
v -0.01294600 0.02535004 0.02241397
v -0.01801314 0.02629096 0.01855178
v -0.02180965 0.02698090 0.01394272
v -0.02214547 0.02555122 0.01343762
v 0.01704362 0.02368696 -0.01941755
v 0.01120768 0.02585981 -0.02337070
v 0.01670085 0.02618061 -0.01970845
v 0.01961064 0.02589985 -0.01685543
v 0.01855192 0.01806635 -0.01998398
v 0.02003605 0.02365766 -0.01635584
v 0.04798588 -0.01030621 0.02019250
v 0.04798588 -0.01204986 0.01800262
v 0.04798588 -0.00820318 0.01709987
v 0.04798588 -0.00740240 0.02051680
v 0.04798588 -0.00823052 0.02457056
v 0.04798588 -0.01229351 0.02283752
v -0.04801412 0.00360346 0.00939321
v -0.04801412 0.00377924 0.00740707
v -0.04801412 0.00057758 0.00765905
v -0.04801412 0.00134907 0.01001060
v -0.04801412 0.00322016 0.01201290
v -0.04801412 0.00564350 0.01029145
v 0.00847490 0.00036762 -0.04800953
v 0.00968510 0.00318500 -0.04800953
v 0.01204631 0.00070209 -0.04800953
v 0.00647050 0.00036225 -0.04800953
v 0.00984440 -0.00228716 -0.04800953
v 0.00021037 0.04799604 -0.02069065
v 0.00030986 0.04799604 -0.02278517
v -0.00230782 0.04799604 -0.01956652
v -0.00008028 0.04799604 -0.01730614
v 0.00250029 0.04799604 -0.01954939
v 0.01478740 -0.04800396 -0.01687354
v 0.01663151 -0.04800396 -0.01989765
v 0.01951860 -0.04800396 -0.01704741
v 0.01166459 -0.04800396 -0.01816783
v 0.01596281 -0.04800396 -0.01443767
v 0.01204716 -0.04800396 -0.01451706
v -0.04801412 -0.00719146 -0.01735056
v -0.04801412 -0.00793951 -0.02029173
v -0.04801412 -0.01126568 -0.01864987
v -0.04801412 -0.00460601 -0.01744566
v -0.04801412 -0.00888238 -0.01562356
v -0.04801412 -0.00599761 -0.01461617
v 0.04798588 0.00459907 -0.01897782
v 0.04798588 0.00695063 -0.01738399
v 0.04798588 0.00400288 -0.01557420
v 0.04798588 0.00502387 -0.02144105
v 0.04798588 0.00171577 -0.01835187
v 0.00851725 -0.00239849 0.04799047
v 0.00646806 -0.00225201 0.04799047
v 0.00995121 -0.00579937 0.04799047
v 0.00972734 0.00003120 0.04799047
v 0.01230497 -0.00370318 0.04799047
v 0.02314006 -0.01867242 -0.01795337
v 0.02142924 -0.02032232 -0.01609003
v 0.02504081 -0.02241314 -0.01299107
v 0.02514995 -0.01864654 -0.01796652
v 0.02410014 -0.01342095 -0.02215636
v 0.02570182 -0.01380474 -0.02188376
v 0.02086857 -0.01531792 0.02405617
v 0.01608452 -0.02027837 0.02455515
v 0.02099687 -0.01601324 0.02035877
v 0.02141069 -0.01448492 0.02630394
v 0.01682609 -0.01965582 0.02612344
v 0.01801310 0.02225092 0.01855922
v 0.02176994 0.02393208 0.01395242
v 0.02137785 0.02533735 0.01453029
v 0.01776909 0.02452045 0.01876779
v 0.01277446 0.02442866 0.02250252
v -0.02063814 -0.02334917 0.01564591
v -0.01652559 -0.02392339 0.01992684
v -0.02199849 -0.01983160 0.01668089
v -0.02063497 -0.02538433 0.01562167
v -0.01674825 -0.02541314 0.01973250
v -0.01814766 -0.02247369 -0.01847195
v -0.01803719 -0.02462798 -0.01855553
v -0.02236556 -0.02423589 -0.01311352
v -0.01223433 -0.02494000 -0.02286485
v -0.04801412 -0.00705962 0.02018806
v -0.04801412 -0.00379937 0.02002119
v -0.04801412 -0.00513140 0.01762836
v -0.04801412 -0.00765142 0.02194554
v -0.04801412 -0.00869537 0.01878208
v -0.00465328 0.04799604 0.01755000
v -0.00589302 0.04799604 0.02062165
v -0.00202498 0.04799604 0.02129365
v -0.00216768 0.04799604 0.01707024
v -0.00356197 0.04799604 0.01414066
v -0.00650301 0.04799604 0.01575099
v 0.00033806 -0.04800396 0.02148544
v 0.00255302 -0.04800396 0.02037646
v 0.00040666 -0.04800396 0.02334684
v -0.00246138 -0.04800396 0.02009064
v -0.00025472 -0.04800396 0.01788688
v 0.02011943 0.00126264 -0.04800953
v 0.01879020 0.00372065 -0.04800953
v 0.02234282 0.00148872 -0.04800953
v 0.01906059 -0.00141998 -0.04800953
v 0.01656791 0.00100678 -0.04800953
v -0.02283895 0.00127680 -0.04800953
v -0.02151570 0.00428852 -0.04800953
v -0.01908760 0.00094868 -0.04800953
v -0.02589937 0.00123237 -0.04800953
v -0.02179537 -0.00193853 -0.04800953
v 0.02010209 0.00000092 0.04799047
v 0.01897538 -0.00268072 0.04799047
v 0.02206047 -0.00416070 0.04799047
v 0.01857585 0.00355415 0.04799047
v 0.01626762 0.00108881 0.04799047
v 0.02249992 0.00032514 0.04799047
v -0.02006783 0.00197553 0.04799047
v -0.01835140 0.00513081 0.04799047
v -0.02247518 0.00225043 0.04799047
v -0.01909957 -0.00065240 0.04799047
v -0.01609932 0.00255170 0.04799047
v -0.00660836 -0.04800396 0.00701737
v -0.00984200 -0.04800396 0.00749435
v -0.00614168 -0.04800396 0.00511071
v -0.00311214 -0.04800396 0.00670048
v -0.00472505 -0.04800396 0.00862016
v -0.00805379 -0.04800396 0.01048078
v -0.00593624 -0.04800396 0.01300153
v -0.00920919 -0.04800396 0.01524775
v -0.01200569 -0.04800396 0.01220481
v -0.01423763 -0.04800396 0.00846201
v -0.01558467 -0.04800396 0.00434079
v -0.01082173 -0.04800396 0.00440823
v -0.01593843 -0.04800396 0.01413865
v -0.01865267 -0.04800396 0.00971936
v -0.02032857 -0.04800396 0.00460081
v -0.02069991 -0.04800396 -0.00091448
v -0.01584993 -0.04800396 -0.00005839
v -0.02329854 -0.04800396 0.01137118
v -0.02542513 -0.04800396 0.00519762
v -0.02588057 -0.04800396 -0.00162705
v -0.02454683 -0.04800396 -0.00836834
v -0.01962728 -0.04800396 -0.00636192
v -0.02541671 -0.04472857 0.00503772
v -0.02586177 -0.04473003 -0.00179559
v -0.02447103 -0.04462212 -0.00851655
v -0.02152352 -0.04446343 -0.01441518
v -0.02161080 -0.04800396 -0.01438523
v -0.02584285 -0.04162164 -0.00195689
v -0.02442208 -0.04139654 -0.00862358
v -0.02149434 -0.04105279 -0.01443149
v -0.01751754 -0.04087359 -0.01904946
v -0.01745491 -0.04438238 -0.01915257
v -0.02439901 -0.03843707 -0.00866727
v -0.02149837 -0.03793511 -0.01443466
v -0.01761568 -0.03770025 -0.01899813
v -0.01263533 -0.03804791 -0.02262412
v -0.02151949 -0.03511089 -0.01439907
v -0.01767720 -0.03482769 -0.01892482
v -0.01272286 -0.03532183 -0.02254733
v -0.00653804 -0.03605669 -0.02503025
v -0.01277193 -0.03322027 -0.02251770
v -0.00658541 -0.03414751 -0.02504487
v -0.00007747 -0.03450738 -0.02591241
v -0.00658089 -0.03249078 -0.02505642
v -0.00013961 -0.03284185 -0.02591245
v 0.00589128 -0.03253960 -0.02520846
v -0.00016927 -0.03149126 -0.02590485
v 0.00579069 -0.03115435 -0.02522903
v 0.01101432 -0.03013531 -0.02340018
v 0.01112602 -0.03171978 -0.02335397
v -0.00019881 -0.03016656 -0.02591352
v 0.00566996 -0.02974810 -0.02526085
v 0.01090654 -0.02859966 -0.02345916
v 0.01514653 -0.02717681 -0.02099541
v 0.01528471 -0.02894146 -0.02090010
v 0.00554960 -0.02839556 -0.02529303
v 0.01075761 -0.02707623 -0.02353625
v 0.01501799 -0.02542779 -0.02109332
v 0.01808696 -0.02451568 -0.01851100
v 0.01813994 -0.02635943 -0.01846104
v 0.01060136 -0.02558208 -0.02360805
v 0.01485307 -0.02355865 -0.02122357
v 0.01802787 -0.02251666 -0.01857349
v 0.02066826 -0.02342388 -0.01558912
v 0.01469206 -0.02178277 -0.02134947
v 0.01796586 -0.02067974 -0.01864558
v 0.02080522 -0.02163482 -0.01543914
v 0.02305693 -0.02385943 -0.01179114
v 0.02375993 -0.02288335 -0.01216794
v 0.02296977 -0.02541412 -0.01191240
v 0.02482414 -0.02710455 -0.00734993
v 0.02293657 -0.02690386 -0.01195445
v 0.02059001 -0.02521685 -0.01566400
v 0.02486674 -0.02572759 -0.00723724
v 0.02577519 -0.02670367 -0.00276169
v 0.02537248 -0.02485259 -0.00737042
v 0.02610270 -0.02579693 -0.00279932
v 0.02613591 -0.02586773 0.00149579
v 0.02721403 -0.02576373 -0.00297931
v 0.02719523 -0.02586382 0.00152929
v 0.02651909 -0.02525494 0.00585227
v 0.02842289 -0.02585845 0.00155919
v 0.02777311 -0.02519195 0.00606330
v 0.02651017 -0.02374566 0.01032818
v 0.02895964 -0.02513531 0.00625624
v 0.02775688 -0.02359380 0.01062453
v 0.02614262 -0.02133501 0.01460700
v 0.02906718 -0.02346587 0.01089652
v 0.02762553 -0.02112164 0.01489085
v 0.02672526 -0.01861138 0.01794506
v 0.02928532 -0.02097125 0.01511539
v 0.02863298 -0.01843707 0.01816541
v 0.03093876 -0.02086236 0.01529144
v 0.03045097 -0.01823980 0.01837779
v 0.02911894 -0.01514605 0.02096951
v 0.02723881 -0.01533501 0.02082491
v 0.02855888 -0.01087359 0.02346874
v 0.02688481 -0.01105132 0.02339947
v 0.02530046 -0.01554009 0.02068269
v 0.02500541 -0.01129107 0.02330231
v 0.02315361 -0.01575787 0.02052736
v 0.02489238 -0.01878863 0.01773146
v 0.02303373 -0.01904644 0.01750954
v 0.02467399 -0.02158111 0.01425918
v 0.02325859 -0.02187603 0.01384094
v 0.02289470 -0.01212408 0.02321866
v 0.02655632 -0.00598687 0.02520789
v 0.02511906 -0.00631890 0.02530269
v 0.02587724 -0.00100884 0.02609271
v 0.02585331 -0.00139605 0.02725299
v 0.02477739 -0.00754253 0.02630742
v 0.02472807 -0.00765972 0.02792948
v 0.02583781 -0.00161871 0.02863865
v 0.02581413 -0.00188921 0.02995823
v 0.02461735 -0.00798980 0.02928040
v 0.02147355 -0.01435796 0.02792860
v 0.01713615 -0.01939214 0.02755949
v 0.02140898 -0.01447271 0.02957001
v 0.01733024 -0.01922808 0.02924493
v 0.01224650 -0.02278765 0.03036359
v 0.01192949 -0.02295171 0.02893214
v 0.01745500 -0.01908648 0.03093770
v 0.01246159 -0.02268414 0.03183279
v 0.00660966 -0.02503912 0.03276345
v 0.01755583 -0.01899761 0.03295419
v 0.01266020 -0.02256500 0.03366257
v 0.00683561 -0.02496783 0.03446771
v 0.00060429 -0.02589410 0.03476224
v 0.00703972 -0.02489068 0.03626714
v 0.00074345 -0.02586968 0.03653904
v -0.00560030 -0.02525347 0.03634252
v 0.00091386 -0.02587457 0.03891694
v -0.00549007 -0.02529742 0.03878178
v -0.01137557 -0.02327398 0.03833407
v -0.00531404 -0.02533794 0.04160635
v -0.01118099 -0.02333404 0.04131725
v -0.01603450 -0.02032330 0.04098597
v -0.01098531 -0.02345367 0.04458617
v -0.01589437 -0.02047027 0.04442502
v -0.01975582 -0.01674908 0.04442857
v -0.01571370 -0.02062457 0.04799047
v -0.01973812 -0.01683111 0.04799047
v -0.02279988 -0.01239556 0.04799047
v -0.01248970 -0.01625884 0.04799047
v -0.01606954 -0.01324810 0.04799047
v -0.01895479 -0.00981255 0.04799047
v -0.02098604 -0.00604302 0.04799047
v -0.02485128 -0.00750201 0.04799047
v -0.01268270 -0.00931060 0.04799047
v -0.01519734 -0.00656158 0.04799047
v -0.01734285 -0.00359576 0.04799047
v -0.02226815 -0.00218658 0.04799047
v -0.01198360 -0.00276812 0.04799047
v -0.01410811 -0.00007671 0.04799047
v -0.01338167 0.00609809 0.04799047
v -0.01042269 0.00921577 0.04799047
v -0.01578365 0.00891303 0.04799047
v -0.01262252 0.01217377 0.04799048
v -0.01864363 0.01184663 0.04799047
v -0.02134615 0.00735932 0.04799047
v -0.01516671 0.01543500 0.04799047
v -0.02163582 0.01433002 0.04799047
v -0.02430611 0.00902827 0.04799047
v -0.02411263 0.00944428 0.04451337
v -0.02564571 0.00368354 0.04464466
v -0.02572896 0.00325434 0.04799047
v -0.02584456 -0.00203277 0.04468913
v -0.02584713 -0.00230376 0.04799047
v -0.02483834 -0.00740484 0.04463591
v -0.02486812 -0.00726812 0.04145785
v -0.02278572 -0.01228375 0.04122044
v -0.02275887 -0.01235894 0.04453362
v -0.02492086 -0.00710308 0.03857700
v -0.02285714 -0.01216021 0.03822498
v -0.01982027 -0.01665044 0.04097307
v -0.01992549 -0.01653619 0.03785175
v -0.02294051 -0.01201128 0.03549451
v -0.02003182 -0.01640533 0.03505538
v -0.01634639 -0.02010113 0.03508016
v -0.01620516 -0.02022417 0.03787904
v -0.01646334 -0.02000396 0.03274974
v -0.01156771 -0.02317486 0.03365959
v -0.01147921 -0.02320123 0.03569164
v -0.01159493 -0.02316167 0.03180078
v -0.00568660 -0.02525933 0.03279051
v -0.00566976 -0.02525347 0.03448538
v -0.00568123 -0.02525835 0.03137682
v 0.00038481 -0.02589458 0.03181625
v 0.00048820 -0.02590337 0.03312313
v 0.00028837 -0.02590142 0.03052858
v 0.00615837 -0.02514214 0.03014091
v 0.00639995 -0.02508453 0.03146794
v 0.00589506 -0.02520757 0.02889473
v 0.01155290 -0.02315337 0.02762668
v 0.01105327 -0.02339019 0.02633583
v 0.00561454 -0.02528375 0.02772349
v 0.01050895 -0.02365240 0.02502457
v 0.01523845 -0.02092242 0.02284037
v 0.00529887 -0.02535113 0.02645411
v 0.01004619 -0.02415435 0.02386439
v 0.00502519 -0.02566216 0.02539516
v 0.01013591 -0.02535650 0.02381989
v 0.01484611 -0.02326666 0.02119389
v 0.00508769 -0.02676714 0.02537436
v 0.01026872 -0.02675591 0.02376063
v 0.01487822 -0.02485503 0.02112888
v 0.01486967 -0.02656011 0.02111530
v 0.01846794 -0.02571490 0.01808176
v 0.01868547 -0.02400640 0.01786253
v 0.02146806 -0.02507623 0.01442362
v 0.02123857 -0.02660699 0.01471281
v 0.02370561 -0.02664166 0.01036296
v 0.02387370 -0.02539898 0.01001064
v 0.02517399 -0.02772564 0.00607712
v 0.02523893 -0.02644390 0.00585129
v 0.02402189 -0.02423248 0.00967605
v 0.02177141 -0.02355865 0.01399164
v 0.02548747 -0.02531060 0.00566314
v 0.02519499 -0.02391167 0.00995984
v 0.02583854 -0.02819439 0.00166660
v 0.02584562 -0.02688726 0.00156817
v 0.02582878 -0.02937017 0.00175879
v 0.02574711 -0.02921734 -0.00280999
v 0.02575822 -0.02802349 -0.00279907
v 0.02573759 -0.03048980 -0.00281650
v 0.02478972 -0.02975689 -0.00744503
v 0.02480278 -0.02839410 -0.00740808
v 0.02478141 -0.03113189 -0.00746570
v 0.02294975 -0.03000396 -0.01190958
v 0.02292509 -0.02843902 -0.01195288
v 0.02056865 -0.02885162 -0.01564198
v 0.02053373 -0.02700494 -0.01570241
v 0.01820610 -0.02835992 -0.01840142
v 0.01826591 -0.03032134 -0.01833636
v 0.01536320 -0.03075152 -0.02085099
v 0.01836259 -0.03238873 -0.01822741
v 0.01544340 -0.03275787 -0.02077505
v 0.01126909 -0.03354156 -0.02330979
v 0.01555497 -0.03509429 -0.02070480
v 0.01141386 -0.03557037 -0.02322998
v 0.00602202 -0.03423736 -0.02516688
v 0.00616411 -0.03609283 -0.02511338
v 0.01160051 -0.03821001 -0.02315025
v 0.00635637 -0.03856402 -0.02508326
v 0.00019120 -0.03871099 -0.02590430
v 0.00003215 -0.03632330 -0.02591057
v 0.00041935 -0.04154693 -0.02589832
v -0.00622567 -0.04143560 -0.02513517
v -0.00642293 -0.03852496 -0.02507404
v -0.00593477 -0.04463433 -0.02521738
v -0.01224276 -0.04448150 -0.02284970
v -0.01245735 -0.04110845 -0.02270796
v -0.01194100 -0.04800396 -0.02303556
v -0.01736360 -0.04800396 -0.01925987
v -0.01368734 -0.04800396 -0.01543558
v -0.01723226 -0.04800396 -0.01128721
v -0.01304109 -0.04800396 -0.00837051
v -0.01494332 -0.04800396 -0.00442616
v -0.00877169 -0.04800396 -0.00550384
v -0.01025045 -0.04800396 -0.00228653
v -0.01093111 -0.04800396 0.00109151
v -0.00565193 -0.04800396 -0.00006181
v -0.00606307 -0.04800396 0.00262988
v -0.00186129 -0.04800396 0.00206145
v -0.00245113 -0.04800396 0.00448020
v 0.00162162 -0.04800396 0.00421712
v 0.00062529 -0.04800396 0.00647274
v -0.00083431 -0.04800396 0.00862688
v -0.00292806 -0.04800396 0.01078226
v 0.00364567 -0.04800396 0.00866795
v 0.00185807 -0.04800396 0.01093338
v -0.00053121 -0.04800396 0.01318720
v -0.00326937 -0.04800396 0.01544598
v 0.00225724 -0.04800396 0.01565253
v 0.00476225 -0.04800396 0.01336408
v 0.00517485 -0.04800396 0.01826750
v 0.00783940 -0.04800396 0.01596983
v 0.00763762 -0.04800396 0.02098571
v 0.00416752 -0.04800396 0.02262708
v 0.01085893 -0.04800396 0.01878538
v 0.00958964 -0.04800396 0.02407780
v 0.00518144 -0.04800396 0.02540436
v 0.00008134 -0.04800396 0.02593172
v 0.00514958 -0.04481060 0.02537057
v -0.00010811 -0.04485699 0.02589650
v -0.00570089 -0.04484185 0.02525597
v -0.00542659 -0.04800396 0.02535005
v 0.00513530 -0.04176373 0.02535603
v -0.00023409 -0.04185845 0.02588482
v -0.00591573 -0.04181646 0.02519073
v -0.01144173 -0.04162359 0.02321466
v -0.01116536 -0.04475152 0.02336055
v -0.00031307 -0.03913628 0.02588310
v -0.00607051 -0.03903521 0.02514563
v -0.01165230 -0.03873150 0.02312247
v -0.01647567 -0.03837017 0.01998476
v -0.01628438 -0.04135259 0.02013269
v -0.00613716 -0.03658404 0.02510401
v -0.01178463 -0.03621587 0.02305351
v -0.01660274 -0.03577544 0.01987848
v -0.02039339 -0.03567046 0.01593344
v -0.02033553 -0.03830962 0.01601696
v -0.01185359 -0.03419439 0.02302122
v -0.01670430 -0.03351617 0.01978466
v -0.02045308 -0.03347955 0.01584233
v -0.02361373 -0.03407281 0.01059502
v -0.01678792 -0.03160113 0.01971915
v -0.02050264 -0.03162603 0.01577190
v -0.02371602 -0.03233550 0.01041165
v -0.02556539 -0.03298052 0.00418394
v -0.02553804 -0.03458160 0.00434810
v -0.02378682 -0.03086382 0.01023309
v -0.02557967 -0.03152398 0.00401577
v -0.02582222 -0.03145708 -0.00221608
v -0.02582711 -0.03287603 -0.00221236
v -0.02387508 -0.02937945 0.01001813
v -0.02561849 -0.03011089 0.00382565
v -0.02582589 -0.03006109 -0.00220946
v -0.02457198 -0.02913091 -0.00821436
v -0.02451314 -0.03057476 -0.00838248
v -0.02565804 -0.02876666 0.00362975
v -0.02583431 -0.02870660 -0.00217004
v -0.02465804 -0.02772808 -0.00797001
v -0.02202596 -0.02581255 -0.01361545
v -0.02181124 -0.02745953 -0.01392193
v -0.02584590 -0.02736675 -0.00209583
v -0.02478987 -0.02631255 -0.00760416
v -0.02585018 -0.02615435 -0.00204994
v -0.02489327 -0.02510894 -0.00726303
v -0.02296248 -0.02277251 -0.01241374
v -0.02620394 -0.02482867 -0.00743025
v -0.02447481 -0.02262945 -0.01263159
v -0.02617220 -0.02247564 -0.01282295
v -0.02449544 -0.01945611 -0.01708178
v -0.02473885 -0.01600542 -0.02036144
v -0.02645882 -0.01939703 -0.01713379
v -0.02669918 -0.01610259 -0.02026189
v -0.02827901 -0.01162554 -0.02311578
v -0.02679305 -0.01135259 -0.02327483
v -0.02864315 -0.01619732 -0.02018822
v -0.02980257 -0.01183990 -0.02300262
v -0.03052742 -0.01627740 -0.02013563
v -0.03147188 -0.01202398 -0.02292200
v -0.03099898 -0.00667339 -0.02502562
v -0.02964510 -0.00641802 -0.02510281
v -0.03154683 -0.00107183 -0.02589132
v -0.03024825 -0.00089751 -0.02590009
v -0.02831307 -0.00614068 -0.02518142
v -0.02894600 -0.00074029 -0.02590857
v -0.02703279 -0.00584087 -0.02526715
v -0.02766500 -0.00060015 -0.02591989
v -0.02577718 -0.00550103 -0.02536214
v -0.02539144 -0.01108208 -0.02342430
v -0.02642220 -0.00047076 -0.02592982
v -0.02537276 -0.00544634 -0.02619817
v -0.02360591 -0.01074859 -0.02470937
v -0.02594014 -0.00034234 -0.02669585
v -0.02533626 -0.00554400 -0.02756218
v -0.02351277 -0.01088628 -0.02610923
v -0.02041780 -0.01591070 -0.02406042
v -0.02343965 -0.01099419 -0.02755615
v -0.02039742 -0.01589166 -0.02585239
v -0.01681624 -0.01968365 -0.02562263
v -0.02039754 -0.01586626 -0.02744939
v -0.01687386 -0.01963433 -0.02730230
v -0.01219661 -0.02282769 -0.02867342
v -0.01205599 -0.02290289 -0.02723153
v -0.01696370 -0.01956792 -0.02915707
v -0.01231295 -0.02277203 -0.03021601
v -0.00651070 -0.02505425 -0.03135337
v -0.00639681 -0.02509185 -0.02994941
v -0.01701448 -0.01952496 -0.03079032
v -0.01240670 -0.02273296 -0.03172646
v -0.00658467 -0.02503667 -0.03268365
v -0.00015535 -0.02590777 -0.03311724
v -0.00016378 -0.02589263 -0.03176071
v -0.01248787 -0.02267632 -0.03357172
v -0.00666426 -0.02501324 -0.03437574
v -0.00014937 -0.02591070 -0.03471761
v 0.00644413 -0.02506890 -0.03446458
v -0.00673177 -0.02498003 -0.03620635
v -0.00014778 -0.02589996 -0.03650714
v 0.00651310 -0.02504009 -0.03626823
v 0.01255473 -0.02264410 -0.03572655
v 0.00655156 -0.02505230 -0.03871848
v 0.01256474 -0.02264800 -0.03835946
v 0.01736931 -0.01918658 -0.03805937
v 0.01252580 -0.02263580 -0.04129214
v 0.01733256 -0.01917583 -0.04108693
v 0.02112028 -0.01489117 -0.04121281
v 0.02112944 -0.01492632 -0.03822672
v 0.01736247 -0.01920171 -0.04449346
v 0.02119572 -0.01486285 -0.04455739
v 0.01739128 -0.01920416 -0.04800953
v 0.02131071 -0.01475445 -0.04800953
v 0.02402311 -0.00965826 -0.04466114
v 0.02398942 -0.00968121 -0.04149759
v 0.02558781 -0.00380523 -0.04164444
v 0.02400798 -0.00963140 -0.03862904
v 0.02563200 -0.00367583 -0.03888246
v 0.02402800 -0.00951763 -0.03610488
v 0.02113981 -0.01489751 -0.03556921
v 0.01737040 -0.01916167 -0.03536639
v 0.02408818 -0.00941265 -0.03423295
v 0.02118535 -0.01483697 -0.03343921
v 0.01739213 -0.01914068 -0.03307592
v 0.02124186 -0.01476080 -0.03153805
v 0.01740703 -0.01914556 -0.03122616
v 0.01249968 -0.02268902 -0.03197518
v 0.01252824 -0.02266314 -0.03371357
v 0.01242802 -0.02272515 -0.03045374
v 0.00625175 -0.02512261 -0.03138553
v 0.00635734 -0.02509576 -0.03278628
v 0.00611845 -0.02515679 -0.03010543
v -0.00016536 -0.02589703 -0.03045331
v 0.00593828 -0.02519927 -0.02879601
v -0.00016878 -0.02591021 -0.02919114
v -0.00626326 -0.02513287 -0.02865319
v -0.00017940 -0.02592437 -0.02796568
v -0.00611653 -0.02518316 -0.02741227
v -0.01188460 -0.02301421 -0.02579611
v -0.00591060 -0.02524957 -0.02602778
v -0.01161507 -0.02318218 -0.02424369
v -0.01667672 -0.01981011 -0.02381443
v -0.00587813 -0.02567974 -0.02526112
v -0.01162142 -0.02362310 -0.02320076
v -0.00019869 -0.02633599 -0.02594339
v -0.00612703 -0.02696636 -0.02519008
v -0.00019222 -0.02593609 -0.02664335
v 0.00542131 -0.02533404 -0.02624610
v 0.00526994 -0.02581646 -0.02536744
v 0.00571904 -0.02526128 -0.02753858
v 0.01100602 -0.02345464 -0.02479140
v 0.01044548 -0.02412115 -0.02370167
v 0.00541118 -0.02709429 -0.02533021
v -0.00020858 -0.02759136 -0.02593520
v -0.00020760 -0.02884722 -0.02592537
v -0.00646431 -0.02960894 -0.02508095
v -0.00633504 -0.02822906 -0.02511666
v -0.01271712 -0.02795855 -0.02257856
v -0.01256990 -0.02630181 -0.02266440
v -0.01278218 -0.02958257 -0.02253764
v -0.01783931 -0.02850738 -0.01876054
v -0.01792720 -0.02652056 -0.01866455
v -0.02165645 -0.02919976 -0.01415297
v -0.01778621 -0.03037652 -0.01884091
v -0.02159725 -0.03098687 -0.01426263
v -0.02447188 -0.03217046 -0.00851960
v -0.02154830 -0.03289263 -0.01433543
v -0.02442806 -0.03390191 -0.00860762
v -0.02582845 -0.03457183 -0.00219829
v -0.02438546 -0.03587261 -0.00866112
v -0.02582674 -0.03641705 -0.00215382
v -0.02549617 -0.03642339 0.00450748
v -0.02583956 -0.03880865 -0.00206924
v -0.02547798 -0.03883013 0.00469266
v -0.02352925 -0.03599322 0.01072797
v -0.02347774 -0.03855669 0.01090688
v -0.02543611 -0.04162310 0.00485761
v -0.02337532 -0.04144439 0.01104992
v -0.02020504 -0.04125982 0.01613330
v -0.02332589 -0.04464410 0.01122659
v -0.02010640 -0.04457964 0.01634579
v -0.01603609 -0.04462505 0.02032646
v -0.01999507 -0.04800396 0.01653378
v -0.01577291 -0.04800396 0.02056694
v -0.01083345 -0.04800396 0.02354031
v -0.01250362 -0.04800396 0.01767031
v -0.00857064 -0.04800396 0.02041063
v -0.00602852 -0.04800396 0.01780501
v -0.00411995 -0.04800396 0.02242641
v -0.01771810 -0.03244878 -0.01889303
v -0.01279586 -0.03129888 -0.02253305
v -0.00654366 -0.03101812 -0.02505907
v 0.01231218 -0.02279058 -0.02897481
v 0.01747026 -0.01905279 -0.02801574
v 0.01212797 -0.02289947 -0.02757269
v 0.01744291 -0.01912408 -0.02963619
v 0.02142607 -0.01448589 -0.02833060
v 0.02131682 -0.01464654 -0.02992185
v 0.02423332 -0.00905328 -0.03102843
v 0.02432536 -0.00881402 -0.02952061
v 0.02570817 -0.00303375 -0.03163573
v 0.02574003 -0.00285210 -0.03021214
v 0.02443962 -0.00853375 -0.02812232
v 0.02577238 -0.00265484 -0.02886650
v 0.02459172 -0.00815191 -0.02672175
v 0.02579484 -0.00243755 -0.02758253
v 0.02473832 -0.00772320 -0.02528346
v 0.02245146 -0.01295269 -0.02316511
v 0.02581230 -0.00221978 -0.02629443
v 0.02569853 -0.00775738 -0.02474940
v 0.02668083 -0.00211138 -0.02584007
v 0.02715532 -0.00797027 -0.02466314
v 0.02805998 -0.00208746 -0.02583559
v 0.02854106 -0.00806792 -0.02461836
v 0.02725578 -0.01393072 -0.02176212
v 0.02669584 -0.01854400 -0.01807780
v 0.02871013 -0.01391509 -0.02177720
v 0.02834880 -0.01842339 -0.01821589
v 0.02899394 -0.02164849 -0.01418503
v 0.02761638 -0.02178667 -0.01397321
v 0.02983305 -0.01828765 -0.01836187
v 0.03046940 -0.02153228 -0.01436533
v 0.03151884 -0.02421929 -0.00914577
v 0.03014750 -0.02429546 -0.00893616
v 0.03193107 -0.02144878 -0.01448933
v 0.03285954 -0.02415630 -0.00932479
v 0.03335930 -0.02562994 -0.00378635
v 0.03372673 -0.02137115 -0.01457932
v 0.03451689 -0.02407623 -0.00948599
v 0.03498820 -0.02561675 -0.00388864
v 0.03496269 -0.02583697 0.00167308
v 0.03634001 -0.02401763 -0.00960149
v 0.03672331 -0.02560845 -0.00395713
v 0.03667717 -0.02581890 0.00171731
v 0.03623967 -0.02488140 0.00702841
v 0.03902348 -0.02583794 0.00178394
v 0.03869743 -0.02486236 0.00721262
v 0.03819206 -0.02291119 0.01202856
v 0.04174199 -0.02583062 0.00188430
v 0.04152519 -0.02481158 0.00740256
v 0.04118498 -0.02276568 0.01226226
v 0.04088957 -0.02015044 0.01618201
v 0.03776396 -0.02039605 0.01590905
v 0.04466459 -0.02476666 0.00761491
v 0.04450236 -0.02266558 0.01254993
v 0.04437895 -0.01990240 0.01655077
v 0.04436247 -0.01671001 0.01975999
v 0.04083329 -0.01717242 0.01933387
v 0.04798588 -0.02252691 0.01282086
v 0.04798588 -0.01961382 0.01694321
v 0.04798588 -0.01732916 0.01117799
v 0.04798588 -0.01484087 0.01486553
v 0.04798588 -0.01614800 0.02028141
v 0.04798588 -0.01224126 0.01011146
v 0.04798588 -0.01018365 0.01366114
v 0.04798588 -0.00732378 0.00960966
v 0.04798588 -0.00579400 0.01317516
v 0.04798588 -0.00426666 0.01701379
v 0.04798588 -0.00348394 0.02116884
v 0.04798588 -0.00145855 0.01298563
v 0.04798588 -0.00008208 0.01700379
v 0.04798588 0.00093208 0.02128082
v 0.04798588 0.00418940 0.01659409
v 0.04798588 0.00551362 0.02062301
v 0.04798588 0.00149360 0.02586282
v 0.04798588 -0.00369097 0.02564176
v 0.04465226 0.00126655 0.02586004
v 0.04464616 -0.00400298 0.02557356
v 0.04456315 -0.00875298 0.02436846
v 0.04444511 -0.01296734 0.02241207
v 0.04148845 -0.00431841 0.02551584
v 0.04130668 -0.00923541 0.02418143
v 0.04103740 -0.01354400 0.02203744
v 0.03835038 -0.00965435 0.02400123
v 0.03793754 -0.01401519 0.02173879
v 0.03765190 -0.01754986 0.01902440
v 0.03512529 -0.01440923 0.02145762
v 0.03486369 -0.01784917 0.01874606
v 0.03500346 -0.02056451 0.01566855
v 0.03247538 -0.01806158 0.01854459
v 0.03280961 -0.02071099 0.01547759
v 0.03363322 -0.02313824 0.01157678
v 0.03554667 -0.02301275 0.01177069
v 0.03192924 -0.02325152 0.01136105
v 0.03284562 -0.02499419 0.00674756
v 0.03445610 -0.02494292 0.00689535
v 0.03152092 -0.02502789 0.00660336
v 0.03210917 -0.02585259 0.00162395
v 0.03334379 -0.02585259 0.00163314
v 0.03079667 -0.02585064 0.00160882
v 0.03079985 -0.02565679 -0.00355043
v 0.03212687 -0.02564019 -0.00367926
v 0.02958036 -0.02569097 -0.00337387
v 0.02891130 -0.02439800 -0.00867761
v 0.02773918 -0.02453375 -0.00833354
v 0.02626884 -0.02203912 -0.01359214
v 0.02841581 -0.02572759 -0.00317624
v 0.02653984 -0.02469634 -0.00787492
v 0.02958378 -0.02585650 0.00157210
v 0.03019352 -0.02507916 0.00643106
v 0.03045012 -0.02335259 0.01113868
v 0.03296245 -0.01471197 0.02127689
v 0.03096306 -0.01494097 0.02112463
v 0.03374272 -0.01027251 0.02375568
v 0.03191874 -0.01049029 0.02366248
v 0.03259904 -0.00538677 0.02532336
v 0.03105143 -0.00557427 0.02528218
v 0.03023796 -0.01069488 0.02355634
v 0.03137797 -0.00020025 0.02589079
v 0.02999077 -0.00040240 0.02589591
v 0.02961076 -0.00573101 0.02525243
v 0.02870146 -0.00060796 0.02589665
v 0.02820756 -0.00587701 0.02522583
v 0.02830461 0.00471137 0.02545683
v 0.02693522 0.00437885 0.02552046
v 0.02721098 -0.00082134 0.02589065
v 0.02695427 0.01010786 0.02381583
v 0.02551860 0.00982124 0.02394947
v 0.02558415 0.00404096 0.02559466
v 0.02404033 0.00957514 0.02562402
v 0.02557914 0.00403120 0.02700540
v 0.02402787 0.00959614 0.02713559
v 0.02558696 0.00397163 0.02834296
v 0.02402580 0.00959125 0.02869051
v 0.02560075 0.00387446 0.02975332
v 0.02403495 0.00955805 0.03020073
v 0.02561747 0.00376264 0.03116082
v 0.02578605 -0.00216119 0.03139062
v 0.02451994 -0.00828082 0.03072442
v 0.02563969 0.00360590 0.03264242
v 0.02577714 -0.00241851 0.03275758
v 0.02443388 -0.00855767 0.03223062
v 0.02141581 -0.01448248 0.03125325
v 0.02576384 -0.00269585 0.03444322
v 0.02434367 -0.00879009 0.03392997
v 0.02140214 -0.01448589 0.03313334
v 0.02141032 -0.01450054 0.03528557
v 0.01765165 -0.01892583 0.03521375
v 0.01284208 -0.02247710 0.03571114
v 0.01772758 -0.01886041 0.03792773
v 0.01301494 -0.02238287 0.03832694
v 0.00724955 -0.02485601 0.03875040
v 0.01778422 -0.01876861 0.04103770
v 0.01315300 -0.02229302 0.04130324
v 0.00743620 -0.02479302 0.04158749
v 0.00110075 -0.02586138 0.04170245
v 0.00760283 -0.02474810 0.04471299
v 0.00129741 -0.02586529 0.04476772
v -0.00511177 -0.02539654 0.04472501
v 0.00148307 -0.02587603 0.04799047
v -0.00488375 -0.02547955 0.04799047
v -0.01073275 -0.02360113 0.04799047
v -0.00350276 -0.02001324 0.04799047
v -0.00819649 -0.01857525 0.04799046
v -0.00605367 -0.01329595 0.04799047
v -0.00959346 -0.01170513 0.04799047
v -0.00703597 -0.00684576 0.04799047
v -0.00960994 -0.00509625 0.04799047
v -0.00486080 -0.00181304 0.04799047
v -0.00411751 -0.00790826 0.04799047
v -0.00249361 -0.00239751 0.04799047
v -0.00346883 0.00331733 0.04799047
v -0.00143636 0.00289301 0.04799047
v -0.00099068 0.00766938 0.04799047
v -0.00344136 0.00786567 0.04799047
v -0.00107064 0.01217573 0.04799047
v -0.00409346 0.01202729 0.04799047
v -0.00556258 0.00779340 0.04799047
v -0.00713460 0.01124409 0.04799047
v -0.00520589 0.01621870 0.04799047
v -0.00907344 0.01466499 0.04799047
v -0.00653218 0.02033100 0.04799048
v -0.01114669 0.01844819 0.04799048
v -0.00798812 0.02466645 0.04799047
v -0.01338167 0.02219721 0.04799047
v -0.01794612 0.01871870 0.04799047
v -0.00813228 0.02457954 0.04456628
v -0.01344417 0.02212983 0.04443292
v -0.01783101 0.01875971 0.04432381
v -0.01346443 0.02211225 0.04100330
v -0.01774044 0.01883002 0.04077481
v -0.02121944 0.01478999 0.04087452
v -0.02141426 0.01458491 0.04436916
v -0.02109456 0.01500532 0.03771401
v -0.02386397 0.01004536 0.03820321
v -0.02396016 0.00977143 0.04119645
v -0.02554036 0.00430561 0.03862061
v -0.02558138 0.00403217 0.04148321
v -0.02587386 -0.00154693 0.03875587
v -0.02585665 -0.00177886 0.04157033
v -0.02588423 -0.00136382 0.03643004
v -0.02496053 -0.00692193 0.03610298
v -0.02502669 -0.00673443 0.03423894
v -0.02303853 -0.01183306 0.03351804
v -0.02507894 -0.00653716 0.03257854
v -0.02314925 -0.01161382 0.03172524
v -0.02014070 -0.01627203 0.03277229
v -0.02027669 -0.01610650 0.03081342
v -0.02324520 -0.01135796 0.03016043
v -0.02043697 -0.01588677 0.02895029
v -0.01669112 -0.01980083 0.02891116
v -0.01658516 -0.01991363 0.03068695
v -0.01682112 -0.01965435 0.02698091
v -0.01158138 -0.02317632 0.02861520
v -0.01159102 -0.02316558 0.03022951
v -0.01150167 -0.02321880 0.02715440
v -0.00558870 -0.02528521 0.02876510
v -0.00565474 -0.02526568 0.03006786
v -0.00551363 -0.02530718 0.02756300
v 0.00011772 -0.02592632 0.02811244
v 0.00020024 -0.02591412 0.02928633
v 0.00003996 -0.02593951 0.02683891
v -0.00540547 -0.02533843 0.02620263
v -0.00002047 -0.02617681 0.02593389
v -0.00533480 -0.02575396 0.02534216
v -0.00010421 -0.02724664 0.02592166
v -0.00554341 -0.02691265 0.02529367
v -0.00016744 -0.02843267 0.02590829
v 0.00515117 -0.02803130 0.02535354
v -0.00572884 -0.02810894 0.02524266
v -0.00021712 -0.02961578 0.02589630
v 0.00517338 -0.02921880 0.02534905
v 0.00519890 -0.03047906 0.02534225
v 0.01033085 -0.02946685 0.02372128
v 0.01031328 -0.02808501 0.02373544
v 0.01033818 -0.03095318 0.02372276
v 0.01476518 -0.02985162 0.02122222
v 0.01483024 -0.02813531 0.02115913
v 0.01827470 -0.02918951 0.01832577
v 0.01835942 -0.02745367 0.01821773
v 0.02106218 -0.02805767 0.01493156
v 0.02094926 -0.02972564 0.01510783
v 0.02343535 -0.02924175 0.01087859
v 0.02355461 -0.02794390 0.01064140
v 0.02334453 -0.03070416 0.01110126
v 0.02506315 -0.03017291 0.00645631
v 0.02511723 -0.02892437 0.00627245
v 0.02501005 -0.03152496 0.00663132
v 0.02581291 -0.03190435 0.00193044
v 0.02581865 -0.03060748 0.00184613
v 0.02581364 -0.03327935 0.00201333
v 0.02575151 -0.03315093 -0.00278568
v 0.02573735 -0.03175201 -0.00280306
v 0.02575419 -0.03474908 -0.00275838
v 0.02478947 -0.03425738 -0.00744566
v 0.02478227 -0.03260406 -0.00746754
v 0.02305742 -0.03353033 -0.01175113
v 0.02300370 -0.03165630 -0.01183995
v 0.02077812 -0.03275250 -0.01537790
v 0.02067106 -0.03075884 -0.01551886
v 0.02090117 -0.03506011 -0.01520477
v 0.01849504 -0.03488287 -0.01810416
v 0.01862162 -0.03771343 -0.01796425
v 0.01568254 -0.03783501 -0.02061674
v 0.01588505 -0.04098150 -0.02043893
v 0.01183146 -0.04123052 -0.02302531
v 0.01212394 -0.04453130 -0.02288114
v 0.00690593 -0.04463775 -0.02495969
v 0.00660075 -0.04145757 -0.02502764
v 0.00727141 -0.04800396 -0.02489992
v 0.00108488 -0.04800396 -0.02590148
v 0.00072429 -0.04468511 -0.02589623
v 0.00177836 -0.04800396 -0.02087820
v -0.00381002 -0.04800396 -0.02043152
v -0.00557015 -0.04800396 -0.02533316
v -0.00188961 -0.04800396 -0.01598351
v -0.00646822 -0.04800396 -0.01442856
v -0.00915023 -0.04800396 -0.01855285
v -0.00369234 -0.04800396 -0.01058809
v -0.00657149 -0.04800396 -0.00835659
v -0.01015474 -0.04800396 -0.01184394
v -0.00324752 -0.04800396 -0.00511124
v -0.00472908 -0.04800396 -0.00275723
v -0.00009908 -0.04800396 -0.00237074
v -0.00110189 -0.04800396 -0.00028016
v 0.00332451 -0.04800396 -0.00009137
v 0.00248649 -0.04800396 0.00198154
v 0.00701323 -0.04800396 0.00178878
v 0.00617961 -0.04800396 0.00402386
v 0.00507878 -0.04800396 0.00634336
v 0.01005070 -0.04800396 0.00589261
v 0.00863456 -0.04800396 0.00852915
v 0.00691264 -0.04800396 0.01100092
v 0.01034794 -0.04800396 0.01347089
v 0.01246220 -0.04800396 0.01074847
v 0.01387089 -0.04800396 0.01616286
v 0.01643950 -0.04800396 0.01313956
v 0.01736845 -0.04800396 0.01921072
v 0.01372416 -0.04800396 0.02196917
v 0.02051078 -0.04800396 0.01581884
v 0.01753849 -0.04451128 0.01903049
v 0.01400480 -0.04458257 0.02177560
v 0.00981913 -0.04471099 0.02395052
v 0.01422307 -0.04127300 0.02161735
v 0.01000810 -0.04154986 0.02384440
v 0.01015202 -0.03867583 0.02381083
v 0.00516581 -0.03901666 0.02535577
v 0.00519072 -0.03657427 0.02533198
v -0.00034090 -0.03675640 0.02587553
v -0.00033589 -0.03501812 0.02588934
v -0.00615438 -0.03480328 0.02511442
v -0.00032198 -0.03342681 0.02589500
v -0.00611959 -0.03310894 0.02514373
v -0.01186800 -0.03236626 0.02300491
v -0.00607369 -0.03185357 0.02515258
v -0.01186275 -0.03095855 0.02300168
v -0.01684932 -0.03000591 0.01965911
v -0.02052559 -0.02994292 0.01571862
v -0.01178853 -0.02954937 0.02303099
v -0.01685274 -0.02852691 0.01964282
v -0.02054366 -0.02850933 0.01570115
v -0.01682112 -0.02687408 0.01966810
v -0.02058052 -0.02692095 0.01566060
v -0.02398482 -0.02799175 0.00975909
v -0.02414363 -0.02659478 0.00936828
v -0.02570125 -0.02742681 0.00341443
v -0.02431917 -0.02513677 0.00894593
v -0.02574544 -0.02613238 0.00316910
v -0.02558931 -0.02458990 0.00823363
v -0.02678585 -0.02575738 0.00302688
v -0.02731905 -0.02457183 0.00820574
v -0.02835945 -0.02574761 0.00303806
v -0.02701033 -0.02583306 -0.00214612
v -0.02851461 -0.02581353 -0.00227225
v -0.02773629 -0.02475396 -0.00764574
v -0.02970577 -0.02573931 0.00302914
v -0.02983589 -0.02579791 -0.00235597
v -0.02914620 -0.02470757 -0.00777237
v -0.02776302 -0.02238335 -0.01292615
v -0.03060396 -0.02467339 -0.00786889
v -0.02945198 -0.02235796 -0.01294918
v -0.02843782 -0.01945513 -0.01706484
v -0.03122396 -0.02239507 -0.01292838
v -0.03036885 -0.01950347 -0.01699773
v -0.03247188 -0.01953228 -0.01694624
v -0.03253206 -0.01639068 -0.02003669
v -0.03328316 -0.01219537 -0.02283518
v -0.03485030 -0.01648736 -0.01995966
v -0.03532332 -0.01237652 -0.02272110
v -0.03770101 -0.01657916 -0.01988524
v -0.03809407 -0.01260406 -0.02261122
v -0.03849788 -0.00770513 -0.02472161
v -0.03601143 -0.00741558 -0.02480952
v -0.03410945 -0.00715142 -0.02490036
v -0.03642513 -0.00173492 -0.02585352
v -0.03457686 -0.00147076 -0.02587297
v -0.03244344 -0.00690875 -0.02496268
v -0.03295552 -0.00125884 -0.02588258
v -0.03445711 0.00459028 -0.02550002
v -0.03278084 0.00472260 -0.02547585
v -0.03134114 0.00483002 -0.02545065
v -0.03196675 0.01067231 -0.02359460
v -0.03038448 0.01075385 -0.02353078
v -0.02997725 0.00488374 -0.02544512
v -0.02881234 0.01077338 -0.02351196
v -0.02861055 0.00489350 -0.02544579
v -0.02734774 0.01071088 -0.02355262
v -0.02733528 0.00486176 -0.02546172
v -0.02591744 0.01056977 -0.02365208
v -0.02601558 0.00478510 -0.02548130
v -0.02446785 0.01033247 -0.02378848
v -0.02545821 0.00494233 -0.02624284
v -0.02367891 0.01058833 -0.02466300
v -0.02538814 0.00528559 -0.02762920
v -0.02593965 -0.00021880 -0.02800763
v -0.02532943 0.00553315 -0.02887849
v -0.02593538 -0.00010699 -0.02925972
v -0.02531563 -0.00558208 -0.02882006
v -0.02592501 0.00001069 -0.03056029
v -0.02530513 -0.00558794 -0.03013903
v -0.02341890 -0.01103179 -0.02894102
v -0.02530208 -0.00556597 -0.03145118
v -0.02341365 -0.01104986 -0.03047485
v -0.02046028 -0.01579888 -0.02923370
v -0.02343831 -0.01101470 -0.03200047
v -0.02053878 -0.01576568 -0.03102909
v -0.02058004 -0.01567583 -0.03297668
v -0.01708321 -0.01947613 -0.03287485
v -0.01714949 -0.01942535 -0.03513852
v -0.01254781 -0.02264019 -0.03561760
v -0.01722274 -0.01935210 -0.03784972
v -0.01261800 -0.02262066 -0.03825237
v -0.00678548 -0.02499126 -0.03866565
v -0.00015047 -0.02590875 -0.03882717
v -0.01265401 -0.02257134 -0.04124163
v -0.00679280 -0.02500396 -0.04152644
v -0.00013167 -0.02590337 -0.04163807
v 0.00654728 -0.02505914 -0.04156461
v -0.00678987 -0.02500689 -0.04468479
v -0.00011483 -0.02590679 -0.04473952
v 0.00652812 -0.02506792 -0.04469885
v 0.01248674 -0.02266314 -0.04457723
v 0.00648661 -0.02509087 -0.04800953
v 0.01244694 -0.02274859 -0.04800953
v 0.00994133 -0.01803765 -0.04800953
v 0.01433952 -0.01537115 -0.04800953
v 0.01789262 -0.01183599 -0.04800953
v 0.00793193 -0.01365630 -0.04800953
v 0.01164604 -0.01144244 -0.04800953
v 0.01467485 -0.00850396 -0.04800953
v 0.01714189 -0.00494244 -0.04800953
v 0.02049882 -0.00764068 -0.04800953
v 0.00926799 -0.00732525 -0.04800953
v 0.01196830 -0.00512994 -0.04800953
v 0.01439555 -0.00211089 -0.04800953
v 0.01419658 0.00387348 -0.04800953
v 0.01166459 0.00652338 -0.04800953
v 0.01665397 0.00691547 -0.04800953
v 0.01400541 0.01010883 -0.04800953
v 0.01951310 0.00976411 -0.04800953
v 0.02148552 0.00567768 -0.04800953
v 0.01680070 0.01359760 -0.04800953
v 0.02276725 0.01239545 -0.04800953
v 0.02487126 0.00730170 -0.04800953
v 0.02584391 0.00178510 -0.04800953
v 0.02473381 0.00766010 -0.04460483
v 0.02581010 0.00200532 -0.04472334
v 0.02558586 -0.00389458 -0.04473814
v 0.02578898 0.00222456 -0.04160481
v 0.02463066 0.00796479 -0.04136131
v 0.02577690 0.00244184 -0.03878103
v 0.02454179 0.00824409 -0.03839164
v 0.02574662 0.00263032 -0.03639916
v 0.02565251 -0.00351177 -0.03650078
v 0.02445073 0.00845063 -0.03581121
v 0.02574724 0.00277680 -0.03454011
v 0.02568046 -0.00335259 -0.03465956
v 0.02569609 -0.00319097 -0.03299098
v 0.02416752 -0.00923785 -0.03251402
v 0.02572599 0.00288911 -0.03285582
v 0.02570390 0.00298481 -0.03146902
v 0.02436589 0.00868745 -0.03204621
v 0.02433049 0.00877631 -0.03044579
v 0.02570329 0.00306147 -0.03004003
v 0.02432255 0.00882563 -0.02892934
v 0.02570268 0.00313569 -0.02867287
v 0.02432402 0.00885200 -0.02739299
v 0.02570475 0.00320405 -0.02734759
v 0.02432707 0.00884516 -0.02590012
v 0.02570341 0.00325434 -0.02607804
v 0.02434575 0.00883588 -0.02455903
v 0.02664189 0.00352290 -0.02568154
v 0.02543498 0.00952729 -0.02408445
v 0.02799431 0.00382954 -0.02562631
v 0.02680949 0.01031831 -0.02375319
v 0.02816874 0.01049018 -0.02366756
v 0.02921257 0.00403168 -0.02559056
v 0.02930314 -0.00203912 -0.02582848
v 0.03049321 0.00424799 -0.02554977
v 0.03061967 -0.00196685 -0.02582803
v 0.02990995 -0.00811187 -0.02459960
v 0.03200029 -0.00188042 -0.02583690
v 0.03136369 -0.00810113 -0.02460302
v 0.03034037 -0.01387701 -0.02182245
v 0.03276323 -0.00804302 -0.02462561
v 0.03189372 -0.01378179 -0.02191724
v 0.03146049 -0.01814556 -0.01849455
v 0.03374308 -0.01359869 -0.02201145
v 0.03330473 -0.01800640 -0.01861874
v 0.03552897 -0.01785845 -0.01875721
v 0.03579326 -0.02128228 -0.01471354
v 0.03836564 -0.02123638 -0.01480126
v 0.03878630 -0.02399712 -0.00971716
v 0.03907328 -0.02559820 -0.00400707
v 0.04130302 -0.02116119 -0.01486280
v 0.04159404 -0.02396636 -0.00978182
v 0.04176481 -0.02557525 -0.00400372
v 0.04470683 -0.02399078 -0.00978741
v 0.04478618 -0.02559722 -0.00394443
v 0.04477079 -0.02583501 0.00202016
v 0.04798588 -0.02563531 -0.00383138
v 0.04798588 -0.02584185 0.00217305
v 0.04798588 -0.02472564 0.00782049
v 0.04798588 -0.02007427 0.00218189
v 0.04798588 -0.01914361 0.00690524
v 0.04798588 -0.01451324 0.00236462
v 0.04798588 -0.01376421 0.00633178
v 0.04798588 -0.00898980 0.00271586
v 0.04798588 -0.00846246 0.00615943
v 0.04798588 -0.00362603 0.00313880
v 0.04798588 -0.00332037 0.00620126
v 0.04798588 -0.00258453 0.00944329
v 0.04798588 0.00151948 0.00634070
v 0.04798588 0.00191499 0.00934109
v 0.04798588 0.00281733 0.01271651
v 0.04798588 0.00634565 0.00662663
v 0.04798588 0.00650288 0.00395306
v 0.04798588 0.01149311 0.00452049
v 0.04798588 0.01123823 0.00724258
v 0.04798588 0.01597504 0.00545623
v 0.04798588 0.01533930 0.00855489
v 0.04798588 0.02022260 0.00675960
v 0.04798588 0.01897993 0.01037061
v 0.04798588 0.01706245 0.01364265
v 0.04798588 0.01398432 0.01671562
v 0.04798588 0.02259516 0.01269401
v 0.04798588 0.01981147 0.01671658
v 0.04798588 0.01620454 0.02023357
v 0.04798588 0.01179096 0.02307913
v 0.04798588 0.00997065 0.01911662
v 0.04430266 0.01950239 0.01700462
v 0.04430424 0.01602583 0.02031318
v 0.04443217 0.01166254 0.02311387
v 0.04457402 0.00662495 0.02502953
v 0.04798588 0.00677436 0.02500792
v 0.04074125 0.01586079 0.02039949
v 0.04103691 0.01150629 0.02316434
v 0.04134880 0.00643549 0.02507413
v 0.04150798 0.00100971 0.02587290
v 0.03845414 0.00622309 0.02511681
v 0.03869731 0.00074262 0.02587966
v 0.03866569 -0.00464800 0.02547240
v 0.03600895 0.00598237 0.02516658
v 0.03637162 0.00047895 0.02588651
v 0.03625126 -0.00494488 0.02540417
v 0.03571269 -0.00998443 0.02384821
v 0.03450432 0.00023188 0.02589524
v 0.03432829 -0.00518951 0.02536126
v 0.03414616 0.00573530 0.02525094
v 0.03245915 0.00548823 0.02529577
v 0.03280961 0.00001215 0.02590161
v 0.03330876 0.01097553 0.02342979
v 0.03153849 0.01079096 0.02351512
v 0.03103691 0.00525629 0.02533408
v 0.02992094 0.01060737 0.02359415
v 0.02962443 0.00499213 0.02539365
v 0.02844426 0.01037690 0.02369999
v 0.02858317 0.01534516 0.02077100
v 0.02681364 0.01528510 0.02081705
v 0.02498405 0.01521821 0.02089042
v 0.02621037 0.01896821 0.01754514
v 0.02428801 0.01903266 0.01746820
v 0.02574089 0.02205512 0.01354996
v 0.02402885 0.02221088 0.01332245
v 0.02589702 0.02432758 0.00886504
v 0.02460490 0.02439106 0.00873608
v 0.02233012 0.02256147 0.01313380
v 0.02577958 0.02555268 0.00425492
v 0.02548771 0.02687055 0.00454988
v 0.02415214 0.02571967 0.00927450
v 0.02541374 0.02832368 0.00491750
v 0.02393229 0.02712983 0.00980875
v 0.02533928 0.02966254 0.00525610
v 0.02374943 0.02855903 0.01024184
v 0.02107890 0.02705854 0.01493161
v 0.01764286 0.02639155 0.01890382
v 0.02086662 0.02879975 0.01521877
v 0.01749211 0.02839643 0.01906625
v 0.02073820 0.03058442 0.01543421
v 0.01735771 0.03021479 0.01918779
v 0.01313469 0.02937739 0.02228754
v 0.01309880 0.02767280 0.02230284
v 0.00792228 0.02913081 0.02461431
v 0.00781059 0.02774506 0.02465334
v 0.01301249 0.02611665 0.02236034
v 0.00264189 0.02859663 0.02575329
v 0.00254875 0.02720893 0.02577554
v 0.00762285 0.02628999 0.02471252
v 0.00249565 0.02602729 0.02578284
v 0.00740861 0.02504926 0.02480267
v 0.00264641 0.02577387 0.02699792
v 0.00773820 0.02470161 0.02611449
v 0.01224614 0.02288471 0.02283395
v 0.01273222 0.02253413 0.02437321
v 0.01315507 0.02228461 0.02600601
v 0.01747319 0.01902387 0.02448804
v 0.02109477 0.01496040 0.02511621
v 0.01768754 0.01884321 0.02631729
v 0.02112431 0.01486860 0.02704297
v 0.01780522 0.01875776 0.02826562
v 0.02117497 0.01478217 0.02882320
v 0.01794169 0.01866010 0.03016753
v 0.02129704 0.01465424 0.03075011
v 0.02408683 0.00945893 0.03188221
v 0.02139384 0.01449897 0.03269926
v 0.02415519 0.00932172 0.03364890
v 0.02566545 0.00341596 0.03434379
v 0.02419743 0.00911665 0.03569358
v 0.02569291 0.00316596 0.03624742
v 0.02570048 -0.00299664 0.03627810
v 0.02424260 -0.00901226 0.03582214
v 0.02574565 0.00283247 0.03865047
v 0.02566581 -0.00333746 0.03869604
v 0.02417363 -0.00922320 0.03840444
v 0.02141545 -0.01451324 0.03802882
v 0.02560527 -0.00368316 0.04150001
v 0.02409013 -0.00937994 0.04131823
v 0.02141423 -0.01449371 0.04108042
v 0.02149370 -0.01444439 0.04446831
v 0.01788237 -0.01869244 0.04444974
v 0.01327629 -0.02222369 0.04457481
v 0.01801823 -0.01863580 0.04799047
v 0.01336625 -0.02219732 0.04799047
v 0.00771757 -0.02476128 0.04799047
v 0.01109758 -0.01746832 0.04799047
v 0.00648771 -0.01924224 0.04799047
v 0.00147709 -0.02027740 0.04799047
v 0.00541093 -0.01387896 0.04799047
v 0.00154911 -0.01451568 0.04799047
v -0.00232540 -0.01429791 0.04799047
v 0.00180217 -0.00857427 0.04799047
v -0.00114156 -0.00842974 0.04799047
v -0.00004879 -0.00270757 0.04799047
v 0.00232304 -0.00279644 0.04799047
v 0.00080766 0.00259809 0.04799047
v 0.00311503 0.00240375 0.04799047
v 0.00148210 0.00730756 0.04799047
v 0.00411149 0.00671625 0.04799047
v 0.00518120 0.01099897 0.04799047
v 0.00210820 0.01174750 0.04799047
v 0.00644951 0.01527827 0.04799047
v 0.00264885 0.01622407 0.04799047
v -0.00126485 0.01657368 0.04799047
v 0.00321061 0.02080024 0.04799047
v -0.00166719 0.02123334 0.04799047
v 0.00384929 0.02562104 0.04799047
v -0.00211397 0.02583833 0.04799047
v 0.00378434 0.02560542 0.04461906
v -0.00224178 0.02579975 0.04463114
v 0.00369816 0.02560688 0.04141964
v -0.00234615 0.02577290 0.04143394
v -0.00822603 0.02453999 0.04129036
v -0.00243245 0.02576752 0.03855072
v -0.00827535 0.02451606 0.03831554
v -0.01347420 0.02212592 0.03789056
v -0.00825435 0.02450483 0.03575224
v -0.01343233 0.02214252 0.03512338
v -0.01767757 0.01893061 0.03755240
v -0.01758968 0.01900336 0.03469391
v -0.01335775 0.02218696 0.03293172
v -0.01748848 0.01906977 0.03226212
v -0.02084932 0.01530903 0.03256589
v -0.02094783 0.01516352 0.03484737
v -0.02373787 0.01034663 0.03355520
v -0.02376851 0.01021186 0.03554682
v -0.02550130 0.00458735 0.03433173
v -0.02550325 0.00448237 0.03624238
v -0.02549141 0.00463618 0.03268289
v -0.02589522 -0.00110064 0.03296863
v -0.02589083 -0.00121685 0.03457271
v -0.02589778 -0.00099761 0.03155067
v -0.02512410 -0.00634380 0.03110343
v -0.02518331 -0.00613335 0.02979738
v -0.02337960 -0.01106353 0.02868733
v -0.02356075 -0.01071490 0.02729462
v -0.02061629 -0.01562505 0.02731001
v -0.02091707 -0.01524712 0.02562854
v -0.01698189 -0.01950152 0.02519793
v -0.02380464 -0.01024908 0.02597116
v -0.02532564 -0.00561431 0.02725513
v -0.02404427 -0.00968560 0.02468045
v -0.02525130 -0.00588677 0.02848702
v -0.02539730 -0.00533550 0.02594905
v -0.02491280 -0.00962408 0.02404124
v -0.02303682 -0.01362457 0.02202615
v -0.02610799 -0.00532037 0.02537412
v -0.02624959 -0.00990289 0.02391146
v -0.02449935 -0.01389263 0.02183485
v -0.02602498 -0.01413433 0.02166290
v -0.02455892 -0.01726031 0.01928500
v -0.02274361 -0.01707330 0.01946542
v -0.02434420 -0.01980865 0.01666691
v -0.02561861 -0.02239947 0.01296532
v -0.02339901 -0.02220757 0.01333939
v -0.02642086 -0.01741167 0.01913130
v -0.02647969 -0.01982623 0.01661694
v -0.02754232 -0.02239800 0.01289025
v -0.02887044 -0.02455865 0.00820975
v -0.02844100 -0.01988726 0.01652857
v -0.02932515 -0.02241363 0.01283525
v -0.03041512 -0.02455328 0.00821226
v -0.03113814 -0.02572759 0.00302052
v -0.03118392 -0.02246294 0.01279681
v -0.03207930 -0.02456109 0.00819934
v -0.03268392 -0.02573736 0.00300720
v -0.03269380 -0.02579205 -0.00247223
v -0.03124544 -0.02578619 -0.00242261
v -0.03381343 -0.02455962 0.00816833
v -0.03435372 -0.02574468 0.00298412
v -0.03439070 -0.02579839 -0.00252093
v -0.03387484 -0.02464068 -0.00795692
v -0.03624105 -0.02574175 0.00295764
v -0.03625997 -0.02578570 -0.00255511
v -0.03585555 -0.02461822 -0.00797118
v -0.03522603 -0.02244341 -0.01284339
v -0.03838655 -0.02463433 -0.00794798
v -0.03799141 -0.02249957 -0.01280100
v -0.03765572 -0.01971978 -0.01676211
v -0.04104634 -0.02253863 -0.01268704
v -0.04084554 -0.01980181 -0.01663746
v -0.04089620 -0.01667730 -0.01978849
v -0.04436653 -0.01995074 -0.01652797
v -0.04438619 -0.01679498 -0.01971124
v -0.04449874 -0.01301226 -0.02238308
v -0.04801412 -0.01691753 -0.01965501
v -0.04801412 -0.01320660 -0.02230957
v -0.04801412 -0.00878326 -0.02439183
v -0.04462227 -0.00838482 -0.02450983
v -0.04801412 -0.00349224 -0.02569040
v -0.04470162 -0.00295464 -0.02574670
v -0.04140328 -0.00801324 -0.02462314
v -0.04114009 -0.01280523 -0.02249333
v -0.04156771 -0.00246734 -0.02579662
v -0.03876509 -0.00206500 -0.02583485
v -0.04155074 0.00365034 -0.02563388
v -0.03872457 0.00407368 -0.02557988
v -0.03633394 0.00437983 -0.02552206
v -0.03837435 0.01013715 -0.02381938
v -0.03574092 0.01038276 -0.02368206
v -0.03377889 0.01057124 -0.02362579
v -0.03517391 0.01558149 -0.02064499
v -0.03294564 0.01572114 -0.02054661
v -0.03094014 0.01582368 -0.02046463
v -0.03284566 0.01975336 -0.01672267
v -0.03082405 0.01982758 -0.01665145
v -0.02926863 0.01591206 -0.02039465
v -0.02917293 0.01983588 -0.01661450
v -0.02741085 0.01595356 -0.02035230
v -0.02731160 0.01989448 -0.01653482
v -0.02573653 0.01595014 -0.02037417
v -0.02567586 0.01998042 -0.01645319
v -0.02391890 0.02004438 -0.01640061
v -0.02397628 0.01580708 -0.02050529
v -0.02604366 0.02355512 -0.01075906
v -0.02461934 0.02374702 -0.01041023
v -0.02740132 0.02339790 -0.01102962
v -0.02757527 0.02553754 -0.00436475
v -0.02624910 0.02558393 -0.00408321
v -0.02779402 0.02584125 0.00176894
v -0.02646236 0.02584321 0.00180747
v -0.02562618 0.02609711 -0.00391615
v -0.02585482 0.02647456 0.00193436
v -0.02562239 0.02748530 -0.00389032
v -0.02385250 0.02575239 -0.01013392
v -0.02583907 0.02779877 0.00215520
v -0.02562740 0.02872065 -0.00382182
v -0.02385262 0.02717231 -0.01009026
v -0.02071639 0.02481049 -0.01550995
v -0.02387667 0.02872163 -0.01002245
v -0.02079622 0.02677241 -0.01535963
v -0.01769136 0.02601264 -0.01889864
v -0.02092769 0.02862202 -0.01518860
v -0.01785421 0.02809858 -0.01876220
v -0.01433199 0.02883491 -0.02156743
v -0.01416243 0.02704389 -0.02168028
v -0.01796773 0.03000483 -0.01866469
v -0.01446566 0.03065766 -0.02149184
v -0.01000167 0.03173872 -0.02386751
v -0.00989266 0.03008881 -0.02390279
v -0.01808248 0.03213081 -0.01855287
v -0.01458309 0.03264106 -0.02141869
v -0.01007430 0.03345844 -0.02384015
v -0.00499678 0.03411030 -0.02540509
v -0.00494466 0.03246918 -0.02541732
v -0.01464131 0.03491010 -0.02136723
v -0.01012447 0.03552192 -0.02379081
v -0.00503182 0.03604877 -0.02537640
v 0.00039665 0.03626020 -0.02590205
v 0.00040800 0.03438862 -0.02589920
v -0.01015169 0.03812202 -0.02380230
v -0.00504427 0.03845112 -0.02539301
v 0.00037516 0.03858930 -0.02591197
v 0.00580864 0.03852729 -0.02523934
v -0.00502083 0.04136127 -0.02540839
v 0.00034819 0.04145112 -0.02589897
v 0.00570085 0.04142377 -0.02527417
v 0.01072599 0.04124946 -0.02355941
v 0.00555656 0.04463081 -0.02530722
v 0.01049296 0.04454682 -0.02366803
v 0.01490080 0.04444038 -0.02116556
v 0.01021306 0.04799604 -0.02383950
v 0.01465947 0.04799604 -0.02139086
v 0.01847453 0.04799604 -0.01819930
v 0.01167802 0.04799604 -0.01811668
v 0.01485978 0.04799604 -0.01519868
v 0.01756132 0.04799604 -0.01171436
v 0.01128813 0.04799604 -0.01258333
v 0.01368901 0.04799604 -0.00939843
v 0.01547636 0.04799604 -0.00591295
v 0.00975663 0.04799604 -0.00732757
v 0.01133464 0.04799604 -0.00422498
v 0.01238041 0.04799604 -0.00087251
v 0.01664042 0.04799604 -0.00204227
v 0.00747612 0.04799604 -0.00267098
v 0.00841752 0.04799604 0.00027227
v 0.00901225 0.04799604 0.00337853
v 0.01280888 0.04799604 0.00256691
v 0.00380290 0.04799604 -0.00119622
v 0.00481450 0.04799604 0.00147892
v 0.00571660 0.04799604 0.00434692
v 0.00658098 0.04799604 0.00742073
v 0.00248552 0.04799604 0.00538464
v 0.00376921 0.04799604 0.00831924
v 0.00071135 0.04799604 0.00928175
v 0.00231840 0.04799604 0.01252593
v 0.00528703 0.04799604 0.01170509
v 0.00782487 0.04799604 0.01081992
v 0.00718266 0.04799604 0.01547625
v 0.01000798 0.04799604 0.01430265
v 0.00940605 0.04799604 0.01927531
v 0.01278801 0.04799604 0.01737994
v 0.01595109 0.04799604 0.01490940
v 0.01854448 0.04799604 0.01118214
v 0.01591240 0.04799604 0.02044255
v 0.01950358 0.04799604 0.01704502
v 0.02259990 0.04799604 0.01266894
v 0.01974235 0.04434516 0.01671817
v 0.02273698 0.04445795 0.01237934
v 0.02481340 0.04799604 0.00752547
v 0.02038115 0.04799604 0.00674010
v 0.02121916 0.04799604 0.00183865
v 0.01697270 0.04799604 0.00204040
v 0.01638591 0.04799604 0.00618699
v 0.02097087 0.04799604 -0.00303271
v 0.02584294 0.04799604 0.00180109
v 0.02558659 0.04799604 -0.00403763
v 0.01969108 0.04799604 -0.00763364
v 0.02410600 0.04799604 -0.00952186
v 0.02552910 0.04470014 -0.00425159
v 0.02402995 0.04462592 -0.00965359
v 0.02165800 0.04799604 -0.01425948
v 0.02157585 0.04450971 -0.01431756
v 0.02396769 0.04142182 -0.00974395
v 0.02150895 0.04115766 -0.01432503
v 0.01852299 0.04442670 -0.01809449
v 0.01858928 0.04096821 -0.01797826
v 0.02153141 0.03814545 -0.01433476
v 0.01869706 0.03788911 -0.01790816
v 0.01532328 0.03795258 -0.02086803
v 0.01510844 0.04101557 -0.02097163
v 0.01549174 0.03528120 -0.02071260
v 0.01105961 0.03570502 -0.02342800
v 0.01091130 0.03827192 -0.02348418
v 0.01118693 0.03371137 -0.02337097
v 0.00589824 0.03423334 -0.02521471
v 0.00587187 0.03610346 -0.02520429
v 0.00588981 0.03261372 -0.02521634
v 0.00041203 0.03275092 -0.02589676
v 0.00040568 0.03130024 -0.02589490
v -0.00488375 0.03097895 -0.02542915
v 0.00039128 0.02997797 -0.02590393
v -0.00479781 0.02958686 -0.02544818
v -0.00974288 0.02854194 -0.02397034
v -0.00470296 0.02822651 -0.02546884
v -0.00955782 0.02704584 -0.02407322
v -0.01392501 0.02531782 -0.02184147
v -0.00926900 0.02539448 -0.02422203
v -0.01351082 0.02342768 -0.02211200
v -0.01746505 0.02405756 -0.01911045
v -0.00923653 0.02423530 -0.02476249
v -0.01357332 0.02206879 -0.02296878
v -0.00448494 0.02550581 -0.02584069
v -0.00477156 0.02544770 -0.02709085
v -0.00979415 0.02398530 -0.02615832
v -0.00455538 0.02670551 -0.02550263
v 0.00030400 0.02727241 -0.02592919
v 0.00025200 0.02614301 -0.02593787
v 0.00035917 0.02865083 -0.02591488
v 0.00567436 0.02838520 -0.02526338
v 0.00548600 0.02700971 -0.02532456
v 0.00578093 0.02973286 -0.02523575
v 0.01133317 0.02882270 -0.02329344
v 0.00584782 0.03114643 -0.02521761
v 0.01131645 0.03034614 -0.02330371
v 0.01599516 0.02954389 -0.02031836
v 0.01125969 0.03187202 -0.02333835
v 0.01579289 0.03110346 -0.02050467
v 0.01902092 0.03095161 -0.01754555
v 0.01561723 0.03302338 -0.02060975
v 0.01889921 0.03284418 -0.01766692
v 0.02158134 0.03337299 -0.01422937
v 0.02167302 0.03148676 -0.01413301
v 0.01877519 0.03517866 -0.01780259
v 0.02152946 0.03547797 -0.01429971
v 0.02391594 0.03595502 -0.00980457
v 0.02393522 0.03405561 -0.00980560
v 0.02394609 0.03853510 -0.00979487
v 0.02548454 0.03879731 -0.00457018
v 0.02545695 0.03637983 -0.00466270
v 0.02549443 0.04158588 -0.00442759
v 0.02585295 0.04158930 0.00129821
v 0.02585966 0.03879340 0.00106702
v 0.02584160 0.04469770 0.00154552
v 0.02485795 0.04460737 0.00724305
v 0.02492607 0.04140864 0.00695479
v 0.02285515 0.04109663 0.01206851
v 0.02302116 0.03805708 0.01177763
v 0.02499370 0.03852583 0.00666084
v 0.02315934 0.03538667 0.01145991
v 0.02505412 0.03606098 0.00635940
v 0.02585710 0.03644233 0.00085748
v 0.02514970 0.03418549 0.00608945
v 0.02587834 0.03457612 0.00067606
v 0.02544743 0.03450043 -0.00472974
v 0.02588261 0.03290766 0.00052084
v 0.02543754 0.03285883 -0.00476236
v 0.02397160 0.03226313 -0.00974703
v 0.02543083 0.03136518 -0.00478027
v 0.02399150 0.03073090 -0.00968268
v 0.02174406 0.02986323 -0.01402140
v 0.02404362 0.02916792 -0.00955489
v 0.02185295 0.02822651 -0.01385382
v 0.01936418 0.02769086 -0.01715374
v 0.01916703 0.02932417 -0.01739873
v 0.01625395 0.02793989 -0.02009802
v 0.02200602 0.02654682 -0.01362274
v 0.02411686 0.02762739 -0.00938361
v 0.02420671 0.02594086 -0.00915107
v 0.02224724 0.02454584 -0.01326366
v 0.02455424 0.02429047 -0.00901469
v 0.02286955 0.02243012 -0.01300072
v 0.02550749 0.02551118 -0.00455961
v 0.02697673 0.02544135 -0.00490674
v 0.02595646 0.02400971 -0.00967572
v 0.02547905 0.02698090 -0.00463556
v 0.02592009 0.02728120 -0.00005769
v 0.02593559 0.02593354 -0.00018259
v 0.02545512 0.02844233 -0.00471728
v 0.02590934 0.02871528 0.00008656
v 0.02543828 0.02987153 -0.00476366
v 0.02589738 0.03007905 0.00022076
v 0.02588603 0.03147944 0.00037463
v 0.02527202 0.03107368 0.00555547
v 0.02359831 0.03004096 0.01058657
v 0.02521647 0.03251264 0.00582202
v 0.02346269 0.03161811 0.01088766
v 0.02332512 0.03337934 0.01117946
v 0.02056828 0.03253950 0.01564169
v 0.01722282 0.03235542 0.01930318
v 0.02038920 0.03477924 0.01587370
v 0.01710453 0.03473334 0.01942509
v 0.02020170 0.03761909 0.01612991
v 0.01692045 0.03754682 0.01958028
v 0.01293254 0.03523237 0.02239378
v 0.01303056 0.03305268 0.02234695
v 0.00805449 0.03387690 0.02457861
v 0.00804374 0.03213227 0.02458588
v 0.01309465 0.03111469 0.02232336
v 0.00271013 0.03269819 0.02573397
v 0.00270085 0.03126264 0.02572560
v 0.00800700 0.03062299 0.02458269
v -0.00271212 0.03138081 0.02571995
v -0.00264632 0.02999213 0.02573399
v 0.00267924 0.02990278 0.02573817
v -0.00817623 0.03086030 0.02453577
v -0.00805611 0.02940375 0.02457675
v -0.00255733 0.02865620 0.02575526
v -0.00788411 0.02801850 0.02463835
v -0.00766011 0.02663178 0.02470636
v -0.00241732 0.02732368 0.02577990
v -0.00736141 0.02525336 0.02482140
v -0.00229244 0.02610053 0.02579555
v -0.00743782 0.02480170 0.02601117
v -0.00232418 0.02580122 0.02698239
v -0.00770516 0.02471723 0.02754206
v -0.00242696 0.02578364 0.02843635
v 0.00284013 0.02574604 0.02844894
v 0.00807646 0.02459223 0.02757280
v -0.00247078 0.02577534 0.02976067
v 0.00298698 0.02571479 0.02975812
v 0.00835344 0.02449799 0.02899233
v 0.01343583 0.02210834 0.02751439
v 0.00311784 0.02568159 0.03113513
v 0.00860722 0.02440278 0.03048347
v 0.01367558 0.02196479 0.02916560
v 0.01385930 0.02185639 0.03092689
v 0.00879985 0.02434028 0.03197169
v 0.01405705 0.02173530 0.03280863
v 0.01808622 0.01853461 0.03223474
v 0.01420805 0.02163227 0.03497733
v 0.01824455 0.01837202 0.03468667
v 0.02154692 0.01430610 0.03497694
v 0.01838505 0.01821821 0.03754521
v 0.02171049 0.01406586 0.03782397
v 0.02431157 0.00882417 0.03828300
v 0.02190410 0.01374116 0.04099081
v 0.02445866 0.00842524 0.04130482
v 0.02577800 0.00239741 0.04150187
v 0.02463188 0.00795649 0.04457619
v 0.02582707 0.00188520 0.04466205
v 0.02556340 -0.00405083 0.04465409
v 0.02407206 -0.00948589 0.04456857
v 0.02586686 0.00131831 0.04799047
v 0.02553080 -0.00440875 0.04799047
v 0.02410051 -0.00953130 0.04799047
v 0.02160576 -0.01434136 0.04799047
v 0.02061699 -0.00777300 0.04799047
v 0.01821708 -0.01133697 0.04799047
v 0.01505949 -0.01459576 0.04799047
v 0.01510649 -0.00774810 0.04799047
v 0.01238102 -0.01038824 0.04799047
v 0.00899626 -0.01260308 0.04799047
v 0.00736601 -0.00736431 0.04799047
v 0.01726445 -0.00507769 0.04799047
v 0.01430156 -0.00136333 0.04799047
v 0.01162455 0.00213374 0.04799047
v 0.01378911 0.00463862 0.04799047
v 0.00914946 0.00437885 0.04799047
v 0.00756450 0.00159614 0.04799047
v 0.01113847 0.00758002 0.04799047
v 0.00665922 0.00586176 0.04799047
v 0.00545707 0.00215375 0.04799047
v 0.00452116 -0.00266509 0.04799047
v 0.00465019 -0.00820953 0.04799047
v 0.00829350 0.00966010 0.04799047
v 0.01343400 0.01089301 0.04799047
v 0.01016191 0.01352387 0.04799047
v 0.01600322 0.01422651 0.04799047
v 0.01224028 0.01733686 0.04799047
v 0.00787980 0.01954975 0.04799047
v 0.01467668 0.02136469 0.04799047
v 0.00957072 0.02408979 0.04799047
v 0.01458891 0.02139594 0.04436504
v 0.00953398 0.02406684 0.04451385
v 0.00944853 0.02407612 0.04121632
v 0.01447014 0.02145356 0.04088309
v 0.00932805 0.02413422 0.03824861
v 0.00358696 0.02560981 0.03853319
v 0.00346733 0.02562153 0.03614648
v -0.00248067 0.02576020 0.03617864
v 0.00335453 0.02565766 0.03422546
v -0.00250252 0.02576655 0.03424667
v -0.00821541 0.02454584 0.03378146
v -0.00250460 0.02577045 0.03260030
v -0.00812960 0.02457954 0.03207149
v -0.01326448 0.02224409 0.03097832
v -0.00802925 0.02460688 0.03050444
v -0.01316573 0.02229096 0.02922651
v -0.01741365 0.01915815 0.03011398
v -0.01732589 0.01924555 0.02811468
v -0.02064510 0.01556196 0.02852892
v -0.02074214 0.01544086 0.03055756
v -0.02367256 0.01046186 0.03010834
v -0.02371248 0.01041743 0.03173728
v -0.02366561 0.01047163 0.02853083
v -0.02548958 0.00464790 0.02989711
v -0.02548336 0.00466303 0.03123061
v -0.02550496 0.00457758 0.02854432
v -0.02590731 -0.00085113 0.02895283
v -0.02590377 -0.00091265 0.03026781
v -0.02591182 -0.00084429 0.02773233
v -0.02553450 0.00446284 0.02730003
v -0.02591646 -0.00080279 0.02644604
v -0.02556185 0.00431342 0.02601396
v -0.02663753 -0.00079644 0.02589217
v -0.02634078 0.00434907 0.02553305
v -0.02766329 0.00449653 0.02550830
v -0.02795601 -0.00081402 0.02588829
v -0.02744332 -0.00552056 0.02531987
v -0.02889022 0.00458491 0.02548470
v -0.02916841 -0.00081597 0.02588591
v -0.02865914 -0.00568707 0.02526925
v -0.02997725 -0.00585601 0.02521793
v -0.02894918 -0.01032964 0.02371474
v -0.02757552 -0.01012896 0.02381313
v -0.03040999 -0.01050689 0.02363583
v -0.02928731 -0.01443951 0.02143066
v -0.02754256 -0.01431011 0.02152046
v -0.02849080 -0.01747076 0.01907931
v -0.03036898 -0.01753375 0.01902407
v -0.03047884 -0.02000298 0.01642339
v -0.03246822 -0.01758892 0.01896374
v -0.03253414 -0.02007916 0.01631843
v -0.03308565 -0.02251812 0.01274467
v -0.03488423 -0.02017339 0.01621220
v -0.03523970 -0.02255328 0.01264090
v -0.03582100 -0.02455083 0.00813490
v -0.03804488 -0.02262652 0.01255195
v -0.03839376 -0.02457623 0.00809644
v -0.03863509 -0.02575005 0.00292709
v -0.03865242 -0.02578814 -0.00256837
v -0.04134835 -0.02460992 0.00802456
v -0.04148787 -0.02574761 0.00289107
v -0.04148604 -0.02577251 -0.00255548
v -0.04131563 -0.02466216 -0.00787965
v -0.04466024 -0.02578521 -0.00253206
v -0.04457808 -0.02470708 -0.00778850
v -0.04445601 -0.02262896 -0.01257582
v -0.04801412 -0.02478472 -0.00767497
v -0.04801412 -0.02275982 -0.01245164
v -0.04801412 -0.02009527 -0.01642212
v -0.04801412 -0.02035259 -0.00635680
v -0.04801412 -0.01877007 -0.01044843
v -0.04801412 -0.01664214 -0.01376956
v -0.04801412 -0.01405279 -0.01655713
v -0.04801412 -0.01485259 -0.00882139
v -0.04801412 -0.01306500 -0.01164498
v -0.04801412 -0.01091460 -0.01404429
v -0.04801412 -0.00944244 -0.01031663
v -0.04801412 -0.00763384 -0.01257141
v -0.04801412 -0.00622173 -0.00958916
v -0.04801412 -0.00440435 -0.01188098
v -0.04801412 -0.00248931 -0.01439451
v -0.04801412 -0.00113384 -0.01118126
v -0.04801412 0.00133784 -0.01373399
v -0.04801412 -0.00055083 -0.01769336
v -0.04801412 0.00390620 -0.01692037
v -0.04801412 0.00108979 -0.02155821
v -0.04801412 -0.00387505 -0.02140143
v -0.04801412 0.00634467 -0.02043560
v -0.04801412 0.00247944 -0.02583349
v -0.04801412 0.00868647 -0.02442374
v -0.04470003 0.00311323 -0.02572086
v -0.04459883 0.00926850 -0.02417591
v -0.04132759 0.00974897 -0.02396413
v -0.04446834 0.01482709 -0.02123800
v -0.04104952 0.01512299 -0.02096375
v -0.03794075 0.01539692 -0.02080809
v -0.04103865 0.01948969 -0.01701318
v -0.03789046 0.01960737 -0.01690104
v -0.03513887 0.01968745 -0.01680011
v -0.03562435 0.02305756 -0.01173661
v -0.03366219 0.02311567 -0.01165239
v -0.03448543 0.02535053 -0.00526037
v -0.03277791 0.02538667 -0.00511375
v -0.03182112 0.02317524 -0.01153255
v -0.03144612 0.02542036 -0.00496284
v -0.03029891 0.02320649 -0.01140858
v -0.03006514 0.02545307 -0.00479212
v -0.02878450 0.02326850 -0.01125674
v -0.02879183 0.02549018 -0.00459587
v -0.03170833 0.02584028 0.00164422
v -0.03032332 0.02583881 0.00168829
v -0.02902144 0.02584125 0.00173105
v -0.02959188 0.02469135 0.00777938
v -0.02821407 0.02472407 0.00768639
v -0.02686714 0.02478022 0.00753951
v -0.02675667 0.02233540 0.01300889
v -0.02515584 0.02252534 0.01275378
v -0.02548152 0.02484711 0.00733554
v -0.02360018 0.02275336 0.01239649
v -0.02482418 0.02560932 0.00749129
v -0.02265389 0.02374848 0.01262198
v -0.02466915 0.02702631 0.00795898
v -0.02452596 0.02830512 0.00835168
v -0.02581771 0.02902924 0.00237556
v -0.02439937 0.02964838 0.00867346
v -0.02579830 0.03033930 0.00258475
v -0.02563423 0.03006928 -0.00373709
v -0.02576766 0.03172358 0.00280682
v -0.02563875 0.03150288 -0.00363585
v -0.02391463 0.03027143 -0.00992757
v -0.02565901 0.03294624 -0.00351524
v -0.02398128 0.03189106 -0.00979416
v -0.02108638 0.03059321 -0.01501619
v -0.02403463 0.03368647 -0.00963815
v -0.02122701 0.03255415 -0.01482370
v -0.02134664 0.03484174 -0.01462301
v -0.01821187 0.03456635 -0.01844226
v -0.01830013 0.03745307 -0.01835292
v -0.01468880 0.03767670 -0.02135149
v -0.01837581 0.04072065 -0.01825800
v -0.01465230 0.04085542 -0.02135453
v -0.01009896 0.04113569 -0.02382133
v -0.01457003 0.04435053 -0.02141761
v -0.00998140 0.04448139 -0.02387432
v -0.00495394 0.04459418 -0.02544151
v 0.00032060 0.04463667 -0.02590873
v -0.00982222 0.04799604 -0.02402375
v -0.00484713 0.04799604 -0.02549085
v 0.00030388 0.04799604 -0.02593985
v 0.00539567 0.04799604 -0.02536976
v -0.00380782 0.04799604 -0.02220455
v 0.00417546 0.04799604 -0.02213433
v -0.00788546 0.04799604 -0.02064856
v -0.01173873 0.04799604 -0.01828550
v -0.00896456 0.04799604 -0.01542599
v -0.00564656 0.04799604 -0.01772325
v -0.00608589 0.04799604 -0.01294625
v -0.00307125 0.04799604 -0.01518732
v -0.00039705 0.04799604 -0.01288194
v -0.00328572 0.04799604 -0.01070845
v -0.00068611 0.04799604 -0.00842841
v -0.00881026 0.04799604 -0.01038643
v -0.01200997 0.04799604 -0.01262676
v -0.01101021 0.04799604 -0.00727493
v -0.01456453 0.04799604 -0.00911165
v -0.01626387 0.04799604 -0.00502235
v -0.01225338 0.04799604 -0.00378371
v -0.01671529 0.04799604 -0.00057231
v -0.01236238 0.04799604 -0.00028566
v -0.00817964 0.04799604 -0.00052383
v -0.01153975 0.04799604 0.00306432
v -0.00725118 0.04799604 0.00223083
v -0.00416280 0.04799604 -0.00111562
v -0.00322664 0.04799604 0.00128664
v -0.00061849 0.04799604 -0.00227537
v -0.00164669 0.04799604 -0.00442788
v 0.00036833 0.04799604 0.00011164
v 0.00262626 0.04799604 -0.00373933
v 0.00123344 0.04799604 -0.00611626
v 0.00435112 0.04799604 -0.00810943
v 0.00216716 0.04799604 -0.01054539
v 0.00617766 0.04799604 -0.00543333
v 0.00773088 0.04799604 -0.01021960
v 0.00528154 0.04799604 -0.01279077
v 0.00852446 0.04799604 -0.01527867
v 0.00551762 0.04799604 -0.01759600
v 0.00260075 0.04799604 -0.01510658
v 0.00804289 0.04799604 -0.02048213
v 0.00138823 0.04799604 0.00268324
v -0.00206026 0.04799604 0.00384432
v -0.00591317 0.04799604 0.00500222
v -0.00423482 0.04799604 0.00765977
v -0.00076241 0.04799604 0.00645597
v -0.00804940 0.04799604 0.00911314
v -0.00573885 0.04799604 0.01167020
v -0.00243917 0.04799604 0.01033617
v -0.00071761 0.04799604 0.01330248
v 0.00073478 0.04799604 0.01691683
v 0.00402116 0.04799604 0.01640636
v 0.00178141 0.04799604 0.02127048
v 0.00569548 0.04799604 0.02067493
v 0.00252348 0.04799604 0.02581174
v 0.00738224 0.04799604 0.02485309
v 0.01185490 0.04799604 0.02304388
v 0.00761699 0.04456928 0.02474479
v 0.01223063 0.04444282 0.02279250
v 0.01629521 0.04433686 0.02010443
v 0.01253862 0.04104389 0.02260694
v 0.01663139 0.04080122 0.01980945
v 0.01996635 0.04081586 0.01639653
v 0.01277543 0.03792670 0.02250296
v 0.00780290 0.04129926 0.02467009
v 0.00794243 0.03834028 0.02460789
v 0.00268290 0.03859370 0.02574038
v 0.00270854 0.03620356 0.02572778
v 0.00801616 0.03581684 0.02455926
v -0.00279988 0.03623286 0.02570323
v -0.00278829 0.03440913 0.02572148
v 0.00271782 0.03432954 0.02573872
v -0.00827291 0.03595014 0.02450311
v -0.00828011 0.03404194 0.02452374
v -0.00275569 0.03281977 0.02572432
v -0.00824520 0.03232807 0.02452988
v -0.01341548 0.03335981 0.02213272
v -0.01348519 0.03155512 0.02211343
v -0.01346651 0.02993061 0.02210713
v -0.01780220 0.03102485 0.01880055
v -0.01788704 0.02932514 0.01871616
v -0.01341951 0.02837788 0.02212830
v -0.01794088 0.02779584 0.01863539
v -0.01326680 0.02688374 0.02221738
v -0.02147078 0.02998725 0.01444802
v -0.02161519 0.02840034 0.01423418
v -0.02429329 0.03108881 0.00895148
v -0.02135115 0.03149995 0.01463021
v -0.02420027 0.03252143 0.00920853
v -0.02574886 0.03304487 0.00300888
v -0.02123555 0.03335346 0.01479196
v -0.02408602 0.03420161 0.00946647
v -0.02572396 0.03467866 0.00323080
v -0.02568404 0.03452973 -0.00336545
v -0.02568343 0.03649506 0.00347434
v -0.02569551 0.03636274 -0.00317610
v -0.02408736 0.03567084 -0.00944980
v -0.02575521 0.03878315 -0.00292172
v -0.02419466 0.03830219 -0.00922927
v -0.02150118 0.03771186 -0.01441662
v -0.02431758 0.04129340 -0.00894833
v -0.02163692 0.04090864 -0.01418233
v -0.02181783 0.04439106 -0.01398816
v -0.01846212 0.04430122 -0.01818545
v -0.01852596 0.04799604 -0.01817371
v -0.02198006 0.04799604 -0.01376921
v -0.01521236 0.04799604 -0.01519473
v -0.01446004 0.04799604 -0.02155977
v -0.01815767 0.04799604 -0.01124250
v -0.02457308 0.04799604 -0.00829547
v -0.02027254 0.04799604 -0.00646413
v -0.02586946 0.04799604 -0.00185589
v -0.02113777 0.04799604 -0.00113879
v -0.02550521 0.04799604 0.00475745
v -0.02060433 0.04799604 0.00419521
v -0.01600191 0.04799604 0.00371336
v -0.01889742 0.04799604 0.00904120
v -0.01438826 0.04799604 0.00754656
v -0.01629756 0.04799604 0.01314350
v -0.01209249 0.04799604 0.01092682
v -0.01004268 0.04799604 0.00622646
v -0.01322017 0.04799604 0.01643083
v -0.00937300 0.04799604 0.01359893
v -0.00976741 0.04799604 0.01896816
v -0.01690047 0.04799604 0.01966054
v -0.01254561 0.04799604 0.02269253
v -0.01281771 0.04449116 0.02247706
v -0.00788692 0.04460493 0.02466907
v -0.00761617 0.04799604 0.02479405
v -0.00245284 0.04799604 0.02581660
v -0.00262642 0.04465375 0.02576186
v 0.00259037 0.04463764 0.02574929
v -0.00272457 0.04148042 0.02573960
v 0.00264384 0.04144624 0.02573512
v -0.00808846 0.04137446 0.02459303
v -0.00278011 0.03862006 0.02572423
v -0.00821883 0.03844770 0.02453921
v -0.01304305 0.04113178 0.02232737
v -0.01324031 0.03811958 0.02224997
v -0.01336214 0.03545893 0.02215864
v -0.01747090 0.03790131 0.01910509
v -0.01758589 0.03521674 0.01897262
v -0.01769930 0.03288178 0.01887037
v -0.02110567 0.03545893 0.01497992
v -0.02397567 0.03602534 0.00969093
v -0.02099947 0.03810590 0.01512714
v -0.02389498 0.03854926 0.00996615
v -0.02564266 0.03885932 0.00377174
v -0.02376937 0.04141547 0.01023496
v -0.02557149 0.04161811 0.00408602
v -0.02579537 0.04158100 -0.00260027
v -0.02552571 0.04471186 0.00442381
v -0.02582869 0.04470014 -0.00224326
v -0.02443782 0.04456538 -0.00863593
v -0.02368318 0.04461713 0.01050153
v -0.02359835 0.04799604 0.01073720
v -0.02073519 0.04448627 0.01552319
v -0.02061190 0.04799604 0.01572063
v -0.02085738 0.04110737 0.01530891
v -0.01728109 0.04097163 0.01923032
v -0.01710823 0.04441743 0.01943680
v -0.02367708 0.01956245 0.01693384
v -0.02538228 0.01934223 0.01717892
v -0.02411580 0.01569379 0.02058038
v -0.02581673 0.01563227 0.02061202
v -0.02633882 0.01026362 0.02376311
v -0.02487618 0.01010688 0.02385070
v -0.02768672 0.01035639 0.02369962
v -0.02764095 0.01555463 0.02063248
v -0.02913558 0.01038325 0.02368362
v -0.03018672 0.00462983 0.02547477
v -0.03060274 0.01036811 0.02370161
v -0.03154598 0.00463374 0.02547172
v -0.03044258 -0.00084771 0.02587897
v -0.03176351 -0.00089605 0.02587308
v -0.03298360 0.00460493 0.02548174
v -0.03316658 -0.00097662 0.02587413
v -0.03271993 -0.00613433 0.02514908
v -0.03134005 -0.00600738 0.02517329
v -0.03473311 -0.00108990 0.02586560
v -0.03435750 -0.00628716 0.02510799
v -0.03367903 -0.01077642 0.02352012
v -0.03193978 -0.01064166 0.02359275
v -0.03296517 -0.01457916 0.02133837
v -0.03101802 -0.01451568 0.02139742
v -0.03510787 -0.01463482 0.02131641
v -0.03488228 -0.01765484 0.01890636
v -0.03768453 -0.01769585 0.01887324
v -0.03774813 -0.02027447 0.01608846
v -0.04086653 -0.01770904 0.01882453
v -0.04093672 -0.02033648 0.01598676
v -0.04113863 -0.02268414 0.01243288
v -0.04441439 -0.02040142 0.01593511
v -0.04450167 -0.02274371 0.01235196
v -0.04459481 -0.02464263 0.00797280
v -0.04466426 -0.02574859 0.00287021
v -0.04801412 -0.02283062 0.01231454
v -0.04801412 -0.02469195 0.00791492
v -0.04801412 -0.02577691 0.00285626
v -0.04801412 -0.02582769 -0.00249487
v -0.04801412 -0.02108843 0.00247745
v -0.04801412 -0.02115972 -0.00198837
v -0.04801412 -0.01679742 -0.00167881
v -0.04801412 -0.01617437 -0.00539123
v -0.04801412 -0.01252056 -0.00153707
v -0.04801412 -0.01206890 -0.00471683
v -0.04801412 -0.01098003 -0.00769419
v -0.04801412 -0.00854693 -0.00439668
v -0.04801412 -0.00775201 -0.00709687
v -0.04801412 -0.00547417 -0.00445266
v -0.04801412 -0.00858990 -0.00170541
v -0.04801412 -0.00521441 -0.00198664
v -0.04801412 -0.00835650 0.00105421
v -0.04801412 -0.00472564 0.00054323
v -0.04801412 -0.00162115 -0.00257775
v -0.04801412 -0.00098296 -0.00015258
v -0.04801412 0.00214155 -0.00354004
v -0.04801412 0.00103217 -0.00600317
v -0.04801412 0.00284223 -0.00096787
v -0.04801412 0.00597309 -0.00483954
v -0.04801412 0.00440131 -0.00750635
v -0.04801412 0.00203657 -0.00965515
v -0.04801412 0.00814057 -0.00957189
v -0.04801412 0.00517377 -0.01207008
v -0.04801412 0.00830073 -0.01491586
v -0.04801412 0.01185346 -0.01188091
v -0.04801412 0.01132124 -0.01801968
v -0.04801412 0.01545795 -0.01442744
v -0.04801412 0.01444477 -0.02155763
v -0.04801412 0.01926948 -0.01733331
v -0.04445589 0.01938227 -0.01716770
v -0.04801412 0.02297456 -0.01203683
v -0.04457418 0.02295063 -0.01196821
v -0.04130001 0.02297456 -0.01190998
v -0.04156575 0.02527241 -0.00560290
v -0.03873775 0.02528559 -0.00551299
v -0.03831172 0.02301655 -0.01183707
v -0.04164363 0.02586225 0.00125995
v -0.03885665 0.02585395 0.00135478
v -0.03628499 0.02530903 -0.00538766
v -0.03649507 0.02583833 0.00144221
v -0.03860372 0.02464350 0.00788222
v -0.03608565 0.02462543 0.00790068
v -0.03468380 0.02584711 0.00151870
v -0.03419442 0.02463520 0.00791309
v -0.03301033 0.02584956 0.00157857
v -0.03246822 0.02465668 0.00788675
v -0.03104256 0.02466450 0.00785683
v -0.03152864 0.02214399 0.01332509
v -0.02986068 0.02216206 0.01325952
v -0.02824630 0.02222651 0.01314811
v -0.02907271 0.01912006 0.01741274
v -0.02725728 0.01919477 0.01733372
v -0.02935433 0.01546577 0.02070418
v -0.03083321 0.01905805 0.01748704
v -0.03118038 0.01534858 0.02081700
v -0.03216036 0.01030756 0.02373888
v -0.03310128 0.01518500 0.02091987
v -0.03394747 0.01020844 0.02377089
v -0.03459005 0.00453266 0.02549171
v -0.03587007 0.01005268 0.02381676
v -0.03641890 0.00440571 0.02550156
v -0.03651863 -0.00123541 0.02584528
v -0.03881050 0.00418940 0.02554385
v -0.03885494 -0.00145464 0.02584455
v -0.03621016 -0.00645416 0.02504795
v -0.03862740 -0.00667876 0.02500288
v -0.03823922 -0.01107623 0.02337836
v -0.03561324 -0.01090142 0.02343112
v -0.04147359 -0.00695855 0.02492561
v -0.04122408 -0.01122173 0.02327988
v -0.04098580 -0.01474273 0.02123515
v -0.03789595 -0.01469488 0.02129488
v -0.04442733 -0.01480376 0.02124034
v -0.04437398 -0.01773931 0.01884055
v -0.04801412 -0.01774029 0.01889019
v -0.04801412 -0.02046832 0.01590081
v -0.04801412 -0.01697564 0.01368324
v -0.04801412 -0.01878912 0.01041737
v -0.04801412 -0.02024419 0.00663665
v -0.04801412 -0.01482769 0.00881833
v -0.04801412 -0.01599810 0.00552722
v -0.04801412 -0.01669195 0.00203861
v -0.04801412 -0.01184966 0.00458840
v -0.04801412 -0.01240142 0.00156024
v -0.04801412 -0.00788384 0.00379076
v -0.04801412 -0.01090386 0.00749250
v -0.04801412 -0.00715826 0.00647634
v -0.04801412 -0.00414556 0.00306164
v -0.04801412 -0.00353570 0.00562433
v -0.04801412 -0.00040142 0.00239274
v -0.04801412 0.00009370 0.00501959
v -0.04801412 0.00339497 0.00181473
v -0.04801412 0.00368305 0.00460433
v -0.04801412 0.00760590 0.00448129
v -0.04801412 0.00756098 0.00128829
v -0.04801412 0.00701557 -0.00180497
v -0.04801412 0.01166010 0.00473824
v -0.04801412 0.01187934 0.00097558
v -0.04801412 0.01136811 -0.00274801
v -0.04801412 0.01014204 -0.00635423
v -0.04801412 0.01586274 -0.00375860
v -0.04801412 0.01438471 -0.00802949
v -0.04801412 0.01852290 -0.00990781
v -0.04801412 0.02038032 -0.00469507
v -0.04801412 0.02528364 -0.00570868
v -0.04801412 0.02094038 0.00088834
v -0.04801412 0.02588959 0.00105795
v -0.04470357 0.02526997 -0.00567442
v -0.04474495 0.02586811 0.00116248
v -0.04801412 0.02478413 0.00763538
v -0.04466060 0.02470747 0.00774469
v -0.04148067 0.02466547 0.00781921
v -0.04452584 0.02209760 0.01344994
v -0.04119112 0.02208002 0.01340776
v -0.03817354 0.02212153 0.01340809
v -0.04104097 0.01869233 0.01784961
v -0.03792635 0.01881635 0.01774536
v -0.03547115 0.02210932 0.01337804
v -0.03517427 0.01890229 0.01765005
v -0.03340816 0.02213764 0.01336403
v -0.03280953 0.01898872 0.01755218
v -0.03531502 0.01502485 0.02104210
v -0.03812410 0.01481782 0.02120561
v -0.03852474 0.00983833 0.02393465
v -0.04119161 0.01454780 0.02138007
v -0.04145601 0.00949311 0.02406331
v -0.04163338 0.00387055 0.02560242
v -0.04465792 0.00908540 0.02423597
v -0.04474312 0.00346479 0.02566368
v -0.04163509 -0.00175542 0.02582227
v -0.04472884 -0.00214996 0.02580571
v -0.04464315 -0.00733843 0.02483845
v -0.04801412 -0.00262554 0.02579981
v -0.04801412 -0.00780669 0.02472229
v -0.04452877 -0.01144781 0.02319939
v -0.04801412 -0.01171294 0.02311970
v -0.04801412 -0.01054302 0.02057942
v -0.04801412 -0.01482330 0.02126385
v -0.04801412 -0.01276177 0.01882541
v -0.04801412 -0.01488970 0.01652019
v -0.04801412 -0.01009771 0.01681839
v -0.04801412 -0.01166851 0.01453320
v -0.04801412 -0.01335796 0.01176887
v -0.04801412 -0.00822759 0.01292937
v -0.04801412 -0.00969244 0.01028942
v -0.04801412 -0.00617388 0.00910851
v -0.04801412 -0.00480621 0.01168124
v -0.04801412 -0.00276714 0.00820541
v -0.04801412 -0.00151861 0.01073113
v -0.04801412 -0.00309234 0.01423451
v -0.04801412 0.00024116 0.01324725
v -0.04801412 -0.00127593 0.01678474
v -0.04801412 0.00236323 0.01573479
v -0.04801412 0.00568549 0.01410538
v -0.04801412 0.00853901 0.01166261
v -0.04801412 0.00449018 0.01828663
v -0.04801412 0.00829877 0.01637193
v -0.04801412 0.01174702 0.01347855
v -0.04801412 0.01434467 0.00973745
v -0.04801412 0.01062983 0.00836842
v -0.04801412 0.01101704 0.01887903
v -0.04801412 0.01498627 0.01560422
v -0.04801412 0.01813276 0.01140211
v -0.04801412 0.02017915 0.00638750
v -0.04801412 0.01592182 0.00539806
v -0.04801412 0.01842915 0.01824214
v -0.04801412 0.02212788 0.01347388
v -0.04446590 0.01856831 0.01802745
v -0.04453646 0.01422309 0.02161811
v -0.04801412 0.01384760 0.02190157
v -0.04801412 0.00860395 0.02443404
v -0.04801412 0.00653657 0.02113392
v -0.04801412 0.00297553 0.02574667
v -0.04801412 0.00175874 0.02238001
v -0.04801412 0.00038178 0.01946997
v -0.04801412 -0.00303521 0.02264599
v -0.04801412 0.01639204 0.00086356
v -0.04801412 0.00698481 0.00758515
v -0.04801412 -0.00667974 0.01527395
v -0.02381404 0.01022846 0.02565446
v -0.02372127 0.01036958 0.02705100
v -0.02058712 0.01569819 0.02479699
v -0.02058443 0.01566840 0.02665559
v -0.01700045 0.01953657 0.02424647
v -0.01720296 0.01935297 0.02619457
v -0.01299056 0.02239155 0.02753383
v -0.01271932 0.02255708 0.02585235
v -0.01234554 0.02278510 0.02410461
v -0.00787691 0.02465961 0.02897951
v -0.00249300 0.02577192 0.03114417
v 0.00324113 0.02566694 0.03265147
v 0.00900456 0.02425776 0.03373778
v -0.01227022 0.02347846 0.02281326
v 0.00916374 0.02417622 0.03564806
v 0.01433476 0.02155415 0.03777089
v 0.01854521 0.01802534 0.04075854
v 0.01874687 0.01785590 0.04431971
v 0.02213334 0.01339008 0.04443196
v 0.01896330 0.01764643 0.04799047
v 0.02241276 0.01298725 0.04799047
v 0.02484196 0.00741840 0.04799047
v 0.01924040 0.01039594 0.04799047
v 0.02158793 0.00570405 0.04799047
v 0.01630302 0.00762690 0.04799047
v 0.02699235 0.02554292 0.00428152
v 0.02732621 0.02592182 -0.00033025
v 0.02838981 0.02553217 0.00430799
v 0.02868913 0.02590815 -0.00046214
v 0.02834965 0.02535981 -0.00527371
v 0.03007963 0.02589545 -0.00060166
v 0.02976176 0.02527729 -0.00562923
v 0.02742338 0.02376606 -0.01025265
v 0.02887077 0.02355219 -0.01071636
v 0.02795671 0.02069624 -0.01546032
v 0.03040873 0.02339106 -0.01105843
v 0.02965361 0.02047553 -0.01578368
v 0.02813359 0.01671137 -0.01975550
v 0.02647978 0.01714399 -0.01936816
v 0.02980290 0.01654682 -0.01990458
v 0.02951750 0.01069721 -0.02357068
v 0.03094584 0.01083881 -0.02350787
v 0.03187443 0.00445209 -0.02551112
v 0.03139396 0.01641889 -0.02001241
v 0.03242509 0.01094770 -0.02346493
v 0.03315983 0.00461762 -0.02548516
v 0.03326469 -0.00177496 -0.02585087
v 0.03417839 0.01102485 -0.02342408
v 0.03486064 0.00480024 -0.02545307
v 0.03497001 -0.00165337 -0.02584375
v 0.03451457 -0.00796001 -0.02464700
v 0.03671342 -0.00149957 -0.02583842
v 0.03632487 -0.00782427 -0.02466811
v 0.03579338 -0.01344976 -0.02210190
v 0.03884904 -0.00762212 -0.02475787
v 0.03844438 -0.01324419 -0.02225956
v 0.03818034 -0.01770562 -0.01888435
v 0.04137968 -0.01297564 -0.02239621
v 0.04118779 -0.01754253 -0.01901213
v 0.04453825 -0.01740093 -0.01918326
v 0.04458476 -0.02115875 -0.01494863
v 0.04798588 -0.02117632 -0.01496496
v 0.04798588 -0.02405083 -0.00972646
v 0.04798588 -0.01879498 -0.00756074
v 0.04798588 -0.01998833 -0.00273676
v 0.04798588 -0.01360894 -0.00563355
v 0.04798588 -0.01448687 -0.00168809
v 0.04798588 -0.00830474 -0.00394503
v 0.04798588 -0.00893658 -0.00070242
v 0.04798588 -0.00300884 -0.00258945
v 0.04798588 -0.00348931 0.00022100
v 0.04798588 0.00176655 0.00090742
v 0.04798588 0.00216792 -0.00162548
v 0.04798588 0.00675678 0.00130868
v 0.04798588 0.00703315 -0.00130036
v 0.04798588 0.01171528 0.00169407
v 0.04798588 0.01178022 -0.00125141
v 0.04798588 0.01645161 -0.00140182
v 0.04798588 0.01639350 0.00216743
v 0.04798588 0.02103217 -0.00160394
v 0.04798588 0.02095209 0.00272692
v 0.04798588 0.02584809 -0.00191964
v 0.04798588 0.02568989 0.00338937
v 0.04798588 0.02454731 0.00829735
v 0.04467631 0.02564008 0.00358572
v 0.04456547 0.02441792 0.00861807
v 0.04441935 0.02233491 0.01310387
v 0.04131987 0.02432026 0.00886003
v 0.04099247 0.02212934 0.01340616
v 0.04071452 0.01927534 0.01723061
v 0.03789567 0.02198676 0.01362764
v 0.03748393 0.01914399 0.01741263
v 0.03755290 0.01573872 0.02051885
v 0.03800139 0.01134614 0.02324911
v 0.03460380 0.01903071 0.01752728
v 0.03468290 0.01561860 0.02059669
v 0.03530180 0.01115668 0.02332468
v 0.03242497 0.01552192 0.02067009
v 0.03224174 0.01898286 0.01757986
v 0.03047807 0.01543208 0.02074740
v 0.03010954 0.01898530 0.01760149
v 0.02825309 0.01896040 0.01759236
v 0.02918315 0.02190229 0.01376577
v 0.02742167 0.02195844 0.01369027
v 0.03099931 0.02188618 0.01378872
v 0.03046415 0.02417377 0.00923021
v 0.02891154 0.02420942 0.00915811
v 0.02980790 0.02552583 0.00431590
v 0.02742546 0.02425629 0.00904573
v 0.03126909 0.02551948 0.00431461
v 0.03150554 0.02588276 -0.00076540
v 0.03272819 0.02553168 0.00427208
v 0.03297160 0.02587885 -0.00092406
v 0.03121586 0.02518793 -0.00594230
v 0.03264848 0.02513227 -0.00618260
v 0.03195536 0.02326801 -0.01133132
v 0.03431559 0.02507075 -0.00642348
v 0.03372184 0.02313764 -0.01158189
v 0.03122538 0.02033979 -0.01601052
v 0.03312407 0.02018354 -0.01616882
v 0.03326896 0.01630756 -0.02008349
v 0.03534782 0.02005463 -0.01633218
v 0.03550126 0.01622602 -0.02013935
v 0.03611564 0.01109077 -0.02338005
v 0.03663347 0.00496528 -0.02541668
v 0.03812834 0.01613374 -0.02023119
v 0.03860649 0.01113715 -0.02337913
v 0.03901310 0.00514057 -0.02539527
v 0.03909233 -0.00129253 -0.02587449
v 0.04147807 0.01115424 -0.02336230
v 0.04173893 0.00529682 -0.02534186
v 0.04181108 -0.00104498 -0.02588847
v 0.04167131 -0.00733404 -0.02484060
v 0.04482072 -0.00078082 -0.02589840
v 0.04476078 -0.00700347 -0.02495468
v 0.04462870 -0.01270220 -0.02259236
v 0.04798588 -0.00661382 -0.02506916
v 0.04798588 -0.01236480 -0.02281395
v 0.04798588 -0.01724810 -0.01935550
v 0.04798588 -0.00933111 -0.01879188
v 0.04798588 -0.01337847 -0.01576328
v 0.04798588 -0.01654644 -0.01197149
v 0.04798588 -0.00939507 -0.01256026
v 0.04798588 -0.01190435 -0.00931807
v 0.04798588 -0.00709771 -0.00700227
v 0.04798588 -0.00524419 -0.00967770
v 0.04798588 -0.00221539 -0.00521700
v 0.04798588 -0.00123199 -0.00739741
v 0.04798588 0.00267377 -0.00400526
v 0.04798588 0.00725043 -0.00391731
v 0.04798588 0.00717084 -0.00611828
v 0.04798588 0.01151362 -0.00432404
v 0.04798588 0.01072944 -0.00717520
v 0.04798588 0.01465229 -0.00864015
v 0.04798588 0.01590620 -0.00505303
v 0.04798588 0.01861616 -0.01035374
v 0.04798588 0.02027241 -0.00606681
v 0.04798588 0.02282124 -0.01233604
v 0.04798588 0.02490131 -0.00723481
v 0.04455876 0.02281538 -0.01226400
v 0.04466398 0.02489643 -0.00716620
v 0.04470707 0.02584028 -0.00177728
v 0.04151201 0.02491450 -0.00704523
v 0.04160429 0.02584370 -0.00161389
v 0.04153056 0.02560102 0.00378459
v 0.03881096 0.02585004 -0.00143163
v 0.03871794 0.02559516 0.00396932
v 0.03837834 0.02423432 0.00905502
v 0.03634062 0.02557124 0.00410908
v 0.03580839 0.02416499 0.00916582
v 0.03508024 0.02188911 0.01373766
v 0.03382133 0.02416499 0.00923220
v 0.03298613 0.02185786 0.01379784
v 0.03208537 0.02416645 0.00925025
v 0.03439970 0.02554731 0.00420266
v 0.03458232 0.02586909 -0.00108299
v 0.03645378 0.02584370 -0.00124859
v 0.03616740 0.02498774 -0.00664194
v 0.03865544 0.02495356 -0.00686914
v 0.03568791 0.02300776 -0.01178465
v 0.03830217 0.02293256 -0.01199096
v 0.03800358 0.01995893 -0.01646721
v 0.04128483 0.02283100 -0.01214379
v 0.04107512 0.01984125 -0.01657510
v 0.04115263 0.01601411 -0.02028936
v 0.04448124 0.01978120 -0.01670423
v 0.04452751 0.01592622 -0.02041405
v 0.04466765 0.01112446 -0.02339669
v 0.04478227 0.00541352 -0.02532922
v 0.04798588 0.01580512 -0.02054912
v 0.04798588 0.01105268 -0.02344738
v 0.04798588 0.00549604 -0.02534729
v 0.04798588 -0.00050787 -0.02593071
v 0.04798588 0.00033344 -0.02175481
v 0.04798588 0.01296821 -0.01752958
v 0.04798588 0.01612690 -0.01423777
v 0.04798588 0.01255024 -0.01204230
v 0.04798588 0.00986420 -0.01500898
v 0.04798588 0.00926752 -0.01999361
v 0.04798588 0.01974311 -0.01681111
v 0.04798588 0.00905952 -0.01017037
v 0.04798588 0.00662202 -0.01299191
v 0.04798588 0.00070551 -0.01398729
v 0.04798588 -0.00256451 -0.01207517
v 0.04798588 -0.00222369 -0.01716566
v 0.04798588 -0.00607769 -0.01522279
v 0.04798588 -0.00460601 -0.02086048
v 0.01139140 0.02727290 -0.02327862
v 0.01054155 0.02438520 -0.02366561
v 0.00521855 0.02573286 -0.02537923
v 0.01039445 0.02369917 -0.02483479
v 0.00528386 0.02535004 -0.02650878
v 0.00022905 0.02592231 -0.02717411
v 0.00546989 0.02529926 -0.02801466
v 0.00020707 0.02590864 -0.02860909
v -0.00503389 0.02539301 -0.02842511
v 0.00017021 0.02589448 -0.02995045
v -0.00524886 0.02534223 -0.02978025
v -0.01023287 0.02378559 -0.02757753
v -0.01061129 0.02361811 -0.02900031
v -0.01541451 0.02079926 -0.02806882
v -0.01083272 0.02352485 -0.03045456
v -0.01567733 0.02061713 -0.02962034
v -0.01940267 0.01713129 -0.02796143
v -0.02311165 0.01167573 -0.02908860
v -0.02314962 0.01159956 -0.02761977
v -0.01958577 0.01693647 -0.02956648
v -0.02306539 0.01176850 -0.03055637
v -0.02521859 0.00592426 -0.03158233
v -0.02527242 0.00573872 -0.03019235
v -0.01971163 0.01678999 -0.03116426
v -0.02304390 0.01181440 -0.03209915
v -0.02519039 0.00606000 -0.03292971
v -0.02592562 0.00022846 -0.03325118
v -0.02300521 0.01185444 -0.03388937
v -0.02516097 0.00618989 -0.03460698
v -0.02592025 0.00034516 -0.03487444
v -0.02532283 -0.00546490 -0.03458147
v -0.02590792 0.00047993 -0.03663647
v -0.02532820 -0.00534625 -0.03635221
v -0.02350630 -0.01085503 -0.03573963
v -0.02538411 -0.00515142 -0.03880946
v -0.02361287 -0.01066363 -0.03840545
v -0.02078572 -0.01542388 -0.03794998
v -0.02371260 -0.01039166 -0.04137304
v -0.02091768 -0.01523492 -0.04105820
v -0.01731807 -0.01925542 -0.04097911
v -0.02113082 -0.01498882 -0.04448255
v -0.01744979 -0.01914898 -0.04444302
v -0.01270711 -0.02255914 -0.04455103
v -0.01760604 -0.01903521 -0.04800953
v -0.01275496 -0.02258062 -0.04800953
v -0.00676009 -0.02502935 -0.04800953
v -0.01046358 -0.01784869 -0.04800953
v -0.00554732 -0.01985943 -0.04800953
v -0.00023372 -0.02050640 -0.04800953
v -0.00443172 -0.01461773 -0.04800953
v -0.00024007 -0.01503130 -0.04800953
v 0.00384648 -0.01477496 -0.04800953
v -0.00022652 -0.00973394 -0.04800953
v 0.00305876 -0.00959917 -0.04800953
v 0.00624223 -0.00896587 -0.04800953
v 0.00258354 -0.00446685 -0.04800953
v 0.00504460 -0.00434771 -0.04800953
v 0.00738920 -0.00383160 -0.04800953
v 0.00459672 0.00047944 -0.04800953
v 0.00236931 0.00061616 -0.04800953
v 0.00498393 0.00528510 -0.04800953
v 0.00718437 0.00477338 -0.04800953
v 0.00245817 0.00555854 -0.04800953
v 0.00588664 0.00990571 -0.04800953
v 0.00883781 0.00865375 -0.04800953
v 0.01090397 0.01260200 -0.04800953
v 0.00738432 0.01439448 -0.04800953
v 0.01327971 0.01659760 -0.04800953
v 0.00908085 0.01900385 -0.04800953
v 0.01585930 0.02048774 -0.04800953
v 0.01972551 0.01680561 -0.04800953
v 0.01115507 0.02338032 -0.04800953
v 0.01120158 0.02330561 -0.04446321
v 0.01580827 0.02048383 -0.04432988
v 0.01950798 0.01699116 -0.04432011
v 0.02254118 0.01273432 -0.04444357
v 0.01932560 0.01717573 -0.04072924
v 0.02234745 0.01301557 -0.04100087
v 0.02220012 0.01328315 -0.03786559
v 0.01919682 0.01735297 -0.03746978
v 0.02205375 0.01347797 -0.03502911
v 0.01905717 0.01749067 -0.03457714
v 0.02196415 0.01363178 -0.03283218
v 0.02440556 0.00858442 -0.03383324
v 0.01896025 0.01758295 -0.03211527
v 0.02186393 0.01379194 -0.03083437
v 0.01888261 0.01768256 -0.02993758
v 0.02174284 0.01392475 -0.02890797
v 0.01875676 0.01778413 -0.02793124
v 0.02169047 0.01399848 -0.02711585
v 0.01865532 0.01787934 -0.02582599
v 0.02168876 0.01407368 -0.02526176
v 0.01858439 0.01797602 -0.02376524
v 0.02174382 0.01402045 -0.02336132
v 0.01856120 0.01801948 -0.02179472
v 0.02194841 0.01415717 -0.02171701
v 0.01489421 0.02117622 -0.02251150
v 0.01537700 0.02207221 -0.02081681
v 0.01511210 0.02101362 -0.02448821
v 0.01065336 0.02357026 -0.02648503
v 0.01529728 0.02086909 -0.02648018
v 0.01082499 0.02348823 -0.02809458
v 0.00559147 0.02526215 -0.02940013
v 0.01096879 0.02341010 -0.02972420
v 0.00568559 0.02523676 -0.03082685
v 0.00013591 0.02588081 -0.03131525
v 0.00575908 0.02522749 -0.03239412
v 0.00009514 0.02589741 -0.03278553
v -0.00543221 0.02529877 -0.03115803
v -0.00559993 0.02526997 -0.03258857
v -0.01105721 0.02342915 -0.03196082
v -0.00576595 0.02523530 -0.03426628
v -0.01127681 0.02332905 -0.03375639
v -0.01598470 0.02036274 -0.03305400
v -0.01581795 0.02051899 -0.03116927
v -0.01979280 0.01668989 -0.03306351
v -0.01613082 0.02025727 -0.03527692
v -0.01987923 0.01656440 -0.03531158
v -0.02300875 0.01180756 -0.03583812
v -0.02512520 0.00629047 -0.03641107
v -0.02000228 0.01642036 -0.03800324
v -0.02306502 0.01175922 -0.03843230
v -0.02511983 0.00637153 -0.03884368
v -0.02590926 0.00064252 -0.03897929
v -0.02311519 0.01163569 -0.04136172
v -0.02510518 0.00639643 -0.04162562
v -0.02589400 0.00082221 -0.04172890
v -0.02543502 -0.00488580 -0.04163163
v -0.02589302 0.00101997 -0.04477721
v -0.02551680 -0.00454791 -0.04473958
v -0.02389510 -0.01004009 -0.04462080
v -0.02559749 -0.00414947 -0.04800953
v -0.02410408 -0.00960064 -0.04800953
v -0.02139815 -0.01467388 -0.04800953
v -0.02012264 -0.00650787 -0.04800953
v -0.01772567 -0.01079400 -0.04800953
v -0.01452242 -0.01456939 -0.04800953
v -0.01463350 -0.00668755 -0.04800953
v -0.01184981 -0.01009869 -0.04800953
v -0.00844063 -0.01299566 -0.04800953
v -0.00948604 -0.00565728 -0.04800953
v -0.00652266 -0.00807525 -0.04800953
v -0.00338497 -0.00936822 -0.04800953
v -0.00488826 -0.00359136 -0.04800953
v -0.00264669 -0.00415191 -0.04800953
v -0.00002767 -0.00444097 -0.04800953
v -0.00217806 0.00090620 -0.04800953
v 0.00001274 0.00073920 -0.04800953
v -0.00011446 0.00566206 -0.04800953
v -0.00261971 0.00564643 -0.04800953
v -0.00029390 0.01060200 -0.04800953
v 0.00283012 0.01047651 -0.04800953
v -0.00337557 0.01036225 -0.04800953
v -0.00424849 0.01515180 -0.04800953
v -0.00036702 0.01569624 -0.04800953
v 0.00350590 0.01539252 -0.04800953
v -0.00034249 0.02087153 -0.04800953
v 0.00445866 0.02034663 -0.04800953
v -0.00032540 0.02592622 -0.04800953
v 0.00567143 0.02528706 -0.04800953
v -0.00023494 0.02589594 -0.04465167
v 0.00575688 0.02524555 -0.04459327
v -0.00015413 0.02589057 -0.04146005
v 0.00580925 0.02523334 -0.04133481
v 0.01121904 0.02328168 -0.04107405
v 0.01577824 0.02050971 -0.04078835
v 0.00584099 0.02521870 -0.03840450
v 0.01122880 0.02329682 -0.03801666
v 0.01574833 0.02055415 -0.03756244
v 0.01118547 0.02330366 -0.03534428
v 0.01569743 0.02058442 -0.03474954
v 0.01113896 0.02335297 -0.03327742
v 0.01561235 0.02064594 -0.03236468
v 0.01106157 0.02337885 -0.03141892
v 0.01552165 0.02072065 -0.03032583
v 0.01543168 0.02077192 -0.02832908
v 0.00580620 0.02522163 -0.03404510
v 0.00583464 0.02519965 -0.03597319
v 0.00004521 0.02590717 -0.03439343
v -0.00000960 0.02589643 -0.03625950
v -0.00591317 0.02518793 -0.03612402
v -0.00007344 0.02590620 -0.03858274
v -0.00606075 0.02518061 -0.03853854
v -0.01143099 0.02324506 -0.03570860
v -0.01160274 0.02316157 -0.03826486
v -0.01627364 0.02015229 -0.03796418
v -0.01174495 0.02305708 -0.04121568
v -0.01640877 0.02001801 -0.04099042
v -0.02012508 0.01623042 -0.04107035
v -0.01658419 0.01990668 -0.04444757
v -0.02033858 0.01602680 -0.04448767
v -0.02325203 0.01144624 -0.04462010
v -0.02511360 0.00637592 -0.04473256
v -0.02059346 0.01575092 -0.04800953
v -0.02340609 0.01114936 -0.04800953
v -0.01729109 0.01205659 -0.04800953
v -0.01976424 0.00805708 -0.04800953
v -0.02515547 0.00627973 -0.04800953
v -0.01439534 0.00810786 -0.04800953
v -0.01680294 0.00443745 -0.04800953
v -0.01197994 0.00429340 -0.04800953
v -0.01439473 0.00082417 -0.04800953
v -0.01205245 -0.00265142 -0.04800953
v -0.01695198 -0.00288238 -0.04800953
v -0.00938704 0.00732026 -0.04800953
v -0.01149288 0.01120405 -0.04800953
v -0.00805977 0.01369086 -0.04800953
v -0.00635469 0.00931147 -0.04800953
v -0.01395577 0.01542622 -0.04800953
v -0.00991744 0.01828510 -0.04800953
v -0.00525533 0.02006586 -0.04800953
v -0.01677486 0.01977973 -0.04800953
v -0.01199495 0.02299653 -0.04800953
v -0.00634713 0.02512495 -0.04800953
v -0.01187313 0.02301069 -0.04453591
v -0.00627266 0.02513227 -0.04463124
v -0.00617464 0.02515131 -0.04142990
v -0.00487935 0.00541645 -0.04800953
v 0.00498369 -0.01992095 -0.04800953
v -0.00009859 -0.02594585 -0.04800953
v -0.02066109 -0.01557183 -0.03520226
v -0.02346395 -0.01096148 -0.03378710
v -0.02531514 -0.00552398 -0.03288133
v -0.02592049 0.00012202 -0.03187470
v -0.03481685 -0.01960455 -0.01686683
v -0.03309688 -0.02243658 -0.01290026
v -0.03215145 -0.02465972 -0.00792088
v 0.04798588 0.00153364 0.00356069
v 0.02560148 -0.00393169 -0.04800953
v 0.02409086 -0.00955865 -0.04800953
v 0.02208622 -0.00325347 -0.04800953
v -0.01169796 -0.02818560 0.02308001
v -0.01153047 -0.02687310 0.02316852
v -0.01128047 -0.02560308 0.02329694
v -0.01100826 -0.02414996 0.02344264
v -0.01141292 -0.02328521 0.02414135
v -0.01641500 -0.02154693 0.02006567
v -0.01143404 -0.02326324 0.02573360
v -0.00586812 -0.02928814 0.02520312
v -0.00597908 -0.03050396 0.02517347
v -0.00029891 -0.03211480 0.02588310
v -0.00026094 -0.03082232 0.02588322
v 0.00521415 -0.03318023 0.02533968
v 0.00521293 -0.03182916 0.02533742
v 0.00521452 -0.03477642 0.02534189
v 0.01029496 -0.03414654 0.02374380
v 0.01031865 -0.03237847 0.02373985
v 0.01467656 -0.03336480 0.02128530
v 0.01472880 -0.03140923 0.02126062
v 0.01804948 -0.03293511 0.01855844
v 0.01817033 -0.03098589 0.01843459
v 0.02088090 -0.03134429 0.01525396
v 0.02078837 -0.03327349 0.01536241
v 0.02328874 -0.03214507 0.01126689
v 0.02320097 -0.03392730 0.01143752
v 0.02497905 -0.03286871 0.00677142
v 0.02494169 -0.03452007 0.00691592
v 0.02312175 -0.03585748 0.01155933
v 0.02489921 -0.03632378 0.00703368
v 0.02580620 -0.03484478 0.00210511
v 0.02579362 -0.03661187 0.00218817
v 0.02487944 -0.03878033 0.00714626
v 0.02579631 -0.03894732 0.00227432
v 0.02576640 -0.03889849 -0.00264025
v 0.02574089 -0.03651763 -0.00271454
v 0.02483720 -0.03862408 -0.00729440
v 0.02479594 -0.03612505 -0.00738625
v 0.02319230 -0.03823785 -0.01146754
v 0.02309916 -0.03551714 -0.01162736
v 0.02326616 -0.04123589 -0.01124235
v 0.02121611 -0.04100396 -0.01473987
v 0.02107548 -0.03789556 -0.01500233
v 0.02143876 -0.04444146 -0.01449179
v 0.01912712 -0.04438970 -0.01742227
v 0.01881669 -0.04088921 -0.01772194
v 0.01619926 -0.04442388 -0.02019619
v 0.02166923 -0.04800396 -0.01424064
v 0.02351078 -0.04800396 -0.01088179
v 0.01873369 -0.04800396 -0.00936196
v 0.01730522 -0.04800396 -0.01224036
v 0.02338408 -0.04454742 -0.01106453
v 0.01403093 -0.04800396 -0.00875481
v 0.01293022 -0.04800396 -0.01162953
v 0.00976164 -0.04800396 -0.00881831
v 0.00863908 -0.04800396 -0.01200484
v 0.00761808 -0.04800396 -0.01566589
v 0.00432621 -0.04800396 -0.01231331
v 0.00292216 -0.04800396 -0.01634055
v 0.00708867 -0.04800396 -0.02001935
v 0.00567265 -0.04800396 -0.00892068
v 0.00183268 -0.04800396 -0.00847656
v 0.00010673 -0.04800396 -0.01191805
v -0.00096920 -0.04800396 -0.00711470
v 0.01073393 -0.04800396 -0.00579424
v 0.01500969 -0.04800396 -0.00568378
v 0.01131303 -0.04800396 -0.00269843
v 0.01144743 -0.04800396 0.00037138
v 0.00756828 -0.04800396 -0.00052712
v 0.01562407 -0.04800396 -0.00233846
v 0.01575407 -0.04800396 0.00116996
v 0.01525517 -0.04800396 0.00451833
v 0.01099125 -0.04800396 0.00326545
v 0.02055192 -0.04800396 -0.00219479
v 0.02060234 -0.04800396 0.00183475
v 0.01989225 -0.04800396 0.00591660
v 0.01848759 -0.04800396 0.00974049
v 0.01409184 -0.04800396 0.00779208
v 0.02488530 -0.04800396 0.00723981
v 0.02308366 -0.04800396 0.01176573
v 0.02485453 -0.04473736 0.00724242
v 0.02303898 -0.04464849 0.01175883
v 0.02485405 -0.04162066 0.00720523
v 0.02304973 -0.04143462 0.01172143
v 0.02053630 -0.04455523 0.01573602
v 0.02058378 -0.04123052 0.01564220
v 0.01767570 -0.04112798 0.01886617
v 0.02308952 -0.03849175 0.01166640
v 0.02065617 -0.03819439 0.01557014
v 0.01782975 -0.03808404 0.01874839
v 0.01440849 -0.03828423 0.02149819
v 0.01795073 -0.03536236 0.01864161
v 0.01457731 -0.03561919 0.02136755
v 0.01023222 -0.03610259 0.02375715
v 0.02071110 -0.03547466 0.01547898
v 0.02578129 -0.04171050 0.00234267
v 0.02578959 -0.04477056 0.00237354
v 0.02577287 -0.04474419 -0.00248965
v 0.02575407 -0.04166216 -0.00255164
v 0.02491032 -0.04466802 -0.00704810
v 0.02487004 -0.04148736 -0.00715928
v 0.02496476 -0.04800396 -0.00694204
v 0.02581242 -0.04800396 -0.00244131
v 0.01986699 -0.04800396 -0.00598753
v 0.02581535 -0.04800396 0.00236220
v 0.01248100 -0.04800396 -0.02273344
f 1 2 3
f 1 4 5
f 1 6 4
f 1 3 7
f 1 7 8
f 9 10 11
f 9 12 13
f 9 13 14
f 9 15 12
f 9 11 16
f 17 18 19
f 17 19 20
f 17 21 18
f 17 22 21
f 23 24 25
f 23 26 24
f 23 25 27
f 23 28 29
f 23 29 30
f 31 32 33
f 31 34 32
f 31 35 36
f 37 38 39
f 37 40 41
f 37 41 42
f 37 42 43
f 37 44 38
f 45 46 47
f 45 48 46
f 45 49 48
f 50 51 52
f 50 53 51
f 50 54 53
f 55 56 57
f 55 58 59
f 55 59 56
f 60 61 62
f 60 63 61
f 60 64 65
f 66 67 68
f 66 69 67
f 66 70 71
f 72 73 74
f 72 75 73
f 72 76 77
f 78 79 80
f 78 81 82
f 78 83 81
f 84 85 86
f 84 87 88
f 84 89 90
f 91 92 93
f 91 94 95
f 91 96 94
f 97 44 98
f 97 98 99
f 97 100 101
f 102 103 104
f 102 105 103
f 102 104 106
f 102 107 108
f 102 109 107
f 110 111 112
f 110 6 111
f 110 112 113
f 110 114 4
f 115 116 117
f 115 117 118
f 115 93 119
f 115 120 93
f 121 122 123
f 121 124 125
f 121 126 122
f 127 128 129
f 127 130 131
f 127 132 128
f 133 134 135
f 133 136 134
f 133 137 136
f 138 139 140
f 138 140 141
f 138 142 139
f 143 144 145
f 143 146 144
f 143 147 148
f 149 150 151
f 149 152 150
f 149 153 154
f 155 156 157
f 155 158 156
f 155 159 158
f 160 161 162
f 160 163 161
f 160 162 164
f 165 166 108
f 165 167 166
f 165 168 167
f 165 169 170
f 171 172 20
f 171 20 173
f 171 174 175
f 176 10 177
f 176 177 178
f 176 179 180
f 176 180 11
f 181 182 33
f 181 33 183
f 181 184 185
f 186 187 188
f 186 188 29
f 186 189 187
f 186 28 189
f 190 191 192
f 190 193 191
f 190 194 193
f 195 196 197
f 195 198 199
f 195 200 196
f 201 202 203
f 201 204 205
f 201 203 204
f 206 207 208
f 206 208 209
f 206 209 210
f 211 212 213
f 211 214 212
f 211 215 214
f 216 217 218
f 216 219 220
f 216 221 219
f 222 223 224
f 222 225 226
f 222 224 225
f 227 228 229
f 227 229 230
f 227 231 232
f 232 231 233
f 232 233 234
f 232 235 228
f 236 237 238
f 236 235 239
f 236 240 237
f 241 242 243
f 241 240 244
f 241 245 242
f 246 247 248
f 246 245 249
f 246 250 247
f 251 252 253
f 251 250 254
f 251 255 252
f 256 257 258
f 256 255 259
f 256 260 257
f 261 262 257
f 261 260 263
f 261 264 265
f 265 266 262
f 265 264 267
f 265 267 268
f 268 269 266
f 268 267 270
f 268 270 271
f 271 272 269
f 271 270 273
f 271 273 272
f 274 275 276
f 274 273 277
f 274 278 275
f 279 280 281
f 279 278 282
f 279 283 280
f 284 285 286
f 284 283 287
f 284 288 285
f 289 290 285
f 289 288 291
f 289 292 293
f 293 294 290
f 293 292 166
f 293 166 295
f 296 297 298
f 296 298 299
f 296 294 300
f 300 301 297
f 300 294 302
f 300 302 303
f 303 304 301
f 303 302 305
f 303 305 306
f 306 307 304
f 306 305 308
f 306 308 309
f 309 310 307
f 309 308 311
f 309 311 312
f 312 313 310
f 312 311 314
f 312 314 315
f 315 316 313
f 315 314 317
f 315 317 318
f 318 317 319
f 318 320 321
f 318 321 322
f 322 321 323
f 322 323 324
f 322 325 316
f 325 324 326
f 325 327 328
f 329 330 328
f 329 327 173
f 329 19 331
f 327 326 332
f 326 324 333
f 326 333 334
f 334 333 335
f 334 335 336
f 334 337 332
f 337 336 338
f 337 338 174
f 338 339 340
f 338 341 342
f 342 343 174
f 342 341 344
f 342 344 345
f 345 346 347
f 345 344 348
f 345 348 346
f 349 350 346
f 349 348 351
f 349 352 350
f 353 354 350
f 353 352 355
f 353 355 356
f 356 357 354
f 356 355 358
f 356 358 359
f 359 360 357
f 359 358 361
f 359 361 362
f 362 363 360
f 362 361 364
f 362 364 365
f 365 366 363
f 365 364 367
f 365 367 368
f 368 369 366
f 368 367 370
f 368 371 369
f 372 373 374
f 372 371 375
f 372 376 373
f 377 225 378
f 377 376 379
f 377 380 225
f 380 379 64
f 380 62 226
f 381 382 383
f 381 383 223
f 381 62 61
f 383 384 385
f 383 385 386
f 385 387 388
f 385 388 389
f 389 388 390
f 389 390 391
f 389 392 386
f 392 391 393
f 392 394 224
f 394 393 395
f 394 374 378
f 395 393 396
f 395 396 397
f 395 398 374
f 397 396 399
f 397 400 401
f 397 401 366
f 402 400 403
f 402 404 405
f 402 406 401
f 405 404 407
f 405 407 408
f 405 409 406
f 408 407 410
f 408 410 411
f 408 412 409
f 411 410 413
f 411 413 414
f 411 415 412
f 414 413 416
f 414 416 417
f 414 418 415
f 417 416 419
f 417 419 420
f 417 347 418
f 420 419 421
f 420 421 172
f 420 175 347
f 421 422 423
f 421 423 424
f 423 425 426
f 423 426 22
f 426 427 428
f 426 428 429
f 428 430 431
f 428 431 432
f 432 431 433
f 432 433 434
f 432 435 429
f 435 434 436
f 435 436 21
f 436 437 438
f 436 438 439
f 439 438 440
f 439 441 442
f 439 442 443
f 442 444 445
f 442 445 331
f 441 440 446
f 441 447 444
f 446 440 448
f 446 448 449
f 446 450 447
f 449 448 451
f 449 451 452
f 449 453 450
f 452 451 454
f 452 454 455
f 452 456 453
f 456 455 457
f 456 458 298
f 458 457 459
f 458 286 299
f 459 457 460
f 459 460 281
f 459 281 280
f 461 460 462
f 461 463 276
f 461 276 275
f 464 463 465
f 464 466 467
f 464 467 272
f 468 466 469
f 468 470 471
f 468 472 467
f 471 470 473
f 471 473 474
f 471 475 472
f 474 473 476
f 474 476 477
f 474 478 475
f 477 476 479
f 477 479 480
f 477 258 478
f 480 479 481
f 480 481 482
f 480 253 258
f 482 481 483
f 482 483 248
f 482 248 247
f 484 483 485
f 484 486 243
f 484 243 242
f 487 486 488
f 487 489 238
f 487 238 237
f 489 488 490
f 489 491 229
f 491 490 492
f 491 493 230
f 494 495 231
f 494 493 496
f 494 497 498
f 498 499 495
f 498 497 500
f 498 500 205
f 500 501 502
f 500 502 202
f 502 503 504
f 502 504 505
f 504 506 507
f 504 507 508
f 508 509 203
f 508 507 510
f 508 510 509
f 511 512 513
f 511 510 514
f 511 515 512
f 516 517 518
f 516 515 519
f 516 520 517
f 521 522 523
f 521 520 524
f 521 525 522
f 526 527 528
f 526 525 529
f 526 530 527
f 531 532 527
f 531 530 533
f 531 534 535
f 535 536 537
f 535 534 538
f 535 538 536
f 539 540 541
f 539 538 542
f 539 543 540
f 544 545 546
f 544 543 547
f 544 548 545
f 549 550 551
f 549 548 552
f 549 553 188
f 553 552 554
f 553 555 556
f 555 554 557
f 555 557 558
f 558 30 556
f 558 557 559
f 558 559 560
f 560 561 26
f 560 559 562
f 560 562 561
f 563 564 565
f 563 562 566
f 563 566 564
f 567 566 568
f 567 569 570
f 567 570 571
f 571 570 572
f 571 573 574
f 571 574 564
f 574 575 576
f 574 576 565
f 576 577 578
f 576 578 579
f 578 580 581
f 578 581 582
f 581 583 584
f 581 584 585
f 585 586 582
f 585 584 587
f 585 587 588
f 588 589 586
f 588 587 590
f 588 590 591
f 591 592 593
f 591 590 594
f 591 594 592
f 595 596 597
f 595 594 598
f 595 599 596
f 600 601 602
f 600 599 603
f 600 604 601
f 605 606 601
f 605 604 607
f 605 608 609
f 609 610 606
f 609 608 611
f 609 611 612
f 612 613 610
f 612 611 614
f 612 614 615
f 615 616 617
f 615 614 618
f 615 618 616
f 619 618 620
f 619 621 622
f 619 622 623
f 623 622 624
f 623 624 625
f 623 625 616
f 625 626 627
f 625 627 617
f 628 629 613
f 628 627 630
f 628 631 629
f 632 631 633
f 632 634 635
f 632 636 629
f 635 634 637
f 635 637 638
f 635 639 636
f 638 637 640
f 638 640 641
f 638 602 639
f 641 640 642
f 641 643 597
f 641 597 596
f 644 643 645
f 644 646 593
f 644 593 592
f 647 646 648
f 647 649 650
f 647 650 589
f 649 648 651
f 649 652 27
f 651 653 654
f 651 654 652
f 651 648 653
f 655 656 657
f 655 648 646
f 655 645 656
f 658 103 659
f 658 645 643
f 658 642 103
f 657 660 287
f 657 661 653
f 657 656 660
f 661 287 283
f 661 282 662
f 663 282 278
f 663 277 664
f 663 665 662
f 665 664 666
f 665 667 654
f 666 664 668
f 666 668 669
f 666 670 667
f 670 669 551
f 670 551 550
f 671 669 672
f 671 673 546
f 671 546 545
f 674 673 675
f 674 676 541
f 674 541 540
f 677 676 678
f 677 679 537
f 677 537 536
f 680 679 681
f 680 682 683
f 680 683 532
f 684 682 685
f 684 686 528
f 684 528 527
f 687 686 688
f 687 689 523
f 687 523 522
f 690 689 691
f 690 692 518
f 690 518 517
f 693 692 694
f 693 695 513
f 693 513 512
f 695 694 234
f 695 696 697
f 696 234 233
f 696 499 204
f 694 239 235
f 694 692 239
f 691 244 240
f 691 689 244
f 688 249 245
f 688 686 249
f 685 254 250
f 685 682 254
f 681 259 255
f 681 679 259
f 678 263 260
f 678 676 263
f 675 698 264
f 675 673 698
f 672 699 698
f 672 669 668
f 668 700 699
f 664 277 700
f 660 291 288
f 660 659 291
f 642 640 701
f 701 702 703
f 701 637 704
f 702 705 104
f 702 704 706
f 706 704 633
f 706 633 707
f 706 707 708
f 708 707 709
f 708 710 711
f 708 711 106
f 711 712 713
f 711 713 109
f 713 714 715
f 713 715 716
f 715 717 718
f 715 718 716
f 718 719 720
f 718 720 170
f 720 721 722
f 720 722 723
f 723 724 170
f 723 722 725
f 723 725 726
f 726 727 728
f 726 725 729
f 726 729 730
f 730 731 732
f 730 729 733
f 730 733 731
f 734 735 731
f 734 733 736
f 734 737 738
f 738 739 735
f 738 737 740
f 738 741 742
f 742 743 739
f 742 741 744
f 742 744 745
f 745 746 743
f 745 744 747
f 745 748 749
f 749 750 751
f 749 748 752
f 749 753 750
f 754 755 756
f 754 753 757
f 754 758 755
f 758 757 759
f 758 760 761
f 760 759 762
f 760 763 122
f 763 762 764
f 763 765 123
f 766 767 124
f 766 765 768
f 766 769 767
f 770 769 771
f 770 772 773
f 770 773 774
f 774 125 767
f 774 773 775
f 774 776 125
f 777 778 126
f 777 776 779
f 777 780 778
f 781 756 755
f 781 780 782
f 781 783 756
f 784 751 750
f 784 783 785
f 784 786 751
f 787 786 788
f 787 789 790
f 787 791 751
f 790 789 792
f 790 792 793
f 790 794 791
f 793 792 795
f 793 795 796
f 793 797 794
f 796 795 798
f 796 798 799
f 796 800 797
f 799 798 801
f 799 801 802
f 799 732 800
f 802 801 803
f 802 803 804
f 802 728 727
f 803 805 806
f 803 806 167
f 801 807 805
f 798 808 807
f 795 809 808
f 792 319 809
f 789 788 320
f 788 786 810
f 788 810 811
f 810 785 812
f 810 812 813
f 813 812 814
f 813 814 815
f 813 816 811
f 815 814 817
f 815 817 818
f 815 819 816
f 819 818 820
f 819 821 323
f 820 818 822
f 820 822 823
f 820 824 821
f 823 822 825
f 823 826 827
f 823 827 824
f 827 12 828
f 827 829 335
f 829 828 830
f 829 831 336
f 831 830 832
f 831 833 339
f 833 832 834
f 833 835 340
f 836 837 341
f 836 835 838
f 836 839 837
f 840 841 837
f 840 839 842
f 840 843 844
f 844 351 841
f 844 843 845
f 844 845 846
f 846 847 352
f 846 845 848
f 846 848 847
f 849 850 847
f 849 848 851
f 849 852 853
f 853 854 850
f 853 852 855
f 853 855 856
f 856 857 854
f 856 855 858
f 856 858 859
f 859 860 857
f 859 858 861
f 859 861 862
f 862 370 860
f 862 861 863
f 862 863 864
f 864 375 371
f 864 863 865
f 864 865 375
f 866 379 376
f 866 865 867
f 866 65 379
f 867 865 868
f 867 869 870
f 867 870 65
f 870 871 872
f 870 873 63
f 873 872 874
f 873 875 876
f 877 875 878
f 877 879 384
f 877 382 61
f 879 878 880
f 879 881 387
f 881 880 882
f 881 883 884
f 883 882 885
f 883 886 884
f 887 886 888
f 887 889 890
f 887 891 884
f 890 889 892
f 890 892 893
f 890 894 891
f 894 893 895
f 894 896 390
f 896 895 897
f 896 898 391
f 897 895 899
f 897 899 900
f 897 399 898
f 900 899 901
f 900 901 403
f 900 403 400
f 902 901 903
f 902 904 905
f 902 905 404
f 906 904 907
f 906 908 909
f 906 910 905
f 909 908 911
f 909 911 912
f 909 913 910
f 912 911 914
f 912 914 915
f 912 916 913
f 915 914 917
f 915 917 918
f 915 919 916
f 918 917 920
f 918 920 425
f 918 422 919
f 920 921 922
f 920 922 427
f 922 923 924
f 922 924 430
f 924 925 926
f 924 926 927
f 926 928 929
f 926 929 930
f 930 929 931
f 930 931 932
f 930 933 927
f 932 931 934
f 932 934 935
f 932 936 933
f 936 935 937
f 936 938 433
f 938 937 939
f 938 939 437
f 939 940 941
f 939 941 942
f 941 943 944
f 941 944 945
f 944 946 947
f 944 948 945
f 947 946 949
f 947 949 950
f 947 951 948
f 950 949 952
f 950 952 953
f 950 954 951
f 954 953 955
f 954 956 454
f 956 955 957
f 956 958 455
f 957 955 959
f 957 959 960
f 957 462 958
f 960 959 961
f 960 961 962
f 960 465 463
f 962 961 963
f 962 963 964
f 962 469 466
f 964 963 965
f 964 965 966
f 964 967 469
f 966 965 968
f 966 968 969
f 966 970 967
f 969 968 971
f 969 971 972
f 969 973 970
f 972 971 974
f 972 974 975
f 972 976 973
f 975 974 977
f 975 977 978
f 975 979 976
f 978 977 980
f 978 980 485
f 978 485 483
f 981 980 982
f 981 983 488
f 981 488 486
f 983 982 984
f 983 985 490
f 985 984 986
f 985 987 492
f 988 496 493
f 988 987 989
f 988 990 496
f 991 501 496
f 991 990 992
f 991 992 503
f 992 993 994
f 992 994 506
f 994 995 996
f 994 996 997
f 996 998 999
f 996 999 1000
f 1000 1001 997
f 1000 999 1002
f 1000 1002 1003
f 1003 514 1001
f 1003 1002 1004
f 1003 1004 1005
f 1005 519 514
f 1005 1004 1006
f 1005 1006 1007
f 1007 524 520
f 1007 1006 1008
f 1007 1008 524
f 1009 529 525
f 1009 1008 1010
f 1009 1011 529
f 1012 533 530
f 1012 1011 1013
f 1012 1014 533
f 1015 1016 534
f 1015 1014 1017
f 1015 1018 1016
f 1019 542 1016
f 1019 1018 1020
f 1019 1021 1022
f 1022 547 543
f 1022 1021 184
f 1022 1023 547
f 1024 552 548
f 1024 1023 1025
f 1024 1026 552
f 1026 1025 1027
f 1026 1028 554
f 1028 1027 1029
f 1028 1030 1031
f 1032 1033 1031
f 1032 1030 1034
f 1032 1035 1036
f 1036 1037 1033
f 1036 1035 1038
f 1036 1038 1039
f 1039 1040 1037
f 1039 1038 1041
f 1039 1041 1042
f 1042 568 1040
f 1042 1041 1043
f 1042 1043 1044
f 1044 1045 569
f 1044 1043 1046
f 1044 1046 1045
f 1047 1046 1048
f 1047 1049 1050
f 1047 1051 1052
f 1052 1051 1053
f 1052 1054 1055
f 1052 1055 1045
f 1056 1054 1057
f 1056 1058 572
f 1056 572 570
f 1059 1058 1060
f 1059 1061 1062
f 1059 1062 573
f 1062 1063 1064
f 1062 1064 575
f 1064 1065 1066
f 1064 1066 577
f 1066 1067 1068
f 1066 1068 580
f 1068 1069 1070
f 1068 1070 583
f 1070 1071 1072
f 1070 1072 1073
f 1072 101 1074
f 1072 1074 1075
f 1075 1076 1073
f 1075 1074 1077
f 1075 1077 1078
f 1078 1079 1076
f 1078 1077 1080
f 1078 1080 1081
f 1081 1082 1079
f 1081 1080 1083
f 1081 1083 1084
f 1084 598 1082
f 1084 1083 1085
f 1084 1085 1086
f 1086 603 599
f 1086 1085 1087
f 1086 1087 603
f 1088 607 604
f 1088 1087 1089
f 1088 1090 607
f 1091 1092 608
f 1091 1090 1093
f 1091 1094 1092
f 1095 1096 1092
f 1095 1094 1097
f 1095 1098 1099
f 1099 1100 1096
f 1099 1098 1101
f 1099 1101 1102
f 1102 620 1100
f 1102 1101 1103
f 1102 1103 620
f 1104 1105 621
f 1104 1103 1106
f 1104 1107 1105
f 1108 1109 1110
f 1108 1107 1111
f 1108 1112 1109
f 1113 210 209
f 1113 1112 137
f 1113 135 210
f 1114 135 134
f 1114 1115 1116
f 1114 1116 207
f 1116 1117 1118
f 1116 1118 1119
f 1118 1120 1121
f 1118 1121 1122
f 1122 1123 1119
f 1122 1121 1124
f 1122 1124 1125
f 1125 1126 1123
f 1125 1124 1127
f 1125 1127 624
f 1127 1128 1129
f 1127 1129 626
f 1129 1130 1131
f 1129 1131 1132
f 1131 1133 1134
f 1131 1134 1135
f 1135 630 1132
f 1135 1134 1136
f 1135 1136 1137
f 1136 1138 709
f 1136 709 707
f 1139 1138 1140
f 1139 1141 1142
f 1139 1142 710
f 1142 1143 1144
f 1142 1144 712
f 1144 1145 1146
f 1144 1146 714
f 1146 1147 1148
f 1146 1148 717
f 1148 1149 1150
f 1148 1150 719
f 1150 1151 1152
f 1150 1152 721
f 1152 1153 1154
f 1152 1155 1156
f 1155 1154 1157
f 1155 1157 1158
f 1158 1159 1156
f 1158 1157 1160
f 1158 1160 1161
f 1161 1162 1159
f 1161 1160 1163
f 1161 1163 1164
f 1164 1165 1162
f 1164 1163 1166
f 1164 1166 1167
f 1167 736 733
f 1167 1166 1168
f 1167 1168 1169
f 1169 740 737
f 1169 1168 1170
f 1169 1170 740
f 1171 1172 741
f 1171 1170 1173
f 1171 1174 1172
f 1175 747 744
f 1175 1174 1176
f 1175 1177 747
f 1178 752 748
f 1178 1177 1179
f 1178 1180 752
f 1181 757 753
f 1181 1180 1182
f 1181 1183 757
f 1183 1182 1184
f 1183 1185 759
f 1185 1184 1186
f 1185 1187 762
f 1187 1186 1188
f 1187 1189 764
f 1190 768 765
f 1190 1189 1191
f 1190 1192 768
f 1193 771 769
f 1193 1192 90
f 1193 89 771
f 1192 1191 1194
f 1194 1191 1195
f 1194 1195 1196
f 1194 1197 90
f 1197 1196 1198
f 1197 1199 87
f 1199 1198 1200
f 1199 1201 88
f 1202 1203 85
f 1202 1201 1204
f 1202 1205 1203
f 1206 1207 1208
f 1206 1205 1209
f 1206 1210 1207
f 1211 1212 1213
f 1211 1210 1214
f 1211 1215 1212
f 1216 1217 775
f 1216 1215 1218
f 1216 1218 1217
f 1219 1220 779
f 1219 1218 1221
f 1219 1222 1220
f 1223 1224 782
f 1223 1222 1225
f 1223 1226 1224
f 1225 1222 1227
f 1225 1227 1228
f 1225 1229 1226
f 1228 1227 1230
f 1228 1231 1232
f 1228 1232 1229
f 1232 1233 1234
f 1232 1234 817
f 1235 1233 1236
f 1235 1237 825
f 1235 825 822
f 1238 1237 1239
f 1238 1240 13
f 1238 13 826
f 1240 1239 1241
f 1240 1241 1242
f 1242 1241 1243
f 1242 1243 1244
f 1242 1245 14
f 1244 1243 1246
f 1244 1246 1247
f 1244 1248 1245
f 1248 1247 1249
f 1248 1250 177
f 1250 1249 1251
f 1250 1252 1253
f 1253 1254 179
f 1253 1252 1255
f 1253 1255 1254
f 1256 1255 1257
f 1256 1258 1259
f 1256 1259 1260
f 1260 1259 1261
f 1260 1261 1262
f 1260 1263 1254
f 1262 1261 1264
f 1262 1264 1265
f 1262 1266 1263
f 1266 1265 1267
f 1266 1268 180
f 1268 1267 1269
f 1268 1270 1271
f 1272 16 11
f 1272 1270 1273
f 1272 1273 1274
f 1274 1275 15
f 1274 1273 1276
f 1274 1276 1275
f 1277 832 830
f 1277 1276 1278
f 1277 1279 832
f 1279 1278 1280
f 1279 1281 834
f 1282 838 835
f 1282 1281 1283
f 1282 1284 838
f 1285 842 839
f 1285 1284 1286
f 1285 1287 842
f 1288 1289 843
f 1288 1287 1290
f 1288 1291 1289
f 1292 1293 1289
f 1292 1291 1294
f 1292 1295 1296
f 1296 851 1293
f 1296 1295 1297
f 1296 1297 1298
f 1298 1299 851
f 1298 1297 1300
f 1298 1300 1301
f 1301 1302 1299
f 1301 1300 1303
f 1301 1303 1304
f 1304 1305 1302
f 1304 1303 1306
f 1304 1306 1307
f 1307 1308 1305
f 1307 1306 1309
f 1307 1309 1310
f 1310 868 1308
f 1310 1309 1311
f 1310 1311 869
f 1311 1312 1313
f 1311 1313 871
f 1313 1314 1315
f 1313 1315 871
f 1315 1316 1317
f 1315 1318 872
f 1318 1317 1319
f 1318 1320 874
f 1321 1320 1322
f 1321 1323 878
f 1321 878 875
f 1323 1322 1324
f 1323 1325 880
f 1325 1324 1326
f 1325 1327 882
f 1327 1326 1328
f 1327 1329 885
f 1330 1329 1331
f 1330 1332 888
f 1330 888 886
f 1333 1332 1334
f 1333 1335 1336
f 1333 1336 889
f 1337 1335 1338
f 1337 1339 1340
f 1337 1341 1336
f 1341 1340 1342
f 1341 1343 892
f 1343 1342 1344
f 1343 1345 893
f 1344 1342 1346
f 1344 1346 1347
f 1344 1348 1345
f 1347 1346 1349
f 1347 1349 1350
f 1347 903 1348
f 1350 1349 1351
f 1350 1351 1352
f 1350 907 904
f 1352 1351 1353
f 1352 1353 1354
f 1352 1354 908
f 1355 1353 36
f 1355 36 35
f 1355 1356 1354
f 1357 1358 1359
f 1357 1359 34
f 1357 1353 1360
f 1359 1361 1362
f 1359 1362 1363
f 1362 1364 1365
f 1362 1365 1366
f 1366 1365 1367
f 1366 1367 1368
f 1366 1369 1363
f 1369 183 32
f 1369 1368 1370
f 1370 1371 1372
f 1370 1368 1373
f 1370 1374 1371
f 1375 1376 1029
f 1375 1374 1377
f 1375 1378 1376
f 1379 1380 1034
f 1379 1378 1381
f 1379 1382 1380
f 1383 1384 1385
f 1383 1382 1386
f 1383 1387 1384
f 1388 1389 1384
f 1388 1387 1390
f 1388 1391 1392
f 1392 1393 1389
f 1392 1391 1394
f 1392 1394 1395
f 1395 1396 1393
f 1395 1394 1397
f 1395 1397 1398
f 1398 1399 1396
f 1398 1397 1400
f 1398 1400 1401
f 1401 1402 1399
f 1401 1400 1403
f 1401 1403 1404
f 1404 1403 151
f 1404 151 150
f 1404 1405 1402
f 1406 1405 1407
f 1406 1408 1409
f 1406 1409 1410
f 1409 1411 1050
f 1409 1050 1049
f 1412 1411 1413
f 1412 1414 1053
f 1412 1053 1051
f 1415 1414 1416
f 1415 1417 1057
f 1415 1057 1054
f 1418 1417 1419
f 1418 1420 1060
f 1418 1060 1058
f 1421 1420 1422
f 1421 1423 1424
f 1421 1424 1061
f 1424 1425 1426
f 1424 1426 1063
f 1426 1427 1428
f 1426 1428 1065
f 1428 1429 1430
f 1428 1431 1067
f 1431 1430 40
f 1431 39 1069
f 1430 1429 1432
f 1430 1432 1433
f 1432 1434 1435
f 1432 1435 1433
f 1436 1435 1437
f 1436 1438 1439
f 1436 1439 41
f 1439 1440 1441
f 1439 1441 1442
f 1441 1443 1444
f 1441 1444 1445
f 1445 1446 1442
f 1445 1444 1447
f 1445 1447 1448
f 1448 1449 1446
f 1448 1447 1450
f 1448 1450 1451
f 1451 1452 1453
f 1451 1450 1454
f 1451 1454 1452
f 1455 1456 1457
f 1455 1454 1458
f 1455 1459 1456
f 1460 1461 1462
f 1460 1459 1463
f 1460 1464 1461
f 1465 1466 1467
f 1465 1464 1468
f 1465 1469 1466
f 1470 1471 1466
f 1470 1469 1472
f 1470 1473 1474
f 1474 1475 1471
f 1474 1473 1476
f 1474 1476 1477
f 1477 1478 1475
f 1477 1476 1479
f 1477 1479 1480
f 1480 1481 1478
f 1480 1479 1482
f 1480 1482 1483
f 1483 1484 1481
f 1483 1482 1485
f 1483 1485 1486
f 1486 1487 1484
f 1486 1485 1488
f 1486 1488 1489
f 1489 1490 1491
f 1489 1488 1492
f 1489 1492 1490
f 1493 1494 1495
f 1493 1492 1496
f 1493 1497 1494
f 1498 1499 82
f 1498 1497 1500
f 1498 1500 1501
f 1501 1500 1502
f 1501 1502 1503
f 1501 1504 1499
f 1505 1504 1506
f 1505 1507 79
f 1505 79 1499
f 1507 1506 1508
f 1507 1509 80
f 1510 1511 83
f 1510 1509 1512
f 1510 1513 1511
f 1514 1513 1515
f 1514 1516 1517
f 1514 1517 1518
f 1518 1517 1519
f 1518 1519 1520
f 1518 1521 1511
f 1520 1519 1491
f 1520 1491 1490
f 1520 1495 1521
f 1522 1519 1523
f 1522 1524 1525
f 1522 1525 1487
f 1526 1524 1527
f 1526 1528 1529
f 1526 1529 1484
f 1530 1528 1531
f 1530 1532 1533
f 1530 1533 1481
f 1534 1532 1535
f 1534 1536 1537
f 1534 1538 1533
f 1537 1536 1539
f 1537 1539 1540
f 1537 1541 1538
f 1540 1539 1542
f 1540 1542 1543
f 1540 1544 1541
f 1543 1542 1545
f 1543 1545 1546
f 1543 1467 1544
f 1546 1545 1547
f 1546 1547 1462
f 1546 1462 1461
f 1548 1547 1549
f 1548 1550 1457
f 1548 1457 1456
f 1551 1550 1552
f 1551 1553 1453
f 1551 1453 1452
f 1554 1553 1555
f 1554 1556 1557
f 1554 1557 1449
f 1556 1555 1558
f 1556 1559 43
f 1558 1560 1561
f 1558 1562 1559
f 1558 1555 1560
f 1563 1564 1565
f 1563 1555 1553
f 1563 1552 1564
f 1566 1567 1568
f 1566 1552 1550
f 1566 1549 1567
f 1569 1570 1567
f 1569 1549 1571
f 1569 1571 1572
f 1572 1573 1570
f 1572 1571 1574
f 1572 1574 1575
f 1575 1576 1573
f 1575 1574 1577
f 1575 1577 1578
f 1578 1579 1580
f 1578 1577 1581
f 1578 1581 1579
f 1582 1583 1584
f 1582 1581 1536
f 1582 1535 1583
f 1585 1586 1587
f 1585 1535 1532
f 1585 1531 1586
f 1588 1589 1590
f 1588 1531 1528
f 1588 1527 1589
f 1591 1592 1593
f 1591 1527 1524
f 1591 1523 1592
f 1593 1594 1595
f 1593 1596 1589
f 1593 1592 1594
f 1596 1595 1597
f 1596 1598 1590
f 1599 1598 1600
f 1599 1601 1587
f 1599 1587 1586
f 1602 1601 1603
f 1602 1604 1584
f 1602 1584 1583
f 1605 1604 1606
f 1605 1607 1580
f 1605 1580 1579
f 1608 1607 1609
f 1608 1610 1611
f 1608 1612 1576
f 1611 1610 118
f 1611 118 117
f 1611 1613 1612
f 1614 1615 1616
f 1614 1617 120
f 1614 1610 1615
f 1617 1616 1618
f 1617 1619 120
f 1618 1620 1621
f 1618 1622 1619
f 1618 1616 1620
f 1623 1624 1625
f 1623 1616 1615
f 1623 1626 1624
f 1627 1249 1247
f 1627 1626 1628
f 1627 1629 1249
f 1629 1628 1606
f 1629 1630 1251
f 1631 1632 1252
f 1631 1630 1603
f 1631 1633 1632
f 1634 1257 1632
f 1634 1633 1600
f 1634 1635 1636
f 1636 1637 1258
f 1636 1635 1597
f 1636 1638 1637
f 1639 1638 1640
f 1639 1641 1642
f 1639 1642 1643
f 1643 1642 1644
f 1643 1644 1645
f 1643 1646 1637
f 1645 1644 1647
f 1645 1647 1648
f 1645 1649 1646
f 1648 1647 1650
f 1648 1650 1651
f 1648 1652 1649
f 1651 1650 1653
f 1651 1654 1655
f 1651 1655 1652
f 1655 1656 1657
f 1655 1658 1264
f 1658 1657 1659
f 1658 1660 1265
f 1660 1659 1661
f 1660 1662 1267
f 1662 1661 1663
f 1662 1664 1269
f 1665 1666 1270
f 1665 1664 1667
f 1665 1668 1666
f 1669 1670 1666
f 1669 1668 1671
f 1669 1672 1673
f 1673 1278 1670
f 1673 1672 1674
f 1673 1674 1280
f 1674 1675 1676
f 1674 1676 1677
f 1677 1283 1281
f 1677 1676 1678
f 1677 1679 1283
f 1680 1286 1284
f 1680 1679 1681
f 1680 1682 1286
f 1683 1290 1287
f 1683 1682 1684
f 1683 1685 1290
f 1686 1294 1291
f 1686 1685 1687
f 1686 1688 1294
f 1689 1690 1295
f 1689 1688 1691
f 1689 1692 1690
f 1693 1694 1690
f 1693 1692 218
f 1693 1695 1696
f 1696 1697 1694
f 1696 1695 1698
f 1696 1698 1699
f 1699 1700 1697
f 1699 1698 162
f 1699 162 1701
f 1698 1702 164
f 1703 1702 217
f 1703 220 1704
f 1703 1704 163
f 1704 1705 1706
f 1704 1706 1707
f 1706 1708 1709
f 1706 1709 1710
f 1710 1709 1316
f 1710 1314 1711
f 1710 1711 161
f 1711 1312 1712
f 1711 1712 1701
f 1709 1713 1316
f 1713 1708 1714
f 1713 1715 1317
f 1715 1714 1716
f 1715 1717 1319
f 1718 1717 1719
f 1718 1720 1322
f 1718 1322 1320
f 1720 1719 1721
f 1720 1722 1324
f 1722 1721 1723
f 1722 1723 1326
f 1723 1724 1725
f 1723 1725 1726
f 1726 1725 1727
f 1726 1727 1331
f 1726 1331 1329
f 1728 1727 1729
f 1728 1730 1334
f 1728 1334 1332
f 1731 1730 1732
f 1731 1733 1338
f 1731 1338 1335
f 1734 1733 1735
f 1734 1736 1737
f 1734 1737 1339
f 1737 1738 1739
f 1737 1740 1339
f 1740 1739 1741
f 1740 1742 1340
f 1741 1739 1743
f 1741 1743 1744
f 1741 1745 1742
f 1744 1743 1746
f 1744 1746 1747
f 1744 1748 1745
f 1747 1746 1749
f 1747 1749 1358
f 1747 1360 1748
f 1749 1750 1751
f 1749 1751 1361
f 1751 1752 1753
f 1751 1753 1364
f 1753 1754 1755
f 1753 1756 1757
f 1756 1755 1758
f 1756 1759 1760
f 1760 1759 1761
f 1760 1761 1762
f 1760 1763 1757
f 1762 1761 1764
f 1762 1764 1765
f 1762 1766 1763
f 1766 1765 1767
f 1766 1373 1367
f 1767 1377 1374
f 1767 1765 1768
f 1767 1768 1377
f 1769 1381 1378
f 1769 1768 1770
f 1769 1771 1381
f 1772 1386 1382
f 1772 1771 1773
f 1772 1774 1386
f 1775 1390 1387
f 1775 1774 1776
f 1775 1777 1390
f 1778 1779 1391
f 1778 1777 1780
f 1778 1781 1779
f 1782 1783 1779
f 1782 1781 1784
f 1782 1784 1785
f 1785 1786 1783
f 1785 1784 1787
f 1785 1787 1788
f 1788 1789 1786
f 1788 1787 1790
f 1788 1791 1789
f 1792 1793 1403
f 1792 1791 1794
f 1792 1795 1793
f 1796 153 151
f 1796 1795 1797
f 1796 1798 153
f 1798 1797 1799
f 1798 1800 154
f 1801 1800 1802
f 1801 1803 1804
f 1801 1804 152
f 1804 1805 1806
f 1804 1806 1807
f 1806 1808 1809
f 1806 1809 1407
f 1809 1810 1811
f 1809 1811 1408
f 1811 1812 1413
f 1811 1413 1411
f 1813 1812 1814
f 1813 1815 1416
f 1813 1416 1414
f 1816 1815 1817
f 1816 1818 1419
f 1816 1419 1417
f 1819 1818 1820
f 1819 1820 1821
f 1819 1422 1420
f 1821 1820 1822
f 1821 1822 1823
f 1821 1824 1422
f 1824 1823 1825
f 1824 1826 1423
f 1826 1825 1827
f 1826 1828 1425
f 1828 1827 1829
f 1828 1434 1427
f 1827 1825 1830
f 1827 1831 1829
f 1832 1831 1833
f 1832 1834 1437
f 1832 1437 1435
f 1835 1834 1836
f 1835 1837 1838
f 1835 1838 1438
f 1838 1839 1840
f 1838 1840 1440
f 1840 1841 1842
f 1840 1842 1443
f 1842 114 1843
f 1842 1843 1844
f 1843 113 1845
f 1843 1845 1846
f 1846 1847 1844
f 1846 1845 1848
f 1846 1848 1849
f 1849 1850 1847
f 1849 1848 1851
f 1849 1851 1852
f 1852 1853 1850
f 1852 1851 1854
f 1852 1854 1855
f 1855 1458 1853
f 1855 1854 1856
f 1855 1856 1857
f 1857 1463 1459
f 1857 1856 1858
f 1857 1858 1463
f 1859 1468 1464
f 1859 1858 1860
f 1859 1861 1468
f 1862 1472 1469
f 1862 1861 1863
f 1862 1864 1472
f 1865 1866 1473
f 1865 1864 1867
f 1865 1868 1866
f 1869 1870 1866
f 1869 1868 1871
f 1869 139 1872
f 1868 1867 1873
f 1873 1867 1874
f 1873 1874 1875
f 1873 1876 1871
f 1876 1875 1877
f 1876 1878 140
f 1878 1879 141
f 1878 1877 1880
f 1880 1881 1879
f 1880 1877 68
f 1880 68 67
f 1882 1877 1875
f 1882 1883 1884
f 1882 1884 70
f 1884 1885 1886
f 1884 1887 70
f 1887 1886 1888
f 1887 1889 71
f 1890 1889 1891
f 1890 1892 1893
f 1890 1893 69
f 1893 1894 1895
f 1893 1895 1896
f 1895 1897 1898
f 1895 1898 1899
f 1899 1898 1900
f 1899 1900 1901
f 1899 1881 1896
f 1900 1902 1903
f 1900 1903 1904
f 1904 1903 1905
f 1904 1905 1906
f 1904 1907 1901
f 1906 1905 1908
f 1906 1908 1872
f 1906 142 1907
f 1898 1496 1902
f 1897 1909 1496
f 1897 1894 1910
f 1910 1894 1911
f 1910 1911 1912
f 1910 1913 1909
f 1912 1911 1914
f 1912 1914 1915
f 1912 1916 1913
f 1916 1915 199
f 1916 1917 1502
f 1917 199 198
f 1917 1918 1503
f 1919 1506 1504
f 1919 1918 1920
f 1919 1921 1506
f 1921 1920 1922
f 1921 1923 1508
f 1924 1512 1509
f 1924 1923 1925
f 1924 1926 1512
f 1927 1515 1513
f 1927 1926 1928
f 1927 1929 1515
f 1930 1929 1641
f 1930 1640 1594
f 1930 1594 1516
f 1929 1928 1931
f 1928 1926 1932
f 1928 1932 1933
f 1933 1932 1934
f 1933 1934 1935
f 1933 1936 1931
f 1935 1934 1937
f 1935 1937 1938
f 1935 1939 1936
f 1938 1937 1940
f 1938 1941 1942
f 1938 1942 1939
f 1943 1941 1944
f 1943 1945 1653
f 1943 1653 1650
f 1946 1945 1947
f 1946 1948 1949
f 1946 1949 1654
f 1949 1950 1951
f 1949 1951 1656
f 1950 1948 1952
f 1950 1953 112
f 1952 1954 1845
f 1952 1948 1955
f 1952 1955 1954
f 1956 1957 1954
f 1956 1955 1958
f 1956 1959 1960
f 1960 1961 1957
f 1960 1959 1962
f 1960 1962 1963
f 1963 1964 1961
f 1963 1962 1965
f 1963 1965 1966
f 1966 1967 1964
f 1966 1965 1968
f 1966 1968 1969
f 1969 1860 1967
f 1969 1968 1970
f 1969 1970 1971
f 1971 1863 1861
f 1971 1970 1972
f 1971 1972 1863
f 1972 1973 1974
f 1972 1974 1975
f 1974 1976 1885
f 1974 1883 1874
f 1976 1973 1977
f 1976 1978 1885
f 1978 1977 1979
f 1978 1980 1886
f 1980 1979 1981
f 1980 1982 1888
f 1983 1982 1984
f 1983 1985 1891
f 1983 1891 1889
f 1985 1984 1986
f 1985 1987 1988
f 1987 1986 1989
f 1987 1990 1914
f 1990 1989 1991
f 1990 200 1915
f 1989 1986 1992
f 1989 1992 1993
f 1993 1992 1994
f 1993 1994 1995
f 1993 1996 1991
f 1996 1997 196
f 1996 1995 1998
f 1998 1999 1997
f 1998 1995 2000
f 1998 2000 2001
f 2000 2002 2003
f 2000 2003 2001
f 2004 2002 2005
f 2004 2006 1940
f 2004 1940 1937
f 2007 2006 2008
f 2007 2009 1944
f 2007 1944 1941
f 2010 2009 2011
f 2010 1958 1955
f 2010 1947 1945
f 2011 2012 1958
f 2011 2009 2013
f 2011 2013 2014
f 2014 2015 2012
f 2014 2013 2016
f 2014 2016 2017
f 2017 2018 2015
f 2017 2016 2019
f 2017 2019 2020
f 2020 2021 2018
f 2020 2019 1979
f 2020 1979 1977
f 2019 2022 1981
f 2023 2022 2024
f 2023 2025 1984
f 2023 1984 1982
f 2024 2022 2026
f 2024 2026 2027
f 2024 2028 2025
f 2027 2026 2008
f 2027 2008 2006
f 2027 2005 2028
f 2005 2002 1994
f 1999 1925 1923
f 1999 2001 1925
f 1997 1922 1920
f 1977 1973 2021
f 1920 1918 197
f 1988 1911 1892
f 1975 1867 1864
f 1839 1837 2029
f 1839 5 1841
f 2029 1837 2030
f 2029 2030 2031
f 2029 2031 2
f 2031 2032 2033
f 2031 2033 2034
f 2033 2035 1755
f 2033 1755 1754
f 2035 2032 2036
f 2035 2037 1758
f 2038 2037 2039
f 2038 2040 2041
f 2038 2041 1759
f 2042 2040 2043
f 2042 2044 2045
f 2042 2046 2041
f 2045 2044 2047
f 2045 2048 2049
f 2045 2050 2046
f 2050 2049 2051
f 2050 2052 1764
f 2051 2049 2053
f 2051 2053 2054
f 2051 1770 2052
f 2054 1773 1771
f 2054 2053 2055
f 2054 2055 1773
f 2056 1776 1774
f 2056 2055 2057
f 2056 2058 1776
f 2059 1780 1777
f 2059 2058 2060
f 2059 2061 1780
f 2062 2063 1781
f 2062 2061 2064
f 2062 2065 2063
f 2066 2067 2063
f 2066 2065 2068
f 2066 2068 2069
f 2069 1790 2067
f 2069 2068 2070
f 2069 2070 1790
f 2071 1794 1791
f 2071 2070 2072
f 2071 2073 1794
f 2074 1797 1795
f 2074 2073 2075
f 2074 2076 1797
f 2076 2075 2077
f 2076 54 1799
f 2075 2073 2078
f 2075 2078 2079
f 2079 2078 2080
f 2079 2081 2082
f 2079 2082 53
f 2082 2083 2084
f 2082 2084 2085
f 2084 2086 2087
f 2084 2087 2088
f 2088 2089 2085
f 2088 2087 2090
f 2088 2090 2091
f 2091 1803 2089
f 2091 2090 2092
f 2091 2092 1805
f 2092 2093 2094
f 2092 2094 1808
f 2094 2095 2096
f 2094 2096 1810
f 2096 2097 1814
f 2096 1814 1812
f 2098 2097 2099
f 2098 2100 1817
f 2098 1817 1815
f 2101 2100 2102
f 2101 2102 2103
f 2101 2104 1817
f 2103 2102 2105
f 2103 2106 2107
f 2103 2107 2104
f 2108 2106 2109
f 2108 2110 2111
f 2108 2111 1822
f 2111 2112 2113
f 2111 2113 1823
f 2113 2114 1830
f 2113 1830 1825
f 2115 2114 2116
f 2115 2117 1833
f 2115 1833 1831
f 2118 2117 2119
f 2118 2120 1836
f 2118 1836 1834
f 2120 2119 2036
f 2120 2036 2032
f 2121 2119 2122
f 2121 2123 2039
f 2121 2039 2037
f 2124 2123 2125
f 2124 2126 2043
f 2124 2043 2040
f 2127 2126 2128
f 2127 2129 2047
f 2127 2047 2044
f 2130 2129 2131
f 2130 2132 2133
f 2130 2133 2048
f 2133 2134 2135
f 2133 2136 2048
f 2135 2134 2137
f 2135 2138 2139
f 2135 2140 2136
f 2139 2057 2140
f 2139 2138 2141
f 2139 2141 2142
f 2142 2060 2058
f 2142 2141 2143
f 2142 2143 2060
f 2144 2064 2061
f 2144 2143 2145
f 2144 2145 2146
f 2146 2147 2064
f 2146 2145 2148
f 2146 2148 2149
f 2149 2150 2147
f 2149 2148 2151
f 2149 2151 2152
f 2152 2072 2070
f 2152 2151 2080
f 2152 2080 2072
f 2153 2151 2154
f 2153 2155 2156
f 2153 2156 2081
f 2156 2157 2158
f 2156 2158 2083
f 2158 2159 2160
f 2158 2160 2086
f 2160 2161 2162
f 2160 2163 2164
f 2163 2162 2165
f 2163 2166 2167
f 2167 2168 2164
f 2167 2166 2169
f 2167 2169 2170
f 2170 2093 2168
f 2170 2169 2171
f 2170 2171 2095
f 2171 2172 2099
f 2171 2099 2097
f 2173 2172 2174
f 2173 2175 2176
f 2173 2176 2100
f 2177 2175 2178
f 2177 2179 2105
f 2177 2105 2102
f 2180 2179 2181
f 2180 2182 2109
f 2180 2109 2106
f 2183 2182 2184
f 2183 2185 2186
f 2183 2186 2110
f 2186 2187 2188
f 2186 2188 2112
f 2188 2189 2116
f 2188 2116 2114
f 2189 2187 2125
f 2189 2125 2123
f 2190 2187 2185
f 2190 2191 2128
f 2190 2128 2126
f 2192 2191 2193
f 2192 2194 2131
f 2192 2131 2129
f 2195 2194 2196
f 2195 2197 2198
f 2195 2198 2132
f 2198 2199 2137
f 2198 2137 2134
f 2200 2199 2201
f 2200 2202 2203
f 2200 2203 2138
f 2204 2202 193
f 2204 2205 2206
f 2204 2206 2141
f 2207 2208 2206
f 2207 2205 2209
f 2207 2209 2210
f 2210 2211 2208
f 2210 2209 2212
f 2210 2212 2213
f 2213 2154 2211
f 2213 2212 2214
f 2213 2214 2155
f 2214 2215 2216
f 2214 2216 2157
f 2216 2217 129
f 2216 129 2159
f 2217 2215 2218
f 2217 2219 130
f 2219 2218 2220
f 2219 2221 131
f 2222 2223 132
f 2222 2221 2224
f 2222 2225 2223
f 2226 2227 2228
f 2226 2225 2229
f 2226 2230 2227
f 2231 2232 2233
f 2231 2230 2234
f 2231 2235 2232
f 2235 2234 2236
f 2235 2181 2179
f 2236 2234 2237
f 2236 2237 2193
f 2236 2184 2181
f 2237 2238 2196
f 2237 2196 2194
f 2239 2238 2229
f 2239 2240 2241
f 2239 2241 2197
f 2241 2242 2201
f 2241 2201 2199
f 2242 2240 2224
f 2242 2243 2244
f 2243 2224 2221
f 2243 2220 191
f 2240 2229 2225
f 2238 2234 2230
f 2233 2245 2166
f 2233 2165 2227
f 2233 2232 2245
f 2232 2178 2174
f 2228 2165 2162
f 2228 2246 2223
f 2220 2218 192
f 2218 2215 2247
f 2247 2209 194
f 2202 2201 2244
f 2193 2191 2184
f 2174 2172 2245
f 2162 2161 2246
f 2161 2159 129
f 2122 2119 2117
f 2089 1802 51
f 1802 1800 52
f 1754 1752 2034
f 1752 1750 2248
f 1750 1746 2249
f 2249 2250 2248
f 2249 1743 2251
f 2250 2252 7
f 2250 2251 2253
f 2253 2254 2255
f 2253 2251 1738
f 2253 1738 2254
f 2255 1663 1661
f 2255 2256 2252
f 2255 2254 1663
f 2257 1667 1664
f 2257 2254 1736
f 2257 1735 1667
f 2258 1671 1668
f 2258 1735 1733
f 2258 1732 1671
f 2259 1675 1671
f 2259 1732 1730
f 2259 1729 2260
f 2256 1661 1659
f 2256 2261 8
f 1729 1727 2262
f 2262 1678 2260
f 2262 1725 2263
f 2263 1681 1679
f 2263 1724 1681
f 2264 1684 1682
f 2264 1724 1721
f 2264 2265 1684
f 2266 1687 1685
f 2266 2265 2267
f 2266 2268 1687
f 2269 1691 1688
f 2269 2268 2270
f 2269 2271 1691
f 2270 2268 1716
f 2270 1716 1714
f 2270 2272 2271
f 2272 1714 1708
f 2272 1705 219
f 2267 2265 1719
f 2267 1719 1717
f 1702 1695 218
f 1692 1691 221
f 1659 1657 2261
f 1657 1656 111
f 1640 1638 1595
f 1635 1600 1598
f 1633 1603 1601
f 1630 1606 1604
f 1628 1626 1609
f 1628 1609 1607
f 1625 1246 2273
f 1625 2274 1620
f 1625 1624 1246
f 2274 2273 2275
f 2274 2276 1621
f 2277 2276 2278
f 2277 2279 2280
f 2277 2280 1622
f 2280 2281 95
f 2280 95 94
f 2282 2281 2283
f 2282 2284 2285
f 2282 2285 2286
f 2285 2287 2288
f 2289 2290 1157
f 2289 2287 2291
f 2289 2292 2290
f 2293 2294 2290
f 2293 2292 2295
f 2293 2296 2297
f 2297 2298 2294
f 2297 2296 2299
f 2297 2299 2300
f 2300 2301 2298
f 2300 2299 2302
f 2300 2302 2303
f 2303 2304 2301
f 2303 2302 2305
f 2303 2305 2306
f 2306 1173 2304
f 2306 2305 2307
f 2306 2307 2308
f 2308 1176 1174
f 2308 2307 2309
f 2308 2309 1176
f 2310 1179 1177
f 2310 2309 2311
f 2310 2311 1179
f 2312 1182 1180
f 2312 2311 2313
f 2312 2314 1182
f 2314 2313 2315
f 2314 2316 1184
f 2316 2315 2317
f 2316 2318 1186
f 2318 2317 2319
f 2318 2319 1188
f 2319 2320 2321
f 2319 2321 1195
f 2321 2322 2323
f 2321 2323 1195
f 2323 2324 2325
f 2323 2326 1196
f 2326 2325 2327
f 2326 2328 1198
f 2328 2327 2329
f 2328 2330 1200
f 2331 1204 1201
f 2331 2330 2332
f 2331 2333 1204
f 2334 1209 1205
f 2334 2333 2335
f 2334 2336 1209
f 2337 1214 1210
f 2337 2336 2338
f 2337 2339 1214
f 2340 2341 1214
f 2340 2339 2342
f 2340 2343 2344
f 2344 1221 2341
f 2344 2343 1230
f 2344 1230 1227
f 2345 2343 2346
f 2345 2346 2347
f 2345 2347 1231
f 2347 2348 1236
f 2347 1236 1233
f 2349 2348 2350
f 2349 2350 2351
f 2349 1239 1237
f 2350 2352 2353
f 2350 2353 2354
f 2354 2353 2355
f 2354 2355 2275
f 2354 2356 2351
f 2355 2357 2278
f 2355 2278 2276
f 2358 2357 2359
f 2358 2360 2361
f 2358 2361 2279
f 2361 2362 2283
f 2361 2283 2281
f 2363 2362 2364
f 2363 2365 2366
f 2363 2366 2284
f 2366 2367 2291
f 2366 2291 2287
f 2368 2295 2292
f 2368 2367 2369
f 2368 2370 2295
f 2371 2372 2296
f 2371 2370 2373
f 2371 2374 2372
f 2375 2376 2372
f 2375 2374 2377
f 2375 2378 2379
f 2379 2380 2376
f 2379 2378 2381
f 2379 2381 2382
f 2382 2383 2380
f 2382 2381 2384
f 2382 2384 2385
f 2385 2386 2383
f 2385 2384 2387
f 2385 2387 2388
f 2388 2389 2386
f 2388 2387 2390
f 2388 2390 2391
f 2391 2313 2389
f 2391 2390 2392
f 2391 2392 2315
f 2392 2393 2394
f 2392 2394 2317
f 2394 2395 2396
f 2394 2396 2320
f 2396 48 2397
f 2396 2397 2322
f 2397 2398 2399
f 2397 2399 2324
f 2399 2400 2401
f 2399 2402 2324
f 2402 2401 2403
f 2402 2404 2325
f 2404 2403 2405
f 2404 2406 2327
f 2406 2405 2407
f 2406 2408 2329
f 2409 2332 2330
f 2409 2408 2410
f 2409 2411 2332
f 2412 2335 2333
f 2412 2411 2413
f 2412 2414 2335
f 2415 2338 2336
f 2415 2414 2416
f 2415 2417 2338
f 2418 2342 2339
f 2418 2417 2419
f 2418 2420 2342
f 2420 2419 2421
f 2420 2352 2346
f 2419 2417 2422
f 2419 2422 2359
f 2422 2416 2423
f 2422 2423 2360
f 2423 2424 2364
f 2423 2364 2362
f 2425 2424 2413
f 2425 2426 2427
f 2425 2427 2365
f 2427 2428 2369
f 2427 2369 2367
f 2429 2428 2430
f 2429 2431 2373
f 2429 2373 2370
f 2432 2377 2374
f 2432 2431 2433
f 2432 2434 2377
f 2435 2436 2378
f 2435 2434 2437
f 2435 2438 2436
f 2439 2440 2436
f 2439 2438 158
f 2439 158 2441
f 2438 2437 2442
f 2442 2443 2444
f 2442 2445 2446
f 2442 2437 2443
f 2447 2405 2403
f 2447 2437 2434
f 2447 2433 2405
f 2445 2444 2448
f 2445 2449 156
f 2449 2448 49
f 2449 47 157
f 2450 2451 2452
f 2450 2452 159
f 2450 47 46
f 2452 2453 2454
f 2452 2454 2441
f 2451 2393 2453
f 2451 46 2395
f 2448 2400 2398
f 2448 2444 2400
f 2444 2443 2401
f 2433 2431 2407
f 2430 2410 2408
f 2430 2428 2410
f 2426 2413 2411
f 2424 2416 2414
f 2454 2384 2440
f 2359 2357 2421
f 2275 2273 2356
f 1613 117 2455
f 1568 116 2456
f 1568 2457 1564
f 1568 1567 2455
f 2457 2456 2458
f 2457 2459 1565
f 2460 2459 2461
f 2460 2462 1561
f 2460 1561 1560
f 2463 2462 2464
f 2463 2465 2466
f 2463 2466 1562
f 2466 2467 99
f 2466 99 98
f 2468 2467 2469
f 2468 2470 2471
f 2468 2471 100
f 2471 2472 2473
f 2471 2474 2472
f 2475 2476 2477
f 2475 2474 2478
f 2475 2479 2476
f 2480 2481 2476
f 2480 2479 2482
f 2480 2483 2484
f 2484 2485 2481
f 2484 2483 2486
f 2484 2486 2487
f 2487 2488 2485
f 2487 2486 2489
f 2487 2489 2490
f 2490 2491 2488
f 2490 2489 2492
f 2490 2492 2493
f 2493 2494 2491
f 2493 2492 2495
f 2493 2495 2496
f 2496 2497 2494
f 2496 2495 2498
f 2496 2498 2499
f 2499 2500 1097
f 2499 2498 2501
f 2499 2501 2502
f 2502 2503 2500
f 2502 2501 2504
f 2502 2504 2505
f 2505 2506 2503
f 2505 2504 2507
f 2505 2507 2508
f 2508 2509 2506
f 2508 2507 2510
f 2508 2510 2511
f 2511 2512 1111
f 2511 2510 2513
f 2511 2513 136
f 2513 2514 2515
f 2513 2515 2516
f 2515 2517 2518
f 2515 2518 2519
f 2519 1115 2516
f 2519 2518 2520
f 2519 2520 1117
f 2520 2521 2522
f 2520 2522 1120
f 2522 2523 2524
f 2522 2524 2525
f 2524 2526 2527
f 2524 2528 2529
f 2529 2530 2525
f 2529 2528 2531
f 2529 2531 2532
f 2532 1128 2530
f 2532 2531 2533
f 2532 2533 1130
f 2533 2534 2535
f 2533 2535 1133
f 2535 2536 2537
f 2535 2537 2538
f 2537 2539 2540
f 2537 2540 1140
f 2540 2541 2542
f 2540 2542 1141
f 2542 2543 2544
f 2542 2544 1143
f 2544 2545 2546
f 2544 2546 1145
f 2546 2547 2548
f 2546 2548 1147
f 2548 2549 2550
f 2548 2550 1149
f 2550 119 92
f 2550 92 1151
f 2549 2547 2551
f 2549 2551 2552
f 2551 2553 2458
f 2551 2458 2456
f 2554 2553 2555
f 2554 2556 2461
f 2554 2461 2459
f 2557 2556 2558
f 2557 2559 2464
f 2557 2464 2462
f 2560 2559 2561
f 2560 2562 2563
f 2560 2563 2465
f 2563 2564 2469
f 2563 2469 2467
f 2565 2564 2566
f 2565 2567 2568
f 2565 2569 2469
f 2569 2568 2478
f 2569 2478 2474
f 2570 2482 2479
f 2570 2568 2571
f 2570 2572 2482
f 2573 2574 2483
f 2573 2572 2575
f 2573 2576 2574
f 2577 2578 2574
f 2577 2576 2579
f 2577 2580 2581
f 2581 2582 2578
f 2581 2580 2583
f 2581 2583 2584
f 2584 2585 2582
f 2584 2583 2586
f 2584 2586 2587
f 2587 2588 2585
f 2587 2586 2589
f 2587 2589 2590
f 2590 2591 2588
f 2590 2589 2592
f 2590 2592 2593
f 2593 2594 2591
f 2593 2592 2595
f 2593 2595 2596
f 2596 2597 2594
f 2596 2595 2598
f 2596 2598 2599
f 2599 2600 2597
f 2599 2598 2601
f 2599 2601 2602
f 2602 2514 2600
f 2602 2601 2603
f 2602 2603 2517
f 2603 2604 2605
f 2603 2605 2606
f 2605 2607 2608
f 2605 2609 2610
f 2610 2521 2518
f 2610 2609 2611
f 2610 2612 2521
f 2612 2611 2613
f 2612 2614 2523
f 2614 2613 2615
f 2614 2616 2526
f 2616 2615 2617
f 2616 2618 2527
f 2619 2620 2528
f 2619 2618 2621
f 2619 2622 2620
f 2623 2534 2620
f 2623 2622 2624
f 2623 2625 2536
f 2625 2624 2626
f 2625 2627 2539
f 2627 2626 2628
f 2627 2629 2539
f 2629 2628 2558
f 2629 2630 2541
f 2630 2558 2556
f 2630 2555 2543
f 2628 2626 2561
f 2628 2561 2559
f 2631 2626 2624
f 2631 2632 2633
f 2631 2633 2562
f 2633 2634 2566
f 2633 2566 2564
f 2635 2634 2636
f 2635 2637 2638
f 2635 2638 2567
f 2638 2639 2571
f 2638 2571 2567
f 2640 2639 2641
f 2640 2642 2575
f 2640 2575 2572
f 2643 2579 2576
f 2643 2642 2644
f 2643 2645 2579
f 2646 2647 2580
f 2646 2645 2648
f 2646 2649 2647
f 2649 2648 2650
f 2649 2651 2652
f 2651 2650 2653
f 2651 2654 212
f 2654 2653 2655
f 2654 2656 213
f 2656 2657 2658
f 2656 2655 57
f 2655 2659 58
f 2655 2653 2659
f 2660 2661 2662
f 2660 2653 2650
f 2660 2663 2661
f 2664 2665 2608
f 2664 2663 2666
f 2664 2667 2665
f 2668 2613 2611
f 2668 2667 2669
f 2668 2670 2613
f 2670 2669 2641
f 2670 2671 2615
f 2671 2641 2639
f 2671 2637 2617
f 2669 2667 2644
f 2669 2644 2642
f 2666 2663 2648
f 2666 2648 2645
f 2665 2611 2609
f 2662 2607 2672
f 2662 2672 2659
f 2662 2661 2607
f 2636 2621 2618
f 2636 2634 2621
f 2632 2624 2622
f 2604 2601 59
f 2595 2657 56
f 2658 2589 215
f 2583 2647 214
f 2555 2553 2545
f 2509 1111 1107
f 2506 1106 1103
f 2503 2673 2674
f 2500 2674 1098
f 2497 1097 1094
f 2494 1093 1090
f 2491 1089 2675
f 2488 2675 2676
f 2485 2676 2677
f 2481 2677 2678
f 2476 2678 2477
f 2472 2477 1074
f 2456 116 2552
f 1495 1494 81
f 1908 1479 1870
f 1557 43 42
f 1407 1405 1807
f 1410 1049 1399
f 1396 1048 2679
f 1393 2679 2680
f 1389 2680 2681
f 1384 2681 1385
f 1380 1385 1035
f 1376 1034 1030
f 1371 1029 1027
f 1712 1306 1700
f 1275 830 828
f 1220 782 780
f 1217 779 776
f 1212 775 773
f 1208 772 86
f 1208 86 1203
f 1208 1207 1213
f 2682 1191 1189
f 1154 1153 2286
f 1153 1151 92
f 1140 1138 2538
f 2683 2684 1110
f 2683 2685 1123
f 2683 1126 2684
f 1112 1111 2512
f 1110 2684 1105
f 1110 1109 2685
f 1071 1069 39
f 1071 38 101
f 1027 1025 1372
f 1025 1023 184
f 1021 1020 184
f 1020 1018 2686
f 1020 2686 2687
f 2687 2686 928
f 2687 928 925
f 2687 2688 185
f 2688 925 923
f 2688 2689 182
f 2689 923 921
f 2689 2690 2691
f 2690 921 2692
f 2690 2692 35
f 2686 1017 2693
f 2694 1017 1014
f 2694 1013 2695
f 2694 2696 2693
f 2695 1013 1011
f 2695 1010 2697
f 2695 2698 2696
f 2697 1010 2699
f 2697 2699 2700
f 2697 2701 2698
f 2701 2700 2702
f 2701 2703 934
f 2703 2702 2704
f 2703 2705 935
f 2705 2704 2706
f 2705 2706 940
f 2706 2707 2708
f 2706 2708 943
f 2708 2709 2710
f 2708 2710 946
f 2711 2709 2712
f 2711 2713 2714
f 2711 2714 949
f 2715 2713 2716
f 2715 2717 2718
f 2715 2719 2714
f 2719 2718 2720
f 2719 2721 952
f 2721 2720 2722
f 2721 2723 953
f 2722 2720 2724
f 2722 2724 2725
f 2722 2726 2723
f 2725 2724 2727
f 2725 2727 2728
f 2725 2729 2726
f 2728 2727 145
f 2728 145 144
f 2728 2730 2729
f 2731 2732 2733
f 2731 2734 145
f 2731 2727 2735
f 2734 2733 2736
f 2734 2737 147
f 2737 2736 2738
f 2737 2739 148
f 2740 2739 2741
f 2740 2742 2743
f 2740 2743 146
f 2741 2739 2744
f 2741 2744 2745
f 2741 2746 2742
f 2745 2744 76
f 2745 76 74
f 2745 2747 2746
f 2744 2738 77
f 2748 2749 2750
f 2748 2750 75
f 2748 2738 2736
f 2750 2751 2752
f 2750 2753 2751
f 2754 2755 2756
f 2754 2753 2757
f 2754 2758 2755
f 2759 2760 2761
f 2759 2758 2762
f 2759 2762 2763
f 2763 998 2760
f 2763 2762 2764
f 2763 2765 998
f 2765 2764 2766
f 2765 2767 2768
f 2769 2770 2768
f 2769 2767 2771
f 2769 2772 2773
f 2773 2774 2770
f 2773 2772 2775
f 2773 2775 2776
f 2776 2777 2774
f 2776 2775 2702
f 2776 2702 2700
f 2775 2778 2704
f 2778 2772 2712
f 2778 2712 2709
f 2771 2767 2716
f 2771 2716 2713
f 2766 2764 2779
f 2766 2779 2717
f 2779 2780 2781
f 2779 2782 2717
f 2782 2781 2783
f 2782 2784 2718
f 2783 2781 2785
f 2783 2785 2732
f 2783 2735 2784
f 2785 2786 2757
f 2785 2787 2732
f 2787 2757 2753
f 2787 2749 2733
f 2786 2788 2758
f 2786 2781 2780
f 2780 2764 2762
f 2761 993 989
f 2761 989 2755
f 2761 2760 995
f 2756 989 987
f 2756 986 2751
f 2700 2699 2777
f 986 984 2752
f 984 982 73
f 982 980 74
f 2743 968 2789
f 965 2730 2789
f 2692 914 1356
f 1224 785 783
f 778 755 761
f 728 804 168
f 1137 633 631
f 650 27 25
f 565 579 561
f 513 697 509
f 945 440 942
f 330 331 445
f 806 302 295
f 292 291 105
f 424 22 20
f 169 165 107
f 2285 2288 1154
f 2 2034 3
f 1 5 2
f 6 110 4
f 3 2248 7
f 1 8 6
f 10 176 11
f 12 826 13
f 9 14 10
f 15 828 12
f 9 16 15
f 18 331 19
f 19 173 20
f 21 443 18
f 22 429 21
f 24 582 25
f 26 579 24
f 23 27 28
f 28 186 29
f 23 30 26
f 31 33 2691
f 34 1363 32
f 31 36 34
f 37 39 40
f 40 1433 41
f 41 1442 42
f 37 43 44
f 44 97 38
f 45 47 49
f 48 2395 46
f 49 2398 48
f 50 52 54
f 53 2085 51
f 54 2077 53
f 55 57 58
f 58 2672 59
f 59 2598 56
f 60 62 64
f 63 876 61
f 60 65 63
f 66 68 70
f 69 1896 67
f 66 71 69
f 72 74 76
f 75 2752 73
f 72 77 75
f 78 80 83
f 78 82 79
f 83 1521 81
f 84 86 89
f 84 88 85
f 84 90 87
f 91 93 96
f 91 95 2286
f 96 1619 94
f 44 1559 98
f 97 99 100
f 100 2473 101
f 103 703 104
f 105 659 103
f 102 106 109
f 102 108 105
f 109 716 107
f 111 1951 112
f 6 2261 111
f 110 113 114
f 114 1841 4
f 116 2455 117
f 115 118 120
f 115 119 2552
f 120 96 93
f 121 123 124
f 121 125 126
f 126 761 122
f 127 129 130
f 127 131 132
f 132 2246 128
f 133 135 137
f 136 2516 134
f 137 2512 136
f 139 1871 140
f 138 141 142
f 142 1872 139
f 143 145 147
f 146 2789 144
f 143 148 146
f 149 151 153
f 152 1807 150
f 149 154 152
f 155 157 159
f 158 2446 156
f 159 2441 158
f 161 1701 162
f 163 1707 161
f 160 164 163
f 165 108 107
f 167 295 166
f 168 804 167
f 165 170 168
f 172 424 20
f 171 173 332
f 171 175 172
f 10 1245 177
f 176 178 179
f 179 1263 180
f 180 1271 11
f 182 2691 33
f 181 183 1372
f 181 185 182
f 187 550 188
f 188 556 29
f 189 667 187
f 28 652 189
f 190 192 194
f 193 2244 191
f 194 2205 193
f 195 197 198
f 195 199 200
f 200 1991 196
f 202 505 203
f 201 205 202
f 203 697 204
f 207 1119 208
f 208 2685 209
f 206 210 207
f 211 213 215
f 214 2652 212
f 215 2586 214
f 216 218 221
f 216 220 217
f 221 2271 219
f 223 386 224
f 222 226 223
f 224 378 225
f 228 238 229
f 227 230 231
f 227 232 228
f 231 495 233
f 232 234 235
f 235 236 228
f 236 238 228
f 236 239 240
f 240 241 237
f 241 243 237
f 241 244 245
f 245 246 242
f 246 248 242
f 246 249 250
f 250 251 247
f 251 253 247
f 251 254 255
f 255 256 252
f 256 258 252
f 256 259 260
f 260 261 257
f 262 478 257
f 261 263 264
f 261 265 262
f 266 475 262
f 264 698 267
f 265 268 266
f 269 472 266
f 267 699 270
f 268 271 269
f 272 467 269
f 270 700 273
f 273 274 272
f 274 276 272
f 274 277 278
f 278 279 275
f 279 281 275
f 279 282 283
f 283 284 280
f 284 286 280
f 284 287 288
f 288 289 285
f 290 299 285
f 289 291 292
f 289 293 290
f 294 296 290
f 292 108 166
f 293 295 294
f 297 453 298
f 296 299 290
f 296 300 297
f 301 450 297
f 294 295 302
f 300 303 301
f 304 447 301
f 302 806 305
f 303 306 304
f 307 444 304
f 305 805 308
f 306 309 307
f 310 445 307
f 308 807 311
f 309 312 310
f 313 330 310
f 311 808 314
f 312 315 313
f 316 328 313
f 314 809 317
f 315 318 316
f 318 319 320
f 320 811 321
f 318 322 316
f 321 816 323
f 322 324 325
f 325 328 316
f 325 326 327
f 327 329 328
f 330 313 328
f 329 173 19
f 329 331 330
f 327 332 173
f 324 821 333
f 326 334 332
f 333 824 335
f 334 336 337
f 337 171 332
f 336 339 338
f 337 174 171
f 338 340 341
f 338 342 174
f 343 175 174
f 341 837 344
f 342 345 343
f 345 347 343
f 344 841 348
f 348 349 346
f 350 418 346
f 349 351 352
f 352 353 350
f 354 415 350
f 352 847 355
f 353 356 354
f 357 412 354
f 355 850 358
f 356 359 357
f 360 409 357
f 358 854 361
f 359 362 360
f 363 406 360
f 361 857 364
f 362 365 363
f 366 401 363
f 364 860 367
f 365 368 366
f 369 398 366
f 368 370 371
f 371 372 369
f 372 374 369
f 372 375 376
f 376 377 373
f 377 378 373
f 377 379 380
f 380 226 225
f 380 64 62
f 62 381 226
f 382 384 383
f 381 223 226
f 381 61 382
f 384 387 385
f 383 386 223
f 387 884 388
f 385 389 386
f 388 891 390
f 389 391 392
f 392 224 386
f 392 393 394
f 394 378 224
f 394 395 374
f 374 373 378
f 393 898 396
f 395 397 398
f 398 369 374
f 397 399 400
f 400 402 401
f 397 366 398
f 402 403 404
f 402 405 406
f 406 363 401
f 404 905 407
f 405 408 409
f 409 360 406
f 407 910 410
f 408 411 412
f 412 357 409
f 410 913 413
f 411 414 415
f 415 354 412
f 413 916 416
f 414 417 418
f 418 350 415
f 416 919 419
f 417 420 347
f 347 346 418
f 419 422 421
f 420 172 175
f 175 343 347
f 422 425 423
f 421 424 172
f 425 427 426
f 423 22 424
f 427 430 428
f 426 429 22
f 430 927 431
f 428 432 429
f 431 933 433
f 432 434 435
f 435 21 429
f 434 437 436
f 436 443 21
f 437 942 438
f 436 439 443
f 439 440 441
f 441 444 442
f 442 18 443
f 444 307 445
f 442 331 18
f 441 446 447
f 447 304 444
f 440 945 448
f 446 449 450
f 450 301 447
f 448 948 451
f 449 452 453
f 453 297 450
f 451 951 454
f 452 455 456
f 456 298 453
f 456 457 458
f 458 299 298
f 458 459 286
f 286 285 299
f 457 958 460
f 460 461 281
f 459 280 286
f 461 462 463
f 463 464 276
f 461 275 281
f 464 465 466
f 466 468 467
f 464 272 276
f 468 469 470
f 468 471 472
f 472 269 467
f 470 967 473
f 471 474 475
f 475 266 472
f 473 970 476
f 474 477 478
f 478 262 475
f 476 973 479
f 477 480 258
f 258 257 478
f 479 976 481
f 480 482 253
f 253 252 258
f 481 979 483
f 483 484 248
f 482 247 253
f 484 485 486
f 486 487 243
f 484 242 248
f 487 488 489
f 489 229 238
f 487 237 243
f 489 490 491
f 491 230 229
f 491 492 493
f 493 494 230
f 494 231 230
f 494 496 497
f 494 498 495
f 499 233 495
f 497 501 500
f 498 205 499
f 501 503 502
f 500 202 205
f 503 506 504
f 502 505 202
f 506 997 507
f 504 508 505
f 508 203 505
f 507 1001 510
f 510 511 509
f 511 513 509
f 511 514 515
f 515 516 512
f 516 518 512
f 516 519 520
f 520 521 517
f 521 523 517
f 521 524 525
f 525 526 522
f 526 528 522
f 526 529 530
f 530 531 527
f 532 683 527
f 531 533 534
f 531 535 532
f 535 537 532
f 534 1016 538
f 538 539 536
f 539 541 536
f 539 542 543
f 543 544 540
f 544 546 540
f 544 547 548
f 548 549 545
f 549 551 545
f 549 552 553
f 549 188 550
f 553 554 555
f 553 556 188
f 554 1031 557
f 555 558 556
f 30 29 556
f 557 1033 559
f 558 560 30
f 560 26 30
f 559 1037 562
f 562 563 561
f 563 565 561
f 562 1040 566
f 566 567 564
f 567 568 569
f 569 1055 570
f 567 571 564
f 571 572 573
f 573 575 574
f 574 565 564
f 575 577 576
f 576 579 565
f 577 580 578
f 578 24 579
f 580 583 581
f 578 582 24
f 583 1073 584
f 581 585 582
f 586 25 582
f 584 1076 587
f 585 588 586
f 589 650 586
f 587 1079 590
f 588 591 589
f 591 593 589
f 590 1082 594
f 594 595 592
f 595 597 592
f 595 598 599
f 599 600 596
f 600 602 596
f 600 603 604
f 604 605 601
f 606 639 601
f 605 607 608
f 605 609 606
f 610 636 606
f 608 1092 611
f 609 612 610
f 613 629 610
f 611 1096 614
f 612 615 613
f 615 617 613
f 614 1100 618
f 618 619 616
f 619 620 621
f 621 2684 622
f 619 623 616
f 622 1126 624
f 624 626 625
f 625 617 616
f 626 1132 627
f 627 628 617
f 628 613 617
f 628 630 631
f 631 632 629
f 632 633 634
f 632 635 636
f 636 610 629
f 634 704 637
f 635 638 639
f 639 606 636
f 637 701 640
f 638 641 602
f 602 601 639
f 641 642 643
f 643 644 597
f 641 596 602
f 644 645 646
f 646 647 593
f 644 592 597
f 647 648 649
f 649 27 650
f 647 589 593
f 649 651 652
f 652 28 27
f 653 662 654
f 654 189 652
f 648 655 653
f 655 657 653
f 655 646 645
f 645 658 656
f 658 659 656
f 658 643 642
f 642 703 103
f 657 287 661
f 661 662 653
f 656 659 660
f 661 283 282
f 282 663 662
f 663 278 277
f 663 664 665
f 665 654 662
f 665 666 667
f 667 189 654
f 664 700 668
f 666 669 670
f 670 187 667
f 669 671 551
f 670 550 187
f 671 672 673
f 673 674 546
f 671 545 551
f 674 675 676
f 676 677 541
f 674 540 546
f 677 678 679
f 679 680 537
f 677 536 541
f 680 681 682
f 682 684 683
f 680 532 537
f 684 685 686
f 686 687 528
f 684 527 683
f 687 688 689
f 689 690 523
f 687 522 528
f 690 691 692
f 692 693 518
f 690 517 523
f 693 694 695
f 695 697 513
f 693 512 518
f 695 234 696
f 696 204 697
f 696 233 499
f 499 205 204
f 694 235 234
f 692 691 239
f 691 240 239
f 689 688 244
f 688 245 244
f 686 685 249
f 685 250 249
f 682 681 254
f 681 255 254
f 679 678 259
f 678 260 259
f 676 675 263
f 675 264 263
f 673 672 698
f 699 267 698
f 672 668 699
f 700 270 699
f 277 273 700
f 660 288 287
f 659 105 291
f 642 701 703
f 702 104 703
f 701 704 702
f 705 106 104
f 702 706 705
f 704 634 633
f 633 1137 707
f 706 708 705
f 708 709 710
f 710 712 711
f 708 106 705
f 712 714 713
f 711 109 106
f 714 717 715
f 713 716 109
f 717 719 718
f 718 169 716
f 719 721 720
f 718 170 169
f 721 1156 722
f 720 723 170
f 724 168 170
f 722 1159 725
f 723 726 724
f 726 728 724
f 725 1162 729
f 726 730 727
f 730 732 727
f 729 1165 733
f 733 734 731
f 735 800 731
f 734 736 737
f 734 738 735
f 739 797 735
f 738 740 741
f 738 742 739
f 743 794 739
f 741 1172 744
f 742 745 743
f 746 791 743
f 745 747 748
f 745 749 746
f 749 751 746
f 749 752 753
f 753 754 750
f 754 756 750
f 754 757 758
f 758 761 755
f 758 759 760
f 760 122 761
f 760 762 763
f 763 123 122
f 763 764 765
f 765 766 123
f 766 124 123
f 766 768 769
f 769 770 767
f 770 771 772
f 772 1213 773
f 770 774 767
f 125 124 767
f 774 775 776
f 776 777 125
f 777 126 125
f 777 779 780
f 780 781 778
f 781 755 778
f 781 782 783
f 783 784 756
f 784 750 756
f 784 785 786
f 786 787 751
f 787 788 789
f 787 790 791
f 791 746 751
f 789 319 792
f 790 793 794
f 794 743 791
f 792 809 795
f 793 796 797
f 797 739 794
f 795 808 798
f 796 799 800
f 800 735 797
f 798 807 801
f 799 802 732
f 732 731 800
f 801 805 803
f 802 804 728
f 802 727 732
f 805 305 806
f 803 167 804
f 807 308 805
f 808 311 807
f 809 314 808
f 319 317 809
f 789 320 319
f 786 785 810
f 788 811 320
f 785 1224 812
f 810 813 811
f 812 1226 814
f 813 815 816
f 816 321 811
f 814 1229 817
f 815 818 819
f 819 323 816
f 819 820 821
f 821 324 323
f 818 1234 822
f 820 823 824
f 824 333 821
f 823 825 826
f 826 12 827
f 827 335 824
f 827 828 829
f 829 336 335
f 829 830 831
f 831 339 336
f 831 832 833
f 833 340 339
f 833 834 835
f 835 836 340
f 836 341 340
f 836 838 839
f 839 840 837
f 841 344 837
f 840 842 843
f 840 844 841
f 351 348 841
f 843 1289 845
f 844 846 351
f 846 352 351
f 845 1293 848
f 848 849 847
f 850 355 847
f 849 851 852
f 849 853 850
f 854 358 850
f 852 1299 855
f 853 856 854
f 857 361 854
f 855 1302 858
f 856 859 857
f 860 364 857
f 858 1305 861
f 859 862 860
f 370 367 860
f 861 1308 863
f 862 864 370
f 864 371 370
f 863 868 865
f 865 866 375
f 866 376 375
f 866 867 65
f 65 64 379
f 867 868 869
f 869 871 870
f 870 63 65
f 870 872 873
f 873 876 63
f 873 874 875
f 875 877 876
f 877 878 879
f 877 384 382
f 877 61 876
f 879 880 881
f 879 387 384
f 881 882 883
f 881 884 387
f 883 885 886
f 886 887 884
f 887 888 889
f 887 890 891
f 891 388 884
f 889 1336 892
f 890 893 894
f 894 390 891
f 894 895 896
f 896 391 390
f 896 897 898
f 898 393 391
f 895 1345 899
f 897 900 399
f 399 396 898
f 899 1348 901
f 901 902 403
f 900 400 399
f 902 903 904
f 904 906 905
f 902 404 403
f 906 907 908
f 906 909 910
f 910 407 905
f 908 1354 911
f 909 912 913
f 913 410 910
f 911 1356 914
f 912 915 916
f 916 413 913
f 914 2692 917
f 915 918 919
f 919 416 916
f 917 921 920
f 918 425 422
f 422 419 919
f 921 923 922
f 920 427 425
f 923 925 924
f 922 430 427
f 925 928 926
f 924 927 430
f 928 2693 929
f 926 930 927
f 929 2696 931
f 930 932 933
f 933 431 927
f 931 2698 934
f 932 935 936
f 936 433 933
f 936 937 938
f 938 434 433
f 937 940 939
f 938 437 434
f 940 943 941
f 939 942 437
f 943 946 944
f 941 945 942
f 944 947 948
f 948 448 945
f 946 2710 949
f 947 950 951
f 951 451 948
f 949 2714 952
f 950 953 954
f 954 454 951
f 954 955 956
f 956 455 454
f 956 957 958
f 958 457 455
f 955 2723 959
f 957 960 462
f 462 460 958
f 959 2726 961
f 960 962 465
f 960 463 462
f 961 2729 963
f 962 964 469
f 962 466 465
f 963 2730 965
f 964 966 967
f 967 470 469
f 965 2789 968
f 966 969 970
f 970 473 967
f 968 2743 971
f 969 972 973
f 973 476 970
f 971 2742 974
f 972 975 976
f 976 479 973
f 974 2746 977
f 975 978 979
f 979 481 976
f 977 2747 980
f 980 981 485
f 978 483 979
f 981 982 983
f 983 490 488
f 981 486 485
f 983 984 985
f 985 492 490
f 985 986 987
f 987 988 492
f 988 493 492
f 988 989 990
f 990 991 496
f 501 497 496
f 990 993 992
f 991 503 501
f 993 995 994
f 992 506 503
f 995 998 996
f 994 997 506
f 998 2768 999
f 996 1000 997
f 1001 507 997
f 999 2770 1002
f 1000 1003 1001
f 514 510 1001
f 1002 2774 1004
f 1003 1005 514
f 519 515 514
f 1004 2777 1006
f 1005 1007 519
f 1007 520 519
f 1006 2699 1008
f 1008 1009 524
f 1009 525 524
f 1009 1010 1011
f 1011 1012 529
f 1012 530 529
f 1012 1013 1014
f 1014 1015 533
f 1015 534 533
f 1015 1017 1018
f 1018 1019 1016
f 542 538 1016
f 1019 1020 1021
f 1019 1022 542
f 1022 543 542
f 1022 184 1023
f 1023 1024 547
f 1024 548 547
f 1024 1025 1026
f 1026 554 552
f 1026 1027 1028
f 1028 1031 554
f 1028 1029 1030
f 1030 1032 1031
f 1033 557 1031
f 1032 1034 1035
f 1032 1036 1033
f 1037 559 1033
f 1035 1385 1038
f 1036 1039 1037
f 1040 562 1037
f 1038 2681 1041
f 1039 1042 1040
f 568 566 1040
f 1041 2680 1043
f 1042 1044 568
f 1044 569 568
f 1043 2679 1046
f 1046 1047 1045
f 1047 1048 1049
f 1047 1050 1051
f 1047 1052 1045
f 1052 1053 1054
f 1054 1056 1055
f 1055 569 1045
f 1056 1057 1058
f 1058 1059 572
f 1056 570 1055
f 1059 1060 1061
f 1061 1063 1062
f 1059 573 572
f 1063 1065 1064
f 1062 575 573
f 1065 1067 1066
f 1064 577 575
f 1067 1069 1068
f 1066 580 577
f 1069 1071 1070
f 1068 583 580
f 1071 101 1072
f 1070 1073 583
f 101 2473 1074
f 1072 1075 1073
f 1076 584 1073
f 1074 2477 1077
f 1075 1078 1076
f 1079 587 1076
f 1077 2678 1080
f 1078 1081 1079
f 1082 590 1079
f 1080 2677 1083
f 1081 1084 1082
f 598 594 1082
f 1083 2676 1085
f 1084 1086 598
f 1086 599 598
f 1085 2675 1087
f 1087 1088 603
f 1088 604 603
f 1088 1089 1090
f 1090 1091 607
f 1091 608 607
f 1091 1093 1094
f 1094 1095 1092
f 1096 611 1092
f 1095 1097 1098
f 1095 1099 1096
f 1100 614 1096
f 1098 2674 1101
f 1099 1102 1100
f 620 618 1100
f 1101 2673 1103
f 1103 1104 620
f 1104 621 620
f 1104 1106 1107
f 1107 1108 1105
f 1108 1110 1105
f 1108 1111 1112
f 1112 1113 1109
f 1113 209 1109
f 1113 137 135
f 135 1114 210
f 1114 134 1115
f 1115 1117 1116
f 1114 207 210
f 1117 1120 1118
f 1116 1119 207
f 1120 2525 1121
f 1118 1122 1119
f 1123 208 1119
f 1121 2530 1124
f 1122 1125 1123
f 1126 2683 1123
f 1124 1128 1127
f 1125 624 1126
f 1128 1130 1129
f 1127 626 624
f 1130 1133 1131
f 1129 1132 626
f 1133 2538 1134
f 1131 1135 1132
f 630 627 1132
f 1134 1138 1136
f 1135 1137 630
f 1138 1139 709
f 1136 707 1137
f 1139 1140 1141
f 1141 1143 1142
f 1139 710 709
f 1143 1145 1144
f 1142 712 710
f 1145 1147 1146
f 1144 714 712
f 1147 1149 1148
f 1146 717 714
f 1149 1151 1150
f 1148 719 717
f 1151 1153 1152
f 1150 721 719
f 1152 1154 1155
f 1152 1156 721
f 1154 2288 1157
f 1155 1158 1156
f 1159 722 1156
f 1157 2290 1160
f 1158 1161 1159
f 1162 725 1159
f 1160 2294 1163
f 1161 1164 1162
f 1165 729 1162
f 1163 2298 1166
f 1164 1167 1165
f 1167 733 1165
f 1166 2301 1168
f 1167 1169 736
f 1169 737 736
f 1168 2304 1170
f 1170 1171 740
f 1171 741 740
f 1171 1173 1174
f 1174 1175 1172
f 1175 744 1172
f 1175 1176 1177
f 1177 1178 747
f 1178 748 747
f 1178 1179 1180
f 1180 1181 752
f 1181 753 752
f 1181 1182 1183
f 1183 759 757
f 1183 1184 1185
f 1185 762 759
f 1185 1186 1187
f 1187 764 762
f 1187 1188 1189
f 1189 1190 764
f 1190 765 764
f 1190 1191 1192
f 1192 1193 768
f 1193 769 768
f 1193 90 89
f 89 86 771
f 1192 1194 90
f 1191 2682 1195
f 1194 1196 1197
f 1197 87 90
f 1197 1198 1199
f 1199 88 87
f 1199 1200 1201
f 1201 1202 88
f 1202 85 88
f 1202 1204 1205
f 1205 1206 1203
f 1206 1208 1203
f 1206 1209 1210
f 1210 1211 1207
f 1211 1213 1207
f 1211 1214 1215
f 1215 1216 1212
f 1216 775 1212
f 1215 2341 1218
f 1218 1219 1217
f 1219 779 1217
f 1219 1221 1222
f 1222 1223 1220
f 1223 782 1220
f 1223 1225 1226
f 1226 812 1224
f 1222 1221 1227
f 1225 1228 1229
f 1229 814 1226
f 1228 1230 1231
f 1231 1233 1232
f 1232 817 1229
f 1233 1235 1234
f 1234 818 817
f 1235 1236 1237
f 1237 1238 825
f 1235 822 1234
f 1238 1239 1240
f 1240 14 13
f 1238 826 825
f 1239 2351 1241
f 1240 1242 14
f 1241 2356 1243
f 1242 1244 1245
f 1245 10 14
f 1243 2273 1246
f 1244 1247 1248
f 1248 177 1245
f 1248 1249 1250
f 1250 178 177
f 1250 1251 1252
f 1250 1253 178
f 1253 179 178
f 1252 1632 1255
f 1255 1256 1254
f 1256 1257 1258
f 1258 1646 1259
f 1256 1260 1254
f 1259 1649 1261
f 1260 1262 1263
f 1263 179 1254
f 1261 1652 1264
f 1262 1265 1266
f 1266 180 1263
f 1266 1267 1268
f 1268 1271 180
f 1268 1269 1270
f 1270 1272 1271
f 1272 11 1271
f 1270 1666 1273
f 1272 1274 16
f 1274 15 16
f 1273 1670 1276
f 1276 1277 1275
f 1277 830 1275
f 1277 1278 1279
f 1279 834 832
f 1279 1280 1281
f 1281 1282 834
f 1282 835 834
f 1282 1283 1284
f 1284 1285 838
f 1285 839 838
f 1285 1286 1287
f 1287 1288 842
f 1288 843 842
f 1288 1290 1291
f 1291 1292 1289
f 1293 845 1289
f 1292 1294 1295
f 1292 1296 1293
f 851 848 1293
f 1295 1690 1297
f 1296 1298 851
f 1299 852 851
f 1297 1694 1300
f 1298 1301 1299
f 1302 855 1299
f 1300 1697 1303
f 1301 1304 1302
f 1305 858 1302
f 1303 1700 1306
f 1304 1307 1305
f 1308 861 1305
f 1306 1712 1309
f 1307 1310 1308
f 868 863 1308
f 1309 1312 1311
f 1310 869 868
f 1312 1314 1313
f 1311 871 869
f 1314 1316 1315
f 1315 872 871
f 1315 1317 1318
f 1318 874 872
f 1318 1319 1320
f 1320 1321 874
f 1321 1322 1323
f 1323 880 878
f 1321 875 874
f 1323 1324 1325
f 1325 882 880
f 1325 1326 1327
f 1327 885 882
f 1327 1328 1329
f 1329 1330 885
f 1330 1331 1332
f 1332 1333 888
f 1330 886 885
f 1333 1334 1335
f 1335 1337 1336
f 1333 889 888
f 1337 1338 1339
f 1337 1340 1341
f 1341 892 1336
f 1341 1342 1343
f 1343 893 892
f 1343 1344 1345
f 1345 895 893
f 1342 1742 1346
f 1344 1347 1348
f 1348 899 1345
f 1346 1745 1349
f 1347 1350 903
f 903 901 1348
f 1349 1748 1351
f 1350 1352 907
f 1350 904 903
f 1351 1360 1353
f 1353 1355 1354
f 1352 908 907
f 1353 1357 36
f 1355 35 1356
f 1356 911 1354
f 1358 1361 1359
f 1357 34 36
f 1357 1360 1358
f 1361 1364 1362
f 1359 1363 34
f 1364 1757 1365
f 1362 1366 1363
f 1365 1763 1367
f 1366 1368 1369
f 1369 32 1363
f 183 33 32
f 1369 1370 183
f 1370 1372 183
f 1370 1373 1374
f 1374 1375 1371
f 1375 1029 1371
f 1375 1377 1378
f 1378 1379 1376
f 1379 1034 1376
f 1379 1381 1382
f 1382 1383 1380
f 1383 1385 1380
f 1383 1386 1387
f 1387 1388 1384
f 1389 2681 1384
f 1388 1390 1391
f 1388 1392 1389
f 1393 2680 1389
f 1391 1779 1394
f 1392 1395 1393
f 1396 2679 1393
f 1394 1783 1397
f 1395 1398 1396
f 1399 1048 1396
f 1397 1786 1400
f 1398 1401 1399
f 1402 1410 1399
f 1400 1789 1403
f 1401 1404 1402
f 1403 1793 151
f 1404 150 1405
f 1405 1406 1402
f 1406 1407 1408
f 1408 1411 1409
f 1406 1410 1402
f 1411 1412 1050
f 1409 1049 1410
f 1412 1413 1414
f 1414 1415 1053
f 1412 1051 1050
f 1415 1416 1417
f 1417 1418 1057
f 1415 1054 1053
f 1418 1419 1420
f 1420 1421 1060
f 1418 1058 1057
f 1421 1422 1423
f 1423 1425 1424
f 1421 1061 1060
f 1425 1427 1426
f 1424 1063 1061
f 1427 1429 1428
f 1426 1065 1063
f 1428 1430 1431
f 1428 1067 1065
f 1431 40 39
f 1431 1069 1067
f 1429 1434 1432
f 1430 1433 40
f 1434 1829 1435
f 1435 1436 1433
f 1436 1437 1438
f 1438 1440 1439
f 1436 41 1433
f 1440 1443 1441
f 1439 1442 41
f 1443 1844 1444
f 1441 1445 1442
f 1446 42 1442
f 1444 1847 1447
f 1445 1448 1446
f 1449 1557 1446
f 1447 1850 1450
f 1448 1451 1449
f 1451 1453 1449
f 1450 1853 1454
f 1454 1455 1452
f 1455 1457 1452
f 1455 1458 1459
f 1459 1460 1456
f 1460 1462 1456
f 1460 1463 1464
f 1464 1465 1461
f 1465 1467 1461
f 1465 1468 1469
f 1469 1470 1466
f 1471 1544 1466
f 1470 1472 1473
f 1470 1474 1471
f 1475 1541 1471
f 1473 1866 1476
f 1474 1477 1475
f 1478 1538 1475
f 1476 1870 1479
f 1477 1480 1478
f 1481 1533 1478
f 1479 1908 1482
f 1480 1483 1481
f 1484 1529 1481
f 1482 1905 1485
f 1483 1486 1484
f 1487 1525 1484
f 1485 1903 1488
f 1486 1489 1487
f 1489 1491 1487
f 1488 1902 1492
f 1492 1493 1490
f 1493 1495 1490
f 1493 1496 1497
f 1497 1498 1494
f 1498 82 1494
f 1497 1909 1500
f 1498 1501 1499
f 1500 1913 1502
f 1501 1503 1504
f 1504 1505 1499
f 1505 1506 1507
f 1507 80 79
f 79 82 1499
f 1507 1508 1509
f 1509 1510 80
f 1510 83 80
f 1510 1512 1513
f 1513 1514 1511
f 1514 1515 1516
f 1516 1592 1517
f 1514 1518 1511
f 1517 1523 1519
f 1518 1520 1521
f 1521 83 1511
f 1519 1522 1491
f 1520 1490 1495
f 1495 81 1521
f 1522 1523 1524
f 1524 1526 1525
f 1522 1487 1491
f 1526 1527 1528
f 1528 1530 1529
f 1526 1484 1525
f 1530 1531 1532
f 1532 1534 1533
f 1530 1481 1529
f 1534 1535 1536
f 1534 1537 1538
f 1538 1478 1533
f 1536 1581 1539
f 1537 1540 1541
f 1541 1475 1538
f 1539 1577 1542
f 1540 1543 1544
f 1544 1471 1541
f 1542 1574 1545
f 1543 1546 1467
f 1467 1466 1544
f 1545 1571 1547
f 1547 1548 1462
f 1546 1461 1467
f 1548 1549 1550
f 1550 1551 1457
f 1548 1456 1462
f 1551 1552 1553
f 1553 1554 1453
f 1551 1452 1457
f 1554 1555 1556
f 1556 43 1557
f 1554 1449 1453
f 1556 1558 1559
f 1559 44 43
f 1558 1561 1562
f 1562 98 1559
f 1555 1563 1560
f 1563 1565 1560
f 1563 1553 1552
f 1552 1566 1564
f 1566 1568 1564
f 1566 1550 1549
f 1549 1569 1567
f 1570 2455 1567
f 1549 1547 1571
f 1569 1572 1570
f 1573 1613 1570
f 1571 1545 1574
f 1572 1575 1573
f 1576 1612 1573
f 1574 1542 1577
f 1575 1578 1576
f 1578 1580 1576
f 1577 1539 1581
f 1581 1582 1579
f 1582 1584 1579
f 1582 1536 1535
f 1535 1585 1583
f 1585 1587 1583
f 1585 1532 1531
f 1531 1588 1586
f 1588 1590 1586
f 1588 1528 1527
f 1527 1591 1589
f 1591 1593 1589
f 1591 1524 1523
f 1523 1517 1592
f 1593 1595 1596
f 1596 1590 1589
f 1592 1516 1594
f 1596 1597 1598
f 1598 1599 1590
f 1599 1600 1601
f 1601 1602 1587
f 1599 1586 1590
f 1602 1603 1604
f 1604 1605 1584
f 1602 1583 1587
f 1605 1606 1607
f 1607 1608 1580
f 1605 1579 1584
f 1608 1609 1610
f 1608 1611 1612
f 1608 1576 1580
f 1610 1614 118
f 1611 117 1613
f 1613 1573 1612
f 1614 1616 1617
f 1614 120 118
f 1610 1609 1615
f 1617 1618 1619
f 1619 96 120
f 1618 1621 1622
f 1622 94 1619
f 1616 1623 1620
f 1623 1625 1620
f 1623 1615 1626
f 1626 1627 1624
f 1627 1247 1624
f 1627 1628 1629
f 1629 1251 1249
f 1629 1606 1630
f 1630 1631 1251
f 1631 1252 1251
f 1631 1603 1633
f 1633 1634 1632
f 1257 1255 1632
f 1634 1600 1635
f 1634 1636 1257
f 1636 1258 1257
f 1636 1597 1638
f 1638 1639 1637
f 1639 1640 1641
f 1641 1931 1642
f 1639 1643 1637
f 1642 1936 1644
f 1643 1645 1646
f 1646 1258 1637
f 1644 1939 1647
f 1645 1648 1649
f 1649 1259 1646
f 1647 1942 1650
f 1648 1651 1652
f 1652 1261 1649
f 1651 1653 1654
f 1654 1656 1655
f 1655 1264 1652
f 1655 1657 1658
f 1658 1265 1264
f 1658 1659 1660
f 1660 1267 1265
f 1660 1661 1662
f 1662 1269 1267
f 1662 1663 1664
f 1664 1665 1269
f 1665 1270 1269
f 1665 1667 1668
f 1668 1669 1666
f 1670 1273 1666
f 1669 1671 1672
f 1669 1673 1670
f 1278 1276 1670
f 1672 1675 1674
f 1673 1280 1278
f 1675 2260 1676
f 1674 1677 1280
f 1677 1281 1280
f 1677 1678 1679
f 1679 1680 1283
f 1680 1284 1283
f 1680 1681 1682
f 1682 1683 1286
f 1683 1287 1286
f 1683 1684 1685
f 1685 1686 1290
f 1686 1291 1290
f 1686 1687 1688
f 1688 1689 1294
f 1689 1295 1294
f 1689 1691 1692
f 1692 1693 1690
f 1694 1297 1690
f 1693 218 1695
f 1693 1696 1694
f 1697 1300 1694
f 1695 1702 1698
f 1696 1699 1697
f 1700 1303 1697
f 1698 164 162
f 1699 1701 1700
f 1702 1703 164
f 1703 217 220
f 220 1705 1704
f 1703 163 164
f 1705 1708 1706
f 1704 1707 163
f 1708 1713 1709
f 1706 1710 1707
f 1710 1316 1314
f 1314 1312 1711
f 1710 161 1707
f 1312 1309 1712
f 1711 1701 161
f 1713 1317 1316
f 1713 1714 1715
f 1715 1319 1317
f 1715 1716 1717
f 1717 1718 1319
f 1718 1719 1720
f 1720 1324 1322
f 1718 1320 1319
f 1720 1721 1722
f 1722 1326 1324
f 1721 1724 1723
f 1723 1328 1326
f 1724 2263 1725
f 1723 1726 1328
f 1725 2262 1727
f 1727 1728 1331
f 1726 1329 1328
f 1728 1729 1730
f 1730 1731 1334
f 1728 1332 1331
f 1731 1732 1733
f 1733 1734 1338
f 1731 1335 1334
f 1734 1735 1736
f 1736 1738 1737
f 1734 1339 1338
f 1737 1739 1740
f 1740 1340 1339
f 1740 1741 1742
f 1742 1342 1340
f 1739 2251 1743
f 1741 1744 1745
f 1745 1346 1742
f 1743 2249 1746
f 1744 1747 1748
f 1748 1349 1745
f 1746 1750 1749
f 1747 1358 1360
f 1360 1351 1748
f 1750 1752 1751
f 1749 1361 1358
f 1752 1754 1753
f 1751 1364 1361
f 1753 1755 1756
f 1753 1757 1364
f 1756 1758 1759
f 1756 1760 1757
f 1759 2041 1761
f 1760 1762 1763
f 1763 1365 1757
f 1761 2046 1764
f 1762 1765 1766
f 1766 1367 1763
f 1766 1767 1373
f 1373 1368 1367
f 1767 1374 1373
f 1765 2052 1768
f 1768 1769 1377
f 1769 1378 1377
f 1769 1770 1771
f 1771 1772 1381
f 1772 1382 1381
f 1772 1773 1774
f 1774 1775 1386
f 1775 1387 1386
f 1775 1776 1777
f 1777 1778 1390
f 1778 1391 1390
f 1778 1780 1781
f 1781 1782 1779
f 1783 1394 1779
f 1781 2063 1784
f 1782 1785 1783
f 1786 1397 1783
f 1784 2067 1787
f 1785 1788 1786
f 1789 1400 1786
f 1788 1790 1791
f 1791 1792 1789
f 1792 1403 1789
f 1792 1794 1795
f 1795 1796 1793
f 1796 151 1793
f 1796 1797 1798
f 1798 154 153
f 1798 1799 1800
f 1800 1801 154
f 1801 1802 1803
f 1803 1805 1804
f 1801 152 154
f 1805 1808 1806
f 1804 1807 152
f 1808 1810 1809
f 1806 1407 1807
f 1810 1812 1811
f 1809 1408 1407
f 1812 1813 1413
f 1811 1411 1408
f 1813 1814 1815
f 1815 1816 1416
f 1813 1414 1413
f 1816 1817 1818
f 1818 1819 1419
f 1816 1417 1416
f 1818 2104 1820
f 1819 1821 1422
f 1819 1420 1419
f 1820 2107 1822
f 1821 1823 1824
f 1824 1423 1422
f 1824 1825 1826
f 1826 1425 1423
f 1826 1827 1828
f 1828 1427 1425
f 1828 1829 1434
f 1434 1429 1427
f 1827 1830 1831
f 1831 1832 1829
f 1832 1833 1834
f 1834 1835 1437
f 1832 1435 1829
f 1835 1836 1837
f 1837 1839 1838
f 1835 1438 1437
f 1839 1841 1840
f 1838 1440 1438
f 1841 114 1842
f 1840 1443 1440
f 114 113 1843
f 1842 1844 1443
f 113 1953 1845
f 1843 1846 1844
f 1847 1444 1844
f 1845 1954 1848
f 1846 1849 1847
f 1850 1447 1847
f 1848 1957 1851
f 1849 1852 1850
f 1853 1450 1850
f 1851 1961 1854
f 1852 1855 1853
f 1458 1454 1853
f 1854 1964 1856
f 1855 1857 1458
f 1857 1459 1458
f 1856 1967 1858
f 1858 1859 1463
f 1859 1464 1463
f 1859 1860 1861
f 1861 1862 1468
f 1862 1469 1468
f 1862 1863 1864
f 1864 1865 1472
f 1865 1473 1472
f 1865 1867 1868
f 1868 1869 1866
f 1870 1476 1866
f 1869 1871 139
f 1869 1872 1870
f 1868 1873 1871
f 1867 1975 1874
f 1873 1875 1876
f 1876 140 1871
f 1876 1877 1878
f 1878 141 140
f 1879 1907 141
f 1878 1880 1879
f 1881 1901 1879
f 1877 1882 68
f 1880 67 1881
f 1882 1875 1883
f 1883 1885 1884
f 1882 70 68
f 1884 1886 1887
f 1887 71 70
f 1887 1888 1889
f 1889 1890 71
f 1890 1891 1892
f 1892 1894 1893
f 1890 69 71
f 1894 1897 1895
f 1893 1896 69
f 1897 1496 1898
f 1895 1899 1896
f 1898 1902 1900
f 1899 1901 1881
f 1881 67 1896
f 1902 1488 1903
f 1900 1904 1901
f 1903 1485 1905
f 1904 1906 1907
f 1907 1879 1901
f 1905 1482 1908
f 1906 1872 142
f 142 141 1907
f 1496 1492 1902
f 1909 1497 1496
f 1897 1910 1909
f 1894 1892 1911
f 1910 1912 1913
f 1913 1500 1909
f 1911 1988 1914
f 1912 1915 1916
f 1916 1502 1913
f 1916 199 1917
f 1917 1503 1502
f 1917 198 1918
f 1918 1919 1503
f 1919 1504 1503
f 1919 1920 1921
f 1921 1508 1506
f 1921 1922 1923
f 1923 1924 1508
f 1924 1509 1508
f 1924 1925 1926
f 1926 1927 1512
f 1927 1513 1512
f 1927 1928 1929
f 1929 1930 1515
f 1930 1641 1640
f 1640 1595 1594
f 1930 1516 1515
f 1929 1931 1641
f 1926 1925 1932
f 1928 1933 1931
f 1932 2001 1934
f 1933 1935 1936
f 1936 1642 1931
f 1934 2003 1937
f 1935 1938 1939
f 1939 1644 1936
f 1938 1940 1941
f 1941 1943 1942
f 1942 1647 1939
f 1943 1944 1945
f 1945 1946 1653
f 1943 1650 1942
f 1946 1947 1948
f 1948 1950 1949
f 1946 1654 1653
f 1950 112 1951
f 1949 1656 1654
f 1950 1952 1953
f 1953 113 112
f 1952 1845 1953
f 1948 1947 1955
f 1955 1956 1954
f 1957 1848 1954
f 1956 1958 1959
f 1956 1960 1957
f 1961 1851 1957
f 1959 2012 1962
f 1960 1963 1961
f 1964 1854 1961
f 1962 2015 1965
f 1963 1966 1964
f 1967 1856 1964
f 1965 2018 1968
f 1966 1969 1967
f 1860 1858 1967
f 1968 2021 1970
f 1969 1971 1860
f 1971 1861 1860
f 1970 1973 1972
f 1972 1975 1863
f 1973 1976 1974
f 1974 1874 1975
f 1974 1885 1883
f 1883 1875 1874
f 1976 1977 1978
f 1978 1886 1885
f 1978 1979 1980
f 1980 1888 1886
f 1980 1981 1982
f 1982 1983 1888
f 1983 1984 1985
f 1985 1988 1891
f 1983 1889 1888
f 1985 1986 1987
f 1987 1914 1988
f 1987 1989 1990
f 1990 1915 1914
f 1990 1991 200
f 200 199 1915
f 1986 2025 1992
f 1989 1993 1991
f 1992 2028 1994
f 1993 1995 1996
f 1996 196 1991
f 1997 197 196
f 1996 1998 1997
f 1999 1922 1997
f 1995 2002 2000
f 1998 2001 1999
f 2002 2004 2003
f 2003 1934 2001
f 2004 2005 2006
f 2006 2007 1940
f 2004 1937 2003
f 2007 2008 2009
f 2009 2010 1944
f 2007 1941 1940
f 2010 2011 1958
f 2010 1955 1947
f 2010 1945 1944
f 2012 1959 1958
f 2009 2008 2013
f 2011 2014 2012
f 2015 1962 2012
f 2013 2026 2016
f 2014 2017 2015
f 2018 1965 2015
f 2016 2022 2019
f 2017 2020 2018
f 2021 1968 2018
f 2019 1981 1979
f 2020 1977 2021
f 2022 2023 1981
f 2023 2024 2025
f 2025 1986 1984
f 2023 1982 1981
f 2022 2016 2026
f 2024 2027 2028
f 2028 1992 2025
f 2026 2013 2008
f 2027 2006 2005
f 2005 1994 2028
f 2002 1995 1994
f 1999 1923 1922
f 2001 1932 1925
f 1997 1920 197
f 1973 1970 2021
f 1918 198 197
f 1988 1892 1891
f 1975 1864 1863
f 1839 2029 5
f 5 4 1841
f 1837 1836 2030
f 2030 2032 2031
f 2029 2 5
f 2032 2035 2033
f 2031 2034 2
f 2035 1758 1755
f 2033 1754 2034
f 2035 2036 2037
f 2037 2038 1758
f 2038 2039 2040
f 2040 2042 2041
f 2038 1759 1758
f 2042 2043 2044
f 2042 2045 2046
f 2046 1761 2041
f 2045 2047 2048
f 2045 2049 2050
f 2050 1764 2046
f 2050 2051 2052
f 2052 1765 1764
f 2049 2136 2053
f 2051 2054 1770
f 1770 1768 2052
f 2054 1771 1770
f 2053 2140 2055
f 2055 2056 1773
f 2056 1774 1773
f 2056 2057 2058
f 2058 2059 1776
f 2059 1777 1776
f 2059 2060 2061
f 2061 2062 1780
f 2062 1781 1780
f 2062 2064 2065
f 2065 2066 2063
f 2067 1784 2063
f 2065 2147 2068
f 2066 2069 2067
f 1790 1787 2067
f 2068 2150 2070
f 2070 2071 1790
f 2071 1791 1790
f 2071 2072 2073
f 2073 2074 1794
f 2074 1795 1794
f 2074 2075 2076
f 2076 1799 1797
f 2076 2077 54
f 54 52 1799
f 2073 2072 2078
f 2075 2079 2077
f 2079 2080 2081
f 2081 2083 2082
f 2079 53 2077
f 2083 2086 2084
f 2082 2085 53
f 2086 2164 2087
f 2084 2088 2085
f 2089 51 2085
f 2087 2168 2090
f 2088 2091 2089
f 1803 1802 2089
f 2090 2093 2092
f 2091 1805 1803
f 2093 2095 2094
f 2092 1808 1805
f 2095 2097 2096
f 2094 1810 1808
f 2097 2098 1814
f 2096 1812 1810
f 2098 2099 2100
f 2100 2101 1817
f 2098 1815 1814
f 2100 2176 2102
f 2101 2103 2104
f 2104 1818 1817
f 2103 2105 2106
f 2106 2108 2107
f 2107 1820 2104
f 2108 2109 2110
f 2110 2112 2111
f 2108 1822 2107
f 2112 2114 2113
f 2111 1823 1822
f 2114 2115 1830
f 2113 1825 1823
f 2115 2116 2117
f 2117 2118 1833
f 2115 1831 1830
f 2118 2119 2120
f 2120 2030 1836
f 2118 1834 1833
f 2119 2121 2036
f 2120 2032 2030
f 2121 2122 2123
f 2123 2124 2039
f 2121 2037 2036
f 2124 2125 2126
f 2126 2127 2043
f 2124 2040 2039
f 2127 2128 2129
f 2129 2130 2047
f 2127 2044 2043
f 2130 2131 2132
f 2132 2134 2133
f 2130 2048 2047
f 2133 2135 2136
f 2136 2049 2048
f 2135 2137 2138
f 2135 2139 2140
f 2140 2053 2136
f 2057 2055 2140
f 2138 2203 2141
f 2139 2142 2057
f 2142 2058 2057
f 2141 2206 2143
f 2143 2144 2060
f 2144 2061 2060
f 2143 2208 2145
f 2144 2146 2064
f 2147 2065 2064
f 2145 2211 2148
f 2146 2149 2147
f 2150 2068 2147
f 2148 2154 2151
f 2149 2152 2150
f 2152 2070 2150
f 2151 2153 2080
f 2080 2078 2072
f 2153 2154 2155
f 2155 2157 2156
f 2153 2081 2080
f 2157 2159 2158
f 2156 2083 2081
f 2159 2161 2160
f 2158 2086 2083
f 2160 2162 2163
f 2160 2164 2086
f 2163 2165 2166
f 2163 2167 2164
f 2168 2087 2164
f 2166 2245 2169
f 2167 2170 2168
f 2093 2090 2168
f 2169 2172 2171
f 2170 2095 2093
f 2172 2173 2099
f 2171 2097 2095
f 2173 2174 2175
f 2175 2177 2176
f 2173 2100 2099
f 2177 2178 2179
f 2179 2180 2105
f 2177 2102 2176
f 2180 2181 2182
f 2182 2183 2109
f 2180 2106 2105
f 2183 2184 2185
f 2185 2187 2186
f 2183 2110 2109
f 2187 2189 2188
f 2186 2112 2110
f 2189 2122 2116
f 2188 2114 2112
f 2187 2190 2125
f 2189 2123 2122
f 2190 2185 2191
f 2191 2192 2128
f 2190 2126 2125
f 2192 2193 2194
f 2194 2195 2131
f 2192 2129 2128
f 2195 2196 2197
f 2197 2199 2198
f 2195 2132 2131
f 2199 2200 2137
f 2198 2134 2132
f 2200 2201 2202
f 2202 2204 2203
f 2200 2138 2137
f 2204 193 2205
f 2205 2207 2206
f 2204 2141 2203
f 2208 2143 2206
f 2205 194 2209
f 2207 2210 2208
f 2211 2145 2208
f 2209 2247 2212
f 2210 2213 2211
f 2154 2148 2211
f 2212 2215 2214
f 2213 2155 2154
f 2215 2217 2216
f 2214 2157 2155
f 2217 130 129
f 2216 2159 2157
f 2217 2218 2219
f 2219 131 130
f 2219 2220 2221
f 2221 2222 131
f 2222 132 131
f 2222 2224 2225
f 2225 2226 2223
f 2226 2228 2223
f 2226 2229 2230
f 2230 2231 2227
f 2231 2233 2227
f 2231 2234 2235
f 2235 2178 2232
f 2235 2236 2181
f 2235 2179 2178
f 2234 2238 2237
f 2236 2193 2184
f 2184 2182 2181
f 2238 2239 2196
f 2237 2194 2193
f 2239 2229 2240
f 2240 2242 2241
f 2239 2197 2196
f 2242 2244 2201
f 2241 2199 2197
f 2242 2224 2243
f 2243 191 2244
f 2243 2221 2220
f 2220 192 191
f 2240 2225 2224
f 2238 2230 2229
f 2233 2166 2165
f 2165 2228 2227
f 2232 2174 2245
f 2178 2175 2174
f 2228 2162 2246
f 2246 132 2223
f 2218 2247 192
f 2215 2212 2247
f 2247 194 192
f 2202 2244 193
f 2191 2185 2184
f 2172 2169 2245
f 2161 128 2246
f 2161 129 128
f 2122 2117 2116
f 1802 52 51
f 1800 1799 52
f 1752 3 2034
f 1752 2248 3
f 1750 2249 2248
f 2250 7 2248
f 2249 2251 2250
f 2252 8 7
f 2250 2253 2252
f 2253 2255 2252
f 2251 1739 1738
f 1738 1736 2254
f 2255 1661 2256
f 2256 8 2252
f 2254 2257 1663
f 2257 1664 1663
f 2257 1736 1735
f 1735 2258 1667
f 2258 1668 1667
f 2258 1733 1732
f 1732 2259 1671
f 1675 1672 1671
f 2259 1730 1729
f 2259 2260 1675
f 2256 1659 2261
f 2261 6 8
f 1729 2262 2260
f 1678 1676 2260
f 2262 2263 1678
f 2263 1679 1678
f 1724 2264 1681
f 2264 1682 1681
f 2264 1721 2265
f 2265 2266 1684
f 2266 1685 1684
f 2266 2267 2268
f 2268 2269 1687
f 2269 1688 1687
f 2269 2270 2271
f 2271 221 1691
f 2268 2267 1716
f 2270 1714 2272
f 2272 219 2271
f 2272 1708 1705
f 1705 220 219
f 2265 1721 1719
f 2267 1717 1716
f 1702 218 217
f 1692 221 218
f 1657 111 2261
f 1656 1951 111
f 1638 1597 1595
f 1635 1598 1597
f 1633 1601 1600
f 1630 1604 1603
f 1626 1615 1609
f 1628 1607 1606
f 1625 2273 2274
f 2274 1621 1620
f 1624 1247 1246
f 2274 2275 2276
f 2276 2277 1621
f 2277 2278 2279
f 2279 2281 2280
f 2277 1622 1621
f 2281 2282 95
f 2280 94 1622
f 2282 2283 2284
f 2284 2287 2285
f 2282 2286 95
f 2287 2289 2288
f 2289 1157 2288
f 2289 2291 2292
f 2292 2293 2290
f 2294 1160 2290
f 2293 2295 2296
f 2293 2297 2294
f 2298 1163 2294
f 2296 2372 2299
f 2297 2300 2298
f 2301 1166 2298
f 2299 2376 2302
f 2300 2303 2301
f 2304 1168 2301
f 2302 2380 2305
f 2303 2306 2304
f 1173 1170 2304
f 2305 2383 2307
f 2306 2308 1173
f 2308 1174 1173
f 2307 2386 2309
f 2309 2310 1176
f 2310 1177 1176
f 2309 2389 2311
f 2311 2312 1179
f 2312 1180 1179
f 2312 2313 2314
f 2314 1184 1182
f 2314 2315 2316
f 2316 1186 1184
f 2316 2317 2318
f 2318 1188 1186
f 2317 2320 2319
f 2319 2682 1188
f 2320 2322 2321
f 2319 1195 2682
f 2322 2324 2323
f 2323 1196 1195
f 2323 2325 2326
f 2326 1198 1196
f 2326 2327 2328
f 2328 1200 1198
f 2328 2329 2330
f 2330 2331 1200
f 2331 1201 1200
f 2331 2332 2333
f 2333 2334 1204
f 2334 1205 1204
f 2334 2335 2336
f 2336 2337 1209
f 2337 1210 1209
f 2337 2338 2339
f 2339 2340 1214
f 2341 1215 1214
f 2340 2342 2343
f 2340 2344 2341
f 1221 1218 2341
f 2343 2345 1230
f 2344 1227 1221
f 2343 2342 2346
f 2346 2348 2347
f 2345 1231 1230
f 2348 2349 1236
f 2347 1233 1231
f 2348 2352 2350
f 2349 2351 1239
f 2349 1237 1236
f 2352 2421 2353
f 2350 2354 2351
f 2353 2357 2355
f 2354 2275 2356
f 2356 1241 2351
f 2357 2358 2278
f 2355 2276 2275
f 2358 2359 2360
f 2360 2362 2361
f 2358 2279 2278
f 2362 2363 2283
f 2361 2281 2279
f 2363 2364 2365
f 2365 2367 2366
f 2363 2284 2283
f 2367 2368 2291
f 2366 2287 2284
f 2368 2292 2291
f 2368 2369 2370
f 2370 2371 2295
f 2371 2296 2295
f 2371 2373 2374
f 2374 2375 2372
f 2376 2299 2372
f 2375 2377 2378
f 2375 2379 2376
f 2380 2302 2376
f 2378 2436 2381
f 2379 2382 2380
f 2383 2305 2380
f 2381 2440 2384
f 2382 2385 2383
f 2386 2307 2383
f 2384 2454 2387
f 2385 2388 2386
f 2389 2309 2386
f 2387 2453 2390
f 2388 2391 2389
f 2313 2311 2389
f 2390 2393 2392
f 2391 2315 2313
f 2393 2395 2394
f 2392 2317 2315
f 2395 48 2396
f 2394 2320 2317
f 48 2398 2397
f 2396 2322 2320
f 2398 2400 2399
f 2397 2324 2322
f 2399 2401 2402
f 2402 2325 2324
f 2402 2403 2404
f 2404 2327 2325
f 2404 2405 2406
f 2406 2329 2327
f 2406 2407 2408
f 2408 2409 2329
f 2409 2330 2329
f 2409 2410 2411
f 2411 2412 2332
f 2412 2333 2332
f 2412 2413 2414
f 2414 2415 2335
f 2415 2336 2335
f 2415 2416 2417
f 2417 2418 2338
f 2418 2339 2338
f 2418 2419 2420
f 2420 2346 2342
f 2420 2421 2352
f 2352 2348 2346
f 2417 2416 2422
f 2419 2359 2421
f 2416 2424 2423
f 2422 2360 2359
f 2424 2425 2364
f 2423 2362 2360
f 2425 2413 2426
f 2426 2428 2427
f 2425 2365 2364
f 2428 2429 2369
f 2427 2367 2365
f 2429 2430 2431
f 2431 2432 2373
f 2429 2370 2369
f 2432 2374 2373
f 2432 2433 2434
f 2434 2435 2377
f 2435 2378 2377
f 2435 2437 2438
f 2438 2439 2436
f 2440 2381 2436
f 2438 2446 158
f 2439 2441 2440
f 2438 2442 2446
f 2442 2444 2445
f 2445 156 2446
f 2437 2447 2443
f 2447 2403 2443
f 2447 2434 2433
f 2433 2407 2405
f 2445 2448 2449
f 2449 157 156
f 2449 49 47
f 47 2450 157
f 2451 2453 2452
f 2450 159 157
f 2450 46 2451
f 2453 2387 2454
f 2452 2441 159
f 2393 2390 2453
f 2451 2395 2393
f 2448 2398 49
f 2444 2401 2400
f 2443 2403 2401
f 2431 2430 2407
f 2430 2408 2407
f 2428 2426 2410
f 2426 2411 2410
f 2424 2414 2413
f 2454 2440 2441
f 2357 2353 2421
f 2273 1243 2356
f 1613 2455 1570
f 1568 2456 2457
f 2457 1565 1564
f 1568 2455 116
f 2457 2458 2459
f 2459 2460 1565
f 2460 2461 2462
f 2462 2463 1561
f 2460 1560 1565
f 2463 2464 2465
f 2465 2467 2466
f 2463 1562 1561
f 2467 2468 99
f 2466 98 1562
f 2468 2469 2470
f 2470 2474 2471
f 2468 100 99
f 2471 2473 100
f 2474 2475 2472
f 2475 2477 2472
f 2475 2478 2479
f 2479 2480 2476
f 2481 2678 2476
f 2480 2482 2483
f 2480 2484 2481
f 2485 2677 2481
f 2483 2574 2486
f 2484 2487 2485
f 2488 2676 2485
f 2486 2578 2489
f 2487 2490 2488
f 2491 2675 2488
f 2489 2582 2492
f 2490 2493 2491
f 2494 1089 2491
f 2492 2585 2495
f 2493 2496 2494
f 2497 1093 2494
f 2495 2588 2498
f 2496 2499 2497
f 2499 1097 2497
f 2498 2591 2501
f 2499 2502 2500
f 2503 2674 2500
f 2501 2594 2504
f 2502 2505 2503
f 2506 2673 2503
f 2504 2597 2507
f 2505 2508 2506
f 2509 1106 2506
f 2507 2600 2510
f 2508 2511 2509
f 2511 1111 2509
f 2510 2514 2513
f 2511 136 2512
f 2514 2517 2515
f 2513 2516 136
f 2517 2606 2518
f 2515 2519 2516
f 1115 134 2516
f 2518 2521 2520
f 2519 1117 1115
f 2521 2523 2522
f 2520 1120 1117
f 2523 2526 2524
f 2522 2525 1120
f 2524 2527 2528
f 2524 2529 2525
f 2530 1121 2525
f 2528 2620 2531
f 2529 2532 2530
f 1128 1124 2530
f 2531 2534 2533
f 2532 1130 1128
f 2534 2536 2535
f 2533 1133 1130
f 2536 2539 2537
f 2535 2538 1133
f 2539 2541 2540
f 2537 1140 2538
f 2541 2543 2542
f 2540 1141 1140
f 2543 2545 2544
f 2542 1143 1141
f 2545 2547 2546
f 2544 1145 1143
f 2547 2549 2548
f 2546 1147 1145
f 2549 119 2550
f 2548 1149 1147
f 119 93 92
f 2550 1151 1149
f 2547 2553 2551
f 2549 2552 119
f 2553 2554 2458
f 2551 2456 2552
f 2554 2555 2556
f 2556 2557 2461
f 2554 2459 2458
f 2557 2558 2559
f 2559 2560 2464
f 2557 2462 2461
f 2560 2561 2562
f 2562 2564 2563
f 2560 2465 2464
f 2564 2565 2469
f 2563 2467 2465
f 2565 2566 2567
f 2565 2568 2569
f 2569 2470 2469
f 2568 2570 2478
f 2569 2474 2470
f 2570 2479 2478
f 2570 2571 2572
f 2572 2573 2482
f 2573 2483 2482
f 2573 2575 2576
f 2576 2577 2574
f 2578 2486 2574
f 2577 2579 2580
f 2577 2581 2578
f 2582 2489 2578
f 2580 2647 2583
f 2581 2584 2582
f 2585 2492 2582
f 2583 214 2586
f 2584 2587 2585
f 2588 2495 2585
f 2586 215 2589
f 2587 2590 2588
f 2591 2498 2588
f 2589 2658 2592
f 2590 2593 2591
f 2594 2501 2591
f 2592 2657 2595
f 2593 2596 2594
f 2597 2504 2594
f 2595 56 2598
f 2596 2599 2597
f 2600 2507 2597
f 2598 59 2601
f 2599 2602 2600
f 2514 2510 2600
f 2601 2604 2603
f 2602 2517 2514
f 2604 2607 2605
f 2603 2606 2517
f 2605 2608 2609
f 2605 2610 2606
f 2610 2518 2606
f 2610 2611 2612
f 2612 2523 2521
f 2612 2613 2614
f 2614 2526 2523
f 2614 2615 2616
f 2616 2527 2526
f 2616 2617 2618
f 2618 2619 2527
f 2619 2528 2527
f 2619 2621 2622
f 2622 2623 2620
f 2534 2531 2620
f 2623 2624 2625
f 2623 2536 2534
f 2625 2626 2627
f 2625 2539 2536
f 2627 2628 2629
f 2629 2541 2539
f 2629 2558 2630
f 2630 2543 2541
f 2630 2556 2555
f 2555 2545 2543
f 2626 2631 2561
f 2628 2559 2558
f 2631 2624 2632
f 2632 2634 2633
f 2631 2562 2561
f 2634 2635 2566
f 2633 2564 2562
f 2635 2636 2637
f 2637 2639 2638
f 2635 2567 2566
f 2639 2640 2571
f 2571 2568 2567
f 2640 2641 2642
f 2642 2643 2575
f 2640 2572 2571
f 2643 2576 2575
f 2643 2644 2645
f 2645 2646 2579
f 2646 2580 2579
f 2646 2648 2649
f 2649 2652 2647
f 2649 2650 2651
f 2651 212 2652
f 2651 2653 2654
f 2654 213 212
f 2654 2655 2656
f 2656 2658 213
f 2657 2592 2658
f 2656 57 2657
f 2655 58 57
f 2653 2660 2659
f 2660 2662 2659
f 2660 2650 2663
f 2663 2664 2661
f 2664 2608 2661
f 2664 2666 2667
f 2667 2668 2665
f 2668 2611 2665
f 2668 2669 2670
f 2670 2615 2613
f 2670 2641 2671
f 2671 2617 2615
f 2671 2639 2637
f 2637 2636 2617
f 2667 2666 2644
f 2669 2642 2641
f 2663 2650 2648
f 2666 2645 2644
f 2665 2609 2608
f 2607 2604 2672
f 2672 58 2659
f 2661 2608 2607
f 2636 2618 2617
f 2634 2632 2621
f 2632 2622 2621
f 2604 59 2672
f 2657 57 56
f 2658 215 213
f 2647 2652 214
f 2553 2547 2545
f 2509 1107 1106
f 2506 1103 2673
f 2673 1101 2674
f 2500 1098 1097
f 2497 1094 1093
f 2494 1090 1089
f 1089 1087 2675
f 2675 1085 2676
f 2676 1083 2677
f 2677 1080 2678
f 2678 1077 2477
f 2472 1074 2473
f 116 115 2552
f 1494 82 81
f 1908 1870 1872
f 1557 42 1446
f 1405 150 1807
f 1049 1048 1399
f 1048 1046 2679
f 2679 1043 2680
f 2680 1041 2681
f 2681 1038 1385
f 1380 1035 1034
f 1376 1030 1029
f 1371 1027 1372
f 1712 1700 1701
f 1275 828 15
f 1220 780 779
f 1217 776 775
f 1212 773 1213
f 772 771 86
f 86 85 1203
f 1208 1213 772
f 2682 1189 1188
f 1153 91 2286
f 1153 92 91
f 1138 1134 2538
f 2683 1110 2685
f 2685 208 1123
f 1126 622 2684
f 1112 2512 137
f 2684 621 1105
f 1109 209 2685
f 1071 39 38
f 38 97 101
f 1025 181 1372
f 1025 184 181
f 1020 185 184
f 1018 1017 2686
f 1020 2687 185
f 2686 2693 928
f 2687 925 2688
f 2688 182 185
f 2688 923 2689
f 2689 2691 182
f 2689 921 2690
f 2690 31 2691
f 921 917 2692
f 2690 35 31
f 1017 2694 2693
f 2694 1014 1013
f 2694 2695 2696
f 2696 929 2693
f 2695 1011 1010
f 2695 2697 2698
f 2698 931 2696
f 1010 1008 2699
f 2697 2700 2701
f 2701 934 2698
f 2701 2702 2703
f 2703 935 934
f 2703 2704 2705
f 2705 937 935
f 2704 2707 2706
f 2705 940 937
f 2707 2709 2708
f 2706 943 940
f 2709 2711 2710
f 2708 946 943
f 2711 2712 2713
f 2713 2715 2714
f 2711 949 2710
f 2715 2716 2717
f 2715 2718 2719
f 2719 952 2714
f 2719 2720 2721
f 2721 953 952
f 2721 2722 2723
f 2723 955 953
f 2720 2784 2724
f 2722 2725 2726
f 2726 959 2723
f 2724 2735 2727
f 2725 2728 2729
f 2729 961 2726
f 2727 2731 145
f 2728 144 2730
f 2730 963 2729
f 2731 2733 2734
f 2734 147 145
f 2731 2735 2732
f 2734 2736 2737
f 2737 148 147
f 2737 2738 2739
f 2739 2740 148
f 2740 2741 2742
f 2742 971 2743
f 2740 146 148
f 2739 2738 2744
f 2741 2745 2746
f 2746 974 2742
f 2744 77 76
f 2745 74 2747
f 2747 977 2746
f 2738 2748 77
f 2749 2753 2750
f 2748 75 77
f 2748 2736 2749
f 2750 2752 75
f 2753 2754 2751
f 2754 2756 2751
f 2754 2757 2758
f 2758 2759 2755
f 2759 2761 2755
f 2758 2788 2762
f 2759 2763 2760
f 998 995 2760
f 2763 2764 2765
f 2765 2768 998
f 2765 2766 2767
f 2767 2769 2768
f 2770 999 2768
f 2769 2771 2772
f 2769 2773 2770
f 2774 1002 2770
f 2772 2778 2775
f 2773 2776 2774
f 2777 1004 2774
f 2775 2704 2702
f 2776 2700 2777
f 2778 2707 2704
f 2772 2771 2712
f 2778 2709 2707
f 2767 2766 2716
f 2771 2713 2712
f 2764 2780 2779
f 2766 2717 2716
f 2779 2781 2782
f 2782 2718 2717
f 2782 2783 2784
f 2784 2720 2718
f 2781 2786 2785
f 2783 2732 2735
f 2735 2724 2784
f 2785 2757 2787
f 2787 2733 2732
f 2787 2753 2749
f 2749 2736 2733
f 2786 2758 2757
f 2786 2780 2788
f 2780 2762 2788
f 993 990 989
f 989 2756 2755
f 2761 995 993
f 2756 987 986
f 986 2752 2751
f 2699 1006 2777
f 984 73 2752
f 982 74 73
f 980 2747 74
f 2743 2789 146
f 2730 144 2789
f 2692 1356 35
f 1224 783 782
f 778 761 126
f 728 168 724
f 1137 631 630
f 650 25 586
f 579 26 561
f 697 203 509
f 440 438 942
f 330 445 310
f 806 295 167
f 292 105 108
f 22 17 20
f 169 107 716
f 2285 1154 2286

