# https://github.com/mikedh/trimesh

o Stage1_2Dcross_NEW_Rescaled_15.stl
v 0.02438998 -0.00277106 -0.02580162
v 0.02431589 0.00329681 -0.02708904
v 0.02459250 0.00050335 -0.02211724
v 0.02440573 -0.00259625 -0.02966732
v 0.02445431 -0.00239850 -0.01972023
v 0.02329019 -0.00770514 -0.02714505
v 0.02389090 -0.00557575 -0.02252952
v -0.02454111 -0.00073151 -0.02476711
v -0.02454410 -0.00036041 -0.02884491
v -0.02409012 -0.00463727 -0.02906853
v -0.02399881 0.00512201 -0.02656883
v -0.02448117 0.00237835 -0.02136702
v -0.02427634 -0.00360553 -0.02129068
v -0.02456192 -0.00057819 -0.01915774
v -0.02389212 -0.00567047 -0.02575724
v 0.02448483 0.00179876 0.02542128
v 0.02412863 -0.00450299 0.02667217
v 0.02450790 -0.00163385 0.02195163
v 0.02450436 0.00151068 0.01991573
v 0.02449972 0.00147943 0.02933616
v 0.02407809 0.00485248 0.02228749
v 0.02346731 0.00725482 0.02682742
v -0.02424790 -0.00376911 0.02657059
v -0.02278879 -0.00923346 0.02805173
v -0.02423990 -0.00388385 0.03019519
v -0.02367575 -0.00647125 0.02381643
v -0.02457456 0.00011566 0.02302845
v -0.02439871 -0.00290875 0.02117179
v -0.02449741 0.00169085 0.03082345
v 0.02450400 -0.02529499 0.00153960
v 0.02440744 -0.02198932 -0.00278977
v 0.02454855 -0.02022370 0.00077754
v 0.02449057 -0.02856891 0.00163617
v 0.02414364 -0.02900885 -0.00446855
v 0.02332120 -0.02680280 0.00767319
v 0.02410336 -0.02269831 0.00469627
v -0.02456333 -0.02444049 -0.00081320
v -0.02391666 -0.02556940 0.00557083
v -0.02443082 -0.02157721 0.00273574
v -0.02455423 -0.01990338 -0.00099083
v -0.02413425 -0.02163776 -0.00452813
v -0.02344956 -0.02584577 -0.00730516
v -0.02455283 -0.02776862 -0.00085305
v -0.02411337 -0.02821637 0.00471337
v -0.02407834 0.02720843 0.00477992
v -0.02457425 0.02392132 0.00080931
v -0.02419901 0.02205316 0.00426996
v -0.02410269 0.03068109 0.00461928
v -0.02442618 0.02843353 -0.00232897
v -0.02326297 0.02450140 0.00779320
v -0.02221170 0.02859222 0.01051291
v -0.02257987 0.03127435 0.00966774
v 0.01853341 0.00558392 -0.04799209
v 0.01702786 0.00733685 -0.04799209
v 0.01939474 0.00924359 -0.04799209
v 0.02066513 0.00604193 -0.04799209
v 0.01814975 0.00331390 -0.04799209
v 0.01555649 0.00473626 -0.04799209
v 0.01865133 -0.00480182 0.04800791
v 0.01721420 -0.00666559 0.04800791
v 0.01979721 -0.00826227 0.04800791
v 0.01811569 -0.00192487 0.04800791
v 0.01567856 -0.00349811 0.04800791
v 0.02096322 -0.00499762 0.04800792
v -0.01950418 -0.00392633 -0.04799209
v -0.01810379 -0.00584381 -0.04799209
v -0.02150070 -0.00457086 -0.04799209
v -0.02167508 -0.00149909 -0.04799209
v -0.01893582 -0.00175543 -0.04799209
v -0.01649918 -0.00368903 -0.04799209
v 0.01739755 0.04800189 0.00746195
v 0.01747787 0.04800189 0.00540767
v 0.01482919 0.04800189 0.00619136
v 0.01567721 0.04800189 0.00892810
v 0.01937832 0.04800189 0.00860078
v 0.02044937 0.04800189 0.00581605
v -0.00224118 0.01357562 -0.04799209
v -0.00354978 0.01212640 -0.04799209
v -0.00531851 0.01555169 -0.04799209
v -0.00033365 0.01300824 -0.04799209
v -0.00137918 0.01051263 -0.04799209
v -0.00269449 0.01641791 -0.04799209
v 0.00029867 0.01664447 -0.04799209
v 0.00224997 -0.01361286 -0.04799209
v 0.00008133 -0.01304401 -0.04799209
v 0.00127157 -0.01054401 -0.04799209
v 0.00265854 -0.01663581 -0.04799209
v -0.00055033 -0.01682086 -0.04799209
v 0.00360666 -0.01219928 -0.04799209
v 0.00548776 -0.01570612 -0.04799209
v -0.00257999 -0.01345758 0.04800791
v -0.00081424 -0.01273297 0.04800791
v -0.00223880 -0.01016559 0.04800791
v -0.00409915 -0.01204791 0.04800791
v -0.00585739 -0.01536920 0.04800791
v -0.00307791 -0.01629010 0.04800791
v -0.00024832 -0.01647956 0.04800791
v 0.00279715 0.01338666 0.04800791
v 0.00085153 0.01267084 0.04800791
v 0.00221152 0.00993646 0.04800791
v 0.00346542 0.01635296 0.04800791
v 0.00025632 0.01654535 0.04800791
v 0.00436618 0.01192425 0.04800791
v 0.00641342 0.01511078 0.04800791
v 0.00150680 -0.04799811 -0.01393202
v 0.00258883 -0.04799811 -0.01233976
v 0.00006247 -0.04799811 -0.01122739
v 0.00246982 -0.04799811 -0.01567939
v -0.00045548 -0.04799811 -0.01364257
v -0.00026956 -0.04799811 -0.01614460
v 0.02454025 0.02004974 -0.00117307
v 0.02360061 0.02153363 -0.00664798
v 0.02455356 0.02340277 -0.00105055
v 0.02418930 0.01732953 -0.00423301
v 0.02399771 0.02143500 0.00522869
v 0.02443075 0.01705951 0.00261742
v 0.02457004 0.01525580 -0.00074994
v -0.00647025 0.04800189 0.00430962
v -0.00668784 0.04800189 0.00239266
v -0.01015555 0.04800189 0.00444201
v -0.00865824 0.04800189 0.00658860
v -0.00670944 0.04800189 0.00827508
v -0.00472556 0.04800189 0.00452253
v 0.01302328 0.04800189 -0.00927111
v 0.01138022 0.04800189 -0.00993925
v 0.01107547 0.04800189 -0.00722661
v 0.01463595 0.04800189 -0.01070826
v 0.01337411 0.04800189 -0.00731076
v 0.01604819 0.04800189 -0.00829079
v 0.01337167 -0.04799811 0.01481947
v 0.01420846 -0.04799811 0.01246012
v 0.01468905 -0.04799811 0.01611728
v 0.01127011 -0.04799811 0.01553796
v 0.01127444 -0.04799811 0.01242836
v -0.01983975 0.00034271 0.04800791
v -0.02182291 0.00039544 0.04800791
v -0.01887393 -0.00176959 0.04800791
v -0.01875821 0.00250775 0.04800791
v -0.01667398 0.00029291 0.04800791
v -0.01514487 0.04800189 -0.00738629
v -0.01827603 0.04800189 -0.00862081
v -0.01506595 0.04800189 -0.00523325
v -0.01334012 0.04800189 -0.00871626
v -0.01654984 0.04800189 -0.01160099
v -0.01202457 0.04800189 -0.00608169
v -0.01003000 -0.04799811 -0.01496401
v -0.01113834 -0.04799811 -0.01629118
v -0.00856418 -0.04799811 -0.01764885
v -0.01071970 -0.04799811 -0.01290568
v -0.01305332 -0.04799811 -0.01385642
v -0.00810581 -0.04799811 -0.01539373
v -0.00816660 -0.04799811 -0.01270320
v -0.00647653 -0.04799811 0.01300714
v -0.00790372 -0.04799811 0.01516114
v -0.01023374 -0.04799811 0.01339660
v -0.00740006 -0.04799811 0.01127193
v -0.00442520 -0.04799811 0.01036433
v -0.00425723 -0.04799811 0.01301303
v -0.00500870 -0.04799811 0.01622794
v -0.00175125 -0.04799811 0.01678919
v -0.00248575 -0.04799811 0.02049485
v -0.00624784 -0.04799811 0.01969293
v -0.00982517 -0.04799811 0.01820975
v -0.01295316 -0.04799811 0.01603095
v -0.00764054 -0.04799811 0.02338647
v -0.01186222 -0.04799811 0.02156218
v -0.01566129 -0.04799811 0.01899527
v -0.01886392 -0.04799811 0.01580538
v -0.01553299 -0.04799811 0.01338928
v -0.01196616 -0.04505231 0.02146385
v -0.01573123 -0.04498639 0.01888842
v -0.01891861 -0.04490387 0.01570082
v -0.02146652 -0.04480866 0.01197097
v -0.02143979 -0.04799811 0.01206154
v -0.01574668 -0.04201959 0.01885287
v -0.01891977 -0.04184528 0.01566938
v -0.02144412 -0.04163434 0.01196740
v -0.02326291 -0.04140241 0.00785213
v -0.02329318 -0.04468073 0.00783302
v -0.01885349 -0.03885456 0.01574666
v -0.02138559 -0.03854645 0.01208771
v -0.02321530 -0.03817780 0.00798251
v -0.02425656 -0.03774909 0.00363074
v -0.02429227 -0.04113581 0.00349354
v -0.02126889 -0.03554401 0.01232361
v -0.02311984 -0.03504352 0.00824388
v -0.02424448 -0.03442243 0.00383280
v -0.02451230 -0.03420319 -0.00085083
v -0.02450162 -0.03761823 -0.00080513
v -0.02297739 -0.03206549 0.00866384
v -0.02420236 -0.03124811 0.00418863
v -0.02454294 -0.03089899 -0.00085186
v -0.02367661 -0.02858161 -0.00645259
v -0.02382749 -0.03153229 -0.00591725
v -0.02390396 -0.03468610 -0.00552599
v -0.02393118 -0.03787311 -0.00530213
v -0.02226920 -0.03232086 -0.01037346
v -0.02245908 -0.03524665 -0.00993529
v -0.02255545 -0.03825495 -0.00963907
v -0.02259580 -0.04150885 -0.00954721
v -0.02396964 -0.04123053 -0.00526838
v -0.02040360 -0.03867291 -0.01359036
v -0.02047342 -0.04173346 -0.01350603
v -0.02046591 -0.04485553 -0.01357252
v -0.02259519 -0.04474030 -0.00961242
v -0.01760629 -0.03897077 -0.01707056
v -0.01768839 -0.04185456 -0.01698589
v -0.01769681 -0.04491315 -0.01702010
v -0.01765738 -0.04799811 -0.01712070
v -0.02042301 -0.04799811 -0.01372773
v -0.01438230 -0.04194977 -0.01987173
v -0.01440744 -0.04494831 -0.01990439
v -0.01433786 -0.04799811 -0.01996837
v -0.01260990 -0.04799811 -0.01792908
v -0.01530741 -0.04799811 -0.01529940
v -0.01071750 -0.04498737 -0.02211283
v -0.01066782 -0.04799811 -0.02214383
v -0.00947855 -0.04799811 -0.01982278
v -0.00691825 -0.04799811 -0.02360463
v -0.00625510 -0.04799811 -0.02090812
v -0.00580698 -0.04799811 -0.01838036
v -0.00560868 -0.04799811 -0.01568097
v -0.00284464 -0.04799811 -0.01875748
v -0.00289859 -0.04799811 -0.01601783
v -0.00277316 -0.04799811 -0.01326156
v -0.00546549 -0.04799811 -0.01288397
v -0.00253018 -0.04799811 -0.01054319
v -0.00542252 -0.04799811 -0.01011777
v -0.00843424 -0.04799811 -0.00995324
v -0.00530057 -0.04799811 -0.00744302
v -0.00864395 -0.04799811 -0.00714576
v -0.01146695 -0.04799811 -0.01018250
v -0.01214469 -0.04799811 -0.00721573
v -0.01449869 -0.04799811 -0.01099965
v -0.01563663 -0.04799811 -0.00782228
v -0.01741471 -0.04799811 -0.01219319
v -0.01903897 -0.04799811 -0.00868808
v -0.02256644 -0.04799811 -0.00978378
v -0.02009366 -0.04799811 -0.00490462
v -0.02397067 -0.04799811 -0.00548242
v -0.02398422 -0.04461383 -0.00533023
v -0.02456534 -0.04799811 -0.00102297
v -0.02453873 -0.04453961 -0.00090897
v -0.02449735 -0.04102887 -0.00082730
v -0.02431992 -0.04456745 0.00344740
v -0.02434220 -0.04799811 0.00346726
v -0.02329233 -0.04799811 0.00789048
v -0.02026871 -0.04799811 0.00293380
v -0.01930673 -0.04799811 0.00674292
v -0.01768997 -0.04799811 0.01025946
v -0.01541507 -0.04799811 0.00556675
v -0.01401444 -0.04799811 0.00852122
v -0.01221512 -0.04799811 0.01116582
v -0.01013175 -0.04799811 0.00695598
v -0.00872635 -0.04799811 0.00923979
v -0.00623624 -0.04799811 0.00570512
v -0.00521439 -0.04799811 0.00805759
v -0.00251932 -0.04799811 0.00488468
v -0.00184647 -0.04799811 0.00743443
v -0.00141446 -0.04799811 0.01010512
v 0.00147616 -0.04799811 0.00703008
v 0.00174295 -0.04799811 0.00996655
v 0.00174704 -0.04799811 0.01329943
v -0.00138468 -0.04799811 0.01325831
v 0.00494357 -0.04799811 0.01309710
v 0.00492489 -0.04799811 0.01668236
v 0.00153610 -0.04799811 0.01692223
v 0.00510678 -0.04799811 0.02029601
v 0.00131296 -0.04799811 0.02066003
v 0.00561252 -0.04799811 0.02394719
v 0.00121591 -0.04799811 0.02456353
v -0.00324509 -0.04799811 0.02438140
v 0.00111801 -0.04510651 0.02454927
v -0.00336472 -0.04511237 0.02433419
v -0.00777274 -0.04509381 0.02330461
v -0.00345816 -0.04230280 0.02430986
v -0.00785697 -0.04225592 0.02326360
v -0.01201444 -0.04216217 0.02142159
v -0.00788584 -0.03956940 0.02326829
v -0.01199216 -0.03939850 0.02143978
v -0.01569565 -0.03915290 0.01890366
v -0.01189481 -0.03682086 0.02150404
v -0.01555173 -0.03645124 0.01903282
v -0.01871225 -0.03597711 0.01592927
v -0.01846988 -0.03341217 0.01620441
v -0.02106815 -0.03275446 0.01266211
v -0.02073630 -0.03012946 0.01311173
v -0.02274765 -0.02918756 0.00924854
v -0.02239560 -0.02668268 0.01002613
v -0.02035880 -0.02775055 0.01371122
v -0.02193564 -0.02419977 0.01102120
v -0.02349356 -0.02290534 0.00719918
v -0.01989835 -0.02554010 0.01433770
v -0.02141269 -0.02189508 0.01200783
v -0.02299124 -0.02046735 0.00859913
v -0.02406790 -0.01909577 0.00496112
v -0.02239139 -0.01815387 0.00997577
v -0.02357071 -0.01656159 0.00694910
v -0.02425986 -0.01505768 0.00387518
v -0.02296402 -0.01428131 0.00873409
v -0.02383554 -0.01264020 0.00592560
v -0.02435904 -0.01105475 0.00327956
v -0.02331272 -0.01041852 0.00782000
v -0.02405185 -0.00871247 0.00530983
v -0.02444785 -0.00694293 0.00286440
v -0.02387442 -0.00659870 0.00727398
v -0.02432028 -0.00470758 0.00488898
v -0.02453256 -0.00279010 0.00252044
v -0.02445230 -0.00254401 0.00692707
v -0.02456253 -0.00055084 0.00452407
v -0.02455576 0.00143011 0.00216451
v -0.02454093 0.00172015 0.00648708
v -0.02435782 0.00369232 0.00412308
v -0.02450620 0.00569525 0.00186885
v -0.02457450 0.00343988 -0.00013666
v -0.02424643 0.00406683 0.00833451
v -0.02397995 0.00600189 0.00601310
v -0.02426706 0.00800287 0.00389780
v -0.02449301 0.01007171 0.00170504
v -0.02455258 0.00774066 -0.00037810
v -0.02330753 0.00838275 0.00789410
v -0.02385275 0.01039154 0.00602369
v -0.02424973 0.01249994 0.00392934
v -0.02451554 0.01457123 0.00167617
v -0.02315824 0.01283783 0.00819806
v -0.02373728 0.01500043 0.00630037
v -0.02422507 0.01717084 0.00409330
v -0.02453537 0.01914056 0.00154117
v -0.02291684 0.01739544 0.00877636
v -0.02358982 0.01986712 0.00677191
v -0.02255112 0.02195404 0.00968123
v -0.02176493 0.01951556 0.01132723
v -0.02089609 0.02367376 0.01284554
v -0.02159159 0.02605951 0.01173462
v -0.02010465 0.02140130 0.01406946
v -0.01858206 0.02518793 0.01599077
v -0.01924991 0.02737396 0.01525143
v -0.01981851 0.02976459 0.01447882
v -0.01633701 0.02853802 0.01831089
v -0.01686075 0.03070599 0.01786147
v -0.01730332 0.03301459 0.01743894
v -0.01328043 0.03147552 0.02065492
v -0.01366184 0.03361810 0.02040679
v -0.01400846 0.03612933 0.02017394
v -0.00951554 0.03419037 0.02265162
v -0.00976334 0.03649310 0.02253163
v -0.00997611 0.03907074 0.02244304
v -0.00510843 0.03680609 0.02400268
v -0.00522928 0.03928168 0.02399218
v -0.00531168 0.04199896 0.02395172
v -0.00025400 0.03696185 0.02457182
v -0.00026792 0.03939642 0.02457884
v -0.00027048 0.04208734 0.02455852
v -0.00026798 0.04499554 0.02455967
v -0.00535819 0.04496332 0.02399849
v 0.00467276 0.03937005 0.02410368
v 0.00473843 0.04206878 0.02405867
v 0.00479410 0.04499701 0.02410649
v 0.00483847 0.04800189 0.02414108
v -0.00025345 0.04800189 0.02461087
v 0.00946182 0.04201849 0.02264415
v 0.00955240 0.04497064 0.02262524
v 0.00962161 0.04800189 0.02265388
v 0.00822653 0.04800189 0.01849825
v 0.00420834 0.04800189 0.01957296
v 0.01380624 0.04491839 0.02033114
v 0.01388406 0.04800189 0.02031976
v 0.01190231 0.04800189 0.01668630
v 0.01043136 0.04800189 0.01296438
v 0.00729452 0.04800189 0.01430169
v 0.01747983 0.04800189 0.01733116
v 0.01506051 0.04800189 0.01429569
v 0.01326315 0.04800189 0.01109551
v 0.01223752 0.04800189 0.00758931
v 0.00958578 0.04800189 0.00892529
v 0.01760361 0.04800189 0.01149314
v 0.00925131 0.04800189 0.00519706
v 0.00667575 0.04800189 0.00579181
v 0.00679800 0.04800189 0.00994129
v 0.01189010 0.04800189 0.00438910
v 0.01466012 0.04800189 0.00360344
v 0.01174344 0.04800189 0.00136267
v 0.00910940 0.04800189 0.00183197
v 0.00896090 0.04800189 -0.00133255
v 0.00659561 0.04800189 -0.00134550
v 0.00665433 0.04800189 0.00210073
v 0.00426108 0.04800189 0.00219851
v 0.00413534 0.04800189 0.00611144
v 0.00198434 0.04800189 0.00214198
v 0.00165176 0.04800189 0.00615326
v 0.00392489 0.04800189 0.01053839
v 0.00101010 0.04800189 0.01065337
v 0.00390561 0.04800189 0.01507476
v 0.00040133 0.04800189 0.01525683
v -0.00001493 0.04800189 0.01987044
v -0.00302323 0.04800189 0.01482172
v -0.00421024 0.04800189 0.01935273
v -0.00535678 0.04800189 0.02401157
v -0.00823856 0.04800189 0.01800624
v -0.01024784 0.04800189 0.02235829
v -0.01021311 0.04490130 0.02233770
v -0.01460678 0.04483880 0.01975822
v -0.01446201 0.04174457 0.01980050
v -0.01012082 0.04188763 0.02236819
v -0.01818314 0.04159320 0.01645060
v -0.01796573 0.03857904 0.01668756
v -0.01427847 0.03883978 0.01997869
v -0.02090708 0.03820111 0.01278536
v -0.02066715 0.03510150 0.01327182
v -0.01768637 0.03571380 0.01704243
v -0.02283982 0.03436029 0.00900175
v -0.02029056 0.03230658 0.01384705
v -0.02302365 0.03765375 0.00849372
v -0.02417075 0.03398138 0.00423297
v -0.02449942 0.03452582 -0.00117900
v -0.02450962 0.03142474 -0.00155108
v -0.02420420 0.03738275 0.00391468
v -0.02450235 0.03777533 -0.00102862
v -0.02380881 0.03829046 -0.00587918
v -0.02374021 0.03522259 -0.00622243
v -0.02425162 0.04091205 0.00362258
v -0.02451889 0.04113861 -0.00106640
v -0.02386038 0.04149505 -0.00579097
v -0.02231815 0.04175873 -0.01019812
v -0.02223587 0.03868939 -0.01036818
v -0.02453220 0.04456146 -0.00123604
v -0.02386527 0.04472113 -0.00585361
v -0.02235465 0.04486761 -0.01017968
v -0.02008933 0.04494037 -0.01414094
v -0.02002506 0.04193255 -0.01419558
v -0.02384110 0.04800189 -0.00599987
v -0.02234720 0.04800189 -0.01024730
v -0.02010819 0.04800189 -0.01415224
v -0.01716916 0.04800189 -0.01761272
v -0.01712497 0.04501556 -0.01761604
v -0.01421964 0.04800189 -0.01432540
v -0.01127701 0.04800189 -0.01671720
v -0.01148673 0.04800189 -0.01085831
v -0.00911203 0.04800189 -0.01294720
v -0.00631668 0.04800189 -0.01466060
v -0.00739115 0.04800189 -0.00925673
v -0.00487430 0.04800189 -0.01078061
v -0.00212467 0.04800189 -0.01184624
v -0.00377701 0.04800189 -0.00719169
v -0.00125369 0.04800189 -0.00809199
v 0.00127371 0.04800189 -0.00851233
v -0.00062418 0.04800189 -0.00453512
v 0.00172262 0.04800189 -0.00484362
v 0.00406894 0.04800189 -0.00486726
v 0.00387704 0.04800189 -0.00851519
v -0.00025003 0.04800189 -0.00125367
v 0.00198092 0.04800189 -0.00136495
v -0.00020670 0.04800189 0.00202742
v 0.00424045 0.04800189 -0.00140351
v -0.00236417 0.04800189 0.00189110
v -0.00286710 0.04800189 0.00525441
v -0.00068894 0.04800189 0.00584282
v -0.00176139 0.04800189 0.01030275
v -0.00434903 0.04800189 0.00952355
v -0.00626370 0.04800189 0.01377246
v -0.00924607 0.04800189 0.01209206
v -0.01189127 0.04800189 0.01588095
v -0.01505643 0.04800189 0.01300893
v -0.01843448 0.04800189 0.01627922
v -0.01466208 0.04800189 0.01974369
v -0.02138492 0.04800189 0.01215296
v -0.02127591 0.04468158 0.01227308
v -0.01834464 0.04478216 0.01633417
v -0.02326676 0.04453607 0.00787757
v -0.02316660 0.04106000 0.00812362
v -0.02111453 0.04137005 0.01246535
v -0.02432035 0.04447845 0.00336227
v -0.02439505 0.04800189 0.00311124
v -0.02336264 0.04800189 0.00769427
v -0.02454215 0.04800189 -0.00149575
v -0.01999246 0.04800189 0.00197706
v -0.02005417 0.04800189 -0.00176576
v -0.01559580 0.04800189 -0.00238343
v -0.01944638 0.04800189 -0.00536641
v -0.01567777 0.04800189 0.00072829
v -0.01155478 0.04800189 -0.00072832
v -0.01509513 0.04800189 0.00394614
v -0.01109299 0.04800189 0.00198055
v -0.00744205 0.04800189 0.00029243
v -0.01382071 0.04800189 0.00703115
v -0.01915970 0.04800189 0.00583907
v -0.01751139 0.04800189 0.00961390
v -0.01182938 0.04800189 0.00980169
v -0.00813443 0.04800189 -0.00211506
v -0.00543973 0.04800189 -0.00317626
v -0.00880075 0.04800189 -0.00474165
v -0.01174503 0.04800189 -0.00346757
v -0.00484049 0.04800189 -0.00052652
v -0.00250369 0.04800189 -0.00101410
v -0.00443283 0.04800189 0.00187763
v -0.00622556 0.04800189 -0.00602655
v -0.00974771 0.04800189 -0.00756531
v -0.00299674 0.04800189 -0.00395242
v 0.00641000 0.04800189 -0.00814036
v 0.00663852 0.04800189 -0.01176077
v 0.00379202 0.04800189 -0.01231309
v 0.00645688 0.04800189 -0.00468796
v 0.00881698 0.04800189 -0.00453848
v 0.00881497 0.04800189 -0.00758822
v 0.00920334 0.04800189 -0.01091072
v 0.01126925 0.04800189 -0.00446251
v 0.01396658 0.04800189 -0.00476197
v 0.01155020 0.04800189 -0.00159247
v 0.01440896 0.04800189 -0.00203361
v 0.01752914 0.04800189 -0.00261964
v 0.01460361 0.04800189 0.00080439
v 0.01774002 0.04800189 0.00026069
v 0.02109085 0.04800189 -0.00010315
v 0.01767673 0.04800189 0.00301976
v 0.02098825 0.04800189 0.00294748
v 0.02436191 0.04800189 0.00332572
v 0.02460190 0.04800189 -0.00025232
v 0.02434921 0.04441205 0.00328151
v 0.02456369 0.04436810 -0.00030168
v 0.02428134 0.04800189 -0.00385380
v 0.02081930 0.04800189 -0.00325795
v 0.02425558 0.04441302 -0.00389701
v 0.02339413 0.04454632 -0.00752742
v 0.02342660 0.04800189 -0.00749597
v 0.02009848 0.04800189 -0.00649874
v 0.02191995 0.04800189 -0.01114798
v 0.01887112 0.04800189 -0.00963373
v 0.01696921 0.04800189 -0.00553296
v 0.01705307 0.04800189 -0.01263633
v 0.01973141 0.04800189 -0.01465855
v 0.01461099 0.04800189 -0.01526386
v 0.01272250 0.04800189 -0.01264730
v 0.01687692 0.04800189 -0.01787649
v 0.01163473 0.04800189 -0.01738515
v 0.01019772 0.04800189 -0.01423521
v 0.00726480 0.04800189 -0.01543062
v 0.00819797 0.04800189 -0.01900731
v 0.00395743 0.04800189 -0.01617944
v 0.00435495 0.04800189 -0.02004316
v 0.00040707 0.04800189 -0.01636860
v 0.00079977 0.04800189 -0.01239887
v 0.00024215 0.04800189 -0.02036722
v -0.00302316 0.04800189 -0.01589005
v -0.00392472 0.04800189 -0.01989434
v 0.00013113 0.04800189 -0.02460100
v -0.00473740 0.04800189 -0.02414421
v -0.00936466 0.04800189 -0.02275375
v -0.00781888 0.04800189 -0.01863733
v -0.00929837 0.04509076 -0.02272104
v -0.01350247 0.04506439 -0.02052377
v -0.01356809 0.04800189 -0.02052388
v -0.01339310 0.04218939 -0.02057507
v -0.01702902 0.04206439 -0.01768315
v -0.01687222 0.03922357 -0.01784333
v -0.01989890 0.03898480 -0.01437836
v -0.01969663 0.03615912 -0.01467259
v -0.02209104 0.03577875 -0.01071175
v -0.02185147 0.03294525 -0.01120933
v -0.02359073 0.03224212 -0.00679103
v -0.02334629 0.02934857 -0.00756864
v -0.02152573 0.03018939 -0.01184272
v -0.02296634 0.02660931 -0.00864914
v -0.02419388 0.02544037 -0.00415491
v -0.02382358 0.02258539 -0.00599372
v -0.02448508 0.02103753 -0.00196793
v -0.02420108 0.01834125 -0.00409411
v -0.02454611 0.01656244 -0.00093105
v -0.02334757 0.01995746 -0.00760124
v -0.02380039 0.01580511 -0.00607491
v -0.02434751 0.01400238 -0.00316996
v -0.02404441 0.01165668 -0.00516153
v -0.02443082 0.00975140 -0.00269446
v -0.02455039 0.01211078 -0.00060445
v -0.02425553 0.00751263 -0.00471196
v -0.02449362 0.00548773 -0.00241513
v -0.02445572 0.00333246 -0.00448731
v -0.02457004 0.00126117 -0.00219069
v -0.02453714 -0.00086823 -0.00430748
v -0.02454367 -0.00295661 -0.00191949
v -0.02460221 -0.00079352 0.00014937
v -0.02438993 -0.00498493 -0.00405265
v -0.02452603 -0.00714557 -0.00162989
v -0.02458499 -0.00501862 0.00047062
v -0.02428928 -0.00906842 -0.00378870
v -0.02454434 -0.01134284 -0.00138875
v -0.02456790 -0.00923102 0.00078003
v -0.02428159 -0.01323932 -0.00368644
v -0.02455319 -0.01564069 -0.00121917
v -0.02455533 -0.01341315 0.00114092
v -0.02424631 -0.01745416 -0.00381745
v -0.02454306 -0.01761530 0.00158660
v -0.02375369 -0.01493415 -0.00622081
v -0.02353372 -0.01907819 -0.00702851
v -0.02282456 -0.01671002 -0.00909116
v -0.02221066 -0.02076081 -0.01048706
v -0.02285874 -0.02316901 -0.00900646
v -0.02145725 -0.01856256 -0.01192866
v -0.02036124 -0.02241510 -0.01366610
v -0.02099222 -0.02467975 -0.01270413
v -0.02156796 -0.02704596 -0.01177288
v -0.01865232 -0.02604303 -0.01590999
v -0.01918857 -0.02818219 -0.01530201
v -0.01961984 -0.03050348 -0.01472546
v -0.01637729 -0.02914362 -0.01828738
v -0.01680210 -0.03129889 -0.01788832
v -0.01714957 -0.03358649 -0.01756062
v -0.01352670 -0.03193073 -0.02049639
v -0.01384079 -0.03401813 -0.02026566
v -0.01411356 -0.03650934 -0.02009068
v -0.01015799 -0.03448004 -0.02234621
v -0.01039505 -0.03676227 -0.02224324
v -0.01057529 -0.03930475 -0.02216582
v -0.00636936 -0.03698883 -0.02369206
v -0.00654740 -0.03945026 -0.02365193
v -0.00669333 -0.04213336 -0.02359390
v -0.00227658 -0.03956549 -0.02445038
v -0.00242862 -0.04221930 -0.02441469
v -0.00261008 -0.04506745 -0.02440675
v 0.00208285 -0.04226813 -0.02445626
v 0.00190646 -0.04509186 -0.02447849
v 0.00169162 -0.04799811 -0.02452435
v 0.00651108 -0.04509284 -0.02367186
v 0.00632736 -0.04799811 -0.02375231
v 0.00503708 -0.04799811 -0.02069175
v 0.01083804 -0.04799811 -0.02206271
v 0.00890646 -0.04799811 -0.01903853
v 0.00698056 -0.04799811 -0.01642255
v 0.01236862 -0.04799811 -0.01665609
v 0.00981277 -0.04799811 -0.01418634
v 0.00702279 -0.04799811 -0.01199836
v 0.01214389 -0.04799811 -0.01148741
v 0.00881076 -0.04799811 -0.00953854
v 0.00530459 -0.04799811 -0.00785148
v 0.01017294 -0.04799811 -0.00680986
v 0.00643735 -0.04799811 -0.00533665
v 0.00275821 -0.04799811 -0.00413791
v 0.00734457 -0.04799811 -0.00267644
v 0.00356186 -0.04799811 -0.00165854
v -0.00018375 -0.04799811 -0.00076303
v 0.00799386 -0.04799811 0.00015085
v 0.00417770 -0.04799811 0.00097170
v 0.00049154 -0.04799811 0.00170048
v -0.00327469 -0.04799811 0.00243312
v 0.00107284 -0.04799811 0.00426262
v 0.00464303 -0.04799811 0.00370495
v 0.00492019 -0.04799811 0.00659803
v 0.00840854 -0.04799811 0.00615550
v 0.00831137 -0.04799811 0.00940131
v 0.00496786 -0.04799811 0.00973526
v 0.01167856 -0.04799811 0.00910339
v 0.00814865 -0.04799811 0.01274382
v 0.00820859 -0.04799811 0.01617327
v 0.01196640 -0.04799811 0.01809028
v 0.00869003 -0.04799811 0.01944263
v 0.01343088 -0.04799811 0.02062114
v 0.00970859 -0.04799811 0.02261272
v 0.00969143 -0.04506647 0.02258134
v 0.00553970 -0.04508991 0.02393305
v 0.00964096 -0.04220368 0.02257586
v 0.00544833 -0.04225299 0.02391948
v 0.00102432 -0.04229596 0.02451097
v 0.00533890 -0.03965338 0.02396769
v 0.00094082 -0.03969196 0.02454853
v -0.00351724 -0.03966657 0.02430490
v 0.00086069 -0.03730036 0.02454354
v -0.00353488 -0.03724030 0.02428461
v -0.00784189 -0.03707916 0.02326197
v -0.00352670 -0.03517243 0.02429108
v -0.00773557 -0.03489020 0.02329279
v -0.01172293 -0.03446344 0.02161081
v -0.01533023 -0.03401471 0.01921602
v -0.00760184 -0.03298444 0.02335829
v -0.01150211 -0.03247760 0.02173729
v -0.01505380 -0.03181549 0.01942697
v -0.01816196 -0.03103131 0.01653762
v -0.01470401 -0.02976178 0.01968463
v -0.01777762 -0.02876422 0.01696093
v -0.01733170 -0.02681745 0.01739975
v -0.01430734 -0.02791168 0.01996291
v -0.01682150 -0.02490290 0.01788088
v -0.01934390 -0.02343854 0.01509037
v -0.01389755 -0.02622809 0.02024187
v -0.01346738 -0.02466559 0.02053775
v -0.01630399 -0.02320612 0.01837759
v -0.01874893 -0.02159870 0.01583466
v -0.02079532 -0.01986041 0.01302006
v -0.01809567 -0.01984088 0.01660566
v -0.02012045 -0.01794391 0.01407729
v -0.02173264 -0.01602008 0.01140698
v -0.01937045 -0.01620172 0.01513966
v -0.02098099 -0.01414801 0.01277905
v -0.02229392 -0.01221491 0.01036617
v -0.02106681 -0.01264655 0.01447554
v -0.02221720 -0.01052838 0.01213065
v -0.02308383 -0.00849127 0.00969406
v -0.02284610 -0.00902692 0.01419757
v -0.02362662 -0.00676618 0.01178073
v -0.02414963 -0.00459674 0.00934079
v -0.02409293 -0.00480768 0.01402819
v -0.02444748 -0.00247370 0.01145874
v -0.02456265 -0.00031989 0.00894395
v -0.02457486 -0.00017194 0.01347040
v -0.02451493 0.00203412 0.01085369
v -0.02446536 0.00242084 0.01530844
v -0.02415024 0.00454535 0.01257622
v -0.02370804 0.00652093 0.01010479
v -0.02348081 0.00724359 0.01423256
v -0.02286942 0.00901068 0.01188625
v -0.02253092 0.01081097 0.00988959
v -0.02174594 0.01144427 0.01376603
v -0.02150846 0.01312005 0.01195007
v -0.02224228 0.01519720 0.01042028
v -0.02017172 0.01532416 0.01406693
v -0.02098819 0.01733636 0.01276375
v -0.01847464 0.01746087 0.01620568
v -0.01930911 0.01936712 0.01516098
v -0.01718070 0.02125091 0.01752565
v -0.01786460 0.02310931 0.01677553
v -0.01640463 0.01949408 0.01828838
v -0.01452847 0.02299310 0.01978267
v -0.01514688 0.02467181 0.01928489
v -0.01575791 0.02649408 0.01876223
v -0.01194138 0.02609466 0.02139685
v -0.01238834 0.02767084 0.02114273
v -0.01285416 0.02949994 0.02088807
v -0.00859287 0.02870648 0.02299638
v -0.00892105 0.03036126 0.02288264
v -0.00922476 0.03214300 0.02278061
v -0.00465079 0.03097064 0.02411765
v -0.00481766 0.03269183 0.02408605
v -0.00497623 0.03464056 0.02403286
v -0.00021903 0.03289007 0.02457531
v -0.00023593 0.03485150 0.02457297
v 0.00436990 0.03280951 0.02417080
v 0.00448373 0.03475775 0.02413029
v 0.00458114 0.03691205 0.02410737
v 0.00896304 0.03444720 0.02284950
v 0.00915872 0.03671185 0.02276316
v 0.00932968 0.03924408 0.02269857
v 0.01330057 0.03638275 0.02066254
v 0.01351663 0.03903412 0.02052213
v 0.01368350 0.04190960 0.02039833
v 0.01707321 0.03873431 0.01766892
v 0.01725015 0.04173773 0.01749212
v 0.01738681 0.04484027 0.01738176
v 0.02007461 0.04154584 0.01414274
v 0.02020895 0.04473675 0.01398637
v 0.02031534 0.04800189 0.01388707
v 0.02224289 0.04464935 0.01042575
v 0.02230557 0.04800189 0.01034853
v 0.02362515 0.04453168 0.00682687
v 0.02364297 0.04800189 0.00680164
v 0.02215872 0.04132611 0.01056252
v 0.02357162 0.04105755 0.00690768
v 0.02431576 0.04083294 0.00326130
v 0.02348800 0.03763666 0.00705542
v 0.02428879 0.03726556 0.00327849
v 0.02452463 0.04074408 -0.00035481
v 0.02452475 0.03714349 -0.00041197
v 0.02418197 0.03729095 -0.00406524
v 0.02422616 0.04085541 -0.00395791
v 0.02324368 0.03768109 -0.00779661
v 0.02333481 0.04110882 -0.00761475
v 0.02168649 0.03816107 -0.01142939
v 0.02179257 0.04139447 -0.01123833
v 0.02185660 0.04468841 -0.01117849
v 0.01958670 0.04160736 -0.01473571
v 0.01968875 0.04478900 -0.01467311
v 0.01683182 0.04486175 -0.01788007
v 0.01672543 0.04176459 -0.01791112
v 0.01337173 0.04492035 -0.02059867
v 0.01342721 0.04800189 -0.02060752
v 0.01327975 0.04190228 -0.02062465
v 0.00936209 0.04498382 -0.02270794
v 0.00942007 0.04800189 -0.02273335
v 0.00493655 0.04800189 -0.02410069
v 0.00489853 0.04503753 -0.02407286
v 0.00013315 0.04507806 -0.02454963
v 0.00014285 0.04224408 -0.02454594
v -0.00462216 0.04226117 -0.02407286
v -0.00469473 0.04509564 -0.02411510
v -0.00453470 0.03963861 -0.02411424
v -0.00905466 0.03957025 -0.02279550
v -0.00919589 0.04224798 -0.02273178
v -0.00886850 0.03710638 -0.02286491
v -0.01299759 0.03688177 -0.02083430
v -0.01322519 0.03942767 -0.02069096
v -0.01270871 0.03452679 -0.02101142
v -0.01632102 0.03406634 -0.01836086
v -0.01664487 0.03654095 -0.01806653
v -0.01593833 0.03182464 -0.01868976
v -0.01901944 0.03103802 -0.01553652
v -0.01940396 0.03351459 -0.01506059
v -0.01853769 0.02878021 -0.01610076
v -0.02107279 0.02776214 -0.01260259
v -0.01549521 0.02971527 -0.01905121
v -0.01801993 0.02669623 -0.01664788
v -0.02053214 0.02541400 -0.01344671
v -0.01993637 0.02327923 -0.01429197
v -0.02192276 0.02161859 -0.01100233
v -0.02248630 0.02399701 -0.00982898
v -0.02128641 0.01950726 -0.01223414
v -0.02276108 0.01760443 -0.00912813
v -0.01928165 0.02138617 -0.01516691
v -0.02060233 0.01761322 -0.01336103
v -0.02214176 0.01551556 -0.01060376
v -0.02145853 0.01358294 -0.01202195
v -0.02270035 0.01149798 -0.00942374
v -0.02329556 0.01354095 -0.00782980
v -0.02259525 0.00972601 -0.01121830
v -0.02369681 0.00760394 -0.00899468
v -0.02380228 0.00952484 -0.00708097
v -0.02393094 0.00576751 -0.01112999
v -0.02433182 0.00346185 -0.00891184
v -0.02419181 0.00543744 -0.00674846
v -0.02450156 0.00144183 -0.01129607
v -0.02453671 -0.00073932 -0.00896125
v -0.02451584 0.00126068 -0.00664588
v -0.02440586 -0.00284284 -0.01132714
v -0.02418076 -0.00487457 -0.00867199
v -0.02444974 -0.00286481 -0.00651318
v -0.02374521 -0.00693170 -0.01067814
v -0.02355405 -0.00880182 -0.00822400
v -0.02408933 -0.00690924 -0.00616659
v -0.02241672 -0.01066510 -0.01014302
v -0.02319260 -0.01269098 -0.00834146
v -0.02386075 -0.01089069 -0.00601284
v -0.02207950 -0.01457721 -0.01076380
v -0.02127860 -0.01270172 -0.01232922
v -0.02066031 -0.01658893 -0.01328998
v -0.01982657 -0.01483649 -0.01453326
v -0.01887631 -0.01857624 -0.01570791
v -0.01964365 -0.02045612 -0.01467609
v -0.01809952 -0.01690973 -0.01662672
v -0.01674375 -0.02045856 -0.01793290
v -0.01740940 -0.02216364 -0.01726953
v -0.01801944 -0.02397663 -0.01658010
v -0.01478067 -0.02367975 -0.01956628
v -0.01534189 -0.02534723 -0.01911108
v -0.01588553 -0.02717877 -0.01865263
v -0.01228354 -0.02646881 -0.02122842
v -0.01272641 -0.02810944 -0.02095235
v -0.01314908 -0.02995416 -0.02071681
v -0.00926535 -0.02895221 -0.02271391
v -0.00958463 -0.03061383 -0.02259546
v -0.00989780 -0.03246442 -0.02248286
v -0.00577426 -0.03113190 -0.02385531
v -0.00598972 -0.03288239 -0.02380485
v -0.00618820 -0.03481745 -0.02373311
v -0.00189420 -0.03313288 -0.02448167
v -0.00201370 -0.03504010 -0.02446781
v -0.00213809 -0.03712360 -0.02445835
v 0.00229660 -0.03508209 -0.02444075
v 0.00227151 -0.03714069 -0.02444185
v 0.00220425 -0.03960553 -0.02445763
v 0.00669443 -0.03707086 -0.02361152
v 0.00670102 -0.03956549 -0.02361708
v 0.00664175 -0.04226227 -0.02362329
v 0.01104812 -0.03945026 -0.02192931
v 0.01105246 -0.04221295 -0.02192215
v 0.01097641 -0.04507379 -0.02196864
v 0.01508554 -0.04211432 -0.01936290
v 0.01506949 -0.04503327 -0.01939404
v 0.01498190 -0.04799811 -0.01948975
v 0.01858413 -0.04497760 -0.01606341
v 0.01854611 -0.04799811 -0.01613884
v 0.01532553 -0.04799811 -0.01365721
v 0.02138968 -0.04799811 -0.01212713
v 0.01760391 -0.04799811 -0.01018684
v 0.01393808 -0.04799811 -0.00844485
v 0.01919931 -0.04799811 -0.00634507
v 0.01519198 -0.04799811 -0.00509802
v 0.01123611 -0.04799811 -0.00381416
v 0.02009689 -0.04799811 -0.00230221
v 0.01594198 -0.04799811 -0.00154118
v 0.01190903 -0.04799811 -0.00073658
v 0.01617282 -0.04799811 0.00198130
v 0.01214120 -0.04799811 0.00250475
v 0.01588424 -0.04799811 0.00556543
v 0.01204306 -0.04799811 0.00575000
v 0.00831991 -0.04799811 0.00309204
v 0.01976486 -0.04799811 0.00572322
v 0.01866763 -0.04799811 0.00959226
v 0.01518869 -0.04799811 0.00910746
v 0.01697140 -0.04799811 0.01316489
v 0.02220358 -0.04799811 0.01056402
v 0.01984006 -0.04799811 0.01452780
v 0.01992911 -0.04493854 0.01436135
v 0.01693149 -0.04500934 0.01780545
v 0.01681875 -0.04799811 0.01794499
v 0.01349136 -0.04503913 0.02055998
v 0.01695773 -0.04206745 0.01772060
v 0.01349142 -0.04214069 0.02053257
v 0.01690878 -0.03926569 0.01777942
v 0.01341549 -0.03942877 0.02058750
v 0.00952731 -0.03955866 0.02264634
v 0.01325393 -0.03687897 0.02069783
v 0.00936221 -0.03708942 0.02271846
v 0.00520090 -0.03723151 0.02399656
v 0.00916330 -0.03486041 0.02278926
v 0.00504336 -0.03513288 0.02402871
v 0.00078018 -0.03524127 0.02454652
v 0.00488449 -0.03326862 0.02406923
v 0.00071377 -0.03339997 0.02456414
v -0.00349277 -0.03330475 0.02431668
v 0.00066220 -0.03181159 0.02456574
v -0.00343045 -0.03163288 0.02432394
v -0.00743137 -0.03124323 0.02340187
v -0.01124191 -0.03063239 0.02186235
v -0.00337345 -0.03010114 0.02433070
v -0.00723996 -0.02961627 0.02345105
v -0.01094657 -0.02887604 0.02199800
v -0.00705301 -0.02823590 0.02351973
v -0.01063907 -0.02736920 0.02214272
v -0.00684946 -0.02684870 0.02358954
v -0.01030484 -0.02591461 0.02229891
v -0.00662778 -0.02546979 0.02366507
v -0.00994913 -0.02449274 0.02246112
v -0.01297434 -0.02313922 0.02086509
v -0.01570999 -0.02155915 0.01890883
v -0.00954453 -0.02311286 0.02265400
v -0.01245413 -0.02169489 0.02119212
v -0.01509274 -0.02001569 0.01941651
v -0.01741245 -0.01818268 0.01738888
v -0.01540103 -0.01914752 0.02072134
v -0.01768332 -0.01706940 0.01884388
v -0.01958591 -0.01482331 0.01674811
v -0.01838980 -0.01624762 0.02064321
v -0.02032163 -0.01377350 0.01863955
v -0.02176523 -0.01135846 0.01648986
v -0.01904947 -0.01543659 0.02252911
v -0.02100955 -0.01265680 0.02070420
v -0.02246512 -0.00990045 0.01873962
v -0.02344351 -0.00730280 0.01651744
v -0.02169620 -0.01148297 0.02302843
v -0.02312302 -0.00826374 0.02123566
v -0.02397562 -0.00529401 0.01894510
v -0.02443875 -0.00258063 0.01615462
v -0.02457303 -0.00002790 0.01813420
v -0.02439444 0.00299750 0.01983596
v -0.02400864 0.00525140 0.01688132
v -0.02366519 0.00659759 0.02127714
v -0.02310214 0.00825873 0.01840214
v -0.02244602 0.00991742 0.01597652
v -0.02178098 0.01128314 0.02004562
v -0.02108841 0.01256341 0.01780309
v -0.02032999 0.01383441 0.01571836
v -0.01934299 0.01510882 0.01968309
v -0.01855478 0.01610101 0.01773362
v -0.01644211 0.01824505 0.01967795
v -0.01716098 0.01754144 0.02151393
v -0.01388516 0.02029486 0.02147793
v -0.01387760 0.02136810 0.02029387
v -0.01447714 0.01985101 0.02316672
v -0.01086337 0.02205609 0.02306978
v -0.01087210 0.02298919 0.02205324
v -0.01142472 0.02452728 0.02173409
v -0.00753379 0.02422992 0.02338295
v -0.00795084 0.02575726 0.02322122
v -0.00827078 0.02721966 0.02311309
v -0.00412222 0.02650873 0.02422417
v -0.00429508 0.02794525 0.02418806
v -0.00447238 0.02939593 0.02415277
v -0.00013626 0.02680218 0.02459959
v -0.00015268 0.02823041 0.02458747
v -0.00017154 0.02965716 0.02457531
v -0.00019821 0.03119134 0.02457495
v 0.00413321 0.02948529 0.02421359
v 0.00424954 0.03104486 0.02418792
v 0.00823971 0.02894818 0.02312063
v 0.00849826 0.03059125 0.02303534
v 0.00874191 0.03242230 0.02295579
v 0.01236661 0.02979291 0.02122493
v 0.01273215 0.03178705 0.02101408
v 0.01303543 0.03395746 0.02083476
v 0.01620956 0.03102923 0.01845723
v 0.01655551 0.03335492 0.01816240
v 0.01684573 0.03593646 0.01788272
v 0.01946029 0.03269085 0.01500076
v 0.01972976 0.03543304 0.01465091
v 0.01992251 0.03842816 0.01436068
v 0.02191458 0.03494525 0.01110196
v 0.02203958 0.03808539 0.01079134
v 0.02342373 0.03439056 0.00733383
v 0.02172397 0.03199896 0.01147247
v 0.02332138 0.03123578 0.00769635
v 0.02428915 0.03382416 0.00339335
v 0.02428219 0.03047943 0.00359867
v 0.02453854 0.03360443 -0.00051328
v 0.02456466 0.03014837 -0.00065621
v 0.02408346 0.03057904 -0.00465184
v 0.02415426 0.03392084 -0.00430177
v 0.02302933 0.03136224 -0.00848546
v 0.02316879 0.03447699 -0.00809729
v 0.02134329 0.03222357 -0.01213497
v 0.02155679 0.03507416 -0.01175844
v 0.01905441 0.03293158 -0.01549049
v 0.01929410 0.03563959 -0.01518173
v 0.01945700 0.03856585 -0.01489444
v 0.01660049 0.03884808 -0.01805915
v 0.01640591 0.03609173 -0.01824313
v 0.01315426 0.03908978 -0.02072567
v 0.01296621 0.03644574 -0.02084885
v 0.00917972 0.03930218 -0.02276836
v 0.00927853 0.04204095 -0.02270422
v 0.00904465 0.03678070 -0.02280665
v 0.00472690 0.03707513 -0.02406214
v 0.00480069 0.03949896 -0.02406222
v 0.00018118 0.03725043 -0.02456137
v 0.00016232 0.03962103 -0.02456701
v 0.00485122 0.04215668 -0.02403014
v 0.00020175 0.03517279 -0.02455834
v -0.00428568 0.03512494 -0.02414997
v -0.00441733 0.03723871 -0.02412616
v -0.00413834 0.03324115 -0.02419767
v -0.00838993 0.03295941 -0.02307213
v -0.00864066 0.03488031 -0.02296021
v -0.00811643 0.03118939 -0.02315654
v -0.01198776 0.03055609 -0.02141922
v -0.01237247 0.03246576 -0.02120228
v -0.01158060 0.02881585 -0.02162762
v -0.01500186 0.02783539 -0.01942784
v -0.00782291 0.02955658 -0.02324812
v -0.01117209 0.02726312 -0.02184662
v -0.01449393 0.02609222 -0.01981589
v -0.01396774 0.02452923 -0.02018887
v -0.01683676 0.02304046 -0.01785849
v -0.01743888 0.02474115 -0.01726601
v -0.01618399 0.02137689 -0.01847943
v -0.01858878 0.01961761 -0.01601029
v -0.01339005 0.02299066 -0.02060127
v -0.01550546 0.01979730 -0.01909741
v -0.01787009 0.01790375 -0.01686066
v -0.01801767 0.01669281 -0.01832346
v -0.01986508 0.01446283 -0.01603086
v -0.01984207 0.01586175 -0.01448912
v -0.02055252 0.01343060 -0.01794861
v -0.02206345 0.01079437 -0.01562224
v -0.02141196 0.01209759 -0.01358603
v -0.02264737 0.00943402 -0.01789479
v -0.02366934 0.00653070 -0.01570047
v -0.02321445 0.00821771 -0.01333622
v -0.02411234 0.00463080 -0.01838387
v -0.02450492 0.00179046 -0.01620342
v -0.02425540 0.00385394 -0.01352462
v -0.02436685 -0.00299030 -0.01639433
v -0.02456143 -0.00066754 -0.01389216
v -0.02391599 -0.00553620 -0.01810460
v -0.02342887 -0.00735895 -0.01514374
v -0.02403879 -0.00502790 -0.01340259
v -0.02285861 -0.00899909 -0.01254179
v -0.02304196 -0.00841413 -0.01958436
v -0.02244907 -0.00991901 -0.01693128
v -0.02182389 -0.01128717 -0.01452061
v -0.02046262 -0.01360553 -0.01660534
v -0.02115360 -0.01246930 -0.01881892
v -0.01871207 -0.01589606 -0.01860731
v -0.01941165 -0.01498151 -0.02071804
v -0.01663858 -0.01803864 -0.02047082
v -0.01600241 -0.01886188 -0.01866163
v -0.01730991 -0.01739411 -0.02241772
v -0.01421250 -0.02004450 -0.02231516
v -0.01365091 -0.02046588 -0.02077582
v -0.01417435 -0.02203229 -0.02004545
v -0.01093949 -0.02202643 -0.02247081
v -0.01129239 -0.02338874 -0.02183976
v -0.01182437 -0.02495026 -0.02152173
v -0.00815964 -0.02447809 -0.02316767
v -0.00858890 -0.02600885 -0.02299543
v -0.00894321 -0.02746247 -0.02284362
v -0.00512290 -0.02673834 -0.02400952
v -0.00534830 -0.02815241 -0.02395586
v -0.00556668 -0.02961627 -0.02389700
v -0.00160953 -0.02849762 -0.02449681
v -0.00170273 -0.02993561 -0.02448227
v -0.00178806 -0.03143268 -0.02447935
v 0.00226181 -0.02991022 -0.02445042
v 0.00228171 -0.03145856 -0.02445154
v 0.00230197 -0.03319147 -0.02444643
v 0.00633603 -0.03116413 -0.02371573
v 0.00649643 -0.03295807 -0.02367863
v 0.00661758 -0.03488141 -0.02362714
v 0.01027975 -0.03063190 -0.02229933
v 0.01055691 -0.03253766 -0.02218187
v 0.01078030 -0.03456891 -0.02206570
v 0.01095370 -0.03689069 -0.02196778
v 0.01431064 -0.03198151 -0.01994553
v 0.01462478 -0.03417096 -0.01973289
v 0.01487350 -0.03661823 -0.01954316
v 0.01502359 -0.03928180 -0.01942590
v 0.01801346 -0.03367975 -0.01670155
v 0.01829202 -0.03625299 -0.01639555
v 0.01846438 -0.03906598 -0.01617692
v 0.01855850 -0.04197467 -0.01606486
v 0.02107699 -0.03589752 -0.01260855
v 0.02123581 -0.03883502 -0.01232226
v 0.02132651 -0.04183209 -0.01215315
v 0.02137955 -0.04491071 -0.01210373
v 0.02321444 -0.03855377 -0.00796374
v 0.02328262 -0.04165436 -0.00777667
v 0.02333243 -0.04481842 -0.00770238
v 0.02335495 -0.04799811 -0.00769620
v 0.02437448 -0.04472370 -0.00310036
v 0.02439682 -0.04799811 -0.00307475
v 0.02451498 -0.04469440 0.00153492
v 0.02453525 -0.04799811 0.00162574
v 0.02380905 -0.04474372 0.00606504
v 0.02378915 -0.04799811 0.00621772
v 0.02025717 -0.04799811 0.00170846
v 0.02225918 -0.04483405 0.01038140
v 0.02380832 -0.04146100 0.00596127
v 0.02228177 -0.04168317 0.01028621
v 0.01995163 -0.04192975 0.01426924
v 0.02225021 -0.03858209 0.01032499
v 0.01989194 -0.03898786 0.01431421
v 0.01979605 -0.03625153 0.01453494
v 0.01676449 -0.03661139 0.01793247
v 0.01957364 -0.03367438 0.01480809
v 0.01651541 -0.03413825 0.01814651
v 0.01300918 -0.03449811 0.02082135
v 0.01620041 -0.03196393 0.01843010
v 0.01273453 -0.03250397 0.02100461
v 0.00892990 -0.03296344 0.02289086
v 0.01241226 -0.03062799 0.02120311
v 0.00867087 -0.03121588 0.02298314
v 0.00471469 -0.03160260 0.02409108
v 0.00838412 -0.02956989 0.02307288
v 0.00454391 -0.03005915 0.02411682
v 0.00060068 -0.03028131 0.02456301
v 0.00438376 -0.02870709 0.02415933
v 0.00054458 -0.02889557 0.02457431
v -0.00330747 -0.02875006 0.02435214
v 0.00050393 -0.02757282 0.02458403
v -0.00321890 -0.02741022 0.02437761
v 0.00046872 -0.02621393 0.02459114
v -0.00311740 -0.02605866 0.02440613
v 0.00041147 -0.02499713 0.02459687
v -0.00302579 -0.02483209 0.02443192
v -0.00638559 -0.02417877 0.02374750
v -0.00312699 -0.02440094 0.02547126
v -0.00656729 -0.02367340 0.02487846
v -0.00980173 -0.02249518 0.02385685
v -0.01276883 -0.02096491 0.02245082
v -0.00688687 -0.02356940 0.02631689
v -0.01025864 -0.02228180 0.02533200
v -0.01334543 -0.02057575 0.02400962
v -0.01606693 -0.01853375 0.02243660
v -0.01383170 -0.02021637 0.02555759
v -0.01666458 -0.01795221 0.02417366
v -0.01430753 -0.01985797 0.02719767
v -0.01724173 -0.01742829 0.02602929
v -0.01970011 -0.01458502 0.02464137
v -0.01777585 -0.01692829 0.02810570
v -0.02028494 -0.01385114 0.02686150
v -0.01824979 -0.01639997 0.03035841
v -0.02074967 -0.01312750 0.02932046
v -0.02226450 -0.01039948 0.02548203
v -0.01864658 -0.01596149 0.03274208
v -0.02112161 -0.01248883 0.03190953
v -0.01897940 -0.01558698 0.03546199
v -0.02142032 -0.01199518 0.03475930
v -0.02319565 -0.00806598 0.03401365
v -0.02423831 -0.00370954 0.03362580
v -0.02303617 -0.00852985 0.03085356
v -0.02328739 -0.00772321 0.03740108
v -0.02422568 -0.00362165 0.03715476
v -0.02450144 0.00084076 0.03748528
v -0.02451657 0.00115228 0.03408786
v -0.02425028 -0.00354401 0.04074495
v -0.02449863 0.00065570 0.04090376
v -0.02430588 -0.00350788 0.04438178
v -0.02454587 0.00055804 0.04446099
v -0.02402463 0.00507123 0.04122409
v -0.02394650 0.00536224 0.03792426
v -0.02383402 0.00580853 0.03472668
v -0.02268772 0.00939837 0.04146865
v -0.02255380 0.00971722 0.03827248
v -0.02237210 0.01013275 0.03517285
v -0.02208640 0.01067767 0.03218186
v -0.02367911 0.00650970 0.03159326
v -0.02036972 0.01371722 0.03855175
v -0.02014835 0.01406683 0.03554270
v -0.01984195 0.01449896 0.03273900
v -0.01941220 0.01501263 0.03012543
v -0.02172617 0.01143841 0.02925091
v -0.01719516 0.01753802 0.03597432
v -0.01688651 0.01785052 0.03336608
v -0.01650284 0.01819281 0.03098101
v -0.01603946 0.01860199 0.02874285
v -0.01894388 0.01560443 0.02767344
v -0.01330710 0.02065619 0.03390458
v -0.01298416 0.02085052 0.03174707
v -0.01261704 0.02106683 0.02970125
v -0.01222452 0.02129388 0.02788322
v -0.01555716 0.01900091 0.02672914
v -0.00897830 0.02286664 0.03237262
v -0.00871695 0.02294671 0.03047182
v -0.00844412 0.02303949 0.02881958
v -0.00816635 0.02315326 0.02730193
v -0.01180881 0.02152484 0.02625575
v -0.00445981 0.02414496 0.03095851
v -0.00433365 0.02417132 0.02940391
v -0.00420066 0.02420209 0.02794040
v -0.00406796 0.02422650 0.02652114
v -0.00005557 0.02458636 0.02815918
v -0.00007553 0.02459808 0.02671719
v -0.00009452 0.02460980 0.02531435
v 0.00391049 0.02425140 0.02645629
v 0.00370834 0.02429632 0.02501451
v 0.00370938 0.02516791 0.02430538
v 0.00769827 0.02330169 0.02565341
v 0.00730606 0.02345111 0.02417982
v 0.00735428 0.02443500 0.02343804
v 0.00769461 0.02597552 0.02330852
v 0.01072079 0.02326898 0.02212201
v 0.01120511 0.02487054 0.02186334
v 0.01162839 0.02644037 0.02162273
v 0.01436581 0.02341498 0.01993580
v 0.01488168 0.02510443 0.01953563
v 0.01535080 0.02690082 0.01917556
v 0.01770370 0.02363861 0.01699790
v 0.01823520 0.02564837 0.01641607
v 0.01870993 0.02778802 0.01590074
v 0.01579690 0.02885541 0.01881624
v 0.02008902 0.02205511 0.01407272
v 0.02063870 0.02427533 0.01329857
v 0.02109298 0.02667523 0.01260582
v 0.02146097 0.02916449 0.01198519
v 0.01911789 0.03016693 0.01541056
v 0.02253567 0.02281830 0.00972909
v 0.02289993 0.02545501 0.00884694
v 0.02316006 0.02816693 0.00817649
v 0.02424203 0.02725628 0.00388547
v 0.02414718 0.02419574 0.00441169
v 0.02456747 0.02675677 -0.00081290
v 0.02383157 0.02425287 -0.00577323
v 0.02398398 0.02730316 -0.00510471
v 0.02253909 0.02569232 -0.00968468
v 0.02281534 0.02836957 -0.00901686
v 0.02072195 0.02701507 -0.01316825
v 0.02105996 0.02948041 -0.01261148
v 0.01835617 0.02818158 -0.01630084
v 0.01874331 0.03047650 -0.01586066
v 0.01585293 0.03129681 -0.01872390
v 0.01614517 0.03347503 -0.01846512
v 0.01272116 0.03402191 -0.02098203
v 0.01246414 0.03196234 -0.02115178
v 0.00866611 0.03256439 -0.02298203
v 0.00886886 0.03454437 -0.02288941
v 0.00454892 0.03305365 -0.02412034
v 0.00464975 0.03496185 -0.02407684
v 0.00443649 0.03142132 -0.02414197
v 0.00025363 0.03165521 -0.02455692
v 0.00023031 0.03331488 -0.02455877
v 0.00026791 0.03013812 -0.02455560
v -0.00382712 0.03000775 -0.02424223
v -0.00398233 0.03156000 -0.02421770
v -0.00367099 0.02864251 -0.02428048
v -0.00753586 0.02812787 -0.02335054
v 0.00029049 0.02878607 -0.02456264
v -0.00351468 0.02732220 -0.02431700
v -0.00724777 0.02678851 -0.02344891
v -0.00693491 0.02540960 -0.02354802
v -0.01029886 0.02439154 -0.02227726
v -0.01075162 0.02581488 -0.02206212
v -0.00981204 0.02302582 -0.02251720
v -0.01279654 0.02156146 -0.02097661
v -0.00660062 0.02409222 -0.02366611
v -0.00999619 0.02242621 -0.02371306
v -0.01298038 0.02084955 -0.02218629
v -0.01350693 0.02048138 -0.02379008
v -0.01625553 0.01838519 -0.02207974
v -0.01567960 0.01893304 -0.02039525
v -0.01678415 0.01786322 -0.02385506
v -0.01919187 0.01525580 -0.02206723
v -0.01862656 0.01597992 -0.02011588
v -0.01973831 0.01453412 -0.02422104
v -0.02174198 0.01136859 -0.02244407
v -0.02117154 0.01240375 -0.02005275
v -0.02221414 0.01048578 -0.02507094
v -0.02362381 0.00662835 -0.02338236
v -0.02318326 0.00803265 -0.02051203
v -0.02023459 0.01391546 -0.02657277
v -0.02258640 0.00962152 -0.02795444
v -0.02060709 0.01335296 -0.02916424
v -0.02280191 0.00909076 -0.03098285
v -0.02407773 0.00469134 -0.02985762
v -0.02088950 0.01289203 -0.03193311
v -0.02292703 0.00877240 -0.03416228
v -0.02411252 0.00457220 -0.03333093
v -0.02408255 0.00455951 -0.03687990
v -0.02451383 0.00050091 -0.03640643
v -0.02454898 0.00010638 -0.03260623
v -0.02430155 -0.00324127 -0.03637570
v -0.02424704 -0.00384284 -0.03265538
v -0.02352335 -0.00691217 -0.03677732
v -0.02335837 -0.00755133 -0.03324710
v -0.02311411 -0.00829547 -0.02991969
v -0.02276279 -0.00918170 -0.02679094
v -0.02189908 -0.01112799 -0.03392655
v -0.02157846 -0.01174372 -0.03079349
v -0.02115842 -0.01247467 -0.02793378
v -0.02063767 -0.01329303 -0.02527955
v -0.02234439 -0.01019831 -0.02388766
v -0.01944614 -0.01499225 -0.03163181
v -0.01899716 -0.01554596 -0.02902336
v -0.01847342 -0.01613483 -0.02661156
v -0.01788913 -0.01678913 -0.02437211
v -0.01632730 -0.01834918 -0.03002706
v -0.01584690 -0.01875543 -0.02784956
v -0.01532938 -0.01918219 -0.02583344
v -0.01478598 -0.01960846 -0.02404596
v -0.01233646 -0.02122614 -0.02717385
v -0.01188938 -0.02148102 -0.02551252
v -0.01140250 -0.02176862 -0.02391599
v -0.00864975 -0.02296295 -0.02669914
v -0.00828720 -0.02312165 -0.02517969
v -0.00793912 -0.02325592 -0.02374347
v -0.00491562 -0.02407038 -0.02601566
v -0.00471713 -0.02411237 -0.02459790
v -0.00485025 -0.02520954 -0.02407350
v -0.00134836 -0.02453082 -0.02500801
v -0.00139810 -0.02556061 -0.02451972
v -0.00150327 -0.02709723 -0.02450953
v 0.00206528 -0.02553034 -0.02448099
v 0.00214737 -0.02706549 -0.02446834
v 0.00222140 -0.02848541 -0.02445578
v 0.00579068 -0.02664801 -0.02386641
v 0.00600815 -0.02811432 -0.02379536
v 0.00618728 -0.02960944 -0.02374223
v 0.00965695 -0.02737506 -0.02256195
v 0.00997952 -0.02892047 -0.02241803
v 0.01305301 -0.02630377 -0.02078463
v 0.01350778 -0.02803327 -0.02049201
v 0.01392721 -0.02992096 -0.02021730
v 0.01670187 -0.02702155 -0.01799376
v 0.01720913 -0.02904596 -0.01751894
v 0.01767178 -0.03131696 -0.01705980
v 0.02001053 -0.02811627 -0.01421725
v 0.02047488 -0.03049909 -0.01352311
v 0.02082931 -0.03315192 -0.01302081
v 0.02266928 -0.02979791 -0.00941206
v 0.02293899 -0.03259821 -0.00874168
v 0.02310019 -0.03555280 -0.00825953
v 0.02424533 -0.03198639 -0.00389449
v 0.02428610 -0.03504352 -0.00351622
v 0.02431979 -0.03823346 -0.00328794
v 0.02434079 -0.04146002 -0.00316862
v 0.02445126 -0.03808991 0.00136437
v 0.02444955 -0.03479206 0.00138950
v 0.02375393 -0.03516071 0.00608496
v 0.02378494 -0.03823395 0.00594229
v 0.02448446 -0.04137995 0.00144386
v 0.02217361 -0.03570563 0.01053044
v 0.02370456 -0.03208307 0.00642357
v 0.02202078 -0.03293219 0.01088710
v 0.02356405 -0.02930182 0.00693416
v 0.02176596 -0.03032868 0.01141859
v 0.01926047 -0.03126276 0.01522339
v 0.02140866 -0.02804791 0.01208131
v 0.01885733 -0.02912116 0.01573955
v 0.01582821 -0.02991950 0.01877428
v 0.01836490 -0.02707916 0.01625483
v 0.01536709 -0.02804108 0.01911834
v 0.01204013 -0.02887946 0.02140566
v 0.01486752 -0.02627399 0.01946508
v 0.01163504 -0.02732282 0.02164620
v 0.00809903 -0.02817438 0.02317356
v 0.01122091 -0.02588385 0.02186282
v 0.00779501 -0.02678424 0.02327980
v 0.00420212 -0.02737946 0.02419865
v 0.00748355 -0.02542487 0.02338173
v 0.00402279 -0.02601129 0.02423762
v 0.00711215 -0.02406598 0.02352076
v 0.00381277 -0.02472663 0.02428581
v 0.00718570 -0.02348541 0.02457018
v 0.00386569 -0.02426227 0.02532799
v 0.00038943 -0.02458844 0.02563285
v 0.00400522 -0.02423541 0.02677240
v 0.00036929 -0.02458454 0.02705467
v -0.00330441 -0.02436090 0.02691576
v 0.00033633 -0.02457428 0.02840503
v -0.00346195 -0.02432575 0.02825531
v -0.00716452 -0.02347565 0.02768716
v -0.01066184 -0.02208307 0.02678968
v -0.00361447 -0.02429010 0.02965937
v -0.00742941 -0.02338092 0.02910888
v -0.01102805 -0.02189508 0.02825435
v -0.00769632 -0.02330036 0.03069439
v -0.01140811 -0.02173102 0.02996710
v -0.01479776 -0.01953522 0.02913643
v -0.01177707 -0.02155084 0.03185379
v -0.01523300 -0.01925495 0.03118199
v -0.01208933 -0.02135749 0.03394240
v -0.01561667 -0.01894977 0.03335788
v -0.01237082 -0.02120368 0.03629878
v -0.01593576 -0.01868170 0.03595293
v -0.01260874 -0.02108209 0.03894822
v -0.01616861 -0.01847321 0.03871250
v -0.01920096 -0.01524616 0.03839944
v -0.02160123 -0.01160895 0.03791629
v -0.01631327 -0.01830084 0.04165695
v -0.01934799 -0.01505719 0.04149862
v -0.02171829 -0.01138971 0.04124441
v -0.02337021 -0.00751422 0.04090983
v -0.02179190 -0.01131549 0.04460431
v -0.02341983 -0.00744586 0.04445065
v -0.02345761 -0.00741901 0.04800791
v -0.02433664 -0.00349518 0.04800791
v -0.02459085 0.00051410 0.04800791
v -0.02037375 -0.00619586 0.04800791
v -0.02150321 -0.00291754 0.04800791
v -0.01864835 -0.00950788 0.04800791
v -0.01566690 -0.00722223 0.04800791
v -0.01744058 -0.00443463 0.04800791
v -0.01296677 -0.00458307 0.04800791
v -0.01484012 -0.00213141 0.04800791
v -0.01056986 -0.00190290 0.04800791
v -0.01259659 0.00054437 0.04800791
v -0.01469876 0.00300824 0.04800791
v -0.01708866 0.00537445 0.04800792
v -0.01038101 0.00307660 0.04800791
v -0.01254752 0.00571429 0.04800791
v -0.01499295 0.00837250 0.04800791
v -0.01776737 0.01096966 0.04800791
v -0.01988712 0.00749408 0.04800791
v -0.01014261 0.00811224 0.04800791
v -0.01249106 0.01118646 0.04800791
v -0.01502060 0.01413421 0.04800791
v -0.01775431 0.01702386 0.04800791
v -0.02073020 0.01323968 0.04800791
v -0.00958206 0.01352142 0.04800791
v -0.01170218 0.01690716 0.04800791
v -0.01400968 0.02022113 0.04800791
v -0.01399948 0.02018939 0.04495342
v -0.00963559 0.02264203 0.04800791
v -0.00965225 0.02259466 0.04499733
v -0.00962265 0.02259613 0.04206102
v -0.01392691 0.02022503 0.04195477
v -0.00484763 0.02408490 0.04500652
v -0.00485855 0.02406585 0.04208379
v -0.00483615 0.02409076 0.03933542
v -0.00953525 0.02264886 0.03925402
v 0.00013638 0.02454876 0.04204020
v 0.00009640 0.02458197 0.03931074
v 0.00005881 0.02457220 0.03681960
v -0.00477780 0.02408636 0.03679615
v 0.00501755 0.02404291 0.03918016
v 0.00488632 0.02406244 0.03665445
v 0.00473495 0.02409369 0.03455896
v 0.00949515 0.02266156 0.03634967
v 0.00924093 0.02276410 0.03410024
v 0.00896872 0.02287543 0.03209184
v 0.01335379 0.02061078 0.03348845
v 0.01297842 0.02084125 0.03132603
v 0.01255087 0.02104730 0.02931833
v 0.01651022 0.01816937 0.03044539
v 0.01601913 0.01858197 0.02824455
v 0.01544656 0.01902923 0.02621377
v 0.01891940 0.01564203 0.02697517
v 0.01827188 0.01631146 0.02471018
v 0.01762509 0.01703509 0.02273380
v 0.02062460 0.01326117 0.02303505
v 0.01991232 0.01432660 0.02081733
v 0.01917398 0.01533978 0.01881801
v 0.01696304 0.01772699 0.02092727
v 0.02169961 0.01148334 0.01869126
v 0.02095639 0.01281097 0.01652951
v 0.02017862 0.01406634 0.01460583
v 0.01839279 0.01630267 0.01699208
v 0.02298990 0.00868597 0.01652601
v 0.02231558 0.01030658 0.01412771
v 0.02159653 0.01179144 0.01206311
v 0.02224655 0.01390765 0.01037873
v 0.02072897 0.01599212 0.01321153
v 0.02336764 0.00801068 0.01181974
v 0.02293979 0.00978949 0.00943623
v 0.02349130 0.01203119 0.00749691
v 0.02398721 0.01441302 0.00532747
v 0.02289798 0.01622992 0.00878699
v 0.02388162 0.00791009 0.00704150
v 0.02415426 0.01019720 0.00467923
v 0.02446921 0.01272455 0.00210022
v 0.02446762 0.00842376 0.00222699
v 0.02457309 0.01091498 -0.00034018
v 0.02436703 0.01309906 -0.00311382
v 0.02444955 0.00875091 -0.00251979
v 0.02405722 0.01079925 -0.00512439
v 0.02377536 0.01496136 -0.00617009
v 0.02334067 0.01271527 -0.00788687
v 0.02269491 0.01681585 -0.00932006
v 0.02318570 0.01907855 -0.00795872
v 0.02213962 0.01468451 -0.01065399
v 0.02119137 0.01878070 -0.01238555
v 0.02172861 0.02083343 -0.01137050
v 0.01925088 0.02073334 -0.01517906
v 0.01977481 0.02259173 -0.01446351
v 0.02218625 0.02316302 -0.01050784
v 0.02030270 0.02473822 -0.01379017
v 0.01740701 0.02419330 -0.01724996
v 0.01790860 0.02615082 -0.01671361
v 0.01462430 0.02563275 -0.01962642
v 0.01505752 0.02732269 -0.01931207
v 0.01547989 0.02921380 -0.01903630
v 0.01147207 0.02686322 -0.02166761
v 0.01181235 0.02836175 -0.02149030
v 0.01217062 0.03010345 -0.02130517
v 0.00819961 0.02926263 -0.02311586
v 0.00843423 0.03083734 -0.02304838
v 0.00796463 0.02785443 -0.02320078
v 0.00420511 0.02851263 -0.02418808
v 0.00432089 0.02986761 -0.02416318
v 0.00408590 0.02717523 -0.02421306
v 0.00030984 0.02744720 -0.02457045
v 0.00772244 0.02650287 -0.02328603
v 0.00394906 0.02581244 -0.02424295
v 0.00033450 0.02611517 -0.02457981
v 0.00033108 0.02493158 -0.02458513
v -0.00317569 0.02477337 -0.02438977
v -0.00335086 0.02597601 -0.02435335
v -0.00321738 0.02438959 -0.02549899
v -0.00671927 0.02362689 -0.02481637
v 0.00037546 0.02459076 -0.02571990
v -0.00332645 0.02435834 -0.02692603
v -0.00696903 0.02354974 -0.02626947
v -0.00718234 0.02347943 -0.02766685
v -0.01072965 0.02206878 -0.02668903
v -0.01040268 0.02221966 -0.02521451
v -0.01103726 0.02191400 -0.02821726
v -0.01433469 0.01984320 -0.02703152
v -0.01393595 0.02014544 -0.02538528
v -0.01473410 0.01958294 -0.02894366
v -0.01771774 0.01698724 -0.02787918
v -0.01727201 0.01740130 -0.02571657
v -0.01809824 0.01656537 -0.03021394
v -0.01508536 0.01937201 -0.03106300
v -0.01839035 0.01624701 -0.03265644
v -0.01535221 0.01916107 -0.03329782
v -0.01860330 0.01601166 -0.03545904
v -0.02110337 0.01258050 -0.03486624
v -0.01556601 0.01900140 -0.03590401
v -0.01872904 0.01585199 -0.03840460
v -0.02116239 0.01236322 -0.03801621
v -0.02120139 0.01231732 -0.04127001
v -0.02299985 0.00854144 -0.04094957
v -0.02298368 0.00859173 -0.03747804
v -0.02295310 0.00867914 -0.04448491
v -0.02406778 0.00490082 -0.04430737
v -0.02406742 0.00469476 -0.04060942
v -0.02452524 0.00119037 -0.04414145
v -0.02451462 0.00083685 -0.04026093
v -0.02445767 -0.00231891 -0.04410090
v -0.02438431 -0.00276520 -0.04021459
v -0.02383609 -0.00596344 -0.04418881
v -0.02370267 -0.00639899 -0.04044903
v -0.02256168 -0.00968854 -0.04434925
v -0.02237686 -0.01006842 -0.04075042
v -0.02216452 -0.01054499 -0.03727612
v -0.02040177 -0.01366608 -0.04103980
v -0.02014993 -0.01404987 -0.03772836
v -0.01983841 -0.01450348 -0.03455817
v -0.01748380 -0.01725641 -0.03811929
v -0.01715909 -0.01757282 -0.03517661
v -0.01676950 -0.01795416 -0.03248268
v -0.01389170 -0.02025983 -0.03577260
v -0.01355728 -0.02048395 -0.03324443
v -0.01318784 -0.02071442 -0.03097124
v -0.01276431 -0.02096686 -0.02899128
v -0.00958628 -0.02259577 -0.03181593
v -0.00929257 -0.02270612 -0.02995708
v -0.00896585 -0.02283551 -0.02823335
v -0.00548142 -0.02393122 -0.03056092
v -0.00531674 -0.02396881 -0.02896891
v -0.00513614 -0.02401129 -0.02749853
v -0.00144650 -0.02451715 -0.02932061
v -0.00141825 -0.02452252 -0.02787428
v -0.00139939 -0.02452594 -0.02641708
v 0.00233157 -0.02444293 -0.02782436
v 0.00218612 -0.02446784 -0.02637862
v 0.00206772 -0.02448493 -0.02496109
v 0.00571829 -0.02390631 -0.02586495
v 0.00544693 -0.02397711 -0.02445995
v 0.00553830 -0.02512165 -0.02394680
v 0.00910586 -0.02281354 -0.02494259
v 0.00869931 -0.02301129 -0.02353027
v 0.00890878 -0.02428961 -0.02290445
v 0.00930612 -0.02584235 -0.02270954
v 0.01168088 -0.02162262 -0.02215572
v 0.01202865 -0.02306745 -0.02141048
v 0.01256997 -0.02468805 -0.02108816
v 0.01484042 -0.02153522 -0.01956692
v 0.01553464 -0.02331842 -0.01901108
v 0.01613174 -0.02508893 -0.01850163
v 0.01809317 -0.02176032 -0.01655757
v 0.01879739 -0.02368122 -0.01574446
v 0.01945761 -0.02584772 -0.01494035
v 0.02102463 -0.02215338 -0.01267009
v 0.02168686 -0.02458502 -0.01149569
v 0.02225308 -0.02717926 -0.01028881
v 0.02338699 -0.02331012 -0.00748537
v 0.02393588 -0.02629010 -0.00541504
v 0.02271493 -0.02065582 -0.00928148
v 0.02388840 -0.01905280 -0.00562907
v 0.02325393 -0.01652301 -0.00784738
v 0.02407028 -0.01474762 -0.00487424
v 0.02444674 -0.01738043 -0.00228358
v 0.02443820 -0.01293952 -0.00219398
v 0.02454172 -0.01549811 0.00044899
v 0.02431344 -0.01808747 0.00337425
v 0.02362936 -0.02026764 0.00671659
v 0.02440109 -0.01341364 0.00279488
v 0.02390671 -0.01577008 0.00556856
v 0.02303268 -0.01794928 0.00853764
v 0.02163272 -0.01994928 0.01159905
v 0.02230789 -0.02211676 0.01028686
v 0.02339425 -0.01358502 0.00750540
v 0.02237198 -0.01584088 0.01017731
v 0.02089895 -0.01793903 0.01289791
v 0.01898538 -0.01991754 0.01555484
v 0.01964999 -0.02175641 0.01465109
v 0.02164407 -0.01384772 0.01166166
v 0.02011715 -0.01603668 0.01412220
v 0.01820669 -0.01815241 0.01648839
v 0.01591421 -0.02003668 0.01873916
v 0.01659884 -0.02167340 0.01808010
v 0.01986337 -0.01447028 0.01556665
v 0.01800363 -0.01671540 0.01784370
v 0.01579288 -0.01885211 0.01989498
v 0.01319815 -0.02074274 0.02174419
v 0.01322159 -0.02166559 0.02072696
v 0.01872848 -0.01585016 0.01965123
v 0.01641940 -0.01826520 0.02163727
v 0.01373593 -0.02036823 0.02335695
v 0.01074991 -0.02207282 0.02490596
v 0.01030307 -0.02229791 0.02336835
v 0.01699209 -0.01771051 0.02341269
v 0.01423361 -0.02001276 0.02502486
v 0.01112790 -0.02187946 0.02641610
v 0.00772720 -0.02330329 0.02749646
v 0.00748807 -0.02337995 0.02607420
v 0.01467776 -0.01968122 0.02672763
v 0.01147482 -0.02169342 0.02797396
v 0.00796267 -0.02322272 0.02894696
v 0.00421042 -0.02418805 0.02955032
v 0.00410361 -0.02421540 0.02814420
v 0.01181332 -0.02151325 0.02974716
v 0.00819040 -0.02314704 0.03058834
v 0.00431521 -0.02416461 0.03108408
v 0.00029031 -0.02456305 0.03127857
v 0.00031534 -0.02456110 0.02980024
v 0.00839297 -0.02308551 0.03235591
v 0.00440750 -0.02416071 0.03279392
v 0.00026199 -0.02457624 0.03295983
v -0.00390097 -0.02424957 0.03283171
v -0.00375809 -0.02426618 0.03117884
v 0.00448562 -0.02414459 0.03472677
v 0.00022720 -0.02456842 0.03486600
v -0.00404837 -0.02421149 0.03473933
v -0.00819309 -0.02312848 0.03439797
v -0.00796103 -0.02323395 0.03243312
v 0.00019101 -0.02456500 0.03689474
v -0.00417502 -0.02418366 0.03682841
v -0.00840470 -0.02305280 0.03661323
v -0.00430100 -0.02416852 0.03930953
v -0.00860349 -0.02299665 0.03915358
v -0.00439780 -0.02412311 0.04201897
v -0.00873630 -0.02292829 0.04191689
v -0.01275900 -0.02096930 0.04179924
v -0.00883121 -0.02293219 0.04491924
v -0.01286295 -0.02094196 0.04487232
v -0.01642600 -0.01826764 0.04480194
v -0.01944211 -0.01500788 0.04473132
v -0.01643894 -0.01828082 0.04800791
v -0.01947177 -0.01501666 0.04800791
v -0.02184030 -0.01132526 0.04800791
v -0.01642948 -0.01259137 0.04800791
v -0.01374124 -0.01514459 0.04800791
v -0.01124210 -0.01210504 0.04800791
v -0.01355155 -0.00981354 0.04800791
v -0.00872232 -0.00895319 0.04800791
v -0.01091019 -0.00690143 0.04800791
v -0.00633536 -0.00632282 0.04800791
v -0.00847019 -0.00423053 0.04800791
v -0.00613114 -0.00200202 0.04800791
v -0.00827481 0.00049115 0.04800791
v -0.00585990 0.00233441 0.04800791
v -0.00798624 0.00518744 0.04800791
v -0.00542697 0.00682904 0.04800791
v -0.00745816 0.01005951 0.04800791
v -0.00457254 0.01143939 0.04800791
v -0.00627310 0.01519232 0.04800791
v -0.00790592 0.01882416 0.04800791
v -0.00296414 0.01622308 0.04800791
v -0.00397745 0.02018353 0.04800791
v -0.00481894 0.02414056 0.04800791
v 0.00010727 0.02065423 0.04800791
v 0.00020932 0.02460736 0.04800791
v 0.00017673 0.02456732 0.04498043
v 0.00433774 0.02007757 0.04800791
v 0.00523581 0.02403607 0.04800791
v 0.00519705 0.02400482 0.04492319
v 0.00512076 0.02399261 0.04192826
v 0.00997482 0.02244769 0.04485289
v 0.00986374 0.02246527 0.04177920
v 0.00970376 0.02256976 0.03896614
v 0.01414602 0.02005267 0.04162867
v 0.01395212 0.02021820 0.03869757
v 0.01368966 0.02039544 0.03597364
v 0.01760397 0.01708636 0.03838864
v 0.01732730 0.01740521 0.03550436
v 0.01693478 0.01776459 0.03276188
v 0.02027347 0.01384418 0.03483625
v 0.01989059 0.01437054 0.03194804
v 0.01945340 0.01495306 0.02938671
v 0.02220462 0.01054095 0.03096610
v 0.02180252 0.01134710 0.02813620
v 0.02125833 0.01230169 0.02544376
v 0.02297738 0.00868060 0.02389268
v 0.02250216 0.00987298 0.03404584
v 0.02372470 0.00629242 0.02993112
v 0.02390158 0.00559808 0.03335572
v 0.02269473 0.00933294 0.03743978
v 0.02400998 0.00500580 0.03691097
v 0.02448300 0.00104681 0.03297666
v 0.02448642 0.00066693 0.03667691
v 0.02425155 -0.00379450 0.03341642
v 0.02422177 -0.00397614 0.02995668
v 0.02312759 -0.00824030 0.03408342
v 0.02300082 -0.00855426 0.03082885
v 0.02423263 -0.00382721 0.03696794
v 0.02315304 -0.00814069 0.03746276
v 0.02141525 -0.01202936 0.03789115
v 0.02134653 -0.01217584 0.03464201
v 0.02420907 -0.00405426 0.04063415
v 0.02312826 -0.00823395 0.04093265
v 0.02140487 -0.01202594 0.04120108
v 0.01909378 -0.01543463 0.04144648
v 0.01906650 -0.01547565 0.03825029
v 0.02305240 -0.00849372 0.04446410
v 0.02135043 -0.01215534 0.04459439
v 0.01907632 -0.01548932 0.04470216
v 0.01618643 -0.01847565 0.04479564
v 0.01620633 -0.01844635 0.04164447
v 0.02124765 -0.01237018 0.04800791
v 0.01901431 -0.01562799 0.04800791
v 0.01612253 -0.01856598 0.04800791
v 0.01266952 -0.02106745 0.04800791
v 0.01274014 -0.02100153 0.04489487
v 0.01616226 -0.01324567 0.04800791
v 0.01351114 -0.01559967 0.04800791
v 0.01049093 -0.01760163 0.04800791
v 0.00713309 -0.01904889 0.04800791
v 0.00873739 -0.02298395 0.04800791
v 0.00842514 -0.01400397 0.04800791
v 0.00558548 -0.01525592 0.04800791
v 0.00257828 -0.01612409 0.04800791
v 0.00352945 -0.02004791 0.04800791
v 0.00655075 -0.01048932 0.04800791
v 0.00396963 -0.01157086 0.04800791
v 0.00140921 -0.01229401 0.04800791
v 0.00224545 -0.00823151 0.04800791
v -0.00014456 -0.00910504 0.04800791
v 0.00036935 -0.00536432 0.04800791
v -0.00196372 -0.00661334 0.04800791
v -0.00416873 -0.00825690 0.04800791
v -0.00637314 -0.01065143 0.04800791
v -0.00402201 -0.00430915 0.04800791
v -0.00859146 -0.01392926 0.04800791
v -0.01070072 -0.01736383 0.04800791
v -0.00738077 -0.01905963 0.04800791
v -0.01290311 -0.02092829 0.04800791
v -0.00887509 -0.02293463 0.04800791
v -0.00379593 -0.02013043 0.04800791
v -0.00451547 -0.02418317 0.04800791
v -0.00007779 -0.02043805 0.04800791
v 0.00001022 -0.02461237 0.04800791
v 0.00450149 -0.02418512 0.04800791
v 0.00004080 -0.02457086 0.04500363
v 0.00452255 -0.02413727 0.04500302
v 0.00879696 -0.02292682 0.04497266
v 0.00454703 -0.02412946 0.04208493
v 0.00881387 -0.02290875 0.04200345
v 0.01274093 -0.02098639 0.04183756
v 0.00878757 -0.02292780 0.03919123
v 0.01268826 -0.02103424 0.03893843
v 0.01614364 -0.01850885 0.03861409
v 0.01257217 -0.02110700 0.03624569
v 0.01600467 -0.01863874 0.03578803
v 0.01894107 -0.01563532 0.03521978
v 0.01577316 -0.01883209 0.03318106
v 0.01871866 -0.01590534 0.03242485
v 0.02116434 -0.01246540 0.03162590
v 0.01840414 -0.01625397 0.02987020
v 0.02084183 -0.01291754 0.02884571
v 0.02277493 -0.00916266 0.02769819
v 0.02235550 -0.01011823 0.02481587
v 0.02377548 -0.00610358 0.02347063
v 0.02045224 -0.01355866 0.02616748
v 0.01993808 -0.01428815 0.02375468
v 0.02186819 -0.01111481 0.02207502
v 0.02329300 -0.00769733 0.02040557
v 0.02271762 -0.00927790 0.01769646
v 0.02373013 -0.00624518 0.01581968
v 0.02419443 -0.00417829 0.01873848
v 0.02430441 -0.00337262 0.01402819
v 0.02451950 -0.00108551 0.01692736
v 0.02450570 0.00144476 0.01464541
v 0.02420749 0.00402386 0.01728002
v 0.02378891 0.00609369 0.01444291
v 0.02357962 0.00688080 0.01931416
v 0.02240140 0.01006195 0.02115512
v 0.02428024 0.00366839 0.01206884
v 0.02402829 0.00579828 0.00947731
v 0.02449264 0.00147357 0.00960553
v 0.02437314 0.00372894 0.00710720
v 0.02432992 0.00602533 0.00463804
v 0.02452060 0.00173626 0.00478016
v 0.02452536 0.00410394 0.00235380
v 0.02457309 0.00645111 -0.00005474
v 0.02458822 0.00206878 0.00008885
v 0.02451352 0.00435785 -0.00226732
v 0.02432480 0.00654193 -0.00467665
v 0.02453293 0.00222357 -0.00454152
v 0.02432931 0.00442669 -0.00685292
v 0.02380655 0.00861224 -0.00711011
v 0.02390695 0.00664056 -0.00914917
v 0.02275509 0.01060199 -0.00946332
v 0.02298044 0.00879974 -0.01142665
v 0.02146853 0.01274603 -0.01201189
v 0.02184494 0.01124701 -0.01379937
v 0.01987527 0.01507660 -0.01445973
v 0.02056387 0.01684271 -0.01343145
v 0.02035336 0.01378656 -0.01616173
v 0.01800271 0.01729291 -0.01672499
v 0.01866391 0.01895355 -0.01593730
v 0.01578000 0.01937347 -0.01885332
v 0.01635568 0.02088666 -0.01829896
v 0.01690414 0.02250775 -0.01776429
v 0.01367056 0.02254779 -0.02039499
v 0.01417557 0.02407464 -0.01999263
v 0.01067148 0.02398382 -0.02210550
v 0.01112277 0.02543988 -0.02186352
v 0.00742984 0.02507220 -0.02338271
v 0.01026205 0.02267084 -0.02231869
v 0.00713040 0.02380951 -0.02350260
v 0.01059793 0.02216498 -0.02362003
v 0.00740072 0.02341156 -0.02477080
v 0.00395004 0.02425335 -0.02547752
v 0.00378354 0.02457464 -0.02427816
v 0.00415548 0.02421087 -0.02692198
v 0.00041568 0.02458343 -0.02713682
v 0.00776376 0.02328119 -0.02627638
v 0.00432229 0.02417718 -0.02827711
v 0.00044913 0.02457416 -0.02847510
v 0.00049368 0.02456244 -0.02984480
v -0.00350522 0.02430609 -0.02965657
v -0.00341934 0.02433197 -0.02828839
v -0.00358957 0.02428802 -0.03117931
v -0.00758859 0.02334955 -0.03069058
v -0.00738742 0.02340863 -0.02908596
v -0.00776474 0.02330755 -0.03243166
v -0.01160550 0.02165521 -0.03176528
v -0.01132950 0.02177728 -0.02987437
v -0.01183487 0.02153265 -0.03390247
v -0.00792398 0.02323773 -0.03441533
v -0.01201114 0.02143451 -0.03627299
v -0.00804556 0.02319476 -0.03660336
v -0.01212839 0.02136761 -0.03894683
v -0.01568759 0.01888763 -0.03870970
v -0.00812021 0.02317523 -0.03917210
v -0.01218344 0.02130804 -0.04179849
v -0.01574423 0.01882904 -0.04164674
v -0.01572006 0.01890179 -0.04479500
v -0.01875241 0.01587201 -0.04473075
v -0.01877432 0.01579437 -0.04150253
v -0.01867594 0.01600677 -0.04799209
v -0.02113065 0.01257123 -0.04799209
v -0.02119547 0.01240326 -0.04461385
v -0.01756998 0.01057318 -0.04799209
v -0.01926724 0.00752728 -0.04799209
v -0.02292478 0.00891205 -0.04799209
v -0.02051383 0.00439398 -0.04799209
v -0.02404795 0.00518353 -0.04799209
v -0.02132132 0.00130804 -0.04799209
v -0.02453726 0.00160443 -0.04799209
v -0.02452298 -0.00189264 -0.04799209
v -0.02396634 -0.00550592 -0.04799209
v -0.02031839 -0.00788288 -0.04799209
v -0.02277054 -0.00933893 -0.04799209
v -0.01826139 -0.01104889 -0.04799209
v -0.02077860 -0.01315436 -0.04799209
v -0.02061057 -0.01337409 -0.04448944
v -0.01802280 -0.01672321 -0.04799209
v -0.01789786 -0.01682282 -0.04460131
v -0.01771884 -0.01699811 -0.04129740
v -0.01449631 -0.01982819 -0.04472465
v -0.01435538 -0.01992145 -0.04153451
v -0.01416422 -0.02006647 -0.03850871
v -0.01041489 -0.02221002 -0.04172334
v -0.01027689 -0.02228278 -0.03884451
v -0.01010092 -0.02236969 -0.03622883
v -0.00985941 -0.02248004 -0.03387528
v -0.00592771 -0.02381940 -0.03652589
v -0.00579996 -0.02385993 -0.03433378
v -0.00564798 -0.02390485 -0.03234431
v -0.00152036 -0.02451911 -0.03458197
v -0.00151035 -0.02451715 -0.03262310
v -0.00148380 -0.02450885 -0.03082437
v 0.00267685 -0.02440045 -0.03257946
v 0.00256009 -0.02440387 -0.03081335
v 0.00245382 -0.02442047 -0.02927028
v 0.00651620 -0.02366315 -0.03043061
v 0.00627524 -0.02373688 -0.02882984
v 0.00602340 -0.02381891 -0.02735212
v 0.00989456 -0.02245172 -0.02808603
v 0.00951932 -0.02261676 -0.02649022
v 0.01321054 -0.02063825 -0.02698469
v 0.01272452 -0.02095563 -0.02529761
v 0.01221750 -0.02127838 -0.02368386
v 0.01556436 -0.01894440 -0.02385052
v 0.01497372 -0.01943073 -0.02207142
v 0.01432419 -0.01996442 -0.02040899
v 0.01732571 -0.01740485 -0.02022605
v 0.01661862 -0.01810602 -0.01845427
v 0.01729001 -0.01982477 -0.01744640
v 0.01858273 -0.01610114 -0.01632544
v 0.01940585 -0.01801081 -0.01505918
v 0.02024338 -0.02003229 -0.01386959
v 0.02114419 -0.01612506 -0.01243921
v 0.02196573 -0.01826862 -0.01090197
v 0.02028903 -0.01422370 -0.01391473
v 0.02168051 -0.01221930 -0.01160718
v 0.02250021 -0.01422321 -0.00983097
v 0.02278219 -0.01025983 -0.00924202
v 0.02348678 -0.01236090 -0.00719967
v 0.02374954 -0.00831598 -0.00688626
v 0.02411618 -0.01051325 -0.00462809
v 0.02429355 -0.00634381 -0.00453427
v 0.02444040 -0.00860211 -0.00220630
v 0.02454587 -0.01098786 0.00023053
v 0.02453988 -0.00661090 0.00011723
v 0.02441855 -0.00893659 0.00247538
v 0.02406357 -0.01128082 0.00492756
v 0.02422006 -0.00689997 0.00467147
v 0.02360476 -0.00921393 0.00691245
v 0.02278976 -0.01155573 0.00924458
v 0.02258731 -0.00972614 0.01104861
v 0.02138400 -0.01212457 0.01324439
v 0.02206369 -0.01072663 0.01528734
v 0.02059329 -0.01336676 0.01747536
v 0.02125931 -0.01226129 0.01963678
v 0.01935702 -0.01506549 0.02159449
v 0.01753305 -0.01716754 0.02531729
v 0.01800552 -0.01669245 0.02751548
v 0.01509811 -0.01936139 0.02869219
v 0.01547079 -0.01908502 0.03083027
v 0.01211337 -0.02135651 0.03169373
v 0.01237314 -0.02120758 0.03383969
v 0.00857174 -0.02299323 0.03436731
v 0.00869455 -0.02294586 0.03658885
v 0.00453122 -0.02412995 0.03680255
v 0.00455423 -0.02414508 0.03933448
v 0.00013974 -0.02456745 0.03937800
v 0.00008523 -0.02455719 0.04208822
v -0.00447037 -0.02414508 0.04496942
v 0.02318802 -0.00807965 0.01323909
v 0.02348721 -0.00728668 0.00896798
v 0.02394205 -0.00544245 0.01131403
v 0.02417697 -0.00493268 0.00691343
v 0.02437741 -0.00293610 0.00936713
v 0.02453048 -0.00085944 0.01200225
v 0.02452243 -0.00059821 0.00714762
v 0.02446957 -0.00258795 0.00474437
v 0.02456820 -0.00026325 0.00244654
v 0.02449228 -0.00458258 0.00241510
v 0.02458578 -0.00229010 0.00012032
v 0.02458798 -0.00001227 -0.00221183
v 0.02451559 -0.00432331 -0.00218907
v 0.02453012 -0.00209088 -0.00453206
v 0.02457785 0.00010638 -0.00689134
v 0.02431894 -0.00420124 -0.00687881
v 0.02447775 -0.00206793 -0.00929648
v 0.02445993 0.00231927 -0.00920259
v 0.02456479 0.00010443 -0.01168474
v 0.02415182 0.00462347 -0.01145142
v 0.02443539 0.00250580 -0.01396792
v 0.02399710 0.00522015 -0.01607366
v 0.02352884 0.00709271 -0.01364847
v 0.02310196 0.00824359 -0.01814743
v 0.02250186 0.00980365 -0.01586015
v 0.02172928 0.01143451 -0.02019518
v 0.02106759 0.01261712 -0.01808455
v 0.01981241 0.01444769 -0.02210221
v 0.01915988 0.01532806 -0.02018968
v 0.01844821 0.01620355 -0.01835362
v 0.01746005 0.01724945 -0.02377401
v 0.01686899 0.01783294 -0.02203459
v 0.01618582 0.01847796 -0.02031018
v 0.01415579 0.02008441 -0.02369670
v 0.01355563 0.02051849 -0.02209172
v 0.01318619 0.02118597 -0.02074572
v 0.01111526 0.02189740 -0.02516627
v 0.01468667 0.01967865 -0.02529697
v 0.01153927 0.02166205 -0.02662745
v 0.01194345 0.02144330 -0.02818665
v 0.00835562 0.02307464 -0.02909662
v 0.00866336 0.02297113 -0.03075504
v 0.00467441 0.02410687 -0.03120249
v 0.00449771 0.02414251 -0.02967093
v 0.00805905 0.02318060 -0.02766443
v 0.00484439 0.02407562 -0.03289663
v 0.00059195 0.02457464 -0.03304120
v 0.00053836 0.02456341 -0.03130525
v 0.00064902 0.02456634 -0.03494076
v -0.00371030 0.02427142 -0.03481145
v -0.00365738 0.02428607 -0.03287519
v -0.00375681 0.02425628 -0.03691499
v 0.00070657 0.02455511 -0.03702906
v -0.00377017 0.02426117 -0.03935698
v 0.00076236 0.02455755 -0.03944460
v -0.00377298 0.02424212 -0.04204149
v -0.00815256 0.02313910 -0.04193398
v 0.00081033 0.02452289 -0.04210186
v -0.00375626 0.02427337 -0.04498027
v -0.00815079 0.02317718 -0.04492514
v -0.00811484 0.02321087 -0.04799209
v -0.01215970 0.02137787 -0.04799209
v -0.01219266 0.02132123 -0.04485891
v -0.00990103 0.01779974 -0.04799209
v -0.01277158 0.01593255 -0.04799209
v -0.01563468 0.01901312 -0.04799209
v -0.01003940 0.01257904 -0.04799209
v -0.01225626 0.01060345 -0.04799209
v -0.01543265 0.01343597 -0.04799209
v -0.00912399 0.00753314 -0.04799209
v -0.01414414 0.00825043 -0.04799209
v -0.01090811 0.00549847 -0.04799209
v -0.01575760 0.00574798 -0.04799209
v -0.01248618 0.00324994 -0.04799209
v -0.01710245 0.00295453 -0.04799209
v -0.01390970 0.00086273 -0.04799209
v -0.01816751 0.00033636 -0.04799209
v -0.01518112 -0.00143610 -0.04799209
v -0.01104257 -0.00152594 -0.04799209
v -0.01255899 -0.00389752 -0.04799209
v -0.01417587 -0.00627448 -0.04799209
v -0.01601792 -0.00868512 -0.04799209
v -0.00992606 -0.00611969 -0.04799209
v -0.01161344 -0.00870465 -0.04799209
v -0.01348368 -0.01132428 -0.04799209
v -0.01562284 -0.01399957 -0.04799209
v -0.00879532 -0.01073493 -0.04799209
v -0.01053140 -0.01363141 -0.04799209
v -0.01243759 -0.01664069 -0.04799209
v -0.01457273 -0.01979987 -0.04799209
v -0.00728739 -0.01536725 -0.04799209
v -0.00881381 -0.01871295 -0.04799209
v -0.01051724 -0.02222125 -0.04799209
v -0.01049753 -0.02219684 -0.04482632
v -0.00602127 -0.02383551 -0.04799209
v -0.00606546 -0.02380622 -0.04488311
v -0.00605936 -0.02377887 -0.04185673
v -0.00140427 -0.02451959 -0.04491606
v -0.00147232 -0.02450006 -0.04193834
v -0.00151254 -0.02450495 -0.03917302
v 0.00313601 -0.02431403 -0.04191151
v 0.00302310 -0.02435749 -0.03914822
v 0.00291360 -0.02436041 -0.03666232
v 0.00740298 -0.02340387 -0.03899849
v 0.00720535 -0.02344000 -0.03642867
v 0.00699423 -0.02351422 -0.03420683
v 0.01120553 -0.02186530 -0.03609850
v 0.01091952 -0.02200739 -0.03370650
v 0.01057852 -0.02217291 -0.03152757
v 0.01446005 -0.01980915 -0.03321541
v 0.01409231 -0.02009332 -0.03091020
v 0.01368179 -0.02034821 -0.02888614
v 0.01716922 -0.01755377 -0.03017357
v 0.01667398 -0.01796002 -0.02786546
v 0.01610690 -0.01843659 -0.02572252
v 0.01922995 -0.01525543 -0.02673798
v 0.01864364 -0.01590192 -0.02434737
v 0.01801462 -0.01661237 -0.02225646
v 0.02070724 -0.01312555 -0.02283161
v 0.02003024 -0.01417194 -0.02045533
v 0.01930264 -0.01518854 -0.01825869
v 0.02231094 -0.01023688 -0.02116129
v 0.02162918 -0.01158649 -0.01850602
v 0.02091427 -0.01287653 -0.01611115
v 0.02278189 -0.00911481 -0.01644674
v 0.02214322 -0.01063727 -0.01389216
v 0.02361838 -0.00671442 -0.01420630
v 0.02306119 -0.00847516 -0.01158681
v 0.02419418 -0.00435553 -0.01177764
v 0.02387747 -0.00635504 -0.00924275
v 0.02447433 -0.00221295 -0.01429128
v 0.02409128 -0.00471149 -0.01704302
v 0.02457028 0.00024603 -0.01670843
v 0.02436117 0.00306878 -0.01887671
v 0.02404245 0.00490228 -0.02385297
v 0.02364212 0.00660785 -0.02081232
v 0.02282077 0.00905511 -0.02530140
v 0.02232632 0.01022943 -0.02261890
v 0.02096292 0.01279535 -0.02666595
v 0.02043728 0.01358978 -0.02426918
v 0.01856906 0.01606097 -0.02781701
v 0.01803396 0.01662347 -0.02572483
v 0.01567496 0.01891791 -0.02895738
v 0.01518545 0.01929779 -0.02703520
v 0.01612417 0.01853021 -0.03110666
v 0.01274539 0.02100091 -0.03188133
v 0.01234268 0.02123334 -0.02993771
v 0.01308700 0.02079974 -0.03401440
v 0.00919235 0.02275091 -0.03449401
v 0.00894040 0.02287152 -0.03251392
v 0.00941995 0.02265277 -0.03676347
v 0.00515005 0.02399212 -0.03696111
v 0.00501040 0.02401947 -0.03481108
v 0.00528396 0.02397064 -0.03940487
v 0.00961233 0.02257709 -0.03927451
v 0.00538412 0.02392279 -0.04209155
v 0.00975564 0.02251263 -0.04204064
v 0.00545523 0.02396283 -0.04500236
v 0.00085824 0.02454339 -0.04500789
v 0.00984280 0.02249359 -0.04497587
v 0.00548813 0.02397210 -0.04799209
v 0.00088687 0.02457367 -0.04799209
v 0.00448227 0.01999505 -0.04799209
v 0.00062790 0.02050873 -0.04799209
v -0.00373148 0.02430365 -0.04799209
v -0.00318436 0.02027826 -0.04799209
v -0.00673526 0.01931537 -0.04799209
v 0.00349405 0.01625189 -0.04799209
v 0.00673324 0.01525482 -0.04799209
v 0.00528244 0.01190619 -0.04799209
v 0.00236520 0.01272552 -0.04799209
v 0.00825412 0.01879584 -0.04799209
v 0.01176272 0.01709076 -0.04799209
v 0.00988595 0.02252337 -0.04799209
v 0.01388748 0.02031097 -0.04799209
v 0.01736972 0.01743988 -0.04799209
v 0.01384848 0.02029535 -0.04492430
v 0.01732138 0.01743841 -0.04484814
v 0.02013479 0.01408343 -0.04474436
v 0.02017666 0.01406830 -0.04799209
v 0.01722574 0.01750873 -0.04176123
v 0.02004642 0.01417474 -0.04157024
v 0.02220712 0.01046087 -0.04132011
v 0.02224716 0.01041302 -0.04464910
v 0.01991354 0.01436615 -0.03847190
v 0.02210672 0.01065082 -0.03811311
v 0.02363577 0.00657709 -0.03759250
v 0.02369406 0.00649359 -0.04101369
v 0.02197122 0.01097992 -0.03500097
v 0.02356802 0.00688031 -0.03440281
v 0.02440646 0.00241498 -0.03368720
v 0.02440158 0.00232269 -0.03708160
v 0.02175137 0.01141253 -0.03205079
v 0.02343545 0.00733001 -0.03124685
v 0.02321213 0.00802875 -0.02810334
v 0.02142538 0.01204095 -0.02919884
v 0.01941720 0.01504925 -0.03275158
v 0.01903543 0.01551166 -0.03023526
v 0.01971634 0.01466156 -0.03549128
v 0.01682431 0.01789789 -0.03598921
v 0.01650418 0.01820355 -0.03343149
v 0.01706528 0.01767132 -0.03877828
v 0.01359756 0.02046332 -0.03907073
v 0.01336996 0.02061371 -0.03643149
v 0.01375314 0.02034369 -0.04192540
v 0.02445382 -0.00189899 -0.03683171
v 0.02447751 -0.00156696 -0.04057292
v 0.02439548 0.00242474 -0.04073703
v 0.02443551 -0.00225446 -0.03319222
v 0.02375430 -0.00619977 -0.03351554
v 0.02385763 -0.00569831 -0.03703687
v 0.02439902 0.00268402 -0.03036718
v 0.02259311 -0.00952155 -0.03750825
v 0.02274118 -0.00918024 -0.04092969
v 0.02395651 -0.00538922 -0.04065240
v 0.02283261 -0.00900299 -0.04446319
v 0.02403085 -0.00519831 -0.04434145
v 0.02451425 -0.00134137 -0.04428011
v 0.02407614 -0.00506256 -0.04799209
v 0.02455893 -0.00113288 -0.04799209
v 0.02442489 0.00258636 -0.04434825
v 0.02444089 0.00278753 -0.04799209
v 0.02369687 0.00654437 -0.04450559
v 0.02367618 0.00666302 -0.04799209
v 0.02225052 0.01045892 -0.04799209
v 0.01748581 0.01204046 -0.04799209
v 0.01508218 0.00946918 -0.04799209
v 0.01266159 0.01173919 -0.04799209
v 0.01489096 0.01470062 -0.04799209
v 0.01084720 0.00876361 -0.04799209
v 0.00815353 0.01053607 -0.04799209
v 0.00987192 0.01369085 -0.04799209
v 0.00658798 0.00761712 -0.04799209
v 0.00386514 0.00889154 -0.04799209
v 0.00508102 0.00496771 -0.04799209
v 0.00240304 0.00621673 -0.04799209
v 0.00112863 0.00972943 -0.04799209
v -0.00025278 0.00730951 -0.04799209
v -0.00277194 0.00868109 -0.04799209
v -0.00446677 0.00684271 -0.04799209
v -0.00527799 0.01088177 -0.04799209
v -0.00182071 0.00514886 -0.04799209
v 0.00086093 0.00385638 -0.04799209
v -0.00076877 0.00163617 -0.04799209
v -0.00348837 0.00306244 -0.04799209
v -0.00620572 0.00493500 -0.04799209
v -0.00790726 0.00292132 -0.04799209
v -0.00721170 0.00933929 -0.04799209
v -0.00515335 0.00092669 -0.04799209
v -0.00676621 -0.00131207 -0.04799209
v -0.00951151 0.00074554 -0.04799209
v -0.00243399 -0.00057672 -0.04799209
v -0.00404831 -0.00287311 -0.04799209
v -0.00561887 -0.00531500 -0.04799209
v -0.00129422 -0.00408161 -0.04799209
v -0.00284232 -0.00648444 -0.04799209
v -0.00433078 -0.00910944 -0.04799209
v -0.00005350 -0.00746540 -0.04799209
v -0.00141721 -0.00986725 -0.04799209
v -0.00269620 -0.01286627 -0.04799209
v 0.00257644 -0.00880377 -0.04799209
v 0.00522653 -0.01106793 -0.04799209
v 0.00146609 -0.00532233 -0.04799209
v 0.00423392 -0.00702594 -0.04799209
v 0.00715158 -0.00956354 -0.04799209
v 0.01000918 -0.01260065 -0.04799209
v 0.00767636 -0.01434332 -0.04799209
v 0.00596603 -0.00520319 -0.04799209
v 0.00898263 -0.00768659 -0.04799209
v 0.01214230 -0.01046540 -0.04799209
v 0.01525784 -0.01329791 -0.04799209
v 0.01398379 -0.00803815 -0.04799209
v 0.01741574 -0.01040143 -0.04799209
v 0.02102859 -0.01273541 -0.04799209
v 0.01911703 -0.00725104 -0.04799209
v 0.02290762 -0.00895221 -0.04799209
v 0.02033517 -0.00394831 -0.04799209
v 0.01554172 -0.00531842 -0.04799209
v 0.01675107 -0.00252252 -0.04799209
v 0.02101651 -0.00057672 -0.04799209
v 0.01759811 0.00042132 -0.04799209
v 0.02124569 0.00275433 -0.04799209
v 0.01344229 -0.00063532 -0.04799209
v 0.01451474 0.00208587 -0.04799209
v 0.01052957 0.00145648 -0.04799209
v 0.01185690 0.00406537 -0.04799209
v 0.00778433 0.00336175 -0.04799209
v 0.00926547 0.00597552 -0.04799209
v 0.01326571 0.00674994 -0.04799209
v 0.00631070 0.00098089 -0.04799209
v 0.00356711 0.00259369 -0.04799209
v 0.00473849 -0.00122272 -0.04799209
v 0.00197885 0.00033148 -0.04799209
v 0.00309866 -0.00327985 -0.04799209
v 0.00032998 -0.00185065 -0.04799209
v 0.00761172 -0.00319782 -0.04799209
v 0.01070907 -0.00556696 -0.04799209
v 0.00913400 -0.00096637 -0.04799209
v 0.01218173 -0.00315143 -0.04799209
v 0.02097873 -0.01276178 -0.04458089
v 0.02085495 -0.01287750 -0.04124375
v 0.01845846 -0.01619391 -0.04468547
v 0.01851797 -0.01617584 -0.04799209
v 0.01833737 -0.01626715 -0.04142237
v 0.01539560 -0.01915729 -0.04474284
v 0.01547989 -0.01912604 -0.04799209
v 0.01193478 -0.02150788 -0.04799209
v 0.01270321 -0.01580768 -0.04799209
v 0.00983188 -0.01785065 -0.04799209
v 0.00672336 -0.01947174 -0.04799209
v 0.00782095 -0.02331207 -0.04799209
v 0.00299643 -0.02052057 -0.04799209
v 0.00336917 -0.02435309 -0.04799209
v -0.00096530 -0.02073493 -0.04799209
v -0.00131766 -0.02454840 -0.04799209
v -0.00499405 -0.02013385 -0.04799209
v -0.00388040 -0.01646686 -0.04799209
v -0.00581284 -0.01213483 -0.04799209
v 0.00325662 -0.02433112 -0.04490790
v 0.00771072 -0.02332916 -0.04485793
v 0.00755612 -0.02331940 -0.04180556
v 0.01180368 -0.02153180 -0.04479569
v 0.01165414 -0.02160846 -0.04168719
v 0.01146255 -0.02173932 -0.03880239
v 0.01524716 -0.01920368 -0.04155563
v 0.01505819 -0.01938678 -0.03858880
v 0.01478757 -0.01958942 -0.03575650
v 0.01815158 -0.01647467 -0.03832216
v 0.01792514 -0.01678717 -0.03537317
v 0.01757791 -0.01713678 -0.03258478
v 0.02047354 -0.01355963 -0.03485593
v 0.02014010 -0.01403864 -0.03191287
v 0.01973031 -0.01459235 -0.02927139
v 0.02214737 -0.01059674 -0.03113618
v 0.02178299 -0.01132721 -0.02822583
v 0.02131833 -0.01218707 -0.02544743
v 0.02286679 -0.00892194 -0.02412358
v 0.02241794 -0.01000104 -0.03420372
v 0.02354806 -0.00686090 -0.03018092
v 0.02068741 -0.01314166 -0.03796869
v -0.00716886 -0.00788336 -0.04799209
v -0.00833902 -0.00367145 -0.04799209
v -0.00769663 0.01427044 -0.04799209
v 0.02337906 -0.00739704 -0.01938110
v 0.01024026 -0.02231061 -0.02976850
v 0.00675393 -0.02360211 -0.03217776
v 0.00280520 -0.02437897 -0.03453286
v -0.00152811 -0.02451520 -0.03669128
v -0.00600968 -0.02381256 -0.03906306
v -0.00166873 -0.00278327 0.04800791
v -0.00377365 -0.00026569 0.04800791
v 0.00079489 -0.00149811 0.04800791
v -0.00129251 0.00111126 0.04800791
v -0.00336844 0.00382464 0.04800791
v 0.00124801 0.00237543 0.04800791
v -0.00079752 0.00502240 0.04800791
v -0.00276480 0.00801800 0.04800791
v 0.00172287 0.00625775 0.04800791
v -0.00011319 0.00888763 0.04800791
v -0.00170450 0.01223236 0.04800791
v 0.00414035 0.00788177 0.04800791
v 0.00670651 0.01031390 0.04800791
v 0.00374862 0.00387152 0.04800791
v 0.00630063 0.00580658 0.04800791
v 0.00900784 0.00823822 0.04800791
v 0.01191403 0.01098480 0.04800791
v 0.00923153 0.01337005 0.04800791
v 0.00835336 0.00350043 0.04800791
v 0.01114364 0.00578216 0.04800791
v 0.01417630 0.00817035 0.04800791
v 0.01743857 0.01050189 0.04800791
v 0.01599557 0.00496771 0.04800791
v 0.01939932 0.00683539 0.04800791
v 0.02305856 0.00853412 0.04800791
v 0.02078781 0.00299798 0.04800791
v 0.02425522 0.00403998 0.04800791
v 0.02418881 0.00429193 0.04428325
v 0.02459115 -0.00048102 0.04800791
v 0.02456283 -0.00010456 0.04423734
v 0.02452109 0.00027923 0.04047032
v 0.02416549 -0.00444391 0.04432760
v 0.02410885 -0.00493170 0.04800791
v 0.02293533 -0.00887506 0.04800791
v 0.01826663 -0.01069342 0.04800791
v 0.01560409 -0.00831452 0.04800791
v 0.01349740 -0.01034381 0.04800791
v 0.01111227 -0.01226032 0.04800791
v 0.01132602 -0.00714264 0.04800791
v 0.00901504 -0.00894831 0.04800791
v 0.00709744 -0.00571198 0.04800791
v 0.00468014 -0.00714752 0.04800791
v 0.00523105 -0.00278717 0.04800791
v 0.00278683 -0.00418805 0.04800791
v 0.00763388 -0.00113336 0.04800791
v 0.00575241 0.00147894 0.04800791
v 0.00329593 -0.00014069 0.04800791
v 0.00948996 -0.00404206 0.04800791
v 0.01018735 0.00083001 0.04800791
v 0.01293228 0.00293353 0.04800791
v 0.01183133 -0.00210944 0.04800791
v 0.01436276 -0.00012213 0.04800791
v 0.01732657 0.00161615 0.04800791
v 0.01349045 -0.00525202 0.04800791
v 0.02128415 -0.00100495 0.04800791
v 0.02410715 0.00457660 0.04058186
v 0.02285592 0.00893939 0.04089074
v 0.02297079 0.00869427 0.04444488
v 0.02073990 0.01306732 0.04122657
v 0.02087924 0.01292962 0.04459140
v 0.01793918 0.01677386 0.04469479
v 0.01800149 0.01674945 0.04800791
v 0.02095529 0.01286175 0.04800791
v 0.01432937 0.01998334 0.04800791
v 0.01486496 0.01380902 0.04800791
v 0.01173135 0.01657513 0.04800791
v 0.01003604 0.02245209 0.04800791
v 0.00826126 0.01866400 0.04800791
v 0.01427725 0.02000775 0.04478901
v 0.01779812 0.01686322 0.04144618
v 0.02054880 0.01337347 0.03795597
v 0.01024972 -0.02304303 0.02234641
v 0.01075900 -0.02446149 0.02211985
v 0.01382388 -0.02317975 0.02028634
v 0.01437936 -0.02473639 0.01984356
v 0.01722201 -0.02334137 0.01746574
v 0.01781009 -0.02510456 0.01682145
v 0.02031308 -0.02373297 0.01377651
v 0.02090610 -0.02584381 0.01290840
v 0.02286398 -0.02442389 0.00899500
v 0.02349502 0.01868402 0.00706787
v 0.02202359 0.02032513 0.01083747
v 0.02143051 0.01808197 0.01200314
v 0.01946402 0.02003119 0.01494728
v 0.01876443 0.01803851 0.01586301
v 0.01715121 0.02179193 0.01756025
v 0.01647049 0.01993109 0.01821756
v 0.01623416 0.01844525 0.01926026
v 0.01364395 0.02046332 0.02125512
v 0.01426541 0.01998187 0.02281105
v 0.01063070 0.02215033 0.02291012
v 0.01115964 0.02186224 0.02441048
v 0.01164895 0.02155365 0.02595118
v 0.01487729 0.01949164 0.02449265
v 0.00803177 0.02318939 0.02711194
v 0.00834756 0.02308050 0.02860607
v 0.01210007 0.02129291 0.02753814
v 0.00408157 0.02421380 0.02787503
v 0.00424783 0.02417132 0.02932162
v 0.00441299 0.02413324 0.03087198
v 0.00868100 0.02295892 0.03027948
v -0.00004050 0.02457562 0.02960270
v -0.00002658 0.02457709 0.03112663
v 0.00000253 0.02457855 0.03282351
v 0.00458072 0.02411126 0.03260698
v -0.00458426 0.02412982 0.03274002
v 0.00002713 0.02457416 0.03474833
v -0.00469284 0.02410736 0.03470200
v -0.00920395 0.02276849 0.03438531
v -0.00939383 0.02269671 0.03666581
v -0.01358957 0.02047357 0.03638685
v -0.01379398 0.02032855 0.03906885
v -0.01743936 0.01730316 0.03881947
v -0.01760196 0.01712494 0.04180800
v -0.02053745 0.01346136 0.04165188
v -0.01770731 0.01703412 0.04488660
v -0.02065659 0.01330951 0.04481284
v -0.02279379 0.00919476 0.04472780
v -0.02286124 0.00908880 0.04800791
v -0.02409513 0.00486468 0.04460927
v -0.02414890 0.00476459 0.04800791
v -0.02124088 0.00389447 0.04800791
v 0.01380069 0.02173724 0.02036174
v 0.02448202 -0.03158454 0.00147400
v -0.02006571 -0.01410993 -0.02283310
v -0.02179300 -0.01130084 -0.02120221
v -0.02354837 -0.00700788 -0.02256360
v 0.01200894 0.02803851 0.02141400
v 0.00796951 0.02744525 0.02321784
v 0.00400467 0.02804925 0.02424167
v 0.00387021 0.02662494 0.02427053
v -0.00010910 0.02538519 0.02461211
v -0.00390775 0.02505853 0.02426930
v -0.00389249 0.02426361 0.02505014
v -0.00751486 0.02339007 0.02428556
v -0.00786887 0.02326166 0.02582199
v -0.01135257 0.02178607 0.02464612
v -0.01503202 0.01942132 0.02488533
v -0.01778269 0.01690814 0.02339328
v -0.01839774 0.01623773 0.02544777
v -0.02003818 0.01412787 0.02175408
v -0.02070243 0.01318304 0.02404428
v -0.02125821 0.01229388 0.02658287
v -0.02243015 0.00995453 0.02264474
v -0.02295462 0.00868158 0.02548471
v -0.02337955 0.00747503 0.02846453
v -0.02411850 0.00472894 0.02438984
v -0.02442404 0.00268255 0.02767507
v -0.00402201 -0.04799811 0.00005195
v -0.00466165 -0.04799811 -0.00238006
v -0.00086600 -0.04799811 -0.00318746
v -0.00717496 -0.04799811 0.00331331
v -0.00801554 -0.04799811 0.00089051
v -0.00852036 -0.04799811 -0.00175393
v -0.00872952 -0.04799811 -0.00440008
v -0.01221591 -0.04799811 0.00168225
v -0.01261618 -0.04799811 -0.00127270
v -0.01255112 -0.04799811 -0.00426336
v -0.01637686 -0.04799811 -0.00448529
v -0.01663846 -0.04799811 -0.00106286
v -0.02052237 -0.04799811 -0.00098419
v -0.01631107 -0.04799811 0.00235443
v -0.01137235 -0.04799811 0.00441205
v -0.00503690 -0.04799811 -0.00487606
v -0.00149808 -0.04799811 -0.00557972
v -0.00208090 -0.04799811 -0.00803769
v 0.00093277 -0.04799811 -0.00889196
v 0.00183444 -0.04799811 -0.00652224
v 0.00399295 -0.04799811 -0.01021312
v 0.00485763 -0.04799811 -0.01414104
v 0.00375802 -0.04799811 -0.01801887
v 0.00032321 -0.04799811 -0.01875060
v 0.00099911 -0.04799811 -0.02148209
v -0.00278940 -0.04799811 -0.02147768
v -0.00281247 -0.04799811 -0.02442975
v -0.00681571 -0.04502790 -0.02360094
v -0.01067807 -0.04204645 -0.02209906
v -0.01429044 -0.03915192 -0.01996057
v -0.01742935 -0.03618952 -0.01729162
v -0.02025333 -0.03576764 -0.01386750
v -0.01998282 -0.03305866 -0.01423389
v -0.02198899 -0.02954108 -0.01099141
f 1 2 3
f 1 4 2
f 1 3 5
f 1 6 4
f 1 7 6
f 8 9 10
f 8 11 9
f 8 12 11
f 8 13 14
f 8 15 13
f 16 17 18
f 16 18 19
f 16 20 17
f 16 21 22
f 16 22 20
f 23 24 25
f 23 26 24
f 23 27 28
f 23 25 29
f 30 31 32
f 30 33 34
f 30 35 33
f 30 36 35
f 37 38 39
f 37 39 40
f 37 41 42
f 37 42 43
f 37 43 44
f 45 46 47
f 45 48 49
f 45 50 51
f 45 51 52
f 53 54 55
f 53 56 57
f 53 57 58
f 59 60 61
f 59 62 63
f 59 64 62
f 65 66 67
f 65 67 68
f 65 69 70
f 71 72 73
f 71 74 75
f 71 75 76
f 77 78 79
f 77 80 81
f 77 82 83
f 84 85 86
f 84 87 88
f 84 89 90
f 91 92 93
f 91 94 95
f 91 96 97
f 98 99 100
f 98 101 102
f 98 103 104
f 105 106 107
f 105 108 106
f 105 109 110
f 111 112 113
f 111 114 112
f 111 113 115
f 111 116 117
f 118 119 120
f 118 121 122
f 118 123 119
f 124 125 126
f 124 127 125
f 124 128 129
f 130 131 132
f 130 133 134
f 130 132 133
f 135 136 137
f 135 138 136
f 135 137 139
f 140 141 142
f 140 143 144
f 140 142 145
f 146 147 148
f 146 149 150
f 146 151 152
f 153 154 155
f 153 156 157
f 153 158 159
f 159 158 160
f 159 160 161
f 159 162 154
f 163 164 155
f 163 162 165
f 163 166 164
f 167 168 169
f 167 166 170
f 167 171 168
f 172 173 174
f 172 171 175
f 172 176 173
f 177 178 179
f 177 176 180
f 177 181 178
f 182 183 184
f 182 181 185
f 182 186 183
f 187 188 189
f 187 186 190
f 187 191 188
f 192 191 43
f 192 43 193
f 192 194 188
f 195 196 189
f 195 194 197
f 195 198 196
f 199 200 201
f 199 198 202
f 199 202 200
f 203 204 205
f 203 202 206
f 203 207 204
f 208 209 210
f 208 207 211
f 208 212 209
f 213 214 215
f 213 212 216
f 213 217 214
f 218 148 147
f 218 217 219
f 218 220 221
f 221 222 148
f 221 220 223
f 221 223 224
f 224 223 110
f 224 110 109
f 224 225 222
f 226 225 227
f 226 228 152
f 226 152 151
f 229 228 230
f 229 231 232
f 229 232 149
f 232 233 234
f 232 234 150
f 234 235 236
f 234 236 215
f 236 237 210
f 236 210 209
f 238 237 239
f 238 240 205
f 238 205 204
f 241 240 242
f 241 243 201
f 241 201 200
f 244 243 245
f 244 184 183
f 244 189 196
f 245 243 246
f 245 246 179
f 245 179 178
f 247 246 248
f 247 249 174
f 247 174 173
f 250 249 251
f 250 252 169
f 250 169 168
f 253 252 254
f 253 255 155
f 253 155 164
f 255 254 256
f 255 257 156
f 257 256 258
f 257 259 157
f 260 259 261
f 260 262 263
f 260 264 158
f 263 262 265
f 263 265 266
f 263 267 264
f 267 266 268
f 267 269 160
f 269 268 270
f 269 271 161
f 272 165 162
f 272 271 273
f 272 274 165
f 275 170 166
f 275 274 276
f 275 277 170
f 278 175 171
f 278 277 279
f 278 280 175
f 281 180 176
f 281 280 282
f 281 283 180
f 284 185 181
f 284 283 285
f 284 285 286
f 286 190 185
f 286 285 287
f 286 287 288
f 288 44 190
f 288 287 289
f 288 289 38
f 289 290 291
f 289 291 292
f 291 293 294
f 291 294 295
f 295 296 292
f 295 294 297
f 295 297 298
f 298 299 296
f 298 297 300
f 298 300 301
f 301 302 299
f 301 300 303
f 301 303 304
f 304 305 302
f 304 303 306
f 304 306 307
f 307 308 305
f 307 306 309
f 307 309 310
f 310 311 308
f 310 309 312
f 310 312 313
f 313 314 315
f 313 312 316
f 313 317 314
f 318 319 320
f 318 317 321
f 318 322 319
f 323 324 319
f 323 322 325
f 323 326 327
f 327 328 324
f 327 326 329
f 327 330 47
f 330 329 331
f 330 331 50
f 331 332 333
f 331 333 334
f 333 335 336
f 333 336 337
f 337 338 334
f 337 336 339
f 337 339 340
f 340 341 338
f 340 339 342
f 340 342 343
f 343 344 341
f 343 342 345
f 343 345 346
f 346 347 344
f 346 345 348
f 346 348 349
f 349 350 347
f 349 348 351
f 349 352 350
f 353 354 355
f 353 352 356
f 353 357 354
f 358 359 360
f 358 357 361
f 358 362 359
f 363 364 365
f 363 362 366
f 363 367 364
f 368 369 370
f 368 367 371
f 368 372 369
f 373 374 375
f 373 372 376
f 373 74 374
f 375 377 378
f 375 379 369
f 375 374 377
f 380 381 382
f 380 382 383
f 380 374 73
f 383 382 384
f 383 384 385
f 383 386 377
f 386 385 387
f 386 387 378
f 388 387 389
f 388 390 391
f 388 391 379
f 391 392 393
f 391 393 370
f 393 394 365
f 393 365 364
f 395 394 396
f 395 397 360
f 395 360 359
f 398 397 399
f 398 400 355
f 398 355 354
f 401 400 402
f 401 402 403
f 401 404 355
f 403 402 405
f 403 405 406
f 403 407 404
f 406 405 408
f 406 408 409
f 406 410 407
f 409 408 411
f 409 411 52
f 409 412 410
f 411 413 414
f 411 414 48
f 414 415 416
f 414 417 415
f 418 419 420
f 418 417 421
f 418 422 419
f 423 424 425
f 423 422 426
f 423 427 424
f 428 429 430
f 428 427 431
f 428 432 429
f 433 434 435
f 433 432 141
f 433 144 436
f 436 437 434
f 436 144 438
f 436 438 439
f 439 440 437
f 439 438 441
f 439 441 442
f 442 443 440
f 442 441 444
f 442 444 445
f 445 446 443
f 445 444 447
f 445 447 448
f 448 449 450
f 448 447 451
f 448 452 449
f 452 451 453
f 452 389 454
f 453 451 455
f 453 455 456
f 453 457 390
f 457 456 458
f 457 458 392
f 458 459 396
f 458 396 394
f 460 459 122
f 460 461 399
f 460 399 397
f 462 461 463
f 462 463 464
f 462 465 399
f 464 463 466
f 464 466 467
f 464 468 465
f 467 466 469
f 467 469 470
f 467 471 468
f 470 469 421
f 470 421 417
f 470 413 471
f 472 473 426
f 472 426 422
f 472 469 474
f 475 431 427
f 475 473 476
f 475 477 431
f 477 478 479
f 477 476 480
f 480 481 478
f 480 476 482
f 480 482 483
f 483 484 481
f 483 482 120
f 483 120 119
f 485 482 486
f 485 487 488
f 485 488 121
f 489 490 491
f 489 491 492
f 489 484 493
f 493 494 490
f 493 484 495
f 493 495 455
f 491 496 497
f 491 497 145
f 490 498 496
f 486 476 473
f 486 474 487
f 492 145 142
f 488 461 122
f 459 456 122
f 456 455 123
f 494 451 498
f 450 499 500
f 450 501 446
f 450 449 499
f 502 503 504
f 502 449 454
f 502 385 503
f 504 126 125
f 504 505 499
f 504 503 126
f 506 507 128
f 506 503 384
f 506 508 509
f 509 510 507
f 509 508 511
f 509 511 512
f 512 513 510
f 512 511 514
f 512 514 515
f 515 76 516
f 515 516 513
f 515 514 76
f 517 516 518
f 517 519 520
f 517 520 521
f 520 522 523
f 520 524 525
f 525 524 526
f 525 527 129
f 525 528 521
f 527 526 529
f 527 529 127
f 529 530 531
f 529 531 532
f 531 533 534
f 531 534 535
f 535 534 536
f 535 536 500
f 535 505 532
f 536 537 538
f 536 538 501
f 538 539 540
f 538 540 541
f 540 542 543
f 540 543 541
f 544 542 545
f 544 546 547
f 544 548 543
f 547 546 549
f 547 549 550
f 547 551 548
f 550 549 552
f 550 552 553
f 550 435 551
f 553 552 554
f 553 554 555
f 553 430 435
f 555 554 556
f 555 556 557
f 555 425 430
f 557 556 558
f 557 558 559
f 557 420 425
f 559 558 560
f 559 560 49
f 559 416 420
f 560 561 562
f 560 562 563
f 563 562 564
f 563 564 565
f 563 46 49
f 565 564 566
f 565 566 567
f 565 328 46
f 566 568 569
f 566 569 570
f 570 569 571
f 570 571 572
f 570 573 567
f 572 571 574
f 572 574 575
f 572 320 573
f 575 574 576
f 575 576 577
f 575 315 314
f 577 576 578
f 577 578 579
f 577 580 315
f 579 578 581
f 579 581 582
f 579 583 580
f 582 581 584
f 582 584 585
f 582 586 583
f 585 584 587
f 585 587 588
f 585 589 586
f 588 587 590
f 588 590 40
f 588 591 589
f 590 592 593
f 590 593 41
f 593 594 595
f 593 595 596
f 595 597 598
f 595 598 599
f 599 600 596
f 599 598 601
f 599 601 602
f 602 603 600
f 602 601 604
f 602 604 605
f 605 606 603
f 605 604 607
f 605 607 608
f 608 609 606
f 608 607 610
f 608 610 611
f 611 612 609
f 611 610 613
f 611 613 614
f 614 615 612
f 614 613 616
f 614 616 617
f 617 618 615
f 617 616 619
f 617 619 620
f 620 621 618
f 620 619 622
f 620 622 623
f 623 624 621
f 623 622 625
f 623 625 626
f 626 627 624
f 626 625 628
f 626 628 629
f 629 630 627
f 629 628 631
f 629 631 632
f 632 633 630
f 632 631 634
f 632 634 635
f 635 636 633
f 635 634 637
f 635 637 638
f 638 639 636
f 638 637 640
f 638 641 642
f 642 643 639
f 642 641 644
f 642 644 258
f 644 645 646
f 644 261 259
f 646 645 647
f 646 647 648
f 646 649 261
f 648 647 650
f 648 650 134
f 648 651 649
f 651 134 133
f 651 652 265
f 652 133 653
f 652 654 266
f 654 653 655
f 654 656 268
f 656 655 657
f 656 657 270
f 658 273 271
f 658 657 659
f 658 660 273
f 661 276 274
f 661 660 662
f 661 663 276
f 664 279 277
f 664 663 665
f 664 666 279
f 667 282 280
f 667 666 668
f 667 669 282
f 670 671 282
f 670 669 672
f 670 673 674
f 674 675 671
f 674 673 676
f 674 676 677
f 677 290 675
f 677 676 678
f 677 678 293
f 678 679 680
f 678 680 681
f 680 682 683
f 680 684 685
f 685 686 681
f 685 684 687
f 685 687 688
f 688 689 686
f 688 687 690
f 688 690 691
f 691 692 689
f 691 690 693
f 691 693 694
f 694 695 692
f 694 693 696
f 694 696 697
f 697 698 695
f 697 696 699
f 697 699 700
f 700 701 698
f 700 699 702
f 700 702 701
f 703 316 312
f 703 702 704
f 703 705 316
f 706 321 317
f 706 705 707
f 706 708 321
f 709 325 322
f 709 708 710
f 709 711 325
f 712 329 326
f 712 711 713
f 712 714 329
f 714 713 715
f 714 716 335
f 716 715 717
f 716 717 718
f 717 719 720
f 717 720 721
f 721 722 718
f 721 720 723
f 721 723 724
f 724 725 722
f 724 723 726
f 724 726 727
f 727 728 725
f 727 726 729
f 727 729 730
f 730 731 728
f 730 729 732
f 730 732 733
f 733 351 348
f 733 732 734
f 733 735 351
f 736 356 352
f 736 735 737
f 736 738 356
f 739 361 357
f 739 738 740
f 739 741 361
f 742 366 362
f 742 741 743
f 742 744 366
f 745 371 367
f 745 744 746
f 745 747 371
f 748 376 372
f 748 747 749
f 748 750 376
f 750 749 751
f 750 752 75
f 751 749 753
f 751 754 518
f 751 518 516
f 755 754 756
f 755 757 758
f 755 758 519
f 758 759 760
f 758 761 519
f 761 760 762
f 761 763 522
f 763 762 764
f 763 765 523
f 766 765 767
f 766 768 530
f 766 526 524
f 768 767 769
f 768 769 533
f 769 770 771
f 769 771 772
f 771 773 774
f 771 774 775
f 775 774 776
f 775 776 539
f 775 537 772
f 776 777 545
f 776 545 542
f 778 777 779
f 778 779 780
f 778 781 545
f 780 779 782
f 780 782 783
f 780 784 781
f 783 782 785
f 783 785 786
f 783 787 784
f 786 785 788
f 786 788 789
f 786 790 787
f 789 788 791
f 789 791 792
f 789 793 790
f 792 791 794
f 792 794 795
f 792 561 793
f 794 796 797
f 794 797 798
f 798 797 799
f 798 799 800
f 798 801 795
f 800 799 802
f 800 802 803
f 800 568 801
f 802 804 805
f 802 805 806
f 806 805 807
f 806 807 808
f 806 809 803
f 808 807 810
f 808 810 811
f 808 812 809
f 811 810 813
f 811 813 814
f 811 815 812
f 814 813 816
f 814 816 817
f 814 818 815
f 817 816 819
f 817 819 820
f 817 821 818
f 820 819 822
f 820 822 823
f 820 824 821
f 823 822 825
f 823 825 826
f 823 827 824
f 826 592 827
f 826 825 828
f 826 828 594
f 828 829 830
f 828 830 597
f 830 831 832
f 830 832 833
f 832 834 835
f 832 835 836
f 836 837 833
f 836 835 838
f 836 838 839
f 839 840 837
f 839 838 841
f 839 841 842
f 842 843 840
f 842 841 844
f 842 844 845
f 845 846 843
f 845 844 847
f 845 847 848
f 848 849 846
f 848 847 850
f 848 850 851
f 851 852 849
f 851 850 853
f 851 853 854
f 854 855 852
f 854 853 856
f 854 856 857
f 857 858 855
f 857 856 859
f 857 859 860
f 860 861 858
f 860 859 862
f 860 862 863
f 863 864 861
f 863 862 865
f 863 865 866
f 866 867 864
f 866 865 868
f 866 868 869
f 869 870 867
f 869 868 871
f 869 871 872
f 872 873 634
f 872 871 874
f 872 875 873
f 876 640 637
f 876 875 877
f 876 878 640
f 878 877 879
f 878 880 881
f 879 877 882
f 879 882 883
f 879 884 880
f 884 883 885
f 884 131 650
f 883 882 886
f 883 886 887
f 887 886 888
f 887 888 889
f 887 890 885
f 890 655 132
f 890 889 891
f 889 888 892
f 889 892 893
f 893 659 891
f 893 892 894
f 893 895 659
f 896 662 660
f 896 895 897
f 896 898 662
f 899 665 663
f 899 898 900
f 899 901 665
f 902 668 666
f 902 901 903
f 902 904 668
f 905 672 669
f 905 904 906
f 905 907 672
f 908 909 673
f 908 907 910
f 908 911 909
f 912 679 676
f 912 911 913
f 912 914 679
f 914 913 915
f 914 916 682
f 916 915 917
f 916 918 683
f 919 920 684
f 919 918 921
f 919 922 920
f 923 924 920
f 923 922 925
f 923 925 926
f 926 927 924
f 926 925 928
f 926 928 929
f 929 930 927
f 929 928 931
f 929 932 933
f 933 934 930
f 933 932 935
f 933 936 934
f 937 938 934
f 937 936 26
f 937 28 938
f 939 704 702
f 939 28 27
f 939 940 704
f 941 707 705
f 941 940 942
f 941 943 707
f 944 710 708
f 944 943 945
f 944 946 710
f 947 713 711
f 947 946 948
f 947 949 713
f 949 948 950
f 949 950 719
f 950 951 952
f 950 952 953
f 952 954 955
f 952 955 956
f 956 957 953
f 956 955 958
f 956 958 959
f 959 960 957
f 959 958 961
f 959 961 960
f 962 963 960
f 962 961 964
f 962 965 966
f 966 967 963
f 966 965 968
f 966 968 969
f 969 734 732
f 969 968 970
f 969 971 734
f 972 737 735
f 972 971 973
f 972 974 737
f 975 740 738
f 975 974 976
f 975 977 740
f 978 743 741
f 978 977 979
f 978 980 743
f 981 746 744
f 981 980 982
f 981 983 746
f 983 982 756
f 983 756 754
f 984 982 985
f 984 986 987
f 984 987 757
f 987 988 989
f 987 989 759
f 989 990 991
f 989 992 759
f 992 991 993
f 992 994 760
f 994 993 995
f 994 996 762
f 996 995 997
f 996 998 764
f 999 998 1000
f 999 1000 770
f 999 767 765
f 1000 1001 1002
f 1000 1002 773
f 1002 1003 1004
f 1002 1004 1005
f 1004 1006 1007
f 1004 1008 1005
f 1008 1007 1009
f 1008 1010 1011
f 1009 1007 1012
f 1009 1012 1013
f 1009 1014 1010
f 1013 1012 1015
f 1013 1015 1016
f 1013 1017 1014
f 1016 1015 1018
f 1016 1018 1019
f 1016 1020 1017
f 1019 1018 1021
f 1019 1021 1022
f 1019 796 1020
f 1021 1023 1024
f 1021 1024 1025
f 1025 1024 1026
f 1025 1026 1027
f 1025 1028 1022
f 1027 1026 1029
f 1027 1029 1030
f 1027 804 1028
f 1029 1031 1032
f 1029 1032 1033
f 1033 1032 1034
f 1033 1034 1035
f 1033 1036 1030
f 1035 1034 1037
f 1035 1037 1038
f 1035 1039 1036
f 1038 1037 1040
f 1038 1040 1041
f 1038 1042 1039
f 1041 1040 1043
f 1041 1043 1044
f 1041 1045 1042
f 1044 1043 12
f 1044 14 1046
f 1044 1047 1045
f 1046 14 13
f 1046 1048 1049
f 1046 1050 1047
f 1049 1051 1050
f 1049 1048 1052
f 1049 1053 1054
f 1054 829 1051
f 1054 1053 1055
f 1054 1055 831
f 1055 1056 1057
f 1055 1057 834
f 1057 1058 1059
f 1057 1059 1060
f 1059 1061 1062
f 1059 1062 1063
f 1063 1064 1060
f 1063 1062 1065
f 1063 1065 1066
f 1066 1067 1064
f 1066 1065 1068
f 1066 1068 1069
f 1069 1070 1067
f 1069 1068 1071
f 1069 1071 1072
f 1072 1073 1070
f 1072 1071 1074
f 1072 1074 1075
f 1075 1076 1073
f 1075 1074 1077
f 1075 1077 1078
f 1078 1079 1076
f 1078 1077 1080
f 1078 1080 1081
f 1081 1082 1079
f 1081 1080 1083
f 1081 1084 1082
f 1085 1086 856
f 1085 1084 1087
f 1085 1088 1086
f 1089 1090 859
f 1089 1088 1091
f 1089 1092 1090
f 1093 1094 862
f 1093 1092 1095
f 1093 1096 1094
f 1097 1098 1094
f 1097 1096 1099
f 1097 1100 1101
f 1101 1102 1098
f 1101 1100 1103
f 1101 1103 1104
f 1104 874 871
f 1104 1103 1105
f 1104 1106 874
f 1106 1105 1107
f 1106 1108 1109
f 1107 1110 1108
f 1107 1105 1111
f 1107 1111 1112
f 1112 1113 1110
f 1112 1111 1114
f 1112 1114 1115
f 1115 894 1113
f 1115 1114 1116
f 1115 1116 894
f 1117 897 895
f 1117 1116 1118
f 1117 1119 897
f 1120 900 898
f 1120 1119 1121
f 1120 1122 900
f 1123 903 901
f 1123 1122 1124
f 1123 1125 903
f 1126 906 904
f 1126 1125 1127
f 1126 1128 906
f 1129 910 907
f 1129 1128 1130
f 1129 1131 910
f 1132 913 911
f 1132 1131 1133
f 1132 1134 913
f 1134 1133 1135
f 1134 1136 915
f 1136 1135 1137
f 1136 1138 917
f 1139 921 918
f 1139 1138 1140
f 1139 1141 921
f 1142 1143 922
f 1142 1141 1144
f 1142 1145 1146
f 1146 1147 1143
f 1146 1145 1148
f 1146 1148 1147
f 1149 931 928
f 1149 1148 1150
f 1149 1151 931
f 1152 935 932
f 1152 1151 1153
f 1152 1154 935
f 1154 1153 1155
f 1154 1156 1157
f 1156 1155 1158
f 1156 1159 24
f 1159 1158 1160
f 1159 1161 1162
f 1162 1163 1164
f 1162 1161 1165
f 1162 1165 1166
f 1166 1167 1168
f 1166 1165 1169
f 1166 1169 1167
f 1170 1169 1171
f 1170 1172 1173
f 1170 1173 1174
f 1174 1175 1167
f 1174 1173 1176
f 1174 1177 1175
f 1178 1179 1180
f 1178 1177 1181
f 1178 1182 1179
f 1183 1184 1185
f 1183 1182 1186
f 1183 1187 1184
f 1188 1189 1190
f 1188 1187 1191
f 1188 1192 1189
f 1193 1194 1195
f 1193 1192 1196
f 1193 1197 1194
f 1198 1199 1200
f 1198 1197 1201
f 1198 1202 1203
f 1203 1204 1199
f 1203 1202 1205
f 1203 1205 1206
f 1206 1207 1204
f 1206 1205 1208
f 1206 1208 1209
f 1209 1210 1207
f 1209 1208 1211
f 1209 1212 1213
f 1213 1214 1210
f 1213 1212 1215
f 1213 1215 1216
f 1216 1217 1214
f 1216 1215 1218
f 1216 1218 1219
f 1219 1220 1217
f 1219 1218 1221
f 1219 1221 1220
f 1222 1223 1224
f 1222 1221 1225
f 1222 1226 1223
f 1227 1228 1229
f 1227 1226 1230
f 1227 1231 1228
f 1232 986 1228
f 1232 1231 1233
f 1232 1233 988
f 1233 1234 1235
f 1233 1235 990
f 1235 113 1236
f 1235 1237 990
f 1237 1236 1238
f 1237 1239 991
f 1239 1238 1240
f 1239 1241 993
f 1241 1240 1242
f 1241 1243 995
f 1243 1242 1244
f 1243 1244 1245
f 1245 1244 1246
f 1245 1246 1003
f 1245 1001 997
f 1246 1247 1248
f 1246 1249 1006
f 1249 1248 1250
f 1249 1251 1006
f 1250 1248 1252
f 1250 1252 1253
f 1250 1254 1251
f 1253 1252 1255
f 1253 1255 1256
f 1253 1257 1254
f 1256 1255 1258
f 1256 1258 1259
f 1256 1023 1257
f 1258 1260 1261
f 1258 1261 1262
f 1262 1261 1263
f 1262 1263 1264
f 1262 1265 1259
f 1264 1263 1266
f 1264 1266 1267
f 1264 1031 1265
f 1266 1268 1269
f 1266 1269 1270
f 1270 1269 1271
f 1270 1271 1272
f 1270 1273 1267
f 1272 1271 1274
f 1272 1274 1275
f 1272 1276 1273
f 1275 1274 1277
f 1275 1277 1278
f 1275 1279 1276
f 1278 1277 1280
f 1278 1280 1281
f 1278 1282 1279
f 1280 1283 1284
f 1280 1284 1281
f 1284 1285 1286
f 1284 1286 1287
f 1286 1288 1289
f 1286 1289 1290
f 1290 1289 1291
f 1290 1291 1292
f 1290 1293 1287
f 1293 1292 1294
f 1293 1295 9
f 1295 1294 1296
f 1295 1297 10
f 1298 1299 15
f 1298 1297 1300
f 1298 1301 1299
f 1302 1303 1304
f 1302 1301 1305
f 1302 1306 1303
f 1307 1308 1303
f 1307 1306 1309
f 1307 1310 1311
f 1311 1312 1308
f 1311 1310 1313
f 1311 1313 1314
f 1314 1315 1312
f 1314 1313 1316
f 1314 1316 1317
f 1317 1318 1315
f 1317 1316 1319
f 1317 1319 1320
f 1320 1321 1318
f 1320 1319 1322
f 1320 1322 1323
f 1323 1324 1321
f 1323 1322 1325
f 1323 1325 1326
f 1326 1327 1324
f 1326 1325 1328
f 1326 1328 1329
f 1329 1330 1327
f 1329 1328 1331
f 1329 1331 1332
f 1332 1083 1330
f 1332 1331 1333
f 1332 1334 1083
f 1335 1087 1084
f 1335 1334 1336
f 1335 1337 1087
f 1338 1091 1088
f 1338 1337 1339
f 1338 1340 1091
f 1341 1095 1092
f 1341 1340 1342
f 1341 1343 1095
f 1344 1099 1096
f 1344 1343 1345
f 1344 1346 1099
f 1347 1348 1099
f 1347 1346 1349
f 1347 1349 1348
f 1349 1350 1351
f 1349 1352 1353
f 1351 1354 1352
f 1351 1350 1355
f 1351 1355 1356
f 1356 1118 1354
f 1356 1355 1357
f 1356 1358 1118
f 1359 1121 1119
f 1359 1358 1360
f 1359 1361 1121
f 1362 1124 1122
f 1362 1361 1363
f 1362 1364 1124
f 1365 1127 1125
f 1365 1364 1366
f 1365 1367 1127
f 1368 1130 1128
f 1368 1367 1369
f 1368 1370 1130
f 1371 1133 1131
f 1371 1370 1372
f 1371 1373 1133
f 1373 1372 1374
f 1373 1375 1135
f 1375 1374 1376
f 1375 1377 1137
f 1378 1140 1138
f 1378 1377 1379
f 1378 1380 1140
f 1381 1144 1141
f 1381 1380 1382
f 1381 1383 1144
f 1384 1385 1145
f 1384 1383 1386
f 1384 1387 1385
f 1388 1150 1148
f 1388 1387 1389
f 1388 1390 1150
f 1391 1153 1151
f 1391 1390 1392
f 1391 1393 1153
f 1393 1392 1394
f 1393 1395 1155
f 1395 1394 1396
f 1395 1397 1158
f 1397 1396 1398
f 1397 1399 1160
f 1400 1401 1160
f 1400 1399 1402
f 1400 1403 1404
f 1404 1405 1401
f 1404 1403 1406
f 1404 1406 1407
f 1407 1171 1405
f 1407 1406 1408
f 1407 1408 1409
f 1409 1410 1172
f 1409 1408 1411
f 1409 1412 1410
f 1411 1408 1413
f 1411 1413 1414
f 1411 1415 1412
f 1415 1414 1416
f 1415 1417 137
f 1417 1416 1418
f 1417 1419 139
f 1420 1421 138
f 1420 1419 1422
f 1420 1423 1421
f 1424 1425 1426
f 1424 1423 1427
f 1424 1428 1425
f 1429 1430 1431
f 1429 1428 1432
f 1429 1433 1430
f 1434 1435 1430
f 1434 1433 1436
f 1434 1436 1437
f 1437 1438 1439
f 1437 1436 1440
f 1437 1440 1441
f 1441 1442 1443
f 1441 1440 1444
f 1441 1444 1442
f 1445 1446 1447
f 1445 1444 1448
f 1445 1448 1449
f 1449 1450 1446
f 1449 1448 1451
f 1449 1451 1452
f 1452 1453 1450
f 1452 1451 1454
f 1452 1454 1455
f 1455 1456 1453
f 1455 1454 1457
f 1455 1457 1458
f 1458 1459 1456
f 1458 1457 1460
f 1458 1460 1461
f 1461 1462 1459
f 1461 1460 1463
f 1461 1463 1464
f 1464 1465 1466
f 1464 1463 1467
f 1464 1467 1465
f 1468 1469 1470
f 1468 1467 1471
f 1468 1472 1469
f 1473 1474 1475
f 1473 1472 1476
f 1473 1477 1474
f 1478 1479 1480
f 1478 1477 1481
f 1478 1482 1479
f 1483 1482 1484
f 1483 1485 117
f 1483 117 116
f 1486 1485 1487
f 1486 1488 1489
f 1486 1489 114
f 1489 1490 1491
f 1489 1491 1492
f 1491 1493 1494
f 1491 1494 1495
f 1495 1494 1496
f 1495 1497 1498
f 1495 1498 1492
f 1498 1499 1238
f 1498 1238 1236
f 1499 1497 1500
f 1499 1501 1240
f 1501 1500 1502
f 1501 1503 1504
f 1503 1502 1505
f 1503 1506 1507
f 1507 1506 1508
f 1507 1509 1247
f 1507 1247 1504
f 1508 1506 1510
f 1508 1510 1511
f 1508 1512 1509
f 1511 1510 1513
f 1511 1513 1514
f 1511 1260 1512
f 1513 1515 1516
f 1513 1516 1517
f 1517 1516 1518
f 1517 1518 1519
f 1517 1520 1514
f 1519 1518 1521
f 1519 1521 1522
f 1519 1268 1520
f 1521 1523 1524
f 1521 1524 1525
f 1525 1524 1526
f 1525 1526 1527
f 1525 1528 1522
f 1527 1526 1529
f 1527 1529 1530
f 1527 1531 1528
f 1530 1529 1532
f 1530 1532 1533
f 1530 1534 1531
f 1533 1532 1535
f 1533 1535 1285
f 1533 1283 1534
f 1535 1536 1537
f 1535 1537 1288
f 1537 1538 1539
f 1537 1539 1540
f 1539 1541 1542
f 1539 1542 1543
f 1543 1542 1544
f 1543 1544 1545
f 1543 1546 1540
f 1545 1544 1547
f 1545 1547 1548
f 1545 1549 1546
f 1549 1548 1550
f 1549 1551 1291
f 1551 1550 1552
f 1551 1553 1292
f 1553 1552 1554
f 1553 1555 1294
f 1555 1554 1556
f 1555 1557 1296
f 1558 1300 1297
f 1558 1557 1559
f 1558 1560 1300
f 1561 1305 1301
f 1561 1560 1562
f 1561 1563 1305
f 1564 1309 1306
f 1564 1563 1565
f 1564 1566 1309
f 1567 1568 1309
f 1567 1566 1569
f 1567 1569 1570
f 1570 1571 1568
f 1570 1569 1572
f 1570 1572 1573
f 1573 1574 1571
f 1573 1572 1575
f 1573 1575 1576
f 1576 1577 1574
f 1576 1575 1578
f 1576 1578 1579
f 1579 1580 1577
f 1579 1578 1581
f 1579 1581 1580
f 1582 1583 1580
f 1582 1581 1584
f 1582 1585 1586
f 1586 1587 1328
f 1586 1585 1588
f 1586 1589 1587
f 1590 1333 1331
f 1590 1589 1591
f 1590 1592 1333
f 1593 1336 1334
f 1593 1592 1594
f 1593 1595 1336
f 1596 1339 1337
f 1596 1595 1597
f 1596 1598 1339
f 1599 1342 1340
f 1599 1598 1600
f 1599 1601 1342
f 1600 1598 1602
f 1600 1602 1603
f 1600 31 1601
f 1603 1602 1604
f 1603 1604 1605
f 1603 1606 31
f 1606 1605 1607
f 1606 1608 32
f 1609 1610 36
f 1609 1608 1611
f 1609 1612 1610
f 1613 1614 1615
f 1613 1612 1616
f 1613 1617 1614
f 1618 1619 1620
f 1618 1617 1621
f 1618 1622 1619
f 1623 1624 1625
f 1623 1622 1626
f 1623 1627 1624
f 1628 1629 1630
f 1628 1627 1631
f 1628 1632 1629
f 1633 1634 1635
f 1633 1632 1636
f 1633 1637 1634
f 1638 1639 1640
f 1638 1637 1641
f 1638 1642 1639
f 1643 1644 1645
f 1643 1642 1646
f 1643 1647 1644
f 1648 1649 1650
f 1648 1647 1651
f 1648 1652 1649
f 1653 1654 1655
f 1653 1652 1656
f 1653 1657 1654
f 1658 1659 1660
f 1658 1657 1661
f 1658 1662 1659
f 1663 1396 1394
f 1663 1662 1664
f 1663 1665 1396
f 1665 1664 1666
f 1665 1667 1398
f 1668 1402 1399
f 1668 1667 1669
f 1668 1670 1402
f 1671 1672 1403
f 1671 1670 1673
f 1671 1673 1674
f 1674 1675 1672
f 1674 1673 1676
f 1674 1676 1675
f 1676 1677 1678
f 1676 1679 1413
f 1679 1678 1680
f 1679 1681 1414
f 1681 1680 1682
f 1681 1683 1416
f 1683 1682 1684
f 1683 1684 1418
f 1685 1422 1419
f 1685 1684 1686
f 1685 1686 1422
f 1687 1427 1423
f 1687 1686 1688
f 1687 1688 1427
f 1689 1432 1428
f 1689 1688 1690
f 1689 1690 1691
f 1691 1692 1432
f 1691 1690 1693
f 1691 1693 1694
f 1694 1695 1692
f 1694 1693 1696
f 1694 1696 1695
f 1697 1698 1695
f 1697 1696 1699
f 1697 1700 1701
f 1701 1702 1698
f 1701 1700 1703
f 1701 1703 1704
f 1704 1705 1702
f 1704 1703 1706
f 1704 1706 1707
f 1707 1708 1705
f 1707 1706 1709
f 1707 1709 1710
f 1710 1711 1708
f 1710 1709 1712
f 1710 1712 1713
f 1713 1714 1711
f 1713 1712 1715
f 1713 1715 1716
f 1716 1717 1714
f 1716 1715 22
f 1716 22 1718
f 1715 1719 1720
f 1721 1719 1722
f 1721 1723 1724
f 1721 1724 20
f 1724 1725 1726
f 1724 1726 1727
f 1726 1728 1729
f 1726 1730 1728
f 1731 1732 1733
f 1731 1730 1734
f 1731 1735 1732
f 1736 1737 1738
f 1736 1735 1739
f 1736 1740 1737
f 1741 1742 1743
f 1741 1740 1744
f 1741 1745 1742
f 1746 1747 1748
f 1746 1745 1749
f 1746 1750 1747
f 1751 1752 1753
f 1751 1750 1754
f 1751 1754 1752
f 1755 1756 1757
f 1755 1754 1758
f 1755 1759 1756
f 1760 1759 1761
f 1760 1762 92
f 1760 92 97
f 1762 1761 1763
f 1762 1764 93
f 1765 1682 1766
f 1765 1766 94
f 1765 1764 1767
f 1766 1680 1768
f 1766 1768 95
f 1768 1678 1769
f 1768 1769 95
f 1770 1769 1771
f 1770 1772 1773
f 1770 1773 96
f 1773 1774 1775
f 1773 1775 97
f 1775 1776 1757
f 1775 1757 1756
f 1777 1776 1778
f 1777 1779 1753
f 1777 1753 1752
f 1780 1779 1781
f 1780 1782 1748
f 1780 1748 1747
f 1783 1782 1784
f 1783 1785 1743
f 1783 1743 1742
f 1786 1785 1787
f 1786 1788 1738
f 1786 1738 1737
f 1789 1788 1790
f 1789 1791 1733
f 1789 1733 1732
f 1792 1791 1793
f 1792 1794 1729
f 1792 1729 1728
f 1795 1794 1796
f 1795 1796 1797
f 1795 17 1727
f 1796 1798 1799
f 1796 1800 1801
f 1801 1800 1802
f 1801 1802 1803
f 1801 1804 1797
f 1804 1803 1805
f 1804 1806 18
f 1806 1805 1807
f 1806 1807 1808
f 1808 1807 1809
f 1808 1809 1471
f 1808 1810 21
f 1810 1471 1811
f 1810 1811 1718
f 1809 1476 1472
f 1809 1812 1476
f 1813 1812 1814
f 1813 1815 1481
f 1813 1481 1477
f 1816 1815 1817
f 1816 1818 1484
f 1816 1484 1482
f 1819 1818 1820
f 1819 1821 1487
f 1819 1487 1485
f 1822 1821 1823
f 1822 1824 1825
f 1822 1825 1488
f 1825 1826 1827
f 1825 1827 1490
f 1827 1828 1829
f 1827 1829 1493
f 1829 1830 1831
f 1829 1831 1832
f 1831 1833 1834
f 1831 1834 1832
f 1835 1834 1836
f 1835 1837 1496
f 1835 1496 1494
f 1838 1837 1839
f 1838 1840 1500
f 1838 1500 1497
f 1840 1839 1841
f 1840 1842 1502
f 1842 1841 1843
f 1842 1515 1505
f 1841 1839 1844
f 1841 1844 1845
f 1845 1844 1846
f 1845 1847 1848
f 1845 1849 1843
f 1848 1847 1850
f 1848 1850 1851
f 1848 1523 1849
f 1850 1852 1853
f 1850 1853 1854
f 1854 1853 1855
f 1854 1855 1856
f 1854 1857 1851
f 1856 1855 1858
f 1856 1858 1859
f 1856 1860 1857
f 1859 1858 1861
f 1859 1861 1862
f 1859 1863 1860
f 1862 1861 1864
f 1862 1864 1538
f 1862 1536 1863
f 1864 1865 1866
f 1864 1866 1541
f 1866 1867 1868
f 1866 1868 1869
f 1868 1870 1871
f 1868 1871 1872
f 1872 1871 1873
f 1872 1873 1874
f 1872 1875 1869
f 1874 1873 1876
f 1874 1876 1877
f 1874 1878 1875
f 1877 1876 1879
f 1877 1879 1880
f 1877 1881 1878
f 1881 1880 1882
f 1881 1883 1547
f 1883 1882 1884
f 1883 1885 1548
f 1885 1884 68
f 1885 1886 1550
f 1886 68 67
f 1886 1887 1552
f 1887 67 1888
f 1887 1889 1554
f 1889 1888 1890
f 1889 1891 1556
f 1892 1559 1557
f 1892 1891 1893
f 1892 1894 1559
f 1895 1562 1560
f 1895 1894 1896
f 1895 1897 1562
f 1898 1565 1563
f 1898 1897 1899
f 1898 1900 1565
f 1901 1902 1566
f 1901 1900 1903
f 1901 1903 1902
f 1904 1905 1902
f 1904 1903 1906
f 1904 1906 1907
f 1907 1908 1905
f 1907 1906 1909
f 1907 1909 1910
f 1910 1911 1908
f 1910 1909 1912
f 1910 1912 1913
f 1913 1914 1911
f 1913 1912 1915
f 1913 1915 1916
f 1916 1584 1914
f 1916 1915 1917
f 1916 1918 1584
f 1919 1588 1585
f 1919 1918 1920
f 1919 1921 1588
f 1922 1591 1589
f 1922 1921 1923
f 1922 1924 1591
f 1925 1594 1592
f 1925 1924 1926
f 1925 1927 1594
f 1928 1597 1595
f 1928 1927 1929
f 1928 1930 1597
f 1929 1927 1931
f 1929 1931 1932
f 1929 1933 1930
f 1933 1932 1934
f 1933 1935 1604
f 1935 1934 1936
f 1935 1937 1605
f 1937 1936 1938
f 1937 1939 1607
f 1940 1611 1608
f 1940 1939 1941
f 1940 1942 1611
f 1943 1616 1612
f 1943 1942 1944
f 1943 1945 1616
f 1946 1621 1617
f 1946 1945 1947
f 1946 1947 1621
f 1948 1626 1622
f 1948 1947 1949
f 1948 1949 1626
f 1950 1631 1627
f 1950 1949 1802
f 1950 1951 1631
f 1952 1636 1632
f 1952 1951 1800
f 1952 1799 1636
f 1953 1641 1637
f 1953 1799 1798
f 1953 1954 1641
f 1955 1646 1642
f 1955 1954 1793
f 1955 1956 1646
f 1957 1651 1647
f 1957 1956 1790
f 1957 1958 1651
f 1959 1656 1652
f 1959 1958 1787
f 1959 1960 1656
f 1961 1661 1657
f 1961 1960 1784
f 1961 1962 1661
f 1963 1664 1662
f 1963 1962 1781
f 1963 1964 1664
f 1964 1781 1779
f 1964 1778 1666
f 1965 1669 1667
f 1965 1778 1776
f 1965 1774 1669
f 1962 1784 1782
f 1960 1787 1785
f 1958 1790 1788
f 1956 1793 1791
f 1954 1798 1794
f 1949 1966 1802
f 1966 1947 1967
f 1966 1968 1803
f 1968 1967 1969
f 1968 1970 1971
f 1970 1969 1972
f 1970 1972 1814
f 1972 1973 1817
f 1972 1817 1815
f 1974 1973 1975
f 1974 1976 1820
f 1974 1820 1818
f 1977 1976 1978
f 1977 1979 1823
f 1977 1823 1821
f 1980 1979 1981
f 1980 1982 1983
f 1980 1983 1824
f 1983 1984 1985
f 1983 1985 1826
f 1985 1986 1987
f 1985 1988 1828
f 1988 1987 1989
f 1988 1990 1830
f 1990 1989 1991
f 1990 1992 1833
f 1992 1991 1993
f 1992 1994 1995
f 1994 1993 1996
f 1994 1997 1995
f 1998 1997 1999
f 1998 2000 2001
f 1998 1836 1995
f 2000 1999 1846
f 2000 1846 1844
f 2002 1999 2003
f 2002 2004 1852
f 2002 1852 1847
f 2004 2003 2005
f 2004 2005 2006
f 2006 2005 2007
f 2006 2007 2008
f 2006 2009 2010
f 2008 2007 2011
f 2008 2011 2012
f 2008 2013 2009
f 2012 2011 2014
f 2012 2014 2015
f 2012 2016 2013
f 2015 2014 2017
f 2015 2017 1867
f 2015 1865 2016
f 2017 2018 2019
f 2017 2019 1870
f 2019 2020 2021
f 2019 2021 2022
f 2021 2023 2024
f 2021 2024 2025
f 2025 2024 2026
f 2025 2026 2027
f 2025 2028 2022
f 2027 2026 2029
f 2027 2029 2030
f 2027 2031 2028
f 2030 2029 2032
f 2030 2032 2033
f 2030 2034 2031
f 2033 2032 2035
f 2033 2035 2036
f 2033 2036 1879
f 2036 2037 2038
f 2036 2038 1879
f 2038 2039 2040
f 2038 2040 1882
f 2040 2041 2042
f 2040 2042 1884
f 2042 2043 69
f 2042 69 1884
f 2043 2041 2044
f 2043 2045 70
f 2046 2047 66
f 2046 2045 2048
f 2046 2049 2047
f 2050 2051 1890
f 2050 2049 2052
f 2050 2053 2051
f 2054 2055 1893
f 2054 2053 2056
f 2054 2057 2055
f 2058 2059 1896
f 2058 2057 2060
f 2058 2060 2061
f 2061 2062 2059
f 2061 2060 2063
f 2061 2063 2064
f 2064 2065 2062
f 2064 2063 2066
f 2064 2066 2067
f 2067 2068 2065
f 2067 2066 2069
f 2067 2069 2070
f 2070 2071 2068
f 2070 2069 2072
f 2070 2072 2073
f 2073 2074 2071
f 2073 2072 2075
f 2073 2075 2076
f 2076 2077 2074
f 2076 2075 2078
f 2076 2078 2079
f 2079 2080 2077
f 2079 2078 2081
f 2079 2081 2082
f 2082 2083 2080
f 2082 2081 2084
f 2082 2084 2083
f 2085 2086 1923
f 2085 2084 2087
f 2085 2088 2086
f 2089 1931 1926
f 2089 2088 2090
f 2089 2091 1931
f 2091 2090 2092
f 2091 2093 1932
f 2093 2092 2094
f 2093 2095 1934
f 2095 2094 1982
f 2095 1981 1936
f 2094 2092 2096
f 2094 2096 1984
f 2096 2097 2098
f 2096 2098 1986
f 2098 5 3
f 2098 2099 1986
f 2099 3 2100
f 2099 2101 1987
f 2101 2100 2102
f 2101 2103 1989
f 2103 2102 2104
f 2103 2105 1991
f 2105 2104 2106
f 2105 2107 1993
f 2107 2106 2108
f 2107 2109 1996
f 2108 2106 2110
f 2108 2110 2111
f 2108 2112 2109
f 2111 2110 2113
f 2111 2113 2114
f 2111 2115 2112
f 2114 2113 2116
f 2114 2116 2117
f 2114 2118 2115
f 2117 2116 2119
f 2117 2119 2020
f 2117 2018 2118
f 2119 2120 2121
f 2119 2121 2023
f 2121 2122 2123
f 2121 2123 2124
f 2123 2125 2126
f 2123 2126 2127
f 2127 2126 2128
f 2127 2129 2130
f 2127 2130 2124
f 2131 2129 83
f 2131 82 2132
f 2131 2132 2026
f 2129 2128 2133
f 2133 2134 2135
f 2133 2136 83
f 2133 2128 2134
f 2137 2138 2134
f 2137 2128 2126
f 2137 2139 2138
f 2140 2141 2138
f 2140 2139 2142
f 2140 2142 2143
f 2143 2144 2145
f 2143 2142 2146
f 2143 2146 2147
f 2147 2148 2149
f 2147 2146 2150
f 2147 2150 2151
f 2151 2152 2153
f 2151 2150 2154
f 2151 2154 2152
f 2155 2156 2157
f 2155 2154 2158
f 2155 2159 2156
f 2159 2158 2160
f 2159 2160 2
f 2160 2161 2102
f 2160 2102 2100
f 2161 2158 2162
f 2161 2163 2104
f 2162 2158 2164
f 2162 2164 2165
f 2162 2166 2163
f 2165 2164 2167
f 2165 2167 2168
f 2165 2169 2166
f 2168 2167 2170
f 2168 2170 2122
f 2168 2120 2169
f 2157 2171 2172
f 2157 2173 2152
f 2157 2156 2171
f 2174 2175 2176
f 2174 2156 2177
f 2174 4 2175
f 2176 2175 2178
f 2176 2178 2179
f 2176 2180 2171
f 2180 2179 2181
f 2180 2182 2172
f 2183 2182 2184
f 2183 2185 2186
f 2183 2186 2173
f 2186 2187 2188
f 2186 2188 2153
f 2188 2189 2149
f 2188 2149 2148
f 2190 2189 56
f 2190 55 2145
f 2190 2145 2144
f 2191 55 2192
f 2191 2192 2193
f 2191 2194 2145
f 2193 2192 2195
f 2193 2195 2196
f 2193 2197 2194
f 2196 2195 2198
f 2196 2198 2135
f 2196 2135 2197
f 2199 2198 2200
f 2199 2201 2202
f 2199 2202 2136
f 2202 2203 81
f 2202 81 80
f 2204 2205 2206
f 2204 2206 78
f 2204 2203 2207
f 2207 2208 2209
f 2207 2210 2205
f 2207 2203 2208
f 2211 2212 2037
f 2211 2035 2213
f 2211 2210 2214
f 2214 2215 2216
f 2214 2210 2217
f 2214 2217 2218
f 2218 2219 2215
f 2218 2217 2220
f 2218 2220 2221
f 2221 2222 2219
f 2221 2220 2223
f 2221 2223 2224
f 2224 2225 2222
f 2224 2223 86
f 2224 86 85
f 2226 2227 89
f 2226 2223 2228
f 2226 2229 2227
f 2230 2231 2232
f 2230 2229 2233
f 2230 2234 2231
f 2235 2236 2231
f 2235 2234 2237
f 2235 2237 2238
f 2238 2239 2236
f 2238 2237 2240
f 2238 2240 2241
f 2241 2181 2239
f 2241 2240 2184
f 2241 2184 2182
f 2242 2240 2243
f 2242 2244 2245
f 2242 2245 2185
f 2245 2246 2247
f 2245 2247 2187
f 2246 2244 2248
f 2246 2249 57
f 2249 2248 2250
f 2249 2251 58
f 2251 2250 2252
f 2251 2253 2254
f 2252 2250 2255
f 2252 2255 2200
f 2252 2200 2253
f 2256 2255 2257
f 2256 2258 2208
f 2256 2208 2201
f 2258 2257 2259
f 2258 2260 2209
f 2259 2233 2229
f 2259 2228 2260
f 2259 2257 2233
f 2261 2262 2234
f 2261 2257 2255
f 2261 2263 2264
f 2264 2243 2262
f 2264 2263 2248
f 2264 2248 2244
f 2265 2266 2267
f 2265 2267 2268
f 2265 2181 2179
f 2267 2269 2270
f 2267 2270 2271
f 2271 2270 2272
f 2271 2272 2273
f 2271 2273 2268
f 2274 2272 2275
f 2274 2275 90
f 2274 2232 2273
f 2275 2276 2277
f 2275 2277 87
f 2277 2278 2279
f 2277 2279 88
f 2279 2280 2281
f 2279 2281 2282
f 2282 2281 2056
f 2282 2056 2283
f 2282 2225 88
f 2278 2284 2280
f 2278 2276 2285
f 2285 2286 2284
f 2285 2276 2287
f 2285 2287 2288
f 2288 2289 2286
f 2288 2287 2290
f 2288 2290 2291
f 2291 2292 2289
f 2291 2290 2293
f 2291 2293 2294
f 2294 2295 2292
f 2294 2293 2296
f 2294 2296 2297
f 2297 2298 2295
f 2297 2296 2299
f 2297 2299 2300
f 2300 2301 2298
f 2300 2299 6
f 2300 6 2302
f 2299 2303 2304
f 2296 2305 2303
f 2305 2293 2269
f 2305 2266 2178
f 2232 90 89
f 2283 2056 2052
f 2283 2052 2306
f 2306 2052 2049
f 2306 2048 2307
f 2307 2048 2045
f 2307 2044 2215
f 2216 2044 2041
f 2216 2039 2212
f 2206 2213 2308
f 2206 2308 78
f 2254 2192 54
f 2189 2187 2247
f 2170 2142 2125
f 2097 2092 2090
f 2097 2309 5
f 2309 2090 2088
f 2309 2087 2302
f 2087 2084 2301
f 2086 1926 1924
f 2083 1923 1921
f 2080 1920 1918
f 2077 1917 2310
f 2074 2310 2311
f 2071 2311 2312
f 2068 2312 2313
f 2065 2313 2314
f 2062 2314 1899
f 2059 1899 1897
f 2055 1896 1894
f 2051 1893 1891
f 2047 1890 1888
f 2308 2029 79
f 2003 1999 1997
f 1981 1979 1938
f 1978 1941 1939
f 1978 1976 1941
f 1975 1944 1942
f 1975 1973 1944
f 1969 1967 1945
f 2001 1839 1837
f 1814 1812 1971
f 1772 1771 1670
f 1769 1677 1673
f 1764 1763 2315
f 2315 2316 1767
f 2315 1763 2317
f 2315 2317 2318
f 2318 2319 2316
f 2318 2317 2320
f 2318 2320 2321
f 2321 2322 2319
f 2321 2320 2323
f 2321 2323 2324
f 2324 2325 2322
f 2324 2323 100
f 2324 100 99
f 2326 2327 103
f 2326 2323 2328
f 2326 2329 2327
f 2330 2331 2332
f 2330 2329 2333
f 2330 2334 2335
f 2335 2336 2331
f 2335 2334 2337
f 2335 2337 2338
f 2338 2339 2336
f 2338 2337 2340
f 2338 2340 2341
f 2341 2342 2339
f 2341 2340 2343
f 2341 2343 2344
f 2344 2345 2342
f 2344 2343 2346
f 2344 2346 1734
f 2346 1739 1735
f 2346 2347 1739
f 2348 1744 1740
f 2348 2347 64
f 2348 61 1744
f 2349 1749 1745
f 2349 61 60
f 2349 2350 2351
f 2351 2352 1749
f 2351 2350 2353
f 2351 2353 2354
f 2354 2353 2355
f 2354 2355 2356
f 2354 1758 2352
f 2356 2355 2357
f 2356 2358 1761
f 2356 1761 1759
f 2357 2359 2360
f 2357 2361 2358
f 2357 2355 2362
f 2360 2333 2329
f 2360 2328 2361
f 2360 2359 2363
f 2363 2364 2333
f 2363 2359 2365
f 2363 2365 2366
f 2366 2367 2364
f 2366 2365 63
f 2366 63 62
f 2365 2362 2368
f 2368 2350 60
f 2347 2343 2369
f 2370 1723 2371
f 2370 2371 2372
f 2370 2345 1725
f 2371 1722 2373
f 2371 2373 2374
f 2374 2373 2375
f 2374 2375 2376
f 2374 2377 2372
f 2376 2375 2378
f 2376 2378 2379
f 2376 2379 2377
f 2380 2378 2381
f 2380 2382 2332
f 2380 2332 2331
f 2382 2381 1700
f 2382 1699 101
f 2378 2383 2381
f 2375 2384 2383
f 2373 2385 2384
f 2345 1734 1730
f 2340 2367 2369
f 2332 104 2327
f 1722 1719 2385
f 1699 1696 102
f 1693 2325 102
f 1660 1392 1390
f 1660 1389 1654
f 1660 1659 1392
f 1655 1389 1387
f 1655 1386 1649
f 1650 1386 1383
f 1650 1382 1644
f 1645 1382 1380
f 1645 1379 1639
f 1640 1379 1377
f 1640 1376 1634
f 1635 1376 1374
f 1635 2386 1629
f 2386 1374 1372
f 2386 2387 1630
f 2388 2387 1369
f 2388 2389 1625
f 2388 1625 1624
f 2390 2389 1366
f 2390 2391 1620
f 2390 1620 1619
f 2392 2391 1363
f 2392 2393 1615
f 2392 1615 1614
f 2393 1363 1361
f 2393 1360 2394
f 2391 1366 1364
f 2389 1369 1367
f 2387 1372 1370
f 1615 2394 1610
f 1480 2395 2396
f 1480 2397 1474
f 1480 1479 2395
f 2397 2396 1225
f 2397 2398 1475
f 2399 2398 2400
f 2399 2401 2402
f 2399 1470 1469
f 2402 2401 2403
f 2402 2403 1466
f 2402 1466 1465
f 2404 2403 2405
f 2404 2406 2407
f 2404 2408 1462
f 2407 2406 1211
f 2407 2409 2410
f 2407 2411 2408
f 2410 2409 2412
f 2410 2413 2414
f 2410 2415 2411
f 2414 2413 2416
f 2414 2417 2418
f 2414 2419 2415
f 2418 2417 2420
f 2418 2420 2421
f 2418 2421 2419
f 2422 2420 1196
f 2422 2423 1447
f 2422 1447 1446
f 2424 2423 1191
f 2424 2425 1443
f 2424 1443 1442
f 2426 2425 1186
f 2426 2427 1439
f 2426 1439 1438
f 2428 2427 1181
f 2428 2429 2430
f 2428 2430 1435
f 2431 2429 1176
f 2431 2432 1431
f 2431 1431 1430
f 2433 2432 2434
f 2433 2435 1426
f 2433 1426 1425
f 2435 2434 1172
f 2435 1410 2436
f 2432 1176 1173
f 2429 1181 1177
f 2427 1186 1182
f 2425 1191 1187
f 2423 1196 1192
f 2420 1201 1197
f 2417 2416 1201
f 2413 2412 1205
f 2409 1211 1208
f 2406 2405 1212
f 2403 2437 2405
f 2401 2400 2437
f 2398 1225 1221
f 2396 1230 1226
f 2396 2395 1230
f 2395 116 115
f 1811 1463 1717
f 1426 2436 1421
f 1360 1358 35
f 1355 2438 1357
f 2438 1350 1345
f 2438 1345 34
f 1345 1343 34
f 2439 1058 2440
f 2439 2440 1304
f 2439 1308 1061
f 2440 1056 1053
f 2440 1052 1304
f 1304 2441 1299
f 1231 1230 115
f 1229 979 977
f 1229 976 1223
f 1229 1228 979
f 1224 976 974
f 1224 973 1220
f 2442 973 970
f 2442 970 2443
f 2443 970 968
f 2443 2444 2445
f 2445 2444 964
f 2445 964 2446
f 2446 964 2447
f 2446 2447 2448
f 2448 2447 2449
f 2448 2449 2450
f 2450 2449 2451
f 2450 2451 1200
f 1200 2451 2452
f 1200 2452 1194
f 2452 954 951
f 2452 2453 1195
f 2454 2453 2455
f 2454 2456 1190
f 2454 1190 1189
f 2457 2456 2458
f 2457 2459 1185
f 2457 1185 1184
f 2460 2459 2461
f 2460 2462 1180
f 2460 1180 1179
f 2461 942 940
f 2461 27 2462
f 2461 2459 942
f 2458 945 943
f 2458 2456 945
f 2455 948 946
f 2455 2453 948
f 1180 29 1175
f 1168 29 1163
f 1353 1105 1103
f 1052 1048 2441
f 1043 1282 1281
f 985 982 980
f 936 935 1157
f 1109 877 875
f 1011 777 1005
f 753 749 747
f 881 645 641
f 2463 2464 2465
f 2463 643 2466
f 2463 2467 2464
f 2468 2469 2464
f 2468 2467 2470
f 2468 2471 2472
f 2472 233 2469
f 2472 2471 2473
f 2472 2473 235
f 2473 2474 239
f 2473 239 237
f 2475 2474 2476
f 2475 248 242
f 2475 242 240
f 2476 2474 2471
f 2476 2470 251
f 2476 251 249
f 2477 2470 2467
f 2477 2466 254
f 2477 254 252
f 2478 230 2479
f 2478 2479 2464
f 2478 2469 231
f 2479 2480 2481
f 2479 2482 2465
f 2481 107 106
f 2481 2483 2482
f 2481 2480 227
f 2480 230 228
f 2466 643 256
f 2483 106 2484
f 2485 108 2486
f 2485 2486 2487
f 2485 627 2484
f 2487 2486 2488
f 2487 2488 2489
f 2489 2488 219
f 2489 219 2490
f 2490 219 216
f 2490 216 2491
f 2491 216 212
f 2491 211 2492
f 2492 211 206
f 2492 206 2493
f 2493 206 2494
f 2493 2494 2495
f 2495 2494 197
f 2495 197 2496
f 2496 197 193
f 2496 193 42
f 514 381 72
f 528 129 128
f 497 438 143
f 432 431 479
f 412 52 51
f 591 40 39
f 227 225 107
f 215 214 150
f 2 2100 3
f 4 2177 2
f 1 5 7
f 6 2304 4
f 7 2302 6
f 8 10 15
f 11 1287 9
f 12 1281 11
f 8 14 12
f 15 2441 13
f 17 1797 18
f 16 19 21
f 20 1727 17
f 21 1718 22
f 22 1720 20
f 24 1164 25
f 26 1157 24
f 23 28 26
f 23 29 2462
f 30 32 36
f 30 34 1601
f 35 1357 33
f 36 2394 35
f 38 292 39
f 37 40 41
f 41 596 42
f 42 193 43
f 37 44 38
f 45 47 50
f 48 416 49
f 50 334 51
f 45 52 48
f 53 55 56
f 56 2247 57
f 53 58 54
f 59 61 64
f 59 63 60
f 64 2369 62
f 66 1888 67
f 65 68 69
f 65 70 66
f 71 73 74
f 74 376 75
f 71 76 72
f 77 79 82
f 77 81 78
f 77 83 80
f 84 86 89
f 84 88 85
f 84 90 87
f 91 93 94
f 91 95 96
f 91 97 92
f 98 100 103
f 98 102 99
f 98 104 101
f 105 107 109
f 108 2484 106
f 105 110 108
f 112 1236 113
f 114 1492 112
f 113 1234 115
f 111 117 114
f 118 120 121
f 118 122 123
f 123 495 119
f 124 126 128
f 127 532 125
f 124 129 127
f 131 885 132
f 130 134 131
f 132 653 133
f 136 1412 137
f 138 2436 136
f 135 139 138
f 141 479 142
f 140 144 141
f 140 145 143
f 146 148 151
f 146 150 147
f 146 152 149
f 153 155 156
f 153 157 158
f 153 159 154
f 158 264 160
f 159 161 162
f 162 163 154
f 163 155 154
f 163 165 166
f 166 167 164
f 167 169 164
f 167 170 171
f 171 172 168
f 172 174 168
f 172 175 176
f 176 177 173
f 177 179 173
f 177 180 181
f 181 182 178
f 182 184 178
f 182 185 186
f 186 187 183
f 187 189 183
f 187 190 191
f 191 192 188
f 191 44 43
f 192 193 194
f 194 195 188
f 195 189 188
f 195 197 198
f 198 199 196
f 199 201 196
f 198 2494 202
f 202 203 200
f 203 205 200
f 203 206 207
f 207 208 204
f 208 210 204
f 208 211 212
f 212 213 209
f 213 215 209
f 213 216 217
f 217 218 214
f 218 147 214
f 218 219 220
f 218 221 148
f 222 151 148
f 220 2488 223
f 221 224 222
f 223 2486 110
f 224 109 225
f 225 226 222
f 226 227 228
f 228 229 152
f 226 151 222
f 229 230 231
f 231 233 232
f 229 149 152
f 233 235 234
f 232 150 149
f 235 237 236
f 234 215 150
f 237 238 210
f 236 209 215
f 238 239 240
f 240 241 205
f 238 204 210
f 241 242 243
f 243 244 201
f 241 200 205
f 244 245 184
f 244 183 189
f 244 196 201
f 243 242 246
f 246 247 179
f 245 178 184
f 247 248 249
f 249 250 174
f 247 173 179
f 250 251 252
f 252 253 169
f 250 168 174
f 253 254 255
f 255 156 155
f 253 164 169
f 255 256 257
f 257 157 156
f 257 258 259
f 259 260 157
f 260 261 262
f 260 263 264
f 260 158 157
f 262 649 265
f 263 266 267
f 267 160 264
f 267 268 269
f 269 161 160
f 269 270 271
f 271 272 161
f 272 162 161
f 272 273 274
f 274 275 165
f 275 166 165
f 275 276 277
f 277 278 170
f 278 171 170
f 278 279 280
f 280 281 175
f 281 176 175
f 281 282 283
f 283 284 180
f 284 181 180
f 283 671 285
f 284 286 185
f 190 186 185
f 285 675 287
f 286 288 190
f 44 191 190
f 287 290 289
f 288 38 44
f 290 293 291
f 289 292 38
f 293 681 294
f 291 295 292
f 296 39 292
f 294 686 297
f 295 298 296
f 299 591 296
f 297 689 300
f 298 301 299
f 302 589 299
f 300 692 303
f 301 304 302
f 305 586 302
f 303 695 306
f 304 307 305
f 308 583 305
f 306 698 309
f 307 310 308
f 311 580 308
f 309 701 312
f 310 313 311
f 313 315 311
f 313 316 317
f 317 318 314
f 318 320 314
f 318 321 322
f 322 323 319
f 324 573 319
f 323 325 326
f 323 327 324
f 328 567 324
f 327 329 330
f 327 47 328
f 329 332 331
f 330 50 47
f 332 335 333
f 331 334 50
f 335 718 336
f 333 337 334
f 338 51 334
f 336 722 339
f 337 340 338
f 341 412 338
f 339 725 342
f 340 343 341
f 344 410 341
f 342 728 345
f 343 346 344
f 347 407 344
f 345 731 348
f 346 349 347
f 350 404 347
f 349 351 352
f 352 353 350
f 353 355 350
f 353 356 357
f 357 358 354
f 358 360 354
f 358 361 362
f 362 363 359
f 363 365 359
f 363 366 367
f 367 368 364
f 368 370 364
f 368 371 372
f 372 373 369
f 373 375 369
f 373 376 74
f 74 73 374
f 375 378 379
f 379 370 369
f 374 380 377
f 381 511 382
f 380 383 377
f 380 73 381
f 382 508 384
f 383 385 386
f 386 378 377
f 385 454 387
f 387 388 378
f 388 389 390
f 390 392 391
f 388 379 378
f 392 394 393
f 391 370 379
f 394 395 365
f 393 364 370
f 395 396 397
f 397 398 360
f 395 359 365
f 398 399 400
f 400 401 355
f 398 354 360
f 400 465 402
f 401 403 404
f 404 350 355
f 402 468 405
f 403 406 407
f 407 347 404
f 405 471 408
f 406 409 410
f 410 344 407
f 408 413 411
f 409 52 412
f 412 341 410
f 413 417 414
f 411 48 52
f 414 416 48
f 417 418 415
f 418 420 415
f 418 421 422
f 422 423 419
f 423 425 419
f 423 426 427
f 427 428 424
f 428 430 424
f 428 431 432
f 432 433 429
f 433 435 429
f 433 141 144
f 433 436 434
f 437 551 434
f 144 143 438
f 436 439 437
f 440 548 437
f 438 497 441
f 439 442 440
f 443 543 440
f 441 496 444
f 442 445 443
f 446 541 443
f 444 498 447
f 445 448 446
f 448 450 446
f 448 451 452
f 452 454 449
f 452 453 389
f 389 387 454
f 451 494 455
f 453 456 457
f 453 390 389
f 456 459 458
f 457 392 390
f 459 460 396
f 458 394 392
f 460 122 461
f 461 462 399
f 460 397 396
f 461 488 463
f 462 464 465
f 465 400 399
f 463 487 466
f 464 467 468
f 468 402 465
f 466 474 469
f 467 470 471
f 471 405 468
f 469 472 421
f 470 417 413
f 413 408 471
f 473 475 426
f 472 422 421
f 472 474 473
f 475 427 426
f 475 476 477
f 477 479 431
f 478 142 479
f 477 480 478
f 481 492 478
f 476 486 482
f 480 483 481
f 484 489 481
f 482 485 120
f 483 119 484
f 485 486 487
f 487 463 488
f 485 121 120
f 490 496 491
f 489 492 481
f 489 493 490
f 494 498 490
f 484 119 495
f 493 455 494
f 496 441 497
f 491 145 492
f 498 444 496
f 486 473 474
f 474 466 487
f 492 142 478
f 488 122 121
f 456 123 122
f 455 495 123
f 451 447 498
f 450 500 501
f 501 541 446
f 449 502 499
f 502 504 499
f 502 454 385
f 385 384 503
f 504 125 505
f 505 500 499
f 503 506 126
f 506 128 126
f 506 384 508
f 506 509 507
f 510 528 507
f 508 382 511
f 509 512 510
f 513 521 510
f 511 381 514
f 512 515 513
f 76 752 516
f 516 517 513
f 514 72 76
f 517 518 519
f 519 522 520
f 517 521 513
f 520 523 524
f 520 525 521
f 525 526 527
f 525 129 528
f 528 510 521
f 526 530 529
f 527 127 129
f 530 533 531
f 529 532 127
f 533 772 534
f 531 535 532
f 534 537 536
f 535 500 505
f 505 125 532
f 537 539 538
f 536 501 500
f 539 542 540
f 538 541 501
f 542 544 543
f 543 443 541
f 544 545 546
f 544 547 548
f 548 440 543
f 546 781 549
f 547 550 551
f 551 437 548
f 549 784 552
f 550 553 435
f 435 434 551
f 552 787 554
f 553 555 430
f 430 429 435
f 554 790 556
f 555 557 425
f 425 424 430
f 556 793 558
f 557 559 420
f 420 419 425
f 558 561 560
f 559 49 416
f 416 415 420
f 561 795 562
f 560 563 49
f 562 801 564
f 563 565 46
f 46 45 49
f 564 568 566
f 565 567 328
f 328 47 46
f 568 803 569
f 566 570 567
f 569 809 571
f 570 572 573
f 573 324 567
f 571 812 574
f 572 575 320
f 320 319 573
f 574 815 576
f 575 577 315
f 575 314 320
f 576 818 578
f 577 579 580
f 580 311 315
f 578 821 581
f 579 582 583
f 583 308 580
f 581 824 584
f 582 585 586
f 586 305 583
f 584 827 587
f 585 588 589
f 589 302 586
f 587 592 590
f 588 40 591
f 591 299 589
f 592 594 593
f 590 41 40
f 594 597 595
f 593 596 41
f 597 833 598
f 595 599 596
f 600 42 596
f 598 837 601
f 599 602 600
f 603 2496 600
f 601 840 604
f 602 605 603
f 606 2495 603
f 604 843 607
f 605 608 606
f 609 2493 606
f 607 846 610
f 608 611 609
f 612 2492 609
f 610 849 613
f 611 614 612
f 615 2491 612
f 613 852 616
f 614 617 615
f 618 2490 615
f 616 855 619
f 617 620 618
f 621 2489 618
f 619 858 622
f 620 623 621
f 624 2487 621
f 622 861 625
f 623 626 624
f 627 2485 624
f 625 864 628
f 626 629 627
f 630 2484 627
f 628 867 631
f 629 632 630
f 633 2483 630
f 631 870 634
f 632 635 633
f 636 2482 633
f 634 873 637
f 635 638 636
f 639 2465 636
f 638 640 641
f 638 642 639
f 643 2463 639
f 641 645 644
f 642 258 643
f 644 646 261
f 644 259 258
f 645 881 647
f 646 648 649
f 649 262 261
f 647 880 650
f 648 134 651
f 651 265 649
f 651 133 652
f 652 266 265
f 652 653 654
f 654 268 266
f 654 655 656
f 656 270 268
f 655 891 657
f 657 658 270
f 658 271 270
f 658 659 660
f 660 661 273
f 661 274 273
f 661 662 663
f 663 664 276
f 664 277 276
f 664 665 666
f 666 667 279
f 667 280 279
f 667 668 669
f 669 670 282
f 671 283 282
f 670 672 673
f 670 674 671
f 675 285 671
f 673 909 676
f 674 677 675
f 290 287 675
f 676 679 678
f 677 293 290
f 679 682 680
f 678 681 293
f 680 683 684
f 680 685 681
f 686 294 681
f 684 920 687
f 685 688 686
f 689 297 686
f 687 924 690
f 688 691 689
f 692 300 689
f 690 927 693
f 691 694 692
f 695 303 692
f 693 930 696
f 694 697 695
f 698 306 695
f 696 934 699
f 697 700 698
f 701 309 698
f 699 938 702
f 702 703 701
f 703 312 701
f 703 704 705
f 705 706 316
f 706 317 316
f 706 707 708
f 708 709 321
f 709 322 321
f 709 710 711
f 711 712 325
f 712 326 325
f 712 713 714
f 714 332 329
f 714 715 716
f 714 335 332
f 715 719 717
f 716 718 335
f 719 953 720
f 717 721 718
f 722 336 718
f 720 957 723
f 721 724 722
f 725 339 722
f 723 960 726
f 724 727 725
f 728 342 725
f 726 963 729
f 727 730 728
f 731 345 728
f 729 967 732
f 730 733 731
f 733 348 731
f 733 734 735
f 735 736 351
f 736 352 351
f 736 737 738
f 738 739 356
f 739 357 356
f 739 740 741
f 741 742 361
f 742 362 361
f 742 743 744
f 744 745 366
f 745 367 366
f 745 746 747
f 747 748 371
f 748 372 371
f 748 749 750
f 750 75 376
f 750 751 752
f 752 76 75
f 751 753 754
f 754 755 518
f 751 516 752
f 755 756 757
f 757 759 758
f 755 519 518
f 758 760 761
f 761 522 519
f 761 762 763
f 763 523 522
f 763 764 765
f 765 766 523
f 766 767 768
f 766 530 526
f 766 524 523
f 767 770 769
f 768 533 530
f 770 773 771
f 769 772 533
f 773 1005 774
f 771 775 772
f 774 777 776
f 775 539 537
f 537 534 772
f 777 778 545
f 776 542 539
f 777 1011 779
f 778 780 781
f 781 546 545
f 779 1010 782
f 780 783 784
f 784 549 781
f 782 1014 785
f 783 786 787
f 787 552 784
f 785 1017 788
f 786 789 790
f 790 554 787
f 788 1020 791
f 789 792 793
f 793 556 790
f 791 796 794
f 792 795 561
f 561 558 793
f 796 1022 797
f 794 798 795
f 797 1028 799
f 798 800 801
f 801 562 795
f 799 804 802
f 800 803 568
f 568 564 801
f 804 1030 805
f 802 806 803
f 805 1036 807
f 806 808 809
f 809 569 803
f 807 1039 810
f 808 811 812
f 812 571 809
f 810 1042 813
f 811 814 815
f 815 574 812
f 813 1045 816
f 814 817 818
f 818 576 815
f 816 1047 819
f 817 820 821
f 821 578 818
f 819 1050 822
f 820 823 824
f 824 581 821
f 822 1051 825
f 823 826 827
f 827 584 824
f 592 587 827
f 825 829 828
f 826 594 592
f 829 831 830
f 828 597 594
f 831 834 832
f 830 833 597
f 834 1060 835
f 832 836 833
f 837 598 833
f 835 1064 838
f 836 839 837
f 840 601 837
f 838 1067 841
f 839 842 840
f 843 604 840
f 841 1070 844
f 842 845 843
f 846 607 843
f 844 1073 847
f 845 848 846
f 849 610 846
f 847 1076 850
f 848 851 849
f 852 613 849
f 850 1079 853
f 851 854 852
f 855 616 852
f 853 1082 856
f 854 857 855
f 858 619 855
f 856 1086 859
f 857 860 858
f 861 622 858
f 859 1090 862
f 860 863 861
f 864 625 861
f 862 1094 865
f 863 866 864
f 867 628 864
f 865 1098 868
f 866 869 867
f 870 631 867
f 868 1102 871
f 869 872 870
f 872 634 870
f 872 874 875
f 875 876 873
f 876 637 873
f 876 877 878
f 878 881 640
f 878 879 880
f 880 647 881
f 877 1109 882
f 879 883 884
f 884 650 880
f 884 885 131
f 131 134 650
f 882 1108 886
f 883 887 885
f 886 1110 888
f 887 889 890
f 890 132 885
f 655 653 132
f 890 891 655
f 888 1113 892
f 889 893 891
f 659 657 891
f 893 894 895
f 895 896 659
f 896 660 659
f 896 897 898
f 898 899 662
f 899 663 662
f 899 900 901
f 901 902 665
f 902 666 665
f 902 903 904
f 904 905 668
f 905 669 668
f 905 906 907
f 907 908 672
f 908 673 672
f 908 910 911
f 911 912 909
f 912 676 909
f 912 913 914
f 914 682 679
f 914 915 916
f 916 683 682
f 916 917 918
f 918 919 683
f 919 684 683
f 919 921 922
f 922 923 920
f 924 687 920
f 922 1143 925
f 923 926 924
f 927 690 924
f 925 1147 928
f 926 929 927
f 930 693 927
f 929 931 932
f 929 933 930
f 934 696 930
f 933 935 936
f 936 937 934
f 938 699 934
f 937 26 28
f 28 939 938
f 939 702 938
f 939 27 940
f 940 941 704
f 941 705 704
f 941 942 943
f 943 944 707
f 944 708 707
f 944 945 946
f 946 947 710
f 947 711 710
f 947 948 949
f 949 715 713
f 948 951 950
f 949 719 715
f 951 954 952
f 950 953 719
f 954 2451 955
f 952 956 953
f 957 720 953
f 955 2449 958
f 956 959 957
f 960 723 957
f 958 2447 961
f 961 962 960
f 963 726 960
f 962 964 965
f 962 966 963
f 967 729 963
f 965 2444 968
f 966 969 967
f 969 732 967
f 969 970 971
f 971 972 734
f 972 735 734
f 972 973 974
f 974 975 737
f 975 738 737
f 975 976 977
f 977 978 740
f 978 741 740
f 978 979 980
f 980 981 743
f 981 744 743
f 981 982 983
f 983 753 746
f 982 984 756
f 983 754 753
f 984 985 986
f 986 988 987
f 984 757 756
f 988 990 989
f 987 759 757
f 989 991 992
f 992 760 759
f 992 993 994
f 994 762 760
f 994 995 996
f 996 764 762
f 996 997 998
f 998 999 764
f 998 1001 1000
f 999 770 767
f 999 765 764
f 1001 1003 1002
f 1000 773 770
f 1003 1006 1004
f 1002 1005 773
f 1004 1007 1008
f 1008 1011 1005
f 1008 1009 1010
f 1010 779 1011
f 1007 1251 1012
f 1009 1013 1014
f 1014 782 1010
f 1012 1254 1015
f 1013 1016 1017
f 1017 785 1014
f 1015 1257 1018
f 1016 1019 1020
f 1020 788 1017
f 1018 1023 1021
f 1019 1022 796
f 796 791 1020
f 1023 1259 1024
f 1021 1025 1022
f 1024 1265 1026
f 1025 1027 1028
f 1028 797 1022
f 1026 1031 1029
f 1027 1030 804
f 804 799 1028
f 1031 1267 1032
f 1029 1033 1030
f 1032 1273 1034
f 1033 1035 1036
f 1036 805 1030
f 1034 1276 1037
f 1035 1038 1039
f 1039 807 1036
f 1037 1279 1040
f 1038 1041 1042
f 1042 810 1039
f 1040 1282 1043
f 1041 1044 1045
f 1045 813 1042
f 1044 12 14
f 1044 1046 1047
f 1047 816 1045
f 1046 13 1048
f 1046 1049 1050
f 1050 819 1047
f 1051 822 1050
f 1049 1052 1053
f 1049 1054 1051
f 829 825 1051
f 1053 1056 1055
f 1054 831 829
f 1056 1058 1057
f 1055 834 831
f 1058 1061 1059
f 1057 1060 834
f 1061 1312 1062
f 1059 1063 1060
f 1064 835 1060
f 1062 1315 1065
f 1063 1066 1064
f 1067 838 1064
f 1065 1318 1068
f 1066 1069 1067
f 1070 841 1067
f 1068 1321 1071
f 1069 1072 1070
f 1073 844 1070
f 1071 1324 1074
f 1072 1075 1073
f 1076 847 1073
f 1074 1327 1077
f 1075 1078 1076
f 1079 850 1076
f 1077 1330 1080
f 1078 1081 1079
f 1082 853 1079
f 1081 1083 1084
f 1084 1085 1082
f 1085 856 1082
f 1085 1087 1088
f 1088 1089 1086
f 1089 859 1086
f 1089 1091 1092
f 1092 1093 1090
f 1093 862 1090
f 1093 1095 1096
f 1096 1097 1094
f 1098 865 1094
f 1097 1099 1100
f 1097 1101 1098
f 1102 868 1098
f 1100 1348 1103
f 1101 1104 1102
f 1104 871 1102
f 1104 1105 1106
f 1106 1109 874
f 1106 1107 1108
f 1108 882 1109
f 1110 886 1108
f 1105 1353 1111
f 1107 1112 1110
f 1113 888 1110
f 1111 1352 1114
f 1112 1115 1113
f 894 892 1113
f 1114 1354 1116
f 1116 1117 894
f 1117 895 894
f 1117 1118 1119
f 1119 1120 897
f 1120 898 897
f 1120 1121 1122
f 1122 1123 900
f 1123 901 900
f 1123 1124 1125
f 1125 1126 903
f 1126 904 903
f 1126 1127 1128
f 1128 1129 906
f 1129 907 906
f 1129 1130 1131
f 1131 1132 910
f 1132 911 910
f 1132 1133 1134
f 1134 915 913
f 1134 1135 1136
f 1136 917 915
f 1136 1137 1138
f 1138 1139 917
f 1139 918 917
f 1139 1140 1141
f 1141 1142 921
f 1142 922 921
f 1142 1144 1145
f 1142 1146 1143
f 1147 925 1143
f 1145 1385 1148
f 1148 1149 1147
f 1149 928 1147
f 1149 1150 1151
f 1151 1152 931
f 1152 932 931
f 1152 1153 1154
f 1154 1157 935
f 1154 1155 1156
f 1156 24 1157
f 1156 1158 1159
f 1159 1164 24
f 1159 1160 1161
f 1159 1162 1164
f 1163 25 1164
f 1161 1401 1165
f 1162 1166 1163
f 1166 1168 1163
f 1165 1405 1169
f 1169 1170 1167
f 1170 1171 1172
f 1172 2434 1173
f 1170 1174 1167
f 1175 1168 1167
f 1174 1176 1177
f 1177 1178 1175
f 1178 1180 1175
f 1178 1181 1182
f 1182 1183 1179
f 1183 1185 1179
f 1183 1186 1187
f 1187 1188 1184
f 1188 1190 1184
f 1188 1191 1192
f 1192 1193 1189
f 1193 1195 1189
f 1193 1196 1197
f 1197 1198 1194
f 1198 1200 1194
f 1198 1201 1202
f 1198 1203 1199
f 1204 2450 1199
f 1202 2416 1205
f 1203 1206 1204
f 1207 2448 1204
f 1205 2412 1208
f 1206 1209 1207
f 1210 2446 1207
f 1209 1211 1212
f 1209 1213 1210
f 1214 2445 1210
f 1212 2405 1215
f 1213 1216 1214
f 1217 2443 1214
f 1215 2437 1218
f 1216 1219 1217
f 1220 2442 1217
f 1218 2400 1221
f 1221 1222 1220
f 1222 1224 1220
f 1222 1225 1226
f 1226 1227 1223
f 1227 1229 1223
f 1227 1230 1231
f 1231 1232 1228
f 986 985 1228
f 1231 1234 1233
f 1232 988 986
f 1234 113 1235
f 1233 990 988
f 1235 1236 1237
f 1237 991 990
f 1237 1238 1239
f 1239 993 991
f 1239 1240 1241
f 1241 995 993
f 1241 1242 1243
f 1243 997 995
f 1242 1504 1244
f 1243 1245 997
f 1244 1247 1246
f 1245 1003 1001
f 1001 998 997
f 1246 1248 1249
f 1246 1006 1003
f 1249 1250 1251
f 1251 1007 1006
f 1248 1509 1252
f 1250 1253 1254
f 1254 1012 1251
f 1252 1512 1255
f 1253 1256 1257
f 1257 1015 1254
f 1255 1260 1258
f 1256 1259 1023
f 1023 1018 1257
f 1260 1514 1261
f 1258 1262 1259
f 1261 1520 1263
f 1262 1264 1265
f 1265 1024 1259
f 1263 1268 1266
f 1264 1267 1031
f 1031 1026 1265
f 1268 1522 1269
f 1266 1270 1267
f 1269 1528 1271
f 1270 1272 1273
f 1273 1032 1267
f 1271 1531 1274
f 1272 1275 1276
f 1276 1034 1273
f 1274 1534 1277
f 1275 1278 1279
f 1279 1037 1276
f 1277 1283 1280
f 1278 1281 1282
f 1282 1040 1279
f 1283 1285 1284
f 1284 11 1281
f 1285 1288 1286
f 1284 1287 11
f 1288 1540 1289
f 1286 1290 1287
f 1289 1546 1291
f 1290 1292 1293
f 1293 9 1287
f 1293 1294 1295
f 1295 10 9
f 1295 1296 1297
f 1297 1298 10
f 1298 15 10
f 1298 1300 1301
f 1301 1302 1299
f 1302 1304 1299
f 1302 1305 1306
f 1306 1307 1303
f 1308 2439 1303
f 1307 1309 1310
f 1307 1311 1308
f 1312 1061 1308
f 1310 1568 1313
f 1311 1314 1312
f 1315 1062 1312
f 1313 1571 1316
f 1314 1317 1315
f 1318 1065 1315
f 1316 1574 1319
f 1317 1320 1318
f 1321 1068 1318
f 1319 1577 1322
f 1320 1323 1321
f 1324 1071 1321
f 1322 1580 1325
f 1323 1326 1324
f 1327 1074 1324
f 1325 1583 1328
f 1326 1329 1327
f 1330 1077 1327
f 1328 1587 1331
f 1329 1332 1330
f 1083 1080 1330
f 1332 1333 1334
f 1334 1335 1083
f 1335 1084 1083
f 1335 1336 1337
f 1337 1338 1087
f 1338 1088 1087
f 1338 1339 1340
f 1340 1341 1091
f 1341 1092 1091
f 1341 1342 1343
f 1343 1344 1095
f 1344 1096 1095
f 1344 1345 1346
f 1346 1347 1099
f 1348 1100 1099
f 1346 1350 1349
f 1349 1353 1348
f 1349 1351 1352
f 1352 1111 1353
f 1354 1114 1352
f 1350 2438 1355
f 1351 1356 1354
f 1118 1116 1354
f 1356 1357 1358
f 1358 1359 1118
f 1359 1119 1118
f 1359 1360 1361
f 1361 1362 1121
f 1362 1122 1121
f 1362 1363 1364
f 1364 1365 1124
f 1365 1125 1124
f 1365 1366 1367
f 1367 1368 1127
f 1368 1128 1127
f 1368 1369 1370
f 1370 1371 1130
f 1371 1131 1130
f 1371 1372 1373
f 1373 1135 1133
f 1373 1374 1375
f 1375 1137 1135
f 1375 1376 1377
f 1377 1378 1137
f 1378 1138 1137
f 1378 1379 1380
f 1380 1381 1140
f 1381 1141 1140
f 1381 1382 1383
f 1383 1384 1144
f 1384 1145 1144
f 1384 1386 1387
f 1387 1388 1385
f 1388 1148 1385
f 1388 1389 1390
f 1390 1391 1150
f 1391 1151 1150
f 1391 1392 1393
f 1393 1155 1153
f 1393 1394 1395
f 1395 1158 1155
f 1395 1396 1397
f 1397 1160 1158
f 1397 1398 1399
f 1399 1400 1160
f 1401 1161 1160
f 1400 1402 1403
f 1400 1404 1401
f 1405 1165 1401
f 1403 1672 1406
f 1404 1407 1405
f 1171 1169 1405
f 1406 1675 1408
f 1407 1409 1171
f 1409 1172 1171
f 1409 1411 1412
f 1412 136 1410
f 1408 1675 1413
f 1411 1414 1415
f 1415 137 1412
f 1415 1416 1417
f 1417 139 137
f 1417 1418 1419
f 1419 1420 139
f 1420 138 139
f 1420 1422 1423
f 1423 1424 1421
f 1424 1426 1421
f 1424 1427 1428
f 1428 1429 1425
f 1429 1431 1425
f 1429 1432 1433
f 1433 1434 1430
f 1435 2430 1430
f 1433 1692 1436
f 1434 1437 1435
f 1437 1439 1435
f 1436 1695 1440
f 1437 1441 1438
f 1441 1443 1438
f 1440 1698 1444
f 1444 1445 1442
f 1445 1447 1442
f 1444 1702 1448
f 1445 1449 1446
f 1450 2421 1446
f 1448 1705 1451
f 1449 1452 1450
f 1453 2419 1450
f 1451 1708 1454
f 1452 1455 1453
f 1456 2415 1453
f 1454 1711 1457
f 1455 1458 1456
f 1459 2411 1456
f 1457 1714 1460
f 1458 1461 1459
f 1462 2408 1459
f 1460 1717 1463
f 1461 1464 1462
f 1464 1466 1462
f 1463 1811 1467
f 1467 1468 1465
f 1468 1470 1465
f 1468 1471 1472
f 1472 1473 1469
f 1473 1475 1469
f 1473 1476 1477
f 1477 1478 1474
f 1478 1480 1474
f 1478 1481 1482
f 1482 1483 1479
f 1483 1484 1485
f 1485 1486 117
f 1483 116 1479
f 1486 1487 1488
f 1488 1490 1489
f 1486 114 117
f 1490 1493 1491
f 1489 1492 114
f 1493 1832 1494
f 1491 1495 1492
f 1495 1496 1497
f 1497 1499 1498
f 1498 112 1492
f 1499 1240 1238
f 1498 1236 112
f 1499 1500 1501
f 1501 1242 1240
f 1501 1502 1503
f 1501 1504 1242
f 1503 1505 1506
f 1503 1507 1504
f 1507 1508 1509
f 1509 1248 1247
f 1247 1244 1504
f 1506 1505 1510
f 1508 1511 1512
f 1512 1252 1509
f 1510 1515 1513
f 1511 1514 1260
f 1260 1255 1512
f 1515 1843 1516
f 1513 1517 1514
f 1516 1849 1518
f 1517 1519 1520
f 1520 1261 1514
f 1518 1523 1521
f 1519 1522 1268
f 1268 1263 1520
f 1523 1851 1524
f 1521 1525 1522
f 1524 1857 1526
f 1525 1527 1528
f 1528 1269 1522
f 1526 1860 1529
f 1527 1530 1531
f 1531 1271 1528
f 1529 1863 1532
f 1530 1533 1534
f 1534 1274 1531
f 1532 1536 1535
f 1533 1285 1283
f 1283 1277 1534
f 1536 1538 1537
f 1535 1288 1285
f 1538 1541 1539
f 1537 1540 1288
f 1541 1869 1542
f 1539 1543 1540
f 1542 1875 1544
f 1543 1545 1546
f 1546 1289 1540
f 1544 1878 1547
f 1545 1548 1549
f 1549 1291 1546
f 1549 1550 1551
f 1551 1292 1291
f 1551 1552 1553
f 1553 1294 1292
f 1553 1554 1555
f 1555 1296 1294
f 1555 1556 1557
f 1557 1558 1296
f 1558 1297 1296
f 1558 1559 1560
f 1560 1561 1300
f 1561 1301 1300
f 1561 1562 1563
f 1563 1564 1305
f 1564 1306 1305
f 1564 1565 1566
f 1566 1567 1309
f 1568 1310 1309
f 1566 1902 1569
f 1567 1570 1568
f 1571 1313 1568
f 1569 1905 1572
f 1570 1573 1571
f 1574 1316 1571
f 1572 1908 1575
f 1573 1576 1574
f 1577 1319 1574
f 1575 1911 1578
f 1576 1579 1577
f 1580 1322 1577
f 1578 1914 1581
f 1581 1582 1580
f 1583 1325 1580
f 1582 1584 1585
f 1582 1586 1583
f 1586 1328 1583
f 1586 1588 1589
f 1589 1590 1587
f 1590 1331 1587
f 1590 1591 1592
f 1592 1593 1333
f 1593 1334 1333
f 1593 1594 1595
f 1595 1596 1336
f 1596 1337 1336
f 1596 1597 1598
f 1598 1599 1339
f 1599 1340 1339
f 1599 1600 1601
f 1601 34 1342
f 1598 1597 1602
f 1600 1603 31
f 31 30 1601
f 1602 1930 1604
f 1603 1605 1606
f 1606 32 31
f 1606 1607 1608
f 1608 1609 32
f 1609 36 32
f 1609 1611 1612
f 1612 1613 1610
f 1613 1615 1610
f 1613 1616 1617
f 1617 1618 1614
f 1618 1620 1614
f 1618 1621 1622
f 1622 1623 1619
f 1623 1625 1619
f 1623 1626 1627
f 1627 1628 1624
f 1628 1630 1624
f 1628 1631 1632
f 1632 1633 1629
f 1633 1635 1629
f 1633 1636 1637
f 1637 1638 1634
f 1638 1640 1634
f 1638 1641 1642
f 1642 1643 1639
f 1643 1645 1639
f 1643 1646 1647
f 1647 1648 1644
f 1648 1650 1644
f 1648 1651 1652
f 1652 1653 1649
f 1653 1655 1649
f 1653 1656 1657
f 1657 1658 1654
f 1658 1660 1654
f 1658 1661 1662
f 1662 1663 1659
f 1663 1394 1659
f 1663 1664 1665
f 1665 1398 1396
f 1665 1666 1667
f 1667 1668 1398
f 1668 1399 1398
f 1668 1669 1670
f 1670 1671 1402
f 1671 1403 1402
f 1670 1771 1673
f 1671 1674 1672
f 1675 1406 1672
f 1673 1677 1676
f 1676 1413 1675
f 1676 1678 1679
f 1679 1414 1413
f 1679 1680 1681
f 1681 1416 1414
f 1681 1682 1683
f 1683 1418 1416
f 1682 1767 1684
f 1684 1685 1418
f 1685 1419 1418
f 1684 2316 1686
f 1686 1687 1422
f 1687 1423 1422
f 1686 2319 1688
f 1688 1689 1427
f 1689 1428 1427
f 1688 2322 1690
f 1689 1691 1432
f 1692 1433 1432
f 1690 2325 1693
f 1691 1694 1692
f 1695 1436 1692
f 1693 102 1696
f 1696 1697 1695
f 1698 1440 1695
f 1697 1699 1700
f 1697 1701 1698
f 1702 1444 1698
f 1700 2381 1703
f 1701 1704 1702
f 1705 1448 1702
f 1703 2383 1706
f 1704 1707 1705
f 1708 1451 1705
f 1706 2384 1709
f 1707 1710 1708
f 1711 1454 1708
f 1709 2385 1712
f 1710 1713 1711
f 1714 1457 1711
f 1712 1719 1715
f 1713 1716 1714
f 1717 1460 1714
f 1715 1720 22
f 1716 1718 1717
f 1719 1721 1720
f 1721 1722 1723
f 1723 1725 1724
f 1721 20 1720
f 1725 1730 1726
f 1724 1727 20
f 1726 1729 1727
f 1730 1731 1728
f 1731 1733 1728
f 1731 1734 1735
f 1735 1736 1732
f 1736 1738 1732
f 1736 1739 1740
f 1740 1741 1737
f 1741 1743 1737
f 1741 1744 1745
f 1745 1746 1742
f 1746 1748 1742
f 1746 1749 1750
f 1750 1751 1747
f 1751 1753 1747
f 1750 2352 1754
f 1754 1755 1752
f 1755 1757 1752
f 1755 1758 1759
f 1759 1760 1756
f 1760 1761 1762
f 1762 93 92
f 1760 97 1756
f 1762 1763 1764
f 1764 1765 93
f 1682 1680 1766
f 1765 94 93
f 1765 1767 1682
f 1680 1678 1768
f 1766 95 94
f 1678 1677 1769
f 1769 1770 95
f 1770 1771 1772
f 1772 1774 1773
f 1770 96 95
f 1774 1776 1775
f 1773 97 96
f 1776 1777 1757
f 1775 1756 97
f 1777 1778 1779
f 1779 1780 1753
f 1777 1752 1757
f 1780 1781 1782
f 1782 1783 1748
f 1780 1747 1753
f 1783 1784 1785
f 1785 1786 1743
f 1783 1742 1748
f 1786 1787 1788
f 1788 1789 1738
f 1786 1737 1743
f 1789 1790 1791
f 1791 1792 1733
f 1789 1732 1738
f 1792 1793 1794
f 1794 1795 1729
f 1792 1728 1733
f 1794 1798 1796
f 1795 1797 17
f 1795 1727 1729
f 1796 1799 1800
f 1796 1801 1797
f 1800 1951 1802
f 1801 1803 1804
f 1804 18 1797
f 1804 1805 1806
f 1806 19 18
f 1805 1971 1807
f 1806 1808 19
f 1807 1812 1809
f 1808 1471 1810
f 1808 21 19
f 1471 1467 1811
f 1810 1718 21
f 1809 1472 1471
f 1812 1813 1476
f 1813 1814 1815
f 1815 1816 1481
f 1813 1477 1476
f 1816 1817 1818
f 1818 1819 1484
f 1816 1482 1481
f 1819 1820 1821
f 1821 1822 1487
f 1819 1485 1484
f 1822 1823 1824
f 1824 1826 1825
f 1822 1488 1487
f 1826 1828 1827
f 1825 1490 1488
f 1828 1830 1829
f 1827 1493 1490
f 1830 1833 1831
f 1829 1832 1493
f 1833 1995 1834
f 1834 1835 1832
f 1835 1836 1837
f 1837 1838 1496
f 1835 1494 1832
f 1838 1839 1840
f 1840 1502 1500
f 1838 1497 1496
f 1840 1841 1842
f 1842 1505 1502
f 1842 1843 1515
f 1515 1510 1505
f 1839 2001 1844
f 1841 1845 1843
f 1845 1846 1847
f 1845 1848 1849
f 1849 1516 1843
f 1847 1852 1850
f 1848 1851 1523
f 1523 1518 1849
f 1852 2010 1853
f 1850 1854 1851
f 1853 2009 1855
f 1854 1856 1857
f 1857 1524 1851
f 1855 2013 1858
f 1856 1859 1860
f 1860 1526 1857
f 1858 2016 1861
f 1859 1862 1863
f 1863 1529 1860
f 1861 1865 1864
f 1862 1538 1536
f 1536 1532 1863
f 1865 1867 1866
f 1864 1541 1538
f 1867 1870 1868
f 1866 1869 1541
f 1870 2022 1871
f 1868 1872 1869
f 1871 2028 1873
f 1872 1874 1875
f 1875 1542 1869
f 1873 2031 1876
f 1874 1877 1878
f 1878 1544 1875
f 1876 2034 1879
f 1877 1880 1881
f 1881 1547 1878
f 1881 1882 1883
f 1883 1548 1547
f 1883 1884 1885
f 1885 1550 1548
f 1885 68 1886
f 1886 1552 1550
f 1886 67 1887
f 1887 1554 1552
f 1887 1888 1889
f 1889 1556 1554
f 1889 1890 1891
f 1891 1892 1556
f 1892 1557 1556
f 1892 1893 1894
f 1894 1895 1559
f 1895 1560 1559
f 1895 1896 1897
f 1897 1898 1562
f 1898 1563 1562
f 1898 1899 1900
f 1900 1901 1565
f 1901 1566 1565
f 1900 2314 1903
f 1903 1904 1902
f 1905 1569 1902
f 1903 2313 1906
f 1904 1907 1905
f 1908 1572 1905
f 1906 2312 1909
f 1907 1910 1908
f 1911 1575 1908
f 1909 2311 1912
f 1910 1913 1911
f 1914 1578 1911
f 1912 2310 1915
f 1913 1916 1914
f 1584 1581 1914
f 1916 1917 1918
f 1918 1919 1584
f 1919 1585 1584
f 1919 1920 1921
f 1921 1922 1588
f 1922 1589 1588
f 1922 1923 1924
f 1924 1925 1591
f 1925 1592 1591
f 1925 1926 1927
f 1927 1928 1594
f 1928 1595 1594
f 1928 1929 1930
f 1930 1602 1597
f 1927 1926 1931
f 1929 1932 1933
f 1933 1604 1930
f 1933 1934 1935
f 1935 1605 1604
f 1935 1936 1937
f 1937 1607 1605
f 1937 1938 1939
f 1939 1940 1607
f 1940 1608 1607
f 1940 1941 1942
f 1942 1943 1611
f 1943 1612 1611
f 1943 1944 1945
f 1945 1946 1616
f 1946 1617 1616
f 1945 1967 1947
f 1947 1948 1621
f 1948 1622 1621
f 1947 1966 1949
f 1949 1950 1626
f 1950 1627 1626
f 1950 1802 1951
f 1951 1952 1631
f 1952 1632 1631
f 1952 1800 1799
f 1799 1953 1636
f 1953 1637 1636
f 1953 1798 1954
f 1954 1955 1641
f 1955 1642 1641
f 1955 1793 1956
f 1956 1957 1646
f 1957 1647 1646
f 1957 1790 1958
f 1958 1959 1651
f 1959 1652 1651
f 1959 1787 1960
f 1960 1961 1656
f 1961 1657 1656
f 1961 1784 1962
f 1962 1963 1661
f 1963 1662 1661
f 1963 1781 1964
f 1964 1666 1664
f 1964 1779 1778
f 1778 1965 1666
f 1965 1667 1666
f 1965 1776 1774
f 1774 1772 1669
f 1962 1782 1781
f 1960 1785 1784
f 1958 1788 1787
f 1956 1791 1790
f 1954 1794 1793
f 1966 1803 1802
f 1966 1967 1968
f 1968 1805 1803
f 1968 1969 1970
f 1968 1971 1805
f 1969 1973 1972
f 1970 1814 1971
f 1973 1974 1817
f 1972 1815 1814
f 1974 1975 1976
f 1976 1977 1820
f 1974 1818 1817
f 1977 1978 1979
f 1979 1980 1823
f 1977 1821 1820
f 1980 1981 1982
f 1982 1984 1983
f 1980 1824 1823
f 1984 1986 1985
f 1983 1826 1824
f 1985 1987 1988
f 1985 1828 1826
f 1988 1989 1990
f 1988 1830 1828
f 1990 1991 1992
f 1990 1833 1830
f 1992 1993 1994
f 1992 1995 1833
f 1994 1996 1997
f 1997 1998 1995
f 1998 1999 2000
f 1998 2001 1836
f 1836 1834 1995
f 1999 2002 1846
f 2000 1844 2001
f 2002 2003 2004
f 2004 2010 1852
f 2002 1847 1846
f 2003 2109 2005
f 2004 2006 2010
f 2005 2112 2007
f 2006 2008 2009
f 2009 1853 2010
f 2007 2115 2011
f 2008 2012 2013
f 2013 1855 2009
f 2011 2118 2014
f 2012 2015 2016
f 2016 1858 2013
f 2014 2018 2017
f 2015 1867 1865
f 1865 1861 2016
f 2018 2020 2019
f 2017 1870 1867
f 2020 2023 2021
f 2019 2022 1870
f 2023 2124 2024
f 2021 2025 2022
f 2024 2130 2026
f 2025 2027 2028
f 2028 1871 2022
f 2026 2132 2029
f 2027 2030 2031
f 2031 1873 2028
f 2029 2308 2032
f 2030 2033 2034
f 2034 1876 2031
f 2032 2213 2035
f 2035 2037 2036
f 2033 1879 2034
f 2037 2039 2038
f 2038 1880 1879
f 2039 2041 2040
f 2038 1882 1880
f 2041 2043 2042
f 2040 1884 1882
f 2043 70 69
f 69 68 1884
f 2043 2044 2045
f 2045 2046 70
f 2046 66 70
f 2046 2048 2049
f 2049 2050 2047
f 2050 1890 2047
f 2050 2052 2053
f 2053 2054 2051
f 2054 1893 2051
f 2054 2056 2057
f 2057 2058 2055
f 2058 1896 2055
f 2057 2281 2060
f 2058 2061 2059
f 2062 1899 2059
f 2060 2280 2063
f 2061 2064 2062
f 2065 2314 2062
f 2063 2284 2066
f 2064 2067 2065
f 2068 2313 2065
f 2066 2286 2069
f 2067 2070 2068
f 2071 2312 2068
f 2069 2289 2072
f 2070 2073 2071
f 2074 2311 2071
f 2072 2292 2075
f 2073 2076 2074
f 2077 2310 2074
f 2075 2295 2078
f 2076 2079 2077
f 2080 1917 2077
f 2078 2298 2081
f 2079 2082 2080
f 2083 1920 2080
f 2081 2301 2084
f 2084 2085 2083
f 2085 1923 2083
f 2085 2087 2088
f 2088 2089 2086
f 2089 1926 2086
f 2089 2090 2091
f 2091 1932 1931
f 2091 2092 2093
f 2093 1934 1932
f 2093 2094 2095
f 2095 1936 1934
f 2095 1982 1981
f 1981 1938 1936
f 2092 2097 2096
f 2094 1984 1982
f 2097 5 2098
f 2096 1986 1984
f 2098 3 2099
f 2099 1987 1986
f 2099 2100 2101
f 2101 1989 1987
f 2101 2102 2103
f 2103 1991 1989
f 2103 2104 2105
f 2105 1993 1991
f 2105 2106 2107
f 2107 1996 1993
f 2107 2108 2109
f 2109 2003 1996
f 2106 2163 2110
f 2108 2111 2112
f 2112 2005 2109
f 2110 2166 2113
f 2111 2114 2115
f 2115 2007 2112
f 2113 2169 2116
f 2114 2117 2118
f 2118 2011 2115
f 2116 2120 2119
f 2117 2020 2018
f 2018 2014 2118
f 2120 2122 2121
f 2119 2023 2020
f 2122 2125 2123
f 2121 2124 2023
f 2125 2139 2126
f 2123 2127 2124
f 2127 2128 2129
f 2129 2131 2130
f 2130 2024 2124
f 2131 83 82
f 82 79 2132
f 2131 2026 2130
f 2129 2133 83
f 2133 2135 2136
f 2136 80 83
f 2128 2137 2134
f 2138 2197 2134
f 2137 2126 2139
f 2139 2140 2138
f 2141 2194 2138
f 2139 2125 2142
f 2140 2143 2141
f 2143 2145 2141
f 2142 2170 2146
f 2143 2147 2144
f 2147 2149 2144
f 2146 2167 2150
f 2147 2151 2148
f 2151 2153 2148
f 2150 2164 2154
f 2154 2155 2152
f 2155 2157 2152
f 2155 2158 2159
f 2159 2177 2156
f 2158 2161 2160
f 2159 2 2177
f 2161 2104 2102
f 2160 2100 2
f 2161 2162 2163
f 2163 2106 2104
f 2158 2154 2164
f 2162 2165 2166
f 2166 2110 2163
f 2164 2150 2167
f 2165 2168 2169
f 2169 2113 2166
f 2167 2146 2170
f 2168 2122 2120
f 2120 2116 2169
f 2157 2172 2173
f 2173 2153 2152
f 2156 2174 2171
f 2174 2176 2171
f 2174 2177 4
f 4 2304 2175
f 2175 2303 2178
f 2176 2179 2180
f 2180 2172 2171
f 2180 2181 2182
f 2182 2183 2172
f 2183 2184 2185
f 2185 2187 2186
f 2183 2173 2172
f 2187 2189 2188
f 2186 2153 2173
f 2189 2190 2149
f 2188 2148 2153
f 2190 56 55
f 55 2191 2145
f 2190 2144 2149
f 55 54 2192
f 2191 2193 2194
f 2194 2141 2145
f 2192 2254 2195
f 2193 2196 2197
f 2197 2138 2194
f 2195 2253 2198
f 2198 2199 2135
f 2135 2134 2197
f 2199 2200 2201
f 2201 2203 2202
f 2199 2136 2135
f 2203 2204 81
f 2202 80 2136
f 2205 2213 2206
f 2204 78 81
f 2204 2207 2205
f 2207 2209 2210
f 2210 2211 2205
f 2203 2201 2208
f 2211 2037 2035
f 2211 2213 2205
f 2211 2214 2212
f 2214 2216 2212
f 2210 2209 2217
f 2214 2218 2215
f 2219 2307 2215
f 2217 2260 2220
f 2218 2221 2219
f 2222 2306 2219
f 2220 2228 2223
f 2221 2224 2222
f 2225 2283 2222
f 2223 2226 86
f 2224 85 2225
f 2226 89 86
f 2226 2228 2229
f 2229 2230 2227
f 2230 2232 2227
f 2230 2233 2234
f 2234 2235 2231
f 2236 2273 2231
f 2234 2262 2237
f 2235 2238 2236
f 2239 2268 2236
f 2237 2243 2240
f 2238 2241 2239
f 2181 2265 2239
f 2240 2242 2184
f 2241 2182 2181
f 2242 2243 2244
f 2244 2246 2245
f 2242 2185 2184
f 2246 57 2247
f 2245 2187 2185
f 2246 2248 2249
f 2249 58 57
f 2249 2250 2251
f 2251 2254 58
f 2251 2252 2253
f 2253 2195 2254
f 2250 2263 2255
f 2255 2256 2200
f 2200 2198 2253
f 2256 2257 2258
f 2258 2209 2208
f 2256 2201 2200
f 2258 2259 2260
f 2260 2217 2209
f 2259 2229 2228
f 2228 2220 2260
f 2257 2261 2233
f 2261 2234 2233
f 2261 2255 2263
f 2261 2264 2262
f 2243 2237 2262
f 2263 2250 2248
f 2264 2244 2243
f 2266 2269 2267
f 2265 2268 2239
f 2265 2179 2266
f 2269 2290 2270
f 2267 2271 2268
f 2270 2287 2272
f 2272 2274 2273
f 2273 2236 2268
f 2272 2276 2275
f 2274 90 2232
f 2232 2231 2273
f 2276 2278 2277
f 2275 87 90
f 2278 2280 2279
f 2277 88 87
f 2280 2060 2281
f 2279 2282 88
f 2281 2057 2056
f 2282 2283 2225
f 2225 85 88
f 2284 2063 2280
f 2278 2285 2284
f 2286 2066 2284
f 2276 2272 2287
f 2285 2288 2286
f 2289 2069 2286
f 2287 2270 2290
f 2288 2291 2289
f 2292 2072 2289
f 2290 2269 2293
f 2291 2294 2292
f 2295 2075 2292
f 2293 2305 2296
f 2294 2297 2295
f 2298 2078 2295
f 2296 2303 2299
f 2297 2300 2298
f 2301 2081 2298
f 2299 2304 6
f 2300 2302 2301
f 2303 2175 2304
f 2305 2178 2303
f 2305 2269 2266
f 2266 2179 2178
f 2232 89 2227
f 2056 2053 2052
f 2283 2306 2222
f 2306 2049 2048
f 2306 2307 2219
f 2307 2045 2044
f 2044 2216 2215
f 2216 2041 2039
f 2039 2037 2212
f 2213 2032 2308
f 2308 79 78
f 2254 54 58
f 2189 2247 56
f 2170 2125 2122
f 2097 2090 2309
f 2309 7 5
f 2309 2088 2087
f 2309 2302 7
f 2087 2301 2302
f 2086 1924 1923
f 2083 1921 1920
f 2080 1918 1917
f 1917 1915 2310
f 2310 1912 2311
f 2311 1909 2312
f 2312 1906 2313
f 2313 1903 2314
f 2314 1900 1899
f 2059 1897 1896
f 2055 1894 1893
f 2051 1891 1890
f 2047 1888 66
f 2029 2132 79
f 2003 1997 1996
f 1979 1978 1938
f 1978 1939 1938
f 1976 1975 1941
f 1975 1942 1941
f 1973 1969 1944
f 1969 1945 1944
f 2001 1837 1836
f 1812 1807 1971
f 1772 1670 1669
f 1769 1673 1771
f 1764 2315 1767
f 2316 1684 1767
f 1763 2358 2317
f 2315 2318 2316
f 2319 1686 2316
f 2317 2361 2320
f 2318 2321 2319
f 2322 1688 2319
f 2320 2328 2323
f 2321 2324 2322
f 2325 1690 2322
f 2323 2326 100
f 2324 99 2325
f 2326 103 100
f 2326 2328 2329
f 2329 2330 2327
f 2330 2332 2327
f 2330 2333 2334
f 2330 2335 2331
f 2336 2379 2331
f 2334 2364 2337
f 2335 2338 2336
f 2339 2377 2336
f 2337 2367 2340
f 2338 2341 2339
f 2342 2372 2339
f 2340 2369 2343
f 2341 2344 2342
f 2345 2370 2342
f 2343 2347 2346
f 2344 1734 2345
f 2346 1735 1734
f 2347 2348 1739
f 2348 1740 1739
f 2348 64 61
f 61 2349 1744
f 2349 1745 1744
f 2349 60 2350
f 2349 2351 1749
f 2352 1750 1749
f 2350 2368 2353
f 2351 2354 2352
f 2353 2362 2355
f 2354 2356 1758
f 1758 1754 2352
f 2356 2357 2358
f 2358 1763 1761
f 2356 1759 1758
f 2357 2360 2361
f 2361 2317 2358
f 2357 2362 2359
f 2360 2329 2328
f 2328 2320 2361
f 2360 2363 2333
f 2364 2334 2333
f 2359 2362 2365
f 2363 2366 2364
f 2367 2337 2364
f 2365 2368 63
f 2366 62 2367
f 2362 2353 2368
f 2368 60 63
f 2347 2369 64
f 1723 1722 2371
f 2370 2372 2342
f 2370 1725 1723
f 1722 2385 2373
f 2371 2374 2372
f 2373 2384 2375
f 2374 2376 2377
f 2377 2339 2372
f 2375 2383 2378
f 2378 2380 2379
f 2379 2336 2377
f 2380 2381 2382
f 2382 104 2332
f 2380 2331 2379
f 2382 1700 1699
f 2382 101 104
f 2383 1703 2381
f 2384 1706 2383
f 2385 1709 2384
f 2345 1730 1725
f 2367 62 2369
f 104 103 2327
f 1719 1712 2385
f 1699 102 101
f 2325 99 102
f 1660 1390 1389
f 1389 1655 1654
f 1659 1394 1392
f 1655 1387 1386
f 1386 1650 1649
f 1650 1383 1382
f 1382 1645 1644
f 1645 1380 1379
f 1379 1640 1639
f 1640 1377 1376
f 1376 1635 1634
f 1635 1374 2386
f 2386 1630 1629
f 2386 1372 2387
f 2387 2388 1630
f 2388 1369 2389
f 2389 2390 1625
f 2388 1624 1630
f 2390 1366 2391
f 2391 2392 1620
f 2390 1619 1625
f 2392 1363 2393
f 2393 2394 1615
f 2392 1614 1620
f 2393 1361 1360
f 1360 35 2394
f 2391 1364 1363
f 2389 1367 1366
f 2387 1370 1369
f 2394 36 1610
f 1480 2396 2397
f 2397 1475 1474
f 1479 116 2395
f 2397 1225 2398
f 2398 2399 1475
f 2399 2400 2401
f 2399 2402 1470
f 2399 1469 1475
f 2401 2437 2403
f 2403 2404 1466
f 2402 1465 1470
f 2404 2405 2406
f 2404 2407 2408
f 2404 1462 1466
f 2407 1211 2409
f 2407 2410 2411
f 2411 1459 2408
f 2410 2412 2413
f 2410 2414 2415
f 2415 1456 2411
f 2414 2416 2417
f 2414 2418 2419
f 2419 1453 2415
f 2417 1201 2420
f 2420 2422 2421
f 2421 1450 2419
f 2422 1196 2423
f 2423 2424 1447
f 2422 1446 2421
f 2424 1191 2425
f 2425 2426 1443
f 2424 1442 1447
f 2426 1186 2427
f 2427 2428 1439
f 2426 1438 1443
f 2428 1181 2429
f 2429 2431 2430
f 2428 1435 1439
f 2431 1176 2432
f 2432 2433 1431
f 2431 1430 2430
f 2433 2434 2435
f 2435 2436 1426
f 2433 1425 1431
f 2435 1172 1410
f 1410 136 2436
f 2432 1173 2434
f 2429 1177 1176
f 2427 1182 1181
f 2425 1187 1186
f 2423 1192 1191
f 2420 1197 1196
f 2416 1202 1201
f 2413 1205 2416
f 2409 1208 2412
f 2406 1212 1211
f 2437 1215 2405
f 2400 1218 2437
f 2398 1221 2400
f 2396 1226 1225
f 2395 115 1230
f 116 111 115
f 1811 1717 1718
f 2436 138 1421
f 1358 1357 35
f 2438 33 1357
f 1350 1346 1345
f 2438 34 33
f 1343 1342 34
f 1058 1056 2440
f 2439 1304 1303
f 2439 1061 1058
f 2440 1053 1052
f 1052 2441 1304
f 2441 15 1299
f 1231 115 1234
f 1229 977 976
f 976 1224 1223
f 1228 985 979
f 1224 974 973
f 973 2442 1220
f 973 971 970
f 2442 2443 1217
f 2443 968 2444
f 2443 2445 1214
f 2444 965 964
f 2445 2446 1210
f 964 961 2447
f 2446 2448 1207
f 2447 958 2449
f 2448 2450 1204
f 2449 955 2451
f 2450 1200 1199
f 2451 954 2452
f 2452 1195 1194
f 2452 951 2453
f 2453 2454 1195
f 2454 2455 2456
f 2456 2457 1190
f 2454 1189 1195
f 2457 2458 2459
f 2459 2460 1185
f 2457 1184 1190
f 2460 2461 2462
f 2462 29 1180
f 2460 1179 1185
f 2461 940 27
f 27 23 2462
f 2459 2458 942
f 2458 943 942
f 2456 2455 945
f 2455 946 945
f 2453 951 948
f 29 1168 1175
f 29 25 1163
f 1353 1103 1348
f 1048 13 2441
f 1043 1281 12
f 985 980 979
f 936 1157 26
f 1109 875 874
f 777 774 1005
f 753 747 746
f 881 641 640
f 2463 2465 639
f 2463 2466 2467
f 2467 2468 2464
f 2469 2478 2464
f 2468 2470 2471
f 2468 2472 2469
f 233 231 2469
f 2471 2474 2473
f 2472 235 233
f 2474 2475 239
f 2473 237 235
f 2475 2476 248
f 248 246 242
f 2475 240 239
f 2476 2471 2470
f 2470 2477 251
f 2476 249 248
f 2477 2467 2466
f 2466 256 254
f 2477 252 251
f 230 2480 2479
f 2479 2465 2464
f 2478 231 230
f 2479 2481 2482
f 2482 636 2465
f 2481 106 2483
f 2483 633 2482
f 2481 227 107
f 2480 228 227
f 643 258 256
f 2483 2484 630
f 108 110 2486
f 2485 2487 624
f 2485 2484 108
f 2486 223 2488
f 2487 2489 621
f 2488 220 219
f 2489 2490 618
f 219 217 216
f 2490 2491 615
f 2491 212 211
f 2491 2492 612
f 211 207 206
f 2492 2493 609
f 206 202 2494
f 2493 2495 606
f 2494 198 197
f 2495 2496 603
f 197 194 193
f 2496 42 600
f 381 73 72
f 528 128 507
f 497 143 145
f 432 479 141
f 412 51 338
f 591 39 296
f 225 109 107
f 214 147 150

