{
  "name": "BTG_2",
  "source_file": "BTG_2.stl",
  "canonical_scale_factor": 142.21452478320052,
  "source_unit_scale": 0.001,
  "centroid_offset": [
    47.84435668207785,
    141.69300216790822,
    47.332402310157406
  ],
  "original_bbox": [
    96.08770751953125,
    282.3114929199219,
    77.8515396118164
  ],
  "normalised_bbox": [
    0.6756532616201651,
    1.9851101239503681,
    0.5474232658759538
  ],
  "export_bbox": [
    0.029649189551486245,
    0.08711111111111108,
    0.024022168021404833
  ],
  "export_bbox_scale_factor": 0.04388225623360382,
  "export_bbox_target_size": 0.08711111111111108,
  "export_bbox_target_axis": "max",
  "volume_m3": 393289.73994665215,
  "surface_area_m2": 41474.60268794582,
  "export_volume_m3": 1.1554405381767213e-05,
  "export_surface_area_m2": 0.003948864424817289,
  "n_faces": 7680,
  "n_vertices": 3842,
  "is_watertight": true,
  "mass_kg": 0.05,
  "inertia": {
    "ixx": 2.796174691094383e-05,
    "iyy": 2.2017440122540116e-06,
    "izz": 2.8569723115268643e-05,
    "ixy": 4.059729894623882e-06,
    "ixz": -1.2216405530559895e-07,
    "iyz": -1.2826532915850566e-06
  },
  "point_cloud_counts": [
    100,
    1024
  ],
  "point_cloud_space": "unit_sphere",
  "urdf_file": "BTG_2.urdf"
}