{
  "name": "BTG_1",
  "source_file": "BTG_1.stl",
  "canonical_scale_factor": 79.52852376053454,
  "source_unit_scale": 0.001,
  "centroid_offset": [
    54.70945232698241,
    70.78320745271544,
    68.59726829946992
  ],
  "original_bbox": [
    97.8352279663086,
    132.7399139404297,
    107.15856170654297
  ],
  "normalised_bbox": [
    1.2301904189859818,
    1.6690856017913527,
    1.3474229954173955
  ],
  "export_bbox": [
    0.06420476826419134,
    0.08711111111111108,
    0.07032324414128138
  ],
  "export_bbox_scale_factor": 0.05219091879866362,
  "export_bbox_target_size": 0.0871111111111111,
  "export_bbox_target_axis": "max",
  "volume_m3": 224274.915921215,
  "surface_area_m2": 26095.035867911825,
  "export_volume_m3": 6.338649926621243e-05,
  "export_surface_area_m2": 0.011238334157617411,
  "n_faces": 5120,
  "n_vertices": 2562,
  "is_watertight": true,
  "mass_kg": 0.05,
  "inertia": {
    "ixx": 3.351110813810493e-05,
    "iyy": 2.1006464910825168e-05,
    "izz": 2.8295551479557552e-05,
    "ixy": -4.3737114777699235e-06,
    "ixz": -6.693130027606447e-06,
    "iyz": 3.4883299689656747e-06
  },
  "point_cloud_counts": [
    100,
    1024
  ],
  "point_cloud_space": "unit_sphere",
  "urdf_file": "BTG_1.urdf"
}