# https://github.com/mikedh/trimesh

o Stage1_3Dcross_NEW_Rescaled_10.stl
v -0.02135074 -0.02091900 0.01891735
v -0.02230338 -0.01725250 0.02277794
v -0.02423478 -0.02099078 0.01882151
v -0.02120048 -0.02360357 0.01858052
v -0.01748966 -0.02235211 0.02215664
v -0.02237223 -0.02226983 -0.01730774
v -0.02171903 -0.01800103 -0.02237904
v -0.01846830 -0.02129864 -0.02181845
v -0.02626688 -0.02626910 -0.01025329
v -0.02489860 -0.02268170 -0.01673853
v -0.02389200 -0.01849517 -0.02129001
v -0.02282133 -0.02496344 -0.01655345
v -0.01914872 -0.02398175 -0.02065691
v 0.01827365 0.02149408 -0.02172078
v 0.01345260 0.02479267 -0.02491436
v 0.01817733 0.02405341 -0.02155102
v 0.02274301 0.02174579 -0.01795842
v 0.02316244 0.01713202 -0.02237904
v 0.02184225 0.02383075 -0.01779722
v 0.01846200 0.02130609 -0.02415128
v -0.02642069 -0.00984063 0.02643482
v -0.02510319 -0.01653961 0.02284061
v -0.02265861 -0.01676495 0.02509536
v -0.01799051 -0.02169122 0.02447901
v 0.01766085 0.02202045 0.02206984
v 0.01735983 0.02220575 0.02447291
v 0.02150277 0.01825141 0.02386457
v 0.02243160 0.01800605 0.02172247
v 0.02230612 0.02160492 0.01815630
v 0.01176742 0.02562299 0.02565330
v 0.01727230 0.02449970 0.02227106
v 0.02126498 0.02388666 0.01849840
v -0.01185367 -0.02601324 0.02557364
v -0.01226871 -0.02539117 0.02657453
v -0.01725443 -0.02553839 0.02226555
v -0.02486966 -0.02478888 0.01348439
v 0.01706979 -0.02292706 0.02244888
v 0.02063912 -0.01921246 0.02159034
v 0.02016989 -0.01967389 0.02376841
v 0.01618197 -0.02309088 0.02483803
v 0.01086129 -0.02642682 0.02602394
v 0.01667306 -0.02560601 0.02272245
v 0.02077047 -0.02490631 0.01904969
v 0.02128036 -0.02277960 0.01852417
v 0.04800717 -0.01384454 -0.01556630
v 0.04800717 -0.01121368 -0.01640788
v 0.04800717 -0.01152374 -0.01288775
v 0.04800717 -0.01612262 -0.01753512
v 0.04800717 -0.01274737 -0.01999144
v 0.04800717 -0.01495855 -0.01298781
v 0.01445382 0.01344257 -0.04799736
v 0.01153158 0.01457856 -0.04799736
v 0.01686032 0.01621698 -0.04799736
v 0.01524447 0.01051264 -0.04799736
v 0.01125692 0.01059687 -0.04799736
v 0.01956002 0.01261298 -0.04799736
v -0.00513004 0.00569086 0.04800264
v -0.00650113 0.00732367 0.04800264
v -0.00777018 0.00488153 0.04800264
v -0.00546671 0.00347748 0.04800264
v -0.00328824 0.00588910 0.04800264
v -0.00431803 0.00858808 0.04800264
v 0.02544967 0.01978925 0.02002809
v 0.02701254 0.01477411 0.02400006
v 0.02778512 0.01976923 0.02005797
v 0.02681552 0.02364008 0.01532585
v 0.02581698 0.01942621 -0.02034090
v 0.02708993 0.02395111 -0.01484365
v 0.02851998 0.02351410 -0.01549267
v 0.02797726 0.01925287 -0.02052214
v 0.02772787 0.01266230 -0.02516595
v 0.02568991 -0.01880059 -0.02093255
v 0.02801229 -0.01811163 -0.02155434
v 0.02775985 -0.02181451 -0.01778298
v 0.02211886 -0.02138556 -0.01839902
v 0.02067391 -0.01984356 -0.02006033
v 0.02580331 -0.02246319 -0.01699565
v 0.02593099 -0.01900592 0.02074527
v 0.02314974 -0.02089776 0.01891198
v 0.02685299 -0.02307891 0.01615265
v 0.02833236 -0.02274932 0.01659643
v 0.02796871 -0.01892755 0.02083173
v 0.02771505 -0.01277179 0.02511322
v 0.02384262 -0.01668951 0.02271967
v -0.02029703 -0.01951324 -0.02531262
v -0.02413236 -0.01454547 -0.02714629
v -0.02043119 -0.01936407 -0.02778584
v -0.01676822 -0.02262750 -0.02795245
v -0.01630729 -0.02298004 -0.02628330
v -0.01999198 0.01982489 0.02643843
v -0.01985038 0.01998725 0.02867151
v -0.01454667 0.02411322 0.02820553
v -0.01819059 0.02153022 0.02426580
v -0.02041544 0.01944306 0.02129558
v -0.02423954 0.01438129 0.02787357
v -0.02388102 0.01493964 0.02947228
v -0.02212662 0.01746210 0.02366993
v 0.01904232 -0.02567144 -0.02075898
v 0.01721737 -0.02383819 -0.02231936
v 0.02256161 -0.02599713 -0.01688976
v 0.02208065 -0.02787017 -0.01747274
v -0.01858671 0.02590107 -0.02116253
v -0.02058329 0.02370819 -0.01922123
v -0.02261027 0.02714130 -0.01678301
v -0.02202140 0.02842133 -0.01753820
v -0.01632364 0.02297773 -0.02372726
v -0.01909659 0.02069965 -0.02244098
v -0.02130057 0.01840229 -0.02588405
v -0.01695145 0.02249848 -0.02615022
v -0.01751688 0.02205780 -0.02784611
v -0.02319278 0.01604901 -0.02447949
v -0.02083036 0.01899677 -0.02137735
v -0.04799283 0.01447870 -0.01627321
v -0.04799283 0.01208075 -0.01676232
v -0.04799283 0.01242206 -0.01344548
v -0.04799283 0.01605976 -0.01834709
v -0.04799283 0.01556171 -0.01397891
v -0.04799283 0.01855121 -0.01572296
v 0.04800717 0.00142109 0.00622935
v 0.04800717 0.00132587 0.00438279
v 0.04800717 0.00491864 0.00516362
v 0.04800717 -0.00066510 0.00736354
v 0.04800717 -0.00189776 0.00507188
v 0.04800717 0.00374726 0.00746964
v 0.04800717 0.00188129 0.00973918
v 0.00588265 -0.02094708 -0.04799736
v 0.00715219 -0.02335748 -0.04799736
v 0.00330697 -0.02424640 -0.04799736
v 0.00313754 -0.02077032 -0.04799736
v 0.00506759 -0.01734356 -0.04799736
v 0.00834555 -0.01851666 -0.04799736
v -0.01552970 -0.00286944 0.04800264
v -0.01369254 -0.00489093 0.04800264
v -0.01249943 -0.00184039 0.04800264
v -0.01866996 -0.00434649 0.04800264
v -0.01524601 -0.00019952 0.04800264
v -0.01960966 -0.00001788 0.04800264
v 0.01488607 -0.01245147 0.04800264
v 0.01559078 -0.00953692 0.04800264
v 0.01205660 -0.00992071 0.04800264
v 0.01832333 -0.01465118 0.04800264
v 0.01233273 -0.01366729 0.04800264
v 0.01521993 -0.01804229 0.04800264
v 0.04800717 0.01301728 -0.00871738
v 0.04800717 0.01326581 -0.00632972
v 0.04800717 0.00948359 -0.00671019
v 0.04800717 0.01556073 -0.01078663
v 0.04800717 0.01743061 -0.00747622
v 0.04800717 0.01044696 -0.00977749
v 0.04800717 0.01267450 -0.01362075
v -0.04799283 -0.01821807 -0.00534565
v -0.04799283 -0.01618194 -0.00772361
v -0.04799283 -0.02184552 -0.00705338
v -0.04799283 -0.02306695 -0.00207287
v -0.04799283 -0.01778302 -0.00194748
v -0.04799283 -0.01430548 -0.00388173
v -0.04799283 0.01056879 0.01920064
v -0.04799283 0.01172675 0.02146290
v -0.04799283 0.01216181 0.01738392
v -0.04799283 0.00786225 0.01941977
v -0.04799283 0.00903681 0.01655582
v -0.00575846 -0.00237823 -0.04799736
v -0.00685587 -0.00424493 -0.04799736
v -0.00855765 -0.00186065 -0.04799736
v -0.00351737 -0.00244586 -0.04799736
v -0.00412357 -0.00528399 -0.04799736
v -0.00631302 -0.00008038 -0.04799736
v -0.02442924 0.02128217 0.01847134
v -0.02450309 0.01747528 0.02212384
v -0.02010465 0.02165155 0.01976200
v -0.02673185 0.02511249 0.01281367
v -0.02663810 0.02137470 0.01833522
v -0.02324332 0.02285590 0.01654003
v -0.02631461 0.01789106 0.02176867
v 0.04800717 0.00024628 0.01963626
v 0.04800717 0.00261103 0.01854930
v 0.04800717 0.00391620 0.02113523
v 0.04800717 0.00004511 0.02172158
v 0.04800717 -0.00230670 0.01829491
v 0.04800717 0.00011103 0.01610514
v 0.01297079 -0.04800030 0.02188890
v 0.00946493 -0.04800030 0.02259101
v 0.01090487 -0.04800030 0.01892726
v 0.01489779 -0.04800030 0.01961380
v 0.01746285 -0.04800030 0.02216743
v 0.01411605 -0.04800030 0.02442515
v 0.00903329 -0.04800030 0.00386331
v 0.00788619 -0.04800030 0.00227291
v 0.01124301 -0.04800030 0.00083464
v 0.00721139 -0.04800030 0.00573915
v 0.01164157 -0.04800030 0.00343990
v 0.01047470 -0.04800030 0.00634937
v -0.04799283 0.00388153 0.00441339
v -0.04799283 0.00228974 0.00590366
v -0.04799283 0.00485517 0.00699977
v -0.04799283 0.00609443 0.00453591
v -0.04799283 0.00584784 0.00145610
v -0.04799283 0.00298603 0.00223248
v -0.04799283 0.00028705 0.00348259
v -0.00489432 0.04799970 0.01703798
v -0.00247086 0.04799970 0.01640517
v -0.00372916 0.04799970 0.01367145
v -0.00656339 0.04799970 0.01538015
v -0.00577726 0.04799970 0.01953865
v -0.00207316 0.04799970 0.01995938
v 0.01875790 0.04799970 0.00857706
v 0.02183993 0.04799970 0.00992860
v 0.02312240 0.04799970 0.00592495
v 0.01862557 0.04799970 0.00567441
v 0.01525778 0.04799970 0.00729672
v 0.01661434 0.04799970 0.01047481
v 0.01974826 0.04799970 0.01356080
v 0.00600424 0.01603144 0.04800264
v 0.00746041 0.01849872 0.04800264
v 0.00423617 0.01960468 0.04800264
v 0.00734091 0.01394208 0.04800264
v 0.01049410 0.01640961 0.04800264
v 0.00376449 0.01598114 0.04800264
v 0.00458334 0.01289081 0.04800264
v -0.01680997 0.04799970 -0.01387770
v -0.01745255 0.04799970 -0.01124814
v -0.01419755 0.04799970 -0.01177588
v -0.01912906 0.04799970 -0.01508826
v -0.01443644 0.04799970 -0.01514822
v -0.01638614 0.04799970 -0.01792432
v 0.00435629 0.04799970 -0.01192933
v 0.00539071 0.04799970 -0.01006204
v 0.00810165 0.04799970 -0.01275022
v 0.00562460 0.04799970 -0.01451073
v 0.00241305 0.04799970 -0.01523534
v 0.00191268 0.04799970 -0.01133856
v -0.02228946 -0.00002276 -0.04799736
v -0.02140153 -0.00249249 -0.04799736
v -0.02462516 0.00013764 -0.04799736
v -0.02118937 0.00239032 -0.04799736
v -0.01928299 -0.00022491 -0.04799736
v 0.00210043 -0.04800030 -0.01068330
v 0.00346395 -0.04800030 -0.01371848
v 0.00326229 -0.04800030 -0.00915528
v -0.00020450 -0.04800030 -0.01004863
v 0.00031564 -0.04800030 -0.01427260
v -0.01497819 -0.04800030 -0.01577618
v -0.01693046 -0.04800030 -0.01757840
v -0.01398697 -0.04800030 -0.01979048
v -0.01601700 -0.04800030 -0.01297084
v -0.01254935 -0.04800030 -0.01659491
v -0.01274601 -0.04800030 -0.01291408
v -0.01342704 -0.04800030 -0.00886960
v -0.00947989 -0.04800030 -0.01326260
v -0.00976542 -0.04800030 -0.00921079
v -0.00980265 -0.04800030 -0.00533198
v -0.00631241 -0.04800030 -0.00963520
v -0.00614139 -0.04800030 -0.00602577
v -0.00539628 -0.04800030 -0.00289065
v -0.00264371 -0.04800030 -0.00674552
v -0.00170133 -0.04800030 -0.00424453
v -0.00034159 -0.04800030 -0.00190735
v -0.00413126 -0.04800030 -0.00010164
v 0.00024447 -0.04800030 -0.00751040
v 0.00145761 -0.04800030 -0.00555761
v 0.00302584 -0.04800030 -0.00361624
v 0.00466879 -0.04800030 -0.00163051
v 0.00121420 -0.04800030 0.00030638
v 0.00505429 -0.04800030 -0.00760140
v 0.00675094 -0.04800030 -0.00582582
v 0.00839852 -0.04800030 -0.00376821
v 0.01062484 -0.04800030 -0.00862808
v 0.01240597 -0.04800030 -0.00618885
v 0.00994845 -0.04800030 -0.00154127
v 0.00630819 -0.04800030 0.00035004
v 0.00486849 -0.04800030 0.00429818
v 0.00292379 -0.04800030 0.00239613
v 0.00154196 -0.04800030 0.00676720
v -0.00079716 -0.04800030 0.00470305
v -0.00253519 -0.04800030 0.00241327
v -0.00432682 -0.04800030 0.00731049
v -0.00644913 -0.04800030 0.00460167
v -0.00810245 -0.04800030 0.00163095
v -0.01072672 -0.04800030 0.00705474
v -0.01245292 -0.04800030 0.00343446
v -0.01353251 -0.04800030 -0.00046038
v -0.00923307 -0.04800030 -0.00168576
v -0.01809513 -0.04800030 0.00059436
v -0.01819413 -0.04800030 -0.00426558
v -0.01384025 -0.04800030 -0.00469528
v -0.02282218 -0.04800030 -0.00419560
v -0.02166105 -0.04800030 -0.00949035
v -0.01738810 -0.04800030 -0.00887060
v -0.02609781 -0.04800030 -0.01074970
v -0.02332328 -0.04800030 -0.01588141
v -0.01966764 -0.04800030 -0.01404085
v -0.02604642 -0.04450958 -0.01075224
v -0.02327970 -0.04434015 -0.01587304
v -0.02001285 -0.04424273 -0.01984270
v -0.01990372 -0.04800030 -0.02001207
v -0.01649930 -0.04431231 -0.02284187
v -0.01628422 -0.04800030 -0.02302565
v -0.01251273 -0.04445489 -0.02524338
v -0.01235685 -0.04800030 -0.02534613
v -0.01049845 -0.04800030 -0.02154113
v -0.00789774 -0.04800030 -0.02708982
v -0.00675992 -0.04800030 -0.02274181
v -0.00604093 -0.04800030 -0.01822941
v -0.00959293 -0.04800030 -0.01742111
v -0.00251529 -0.04800030 -0.01874323
v -0.00279325 -0.04800030 -0.01414055
v -0.00609171 -0.04800030 -0.01372760
v -0.00300358 -0.04800030 -0.00996483
v 0.00117721 -0.04800030 -0.01878558
v -0.00260196 -0.04800030 -0.02331727
v 0.00191830 -0.04800030 -0.02330005
v 0.00526254 -0.04800030 -0.01817710
v 0.00662802 -0.04800030 -0.02240024
v 0.00896810 -0.04800030 -0.01668869
v 0.00639205 -0.04800030 -0.01262153
v 0.01117709 -0.04800030 -0.02062927
v 0.01203305 -0.04800030 -0.01434839
v 0.00876071 -0.04800030 -0.01082936
v 0.01447787 -0.04800030 -0.01162298
v 0.01826669 -0.04800006 -0.01471548
v 0.02065414 -0.04800030 -0.01092801
v 0.01650143 -0.04800030 -0.00850637
v 0.02251583 -0.04800030 -0.00672187
v 0.01808480 -0.04800030 -0.00511708
v 0.01383163 -0.04800030 -0.00339110
v 0.02329818 -0.04800030 -0.00211271
v 0.01886605 -0.04800030 -0.00122041
v 0.01465890 -0.04800030 -0.00025211
v 0.01889681 -0.04800030 0.00280006
v 0.01480477 -0.04800030 0.00308812
v 0.01813705 -0.04800030 0.00672945
v 0.01397177 -0.04800030 0.00653587
v 0.01659896 -0.04800030 0.01023483
v 0.01243710 -0.04800030 0.00973563
v 0.00854281 -0.04800030 0.00922811
v 0.01048825 -0.04800030 0.01281330
v 0.00623275 -0.04800030 0.01223920
v 0.00466268 -0.04800030 0.00837060
v 0.00203195 -0.04800030 0.01116497
v -0.00166410 -0.04800030 0.00954338
v -0.00089933 -0.04800030 0.01447121
v -0.00494254 -0.04800030 0.01264725
v -0.00818912 -0.04800030 0.01011743
v -0.00855741 -0.04799981 0.01623221
v -0.01230192 -0.04800030 0.01321735
v -0.01516215 -0.04800030 0.00961142
v -0.01631022 -0.04800030 0.01646009
v -0.01959867 -0.04800030 0.01210386
v -0.02176786 -0.04800030 0.00696064
v -0.01704935 -0.04800030 0.00525136
v -0.02414811 -0.04800030 0.01455739
v -0.02685209 -0.04800030 0.00864708
v -0.02812845 -0.04800030 0.00203093
v -0.02291776 -0.04800030 0.00143270
v -0.02809879 -0.04461334 0.00213067
v -0.02780570 -0.04461602 -0.00460511
v -0.02781132 -0.04800030 -0.00465792
v -0.02780948 -0.04145099 -0.00455045
v -0.02603531 -0.04119952 -0.01076067
v -0.02780008 -0.03867364 -0.00449517
v -0.02602286 -0.03825738 -0.01077083
v -0.02324882 -0.04084747 -0.01589799
v -0.02319401 -0.03767462 -0.01595805
v -0.02006571 -0.04064434 -0.01975761
v -0.02008182 -0.03736432 -0.01977500
v -0.01670450 -0.03757306 -0.02266578
v -0.01663810 -0.04078497 -0.02273583
v -0.01263859 -0.03805719 -0.02518124
v -0.01260135 -0.04109991 -0.02519760
v -0.00796769 -0.03852740 -0.02701263
v -0.00797196 -0.04140069 -0.02701906
v -0.00794694 -0.04459283 -0.02703053
v -0.00281608 -0.04157403 -0.02803231
v -0.00281693 -0.04468390 -0.02804261
v -0.00284586 -0.04800030 -0.02808402
v 0.00260238 -0.04800030 -0.02810516
v 0.00267208 -0.04470684 -0.02806076
v 0.00816061 -0.04800030 -0.02702758
v 0.00826217 -0.04466046 -0.02694519
v 0.01344222 -0.04800030 -0.02482368
v 0.01354415 -0.04455743 -0.02471821
v 0.01807467 -0.04800030 -0.02168273
v 0.01809640 -0.04443878 -0.02161311
v 0.02172824 -0.04443219 -0.01795556
v 0.02186910 -0.04800030 -0.01786141
v 0.01524789 -0.04800030 -0.01799328
v 0.02464071 -0.04452301 -0.01369331
v 0.02479110 -0.04800030 -0.01350320
v 0.02681185 -0.04461749 -0.00870747
v 0.02691696 -0.04800030 -0.00850034
v 0.02801132 -0.04465753 -0.00319743
v 0.02807833 -0.04800030 -0.00295499
v 0.02809677 -0.04461847 0.00244832
v 0.02810958 -0.04800030 0.00270716
v 0.02331027 -0.04800030 0.00268210
v 0.02705270 -0.04800030 0.00809507
v 0.02257968 -0.04800030 0.00718378
v 0.02517001 -0.04800030 0.01275988
v 0.02092941 -0.04800030 0.01123946
v 0.02281271 -0.04800030 0.01659449
v 0.01885848 -0.04800030 0.01470005
v 0.01464462 -0.04800030 0.01343312
v 0.01673068 -0.04800030 0.01749315
v 0.01268637 -0.04800030 0.01625757
v 0.00826425 -0.04800030 0.01594251
v 0.00613131 -0.04800030 0.01929471
v 0.00368624 -0.04800030 0.01549329
v 0.00111471 -0.04800030 0.01922904
v -0.00387137 -0.04800030 0.01816648
v -0.00108170 -0.04800030 0.02332283
v -0.00679435 -0.04800030 0.02223070
v -0.01194401 -0.04800030 0.01975966
v -0.00953641 -0.04800030 0.02654009
v -0.01540531 -0.04800030 0.02364379
v -0.02029789 -0.04800030 0.01959335
v -0.01586735 -0.04425738 0.02329537
v -0.02043497 -0.04417828 0.01938513
v -0.02410514 -0.04431256 0.01458588
v -0.02409403 -0.04080059 0.01458301
v -0.02675651 -0.04121685 0.00880403
v -0.02678385 -0.04449957 0.00875152
v -0.02673710 -0.03831598 0.00879754
v -0.02808597 -0.03873687 0.00224493
v -0.02808683 -0.04146954 0.00220411
v -0.02808976 -0.03662115 0.00225928
v -0.02782267 -0.03662432 -0.00444054
v -0.02784269 -0.03487115 -0.00436552
v -0.02603202 -0.03595709 -0.01076109
v -0.02606791 -0.03398272 -0.01069774
v -0.02316434 -0.03495733 -0.01599901
v -0.02314799 -0.03274273 -0.01606281
v -0.02001676 -0.03449151 -0.01983292
v -0.01995695 -0.03212774 -0.01989452
v -0.01659855 -0.03261969 -0.02275230
v -0.01667704 -0.03483770 -0.02266874
v -0.01247037 -0.03363800 -0.02527577
v -0.01258512 -0.03566876 -0.02520520
v -0.00784696 -0.03448419 -0.02706927
v -0.00792631 -0.03636139 -0.02703218
v -0.00288383 -0.03495758 -0.02802193
v -0.00286320 -0.03671051 -0.02801476
v -0.00283841 -0.03880377 -0.02801234
v 0.00254562 -0.03676178 -0.02805410
v 0.00262924 -0.03884893 -0.02804286
v 0.00268099 -0.04161163 -0.02804964
v 0.00828854 -0.04150518 -0.02693301
v 0.00823580 -0.03868805 -0.02694818
v 0.01360336 -0.04128888 -0.02468138
v 0.01361886 -0.03833673 -0.02467971
v 0.01812704 -0.04104181 -0.02157838
v 0.01816232 -0.03794220 -0.02155555
v 0.02164169 -0.04101202 -0.01802511
v 0.02161068 -0.03790948 -0.01806864
v 0.02449325 -0.03821856 -0.01389847
v 0.02454867 -0.04121832 -0.01383032
v 0.02670162 -0.03861114 -0.00894646
v 0.02674996 -0.04143414 -0.00885875
v 0.02795980 -0.03882989 -0.00352600
v 0.02798446 -0.04154278 -0.00339150
v 0.02812179 -0.03876202 0.00203289
v 0.02811276 -0.04148565 0.00222015
v 0.02718038 -0.03840802 0.00739516
v 0.02713790 -0.04127520 0.00760763
v 0.02708065 -0.04452032 0.00784135
v 0.02528305 -0.04094122 0.01243293
v 0.02521908 -0.04436749 0.01259045
v 0.02285519 -0.04420684 0.01649375
v 0.02290878 -0.04058575 0.01640690
v 0.02023495 -0.04411505 0.01962917
v 0.02020883 -0.04800030 0.01970731
v 0.01730270 -0.04415167 0.02224680
v 0.01717367 -0.04048224 0.02233361
v 0.01364633 -0.04429034 0.02467205
v 0.00865560 -0.04446124 0.02681713
v 0.00928964 -0.04800030 0.02663351
v 0.01320541 -0.04079693 0.02491294
v 0.00807345 -0.04116119 0.02700357
v 0.00207687 -0.04135382 0.02810762
v 0.00275680 -0.04455597 0.02805603
v 0.01281466 -0.03770001 0.02510728
v 0.00754049 -0.03823053 0.02712365
v 0.00150692 -0.03849615 0.02811648
v -0.00496329 -0.03840704 0.02771102
v -0.00444108 -0.04130743 0.02781543
v 0.00712094 -0.03611529 0.02724836
v 0.00108065 -0.03643341 0.02815970
v -0.00533133 -0.03619391 0.02766777
v -0.01152042 -0.03544244 0.02570340
v -0.01122123 -0.03795684 0.02583721
v 0.00073507 -0.03465191 0.02818302
v -0.00557938 -0.03434967 0.02762363
v -0.01171341 -0.03332843 0.02562036
v -0.01695707 -0.03206598 0.02251432
v -0.01677823 -0.03452398 0.02263167
v -0.00576212 -0.03271930 0.02757524
v -0.01184476 -0.03152911 0.02553254
v -0.01709574 -0.02995099 0.02237889
v -0.01192106 -0.02977325 0.02550862
v -0.01716886 -0.02787310 0.02231945
v -0.02095475 -0.02970196 0.01879980
v -0.02086442 -0.03184552 0.01887464
v -0.02428556 -0.03110699 0.01429502
v -0.02422989 -0.03292804 0.01439925
v -0.02076639 -0.03421807 0.01896805
v -0.02415275 -0.03503131 0.01446361
v -0.02068595 -0.03714434 0.01908920
v -0.01656034 -0.03735968 0.02280612
v -0.02057133 -0.04051397 0.01922731
v -0.01624528 -0.04065924 0.02302531
v -0.01078361 -0.04103033 0.02602925
v -0.01022135 -0.04442926 0.02626271
v -0.00378446 -0.04454913 0.02792404
v -0.00303861 -0.04800030 0.02806071
v 0.00350155 -0.04800030 0.02799417
v 0.00440658 -0.04800030 0.02347586
v -0.02410233 -0.03759625 0.01454421
v -0.02680704 -0.03415680 0.00867050
v -0.02676505 -0.03610333 0.00875833
v -0.02683829 -0.03264996 0.00856690
v -0.02809208 -0.03347198 0.00224985
v -0.02810026 -0.03489679 0.00226080
v -0.02809391 -0.03208673 0.00223390
v -0.02787150 -0.03198761 -0.00419337
v -0.02785355 -0.03336773 -0.00428513
v -0.02608756 -0.03235382 -0.01064282
v -0.02611490 -0.03082550 -0.01057549
v -0.02306510 -0.03085601 -0.01616914
v -0.02300211 -0.02888458 -0.01623027
v -0.01986063 -0.03014654 -0.02000674
v -0.01972648 -0.02801959 -0.02011028
v -0.01625358 -0.02886505 -0.02299253
v -0.01647281 -0.03072686 -0.02284857
v -0.01211539 -0.03035138 -0.02543641
v -0.01231449 -0.03195416 -0.02534472
v -0.00763578 -0.03149884 -0.02712171
v -0.00775541 -0.03296441 -0.02708178
v -0.00287613 -0.03215850 -0.02803357
v -0.00288395 -0.03351519 -0.02802642
v 0.00215975 -0.03227813 -0.02809066
v 0.00230453 -0.03361822 -0.02807922
v 0.00243685 -0.03503082 -0.02807509
v 0.00778976 -0.03320074 -0.02707565
v 0.00796798 -0.03465094 -0.02703482
v 0.00812545 -0.03648199 -0.02698056
v 0.01356906 -0.03585821 -0.02469630
v 0.01351144 -0.03386187 -0.02473751
v 0.01819174 -0.03531280 -0.02151982
v 0.01826095 -0.03315338 -0.02146648
v 0.02158822 -0.03518438 -0.01805388
v 0.02162997 -0.03311065 -0.01800070
v 0.02453732 -0.03374029 -0.01385832
v 0.02448727 -0.03568756 -0.01389024
v 0.02673458 -0.03446417 -0.00893453
v 0.02670065 -0.03636456 -0.00896976
v 0.02796652 -0.03497369 -0.00364175
v 0.02795480 -0.03672418 -0.00360466
v 0.02814242 -0.03499249 0.00176197
v 0.02813485 -0.03671392 0.00188552
v 0.02730807 -0.03446661 0.00701544
v 0.02724081 -0.03628033 0.00720429
v 0.02544686 -0.03545440 0.01209190
v 0.02535397 -0.03785040 0.01227826
v 0.02294076 -0.03726641 0.01633258
v 0.02301095 -0.03450152 0.01624826
v 0.02027780 -0.03695904 0.01958937
v 0.02025192 -0.04038141 0.01958940
v 0.02030416 -0.03397393 0.01955291
v 0.01693954 -0.03432159 0.02249091
v 0.01706747 -0.03715313 0.02241016
v 0.01246578 -0.03530426 0.02527696
v 0.01214804 -0.03321783 0.02543946
v 0.00672897 -0.03423590 0.02736106
v 0.01185348 -0.03146588 0.02557310
v 0.00637350 -0.03265142 0.02744422
v 0.00044515 -0.03311065 0.02818952
v 0.00601498 -0.03119171 0.02753619
v 0.00017440 -0.03163629 0.02820908
v -0.00590946 -0.03118951 0.02755107
v -0.00008524 -0.03023053 0.02822098
v -0.00599686 -0.02966607 0.02754341
v -0.00032133 -0.02880499 0.02821753
v -0.00602237 -0.02812677 0.02754994
v -0.01192899 -0.02796148 0.02550404
v -0.00056412 -0.02820099 0.02897702
v -0.00632670 -0.02748980 0.02834706
v -0.00082133 -0.02818341 0.03043524
v -0.00682816 -0.02735968 0.02985574
v -0.01284818 -0.02509820 0.02819784
v -0.01824906 -0.02145001 0.02633149
v -0.00724247 -0.02723883 0.03125963
v -0.01333146 -0.02483722 0.02981218
v -0.01854484 -0.02119854 0.02831697
v -0.02283671 -0.01645733 0.02889564
v -0.02276346 -0.01657818 0.02703914
v -0.01371158 -0.02461798 0.03146270
v -0.01882474 -0.02097418 0.03036914
v -0.02295914 -0.01631793 0.03089986
v -0.02634391 -0.00999078 0.03246659
v -0.02633158 -0.01001983 0.03091275
v -0.01903641 -0.02076812 0.03224656
v -0.02312052 -0.01610455 0.03272227
v -0.02638981 -0.00991266 0.03408018
v -0.02802140 -0.00312530 0.03487871
v -0.02799637 -0.00322320 0.03342215
v -0.02324149 -0.01589312 0.03498554
v -0.02640958 -0.00978814 0.03607804
v -0.02803226 -0.00299713 0.03663852
v -0.02792814 0.00370478 0.03663910
v -0.02797245 0.00349579 0.03486797
v -0.02647159 -0.00957110 0.03833716
v -0.02804862 -0.00280890 0.03875694
v -0.02788566 0.00392597 0.03871497
v -0.02624723 0.01022162 0.03830426
v -0.02633243 0.01001068 0.03605510
v -0.02807462 -0.00253863 0.04149559
v -0.02785758 0.00417865 0.04148353
v -0.02617704 0.01042231 0.04124866
v -0.02331644 0.01580170 0.04091099
v -0.02781778 0.00444867 0.04462461
v -0.02611075 0.01060419 0.04452565
v -0.02325797 0.01590839 0.04437121
v -0.01962064 0.02021625 0.04430053
v -0.01969510 0.02012836 0.04076683
v -0.02609977 0.01074628 0.04800264
v -0.02322941 0.01601068 0.04800264
v -0.01954215 0.02034174 0.04800264
v -0.01507889 0.02383637 0.04800264
v -0.01522758 0.02371918 0.04441233
v -0.01947196 0.01364106 0.04800264
v -0.01629239 0.01729999 0.04800264
v -0.01245633 0.02028534 0.04800264
v -0.00813138 0.02241962 0.04800264
v -0.00990616 0.02640497 0.04800264
v -0.01337003 0.01443622 0.04800264
v -0.01009684 0.01699579 0.04800264
v -0.00643302 0.01874457 0.04800264
v -0.00271329 0.01970697 0.04800264
v -0.00356620 0.02362372 0.04800264
v -0.00787906 0.01382831 0.04800264
v -0.00477335 0.01518525 0.04800264
v -0.00168400 0.01587909 0.04800264
v 0.00135433 0.01608197 0.04800264
v 0.00083138 0.01996210 0.04800264
v -0.00325699 0.01180390 0.04800264
v -0.00053983 0.01224482 0.04800264
v 0.00216647 0.01255048 0.04800264
v 0.00319552 0.00954511 0.04800264
v 0.00051644 0.00918915 0.04800264
v 0.00142013 0.00603193 0.04800264
v -0.00206827 0.00893232 0.04800264
v -0.00117423 0.00590204 0.04800264
v -0.00082474 0.00269037 0.04800264
v -0.00308121 0.00281513 0.04800264
v 0.00199716 0.00280243 0.04800264
v 0.00226364 -0.00065606 0.04800264
v 0.00547103 -0.00028302 0.04800264
v 0.00499472 0.00317743 0.04800264
v 0.00414877 0.00637812 0.04800264
v -0.00059147 -0.00058209 0.04800264
v -0.00070511 -0.00422638 0.04800264
v -0.00325431 -0.00016925 0.04800264
v -0.00373319 -0.00363214 0.04800264
v -0.00648856 -0.00250348 0.04800264
v -0.00733756 -0.00603326 0.04800264
v -0.00430424 -0.00736822 0.04800264
v -0.00590079 0.00066327 0.04800264
v -0.00854716 0.00205829 0.04800264
v -0.00919230 -0.00089923 0.04800264
v -0.01197355 0.00091108 0.04800264
v -0.00999833 -0.00402325 0.04800264
v -0.01123099 0.00385541 0.04800264
v -0.01006424 0.00666913 0.04800264
v -0.01444217 0.00586200 0.04800264
v -0.01525834 0.00265180 0.04800264
v -0.01941166 0.00387958 0.04800264
v -0.01817972 0.00770234 0.04800264
v -0.02215934 0.00926191 0.04800264
v -0.02352640 0.00436835 0.04800264
v -0.02377897 -0.00093634 0.04800264
v -0.02780472 0.00470502 0.04800264
v -0.02813956 -0.00180206 0.04800264
v -0.02288883 -0.00634015 0.04800264
v -0.02696219 -0.00833648 0.04800264
v -0.02059525 -0.01150470 0.04800264
v -0.01702567 -0.00859088 0.04800264
v -0.02426127 -0.01436627 0.04800264
v -0.01723551 -0.01598761 0.04800264
v -0.01429130 -0.01228546 0.04800264
v -0.01065030 -0.01507940 0.04800264
v -0.00866227 -0.01024640 0.04800264
v -0.01150065 -0.00802618 0.04800264
v -0.00525797 -0.01182574 0.04800264
v -0.00651517 -0.01665118 0.04800264
v -0.00153592 -0.01254766 0.04800264
v -0.00105741 -0.00806427 0.04800264
v -0.00208268 -0.01762310 0.04800264
v 0.00218246 -0.01750860 0.04800264
v 0.00220382 -0.01252227 0.04800264
v 0.00229891 -0.00818585 0.04800264
v 0.00570480 -0.01184454 0.04800264
v 0.00563363 -0.00770880 0.04800264
v 0.00238180 -0.00426544 0.04800264
v 0.00561312 -0.00392071 0.04800264
v 0.00900607 -0.00699029 0.04800264
v 0.00911556 -0.00323468 0.04800264
v 0.00896005 0.00042035 0.04800264
v 0.01301608 -0.00242022 0.04800264
v 0.01293917 0.00134491 0.04800264
v 0.00834286 0.00387665 0.04800264
v 0.01224740 0.00505634 0.04800264
v 0.00736007 0.00714765 0.04800264
v 0.01104623 0.00849311 0.04800264
v 0.00930502 0.01144452 0.04800264
v 0.00605026 0.01022309 0.04800264
v 0.01314120 0.01364350 0.04800264
v 0.01525253 0.01034882 0.04800264
v 0.01694125 0.01637812 0.04800264
v 0.01357504 0.01940253 0.04800264
v 0.01660580 0.02279999 0.04800264
v 0.01193539 0.02555439 0.04800264
v 0.00967440 0.02184711 0.04800264
v 0.00670590 0.02739447 0.04800264
v 0.00528207 0.02339179 0.04800264
v 0.00121481 0.02817572 0.04800264
v 0.00091427 0.02392279 0.04800264
v -0.00436295 0.02786127 0.04800264
v -0.00439762 0.02783100 0.04464949
v -0.01003458 0.02633515 0.04455357
v -0.00438016 0.02782196 0.04149455
v -0.01008121 0.02629779 0.04129470
v -0.01531571 0.02365033 0.04098819
v -0.01004752 0.02630219 0.03838223
v -0.01537150 0.02363593 0.03790093
v -0.01975016 0.02008515 0.03755417
v -0.01535380 0.02363691 0.03525923
v -0.01978495 0.02003803 0.03477333
v -0.02345731 0.01558100 0.03513388
v -0.02337320 0.01571112 0.03776859
v -0.02356412 0.01545966 0.03294907
v -0.02644681 0.00974311 0.03411436
v -0.02653702 0.00948188 0.03254096
v -0.02799100 0.00330512 0.03338736
v -0.02664103 0.00917109 0.03107249
v -0.02802286 0.00311908 0.03200172
v -0.02799515 -0.00328424 0.03200602
v -0.02805326 0.00292426 0.03067399
v -0.02800504 -0.00331378 0.03063604
v -0.02635392 -0.00998736 0.02936624
v -0.02801883 -0.00329327 0.02918273
v -0.02638737 -0.00989459 0.02781277
v -0.02808024 0.00269526 0.02918013
v -0.02840482 0.00255463 0.02810036
v -0.02823868 -0.00329620 0.02803161
v -0.02943143 -0.00340606 0.02801120
v -0.02794791 -0.00991681 0.02638819
v -0.02965287 0.00258564 0.02809303
v -0.03098026 0.00260151 0.02808372
v -0.03076896 -0.00354034 0.02798610
v -0.02942753 -0.01006085 0.02633525
v -0.03094547 -0.01017804 0.02627930
v -0.02901688 -0.01630572 0.02295338
v -0.02713810 -0.01635211 0.02292649
v -0.02833585 -0.02074713 0.01905994
v -0.02631876 -0.02090313 0.01889779
v -0.02807450 -0.02442144 0.01407589
v -0.02640580 -0.02463580 0.01374218
v -0.02969120 -0.02425421 0.01436571
v -0.02994474 -0.02688849 0.00844624
v -0.02855167 -0.02699591 0.00813964
v -0.03081095 -0.02809503 0.00239629
v -0.02950565 -0.02811212 0.00225786
v -0.02831534 -0.02812042 0.00214083
v -0.02729996 -0.02708355 0.00786348
v -0.02702567 -0.02831353 0.00801374
v -0.02471427 -0.02613311 0.01359537
v -0.02811112 -0.02934161 0.00214592
v -0.02694449 -0.02974640 0.00825750
v -0.02451603 -0.02779620 0.01389831
v -0.02115653 -0.02550518 0.01858861
v -0.02438199 -0.02940265 0.01412861
v -0.02102079 -0.02762188 0.01873159
v -0.02688431 -0.03120489 0.00843134
v -0.02810233 -0.03069146 0.00219851
v -0.02791215 -0.02924542 -0.00396886
v -0.02788749 -0.03058087 -0.00409576
v -0.02616581 -0.02928399 -0.01045552
v -0.02622538 -0.02777496 -0.01031219
v -0.02295487 -0.02697247 -0.01630768
v -0.01953202 -0.02601226 -0.02027772
v -0.01600638 -0.02708062 -0.02317124
v -0.01559586 -0.02515094 -0.02349053
v -0.01150980 -0.02711627 -0.02572201
v -0.01185636 -0.02875470 -0.02556373
v -0.00728495 -0.02856866 -0.02724330
v -0.00748588 -0.03005499 -0.02717360
v -0.00283011 -0.02940118 -0.02805479
v -0.00286283 -0.03078253 -0.02803776
v 0.00182553 -0.02960601 -0.02812140
v 0.00199484 -0.03092413 -0.02810627
v 0.00690890 -0.02916217 -0.02734942
v 0.00728146 -0.03044439 -0.02723582
v 0.00757272 -0.03182354 -0.02714111
v 0.01307345 -0.02929522 -0.02493453
v 0.01327487 -0.03073370 -0.02482775
v 0.01342306 -0.03228277 -0.02475925
v 0.01835812 -0.03134674 -0.02138236
v 0.01842343 -0.02960431 -0.02131165
v 0.02170541 -0.03133795 -0.01793001
v 0.02182174 -0.02968414 -0.01778099
v 0.02466952 -0.03046563 -0.01362727
v 0.02458053 -0.03206280 -0.01379396
v 0.02678549 -0.03149835 -0.00877056
v 0.02675265 -0.03295538 -0.00887058
v 0.02796676 -0.03209576 -0.00365033
v 0.02795846 -0.03350201 -0.00365568
v 0.02815097 -0.03211163 0.00155653
v 0.02814096 -0.03350543 0.00165919
v 0.02735177 -0.03291339 0.00683667
v 0.02740902 -0.03146856 0.00663691
v 0.02565792 -0.03173004 0.01167149
v 0.02557101 -0.03345904 0.01188173
v 0.02575985 -0.03012823 0.01144854
v 0.02322811 -0.03024932 0.01595945
v 0.02312277 -0.03224273 0.01612651
v 0.02034005 -0.03147638 0.01951644
v 0.02037960 -0.02928326 0.01947671
v 0.01672384 -0.02995831 0.02268408
v 0.01680880 -0.03197760 0.02262870
v 0.01662521 -0.02780206 0.02274932
v 0.01153451 -0.02985016 0.02571914
v 0.01118832 -0.02818390 0.02587473
v 0.00563217 -0.02976056 0.02762041
v 0.00522177 -0.02829913 0.02770050
v 0.01058297 -0.02613165 0.02719823
v 0.00502218 -0.02773419 0.02858429
v 0.01063388 -0.02609820 0.02888739
v 0.00501693 -0.02773346 0.03012593
v 0.01064755 -0.02608380 0.03048491
v 0.00493966 -0.02774151 0.03156136
v -0.00106559 -0.02816851 0.03183683
v 0.00483688 -0.02775543 0.03302729
v -0.00129593 -0.02815582 0.03327361
v -0.00760489 -0.02713067 0.03271913
v -0.00153873 -0.02814361 0.03479335
v -0.00794657 -0.02703766 0.03427948
v -0.01403007 -0.02444244 0.03319145
v -0.00828470 -0.02692974 0.03613625
v -0.01432108 -0.02424517 0.03524941
v -0.01926749 -0.02054815 0.03456346
v -0.01461966 -0.02406988 0.03776609
v -0.01951139 -0.02033795 0.03735752
v -0.02342570 -0.01563922 0.03766335
v -0.01976578 -0.02006744 0.04062729
v -0.02366739 -0.01527618 0.04087826
v -0.02659916 -0.00925616 0.04128112
v -0.02393461 -0.01486236 0.04436445
v -0.02675223 -0.00883892 0.04454319
v -0.02810258 -0.00219122 0.04463672
v -0.02003946 -0.01981866 0.04424282
v -0.02035270 -0.01953033 0.04800264
v -0.01514737 -0.02376788 0.04433214
v -0.01537626 -0.02365899 0.04800264
v -0.00937980 -0.02659356 0.04800264
v -0.00786893 -0.02151544 0.04800264
v -0.01282828 -0.01922613 0.04800264
v -0.00256022 -0.02262555 0.04800264
v -0.00294340 -0.02807232 0.04800264
v 0.00259774 -0.02275152 0.04800264
v 0.00338607 -0.02800909 0.04800264
v 0.00740145 -0.02192193 0.04800264
v 0.00618441 -0.01672906 0.04800264
v 0.01173898 -0.02029229 0.04800264
v 0.00968258 -0.01530743 0.04800264
v 0.00894711 -0.01082306 0.04800264
v 0.01258114 -0.00624395 0.04800264
v 0.01703402 -0.00579522 0.04800264
v 0.01788229 -0.00163604 0.04800264
v 0.02212533 -0.00623468 0.04800264
v 0.02300668 -0.00126593 0.04800264
v 0.01768490 0.00255732 0.04800264
v 0.02270468 0.00367157 0.04800264
v 0.01678939 0.00662909 0.04800264
v 0.02153012 0.00831659 0.04800264
v 0.01952951 0.01260297 0.04800264
v 0.02784957 0.00449872 0.04800264
v 0.02634005 0.01011518 0.04800264
v 0.02384542 0.01508344 0.04800264
v 0.02628768 0.01017206 0.04449750
v 0.02378268 0.01513251 0.04434194
v 0.02057638 0.01929877 0.04800264
v 0.02061654 0.01922455 0.04422978
v 0.02376193 0.01513959 0.04085318
v 0.02066488 0.01916474 0.04059868
v 0.01701242 0.02245795 0.04073123
v 0.01683334 0.02261029 0.04427811
v 0.01239620 0.02530512 0.04108075
v 0.01219894 0.02540473 0.04444519
v 0.00708859 0.02726068 0.04139402
v 0.00692391 0.02731293 0.04460320
v 0.00141622 0.02814740 0.04153739
v 0.00131832 0.02815668 0.04467203
v 0.00149240 0.02811786 0.03875982
v -0.00430997 0.02780561 0.03869372
v -0.00421354 0.02783271 0.03658512
v -0.00994950 0.02633344 0.03606636
v -0.00409281 0.02787397 0.03483982
v -0.00979423 0.02641303 0.03416401
v -0.01532157 0.02365082 0.03311189
v -0.00960160 0.02647358 0.03265712
v -0.01519034 0.02371357 0.03137223
v -0.01979276 0.02003754 0.03243120
v -0.01982035 0.02002777 0.03059388
v -0.01496158 0.02385297 0.02969541
v -0.02368265 0.01525507 0.03117851
v -0.00934952 0.02656195 0.03121600
v -0.00382779 0.02791938 0.03205951
v -0.00902823 0.02668354 0.02980001
v -0.00396622 0.02789081 0.03341828
v 0.00161276 0.02813324 0.03353255
v 0.00158602 0.02814106 0.03499390
v 0.00717050 0.02724921 0.03454336
v 0.00154904 0.02812690 0.03668014
v 0.00720309 0.02721967 0.03640871
v 0.01255087 0.02523383 0.03564923
v 0.00717379 0.02721601 0.03854865
v 0.01252072 0.02524677 0.03803944
v 0.01714218 0.02235541 0.03746047
v 0.01719284 0.02230097 0.03467500
v 0.02079183 0.01904438 0.03438948
v 0.01722274 0.02231903 0.03244338
v 0.01252511 0.02526313 0.03360253
v 0.02073483 0.01910419 0.03730432
v 0.02376840 0.01514228 0.03768118
v 0.02382113 0.01506122 0.03504989
v 0.02631320 0.01011176 0.03601659
v 0.02636764 0.00999994 0.03403421
v 0.02390853 0.01496625 0.03293380
v 0.02628073 0.01016596 0.03823328
v 0.02781137 0.00451166 0.03862125
v 0.02783187 0.00447821 0.03658887
v 0.02627621 0.01018427 0.04120675
v 0.02782736 0.00453290 0.04142842
v 0.02815499 -0.00145099 0.04147052
v 0.02814230 -0.00144488 0.03871678
v 0.02783224 0.00452924 0.04460012
v 0.02815255 -0.00144635 0.04461385
v 0.02721932 -0.00731475 0.04454275
v 0.02817233 -0.00143023 0.04800264
v 0.02725765 -0.00727447 0.04800264
v 0.02525424 -0.01257965 0.04800264
v 0.02520126 -0.01262310 0.04440764
v 0.02237228 -0.01714312 0.04426030
v 0.02518441 -0.01263189 0.04100122
v 0.02720931 -0.00731988 0.04131932
v 0.02240524 -0.01714166 0.04800264
v 0.01879989 -0.02102838 0.04800264
v 0.01900106 -0.02081671 0.04422416
v 0.02048031 -0.01073321 0.04800264
v 0.01476498 -0.02401568 0.04435310
v 0.01507052 -0.02381964 0.04084790
v 0.01916952 -0.02065533 0.04059780
v 0.01442452 -0.02423809 0.04800264
v 0.00926449 -0.02664019 0.04800264
v 0.00964010 -0.02648321 0.04450160
v 0.00372640 -0.02793438 0.04460864
v 0.00405209 -0.02787774 0.04141180
v 0.00997433 -0.02634503 0.04117726
v 0.00433285 -0.02780352 0.03855936
v 0.01024484 -0.02623468 0.03818460
v 0.01533895 -0.02366681 0.03766249
v 0.01042758 -0.02617047 0.03575787
v 0.01552706 -0.02352765 0.03490506
v 0.01932162 -0.02051764 0.03728372
v 0.01944479 -0.02038189 0.03436412
v 0.02238034 -0.01710528 0.03740840
v 0.02236410 -0.01712799 0.04067341
v 0.02241805 -0.01702984 0.03463230
v 0.02522250 -0.01258380 0.03550096
v 0.02518991 -0.01263458 0.03793890
v 0.02722933 -0.00724762 0.03630619
v 0.02720346 -0.00729766 0.03844009
v 0.02814938 -0.00143219 0.03667481
v 0.02816183 -0.00140704 0.03493519
v 0.02784725 0.00442401 0.03482040
v 0.02816329 -0.00138043 0.03348376
v 0.02785543 0.00435639 0.03330540
v 0.02640512 0.00986982 0.03241627
v 0.02787313 0.00427753 0.03189520
v 0.02646908 0.00970624 0.03090678
v 0.02396188 0.01485028 0.03102726
v 0.02406246 0.01468769 0.02927713
v 0.02091036 0.01889984 0.02994689
v 0.02084249 0.01898310 0.03202032
v 0.02100448 0.01878901 0.02793578
v 0.01724911 0.02227460 0.02849935
v 0.01724728 0.02227948 0.03044886
v 0.01235433 0.02533417 0.03030092
v 0.01246676 0.02528412 0.03190354
v 0.00703243 0.02729023 0.03161024
v 0.00711202 0.02726117 0.03302854
v 0.00690231 0.02734003 0.03019192
v 0.00163217 0.02813471 0.03081817
v 0.00162594 0.02813398 0.03217244
v 0.00163021 0.02813544 0.02950599
v -0.00341373 0.02800824 0.02937628
v -0.00364579 0.02795942 0.03066888
v -0.00322709 0.02803754 0.02823348
v -0.00811979 0.02698798 0.02727456
v -0.00860770 0.02682367 0.02843245
v -0.01302421 0.02503070 0.02534729
v -0.01377555 0.02458246 0.02659124
v -0.01306107 0.02650336 0.02501105
v -0.01701224 0.02428510 0.02245783
v -0.01703104 0.02246430 0.02292253
v -0.02022721 0.02365595 0.01959593
v -0.02025052 0.02575043 0.01954402
v -0.02303983 0.02489887 0.01624649
v -0.02299418 0.02698871 0.01624906
v -0.02556327 0.02734394 0.01189339
v -0.02553592 0.02580146 0.01197042
v -0.02554264 0.02895746 0.01187213
v -0.02732157 0.02910199 0.00691470
v -0.02732194 0.02779389 0.00694742
v -0.02811368 0.02869062 0.00210695
v -0.02882450 0.02810810 0.00234699
v -0.02822403 0.02720649 0.00737667
v -0.03012784 0.02808319 0.00265920
v -0.02954423 0.02704901 0.00791036
v -0.03133390 0.02804853 0.00298284
v -0.03078812 0.02692719 0.00831884
v -0.02824845 0.02479511 0.01341895
v -0.02955961 0.02458759 0.01377700
v -0.02831534 0.02133734 0.01836016
v -0.03207535 0.02680561 0.00868098
v -0.03096341 0.02441425 0.01407926
v -0.02996085 0.02128315 0.01842890
v -0.02979191 0.01807148 0.02159044
v -0.03154801 0.02125409 0.01845907
v -0.03161527 0.01805292 0.02163314
v -0.03338688 0.02119550 0.01851290
v -0.03337052 0.01798676 0.02168930
v -0.03234745 0.01378290 0.02458521
v -0.03073453 0.01376068 0.02459355
v -0.03179947 0.00843085 0.02689230
v -0.03037638 0.00833393 0.02692682
v -0.02918070 0.01365546 0.02465782
v -0.02895987 0.00819648 0.02697874
v -0.02754459 0.01344330 0.02478762
v -0.02814103 0.01803241 0.02162940
v -0.02755485 0.00800776 0.02704326
v -0.02594047 0.01312421 0.02496267
v -0.02696329 0.00824506 0.02808156
v -0.02481669 0.01339154 0.02605666
v -0.02677677 0.00877460 0.02964610
v -0.03238431 0.00260517 0.02807637
v -0.03320231 0.00848212 0.02687597
v -0.03370829 0.00261127 0.02807532
v -0.03351591 -0.00370172 0.02794903
v -0.03212430 -0.00363629 0.02796485
v -0.03497440 -0.00374884 0.02794926
v -0.03407291 -0.01026129 0.02625538
v -0.03247709 -0.01023541 0.02625661
v -0.03280631 -0.01610846 0.02312009
v -0.03096647 -0.01625128 0.02301040
v -0.03232035 -0.02050250 0.01932922
v -0.03043754 -0.02062017 0.01920727
v -0.03141666 -0.02411480 0.01460871
v -0.03315091 -0.02403619 0.01474155
v -0.03278971 -0.02674078 0.00888646
v -0.03138077 -0.02680523 0.00869211
v -0.03432084 -0.02668658 0.00906095
v -0.03352421 -0.02807232 0.00261129
v -0.03217484 -0.02808111 0.00250558
v -0.03339518 -0.02791803 -0.00390846
v -0.03199613 -0.02792218 -0.00392584
v -0.03060111 -0.02792511 -0.00391185
v -0.03079508 -0.02617340 -0.01044037
v -0.02923905 -0.02620099 -0.01038389
v -0.02923502 -0.02793634 -0.00386559
v -0.02768827 -0.02624176 -0.01028955
v -0.02796195 -0.02794708 -0.00380459
v -0.02881168 -0.02288092 -0.01639999
v -0.02688590 -0.02282989 -0.01649019
v -0.02802396 -0.01921515 -0.02060075
v -0.02593522 -0.01894342 -0.02085908
v -0.02743839 -0.01463873 -0.02409111
v -0.02572794 -0.01410748 -0.02443494
v -0.02775126 -0.00940338 -0.02658675
v -0.02453629 -0.01393072 -0.02524855
v -0.02666446 -0.00917901 -0.02717450
v -0.02892032 -0.00459649 -0.02781612
v -0.02783146 -0.00446002 -0.02827251
v -0.02653458 -0.00950103 -0.02858048
v -0.02780314 -0.00458258 -0.02951638
v -0.02643424 -0.00974322 -0.03003727
v -0.02395145 -0.01481598 -0.02874607
v -0.02778092 -0.00467364 -0.03086537
v -0.02635941 -0.00990582 -0.03147479
v -0.02387455 -0.01492730 -0.03032078
v -0.02060123 -0.01920343 -0.02945697
v -0.02386722 -0.01494830 -0.03190439
v -0.02075150 -0.01907379 -0.03101239
v -0.01730912 -0.02223199 -0.03126880
v -0.02080607 -0.01897931 -0.03291650
v -0.01749503 -0.02210089 -0.03300780
v -0.01765531 -0.02197003 -0.03523350
v -0.01334318 -0.02481598 -0.03380555
v -0.01308500 -0.02494195 -0.03214795
v -0.00868070 -0.02680206 -0.03451026
v -0.00843607 -0.02687579 -0.03299739
v -0.01280790 -0.02507965 -0.03060923
v -0.00817887 -0.02695684 -0.03161892
v -0.01243351 -0.02526446 -0.02914426
v -0.00786185 -0.02706012 -0.03019989
v -0.01195511 -0.02549127 -0.02771222
v -0.00752530 -0.02716900 -0.02884088
v -0.01133915 -0.02579766 -0.02624418
v -0.01548734 -0.02358697 -0.02432934
v -0.00716630 -0.02728521 -0.02758650
v -0.00303202 -0.02804547 -0.02943181
v -0.00283182 -0.02806256 -0.02806994
v 0.00159017 -0.02812896 -0.02933314
v 0.00165841 -0.02837628 -0.02813189
v 0.00635800 -0.02748077 -0.02855939
v 0.00643600 -0.02788995 -0.02747150
v 0.01147897 -0.02574664 -0.02670006
v 0.01185568 -0.02641754 -0.02556616
v 0.01272567 -0.02789581 -0.02513556
v 0.01865280 -0.02795367 -0.02111413
v 0.01619296 -0.02308331 -0.02389437
v 0.01622335 -0.02305401 -0.02610539
v 0.01981661 -0.02001837 -0.02486091
v 0.01993038 -0.01993170 -0.02265796
v 0.02305477 -0.01627227 -0.02404428
v 0.02399020 -0.01709552 -0.02238839
v 0.02294760 -0.01635040 -0.02601944
v 0.02593185 -0.01111383 -0.02675461
v 0.02658090 -0.01130621 -0.02585036
v 0.02815048 -0.00534430 -0.02769341
v 0.02946884 -0.00548785 -0.02765798
v 0.02807089 -0.01189239 -0.02555684
v 0.02956198 -0.01195196 -0.02549735
v 0.03077816 -0.00555914 -0.02762820
v 0.03103390 -0.01192779 -0.02550122
v 0.02961764 -0.01769854 -0.02190483
v 0.02939352 -0.02143390 -0.01825871
v 0.03142489 -0.01743390 -0.02212708
v 0.03110873 -0.02113214 -0.01864386
v 0.03291622 -0.02086676 -0.01892448
v 0.03352767 -0.02391192 -0.01489319
v 0.03190414 -0.02408624 -0.01459287
v 0.03031259 -0.02431695 -0.01420074
v 0.03287924 -0.02643463 -0.00971382
v 0.03143710 -0.02655304 -0.00939888
v 0.02874826 -0.02459283 -0.01373786
v 0.02999533 -0.02670391 -0.00901638
v 0.02706613 -0.02492584 -0.01312709
v 0.02858236 -0.02686700 -0.00857087
v 0.02536776 -0.02534015 -0.01237963
v 0.02335458 -0.02332794 -0.01590320
v 0.02725570 -0.02700494 -0.00815030
v 0.02503744 -0.02716754 -0.01296038
v 0.02694882 -0.02846295 -0.00833770
v 0.02481076 -0.02885235 -0.01338793
v 0.02684982 -0.03000372 -0.00858470
v 0.02798654 -0.02921368 -0.00359071
v 0.02797396 -0.03068243 -0.00364027
v 0.02816903 -0.02927374 0.00133932
v 0.02815963 -0.03072149 0.00145794
v 0.02747567 -0.03005182 0.00640589
v 0.02755819 -0.02854742 0.00612331
v 0.02589706 -0.02856036 0.01115779
v 0.02607199 -0.02698956 0.01077026
v 0.02359762 -0.02643707 0.01541201
v 0.02337875 -0.02829815 0.01574038
v 0.02391757 -0.02463311 0.01494369
v 0.02050241 -0.02699200 0.01931993
v 0.02685275 -0.02603497 0.01082935
v 0.02511105 -0.02362970 0.01536538
v 0.02803781 -0.02758258 0.00600696
v 0.02933566 -0.02751251 0.00622412
v 0.02823678 -0.02581720 0.01130724
v 0.03068209 -0.02744293 0.00644031
v 0.02965756 -0.02562432 0.01167707
v 0.03107662 -0.02549566 0.01195109
v 0.02985482 -0.02251153 0.01691856
v 0.03151657 -0.02234649 0.01714961
v 0.02962362 -0.01869879 0.02107083
v 0.03128536 -0.01858282 0.02119134
v 0.03067843 -0.01326886 0.02483988
v 0.02914327 -0.01312994 0.02492199
v 0.03224105 -0.01340728 0.02477475
v 0.03191781 -0.00725055 0.02722695
v 0.03050875 -0.00708453 0.02727767
v 0.03107736 -0.00131793 0.02815804
v 0.02975826 -0.00129132 0.02816449
v 0.02912972 -0.00686065 0.02734535
v 0.02784603 -0.00655523 0.02743727
v 0.02615463 -0.01191388 0.02556666
v 0.02562484 -0.01182086 0.02683393
v 0.02300582 -0.01632696 0.02470705
v 0.02280465 -0.01654474 0.02664191
v 0.01990878 -0.01993390 0.02574345
v 0.01594686 -0.02322760 0.02680741
v 0.01973934 -0.02010601 0.02780135
v 0.01585494 -0.02327545 0.02879953
v 0.01964047 -0.02021759 0.02995296
v 0.01578109 -0.02333331 0.03074866
v 0.01061129 -0.02609625 0.03210047
v 0.01566903 -0.02342706 0.03267682
v 0.01055050 -0.02613385 0.03381317
v 0.00471810 -0.02778961 0.03458316
v 0.00455123 -0.02779083 0.03640566
v -0.00179679 -0.02811627 0.03653260
v -0.00208280 -0.02808551 0.03863600
v -0.00861564 -0.02681182 0.03835601
v -0.00238627 -0.02808477 0.04145296
v -0.00891862 -0.02672345 0.04124240
v -0.00268412 -0.02806085 0.04462667
v -0.00917716 -0.02663507 0.04451518
v -0.01490165 -0.02390997 0.04085849
v 0.01953939 -0.02029620 0.03193821
v 0.02255953 -0.01683599 0.03043816
v 0.02250253 -0.01695001 0.03230926
v 0.02531173 -0.01241485 0.03175450
v 0.02528048 -0.01250811 0.03345573
v 0.02728671 -0.00707794 0.03293428
v 0.02727206 -0.00716681 0.03447355
v 0.02732260 -0.00695733 0.03146629
v 0.02816549 -0.00135113 0.03207259
v 0.02816805 -0.00131402 0.03071284
v 0.02788705 0.00419257 0.03047910
v 0.02817257 -0.00127276 0.02927590
v 0.02791268 0.00405512 0.02903079
v 0.02655526 0.00949433 0.02943753
v 0.02668112 0.00918695 0.02783077
v 0.02423861 0.01441816 0.02754889
v 0.02449056 0.01402875 0.02577220
v 0.02118124 0.01859394 0.02589637
v 0.01725888 0.02227167 0.02652620
v 0.01202584 0.02550287 0.02717184
v 0.01221310 0.02540741 0.02869121
v 0.02717416 0.00908857 0.02671047
v 0.02519625 0.01400141 0.02450580
v 0.02829916 0.00398041 0.02791893
v 0.02955917 0.00416864 0.02788028
v 0.02855087 0.00950800 0.02654154
v 0.03087252 0.00431708 0.02784937
v 0.02994686 0.00982221 0.02641301
v 0.03139413 0.01008173 0.02630693
v 0.03009603 0.01542743 0.02356350
v 0.03172775 0.01557221 0.02347676
v 0.03100094 0.01975068 0.02011483
v 0.02939022 0.01974604 0.02010131
v 0.02854782 0.01518769 0.02372033
v 0.02990646 0.02320038 0.01596388
v 0.03117404 0.02594550 0.01094910
v 0.02973629 0.02604486 0.01072538
v 0.03155258 0.02311200 0.01609221
v 0.03266598 0.02588129 0.01111840
v 0.03348409 0.02757270 0.00578488
v 0.03208956 0.02758808 0.00571270
v 0.03328805 0.02305512 0.01619548
v 0.03426351 0.02583734 0.01124447
v 0.03494857 0.02756903 0.00583853
v 0.03522445 0.02819721 0.00026076
v 0.03380538 0.02818622 0.00032870
v 0.03614840 0.02578949 0.01131063
v 0.03676754 0.02755536 0.00587280
v 0.03694454 0.02819159 0.00017958
v 0.03670028 0.02759613 -0.00558442
v 0.03496884 0.02764984 -0.00539814
v 0.03883810 0.02756244 0.00585477
v 0.03897030 0.02818915 0.00008686
v 0.03880734 0.02756708 -0.00576027
v 0.03843246 0.02573456 -0.01147863
v 0.03613717 0.02579218 -0.01129689
v 0.04167794 0.02819892 -0.00002683
v 0.04157907 0.02755902 -0.00590591
v 0.04134188 0.02568915 -0.01160013
v 0.04103170 0.02267572 -0.01672424
v 0.04459506 0.02566523 -0.01165828
v 0.04442904 0.02265790 -0.01676324
v 0.04439987 0.01871430 -0.02106332
v 0.04093417 0.01876191 -0.02099939
v 0.04800717 0.02269062 -0.01674384
v 0.04800717 0.01866767 -0.02113897
v 0.04800717 0.01369379 -0.02466860
v 0.04453402 0.01377558 -0.02459326
v 0.04800717 0.01546479 -0.01734592
v 0.04800717 0.01122089 -0.02014484
v 0.04800717 0.00640644 -0.02205439
v 0.04800717 0.00784369 -0.02710501
v 0.04800717 0.00905658 -0.01579148
v 0.04800717 0.00494818 -0.01731725
v 0.04800717 0.00061444 -0.01809717
v 0.04800717 0.00119648 -0.02299936
v 0.04800717 0.00356708 -0.01275823
v 0.04800717 -0.00024102 -0.01342505
v 0.04800717 0.00257026 -0.00886587
v 0.04800717 -0.00110186 -0.00932219
v 0.04800717 -0.00411358 -0.01350744
v 0.04800717 -0.00368853 -0.01811103
v 0.04800717 -0.00771148 -0.01748954
v 0.04800717 -0.00870391 -0.02180808
v 0.04800717 -0.00388116 -0.02288247
v 0.04800717 -0.00788116 -0.01316001
v 0.04800717 -0.00483282 -0.00941534
v 0.04800717 -0.00861358 -0.00929538
v 0.04800717 -0.01249200 -0.00913939
v 0.04800717 -0.00935479 -0.00555459
v 0.04800717 -0.01345489 -0.00533559
v 0.04800717 -0.01667901 -0.00931257
v 0.04800717 -0.01792608 -0.00524477
v 0.04800717 -0.02119171 -0.01013391
v 0.04800717 -0.01896441 -0.01428575
v 0.04800717 -0.02261651 -0.00543882
v 0.04800717 -0.02577398 -0.01146267
v 0.04800717 -0.02300030 -0.01632688
v 0.04800717 -0.01953399 -0.02035410
v 0.04445468 -0.02316705 -0.01605916
v 0.04437728 -0.01983136 -0.02001933
v 0.04446981 -0.01579620 -0.02335478
v 0.04090634 -0.02012750 -0.01969973
v 0.04106051 -0.01616754 -0.02308650
v 0.03798019 -0.01653424 -0.02282602
v 0.03846347 -0.01140875 -0.02576470
v 0.04138949 -0.01111993 -0.02589708
v 0.04460702 -0.01080035 -0.02604444
v 0.04161947 -0.00517511 -0.02768828
v 0.04471639 -0.00496563 -0.02774529
v 0.04800717 -0.01044244 -0.02621320
v 0.04800717 -0.01539410 -0.02364980
v 0.04800717 -0.00474249 -0.02780379
v 0.04473617 0.00142084 -0.02814731
v 0.04800717 0.00153876 -0.02815704
v 0.04467452 0.00784760 -0.02707715
v 0.04154611 0.00779389 -0.02707947
v 0.04122409 0.01381025 -0.02457103
v 0.03874410 0.00768085 -0.02708769
v 0.03823715 0.01380268 -0.02457027
v 0.03780624 0.01881879 -0.02097191
v 0.03575326 0.01373334 -0.02457891
v 0.03509884 0.01888251 -0.02089602
v 0.03795065 0.02272235 -0.01667897
v 0.03534823 0.02279633 -0.01655334
v 0.03297213 0.01893354 -0.02085657
v 0.03329891 0.02292255 -0.01637751
v 0.03428317 0.02591913 -0.01104673
v 0.03278756 0.02601606 -0.01078777
v 0.03356307 0.02767817 -0.00521540
v 0.03131784 0.02614130 -0.01047158
v 0.03220638 0.02771943 -0.00500446
v 0.03244247 0.02818622 0.00039689
v 0.03083761 0.02777362 -0.00475358
v 0.03108248 0.02819550 0.00047957
v 0.03070236 0.02762592 0.00558522
v 0.02975778 0.02819941 0.00054956
v 0.02935055 0.02767548 0.00541169
v 0.02829098 0.02616596 0.01042841
v 0.02688558 0.02636078 0.00999195
v 0.02489120 0.02417646 0.01451450
v 0.02807797 0.02771088 0.00525520
v 0.02630319 0.02759101 0.01012382
v 0.02411972 0.02560273 0.01460575
v 0.02384994 0.02739838 0.01501355
v 0.02087692 0.02587812 0.01887972
v 0.02071835 0.02800800 0.01906715
v 0.01714437 0.02654560 0.02235976
v 0.01713510 0.02854657 0.02235961
v 0.01223031 0.02865082 0.02537344
v 0.01202255 0.02716645 0.02548147
v 0.01239669 0.03026093 0.02529010
v 0.00703610 0.03018329 0.02730079
v 0.00674752 0.02883002 0.02739521
v 0.00186007 0.03078925 0.02812252
v 0.00173373 0.02948114 0.02813273
v 0.00646285 0.02746943 0.02747889
v 0.00160458 0.02814081 0.02815165
v 0.00669186 0.02741156 0.02885164
v -0.00331156 0.03069086 0.02799636
v -0.00326932 0.02930268 0.02802091
v -0.00842435 0.02987616 0.02689154
v -0.00823807 0.02832538 0.02695359
v -0.00851725 0.03133368 0.02685583
v -0.01334513 0.02994501 0.02483406
v -0.01324601 0.02825531 0.02489672
v -0.01739957 0.02838691 0.02214577
v -0.01722367 0.02632245 0.02228809
v -0.01748466 0.03036444 0.02208262
v -0.02035416 0.03007587 0.01948819
v -0.02026529 0.02790741 0.01954632
v -0.02301261 0.02890522 0.01621683
v -0.02304264 0.03083466 0.01618543
v -0.02554679 0.03058393 0.01182724
v -0.02559879 0.03218329 0.01172657
v -0.02733280 0.03190448 0.00680894
v -0.02732352 0.03049945 0.00688619
v -0.02735856 0.03331684 0.00668427
v -0.02813053 0.03259394 0.00157395
v -0.02812357 0.03126776 0.00177201
v -0.02798978 0.03134369 -0.00328466
v -0.02804752 0.03013227 -0.00293872
v -0.02811905 0.02998993 0.00194549
v -0.02709952 0.02958808 -0.00770894
v -0.02725577 0.02829047 -0.00717096
v -0.02808610 0.02882367 -0.00259531
v -0.02780497 0.02736640 -0.00680047
v -0.02867093 0.02810810 -0.00234560
v -0.02913260 0.02735663 -0.00682069
v -0.02997379 0.02811151 -0.00221067
v -0.03051749 0.02735834 -0.00680426
v -0.03125211 0.02811347 -0.00206272
v -0.03193570 0.02736493 -0.00676673
v -0.03258524 0.02811908 -0.00188866
v -0.03263810 0.02800116 0.00329538
v -0.03391080 0.02813202 -0.00171450
v -0.03393412 0.02796332 0.00358015
v -0.03339725 0.02670649 0.00899086
v -0.03241263 0.02431684 0.01425847
v -0.03530948 0.02793109 0.00385225
v -0.03486844 0.02660907 0.00928237
v -0.03408048 0.02420380 0.01441889
v -0.03661905 0.02648603 0.00956055
v -0.03593546 0.02407538 0.01458483
v -0.03548563 0.02109638 0.01862770
v -0.03550626 0.01793500 0.02172638
v -0.03813468 0.02102533 0.01873919
v -0.03815189 0.01783783 0.02181047
v -0.04116691 0.02093573 0.01884425
v -0.04118644 0.01770942 0.02190586
v -0.03849662 0.01369281 0.02461245
v -0.03597440 0.01372870 0.02457452
v -0.03659379 0.00855951 0.02683452
v -0.03477384 0.00853241 0.02686064
v -0.03404484 0.01376215 0.02458418
v -0.03514237 0.00261884 0.02807540
v -0.03686686 0.00263617 0.02807240
v -0.03882694 0.00855634 0.02683361
v -0.03899076 0.00266010 0.02807125
v -0.03884440 -0.00374102 0.02792458
v -0.03674991 -0.00377105 0.02792623
v -0.03835233 -0.01017633 0.02627381
v -0.03606156 -0.01026275 0.02625363
v -0.03774198 -0.01586920 0.02327018
v -0.03503434 -0.01599542 0.02316712
v -0.03748209 -0.02029986 0.01955751
v -0.03460038 -0.02040045 0.01943949
v -0.03525870 -0.02390802 0.01489710
v -0.03783707 -0.02383014 0.01503214
v -0.03623917 -0.02660577 0.00923459
v -0.03843656 -0.02655182 0.00936492
v -0.03669608 -0.02805401 0.00282744
v -0.03497281 -0.02806451 0.00271386
v -0.03880900 -0.02804327 0.00295860
v -0.03873978 -0.02792462 -0.00371370
v -0.03665250 -0.02791656 -0.00382716
v -0.03489066 -0.02792608 -0.00388534
v -0.03597684 -0.02623053 -0.01031073
v -0.03397196 -0.02619928 -0.01038621
v -0.03235160 -0.02617706 -0.01042755
v -0.03268339 -0.02313043 -0.01609364
v -0.03081070 -0.02298126 -0.01627891
v -0.03210563 -0.01960260 -0.02023406
v -0.03017875 -0.01942291 -0.02041371
v -0.03095231 -0.01533184 -0.02364144
v -0.02916691 -0.01503302 -0.02382850
v -0.03282023 -0.01556988 -0.02350161
v -0.03230289 -0.01046856 -0.02616218
v -0.03078129 -0.01020440 -0.02626512
v -0.03179435 -0.00506671 -0.02772713
v -0.03041532 -0.00486016 -0.02776695
v -0.02928751 -0.00987725 -0.02640221
v -0.03208988 0.00020087 -0.02820222
v -0.03073246 0.00023578 -0.02820844
v -0.02925565 0.00027240 -0.02821643
v -0.03026151 0.00534906 -0.02768204
v -0.02878495 0.00518891 -0.02772077
v -0.02821061 0.00031610 -0.02856596
v -0.02771525 0.00518134 -0.02812513
v -0.02820170 0.00037275 -0.02982645
v -0.02764408 0.00554169 -0.02942366
v -0.02819156 0.00040888 -0.03109853
v -0.02758866 0.00575702 -0.03073059
v -0.02817887 0.00046210 -0.03247428
v -0.02775883 -0.00476519 -0.03224508
v -0.02754362 0.00592060 -0.03211100
v -0.02751969 0.00603510 -0.03348385
v -0.02817643 0.00050165 -0.03382751
v -0.02774308 -0.00483062 -0.03359821
v -0.02632120 -0.01000592 -0.03292395
v -0.02773209 -0.00487384 -0.03502300
v -0.02629850 -0.01007574 -0.03443149
v -0.02387626 -0.01493853 -0.03361665
v -0.02626005 -0.01011529 -0.03631802
v -0.02388956 -0.01488849 -0.03560556
v -0.02087723 -0.01889972 -0.03511784
v -0.02395743 -0.01482501 -0.03819355
v -0.02101847 -0.01876349 -0.03780176
v -0.01776798 -0.02186676 -0.03783685
v -0.02115714 -0.01858917 -0.04094802
v -0.01790043 -0.02176056 -0.04095317
v -0.01801529 -0.02167486 -0.04438345
v -0.01392228 -0.02449444 -0.04121983
v -0.01378751 -0.02457745 -0.03825960
v -0.00916153 -0.02664093 -0.03863733
v -0.00893790 -0.02670587 -0.03639908
v -0.01358329 -0.02467828 -0.03575365
v -0.00423978 -0.02784771 -0.03885186
v -0.00402848 -0.02788482 -0.03674029
v -0.00383304 -0.02792682 -0.03498996
v 0.00100118 -0.02814874 -0.03676781
v 0.00116427 -0.02813971 -0.03503016
v -0.00364237 -0.02794683 -0.03351273
v 0.00129708 -0.02812481 -0.03353212
v -0.00346207 -0.02797271 -0.03215044
v 0.00140719 -0.02812652 -0.03215075
v -0.00325968 -0.02800885 -0.03077763
v 0.00150863 -0.02812432 -0.03080711
v 0.00644796 -0.02742511 -0.03154654
v 0.00645248 -0.02743341 -0.03011212
v 0.01155612 -0.02570855 -0.03018358
v 0.01156710 -0.02570416 -0.02845630
v 0.01150399 -0.02573516 -0.03186665
v 0.01613192 -0.02309039 -0.03031272
v 0.01618222 -0.02305767 -0.02824244
v 0.01972848 -0.02013580 -0.02946109
v 0.01976657 -0.02006891 -0.02716528
v 0.02282479 -0.01649151 -0.02810399
v 0.02274166 -0.01660650 -0.03011972
v 0.02565841 -0.01161920 -0.03008276
v 0.02576815 -0.01141851 -0.02847031
v 0.02557443 -0.01180059 -0.03170452
v 0.02756271 -0.00592193 -0.03150738
v 0.02761459 -0.00572442 -0.03013872
v 0.02820443 0.00003705 -0.03202088
v 0.02821823 0.00014032 -0.03064629
v 0.02768307 -0.00544586 -0.02862973
v 0.02822701 0.00023505 -0.02919782
v 0.02755844 0.00601435 -0.03016122
v 0.02759616 0.00593476 -0.02865827
v 0.02854244 0.00032880 -0.02821416
v 0.02792855 0.00597016 -0.02758955
v 0.02976339 0.00045014 -0.02820182
v 0.02917880 0.00635883 -0.02747846
v 0.03110641 0.00055927 -0.02818877
v 0.03054489 0.00668720 -0.02738182
v 0.03244845 0.00066327 -0.02817870
v 0.03216012 -0.00559137 -0.02760814
v 0.03192428 0.00694941 -0.02729981
v 0.03379476 0.00076850 -0.02817249
v 0.03352780 -0.00558014 -0.02760842
v 0.03255343 -0.01186651 -0.02553550
v 0.03499264 -0.00554620 -0.02762168
v 0.03423055 -0.01174737 -0.02560437
v 0.03322140 -0.01709405 -0.02236650
v 0.03609811 -0.01161432 -0.02566394
v 0.03527597 -0.01682623 -0.02258099
v 0.03504367 -0.02062701 -0.01917943
v 0.03775765 -0.02040875 -0.01944278
v 0.03804135 -0.02353717 -0.01548398
v 0.03550680 -0.02370562 -0.01517988
v 0.03850814 -0.02608209 -0.01061290
v 0.03625387 -0.02618756 -0.01031500
v 0.03438754 -0.02633062 -0.01000452
v 0.03677035 -0.02775982 -0.00483641
v 0.03501193 -0.02779864 -0.00461998
v 0.03359579 -0.02782769 -0.00442648
v 0.03521896 -0.02816827 0.00104580
v 0.03381454 -0.02816217 0.00110480
v 0.03221383 -0.02786090 -0.00423286
v 0.03245358 -0.02816290 0.00115099
v 0.03087997 -0.02789874 -0.00402988
v 0.03109078 -0.02816485 0.00117579
v 0.02950302 -0.02793829 -0.00380845
v 0.02975949 -0.02816461 0.00122185
v 0.02825973 -0.02798224 -0.00357298
v 0.02852828 -0.02816827 0.00123612
v 0.03206808 -0.02739190 0.00658767
v 0.03344320 -0.02735968 0.00669371
v 0.03487020 -0.02734796 0.00677172
v 0.03413742 -0.02533184 0.01232025
v 0.03255941 -0.02540289 0.01215516
v 0.03598580 -0.02526422 0.01243243
v 0.03522445 -0.02218609 0.01733332
v 0.03321639 -0.02225616 0.01724405
v 0.03302230 -0.01851056 0.02125046
v 0.03509872 -0.01841827 0.02132537
v 0.03387277 -0.01343560 0.02476886
v 0.03579464 -0.01343341 0.02474195
v 0.03475131 -0.00745562 0.02716915
v 0.03330453 -0.00736895 0.02718931
v 0.03660140 -0.00751910 0.02713521
v 0.03524423 -0.00133014 0.02815986
v 0.03379440 -0.00133673 0.02815462
v 0.03358370 0.00457392 0.02779698
v 0.03225863 0.00445942 0.02782000
v 0.03244845 -0.00132843 0.02815612
v 0.03500997 0.00468427 0.02777456
v 0.03432455 0.01041986 0.02617324
v 0.03280184 0.01026606 0.02623310
v 0.03622079 0.01055194 0.02609521
v 0.03544833 0.01566108 0.02339490
v 0.03340072 0.01564911 0.02342746
v 0.03502938 0.01974115 0.02012141
v 0.03283785 0.01974140 0.02012872
v 0.03534310 0.02304926 0.01618837
v 0.03771762 0.01975336 0.02011190
v 0.03795638 0.02307441 0.01619030
v 0.03844784 0.02579511 0.01133902
v 0.04103964 0.02312177 0.01612393
v 0.04136984 0.02582734 0.01129023
v 0.04159994 0.02758954 0.00579032
v 0.04459896 0.02588471 0.01116983
v 0.04469662 0.02762079 0.00567185
v 0.04472885 0.02818891 -0.00014482
v 0.04469479 0.02753827 -0.00601035
v 0.04800717 0.02769526 0.00549314
v 0.04800717 0.02822211 -0.00026133
v 0.04800717 0.02755390 -0.00605933
v 0.04800717 0.02569062 -0.01163765
v 0.04800717 0.02342499 -0.00037488
v 0.04800717 0.02286835 -0.00504416
v 0.04800717 0.02146845 -0.00940266
v 0.04800717 0.01895917 -0.01369184
v 0.04800717 0.01837763 -0.00422726
v 0.04800717 0.01870136 -0.00057795
v 0.04800717 0.01393085 -0.00094944
v 0.04800717 0.01371088 -0.00394715
v 0.04800717 0.00950483 -0.00148270
v 0.04800717 0.00940985 -0.00424705
v 0.04800717 0.00544550 -0.00212976
v 0.04800717 0.00563349 -0.00493191
v 0.04800717 0.00614423 -0.00789440
v 0.04800717 0.00722968 -0.01146751
v 0.04800717 0.00190473 -0.00550557
v 0.04800717 0.00154267 -0.00256539
v 0.04800717 -0.00175665 -0.00576603
v 0.04800717 -0.00214190 -0.00261077
v 0.04800717 -0.00548980 -0.00574781
v 0.04800717 -0.00591851 -0.00232672
v 0.04800717 -0.00979278 -0.00193692
v 0.04800717 -0.00596759 0.00083258
v 0.04800717 -0.00980938 0.00165219
v 0.04800717 -0.01395489 -0.00137571
v 0.04800717 -0.01386602 0.00261097
v 0.04800717 -0.01844952 -0.00085507
v 0.04800717 -0.01815582 0.00373607
v 0.04800717 -0.02314166 -0.00031672
v 0.04800717 -0.02267218 0.00496704
v 0.04800717 -0.02822857 0.00014486
v 0.04800717 -0.02759820 -0.00588591
v 0.04800717 -0.02750006 0.00628196
v 0.04472775 -0.02818243 0.00041260
v 0.04469540 -0.02762872 -0.00562610
v 0.04460092 -0.02586480 -0.01121241
v 0.04160177 -0.02767340 -0.00534714
v 0.04138888 -0.02598053 -0.01092131
v 0.04108383 -0.02335504 -0.01576934
v 0.03888851 -0.02771685 -0.00507984
v 0.04165438 -0.02818341 0.00065232
v 0.03897531 -0.02816754 0.00084159
v 0.03693551 -0.02816095 0.00096460
v 0.03876620 -0.02732428 0.00681433
v 0.03664730 -0.02731866 0.00682117
v 0.04155209 -0.02737481 0.00671727
v 0.04130880 -0.02528131 0.01247036
v 0.03836532 -0.02525177 0.01249347
v 0.04100497 -0.02213067 0.01743715
v 0.03788571 -0.02213043 0.01741772
v 0.03782174 -0.01830401 0.02141057
v 0.04097506 -0.01821954 0.02147226
v 0.03829220 -0.01341510 0.02477764
v 0.04126010 -0.01331500 0.02484220
v 0.03876095 -0.00752032 0.02713981
v 0.04154122 -0.00745660 0.02718265
v 0.03899386 -0.00126251 0.02816723
v 0.03692452 -0.00130792 0.02816434
v 0.04165902 -0.00117779 0.02816349
v 0.03886117 0.00489203 0.02771733
v 0.03676522 0.00479535 0.02773436
v 0.04159262 0.00498456 0.02772857
v 0.04138400 0.01069672 0.02607498
v 0.03849301 0.01064862 0.02607025
v 0.04107821 0.01569086 0.02341307
v 0.03800118 0.01570282 0.02340028
v 0.04087899 0.01975531 0.02008015
v 0.04437326 0.01977851 0.02007386
v 0.04444930 0.02318915 0.01603231
v 0.04800717 0.01984125 0.02008011
v 0.04800717 0.02332196 0.01589766
v 0.04800717 0.02600409 0.01098019
v 0.04800717 0.01955878 0.01325821
v 0.04800717 0.02168402 0.00893363
v 0.04800717 0.02299970 0.00432801
v 0.04800717 0.01752265 0.00714603
v 0.04800717 0.01844599 0.00326670
v 0.04800717 0.01331562 0.00557984
v 0.04800717 0.01385907 0.00223033
v 0.04800717 0.00914960 0.00408611
v 0.04800717 0.00949482 0.00123301
v 0.04800717 0.00528730 0.00295191
v 0.04800717 0.00537323 0.00049082
v 0.04800717 0.00132880 0.00242332
v 0.04800717 0.00138568 0.00005712
v 0.04800717 -0.00229034 0.00025634
v 0.04800717 -0.00222149 0.00297147
v 0.04800717 -0.00561554 0.00390509
v 0.04800717 -0.00483477 0.00643369
v 0.04800717 -0.00922418 0.00504290
v 0.04800717 -0.00780426 0.00814482
v 0.04800717 -0.01299542 0.00651944
v 0.04800717 -0.01128790 0.01008863
v 0.04800717 -0.01484503 0.01222962
v 0.04800717 -0.01697638 0.00816812
v 0.04800717 -0.02109649 0.01005535
v 0.04800717 -0.01846197 0.01464344
v 0.04800717 -0.02542559 0.01220489
v 0.04800717 -0.02219098 0.01742324
v 0.04456735 -0.02533062 0.01237561
v 0.04468478 -0.02742022 0.00653345
v 0.04443087 -0.02214727 0.01744645
v 0.04440988 -0.01811700 0.02159772
v 0.04800717 -0.01799566 0.02175354
v 0.04454293 -0.01315338 0.02494390
v 0.04800717 -0.01293097 0.02508340
v 0.04467343 -0.00731012 0.02722981
v 0.04800717 -0.00709478 0.02729817
v 0.04472213 -0.00104547 0.02816712
v 0.04800717 -0.00087481 0.02819498
v 0.04469613 0.00506537 0.02773203
v 0.04800717 0.00513471 0.02775078
v 0.04800717 0.01063471 0.02614955
v 0.04459738 0.01068720 0.02609455
v 0.04800717 0.01559491 0.02353444
v 0.04445809 0.01565375 0.02345767
v 0.04800717 0.01315839 0.02019815
v 0.04800717 0.01671405 0.01702768
v 0.04800717 0.01359101 0.01429499
v 0.04800717 0.01588520 0.01092801
v 0.04800717 0.01024897 0.01176812
v 0.04800717 0.01213349 0.00875649
v 0.04800717 0.00832148 0.00677532
v 0.04800717 0.00679828 0.00950488
v 0.04800717 0.00785468 0.01447547
v 0.04800717 0.00478388 0.01196041
v 0.04800717 0.00518622 0.01676751
v 0.04800717 0.00246894 0.01415767
v 0.04800717 -0.00034063 0.01176294
v 0.04800717 -0.00303302 0.00914478
v 0.04800717 -0.00279620 0.01374198
v 0.04800717 -0.00559796 0.01108055
v 0.04800717 -0.00555694 0.01605236
v 0.04800717 -0.00868927 0.01330506
v 0.04800717 -0.00831305 0.01864579
v 0.04800717 -0.01188116 0.01575756
v 0.04800717 -0.01071124 0.02159262
v 0.04800717 -0.01495050 0.01851433
v 0.04800717 -0.00577227 0.02372333
v 0.04800717 -0.00427496 0.02077887
v 0.04800717 -0.00044610 0.02465047
v 0.04800717 0.00460810 0.02418135
v 0.04800717 0.00904023 0.02264212
v 0.04800717 0.00735028 0.01957856
v 0.04800717 0.01066181 0.01723289
v 0.03672677 -0.00547589 -0.02761346
v 0.03885507 -0.00535748 -0.02763422
v 0.03696688 0.00099994 -0.02817130
v 0.03900680 0.00113300 -0.02816662
v 0.03659884 0.00753461 -0.02712549
v 0.04167623 0.00128046 -0.02815442
v 0.03474240 0.00735053 -0.02719387
v 0.03382369 0.01363642 -0.02465591
v 0.03329904 0.00716230 -0.02723799
v 0.03219479 0.01354218 -0.02469693
v 0.03125741 0.01900605 -0.02080936
v 0.03063339 0.01335614 -0.02478790
v 0.02960885 0.01908319 -0.02071637
v 0.03160897 0.02304926 -0.01618225
v 0.03002450 0.02322797 -0.01592015
v 0.02993038 0.02630634 -0.01007795
v 0.02855502 0.02650605 -0.00958573
v 0.02952645 0.02782758 -0.00447046
v 0.02722323 0.02674359 -0.00899749
v 0.02827841 0.02788300 -0.00418073
v 0.02853866 0.02820258 0.00059545
v 0.02788912 0.02898822 -0.00415828
v 0.02820223 0.02930634 0.00068441
v 0.02787728 0.03049482 -0.00420260
v 0.02819418 0.03075141 0.00077827
v 0.02768746 0.02885077 0.00541228
v 0.02762301 0.03029193 0.00566996
v 0.02818185 0.03211664 0.00087873
v 0.02756661 0.03170429 0.00589012
v 0.02603744 0.03065741 0.01074887
v 0.02615292 0.02916034 0.01048341
v 0.02594308 0.03220111 0.01097827
v 0.02351791 0.03097455 0.01550280
v 0.02366366 0.02914276 0.01528409
v 0.02342892 0.03281830 0.01566770
v 0.02055697 0.03205732 0.01927722
v 0.02064034 0.03010248 0.01919387
v 0.01713961 0.03042987 0.02235899
v 0.01716073 0.03239423 0.02237440
v 0.01254354 0.03185932 0.02522551
v 0.01264388 0.03355878 0.02519543
v 0.00739291 0.03299482 0.02717861
v 0.00723812 0.03157074 0.02722896
v 0.00752242 0.03448310 0.02714697
v 0.00205331 0.03353193 0.02810663
v 0.00196688 0.03215058 0.02811409
v -0.00332474 0.03344721 0.02796630
v -0.00333109 0.03207734 0.02797589
v -0.00330826 0.03492914 0.02797599
v -0.00861356 0.03431415 0.02682569
v -0.00857352 0.03275922 0.02683200
v -0.01349564 0.03334491 0.02474847
v -0.01343046 0.03165985 0.02478411
v -0.01356193 0.03544501 0.02471244
v -0.01754337 0.03461884 0.02203091
v -0.01752653 0.03233808 0.02207228
v -0.02049552 0.03443036 0.01930360
v -0.02042167 0.03208149 0.01940084
v -0.02312089 0.03274775 0.01609336
v -0.02321329 0.03496503 0.01593283
v -0.02566263 0.03389862 0.01162280
v -0.02572452 0.03589667 0.01146756
v -0.02740873 0.03478217 0.00653527
v -0.02746354 0.03665277 0.00631891
v -0.02816056 0.03533124 0.00111795
v -0.02814335 0.03391938 0.00136767
v -0.02817020 0.03701142 0.00080315
v -0.02782413 0.03522846 -0.00432063
v -0.02787638 0.03390546 -0.00396779
v -0.02664518 0.03332270 -0.00912650
v -0.02679313 0.03207441 -0.00867656
v -0.02792801 0.03262592 -0.00362922
v -0.02467069 0.03105317 -0.01356518
v -0.02495389 0.02976508 -0.01304310
v -0.02694462 0.03082026 -0.00819854
v -0.02530424 0.02850434 -0.01237953
v -0.02323173 0.02575483 -0.01595141
v -0.02568741 0.02718793 -0.01163311
v -0.02390616 0.02439594 -0.01493713
v -0.02625431 0.02599311 -0.01096653
v -0.02541446 0.02393525 -0.01488005
v -0.02764188 0.02594745 -0.01105430
v -0.02725626 0.02378925 -0.01511121
v -0.02916276 0.02587958 -0.01116283
v -0.02910953 0.02369428 -0.01523717
v -0.03072184 0.02584296 -0.01122960
v -0.03094571 0.02366401 -0.01529566
v -0.03230973 0.02583246 -0.01125380
v -0.03334952 0.02737665 -0.00669325
v -0.03390384 0.02583905 -0.01124900
v -0.03482242 0.02739472 -0.00660879
v -0.03531913 0.02814838 -0.00152246
v -0.03663297 0.02739887 -0.00649360
v -0.03699259 0.02816156 -0.00129980
v -0.03698343 0.02786591 0.00413176
v -0.03905070 0.02817035 -0.00103615
v -0.03905985 0.02782172 0.00443578
v -0.03882108 0.02638837 0.00984906
v -0.03843424 0.02397553 0.01479188
v -0.04172843 0.02777533 0.00475540
v -0.04159781 0.02628705 0.01012777
v -0.04136295 0.02385883 0.01497126
v -0.04469523 0.02620282 0.01038715
v -0.04460123 0.02375922 0.01516475
v -0.04452958 0.02083490 0.01897548
v -0.04453287 0.01755609 0.02204812
v -0.04799283 0.02367890 0.01535157
v -0.04799283 0.02072724 0.01912738
v -0.04799283 0.01737665 0.02222593
v -0.04799283 0.01749115 0.01687328
v -0.04799283 0.01488373 0.01943492
v -0.04799283 0.01341791 0.02483919
v -0.04460746 0.01351020 0.02473706
v -0.04469413 0.00850800 0.02687283
v -0.04159379 0.00852753 0.02685321
v -0.04140909 0.01360395 0.02466935
v -0.04166837 0.00269818 0.02807009
v -0.04472721 0.00277314 0.02806343
v -0.04468302 -0.00348956 0.02796785
v -0.04157914 -0.00365313 0.02794342
v -0.04455570 -0.00978350 0.02642845
v -0.04129667 -0.01001129 0.02633374
v -0.04437540 -0.01544561 0.02357643
v -0.04090592 -0.01567144 0.02341755
v -0.04427884 -0.02005035 0.01980915
v -0.04072367 -0.02016558 0.01966985
v -0.04438798 -0.02376104 0.01516082
v -0.04096720 -0.02378155 0.01509920
v -0.04132743 -0.02653106 0.00947073
v -0.04456424 -0.02652081 0.00952488
v -0.04464921 -0.02801397 0.00320508
v -0.04152274 -0.02802618 0.00308549
v -0.04463651 -0.02798468 -0.00334474
v -0.04149186 -0.02795636 -0.00355341
v -0.04452909 -0.02648663 -0.00961451
v -0.04124430 -0.02636920 -0.00990528
v -0.03826639 -0.02628009 -0.01014667
v -0.04086808 -0.02359503 -0.01540648
v -0.03765543 -0.02339654 -0.01568630
v -0.03494449 -0.02323761 -0.01589527
v -0.03735404 -0.01994366 -0.01991726
v -0.03446549 -0.01976031 -0.02008182
v -0.03764127 -0.01593609 -0.02321694
v -0.03495792 -0.01575860 -0.02334347
v -0.03587443 -0.01092804 -0.02596237
v -0.03391813 -0.01070245 -0.02607172
v -0.03817740 -0.01109381 -0.02588112
v -0.03649381 -0.00551959 -0.02762869
v -0.03468436 -0.00537359 -0.02766859
v -0.03668863 0.00006806 -0.02819829
v -0.03494437 0.00011591 -0.02819846
v -0.03321781 -0.00522320 -0.02769735
v -0.03347660 0.00015961 -0.02819842
v -0.03462650 0.00552192 -0.02763733
v -0.03310526 0.00549067 -0.02764890
v -0.03169449 0.00544452 -0.02766085
v -0.03215104 0.01059223 -0.02611195
v -0.03056388 0.01053046 -0.02613929
v -0.02892862 0.01044330 -0.02617731
v -0.02889396 0.01517206 -0.02373215
v -0.02699906 0.01515985 -0.02375549
v -0.02732487 0.01030707 -0.02623710
v -0.02492411 0.01509833 -0.02380293
v -0.02614481 0.01052948 -0.02678389
v -0.02572928 0.01149018 -0.02815041
v -0.02170548 0.01791034 -0.02806792
v -0.02563468 0.01163715 -0.02960225
v -0.02195206 0.01762445 -0.02963632
v -0.02556974 0.01177729 -0.03104408
v -0.02206778 0.01749799 -0.03140321
v -0.02553214 0.01186640 -0.03252935
v -0.02221012 0.01728681 -0.03316536
v -0.02552994 0.01189350 -0.03419989
v -0.02750980 0.00611859 -0.03494983
v -0.02818302 0.00052533 -0.03525616
v -0.02553226 0.01189130 -0.03606638
v -0.02748978 0.00617548 -0.03675002
v -0.02817618 0.00053852 -0.03698307
v -0.02770572 -0.00490216 -0.03678989
v -0.02749528 0.00616059 -0.03883357
v -0.02817350 0.00054242 -0.03899131
v -0.02770780 -0.00489288 -0.03887079
v -0.02628800 -0.01007574 -0.03857625
v -0.02774357 -0.00485504 -0.04161914
v -0.02635795 -0.00997174 -0.04145934
v -0.02407853 -0.01464703 -0.04121199
v -0.02643485 -0.00977545 -0.04464409
v -0.02422501 -0.01440728 -0.04451631
v -0.02134745 -0.01838873 -0.04439071
v -0.02442850 -0.01408746 -0.04799736
v -0.02159708 -0.01815753 -0.04799736
v -0.01858988 -0.01512384 -0.04799736
v -0.01546183 -0.01816925 -0.04799736
v -0.01811625 -0.02163482 -0.04799736
v -0.01183610 -0.02063214 -0.04799736
v -0.01403068 -0.02446539 -0.04799736
v -0.00949820 -0.02655133 -0.04799736
v -0.00945682 -0.02655279 -0.04463016
v -0.00472745 -0.02780792 -0.04799736
v -0.00461344 -0.02781012 -0.04468045
v -0.00933976 -0.02658209 -0.04144721
v -0.01401127 -0.02444854 -0.04450418
v -0.00444474 -0.02783526 -0.04156610
v 0.00020907 -0.02818609 -0.04465673
v 0.00052023 -0.02817633 -0.04154208
v 0.00078842 -0.02816241 -0.03882550
v 0.00556100 -0.02762481 -0.04139276
v 0.00593356 -0.02751641 -0.03855678
v 0.00617123 -0.02748004 -0.03642111
v 0.01103317 -0.02592804 -0.03807175
v 0.01128121 -0.02583551 -0.03564182
v 0.00631710 -0.02745831 -0.03459205
v 0.01142977 -0.02577984 -0.03363429
v 0.00639681 -0.02743292 -0.03302239
v 0.01592550 -0.02323809 -0.03466568
v 0.01605514 -0.02316046 -0.03237005
v 0.01954171 -0.02029962 -0.03408809
v 0.01966232 -0.02021222 -0.03158798
v 0.02266451 -0.01673590 -0.03218799
v 0.02255709 -0.01686554 -0.03443590
v 0.02550534 -0.01196734 -0.03340152
v 0.02542391 -0.01214361 -0.03543551
v 0.02748800 -0.00627838 -0.03443274
v 0.02751766 -0.00609723 -0.03293636
v 0.02744247 -0.00646490 -0.03631831
v 0.02819784 -0.00028131 -0.03664987
v 0.02820407 -0.00016485 -0.03489542
v 0.02819613 -0.00006231 -0.03341158
v 0.02754464 0.00598139 -0.03456516
v 0.02753195 0.00601166 -0.03302767
v 0.02754013 0.00602802 -0.03161411
v 0.02555648 0.01183954 -0.03194405
v 0.02555050 0.01184735 -0.03029659
v 0.02558773 0.01181635 -0.02863063
v 0.02248239 0.01696796 -0.02849318
v 0.02249423 0.01697431 -0.02652514
v 0.02569406 0.01166718 -0.02692099
v 0.02256784 0.01689228 -0.02447850
v 0.02619345 0.01179291 -0.02562259
v 0.01887033 0.02093134 -0.02794981
v 0.01866635 0.02111029 -0.02597727
v 0.01427145 0.02429218 -0.02785035
v 0.01388449 0.02452338 -0.02630488
v 0.00921688 0.02662152 -0.02965034
v 0.00891757 0.02674164 -0.02828053
v 0.01458395 0.02409565 -0.02949949
v 0.00946566 0.02652826 -0.03110141
v 0.00395809 0.02790375 -0.03203752
v 0.00386764 0.02792817 -0.03066437
v 0.01480575 0.02396259 -0.03118920
v 0.00966159 0.02645697 -0.03256367
v 0.00403158 0.02788373 -0.03341218
v -0.00186466 0.02808881 -0.03363587
v -0.00177860 0.02810004 -0.03224231
v 0.00982760 0.02641083 -0.03410292
v 0.00409408 0.02788202 -0.03488225
v -0.00194352 0.02808564 -0.03508267
v -0.00797416 0.02701484 -0.03462047
v -0.00777482 0.02706757 -0.03313096
v 0.00414364 0.02786786 -0.03661953
v -0.00202262 0.02808002 -0.03677099
v -0.00817899 0.02693232 -0.03645272
v -0.01386735 0.02452143 -0.03571119
v -0.00210038 0.02807758 -0.03885394
v -0.00835282 0.02687470 -0.03862932
v -0.01407755 0.02440619 -0.03815842
v -0.01873954 0.02102948 -0.03777851
v -0.01854276 0.02117279 -0.03507021
v -0.01425406 0.02430414 -0.04111553
v -0.01892594 0.02081562 -0.04087191
v -0.02272843 0.01664716 -0.04102701
v -0.02250956 0.01693744 -0.03793621
v -0.01441776 0.02421332 -0.04445591
v -0.01917203 0.02062909 -0.04435843
v -0.02297733 0.01631855 -0.04444189
v -0.02582755 0.01128144 -0.04459383
v -0.02568778 0.01158954 -0.04134758
v -0.01944535 0.02043012 -0.04799736
v -0.02329667 0.01591986 -0.04799736
v -0.02604801 0.01087055 -0.04799736
v -0.02765946 0.00561322 -0.04799736
v -0.02756266 0.00588764 -0.04469202
v -0.02005814 0.01257050 -0.04799736
v -0.02253946 0.00838227 -0.04799736
v -0.01730826 0.00916230 -0.04799736
v -0.01956229 0.00566816 -0.04799736
v -0.02404838 0.00427607 -0.04799736
v -0.01505094 0.00553339 -0.04799736
v -0.01726298 0.00256244 -0.04799736
v -0.01331058 0.00209320 -0.04799736
v -0.01547880 -0.00057501 -0.04799736
v -0.01763932 -0.00321661 -0.04799736
v -0.02011124 -0.00569732 -0.04799736
v -0.01379300 -0.00358575 -0.04799736
v -0.01588895 -0.00626373 -0.04799736
v -0.01834134 -0.00900225 -0.04799736
v -0.01371793 -0.00913556 -0.04799736
v -0.01600138 -0.01216436 -0.04799736
v -0.02118119 -0.01156402 -0.04799736
v -0.02311222 -0.00771051 -0.04799736
v -0.02427640 -0.00381720 -0.04799736
v -0.02654447 -0.00950421 -0.04799736
v -0.02780790 -0.00468512 -0.04799736
v -0.02821219 0.00032489 -0.04799736
v -0.02777128 -0.00478961 -0.04470637
v -0.02817545 0.00045575 -0.04472586
v -0.02817643 0.00052143 -0.04168244
v -0.02752677 0.00606952 -0.04158791
v -0.02558646 0.01179901 -0.03843608
v -0.02233732 0.01712714 -0.03521253
v -0.01836564 0.02134320 -0.03296721
v -0.01815983 0.02154560 -0.03128029
v -0.01364945 0.02465937 -0.03377483
v -0.01343570 0.02477875 -0.03213841
v -0.01790983 0.02174213 -0.02961810
v -0.01312467 0.02495356 -0.03060146
v -0.00755472 0.02713373 -0.03173761
v -0.01275821 0.02513642 -0.02908866
v -0.00728739 0.02722406 -0.03032465
v -0.00169352 0.02811054 -0.03091219
v -0.00695328 0.02733710 -0.02888614
v -0.00159586 0.02812543 -0.02954011
v 0.00375497 0.02796015 -0.02932546
v -0.00145756 0.02814374 -0.02836668
v 0.00362387 0.02799189 -0.02800096
v 0.00854440 0.02687470 -0.02686580
v 0.00887008 0.02824872 -0.02675674
v 0.01373336 0.02626313 -0.02461269
v 0.00379074 0.02933808 -0.02795187
v 0.00915035 0.02967670 -0.02665488
v 0.01404330 0.02793793 -0.02443300
v 0.01427938 0.02961982 -0.02429160
v 0.01833505 0.02806781 -0.02137988
v 0.01822323 0.02600458 -0.02147947
v 0.02163693 0.02595624 -0.01802004
v 0.02157162 0.02808954 -0.01808741
v 0.02449594 0.02775971 -0.01392383
v 0.02465402 0.02597089 -0.01371411
v 0.02676315 0.02787665 -0.00895629
v 0.02536239 0.02457856 -0.01386356
v 0.02667147 0.02949555 -0.00915086
v 0.02443148 0.02953534 -0.01402302
v 0.02662460 0.03098676 -0.00923783
v 0.02787496 0.03187568 -0.00419701
v 0.02660238 0.03251581 -0.00927776
v 0.02787448 0.03330658 -0.00417950
v 0.02817257 0.03351117 0.00098480
v 0.02788522 0.03484394 -0.00414954
v 0.02817233 0.03499091 0.00109536
v 0.02752304 0.03310199 0.00607521
v 0.02749142 0.03461786 0.00626374
v 0.02815414 0.03671332 0.00121588
v 0.02743429 0.03640839 0.00644304
v 0.02577426 0.03577777 0.01138382
v 0.02587362 0.03380463 0.01117372
v 0.02571383 0.03811567 0.01154289
v 0.02327658 0.03762226 0.01589230
v 0.02332113 0.03496112 0.01579046
v 0.02043759 0.03730243 0.01942726
v 0.02047201 0.03445404 0.01935672
v 0.01715975 0.03472309 0.02236488
v 0.01710568 0.03751654 0.02240290
v 0.01272128 0.03559955 0.02514621
v 0.01279196 0.03805048 0.02512469
v 0.00764901 0.03637470 0.02710136
v 0.00774215 0.03853241 0.02706595
v 0.00223556 0.03674408 0.02808731
v 0.00214144 0.03498456 0.02810346
v 0.00232650 0.03880194 0.02807833
v -0.00322074 0.03875629 0.02797408
v -0.00328019 0.03668402 0.02797185
v -0.00861405 0.03844892 0.02679893
v -0.00864445 0.03624677 0.02679815
v -0.00854008 0.04129999 0.02684774
v -0.01349576 0.04095771 0.02473452
v -0.01356254 0.03793842 0.02471154
v -0.01754154 0.04065888 0.02202375
v -0.01756913 0.03743476 0.02203369
v -0.02063016 0.03730780 0.01919751
v -0.02073563 0.04062714 0.01903563
v -0.02336539 0.03767328 0.01573473
v -0.02356351 0.04088837 0.01545249
v -0.02582511 0.03826093 0.01123768
v -0.02598844 0.04125312 0.01088819
v -0.02752213 0.03874506 0.00602064
v -0.02761674 0.04154413 0.00560930
v -0.02817618 0.03900824 0.00041861
v -0.02819059 0.04168891 -0.00007820
v -0.02765287 0.03895966 -0.00522567
v -0.02773014 0.03691083 -0.00474175
v -0.02756974 0.04166278 -0.00580371
v -0.02608439 0.03866327 -0.01059461
v -0.02627762 0.03647943 -0.01006385
v -0.02387076 0.03576239 -0.01491183
v -0.02415580 0.03396552 -0.01448076
v -0.02648014 0.03476728 -0.00958099
v -0.02107145 0.03313398 -0.01868741
v -0.02138358 0.03145966 -0.01834673
v -0.02442826 0.03241938 -0.01402519
v -0.01752360 0.03134955 -0.02205603
v -0.01774015 0.02965204 -0.02188021
v -0.02166678 0.02984540 -0.01798252
v -0.01255839 0.03062201 -0.02519896
v -0.01254215 0.02900531 -0.02521072
v -0.01805570 0.02790204 -0.02160463
v -0.00694620 0.03033002 -0.02731390
v -0.00680619 0.02877729 -0.02737536
v -0.01245255 0.02738837 -0.02527122
v -0.01178007 0.02560956 -0.02599328
v -0.00661661 0.02743744 -0.02766395
v -0.01225150 0.02539252 -0.02750898
v -0.00147709 0.02942084 -0.02814195
v -0.00148282 0.03085761 -0.02814048
v -0.00702201 0.03172992 -0.02727858
v -0.00146647 0.03221747 -0.02813872
v 0.00393356 0.03064228 -0.02791123
v 0.00405477 0.03201923 -0.02787683
v -0.00144217 0.03359003 -0.02813776
v 0.00416256 0.03339984 -0.02784637
v 0.00953659 0.03261127 -0.02651932
v 0.00936300 0.03115522 -0.02658160
v 0.00969100 0.03416889 -0.02646444
v 0.01458004 0.03307978 -0.02412383
v 0.01446200 0.03131635 -0.02418844
v 0.01859774 0.03210175 -0.02115236
v 0.01847872 0.03008930 -0.02127121
v 0.02156942 0.03006000 -0.01810931
v 0.02160592 0.03214765 -0.01809414
v 0.02441500 0.03129584 -0.01405798
v 0.02443807 0.03311151 -0.01404070
v 0.02660568 0.03410639 -0.00927971
v 0.02444503 0.03524384 -0.01401856
v 0.02661202 0.03607148 -0.00925703
v 0.02789791 0.03659809 -0.00409027
v 0.02665304 0.03829657 -0.00915931
v 0.02791000 0.03866278 -0.00397641
v 0.02813925 0.03872748 0.00134900
v 0.02793893 0.04144501 -0.00380385
v 0.02815389 0.04147895 0.00150685
v 0.02738571 0.03850824 0.00659971
v 0.02737716 0.04135712 0.00672962
v 0.02814511 0.04462323 0.00167858
v 0.02735079 0.04457489 0.00682524
v 0.02566513 0.04446552 0.01167735
v 0.02568563 0.04111567 0.01163073
v 0.02325961 0.04431586 0.01594467
v 0.02325753 0.04079413 0.01593592
v 0.02034713 0.04421552 0.01949868
v 0.02037631 0.04058564 0.01946484
v 0.01702389 0.04073822 0.02246971
v 0.01693917 0.04427851 0.02253748
v 0.01279598 0.04109467 0.02511440
v 0.01276412 0.04444159 0.02513383
v 0.00781649 0.04138642 0.02708413
v 0.00784603 0.04458564 0.02708493
v 0.00252572 0.04464618 0.02808151
v 0.00242611 0.04152631 0.02808142
v -0.00298038 0.04463422 0.02803414
v -0.00312186 0.04149970 0.02800914
v -0.00279850 0.04799970 0.02809635
v -0.00821647 0.04799970 0.02701234
v -0.00840311 0.04454316 0.02690705
v -0.01326249 0.04799970 0.02492303
v -0.01339103 0.04438593 0.02479867
v -0.01757047 0.04799970 0.02207702
v -0.01754838 0.04425214 0.02204241
v -0.02091434 0.04424579 0.01888384
v -0.02112406 0.04799970 0.01868163
v -0.02380326 0.04438007 0.01510944
v -0.02405851 0.04799970 0.01470687
v -0.02617716 0.04454609 0.01045929
v -0.02637894 0.04799970 0.00996900
v -0.02771805 0.04466816 0.00511806
v -0.02782596 0.04799970 0.00456453
v -0.02817057 0.04473456 -0.00064642
v -0.02816666 0.04799970 -0.00125055
v -0.02743302 0.04473017 -0.00642795
v -0.02729911 0.04799970 -0.00704843
v -0.02560550 0.04463886 -0.01177522
v -0.02586637 0.04147870 -0.01118057
v -0.02535172 0.04799970 -0.01233980
v -0.02289933 0.04448554 -0.01642540
v -0.02325467 0.04119086 -0.01591173
v -0.02011417 0.04097602 -0.01972810
v -0.02047831 0.03789301 -0.01936591
v -0.02358524 0.03823505 -0.01540281
v -0.01681534 0.03800507 -0.02261161
v -0.01709244 0.03535028 -0.02240329
v -0.02078556 0.03524482 -0.01899736
v -0.01238993 0.03593622 -0.02528389
v -0.01251163 0.03395966 -0.02524612
v -0.01733353 0.03313886 -0.02222812
v -0.00706388 0.03467231 -0.02726452
v -0.00705265 0.03315570 -0.02726420
v -0.01254569 0.03226874 -0.02521556
v -0.00140726 0.03506488 -0.02814398
v -0.00703837 0.03651484 -0.02726677
v -0.00135575 0.03678974 -0.02815139
v 0.00426974 0.03486884 -0.02783905
v 0.00438217 0.03664765 -0.02782097
v -0.00128055 0.03882978 -0.02815431
v 0.00448751 0.03869452 -0.02779395
v 0.00998605 0.03832563 -0.02635299
v 0.00985702 0.03607196 -0.02639928
v 0.01485629 0.03769843 -0.02393637
v 0.01472470 0.03515107 -0.02401207
v 0.01872994 0.03726459 -0.02104049
v 0.01866195 0.03439325 -0.02107838
v 0.02166146 0.03445331 -0.01799677
v 0.02175314 0.03732929 -0.01787477
v 0.02451046 0.03780097 -0.01391832
v 0.02192477 0.04062275 -0.01768573
v 0.02465133 0.04093476 -0.01368263
v 0.02673446 0.04125019 -0.00896546
v 0.02481918 0.04438007 -0.01339464
v 0.02682101 0.04453095 -0.00869825
v 0.02796591 0.04460468 -0.00357975
v 0.02696285 0.04799970 -0.00837227
v 0.02802535 0.04799970 -0.00331187
v 0.02815158 0.04799970 0.00185237
v 0.02338168 0.04799970 -0.00224550
v 0.02348837 0.04799970 0.00207489
v 0.02735690 0.04799970 0.00688051
v 0.02568795 0.04799970 0.01166491
v 0.02331710 0.04799970 0.01591439
v 0.02035324 0.04799970 0.01954789
v 0.01722665 0.04799970 0.01646971
v 0.01682369 0.04799970 0.02264150
v 0.01412997 0.04799970 0.01880081
v 0.01049459 0.04799970 0.02093907
v 0.01267513 0.04799970 0.02520762
v 0.00652023 0.04799970 0.02257894
v 0.00786495 0.04799970 0.02710692
v 0.00220455 0.04799970 0.02359011
v 0.00263217 0.04799970 0.02810898
v 0.00148690 0.04799970 0.01947855
v -0.00224503 0.04799970 0.02381642
v -0.00694291 0.04799970 0.02309478
v -0.00915128 0.04799970 0.01808021
v -0.01125858 0.04799970 0.02132376
v -0.01197843 0.04799970 0.01580076
v -0.01488077 0.04799970 0.01874584
v -0.01779484 0.04799970 0.01565271
v -0.01429008 0.04799970 0.01295284
v -0.02014884 0.04799970 0.01203440
v -0.01626517 0.04799970 0.00965039
v -0.02200419 0.04799970 0.00783698
v -0.01787772 0.04799970 0.00589616
v -0.02318180 0.04799970 0.00311862
v -0.01887760 0.04799970 0.00175071
v -0.02348673 0.04799970 -0.00190226
v -0.01908683 0.04799970 -0.00267837
v -0.02280546 0.04799970 -0.00688306
v -0.01852384 0.04799970 -0.00711800
v -0.02129789 0.04799970 -0.01146957
v -0.01499198 0.04799970 -0.00358152
v -0.01465983 0.04799970 -0.00776772
v -0.01119889 0.04799970 -0.00453857
v -0.01106888 0.04799970 -0.00859169
v -0.01095817 0.04799970 -0.01266780
v -0.00759952 0.04799970 -0.00946753
v -0.00763822 0.04799970 -0.01370946
v -0.01166263 0.04799970 -0.01653013
v -0.00827530 0.04799970 -0.01787102
v -0.01337320 0.04799970 -0.01997005
v -0.00964298 0.04799970 -0.02177745
v -0.01150651 0.04799970 -0.02574825
v -0.01573185 0.04799970 -0.02343535
v -0.01929789 0.04799970 -0.02056115
v -0.02255216 0.04799970 -0.01692118
v -0.01612333 0.04445624 -0.02310956
v -0.01971854 0.04439521 -0.02012811
v -0.01177945 0.04457245 -0.02559707
v -0.01202067 0.04132367 -0.02547910
v -0.01649747 0.04107294 -0.02283640
v -0.00682425 0.04150995 -0.02734705
v -0.00696500 0.03871698 -0.02729310
v -0.01223575 0.03841156 -0.02537559
v -0.00118070 0.04155146 -0.02815851
v -0.00665568 0.04465961 -0.02738852
v -0.00107779 0.04466474 -0.02815747
v 0.00458651 0.04145868 -0.02780559
v 0.00466122 0.04460956 -0.02779907
v 0.01014657 0.04448407 -0.02628150
v 0.01007394 0.04119696 -0.02630062
v 0.01500448 0.04431415 -0.02386047
v 0.01494320 0.04081513 -0.02388919
v 0.01892721 0.04419501 -0.02086951
v 0.01879379 0.04055292 -0.02095107
v 0.02214718 0.04423456 -0.01744930
v 0.01907113 0.04799970 -0.02077962
v 0.02240011 0.04799970 -0.01714543
v 0.02504318 0.04799970 -0.01302289
v 0.01870504 0.04799970 -0.01388974
v 0.02075009 0.04799970 -0.01027590
v 0.02232150 0.04799970 -0.00629303
v 0.01676034 0.04799970 -0.00757377
v 0.01797225 0.04799970 -0.00419261
v 0.01870956 0.04799970 -0.00066751
v 0.01382162 0.04799970 -0.00199603
v 0.01452853 0.04799970 0.00121003
v 0.01893795 0.04799970 0.00269284
v 0.01500082 0.04799970 0.00433173
v 0.01090072 0.04799970 0.00304609
v 0.01169003 0.04799970 0.00608164
v 0.01283602 0.04799970 0.00922889
v 0.01455892 0.04799970 0.01282167
v 0.00867318 0.04799970 0.00789736
v 0.01000558 0.04799970 0.01120495
v 0.01180502 0.04799970 0.01494334
v 0.00696127 0.04799970 0.01299508
v 0.00860458 0.04799970 0.01686556
v 0.00375131 0.04799970 0.01451280
v 0.00515353 0.04799970 0.01839613
v 0.00238156 0.04799970 0.01108052
v 0.00046005 0.04799970 0.01567073
v -0.00080240 0.04799970 0.01241722
v 0.00104049 0.04799970 0.00811968
v -0.00218033 0.04799970 0.00960521
v -0.00532316 0.04799970 0.01114081
v -0.00364274 0.04799970 0.00685392
v -0.00697428 0.04799970 0.00847280
v -0.00867460 0.04799970 0.01320722
v -0.01063346 0.04799970 0.01057378
v -0.00856119 0.04799970 0.00562480
v -0.01235489 0.04799970 0.00750748
v -0.01376102 0.04799970 0.00411932
v -0.00989432 0.04799970 0.00256026
v -0.01470633 0.04799970 0.00043279
v -0.01081229 0.04799970 -0.00082896
v -0.00624344 0.04799970 0.00112001
v -0.00712565 0.04799970 -0.00202682
v -0.00757743 0.04799970 -0.00551194
v -0.00358390 0.04799970 -0.00325528
v -0.00415348 0.04799970 -0.00644847
v -0.00428397 0.04799970 -0.01024133
v -0.00077945 0.04799970 -0.00743926
v -0.00106486 0.04799970 -0.01085354
v -0.00429215 0.04799970 -0.01459478
v -0.00088456 0.04799970 -0.01515777
v -0.00466556 0.04799970 -0.01887903
v -0.00069462 0.04799970 -0.01939187
v -0.00543570 0.04799970 -0.02306603
v -0.00076725 0.04799970 -0.02366023
v -0.00097526 0.04799970 -0.02818439
v -0.00646634 0.04799970 -0.02744840
v 0.00471163 0.04799970 -0.02780937
v 0.00401815 0.04799970 -0.02332219
v 0.01018466 0.04799970 -0.02630792
v 0.00863693 0.04799970 -0.02197410
v 0.01504464 0.04799970 -0.02386332
v 0.01271469 0.04799970 -0.01979177
v 0.01613754 0.04799970 -0.01706344
v 0.01043405 0.04799970 -0.01607819
v 0.01318710 0.04799970 -0.01357247
v 0.01516366 0.04799970 -0.01077234
v 0.01003585 0.04799970 -0.01041571
v 0.01150472 0.04799970 -0.00779644
v 0.01276962 0.04799970 -0.00496165
v 0.00781808 0.04799970 -0.00534655
v 0.00893466 0.04799970 -0.00269325
v 0.00996786 0.04799970 0.00011716
v 0.00532687 0.04799970 -0.00072448
v 0.00646701 0.04799970 0.00195835
v 0.00751461 0.04799970 0.00484664
v 0.00304843 0.04799970 0.00369283
v 0.00428463 0.04799970 0.00655359
v -0.00027323 0.04799970 0.00528501
v 0.00554635 0.04799970 0.00958871
v -0.00154166 0.04799970 0.00252486
v -0.00502750 0.04799970 0.00404628
v -0.00268497 0.04799970 -0.00026728
v 0.00188253 0.04799970 0.00096495
v 0.00078671 0.04799970 -0.00174163
v -0.00013541 0.04799970 -0.00451414
v 0.00421664 0.04799970 -0.00330456
v 0.00316171 0.04799970 -0.00596426
v 0.00656149 0.04799970 -0.00796732
v 0.00231942 0.04799970 -0.00846357
v 0.00712020 0.04799970 -0.01804556
v 0.00326180 0.04799970 -0.01918527
v -0.01101285 -0.01158331 -0.04799736
v -0.01314737 -0.01487140 -0.04799736
v -0.00792826 -0.01350982 -0.04799736
v -0.00983915 -0.01704962 -0.04799736
v -0.00625809 -0.01861749 -0.04799736
v -0.00790873 -0.02243731 -0.04799736
v -0.00463187 -0.01490875 -0.04799736
v -0.00277164 -0.01963092 -0.04799736
v -0.00397855 -0.02373224 -0.04799736
v -0.00023807 -0.02432208 -0.04799736
v -0.00011564 -0.02822955 -0.04799736
v 0.00446688 -0.02784869 -0.04799736
v 0.00505856 -0.02773541 -0.04458291
v 0.00941305 -0.02658697 -0.04799736
v 0.01010836 -0.02629864 -0.04443889
v 0.01065377 -0.02608526 -0.04108153
v 0.01487692 -0.02394220 -0.04425632
v 0.01534274 -0.02364752 -0.04066163
v 0.01570956 -0.02340826 -0.03740486
v 0.01916549 -0.02061529 -0.04039982
v 0.01939388 -0.02043707 -0.03704809
v 0.02241586 -0.01708990 -0.04054281
v 0.02247726 -0.01698492 -0.03723499
v 0.02536154 -0.01227691 -0.03785001
v 0.02532052 -0.01240484 -0.04093732
v 0.02739828 -0.00662237 -0.03841451
v 0.02737387 -0.00677227 -0.04127524
v 0.02819015 -0.00059893 -0.04144320
v 0.02818820 -0.00042413 -0.03866944
v 0.02762338 0.00558881 -0.04137235
v 0.02756454 0.00579267 -0.03850488
v 0.02754782 0.00591938 -0.03639172
v 0.02569186 0.01158808 -0.03806844
v 0.02561605 0.01174750 -0.03567704
v 0.02558200 0.01181293 -0.03362596
v 0.02269259 0.01669526 -0.03475992
v 0.02260238 0.01681269 -0.03244834
v 0.02252157 0.01691327 -0.03049994
v 0.01914034 0.02067719 -0.03207865
v 0.01903634 0.02079413 -0.03014255
v 0.01497970 0.02388153 -0.03297178
v 0.01928927 0.02055121 -0.03440834
v 0.01513766 0.02378681 -0.03512014
v 0.00997885 0.02634198 -0.03604940
v 0.01526412 0.02371186 -0.03773941
v 0.01008639 0.02630341 -0.03834082
v 0.00418392 0.02785907 -0.03874019
v 0.01017330 0.02629096 -0.04124062
v 0.00419772 0.02787787 -0.04148558
v -0.00217093 0.02808124 -0.04154097
v -0.00850541 0.02685541 -0.04142228
v 0.00418539 0.02787641 -0.04462685
v -0.00221500 0.02809638 -0.04465660
v -0.00860282 0.02683881 -0.04459747
v -0.00223832 0.02812470 -0.04799736
v -0.00863859 0.02685834 -0.04799736
v -0.01453946 0.02415985 -0.04799736
v -0.00725406 0.02177558 -0.04799736
v -0.01228312 0.01964032 -0.04799736
v -0.01658634 0.01649237 -0.04799736
v -0.01039469 0.01523749 -0.04799736
v -0.01420182 0.01254413 -0.04799736
v -0.00882926 0.01093671 -0.04799736
v -0.01224491 0.00853778 -0.04799736
v -0.00765421 0.00684174 -0.04799736
v -0.01075712 0.00472797 -0.04799736
v -0.00677701 0.00301947 -0.04799736
v -0.00958622 0.00120673 -0.04799736
v -0.01176920 -0.00103155 -0.04799736
v -0.01007987 -0.00384649 -0.04799736
v -0.01178702 -0.00637408 -0.04799736
v -0.00791617 -0.00624200 -0.04799736
v -0.00931803 -0.00876788 -0.04799736
v -0.00508610 -0.00779327 -0.04799736
v -0.00635050 -0.01046783 -0.04799736
v -0.00309464 -0.01155597 -0.04799736
v -0.00191874 -0.00866095 -0.04799736
v 0.00024874 -0.01237481 -0.04799736
v -0.00127457 -0.01585675 -0.04799736
v 0.00157772 -0.00919171 -0.04799736
v 0.00366561 -0.01311236 -0.04799736
v 0.00192941 -0.01653204 -0.04799736
v 0.00038351 -0.02028350 -0.04799736
v 0.00725949 -0.01390216 -0.04799736
v 0.00525277 -0.00981695 -0.04799736
v 0.00920785 -0.01075323 -0.04799736
v 0.01120931 -0.01562628 -0.04799736
v 0.01358480 -0.01238556 -0.04799736
v 0.01501876 -0.01830938 -0.04799736
v 0.01141769 -0.02114093 -0.04799736
v 0.01792758 -0.01467144 -0.04799736
v 0.01858859 -0.02121978 -0.04799736
v 0.01428488 -0.02432159 -0.04799736
v 0.01890951 -0.02088726 -0.04413007
v 0.02222811 -0.01738018 -0.04799736
v 0.02231759 -0.01722540 -0.04418389
v 0.02522958 -0.01263141 -0.04799736
v 0.02526571 -0.01252545 -0.04436504
v 0.02732357 -0.00701178 -0.04799736
v 0.02733529 -0.00690997 -0.04451777
v 0.02819576 -0.00095318 -0.04799736
v 0.02817929 -0.00077765 -0.04459692
v 0.02776596 0.00506293 -0.04799736
v 0.02768222 0.00534394 -0.04457438
v 0.02615475 0.01063324 -0.04799736
v 0.02595956 0.01101581 -0.04446592
v 0.02581588 0.01133173 -0.04110074
v 0.02324594 0.01596137 -0.04429410
v 0.02302169 0.01627387 -0.04074079
v 0.02282479 0.01654511 -0.03752008
v 0.01955477 0.02028266 -0.04058042
v 0.01941244 0.02044184 -0.03733565
v 0.01534994 0.02363788 -0.04084811
v 0.01545101 0.02358466 -0.04433267
v 0.01020480 0.02628315 -0.04451127
v 0.01551974 0.02358075 -0.04799736
v 0.01018868 0.02630878 -0.04799736
v 0.00415097 0.02789496 -0.04799736
v 0.00359921 0.02251752 -0.04799736
v -0.00181778 0.02271650 -0.04799736
v -0.00131681 0.01770575 -0.04799736
v -0.00602457 0.01700605 -0.04799736
v -0.00495060 0.01237421 -0.04799736
v -0.00082401 0.01289814 -0.04799736
v -0.00408841 0.00817011 -0.04799736
v -0.00038749 0.00860956 -0.04799736
v -0.00008085 0.00462934 -0.04799736
v -0.00349601 0.00417011 -0.04799736
v -0.00002848 0.00105585 -0.04799736
v -0.00336149 0.00077460 -0.04799736
v 0.00361837 0.00458271 -0.04799736
v 0.00361044 0.00098163 -0.04799736
v 0.00328683 -0.00250396 -0.04799736
v -0.00028715 -0.00238116 -0.04799736
v -0.00088871 -0.00563360 -0.04799736
v 0.00257943 -0.00591388 -0.04799736
v 0.00650375 -0.00639459 -0.04799736
v 0.00732308 -0.00289386 -0.04799736
v 0.01081845 -0.00724249 -0.04799736
v 0.01176766 -0.00357940 -0.04799736
v 0.01556124 -0.00864483 -0.04799736
v 0.01688851 -0.00456036 -0.04799736
v 0.02036862 -0.01052276 -0.04799736
v 0.02202609 -0.00577447 -0.04799736
v 0.02268868 -0.00077105 -0.04799736
v 0.01737594 -0.00040704 -0.04799736
v 0.02242404 0.00412665 -0.04799736
v 0.01715389 0.00374140 -0.04799736
v 0.02135043 0.00867890 -0.04799736
v 0.01636056 0.00748920 -0.04799736
v 0.02354037 0.01559223 -0.04799736
v 0.01999203 0.01994355 -0.04799736
v 0.01315707 0.01917694 -0.04799736
v 0.01974691 0.02011176 -0.04419911
v 0.01209323 0.00387128 -0.04799736
v 0.01169979 0.00735077 -0.04799736
v 0.00762509 0.00424237 -0.04799736
v 0.00748947 0.00780048 -0.04799736
v 0.00740866 0.01173896 -0.04799736
v 0.00337277 0.01259198 -0.04799736
v 0.00774056 0.01630170 -0.04799736
v 0.00349179 0.00841083 -0.04799736
v 0.00334774 0.01742841 -0.04799736
v 0.00870248 0.02126581 -0.04799736
v 0.00758822 0.00066571 -0.04799736
v 0.01214462 0.00014081 -0.04799736
v -0.02528946 0.01879975 -0.02098338
v -0.02313639 0.01874921 -0.02105145
v -0.02339652 0.02168354 -0.01804119
v -0.02159366 0.02226703 -0.01815823
v -0.02547721 0.02144623 -0.01827795
v -0.02755118 0.01884101 -0.02092536
v -0.02771879 0.02130121 -0.01842608
v -0.02984318 0.02122748 -0.01850429
v -0.02974381 0.01873920 -0.02101651
v -0.03200528 0.02123578 -0.01851613
v -0.03285941 0.02367548 -0.01530664
v -0.03440250 0.02124921 -0.01849950
v -0.03507120 0.02366962 -0.01529118
v -0.03595914 0.02583515 -0.01120474
v -0.03773404 0.02372528 -0.01520159
v -0.03828019 0.02588788 -0.01108286
v -0.03876005 0.02743402 -0.00631391
v -0.04124491 0.02598334 -0.01089754
v -0.04152994 0.02750995 -0.00607197
v -0.04170316 0.02817499 -0.00074257
v -0.04466410 0.02758881 -0.00578491
v -0.04473600 0.02818183 -0.00042956
v -0.04475016 0.02772895 0.00506341
v -0.04799283 0.02822943 -0.00011412
v -0.04799283 0.02771698 0.00534731
v -0.04799283 0.02615326 0.01061914
v -0.04799283 0.02310810 0.00496669
v -0.04799283 0.02182392 0.00949777
v -0.04799283 0.01984198 0.01356938
v -0.04799283 0.01787470 0.00865233
v -0.04799283 0.01612201 0.01221527
v -0.04799283 0.01409443 0.01515682
v -0.04799283 0.01254609 0.01131110
v -0.04799283 0.01074335 0.01403157
v -0.04799283 0.00917597 0.01066426
v -0.04799283 0.00738398 0.01333581
v -0.04799283 0.00557685 0.01622546
v -0.04799283 0.00400653 0.01257468
v -0.04799283 0.00180439 0.01566806
v -0.04799283 0.00401020 0.01971878
v -0.04799283 -0.00027618 0.01933345
v -0.04799283 0.00319208 0.02368376
v -0.04799283 0.00781830 0.02297184
v -0.04799283 -0.00193414 0.02342983
v -0.04799283 0.00287641 0.02808577
v -0.04799283 0.00849579 0.02691484
v -0.04799283 -0.00326568 0.02802813
v -0.04799283 -0.00714801 0.02209977
v -0.04799283 -0.00946466 0.02656831
v -0.04799283 -0.01195709 0.01967625
v -0.04799283 -0.01517852 0.02378424
v -0.04799283 -0.01607403 0.01633016
v -0.04799283 -0.01995855 0.01997442
v -0.04799283 -0.01938214 0.01236101
v -0.04799283 -0.02378448 0.01517638
v -0.04799283 -0.02173663 0.00780429
v -0.04799283 -0.02654693 0.00952002
v -0.04799283 -0.02291705 0.00273490
v -0.04799283 -0.02802154 0.00329708
v -0.04799283 -0.02804937 -0.00310331
v -0.04799283 -0.02663702 -0.00926331
v -0.04799283 -0.01978106 -0.01148788
v -0.04799283 -0.02401129 -0.01479276
v -0.04435001 -0.02378497 -0.01511572
v -0.04799283 -0.02048614 -0.01938845
v -0.04424112 -0.02029718 -0.01954258
v -0.04064286 -0.02012481 -0.01971714
v -0.04431681 -0.01616266 -0.02308299
v -0.04081998 -0.01606231 -0.02314155
v -0.04115592 -0.01121099 -0.02584567
v -0.04447269 -0.01126812 -0.02582972
v -0.04139811 -0.00574835 -0.02758361
v -0.03858854 -0.00565313 -0.02758885
v -0.04458817 -0.00579937 -0.02758327
v -0.04461442 -0.00008770 -0.02818936
v -0.04147831 -0.00004986 -0.02819857
v -0.03873612 0.00000238 -0.02818875
v -0.04137443 0.00549970 -0.02763039
v -0.03856254 0.00553534 -0.02761474
v -0.03643009 0.00554413 -0.02762220
v -0.03813529 0.01069037 -0.02606291
v -0.03582120 0.01069696 -0.02606692
v -0.03383072 0.01063642 -0.02609498
v -0.03495719 0.01519379 -0.02373315
v -0.03275016 0.01521039 -0.02373364
v -0.03077518 0.01519648 -0.02372217
v -0.03198234 0.01863251 -0.02109559
v -0.03434269 0.01857392 -0.02113884
v -0.03728861 0.01853632 -0.02118655
v -0.03733878 0.02126850 -0.01848373
v -0.04062345 0.01848871 -0.02124464
v -0.04064603 0.02130658 -0.01841310
v -0.04091886 0.02382660 -0.01501852
v -0.04425394 0.02139594 -0.01832371
v -0.04438651 0.02396088 -0.01482729
v -0.04453873 0.02609833 -0.01065046
v -0.04799283 0.02412690 -0.01459911
v -0.04799283 0.02623993 -0.01037121
v -0.04799283 0.02769672 -0.00547734
v -0.04799283 0.02218695 -0.00873117
v -0.04799283 0.02324335 -0.00443431
v -0.04799283 0.02358954 0.00020359
v -0.04799283 0.01911054 -0.00367764
v -0.04799283 0.01939521 0.00041718
v -0.04799283 0.01898017 0.00466494
v -0.04799283 0.01545429 0.00061103
v -0.04799283 0.01516401 0.00442092
v -0.04799283 0.01413544 0.00806192
v -0.04799283 0.01164228 0.00433470
v -0.04799283 0.01067817 0.00769901
v -0.04799283 0.00871820 0.00441651
v -0.04799283 0.00760370 0.00745331
v -0.04799283 0.00590888 0.01000210
v -0.04799283 0.00296112 0.00901066
v -0.04799283 0.00062812 0.01148712
v -0.04799283 0.00018573 0.00750788
v -0.04799283 -0.00257891 0.00978380
v -0.04799283 -0.00197052 0.01450341
v -0.04799283 -0.00554766 0.01259084
v -0.04799283 -0.00464386 0.01809481
v -0.04799283 -0.00876910 0.01596559
v -0.04799283 -0.00858575 0.00986490
v -0.04799283 -0.01229718 0.01299572
v -0.04799283 -0.01097052 0.00663456
v -0.04799283 -0.01509649 0.00948920
v -0.04799283 -0.01691314 0.00555881
v -0.04799283 -0.01230548 0.00307186
v -0.04799283 -0.01776324 0.00163200
v -0.04799283 -0.01336773 -0.00050135
v -0.04799283 -0.00886920 0.00090950
v -0.04799283 -0.01013751 -0.00260314
v -0.04799283 -0.01143536 -0.00630464
v -0.04799283 -0.00694732 -0.00469333
v -0.04799283 -0.00849786 -0.00882431
v -0.04799283 -0.01369220 -0.01091024
v -0.04799283 -0.01060870 -0.01356022
v -0.04799283 -0.01682696 -0.01530182
v -0.04799283 -0.01321466 -0.01835200
v -0.04799283 -0.01622369 -0.02307599
v -0.04799283 -0.00902179 -0.02066066
v -0.04799283 -0.01126764 -0.02586483
v -0.04799283 -0.00580743 -0.02761532
v -0.04799283 -0.00440313 -0.02217247
v -0.04799283 -0.00010333 -0.02822759
v -0.04799283 0.00032148 -0.02281985
v -0.04799283 0.00541571 -0.02770387
v -0.04456937 0.00545234 -0.02764607
v -0.04799283 0.01048017 -0.02619957
v -0.04446842 0.01057685 -0.02612590
v -0.04113077 0.01064643 -0.02609020
v -0.04433646 0.01492987 -0.02389721
v -0.04083683 0.01500922 -0.02383204
v -0.04423478 0.01847675 -0.02127100
v -0.03761063 0.01512543 -0.02376694
v -0.04799283 0.01848090 -0.02130792
v -0.04799283 0.02153827 -0.01822699
v -0.04799283 0.02057636 -0.01254876
v -0.04799283 0.01698456 -0.01101448
v -0.04799283 0.01825360 -0.00750973
v -0.04799283 0.01438837 -0.00673200
v -0.04799283 0.01515473 -0.00316324
v -0.04799283 0.01150702 -0.00275087
v -0.04799283 0.01188691 0.00078057
v -0.04799283 0.00870429 0.00103111
v -0.04799283 0.00818671 -0.00234849
v -0.04799283 0.00494916 -0.00174031
v -0.04799283 0.00183710 -0.00082290
v -0.04799283 0.00734784 -0.00577318
v -0.04799283 0.00395087 -0.00513106
v -0.04799283 0.00067499 -0.00409850
v -0.04799283 -0.00252520 -0.00279445
v -0.04799283 0.00291620 -0.00876270
v -0.04799283 -0.00049176 -0.00782930
v -0.04799283 -0.00380572 -0.00650352
v -0.04799283 -0.00525982 -0.01071647
v -0.04799283 -0.00171807 -0.01206591
v -0.04799283 -0.00701397 -0.01557588
v -0.04799283 -0.00305987 -0.01694764
v -0.04799283 0.00098651 -0.01764447
v -0.04799283 0.00188227 -0.01291223
v -0.04799283 0.00492841 -0.01776822
v -0.04799283 0.00491767 -0.02266852
v -0.04799283 0.00551142 -0.01329899
v -0.04799283 0.00872309 -0.01741938
v -0.04799283 0.00924970 -0.02182140
v -0.04799283 0.01302802 -0.02036944
v -0.04799283 0.01485175 -0.02397436
v -0.04799283 0.00908857 -0.01338820
v -0.04799283 0.00639252 -0.00938984
v -0.04799283 0.00991010 -0.00977743
v -0.04799283 0.01079511 -0.00625625
v -0.04799283 0.01339032 -0.01018561
v -0.04799283 -0.00560113 -0.00115265
v -0.04799283 -0.00412530 0.00209593
v -0.04799283 -0.00125396 0.00050483
v -0.04799283 -0.00231353 0.00504523
v -0.04799283 -0.00738165 0.00422802
v -0.04799283 -0.00531817 0.00724375
v 0.02915182 0.01310810 -0.02492817
v 0.03525338 0.00087812 -0.02817587
v 0.02855673 -0.00122882 0.02817101
v 0.02742221 -0.00661212 0.02853259
v 0.02736642 -0.00681134 0.03003664
v 0.02548190 -0.01208917 0.02850619
v 0.02538412 -0.01227349 0.03010430
v 0.02266366 -0.01670416 0.02847871
v -0.01709134 -0.02238360 -0.02951031
v -0.01607535 0.01129560 0.04800264
v -0.01290616 0.00891913 0.04800264
v -0.01069254 0.01168378 0.04800264
v -0.00825821 0.00912421 0.04800264
v -0.00580167 0.01089545 0.04800264
v 0.02832516 0.02337201 0.01571571
f 1 2 3
f 1 4 5
f 6 7 8
f 6 9 10
f 6 10 11
f 6 12 9
f 6 8 13
f 14 15 16
f 14 17 18
f 14 16 19
f 14 20 15
f 14 18 20
f 2 21 22
f 2 23 21
f 2 5 24
f 25 26 27
f 25 28 29
f 25 30 26
f 25 31 30
f 25 29 32
f 5 33 34
f 5 35 33
f 5 4 35
f 1 36 4
f 1 3 36
f 37 38 39
f 37 40 41
f 37 41 42
f 37 42 43
f 37 44 38
f 45 46 47
f 45 48 49
f 45 50 48
f 51 52 53
f 51 54 55
f 51 53 56
f 57 58 59
f 57 60 61
f 57 61 62
f 63 64 65
f 63 28 64
f 63 65 66
f 63 66 29
f 67 68 69
f 67 17 68
f 67 70 71
f 67 71 18
f 72 73 74
f 72 75 76
f 72 77 75
f 78 79 80
f 78 80 81
f 78 82 83
f 78 84 38
f 85 86 87
f 85 7 86
f 85 87 88
f 85 89 8
f 90 91 92
f 90 93 94
f 90 92 93
f 90 95 96
f 90 97 95
f 98 99 76
f 98 75 100
f 98 100 101
f 102 103 104
f 102 104 105
f 102 106 107
f 108 109 110
f 108 107 109
f 108 111 112
f 113 114 115
f 113 116 114
f 113 117 118
f 119 120 121
f 119 122 123
f 119 124 125
f 126 127 128
f 126 129 130
f 126 131 127
f 132 133 134
f 132 135 133
f 132 136 137
f 138 139 140
f 138 141 139
f 138 142 143
f 144 145 146
f 144 147 148
f 144 149 150
f 151 152 153
f 151 153 154
f 151 155 156
f 157 158 159
f 157 160 158
f 157 159 161
f 162 163 164
f 162 165 166
f 162 167 165
f 168 169 94
f 168 94 170
f 168 171 172
f 168 173 171
f 168 172 174
f 175 176 177
f 175 178 179
f 175 179 180
f 181 182 183
f 181 184 185
f 181 186 182
f 187 188 189
f 187 190 188
f 187 191 192
f 193 194 195
f 193 196 197
f 193 198 199
f 200 201 202
f 200 203 204
f 200 204 205
f 206 207 208
f 206 209 210
f 206 211 212
f 213 214 215
f 213 216 217
f 213 218 219
f 220 221 222
f 220 223 221
f 220 224 225
f 226 227 228
f 226 229 230
f 226 231 227
f 232 233 234
f 232 235 236
f 232 234 235
f 237 238 239
f 237 240 241
f 237 239 240
f 242 243 244
f 242 245 243
f 242 246 247
f 247 248 245
f 247 246 249
f 247 249 250
f 250 251 248
f 250 249 252
f 250 252 253
f 253 254 251
f 253 252 255
f 253 255 254
f 256 257 258
f 256 255 259
f 256 260 257
f 261 262 263
f 261 260 264
f 261 265 262
f 266 265 267
f 266 268 269
f 266 269 270
f 270 188 271
f 270 272 262
f 270 269 188
f 272 271 273
f 272 274 263
f 275 274 276
f 275 277 258
f 275 258 257
f 278 277 279
f 278 280 281
f 278 282 254
f 281 280 283
f 281 283 284
f 281 285 282
f 284 283 286
f 284 286 287
f 284 288 285
f 287 286 289
f 287 289 290
f 287 291 288
f 290 289 292
f 290 293 294
f 290 295 291
f 295 294 296
f 295 297 243
f 297 296 298
f 297 299 244
f 300 299 301
f 300 302 303
f 300 304 244
f 303 302 305
f 303 305 306
f 303 307 304
f 306 305 241
f 306 241 240
f 306 308 307
f 309 305 310
f 309 311 312
f 309 312 238
f 312 313 314
f 312 314 315
f 314 316 317
f 314 317 318
f 318 317 319
f 318 267 265
f 318 264 315
f 319 317 320
f 319 320 321
f 319 322 268
f 322 321 323
f 322 324 325
f 324 323 326
f 324 327 325
f 328 327 329
f 328 330 189
f 328 189 269
f 330 329 331
f 330 332 191
f 332 331 333
f 332 334 192
f 335 334 336
f 335 337 338
f 335 338 190
f 338 339 273
f 338 273 271
f 340 339 341
f 340 342 276
f 340 276 274
f 343 342 344
f 343 345 279
f 343 279 277
f 346 345 347
f 346 348 349
f 346 350 279
f 349 348 351
f 349 352 353
f 349 354 350
f 353 352 355
f 353 355 356
f 353 357 354
f 356 355 358
f 356 358 292
f 356 292 289
f 359 358 360
f 359 361 362
f 359 362 293
f 362 363 364
f 362 364 294
f 364 365 366
f 364 367 294
f 367 366 368
f 367 369 296
f 369 368 370
f 369 371 298
f 372 371 373
f 372 374 301
f 372 301 299
f 375 374 376
f 375 376 311
f 375 310 301
f 376 377 378
f 376 378 313
f 378 379 380
f 378 380 316
f 380 381 382
f 380 382 316
f 382 383 384
f 382 385 386
f 385 384 387
f 385 388 320
f 388 387 389
f 388 390 321
f 390 389 391
f 390 392 323
f 392 391 393
f 392 394 326
f 395 394 396
f 395 397 329
f 395 329 327
f 397 396 398
f 397 399 331
f 399 398 400
f 399 401 333
f 402 401 403
f 402 404 336
f 402 336 334
f 405 404 183
f 405 406 407
f 405 407 337
f 407 408 341
f 407 341 339
f 409 408 410
f 409 411 344
f 409 344 342
f 412 411 413
f 412 414 347
f 412 347 345
f 415 414 416
f 415 417 351
f 415 351 348
f 418 417 419
f 418 419 420
f 418 421 351
f 420 419 422
f 420 422 423
f 420 424 421
f 423 422 425
f 423 425 426
f 423 360 424
f 426 425 427
f 426 427 428
f 426 428 361
f 428 429 430
f 428 430 363
f 430 431 432
f 430 432 365
f 432 433 434
f 432 435 365
f 435 434 436
f 435 437 366
f 437 436 438
f 437 439 368
f 439 438 440
f 439 441 370
f 442 441 443
f 442 444 373
f 442 373 371
f 445 444 446
f 445 446 379
f 445 377 374
f 446 447 448
f 446 448 381
f 448 449 450
f 448 450 383
f 450 451 452
f 450 452 383
f 452 453 454
f 452 455 384
f 455 454 456
f 455 457 387
f 457 456 458
f 457 459 389
f 459 458 460
f 459 461 391
f 461 460 462
f 461 463 393
f 464 463 465
f 464 466 396
f 464 396 394
f 466 465 467
f 466 467 398
f 467 468 469
f 467 469 400
f 470 469 185
f 470 185 403
f 470 403 401
f 471 469 472
f 471 472 473
f 471 473 186
f 473 474 475
f 473 476 474
f 477 478 479
f 477 476 480
f 477 481 478
f 482 483 484
f 482 481 485
f 482 486 483
f 487 488 489
f 487 486 490
f 487 491 488
f 492 493 494
f 492 491 495
f 492 496 493
f 497 496 498
f 497 499 500
f 497 500 501
f 501 500 502
f 501 503 504
f 501 504 493
f 504 505 506
f 504 506 494
f 507 489 488
f 507 506 508
f 507 509 489
f 510 509 416
f 510 511 484
f 510 484 483
f 512 511 413
f 512 513 479
f 512 479 478
f 514 513 410
f 514 515 475
f 514 475 474
f 515 410 408
f 515 406 182
f 513 413 411
f 511 416 414
f 509 508 417
f 506 516 508
f 505 503 517
f 505 518 516
f 517 503 519
f 517 519 520
f 517 521 518
f 520 519 522
f 520 522 523
f 520 524 521
f 524 523 525
f 524 525 429
f 525 526 527
f 525 527 431
f 527 528 529
f 527 529 433
f 529 530 531
f 529 532 433
f 532 531 533
f 532 534 434
f 534 533 535
f 534 536 436
f 536 535 537
f 536 538 438
f 538 537 539
f 538 540 440
f 541 540 542
f 541 543 443
f 541 443 441
f 544 543 545
f 544 545 449
f 544 447 444
f 545 546 547
f 545 547 451
f 547 548 549
f 547 549 453
f 549 550 551
f 549 552 453
f 552 551 553
f 552 554 454
f 554 553 555
f 554 556 456
f 556 555 557
f 556 558 458
f 558 557 559
f 558 560 460
f 560 559 561
f 560 561 562
f 562 561 563
f 562 563 468
f 562 465 462
f 563 564 565
f 563 565 566
f 565 567 568
f 565 569 566
f 569 480 472
f 569 568 570
f 570 485 481
f 570 568 571
f 570 571 485
f 572 490 486
f 572 571 573
f 572 574 490
f 575 495 491
f 575 574 576
f 575 577 495
f 578 498 496
f 578 577 579
f 578 580 498
f 580 579 581
f 580 582 583
f 582 581 584
f 582 585 33
f 585 584 586
f 585 587 34
f 588 589 34
f 588 587 590
f 588 591 592
f 592 593 594
f 592 591 595
f 592 596 593
f 597 598 599
f 597 596 600
f 597 601 598
f 602 603 604
f 602 601 605
f 602 606 603
f 607 608 609
f 607 606 610
f 607 611 608
f 612 613 614
f 612 611 615
f 612 616 613
f 617 618 613
f 617 616 619
f 617 620 618
f 621 622 623
f 621 620 624
f 621 625 622
f 626 627 628
f 626 625 629
f 626 630 627
f 631 632 633
f 631 630 634
f 631 635 632
f 636 637 638
f 636 635 639
f 636 640 637
f 641 642 643
f 641 640 644
f 641 645 642
f 646 647 219
f 646 219 218
f 646 645 648
f 648 649 647
f 648 645 650
f 648 650 651
f 651 652 649
f 651 650 61
f 651 61 653
f 654 655 656
f 654 657 658
f 654 652 659
f 659 660 655
f 659 652 661
f 659 661 662
f 662 663 664
f 662 665 660
f 662 661 663
f 666 667 668
f 666 661 653
f 666 60 667
f 668 669 134
f 668 670 663
f 668 667 669
f 671 672 673
f 671 673 674
f 671 667 59
f 674 673 675
f 674 675 137
f 674 136 669
f 675 676 677
f 675 678 137
f 679 678 680
f 679 681 682
f 679 682 135
f 682 683 684
f 682 684 685
f 684 686 687
f 684 687 688
f 688 687 689
f 688 689 690
f 688 691 685
f 691 690 664
f 691 670 133
f 690 689 692
f 690 692 665
f 692 693 694
f 692 694 695
f 694 696 697
f 694 698 695
f 699 698 700
f 699 701 702
f 699 702 660
f 703 701 704
f 703 705 656
f 703 656 655
f 706 705 707
f 706 708 709
f 706 709 657
f 709 710 711
f 709 711 657
f 711 712 713
f 711 714 658
f 713 712 715
f 713 715 217
f 713 216 714
f 715 716 717
f 715 717 718
f 718 717 719
f 718 719 720
f 718 721 217
f 721 720 722
f 721 723 214
f 723 722 724
f 723 725 215
f 725 724 726
f 725 638 637
f 726 724 727
f 726 727 633
f 726 633 632
f 728 727 729
f 728 730 628
f 728 628 627
f 731 730 732
f 731 733 623
f 731 623 622
f 734 733 735
f 734 736 737
f 734 738 623
f 737 736 739
f 737 739 740
f 737 614 738
f 740 739 741
f 740 741 609
f 740 609 608
f 742 741 743
f 742 744 604
f 742 604 603
f 745 744 746
f 745 747 599
f 745 599 598
f 748 747 749
f 748 750 594
f 748 594 593
f 749 751 752
f 749 753 750
f 749 747 751
f 753 752 754
f 753 754 755
f 754 756 757
f 754 758 759
f 759 758 760
f 759 760 761
f 759 762 755
f 762 761 763
f 762 764 22
f 764 763 765
f 764 765 766
f 765 767 768
f 765 768 769
f 769 768 770
f 769 771 772
f 769 773 766
f 773 772 774
f 773 774 775
f 774 776 777
f 774 777 778
f 778 779 775
f 778 777 780
f 778 780 781
f 780 782 502
f 780 502 500
f 777 783 782
f 783 776 784
f 783 785 522
f 785 784 786
f 785 786 526
f 786 787 788
f 786 788 528
f 788 12 789
f 788 789 530
f 789 13 790
f 789 790 530
f 790 791 792
f 790 793 531
f 793 792 794
f 793 795 533
f 795 794 796
f 795 797 535
f 797 796 798
f 797 799 537
f 799 798 800
f 799 801 539
f 802 801 803
f 802 804 805
f 802 542 540
f 805 804 806
f 805 806 548
f 805 546 542
f 806 807 808
f 806 808 550
f 808 809 810
f 808 811 550
f 811 810 812
f 811 813 551
f 813 812 814
f 813 815 553
f 815 814 816
f 815 817 555
f 817 816 818
f 817 818 559
f 818 819 820
f 818 820 821
f 820 822 823
f 820 823 824
f 824 823 825
f 824 825 567
f 824 564 821
f 825 826 827
f 825 828 567
f 827 573 828
f 827 826 829
f 827 829 830
f 830 576 574
f 830 829 831
f 830 831 832
f 832 579 577
f 832 831 833
f 832 833 579
f 833 41 834
f 833 835 581
f 835 834 836
f 835 837 584
f 837 836 838
f 837 839 586
f 840 590 587
f 840 839 841
f 840 842 590
f 843 595 591
f 843 842 844
f 843 845 595
f 846 600 596
f 846 845 847
f 846 848 600
f 849 605 601
f 849 848 850
f 849 851 605
f 852 610 606
f 852 851 853
f 852 854 610
f 855 615 611
f 855 854 856
f 855 857 615
f 858 619 616
f 858 857 683
f 858 681 619
f 857 856 686
f 856 854 859
f 856 859 860
f 859 853 861
f 859 861 862
f 862 861 863
f 862 863 864
f 862 865 860
f 864 863 866
f 864 866 696
f 864 693 865
f 866 867 868
f 866 868 696
f 868 869 870
f 868 870 697
f 871 870 872
f 871 873 700
f 871 700 698
f 874 873 142
f 874 140 704
f 874 704 701
f 875 140 139
f 875 876 707
f 875 707 705
f 877 876 878
f 877 879 880
f 877 880 708
f 880 881 882
f 880 882 710
f 882 883 884
f 882 716 712
f 883 881 885
f 883 886 887
f 887 886 888
f 887 889 890
f 887 890 884
f 891 889 892
f 891 893 894
f 891 895 890
f 895 894 896
f 895 897 719
f 897 896 898
f 897 899 720
f 899 898 900
f 899 901 722
f 900 898 902
f 900 902 903
f 900 729 901
f 903 902 904
f 903 904 732
f 903 732 730
f 905 904 906
f 905 907 735
f 905 735 733
f 908 907 909
f 908 910 911
f 908 911 736
f 912 910 913
f 912 91 914
f 912 914 911
f 910 909 915
f 915 916 917
f 915 917 92
f 915 909 918
f 918 919 916
f 918 909 907
f 918 906 920
f 920 921 919
f 920 906 922
f 920 922 923
f 923 924 921
f 923 922 925
f 923 925 926
f 926 927 924
f 926 925 896
f 926 896 894
f 928 929 930
f 928 930 931
f 928 927 932
f 932 933 934
f 932 927 893
f 932 893 933
f 934 935 936
f 934 937 929
f 934 933 935
f 938 939 940
f 938 933 892
f 938 941 939
f 942 943 944
f 942 941 888
f 942 945 943
f 946 947 943
f 946 945 885
f 946 948 949
f 949 950 947
f 949 948 879
f 949 878 950
f 951 952 953
f 951 953 954
f 951 950 955
f 955 956 957
f 955 950 958
f 955 141 956
f 957 959 960
f 957 961 952
f 957 956 959
f 962 963 964
f 962 956 143
f 962 872 963
f 964 965 966
f 964 967 959
f 964 963 965
f 967 966 968
f 967 969 960
f 970 969 971
f 970 972 973
f 970 973 961
f 973 974 975
f 973 975 976
f 975 977 978
f 975 979 976
f 979 978 980
f 979 981 953
f 981 980 982
f 981 944 954
f 982 980 983
f 982 983 940
f 982 940 939
f 984 983 985
f 984 986 936
f 984 936 935
f 987 986 988
f 987 989 990
f 987 990 937
f 990 991 992
f 990 992 993
f 992 994 995
f 992 996 993
f 996 995 997
f 996 998 930
f 998 997 999
f 998 1000 931
f 999 997 1001
f 999 1001 1002
f 999 1003 1000
f 1002 1001 1004
f 1002 1004 1005
f 1002 1006 1003
f 1005 1004 1007
f 1005 1007 1008
f 1005 1009 1006
f 1009 1008 1010
f 1009 1011 917
f 1010 1008 1012
f 1010 1012 1013
f 1010 1014 1011
f 1014 1013 1015
f 1014 170 94
f 1015 1013 1016
f 1015 1016 1017
f 1015 1017 173
f 1017 1018 1019
f 1017 1019 1020
f 1019 1021 1022
f 1019 1022 1023
f 1023 1022 1024
f 1023 1024 1025
f 1023 1026 1020
f 1026 1025 1027
f 1026 1028 171
f 1028 1027 1029
f 1028 1030 1031
f 1032 1033 1031
f 1032 1030 1034
f 1032 1035 1036
f 1036 1037 1033
f 1036 1035 1038
f 1036 1038 1037
f 1039 1038 1040
f 1039 1041 1042
f 1039 1042 1043
f 1043 1042 1044
f 1043 1044 1045
f 1043 1046 1037
f 1046 1045 1047
f 1046 1048 1049
f 1048 1047 1050
f 1048 1051 169
f 1051 1050 1052
f 1051 1053 169
f 1052 1050 751
f 1052 751 746
f 1052 1054 1053
f 1054 746 744
f 1054 743 95
f 1050 1047 752
f 1047 1045 756
f 1045 1044 757
f 1055 1044 1056
f 1055 1057 1058
f 1055 1059 757
f 1058 1057 1060
f 1058 1060 1061
f 1058 1062 1059
f 1062 1061 1063
f 1062 1064 760
f 1064 1063 1065
f 1064 1066 761
f 1066 1065 1067
f 1066 1067 767
f 1067 1068 1069
f 1067 1069 1070
f 1069 1071 1072
f 1069 1072 1073
f 1073 1072 1074
f 1073 1075 770
f 1073 770 1070
f 1076 1075 1077
f 1076 1078 1079
f 1076 1079 771
f 1079 1080 1081
f 1079 1081 772
f 1081 9 787
f 1081 784 776
f 1078 1077 1082
f 1078 1083 1080
f 1083 1082 1084
f 1083 1085 10
f 1085 1084 1086
f 1085 1086 11
f 1087 1086 1088
f 1087 1088 1089
f 1087 1089 7
f 1090 1088 1091
f 1090 1092 1093
f 1090 1093 1089
f 1093 1094 1095
f 1093 1095 1096
f 1095 1097 1098
f 1095 1098 1099
f 1099 1100 1096
f 1099 1098 1101
f 1099 1101 1102
f 1102 1103 1100
f 1102 1101 1104
f 1102 1104 1105
f 1105 1104 1106
f 1105 1106 1107
f 1105 1107 1108
f 1108 1107 1109
f 1108 1110 1111
f 1108 1111 1103
f 1111 1112 1113
f 1111 1113 88
f 1113 1114 1115
f 1113 1115 89
f 1115 1116 1117
f 1115 1117 1118
f 1117 1119 792
f 1117 792 791
f 1119 1116 1120
f 1119 1121 794
f 1121 1120 1122
f 1121 1123 796
f 1123 1122 1124
f 1123 1125 798
f 1125 1124 1126
f 1125 1127 800
f 1128 1127 99
f 1128 98 1129
f 1128 803 801
f 1127 1126 1130
f 1130 1126 1131
f 1130 1131 1132
f 1130 1133 99
f 1133 1132 1134
f 1133 1134 1135
f 1134 1136 1137
f 1134 1137 1138
f 1138 1137 1139
f 1138 1139 1140
f 1138 1141 1135
f 1141 1140 1142
f 1141 1142 73
f 1142 1143 1144
f 1142 1144 1145
f 1145 1146 73
f 1145 1144 1147
f 1145 1147 1148
f 1148 1147 1149
f 1148 1149 1150
f 1148 1151 1146
f 1152 1151 1153
f 1152 1154 1155
f 1152 1155 74
f 1155 1156 1157
f 1155 1157 77
f 1157 1158 1159
f 1157 1159 1160
f 1159 1161 1162
f 1159 1162 1160
f 1162 1163 1164
f 1162 1164 100
f 1164 1165 810
f 1164 810 101
f 1165 1163 1166
f 1165 1167 812
f 1167 1166 1168
f 1167 1169 814
f 1169 1168 1170
f 1169 1170 819
f 1170 1171 1172
f 1170 1172 822
f 1172 1173 1174
f 1172 1174 1175
f 1174 1176 43
f 1174 43 1177
f 1176 1173 1178
f 1176 1179 44
f 1178 1180 1181
f 1178 1182 1179
f 1178 1173 1180
f 1182 1181 1183
f 1182 1184 80
f 1184 1183 1185
f 1184 1185 81
f 1186 1185 1187
f 1186 1187 1188
f 1186 1188 82
f 1188 1189 1190
f 1188 1190 1191
f 1190 1192 1193
f 1190 1193 1194
f 1194 1193 1195
f 1194 1195 1196
f 1194 1197 83
f 1197 1196 1198
f 1197 1198 1199
f 1199 84 83
f 1199 1198 1200
f 1199 1200 1201
f 1201 39 84
f 1201 1200 1202
f 1201 1202 1203
f 1203 1204 40
f 1203 1202 1205
f 1203 1205 1204
f 1206 838 836
f 1206 1205 1207
f 1206 1208 838
f 1209 841 839
f 1209 1208 1210
f 1209 1211 841
f 1212 844 842
f 1212 1211 971
f 1212 1213 844
f 1214 847 845
f 1214 1213 968
f 1214 1215 847
f 1216 850 848
f 1216 1215 1217
f 1216 1218 850
f 1218 1217 1219
f 1218 1220 1221
f 1219 1217 965
f 1219 965 869
f 1219 867 1220
f 1217 1215 966
f 1213 971 969
f 1211 1210 972
f 1210 1208 1222
f 1210 1222 974
f 1222 1207 1223
f 1222 1224 974
f 1224 1223 1225
f 1224 1226 977
f 1226 1225 1227
f 1226 1228 978
f 1227 1225 1229
f 1227 1229 1230
f 1227 985 1228
f 1230 1229 1231
f 1230 1231 988
f 1230 988 986
f 1232 1231 1233
f 1232 1234 1235
f 1232 1235 989
f 1235 1236 1237
f 1235 1237 991
f 1237 1238 1239
f 1237 1239 994
f 1239 27 26
f 1239 1240 994
f 1240 26 1241
f 1240 1242 995
f 1238 1236 1243
f 1238 1244 27
f 1243 1245 1246
f 1243 1247 1244
f 1243 1236 1245
f 1247 1246 1248
f 1247 1249 64
f 1249 1248 1250
f 1249 1250 1251
f 1251 1250 1252
f 1251 1252 1253
f 1251 1254 1255
f 1254 1253 1256
f 1254 1256 65
f 1256 1257 1258
f 1256 1259 1257
f 1260 1261 1262
f 1260 1259 1263
f 1260 1264 1261
f 1265 1266 1267
f 1265 1264 1268
f 1265 1269 1266
f 1270 1271 1272
f 1270 1269 1273
f 1270 1274 1271
f 1275 1276 1277
f 1275 1274 1278
f 1275 1279 1280
f 1280 1281 1276
f 1280 1279 1282
f 1280 1282 1283
f 1283 1284 1285
f 1283 1282 1286
f 1283 1286 1284
f 1287 1288 1289
f 1287 1286 1290
f 1287 1290 1291
f 1291 1292 1293
f 1291 1290 1294
f 1291 1294 1292
f 1295 1296 1297
f 1295 1294 1298
f 1295 1298 1296
f 1299 1298 1300
f 1299 1301 1302
f 1299 1302 1303
f 1303 1304 1305
f 1303 1306 1296
f 1303 1302 1304
f 1307 1302 1308
f 1307 1309 47
f 1307 47 46
f 1310 1309 1311
f 1310 1312 1313
f 1310 1313 50
f 1313 1314 1315
f 1313 1315 1316
f 1315 1317 1318
f 1315 1318 1319
f 1319 1320 1316
f 1319 1318 1321
f 1319 1321 1322
f 1322 1323 1320
f 1322 1321 1324
f 1322 1324 1325
f 1325 1324 1326
f 1325 1326 1327
f 1325 1328 1323
f 1329 1328 1330
f 1329 1331 1332
f 1329 1332 1333
f 1332 1334 1305
f 1332 1305 49
f 1334 1331 1335
f 1334 1336 1306
f 1336 1335 1337
f 1336 1293 1292
f 1337 1335 1338
f 1337 1338 1289
f 1337 1289 1288
f 1339 1338 1340
f 1339 1341 1285
f 1339 1285 1284
f 1342 1341 1343
f 1342 1344 1345
f 1342 1345 1285
f 1346 1344 1347
f 1346 1348 1349
f 1346 1277 1345
f 1349 1348 1350
f 1349 1350 1272
f 1349 1272 1271
f 1351 1350 1352
f 1351 1353 1267
f 1351 1267 1266
f 1354 1353 1355
f 1354 1356 1262
f 1354 1262 1261
f 1357 1356 1358
f 1357 1359 1258
f 1357 1258 1257
f 1360 1359 1361
f 1360 1361 1362
f 1360 66 1258
f 1361 1363 1364
f 1361 1364 1365
f 1365 1364 1366
f 1365 1366 1367
f 1365 32 1362
f 1367 1366 1368
f 1367 1368 1369
f 1367 1369 31
f 1369 1370 1371
f 1369 1371 1372
f 1371 1373 1374
f 1371 1374 1375
f 1375 1374 1376
f 1375 1377 1378
f 1375 1378 1372
f 1378 1379 1380
f 1378 1380 1241
f 1377 1376 1381
f 1377 1382 1379
f 1382 1381 1383
f 1382 1384 1007
f 1383 1381 1385
f 1383 1385 1386
f 1383 1387 1384
f 1387 1386 1388
f 1387 1389 1012
f 1388 1386 1390
f 1388 1390 1391
f 1388 1392 1389
f 1392 1391 1393
f 1392 1393 1018
f 1393 1394 1395
f 1393 1395 1021
f 1395 1396 1397
f 1395 1397 1398
f 1397 1399 1400
f 1397 1400 1401
f 1401 1400 1402
f 1401 1402 1403
f 1401 1404 1398
f 1403 1402 1405
f 1403 1405 1406
f 1403 1407 1404
f 1407 1406 1408
f 1407 1409 1024
f 1409 1408 1410
f 1409 1411 1025
f 1411 1410 1412
f 1411 1413 1027
f 1413 1412 1414
f 1413 1415 1029
f 1416 1034 1030
f 1416 1415 1417
f 1416 1418 1034
f 1419 1420 1035
f 1419 1418 1421
f 1419 1422 1420
f 1423 1040 1420
f 1423 1422 1424
f 1423 1425 1426
f 1426 1427 1041
f 1426 1425 1428
f 1426 1428 1427
f 1429 1428 1430
f 1429 1431 1432
f 1429 1432 1433
f 1433 1432 1434
f 1433 1434 1435
f 1433 1436 1427
f 1435 1434 1437
f 1435 1437 1057
f 1435 1056 1436
f 1438 1434 1439
f 1438 1440 1441
f 1438 1442 1437
f 1442 1441 1443
f 1442 1444 1060
f 1444 1443 1445
f 1444 1446 1061
f 1446 1445 1447
f 1446 1448 1063
f 1448 1447 1449
f 1448 1449 1068
f 1449 1450 1451
f 1449 1451 1071
f 1451 1452 1453
f 1451 1453 1454
f 1453 1455 1456
f 1453 1457 1454
f 1458 1457 1459
f 1458 1460 1074
f 1458 1074 1072
f 1461 1460 1462
f 1461 1463 1077
f 1461 1077 1075
f 1463 1462 1464
f 1463 1465 1082
f 1465 1464 1466
f 1465 1466 1467
f 1466 1468 1469
f 1466 1469 1470
f 1470 1469 1471
f 1470 1471 1472
f 1470 1473 1467
f 1472 1471 1474
f 1472 1475 1091
f 1472 1091 1088
f 1476 1475 1477
f 1476 1478 1479
f 1476 1479 1092
f 1479 1480 1481
f 1479 1481 1094
f 1481 1482 1483
f 1481 1483 1097
f 1483 1484 1485
f 1483 1485 1486
f 1485 1487 1488
f 1485 1489 1490
f 1490 1491 1486
f 1490 1489 1492
f 1490 1492 1493
f 1493 1494 1491
f 1493 1492 1495
f 1493 1495 1496
f 1496 1497 1494
f 1496 1495 1498
f 1496 1498 1499
f 1499 1500 1497
f 1499 1498 1501
f 1499 1501 1502
f 1502 1501 1503
f 1502 1503 1504
f 1502 1504 1505
f 1505 1504 1506
f 1505 1506 1507
f 1505 1508 1500
f 1507 1506 1509
f 1507 1510 1109
f 1507 1109 1107
f 1511 1510 1512
f 1511 1513 1514
f 1511 1514 1110
f 1514 1515 1516
f 1514 1516 1112
f 1516 1517 1518
f 1516 1518 1114
f 1518 1519 1120
f 1518 1120 1116
f 1519 1517 1520
f 1519 1521 1122
f 1521 1520 1522
f 1521 1523 1124
f 1522 1520 1524
f 1522 1524 1525
f 1522 1526 1523
f 1526 1525 1527
f 1526 1528 1131
f 1528 1527 1529
f 1528 1529 1136
f 1529 1530 1531
f 1529 1531 1532
f 1531 1533 1534
f 1531 1534 1535
f 1535 1534 1536
f 1535 1537 1538
f 1535 1538 1532
f 1539 1537 1540
f 1539 1541 1542
f 1539 1542 1139
f 1542 1543 1544
f 1542 1544 1140
f 1544 1545 1546
f 1544 1546 1143
f 1546 1547 1548
f 1546 1548 1549
f 1548 1550 1551
f 1548 1551 1552
f 1552 1553 1549
f 1552 1551 1554
f 1552 1554 1555
f 1555 1556 1553
f 1555 1554 1557
f 1555 1557 1558
f 1558 1559 1556
f 1558 1557 1326
f 1558 1326 1560
f 1559 1560 1561
f 1559 1562 1149
f 1562 1561 1563
f 1562 1564 1150
f 1565 1564 1566
f 1565 1567 1153
f 1565 1153 1151
f 1568 1567 1569
f 1568 1570 1571
f 1568 1571 1154
f 1571 1572 1573
f 1571 1573 1156
f 1573 1574 1575
f 1573 1575 1158
f 1575 1576 1577
f 1575 1577 1161
f 1577 1578 1166
f 1577 1166 1163
f 1578 1576 1181
f 1578 1180 1168
f 1576 1574 1183
f 1574 1572 1579
f 1572 1570 1580
f 1580 1570 1581
f 1580 1581 1582
f 1580 1583 1579
f 1582 1581 1584
f 1582 1584 1585
f 1582 1586 1583
f 1586 1585 1587
f 1586 1587 1189
f 1587 1588 1589
f 1587 1589 1192
f 1589 1590 1591
f 1589 1591 1592
f 1591 1593 1594
f 1591 1594 1595
f 1595 1594 1596
f 1595 1596 1597
f 1595 1598 1592
f 1596 1599 1600
f 1596 1601 1597
f 1600 1599 1602
f 1600 1602 1603
f 1600 1604 1601
f 1604 1603 1605
f 1604 1606 1252
f 1606 1605 1263
f 1606 1263 1259
f 1607 1268 1264
f 1607 1605 1608
f 1607 1609 1268
f 1610 1273 1269
f 1610 1609 1611
f 1610 1612 1273
f 1613 1278 1274
f 1613 1612 1614
f 1613 1615 1278
f 1616 1617 1279
f 1616 1615 1618
f 1616 1619 1617
f 1620 1621 1617
f 1620 1619 1622
f 1620 1623 1624
f 1624 1625 1621
f 1624 1623 148
f 1624 148 147
f 1626 1623 1627
f 1626 1627 1628
f 1626 1629 148
f 1629 1628 1630
f 1629 1631 145
f 1631 1630 1632
f 1631 1633 146
f 1634 1635 149
f 1634 1633 1636
f 1634 1300 1635
f 1636 1633 1637
f 1636 1637 1638
f 1636 1638 1301
f 1638 1639 1640
f 1638 1640 1308
f 1640 1641 1311
f 1640 1311 1309
f 1642 1641 1643
f 1642 1644 1645
f 1642 1645 1312
f 1645 1646 1647
f 1645 1647 1314
f 1647 1648 1649
f 1647 1649 1317
f 1649 1650 1651
f 1649 1651 1652
f 1651 1653 1654
f 1651 1654 1655
f 1655 1656 1652
f 1655 1654 1657
f 1655 1657 1658
f 1658 1659 1656
f 1658 1657 1563
f 1658 1563 1561
f 1660 1657 1661
f 1660 1662 1566
f 1660 1566 1564
f 1663 1662 1664
f 1663 1665 1569
f 1663 1569 1567
f 1664 1662 1666
f 1664 1666 1667
f 1664 1668 1665
f 1668 1667 1669
f 1668 1670 1584
f 1670 1669 1671
f 1670 1671 1588
f 1671 1672 1673
f 1671 1673 1590
f 1673 1674 1675
f 1673 1675 1593
f 1675 1676 1677
f 1675 1677 1678
f 1677 1679 1680
f 1677 1680 1681
f 1680 1682 1683
f 1680 1684 1681
f 1684 1683 1685
f 1684 1686 1602
f 1686 1685 1687
f 1686 1608 1603
f 1687 1611 1609
f 1687 1685 1688
f 1687 1688 1611
f 1689 1614 1612
f 1689 1688 1690
f 1689 1691 1614
f 1692 1618 1615
f 1692 1691 1693
f 1692 1694 1618
f 1695 1622 1619
f 1695 1694 1696
f 1695 1697 1622
f 1697 1696 1698
f 1697 1699 1627
f 1699 1698 1700
f 1699 1701 1628
f 1701 1700 1702
f 1701 1703 1630
f 1703 1702 1704
f 1703 1705 1632
f 1705 1704 1706
f 1705 1706 1639
f 1706 1707 1643
f 1706 1643 1641
f 1708 1707 123
f 1708 1709 1710
f 1708 1710 1644
f 1710 1711 1712
f 1710 1712 1646
f 1712 1713 1714
f 1712 1715 1648
f 1715 1714 1716
f 1715 1716 1650
f 1716 1717 1718
f 1716 1718 1653
f 1718 1719 1720
f 1718 1720 1721
f 1720 1722 1667
f 1720 1667 1666
f 1722 1719 1723
f 1722 1723 1672
f 1723 1724 1725
f 1723 1725 1674
f 1725 1726 1727
f 1725 1727 1676
f 1727 1728 1729
f 1727 1729 1679
f 1729 1730 1731
f 1729 1731 1682
f 1731 1732 1733
f 1731 1734 1682
f 1734 1733 1735
f 1734 1736 1683
f 1735 1733 1737
f 1735 1737 1738
f 1735 1690 1736
f 1738 1693 1691
f 1738 1737 1739
f 1738 1739 1693
f 1740 1696 1694
f 1740 1739 1741
f 1740 1742 1696
f 1742 1741 1743
f 1742 1743 1698
f 1743 1744 124
f 1743 121 1700
f 1744 1741 1745
f 1744 1746 124
f 1746 1745 1747
f 1746 1748 125
f 1749 1750 122
f 1749 1748 180
f 1749 1751 1750
f 1752 1711 1709
f 1752 1751 1753
f 1752 1754 1711
f 1754 1753 1755
f 1754 1756 1713
f 1756 1755 1757
f 1756 1758 1714
f 1758 1757 1726
f 1758 1724 1717
f 1757 1755 1759
f 1757 1759 1728
f 1759 1760 1761
f 1759 1761 1730
f 1761 178 1762
f 1761 1762 1732
f 1762 1763 1733
f 1762 177 1763
f 1764 1765 1763
f 1764 177 1747
f 1764 1747 1745
f 1755 1753 1760
f 1753 1751 179
f 1750 1709 123
f 1748 1747 176
f 1745 1741 1765
f 1707 1704 120
f 1704 1702 120
f 1666 1661 1721
f 1681 1599 1678
f 1561 1560 1659
f 1557 1766 1327
f 1767 1766 1768
f 1767 1769 1330
f 1767 1330 1328
f 1769 1768 1770
f 1769 1340 1771
f 1770 1768 1772
f 1770 1772 1343
f 1770 1343 1341
f 1773 1772 1774
f 1773 1775 1347
f 1773 1347 1344
f 1776 1775 1777
f 1776 1778 1779
f 1776 1779 1348
f 1780 1778 70
f 1780 69 1352
f 1780 1352 1350
f 1781 69 68
f 1781 1782 1355
f 1781 1355 1353
f 1783 1782 1784
f 1783 1785 1358
f 1783 1358 1356
f 1786 1785 1787
f 1786 1788 1363
f 1786 1363 1359
f 1788 1787 1789
f 1788 1790 1791
f 1792 1790 1793
f 1792 1794 1795
f 1792 1796 1791
f 1795 1794 1797
f 1795 1797 1798
f 1795 1799 1796
f 1798 1797 1800
f 1798 1800 1801
f 1798 1802 1799
f 1802 1801 1803
f 1802 1803 1370
f 1803 1804 1805
f 1803 1805 1373
f 1805 1806 1807
f 1805 1807 1808
f 1807 1809 1810
f 1807 1810 1811
f 1811 1810 1812
f 1811 1813 1376
f 1811 1376 1374
f 1812 1810 1814
f 1812 1814 1815
f 1812 1816 1813
f 1816 1815 1817
f 1816 1818 1385
f 1817 1815 1819
f 1817 1819 1820
f 1817 1821 1818
f 1821 1820 1822
f 1821 1823 1390
f 1823 1822 1824
f 1823 1824 1394
f 1824 1825 1826
f 1824 1826 1396
f 1826 1827 1828
f 1826 1828 1399
f 1828 1829 1830
f 1828 1830 1831
f 1830 1832 1833
f 1830 1833 1834
f 1834 1833 1835
f 1834 1835 1836
f 1834 1837 1831
f 1836 1835 1838
f 1836 1838 1839
f 1836 1840 1837
f 1839 1838 105
f 1839 105 104
f 1839 1841 1840
f 1841 104 1842
f 1841 1843 1405
f 1843 1842 1844
f 1843 1845 1406
f 1845 1844 1846
f 1845 1847 1408
f 1847 1846 1848
f 1847 1849 1410
f 1849 1848 1850
f 1849 1851 1412
f 1851 1850 1852
f 1851 1853 1414
f 1854 1417 1415
f 1854 1853 1855
f 1854 1856 1417
f 1857 1421 1418
f 1857 1856 1858
f 1857 1859 1421
f 1860 1424 1422
f 1860 1859 1861
f 1860 1862 1424
f 1863 1864 1425
f 1863 1862 1865
f 1863 1866 1864
f 1867 1430 1428
f 1867 1866 1868
f 1867 1869 1430
f 1870 1871 1431
f 1870 1869 1872
f 1870 1873 1871
f 1874 1873 1875
f 1874 1876 1877
f 1874 1877 1878
f 1878 1877 1879
f 1878 1879 1880
f 1878 1881 1871
f 1880 1879 1882
f 1880 1882 1440
f 1880 1439 1881
f 1882 1883 1884
f 1882 1885 1440
f 1885 1884 1886
f 1885 1887 1441
f 1887 1886 1888
f 1887 1889 1443
f 1889 1888 1890
f 1889 1891 1445
f 1891 1890 1892
f 1891 1893 1450
f 1893 1892 1894
f 1893 1894 1452
f 1894 1895 1896
f 1894 1897 1455
f 1897 1896 1898
f 1897 1899 1455
f 1899 1898 1900
f 1899 1901 1456
f 1902 1901 1903
f 1902 1904 1459
f 1902 1459 1457
f 1905 1904 1906
f 1905 1907 1462
f 1905 1462 1460
f 1907 1906 1908
f 1907 1909 1468
f 1909 1908 1910
f 1909 1910 1911
f 1910 1912 1913
f 1910 1913 1914
f 1914 1913 1915
f 1914 1916 1917
f 1914 1917 1911
f 1918 1916 1919
f 1918 1920 1474
f 1918 1474 1471
f 1921 1920 1922
f 1921 1923 1477
f 1921 1477 1475
f 1924 1923 1925
f 1924 1926 1927
f 1924 1927 1478
f 1927 1928 1929
f 1927 1929 1480
f 1929 111 1930
f 1929 1930 1482
f 1930 108 1931
f 1930 1932 1482
f 1932 1931 1933
f 1932 1934 1484
f 1934 1933 1935
f 1934 1936 1487
f 1936 1935 1937
f 1936 1938 1488
f 1939 1940 1489
f 1939 1938 1941
f 1939 1942 1940
f 1943 1944 1940
f 1943 1942 1945
f 1943 1946 1947
f 1947 1948 1944
f 1947 1946 1949
f 1947 1949 1950
f 1950 1951 1948
f 1950 1949 1952
f 1950 1952 1953
f 1953 1954 1951
f 1953 1952 1955
f 1953 1955 1956
f 1956 1955 1957
f 1956 1957 1958
f 1956 1959 1954
f 1959 1958 1960
f 1959 1961 1503
f 1961 1960 1962
f 1961 1962 1963
f 1963 1962 1964
f 1963 1965 1966
f 1963 1966 1967
f 1968 1965 1969
f 1968 1970 1509
f 1968 1509 1506
f 1971 1970 1972
f 1971 1973 1512
f 1971 1512 1510
f 1974 1973 1975
f 1974 1976 1977
f 1974 1977 1513
f 1977 1978 1979
f 1977 1979 1515
f 1978 1976 1980
f 1978 1981 1524
f 1981 1980 1982
f 1981 1983 1525
f 1983 1982 1984
f 1983 1984 1530
f 1984 1985 1986
f 1984 1986 1533
f 1986 1987 1988
f 1986 1988 1989
f 1988 1990 1991
f 1988 1992 1989
f 1993 1992 1994
f 1993 1995 1536
f 1993 1536 1534
f 1996 1995 1997
f 1996 1998 1540
f 1996 1540 1537
f 1999 1998 2000
f 1999 2001 2002
f 1999 2002 1541
f 2002 2003 2004
f 2002 2004 1543
f 2001 2000 2005
f 2001 2006 2003
f 2006 2005 2007
f 2006 2007 2008
f 2007 2009 2010
f 2007 2011 2009
f 2012 2013 2014
f 2012 2011 2015
f 2012 2016 2013
f 2017 2018 2019
f 2017 2016 2020
f 2017 2021 2018
f 2022 2023 2024
f 2022 2021 2025
f 2022 2026 2023
f 2027 2028 2023
f 2027 2026 2029
f 2027 2030 2031
f 2031 2032 2033
f 2031 2030 2034
f 2031 2034 2032
f 2035 2036 2037
f 2035 2034 2038
f 2035 2039 2036
f 2040 2041 2042
f 2040 2039 2043
f 2040 2044 2041
f 2045 2046 2047
f 2045 2044 2048
f 2045 2049 2046
f 2049 2048 2050
f 2049 2051 2052
f 2051 2050 2053
f 2051 2054 235
f 2054 2053 2055
f 2054 2056 236
f 2057 2058 233
f 2057 2056 2059
f 2057 2060 2058
f 2061 2060 2062
f 2061 2063 2064
f 2061 2064 2065
f 2065 2066 2058
f 2065 2064 2067
f 2065 2067 2068
f 2068 2069 2066
f 2068 2067 2070
f 2068 2070 2069
f 2071 2070 2072
f 2071 2072 2047
f 2071 2047 2046
f 2073 2072 1946
f 2073 1945 2042
f 2073 2042 2041
f 2074 1945 1942
f 2074 1941 2037
f 2074 2037 2036
f 2075 1941 1938
f 2075 1937 2033
f 2075 2033 2032
f 2076 1937 1935
f 2076 2077 2078
f 2076 2078 2033
f 2079 2077 2080
f 2079 2081 2024
f 2079 2024 2078
f 2082 2081 2083
f 2082 2084 2019
f 2082 2019 2018
f 2085 2084 2086
f 2085 2087 2014
f 2085 2014 2013
f 2088 2087 2089
f 2088 2090 2010
f 2088 2010 2009
f 2091 2090 2092
f 2091 2092 2093
f 2091 15 2008
f 2092 2094 2095
f 2092 2095 2096
f 2096 2095 2097
f 2096 2097 2098
f 2096 2099 2093
f 2099 2098 2100
f 2099 2100 16
f 2100 2101 2102
f 2100 2102 2103
f 2103 2102 2104
f 2103 2104 1784
f 2103 2105 19
f 2104 2106 1787
f 2104 1787 1785
f 2106 2102 2107
f 2106 2108 1789
f 2109 2108 2110
f 2109 2111 1793
f 2109 1793 1790
f 2112 2111 2113
f 2112 2114 2115
f 2112 2115 1794
f 2116 2114 2117
f 2116 2118 2119
f 2116 2120 2115
f 2119 2118 2121
f 2119 2121 2122
f 2119 2123 2120
f 2123 2122 2124
f 2123 2125 1800
f 2125 2124 2126
f 2125 2126 1804
f 2126 2127 2128
f 2126 2128 1806
f 2128 2129 2130
f 2128 2130 1809
f 2130 2131 2132
f 2130 2132 2133
f 2132 2134 2135
f 2132 2136 2133
f 2136 2135 2137
f 2136 2138 1814
f 2137 2135 2139
f 2137 2139 2140
f 2137 2141 2138
f 2141 2140 2142
f 2141 2143 1819
f 2143 2142 2144
f 2143 2144 1820
f 2144 2145 2146
f 2144 2146 1825
f 2146 2147 2148
f 2146 2148 1827
f 2148 2149 2150
f 2148 2150 1829
f 2150 2151 2152
f 2150 2152 1832
f 2152 2153 2154
f 2152 2154 2155
f 2154 2156 2157
f 2154 2157 2158
f 2158 2157 2159
f 2158 2159 2160
f 2158 2161 2155
f 2160 2159 2162
f 2160 2162 2163
f 2160 2164 2161
f 2163 2162 2165
f 2163 2165 2166
f 2163 2167 2164
f 2166 2165 2168
f 2166 2168 2169
f 2166 2170 2167
f 2169 2168 2171
f 2169 2171 2172
f 2169 2173 2170
f 2173 2172 2174
f 2173 2174 106
f 2174 2175 2086
f 2174 2176 109
f 2176 2086 2084
f 2176 2083 109
f 2175 2172 2089
f 2175 2089 2087
f 2177 2172 2171
f 2177 2178 2094
f 2177 2094 2090
f 2178 2171 2179
f 2178 2180 2181
f 2182 2180 2183
f 2182 2184 2185
f 2182 2186 2181
f 2185 2184 2187
f 2185 2187 2188
f 2185 2189 2186
f 2189 2188 2190
f 2189 2191 2097
f 2191 2190 2192
f 2191 2192 2101
f 2192 2193 2194
f 2192 2194 2107
f 2194 2195 2110
f 2194 2110 2108
f 2196 2195 2197
f 2196 2198 2113
f 2196 2113 2111
f 2199 2198 2200
f 2199 2201 2117
f 2199 2117 2114
f 2202 2201 2203
f 2202 2204 2205
f 2202 2205 2118
f 2206 2204 2207
f 2206 2208 2209
f 2206 2210 2205
f 2210 2209 2211
f 2210 2212 2121
f 2212 2211 2213
f 2212 2214 2122
f 2214 2213 2215
f 2214 2215 2127
f 2215 2216 2217
f 2215 2217 2129
f 2217 2218 2219
f 2217 2219 2131
f 2219 2220 2221
f 2219 2222 2134
f 2222 2221 2223
f 2222 2224 2134
f 2223 2221 2225
f 2223 2225 2226
f 2223 2227 2224
f 2227 2226 2228
f 2227 2229 2139
f 2229 2228 2230
f 2229 2231 2140
f 2231 2230 2232
f 2231 2232 2145
f 2232 2233 2234
f 2232 2234 2147
f 2234 2235 2236
f 2234 2236 2149
f 2236 2237 2238
f 2236 2238 2151
f 2238 2239 2240
f 2238 2240 2153
f 2240 2241 2242
f 2240 2242 2156
f 2242 2243 2244
f 2242 2244 2245
f 2244 2246 2247
f 2244 2247 2248
f 2248 2247 2249
f 2248 2249 2250
f 2248 2251 2245
f 2250 2249 2252
f 2250 2252 2253
f 2250 2254 2251
f 2253 2252 2255
f 2253 2255 2256
f 2253 2257 2254
f 2256 2255 2258
f 2256 2258 2259
f 2256 2260 2257
f 2259 2258 2183
f 2259 2183 2180
f 2259 2179 2260
f 2261 2258 2262
f 2261 2263 2264
f 2261 2264 2184
f 2265 2263 2266
f 2265 2267 2268
f 2265 2269 2264
f 2269 2268 2270
f 2269 2271 2187
f 2271 2270 2272
f 2271 2273 2188
f 2273 2272 2274
f 2273 2274 2193
f 2274 2275 2197
f 2274 2197 2195
f 2276 2275 2277
f 2276 2278 2200
f 2276 2200 2198
f 2279 2278 2280
f 2279 2281 2203
f 2279 2203 2201
f 2282 2281 2283
f 2282 2284 2207
f 2282 2207 2204
f 2285 2284 2286
f 2285 2287 2288
f 2285 2288 2208
f 2288 208 2289
f 2288 2289 2208
f 2289 207 2290
f 2289 2290 2209
f 2290 212 2291
f 2290 2291 2211
f 2291 2292 2293
f 2291 2293 2216
f 2293 2294 2295
f 2293 2296 2218
f 2296 2295 2297
f 2296 2298 2220
f 2298 2297 2299
f 2298 2300 2220
f 2299 2297 2301
f 2299 2301 205
f 2299 2302 2300
f 2302 205 204
f 2302 2303 2225
f 2303 204 2304
f 2303 2305 2226
f 2305 2304 2306
f 2305 2307 2230
f 2307 2306 2308
f 2307 2308 2233
f 2308 2309 2310
f 2308 2310 2235
f 2310 2311 2312
f 2310 2312 2237
f 2312 2313 2314
f 2312 2314 2239
f 2314 2315 2316
f 2314 2316 2241
f 2316 2317 2318
f 2316 2318 2243
f 2318 2319 2320
f 2318 2320 2246
f 2319 2317 2321
f 2319 2322 221
f 2322 2321 2323
f 2322 2324 222
f 2325 2324 2326
f 2325 2327 2328
f 2325 2328 224
f 2328 2329 2330
f 2328 2330 225
f 2330 2331 2332
f 2330 2333 225
f 2334 2335 223
f 2334 2333 2336
f 2334 2337 2335
f 2336 2333 2338
f 2336 2338 2339
f 2336 2340 2337
f 2339 2338 2341
f 2339 2341 2342
f 2339 2343 2340
f 2342 2341 2266
f 2342 2266 2263
f 2342 2262 2343
f 2344 2341 2345
f 2344 2346 2347
f 2344 2347 2267
f 2347 2348 2349
f 2347 2350 2267
f 2350 2349 2351
f 2350 2352 2268
f 2352 2351 2353
f 2352 2354 2270
f 2354 2353 2277
f 2354 2277 2275
f 2355 2353 2356
f 2355 2357 2280
f 2355 2280 2278
f 2358 2357 2359
f 2358 2360 2283
f 2358 2283 2281
f 2361 2360 2362
f 2361 2363 2286
f 2361 2286 2284
f 2364 2363 2365
f 2364 2366 2367
f 2364 2367 2287
f 2367 2368 209
f 2367 209 208
f 2368 2366 2369
f 2368 2370 210
f 2371 2372 211
f 2371 2370 2373
f 2371 2374 2372
f 2375 2374 2376
f 2375 2377 2294
f 2375 2294 2292
f 2377 2376 2378
f 2377 2379 2295
f 2378 2376 2380
f 2378 2380 2381
f 2378 2381 2379
f 2381 2382 201
f 2381 201 205
f 2382 2380 2383
f 2382 2384 202
f 2385 2384 2386
f 2385 2387 2388
f 2385 2388 203
f 2388 2389 2306
f 2388 2306 2304
f 2389 2387 2390
f 2389 2391 2311
f 2391 2390 2392
f 2391 2392 2313
f 2392 2393 2394
f 2392 2394 2315
f 2394 2395 2321
f 2394 2321 2317
f 2395 2393 2396
f 2395 2397 2323
f 2398 2397 2399
f 2398 2400 2326
f 2398 2326 2324
f 2401 2400 2402
f 2401 2403 2404
f 2401 2404 2327
f 2404 2405 2406
f 2404 2406 2329
f 2406 2407 2408
f 2406 2408 2331
f 2408 2409 2410
f 2408 2411 2331
f 2411 2410 2346
f 2411 2345 2332
f 2410 2409 2412
f 2410 2412 2348
f 2412 2413 2414
f 2412 2414 2348
f 2414 2415 2416
f 2414 2416 2349
f 2416 2417 2356
f 2416 2356 2353
f 2418 2417 2419
f 2418 2420 2359
f 2418 2359 2357
f 2421 2420 2422
f 2421 2423 2362
f 2421 2362 2360
f 2424 2423 2425
f 2424 2426 2365
f 2424 2365 2363
f 2427 2426 2428
f 2427 2429 2369
f 2427 2369 2366
f 2430 2373 2370
f 2430 2429 2431
f 2430 2432 2373
f 2432 2431 2433
f 2432 2383 2434
f 2433 2431 2435
f 2433 2435 2386
f 2433 2386 2384
f 2436 2435 2396
f 2436 2396 2390
f 2436 2390 2387
f 2437 2435 2438
f 2437 2439 2399
f 2437 2399 2397
f 2440 2439 2441
f 2440 2442 2402
f 2440 2402 2400
f 2442 2441 2425
f 2442 2443 2444
f 2443 2425 2423
f 2443 2422 227
f 2441 2439 2428
f 2441 2428 2426
f 2438 2431 2429
f 2422 2420 228
f 2419 2445 229
f 2419 2417 2445
f 2445 2446 229
f 2445 2415 2446
f 2446 2407 230
f 2446 2413 2409
f 2405 2403 231
f 2403 2402 2444
f 2434 2376 2374
f 2372 2292 212
f 2335 2246 2320
f 2083 2081 110
f 2080 1933 1931
f 2080 2077 1933
f 2069 2046 2052
f 2063 2062 2447
f 2063 2448 1957
f 2448 2447 2449
f 2448 2450 1958
f 2450 2449 2451
f 2450 2451 2452
f 2451 2453 2454
f 2451 2454 2455
f 2455 2454 2456
f 2455 2456 1964
f 2455 1964 1962
f 2457 2456 128
f 2457 2458 1969
f 2457 1969 1965
f 2459 2458 2460
f 2459 2461 1972
f 2459 1972 1970
f 2462 2461 2463
f 2462 2464 1975
f 2462 1975 1973
f 2465 2464 2466
f 2465 2467 1980
f 2465 1980 1976
f 2467 2466 2468
f 2467 2469 1982
f 2469 2468 2470
f 2469 2470 1987
f 2470 2471 2472
f 2470 2472 1990
f 2472 2473 2474
f 2472 2475 1990
f 2475 2474 2476
f 2475 2477 1991
f 2478 2477 2479
f 2478 2480 1994
f 2478 1994 1992
f 2481 2480 2482
f 2481 2483 1997
f 2481 1997 1995
f 2484 2483 2485
f 2484 2486 2000
f 2484 2000 1998
f 2486 2485 2015
f 2486 2015 2011
f 2487 2020 2016
f 2487 2485 2488
f 2487 2489 2020
f 2490 2025 2021
f 2490 2489 2491
f 2490 2492 2025
f 2493 2029 2026
f 2493 2492 2494
f 2493 2495 2029
f 2496 2497 2030
f 2496 2495 2498
f 2496 2499 2497
f 2500 2038 2034
f 2500 2499 2501
f 2500 2502 2038
f 2503 2043 2039
f 2503 2502 2504
f 2503 2505 2043
f 2506 2048 2044
f 2506 2505 2507
f 2506 2508 2048
f 2508 2507 2509
f 2508 2510 2050
f 2510 2509 2511
f 2510 2512 2053
f 2512 2511 2513
f 2512 2514 2055
f 2515 2059 2056
f 2515 2514 164
f 2515 2516 2059
f 2517 2516 2518
f 2517 2519 2062
f 2517 2062 2060
f 2519 2518 2520
f 2519 2521 2447
f 2521 2520 2522
f 2521 2522 2453
f 2522 2523 2524
f 2522 2524 2525
f 2524 2526 2527
f 2524 2527 2528
f 2528 2527 130
f 2528 130 129
f 2528 2529 2525
f 2530 2527 2531
f 2530 2532 2533
f 2530 2533 131
f 2533 2534 2535
f 2533 2535 2536
f 2535 2537 2538
f 2535 2538 2539
f 2539 2460 2536
f 2539 2538 2463
f 2539 2463 2461
f 2540 2538 2541
f 2540 2542 2466
f 2540 2466 2464
f 2542 2541 2543
f 2542 2544 2471
f 2544 2543 2545
f 2544 2546 2471
f 2546 2545 2547
f 2546 2548 2473
f 2548 2547 2549
f 2548 2550 2474
f 2550 2549 2551
f 2550 2552 2476
f 2553 2552 2554
f 2553 2555 2479
f 2553 2479 2477
f 2556 2555 2557
f 2556 2558 2482
f 2556 2482 2480
f 2558 2557 2491
f 2558 2491 2489
f 2559 2494 2492
f 2559 2557 2560
f 2559 2560 2494
f 2561 2498 2495
f 2561 2560 2562
f 2561 2563 2498
f 2564 2501 2499
f 2564 2563 2565
f 2564 2565 2566
f 2566 2504 2502
f 2566 2565 2567
f 2566 2567 2568
f 2568 2507 2505
f 2568 2567 2569
f 2568 2569 2507
f 2569 2570 2571
f 2569 2571 2509
f 2571 2572 2573
f 2571 2574 2511
f 2574 2573 2575
f 2574 2576 2513
f 2575 2573 2577
f 2575 2578 2579
f 2575 2580 2576
f 2580 2581 165
f 2580 2579 2582
f 2582 2526 2581
f 2582 2579 2583
f 2582 2583 2531
f 2583 2584 2585
f 2583 2585 2532
f 2585 2586 2587
f 2585 2587 2534
f 2587 2588 2589
f 2587 2589 2537
f 2589 2590 2543
f 2589 2543 2541
f 2590 2588 2591
f 2590 2591 2545
f 2591 2592 2593
f 2591 2593 2547
f 2593 2594 2595
f 2593 2595 2549
f 2595 2596 56
f 2595 56 2551
f 2597 56 53
f 2597 2598 2554
f 2597 2554 2552
f 2598 53 2599
f 2598 2562 2600
f 2596 2594 2601
f 2596 2602 54
f 2602 2601 2603
f 2602 2604 55
f 2605 2606 2607
f 2605 2607 52
f 2605 2604 2608
f 2608 2572 2606
f 2608 2604 2577
f 2608 2577 2573
f 2607 2609 2610
f 2607 2610 2599
f 2606 2570 2609
f 2603 2611 2578
f 2603 2601 2611
f 2612 2586 2584
f 2612 2601 2594
f 2612 2592 2586
f 2611 2584 2579
f 2581 2523 166
f 2610 2563 2562
f 2600 2557 2555
f 2520 2518 166
f 2518 2516 163
f 2514 2513 167
f 2488 2485 2483
f 2460 2458 127
f 2456 2529 129
f 1928 1926 2613
f 1928 2614 111
f 2614 2615 2616
f 2614 2613 2617
f 2617 1848 1846
f 2617 2613 2618
f 2617 2619 1848
f 2619 2618 2620
f 2619 2620 1850
f 2620 2621 2622
f 2620 2622 1852
f 2623 1855 1853
f 2623 2622 2624
f 2623 2625 1855
f 2626 1858 1856
f 2626 2625 2627
f 2626 2628 1858
f 2629 1861 1859
f 2629 2628 2630
f 2629 2631 1861
f 2632 1865 1862
f 2632 2631 2633
f 2632 2634 1865
f 2635 1868 1866
f 2635 2634 2636
f 2635 2637 1868
f 2638 1872 1869
f 2638 2637 2639
f 2638 2640 1872
f 2641 1875 1873
f 2641 2640 2642
f 2641 2643 1875
f 2644 159 1876
f 2644 2643 2645
f 2644 2646 159
f 2646 2645 2647
f 2646 2648 161
f 2649 2648 2650
f 2649 2651 2652
f 2649 2652 160
f 2652 2653 2654
f 2652 2654 2655
f 2654 2656 2657
f 2654 2657 2658
f 2657 2659 1883
f 2657 1883 1879
f 2659 2656 2660
f 2659 2661 1884
f 2661 2660 2662
f 2661 2663 1886
f 2663 2662 2664
f 2663 2665 1888
f 2665 2664 2666
f 2665 2667 1890
f 2667 2666 2668
f 2667 2669 1895
f 2669 2668 2670
f 2669 2671 1895
f 2671 2670 154
f 2671 2672 1896
f 2672 154 153
f 2672 2673 1898
f 2673 153 2674
f 2673 2675 1900
f 2676 2675 2677
f 2676 2678 1903
f 2676 1903 1901
f 2679 2678 2680
f 2679 2681 1906
f 2679 1906 1904
f 2681 2680 2682
f 2681 2682 1912
f 2682 2683 2684
f 2682 2684 2685
f 2684 2686 2687
f 2684 2688 2685
f 2689 2688 2690
f 2689 2691 1915
f 2689 1915 1913
f 2692 2691 2693
f 2692 2694 1919
f 2692 1919 1916
f 2695 2694 2696
f 2695 2697 1922
f 2695 1922 1920
f 2698 2697 2699
f 2698 2621 1925
f 2698 1925 1923
f 2697 2696 2700
f 2700 2624 2622
f 2700 2696 2701
f 2700 2701 2624
f 2702 2627 2625
f 2702 2701 2703
f 2702 2704 2627
f 2705 2630 2628
f 2705 2704 2706
f 2705 2707 2630
f 2708 2633 2631
f 2708 2707 2709
f 2708 2710 2633
f 2711 2636 2634
f 2711 2710 2712
f 2711 2713 2636
f 2714 2639 2637
f 2714 2713 2715
f 2714 2716 2639
f 2717 2642 2640
f 2717 2716 2718
f 2717 2719 2642
f 2720 2645 2643
f 2720 2719 2721
f 2720 2722 2645
f 2722 2721 2723
f 2722 2724 2647
f 2725 2724 195
f 2725 2726 2650
f 2725 2650 2648
f 2727 2726 2728
f 2727 2729 2730
f 2727 2730 2651
f 2730 2731 2732
f 2730 2732 2653
f 2732 2733 2660
f 2732 2660 2656
f 2733 2731 2734
f 2733 2735 2662
f 2735 2734 2736
f 2735 2737 2664
f 2737 2736 2738
f 2737 2738 2668
f 2738 2739 2740
f 2738 2740 2670
f 2740 2741 155
f 2740 155 154
f 2741 2739 2742
f 2741 2743 156
f 2744 2743 2745
f 2744 2746 2747
f 2744 2747 152
f 2747 2748 2749
f 2747 2749 2674
f 2749 2750 2677
f 2749 2677 2675
f 2751 2750 2752
f 2751 2753 2683
f 2751 2680 2678
f 2753 2752 2754
f 2753 2754 2686
f 2754 2755 2756
f 2754 2756 2686
f 2756 2757 2758
f 2756 2758 2687
f 2759 2758 2760
f 2759 2761 2690
f 2759 2690 2688
f 2762 2761 2763
f 2762 2764 2693
f 2762 2693 2691
f 2764 2763 2765
f 2764 2703 2766
f 2765 2706 2704
f 2765 2763 2767
f 2765 2767 2706
f 2768 2709 2707
f 2768 2767 116
f 2768 118 2709
f 2769 2712 2710
f 2769 118 2770
f 2769 2770 2771
f 2771 2715 2713
f 2771 2770 2772
f 2771 2772 2773
f 2773 2718 2716
f 2773 2772 2774
f 2773 2774 2775
f 2775 2721 2719
f 2775 2774 2776
f 2775 2776 2721
f 2776 2777 197
f 2776 197 2723
f 2778 2779 198
f 2778 2777 2780
f 2778 2781 2779
f 2782 2783 2779
f 2782 2781 2784
f 2782 2785 2786
f 2786 2745 2783
f 2786 2785 2787
f 2786 2787 2746
f 2787 2788 2789
f 2787 2789 2748
f 2789 2790 2752
f 2789 2752 2750
f 2790 2788 2791
f 2790 2791 2757
f 2791 2792 2793
f 2791 2793 2794
f 2793 2795 2796
f 2793 2796 2797
f 2797 2796 2798
f 2797 2798 2799
f 2797 2760 2794
f 2796 2800 114
f 2800 2795 2801
f 2800 2802 115
f 2802 2801 2780
f 2802 2803 2804
f 2801 2784 2781
f 2801 2795 2784
f 2792 2788 2785
f 2805 2742 2806
f 2805 2806 2807
f 2805 2745 2743
f 2806 2808 199
f 2806 2809 2808
f 2810 2729 2808
f 2810 2809 2736
f 2810 2734 2731
f 2808 2728 199
f 2809 2742 2739
f 2807 199 2779
f 2780 2777 2803
f 2804 2770 117
f 2767 2799 2798
f 2799 2763 2761
f 2728 2726 194
f 2724 2723 196
f 2766 2696 2694
f 2618 2613 1926
f 2616 1844 1842
f 2616 103 112
f 2616 2615 1844
f 2658 1877 2655
f 1784 1782 2105
f 1778 1777 2811
f 1777 1550 1547
f 1777 1775 1550
f 1772 2812 1774
f 1768 1766 2812
f 1547 1545 71
f 1545 1543 2004
f 1979 1520 1517
f 1771 1335 1331
f 1333 49 48
f 1305 1304 49
f 1635 1294 150
f 1290 1625 150
f 1597 1248 1598
f 1248 1246 1195
f 1246 1245 1196
f 1245 1234 2813
f 1233 2814 2813
f 1233 1231 2815
f 2815 2816 2814
f 2815 1229 2817
f 2817 2818 2816
f 2817 1225 1223
f 1223 1207 2818
f 1204 836 834
f 2819 88 87
f 1049 174 172
f 1380 1001 1242
f 948 885 881
f 945 888 886
f 941 892 889
f 878 876 958
f 873 872 143
f 1221 853 851
f 829 1177 42
f 1177 826 1175
f 809 807 1129
f 807 804 803
f 791 13 8
f 743 741 914
f 680 624 620
f 680 678 624
f 677 629 625
f 677 676 629
f 2820 634 630
f 2820 676 2821
f 2820 2821 2822
f 2822 639 635
f 2822 2821 2823
f 2822 2823 639
f 2824 644 640
f 2824 2823 58
f 2824 62 644
f 2823 672 58
f 643 642 215
f 594 23 589
f 781 499 35
f 499 498 583
f 404 403 184
f 264 260 239
f 255 308 259
f 2 22 3
f 1 5 2
f 7 85 8
f 9 1080 10
f 6 11 7
f 12 787 9
f 6 13 12
f 15 2093 16
f 17 67 18
f 14 19 17
f 20 2008 15
f 18 2003 20
f 21 755 22
f 23 750 21
f 2 24 23
f 25 27 28
f 28 63 29
f 30 1241 26
f 31 1372 30
f 25 32 31
f 5 34 24
f 35 583 33
f 4 779 35
f 36 775 4
f 3 766 36
f 37 39 40
f 40 834 41
f 41 831 42
f 37 43 44
f 44 79 38
f 45 47 50
f 45 49 46
f 50 1316 48
f 52 2599 53
f 51 55 52
f 51 56 54
f 57 59 60
f 60 653 61
f 57 62 58
f 64 1255 65
f 28 1244 64
f 65 2825 66
f 66 1362 29
f 67 69 70
f 17 2105 68
f 70 2811 71
f 71 2004 18
f 72 74 77
f 72 76 1135
f 77 1160 75
f 79 1179 80
f 78 81 82
f 82 1191 83
f 78 38 79
f 86 1096 87
f 7 1089 86
f 85 88 89
f 89 1118 8
f 91 913 92
f 90 94 97
f 92 1011 93
f 90 96 91
f 97 1053 95
f 98 76 75
f 75 1160 100
f 98 101 1129
f 103 1842 104
f 102 105 2170
f 102 107 103
f 108 110 1931
f 107 106 109
f 108 112 107
f 113 115 117
f 116 2798 114
f 113 118 116
f 119 121 124
f 119 123 120
f 119 125 122
f 126 128 129
f 126 130 131
f 131 2536 127
f 132 134 136
f 135 685 133
f 132 137 135
f 138 140 142
f 141 958 139
f 138 143 141
f 144 146 149
f 144 148 145
f 144 150 147
f 152 2674 153
f 151 154 155
f 151 156 152
f 158 1876 159
f 160 2655 158
f 157 161 160
f 162 164 167
f 162 166 163
f 167 2576 165
f 169 97 94
f 168 170 173
f 171 1031 172
f 173 1020 171
f 168 174 169
f 175 177 178
f 178 1760 179
f 175 180 176
f 181 183 184
f 181 185 186
f 186 475 182
f 187 189 191
f 190 271 188
f 187 192 190
f 193 195 196
f 193 197 198
f 193 199 194
f 200 202 203
f 203 2304 204
f 200 205 201
f 206 208 209
f 206 210 211
f 206 212 207
f 213 215 218
f 213 217 214
f 213 219 216
f 220 222 224
f 223 2320 221
f 220 225 223
f 226 228 229
f 226 230 231
f 231 2444 227
f 233 2066 234
f 232 236 233
f 234 2052 235
f 238 315 239
f 237 241 238
f 239 259 240
f 242 244 246
f 245 291 243
f 242 247 245
f 248 288 245
f 246 304 249
f 247 250 248
f 251 285 248
f 249 307 252
f 250 253 251
f 254 282 251
f 252 308 255
f 255 256 254
f 256 258 254
f 256 259 260
f 260 261 257
f 261 263 257
f 261 264 265
f 265 266 262
f 266 267 268
f 268 325 269
f 266 270 262
f 270 271 272
f 272 263 262
f 269 189 188
f 272 273 274
f 274 275 263
f 275 276 277
f 277 278 258
f 275 257 263
f 278 279 280
f 278 281 282
f 278 254 258
f 280 350 283
f 281 284 285
f 285 251 282
f 283 354 286
f 284 287 288
f 288 248 285
f 286 357 289
f 287 290 291
f 291 245 288
f 290 292 293
f 290 294 295
f 295 243 291
f 295 296 297
f 297 244 243
f 297 298 299
f 299 300 244
f 300 301 302
f 300 303 304
f 304 246 244
f 302 310 305
f 303 306 307
f 307 249 304
f 305 309 241
f 306 240 308
f 308 252 307
f 309 310 311
f 311 313 312
f 309 238 241
f 313 316 314
f 312 315 238
f 316 386 317
f 314 318 315
f 318 319 267
f 318 265 264
f 264 239 315
f 317 386 320
f 319 321 322
f 319 268 267
f 322 323 324
f 322 325 268
f 324 326 327
f 327 328 325
f 328 329 330
f 330 191 189
f 328 269 325
f 330 331 332
f 332 192 191
f 332 333 334
f 334 335 192
f 335 336 337
f 337 339 338
f 335 190 192
f 339 340 273
f 338 271 190
f 340 341 342
f 342 343 276
f 340 274 273
f 343 344 345
f 345 346 279
f 343 277 276
f 346 347 348
f 346 349 350
f 350 280 279
f 349 351 352
f 349 353 354
f 354 283 350
f 352 421 355
f 353 356 357
f 357 286 354
f 355 424 358
f 358 359 292
f 356 289 357
f 359 360 361
f 361 363 362
f 359 293 292
f 363 365 364
f 362 294 293
f 364 366 367
f 367 296 294
f 367 368 369
f 369 298 296
f 369 370 371
f 371 372 298
f 372 373 374
f 374 375 301
f 372 299 298
f 374 377 376
f 375 311 310
f 310 302 301
f 377 379 378
f 376 313 311
f 379 381 380
f 378 316 313
f 381 383 382
f 382 386 316
f 382 384 385
f 385 320 386
f 385 387 388
f 388 321 320
f 388 389 390
f 390 323 321
f 390 391 392
f 392 326 323
f 392 393 394
f 394 395 326
f 395 396 397
f 397 331 329
f 395 327 326
f 397 398 399
f 399 333 331
f 399 400 401
f 401 402 333
f 402 403 404
f 404 405 336
f 402 334 333
f 405 183 406
f 406 408 407
f 405 337 336
f 408 409 341
f 407 339 337
f 409 410 411
f 411 412 344
f 409 342 341
f 412 413 414
f 414 415 347
f 412 345 344
f 415 416 417
f 417 418 351
f 415 348 347
f 417 508 419
f 418 420 421
f 421 352 351
f 419 516 422
f 420 423 424
f 424 355 421
f 422 518 425
f 423 426 360
f 360 358 424
f 425 521 427
f 427 429 428
f 426 361 360
f 429 431 430
f 428 363 361
f 431 433 432
f 430 365 363
f 432 434 435
f 435 366 365
f 435 436 437
f 437 368 366
f 437 438 439
f 439 370 368
f 439 440 441
f 441 442 370
f 442 443 444
f 444 445 373
f 442 371 370
f 444 447 446
f 445 379 377
f 445 374 373
f 447 449 448
f 446 381 379
f 449 451 450
f 448 383 381
f 451 453 452
f 452 384 383
f 452 454 455
f 455 387 384
f 455 456 457
f 457 389 387
f 457 458 459
f 459 391 389
f 459 460 461
f 461 393 391
f 461 462 463
f 463 464 393
f 464 465 466
f 466 398 396
f 464 394 393
f 465 468 467
f 467 400 398
f 468 566 469
f 469 470 400
f 469 471 185
f 185 184 403
f 470 401 400
f 469 566 472
f 472 476 473
f 471 186 185
f 473 475 186
f 476 477 474
f 477 479 474
f 477 480 481
f 481 482 478
f 482 484 478
f 482 485 486
f 486 487 483
f 487 489 483
f 487 490 491
f 491 492 488
f 492 494 488
f 492 495 496
f 496 497 493
f 497 498 499
f 499 781 500
f 497 501 493
f 501 502 503
f 503 505 504
f 504 494 493
f 505 516 506
f 506 507 494
f 507 488 494
f 507 508 509
f 509 510 489
f 510 416 511
f 511 512 484
f 510 483 489
f 512 413 513
f 513 514 479
f 512 478 484
f 514 410 515
f 515 182 475
f 514 474 479
f 515 408 406
f 406 183 182
f 513 411 410
f 511 414 413
f 509 417 416
f 516 419 508
f 505 517 518
f 518 422 516
f 503 502 519
f 517 520 521
f 521 425 518
f 519 782 522
f 520 523 524
f 524 427 521
f 523 526 525
f 524 429 427
f 526 528 527
f 525 431 429
f 528 530 529
f 527 433 431
f 529 531 532
f 532 434 433
f 532 533 534
f 534 436 434
f 534 535 536
f 536 438 436
f 536 537 538
f 538 440 438
f 538 539 540
f 540 541 440
f 541 542 543
f 543 544 443
f 541 441 440
f 543 546 545
f 544 449 447
f 544 444 443
f 546 548 547
f 545 451 449
f 548 550 549
f 547 453 451
f 549 551 552
f 552 454 453
f 552 553 554
f 554 456 454
f 554 555 556
f 556 458 456
f 556 557 558
f 558 460 458
f 558 559 560
f 560 462 460
f 559 821 561
f 560 562 462
f 561 564 563
f 562 468 465
f 465 463 462
f 564 567 565
f 563 566 468
f 565 568 569
f 569 472 566
f 480 476 472
f 569 570 480
f 570 481 480
f 568 828 571
f 571 572 485
f 572 486 485
f 572 573 574
f 574 575 490
f 575 491 490
f 575 576 577
f 577 578 495
f 578 496 495
f 578 579 580
f 580 583 498
f 580 581 582
f 582 33 583
f 582 584 585
f 585 34 33
f 585 586 587
f 587 588 34
f 589 24 34
f 588 590 591
f 588 592 589
f 592 594 589
f 592 595 596
f 596 597 593
f 597 599 593
f 597 600 601
f 601 602 598
f 602 604 598
f 602 605 606
f 606 607 603
f 607 609 603
f 607 610 611
f 611 612 608
f 612 614 608
f 612 615 616
f 616 617 613
f 618 738 613
f 617 619 620
f 620 621 618
f 621 623 618
f 621 624 625
f 625 626 622
f 626 628 622
f 626 629 630
f 630 631 627
f 631 633 627
f 631 634 635
f 635 636 632
f 636 638 632
f 636 639 640
f 640 641 637
f 641 643 637
f 641 644 645
f 645 646 642
f 647 714 219
f 646 218 642
f 646 648 647
f 649 658 647
f 645 644 650
f 648 651 649
f 652 654 649
f 650 62 61
f 651 653 652
f 654 656 657
f 654 658 649
f 654 659 655
f 660 702 655
f 652 653 661
f 659 662 660
f 662 664 665
f 665 695 660
f 661 666 663
f 666 668 663
f 666 653 60
f 60 59 667
f 668 134 670
f 670 664 663
f 667 671 669
f 672 2821 673
f 671 674 669
f 671 59 672
f 673 676 675
f 674 137 136
f 136 134 669
f 675 677 678
f 678 679 137
f 679 680 681
f 681 683 682
f 679 135 137
f 683 686 684
f 682 685 135
f 686 860 687
f 684 688 685
f 687 865 689
f 688 690 691
f 691 133 685
f 691 664 670
f 670 134 133
f 689 693 692
f 690 665 664
f 693 696 694
f 692 695 665
f 694 697 698
f 698 699 695
f 699 700 701
f 701 703 702
f 699 660 695
f 703 704 705
f 705 706 656
f 703 655 702
f 706 707 708
f 708 710 709
f 706 657 656
f 710 712 711
f 711 658 657
f 711 713 714
f 714 647 658
f 712 716 715
f 713 217 216
f 216 219 714
f 716 884 717
f 715 718 217
f 717 890 719
f 718 720 721
f 721 214 217
f 721 722 723
f 723 215 214
f 723 724 725
f 725 643 215
f 725 726 638
f 725 637 643
f 724 901 727
f 727 728 633
f 726 632 638
f 728 729 730
f 730 731 628
f 728 627 633
f 731 732 733
f 733 734 623
f 731 622 628
f 734 735 736
f 734 737 738
f 738 618 623
f 736 911 739
f 737 740 614
f 614 613 738
f 739 914 741
f 741 742 609
f 740 608 614
f 742 743 744
f 744 745 604
f 742 603 609
f 745 746 747
f 747 748 599
f 745 598 604
f 748 749 750
f 750 23 594
f 748 593 599
f 749 752 753
f 753 21 750
f 747 746 751
f 752 756 754
f 753 755 21
f 754 757 758
f 754 759 755
f 758 1059 760
f 759 761 762
f 762 22 755
f 762 763 764
f 764 3 22
f 763 767 765
f 764 766 3
f 767 1070 768
f 765 769 766
f 769 770 771
f 769 772 773
f 773 36 766
f 772 776 774
f 773 775 36
f 776 783 777
f 774 778 775
f 779 4 775
f 777 782 780
f 778 781 779
f 782 519 502
f 780 500 781
f 783 522 782
f 783 784 785
f 785 523 522
f 784 787 786
f 785 526 523
f 787 12 788
f 786 528 526
f 12 13 789
f 788 530 528
f 13 791 790
f 790 531 530
f 790 792 793
f 793 533 531
f 793 794 795
f 795 535 533
f 795 796 797
f 797 537 535
f 797 798 799
f 799 539 537
f 799 800 801
f 801 802 539
f 802 803 804
f 802 805 542
f 802 540 539
f 804 807 806
f 805 548 546
f 546 543 542
f 807 809 808
f 806 550 548
f 808 810 811
f 811 551 550
f 811 812 813
f 813 553 551
f 813 814 815
f 815 555 553
f 815 816 817
f 817 557 555
f 816 819 818
f 817 559 557
f 819 822 820
f 818 821 559
f 822 1175 823
f 820 824 821
f 823 826 825
f 824 567 564
f 564 561 821
f 825 827 828
f 828 568 567
f 573 571 828
f 826 1177 829
f 827 830 573
f 830 574 573
f 829 42 831
f 830 832 576
f 832 577 576
f 831 41 833
f 833 581 579
f 833 834 835
f 835 584 581
f 835 836 837
f 837 586 584
f 837 838 839
f 839 840 586
f 840 587 586
f 840 841 842
f 842 843 590
f 843 591 590
f 843 844 845
f 845 846 595
f 846 596 595
f 846 847 848
f 848 849 600
f 849 601 600
f 849 850 851
f 851 852 605
f 852 606 605
f 852 853 854
f 854 855 610
f 855 611 610
f 855 856 857
f 857 858 615
f 858 616 615
f 858 683 681
f 681 680 619
f 857 686 683
f 854 853 859
f 856 860 686
f 853 1221 861
f 859 862 860
f 861 1220 863
f 862 864 865
f 865 687 860
f 863 867 866
f 864 696 693
f 693 689 865
f 867 869 868
f 868 697 696
f 869 963 870
f 870 871 697
f 871 872 873
f 873 874 700
f 871 698 697
f 874 142 140
f 140 875 704
f 874 701 700
f 875 139 876
f 876 877 707
f 875 705 704
f 877 878 879
f 879 881 880
f 877 708 707
f 881 883 882
f 880 710 708
f 882 884 716
f 882 712 710
f 883 885 886
f 883 887 884
f 887 888 889
f 889 891 890
f 890 717 884
f 891 892 893
f 891 894 895
f 895 719 890
f 895 896 897
f 897 720 719
f 897 898 899
f 899 722 720
f 899 900 901
f 901 724 722
f 898 925 902
f 900 903 729
f 729 727 901
f 902 922 904
f 904 905 732
f 903 730 729
f 905 906 907
f 907 908 735
f 905 733 732
f 908 909 910
f 910 912 911
f 908 736 735
f 912 913 91
f 91 96 914
f 914 739 911
f 910 915 913
f 916 1006 917
f 915 92 913
f 915 918 916
f 919 1003 916
f 918 907 906
f 918 920 919
f 921 1000 919
f 906 904 922
f 920 923 921
f 924 931 921
f 922 902 925
f 923 926 924
f 927 928 924
f 925 898 896
f 926 894 927
f 929 993 930
f 928 931 924
f 928 932 929
f 932 934 929
f 927 894 893
f 893 892 933
f 934 936 937
f 937 993 929
f 933 938 935
f 938 940 935
f 938 892 941
f 941 942 939
f 942 944 939
f 942 888 945
f 945 946 943
f 947 954 943
f 946 885 948
f 946 949 947
f 950 951 947
f 949 879 878
f 878 958 950
f 952 976 953
f 951 954 947
f 951 955 952
f 955 957 952
f 955 958 141
f 141 143 956
f 957 960 961
f 961 976 952
f 956 962 959
f 962 964 959
f 962 143 872
f 872 870 963
f 964 966 967
f 967 960 959
f 963 869 965
f 967 968 969
f 969 970 960
f 970 971 972
f 972 974 973
f 970 961 960
f 974 977 975
f 973 976 961
f 975 978 979
f 979 953 976
f 979 980 981
f 981 954 953
f 981 982 944
f 944 943 954
f 980 1228 983
f 983 984 940
f 982 939 944
f 984 985 986
f 986 987 936
f 984 935 940
f 987 988 989
f 989 991 990
f 987 937 936
f 991 994 992
f 990 993 937
f 992 995 996
f 996 930 993
f 996 997 998
f 998 931 930
f 998 999 1000
f 1000 921 931
f 997 1242 1001
f 999 1002 1003
f 1003 919 1000
f 1001 1380 1004
f 1002 1005 1006
f 1006 916 1003
f 1004 1379 1007
f 1005 1008 1009
f 1009 917 1006
f 1009 1010 1011
f 1011 92 917
f 1008 1384 1012
f 1010 1013 1014
f 1014 93 1011
f 1014 1015 170
f 1014 94 93
f 1013 1389 1016
f 1016 1018 1017
f 1015 173 170
f 1018 1021 1019
f 1017 1020 173
f 1021 1398 1022
f 1019 1023 1020
f 1022 1404 1024
f 1023 1025 1026
f 1026 171 1020
f 1026 1027 1028
f 1028 1031 171
f 1028 1029 1030
f 1030 1032 1031
f 1033 172 1031
f 1032 1034 1035
f 1032 1036 1033
f 1037 1049 1033
f 1035 1420 1038
f 1038 1039 1037
f 1039 1040 1041
f 1041 1436 1042
f 1039 1043 1037
f 1042 1056 1044
f 1043 1045 1046
f 1046 1049 1037
f 1046 1047 1048
f 1048 174 1049
f 1048 1050 1051
f 1048 169 174
f 1051 1052 1053
f 1053 97 169
f 1050 752 751
f 1052 746 1054
f 1054 95 1053
f 1054 744 743
f 743 96 95
f 1047 756 752
f 1045 757 756
f 1044 1055 757
f 1055 1056 1057
f 1055 1058 1059
f 1059 758 757
f 1057 1437 1060
f 1058 1061 1062
f 1062 760 1059
f 1062 1063 1064
f 1064 761 760
f 1064 1065 1066
f 1066 763 761
f 1065 1068 1067
f 1066 767 763
f 1068 1071 1069
f 1067 1070 767
f 1071 1454 1072
f 1069 1073 1070
f 1073 1074 1075
f 1075 1076 770
f 770 768 1070
f 1076 1077 1078
f 1078 1080 1079
f 1076 771 770
f 1080 9 1081
f 1079 772 771
f 1081 787 784
f 1081 776 772
f 1078 1082 1083
f 1083 10 1080
f 1083 1084 1085
f 1085 11 10
f 1084 1467 1086
f 1086 1087 11
f 1086 1473 1088
f 1088 1090 1089
f 1087 7 11
f 1090 1091 1092
f 1092 1094 1093
f 1093 86 1089
f 1094 1097 1095
f 1093 1096 86
f 1097 1486 1098
f 1095 1099 1096
f 1100 87 1096
f 1098 1491 1101
f 1099 1102 1100
f 1103 2819 1100
f 1101 1494 1104
f 1102 1105 1103
f 1104 1497 1106
f 1106 1508 1107
f 1105 1108 1103
f 1108 1109 1110
f 1110 1112 1111
f 1111 2819 1103
f 1112 1114 1113
f 1111 88 2819
f 1114 1116 1115
f 1113 89 88
f 1116 1119 1117
f 1115 1118 89
f 1119 794 792
f 1117 791 1118
f 1119 1120 1121
f 1121 796 794
f 1121 1122 1123
f 1123 798 796
f 1123 1124 1125
f 1125 800 798
f 1125 1126 1127
f 1127 1128 800
f 1128 99 98
f 1128 1129 803
f 1128 801 800
f 1127 1130 99
f 1126 1523 1131
f 1130 1132 1133
f 1133 76 99
f 1132 1136 1134
f 1133 1135 76
f 1136 1532 1137
f 1134 1138 1135
f 1137 1538 1139
f 1138 1140 1141
f 1141 72 1135
f 1140 1143 1142
f 1141 73 72
f 1143 1549 1144
f 1142 1145 73
f 1146 74 73
f 1144 1553 1147
f 1145 1148 1146
f 1147 1556 1149
f 1148 1150 1151
f 1151 1152 1146
f 1152 1153 1154
f 1154 1156 1155
f 1152 74 1146
f 1156 1158 1157
f 1155 77 74
f 1158 1161 1159
f 1157 1160 77
f 1161 1163 1162
f 1162 100 1160
f 1163 1165 1164
f 1164 101 100
f 1165 812 810
f 810 809 101
f 1165 1166 1167
f 1167 814 812
f 1167 1168 1169
f 1169 816 814
f 1168 1171 1170
f 1169 819 816
f 1171 1173 1172
f 1170 822 819
f 1173 1176 1174
f 1172 1175 822
f 1176 44 43
f 1174 1177 1175
f 1176 1178 1179
f 1179 79 44
f 1178 1181 1182
f 1182 80 1179
f 1173 1171 1180
f 1182 1183 1184
f 1184 81 80
f 1183 1579 1185
f 1185 1186 81
f 1185 1583 1187
f 1187 1189 1188
f 1186 82 81
f 1189 1192 1190
f 1188 1191 82
f 1192 1592 1193
f 1190 1194 1191
f 1193 1598 1195
f 1194 1196 1197
f 1194 83 1191
f 1196 2813 1198
f 1197 1199 83
f 84 78 83
f 1198 2814 1200
f 1199 1201 84
f 39 38 84
f 1200 2816 1202
f 1201 1203 39
f 1203 40 39
f 1202 2818 1205
f 1205 1206 1204
f 1206 836 1204
f 1206 1207 1208
f 1208 1209 838
f 1209 839 838
f 1209 1210 1211
f 1211 1212 841
f 1212 842 841
f 1212 971 1213
f 1213 1214 844
f 1214 845 844
f 1214 968 1215
f 1215 1216 847
f 1216 848 847
f 1216 1217 1218
f 1218 1221 850
f 1218 1219 1220
f 1220 861 1221
f 1217 966 965
f 1219 869 867
f 867 863 1220
f 1215 968 966
f 1213 969 968
f 1211 972 971
f 1208 1207 1222
f 1210 974 972
f 1222 1223 1224
f 1224 977 974
f 1224 1225 1226
f 1226 978 977
f 1226 1227 1228
f 1228 980 978
f 1225 2817 1229
f 1227 1230 985
f 985 983 1228
f 1229 2815 1231
f 1231 1232 988
f 1230 986 985
f 1232 1233 1234
f 1234 1236 1235
f 1232 989 988
f 1236 1238 1237
f 1235 991 989
f 1238 27 1239
f 1237 994 991
f 1239 26 1240
f 1240 995 994
f 1240 1241 1242
f 1242 997 995
f 1238 1243 1244
f 1244 28 27
f 1243 1246 1247
f 1247 64 1244
f 1236 1234 1245
f 1247 1248 1249
f 1249 1255 64
f 1248 1597 1250
f 1249 1251 1255
f 1250 1601 1252
f 1251 1253 1254
f 1254 65 1255
f 1253 1259 1256
f 1256 2825 65
f 1256 1258 2825
f 1259 1260 1257
f 1260 1262 1257
f 1260 1263 1264
f 1264 1265 1261
f 1265 1267 1261
f 1265 1268 1269
f 1269 1270 1266
f 1270 1272 1266
f 1270 1273 1274
f 1274 1275 1271
f 1275 1277 1271
f 1275 1278 1279
f 1275 1280 1276
f 1281 1345 1276
f 1279 1617 1282
f 1280 1283 1281
f 1283 1285 1281
f 1282 1621 1286
f 1286 1287 1284
f 1287 1289 1284
f 1286 1625 1290
f 1287 1291 1288
f 1291 1293 1288
f 1290 150 1294
f 1294 1295 1292
f 1295 1297 1292
f 1294 1635 1298
f 1298 1299 1296
f 1299 1300 1301
f 1301 1308 1302
f 1299 1303 1296
f 1303 1305 1306
f 1306 1297 1296
f 1302 1307 1304
f 1307 1308 1309
f 1309 1310 47
f 1307 46 1304
f 1310 1311 1312
f 1312 1314 1313
f 1310 50 47
f 1314 1317 1315
f 1313 1316 50
f 1317 1652 1318
f 1315 1319 1316
f 1320 48 1316
f 1318 1656 1321
f 1319 1322 1320
f 1323 1333 1320
f 1321 1659 1324
f 1322 1325 1323
f 1324 1560 1326
f 1325 1327 1328
f 1328 1329 1323
f 1329 1330 1331
f 1331 1334 1332
f 1329 1333 1323
f 1334 1306 1305
f 1332 49 1333
f 1334 1335 1336
f 1336 1297 1306
f 1336 1337 1293
f 1336 1292 1297
f 1335 1771 1338
f 1338 1339 1289
f 1337 1288 1293
f 1339 1340 1341
f 1341 1342 1285
f 1339 1284 1289
f 1342 1343 1344
f 1344 1346 1345
f 1345 1281 1285
f 1346 1347 1348
f 1346 1349 1277
f 1277 1276 1345
f 1348 1779 1350
f 1350 1351 1272
f 1349 1271 1277
f 1351 1352 1353
f 1353 1354 1267
f 1351 1266 1272
f 1354 1355 1356
f 1356 1357 1262
f 1354 1261 1267
f 1357 1358 1359
f 1359 1360 1258
f 1357 1257 1262
f 1359 1363 1361
f 1360 1362 66
f 66 2825 1258
f 1363 1791 1364
f 1361 1365 1362
f 1364 1796 1366
f 1365 1367 32
f 32 29 1362
f 1366 1799 1368
f 1368 1370 1369
f 1367 31 32
f 1370 1373 1371
f 1369 1372 31
f 1373 1808 1374
f 1371 1375 1372
f 1375 1376 1377
f 1377 1379 1378
f 1378 30 1372
f 1379 1004 1380
f 1378 1241 30
f 1377 1381 1382
f 1382 1007 1379
f 1382 1383 1384
f 1384 1008 1007
f 1381 1813 1385
f 1383 1386 1387
f 1387 1012 1384
f 1387 1388 1389
f 1389 1013 1012
f 1386 1818 1390
f 1388 1391 1392
f 1392 1016 1389
f 1391 1394 1393
f 1392 1018 1016
f 1394 1396 1395
f 1393 1021 1018
f 1396 1399 1397
f 1395 1398 1021
f 1399 1831 1400
f 1397 1401 1398
f 1400 1837 1402
f 1401 1403 1404
f 1404 1022 1398
f 1402 1840 1405
f 1403 1406 1407
f 1407 1024 1404
f 1407 1408 1409
f 1409 1025 1024
f 1409 1410 1411
f 1411 1027 1025
f 1411 1412 1413
f 1413 1029 1027
f 1413 1414 1415
f 1415 1416 1029
f 1416 1030 1029
f 1416 1417 1418
f 1418 1419 1034
f 1419 1035 1034
f 1419 1421 1422
f 1422 1423 1420
f 1040 1038 1420
f 1423 1424 1425
f 1423 1426 1040
f 1426 1041 1040
f 1425 1864 1428
f 1428 1429 1427
f 1429 1430 1431
f 1431 1881 1432
f 1429 1433 1427
f 1432 1439 1434
f 1433 1435 1436
f 1436 1041 1427
f 1434 1438 1437
f 1435 1057 1056
f 1056 1042 1436
f 1438 1439 1440
f 1438 1441 1442
f 1442 1060 1437
f 1442 1443 1444
f 1444 1061 1060
f 1444 1445 1446
f 1446 1063 1061
f 1446 1447 1448
f 1448 1065 1063
f 1447 1450 1449
f 1448 1068 1065
f 1450 1452 1451
f 1449 1071 1068
f 1452 1455 1453
f 1451 1454 1071
f 1453 1456 1457
f 1457 1458 1454
f 1458 1459 1460
f 1460 1461 1074
f 1458 1072 1454
f 1461 1462 1463
f 1463 1082 1077
f 1461 1075 1074
f 1463 1464 1465
f 1465 1084 1082
f 1464 1468 1466
f 1465 1467 1084
f 1468 1911 1469
f 1466 1470 1467
f 1469 1917 1471
f 1470 1472 1473
f 1473 1086 1467
f 1472 1474 1475
f 1475 1476 1091
f 1472 1088 1473
f 1476 1477 1478
f 1478 1480 1479
f 1476 1092 1091
f 1480 1482 1481
f 1479 1094 1092
f 1482 1484 1483
f 1481 1097 1094
f 1484 1487 1485
f 1483 1486 1097
f 1485 1488 1489
f 1485 1490 1486
f 1491 1098 1486
f 1489 1940 1492
f 1490 1493 1491
f 1494 1101 1491
f 1492 1944 1495
f 1493 1496 1494
f 1497 1104 1494
f 1495 1948 1498
f 1496 1499 1497
f 1500 1106 1497
f 1498 1951 1501
f 1499 1502 1500
f 1501 1954 1503
f 1503 1967 1504
f 1502 1505 1500
f 1504 1966 1506
f 1505 1507 1508
f 1508 1106 1500
f 1507 1509 1510
f 1510 1511 1109
f 1507 1107 1508
f 1511 1512 1513
f 1513 1515 1514
f 1511 1110 1109
f 1515 1517 1516
f 1514 1112 1110
f 1517 1519 1518
f 1516 1114 1112
f 1519 1122 1120
f 1518 1116 1114
f 1519 1520 1521
f 1521 1124 1122
f 1521 1522 1523
f 1523 1126 1124
f 1520 1979 1524
f 1522 1525 1526
f 1526 1131 1523
f 1526 1527 1528
f 1528 1132 1131
f 1527 1530 1529
f 1528 1136 1132
f 1530 1533 1531
f 1529 1532 1136
f 1533 1989 1534
f 1531 1535 1532
f 1535 1536 1537
f 1537 1539 1538
f 1538 1137 1532
f 1539 1540 1541
f 1541 1543 1542
f 1539 1139 1538
f 1543 1545 1544
f 1542 1140 1139
f 1545 1547 1546
f 1544 1143 1140
f 1547 1550 1548
f 1546 1549 1143
f 1550 1774 1551
f 1548 1552 1549
f 1553 1144 1549
f 1551 2812 1554
f 1552 1555 1553
f 1556 1147 1553
f 1554 1766 1557
f 1555 1558 1556
f 1559 1149 1556
f 1557 1327 1326
f 1558 1560 1559
f 1559 1561 1562
f 1562 1150 1149
f 1562 1563 1564
f 1564 1565 1150
f 1565 1566 1567
f 1567 1568 1153
f 1565 1151 1150
f 1568 1569 1570
f 1570 1572 1571
f 1568 1154 1153
f 1572 1574 1573
f 1571 1156 1154
f 1574 1576 1575
f 1573 1158 1156
f 1576 1578 1577
f 1575 1161 1158
f 1578 1168 1166
f 1577 1163 1161
f 1578 1181 1180
f 1180 1171 1168
f 1576 1183 1181
f 1574 1579 1183
f 1572 1580 1579
f 1570 1569 1581
f 1580 1582 1583
f 1583 1185 1579
f 1581 1665 1584
f 1582 1585 1586
f 1586 1187 1583
f 1585 1588 1587
f 1586 1189 1187
f 1588 1590 1589
f 1587 1192 1189
f 1590 1593 1591
f 1589 1592 1192
f 1593 1678 1594
f 1591 1595 1592
f 1594 1599 1596
f 1595 1597 1598
f 1598 1193 1592
f 1596 1600 1601
f 1601 1250 1597
f 1599 1681 1602
f 1600 1603 1604
f 1604 1252 1601
f 1604 1605 1606
f 1606 1253 1252
f 1605 1607 1263
f 1606 1259 1253
f 1607 1264 1263
f 1607 1608 1609
f 1609 1610 1268
f 1610 1269 1268
f 1610 1611 1612
f 1612 1613 1273
f 1613 1274 1273
f 1613 1614 1615
f 1615 1616 1278
f 1616 1279 1278
f 1616 1618 1619
f 1619 1620 1617
f 1621 1282 1617
f 1620 1622 1623
f 1620 1624 1621
f 1625 1286 1621
f 1623 1626 148
f 1624 147 1625
f 1623 1622 1627
f 1626 1628 1629
f 1629 145 148
f 1629 1630 1631
f 1631 146 145
f 1631 1632 1633
f 1633 1634 146
f 1634 149 146
f 1634 1636 1300
f 1300 1298 1635
f 1633 1632 1637
f 1637 1639 1638
f 1636 1301 1300
f 1639 1641 1640
f 1638 1308 1301
f 1641 1642 1311
f 1640 1309 1308
f 1642 1643 1644
f 1644 1646 1645
f 1642 1312 1311
f 1646 1648 1647
f 1645 1314 1312
f 1648 1650 1649
f 1647 1317 1314
f 1650 1653 1651
f 1649 1652 1317
f 1653 1721 1654
f 1651 1655 1652
f 1656 1318 1652
f 1654 1661 1657
f 1655 1658 1656
f 1659 1321 1656
f 1657 1660 1563
f 1658 1561 1659
f 1660 1661 1662
f 1662 1663 1566
f 1660 1564 1563
f 1663 1664 1665
f 1665 1581 1569
f 1663 1567 1566
f 1662 1661 1666
f 1664 1667 1668
f 1668 1584 1665
f 1668 1669 1670
f 1670 1585 1584
f 1669 1672 1671
f 1670 1588 1585
f 1672 1674 1673
f 1671 1590 1588
f 1674 1676 1675
f 1673 1593 1590
f 1676 1679 1677
f 1675 1678 1593
f 1679 1682 1680
f 1677 1681 1678
f 1680 1683 1684
f 1684 1602 1681
f 1684 1685 1686
f 1686 1603 1602
f 1686 1687 1608
f 1608 1605 1603
f 1687 1609 1608
f 1685 1736 1688
f 1688 1689 1611
f 1689 1612 1611
f 1689 1690 1691
f 1691 1692 1614
f 1692 1615 1614
f 1692 1693 1694
f 1694 1695 1618
f 1695 1619 1618
f 1695 1696 1697
f 1697 1627 1622
f 1697 1698 1699
f 1699 1628 1627
f 1699 1700 1701
f 1701 1630 1628
f 1701 1702 1703
f 1703 1632 1630
f 1703 1704 1705
f 1705 1637 1632
f 1704 1707 1706
f 1705 1639 1637
f 1707 1708 1643
f 1706 1641 1639
f 1708 123 1709
f 1709 1711 1710
f 1708 1644 1643
f 1711 1713 1712
f 1710 1646 1644
f 1712 1714 1715
f 1712 1648 1646
f 1714 1717 1716
f 1715 1650 1648
f 1717 1719 1718
f 1716 1653 1650
f 1719 1722 1720
f 1718 1721 1653
f 1722 1669 1667
f 1720 1666 1721
f 1719 1724 1723
f 1722 1672 1669
f 1724 1726 1725
f 1723 1674 1672
f 1726 1728 1727
f 1725 1676 1674
f 1728 1730 1729
f 1727 1679 1676
f 1730 1732 1731
f 1729 1682 1679
f 1731 1733 1734
f 1734 1683 1682
f 1734 1735 1736
f 1736 1685 1683
f 1733 1763 1737
f 1735 1738 1690
f 1690 1688 1736
f 1738 1691 1690
f 1737 1765 1739
f 1739 1740 1693
f 1740 1694 1693
f 1740 1741 1742
f 1742 1698 1696
f 1741 1744 1743
f 1743 1700 1698
f 1743 124 121
f 121 1702 1700
f 1744 1745 1746
f 1746 125 124
f 1746 1747 1748
f 1748 1749 125
f 1749 122 125
f 1749 180 1751
f 1751 1752 1750
f 1752 1709 1750
f 1752 1753 1754
f 1754 1713 1711
f 1754 1755 1756
f 1756 1714 1713
f 1756 1757 1758
f 1758 1717 1714
f 1758 1726 1724
f 1724 1719 1717
f 1755 1760 1759
f 1757 1728 1726
f 1760 178 1761
f 1759 1730 1728
f 178 177 1762
f 1761 1732 1730
f 1762 1733 1732
f 177 1764 1763
f 1765 1737 1763
f 177 176 1747
f 1764 1745 1765
f 1753 179 1760
f 1751 180 179
f 1750 123 122
f 1748 176 180
f 1741 1739 1765
f 1707 120 123
f 1702 121 120
f 1661 1654 1721
f 1599 1594 1678
f 1560 1324 1659
f 1766 1767 1327
f 1767 1768 1769
f 1769 1771 1330
f 1767 1328 1327
f 1769 1770 1340
f 1340 1338 1771
f 1768 2812 1772
f 1772 1773 1343
f 1770 1341 1340
f 1773 1774 1775
f 1775 1776 1347
f 1773 1344 1343
f 1776 1777 1778
f 1778 1780 1779
f 1776 1348 1347
f 1780 70 69
f 69 1781 1352
f 1780 1350 1779
f 1781 68 1782
f 1782 1783 1355
f 1781 1353 1352
f 1783 1784 1785
f 1785 1786 1358
f 1783 1356 1355
f 1786 1787 1788
f 1788 1791 1363
f 1786 1359 1358
f 1788 1789 1790
f 1790 1792 1791
f 1792 1793 1794
f 1792 1795 1796
f 1796 1364 1791
f 1794 2115 1797
f 1795 1798 1799
f 1799 1366 1796
f 1797 2120 1800
f 1798 1801 1802
f 1802 1368 1799
f 1801 1804 1803
f 1802 1370 1368
f 1804 1806 1805
f 1803 1373 1370
f 1806 1809 1807
f 1805 1808 1373
f 1809 2133 1810
f 1807 1811 1808
f 1811 1812 1813
f 1813 1381 1376
f 1811 1374 1808
f 1810 2133 1814
f 1812 1815 1816
f 1816 1385 1813
f 1816 1817 1818
f 1818 1386 1385
f 1815 2138 1819
f 1817 1820 1821
f 1821 1390 1818
f 1821 1822 1823
f 1823 1391 1390
f 1822 1825 1824
f 1823 1394 1391
f 1825 1827 1826
f 1824 1396 1394
f 1827 1829 1828
f 1826 1399 1396
f 1829 1832 1830
f 1828 1831 1399
f 1832 2155 1833
f 1830 1834 1831
f 1833 2161 1835
f 1834 1836 1837
f 1837 1400 1831
f 1835 2164 1838
f 1836 1839 1840
f 1840 1402 1837
f 1838 2167 105
f 1839 104 1841
f 1841 1405 1840
f 1841 1842 1843
f 1843 1406 1405
f 1843 1844 1845
f 1845 1408 1406
f 1845 1846 1847
f 1847 1410 1408
f 1847 1848 1849
f 1849 1412 1410
f 1849 1850 1851
f 1851 1414 1412
f 1851 1852 1853
f 1853 1854 1414
f 1854 1415 1414
f 1854 1855 1856
f 1856 1857 1417
f 1857 1418 1417
f 1857 1858 1859
f 1859 1860 1421
f 1860 1422 1421
f 1860 1861 1862
f 1862 1863 1424
f 1863 1425 1424
f 1863 1865 1866
f 1866 1867 1864
f 1867 1428 1864
f 1867 1868 1869
f 1869 1870 1430
f 1870 1431 1430
f 1870 1872 1873
f 1873 1874 1871
f 1874 1875 1876
f 1876 158 1877
f 1874 1878 1871
f 1877 2658 1879
f 1878 1880 1881
f 1881 1431 1871
f 1879 1883 1882
f 1880 1440 1439
f 1439 1432 1881
f 1882 1884 1885
f 1885 1441 1440
f 1885 1886 1887
f 1887 1443 1441
f 1887 1888 1889
f 1889 1445 1443
f 1889 1890 1891
f 1891 1447 1445
f 1891 1892 1893
f 1891 1450 1447
f 1892 1895 1894
f 1893 1452 1450
f 1894 1896 1897
f 1894 1455 1452
f 1897 1898 1899
f 1899 1456 1455
f 1899 1900 1901
f 1901 1902 1456
f 1902 1903 1904
f 1904 1905 1459
f 1902 1457 1456
f 1905 1906 1907
f 1907 1464 1462
f 1905 1460 1459
f 1907 1908 1909
f 1907 1468 1464
f 1908 1912 1910
f 1909 1911 1468
f 1912 2685 1913
f 1910 1914 1911
f 1914 1915 1916
f 1916 1918 1917
f 1917 1469 1911
f 1918 1919 1920
f 1920 1921 1474
f 1918 1471 1917
f 1921 1922 1923
f 1923 1924 1477
f 1921 1475 1474
f 1924 1925 1926
f 1926 1928 1927
f 1924 1478 1477
f 1928 111 1929
f 1927 1480 1478
f 111 108 1930
f 1929 1482 1480
f 1930 1931 1932
f 1932 1484 1482
f 1932 1933 1934
f 1934 1487 1484
f 1934 1935 1936
f 1936 1488 1487
f 1936 1937 1938
f 1938 1939 1488
f 1939 1489 1488
f 1939 1941 1942
f 1942 1943 1940
f 1944 1492 1940
f 1943 1945 1946
f 1943 1947 1944
f 1948 1495 1944
f 1946 2072 1949
f 1947 1950 1948
f 1951 1498 1948
f 1949 2070 1952
f 1950 1953 1951
f 1954 1501 1951
f 1952 2067 1955
f 1953 1956 1954
f 1955 2064 1957
f 1956 1958 1959
f 1959 1503 1954
f 1959 1960 1961
f 1961 1967 1503
f 1960 2452 1962
f 1961 1963 1967
f 1963 1964 1965
f 1965 1968 1966
f 1966 1504 1967
f 1968 1969 1970
f 1970 1971 1509
f 1968 1506 1966
f 1971 1972 1973
f 1973 1974 1512
f 1971 1510 1509
f 1974 1975 1976
f 1976 1978 1977
f 1974 1513 1512
f 1978 1524 1979
f 1977 1515 1513
f 1978 1980 1981
f 1981 1525 1524
f 1981 1982 1983
f 1983 1527 1525
f 1982 1985 1984
f 1983 1530 1527
f 1985 1987 1986
f 1984 1533 1530
f 1987 1990 1988
f 1986 1989 1533
f 1988 1991 1992
f 1992 1993 1989
f 1993 1994 1995
f 1995 1996 1536
f 1993 1534 1989
f 1996 1997 1998
f 1998 1999 1540
f 1996 1537 1536
f 1999 2000 2001
f 2001 2003 2002
f 1999 1541 1540
f 2003 18 2004
f 2002 1543 1541
f 2001 2005 2006
f 2006 20 2003
f 2005 2011 2007
f 2006 2008 20
f 2007 2010 2008
f 2011 2012 2009
f 2012 2014 2009
f 2012 2015 2016
f 2016 2017 2013
f 2017 2019 2013
f 2017 2020 2021
f 2021 2022 2018
f 2022 2024 2018
f 2022 2025 2026
f 2026 2027 2023
f 2028 2078 2023
f 2027 2029 2030
f 2027 2031 2028
f 2031 2033 2028
f 2030 2497 2034
f 2034 2035 2032
f 2035 2037 2032
f 2035 2038 2039
f 2039 2040 2036
f 2040 2042 2036
f 2040 2043 2044
f 2044 2045 2041
f 2045 2047 2041
f 2045 2048 2049
f 2049 2052 2046
f 2049 2050 2051
f 2051 235 2052
f 2051 2053 2054
f 2054 236 235
f 2054 2055 2056
f 2056 2057 236
f 2057 233 236
f 2057 2059 2060
f 2060 2061 2058
f 2061 2062 2063
f 2063 1957 2064
f 2061 2065 2058
f 2066 233 2058
f 2064 1955 2067
f 2065 2068 2066
f 2069 234 2066
f 2067 1952 2070
f 2070 2071 2069
f 2070 1949 2072
f 2072 2073 2047
f 2071 2046 2069
f 2073 1946 1945
f 1945 2074 2042
f 2073 2041 2047
f 2074 1942 1941
f 1941 2075 2037
f 2074 2036 2042
f 2075 1938 1937
f 1937 2076 2033
f 2075 2032 2037
f 2076 1935 2077
f 2077 2079 2078
f 2078 2028 2033
f 2079 2080 2081
f 2081 2082 2024
f 2024 2023 2078
f 2082 2083 2084
f 2084 2085 2019
f 2082 2018 2024
f 2085 2086 2087
f 2087 2088 2014
f 2085 2013 2019
f 2088 2089 2090
f 2090 2091 2010
f 2088 2009 2014
f 2090 2094 2092
f 2091 2093 15
f 2091 2008 2010
f 2094 2181 2095
f 2092 2096 2093
f 2095 2186 2097
f 2096 2098 2099
f 2099 16 2093
f 2098 2101 2100
f 2100 19 16
f 2101 2107 2102
f 2100 2103 19
f 2102 2106 2104
f 2103 1784 2105
f 2105 17 19
f 2106 1789 1787
f 2104 1785 1784
f 2106 2107 2108
f 2108 2109 1789
f 2109 2110 2111
f 2111 2112 1793
f 2109 1790 1789
f 2112 2113 2114
f 2114 2116 2115
f 2112 1794 1793
f 2116 2117 2118
f 2116 2119 2120
f 2120 1797 2115
f 2118 2205 2121
f 2119 2122 2123
f 2123 1800 2120
f 2123 2124 2125
f 2125 1801 1800
f 2124 2127 2126
f 2125 1804 1801
f 2127 2129 2128
f 2126 1806 1804
f 2129 2131 2130
f 2128 1809 1806
f 2131 2134 2132
f 2130 2133 1809
f 2132 2135 2136
f 2136 1814 2133
f 2136 2137 2138
f 2138 1815 1814
f 2135 2224 2139
f 2137 2140 2141
f 2141 1819 2138
f 2141 2142 2143
f 2143 1820 1819
f 2142 2145 2144
f 2144 1822 1820
f 2145 2147 2146
f 2144 1825 1822
f 2147 2149 2148
f 2146 1827 1825
f 2149 2151 2150
f 2148 1829 1827
f 2151 2153 2152
f 2150 1832 1829
f 2153 2156 2154
f 2152 2155 1832
f 2156 2245 2157
f 2154 2158 2155
f 2157 2251 2159
f 2158 2160 2161
f 2161 1833 2155
f 2159 2254 2162
f 2160 2163 2164
f 2164 1835 2161
f 2162 2257 2165
f 2163 2166 2167
f 2167 1838 2164
f 2165 2260 2168
f 2166 2169 2170
f 2170 105 2167
f 2168 2179 2171
f 2169 2172 2173
f 2173 102 2170
f 2172 2175 2174
f 2173 106 102
f 2174 2086 2176
f 2174 109 106
f 2176 2084 2083
f 2083 110 109
f 2172 2177 2089
f 2175 2087 2086
f 2177 2171 2178
f 2178 2181 2094
f 2177 2090 2089
f 2178 2179 2180
f 2180 2182 2181
f 2182 2183 2184
f 2182 2185 2186
f 2186 2095 2181
f 2184 2264 2187
f 2185 2188 2189
f 2189 2097 2186
f 2189 2190 2191
f 2191 2098 2097
f 2190 2193 2192
f 2191 2101 2098
f 2193 2195 2194
f 2192 2107 2101
f 2195 2196 2110
f 2194 2108 2107
f 2196 2197 2198
f 2198 2199 2113
f 2196 2111 2110
f 2199 2200 2201
f 2201 2202 2117
f 2199 2114 2113
f 2202 2203 2204
f 2204 2206 2205
f 2202 2118 2117
f 2206 2207 2208
f 2206 2209 2210
f 2210 2121 2205
f 2210 2211 2212
f 2212 2122 2121
f 2212 2213 2214
f 2214 2124 2122
f 2213 2216 2215
f 2214 2127 2124
f 2216 2218 2217
f 2215 2129 2127
f 2218 2220 2219
f 2217 2131 2129
f 2219 2221 2222
f 2219 2134 2131
f 2222 2223 2224
f 2224 2135 2134
f 2221 2300 2225
f 2223 2226 2227
f 2227 2139 2224
f 2227 2228 2229
f 2229 2140 2139
f 2229 2230 2231
f 2231 2142 2140
f 2230 2233 2232
f 2231 2145 2142
f 2233 2235 2234
f 2232 2147 2145
f 2235 2237 2236
f 2234 2149 2147
f 2237 2239 2238
f 2236 2151 2149
f 2239 2241 2240
f 2238 2153 2151
f 2241 2243 2242
f 2240 2156 2153
f 2243 2246 2244
f 2242 2245 2156
f 2246 2335 2247
f 2244 2248 2245
f 2247 2337 2249
f 2248 2250 2251
f 2251 2157 2245
f 2249 2340 2252
f 2250 2253 2254
f 2254 2159 2251
f 2252 2343 2255
f 2253 2256 2257
f 2257 2162 2254
f 2255 2262 2258
f 2256 2259 2260
f 2260 2165 2257
f 2258 2261 2183
f 2259 2180 2179
f 2179 2168 2260
f 2261 2262 2263
f 2263 2265 2264
f 2261 2184 2183
f 2265 2266 2267
f 2265 2268 2269
f 2269 2187 2264
f 2269 2270 2271
f 2271 2188 2187
f 2271 2272 2273
f 2273 2190 2188
f 2272 2275 2274
f 2273 2193 2190
f 2275 2276 2197
f 2274 2195 2193
f 2276 2277 2278
f 2278 2279 2200
f 2276 2198 2197
f 2279 2280 2281
f 2281 2282 2203
f 2279 2201 2200
f 2282 2283 2284
f 2284 2285 2207
f 2282 2204 2203
f 2285 2286 2287
f 2287 208 2288
f 2285 2208 2207
f 208 207 2289
f 2289 2209 2208
f 207 212 2290
f 2290 2211 2209
f 212 2292 2291
f 2291 2213 2211
f 2292 2294 2293
f 2291 2216 2213
f 2293 2295 2296
f 2293 2218 2216
f 2296 2297 2298
f 2296 2220 2218
f 2298 2299 2300
f 2300 2221 2220
f 2297 2379 2301
f 2299 205 2302
f 2302 2225 2300
f 2302 204 2303
f 2303 2226 2225
f 2303 2304 2305
f 2305 2228 2226
f 2305 2306 2307
f 2305 2230 2228
f 2306 2309 2308
f 2307 2233 2230
f 2309 2311 2310
f 2308 2235 2233
f 2311 2313 2312
f 2310 2237 2235
f 2313 2315 2314
f 2312 2239 2237
f 2315 2317 2316
f 2314 2241 2239
f 2317 2319 2318
f 2316 2243 2241
f 2319 221 2320
f 2318 2246 2243
f 2319 2321 2322
f 2322 222 221
f 2322 2323 2324
f 2324 2325 222
f 2325 2326 2327
f 2327 2329 2328
f 2325 224 222
f 2329 2331 2330
f 2328 225 224
f 2330 2332 2333
f 2333 2334 225
f 2334 223 225
f 2334 2336 2337
f 2337 2247 2335
f 2333 2332 2338
f 2336 2339 2340
f 2340 2249 2337
f 2338 2345 2341
f 2339 2342 2343
f 2343 2252 2340
f 2341 2344 2266
f 2342 2263 2262
f 2262 2255 2343
f 2344 2345 2346
f 2346 2348 2347
f 2344 2267 2266
f 2347 2349 2350
f 2350 2268 2267
f 2350 2351 2352
f 2352 2270 2268
f 2352 2353 2354
f 2354 2272 2270
f 2353 2355 2277
f 2354 2275 2272
f 2355 2356 2357
f 2357 2358 2280
f 2355 2278 2277
f 2358 2359 2360
f 2360 2361 2283
f 2358 2281 2280
f 2361 2362 2363
f 2363 2364 2286
f 2361 2284 2283
f 2364 2365 2366
f 2366 2368 2367
f 2364 2287 2286
f 2368 210 209
f 2367 208 2287
f 2368 2369 2370
f 2370 2371 210
f 2371 211 210
f 2371 2373 2374
f 2374 2375 2372
f 2375 2376 2377
f 2377 2295 2294
f 2375 2292 2372
f 2377 2378 2379
f 2379 2297 2295
f 2376 2434 2380
f 2380 2382 2381
f 2381 2301 2379
f 2382 202 201
f 2381 205 2301
f 2382 2383 2384
f 2384 2385 202
f 2385 2386 2387
f 2387 2389 2388
f 2385 203 202
f 2389 2309 2306
f 2388 2304 203
f 2389 2390 2391
f 2389 2311 2309
f 2390 2393 2392
f 2391 2313 2311
f 2393 2395 2394
f 2392 2315 2313
f 2395 2323 2321
f 2394 2317 2315
f 2395 2396 2397
f 2397 2398 2323
f 2398 2399 2400
f 2400 2401 2326
f 2398 2324 2323
f 2401 2402 2403
f 2403 2405 2404
f 2401 2327 2326
f 2405 2407 2406
f 2404 2329 2327
f 2407 2409 2408
f 2406 2331 2329
f 2408 2410 2411
f 2411 2332 2331
f 2411 2346 2345
f 2345 2338 2332
f 2409 2413 2412
f 2410 2348 2346
f 2413 2415 2414
f 2414 2349 2348
f 2415 2417 2416
f 2416 2351 2349
f 2417 2418 2356
f 2416 2353 2351
f 2418 2419 2420
f 2420 2421 2359
f 2418 2357 2356
f 2421 2422 2423
f 2423 2424 2362
f 2421 2360 2359
f 2424 2425 2426
f 2426 2427 2365
f 2424 2363 2362
f 2427 2428 2429
f 2429 2430 2369
f 2427 2366 2365
f 2430 2370 2369
f 2430 2431 2432
f 2432 2434 2373
f 2432 2433 2383
f 2383 2380 2434
f 2431 2438 2435
f 2435 2436 2386
f 2433 2384 2383
f 2435 2437 2396
f 2396 2393 2390
f 2436 2387 2386
f 2437 2438 2439
f 2439 2440 2399
f 2437 2397 2396
f 2440 2441 2442
f 2442 2444 2402
f 2440 2400 2399
f 2442 2425 2443
f 2443 227 2444
f 2443 2423 2422
f 2422 228 227
f 2439 2438 2428
f 2441 2426 2425
f 2438 2429 2428
f 2420 2419 228
f 2419 229 228
f 2417 2415 2445
f 2446 230 229
f 2415 2413 2446
f 2407 2405 230
f 2446 2409 2407
f 2405 231 230
f 2403 2444 231
f 2434 2374 2373
f 2372 212 211
f 2335 2320 223
f 2081 2080 110
f 2080 1931 110
f 2077 1935 1933
f 2069 2052 234
f 2063 2447 2448
f 2448 1958 1957
f 2448 2449 2450
f 2450 1960 1958
f 2449 2453 2451
f 2450 2452 1960
f 2453 2525 2454
f 2451 2455 2452
f 2454 2529 2456
f 2456 2457 1964
f 2455 1962 2452
f 2457 128 2458
f 2458 2459 1969
f 2457 1965 1964
f 2459 2460 2461
f 2461 2462 1972
f 2459 1970 1969
f 2462 2463 2464
f 2464 2465 1975
f 2462 1973 1972
f 2465 2466 2467
f 2467 1982 1980
f 2465 1976 1975
f 2467 2468 2469
f 2469 1985 1982
f 2468 2471 2470
f 2469 1987 1985
f 2471 2473 2472
f 2470 1990 1987
f 2472 2474 2475
f 2475 1991 1990
f 2475 2476 2477
f 2477 2478 1991
f 2478 2479 2480
f 2480 2481 1994
f 2478 1992 1991
f 2481 2482 2483
f 2483 2484 1997
f 2481 1995 1994
f 2484 2485 2486
f 2486 2005 2000
f 2484 1998 1997
f 2485 2487 2015
f 2486 2011 2005
f 2487 2016 2015
f 2487 2488 2489
f 2489 2490 2020
f 2490 2021 2020
f 2490 2491 2492
f 2492 2493 2025
f 2493 2026 2025
f 2493 2494 2495
f 2495 2496 2029
f 2496 2030 2029
f 2496 2498 2499
f 2499 2500 2497
f 2500 2034 2497
f 2500 2501 2502
f 2502 2503 2038
f 2503 2039 2038
f 2503 2504 2505
f 2505 2506 2043
f 2506 2044 2043
f 2506 2507 2508
f 2508 2050 2048
f 2508 2509 2510
f 2510 2053 2050
f 2510 2511 2512
f 2512 2055 2053
f 2512 2513 2514
f 2514 2515 2055
f 2515 2056 2055
f 2515 164 2516
f 2516 2517 2059
f 2517 2518 2519
f 2519 2447 2062
f 2517 2060 2059
f 2519 2520 2521
f 2521 2449 2447
f 2520 2523 2522
f 2521 2453 2449
f 2523 2526 2524
f 2522 2525 2453
f 2526 2531 2527
f 2524 2528 2525
f 2527 2530 130
f 2528 129 2529
f 2529 2454 2525
f 2530 2531 2532
f 2532 2534 2533
f 2530 131 130
f 2534 2537 2535
f 2533 2536 131
f 2537 2541 2538
f 2535 2539 2536
f 2460 127 2536
f 2538 2540 2463
f 2539 2461 2460
f 2540 2541 2542
f 2542 2468 2466
f 2540 2464 2463
f 2542 2543 2544
f 2542 2471 2468
f 2544 2545 2546
f 2546 2473 2471
f 2546 2547 2548
f 2548 2474 2473
f 2548 2549 2550
f 2550 2476 2474
f 2550 2551 2552
f 2552 2553 2476
f 2553 2554 2555
f 2555 2556 2479
f 2553 2477 2476
f 2556 2557 2558
f 2558 2488 2482
f 2556 2480 2479
f 2557 2559 2491
f 2558 2489 2488
f 2559 2492 2491
f 2557 2600 2560
f 2560 2561 2494
f 2561 2495 2494
f 2561 2562 2563
f 2563 2564 2498
f 2564 2499 2498
f 2563 2610 2565
f 2564 2566 2501
f 2566 2502 2501
f 2565 2609 2567
f 2566 2568 2504
f 2568 2505 2504
f 2567 2570 2569
f 2569 2509 2507
f 2570 2572 2571
f 2571 2511 2509
f 2571 2573 2574
f 2574 2513 2511
f 2574 2575 2576
f 2576 167 2513
f 2575 2577 2578
f 2575 2579 2580
f 2580 165 2576
f 2581 166 165
f 2580 2582 2581
f 2526 2523 2581
f 2579 2584 2583
f 2582 2531 2526
f 2584 2586 2585
f 2583 2532 2531
f 2586 2588 2587
f 2585 2534 2532
f 2588 2590 2589
f 2587 2537 2534
f 2590 2545 2543
f 2589 2541 2537
f 2588 2592 2591
f 2591 2547 2545
f 2592 2594 2593
f 2593 2549 2547
f 2594 2596 2595
f 2595 2551 2549
f 2596 54 56
f 56 2597 2551
f 2597 53 2598
f 2598 2600 2554
f 2597 2552 2551
f 2598 2599 2562
f 2562 2560 2600
f 2596 2601 2602
f 2602 55 54
f 2602 2603 2604
f 2604 2605 55
f 2606 2609 2607
f 2605 52 55
f 2605 2608 2606
f 2572 2570 2606
f 2604 2603 2577
f 2608 2573 2572
f 2609 2565 2610
f 2607 2599 52
f 2570 2567 2609
f 2603 2578 2577
f 2601 2612 2611
f 2612 2584 2611
f 2612 2594 2592
f 2592 2588 2586
f 2611 2579 2578
f 2523 2520 166
f 2610 2562 2599
f 2600 2555 2554
f 2518 163 166
f 2516 164 163
f 2514 167 164
f 2488 2483 2482
f 2458 128 127
f 2456 129 128
f 1928 2613 2614
f 2614 112 111
f 2614 2616 112
f 2614 2617 2615
f 2617 1846 2615
f 2617 2618 2619
f 2619 1850 1848
f 2618 2621 2620
f 2620 1852 1850
f 2621 2699 2622
f 2622 2623 1852
f 2623 1853 1852
f 2623 2624 2625
f 2625 2626 1855
f 2626 1856 1855
f 2626 2627 2628
f 2628 2629 1858
f 2629 1859 1858
f 2629 2630 2631
f 2631 2632 1861
f 2632 1862 1861
f 2632 2633 2634
f 2634 2635 1865
f 2635 1866 1865
f 2635 2636 2637
f 2637 2638 1868
f 2638 1869 1868
f 2638 2639 2640
f 2640 2641 1872
f 2641 1873 1872
f 2641 2642 2643
f 2643 2644 1875
f 2644 1876 1875
f 2644 2645 2646
f 2646 161 159
f 2646 2647 2648
f 2648 2649 161
f 2649 2650 2651
f 2651 2653 2652
f 2649 160 161
f 2653 2656 2654
f 2652 2655 160
f 2656 2659 2657
f 2654 2658 2655
f 2659 1884 1883
f 2657 1879 2658
f 2659 2660 2661
f 2661 1886 1884
f 2661 2662 2663
f 2663 1888 1886
f 2663 2664 2665
f 2665 1890 1888
f 2665 2666 2667
f 2667 1892 1890
f 2667 2668 2669
f 2667 1895 1892
f 2669 2670 2671
f 2671 1896 1895
f 2671 154 2672
f 2672 1898 1896
f 2672 153 2673
f 2673 1900 1898
f 2673 2674 2675
f 2675 2676 1900
f 2676 2677 2678
f 2678 2679 1903
f 2676 1901 1900
f 2679 2680 2681
f 2681 1908 1906
f 2679 1904 1903
f 2680 2683 2682
f 2681 1912 1908
f 2683 2686 2684
f 2682 2685 1912
f 2684 2687 2688
f 2688 2689 2685
f 2689 2690 2691
f 2691 2692 1915
f 2689 1913 2685
f 2692 2693 2694
f 2694 2695 1919
f 2692 1916 1915
f 2695 2696 2697
f 2697 2698 1922
f 2695 1920 1919
f 2698 2699 2621
f 2621 2618 1925
f 2698 1923 1922
f 2697 2700 2699
f 2700 2622 2699
f 2696 2766 2701
f 2701 2702 2624
f 2702 2625 2624
f 2702 2703 2704
f 2704 2705 2627
f 2705 2628 2627
f 2705 2706 2707
f 2707 2708 2630
f 2708 2631 2630
f 2708 2709 2710
f 2710 2711 2633
f 2711 2634 2633
f 2711 2712 2713
f 2713 2714 2636
f 2714 2637 2636
f 2714 2715 2716
f 2716 2717 2639
f 2717 2640 2639
f 2717 2718 2719
f 2719 2720 2642
f 2720 2643 2642
f 2720 2721 2722
f 2722 2647 2645
f 2722 2723 2724
f 2724 2725 2647
f 2725 195 2726
f 2726 2727 2650
f 2725 2648 2647
f 2727 2728 2729
f 2729 2731 2730
f 2727 2651 2650
f 2731 2733 2732
f 2730 2653 2651
f 2733 2662 2660
f 2732 2656 2653
f 2733 2734 2735
f 2735 2664 2662
f 2735 2736 2737
f 2737 2666 2664
f 2736 2739 2738
f 2737 2668 2666
f 2739 2741 2740
f 2738 2670 2668
f 2741 156 155
f 2740 154 2670
f 2741 2742 2743
f 2743 2744 156
f 2744 2745 2746
f 2746 2748 2747
f 2744 152 156
f 2748 2750 2749
f 2747 2674 152
f 2750 2751 2677
f 2749 2675 2674
f 2751 2752 2753
f 2751 2683 2680
f 2751 2678 2677
f 2752 2755 2754
f 2753 2686 2683
f 2755 2757 2756
f 2756 2687 2686
f 2757 2794 2758
f 2758 2759 2687
f 2759 2760 2761
f 2761 2762 2690
f 2759 2688 2687
f 2762 2763 2764
f 2764 2766 2693
f 2762 2691 2690
f 2764 2765 2703
f 2703 2701 2766
f 2765 2704 2703
f 2763 2799 2767
f 2767 2768 2706
f 2768 2707 2706
f 2768 116 118
f 118 2769 2709
f 2769 2710 2709
f 118 117 2770
f 2769 2771 2712
f 2771 2713 2712
f 2770 2804 2772
f 2771 2773 2715
f 2773 2716 2715
f 2772 2803 2774
f 2773 2775 2718
f 2775 2719 2718
f 2774 2777 2776
f 2776 2723 2721
f 2777 2778 197
f 197 196 2723
f 2778 198 197
f 2778 2780 2781
f 2781 2782 2779
f 2783 2807 2779
f 2782 2784 2785
f 2782 2786 2783
f 2745 2805 2783
f 2785 2788 2787
f 2786 2746 2745
f 2788 2790 2789
f 2787 2748 2746
f 2790 2755 2752
f 2789 2750 2748
f 2788 2792 2791
f 2790 2757 2755
f 2792 2795 2793
f 2791 2794 2757
f 2795 2800 2796
f 2793 2797 2794
f 2796 114 2798
f 2797 2799 2760
f 2760 2758 2794
f 2800 115 114
f 2800 2801 2802
f 2802 2804 115
f 2802 2780 2803
f 2803 2772 2804
f 2801 2781 2780
f 2795 2792 2784
f 2792 2785 2784
f 2742 2809 2806
f 2805 2807 2783
f 2805 2743 2742
f 2806 199 2807
f 2809 2810 2808
f 2729 2728 2808
f 2810 2736 2734
f 2810 2731 2729
f 2728 194 199
f 2809 2739 2736
f 199 198 2779
f 2777 2774 2803
f 2804 117 115
f 2767 2798 116
f 2799 2761 2760
f 2726 195 194
f 2724 196 195
f 2766 2694 2693
f 2618 1926 1925
f 2616 1842 103
f 103 107 112
f 2615 1846 1844
f 1877 158 2655
f 1782 68 2105
f 1778 2811 70
f 1777 1547 2811
f 1775 1774 1550
f 2812 1551 1774
f 1766 1554 2812
f 1547 71 2811
f 1545 2004 71
f 1979 1517 1515
f 1771 1331 1330
f 1333 48 1320
f 1304 46 49
f 1635 150 149
f 1625 147 150
f 1248 1195 1598
f 1246 1196 1195
f 1245 2813 1196
f 1234 1233 2813
f 2814 1198 2813
f 1233 2815 2814
f 2816 1200 2814
f 2815 2817 2816
f 2818 1202 2816
f 2817 1223 2818
f 1207 1205 2818
f 1204 834 40
f 2819 87 1100
f 1049 172 1033
f 1380 1242 1241
f 948 881 879
f 945 886 885
f 941 889 888
f 876 139 958
f 873 143 142
f 1221 851 850
f 1177 43 42
f 826 823 1175
f 809 1129 101
f 807 803 1129
f 791 8 1118
f 743 914 96
f 680 620 619
f 678 677 624
f 677 625 624
f 676 2820 629
f 2820 630 629
f 676 673 2821
f 2820 2822 634
f 2822 635 634
f 2821 672 2823
f 2823 2824 639
f 2824 640 639
f 2824 58 62
f 62 650 644
f 672 59 58
f 642 218 215
f 23 24 589
f 781 35 779
f 499 583 35
f 404 184 183
f 260 259 239
f 308 240 259

