{
  "name": "BTG_10",
  "source_file": "BTG_10.stl",
  "canonical_scale_factor": 162.31843627865962,
  "source_unit_scale": 0.001,
  "centroid_offset": [
    121.07511796299222,
    155.93216942970983,
    85.57407482653485
  ],
  "original_bbox": [
    225.072509765625,
    284.2512512207031,
    218.7266845703125
  ],
  "normalised_bbox": [
    1.3866108799818189,
    1.7511951059749968,
    1.3475159666694558
  ],
  "export_bbox": [
    0.06897530379216142,
    0.08711111111111108,
    0.06703057397547066
  ],
  "export_bbox_scale_factor": 0.049743806851613497,
  "export_bbox_target_size": 0.08711111111111108,
  "export_bbox_target_axis": "max",
  "volume_m3": 1935519.3133522992,
  "surface_area_m2": 119211.19805211038,
  "export_volume_m3": 5.570715942517768e-05,
  "export_surface_area_m2": 0.011195909750287635,
  "n_faces": 24320,
  "n_vertices": 12162,
  "is_watertight": true,
  "mass_kg": 0.05,
  "inertia": {
    "ixx": 1.942130081422374e-05,
    "iyy": 1.4953955611075338e-05,
    "izz": 2.3139454660793538e-05,
    "ixy": 3.7015662961358213e-06,
    "ixz": -2.4790730109088425e-06,
    "iyz": 6.751048403757119e-07
  },
  "point_cloud_counts": [
    100,
    1024
  ],
  "point_cloud_space": "unit_sphere",
  "urdf_file": "BTG_10.urdf"
}