{
  "name": "BTG_13",
  "source_file": "BTG_13.stl",
  "canonical_scale_factor": 144.58179934024926,
  "source_unit_scale": 0.001,
  "centroid_offset": [
    140.3686202979577,
    140.889470433955,
    87.36684251098775
  ],
  "original_bbox": [
    280.7994384765625,
    281.97540283203125,
    129.30572509765625
  ],
  "normalised_bbox": [
    1.942149286825153,
    1.9502828441666364,
    0.8943430341004174
  ],
  "export_bbox": [
    0.1837736285214969,
    0.18454325697157115,
    0.08462617453482872
  ],
  "export_bbox_scale_factor": 0.09462384265110388,
  "export_bbox_target_size": 0.18454325697157117,
  "export_bbox_target_axis": "max",
  "volume_m3": 2614542.214854861,
  "surface_area_m2": 154864.87393486092,
  "export_volume_m3": 0.0007329199182877212,
  "export_surface_area_m2": 0.06633257153710753,
  "n_faces": 32000,
  "n_vertices": 16002,
  "is_watertight": true,
  "mass_kg": 0.05,
  "inertia": {
    "ixx": 7.067176256523806e-05,
    "iyy": 0.00010581911528405709,
    "izz": 0.00015062260951377294,
    "ixy": 2.4346108590833704e-09,
    "ixz": -1.0646622607954837e-07,
    "iyz": -2.600517996920885e-06
  },
  "point_cloud_counts": [
    100,
    1024
  ],
  "point_cloud_space": "unit_sphere",
  "urdf_file": "BTG_13.urdf"
}