{
  "name": "BTG_9",
  "source_file": "BTG_9.stl",
  "canonical_scale_factor": 150.87003310360706,
  "source_unit_scale": 0.001,
  "centroid_offset": [
    132.12067603266308,
    146.60324999345548,
    119.02348428204013
  ],
  "original_bbox": [
    282.0466003417969,
    283.3402404785156,
    254.9642791748047
  ],
  "normalised_bbox": [
    1.8694673457657882,
    1.878041879157919,
    1.6899597218203892
  ],
  "export_bbox": [
    0.23321329772597615,
    0.2342829581366645,
    0.21081998604707525
  ],
  "export_bbox_scale_factor": 0.12474852703588957,
  "export_bbox_target_size": 0.2342829581366645,
  "export_bbox_target_axis": "max",
  "volume_m3": 2421894.7602714254,
  "surface_area_m2": 145762.5614876424,
  "export_volume_m3": 0.0013691549154853635,
  "export_surface_area_m2": 0.09965770303849467,
  "n_faces": 26880,
  "n_vertices": 13442,
  "is_watertight": true,
  "mass_kg": 0.05,
  "inertia": {
    "ixx": 0.00015676222977048808,
    "iyy": 0.00013958870932970736,
    "izz": 0.0001966837977173984,
    "ixy": 2.957492928316972e-05,
    "ixz": -2.4501100747085196e-05,
    "iyz": 1.3737872838755026e-05
  },
  "point_cloud_counts": [
    100,
    1024
  ],
  "point_cloud_space": "unit_sphere",
  "urdf_file": "BTG_9.urdf"
}