# https://github.com/mikedh/trimesh

o Stage1_3Dcross_NEW_Rescaled_20.stl
v -0.01651546 0.01449543 -0.01627949
v -0.01880440 0.01398761 -0.01670434
v -0.01881856 0.01711750 -0.01348102
v -0.01759944 0.01335187 0.01722120
v -0.01956588 0.01296711 0.01750232
v -0.02051302 0.00746857 0.02046935
v -0.01730782 0.01738166 0.01323676
v -0.01898531 0.01679377 0.01387232
v -0.01469551 0.01681379 0.01606786
v -0.01783577 0.01251349 0.01953655
v -0.01502840 0.01572980 0.01847651
v 0.01716423 0.01343976 -0.01721089
v 0.01679008 0.01725275 -0.01391498
v 0.01838640 0.01645441 -0.01428312
v 0.01912870 0.01304523 -0.01742970
v 0.02019511 0.00819464 -0.02035445
v 0.01741484 0.01306964 -0.01944617
v 0.01446721 0.01626545 -0.01868338
v 0.01422001 0.01717951 -0.01651135
v 0.01765812 0.01279084 0.01776904
v 0.01993120 0.01189875 0.01822910
v 0.01903251 0.01625763 0.01448531
v 0.01381974 0.01711164 0.01690099
v 0.01445439 0.01627912 0.01916002
v 0.01711088 0.01674201 0.01397247
v 0.01684904 -0.01383758 0.01750405
v 0.01654362 -0.01716180 0.01420122
v 0.01878947 -0.01660565 0.01410063
v 0.01913798 -0.01340545 0.01712984
v 0.01997331 -0.00878094 0.02014774
v 0.01266740 -0.01770477 0.01893559
v 0.01678422 -0.01387567 0.01956474
v 0.01252458 -0.01887762 0.01781290
v 0.01638871 -0.01931805 0.01435752
v 0.01935539 -0.01961493 0.01001751
v 0.01743876 -0.01720672 -0.01337636
v 0.01715507 -0.01344012 -0.01750886
v 0.01858928 -0.01385711 -0.01681763
v 0.01928569 -0.01742938 -0.01305119
v 0.02041801 -0.02045233 -0.00762471
v 0.01460978 -0.01615594 -0.01694727
v 0.01777958 -0.01948309 -0.01260816
v 0.01495073 -0.01849871 -0.01581232
v 0.02050944 0.01927326 0.01012684
v 0.01950456 0.01965705 0.00971928
v 0.01672807 0.01867658 0.01395956
v -0.01681539 -0.01466131 -0.01612403
v -0.01821663 -0.01925653 -0.01195345
v -0.01903450 -0.01823114 -0.01193844
v -0.01439070 -0.02064422 -0.01630668
v -0.01877608 -0.01443670 -0.01632348
v -0.01948067 -0.00976727 -0.01948459
v -0.01645406 -0.01427069 -0.01857170
v -0.01265743 -0.01772577 -0.01817288
v -0.01985543 0.00905256 -0.01984127
v -0.01718050 -0.01340887 0.01730480
v -0.02027108 -0.00798895 0.02027211
v -0.01925667 -0.01343719 0.01713037
v -0.01923140 -0.01713934 0.01344744
v -0.01721639 -0.01736444 0.01335596
v -0.01391097 -0.01798651 0.01677052
v -0.01386092 -0.01682049 0.01797500
v -0.01419149 -0.01649969 0.01964516
v -0.01743526 -0.01305340 0.01975904
v 0.01018791 0.01974738 0.01926638
v 0.01058732 0.01901740 0.02023179
v 0.01386088 0.01990265 0.01677924
v -0.02036727 -0.02037567 0.00773232
v -0.01750960 -0.01993670 0.01293433
v -0.01425508 -0.01963934 0.01643112
v -0.01704390 0.01756867 -0.01357714
v -0.02005623 0.02065070 -0.00851660
v -0.01714449 0.02008088 -0.01339381
v -0.01399947 0.01954914 -0.01666463
v -0.01378426 0.01690754 -0.01691182
v -0.01395772 0.01669660 -0.01947467
v -0.01697188 0.01361554 -0.01864254
v -0.00968978 0.01995783 -0.01953102
v -0.04799605 -0.00166082 -0.00309028
v -0.04799605 -0.00412860 -0.00364805
v -0.04799605 -0.00132098 -0.00168078
v -0.04799605 0.00002570 -0.00417863
v -0.04799605 -0.00245379 -0.00584269
v -0.00533882 0.00187726 0.04799729
v -0.00609590 0.00415754 0.04799729
v -0.00809395 0.00267316 0.04799729
v -0.00387874 0.00158820 0.04799729
v -0.00402901 0.00490607 0.04799729
v -0.00644429 0.00019904 0.04799729
v 0.00344413 -0.00250067 0.04799729
v 0.00442790 -0.00052215 0.04799729
v 0.00201689 -0.00232489 0.04799729
v 0.00402836 -0.00477557 0.04799729
v 0.00604313 -0.00293475 0.04799729
v -0.04799605 0.00587922 0.01376276
v -0.04799605 0.00338947 0.01373388
v -0.04799605 0.00677082 0.01650099
v -0.04799605 0.00748224 0.01212679
v -0.04799605 0.00476007 0.01109268
v -0.04799605 0.00995832 0.01485759
v -0.04799605 0.00227082 0.00326598
v -0.04799605 0.00427570 0.00343418
v -0.04799605 0.00196564 0.00199108
v -0.04799605 0.00068879 0.00441555
v -0.04799605 0.00294513 0.00538652
v 0.04800395 -0.00168133 0.00559584
v 0.04800395 -0.00383123 0.00649713
v 0.04800395 -0.00161883 0.00405791
v 0.04800395 0.00026593 0.00639709
v 0.04800395 -0.00190057 0.00823565
v 0.00609343 0.00282550 -0.04800271
v 0.00438249 0.00276300 -0.04800271
v 0.00483574 0.00565265 -0.04800271
v 0.00687455 0.00082111 -0.04800271
v 0.00693388 0.00472589 -0.04800271
v 0.00861699 0.00278839 -0.04800271
v 0.04800395 0.00719855 -0.01320703
v 0.04800395 0.00884162 -0.01548703
v 0.04800395 0.00848371 -0.01132230
v 0.04800395 0.00484992 -0.01338187
v 0.04800395 0.00561701 -0.01691929
v 0.04800395 0.00559064 -0.01059797
v 0.01476054 0.04799836 -0.00911596
v 0.01227897 0.04799836 -0.01079671
v 0.01134416 0.04799836 -0.00666416
v 0.01867753 0.04799836 -0.01123589
v 0.01584355 0.04799836 -0.01497611
v 0.01539470 0.04799836 -0.00595493
v 0.01681804 -0.04800164 0.00697476
v 0.01476530 -0.04800164 0.00876437
v 0.01356669 -0.04800164 0.00531404
v 0.02018449 -0.04800164 0.00828207
v 0.01819694 -0.04800164 0.01203227
v 0.01699711 -0.04800164 0.00402584
v 0.01496989 -0.01576580 -0.02190140
v 0.01030656 -0.01915252 -0.02268907
v 0.01090617 -0.01877655 -0.02423347
v 0.01290898 -0.01751971 -0.01933299
v 0.01518010 -0.01557586 -0.02391490
v 0.01869304 -0.01112323 -0.02320804
v 0.01637114 -0.01433270 -0.01958328
v -0.00942891 -0.02240838 -0.01958098
v -0.01452706 -0.02369452 -0.01615204
v -0.01782515 -0.02210858 -0.01248241
v -0.01518270 0.02176545 0.01555007
v -0.01309444 0.01916486 0.01737364
v -0.01091194 0.02243097 0.01880913
v -0.01154793 0.02392609 0.01840326
v -0.01544405 0.02376447 0.01528281
v -0.01893160 0.02308918 0.01069534
v -0.01652657 0.01941437 0.01415123
v 0.01398173 0.02188312 -0.01663862
v 0.01367375 0.02360431 -0.01689806
v 0.01724064 0.02413068 -0.01327880
v 0.01761613 0.02266681 -0.01277405
v 0.01588261 0.01948468 -0.01485636
v 0.00108745 0.04799836 0.01556199
v -0.00127401 0.04799836 0.01490420
v -0.00181978 0.04799836 0.01804659
v 0.00190959 0.04799836 0.01791786
v 0.00338688 0.04799836 0.01378138
v 0.00067949 0.04799836 0.01193035
v -0.01660250 0.00219953 0.04799729
v -0.01855623 0.00242414 0.04799729
v -0.01583663 -0.00019891 0.04799729
v -0.01370845 0.00152179 0.04799729
v -0.01545211 0.00401642 0.04799729
v 0.01804130 -0.00089959 0.04799729
v 0.01719401 0.00173273 0.04799729
v 0.01466154 -0.00077703 0.04799729
v 0.01690068 -0.00331805 0.04799729
v 0.02118400 -0.00513202 0.04799729
v 0.02178141 -0.00083172 0.04799729
v -0.00978609 0.04799836 -0.00731393
v -0.00776815 0.04799836 -0.00741275
v -0.01100728 0.04799836 -0.00945197
v -0.01291951 0.04799836 -0.00737791
v -0.01055574 0.04799836 -0.00542502
v -0.00797750 0.04799836 -0.00451816
v -0.01065303 -0.04800164 0.00866508
v -0.00824630 -0.04800164 0.00937119
v -0.01305477 -0.04800164 0.01161266
v -0.01129354 -0.04800164 0.00624099
v -0.00832222 -0.04800164 0.00586219
v -0.01522005 -0.04800164 0.00839858
v -0.00990743 -0.04800164 -0.00747608
v -0.00794576 -0.04800164 -0.00836816
v -0.00725923 -0.04800164 -0.00559731
v -0.00998262 -0.04800164 -0.00524554
v -0.01320870 -0.04800164 -0.00589618
v -0.01175679 -0.04800164 -0.00889609
v -0.00940865 -0.04800164 -0.01120199
v 0.04800395 -0.00081610 0.01617001
v 0.04800395 -0.00075457 0.01851891
v 0.04800395 -0.00415008 0.01784512
v 0.04800395 0.00166632 0.01519359
v 0.04800395 -0.00275457 0.01520326
v 0.04800395 -0.00029315 0.01331461
v 0.01629533 0.00115070 -0.04800271
v 0.01534086 -0.00133661 -0.04800271
v 0.01339103 0.00082209 -0.04800271
v 0.01862687 0.00103595 -0.04800271
v 0.01529985 0.00324201 -0.04800271
v 0.01800175 0.00460773 -0.04800271
v -0.04799605 0.00111701 -0.01625283
v -0.04799605 0.00086359 -0.01842790
v -0.04799605 -0.00099774 -0.01524246
v -0.04799605 0.00329670 -0.01526243
v -0.04799605 0.00442658 -0.01791553
v -0.04799605 0.00145148 -0.01322162
v -0.01459798 0.04799836 0.00278098
v -0.01633089 0.04799836 0.00320365
v -0.01464302 0.04799836 0.00637824
v -0.01402535 0.04799836 0.00088260
v -0.01638948 0.04799836 0.00022184
v -0.01280611 0.04799836 0.00455491
v -0.01125557 0.04799836 0.00249813
v -0.01012728 0.00991828 -0.04800271
v -0.00814180 0.01063214 -0.04800271
v -0.00775399 0.00737189 -0.04800271
v -0.01211153 0.01229377 -0.04800271
v -0.01060286 0.00763898 -0.04800271
v -0.01422505 0.00971906 -0.04800271
v -0.01110323 -0.00845428 -0.04800271
v -0.00894039 -0.00954461 -0.04800271
v -0.01352205 -0.01081414 -0.04800271
v -0.01144869 -0.00605731 -0.04800271
v -0.00832906 -0.00621307 -0.04800271
v -0.01544673 -0.00779461 -0.04800271
v 0.04800395 -0.00750994 -0.00809916
v 0.04800395 -0.00540399 -0.00859277
v 0.04800395 -0.00778387 -0.00627875
v 0.04800395 -0.00955389 -0.00991877
v 0.04800395 -0.00709295 -0.01167326
v 0.04800395 -0.01130828 -0.00776677
v 0.00521562 -0.04800164 -0.01063840
v 0.00317741 -0.04800164 -0.01047776
v 0.00334514 -0.04800164 -0.01379709
v 0.00616581 -0.04800164 -0.00864568
v 0.00365678 -0.04800164 -0.00751515
v 0.00624821 -0.04800164 -0.01286915
v 0.00867485 -0.04800164 -0.01094951
v 0.01099675 -0.04800164 -0.01387140
v 0.01354985 -0.04800164 -0.01111211
v 0.01054765 -0.04800164 -0.00846965
v 0.00738847 -0.04800164 -0.00612218
v 0.01192802 -0.04800164 -0.00546956
v 0.00847026 -0.04800164 -0.00326894
v 0.00442595 -0.04800164 -0.00460012
v 0.00526933 -0.04800164 -0.00161465
v 0.00166411 -0.04800164 -0.00381811
v 0.00100566 -0.04800164 -0.00699386
v -0.00110128 -0.04800164 -0.00338476
v -0.00174361 -0.04800164 -0.00661999
v 0.00045646 -0.04800164 -0.01029096
v -0.00240132 -0.04800164 -0.00997063
v 0.00014238 -0.04800164 -0.01396811
v -0.00316500 -0.04800164 -0.01361249
v -0.00000777 -0.04800164 -0.01773450
v 0.00395756 -0.04800164 -0.01734310
v 0.00482097 -0.04800164 -0.02126127
v 0.00945170 -0.04800164 -0.01964058
v 0.00771733 -0.04800164 -0.01602969
v 0.00484294 -0.04468621 -0.02122572
v 0.00947148 -0.04461688 -0.01960879
v 0.01345219 -0.04800164 -0.01715990
v 0.01338969 -0.04453387 -0.01717296
v 0.01657524 -0.04451825 -0.01412801
v 0.01676078 -0.04800164 -0.01396421
v 0.01914836 -0.04457537 -0.01040227
v 0.01933317 -0.04800164 -0.01010328
v 0.01549614 -0.04800164 -0.00777215
v 0.02104399 -0.04800164 -0.00569210
v 0.01675749 -0.04800164 -0.00396969
v 0.01284013 -0.04800164 -0.00206566
v 0.01727226 -0.04800164 0.00006148
v 0.01324418 -0.04800164 0.00161416
v 0.00931498 -0.04800164 -0.00011649
v 0.01001127 -0.04800164 0.00334454
v 0.00610771 -0.04800164 0.00154842
v 0.00695842 -0.04800164 0.00502397
v 0.00310099 -0.04800164 0.00267973
v 0.00236528 -0.04800164 -0.00067546
v 0.00388640 -0.04800164 0.00632839
v 0.00012834 -0.04800164 0.00320538
v -0.00048043 -0.04800164 -0.00022014
v -0.00284554 -0.04800164 0.00326478
v -0.00333858 -0.04800164 -0.00002753
v -0.00388008 -0.04800164 -0.00306901
v -0.00631002 -0.04800164 0.00008254
v -0.00678609 -0.04800164 -0.00280215
v -0.00451583 -0.04800164 -0.00618165
v -0.00531172 -0.04800164 -0.00934012
v -0.00645369 -0.04800164 -0.01272383
v -0.00794893 -0.04800164 -0.01604166
v -0.00398909 -0.04800164 -0.01729960
v -0.01147994 -0.04800164 -0.01389158
v -0.00974861 -0.04800164 -0.01949646
v -0.00503255 -0.04800164 -0.02120627
v -0.00513985 -0.04468719 -0.02115550
v -0.00012825 -0.04470184 -0.02177910
v -0.00009761 -0.04800164 -0.02181590
v -0.00014473 -0.04149871 -0.02176375
v 0.00486418 -0.04146209 -0.02120695
v -0.00013643 -0.03850750 -0.02178638
v 0.00490068 -0.03840936 -0.02119852
v 0.00948002 -0.04131707 -0.01959652
v 0.00950724 -0.03817791 -0.01958545
v 0.01333476 -0.04114032 -0.01720216
v 0.01329960 -0.03791522 -0.01724460
v 0.01625566 -0.03788006 -0.01441553
v 0.01639055 -0.04109442 -0.01426530
v 0.01882182 -0.03810321 -0.01093899
v 0.01895659 -0.04121356 -0.01067050
v 0.02075004 -0.03837616 -0.00657751
v 0.02082194 -0.04138250 -0.00631258
v 0.02093937 -0.04464911 -0.00601153
v 0.02169963 -0.04151532 -0.00150326
v 0.02174028 -0.04470868 -0.00122304
v 0.02177690 -0.04800164 -0.00092576
v 0.02147856 -0.04473016 0.00361559
v 0.02146159 -0.04800164 0.00385845
v 0.02151127 -0.04156219 0.00338362
v 0.02024870 -0.04152264 0.00796540
v 0.02020537 -0.04470721 0.00811188
v 0.01819548 -0.04139666 0.01194039
v 0.01818266 -0.04465057 0.01198477
v 0.01551494 -0.04460516 0.01526785
v 0.01555241 -0.04800164 0.01529189
v 0.01209477 -0.04462518 0.01812848
v 0.01202922 -0.04800164 0.01819617
v 0.00967607 -0.04800164 0.01352620
v 0.01260685 -0.04800164 0.01120815
v 0.00800395 -0.04800164 0.00896546
v 0.01089079 -0.04800164 0.00705728
v 0.00479973 -0.04800164 0.01050562
v 0.00606132 -0.04800164 0.01531353
v 0.00134428 -0.04800164 0.01130087
v 0.00071684 -0.04800164 0.00696274
v 0.00201249 -0.04800164 0.01629635
v -0.00223055 -0.04800164 0.01634509
v -0.00215963 -0.04800164 0.01128251
v -0.00242659 -0.04800164 0.00692368
v -0.00540584 -0.04800164 0.01062103
v -0.00546663 -0.04800164 0.00638928
v -0.00582698 -0.04800164 0.00309640
v -0.00891231 -0.04800164 0.00312454
v -0.00955379 -0.04800164 0.00029234
v -0.01253902 -0.04800164 0.00370071
v -0.01345064 -0.04800164 0.00070173
v -0.00997750 -0.04800164 -0.00255761
v -0.01372066 -0.04800164 -0.00260890
v -0.01747432 -0.04800164 0.00110142
v -0.01742293 -0.04800164 -0.00301235
v -0.01641841 -0.04800164 -0.00706466
v -0.02148323 -0.04800164 -0.00366403
v -0.02002474 -0.04800164 -0.00862420
v -0.01438729 -0.04800164 -0.01084598
v -0.01745589 -0.04800164 -0.01304291
v -0.01397725 -0.04800164 -0.01674163
v -0.01997127 -0.04474627 -0.00864967
v -0.01742232 -0.04466619 -0.01304589
v -0.01402486 -0.04462664 -0.01664055
v -0.01740743 -0.04141717 -0.01304040
v -0.01408333 -0.04131366 -0.01655797
v -0.01000252 -0.04137078 -0.01933787
v -0.00988704 -0.04465203 -0.01941750
v -0.01010128 -0.03837762 -0.01929905
v -0.00527657 -0.03849774 -0.02110567
v -0.00521700 -0.04146161 -0.02109375
v -0.00529488 -0.03574432 -0.02107809
v -0.00012300 -0.03577703 -0.02178265
v -0.00529024 -0.03340008 -0.02108063
v -0.00008321 -0.03345086 -0.02178696
v 0.00492460 -0.03563202 -0.02116373
v 0.00496232 -0.03325946 -0.02116433
v 0.00952311 -0.03534637 -0.01956254
v 0.00953569 -0.03283075 -0.01956493
v 0.01326066 -0.03499481 -0.01726452
v 0.01321794 -0.03236883 -0.01730897
v 0.01602177 -0.03225457 -0.01469072
v 0.01615410 -0.03492108 -0.01456838
v 0.01853447 -0.03264325 -0.01136720
v 0.01866765 -0.03522039 -0.01116728
v 0.02058110 -0.03322723 -0.00702367
v 0.02065507 -0.03562811 -0.00680880
v 0.02168254 -0.03361297 -0.00216540
v 0.02169548 -0.03591180 -0.00196934
v 0.02171037 -0.03857684 -0.00175111
v 0.02157194 -0.03595721 0.00299149
v 0.02155107 -0.03862225 0.00317409
v 0.02034782 -0.03576483 0.00769724
v 0.02030558 -0.03853143 0.00783744
v 0.01822990 -0.03831805 0.01188715
v 0.01825993 -0.03547625 0.01184204
v 0.01555937 -0.03811883 0.01518465
v 0.01551152 -0.04128582 0.01523882
v 0.01565678 -0.03525409 0.01513526
v 0.01238945 -0.03540106 0.01789387
v 0.01227763 -0.03823553 0.01796721
v 0.01217473 -0.04130340 0.01802945
v 0.00800090 -0.03849090 0.02024177
v 0.00787700 -0.04144403 0.02027679
v 0.00776799 -0.04468768 0.02034870
v 0.00294865 -0.04157684 0.02153249
v 0.00283940 -0.04474286 0.02157324
v 0.00766642 -0.04800164 0.02040045
v 0.00274028 -0.04800164 0.02162174
v -0.00237899 -0.04476873 0.02163851
v -0.00245552 -0.04800164 0.02166281
v -0.00744258 -0.04473602 0.02045205
v -0.00750020 -0.04800164 0.02045709
v -0.00622798 -0.04800164 0.01564390
v -0.01209017 -0.04800164 0.01815486
v -0.00989412 -0.04800164 0.01407845
v -0.01198690 -0.04466473 0.01818016
v -0.01575057 -0.04462274 0.01501502
v -0.01593990 -0.04800164 0.01485573
v -0.01870125 -0.04465594 0.01115965
v -0.01886727 -0.04800164 0.01090093
v -0.02073275 -0.04471649 0.00664504
v -0.02083821 -0.04800164 0.00643259
v -0.01665755 -0.04800164 0.00494891
v -0.02174092 -0.04800164 0.00148989
v -0.02170674 -0.04477118 0.00160705
v -0.02146810 -0.04478582 -0.00364123
v -0.02146651 -0.04166766 -0.00360004
v -0.01994954 -0.04158953 -0.00866047
v -0.02148458 -0.03875555 -0.00354666
v -0.01995662 -0.03861297 -0.00866353
v -0.01740779 -0.03835369 -0.01304129
v -0.01995247 -0.03590545 -0.00865953
v -0.01741487 -0.03554705 -0.01304010
v -0.01414485 -0.03823504 -0.01650870
v -0.01420943 -0.03538983 -0.01648984
v -0.01740975 -0.03296405 -0.01303259
v -0.01424691 -0.03281805 -0.01644495
v -0.01021468 -0.03309246 -0.01923128
v -0.01017037 -0.03557196 -0.01926112
v -0.01021956 -0.03096942 -0.01921671
v -0.00524385 -0.03129705 -0.02109583
v -0.00515682 -0.02942547 -0.02108084
v -0.00002535 -0.03135711 -0.02179176
v 0.00003495 -0.02953631 -0.02177194
v 0.00500163 -0.03115008 -0.02115513
v 0.00500200 -0.02925848 -0.02111181
v 0.00953788 -0.03060858 -0.01957699
v 0.00948698 -0.02864618 -0.01957327
v 0.01317070 -0.03000262 -0.01734324
v 0.01309074 -0.02790106 -0.01735872
v 0.01579704 -0.02775506 -0.01492856
v 0.01591459 -0.02989129 -0.01480884
v 0.01831535 -0.02833953 -0.01172388
v 0.01843083 -0.03038787 -0.01155857
v 0.02042778 -0.02920526 -0.00736569
v 0.02051396 -0.03107342 -0.00721381
v 0.02163176 -0.02980780 -0.00245764
v 0.02166594 -0.03151483 -0.00232816
v 0.02163517 -0.02988690 0.00252062
v 0.02162590 -0.03159832 0.00266164
v 0.02159745 -0.03364422 0.00282121
v 0.02044133 -0.03129510 0.00742268
v 0.02039396 -0.03339032 0.00755526
v 0.01831010 -0.03289227 0.01176102
v 0.01837016 -0.03075457 0.01165840
v 0.01572453 -0.03259637 0.01506307
v 0.01579826 -0.03036883 0.01498478
v 0.01255485 -0.03061737 0.01775162
v 0.01247050 -0.03278241 0.01781940
v 0.00830900 -0.03121795 0.02012197
v 0.00822294 -0.03328778 0.02014150
v 0.00811711 -0.03573309 0.02018848
v 0.00325444 -0.03365399 0.02148701
v 0.00316142 -0.03596307 0.02150542
v 0.00306010 -0.03864276 0.02153167
v -0.00209053 -0.03599920 0.02165424
v -0.00218868 -0.03867157 0.02164749
v -0.00228328 -0.04162176 0.02162865
v -0.00728426 -0.03857000 0.02050263
v -0.00736190 -0.04155780 0.02046392
v -0.01188924 -0.04140692 0.01822931
v -0.01179940 -0.03833075 0.01829324
v -0.01544136 -0.03815155 0.01529813
v -0.01559139 -0.04131219 0.01515164
v -0.01840645 -0.03832537 0.01160993
v -0.01852877 -0.04138299 0.01138642
v -0.02057845 -0.03858221 0.00705003
v -0.02062618 -0.04152508 0.00684455
v -0.02169344 -0.03874432 0.00186168
v -0.02167733 -0.04163836 0.00173267
v -0.02168660 -0.03610467 0.00198420
v -0.02148775 -0.03611395 -0.00348841
v -0.02149727 -0.03379754 -0.00341756
v -0.01995211 -0.03345526 -0.00862459
v -0.02151705 -0.03177313 -0.00333410
v -0.01996089 -0.03141668 -0.00859070
v -0.01743038 -0.03085662 -0.01302187
v -0.01999410 -0.02955780 -0.00852672
v -0.01745333 -0.02890594 -0.01298675
v -0.01429927 -0.03064666 -0.01639753
v -0.01433040 -0.02865887 -0.01637994
v -0.01747029 -0.02721258 -0.01293477
v -0.01438240 -0.02694891 -0.01632113
v -0.01013961 -0.02726336 -0.01922415
v -0.01019344 -0.02903778 -0.01921805
v -0.01002462 -0.02564227 -0.01927897
v -0.00489412 -0.02623797 -0.02116626
v -0.00503731 -0.02769256 -0.02110832
v 0.00009733 -0.02785809 -0.02176358
v 0.00016703 -0.02644207 -0.02177047
v 0.00498930 -0.02751434 -0.02111461
v 0.00497758 -0.02606952 -0.02114087
v 0.00943632 -0.02680682 -0.01959488
v 0.00937138 -0.02522039 -0.01963363
v 0.01301518 -0.02595575 -0.01741747
v 0.01290861 -0.02430487 -0.01747578
v 0.01567985 -0.02577215 -0.01501485
v 0.01564518 -0.02389569 -0.01505442
v 0.01808049 -0.02470965 -0.01205971
v 0.01817839 -0.02640545 -0.01191891
v 0.02035551 -0.02600506 -0.00760354
v 0.02037101 -0.02738543 -0.00749169
v 0.02160624 -0.02675555 -0.00262630
v 0.02160173 -0.02805340 -0.00256162
v 0.02167155 -0.02691864 0.00222798
v 0.02164653 -0.02814471 0.00236833
v 0.02058854 -0.02632196 0.00690760
v 0.02050847 -0.02773455 0.00708949
v 0.02046391 -0.02948553 0.00726711
v 0.01844096 -0.02878778 0.01151738
v 0.01849760 -0.02697821 0.01139890
v 0.01586650 -0.02826825 0.01491168
v 0.01592875 -0.02639129 0.01483837
v 0.01269413 -0.02676629 0.01761303
v 0.01263176 -0.02861053 0.01771434
v 0.00842643 -0.02759100 0.02004929
v 0.00837565 -0.02936297 0.02008681
v 0.00343388 -0.02814764 0.02142664
v 0.00338981 -0.02987518 0.02145249
v 0.00333403 -0.03161883 0.02148349
v -0.00179476 -0.02995770 0.02166836
v -0.00189107 -0.03167987 0.02167511
v -0.00199141 -0.03370282 0.02166184
v -0.00696932 -0.03141912 0.02058090
v -0.00708882 -0.03345965 0.02053787
v -0.00719026 -0.03585125 0.02051754
v -0.01170626 -0.03552606 0.01835356
v -0.01161898 -0.03299627 0.01841831
v -0.01532772 -0.03527703 0.01545283
v -0.01521346 -0.03272186 0.01554749
v -0.01815450 -0.03293231 0.01196773
v -0.01827535 -0.03548700 0.01181281
v -0.02044197 -0.03346453 0.00739499
v -0.02050240 -0.03584832 0.00723076
v -0.02039095 -0.03132440 0.00753449
v -0.02167354 -0.03174286 0.00220841
v -0.02167842 -0.03379852 0.00209826
v -0.02164730 -0.02996942 0.00229592
v -0.02151693 -0.02997772 -0.00324255
v -0.02151815 -0.02822918 -0.00314229
v -0.01999996 -0.02784442 -0.00844992
v -0.02006942 -0.02628485 -0.00831210
v -0.01751900 -0.02554364 -0.01285500
v -0.02015779 -0.02486639 -0.00814622
v -0.01763692 -0.02402703 -0.01270947
v -0.01441072 -0.02525897 -0.01625760
v -0.02157405 -0.02556414 -0.00291884
v -0.02160164 -0.02425164 -0.00279143
v -0.02026204 -0.02341034 -0.00791514
v -0.02163228 -0.02285174 -0.00263830
v -0.02041988 -0.02174481 -0.00755579
v -0.02185897 -0.02166327 -0.00251821
v -0.02083724 -0.02052166 -0.00733875
v -0.02211483 -0.02039471 -0.00762082
v -0.02054854 -0.01797625 -0.01229832
v -0.02230428 -0.01772723 -0.01259474
v -0.02037825 -0.01444793 -0.01630190
v -0.02207662 -0.01448260 -0.01626330
v -0.02199666 -0.01029901 -0.01918406
v -0.02062606 -0.01003729 -0.01933362
v -0.02332430 -0.01046209 -0.01907237
v -0.02351802 -0.00537078 -0.02109744
v -0.02231807 -0.00521161 -0.02115116
v -0.02284517 -0.00045037 -0.02179529
v -0.02178878 -0.00046161 -0.02195384
v -0.02122213 -0.00500994 -0.02122024
v -0.02112752 -0.00523700 -0.02235409
v -0.01932015 -0.01002459 -0.02069191
v -0.02178047 -0.00051678 -0.02294003
v -0.02107076 -0.00541473 -0.02351700
v -0.01918221 -0.01023993 -0.02199546
v -0.01910262 -0.01037664 -0.02329655
v -0.01636470 -0.01429071 -0.02192372
v -0.01641744 -0.01427166 -0.02024592
v -0.01311373 -0.01733953 -0.02182484
v -0.01293026 -0.01748407 -0.01995460
v -0.00869417 -0.01996112 -0.02127794
v -0.00867269 -0.02059442 -0.01996845
v -0.00891963 -0.01985467 -0.02291228
v -0.00405782 -0.02138885 -0.02241959
v -0.00407759 -0.02197821 -0.02138987
v 0.00044621 -0.02230682 -0.02178660
v 0.00037968 -0.02370037 -0.02178639
v -0.00444429 -0.02341571 -0.02130614
v 0.00025724 -0.02507293 -0.02177769
v -0.00470711 -0.02479412 -0.02123498
v -0.00984224 -0.02410077 -0.01937761
v 0.00494426 -0.02466815 -0.02117570
v 0.00486345 -0.02328045 -0.02122674
v 0.00928520 -0.02364911 -0.01967995
v 0.00912114 -0.02210907 -0.01975755
v 0.01277568 -0.02258465 -0.01758364
v 0.01255827 -0.02084149 -0.01777679
v 0.01526432 -0.02030877 -0.01548797
v 0.01547368 -0.02213934 -0.01524972
v 0.01794597 -0.02123993 -0.01232504
v 0.01799992 -0.02303729 -0.01220244
v 0.02038102 -0.02324237 -0.00763598
v 0.02036943 -0.02460125 -0.00763553
v 0.02162504 -0.02431854 -0.00265750
v 0.02161113 -0.02553241 -0.00265499
v 0.02170610 -0.02448797 0.00195039
v 0.02168840 -0.02564373 0.00209090
v 0.02078532 -0.02380243 0.00645488
v 0.02067814 -0.02499578 0.00669949
v 0.01872563 -0.02385174 0.01105425
v 0.01858171 -0.02536444 0.01125907
v 0.01599907 -0.02475506 0.01475675
v 0.01611125 -0.02292352 0.01463942
v 0.01277934 -0.02350067 0.01754554
v 0.01276152 -0.02505780 0.01754832
v 0.00836931 -0.02478680 0.02007637
v 0.00842973 -0.02610711 0.02004685
v 0.00343681 -0.02568719 0.02146904
v 0.00345109 -0.02693768 0.02143971
v -0.00152108 -0.02585321 0.02168373
v -0.00160591 -0.02708953 0.02167558
v -0.00169344 -0.02832391 0.02166722
v -0.00654818 -0.02659491 0.02071713
v -0.00670027 -0.02797284 0.02065537
v -0.00684114 -0.02962811 0.02062344
v -0.01136153 -0.02887371 0.01855857
v -0.01149324 -0.03082977 0.01848702
v -0.01508113 -0.03040692 0.01564115
v -0.01499007 -0.02833905 0.01574315
v -0.01795870 -0.02870282 0.01225388
v -0.01804708 -0.03071698 0.01210850
v -0.01784053 -0.02684735 0.01237654
v -0.02027938 -0.02765350 0.00773957
v -0.02032930 -0.02945526 0.00763899
v -0.02027681 -0.02616522 0.00780641
v -0.02162813 -0.02688836 0.00240530
v -0.02162154 -0.02818182 0.00236556
v -0.02163326 -0.02554315 0.00243551
v -0.02154549 -0.02684198 -0.00303927
v -0.02028780 -0.02471649 0.00781545
v -0.02164534 -0.02424041 0.00244686
v -0.02030672 -0.02328631 0.00779856
v -0.02166243 -0.02290155 0.00243437
v -0.02033052 -0.02184295 0.00777642
v -0.02169539 -0.02167840 0.00243093
v -0.02160811 -0.02021991 0.00808758
v -0.02289778 -0.02164422 0.00259606
v -0.02298787 -0.02164618 -0.00258142
v -0.02307271 -0.02010711 0.00833132
v -0.02420601 -0.02161444 0.00274468
v -0.02430904 -0.02162518 -0.00264223
v -0.02560225 -0.02160516 -0.00268859
v -0.02492623 -0.02020086 -0.00804722
v -0.02353475 -0.02027801 -0.00788399
v -0.02631295 -0.02013885 -0.00817025
v -0.02546968 -0.01752703 -0.01280847
v -0.02393453 -0.01758709 -0.01274795
v -0.02532430 -0.01445135 -0.01627872
v -0.02368929 -0.01447137 -0.01626775
v -0.02473336 -0.01053289 -0.01901171
v -0.02615316 -0.01053729 -0.01898986
v -0.02588338 -0.00552215 -0.02103839
v -0.02464144 -0.00546893 -0.02106184
v -0.02713411 -0.00555438 -0.02101146
v -0.02628218 -0.00035028 -0.02178150
v -0.02519429 -0.00039618 -0.02178886
v -0.02477913 0.00463898 -0.02125533
v -0.02370394 0.00445050 -0.02131718
v -0.02409127 -0.00043719 -0.02179120
v -0.02358345 0.00961994 -0.01951533
v -0.02230526 0.00940021 -0.01963919
v -0.02252730 0.00421759 -0.02137863
v -0.02100069 0.00918586 -0.01976011
v -0.02141829 0.00401300 -0.02144883
v -0.01997908 0.00870832 -0.02125960
v -0.02140596 0.00406232 -0.02260829
v -0.01979366 0.00907160 -0.02242148
v -0.02136922 0.00421955 -0.02377981
v -0.01971627 0.00919464 -0.02366659
v -0.02133724 0.00431964 -0.02494730
v -0.02177205 -0.00056219 -0.02406987
v -0.02176400 -0.00060125 -0.02519969
v -0.02132894 0.00435187 -0.02609228
v -0.02175606 -0.00063641 -0.02634139
v -0.02098787 -0.00564618 -0.02576412
v -0.02102510 -0.00555536 -0.02468057
v -0.02094722 -0.00572088 -0.02700229
v -0.01899703 -0.01051190 -0.02606114
v -0.01903621 -0.01047821 -0.02466853
v -0.01631710 -0.01432830 -0.02512414
v -0.01632845 -0.01431512 -0.02349570
v -0.01316915 -0.01727508 -0.02350149
v -0.01320259 -0.01726287 -0.02521478
v -0.00903682 -0.01979998 -0.02445827
v -0.00908199 -0.01977606 -0.02596728
v -0.00418941 -0.02135711 -0.02528294
v -0.00416683 -0.02135809 -0.02391562
v -0.00418282 -0.02135516 -0.02663391
v 0.00082975 -0.02174334 -0.02549201
v 0.00069023 -0.02176141 -0.02412424
v 0.00553154 -0.02106121 -0.02368578
v 0.00500139 -0.02121600 -0.02217273
v 0.00056071 -0.02177948 -0.02270373
v 0.00937272 -0.01965057 -0.02095811
v 0.00892485 -0.02054608 -0.01986686
v 0.00474467 -0.02181756 -0.02126805
v 0.01230266 -0.01910907 -0.01798368
v 0.00591569 -0.02092938 -0.02502597
v 0.00096794 -0.02172430 -0.02682562
v 0.00621232 -0.02082391 -0.02637235
v 0.01126616 -0.01857000 -0.02570985
v 0.00643547 -0.02074530 -0.02779108
v 0.01144084 -0.01848260 -0.02717632
v 0.01530461 -0.01546502 -0.02538378
v 0.01540519 -0.01538104 -0.02696816
v 0.01850114 -0.01142938 -0.02608196
v 0.01854045 -0.01135955 -0.02464403
v 0.01853605 -0.01136883 -0.02761126
v 0.02084160 -0.00627020 -0.02691463
v 0.02086406 -0.00620721 -0.02562162
v 0.02175493 -0.00110955 -0.02599042
v 0.02175602 -0.00113787 -0.02482971
v 0.02089372 -0.00611932 -0.02439472
v 0.02095695 -0.00590106 -0.02307361
v 0.01900322 -0.01063055 -0.02165071
v 0.02175981 -0.00112078 -0.02356650
v 0.02105119 -0.00561200 -0.02172643
v 0.01932536 -0.01006024 -0.02007009
v 0.02020256 -0.01006414 -0.01931753
v 0.02173625 -0.00561639 -0.02104028
v 0.02155388 -0.01040985 -0.01911127
v 0.02027568 -0.01423748 -0.01646638
v 0.02087065 -0.01751336 -0.01294074
v 0.02192790 -0.01440155 -0.01628950
v 0.02247941 -0.01747674 -0.01296536
v 0.02405717 -0.02017254 -0.00819086
v 0.02280693 -0.02024774 -0.00799844
v 0.02352067 -0.01450116 -0.01618786
v 0.02404252 -0.01747723 -0.01295429
v 0.02537224 -0.02011541 -0.00831455
v 0.02621196 -0.02153827 -0.00323272
v 0.02506071 -0.02155828 -0.00311851
v 0.02560490 -0.01749188 -0.01292342
v 0.02671330 -0.02008807 -0.00837432
v 0.02745231 -0.02152166 -0.00332494
v 0.02747477 -0.02167303 0.00166143
v 0.02826481 -0.02006317 -0.00842724
v 0.02886418 -0.02150799 -0.00340293
v 0.02882573 -0.02167157 0.00164848
v 0.02841533 -0.02071600 0.00649381
v 0.03045622 -0.02169354 0.00163908
v 0.03007512 -0.02073797 0.00653831
v 0.02942497 -0.01880145 0.01093554
v 0.03187321 -0.02074286 0.00655950
v 0.03133745 -0.01878387 0.01097032
v 0.03079252 -0.01623504 0.01450313
v 0.03333159 -0.01878436 0.01097569
v 0.03293181 -0.01622332 0.01451915
v 0.03296977 -0.01329022 0.01720265
v 0.03090214 -0.01332440 0.01718287
v 0.03550078 -0.01621991 0.01451857
v 0.03556596 -0.01322381 0.01726302
v 0.03595817 -0.00932293 0.01965479
v 0.03351884 -0.00932049 0.01964249
v 0.03828911 -0.01618914 0.01452845
v 0.03833000 -0.01314520 0.01732650
v 0.03862272 -0.00929461 0.01967761
v 0.03884770 -0.00469403 0.02124899
v 0.03628080 -0.00464569 0.02126270
v 0.04136699 -0.01304803 0.01740046
v 0.04151591 -0.00924139 0.01971541
v 0.04165703 -0.00477118 0.02121593
v 0.04172368 0.00016535 0.02175962
v 0.04472477 -0.00913641 0.01978132
v 0.04478788 -0.00486932 0.02122071
v 0.04481376 -0.00008270 0.02177611
v 0.04478032 0.00495783 0.02121327
v 0.04800395 -0.00039178 0.02179630
v 0.04800395 0.00455744 0.02132051
v 0.04800395 0.00945832 0.01962966
v 0.04800395 0.00315216 0.01807739
v 0.04800395 0.00728595 0.01658430
v 0.04800395 0.01118927 0.01413040
v 0.04800395 0.00515607 0.01373701
v 0.04800395 0.00848664 0.01155845
v 0.04800395 0.01072589 0.00844057
v 0.04800395 0.00533673 0.00933158
v 0.04800395 0.00726300 0.00676682
v 0.04800395 0.00840802 0.00401786
v 0.04800395 0.00398322 0.00543916
v 0.04800395 0.00484357 0.00310452
v 0.04800395 0.00527082 0.00059551
v 0.04800395 0.00897736 0.00100427
v 0.04800395 0.00170588 0.00249526
v 0.04800395 0.00183966 0.00033399
v 0.04800395 0.00186554 -0.00199617
v 0.04800395 0.00531232 -0.00202945
v 0.04800395 -0.00164813 0.00222889
v 0.04800395 -0.00158856 0.00018311
v 0.04800395 -0.00151727 -0.00200938
v 0.04800395 -0.00152996 -0.00424018
v 0.04800395 0.00159601 -0.00445356
v 0.04800395 -0.00502996 -0.00197645
v 0.04800395 -0.00480389 -0.00414151
v 0.04800395 -0.00472039 -0.00617875
v 0.04800395 -0.00834149 -0.00432548
v 0.04800395 -0.00881317 -0.00204320
v 0.04800395 -0.01231366 -0.00522687
v 0.04800395 -0.01290106 -0.00232207
v 0.04800395 -0.01623993 -0.00648212
v 0.04800395 -0.01463641 -0.00989525
v 0.04800395 -0.02026336 -0.00805871
v 0.04800395 -0.01798748 -0.01233372
v 0.04800395 -0.01219549 -0.01277080
v 0.04800395 -0.01487371 -0.01593404
v 0.04800395 -0.00907000 -0.01508807
v 0.04800395 -0.01115643 -0.01872331
v 0.04800395 -0.00693817 -0.02066560
v 0.04800395 -0.00552215 -0.01669353
v 0.04800395 -0.00415350 -0.01298772
v 0.04800395 -0.00180682 -0.01750069
v 0.04800395 -0.00107049 -0.01368949
v 0.04800395 -0.00277703 -0.00945240
v 0.04800395 -0.00001629 -0.01009107
v 0.04800395 -0.00189129 -0.00659826
v 0.04800395 0.00100763 -0.00699834
v 0.04800395 0.00282209 -0.01037145
v 0.04800395 0.00398273 -0.00742173
v 0.04800395 0.00492951 -0.00469454
v 0.04800395 0.00698859 -0.00794888
v 0.04800395 0.00828595 -0.00508329
v 0.04800395 0.00898810 -0.00203810
v 0.04800395 0.01200470 -0.00570709
v 0.04800395 0.01291681 -0.00216229
v 0.04800395 0.01299152 0.00148528
v 0.04800395 0.01710187 -0.00241915
v 0.04800395 0.01716144 0.00203390
v 0.04800395 0.01222785 0.00514219
v 0.04800395 0.01614875 0.00641654
v 0.04800395 0.02163507 0.00264805
v 0.04800395 0.02028498 0.00798616
v 0.04800395 0.01765412 0.01277348
v 0.04800395 0.01414338 0.01045185
v 0.04467399 0.01772931 0.01265047
v 0.04465153 0.01418293 0.01650171
v 0.04800395 0.01395685 0.01675656
v 0.04137162 0.01440558 0.01628585
v 0.04149931 0.01018732 0.01921560
v 0.04471464 0.00985724 0.01943613
v 0.03855668 0.01047589 0.01906531
v 0.03879277 0.00556672 0.02102702
v 0.04164335 0.00529230 0.02108932
v 0.03617460 0.00577912 0.02095594
v 0.03636625 0.00049884 0.02176828
v 0.03891057 0.00035773 0.02177251
v 0.03411979 0.00060724 0.02175802
v 0.03402690 -0.00460418 0.02127020
v 0.03210551 -0.00456024 0.02128822
v 0.03159684 -0.00932830 0.01964201
v 0.03039921 -0.00451825 0.02130029
v 0.02975468 -0.00932391 0.01965155
v 0.02892949 -0.01334002 0.01718476
v 0.02814384 -0.00931463 0.01965413
v 0.02724955 -0.01335321 0.01717417
v 0.02880620 -0.01626580 0.01446524
v 0.02704619 -0.01629364 0.01441963
v 0.02547221 -0.01338543 0.01715180
v 0.02526762 -0.01632049 0.01435333
v 0.02610124 -0.01881121 0.01086057
v 0.02771599 -0.01879754 0.01091129
v 0.02468742 -0.01889080 0.01075110
v 0.02572416 -0.02077850 0.00635591
v 0.02695195 -0.02074286 0.00644327
v 0.02451323 -0.02081903 0.00624674
v 0.02507853 -0.02169891 0.00166564
v 0.02627885 -0.02168573 0.00167489
v 0.02389933 -0.02171893 0.00163979
v 0.02385368 -0.02159002 -0.00294325
v 0.02256132 -0.02162567 -0.00274480
v 0.02264164 -0.02172821 0.00162787
v 0.02164787 -0.02194256 -0.00261906
v 0.02144609 -0.02034832 -0.00777037
v 0.02173222 -0.02209637 0.00166436
v 0.02163713 -0.02308661 -0.00264026
v 0.02040287 -0.02185516 -0.00761466
v 0.02172441 -0.02323553 0.00178733
v 0.02100700 -0.02136639 0.00578117
v 0.02090263 -0.02255047 0.00610481
v 0.01912870 -0.02091815 0.01043513
v 0.01890947 -0.02236248 0.01078487
v 0.02198173 -0.02096161 0.00587247
v 0.02042057 -0.01925311 0.01017512
v 0.02330217 -0.02086639 0.00610446
v 0.02187700 -0.01908563 0.01044321
v 0.02045158 -0.01650653 0.01417663
v 0.02328471 -0.01897625 0.01061814
v 0.02211418 -0.01641766 0.01424890
v 0.02238749 -0.01341619 0.01711913
v 0.02071757 -0.01339178 0.01714902
v 0.02370500 -0.01634637 0.01431623
v 0.02404167 -0.01343133 0.01711262
v 0.02517363 -0.00926239 0.01968015
v 0.02380168 -0.00917987 0.01972536
v 0.02654155 -0.00927996 0.01967159
v 0.02730681 -0.00440594 0.02132048
v 0.02610344 -0.00435614 0.02133204
v 0.02877324 -0.00446356 0.02130840
v 0.02884269 0.00077277 0.02173555
v 0.02749333 0.00078156 0.02173902
v 0.03047624 0.00073420 0.02175526
v 0.03010283 0.00615216 0.02084420
v 0.03220646 0.00068097 0.02176247
v 0.03188102 0.00607404 0.02088575
v 0.03130717 0.01110236 0.01869562
v 0.03384465 0.00595295 0.02089903
v 0.03333757 0.01093634 0.01880590
v 0.03299931 0.01496906 0.01580979
v 0.03582805 0.01072736 0.01893195
v 0.03550956 0.01480256 0.01596088
v 0.03567717 0.01798615 0.01221963
v 0.03832499 0.01461213 0.01610791
v 0.03843290 0.01788752 0.01236628
v 0.03869951 0.02034308 0.00772189
v 0.03607170 0.02038214 0.00758888
v 0.04140861 0.01779328 0.01250323
v 0.04157158 0.02028937 0.00783310
v 0.04167692 0.02161554 0.00253432
v 0.04474284 0.02029084 0.00792942
v 0.04478630 0.02161945 0.00260390
v 0.04476811 0.02158185 -0.00285168
v 0.04800395 0.02160968 -0.00282602
v 0.04800395 0.02031037 -0.00791966
v 0.04800395 0.01602472 -0.00666530
v 0.04800395 0.01417316 -0.01035690
v 0.04800395 0.01797687 -0.01234347
v 0.04800395 0.01040705 -0.00884153
v 0.04800395 0.01181086 -0.01331154
v 0.04800395 0.01489484 -0.01591198
v 0.04461320 0.01505158 -0.01572841
v 0.04464152 0.01800324 -0.01227033
v 0.04127726 0.01518927 -0.01556665
v 0.04134172 0.01799494 -0.01219970
v 0.04150334 0.02026398 -0.00789989
v 0.03858098 0.02026496 -0.00792954
v 0.03877861 0.02154132 -0.00295724
v 0.04163652 0.02152814 -0.00289213
v 0.04471171 0.02030060 -0.00790874
v 0.03619413 0.02152863 -0.00302965
v 0.03628959 0.02166974 0.00232586
v 0.03884050 0.02164777 0.00243880
v 0.03405693 0.02168390 0.00219297
v 0.03374687 0.02043634 0.00742596
v 0.03182963 0.02050031 0.00727093
v 0.03317485 0.01806476 0.01206162
v 0.03115605 0.01816095 0.01191558
v 0.03004387 0.02057355 0.00708579
v 0.02926823 0.01827423 0.01176834
v 0.02889750 0.01523566 0.01555301
v 0.03080790 0.01511213 0.01567302
v 0.02707707 0.01537531 0.01539757
v 0.02763322 0.01136554 0.01850913
v 0.02939396 0.01125226 0.01860941
v 0.02598161 0.01149884 0.01840698
v 0.02695610 0.00620392 0.02080726
v 0.02841923 0.00619464 0.02079630
v 0.02573906 0.00618146 0.02082760
v 0.02631535 0.00077716 0.02175073
v 0.02510869 0.00077375 0.02175684
v 0.02492033 -0.00429168 0.02134710
v 0.02368242 -0.00417254 0.02138191
v 0.02247758 -0.00904998 0.01980665
v 0.02237553 -0.00400848 0.02141759
v 0.02110624 -0.00887713 0.01990925
v 0.02267851 0.00070685 0.02177294
v 0.02178495 0.00068390 0.02206777
v 0.02143144 -0.00395965 0.02174592
v 0.02178337 0.00067414 0.02327378
v 0.02138017 -0.00419012 0.02290748
v 0.01978874 -0.00913104 0.02144618
v 0.02178044 0.00062775 0.02451114
v 0.02132011 -0.00440008 0.02417710
v 0.01965898 -0.00936248 0.02283142
v 0.01954472 -0.00955877 0.02425099
v 0.01673832 -0.01385028 0.02302679
v 0.01677104 -0.01384539 0.02138678
v 0.01323112 -0.01725164 0.02170539
v 0.01335661 -0.01714666 0.02326724
v 0.00866411 -0.01996698 0.02338081
v 0.00837846 -0.02010174 0.02216313
v 0.00354448 -0.02147137 0.02335883
v 0.00804728 -0.02025311 0.02095118
v 0.01297648 -0.01745233 0.02016431
v 0.00331254 -0.02152850 0.02215025
v 0.00796074 -0.02092987 0.02028528
v 0.00324968 -0.02213543 0.02153810
v 0.00815117 -0.02220672 0.02019351
v 0.01267350 -0.02017303 0.01769119
v 0.00335551 -0.02334881 0.02150719
v 0.00828837 -0.02347918 0.02012200
v 0.01276579 -0.02179168 0.01759961
v 0.01623698 -0.02119696 0.01450797
v 0.00342399 -0.02453680 0.02148499
v -0.00137178 -0.02354559 0.02170586
v -0.00144625 -0.02474823 0.02169171
v -0.00591524 -0.02287957 0.02094760
v -0.00618184 -0.02412078 0.02085270
v -0.00636934 -0.02532049 0.02078379
v -0.01088338 -0.02406854 0.01884074
v -0.01108040 -0.02554998 0.01872046
v -0.01475899 -0.02471307 0.01592928
v -0.01487825 -0.02648504 0.01581703
v -0.01122896 -0.02713202 0.01863335
v -0.01462838 -0.02301922 0.01604856
v -0.01768697 -0.02347381 0.01259838
v -0.01773970 -0.02509686 0.01249400
v -0.01764009 -0.02174823 0.01272081
v -0.01446102 -0.02133416 0.01618936
v -0.01063094 -0.02263494 0.01898856
v -0.01031343 -0.02128973 0.01918323
v -0.00561788 -0.02169207 0.02105174
v -0.00993050 -0.01992352 0.01941325
v -0.00990584 -0.01942743 0.01991179
v -0.00558370 -0.02106952 0.02165254
v -0.01025301 -0.01920233 0.02127983
v -0.00583028 -0.02098455 0.02283569
v -0.01053670 -0.01901287 0.02262089
v -0.01439583 -0.01628778 0.02122650
v -0.01454134 -0.01614080 0.02294964
v -0.01753499 -0.01290887 0.02151486
v -0.01755135 -0.01284246 0.02326022
v -0.02015169 -0.00819940 0.02315339
v -0.02021065 -0.00809539 0.02171314
v -0.02011739 -0.00825262 0.02457826
v -0.02157247 -0.00295184 0.02420579
v -0.02158748 -0.00288250 0.02290550
v -0.02167244 0.00222834 0.02423136
v -0.02168892 0.00218244 0.02284165
v -0.02164302 -0.00278680 0.02161749
v -0.02187410 0.00217365 0.02169842
v -0.02290096 -0.00292059 0.02158215
v -0.02156490 -0.00828338 0.02014156
v -0.02296517 0.00225422 0.02168658
v -0.02421395 -0.00301580 0.02156066
v -0.02302047 -0.00849286 0.02003989
v -0.02439547 -0.00866131 0.01993765
v -0.02300740 -0.01352264 0.01702471
v -0.02125801 -0.01347577 0.01707874
v -0.02133284 -0.01708465 0.01349864
v -0.02311177 -0.01703289 0.01354805
v -0.02444942 -0.01998309 0.00856839
v -0.02481649 -0.01697674 0.01359535
v -0.02590084 -0.01988641 0.00873178
v -0.02548836 -0.02158368 0.00288095
v -0.02674886 -0.02155926 0.00298351
v -0.02745894 -0.01984442 0.00879746
v -0.02813497 -0.02153485 0.00306461
v -0.02685640 -0.02158905 -0.00272992
v -0.02824410 -0.02156805 -0.00276876
v -0.02991268 -0.02153729 0.00313651
v -0.03000948 -0.02158416 -0.00279528
v -0.02961129 -0.02008026 -0.00833124
v -0.02786800 -0.02008514 -0.00828382
v -0.02901485 -0.01750653 -0.01290789
v -0.02724202 -0.01749530 -0.01287309
v -0.02713130 -0.01443914 -0.01628765
v -0.02891304 -0.01439471 -0.01633893
v -0.02781246 -0.01052557 -0.01901077
v -0.02953731 -0.01043963 -0.01908076
v -0.02852755 -0.00554950 -0.02100532
v -0.03019417 -0.00550409 -0.02103893
v -0.02877950 -0.00026287 -0.02176709
v -0.02747383 -0.00031121 -0.02177196
v -0.03041548 -0.00020282 -0.02177806
v -0.03015670 0.00507990 -0.02113951
v -0.02852974 0.00498468 -0.02113867
v -0.02712142 0.00488019 -0.02116885
v -0.02778939 0.00994318 -0.01932698
v -0.02624874 0.00987726 -0.01935208
v -0.02590963 0.00476691 -0.02120624
v -0.02491048 0.00977961 -0.01942120
v -0.02539290 0.01396857 -0.01663669
v -0.02376607 0.01391144 -0.01668731
v -0.02223995 0.01386115 -0.01675278
v -0.02230648 0.01701740 -0.01357985
v -0.02059090 0.01384162 -0.01679406
v -0.02054940 0.01706964 -0.01352709
v -0.02214168 0.01990998 -0.00882583
v -0.02073262 0.02003693 -0.00858335
v -0.02342916 0.01979621 -0.00902657
v -0.02309371 0.02143439 -0.00381201
v -0.02187642 0.02148029 -0.00362084
v -0.02314608 0.02176252 0.00088346
v -0.02202083 0.02177082 0.00082977
v -0.02146553 0.02244123 -0.00366556
v -0.02176534 0.02297101 0.00087790
v -0.02142330 0.02387238 -0.00383571
v -0.01992720 0.02235871 -0.00874800
v -0.02176021 0.02440119 0.00091226
v -0.02138179 0.02512970 -0.00395581
v -0.01985176 0.02381916 -0.00886297
v -0.01719466 0.02208722 -0.01331217
v -0.01981014 0.02539826 -0.00892652
v -0.01721273 0.02407697 -0.01323747
v -0.01427950 0.02363800 -0.01638006
v -0.01729012 0.02587629 -0.01313878
v -0.01439254 0.02555988 -0.01626037
v -0.01086837 0.02632355 -0.01885880
v -0.01073775 0.02462970 -0.01893050
v -0.01449959 0.02758820 -0.01621618
v -0.01098275 0.02824787 -0.01879873
v -0.00660018 0.02915412 -0.02073387
v -0.00649471 0.02737629 -0.02077057
v -0.01458614 0.02976789 -0.01611314
v -0.01108834 0.03027863 -0.01873533
v -0.00667501 0.03104132 -0.02070945
v -0.00169612 0.03140363 -0.02170167
v -0.00167891 0.02961554 -0.02170138
v -0.01117366 0.03253156 -0.01867185
v -0.00673336 0.03313849 -0.02067101
v -0.00171944 0.03348322 -0.02169892
v 0.00353679 0.03345539 -0.02145269
v -0.00678890 0.03549347 -0.02065746
v -0.00175118 0.03574591 -0.02169362
v 0.00351848 0.03575763 -0.02145186
v 0.00856755 0.03554035 -0.02000316
v 0.00347709 0.03841437 -0.02147647
v 0.00848307 0.03827033 -0.02004476
v 0.01279094 0.03805304 -0.01760656
v 0.00835795 0.04128937 -0.02006830
v 0.01263737 0.04115168 -0.01767876
v 0.01605607 0.04111408 -0.01465837
v 0.01251799 0.04454425 -0.01781813
v 0.01595341 0.04451984 -0.01481424
v 0.01879289 0.04458673 -0.01103750
v 0.01888005 0.04126349 -0.01082789
v 0.02083488 0.04467121 -0.00637393
v 0.02087150 0.04145099 -0.00610450
v 0.01898564 0.03829670 -0.01064245
v 0.01619462 0.03801496 -0.01452640
v 0.02095854 0.03857453 -0.00586247
v 0.01907731 0.03557160 -0.01045338
v 0.01633537 0.03517365 -0.01439177
v 0.01291935 0.03522297 -0.01749853
v 0.01917204 0.03314582 -0.01024105
v 0.01644951 0.03258625 -0.01427865
v 0.01303361 0.03265558 -0.01741281
v 0.01317350 0.03056916 -0.01732484
v 0.00869719 0.03107257 -0.01997318
v 0.00864665 0.03313361 -0.01998880
v 0.00868632 0.02920539 -0.01995137
v 0.00350114 0.02962824 -0.02145087
v 0.00353593 0.03137775 -0.02146701
v 0.00341838 0.02788410 -0.02144871
v -0.00166207 0.02793586 -0.02170252
v 0.00331755 0.02653400 -0.02148787
v -0.00164693 0.02651496 -0.02170888
v -0.00638521 0.02585968 -0.02080963
v -0.00163399 0.02514533 -0.02171397
v -0.00623213 0.02449250 -0.02086178
v -0.01051046 0.02290216 -0.01906025
v -0.00598799 0.02299054 -0.02093886
v -0.01019173 0.02122834 -0.01925867
v -0.01413228 0.02159943 -0.01650271
v -0.00161129 0.02378058 -0.02171812
v -0.00156771 0.02237336 -0.02172370
v -0.00569356 0.02158283 -0.02103465
v -0.00161776 0.02171369 -0.02250264
v -0.00583345 0.02098029 -0.02197348
v -0.00173287 0.02169904 -0.02393796
v -0.00615975 0.02087238 -0.02343459
v -0.01043770 0.01908088 -0.02222250
v -0.01069649 0.01889826 -0.02381268
v -0.01422652 0.01640168 -0.02302573
v -0.01407918 0.01654572 -0.02128463
v -0.01007967 0.01931427 -0.02062002
v -0.01706111 0.01348517 -0.02194350
v -0.01708321 0.01346076 -0.02031074
v -0.01709212 0.01344855 -0.02362388
v -0.01968746 0.00924298 -0.02502632
v -0.01715694 0.01337287 -0.02513137
v -0.01968672 0.00924494 -0.02636993
v -0.02132503 0.00436847 -0.02726254
v -0.01970101 0.00921808 -0.02796480
v -0.02132015 0.00438410 -0.02870967
v -0.02174507 -0.00067450 -0.02748875
v -0.02174483 -0.00070770 -0.02883289
v -0.02132259 0.00439093 -0.03031105
v -0.02175032 -0.00072284 -0.03042913
v -0.02093477 -0.00582782 -0.03010173
v -0.02091304 -0.00578778 -0.02843128
v -0.01901046 -0.01053094 -0.02937294
v -0.01899471 -0.01053338 -0.02765631
v -0.01636678 -0.01433075 -0.02865090
v -0.01634981 -0.01433758 -0.02689121
v -0.01321834 -0.01727459 -0.02863634
v -0.01320430 -0.01726776 -0.02684717
v -0.00910591 -0.01976239 -0.02757336
v -0.00910042 -0.01976434 -0.02933202
v -0.00416695 -0.02135711 -0.02808488
v -0.00413460 -0.02136493 -0.02989806
v 0.00110527 -0.02169452 -0.02820643
v 0.00124894 -0.02169989 -0.02989672
v 0.00664653 -0.02069256 -0.02951418
v 0.00138261 -0.02170819 -0.03167387
v 0.00683281 -0.02066082 -0.03133187
v 0.01173369 -0.01833856 -0.03077999
v 0.01159916 -0.01840838 -0.02889223
v 0.01548918 -0.01530438 -0.02867751
v 0.01557292 -0.01522430 -0.03057879
v 0.01857463 -0.01130975 -0.02926173
v 0.01862162 -0.01122381 -0.03114876
v 0.02083586 -0.00627703 -0.03001128
v 0.02083342 -0.00628729 -0.02836806
v 0.02085624 -0.00621307 -0.03175845
v 0.02176005 -0.00097967 -0.03020262
v 0.02175432 -0.00104412 -0.02856807
v 0.02132499 0.00417707 -0.02982374
v 0.02132109 0.00406720 -0.02813507
v 0.02175517 -0.00108075 -0.02725422
v 0.02136052 0.00396662 -0.02683908
v 0.01979680 0.00895246 -0.02732126
v 0.01983354 0.00888361 -0.02584919
v 0.02140263 0.00384650 -0.02556427
v 0.01989689 0.00876105 -0.02445817
v 0.02144487 0.00370832 -0.02440434
v 0.01997343 0.00860089 -0.02309799
v 0.02149077 0.00350666 -0.02319546
v 0.02007451 0.00841974 -0.02177410
v 0.02153740 0.00329621 -0.02197336
v 0.02118498 0.00820295 -0.02018406
v 0.02234758 0.00328351 -0.02153979
v 0.02176201 -0.00110565 -0.02232503
v 0.02246403 -0.00114471 -0.02175604
v 0.02363017 0.00338605 -0.02151865
v 0.02371708 -0.00123944 -0.02174462
v 0.02487712 0.00344416 -0.02150546
v 0.02490165 -0.00135125 -0.02173021
v 0.02423613 -0.00610516 -0.02086487
v 0.02293986 -0.01065448 -0.01896176
v 0.02301994 -0.00589959 -0.02093191
v 0.02545646 -0.00628241 -0.02080500
v 0.02436491 -0.01084295 -0.01883899
v 0.02582548 -0.01097088 -0.01874769
v 0.02529704 -0.01456268 -0.01614245
v 0.02688591 -0.01463055 -0.01610415
v 0.02730180 -0.01753778 -0.01286364
v 0.02865092 -0.01467694 -0.01608630
v 0.02895842 -0.01757244 -0.01282431
v 0.02987053 -0.02004217 -0.00847555
v 0.03043510 -0.02149871 -0.00346247
v 0.03094120 -0.01758172 -0.01280669
v 0.03169999 -0.02003094 -0.00849710
v 0.03217289 -0.02149334 -0.00350654
v 0.03219072 -0.02170672 0.00163119
v 0.03360099 -0.02001825 -0.00848263
v 0.03406303 -0.02149237 -0.00353376
v 0.03410746 -0.02169500 0.00161320
v 0.03382914 -0.02073211 0.00655396
v 0.03632170 -0.02148700 -0.00354306
v 0.03634599 -0.02170184 0.00159484
v 0.03613578 -0.02074383 0.00653472
v 0.03582402 -0.01879168 0.01097561
v 0.03877665 -0.02075848 0.00651246
v 0.03854643 -0.01881121 0.01095389
v 0.04148149 -0.01882782 0.01092221
v 0.04135307 -0.01615985 0.01454649
v 0.04464116 -0.01612567 0.01460272
v 0.04465312 -0.01291571 0.01753244
v 0.04800395 -0.01609637 0.01468925
v 0.04800395 -0.01275164 0.01767245
v 0.04800395 -0.00900360 0.01984613
v 0.04800395 -0.00494403 0.02122443
v 0.04800395 -0.01016327 0.01466510
v 0.04800395 -0.00717352 0.01660278
v 0.04800395 -0.00742401 0.01211581
v 0.04800395 -0.00503485 0.01385989
v 0.04800395 -0.00454950 0.00999210
v 0.04800395 -0.00237616 0.01167954
v 0.04800395 0.00030988 0.00975103
v 0.04800395 0.00250519 0.00766065
v 0.04800395 0.00281769 0.01148530
v 0.04800395 -0.00662811 0.00797306
v 0.04800395 -0.00971258 0.00982961
v 0.04800395 -0.00806610 0.00567202
v 0.04800395 -0.00485174 0.00457399
v 0.04800395 -0.01151434 0.00708232
v 0.04800395 -0.00885711 0.00311164
v 0.04800395 -0.00519891 0.00249987
v 0.04800395 -0.00903973 0.00045753
v 0.04800395 -0.00522039 0.00028341
v 0.04800395 -0.01303973 0.00078398
v 0.04800395 -0.01261737 0.00401974
v 0.04800395 -0.01725555 0.00116291
v 0.04800395 -0.01711444 -0.00277406
v 0.04800395 -0.01660272 0.00509178
v 0.04800395 -0.02174334 0.00154099
v 0.04800395 -0.02153338 -0.00336661
v 0.04481108 -0.02171502 0.00155330
v 0.04480131 -0.02150213 -0.00344356
v 0.04473796 -0.02018426 -0.00820589
v 0.04168217 -0.02147869 -0.00349073
v 0.04154741 -0.02009930 -0.00830947
v 0.04465849 -0.01786834 -0.01246963
v 0.04136821 -0.01775506 -0.01256809
v 0.04461796 -0.01482684 -0.01592699
v 0.04129802 -0.01479901 -0.01593238
v 0.04138603 -0.01121844 -0.01865942
v 0.04465825 -0.01119598 -0.01869646
v 0.04152629 -0.00690008 -0.02063547
v 0.04472136 -0.00693621 -0.02065800
v 0.04476567 -0.00222137 -0.02166951
v 0.04800395 -0.00230291 -0.02169170
v 0.04800395 0.00241242 -0.02167496
v 0.04800395 0.00202082 -0.01760869
v 0.04800395 0.00207160 -0.01381095
v 0.04800395 0.00704963 -0.02062461
v 0.04477226 0.00261652 -0.02162279
v 0.04472209 0.00731525 -0.02052230
v 0.04800395 0.01120734 -0.01869070
v 0.04465532 0.01151300 -0.01850651
v 0.04153691 0.00755011 -0.02041275
v 0.04137272 0.01175666 -0.01829867
v 0.03863310 0.00774543 -0.02034050
v 0.03836088 0.01197004 -0.01816045
v 0.03817802 0.01531281 -0.01546940
v 0.03556425 0.01214728 -0.01803876
v 0.03528434 0.01540168 -0.01542484
v 0.03552983 0.01802814 -0.01216366
v 0.03831669 0.01801691 -0.01217913
v 0.03300444 0.01802570 -0.01215126
v 0.03351567 0.02022199 -0.00798154
v 0.03588823 0.02023664 -0.00795671
v 0.03148637 0.02022541 -0.00801425
v 0.03194597 0.02151545 -0.00317297
v 0.03391850 0.02151300 -0.00310029
v 0.03019877 0.02149006 -0.00323183
v 0.03040495 0.02170050 0.00192347
v 0.03211198 0.02169562 0.00206197
v 0.02876982 0.02170343 0.00178501
v 0.02844548 0.02064191 0.00688429
v 0.02697807 0.02070881 0.00667492
v 0.02760051 0.01838459 0.01159276
v 0.02608391 0.01848615 0.01142887
v 0.02572538 0.02078009 0.00645756
v 0.02464811 0.01862336 0.01120567
v 0.02385112 0.01564484 0.01509928
v 0.02553044 0.01551056 0.01524857
v 0.02226323 0.01579767 0.01492048
v 0.02306035 0.01159992 0.01838425
v 0.02459453 0.01156427 0.01837473
v 0.02154399 0.01164631 0.01837659
v 0.02327299 0.00607355 0.02087157
v 0.02453361 0.00614289 0.02084636
v 0.02191545 0.00598322 0.02092835
v 0.02391655 0.00076154 0.02176370
v 0.02092582 0.00611066 0.02091647
v 0.01824907 0.01189045 0.02022972
v 0.02093583 0.00598713 0.02247082
v 0.01845720 0.01153839 0.02192597
v 0.02092412 0.00596808 0.02377161
v 0.01854716 0.01137189 0.02355764
v 0.02092582 0.00593048 0.02506945
v 0.02177836 0.00057306 0.02567568
v 0.02092961 0.00588605 0.02644633
v 0.02177495 0.00050812 0.02692330
v 0.02126262 -0.00455828 0.02536892
v 0.02122075 -0.00468328 0.02659763
v 0.02176335 0.00044269 0.02819784
v 0.02118840 -0.00478289 0.02792925
v 0.01942045 -0.00973407 0.02720282
v 0.01945427 -0.00968768 0.02566316
v 0.01675383 -0.01384149 0.02644451
v 0.01673246 -0.01383368 0.02460227
v 0.01345878 -0.01706073 0.02491147
v 0.01347148 -0.01706170 0.02653087
v 0.00902006 -0.01978485 0.02599777
v 0.00887980 -0.01985711 0.02467159
v 0.00914323 -0.01972723 0.02748279
v 0.00395048 -0.02136590 0.02690855
v 0.00384086 -0.02139618 0.02567302
v -0.00122921 -0.02171112 0.02706725
v -0.00122823 -0.02171112 0.02582882
v 0.00371171 -0.02142938 0.02453226
v -0.00123958 -0.02171161 0.02471939
v -0.00615804 -0.02086444 0.02528980
v -0.00603731 -0.02091034 0.02407915
v -0.00125692 -0.02171600 0.02351980
v -0.00122884 -0.02173553 0.02236707
v -0.00126729 -0.02238641 0.02172882
v -0.00626998 -0.02082098 0.02657260
v -0.01088265 -0.01877069 0.02552226
v -0.01073165 -0.01886102 0.02410858
v -0.01097603 -0.01872674 0.02711070
v -0.01470577 -0.01601580 0.02644447
v -0.01464058 -0.01605731 0.02457072
v -0.01755843 -0.01279754 0.02500538
v -0.01761458 -0.01271991 0.02672631
v -0.02008199 -0.00829266 0.02600051
v -0.02007576 -0.00827606 0.02754973
v -0.02154842 -0.00303192 0.02668965
v -0.02156209 -0.00299676 0.02546495
v -0.02153548 -0.00304901 0.02805128
v -0.02163472 0.00227863 0.02802157
v -0.02164485 0.00227375 0.02675125
v -0.02165547 0.00226056 0.02544203
v -0.02039424 0.00746857 0.02597634
v -0.02042415 0.00747931 0.02458270
v -0.02044698 0.00745099 0.02322318
v -0.01805342 0.01211408 0.02313683
v -0.01800630 0.01222443 0.02128693
v -0.02047847 0.00740168 0.02170880
v -0.01556075 0.01514533 0.02211812
v -0.01533712 0.01540851 0.02035426
v -0.01300203 0.01741144 0.02258785
v -0.01280794 0.01757697 0.02079946
v -0.01253133 0.01779572 0.01900046
v -0.00945272 0.01962531 0.02039170
v -0.00991585 0.02067658 0.01940363
v -0.00964852 0.01951545 0.02196597
v -0.00575045 0.02101105 0.02166799
v -0.00605635 0.02188703 0.02090946
v -0.00202266 0.02249006 0.02168781
v -0.00232698 0.02388166 0.02164920
v -0.00667635 0.02336945 0.02070036
v -0.00182442 0.02169660 0.02232872
v -0.00582796 0.02097052 0.02315231
v -0.00171993 0.02168341 0.02373004
v 0.00223161 0.02167170 0.02233982
v 0.00203068 0.02242072 0.02169037
v 0.00613371 0.02158869 0.02089403
v 0.00620829 0.02311506 0.02086435
v 0.00190678 0.02386261 0.02169494
v 0.00639164 0.02081672 0.02166284
v 0.00253544 0.02162238 0.02367938
v 0.00694157 0.02063605 0.02302630
v 0.01115117 0.01866339 0.02169178
v 0.00742033 0.02044855 0.02433891
v 0.01165617 0.01834015 0.02320581
v 0.01485380 0.01589728 0.02078246
v 0.01519853 0.01555548 0.02252618
v 0.01206022 0.01806183 0.02478379
v 0.01547368 0.01529328 0.02445955
v 0.01861125 0.01120490 0.02522775
v 0.01576725 0.01500617 0.02611411
v 0.01873002 0.01098859 0.02688278
v 0.02094218 0.00580939 0.02777780
v 0.01888395 0.01077082 0.02876386
v 0.02098039 0.00570978 0.02958111
v 0.02177397 0.00035480 0.02986419
v 0.02103813 0.00556379 0.03137647
v 0.02178447 0.00025861 0.03158213
v 0.02118010 -0.00488690 0.02968188
v 0.02118693 -0.00495868 0.03142435
v 0.01942534 -0.00979266 0.03088386
v 0.01941191 -0.00978631 0.02898290
v 0.01679643 -0.01380194 0.03033476
v 0.01677690 -0.01383221 0.02827255
v 0.01357914 -0.01701580 0.03039333
v 0.01351835 -0.01703045 0.02832148
v 0.00926017 -0.01968719 0.02922894
v 0.00933085 -0.01967108 0.03106909
v 0.00415788 -0.02133319 0.02984484
v 0.00405119 -0.02133758 0.02817565
v 0.00422868 -0.02134295 0.03156295
v -0.00118965 -0.02173700 0.03164534
v -0.00120101 -0.02171453 0.02993170
v -0.00121627 -0.02170086 0.02826085
v -0.00641194 -0.02077703 0.02960144
v -0.00634114 -0.02078680 0.02791815
v -0.00645259 -0.02076629 0.03138459
v -0.01111580 -0.01870135 0.03084536
v -0.01106282 -0.01871405 0.02888665
v -0.01481966 -0.01593914 0.03036250
v -0.01477632 -0.01599139 0.02831315
v -0.01769124 -0.01264911 0.02860288
v -0.01774666 -0.01255828 0.03061734
v -0.02011470 -0.00822967 0.02933476
v -0.02014778 -0.00816131 0.03122386
v -0.02154586 -0.00305145 0.02980396
v -0.02156758 -0.00302752 0.03157446
v -0.02164693 0.00227619 0.02979350
v -0.02166646 0.00226398 0.03154936
v -0.02048763 0.00726838 0.03112744
v -0.02042794 0.00734552 0.02925723
v -0.02039595 0.00739923 0.02741857
v -0.01829622 0.01174006 0.02845564
v -0.01819307 0.01188214 0.02653268
v -0.01811483 0.01199640 0.02481859
v -0.01570015 0.01498029 0.02592256
v -0.01562484 0.01506623 0.02401735
v -0.01311202 0.01730793 0.02434696
v -0.01319564 0.01726691 0.02606539
v -0.00986409 0.01938410 0.02515285
v -0.00978121 0.01943390 0.02356212
v -0.00584163 0.02094904 0.02458653
v -0.00584542 0.02091339 0.02604849
v -0.00158309 0.02168244 0.02511730
v -0.00144503 0.02169074 0.02645412
v 0.00284929 0.02155451 0.02499888
v 0.00314958 0.02148859 0.02637238
v 0.00784440 0.02028449 0.02574101
v 0.00341691 0.02143293 0.02768223
v 0.00815007 0.02016486 0.02715195
v 0.01236540 0.01784650 0.02641045
v 0.00846574 0.02004670 0.02893669
v 0.01265580 0.01769464 0.02827643
v 0.01601481 0.01475714 0.02805917
v 0.01288798 0.01752423 0.03026478
v 0.01623210 0.01451984 0.03018299
v 0.01901823 0.01053547 0.03078055
v 0.01641594 0.01429621 0.03242629
v 0.01916313 0.01028009 0.03295462
v 0.02107463 0.00537726 0.03348970
v 0.01933561 0.00999054 0.03551731
v 0.02113273 0.00514582 0.03582687
v 0.02178373 0.00013752 0.03369489
v 0.02178630 -0.00000653 0.03595628
v 0.02116301 -0.00501922 0.03351319
v 0.02115568 -0.00506512 0.03582874
v 0.01946037 -0.00974041 0.03550605
v 0.01943632 -0.00977801 0.03300877
v 0.01689030 -0.01371161 0.03518554
v 0.01683683 -0.01376385 0.03256767
v 0.01364872 -0.01695770 0.03522955
v 0.01361967 -0.01699871 0.03267748
v 0.00938859 -0.01963104 0.03314400
v 0.00944279 -0.01959735 0.03562905
v 0.00429448 -0.02132196 0.03359536
v 0.00434965 -0.02131024 0.03590841
v -0.00114974 -0.02173065 0.03595770
v -0.00117183 -0.02172967 0.03369784
v -0.00648629 -0.02077069 0.03580308
v -0.00647640 -0.02076239 0.03347026
v -0.01116927 -0.01867401 0.03549261
v -0.01113802 -0.01867840 0.03297376
v -0.01494417 -0.01583709 0.03525290
v -0.01489095 -0.01587762 0.03263605
v -0.01781246 -0.01246112 0.03281577
v -0.01790511 -0.01234832 0.03543643
v -0.02020211 -0.00806463 0.03334646
v -0.02025789 -0.00793719 0.03575924
v -0.02156624 -0.00297772 0.03365827
v -0.02157796 -0.00290594 0.03596296
v -0.02166170 0.00225812 0.03362676
v -0.02166048 0.00226056 0.03593197
v -0.02054158 0.00711164 0.03566445
v -0.02051851 0.00717902 0.03327667
v -0.01855672 0.01133771 0.03529753
v -0.01845699 0.01148322 0.03273956
v -0.01838753 0.01161164 0.03049845
v -0.01600704 0.01469464 0.03236217
v -0.01592488 0.01478009 0.03002544
v -0.01582906 0.01488507 0.02790141
v -0.01328585 0.01724103 0.03009955
v -0.01323568 0.01723468 0.02799316
v -0.00990609 0.01937580 0.02865897
v -0.00990657 0.01935920 0.02680110
v -0.00988985 0.01939435 0.03062440
v -0.00575325 0.02091828 0.02922849
v -0.00580892 0.02089679 0.02745116
v -0.00130562 0.02169757 0.02778443
v -0.00113033 0.02170881 0.02945676
v 0.00370768 0.02140070 0.02938635
v -0.00092122 0.02174836 0.03129643
v 0.00398222 0.02138752 0.03120436
v 0.00874724 0.01993537 0.03080514
v 0.00426237 0.02132843 0.03329263
v 0.00901970 0.01980207 0.03292837
v 0.01312028 0.01734406 0.03246447
v 0.00929374 0.01967853 0.03540624
v 0.01337211 0.01715412 0.03511546
v 0.01663139 0.01402912 0.03515325
v 0.01362639 0.01695392 0.03801309
v 0.01688395 0.01372492 0.03807081
v 0.01951713 0.00962775 0.03836559
v 0.01715385 0.01337775 0.04123866
v 0.01969780 0.00924006 0.04142129
v 0.02121830 0.00486164 0.03855403
v 0.02128935 0.00453205 0.04154330
v 0.02179289 -0.00017547 0.03861669
v 0.02176713 -0.00036932 0.04155509
v 0.02115507 -0.00510809 0.03852048
v 0.02112162 -0.00514032 0.04146391
v 0.01951982 -0.00956073 0.04133018
v 0.01949345 -0.00967254 0.03832135
v 0.01704631 -0.01348993 0.04120526
v 0.01695671 -0.01362518 0.03808458
v 0.01379606 -0.01684149 0.04124977
v 0.01372184 -0.01690399 0.03808804
v 0.00949345 -0.01959100 0.03837158
v 0.00954326 -0.01956512 0.04143051
v 0.00438237 -0.02131024 0.03858859
v 0.00441703 -0.02130487 0.04156527
v -0.00111495 -0.02173407 0.04157406
v -0.00113045 -0.02174334 0.03864383
v -0.00648592 -0.02077069 0.04147975
v -0.00648751 -0.02078289 0.03853760
v -0.01120662 -0.01861297 0.04133848
v -0.01119210 -0.01865741 0.03831277
v -0.01499031 -0.01574676 0.03812216
v -0.01507943 -0.01566473 0.04128401
v -0.01802339 -0.01218426 0.03827589
v -0.01814632 -0.01200409 0.04139257
v -0.02032430 -0.00776678 0.03854012
v -0.02039193 -0.00756659 0.04153704
v -0.02160018 -0.00279754 0.03864335
v -0.02160799 -0.00265155 0.04158647
v -0.02165877 0.00228205 0.03859358
v -0.02162203 0.00233283 0.04152683
v -0.02057198 0.00699152 0.04139645
v -0.02057625 0.00705939 0.03841395
v -0.01871114 0.01102716 0.04124436
v -0.01864791 0.01119025 0.03816670
v -0.01624068 0.01441535 0.04113802
v -0.01615547 0.01451203 0.03794368
v -0.01610237 0.01461457 0.03501331
v -0.01328206 0.01724933 0.03796865
v -0.01329463 0.01722638 0.03506463
v -0.01329793 0.01724201 0.03243612
v -0.00982894 0.01942463 0.03284309
v -0.00974044 0.01945343 0.03536912
v -0.00552108 0.02101838 0.03323869
v -0.00566658 0.02097150 0.03109609
v -0.00534261 0.02105256 0.03560233
v -0.00070516 0.02175324 0.03338292
v -0.00047493 0.02176056 0.03570275
v 0.00453813 0.02126398 0.03564194
v -0.00022859 0.02177228 0.03843708
v 0.00481706 0.02121271 0.03837917
v 0.00956779 0.01956232 0.03821083
v 0.00508732 0.02112189 0.04137531
v 0.00983183 0.01941632 0.04124948
v 0.01388469 0.01673078 0.04115731
v 0.01012175 0.01930158 0.04458080
v 0.01417875 0.01650910 0.04454048
v 0.01746171 0.01300031 0.04458390
v 0.01451432 0.01625812 0.04799729
v 0.01779814 0.01258771 0.04799729
v 0.01990471 0.00880695 0.04467167
v 0.02016545 0.00833673 0.04799729
v 0.02138090 0.00415021 0.04471633
v 0.02148466 0.00370343 0.04799729
v 0.02176274 -0.00060418 0.04471916
v 0.02115971 -0.00515008 0.04468212
v 0.01976591 -0.00918719 0.04799729
v 0.01963359 -0.00940594 0.04462490
v 0.01740812 -0.01311639 0.04799729
v 0.01722795 -0.01333319 0.04457302
v 0.01403557 -0.01669500 0.04799729
v 0.01389811 -0.01677264 0.04458972
v 0.00967399 -0.01953436 0.04799729
v 0.00960551 -0.01954168 0.04467068
v 0.00446843 -0.02134881 0.04799729
v 0.00444755 -0.02131903 0.04473437
v -0.00108467 -0.02176629 0.04799729
v -0.00110128 -0.02174286 0.04473676
v -0.00649031 -0.02082342 0.04799729
v -0.00649300 -0.02079852 0.04469352
v -0.01127230 -0.01862762 0.04463262
v -0.01133162 -0.01861395 0.04799729
v -0.01520723 -0.01557782 0.04460464
v -0.01536495 -0.01548309 0.04799729
v -0.01829488 -0.01179510 0.04464930
v -0.01847115 -0.01156610 0.04799729
v -0.02049190 -0.00733661 0.04471989
v -0.02061226 -0.00706903 0.04799729
v -0.02164095 -0.00246698 0.04474653
v -0.02169625 -0.00222821 0.04799729
v -0.02163130 0.00243097 0.04471259
v -0.02164681 0.00255695 0.04799729
v -0.02062789 0.00694904 0.04465283
v -0.02066243 0.00692511 0.04799729
v -0.01897640 0.01072004 0.04799729
v -0.01884224 0.01088556 0.04458526
v -0.01654378 0.01419074 0.04799729
v -0.01638716 0.01432355 0.04453317
v -0.01326668 0.01728742 0.04799729
v -0.01325704 0.01726349 0.04454617
v -0.01325667 0.01725080 0.04117166
v -0.00948848 0.01958381 0.04132386
v -0.00962020 0.01952033 0.03819256
v -0.00515010 0.02112873 0.03838083
v -0.00493929 0.02118488 0.04144392
v 0.00002726 0.02176300 0.04145107
v -0.00474178 0.02124347 0.04467274
v 0.00026933 0.02177228 0.04467133
v 0.00537553 0.02109601 0.04463998
v 0.00049748 0.02179230 0.04799729
v 0.00564885 0.02104963 0.04799729
v 0.01041472 0.01916437 0.04799729
v 0.00475468 0.01638898 0.04799729
v 0.00856291 0.01470246 0.04799729
v 0.01185576 0.01220978 0.04799729
v 0.00687834 0.01046076 0.04799729
v 0.00948954 0.00828937 0.04799729
v 0.01445561 0.00906672 0.04799729
v 0.01158085 0.00549445 0.04799729
v 0.01630400 0.00545881 0.04799729
v 0.01318266 0.00226935 0.04799729
v 0.00944719 0.00223615 0.04799729
v 0.01116642 -0.00057782 0.04799729
v 0.01303508 -0.00350799 0.04799729
v 0.00944120 -0.00333612 0.04799729
v 0.01145414 -0.00641961 0.04799729
v 0.01588578 -0.00655438 0.04799729
v 0.01414262 -0.00981121 0.04799729
v 0.00926811 -0.00917987 0.04799729
v 0.01147648 -0.01285028 0.04799729
v 0.00637773 -0.01145575 0.04799729
v 0.00793120 -0.01534539 0.04799729
v 0.00301140 -0.01285809 0.04799729
v 0.00369133 -0.01690057 0.04799729
v -0.00073336 -0.01320330 0.04799729
v -0.00090926 -0.01729510 0.04799729
v -0.00528292 -0.01653680 0.04799729
v -0.00415609 -0.01260321 0.04799729
v -0.00920552 -0.01479217 0.04799729
v -0.00735445 -0.01123016 0.04799729
v -0.01258443 -0.01223358 0.04799729
v -0.01020906 -0.00913983 0.04799729
v -0.01529818 -0.00902996 0.04799729
v -0.01258223 -0.00648358 0.04799729
v -0.01728585 -0.00536004 0.04799729
v -0.01446309 -0.00342059 0.04799729
v -0.01845455 -0.00142938 0.04799729
v -0.01019319 -0.00389862 0.04799729
v -0.01204903 -0.00124774 0.04799729
v -0.00818282 -0.00166961 0.04799729
v -0.01002828 0.00081281 0.04799729
v -0.01176265 0.00348664 0.04799729
v -0.00971395 0.00547834 0.04799729
v -0.01374129 0.00616828 0.04799729
v -0.01160176 0.00846418 0.04799729
v -0.01612776 0.00858576 0.04799729
v -0.01771529 0.00570929 0.04799729
v -0.01386678 0.01135089 0.04799729
v -0.00905037 0.01051545 0.04799729
v -0.01097359 0.01386750 0.04799729
v -0.00606490 0.01197687 0.04799729
v -0.00748043 0.01576203 0.04799729
v -0.00921065 0.01974640 0.04799729
v -0.00455147 0.02132257 0.04799729
v -0.00935933 0.01965705 0.04462238
v -0.00353560 0.01688312 0.04799729
v 0.00063578 0.01713312 0.04799729
v -0.00276656 0.01270832 0.04799729
v 0.00059172 0.01271369 0.04799729
v 0.00384269 0.01196662 0.04799729
v 0.00037309 0.00847980 0.04799729
v 0.00290312 0.00780793 0.04799729
v 0.00529899 0.00661213 0.04799729
v 0.00197892 0.00421564 0.04799729
v 0.00388896 0.00331086 0.04799729
v 0.00751396 0.00471320 0.04799729
v 0.00580912 0.00165461 0.04799729
v 0.00768095 -0.00060516 0.04799729
v 0.00753007 -0.00582293 0.04799729
v 0.00509282 -0.00779559 0.04799729
v 0.00192509 -0.00553973 0.04799729
v 0.00237602 -0.00898114 0.04799729
v -0.00009432 -0.00554657 0.04799729
v -0.00050777 -0.00925262 0.04799729
v -0.00223372 -0.00516034 0.04799729
v -0.00320577 -0.00880096 0.04799729
v -0.00574434 -0.00780828 0.04799729
v -0.00433174 -0.00451629 0.04799729
v -0.00808882 -0.00620672 0.04799729
v -0.00621859 -0.00348260 0.04799729
v -0.00483345 -0.00116327 0.04799729
v -0.00320552 -0.00160614 0.04799729
v -0.00139669 -0.00193280 0.04799729
v -0.00235530 0.00151056 0.04799729
v -0.00060909 0.00134015 0.04799729
v -0.00214351 0.00500910 0.04799729
v 0.00001396 0.00473175 0.04799729
v -0.00226473 0.00871564 0.04799729
v -0.00488326 0.00830548 0.04799729
v -0.00743929 0.00720148 0.04799729
v 0.00114225 0.00107453 0.04799729
v 0.00040275 -0.00218084 0.04799729
v 0.00284306 0.00060236 0.04799729
v 0.00623320 0.02460627 0.02085803
v 0.00178471 0.02522589 0.02169733
v -0.00264046 0.02524884 0.02160343
v 0.00162761 0.02660431 0.02170526
v -0.00295394 0.02660431 0.02154233
v -0.00717708 0.02471271 0.02053191
v -0.00763179 0.02609015 0.02036169
v -0.01200594 0.02543488 0.01810030
v -0.00796151 0.02752619 0.02022627
v -0.01229012 0.02699591 0.01792448
v -0.01566451 0.02523664 0.01507102
v -0.01877120 0.02595441 0.01096473
v -0.01880416 0.02449640 0.01091430
v -0.01582430 0.02691535 0.01492697
v -0.01878719 0.02754572 0.01093741
v -0.02090181 0.02820441 0.00603443
v -0.02092281 0.02671613 0.00597286
v -0.01593856 0.02855597 0.01482447
v -0.01880867 0.02919660 0.01089462
v -0.02089266 0.02986359 0.00606623
v -0.02175240 0.02998468 0.00096314
v -0.02175045 0.02830207 0.00096039
v -0.01884554 0.03106476 0.01083775
v -0.02089302 0.03162189 0.00606667
v -0.02175325 0.03171125 0.00095568
v -0.02135359 0.03138214 -0.00411921
v -0.02089315 0.03361945 0.00601814
v -0.02175716 0.03375129 0.00094081
v -0.02134102 0.03348859 -0.00411280
v -0.01987203 0.03298468 -0.00884165
v -0.02134151 0.03577326 -0.00409197
v -0.01990462 0.03541925 -0.00876431
v -0.01757430 0.03503400 -0.01282135
v -0.01995711 0.03824640 -0.00867091
v -0.01768929 0.03795832 -0.01266146
v -0.01483980 0.03778791 -0.01589948
v -0.01780391 0.04110480 -0.01247038
v -0.01495552 0.04103107 -0.01579288
v -0.01134786 0.04112433 -0.01856251
v -0.01511080 0.04448078 -0.01566662
v -0.01141243 0.04451545 -0.01853702
v -0.00693050 0.04458527 -0.02063975
v -0.00686666 0.04126838 -0.02059984
v -0.01148433 0.04799836 -0.01852342
v -0.00697078 0.04799836 -0.02065199
v -0.00192952 0.04799836 -0.02172590
v -0.00583626 0.04799836 -0.01604948
v -0.00171163 0.04799836 -0.01666076
v 0.00252226 0.04799836 -0.01629534
v 0.00323759 0.04799836 -0.02155335
v -0.00159920 0.04799836 -0.01186716
v 0.00193132 0.04799836 -0.01134449
v 0.00528764 0.04799836 -0.01004165
v 0.00643913 0.04799836 -0.01500882
v -0.00172164 0.04799836 -0.00751604
v 0.00143791 0.04799836 -0.00686669
v 0.00461369 0.04799836 -0.00564381
v 0.00786650 0.04799836 -0.00412320
v 0.00833329 0.04799836 -0.00826750
v 0.00086088 0.04799836 -0.00298672
v 0.00401530 0.04799836 -0.00186878
v 0.00742253 0.04799836 -0.00040417
v 0.00314641 0.04799836 0.00151787
v 0.00659453 0.04799836 0.00306188
v 0.01163408 0.04799836 0.00132128
v 0.01156962 0.04799836 -0.00269400
v 0.01638310 0.04799836 -0.00174573
v 0.01635405 0.04799836 0.00284624
v 0.02175505 0.04799836 -0.00136911
v 0.02077263 0.04799836 -0.00664382
v 0.02141435 0.04799836 0.00417641
v 0.02175114 0.04470392 -0.00106163
v 0.02133207 0.04466486 0.00444016
v 0.02176030 0.04152472 -0.00077238
v 0.02123173 0.04143390 0.00467846
v 0.02178166 0.03865265 -0.00051262
v 0.02121135 0.03850031 0.00489409
v 0.02178044 0.03604914 -0.00027630
v 0.02102116 0.03597199 -0.00562345
v 0.02115336 0.03582355 0.00508630
v 0.02178495 0.03384113 -0.00006402
v 0.02108976 0.03371711 -0.00538503
v 0.02116179 0.03178986 -0.00515542
v 0.01927641 0.03125714 -0.01006248
v 0.01657036 0.03056476 -0.01412944
v 0.01941105 0.02944269 -0.00982924
v 0.01670598 0.02864533 -0.01395567
v 0.01328080 0.02863263 -0.01723997
v 0.01953019 0.02787922 -0.00958516
v 0.01685759 0.02702472 -0.01376326
v 0.01339567 0.02699006 -0.01711912
v 0.01349760 0.02535871 -0.01702650
v 0.00856352 0.02597882 -0.02000880
v 0.00865776 0.02750177 -0.01996585
v 0.00843986 0.02449738 -0.02006113
v 0.00319145 0.02514142 -0.02152239
v 0.00819975 0.02308136 -0.02017272
v 0.00299785 0.02378107 -0.02157252
v 0.00735319 0.02148175 -0.02051574
v 0.00268754 0.02233576 -0.02164464
v 0.00704423 0.02061213 -0.02137932
v 0.00259221 0.02165265 -0.02234256
v 0.00723222 0.02053839 -0.02290291
v 0.00264555 0.02162970 -0.02379012
v 0.00732792 0.02049933 -0.02435846
v 0.00268742 0.02160871 -0.02519068
v -0.00186470 0.02167170 -0.02525791
v 0.00269597 0.02160578 -0.02653605
v -0.00197786 0.02164728 -0.02659172
v -0.00639901 0.02078547 -0.02476560
v -0.00659505 0.02070441 -0.02615739
v -0.00207064 0.02162287 -0.02794684
v -0.00674227 0.02064679 -0.02751537
v -0.01101961 0.01872834 -0.02688308
v -0.01089302 0.01878547 -0.02533278
v -0.01444368 0.01624347 -0.02644575
v -0.01434981 0.01629474 -0.02466604
v -0.01722676 0.01327619 -0.02689505
v -0.01453829 0.01620099 -0.02824231
v -0.01726729 0.01322443 -0.02863175
v -0.01971614 0.00918732 -0.02960081
v -0.01729378 0.01317023 -0.03061122
v -0.01973470 0.00914386 -0.03141660
v -0.02132332 0.00437677 -0.03199045
v -0.01975655 0.00909357 -0.03339324
v -0.02132100 0.00435041 -0.03393659
v -0.02175215 -0.00074090 -0.03212596
v -0.02175167 -0.00075848 -0.03405981
v -0.02093404 -0.00583123 -0.03378992
v -0.02095418 -0.00584588 -0.03183218
v -0.01905159 -0.01046942 -0.03331146
v -0.01903377 -0.01052508 -0.03126894
v -0.01638350 -0.01432586 -0.03291026
v -0.01636556 -0.01433563 -0.03069877
v -0.01323506 -0.01729119 -0.03291631
v -0.01323885 -0.01728485 -0.03069313
v -0.00907405 -0.01976727 -0.03125046
v -0.00902217 -0.01976580 -0.03328766
v -0.00406429 -0.02138006 -0.03165234
v -0.00398922 -0.02137957 -0.03366754
v 0.00151237 -0.02168328 -0.03370787
v -0.00390462 -0.02139422 -0.03595691
v 0.00163871 -0.02167157 -0.03595382
v 0.00699675 -0.02060467 -0.03340617
v 0.00712761 -0.02056073 -0.03571108
v 0.01198015 -0.01818475 -0.03536566
v 0.01185112 -0.01826092 -0.03287077
v 0.01566411 -0.01512567 -0.03270516
v 0.01579118 -0.01498455 -0.03526068
v 0.01870500 -0.01109442 -0.03314405
v 0.01882621 -0.01092059 -0.03562921
v 0.02087663 -0.00610223 -0.03374266
v 0.02093205 -0.00592303 -0.03600960
v 0.02177128 -0.00078192 -0.03389919
v 0.02176347 -0.00089764 -0.03191392
v 0.02177433 -0.00062567 -0.03610448
v 0.02130278 0.00436798 -0.03363267
v 0.02133281 0.00427472 -0.03159659
v 0.01978056 0.00907111 -0.03312848
v 0.01979704 0.00903009 -0.03099028
v 0.01979899 0.00899054 -0.02911241
v 0.01740104 0.01304523 -0.03028327
v 0.01741032 0.01304279 -0.02823297
v 0.01738371 0.01303156 -0.02634208
v 0.01478947 0.01595929 -0.02784101
v 0.01476066 0.01593781 -0.02595809
v 0.01737358 0.01303498 -0.02461465
v 0.01477031 0.01594709 -0.02402441
v 0.01741154 0.01299933 -0.02293575
v 0.01473198 0.01596027 -0.02232328
v 0.01746061 0.01299152 -0.02123879
v 0.01468022 0.01604279 -0.02052488
v 0.01132438 0.01855841 -0.02138281
v 0.01116362 0.01868879 -0.01976598
v 0.01184037 0.01978351 -0.01828824
v 0.01148527 0.01846759 -0.02310403
v 0.01154435 0.01843195 -0.02481021
v 0.00736430 0.02047882 -0.02588641
v 0.01154692 0.01843488 -0.02647809
v 0.00737272 0.02047101 -0.02738675
v 0.00269658 0.02160089 -0.02788548
v 0.00735429 0.02047101 -0.02916964
v 0.00266020 0.02160627 -0.02963569
v -0.00217415 0.02162482 -0.02961312
v 0.00259721 0.02160822 -0.03141081
v -0.00227596 0.02163117 -0.03137771
v -0.00700008 0.02060236 -0.03106877
v -0.00688216 0.02061408 -0.02926337
v -0.01122689 0.01864923 -0.03060312
v -0.01113472 0.01868488 -0.02867341
v -0.01459151 0.01613410 -0.03027584
v -0.01464974 0.01608185 -0.03245849
v -0.01735128 0.01309015 -0.03269019
v -0.01470150 0.01604621 -0.03507255
v -0.01742293 0.01300666 -0.03531553
v -0.01979891 0.00901886 -0.03579499
v -0.01752596 0.01287336 -0.03814023
v -0.01985286 0.00891486 -0.03850462
v -0.02133077 0.00430451 -0.03617369
v -0.02134139 0.00424543 -0.03874969
v -0.02175276 -0.00077264 -0.03626861
v -0.02175386 -0.00077606 -0.03882381
v -0.02097115 -0.00576922 -0.03872473
v -0.02094649 -0.00580926 -0.03609767
v -0.01913387 -0.01035125 -0.03851174
v -0.01909285 -0.01041961 -0.03578873
v -0.01645516 -0.01421942 -0.03825918
v -0.01641683 -0.01428534 -0.03542959
v -0.01317330 -0.01733563 -0.03822797
v -0.01320247 -0.01730780 -0.03543000
v -0.00897176 -0.01979705 -0.03572055
v -0.00889571 -0.01983123 -0.03843258
v -0.00380550 -0.02142596 -0.03858640
v -0.00880916 -0.01984881 -0.04143185
v -0.00370186 -0.02143328 -0.04149985
v 0.00176848 -0.02167352 -0.03858271
v 0.00188102 -0.02164862 -0.04148415
v 0.00725822 -0.02052362 -0.03842209
v 0.00738066 -0.02046307 -0.04137559
v 0.01208427 -0.01810321 -0.03817910
v 0.01222197 -0.01799041 -0.04122672
v 0.01592057 -0.01481073 -0.03810520
v 0.01611345 -0.01459881 -0.04119567
v 0.01897697 -0.01065643 -0.03838242
v 0.01914201 -0.01033807 -0.04135425
v 0.02101140 -0.00567791 -0.03864157
v 0.02109648 -0.00535125 -0.04151632
v 0.02178166 -0.00041864 -0.03870280
v 0.02176420 -0.00015008 -0.04156338
v 0.02126262 0.00460968 -0.03856414
v 0.02128239 0.00447834 -0.03589664
v 0.02121037 0.00478791 -0.04146533
v 0.01973417 0.00920881 -0.04130517
v 0.01974040 0.00917463 -0.03832382
v 0.01975810 0.00913068 -0.03553979
v 0.01744145 0.01299543 -0.03802494
v 0.01742460 0.01302570 -0.03515181
v 0.01741142 0.01303498 -0.03250469
v 0.01473991 0.01603547 -0.03496969
v 0.01475554 0.01600714 -0.03229624
v 0.01475724 0.01596564 -0.02996934
v 0.01152458 0.01847199 -0.03037744
v 0.01153300 0.01845783 -0.02836167
v 0.00732011 0.02048175 -0.03104516
v 0.01148649 0.01849738 -0.03260319
v 0.00725859 0.02050422 -0.03316075
v 0.00251823 0.02161066 -0.03348019
v 0.00717363 0.02053351 -0.03553097
v 0.00241203 0.02162043 -0.03573055
v -0.00238484 0.02161066 -0.03346235
v -0.00248860 0.02159748 -0.03571943
v -0.00720333 0.02053009 -0.03553058
v -0.00710909 0.02056330 -0.03319214
v -0.01134871 0.01856916 -0.03524383
v -0.01128719 0.01859308 -0.03273672
v -0.01139376 0.01853742 -0.03807960
v -0.01475081 0.01596808 -0.03794553
v -0.01142379 0.01848175 -0.04117634
v -0.01482979 0.01588410 -0.04112090
v -0.01763289 0.01272882 -0.04121502
v -0.01494136 0.01581818 -0.04452427
v -0.01778450 0.01256574 -0.04458068
v -0.01989595 0.00879718 -0.04141875
v -0.01999764 0.00866437 -0.04467284
v -0.02133467 0.00417560 -0.04158336
v -0.02137435 0.00412287 -0.04474584
v -0.02173445 -0.00077118 -0.04165832
v -0.02174910 -0.00074823 -0.04477535
v -0.02104525 -0.00562469 -0.04475006
v -0.02096993 -0.00570037 -0.04158585
v -0.01928731 -0.01014178 -0.04469054
v -0.01918001 -0.01025360 -0.04146156
v -0.01661031 -0.01405633 -0.04462623
v -0.01651168 -0.01414129 -0.04133147
v -0.01311898 -0.01737518 -0.04462482
v -0.01313582 -0.01734881 -0.04132270
v -0.00874507 -0.01992059 -0.04467091
v -0.01312313 -0.01739764 -0.04800271
v -0.00867989 -0.02000067 -0.04800271
v -0.00360506 -0.02149090 -0.04470360
v -0.00349642 -0.02151287 -0.04800271
v 0.00198198 -0.02169061 -0.04469398
v 0.00207219 -0.02171795 -0.04800271
v 0.00750224 -0.02044452 -0.04464464
v 0.00760771 -0.02042596 -0.04800271
v 0.01238884 -0.01790741 -0.04457773
v 0.01257341 -0.01781024 -0.04800271
v 0.01637761 -0.01434344 -0.04456898
v 0.01667509 -0.01405731 -0.04800271
v 0.01939750 -0.00994647 -0.04464500
v 0.01963640 -0.00946112 -0.04800271
v 0.02121562 -0.00491766 -0.04471250
v 0.02136296 -0.00441717 -0.04800271
v 0.02177324 0.00020734 -0.04472682
v 0.02179057 0.00063800 -0.04800271
v 0.02120231 0.00502228 -0.04468484
v 0.02115690 0.00523664 -0.04800271
v 0.01974455 0.00922638 -0.04462056
v 0.01974504 0.00922785 -0.04800271
v 0.01757805 0.01288459 -0.04800271
v 0.01751225 0.01293097 -0.04453839
v 0.01745598 0.01296808 -0.04115485
v 0.01463041 0.01612433 -0.04450048
v 0.01464958 0.01608673 -0.04108262
v 0.01468815 0.01604425 -0.03787256
v 0.01130046 0.01861457 -0.03801237
v 0.01141276 0.01854084 -0.03518862
v 0.00704460 0.02057502 -0.03825199
v 0.01116679 0.01867267 -0.04116649
v 0.00688688 0.02059259 -0.04129431
v 0.00228752 0.02164240 -0.03840455
v 0.00213591 0.02164631 -0.04137432
v -0.00260128 0.02159797 -0.03840528
v -0.00273506 0.02157453 -0.04137145
v -0.00728987 0.02050959 -0.03827867
v -0.00736995 0.02046027 -0.04129100
v -0.00289522 0.02159455 -0.04463310
v -0.00746883 0.02045050 -0.04459520
v -0.01147750 0.01848957 -0.04454508
v -0.00757283 0.02043244 -0.04800271
v -0.01150020 0.01850959 -0.04800271
v -0.01507906 0.01573859 -0.04800271
v -0.00940279 0.01437629 -0.04800271
v -0.01795223 0.01236945 -0.04800271
v -0.02007686 0.00850959 -0.04800271
v -0.01580867 0.00665119 -0.04800271
v -0.02142183 0.00407355 -0.04800271
v -0.01686031 0.00316925 -0.04800271
v -0.02177974 -0.00070575 -0.04800271
v -0.01717049 -0.00056610 -0.04800271
v -0.01669088 -0.00434149 -0.04800271
v -0.02107711 -0.00552703 -0.04800271
v -0.01938082 -0.00998504 -0.04800271
v -0.01673397 -0.01398358 -0.04800271
v -0.01069332 -0.01349334 -0.04800271
v -0.01268465 -0.00061834 -0.04800271
v -0.01230196 -0.00349530 -0.04800271
v -0.00845186 -0.00082391 -0.04800271
v -0.00836544 -0.00354119 -0.04800271
v -0.00526961 -0.00397918 -0.04800271
v -0.00523726 -0.00102606 -0.04800271
v -0.00247713 -0.00106903 -0.04800271
v -0.00521419 0.00193586 -0.04800271
v -0.00250875 0.00213263 -0.04800271
v 0.00001957 0.00239826 -0.04800271
v 0.00010453 -0.00092303 -0.04800271
v -0.00514888 0.00488703 -0.04800271
v -0.00251729 0.00534211 -0.04800271
v 0.00009648 0.00573664 -0.04800271
v 0.00255266 0.00587580 -0.04800271
v 0.00231913 0.00259504 -0.04800271
v -0.00247701 0.00892804 -0.04800271
v 0.00033635 0.00928205 -0.04800271
v 0.00308622 0.00914338 -0.04800271
v 0.00575334 0.00852912 -0.04800271
v 0.00072831 0.01302814 -0.04800271
v 0.00396830 0.01276300 -0.04800271
v 0.00711454 0.01176593 -0.04800271
v 0.00998515 0.01014972 -0.04800271
v 0.00514067 0.01663410 -0.04800271
v 0.00885734 0.01521418 -0.04800271
v 0.01210551 0.01316535 -0.04800271
v 0.01475529 0.01057355 -0.04800271
v 0.01091044 0.01886750 -0.04800271
v 0.01462968 0.01615314 -0.04800271
v 0.01104057 0.01876007 -0.04455113
v 0.00671660 0.02070929 -0.04460811
v 0.00652128 0.02081134 -0.04800271
v 0.00195182 0.02169806 -0.04463873
v 0.00173954 0.02173078 -0.04800271
v -0.00304598 0.02157599 -0.04800271
v 0.00120292 0.01720050 -0.04800271
v -0.00266744 0.01690851 -0.04800271
v -0.00627327 0.01589875 -0.04800271
v -0.00248360 0.01270441 -0.04800271
v -0.00553353 0.01184699 -0.04800271
v -0.00519149 0.00812726 -0.04800271
v -0.00801363 0.00467951 -0.04800271
v -0.00831954 0.00194953 -0.04800271
v -0.01160189 0.00516632 -0.04800271
v -0.01242061 0.00238605 -0.04800271
v 0.01226005 0.00788996 -0.04800271
v 0.01400041 0.00552179 -0.04800271
v 0.01028788 0.00523957 -0.04800271
v 0.00826616 0.00729132 -0.04800271
v 0.01670903 0.00766095 -0.04800271
v 0.01190800 0.00301203 -0.04800271
v 0.01006974 0.00055597 -0.04800271
v 0.00795305 -0.00166327 -0.04800271
v 0.01168168 -0.00189715 -0.04800271
v 0.00945085 -0.00458123 -0.04800271
v 0.00679948 -0.00664666 -0.04800271
v 0.00559550 -0.00315692 -0.04800271
v 0.01379081 -0.00454119 -0.04800271
v 0.01144621 -0.00775067 -0.04800271
v 0.00841960 -0.01023358 -0.04800271
v 0.00490849 -0.01177313 -0.04800271
v 0.00387382 -0.00776678 -0.04800271
v 0.01383879 -0.01086395 -0.04800271
v 0.01032341 -0.01391864 -0.04800271
v 0.00610173 -0.01596161 -0.04800271
v 0.00161650 -0.01686346 -0.04800271
v 0.00118681 -0.01235711 -0.04800271
v -0.00250655 -0.01212371 -0.04800271
v 0.00073198 -0.00813641 -0.04800271
v -0.00289205 -0.01666864 -0.04800271
v -0.00707930 -0.01549676 -0.04800271
v -0.00595845 -0.01115252 -0.04800271
v -0.00540145 -0.00719403 -0.04800271
v -0.00236763 -0.00793768 -0.04800271
v 0.00038530 -0.00437371 -0.04800271
v 0.00308281 -0.00401434 -0.04800271
v 0.00257121 -0.00069256 -0.04800271
v 0.00482621 -0.00023504 -0.04800271
v -0.00242488 -0.00434051 -0.04800271
v 0.01645195 -0.00699041 -0.04800271
v 0.01801457 -0.00287274 -0.04800271
v 0.01703813 0.02549298 -0.01353589
v 0.01967131 0.02640412 -0.00929671
v 0.01981462 0.02507062 -0.00900442
v 0.02131779 0.02710382 -0.00445085
v 0.02136540 0.02582111 -0.00420970
v 0.02000016 0.02375422 -0.00860982
v 0.02142338 0.02462287 -0.00393322
v 0.02018815 0.02250861 -0.00815478
v 0.01811943 0.02102912 -0.01207447
v 0.02148198 0.02340851 -0.00362819
v 0.02041948 0.02116877 -0.00759880
v 0.01861552 0.01944269 -0.01132817
v 0.01958818 0.01867023 -0.01122304
v 0.02121232 0.02045978 -0.00745702
v 0.02110124 0.01843879 -0.01156129
v 0.02007328 0.01612287 -0.01462279
v 0.02072050 0.01288898 -0.01755162
v 0.02170793 0.01589679 -0.01482970
v 0.02234538 0.01283869 -0.01756655
v 0.02389140 0.00837140 -0.02010008
v 0.02257792 0.00831037 -0.02012802
v 0.02329020 0.01574640 -0.01498424
v 0.02403410 0.01275617 -0.01761767
v 0.02528715 0.00836847 -0.02009528
v 0.02606120 0.00344660 -0.02150401
v 0.02554008 0.01267121 -0.01767209
v 0.02662004 0.00835041 -0.02009978
v 0.02731804 0.00343732 -0.02150470
v 0.02730607 -0.00152996 -0.02168813
v 0.02607194 -0.00145037 -0.02170882
v 0.02819560 0.00830939 -0.02011223
v 0.02871635 0.00341242 -0.02150753
v 0.02862870 -0.00160321 -0.02167444
v 0.02807280 -0.00650897 -0.02070846
v 0.03031962 0.00336506 -0.02151759
v 0.03028056 -0.00168817 -0.02168874
v 0.02982280 -0.00662860 -0.02070955
v 0.02914091 -0.01109100 -0.01870967
v 0.03163725 -0.00670428 -0.02070225
v 0.03107328 -0.01113787 -0.01867905
v 0.03065336 -0.01471942 -0.01604657
v 0.03311528 -0.01117498 -0.01865952
v 0.03281328 -0.01474969 -0.01602275
v 0.03299980 -0.01760174 -0.01277421
v 0.03539091 -0.01476434 -0.01600384
v 0.03556328 -0.01765008 -0.01272055
v 0.03600126 -0.02004119 -0.00845109
v 0.03821232 -0.01478192 -0.01596136
v 0.03836223 -0.01769891 -0.01265291
v 0.03867167 -0.02007293 -0.00839927
v 0.03887907 -0.02148065 -0.00352778
v 0.03890825 -0.02170330 0.00158271
v 0.04171843 -0.02167938 0.00156880
v 0.04162663 -0.02075604 0.00646754
v 0.04477299 -0.02082049 0.00642813
v 0.04470695 -0.01887078 0.01088909
v 0.04800395 -0.02086639 0.00636956
v 0.04800395 -0.01890887 0.01084064
v 0.04800395 -0.01513446 0.00881497
v 0.04800395 -0.01291668 0.01207009
v 0.03564238 -0.01121112 -0.01864886
v 0.03839579 -0.01121893 -0.01864964
v 0.03595158 -0.00681854 -0.02066179
v 0.03863249 -0.00686004 -0.02065880
v 0.03620060 -0.00194207 -0.02167795
v 0.03878947 -0.00203338 -0.02167245
v 0.03880180 0.00296173 -0.02157985
v 0.04164299 0.00280304 -0.02158175
v 0.04163298 -0.00212176 -0.02163936
v 0.03623515 0.00309650 -0.02156411
v 0.03597209 0.00790509 -0.02025899
v 0.03398454 0.00320685 -0.02154867
v 0.03362333 0.00803986 -0.02019545
v 0.03300175 0.01227814 -0.01793373
v 0.03166288 0.00815998 -0.02016185
v 0.03094548 0.01239093 -0.01786819
v 0.03276274 0.01549054 -0.01533121
v 0.03055327 0.01554816 -0.01526374
v 0.02897099 0.01247541 -0.01781113
v 0.02857780 0.01559064 -0.01520212
v 0.02896428 0.01804523 -0.01213274
v 0.03090495 0.01804181 -0.01215545
v 0.02719792 0.01805011 -0.01208941
v 0.02793510 0.02017853 -0.00799416
v 0.02965458 0.02019269 -0.00801308
v 0.02644572 0.02019318 -0.00794565
v 0.02714457 0.02146759 -0.00328800
v 0.02854203 0.02145490 -0.00326835
v 0.02589531 0.02148615 -0.00330208
v 0.02616960 0.02172589 0.00152361
v 0.02740287 0.02171418 0.00165686
v 0.02504081 0.02173957 0.00137095
v 0.02458305 0.02084894 0.00624233
v 0.02332036 0.02094318 0.00591310
v 0.02186406 0.01902472 0.01055552
v 0.02320524 0.01879572 0.01093063
v 0.02058537 0.01597687 0.01475920
v 0.02202934 0.02106086 0.00553521
v 0.02255375 0.02176007 0.00104521
v 0.02113701 0.02150666 0.00528536
v 0.02382097 0.02175031 0.00120733
v 0.02177031 0.02226007 0.00091565
v 0.02107780 0.02272052 0.00541865
v 0.01935319 0.02097004 0.00995978
v 0.02176738 0.02346613 0.00085327
v 0.02104741 0.02399152 0.00550905
v 0.01925956 0.02237677 0.01010683
v 0.01921708 0.02383088 0.01017072
v 0.01663945 0.02232502 0.01399093
v 0.01665690 0.02047736 0.01399548
v 0.01664055 0.02409357 0.01397255
v 0.01395280 0.02399347 0.01665994
v 0.01390959 0.02208478 0.01670572
v 0.01047087 0.02323273 0.01907665
v 0.01036345 0.02143000 0.01916071
v 0.01049821 0.02493000 0.01906088
v 0.00618498 0.02606672 0.02086337
v 0.01044926 0.02664386 0.01908974
v 0.00611601 0.02756037 0.02087789
v 0.00146159 0.02800031 0.02171318
v 0.00600248 0.02930011 0.02090715
v 0.00125297 0.02971906 0.02172938
v -0.00325740 0.02792072 0.02147143
v -0.00358419 0.02963459 0.02142818
v -0.00828939 0.02922345 0.02010552
v -0.00387215 0.03137043 0.02140296
v -0.00857051 0.03103156 0.02001978
v -0.01250765 0.02870050 0.01779909
v -0.01267989 0.03056623 0.01766161
v -0.01603670 0.03049103 0.01471587
v -0.01284749 0.03263361 0.01753826
v -0.01614876 0.03257062 0.01459143
v -0.01890255 0.03305939 0.01073882
v -0.01626229 0.03516632 0.01445916
v -0.01897713 0.03553156 0.01062493
v -0.02091548 0.03588996 0.00594352
v -0.02176070 0.03597394 0.00090473
v -0.01907796 0.03830109 0.01045094
v -0.02095931 0.03853400 0.00582791
v -0.02176155 0.03859699 0.00084618
v -0.02135555 0.03847150 -0.00407406
v -0.02099483 0.04143879 0.00565383
v -0.02175191 0.04149347 0.00074822
v -0.02132576 0.04140851 -0.00407354
v -0.02000508 0.04126447 -0.00852930
v -0.02175948 0.04469416 0.00057654
v -0.02138765 0.04465314 -0.00407389
v -0.02011629 0.04459308 -0.00837610
v -0.01800679 0.04452375 -0.01225567
v -0.02021065 0.04799836 -0.00819200
v -0.01822786 0.04799836 -0.01197275
v -0.01531417 0.04799836 -0.01552975
v -0.01539827 0.04799836 -0.00964358
v -0.01292098 0.04799836 -0.01243908
v -0.00963057 0.04799836 -0.01467290
v -0.00832186 0.04799836 -0.01088789
v -0.01714339 0.04799836 -0.00662088
v -0.01438082 0.04799836 -0.00504348
v -0.01835933 0.04799836 -0.00333668
v -0.01561360 0.04799836 -0.00245533
v -0.01282735 0.04799836 -0.00125708
v -0.01159835 0.04799836 -0.00344234
v -0.00989376 0.04799836 0.00023300
v -0.00874178 0.04799836 -0.00213905
v -0.00706026 0.04799836 0.00147684
v -0.00589522 0.04799836 -0.00125060
v -0.00513484 0.04799836 -0.00410890
v -0.00218807 0.04799836 -0.00370804
v -0.00482454 0.04799836 -0.00763767
v -0.00302303 0.04799836 -0.00049757
v -0.00418184 0.04799836 0.00248504
v -0.00120162 0.04799836 0.00346749
v -0.00001204 0.04799836 0.00035459
v 0.00186393 0.04799836 0.00463736
v 0.00005632 0.04799836 0.00762313
v 0.00310515 0.04799836 0.00912185
v 0.00515202 0.04799836 0.00621539
v 0.00645781 0.04799836 0.01126922
v 0.00891960 0.04799836 0.00838185
v 0.01076677 0.04799836 0.00504102
v 0.00973222 0.04799836 0.01413191
v 0.01282499 0.04799836 0.01099885
v 0.01513774 0.04799836 0.00717267
v 0.01963432 0.04799836 0.00946080
v 0.01675309 0.04799836 0.01396717
v 0.01957682 0.04459015 0.00958379
v 0.01675224 0.04451105 0.01388551
v 0.01947880 0.04126496 0.00969514
v 0.01674321 0.04110285 0.01385824
v 0.01942558 0.03822541 0.00981720
v 0.01674089 0.03792609 0.01388307
v 0.01935453 0.03542316 0.00992208
v 0.01672709 0.03500519 0.01389794
v 0.01929802 0.03291291 0.01000382
v 0.02111454 0.03349347 0.00523652
v 0.01671574 0.03234748 0.01393087
v 0.01927006 0.03076105 0.01010677
v 0.02109013 0.03143976 0.00536427
v 0.02177800 0.03183283 0.00012815
v 0.02103679 0.02966291 0.00546050
v 0.02177165 0.03012140 0.00029238
v 0.02121818 0.03009455 -0.00492546
v 0.02176664 0.02850617 0.00044166
v 0.02127153 0.02849640 -0.00468580
v 0.02176384 0.02715461 0.00056237
v 0.02100395 0.02786603 0.00550190
v 0.02101884 0.02648810 0.00552342
v 0.02176457 0.02589484 0.00066924
v 0.02103447 0.02520197 0.00552920
v 0.02176603 0.02469367 0.00076049
v 0.01917656 0.02690998 0.01017383
v 0.01916545 0.02535431 0.01020970
v 0.01920353 0.02881427 0.01015102
v 0.01669731 0.02795978 0.01394554
v 0.01665849 0.02597297 0.01397177
v 0.01396110 0.02779377 0.01667264
v 0.01397770 0.02584015 0.01664601
v 0.01039201 0.02852716 0.01912480
v 0.01392509 0.02996564 0.01671668
v 0.01029680 0.03053937 0.01917550
v 0.00584233 0.03117609 0.02095272
v 0.01014470 0.03274884 0.01924139
v 0.00562809 0.03330451 0.02100327
v 0.00101738 0.03145343 0.02174819
v 0.00073564 0.03353009 0.02175920
v -0.00416817 0.03343341 0.02132845
v 0.00041752 0.03578351 0.02176434
v -0.00447628 0.03572394 0.02126795
v -0.00881758 0.03307648 0.01991370
v -0.00906697 0.03548615 0.01979510
v -0.01302547 0.03518000 0.01740573
v -0.00931380 0.03820783 0.01967066
v -0.01318538 0.03800568 0.01729375
v -0.01636898 0.03802082 0.01431590
v -0.01331636 0.04111115 0.01715689
v -0.01650508 0.04112433 0.01414211
v -0.01917842 0.04128791 0.01024842
v -0.01669649 0.04453498 0.01396541
v -0.01934969 0.04460334 0.01001660
v -0.02108651 0.04467170 0.00542526
v -0.01949935 0.04799836 0.00972963
v -0.02117195 0.04799836 0.00514420
v -0.02179671 0.04799836 0.00035580
v -0.02142305 0.04799836 -0.00407033
v -0.01847969 0.04799836 0.00405136
v -0.01889095 0.04799836 0.00016302
v -0.01684737 0.04799836 0.00799602
v -0.01435030 0.04799836 0.01138737
v -0.01217012 0.04799836 0.00906796
v -0.01691097 0.04799836 0.01377229
v -0.01361849 0.04799836 0.01702530
v -0.01141878 0.04799836 0.01399421
v -0.01347713 0.04452423 0.01709023
v -0.00969185 0.04457502 0.01948287
v -0.00983675 0.04799836 0.01944939
v -0.00951058 0.04124250 0.01955403
v -0.00517440 0.04133820 0.02109946
v -0.00551058 0.04462433 0.02105529
v -0.00481429 0.03837775 0.02120918
v 0.00004277 0.03843830 0.02178350
v -0.00040438 0.04138849 0.02176630
v 0.00455974 0.04133820 0.02124922
v 0.00406096 0.04462043 0.02139814
v -0.00092476 0.04463947 0.02175914
v 0.00499308 0.03833918 0.02118224
v 0.00964018 0.03810675 0.01948789
v 0.00929863 0.04122589 0.01963536
v 0.00534782 0.03561847 0.02108937
v 0.00994059 0.03530793 0.01935700
v 0.01375078 0.03497248 0.01687886
v 0.01362126 0.03786945 0.01698258
v 0.01385331 0.03229816 0.01679632
v 0.01669890 0.03006330 0.01395847
v 0.01343046 0.04109504 0.01712521
v 0.01320988 0.04450910 0.01730588
v 0.00891264 0.04456818 0.01984411
v 0.01297050 0.04799836 0.01751187
v 0.00848039 0.04799836 0.02009460
v 0.00347795 0.04799836 0.02151232
v 0.00602470 0.04799836 0.01652126
v -0.00152498 0.04799836 0.02174037
v -0.00583687 0.04799836 0.02099941
v -0.00494319 0.04799836 0.01733608
v -0.00823067 0.04799836 0.01594557
v -0.00647798 0.04799836 0.01270310
v -0.00937801 0.04799836 0.01112231
v -0.00743257 0.04799836 0.00823384
v -0.01019869 0.04799836 0.00658376
v -0.00851522 0.04799836 0.00408489
v -0.00567855 0.04799836 0.00537096
v -0.00462032 0.04799836 0.00953865
v -0.00277547 0.04799836 0.00646885
v -0.00368502 0.04799836 0.01394291
v -0.00186861 0.04799836 0.01068874
v -0.00505757 0.04799836 -0.01168836
v 0.02153129 0.02213849 -0.00335189
v 0.02225834 0.02153693 -0.00324853
v 0.02352421 0.02151593 -0.00329825
v 0.02250944 0.02036457 -0.00765790
v 0.02475065 0.02149933 -0.00330885
v 0.02387504 0.02029279 -0.00782409
v 0.02260600 0.01828498 -0.01178352
v 0.02516227 0.02022931 -0.00789371
v 0.02404155 0.01818195 -0.01190133
v 0.02555595 0.01808478 -0.01202043
v 0.02498515 0.01569806 -0.01504867
v 0.02677580 0.01564386 -0.01512372
v 0.02726054 0.01257355 -0.01774760
v 0.02981840 0.00824054 -0.02014248
v 0.03205278 0.00329718 -0.02153210
v 0.03201530 -0.00177362 -0.02169779
v 0.03396794 -0.00185760 -0.02168093
v 0.03363627 -0.00676922 -0.02067357
v 0.02737809 -0.01104119 -0.01872050
v 0.02671537 -0.00641473 -0.02075625
v 0.00969413 0.04799836 -0.01306747
v 0.01238310 0.04799836 -0.01795277
v 0.00811662 0.04799836 -0.02024480
v 0.00823747 0.04460382 -0.02014915
v 0.00332878 0.04463996 -0.02153466
v 0.00340617 0.04138214 -0.02146779
v -0.00183040 0.04137629 -0.02168137
v -0.00188790 0.04463605 -0.02170619
v -0.00178511 0.03840363 -0.02169362
v -0.00683101 0.03822345 -0.02064757
v -0.01130440 0.03794464 -0.01861214
v -0.01125630 0.03509601 -0.01863710
v -0.01477669 0.03485382 -0.01600052
v -0.01468306 0.03215656 -0.01606718
v -0.01742147 0.03005597 -0.01301115
v -0.01748860 0.03236213 -0.01292830
v -0.01737569 0.02790509 -0.01307812
v -0.01981124 0.02880256 -0.00894523
v -0.01984932 0.03076105 -0.00889559
v -0.01978597 0.02693537 -0.00895654
v -0.02131697 0.02785285 -0.00407830
v -0.02132588 0.02956916 -0.00410631
v -0.02134969 0.02648078 -0.00402502
v -0.02175338 0.02696613 0.00094505
v -0.02175496 0.02563605 0.00092845
v -0.02095394 0.02533576 0.00587679
v -0.02099202 0.02410578 0.00574878
v -0.02105587 0.02270148 0.00552245
v -0.01919612 0.02145295 0.01023854
v -0.02114461 0.02142658 0.00524864
v -0.01950630 0.01989142 0.00969175
v -0.02072774 0.01936994 0.00994699
v -0.02231002 0.02107599 0.00546018
v -0.02218282 0.01915754 0.01032837
v -0.02080965 0.01640754 0.01427632
v -0.02265499 0.01623566 0.01443634
v -0.02134774 0.01280695 0.01760726
v -0.02310628 0.01280256 0.01758059
v -0.02319039 0.00781720 0.02030353
v -0.02178853 0.00763117 0.02039008
v -0.02458846 0.00795343 0.02023842
v -0.02422103 0.00236896 0.02166278
v -0.02548397 0.00245099 0.02164114
v -0.02602803 0.00805109 0.02018731
v -0.02681087 0.00251545 0.02162527
v -0.02668380 -0.00313299 0.02153005
v -0.02539901 -0.00308905 0.02154341
v -0.02805538 -0.00316034 0.02151087
v -0.02741255 -0.00877655 0.01985058
v -0.02584737 -0.00877118 0.01986595
v -0.02658297 -0.01350164 0.01703531
v -0.02473360 -0.01355194 0.01698400
v -0.02656710 -0.01699139 0.01358987
v -0.02849300 -0.01698260 0.01361017
v -0.02928792 -0.01983514 0.00887923
v -0.03057601 -0.01696502 0.01362933
v -0.03120870 -0.01983221 0.00891415
v -0.03171773 -0.02154657 0.00318604
v -0.03331478 -0.01980975 0.00893994
v -0.03377254 -0.02153289 0.00321645
v -0.03181551 -0.02160077 -0.00280482
v -0.03385164 -0.02158661 -0.00282017
v -0.03355452 -0.02005340 -0.00840811
v -0.03149385 -0.02006024 -0.00836874
v -0.03315255 -0.01744061 -0.01297403
v -0.03098934 -0.01747039 -0.01294491
v -0.03093990 -0.01433368 -0.01638750
v -0.03312520 -0.01424823 -0.01645157
v -0.03147029 -0.01035077 -0.01911889
v -0.03350313 -0.01022772 -0.01919532
v -0.03196541 -0.00543621 -0.02106692
v -0.03394246 -0.00533953 -0.02108139
v -0.03214766 -0.00012811 -0.02178869
v -0.03409322 -0.00004803 -0.02178531
v -0.03388546 0.00520636 -0.02111425
v -0.03190401 0.00514972 -0.02113647
v -0.03338790 0.01003058 -0.01930609
v -0.03136116 0.01002228 -0.01930495
v -0.02947127 0.00999933 -0.01931294
v -0.03084297 0.01396857 -0.01666097
v -0.02883211 0.01395881 -0.01667288
v -0.02707222 0.01395050 -0.01667598
v -0.02706124 0.01704084 -0.01353299
v -0.02536702 0.01699396 -0.01357596
v -0.02618489 0.01965119 -0.00923071
v -0.02481722 0.01970246 -0.00916394
v -0.02384957 0.01699006 -0.01359433
v -0.02559102 0.02137140 -0.00406680
v -0.02437508 0.02138947 -0.00398855
v -0.02684688 0.02134699 -0.00413782
v -0.02565901 0.02174494 0.00097601
v -0.02443660 0.02175373 0.00094058
v -0.02499581 0.02092316 0.00592057
v -0.02369503 0.02098273 0.00573982
v -0.02636422 0.02086847 0.00608107
v -0.02527376 0.01884650 0.01078255
v -0.02373226 0.01897736 0.01059503
v -0.02689315 0.01875666 0.01092465
v -0.02639180 0.01605939 0.01463818
v -0.02456234 0.01612433 0.01455498
v -0.02488130 0.01280500 0.01755439
v -0.02659786 0.01276056 0.01758618
v -0.02752291 0.00808673 0.02016392
v -0.02850630 0.01267951 0.01766675
v -0.02932613 0.00808625 0.02017571
v -0.02808821 0.00256281 0.02160902
v -0.02986019 0.00260334 0.02161634
v -0.03121163 0.00807111 0.02019054
v -0.03162593 0.00262677 0.02162406
v -0.03161129 -0.00315252 0.02154534
v -0.02981588 -0.00317108 0.02152229
v -0.03116072 -0.00872772 0.01990776
v -0.02923152 -0.00878973 0.01987425
v -0.03057405 -0.01339959 0.01713261
v -0.02849703 -0.01345916 0.01708167
v -0.03278646 -0.01332782 0.01718101
v -0.03279293 -0.01695916 0.01364285
v -0.03543880 -0.01693524 0.01366854
v -0.03581185 -0.01981903 0.00895770
v -0.03829305 -0.01690496 0.01370016
v -0.03856880 -0.01982489 0.00896805
v -0.03612447 -0.02153289 0.00323220
v -0.03877596 -0.02153875 0.00323676
v -0.03616890 -0.02158563 -0.00283993
v -0.03880684 -0.02158514 -0.00285932
v -0.03867366 -0.02004510 -0.00849315
v -0.03596370 -0.02005340 -0.00844926
v -0.03848970 -0.01735467 -0.01310163
v -0.03570076 -0.01740496 -0.01302172
v -0.03571407 -0.01413641 -0.01654278
v -0.03849776 -0.01398993 -0.01666397
v -0.03602144 -0.01007684 -0.01928966
v -0.03874813 -0.00986248 -0.01940339
v -0.03627437 -0.00520282 -0.02112150
v -0.03891036 -0.00502850 -0.02117628
v -0.03636580 0.00004572 -0.02178902
v -0.03893758 0.00015656 -0.02178657
v -0.03619832 0.00524689 -0.02111253
v -0.03882466 0.00528156 -0.02110708
v -0.03860591 0.00999006 -0.01934289
v -0.03587618 0.01001886 -0.01932319
v -0.03838436 0.01395881 -0.01666099
v -0.03557332 0.01397443 -0.01666955
v -0.03300020 0.01397004 -0.01666067
v -0.03302376 0.01710578 -0.01346846
v -0.03087593 0.01708234 -0.01349139
v -0.03137007 0.01967072 -0.00928262
v -0.02947469 0.01964679 -0.00928216
v -0.02886373 0.01706134 -0.01351574
v -0.02996773 0.02133576 -0.00421631
v -0.02820284 0.02132648 -0.00418602
v -0.02773543 0.01963800 -0.00925636
v -0.02825630 0.02171955 0.00107369
v -0.02693978 0.02173322 0.00102262
v -0.02994747 0.02173029 0.00112486
v -0.02952401 0.02078449 0.00633749
v -0.02771138 0.02080402 0.00621581
v -0.03133614 0.02078791 0.00641228
v -0.03072505 0.01872248 0.01106890
v -0.02874337 0.01873615 0.01100303
v -0.03025838 0.01598761 0.01474745
v -0.02817183 0.01602521 0.01470988
v -0.03054183 0.01260871 0.01771272
v -0.03255245 0.01593488 0.01480452
v -0.03276070 0.01253302 0.01775994
v -0.03333760 0.00804084 0.02021152
v -0.03539742 0.01247638 0.01781292
v -0.03576412 0.00800373 0.02023494
v -0.03369149 0.00265558 0.02161620
v -0.03602632 0.00269025 0.02161274
v -0.03600838 -0.00303289 0.02155119
v -0.03368416 -0.00310418 0.02154014
v -0.03573970 -0.00855194 0.01999912
v -0.03328609 -0.00864618 0.01993849
v -0.03849898 -0.00841571 0.02006991
v -0.03827425 -0.01313348 0.01732549
v -0.03542208 -0.01322918 0.01724726
v -0.04134249 -0.01299530 0.01740173
v -0.04138814 -0.01686346 0.01374732
v -0.04465938 -0.01683026 0.01381877
v -0.04156746 -0.01981854 0.00896902
v -0.04473580 -0.01982635 0.00897690
v -0.04168587 -0.02153582 0.00322932
v -0.04478939 -0.02154119 0.00320972
v -0.04167781 -0.02155584 -0.00288708
v -0.04478792 -0.02157928 -0.00292943
v -0.04158516 -0.02000457 -0.00854925
v -0.04474788 -0.01999725 -0.00863853
v -0.04147847 -0.01725750 -0.01319837
v -0.04470516 -0.01718377 -0.01337783
v -0.04153194 -0.01381121 -0.01681371
v -0.04472469 -0.01359344 -0.01701094
v -0.04168685 -0.00962469 -0.01951105
v -0.04479927 -0.00935955 -0.01965603
v -0.04178536 -0.00482049 -0.02122346
v -0.04484883 -0.00459784 -0.02129060
v -0.04178499 0.00028644 -0.02176624
v -0.04484041 0.00042023 -0.02176800
v -0.04167647 0.00529914 -0.02108068
v -0.04479354 0.00531525 -0.02111583
v -0.04472859 0.00987922 -0.01941319
v -0.04152974 0.00994367 -0.01936044
v -0.04467610 0.01391632 -0.01675996
v -0.04141524 0.01393244 -0.01668601
v -0.04146529 0.01720929 -0.01330297
v -0.03842440 0.01717560 -0.01335869
v -0.03862801 0.01975714 -0.00911306
v -0.03589388 0.01971466 -0.00918497
v -0.03560433 0.01714679 -0.01341544
v -0.03609981 0.02136896 -0.00414492
v -0.03375655 0.02135529 -0.00418887
v -0.03340364 0.01967511 -0.00923462
v -0.03378011 0.02173127 0.00122177
v -0.03174288 0.02174152 0.00117417
v -0.03174166 0.02134992 -0.00421135
v -0.03607613 0.02172882 0.00127838
v -0.03582064 0.02074836 0.00652683
v -0.03343135 0.02076349 0.00646830
v -0.03544551 0.01867756 0.01113591
v -0.03289302 0.01868732 0.01108991
v -0.03520113 0.01590314 0.01484709
v -0.03809798 0.01583673 0.01487747
v -0.03824495 0.01239386 0.01788140
v -0.04126314 0.01578742 0.01493367
v -0.04136922 0.01231379 0.01792710
v -0.03853450 0.00795343 0.02025425
v -0.04153890 0.00791974 0.02025960
v -0.03868758 0.00272297 0.02160811
v -0.04160909 0.00277912 0.02159136
v -0.04157515 -0.00279022 0.02155747
v -0.03867000 -0.00293231 0.02157101
v -0.04473909 -0.00260125 0.02161159
v -0.04468795 -0.00802459 0.02023660
v -0.04147115 -0.00824530 0.02012595
v -0.04799605 -0.00778289 0.02035800
v -0.04799605 -0.01270819 0.01770451
v -0.04463838 -0.01287078 0.01755743
v -0.04799605 -0.00975848 0.01423002
v -0.04799605 -0.01300360 0.01109800
v -0.04799605 -0.01681121 0.01390032
v -0.04799605 -0.01550067 0.00712427
v -0.04799605 -0.01986151 0.00897556
v -0.04799605 -0.01691864 0.00247712
v -0.04799605 -0.02155926 0.00318550
v -0.04799605 -0.02159246 -0.00296699
v -0.04799605 -0.01693621 -0.00249119
v -0.04799605 -0.01997869 -0.00873292
v -0.04799605 -0.01558563 -0.00721372
v -0.04799605 -0.01706903 -0.01357262
v -0.04799605 -0.01308270 -0.01121253
v -0.04799605 -0.01334002 -0.01724158
v -0.04799605 -0.00999334 -0.01423187
v -0.04799605 -0.00905828 -0.01982563
v -0.04799605 -0.00659832 -0.01648545
v -0.04799605 -0.00434588 -0.02137960
v -0.04799605 -0.00292987 -0.01794520
v -0.04799605 0.00057062 -0.02179276
v -0.04799605 0.00530011 -0.02113975
v -0.04799605 0.00797785 -0.01643550
v -0.04799605 0.00979181 -0.01947727
v -0.04799605 0.01138703 -0.01401687
v -0.04799605 0.01388752 -0.01682457
v -0.04799605 0.01418781 -0.01087623
v -0.04799605 0.01732013 -0.01322937
v -0.04469295 0.01725910 -0.01326244
v -0.04799605 0.01990363 -0.00888467
v -0.04475252 0.01983478 -0.00895660
v -0.04478231 0.02142121 -0.00390967
v -0.04167134 0.02140119 -0.00399333
v -0.04160335 0.01978986 -0.00902921
v -0.04161910 0.02169904 0.00141893
v -0.03871443 0.02172785 0.00134488
v -0.03874422 0.02138800 -0.00407783
v -0.04148275 0.02071027 0.00664467
v -0.03852852 0.02074250 0.00658671
v -0.04132820 0.01860529 0.01121543
v -0.03827791 0.01865558 0.01117883
v -0.04462386 0.01860187 0.01129598
v -0.04459261 0.01575666 0.01500964
v -0.04799605 0.01857892 0.01138627
v -0.04799605 0.01572248 0.01509811
v -0.04464205 0.01225812 0.01798795
v -0.04799605 0.01220734 0.01807363
v -0.04471578 0.00791486 0.02027281
v -0.04799605 0.00792853 0.02030461
v -0.04799605 0.00298713 0.02158435
v -0.04475252 0.00287384 0.02158352
v -0.04799605 0.00294416 0.01747172
v -0.04799605 -0.00138641 0.01753637
v -0.04799605 -0.00237957 0.02167495
v -0.04799605 -0.00007293 0.01378102
v -0.04799605 -0.00357977 0.01292137
v -0.04799605 -0.00580047 0.01643196
v -0.04799605 -0.00105243 0.00977854
v -0.04799605 -0.00368328 0.00834199
v -0.04799605 -0.00671746 0.01117034
v -0.04799605 -0.00596893 0.00628594
v -0.04799605 -0.00943377 0.00861233
v -0.04799605 -0.00759344 0.00391192
v -0.04799605 -0.01149432 0.00543800
v -0.04799605 -0.00850848 0.00121701
v -0.04799605 -0.01264715 0.00181497
v -0.04799605 -0.01266229 -0.00212762
v -0.04799605 -0.00853485 -0.00177904
v -0.04799605 -0.01147137 -0.00590076
v -0.04799605 -0.00763983 -0.00467267
v -0.04799605 -0.00928387 -0.00911323
v -0.04799605 -0.00567059 -0.00737204
v -0.04799605 -0.00657684 -0.01165449
v -0.04799605 -0.00329705 -0.00950005
v -0.04799605 -0.00379852 -0.01365916
v -0.04799605 -0.00085418 -0.01135713
v -0.04799605 -0.00052752 -0.00760744
v -0.04799605 0.00171515 -0.00942655
v -0.04799605 0.00399640 -0.01140811
v -0.04799605 0.00389631 -0.00745190
v -0.04799605 0.00632355 -0.00933337
v -0.04799605 0.00611847 -0.01374608
v -0.04799605 0.00894074 -0.01157178
v -0.04799605 0.00822541 -0.00693443
v -0.04799605 0.01123664 -0.00883661
v -0.04799605 0.00959211 -0.00428640
v -0.04799605 0.01291242 -0.00564596
v -0.04799605 0.01623761 -0.00717876
v -0.04799605 0.01385480 -0.00215471
v -0.04799605 0.01744464 -0.00296508
v -0.04799605 0.01763800 0.00150115
v -0.04799605 0.02173908 0.00157182
v -0.04799605 0.02146271 -0.00381919
v -0.04799605 0.02070685 0.00680734
v -0.04469344 0.02071515 0.00672401
v -0.04475692 0.02171564 0.00149493
v -0.04799605 0.01672297 0.00584220
v -0.04799605 0.01495636 0.00957756
v -0.04799605 0.01306330 0.00500640
v -0.04799605 0.01146857 0.00810730
v -0.04799605 0.01265949 0.01259548
v -0.04799605 0.00949640 0.01046595
v -0.04799605 0.00830109 0.00700562
v -0.04799605 0.00645099 0.00917758
v -0.04799605 0.00543293 0.00615370
v -0.04799605 0.00369172 0.00827590
v -0.04799605 0.00115754 0.00734902
v -0.04799605 0.00179377 0.01060858
v -0.04799605 -0.00112860 0.00605572
v -0.04799605 -0.00059832 0.00304255
v -0.04799605 -0.00290741 0.00435804
v -0.04799605 -0.00396502 0.00257155
v -0.04799605 -0.00106659 0.00147143
v -0.04799605 -0.00471063 0.00046037
v -0.04799605 -0.00127508 -0.00018918
v -0.04799605 -0.00477752 -0.00147890
v -0.04799605 0.00173664 0.00057189
v -0.04799605 0.00151349 -0.00102072
v -0.04799605 0.00447785 -0.00018185
v -0.04799605 0.00406281 -0.00200178
v -0.04799605 0.00116632 -0.00258549
v -0.04799605 0.00332550 -0.00376739
v -0.04799605 0.00165265 -0.00569198
v -0.04799605 0.00672345 -0.00307464
v -0.04799605 0.00564484 -0.00524912
v -0.04799605 0.00731916 -0.00089876
v -0.04799605 0.01036847 -0.00153183
v -0.04799605 0.00735138 0.00148743
v -0.04799605 0.01046711 0.00139761
v -0.04799605 0.00981037 0.00432189
v -0.04799605 0.01391339 0.00143128
v -0.04799605 0.00677814 0.00381339
v -0.04799605 0.00464826 0.00157038
v 0.04800395 0.00130793 0.00451957
f 1 2 3
f 4 5 6
f 4 7 8
f 4 9 7
f 4 6 10
f 4 10 11
f 12 13 14
f 12 15 16
f 12 16 17
f 12 17 18
f 12 19 13
f 20 21 22
f 20 23 24
f 20 25 23
f 26 27 28
f 26 29 30
f 26 31 27
f 26 30 32
f 26 32 31
f 27 33 34
f 27 35 28
f 27 34 35
f 36 37 38
f 36 39 40
f 36 41 37
f 36 40 42
f 36 42 43
f 25 22 44
f 25 45 46
f 47 48 49
f 47 50 48
f 47 51 52
f 47 52 53
f 47 53 54
f 1 55 2
f 56 57 58
f 56 58 59
f 56 60 61
f 56 62 63
f 56 64 57
f 23 65 66
f 23 67 65
f 23 46 67
f 60 59 68
f 60 68 69
f 60 69 70
f 71 3 72
f 71 72 73
f 71 73 74
f 75 76 77
f 75 78 76
f 75 74 78
f 79 80 81
f 79 81 82
f 79 82 83
f 84 85 86
f 84 87 88
f 84 89 87
f 90 91 92
f 90 92 93
f 90 93 94
f 95 96 97
f 95 98 99
f 95 97 100
f 101 102 103
f 101 103 104
f 101 104 105
f 106 107 108
f 106 108 109
f 106 109 110
f 111 112 113
f 111 114 112
f 111 115 116
f 117 118 119
f 117 120 121
f 117 119 122
f 123 124 125
f 123 126 127
f 123 128 126
f 129 130 131
f 129 132 133
f 129 134 132
f 135 136 137
f 135 138 136
f 135 139 140
f 135 140 141
f 135 141 138
f 50 142 143
f 50 54 142
f 50 143 144
f 145 146 147
f 145 147 148
f 145 149 150
f 145 150 151
f 145 151 146
f 152 153 154
f 152 155 156
f 152 156 19
f 157 158 159
f 157 160 161
f 157 161 162
f 163 164 165
f 163 165 166
f 163 167 164
f 168 169 170
f 168 171 172
f 168 173 169
f 174 175 176
f 174 176 177
f 174 178 179
f 180 181 182
f 180 183 184
f 180 182 185
f 186 187 188
f 186 189 190
f 186 191 192
f 193 194 195
f 193 196 194
f 193 197 198
f 199 200 201
f 199 202 200
f 199 203 204
f 205 206 207
f 205 208 209
f 205 207 210
f 211 212 213
f 211 214 215
f 211 216 217
f 218 219 220
f 218 221 219
f 218 222 223
f 224 225 226
f 224 227 228
f 224 226 229
f 230 231 232
f 230 233 234
f 230 232 235
f 236 237 238
f 236 239 240
f 236 241 242
f 242 241 243
f 242 243 244
f 242 245 239
f 246 245 247
f 246 248 249
f 246 249 240
f 249 250 251
f 249 251 252
f 252 251 253
f 252 254 255
f 252 255 237
f 255 256 257
f 255 257 238
f 257 258 259
f 257 259 260
f 260 259 261
f 260 261 262
f 260 263 238
f 262 261 264
f 262 265 266
f 262 266 263
f 266 267 268
f 266 269 243
f 269 268 270
f 269 271 244
f 272 271 273
f 272 274 247
f 272 247 245
f 275 274 276
f 275 277 278
f 275 278 248
f 278 279 280
f 278 280 250
f 280 281 282
f 280 282 283
f 282 284 285
f 282 285 283
f 286 285 287
f 286 288 253
f 286 253 251
f 289 288 290
f 289 291 292
f 289 292 254
f 292 188 187
f 292 293 256
f 293 187 192
f 293 294 258
f 294 192 295
f 294 295 296
f 295 297 298
f 295 298 299
f 299 298 300
f 299 300 301
f 299 302 296
f 301 300 303
f 301 303 264
f 301 264 261
f 304 303 305
f 304 306 307
f 304 307 265
f 307 308 309
f 307 309 267
f 309 310 311
f 309 312 267
f 312 311 313
f 312 314 268
f 314 313 315
f 314 316 270
f 317 316 318
f 317 319 273
f 317 273 271
f 320 319 321
f 320 322 276
f 320 276 274
f 321 319 323
f 321 323 324
f 321 325 322
f 325 324 326
f 325 327 132
f 327 326 328
f 327 328 329
f 329 328 330
f 329 331 332
f 329 333 133
f 333 332 334
f 333 335 130
f 335 334 281
f 335 279 131
f 334 332 336
f 334 336 284
f 336 337 338
f 336 338 339
f 338 340 341
f 338 342 339
f 343 342 344
f 343 345 287
f 343 287 285
f 346 345 184
f 346 347 290
f 346 290 288
f 348 347 349
f 348 350 351
f 348 351 291
f 351 352 189
f 351 189 291
f 352 350 353
f 352 354 190
f 355 354 356
f 355 357 358
f 355 358 191
f 358 359 360
f 358 297 192
f 359 357 361
f 359 362 363
f 363 362 364
f 363 365 366
f 363 367 360
f 366 365 368
f 366 368 369
f 366 370 367
f 369 368 371
f 369 371 372
f 369 305 370
f 372 371 373
f 372 374 375
f 372 375 306
f 375 376 377
f 375 377 308
f 377 378 379
f 377 379 310
f 379 380 381
f 379 382 310
f 382 381 383
f 382 384 311
f 384 383 385
f 384 386 313
f 386 385 387
f 386 388 315
f 389 388 390
f 389 391 318
f 389 318 316
f 391 390 392
f 391 393 323
f 393 392 394
f 393 394 326
f 394 395 396
f 394 396 397
f 396 398 399
f 396 400 397
f 401 400 402
f 401 403 330
f 401 330 328
f 404 403 405
f 404 406 407
f 404 407 331
f 407 408 340
f 407 337 331
f 408 406 409
f 408 410 340
f 410 409 411
f 410 412 341
f 413 412 414
f 413 415 344
f 413 344 342
f 414 412 416
f 414 416 417
f 414 418 415
f 418 417 419
f 418 420 182
f 420 419 421
f 420 422 185
f 423 422 424
f 423 353 350
f 423 349 185
f 424 422 425
f 424 425 426
f 424 356 353
f 426 425 427
f 426 427 361
f 426 361 357
f 428 427 429
f 428 430 364
f 428 364 362
f 431 430 432
f 431 433 434
f 431 434 365
f 435 433 436
f 435 437 438
f 435 439 434
f 438 437 440
f 438 440 441
f 438 373 439
f 441 440 442
f 441 442 443
f 441 443 374
f 443 444 445
f 443 445 376
f 445 446 447
f 445 447 378
f 447 448 449
f 447 449 380
f 449 450 451
f 449 452 380
f 452 451 453
f 452 454 381
f 454 453 455
f 454 456 383
f 456 455 457
f 456 458 385
f 458 457 459
f 458 460 387
f 461 460 462
f 461 463 390
f 461 390 388
f 463 462 464
f 463 464 395
f 464 465 466
f 464 466 398
f 466 467 468
f 466 469 398
f 469 468 470
f 469 471 399
f 472 471 473
f 472 474 402
f 472 402 400
f 475 474 476
f 475 477 405
f 475 405 403
f 478 477 479
f 478 480 409
f 478 409 406
f 480 479 481
f 480 481 411
f 481 482 483
f 481 484 416
f 484 483 485
f 484 486 417
f 486 485 487
f 486 488 419
f 488 487 489
f 488 490 421
f 489 487 491
f 489 491 492
f 489 429 490
f 492 491 493
f 492 493 432
f 492 432 430
f 494 493 495
f 494 496 436
f 494 436 433
f 497 496 498
f 497 499 500
f 497 500 437
f 501 499 502
f 501 503 504
f 501 505 500
f 504 503 506
f 504 506 507
f 504 508 505
f 508 507 509
f 508 509 444
f 509 510 511
f 509 511 446
f 511 512 513
f 511 513 448
f 513 514 515
f 513 515 450
f 515 516 517
f 515 517 450
f 517 518 519
f 517 520 451
f 520 519 521
f 520 522 453
f 522 521 523
f 522 524 455
f 524 523 525
f 524 526 457
f 526 525 527
f 526 528 459
f 529 528 530
f 529 530 465
f 529 462 460
f 530 531 532
f 530 532 467
f 532 533 534
f 532 535 467
f 535 534 536
f 535 537 468
f 537 536 538
f 537 539 470
f 540 539 541
f 540 542 473
f 540 473 471
f 543 542 544
f 543 545 476
f 543 476 474
f 546 545 547
f 546 547 482
f 546 479 477
f 547 548 549
f 547 549 482
f 549 550 551
f 549 552 483
f 552 551 553
f 552 554 485
f 553 551 555
f 553 555 556
f 553 557 554
f 556 555 558
f 556 558 559
f 556 495 557
f 559 558 560
f 559 560 498
f 559 498 496
f 561 560 562
f 561 562 502
f 561 502 499
f 563 562 564
f 563 565 143
f 563 566 503
f 564 567 568
f 564 569 565
f 564 562 567
f 569 568 570
f 569 571 144
f 571 570 572
f 571 573 48
f 573 572 574
f 573 574 575
f 575 574 576
f 575 576 577
f 575 577 51
f 577 578 579
f 577 579 580
f 579 581 582
f 579 582 583
f 583 582 584
f 583 584 585
f 583 586 580
f 586 585 587
f 586 587 588
f 587 589 590
f 587 590 591
f 591 590 592
f 591 592 593
f 591 594 588
f 594 593 595
f 594 596 53
f 596 595 597
f 596 597 598
f 597 599 600
f 597 600 601
f 601 600 602
f 601 602 603
f 601 604 598
f 604 603 605
f 604 606 142
f 606 605 510
f 606 507 607
f 605 603 608
f 605 608 512
f 608 609 610
f 608 610 514
f 610 611 612
f 610 612 516
f 612 613 614
f 612 615 516
f 615 614 616
f 615 617 518
f 617 616 618
f 617 619 519
f 619 618 620
f 619 621 521
f 621 620 622
f 621 623 523
f 623 622 624
f 623 625 525
f 625 624 626
f 625 626 627
f 627 626 628
f 627 628 533
f 627 531 527
f 628 629 630
f 628 631 533
f 631 630 632
f 631 633 534
f 633 632 634
f 633 635 536
f 635 634 636
f 635 637 538
f 638 637 639
f 638 640 541
f 638 541 539
f 641 640 642
f 641 642 643
f 641 544 542
f 643 642 644
f 643 644 550
f 643 548 544
f 644 645 646
f 644 647 550
f 646 645 648
f 646 648 649
f 646 650 647
f 649 648 651
f 649 651 652
f 649 653 650
f 652 651 654
f 652 654 567
f 652 655 653
f 654 656 657
f 654 657 568
f 657 658 659
f 657 659 570
f 659 660 661
f 659 661 572
f 661 68 662
f 661 663 664
f 663 662 665
f 663 666 667
f 667 666 668
f 667 668 669
f 667 670 664
f 669 668 671
f 669 671 672
f 669 673 670
f 673 672 674
f 673 675 578
f 675 674 676
f 675 676 581
f 676 677 678
f 676 678 679
f 678 680 681
f 678 681 682
f 682 681 683
f 682 683 684
f 682 685 679
f 684 683 686
f 684 687 688
f 684 688 685
f 688 689 690
f 688 690 584
f 690 55 691
f 690 692 585
f 692 691 693
f 692 694 589
f 694 693 695
f 694 696 697
f 698 696 699
f 698 700 701
f 698 702 697
f 701 700 703
f 701 703 704
f 701 705 702
f 705 704 706
f 705 707 592
f 707 706 708
f 707 708 593
f 708 709 710
f 708 710 599
f 710 711 712
f 710 712 713
f 712 714 715
f 712 715 716
f 716 715 717
f 716 717 718
f 716 719 713
f 718 717 720
f 718 720 721
f 718 722 719
f 722 721 611
f 722 609 602
f 721 720 723
f 721 723 613
f 723 138 41
f 723 43 613
f 717 724 136
f 724 715 725
f 724 726 137
f 727 726 728
f 727 729 730
f 727 730 139
f 730 731 732
f 730 732 733
f 732 734 735
f 732 735 736
f 736 735 737
f 736 737 738
f 736 739 733
f 739 738 740
f 739 740 741
f 740 742 743
f 740 743 744
f 744 37 141
f 744 743 745
f 744 745 37
f 745 746 747
f 745 747 748
f 748 749 39
f 748 747 750
f 748 750 749
f 751 752 753
f 751 750 754
f 751 755 752
f 756 757 758
f 756 755 759
f 756 760 757
f 761 762 757
f 761 760 763
f 761 764 765
f 765 766 762
f 765 764 767
f 765 767 768
f 768 769 766
f 768 767 770
f 768 770 771
f 771 772 769
f 771 770 773
f 771 773 774
f 774 775 776
f 774 773 777
f 774 777 775
f 778 779 780
f 778 777 781
f 778 782 779
f 783 784 785
f 783 782 786
f 783 787 784
f 788 789 784
f 788 787 790
f 788 791 792
f 792 793 789
f 792 791 794
f 792 794 795
f 795 796 793
f 795 794 797
f 795 797 798
f 798 799 796
f 798 797 800
f 798 800 801
f 801 802 799
f 801 800 803
f 801 803 804
f 804 805 802
f 804 803 806
f 804 806 807
f 807 808 809
f 807 806 810
f 807 810 808
f 811 812 813
f 811 810 814
f 811 815 812
f 816 817 818
f 816 815 819
f 816 819 820
f 820 821 817
f 820 819 822
f 820 822 232
f 822 823 824
f 822 824 235
f 824 825 826
f 824 826 235
f 827 826 828
f 827 829 830
f 827 830 235
f 830 831 832
f 830 832 233
f 832 833 834
f 832 835 234
f 836 835 837
f 836 838 839
f 836 839 231
f 839 840 841
f 839 841 821
f 842 840 843
f 842 844 818
f 842 818 817
f 845 844 846
f 845 847 813
f 845 813 812
f 848 847 849
f 848 850 809
f 848 809 808
f 851 850 852
f 851 853 854
f 851 854 805
f 855 853 856
f 855 857 858
f 855 859 854
f 858 857 860
f 858 860 861
f 858 862 859
f 861 860 863
f 861 863 864
f 861 865 862
f 864 863 866
f 864 866 867
f 864 868 865
f 867 866 869
f 867 869 870
f 867 871 868
f 870 869 872
f 870 872 873
f 870 785 871
f 873 872 874
f 873 874 780
f 873 780 779
f 875 874 876
f 875 877 776
f 875 776 775
f 878 877 879
f 878 880 881
f 878 881 772
f 882 880 883
f 882 884 885
f 882 886 881
f 885 884 887
f 885 887 888
f 885 889 886
f 888 887 890
f 888 890 891
f 888 892 889
f 891 890 893
f 891 893 894
f 891 758 892
f 894 893 895
f 894 895 753
f 894 753 752
f 895 896 897
f 895 897 898
f 897 899 900
f 897 900 901
f 900 902 620
f 900 620 618
f 902 899 903
f 902 904 622
f 904 903 905
f 904 905 906
f 903 899 907
f 903 907 908
f 907 896 909
f 907 909 910
f 910 911 908
f 910 909 912
f 910 912 913
f 913 914 915
f 913 912 916
f 913 916 914
f 917 918 919
f 917 916 884
f 917 883 918
f 920 921 922
f 920 883 880
f 920 879 921
f 923 924 925
f 923 879 877
f 923 876 926
f 926 927 924
f 926 876 928
f 926 928 929
f 929 930 927
f 929 928 931
f 929 931 932
f 932 933 930
f 932 931 934
f 932 934 935
f 935 936 933
f 935 934 937
f 935 937 938
f 938 939 940
f 938 937 941
f 938 941 942
f 942 943 939
f 942 941 944
f 942 944 945
f 945 946 943
f 945 944 856
f 945 856 947
f 947 948 946
f 947 856 853
f 947 852 948
f 949 950 951
f 949 852 850
f 949 849 950
f 952 119 953
f 952 849 847
f 952 846 119
f 951 954 955
f 951 956 948
f 951 950 954
f 956 955 957
f 956 958 959
f 959 958 960
f 959 960 961
f 959 962 963
f 961 960 964
f 961 964 965
f 961 966 962
f 965 964 967
f 965 967 968
f 965 940 966
f 968 967 969
f 968 969 970
f 968 970 936
f 971 969 972
f 971 973 974
f 971 975 970
f 974 973 976
f 974 976 977
f 974 978 975
f 977 976 979
f 977 979 980
f 977 981 978
f 980 979 982
f 980 982 983
f 980 925 981
f 983 982 984
f 983 984 922
f 983 922 921
f 985 984 986
f 985 986 919
f 985 919 918
f 987 986 988
f 987 989 915
f 987 915 914
f 988 990 991
f 988 992 989
f 988 986 990
f 992 991 993
f 992 994 995
f 994 993 996
f 994 997 998
f 998 997 999
f 998 999 1000
f 998 1001 995
f 1001 1000 1002
f 1001 1002 32
f 1002 1003 1004
f 1002 1004 1005
f 1005 1004 1006
f 1005 1006 1007
f 1005 1007 1008
f 1007 1009 1010
f 1007 1010 33
f 1010 1011 1012
f 1010 1012 1013
f 1012 1014 1015
f 1012 1015 1016
f 1016 1017 1013
f 1016 1015 630
f 1016 630 629
f 1017 906 905
f 1017 629 906
f 1015 1018 632
f 1018 1014 1019
f 1018 1020 634
f 1020 1019 1021
f 1020 1022 1023
f 1023 1022 1024
f 1023 1024 1025
f 1023 639 637
f 1025 1024 1026
f 1025 1026 1027
f 1025 1028 639
f 1026 1029 1030
f 1026 1031 1027
f 1030 1029 1032
f 1030 1032 658
f 1030 656 1031
f 1032 1033 69
f 1032 69 660
f 1033 1034 1035
f 1033 1029 1034
f 1035 1021 1036
f 1035 1037 70
f 1035 1034 1021
f 1037 1036 1038
f 1037 1038 62
f 1038 1039 1040
f 1038 1040 63
f 1040 1041 1042
f 1040 1042 1043
f 1043 1042 1044
f 1043 1044 1045
f 1043 1045 64
f 1045 1046 1047
f 1045 1047 1048
f 1047 1049 1050
f 1047 1050 1051
f 1051 1050 1052
f 1051 1053 1054
f 1051 1054 1048
f 1054 1055 1056
f 1054 1056 1057
f 1056 1058 1059
f 1056 1059 1060
f 1060 1059 1061
f 1060 1061 1062
f 1060 1063 1057
f 1063 1062 1064
f 1063 1064 59
f 1064 1065 665
f 1064 665 662
f 1066 1065 1067
f 1066 1068 1069
f 1066 1069 666
f 1070 1068 1071
f 1070 1072 1073
f 1070 1073 1069
f 1074 1072 1075
f 1074 1076 1077
f 1074 1078 1073
f 1078 1077 1079
f 1078 1080 671
f 1080 1079 1081
f 1080 1081 672
f 1081 1082 1083
f 1081 1083 677
f 1083 1084 1085
f 1083 1085 680
f 1085 1086 1087
f 1085 1087 1088
f 1087 1089 1090
f 1087 1091 1092
f 1092 1091 1093
f 1092 1094 1095
f 1092 1095 681
f 1096 1094 1097
f 1096 1098 686
f 1096 686 683
f 1099 1098 1100
f 1099 1100 1101
f 1099 1101 687
f 1101 1102 2
f 1101 2 689
f 1102 1100 1103
f 1102 1103 1104
f 1103 1105 1106
f 1103 1106 1107
f 1107 1106 1108
f 1107 1109 1110
f 1107 1110 72
f 1110 1111 1112
f 1110 1112 1113
f 1112 1114 1115
f 1112 1115 1116
f 1116 1117 1113
f 1116 1115 1118
f 1116 1118 1119
f 1119 1120 1117
f 1119 1118 1121
f 1119 1121 1122
f 1122 1123 1124
f 1122 1121 1125
f 1122 1125 1123
f 1126 1127 1128
f 1126 1125 1129
f 1126 1130 1127
f 1131 1132 1133
f 1131 1130 1134
f 1131 1135 1132
f 1136 1137 1132
f 1136 1135 1138
f 1136 1139 1140
f 1140 1141 1137
f 1140 1139 1142
f 1140 1142 1143
f 1143 1144 1141
f 1143 1142 1145
f 1143 1145 1146
f 1146 1147 1144
f 1146 1145 1148
f 1146 1148 1149
f 1149 1148 127
f 1149 127 126
f 1149 1150 1147
f 1151 1150 1152
f 1151 1153 1154
f 1151 1154 1155
f 1154 1156 1157
f 1154 1157 1158
f 1158 1159 1155
f 1158 1157 1160
f 1158 1161 1162
f 1162 1161 1163
f 1162 1163 1164
f 1162 1165 1159
f 1164 1163 1166
f 1164 1166 1167
f 1164 1168 1165
f 1167 1166 1169
f 1167 1169 1133
f 1167 1133 1132
f 1170 1169 1171
f 1170 1172 1128
f 1170 1128 1127
f 1173 1172 1174
f 1173 1175 1124
f 1173 1124 1123
f 1176 1175 1177
f 1176 1178 1179
f 1176 1179 1120
f 1177 1180 1181
f 1177 1182 1178
f 1177 1175 1180
f 1182 1181 1183
f 1182 1184 78
f 1184 1183 1185
f 1184 1186 1187
f 1187 1186 1188
f 1187 1188 1189
f 1187 1190 1191
f 1190 1189 1192
f 1190 1192 1193
f 1192 1194 695
f 1192 695 693
f 1195 1194 1196
f 1195 1197 699
f 1195 699 696
f 1198 1197 1199
f 1198 1200 1201
f 1198 1201 700
f 1202 1200 1203
f 1202 1204 1205
f 1202 1206 1201
f 1206 1205 1207
f 1206 1208 703
f 1208 1207 1209
f 1208 1210 704
f 1210 1209 1211
f 1210 1212 709
f 1212 1211 1213
f 1212 1213 711
f 1213 1214 1215
f 1213 1215 714
f 1215 1216 1217
f 1215 1217 725
f 1217 1218 728
f 1217 728 726
f 1219 1218 1220
f 1219 1221 1222
f 1219 1223 729
f 1223 1222 1224
f 1223 1224 731
f 1224 1225 1226
f 1224 1226 734
f 1226 1227 1228
f 1226 1228 1229
f 1228 1230 1231
f 1228 1231 1232
f 1232 1231 1233
f 1232 1234 1235
f 1232 1235 1229
f 1236 1234 1237
f 1236 1238 1239
f 1236 1239 737
f 1239 1240 1241
f 1239 1241 738
f 1241 1242 1243
f 1241 1243 742
f 1243 1244 1245
f 1243 1245 742
f 1245 16 1246
f 1245 1247 1248
f 1249 746 743
f 1249 1247 1250
f 1249 1251 746
f 1251 1250 1252
f 1251 1253 1254
f 1254 1255 1256
f 1254 1253 1257
f 1254 1257 1258
f 1258 754 1255
f 1258 1257 1259
f 1258 1259 1260
f 1260 759 755
f 1260 1259 1261
f 1260 1261 759
f 1262 763 760
f 1262 1261 1263
f 1262 1264 763
f 1265 1266 764
f 1265 1264 1267
f 1265 1268 1266
f 1269 1270 1266
f 1269 1268 1271
f 1269 1272 1273
f 1273 1274 1270
f 1273 1272 1275
f 1273 1276 1277
f 1277 1278 1274
f 1277 1276 1279
f 1277 1279 1280
f 1280 781 1278
f 1280 1279 1281
f 1280 1281 1282
f 1282 786 782
f 1282 1281 1283
f 1282 1283 786
f 1284 790 787
f 1284 1283 1285
f 1284 1286 790
f 1287 1288 791
f 1287 1286 1289
f 1287 1290 1288
f 1290 1289 1291
f 1290 1292 195
f 1292 1291 1293
f 1292 1294 197
f 1294 1295 198
f 1294 1293 110
f 1295 1296 1297
f 1295 110 109
f 1293 1291 1298
f 1293 1298 107
f 1298 1299 1300
f 1298 1300 1301
f 1300 1302 1303
f 1300 1303 1301
f 1304 1303 1305
f 1304 1306 814
f 1304 814 108
f 1305 1303 1307
f 1305 1307 825
f 1305 823 1306
f 1307 1308 1309
f 1307 1309 1310
f 1309 1311 1312
f 1309 1312 1313
f 1313 1312 1314
f 1313 1315 828
f 1313 828 826
f 1316 1315 1317
f 1316 1318 1319
f 1316 1319 829
f 1319 1320 1321
f 1319 1321 831
f 1321 1322 1323
f 1321 1324 831
f 1324 1323 1325
f 1324 1326 833
f 1326 1325 1327
f 1326 1327 1328
f 1328 1327 1329
f 1328 1329 837
f 1328 837 835
f 1330 1329 121
f 1330 121 1331
f 1330 1331 838
f 1331 120 843
f 1331 843 840
f 1332 1329 1333
f 1332 1334 1335
f 1332 1335 118
f 1335 1336 954
f 1335 954 953
f 1336 1334 1337
f 1336 1338 955
f 1338 1337 1339
f 1338 1340 957
f 1341 1340 1342
f 1341 1343 1344
f 1341 1345 958
f 1344 1343 1346
f 1344 1346 1347
f 1344 1348 1345
f 1347 1346 1349
f 1347 1349 1350
f 1347 1351 1348
f 1350 1349 1352
f 1350 1352 1353
f 1350 1354 1351
f 1353 1352 1355
f 1353 1355 1356
f 1353 972 1354
f 1356 1355 1357
f 1356 1357 1358
f 1356 1358 973
f 1359 1357 1360
f 1359 1361 1362
f 1359 1363 1358
f 1362 1361 1364
f 1362 1364 1365
f 1362 1366 1363
f 1365 1364 1367
f 1365 1367 1368
f 1365 1369 1366
f 1368 1367 1370
f 1368 1370 990
f 1368 1371 1369
f 1370 21 1372
f 1370 1372 991
f 1372 20 1373
f 1372 1374 991
f 1374 1373 1375
f 1374 1376 993
f 1376 1375 1377
f 1376 1378 996
f 1379 1378 1380
f 1379 1381 1382
f 1379 1382 997
f 1383 1381 1384
f 1383 1385 1386
f 1383 1387 1382
f 1387 1386 1388
f 1387 1389 999
f 1389 1388 1390
f 1389 1390 1003
f 1390 1391 1392
f 1390 1392 1393
f 1392 1394 1395
f 1392 1395 1396
f 1396 1395 1397
f 1396 1398 1399
f 1396 1399 1393
f 1400 1398 1401
f 1400 1402 1403
f 1400 1403 1006
f 1403 1041 1404
f 1403 1404 1009
f 1404 1039 1405
f 1404 1405 1011
f 1405 1036 1019
f 1405 1019 1014
f 1401 1398 1406
f 1401 1406 1407
f 1401 1408 1402
f 1407 1406 1409
f 1407 1409 1410
f 1407 1411 1408
f 1411 1410 1412
f 1411 1412 1046
f 1412 1413 1414
f 1412 1414 1049
f 1414 1415 1416
f 1414 1416 1417
f 1416 1418 1419
f 1416 1420 1417
f 1421 1420 1422
f 1421 1423 1052
f 1421 1052 1050
f 1424 1423 1425
f 1424 1426 1427
f 1424 1427 1053
f 1426 1425 1428
f 1426 1429 10
f 1429 1428 1430
f 1429 1431 11
f 1432 1431 1433
f 1432 1433 1434
f 1432 146 9
f 1433 1435 1436
f 1433 1436 1437
f 1437 1438 1439
f 1437 1440 1434
f 1437 1436 1438
f 1441 1436 1442
f 1441 1443 1444
f 1441 1444 1445
f 1445 1446 1447
f 1445 1448 1438
f 1445 1444 1446
f 1449 1444 1450
f 1449 1451 66
f 1449 66 65
f 1452 1451 1453
f 1452 1454 1455
f 1452 1455 24
f 1455 1456 1375
f 1455 1375 1373
f 1456 1454 1457
f 1456 1458 1377
f 1459 1458 1460
f 1459 1461 1380
f 1459 1380 1378
f 1462 1461 1463
f 1462 1464 1384
f 1462 1384 1381
f 1465 1464 1466
f 1465 1467 1468
f 1465 1468 1385
f 1468 1469 1470
f 1468 1471 1385
f 1471 1470 1472
f 1471 1473 1386
f 1473 1472 1474
f 1473 1475 1388
f 1475 1474 1476
f 1475 1476 1394
f 1476 1477 1478
f 1476 1478 1479
f 1478 1480 1481
f 1478 1482 1479
f 1483 1482 1484
f 1483 1485 1397
f 1483 1397 1395
f 1484 1482 1486
f 1484 1486 1487
f 1484 1488 1485
f 1488 1487 1489
f 1488 1490 1409
f 1490 1489 1491
f 1490 1491 1413
f 1491 1492 1493
f 1491 1493 1415
f 1493 1494 1495
f 1493 1495 1418
f 1495 1496 1497
f 1495 1497 1418
f 1497 1498 1499
f 1497 1500 1419
f 1501 1500 1502
f 1501 1503 1422
f 1501 1422 1420
f 1504 1503 1505
f 1504 1506 1425
f 1504 1425 1423
f 1506 1505 1507
f 1506 1507 1430
f 1507 1508 1509
f 1507 1509 1510
f 1510 1509 1511
f 1510 1511 1442
f 1510 1435 1430
f 1511 1512 1513
f 1511 1513 1443
f 1513 1514 1515
f 1513 1515 1450
f 1515 1516 1453
f 1515 1453 1451
f 1517 1516 1518
f 1517 1519 1457
f 1517 1457 1454
f 1520 1519 1521
f 1520 1522 1460
f 1520 1460 1458
f 1523 1522 1524
f 1523 1525 1463
f 1523 1463 1461
f 1526 1525 1527
f 1526 1528 1466
f 1526 1466 1464
f 1529 1528 1530
f 1529 1531 1532
f 1529 1532 1467
f 1532 1533 1534
f 1532 1534 1469
f 1534 1535 1536
f 1534 1537 1469
f 1537 1536 1538
f 1537 1539 1470
f 1539 1538 1540
f 1539 1541 1472
f 1541 1540 1542
f 1541 1542 1477
f 1542 1543 1544
f 1542 1544 1480
f 1544 1545 1546
f 1544 1547 1480
f 1547 1546 1548
f 1547 1549 1481
f 1549 1548 1550
f 1549 1551 1486
f 1551 1550 1552
f 1551 1553 1487
f 1553 1552 1554
f 1553 1554 1492
f 1554 1555 1556
f 1554 1556 1494
f 1556 1557 1558
f 1556 1558 1496
f 1558 1559 1560
f 1558 1560 1498
f 1560 1561 1562
f 1560 1563 1498
f 1563 1562 1564
f 1563 1565 1499
f 1566 1565 1567
f 1566 1568 1502
f 1566 1502 1500
f 1569 1568 1570
f 1569 1571 1505
f 1569 1505 1503
f 1571 1570 1572
f 1571 1572 1573
f 1572 1574 1575
f 1572 1575 1576
f 1576 1575 1577
f 1576 1577 1514
f 1576 1512 1573
f 1577 1578 1518
f 1577 1518 1516
f 1579 1578 1580
f 1579 1581 1521
f 1579 1521 1519
f 1582 1581 1583
f 1582 1584 1524
f 1582 1524 1522
f 1585 1584 1586
f 1585 1587 1527
f 1585 1527 1525
f 1588 1587 1589
f 1588 1590 1530
f 1588 1530 1528
f 1591 1590 1592
f 1591 1593 1594
f 1591 1594 1531
f 1594 1595 1596
f 1594 1596 1533
f 1596 1597 1598
f 1596 1598 1535
f 1598 1599 1600
f 1598 1601 1535
f 1601 1600 1602
f 1601 1603 1536
f 1603 1602 1604
f 1603 1605 1538
f 1605 1604 1606
f 1605 1606 1543
f 1606 1607 1608
f 1606 1608 1545
f 1608 1609 1610
f 1608 1611 1545
f 1611 1610 1612
f 1611 1613 1546
f 1613 1612 1614
f 1613 1615 1548
f 1615 1614 1616
f 1615 1616 1550
f 1616 1617 1618
f 1616 1618 1555
f 1618 1619 1620
f 1618 1620 1557
f 1620 1621 1622
f 1620 1622 1559
f 1622 1623 1624
f 1622 1624 1561
f 1624 1625 1626
f 1624 1627 1561
f 1627 1626 1628
f 1627 1629 1562
f 1629 1628 1630
f 1629 1631 1564
f 1632 1631 1633
f 1632 1634 1567
f 1632 1567 1565
f 1635 1634 1636
f 1635 1636 1574
f 1635 1570 1568
f 1636 1637 1638
f 1636 1638 1639
f 1638 1640 1641
f 1638 1641 1580
f 1641 1642 1583
f 1641 1583 1581
f 1643 1642 1644
f 1643 1645 1586
f 1643 1586 1584
f 1646 1645 1647
f 1646 1648 1589
f 1646 1589 1587
f 1649 1648 1650
f 1649 1651 1592
f 1649 1592 1590
f 1652 1651 1653
f 1652 1654 1655
f 1652 1655 1593
f 1655 1656 1657
f 1655 1657 1595
f 1657 1658 1659
f 1657 1659 1597
f 1659 173 1660
f 1659 1660 1599
f 1660 172 1661
f 1660 1662 1599
f 1662 1661 1663
f 1662 1664 1600
f 1664 1663 1665
f 1664 1666 1602
f 1666 1665 1667
f 1666 1668 1604
f 1668 1667 1669
f 1668 1670 1609
f 1670 1669 1671
f 1670 1672 1609
f 1672 1671 1673
f 1672 1674 1610
f 1674 1673 1675
f 1674 1675 1612
f 1675 1676 1677
f 1675 1677 1617
f 1677 1678 1679
f 1677 1679 1619
f 1679 1680 1681
f 1679 1681 1621
f 1681 1682 1683
f 1681 1683 1623
f 1683 1684 1685
f 1683 1685 1625
f 1685 1686 1687
f 1685 1687 1625
f 1687 1688 1689
f 1687 1690 1626
f 1690 1689 1691
f 1690 1692 1628
f 1692 1691 1693
f 1692 1694 1630
f 1695 1694 1696
f 1695 1696 1697
f 1695 1633 1631
f 1697 1696 1698
f 1697 1698 1640
f 1697 1637 1633
f 1698 1699 1644
f 1698 1644 1642
f 1700 1699 1701
f 1700 1702 1647
f 1700 1647 1645
f 1703 1702 1704
f 1703 1705 1650
f 1703 1650 1648
f 1706 1705 1707
f 1706 1708 1653
f 1706 1653 1651
f 1709 1708 1710
f 1709 1711 1712
f 1709 1712 1654
f 1712 1713 1714
f 1712 1714 1656
f 1714 1715 169
f 1714 169 1658
f 1715 1713 1716
f 1715 1717 170
f 1718 1717 1719
f 1718 1720 1721
f 1718 1721 171
f 1721 1722 1661
f 1721 1661 172
f 1722 1720 1723
f 1722 1724 1663
f 1724 1723 1725
f 1724 1726 1665
f 1726 1725 1727
f 1726 1728 1667
f 1728 1727 1729
f 1728 1730 1669
f 1730 1729 1731
f 1730 1731 1673
f 1731 1732 1733
f 1731 1733 1676
f 1733 1734 1735
f 1733 1735 1678
f 1735 1736 1737
f 1735 1737 1680
f 1737 1738 1739
f 1737 1739 1682
f 1739 1740 1741
f 1739 1741 1684
f 1740 1738 1742
f 1740 1743 165
f 1743 1742 1744
f 1743 1745 166
f 1746 1745 86
f 1746 1747 1748
f 1746 1748 167
f 1748 1749 1750
f 1748 1750 1751
f 1750 1752 1689
f 1750 1689 1688
f 1752 1749 1753
f 1752 1754 1691
f 1754 1753 1755
f 1754 1756 1693
f 1757 1756 1758
f 1757 1758 1701
f 1757 1759 1693
f 1758 1760 1704
f 1758 1704 1702
f 1761 1760 1762
f 1761 1763 1707
f 1761 1707 1705
f 1764 1763 1765
f 1764 1766 1710
f 1764 1710 1708
f 1767 1766 1768
f 1767 1769 1770
f 1767 1770 1711
f 1770 1771 1716
f 1770 1716 1713
f 1772 1771 91
f 1772 94 1719
f 1772 1719 1717
f 1773 94 93
f 1773 1774 1723
f 1773 1723 1720
f 1774 93 1775
f 1774 1776 1725
f 1776 1775 1777
f 1776 1778 1727
f 1778 1777 1779
f 1778 1780 1732
f 1780 1779 1781
f 1780 1781 1734
f 1781 1782 1783
f 1781 1783 1736
f 1783 1784 1742
f 1783 1742 1738
f 1784 1782 1785
f 1784 1785 1744
f 1786 1787 1788
f 1786 1788 87
f 1786 1782 1779
f 1788 1789 1790
f 1788 1790 88
f 1790 1791 1765
f 1790 1792 88
f 1793 1794 88
f 1793 1792 1762
f 1793 1755 1753
f 1794 1747 85
f 1794 1753 1749
f 1792 1765 1763
f 1791 1789 1795
f 1791 1768 1766
f 1795 1789 1796
f 1795 1796 92
f 1795 1797 1769
f 1796 1787 1777
f 1796 1777 1775
f 1771 1769 1797
f 1762 1760 1755
f 1745 1744 89
f 1701 1699 1759
f 1688 1686 164
f 1686 1684 1741
f 1580 1578 1639
f 1448 1447 1798
f 1448 1799 1439
f 1800 1799 1801
f 1800 1802 1803
f 1800 1803 1440
f 1803 1804 148
f 1803 148 147
f 1805 1804 1806
f 1805 1807 1808
f 1805 1808 149
f 1808 1809 1810
f 1808 1811 1809
f 1812 1813 1814
f 1812 1811 1815
f 1812 1816 1813
f 1817 1818 1819
f 1817 1816 1820
f 1817 1821 1818
f 1822 1823 1818
f 1822 1821 1824
f 1822 1825 1826
f 1826 1827 1823
f 1826 1825 1828
f 1826 1828 1829
f 1829 1830 1827
f 1829 1828 1831
f 1829 1831 1832
f 1832 1833 1830
f 1832 1831 1834
f 1832 1834 1835
f 1835 1836 1833
f 1835 1834 1837
f 1835 1837 1838
f 1838 1839 1840
f 1838 1837 1841
f 1838 1841 1842
f 1842 1843 1839
f 1842 1841 1844
f 1842 1844 1845
f 1845 1846 1847
f 1845 1844 1848
f 1845 1848 1846
f 1849 1850 1851
f 1849 1848 1852
f 1849 1853 1850
f 1854 1855 1856
f 1854 1853 1857
f 1854 1858 1855
f 1859 1858 1860
f 1859 1861 1862
f 1859 1862 1863
f 1863 125 1855
f 1863 1862 1864
f 1863 1864 128
f 1864 1865 1866
f 1864 1866 1867
f 1866 1868 1869
f 1866 1869 1152
f 1869 1870 1871
f 1869 1871 1153
f 1871 1872 1873
f 1871 1873 1156
f 1873 1874 1875
f 1873 1875 1876
f 1875 1877 1878
f 1875 1878 1879
f 1879 1160 1876
f 1879 1878 1880
f 1879 1880 1881
f 1881 1882 1161
f 1881 1880 1883
f 1881 1883 1882
f 1884 1885 1882
f 1884 1883 1886
f 1884 1887 1888
f 1888 1887 1889
f 1888 1889 1890
f 1888 1891 1885
f 1890 1892 1893
f 1890 1171 1891
f 1893 1892 1894
f 1893 1895 1174
f 1893 1174 1172
f 1895 1894 1896
f 1895 1897 1180
f 1897 1896 1898
f 1897 1899 1181
f 1899 1898 1900
f 1899 1901 1183
f 1901 1900 1902
f 1901 1903 1185
f 1904 1903 1905
f 1904 1906 1907
f 1904 1907 1186
f 1908 1906 1909
f 1908 1910 1911
f 1908 1912 1907
f 1912 1911 1913
f 1912 1914 1188
f 1914 1913 1196
f 1914 1196 1194
f 1915 1913 1916
f 1915 1917 1199
f 1915 1199 1197
f 1918 1917 1919
f 1918 1920 1203
f 1918 1203 1200
f 1921 1920 1922
f 1921 1923 1924
f 1921 1924 1204
f 1924 1925 1926
f 1924 1927 1204
f 1927 1926 1928
f 1927 1929 1205
f 1929 1928 1930
f 1929 1931 1207
f 1931 1930 1932
f 1931 1933 1209
f 1933 1932 1934
f 1933 1934 1214
f 1934 1935 1936
f 1934 1936 1216
f 1936 1937 1220
f 1936 1220 1218
f 1938 1937 1939
f 1938 1940 1941
f 1938 1941 1221
f 1941 1942 1943
f 1941 1944 1221
f 1944 1943 1945
f 1944 1945 1225
f 1945 1946 1947
f 1945 1947 1227
f 1947 1948 1949
f 1947 1949 1230
f 1949 1950 1951
f 1949 1951 1952
f 1951 1953 1954
f 1951 1954 1952
f 1955 1954 1956
f 1955 1957 1233
f 1955 1233 1231
f 1958 1957 1959
f 1958 1960 1237
f 1958 1237 1234
f 1961 1960 1962
f 1961 1963 1964
f 1961 1964 1238
f 1964 1965 1966
f 1964 1966 1240
f 1966 1967 1968
f 1966 1968 1242
f 1968 1969 17
f 1968 17 1244
f 1969 1967 1970
f 1969 1970 1971
f 1971 1970 1898
f 1971 1898 1896
f 1971 1972 18
f 1970 1973 1900
f 1973 1967 1965
f 1973 1974 1902
f 1975 1974 1976
f 1975 1977 1905
f 1975 1905 1903
f 1978 1977 1979
f 1978 1980 1909
f 1978 1909 1906
f 1981 1980 1982
f 1981 1983 1984
f 1981 1985 1909
f 1985 1984 1986
f 1985 1987 1910
f 1987 1986 1988
f 1987 1916 1911
f 1988 1986 1989
f 1988 1989 1919
f 1988 1919 1917
f 1990 1989 1991
f 1990 1992 1922
f 1990 1922 1920
f 1993 1992 1994
f 1993 1995 1996
f 1993 1996 1923
f 1996 1997 1998
f 1996 1998 1925
f 1998 1999 2000
f 1998 2001 1925
f 2001 2000 2002
f 2001 2003 1926
f 2003 2002 2004
f 2003 2005 1928
f 2005 2004 2006
f 2005 2007 1930
f 2007 2006 2008
f 2007 2008 1935
f 2008 2009 1939
f 2008 1939 1937
f 2010 2009 2011
f 2010 2012 2013
f 2010 2013 1940
f 2013 2014 2015
f 2013 2015 1942
f 2015 2016 2017
f 2015 2017 1942
f 2017 2018 2019
f 2017 2019 1946
f 2019 2020 2021
f 2019 2021 1948
f 2021 2022 2023
f 2021 2023 1950
f 2023 2024 2025
f 2023 2025 1953
f 2025 2026 2027
f 2025 2027 2028
f 2027 2029 2030
f 2027 2031 2028
f 2032 2031 2033
f 2032 2034 1956
f 2032 1956 1954
f 2035 2034 2036
f 2035 2037 1959
f 2035 1959 1957
f 2038 2037 2039
f 2038 2039 2040
f 2038 1962 1960
f 2040 2039 1979
f 2040 1979 1977
f 2040 1976 1962
f 2041 2039 2042
f 2041 2043 1982
f 2041 1982 1980
f 2044 2043 2045
f 2044 2046 2047
f 2044 2047 1983
f 2047 2048 2049
f 2047 2050 1983
f 2050 2049 2051
f 2050 2052 1984
f 2051 2049 2053
f 2051 2053 2054
f 2051 1991 2052
f 2054 2053 2055
f 2054 2056 1994
f 2054 1994 1992
f 2057 2056 2058
f 2057 2059 2060
f 2057 2060 1995
f 2060 2061 2062
f 2060 2062 1997
f 2062 2063 2064
f 2062 2064 1999
f 2064 2065 2066
f 2064 2067 1999
f 2067 2066 2068
f 2067 2069 2000
f 2069 2068 2070
f 2069 2071 2002
f 2071 2070 2072
f 2071 2073 2004
f 2073 2072 2011
f 2073 2011 2009
f 2074 2072 2075
f 2074 2076 2077
f 2074 2077 2012
f 2077 2078 2079
f 2077 2079 2014
f 2079 2080 2081
f 2079 2081 2016
f 2081 2082 2083
f 2081 2083 2018
f 2083 2084 2085
f 2083 2085 2020
f 2085 2086 2087
f 2085 2087 2022
f 2087 2088 2089
f 2087 2089 2024
f 2089 2090 2091
f 2089 2091 2026
f 2091 2092 2093
f 2091 2093 2029
f 2093 2094 2095
f 2093 2095 2030
f 2095 2096 2097
f 2095 2098 2030
f 2099 2098 2100
f 2099 2101 2033
f 2099 2033 2031
f 2102 2101 2103
f 2102 2103 2104
f 2102 2036 2034
f 2104 2103 2045
f 2104 2045 2043
f 2104 2042 2036
f 2105 2103 2106
f 2105 2107 2108
f 2105 2108 2046
f 2108 2109 2110
f 2108 2110 2048
f 2110 2111 2112
f 2110 2112 2049
f 2113 2111 2114
f 2113 2115 2055
f 2113 2055 2112
f 2116 2115 2117
f 2116 2118 2058
f 2116 2058 2056
f 2119 2118 2120
f 2119 221 2121
f 2119 2121 2059
f 2121 223 2122
f 2121 2122 2061
f 2122 2123 2124
f 2122 2124 2063
f 2124 2125 2126
f 2124 2126 2065
f 2126 2127 2128
f 2126 2129 2065
f 2129 2128 229
f 2129 2130 2066
f 2130 229 226
f 2130 2131 2068
f 2131 226 2132
f 2131 2075 2070
f 2128 2127 2133
f 2128 2134 229
f 2134 2133 2135
f 2134 2136 227
f 2136 2137 228
f 2136 2135 2138
f 2138 2139 2137
f 2138 2135 2140
f 2138 2140 2139
f 2141 2142 2143
f 2141 2140 2144
f 2141 2145 2142
f 2146 2147 2148
f 2146 2145 2149
f 2146 2150 2147
f 2151 2152 113
f 2151 2150 2153
f 2151 2154 2152
f 2155 2156 2152
f 2155 2154 2157
f 2155 2158 2159
f 2159 2160 2156
f 2159 2158 2161
f 2159 2162 2097
f 2162 2161 2163
f 2162 2100 2098
f 2163 2161 2164
f 2163 2164 2107
f 2163 2106 2100
f 2164 2165 2166
f 2164 2166 2109
f 2166 2167 2114
f 2166 2114 2111
f 2168 2167 2169
f 2168 2170 2117
f 2168 2117 2115
f 2171 2170 2172
f 2171 2173 2120
f 2171 2120 2118
f 2173 2172 2149
f 2173 2174 219
f 2174 2149 2145
f 2174 2144 220
f 2175 2144 2140
f 2175 2176 2177
f 2175 2177 222
f 2177 2178 2123
f 2177 2123 223
f 2178 2176 2133
f 2178 2133 2127
f 2172 2153 2150
f 2172 2170 2153
f 2169 2157 2154
f 2169 2167 2157
f 2165 2161 2158
f 2179 2180 2181
f 2179 2181 2182
f 2179 2160 2183
f 2183 204 2180
f 2183 2160 2096
f 2183 2096 204
f 2181 2184 116
f 2181 116 115
f 2185 2186 114
f 2185 2184 201
f 2185 2187 2186
f 2188 2189 2190
f 2188 2187 2191
f 2188 2192 2189
f 2193 2194 2195
f 2193 2192 2196
f 2193 2197 2194
f 2198 2199 2194
f 2198 2197 2084
f 2198 2082 2199
f 2200 2201 2202
f 2200 2202 2195
f 2200 2199 2203
f 2203 2204 2201
f 2203 2199 2078
f 2203 2078 2076
f 2205 225 2206
f 2205 2206 2207
f 2205 2204 2132
f 2204 2076 2075
f 2202 2207 2208
f 2202 2208 2209
f 2209 2208 2210
f 2209 2210 2190
f 2209 2190 2189
f 2210 2143 2142
f 2210 2148 2211
f 2208 2212 2143
f 2207 2206 2212
f 2197 2196 2086
f 2196 2192 2213
f 2196 2213 2088
f 2213 2191 2214
f 2213 2214 2090
f 2191 2187 200
f 2190 2211 2186
f 2184 2180 203
f 2182 115 113
f 2148 2147 112
f 2094 2092 202
f 2092 2090 2214
f 1976 1974 1963
f 1896 1894 1972
f 1894 1892 153
f 1889 2215 153
f 2215 1887 1886
f 2215 2216 154
f 2217 2216 2218
f 2217 2219 2220
f 2217 2220 155
f 2220 2221 2222
f 2220 2222 2223
f 2222 2224 2225
f 2222 2225 2226
f 2226 13 2223
f 2226 2225 2227
f 2226 2227 13
f 2227 2228 2229
f 2227 2229 2230
f 2230 2231 15
f 2230 2229 2232
f 2230 2232 2231
f 2233 2234 2235
f 2233 2232 2236
f 2233 2237 2234
f 2238 2239 1252
f 2238 2237 2240
f 2238 2241 2239
f 2242 2243 2244
f 2242 2241 2245
f 2242 2246 2243
f 2247 2248 2243
f 2247 2246 2249
f 2247 2250 2251
f 2251 2252 2248
f 2251 2250 2253
f 2251 2253 2254
f 2254 2255 2252
f 2254 2253 2256
f 2254 2256 2257
f 2257 2258 1267
f 2257 2256 2259
f 2257 2259 2258
f 2260 2261 1271
f 2260 2259 2262
f 2260 2263 2261
f 2264 2265 1275
f 2264 2263 1320
f 2264 1318 2265
f 2265 2266 1276
f 2265 1317 2266
f 2267 2268 2266
f 2267 1317 1315
f 2267 1314 2269
f 2269 2270 2268
f 2269 1314 2271
f 2269 2271 2272
f 2272 1285 2270
f 2272 2271 1311
f 2272 2273 1285
f 2274 1289 1286
f 2274 2273 1302
f 2274 1299 1289
f 2273 1311 1308
f 2263 2262 1322
f 2262 2259 2275
f 2262 2276 1322
f 2276 2275 2277
f 2276 2278 1323
f 2278 2277 2279
f 2278 2280 1325
f 2280 2279 2281
f 2280 2281 2282
f 2282 2281 1337
f 2282 1337 1334
f 2282 1333 2283
f 2281 2284 1339
f 2285 2284 2286
f 2285 2287 1342
f 2285 1342 1340
f 2288 2287 2289
f 2288 2290 2291
f 2288 2291 1343
f 2292 2290 2293
f 2292 2294 2295
f 2292 2296 2291
f 2295 2294 2297
f 2295 2297 2298
f 2295 2299 2296
f 2298 2297 2300
f 2298 2300 2301
f 2298 2302 2299
f 2301 2300 2303
f 2301 2303 2304
f 2301 2305 2302
f 2304 2303 2306
f 2304 2306 2307
f 2304 1360 2305
f 2307 2306 2308
f 2307 2308 2309
f 2307 2310 1361
f 2309 2308 44
f 2309 44 22
f 2309 2311 2310
f 2312 2313 2314
f 2312 2314 45
f 2312 2308 2315
f 2314 2316 2317
f 2314 2317 2318
f 2317 2319 2320
f 2317 2320 2321
f 2321 2320 2322
f 2321 2322 2323
f 2321 2324 2318
f 2323 2322 2325
f 2323 2325 2326
f 2323 2327 2324
f 2327 2326 2328
f 2327 2328 2329
f 2328 2330 1798
f 2328 1798 1447
f 2331 2330 2332
f 2331 2333 1801
f 2331 1801 1799
f 2334 2333 2335
f 2334 2336 2337
f 2334 2337 1802
f 2337 2338 1806
f 2337 1806 1804
f 2339 2338 2340
f 2339 2341 2342
f 2339 2342 1807
f 2342 2343 1815
f 2342 1815 1811
f 2344 2343 2345
f 2344 2346 1820
f 2344 1820 1816
f 2347 1824 1821
f 2347 2346 2348
f 2347 2349 1824
f 2350 2351 1825
f 2350 2349 2352
f 2350 2353 2351
f 2354 2355 2351
f 2354 2353 2356
f 2354 2357 2358
f 2358 2359 2355
f 2358 2357 2360
f 2358 2361 2362
f 2362 2363 2359
f 2362 2361 2364
f 2362 2364 2365
f 2365 2366 2363
f 2365 2364 2367
f 2365 2367 2368
f 2368 2369 2366
f 2368 2367 176
f 2368 176 2370
f 2367 2371 177
f 2372 2371 2373
f 2372 2374 2375
f 2372 2376 178
f 2376 2375 2377
f 2376 2378 178
f 2378 2377 2379
f 2378 2380 179
f 2381 2382 2383
f 2381 2383 175
f 2381 2380 2384
f 2384 2380 2385
f 2384 2385 2386
f 2384 2387 2382
f 2387 2386 2388
f 2387 1860 1858
f 2388 2386 2389
f 2388 2389 2390
f 2388 2391 1861
f 2391 2390 2392
f 2391 2393 2394
f 2393 2392 2395
f 2393 2396 2394
f 2397 1865 2394
f 2397 2396 2398
f 2397 2398 1868
f 2398 2399 2400
f 2398 2400 1870
f 2400 2401 2402
f 2400 2402 1872
f 2402 2403 2404
f 2402 2404 1874
f 2404 2405 2406
f 2404 2406 1877
f 2406 2407 2408
f 2406 2408 2409
f 2408 2410 2411
f 2408 2411 2412
f 2412 2413 2409
f 2412 2411 2414
f 2412 2414 2415
f 2415 2416 2413
f 2415 2414 2417
f 2415 2417 2418
f 2418 1886 2416
f 2418 2417 2218
f 2418 2218 2216
f 2419 2417 2420
f 2419 2421 2422
f 2419 2422 2219
f 2422 2423 2424
f 2422 2424 2221
f 2421 2420 2425
f 2421 2426 2423
f 2425 2420 2427
f 2425 2427 2428
f 2425 2429 2426
f 2429 2428 2430
f 2429 2431 2325
f 2431 2430 2332
f 2431 2332 2330
f 2432 2430 2433
f 2432 2434 2335
f 2432 2335 2333
f 2435 2434 2436
f 2435 2437 2438
f 2435 2438 2336
f 2438 2439 2340
f 2438 2340 2338
f 2440 2439 2441
f 2440 2442 2443
f 2440 2443 2341
f 2443 2444 2345
f 2443 2345 2343
f 2445 2444 2446
f 2445 2447 2348
f 2445 2348 2346
f 2448 2352 2349
f 2448 2447 2449
f 2448 2450 2352
f 2451 2356 2353
f 2451 2450 2452
f 2451 2453 2356
f 2454 2360 2357
f 2454 2453 2455
f 2454 2456 2360
f 2457 2458 2361
f 2457 2456 2459
f 2457 2460 2458
f 2460 2459 212
f 2460 215 2373
f 2459 2456 2461
f 2459 2461 213
f 2461 2462 2463
f 2461 2455 2462
f 2464 2465 2466
f 2464 2455 2453
f 2464 2452 2465
f 2467 2468 2469
f 2467 2452 2450
f 2467 2449 2468
f 2470 2471 2472
f 2470 2449 2447
f 2470 2446 2471
f 2473 2474 2475
f 2473 2446 2444
f 2473 2442 2474
f 2475 2476 2477
f 2475 2478 2471
f 2475 2474 2476
f 2479 2480 2481
f 2479 2474 2441
f 2479 2482 2480
f 2483 2484 2485
f 2483 2482 2437
f 2483 2436 2484
f 2486 2410 2407
f 2486 2436 2434
f 2486 2433 2487
f 2485 2405 2403
f 2485 2488 2480
f 2485 2484 2405
f 2488 2403 2401
f 2488 2489 2481
f 2490 2489 2491
f 2490 2492 2477
f 2490 2477 2476
f 2493 2492 2494
f 2493 160 2495
f 2493 2495 2478
f 2495 159 2496
f 2495 2496 2472
f 2496 2497 2469
f 2496 2469 2468
f 2498 2497 2499
f 2498 2499 2500
f 2498 2466 2465
f 2500 2499 2501
f 2500 2501 2502
f 2500 2463 2462
f 2502 2503 217
f 2502 216 213
f 2502 2501 2503
f 2504 2385 2379
f 2504 2501 2505
f 2504 2506 2385
f 2503 2379 2377
f 2505 2499 2507
f 2505 2508 2506
f 2508 2507 158
f 2508 162 2389
f 2507 2497 158
f 2492 2491 2395
f 2491 2399 2396
f 2491 2489 2399
f 2482 2441 2439
f 2433 2430 2428
f 2428 2427 2487
f 2395 2392 2494
f 2392 2390 161
f 2383 1852 1848
f 2383 2509 2370
f 2382 1857 1853
f 2377 2375 217
f 2375 2374 214
f 2373 2371 2458
f 2424 2319 2224
f 2319 2316 2510
f 2316 2313 2511
f 2511 2228 2510
f 2511 2313 2512
f 2511 2512 2513
f 2512 2315 2514
f 2512 2514 2515
f 2515 2516 2513
f 2515 2514 2517
f 2515 2517 2518
f 2518 2236 2516
f 2518 2517 2519
f 2518 2519 2520
f 2520 2240 2237
f 2520 2519 2521
f 2520 2521 2240
f 2522 2245 2241
f 2522 2521 2294
f 2522 2293 2245
f 2523 2249 2246
f 2523 2293 2290
f 2523 2289 2249
f 2524 2525 2250
f 2524 2289 2287
f 2524 2286 2525
f 2526 2527 2525
f 2526 2286 2284
f 2526 2279 2277
f 2277 2275 2527
f 2261 1275 1272
f 2258 1271 1268
f 2255 1267 1264
f 2252 1263 2528
f 2248 2528 2529
f 2243 2529 2244
f 2239 2244 1253
f 2235 1250 1247
f 2235 1246 2231
f 2235 2234 1250
f 1856 125 124
f 1856 2530 1850
f 2530 124 127
f 2530 2531 1851
f 2532 2531 2533
f 2532 2533 2534
f 2532 1847 1846
f 2534 2533 2535
f 2534 2535 2536
f 2534 2537 1847
f 2536 2535 2538
f 2536 2538 1840
f 2536 1840 2537
f 2539 2538 1139
f 2539 1138 2540
f 2539 2540 1836
f 2541 1138 1135
f 2541 1134 2542
f 2541 2542 1833
f 2543 1134 1130
f 2543 1129 2544
f 2543 2545 2542
f 2544 1129 2546
f 2544 2546 2547
f 2544 2548 2545
f 2547 2546 2549
f 2547 2549 2550
f 2547 2551 2548
f 2550 2549 2552
f 2550 2552 2553
f 2550 1819 2551
f 2553 2552 2554
f 2553 2554 1814
f 2553 1814 1813
f 2555 2554 2556
f 2555 2556 1810
f 2555 1810 1809
f 2556 1114 2557
f 2556 2557 2558
f 2557 1111 2559
f 2557 2559 2560
f 2560 2559 2561
f 2560 2561 7
f 2560 7 151
f 2561 2562 2563
f 2561 2563 2564
f 2564 2563 2565
f 2564 2565 2566
f 2564 2566 5
f 2566 2567 2568
f 2566 2568 2569
f 2568 2570 2571
f 2568 2571 1058
f 2572 2570 2573
f 2572 2574 2575
f 2572 2576 2571
f 2575 2574 2577
f 2575 2577 2578
f 2575 2579 2576
f 2579 2578 2580
f 2579 2581 1061
f 2581 2580 2582
f 2581 1067 1065
f 2582 2580 2583
f 2582 2583 1071
f 2582 1071 1068
f 2584 2583 2585
f 2584 2586 1075
f 2584 1075 1072
f 2587 2586 2588
f 2587 2589 2590
f 2587 2590 1076
f 2590 2591 2592
f 2590 2593 1076
f 2593 2592 2594
f 2593 2595 1077
f 2595 2594 2596
f 2595 2596 1082
f 2596 2597 2598
f 2596 2598 1084
f 2598 2599 2600
f 2598 2600 1086
f 2600 2601 2602
f 2600 2602 1089
f 2602 2603 2604
f 2602 2605 1089
f 2605 2604 2606
f 2605 2607 1090
f 2608 2607 2609
f 2608 2610 1093
f 2608 1093 1091
f 2611 2610 2612
f 2611 2612 2613
f 2611 1097 1094
f 2613 2612 2614
f 2613 2614 2615
f 2613 2616 1097
f 2615 2614 2617
f 2615 2617 2618
f 2615 1105 2616
f 2617 2619 2620
f 2617 2620 2618
f 2621 2620 2622
f 2621 2623 1108
f 2621 1108 1106
f 2622 2620 2624
f 2622 2624 2625
f 2622 2626 2623
f 2625 2624 2627
f 2625 2627 2628
f 2625 2629 2626
f 2629 2628 2630
f 2629 2630 2567
f 2630 2631 2573
f 2630 2573 2570
f 2632 2631 2633
f 2632 2634 2635
f 2632 2635 2574
f 2636 2634 2637
f 2636 2638 2639
f 2636 2640 2635
f 2640 2639 2641
f 2640 2642 2577
f 2642 2641 2643
f 2642 2644 2578
f 2643 2641 2645
f 2643 2645 2646
f 2643 2585 2644
f 2646 2645 2647
f 2646 2647 2588
f 2646 2588 2586
f 2648 2647 2649
f 2648 2650 2651
f 2648 2651 2589
f 2651 2652 2653
f 2651 2653 2591
f 2653 2654 2655
f 2653 2656 2591
f 2656 2655 2657
f 2656 2658 2592
f 2658 2657 2659
f 2658 2659 2597
f 2659 2660 2661
f 2659 2661 2599
f 2661 2662 2663
f 2661 2663 2601
f 2663 2664 2665
f 2663 2665 2603
f 2665 2666 2667
f 2665 2667 2603
f 2667 2668 2669
f 2667 2670 2604
f 2670 2669 2671
f 2670 2672 2606
f 2673 2672 2674
f 2673 2674 2675
f 2673 2609 2607
f 2675 2674 2676
f 2675 2676 2677
f 2675 2678 2609
f 2677 2676 2679
f 2677 2679 2680
f 2677 2681 2678
f 2680 2679 2682
f 2680 2682 2683
f 2680 2619 2681
f 2682 2684 2685
f 2682 2686 2683
f 2685 2684 2687
f 2685 2687 2688
f 2685 2689 2686
f 2689 2688 2690
f 2689 2691 2627
f 2691 2690 2633
f 2691 2633 2631
f 2692 2690 2693
f 2692 2694 2637
f 2692 2637 2634
f 2695 2694 2696
f 2695 2697 2698
f 2695 2698 2638
f 2698 2699 2700
f 2698 2701 2638
f 2701 2700 2702
f 2701 2703 2639
f 2702 2700 2704
f 2702 2704 2705
f 2702 2706 2703
f 2705 2704 2707
f 2705 2707 2708
f 2705 2649 2706
f 2708 2707 2709
f 2708 2709 2710
f 2708 2710 2650
f 2710 2711 2712
f 2710 2712 2652
f 2712 2713 2714
f 2712 2714 2654
f 2714 2715 2716
f 2714 2716 2654
f 2716 2717 2718
f 2716 2718 2657
f 2718 2719 2720
f 2718 2720 2660
f 2720 2721 2722
f 2720 2722 2662
f 2722 2723 2724
f 2722 2724 2664
f 2724 2725 2726
f 2724 2726 2666
f 2726 2727 2728
f 2726 2728 2668
f 2728 2729 2730
f 2728 2731 2668
f 2731 2730 2732
f 2731 2733 2669
f 2733 2732 2734
f 2733 2734 2735
f 2735 2734 2736
f 2735 2736 2737
f 2735 2738 2671
f 2737 2736 2739
f 2737 2739 2740
f 2737 2741 2738
f 2740 2739 2742
f 2740 2742 2743
f 2740 2744 2741
f 2742 2745 2746
f 2742 2747 2743
f 2747 2746 2748
f 2747 2749 2687
f 2749 2748 2750
f 2749 2693 2688
f 2750 2748 2751
f 2750 2751 2696
f 2750 2696 2694
f 2752 2751 2753
f 2752 2754 2755
f 2752 2755 2697
f 2755 2756 2757
f 2755 2757 2699
f 2757 2758 2759
f 2757 2760 2699
f 2759 2758 2761
f 2759 2761 2762
f 2759 2763 2760
f 2762 2761 2764
f 2762 2764 2765
f 2762 2766 2763
f 2765 2764 2767
f 2765 2767 2768
f 2765 2769 2766
f 2769 2768 2770
f 2769 2771 2709
f 2771 2770 2772
f 2771 2773 2713
f 2773 2772 2774
f 2773 2774 2715
f 2774 2775 2776
f 2774 2776 2717
f 2776 2777 2778
f 2776 2778 2719
f 2778 2779 2780
f 2778 2780 2721
f 2780 2781 2782
f 2780 2782 2723
f 2782 2783 2784
f 2782 2784 2725
f 2784 2785 2786
f 2784 2786 2727
f 2786 206 2787
f 2786 2787 2729
f 2787 209 2788
f 2787 2789 2729
f 2789 2788 2790
f 2789 2791 2730
f 2791 2790 2792
f 2791 2793 2794
f 2793 2792 2795
f 2793 2795 2796
f 2796 2795 2797
f 2796 2797 2798
f 2796 2799 2794
f 2798 2797 2800
f 2798 2800 2801
f 2798 2802 2799
f 2801 2800 2803
f 2801 2804 2745
f 2801 2745 2802
f 2804 2803 2805
f 2804 2806 2746
f 2805 2803 2807
f 2805 2807 2753
f 2805 2753 2806
f 2808 2807 2809
f 2808 2810 2811
f 2808 2811 2754
f 2811 2812 2813
f 2811 2813 2756
f 2813 2814 2815
f 2813 2816 2756
f 2815 2814 2817
f 2815 2817 2818
f 2815 2819 2816
f 2818 2817 2820
f 2818 2820 2821
f 2818 2822 2819
f 2821 2820 2823
f 2821 2823 2824
f 2821 2825 2822
f 2825 2824 2826
f 2825 2827 2767
f 2827 2826 2828
f 2827 2829 2768
f 2829 2828 2830
f 2829 2831 2770
f 2831 2830 2832
f 2831 2832 2775
f 2832 2833 2834
f 2832 2834 2777
f 2834 2835 2836
f 2834 2836 2779
f 2836 2837 2838
f 2836 2838 2781
f 2838 2839 2840
f 2838 2840 2783
f 2840 2841 207
f 2840 207 2785
f 2841 2839 2842
f 2841 2843 210
f 2844 2843 2845
f 2844 2846 2847
f 2844 2847 208
f 2847 2848 2788
f 2847 2788 209
f 2848 2846 2849
f 2848 2850 2790
f 2850 2849 2851
f 2850 2852 2853
f 2852 2851 2854
f 2852 2854 2855
f 2855 2854 2856
f 2855 2856 2857
f 2855 2858 2853
f 2857 2856 2859
f 2857 2859 2860
f 2857 2861 2858
f 2859 2862 2809
f 2859 2809 2807
f 2863 2862 2864
f 2863 2865 2866
f 2863 2866 2810
f 2866 2867 100
f 2866 100 2812
f 2867 2865 2868
f 2867 2869 98
f 2869 2868 2870
f 2869 2871 99
f 2871 2870 105
f 2871 2872 2873
f 2872 105 104
f 2872 2874 2823
f 2874 104 2875
f 2874 2876 2824
f 2876 2875 2877
f 2876 2877 2826
f 2877 2878 2879
f 2877 2879 2828
f 2879 2880 2881
f 2879 2881 2833
f 2880 2878 2882
f 2880 2883 81
f 2883 2882 2884
f 2883 2885 2886
f 2887 2888 2886
f 2887 2885 2889
f 2887 2890 2845
f 2890 2889 2851
f 2890 2849 2846
f 2889 2885 2891
f 2889 2891 2892
f 2891 2884 2893
f 2891 2893 2894
f 2894 2893 2895
f 2894 2895 2864
f 2894 2896 2892
f 2895 2897 2868
f 2895 2868 2865
f 2897 2893 2898
f 2897 102 2870
f 2888 2842 82
f 2888 2845 2843
f 2884 2882 2898
f 2882 2878 103
f 2864 2862 2896
f 2842 2839 83
f 2837 2835 80
f 2835 2833 2881
f 2873 2820 96
f 2814 2812 97
f 2860 2803 2861
f 2743 2684 2744
f 2562 2559 1109
f 2509 1844 2369
f 1447 1446 2329
f 1367 2311 21
f 1152 1150 1867
f 1179 74 73
f 1058 1055 2569
f 1055 1053 1427
f 915 29 911
f 846 844 122
f 814 810 108
f 806 1296 2899
f 1297 800 196
f 794 1288 194
f 753 898 749
f 693 691 1193
f 1027 645 1028
f 618 616 901
f 616 614 42
f 506 566 607
f 349 347 183
f 345 344 181
f 277 276 134
f 77 691 55
f 1890 1889 1892
f 75 77 1
f 1 3 71
f 5 2569 6
f 4 8 5
f 9 151 7
f 6 1427 10
f 4 11 9
f 12 14 15
f 15 1246 16
f 16 1244 17
f 12 18 19
f 19 156 13
f 20 22 25
f 20 24 1373
f 25 46 23
f 26 28 29
f 29 989 30
f 31 33 27
f 30 995 32
f 32 1008 31
f 33 1013 34
f 35 908 28
f 34 905 35
f 36 38 39
f 39 898 40
f 41 141 37
f 40 901 42
f 36 43 41
f 25 44 45
f 45 2318 46
f 47 49 51
f 50 144 48
f 51 580 52
f 52 588 53
f 47 54 50
f 55 689 2
f 57 1057 58
f 56 59 60
f 56 61 62
f 56 63 64
f 64 1048 57
f 23 66 24
f 67 2329 65
f 46 2324 67
f 59 662 68
f 68 660 69
f 60 70 61
f 3 1104 72
f 72 1113 73
f 71 74 75
f 76 1193 77
f 78 1191 76
f 74 1178 78
f 80 2881 81
f 81 2886 82
f 79 83 80
f 84 86 89
f 84 88 85
f 89 1785 87
f 91 1797 92
f 92 1775 93
f 90 94 91
f 96 2817 97
f 95 99 96
f 95 100 98
f 102 2898 103
f 103 2875 104
f 101 105 102
f 107 1301 108
f 108 2899 109
f 106 110 107
f 111 113 115
f 114 2211 112
f 111 116 114
f 118 953 119
f 117 121 118
f 117 122 120
f 123 125 128
f 123 127 124
f 128 1867 126
f 129 131 134
f 129 133 130
f 134 322 132
f 135 137 139
f 138 720 136
f 139 733 140
f 140 741 141
f 141 41 138
f 142 607 143
f 54 598 142
f 143 565 144
f 146 1434 147
f 145 148 149
f 149 1810 150
f 150 2558 151
f 151 9 146
f 152 154 155
f 155 2223 156
f 152 19 1972
f 157 159 160
f 160 2494 161
f 157 162 158
f 164 1741 165
f 163 166 167
f 167 1751 164
f 168 170 171
f 168 172 173
f 173 1658 169
f 175 2370 176
f 174 177 178
f 174 179 175
f 181 415 182
f 180 184 181
f 180 185 183
f 186 188 189
f 186 190 191
f 186 192 187
f 193 195 197
f 196 797 194
f 193 198 196
f 199 201 203
f 202 2214 200
f 199 204 202
f 206 2785 207
f 205 209 206
f 205 210 208
f 211 213 216
f 211 215 212
f 211 217 214
f 218 220 222
f 221 2120 219
f 218 223 221
f 225 2132 226
f 224 228 225
f 224 229 227
f 231 821 232
f 230 234 231
f 230 235 233
f 236 238 241
f 236 240 237
f 236 242 239
f 241 263 243
f 242 244 245
f 245 246 239
f 246 247 248
f 248 250 249
f 246 240 239
f 250 283 251
f 249 252 240
f 252 253 254
f 254 256 255
f 252 237 240
f 256 258 257
f 255 238 237
f 258 296 259
f 257 260 238
f 259 302 261
f 260 262 263
f 263 241 238
f 262 264 265
f 265 267 266
f 266 243 263
f 266 268 269
f 269 244 243
f 269 270 271
f 271 272 244
f 272 273 274
f 274 275 247
f 272 245 244
f 275 276 277
f 277 279 278
f 275 248 247
f 279 281 280
f 278 250 248
f 281 284 282
f 280 283 250
f 284 339 285
f 285 286 283
f 286 287 288
f 288 289 253
f 286 251 283
f 289 290 291
f 291 188 292
f 289 254 253
f 292 187 293
f 292 256 254
f 293 192 294
f 293 258 256
f 192 297 295
f 294 296 258
f 297 360 298
f 295 299 296
f 298 367 300
f 299 301 302
f 302 259 296
f 300 370 303
f 303 304 264
f 301 261 302
f 304 305 306
f 306 308 307
f 304 265 264
f 308 310 309
f 307 267 265
f 309 311 312
f 312 268 267
f 312 313 314
f 314 270 268
f 314 315 316
f 316 317 270
f 317 318 319
f 319 320 273
f 317 271 270
f 320 321 322
f 322 134 276
f 320 274 273
f 319 318 323
f 321 324 325
f 325 132 322
f 325 326 327
f 327 133 132
f 326 397 328
f 327 329 133
f 329 330 331
f 329 332 333
f 333 130 133
f 333 334 335
f 335 131 130
f 335 281 279
f 279 277 131
f 332 337 336
f 334 284 281
f 337 340 338
f 336 339 284
f 338 341 342
f 342 343 339
f 343 344 345
f 345 346 287
f 343 285 339
f 346 184 347
f 347 348 290
f 346 288 287
f 348 349 350
f 350 352 351
f 348 291 290
f 352 190 189
f 189 188 291
f 352 353 354
f 354 355 190
f 355 356 357
f 357 359 358
f 355 191 190
f 358 360 297
f 358 192 191
f 359 361 362
f 359 363 360
f 363 364 365
f 363 366 367
f 367 298 360
f 365 434 368
f 366 369 370
f 370 300 367
f 368 439 371
f 369 372 305
f 305 303 370
f 372 373 374
f 374 376 375
f 372 306 305
f 376 378 377
f 375 308 306
f 378 380 379
f 377 310 308
f 379 381 382
f 382 311 310
f 382 383 384
f 384 313 311
f 384 385 386
f 386 315 313
f 386 387 388
f 388 389 315
f 389 390 391
f 391 323 318
f 389 316 315
f 391 392 393
f 393 324 323
f 392 395 394
f 393 326 324
f 395 398 396
f 394 397 326
f 396 399 400
f 400 401 397
f 401 402 403
f 403 404 330
f 401 328 397
f 404 405 406
f 406 408 407
f 404 331 330
f 407 340 337
f 337 332 331
f 408 409 410
f 410 341 340
f 410 411 412
f 412 413 341
f 413 414 415
f 415 181 344
f 413 342 341
f 412 411 416
f 414 417 418
f 418 182 415
f 418 419 420
f 420 185 182
f 420 421 422
f 422 423 185
f 423 424 353
f 423 350 349
f 349 183 185
f 422 421 425
f 424 426 356
f 356 354 353
f 425 490 427
f 427 428 361
f 426 357 356
f 428 429 430
f 430 431 364
f 428 362 361
f 431 432 433
f 433 435 434
f 431 365 364
f 435 436 437
f 435 438 439
f 439 368 434
f 437 500 440
f 438 441 373
f 373 371 439
f 440 505 442
f 442 444 443
f 441 374 373
f 444 446 445
f 443 376 374
f 446 448 447
f 445 378 376
f 448 450 449
f 447 380 378
f 449 451 452
f 452 381 380
f 452 453 454
f 454 383 381
f 454 455 456
f 456 385 383
f 456 457 458
f 458 387 385
f 458 459 460
f 460 461 387
f 461 462 463
f 463 392 390
f 461 388 387
f 462 465 464
f 463 395 392
f 465 467 466
f 464 398 395
f 466 468 469
f 469 399 398
f 469 470 471
f 471 472 399
f 472 473 474
f 474 475 402
f 472 400 399
f 475 476 477
f 477 478 405
f 475 403 402
f 478 479 480
f 480 411 409
f 478 406 405
f 479 482 481
f 481 416 411
f 481 483 484
f 484 417 416
f 484 485 486
f 486 419 417
f 486 487 488
f 488 421 419
f 488 489 490
f 490 425 421
f 487 554 491
f 489 492 429
f 429 427 490
f 491 557 493
f 493 494 432
f 492 430 429
f 494 495 496
f 496 497 436
f 494 433 432
f 497 498 499
f 499 501 500
f 497 437 436
f 501 502 503
f 501 504 505
f 505 440 500
f 503 566 506
f 504 507 508
f 508 442 505
f 507 510 509
f 508 444 442
f 510 512 511
f 509 446 444
f 512 514 513
f 511 448 446
f 514 516 515
f 513 450 448
f 516 518 517
f 517 451 450
f 517 519 520
f 520 453 451
f 520 521 522
f 522 455 453
f 522 523 524
f 524 457 455
f 524 525 526
f 526 459 457
f 526 527 528
f 528 529 459
f 528 531 530
f 529 465 462
f 529 460 459
f 531 533 532
f 530 467 465
f 532 534 535
f 535 468 467
f 535 536 537
f 537 470 468
f 537 538 539
f 539 540 470
f 540 541 542
f 542 543 473
f 540 471 470
f 543 544 545
f 545 546 476
f 543 474 473
f 545 548 547
f 546 482 479
f 546 477 476
f 548 550 549
f 549 483 482
f 549 551 552
f 552 485 483
f 552 553 554
f 554 487 485
f 551 647 555
f 553 556 557
f 557 491 554
f 555 650 558
f 556 559 495
f 495 493 557
f 558 653 560
f 560 561 498
f 559 496 495
f 560 655 562
f 562 563 502
f 561 499 498
f 563 564 565
f 563 143 566
f 563 503 502
f 564 568 569
f 569 144 565
f 562 655 567
f 569 570 571
f 571 48 144
f 571 572 573
f 573 49 48
f 572 664 574
f 573 575 49
f 574 670 576
f 576 578 577
f 575 51 49
f 578 581 579
f 577 580 51
f 581 679 582
f 579 583 580
f 582 685 584
f 583 585 586
f 586 52 580
f 585 589 587
f 586 588 52
f 589 697 590
f 587 591 588
f 590 702 592
f 591 593 594
f 594 53 588
f 594 595 596
f 596 54 53
f 595 599 597
f 596 598 54
f 599 713 600
f 597 601 598
f 600 719 602
f 601 603 604
f 604 142 598
f 604 605 606
f 606 607 142
f 606 510 507
f 507 506 607
f 603 609 608
f 605 512 510
f 609 611 610
f 608 514 512
f 611 613 612
f 610 516 514
f 612 614 615
f 615 518 516
f 615 616 617
f 617 519 518
f 617 618 619
f 619 521 519
f 619 620 621
f 621 523 521
f 621 622 623
f 623 525 523
f 623 624 625
f 625 527 525
f 624 906 626
f 625 627 527
f 626 629 628
f 627 533 531
f 531 528 527
f 628 630 631
f 631 534 533
f 631 632 633
f 633 536 534
f 633 634 635
f 635 538 536
f 635 636 637
f 637 638 538
f 638 639 640
f 640 641 541
f 638 539 538
f 640 1028 642
f 641 643 544
f 641 542 541
f 642 645 644
f 643 550 548
f 548 545 544
f 644 646 647
f 647 551 550
f 645 1027 648
f 646 649 650
f 650 555 647
f 648 1031 651
f 649 652 653
f 653 558 650
f 651 656 654
f 652 567 655
f 655 560 653
f 656 658 657
f 654 568 567
f 658 660 659
f 657 570 568
f 660 68 661
f 659 572 570
f 661 662 663
f 661 664 572
f 663 665 666
f 663 667 664
f 666 1069 668
f 667 669 670
f 670 574 664
f 668 1073 671
f 669 672 673
f 673 576 670
f 673 674 675
f 673 578 576
f 674 677 676
f 675 581 578
f 677 680 678
f 676 679 581
f 680 1088 681
f 678 682 679
f 681 1095 683
f 682 684 685
f 685 582 679
f 684 686 687
f 687 689 688
f 688 584 685
f 689 55 690
f 690 585 584
f 690 691 692
f 692 589 585
f 692 693 694
f 694 697 589
f 694 695 696
f 696 698 697
f 698 699 700
f 698 701 702
f 702 590 697
f 700 1201 703
f 701 704 705
f 705 592 702
f 705 706 707
f 707 593 592
f 706 709 708
f 708 595 593
f 709 711 710
f 708 599 595
f 711 714 712
f 710 713 599
f 714 725 715
f 712 716 713
f 715 724 717
f 716 718 719
f 719 600 713
f 717 136 720
f 718 721 722
f 722 602 719
f 722 611 609
f 609 603 602
f 720 138 723
f 721 613 611
f 723 41 43
f 43 614 613
f 724 137 136
f 724 725 726
f 726 727 137
f 727 728 729
f 729 731 730
f 727 139 137
f 731 734 732
f 730 733 139
f 734 1229 735
f 732 736 733
f 735 1235 737
f 736 738 739
f 739 140 733
f 738 742 740
f 739 741 140
f 742 1248 743
f 740 744 741
f 744 141 741
f 743 746 745
f 745 38 37
f 746 1256 747
f 745 748 38
f 748 39 38
f 747 1255 750
f 750 751 749
f 751 753 749
f 751 754 755
f 755 756 752
f 756 758 752
f 756 759 760
f 760 761 757
f 762 892 757
f 761 763 764
f 761 765 762
f 766 889 762
f 764 1266 767
f 765 768 766
f 769 886 766
f 767 1270 770
f 768 771 769
f 772 881 769
f 770 1274 773
f 771 774 772
f 774 776 772
f 773 1278 777
f 777 778 775
f 778 780 775
f 778 781 782
f 782 783 779
f 783 785 779
f 783 786 787
f 787 788 784
f 789 871 784
f 788 790 791
f 788 792 789
f 793 868 789
f 791 1288 794
f 792 795 793
f 796 865 793
f 794 194 797
f 795 798 796
f 799 862 796
f 797 196 800
f 798 801 799
f 802 859 799
f 800 1297 803
f 801 804 802
f 805 854 802
f 803 1296 806
f 804 807 805
f 807 809 805
f 806 2899 810
f 810 811 808
f 811 813 808
f 811 814 815
f 815 816 812
f 816 818 812
f 815 1306 819
f 816 820 817
f 821 841 817
f 819 823 822
f 820 232 821
f 823 825 824
f 822 235 232
f 825 1310 826
f 826 827 235
f 827 828 829
f 829 831 830
f 830 233 235
f 831 833 832
f 832 234 233
f 832 834 835
f 835 836 234
f 836 837 838
f 838 840 839
f 836 231 234
f 840 842 841
f 839 821 231
f 842 843 844
f 844 845 818
f 842 817 841
f 845 846 847
f 847 848 813
f 845 812 818
f 848 849 850
f 850 851 809
f 848 808 813
f 851 852 853
f 853 855 854
f 851 805 809
f 855 856 857
f 855 858 859
f 859 802 854
f 857 944 860
f 858 861 862
f 862 799 859
f 860 941 863
f 861 864 865
f 865 796 862
f 863 937 866
f 864 867 868
f 868 793 865
f 866 934 869
f 867 870 871
f 871 789 868
f 869 931 872
f 870 873 785
f 785 784 871
f 872 928 874
f 874 875 780
f 873 779 785
f 875 876 877
f 877 878 776
f 875 775 780
f 878 879 880
f 880 882 881
f 878 772 776
f 882 883 884
f 882 885 886
f 886 769 881
f 884 916 887
f 885 888 889
f 889 766 886
f 887 912 890
f 888 891 892
f 892 762 889
f 890 909 893
f 891 894 758
f 758 757 892
f 893 896 895
f 895 898 753
f 894 752 758
f 896 899 897
f 897 40 898
f 899 902 900
f 897 901 40
f 902 622 620
f 900 618 901
f 902 903 904
f 904 624 622
f 903 35 905
f 904 906 624
f 899 896 907
f 903 908 35
f 896 893 909
f 907 910 908
f 911 28 908
f 909 890 912
f 910 913 911
f 913 915 911
f 912 887 916
f 916 917 914
f 917 919 914
f 917 884 883
f 883 920 918
f 920 922 918
f 920 880 879
f 879 923 921
f 923 925 921
f 923 877 876
f 923 926 924
f 927 981 924
f 876 874 928
f 926 929 927
f 930 978 927
f 928 872 931
f 929 932 930
f 933 975 930
f 931 869 934
f 932 935 933
f 936 970 933
f 934 866 937
f 935 938 936
f 938 940 936
f 937 863 941
f 938 942 939
f 943 966 939
f 941 860 944
f 942 945 943
f 946 962 943
f 944 857 856
f 945 947 946
f 948 963 946
f 947 853 852
f 852 949 948
f 949 951 948
f 949 850 849
f 849 952 950
f 952 953 950
f 952 847 846
f 846 122 119
f 951 955 956
f 956 963 948
f 950 953 954
f 956 957 958
f 956 959 963
f 958 1345 960
f 959 961 962
f 962 946 963
f 960 1348 964
f 961 965 966
f 966 943 962
f 964 1351 967
f 965 968 940
f 940 939 966
f 967 1354 969
f 969 971 970
f 968 936 940
f 971 972 973
f 971 974 975
f 975 933 970
f 973 1358 976
f 974 977 978
f 978 930 975
f 976 1363 979
f 977 980 981
f 981 927 978
f 979 1366 982
f 980 983 925
f 925 924 981
f 982 1369 984
f 984 985 922
f 983 921 925
f 984 1371 986
f 986 987 919
f 985 918 922
f 987 988 989
f 989 29 915
f 987 914 919
f 988 991 992
f 992 30 989
f 986 1371 990
f 992 993 994
f 992 995 30
f 994 996 997
f 994 998 995
f 997 1382 999
f 998 1000 1001
f 1001 32 995
f 1000 1003 1002
f 1002 1008 32
f 1003 1393 1004
f 1002 1005 1008
f 1004 1399 1006
f 1006 1009 1007
f 1007 31 1008
f 1009 1011 1010
f 1007 33 31
f 1011 1014 1012
f 1010 1013 33
f 1014 1018 1015
f 1012 1016 1013
f 1017 34 1013
f 1015 632 630
f 1016 629 1017
f 1017 905 34
f 629 626 906
f 1018 634 632
f 1018 1019 1020
f 1020 636 634
f 1020 1021 1022
f 1020 1023 636
f 1022 1034 1024
f 1023 1025 639
f 1023 637 636
f 1024 1029 1026
f 1025 1027 1028
f 1028 640 639
f 1026 1030 1031
f 1031 648 1027
f 1029 1033 1032
f 1030 658 656
f 656 651 1031
f 1033 70 69
f 1032 660 658
f 1033 1035 70
f 1029 1024 1034
f 1035 1036 1037
f 1037 61 70
f 1034 1022 1021
f 1036 1039 1038
f 1037 62 61
f 1039 1041 1040
f 1038 63 62
f 1041 1402 1042
f 1040 1043 63
f 1042 1408 1044
f 1044 1046 1045
f 1043 64 63
f 1046 1049 1047
f 1045 1048 64
f 1049 1417 1050
f 1047 1051 1048
f 1051 1052 1053
f 1053 1055 1054
f 1054 57 1048
f 1055 1058 1056
f 1054 1057 57
f 1058 2571 1059
f 1056 1060 1057
f 1059 2576 1061
f 1060 1062 1063
f 1063 58 1057
f 1062 1065 1064
f 1063 59 58
f 1065 1066 665
f 1064 662 59
f 1066 1067 1068
f 1068 1070 1069
f 1066 666 665
f 1070 1071 1072
f 1072 1074 1073
f 1073 668 1069
f 1074 1075 1076
f 1074 1077 1078
f 1078 671 1073
f 1078 1079 1080
f 1080 672 671
f 1079 1082 1081
f 1081 674 672
f 1082 1084 1083
f 1081 677 674
f 1084 1086 1085
f 1083 680 677
f 1086 1089 1087
f 1085 1088 680
f 1087 1090 1091
f 1087 1092 1088
f 1092 1093 1094
f 1094 1096 1095
f 1092 681 1088
f 1096 1097 1098
f 1098 1099 686
f 1096 683 1095
f 1098 2616 1100
f 1100 1102 1101
f 1099 687 686
f 1102 3 2
f 1101 689 687
f 1100 1105 1103
f 1102 1104 3
f 1105 2618 1106
f 1103 1107 1104
f 1107 1108 1109
f 1109 1111 1110
f 1107 72 1104
f 1111 1114 1112
f 1110 1113 72
f 1114 2554 1115
f 1112 1116 1113
f 1117 73 1113
f 1115 2552 1118
f 1116 1119 1117
f 1120 1179 1117
f 1118 2549 1121
f 1119 1122 1120
f 1122 1124 1120
f 1121 2546 1125
f 1125 1126 1123
f 1126 1128 1123
f 1126 1129 1130
f 1130 1131 1127
f 1131 1133 1127
f 1131 1134 1135
f 1135 1136 1132
f 1137 1168 1132
f 1136 1138 1139
f 1136 1140 1137
f 1141 1165 1137
f 1139 2538 1142
f 1140 1143 1141
f 1144 1159 1141
f 1142 2535 1145
f 1143 1146 1144
f 1147 1155 1144
f 1145 2533 1148
f 1146 1149 1147
f 1148 2531 127
f 1149 126 1150
f 1150 1151 1147
f 1151 1152 1153
f 1153 1156 1154
f 1151 1155 1147
f 1156 1876 1157
f 1154 1158 1155
f 1159 1144 1155
f 1158 1160 1161
f 1158 1162 1159
f 1161 1882 1163
f 1162 1164 1165
f 1165 1141 1159
f 1163 1885 1166
f 1164 1167 1168
f 1168 1137 1165
f 1166 1891 1169
f 1169 1170 1133
f 1167 1132 1168
f 1170 1171 1172
f 1172 1173 1128
f 1170 1127 1133
f 1173 1174 1175
f 1175 1176 1124
f 1173 1123 1128
f 1176 1177 1178
f 1178 74 1179
f 1176 1120 1124
f 1177 1181 1182
f 1182 78 1178
f 1175 1174 1180
f 1182 1183 1184
f 1184 1191 78
f 1184 1185 1186
f 1184 1187 1191
f 1186 1907 1188
f 1187 1189 1190
f 1190 76 1191
f 1189 1194 1192
f 1190 1193 76
f 1194 1195 695
f 1192 693 1193
f 1195 1196 1197
f 1197 1198 699
f 1195 696 695
f 1198 1199 1200
f 1200 1202 1201
f 1198 700 699
f 1202 1203 1204
f 1202 1205 1206
f 1206 703 1201
f 1206 1207 1208
f 1208 704 703
f 1208 1209 1210
f 1210 706 704
f 1210 1211 1212
f 1210 709 706
f 1211 1214 1213
f 1212 711 709
f 1214 1216 1215
f 1213 714 711
f 1216 1218 1217
f 1215 725 714
f 1218 1219 728
f 1217 726 725
f 1219 1220 1221
f 1219 1222 1223
f 1219 729 728
f 1222 1225 1224
f 1223 731 729
f 1225 1227 1226
f 1224 734 731
f 1227 1230 1228
f 1226 1229 734
f 1230 1952 1231
f 1228 1232 1229
f 1232 1233 1234
f 1234 1236 1235
f 1235 735 1229
f 1236 1237 1238
f 1238 1240 1239
f 1236 737 1235
f 1240 1242 1241
f 1239 738 737
f 1242 1244 1243
f 1241 742 738
f 1244 16 1245
f 1245 1248 742
f 1245 1246 1247
f 1247 1249 1248
f 1249 743 1248
f 1249 1250 1251
f 1251 1256 746
f 1251 1252 1253
f 1251 1254 1256
f 1255 747 1256
f 1253 2244 1257
f 1254 1258 1255
f 754 750 1255
f 1257 2529 1259
f 1258 1260 754
f 1260 755 754
f 1259 2528 1261
f 1261 1262 759
f 1262 760 759
f 1262 1263 1264
f 1264 1265 763
f 1265 764 763
f 1265 1267 1268
f 1268 1269 1266
f 1270 767 1266
f 1269 1271 1272
f 1269 1273 1270
f 1274 770 1270
f 1273 1275 1276
f 1273 1277 1274
f 1278 773 1274
f 1276 2266 1279
f 1277 1280 1278
f 781 777 1278
f 1279 2268 1281
f 1280 1282 781
f 1282 782 781
f 1281 2270 1283
f 1283 1284 786
f 1284 787 786
f 1284 1285 1286
f 1286 1287 790
f 1287 791 790
f 1287 1289 1290
f 1290 195 1288
f 1290 1291 1292
f 1292 197 195
f 1292 1293 1294
f 1294 198 197
f 1295 1297 198
f 1294 110 1295
f 1296 803 1297
f 1295 109 1296
f 1291 1299 1298
f 1293 107 110
f 1299 1302 1300
f 1298 1301 107
f 1302 1308 1303
f 1303 1304 1301
f 1304 1305 1306
f 1306 815 814
f 1304 108 1301
f 1303 1308 1307
f 1305 825 823
f 823 819 1306
f 1308 1311 1309
f 1307 1310 825
f 1311 2271 1312
f 1309 1313 1310
f 1313 1314 1315
f 1315 1316 828
f 1313 826 1310
f 1316 1317 1318
f 1318 1320 1319
f 1316 829 828
f 1320 1322 1321
f 1319 831 829
f 1321 1323 1324
f 1324 833 831
f 1324 1325 1326
f 1326 834 833
f 1325 2283 1327
f 1326 1328 834
f 1327 1333 1329
f 1329 1330 837
f 1328 835 834
f 1329 1332 121
f 121 120 1331
f 1330 838 837
f 120 122 843
f 1331 840 838
f 1332 1333 1334
f 1334 1336 1335
f 1332 118 121
f 1336 955 954
f 1335 953 118
f 1336 1337 1338
f 1338 957 955
f 1338 1339 1340
f 1340 1341 957
f 1341 1342 1343
f 1341 1344 1345
f 1341 958 957
f 1343 2291 1346
f 1344 1347 1348
f 1348 960 1345
f 1346 2296 1349
f 1347 1350 1351
f 1351 964 1348
f 1349 2299 1352
f 1350 1353 1354
f 1354 967 1351
f 1352 2302 1355
f 1353 1356 972
f 972 969 1354
f 1355 2305 1357
f 1357 1359 1358
f 1356 973 972
f 1359 1360 1361
f 1359 1362 1363
f 1363 976 1358
f 1361 2310 1364
f 1362 1365 1366
f 1366 979 1363
f 1364 2311 1367
f 1365 1368 1369
f 1369 982 1366
f 1367 21 1370
f 1368 990 1371
f 1371 984 1369
f 21 20 1372
f 1370 991 990
f 1372 1373 1374
f 1374 993 991
f 1374 1375 1376
f 1376 996 993
f 1376 1377 1378
f 1378 1379 996
f 1379 1380 1381
f 1381 1383 1382
f 1379 997 996
f 1383 1384 1385
f 1383 1386 1387
f 1387 999 1382
f 1387 1388 1389
f 1389 1000 999
f 1388 1391 1390
f 1389 1003 1000
f 1391 1394 1392
f 1390 1393 1003
f 1394 1479 1395
f 1392 1396 1393
f 1396 1397 1398
f 1398 1400 1399
f 1399 1004 1393
f 1400 1401 1402
f 1402 1041 1403
f 1400 1006 1399
f 1041 1039 1404
f 1403 1009 1006
f 1039 1036 1405
f 1404 1011 1009
f 1036 1021 1019
f 1405 1014 1011
f 1398 1397 1406
f 1401 1407 1408
f 1408 1042 1402
f 1406 1485 1409
f 1407 1410 1411
f 1411 1044 1408
f 1410 1413 1412
f 1411 1046 1044
f 1413 1415 1414
f 1412 1049 1046
f 1415 1418 1416
f 1414 1417 1049
f 1416 1419 1420
f 1420 1421 1417
f 1421 1422 1423
f 1423 1424 1052
f 1421 1050 1417
f 1424 1425 1426
f 1426 10 1427
f 1424 1053 1052
f 1426 1428 1429
f 1429 11 10
f 1429 1430 1431
f 1431 1432 11
f 1431 1435 1433
f 1432 1434 146
f 1432 9 11
f 1435 1442 1436
f 1433 1437 1434
f 1437 1439 1440
f 1440 147 1434
f 1436 1441 1438
f 1441 1442 1443
f 1443 1450 1444
f 1441 1445 1438
f 1445 1447 1448
f 1448 1439 1438
f 1444 1449 1446
f 1449 1450 1451
f 1451 1452 66
f 1449 65 1446
f 1452 1453 1454
f 1454 1456 1455
f 1452 24 66
f 1456 1377 1375
f 1455 1373 24
f 1456 1457 1458
f 1458 1459 1377
f 1459 1460 1461
f 1461 1462 1380
f 1459 1378 1377
f 1462 1463 1464
f 1464 1465 1384
f 1462 1381 1380
f 1465 1466 1467
f 1467 1469 1468
f 1465 1385 1384
f 1468 1470 1471
f 1471 1386 1385
f 1471 1472 1473
f 1473 1388 1386
f 1473 1474 1475
f 1475 1391 1388
f 1474 1477 1476
f 1475 1394 1391
f 1477 1480 1478
f 1476 1479 1394
f 1478 1481 1482
f 1482 1483 1479
f 1483 1484 1485
f 1485 1406 1397
f 1483 1395 1479
f 1482 1481 1486
f 1484 1487 1488
f 1488 1409 1485
f 1488 1489 1490
f 1490 1410 1409
f 1489 1492 1491
f 1490 1413 1410
f 1492 1494 1493
f 1491 1415 1413
f 1494 1496 1495
f 1493 1418 1415
f 1496 1498 1497
f 1497 1419 1418
f 1497 1499 1500
f 1500 1501 1419
f 1501 1502 1503
f 1503 1504 1422
f 1501 1420 1419
f 1504 1505 1506
f 1506 1428 1425
f 1504 1423 1422
f 1505 1508 1507
f 1506 1430 1428
f 1508 1573 1509
f 1507 1510 1430
f 1509 1512 1511
f 1510 1442 1435
f 1435 1431 1430
f 1512 1514 1513
f 1511 1443 1442
f 1514 1516 1515
f 1513 1450 1443
f 1516 1517 1453
f 1515 1451 1450
f 1517 1518 1519
f 1519 1520 1457
f 1517 1454 1453
f 1520 1521 1522
f 1522 1523 1460
f 1520 1458 1457
f 1523 1524 1525
f 1525 1526 1463
f 1523 1461 1460
f 1526 1527 1528
f 1528 1529 1466
f 1526 1464 1463
f 1529 1530 1531
f 1531 1533 1532
f 1529 1467 1466
f 1533 1535 1534
f 1532 1469 1467
f 1534 1536 1537
f 1537 1470 1469
f 1537 1538 1539
f 1539 1472 1470
f 1539 1540 1541
f 1541 1474 1472
f 1540 1543 1542
f 1541 1477 1474
f 1543 1545 1544
f 1542 1480 1477
f 1544 1546 1547
f 1547 1481 1480
f 1547 1548 1549
f 1549 1486 1481
f 1549 1550 1551
f 1551 1487 1486
f 1551 1552 1553
f 1553 1489 1487
f 1552 1555 1554
f 1553 1492 1489
f 1555 1557 1556
f 1554 1494 1492
f 1557 1559 1558
f 1556 1496 1494
f 1559 1561 1560
f 1558 1498 1496
f 1560 1562 1563
f 1563 1499 1498
f 1563 1564 1565
f 1565 1566 1499
f 1566 1567 1568
f 1568 1569 1502
f 1566 1500 1499
f 1569 1570 1571
f 1571 1508 1505
f 1569 1503 1502
f 1570 1574 1572
f 1571 1573 1508
f 1574 1639 1575
f 1572 1576 1573
f 1575 1578 1577
f 1576 1514 1512
f 1512 1509 1573
f 1578 1579 1518
f 1577 1516 1514
f 1579 1580 1581
f 1581 1582 1521
f 1579 1519 1518
f 1582 1583 1584
f 1584 1585 1524
f 1582 1522 1521
f 1585 1586 1587
f 1587 1588 1527
f 1585 1525 1524
f 1588 1589 1590
f 1590 1591 1530
f 1588 1528 1527
f 1591 1592 1593
f 1593 1595 1594
f 1591 1531 1530
f 1595 1597 1596
f 1594 1533 1531
f 1597 1599 1598
f 1596 1535 1533
f 1598 1600 1601
f 1601 1536 1535
f 1601 1602 1603
f 1603 1538 1536
f 1603 1604 1605
f 1605 1540 1538
f 1604 1607 1606
f 1605 1543 1540
f 1607 1609 1608
f 1606 1545 1543
f 1608 1610 1611
f 1611 1546 1545
f 1611 1612 1613
f 1613 1548 1546
f 1613 1614 1615
f 1615 1550 1548
f 1614 1617 1616
f 1616 1552 1550
f 1617 1619 1618
f 1616 1555 1552
f 1619 1621 1620
f 1618 1557 1555
f 1621 1623 1622
f 1620 1559 1557
f 1623 1625 1624
f 1622 1561 1559
f 1624 1626 1627
f 1627 1562 1561
f 1627 1628 1629
f 1629 1564 1562
f 1629 1630 1631
f 1631 1632 1564
f 1632 1633 1634
f 1634 1635 1567
f 1632 1565 1564
f 1634 1637 1636
f 1635 1574 1570
f 1635 1568 1567
f 1637 1640 1638
f 1636 1639 1574
f 1640 1642 1641
f 1638 1580 1639
f 1642 1643 1583
f 1641 1581 1580
f 1643 1644 1645
f 1645 1646 1586
f 1643 1584 1583
f 1646 1647 1648
f 1648 1649 1589
f 1646 1587 1586
f 1649 1650 1651
f 1651 1652 1592
f 1649 1590 1589
f 1652 1653 1654
f 1654 1656 1655
f 1652 1593 1592
f 1656 1658 1657
f 1655 1595 1593
f 1658 173 1659
f 1657 1597 1595
f 173 172 1660
f 1659 1599 1597
f 1660 1661 1662
f 1662 1600 1599
f 1662 1663 1664
f 1664 1602 1600
f 1664 1665 1666
f 1666 1604 1602
f 1666 1667 1668
f 1668 1607 1604
f 1668 1669 1670
f 1668 1609 1607
f 1670 1671 1672
f 1672 1610 1609
f 1672 1673 1674
f 1674 1612 1610
f 1673 1676 1675
f 1675 1614 1612
f 1676 1678 1677
f 1675 1617 1614
f 1678 1680 1679
f 1677 1619 1617
f 1680 1682 1681
f 1679 1621 1619
f 1682 1684 1683
f 1681 1623 1621
f 1684 1686 1685
f 1683 1625 1623
f 1686 1688 1687
f 1687 1626 1625
f 1687 1689 1690
f 1690 1628 1626
f 1690 1691 1692
f 1692 1630 1628
f 1692 1693 1694
f 1694 1695 1630
f 1694 1759 1696
f 1695 1697 1633
f 1695 1631 1630
f 1696 1699 1698
f 1697 1640 1637
f 1637 1634 1633
f 1699 1700 1644
f 1698 1642 1640
f 1700 1701 1702
f 1702 1703 1647
f 1700 1645 1644
f 1703 1704 1705
f 1705 1706 1650
f 1703 1648 1647
f 1706 1707 1708
f 1708 1709 1653
f 1706 1651 1650
f 1709 1710 1711
f 1711 1713 1712
f 1709 1654 1653
f 1713 1715 1714
f 1712 1656 1654
f 1715 170 169
f 1714 1658 1656
f 1715 1716 1717
f 1717 1718 170
f 1718 1719 1720
f 1720 1722 1721
f 1718 171 170
f 1722 1663 1661
f 1721 172 171
f 1722 1723 1724
f 1724 1665 1663
f 1724 1725 1726
f 1726 1667 1665
f 1726 1727 1728
f 1728 1669 1667
f 1728 1729 1730
f 1730 1671 1669
f 1729 1732 1731
f 1730 1673 1671
f 1732 1734 1733
f 1731 1676 1673
f 1734 1736 1735
f 1733 1678 1676
f 1736 1738 1737
f 1735 1680 1678
f 1738 1740 1739
f 1737 1682 1680
f 1740 165 1741
f 1739 1684 1682
f 1740 1742 1743
f 1743 166 165
f 1743 1744 1745
f 1745 1746 166
f 1746 86 1747
f 1747 1749 1748
f 1746 167 166
f 1749 1752 1750
f 1748 1751 167
f 1752 1691 1689
f 1750 1688 1751
f 1752 1753 1754
f 1754 1693 1691
f 1754 1755 1756
f 1756 1757 1693
f 1756 1760 1758
f 1757 1701 1759
f 1759 1694 1693
f 1760 1761 1704
f 1758 1702 1701
f 1761 1762 1763
f 1763 1764 1707
f 1761 1705 1704
f 1764 1765 1766
f 1766 1767 1710
f 1764 1708 1707
f 1767 1768 1769
f 1769 1771 1770
f 1767 1711 1710
f 1771 1772 1716
f 1770 1713 1711
f 1772 91 94
f 94 1773 1719
f 1772 1717 1716
f 1773 93 1774
f 1774 1725 1723
f 1773 1720 1719
f 1774 1775 1776
f 1776 1727 1725
f 1776 1777 1778
f 1778 1729 1727
f 1778 1779 1780
f 1778 1732 1729
f 1779 1782 1781
f 1780 1734 1732
f 1782 1784 1783
f 1781 1736 1734
f 1784 1744 1742
f 1783 1738 1736
f 1782 1786 1785
f 1785 89 1744
f 1787 1789 1788
f 1786 87 1785
f 1786 1779 1787
f 1789 1791 1790
f 1788 88 87
f 1790 1765 1792
f 1792 1793 88
f 1794 85 88
f 1793 1762 1755
f 1793 1753 1794
f 1747 86 85
f 1794 1749 1747
f 1792 1763 1762
f 1791 1795 1768
f 1791 1766 1765
f 1789 1787 1796
f 1795 92 1797
f 1795 1769 1768
f 1787 1779 1777
f 1796 1775 92
f 1771 1797 91
f 1760 1756 1755
f 1745 89 86
f 1699 1696 1759
f 1688 164 1751
f 1686 1741 164
f 1578 1575 1639
f 1448 1798 1799
f 1799 1800 1439
f 1800 1801 1802
f 1802 1804 1803
f 1800 1440 1439
f 1804 1805 148
f 1803 147 1440
f 1805 1806 1807
f 1807 1811 1808
f 1805 149 148
f 1808 1810 149
f 1811 1812 1809
f 1812 1814 1809
f 1812 1815 1816
f 1816 1817 1813
f 1817 1819 1813
f 1817 1820 1821
f 1821 1822 1818
f 1823 2551 1818
f 1822 1824 1825
f 1822 1826 1823
f 1827 2548 1823
f 1825 2351 1828
f 1826 1829 1827
f 1830 2545 1827
f 1828 2355 1831
f 1829 1832 1830
f 1833 2542 1830
f 1831 2359 1834
f 1832 1835 1833
f 1836 2540 1833
f 1834 2363 1837
f 1835 1838 1836
f 1838 1840 1836
f 1837 2366 1841
f 1838 1842 1839
f 1843 2537 1839
f 1841 2369 1844
f 1842 1845 1843
f 1845 1847 1843
f 1844 2509 1848
f 1848 1849 1846
f 1849 1851 1846
f 1849 1852 1853
f 1853 1854 1850
f 1854 1856 1850
f 1854 1857 1858
f 1858 1859 1855
f 1859 1860 1861
f 1861 2394 1862
f 1859 1863 1855
f 125 1856 1855
f 1862 1865 1864
f 1863 128 125
f 1865 1868 1866
f 1864 1867 128
f 1868 1870 1869
f 1866 1152 1867
f 1870 1872 1871
f 1869 1153 1152
f 1872 1874 1873
f 1871 1156 1153
f 1874 1877 1875
f 1873 1876 1156
f 1877 2409 1878
f 1875 1879 1876
f 1160 1157 1876
f 1878 2413 1880
f 1879 1881 1160
f 1881 1161 1160
f 1880 2416 1883
f 1883 1884 1882
f 1885 1163 1882
f 1884 1886 1887
f 1884 1888 1885
f 1887 2215 1889
f 1888 1890 1891
f 1891 1166 1885
f 1890 1893 1171
f 1171 1169 1891
f 1893 1894 1895
f 1895 1180 1174
f 1893 1172 1171
f 1895 1896 1897
f 1897 1181 1180
f 1897 1898 1899
f 1899 1183 1181
f 1899 1900 1901
f 1901 1185 1183
f 1901 1902 1903
f 1903 1904 1185
f 1904 1905 1906
f 1906 1908 1907
f 1904 1186 1185
f 1908 1909 1910
f 1908 1911 1912
f 1912 1188 1907
f 1912 1913 1914
f 1914 1189 1188
f 1913 1915 1196
f 1914 1194 1189
f 1915 1916 1917
f 1917 1918 1199
f 1915 1197 1196
f 1918 1919 1920
f 1920 1921 1203
f 1918 1200 1199
f 1921 1922 1923
f 1923 1925 1924
f 1921 1204 1203
f 1924 1926 1927
f 1927 1205 1204
f 1927 1928 1929
f 1929 1207 1205
f 1929 1930 1931
f 1931 1209 1207
f 1931 1932 1933
f 1933 1211 1209
f 1932 1935 1934
f 1933 1214 1211
f 1935 1937 1936
f 1934 1216 1214
f 1937 1938 1220
f 1936 1218 1216
f 1938 1939 1940
f 1940 1942 1941
f 1938 1221 1220
f 1941 1943 1944
f 1944 1222 1221
f 1943 1946 1945
f 1944 1225 1222
f 1946 1948 1947
f 1945 1227 1225
f 1948 1950 1949
f 1947 1230 1227
f 1950 1953 1951
f 1949 1952 1230
f 1953 2028 1954
f 1954 1955 1952
f 1955 1956 1957
f 1957 1958 1233
f 1955 1231 1952
f 1958 1959 1960
f 1960 1961 1237
f 1958 1234 1233
f 1961 1962 1963
f 1963 1965 1964
f 1961 1238 1237
f 1965 1967 1966
f 1964 1240 1238
f 1967 1969 1968
f 1966 1242 1240
f 1969 18 17
f 1968 1244 1242
f 1967 1973 1970
f 1969 1971 18
f 1970 1900 1898
f 1971 1896 1972
f 1972 19 18
f 1973 1902 1900
f 1973 1965 1974
f 1974 1975 1902
f 1975 1976 1977
f 1977 1978 1905
f 1975 1903 1902
f 1978 1979 1980
f 1980 1981 1909
f 1978 1906 1905
f 1981 1982 1983
f 1981 1984 1985
f 1985 1910 1909
f 1985 1986 1987
f 1987 1911 1910
f 1987 1988 1916
f 1916 1913 1911
f 1986 2052 1989
f 1989 1990 1919
f 1988 1917 1916
f 1990 1991 1992
f 1992 1993 1922
f 1990 1920 1919
f 1993 1994 1995
f 1995 1997 1996
f 1993 1923 1922
f 1997 1999 1998
f 1996 1925 1923
f 1998 2000 2001
f 2001 1926 1925
f 2001 2002 2003
f 2003 1928 1926
f 2003 2004 2005
f 2005 1930 1928
f 2005 2006 2007
f 2007 1932 1930
f 2006 2009 2008
f 2007 1935 1932
f 2009 2010 1939
f 2008 1937 1935
f 2010 2011 2012
f 2012 2014 2013
f 2010 1940 1939
f 2014 2016 2015
f 2013 1942 1940
f 2016 2018 2017
f 2017 1943 1942
f 2018 2020 2019
f 2017 1946 1943
f 2020 2022 2021
f 2019 1948 1946
f 2022 2024 2023
f 2021 1950 1948
f 2024 2026 2025
f 2023 1953 1950
f 2026 2029 2027
f 2025 2028 1953
f 2027 2030 2031
f 2031 2032 2028
f 2032 2033 2034
f 2034 2035 1956
f 2032 1954 2028
f 2035 2036 2037
f 2037 2038 1959
f 2035 1957 1956
f 2037 2042 2039
f 2038 2040 1962
f 2038 1960 1959
f 2039 2041 1979
f 2040 1977 1976
f 1976 1963 1962
f 2041 2042 2043
f 2043 2044 1982
f 2041 1980 1979
f 2044 2045 2046
f 2046 2048 2047
f 2044 1983 1982
f 2047 2049 2050
f 2050 1984 1983
f 2050 2051 2052
f 2052 1986 1984
f 2049 2112 2053
f 2051 2054 1991
f 1991 1989 2052
f 2054 2055 2056
f 2056 2057 1994
f 2054 1992 1991
f 2057 2058 2059
f 2059 2061 2060
f 2057 1995 1994
f 2061 2063 2062
f 2060 1997 1995
f 2063 2065 2064
f 2062 1999 1997
f 2064 2066 2067
f 2067 2000 1999
f 2067 2068 2069
f 2069 2002 2000
f 2069 2070 2071
f 2071 2004 2002
f 2071 2072 2073
f 2073 2006 2004
f 2072 2074 2011
f 2073 2009 2006
f 2074 2075 2076
f 2076 2078 2077
f 2074 2012 2011
f 2078 2080 2079
f 2077 2014 2012
f 2080 2082 2081
f 2079 2016 2014
f 2082 2084 2083
f 2081 2018 2016
f 2084 2086 2085
f 2083 2020 2018
f 2086 2088 2087
f 2085 2022 2020
f 2088 2090 2089
f 2087 2024 2022
f 2090 2092 2091
f 2089 2026 2024
f 2092 2094 2093
f 2091 2029 2026
f 2094 2096 2095
f 2093 2030 2029
f 2095 2097 2098
f 2098 2099 2030
f 2099 2100 2101
f 2101 2102 2033
f 2099 2031 2030
f 2101 2106 2103
f 2102 2104 2036
f 2102 2034 2033
f 2103 2105 2045
f 2104 2043 2042
f 2042 2037 2036
f 2105 2106 2107
f 2107 2109 2108
f 2105 2046 2045
f 2109 2111 2110
f 2108 2048 2046
f 2111 2113 2112
f 2110 2049 2048
f 2113 2114 2115
f 2115 2116 2055
f 2055 2053 2112
f 2116 2117 2118
f 2118 2119 2058
f 2116 2056 2055
f 2119 2120 221
f 221 223 2121
f 2119 2059 2058
f 223 2123 2122
f 2121 2061 2059
f 2123 2125 2124
f 2122 2063 2061
f 2125 2127 2126
f 2124 2065 2063
f 2126 2128 2129
f 2129 2066 2065
f 2129 229 2130
f 2130 2068 2066
f 2130 226 2131
f 2131 2070 2068
f 2131 2132 2075
f 2075 2072 2070
f 2128 2133 2134
f 2134 227 229
f 2134 2135 2136
f 2136 228 227
f 2137 2206 228
f 2136 2138 2137
f 2139 2212 2137
f 2135 2176 2140
f 2140 2141 2139
f 2141 2143 2139
f 2141 2144 2145
f 2145 2146 2142
f 2146 2148 2142
f 2146 2149 2150
f 2150 2151 2147
f 2151 113 2147
f 2151 2153 2154
f 2154 2155 2152
f 2156 2182 2152
f 2155 2157 2158
f 2155 2159 2156
f 2160 2179 2156
f 2159 2161 2162
f 2159 2097 2160
f 2162 2163 2100
f 2162 2098 2097
f 2161 2165 2164
f 2163 2107 2106
f 2106 2101 2100
f 2165 2167 2166
f 2164 2109 2107
f 2167 2168 2114
f 2166 2111 2109
f 2168 2169 2170
f 2170 2171 2117
f 2168 2115 2114
f 2171 2172 2173
f 2173 219 2120
f 2171 2118 2117
f 2173 2149 2174
f 2174 220 219
f 2174 2145 2144
f 2144 2175 220
f 2175 2140 2176
f 2176 2178 2177
f 2175 222 220
f 2178 2125 2123
f 2177 223 222
f 2176 2135 2133
f 2178 2127 2125
f 2172 2150 2149
f 2170 2169 2153
f 2169 2154 2153
f 2167 2165 2157
f 2165 2158 2157
f 2180 2184 2181
f 2179 2182 2156
f 2179 2183 2180
f 204 203 2180
f 2160 2097 2096
f 2096 2094 204
f 2184 2185 116
f 2181 115 2182
f 2185 114 116
f 2185 201 2187
f 2187 2188 2186
f 2188 2190 2186
f 2188 2191 2192
f 2192 2193 2189
f 2193 2195 2189
f 2193 2196 2197
f 2197 2198 2194
f 2199 2200 2194
f 2198 2084 2082
f 2082 2080 2199
f 2201 2207 2202
f 2200 2195 2194
f 2200 2203 2201
f 2204 2205 2201
f 2199 2080 2078
f 2203 2076 2204
f 225 228 2206
f 2205 2207 2201
f 2205 2132 225
f 2204 2075 2132
f 2207 2212 2208
f 2202 2209 2195
f 2208 2143 2210
f 2210 2211 2190
f 2209 2189 2195
f 2210 2142 2148
f 2148 112 2211
f 2212 2139 2143
f 2206 2137 2212
f 2197 2086 2084
f 2192 2191 2213
f 2196 2088 2086
f 2191 200 2214
f 2213 2090 2088
f 2187 201 200
f 2211 114 2186
f 2184 203 201
f 2182 113 2152
f 2147 113 112
f 2094 202 204
f 2092 2214 202
f 1974 1965 1963
f 1894 152 1972
f 1894 153 152
f 2215 154 153
f 2215 1886 2216
f 2216 2217 154
f 2217 2218 2219
f 2219 2221 2220
f 2217 155 154
f 2221 2224 2222
f 2220 2223 155
f 2224 2510 2225
f 2222 2226 2223
f 13 156 2223
f 2225 2228 2227
f 2227 14 13
f 2228 2513 2229
f 2227 2230 14
f 2230 15 14
f 2229 2516 2232
f 2232 2233 2231
f 2233 2235 2231
f 2233 2236 2237
f 2237 2238 2234
f 2238 1252 2234
f 2238 2240 2241
f 2241 2242 2239
f 2242 2244 2239
f 2242 2245 2246
f 2246 2247 2243
f 2248 2529 2243
f 2247 2249 2250
f 2247 2251 2248
f 2252 2528 2248
f 2250 2525 2253
f 2251 2254 2252
f 2255 1263 2252
f 2253 2527 2256
f 2254 2257 2255
f 2257 1267 2255
f 2256 2275 2259
f 2259 2260 2258
f 2260 1271 2258
f 2260 2262 2263
f 2263 2264 2261
f 2264 1275 2261
f 2264 1320 1318
f 1318 1317 2265
f 2265 1276 1275
f 1317 2267 2266
f 2268 1279 2266
f 2267 1315 1314
f 2267 2269 2268
f 2270 1281 2268
f 1314 1312 2271
f 2269 2272 2270
f 1285 1283 2270
f 2272 1311 2273
f 2273 2274 1285
f 2274 1286 1285
f 2274 1302 1299
f 1299 1291 1289
f 2273 1308 1302
f 2263 1322 1320
f 2262 2275 2276
f 2276 1323 1322
f 2276 2277 2278
f 2278 1325 1323
f 2278 2279 2280
f 2280 2283 1325
f 2279 2284 2281
f 2280 2282 2283
f 2281 1339 1337
f 2282 1334 1333
f 1333 1327 2283
f 2284 2285 1339
f 2285 2286 2287
f 2287 2288 1342
f 2285 1340 1339
f 2288 2289 2290
f 2290 2292 2291
f 2288 1343 1342
f 2292 2293 2294
f 2292 2295 2296
f 2296 1346 2291
f 2294 2521 2297
f 2295 2298 2299
f 2299 1349 2296
f 2297 2519 2300
f 2298 2301 2302
f 2302 1352 2299
f 2300 2517 2303
f 2301 2304 2305
f 2305 1355 2302
f 2303 2514 2306
f 2304 2307 1360
f 1360 1357 2305
f 2306 2315 2308
f 2307 2309 2310
f 2307 1361 1360
f 2308 2312 44
f 2309 22 2311
f 2311 1364 2310
f 2313 2316 2314
f 2312 45 44
f 2312 2315 2313
f 2316 2319 2317
f 2314 2318 45
f 2319 2424 2320
f 2317 2321 2318
f 2320 2423 2322
f 2321 2323 2324
f 2324 46 2318
f 2322 2426 2325
f 2323 2326 2327
f 2327 67 2324
f 2326 2330 2328
f 2327 2329 67
f 2330 2331 1798
f 2328 1447 2329
f 2331 2332 2333
f 2333 2334 1801
f 2331 1799 1798
f 2334 2335 2336
f 2336 2338 2337
f 2334 1802 1801
f 2338 2339 1806
f 2337 1804 1802
f 2339 2340 2341
f 2341 2343 2342
f 2339 1807 1806
f 2343 2344 1815
f 2342 1811 1807
f 2344 2345 2346
f 2346 2347 1820
f 2344 1816 1815
f 2347 1821 1820
f 2347 2348 2349
f 2349 2350 1824
f 2350 1825 1824
f 2350 2352 2353
f 2353 2354 2351
f 2355 1828 2351
f 2354 2356 2357
f 2354 2358 2355
f 2359 1831 2355
f 2358 2360 2361
f 2358 2362 2359
f 2363 1834 2359
f 2361 2458 2364
f 2362 2365 2363
f 2366 1837 2363
f 2364 2371 2367
f 2365 2368 2366
f 2369 1841 2366
f 2367 177 176
f 2368 2370 2369
f 2371 2372 177
f 2372 2373 2374
f 2372 2375 2376
f 2372 178 177
f 2376 2377 2378
f 2378 179 178
f 2378 2379 2380
f 2380 2381 179
f 2382 1852 2383
f 2381 175 179
f 2381 2384 2382
f 2380 2379 2385
f 2384 2386 2387
f 2387 1857 2382
f 2387 2388 1860
f 2387 1858 1857
f 2386 2506 2389
f 2388 2390 2391
f 2388 1861 1860
f 2391 2392 2393
f 2391 2394 1861
f 2393 2395 2396
f 2396 2397 2394
f 1865 1862 2394
f 2396 2399 2398
f 2397 1868 1865
f 2399 2401 2400
f 2398 1870 1868
f 2401 2403 2402
f 2400 1872 1870
f 2403 2405 2404
f 2402 1874 1872
f 2405 2407 2406
f 2404 1877 1874
f 2407 2410 2408
f 2406 2409 1877
f 2410 2487 2411
f 2408 2412 2409
f 2413 1878 2409
f 2411 2427 2414
f 2412 2415 2413
f 2416 1880 2413
f 2414 2420 2417
f 2415 2418 2416
f 1886 1883 2416
f 2417 2419 2218
f 2418 2216 1886
f 2419 2420 2421
f 2421 2423 2422
f 2419 2219 2218
f 2423 2320 2424
f 2422 2221 2219
f 2421 2425 2426
f 2426 2322 2423
f 2420 2414 2427
f 2425 2428 2429
f 2429 2325 2426
f 2429 2430 2431
f 2431 2326 2325
f 2430 2432 2332
f 2431 2330 2326
f 2432 2433 2434
f 2434 2435 2335
f 2432 2333 2332
f 2435 2436 2437
f 2437 2439 2438
f 2435 2336 2335
f 2439 2440 2340
f 2438 2338 2336
f 2440 2441 2442
f 2442 2444 2443
f 2440 2341 2340
f 2444 2445 2345
f 2443 2343 2341
f 2445 2446 2447
f 2447 2448 2348
f 2445 2346 2345
f 2448 2349 2348
f 2448 2449 2450
f 2450 2451 2352
f 2451 2353 2352
f 2451 2452 2453
f 2453 2454 2356
f 2454 2357 2356
f 2454 2455 2456
f 2456 2457 2360
f 2457 2361 2360
f 2457 2459 2460
f 2460 2373 2458
f 2460 212 215
f 215 2374 2373
f 2456 2455 2461
f 2459 213 212
f 2461 2463 213
f 2455 2464 2462
f 2464 2466 2462
f 2464 2453 2452
f 2452 2467 2465
f 2467 2469 2465
f 2467 2450 2449
f 2449 2470 2468
f 2470 2472 2468
f 2470 2447 2446
f 2446 2473 2471
f 2473 2475 2471
f 2473 2444 2442
f 2442 2441 2474
f 2475 2477 2478
f 2478 2472 2471
f 2474 2479 2476
f 2479 2481 2476
f 2479 2441 2482
f 2482 2483 2480
f 2483 2485 2480
f 2483 2437 2436
f 2436 2486 2484
f 2486 2407 2484
f 2486 2434 2433
f 2486 2487 2410
f 2485 2403 2488
f 2488 2481 2480
f 2484 2407 2405
f 2488 2401 2489
f 2489 2490 2481
f 2490 2491 2492
f 2492 2493 2477
f 2490 2476 2481
f 2493 2494 160
f 160 159 2495
f 2493 2478 2477
f 159 2497 2496
f 2495 2472 2478
f 2497 2498 2469
f 2496 2468 2472
f 2497 2507 2499
f 2498 2500 2466
f 2498 2465 2469
f 2499 2505 2501
f 2500 2502 2463
f 2500 2462 2466
f 2502 217 216
f 2502 213 2463
f 2501 2504 2503
f 2504 2379 2503
f 2504 2505 2506
f 2506 2386 2385
f 2503 2377 217
f 2505 2507 2508
f 2508 2389 2506
f 2508 158 162
f 162 2390 2389
f 2497 159 158
f 2492 2395 2494
f 2491 2396 2395
f 2489 2401 2399
f 2482 2439 2437
f 2433 2428 2487
f 2427 2411 2487
f 2392 161 2494
f 2390 162 161
f 2383 1848 2509
f 2383 2370 175
f 2382 1853 1852
f 2375 214 217
f 2374 215 214
f 2371 2364 2458
f 2424 2224 2221
f 2319 2510 2224
f 2316 2511 2510
f 2228 2225 2510
f 2313 2315 2512
f 2511 2513 2228
f 2315 2306 2514
f 2512 2515 2513
f 2516 2229 2513
f 2514 2303 2517
f 2515 2518 2516
f 2236 2232 2516
f 2517 2300 2519
f 2518 2520 2236
f 2520 2237 2236
f 2519 2297 2521
f 2521 2522 2240
f 2522 2241 2240
f 2522 2294 2293
f 2293 2523 2245
f 2523 2246 2245
f 2523 2290 2289
f 2289 2524 2249
f 2524 2250 2249
f 2524 2287 2286
f 2286 2526 2525
f 2527 2253 2525
f 2526 2284 2279
f 2526 2277 2527
f 2275 2256 2527
f 2261 1272 1271
f 2258 1268 1267
f 2255 1264 1263
f 1263 1261 2528
f 2528 1259 2529
f 2529 1257 2244
f 2239 1253 1252
f 2235 1247 1246
f 1246 15 2231
f 2234 1252 1250
f 1856 124 2530
f 2530 1851 1850
f 2530 127 2531
f 2531 2532 1851
f 2531 1148 2533
f 2532 2534 1847
f 2532 1846 1851
f 2533 1145 2535
f 2534 2536 2537
f 2537 1843 1847
f 2535 1142 2538
f 2538 2539 1840
f 1840 1839 2537
f 2539 1139 1138
f 1138 2541 2540
f 2539 1836 1840
f 2541 1135 1134
f 1134 2543 2542
f 2541 1833 2540
f 2543 1130 1129
f 2543 2544 2545
f 2545 1830 2542
f 1129 1125 2546
f 2544 2547 2548
f 2548 1827 2545
f 2546 1121 2549
f 2547 2550 2551
f 2551 1823 2548
f 2549 1118 2552
f 2550 2553 1819
f 1819 1818 2551
f 2552 1115 2554
f 2554 2555 1814
f 2553 1813 1819
f 2554 1114 2556
f 2556 150 1810
f 2555 1809 1814
f 1114 1111 2557
f 2556 2558 150
f 1111 1109 2559
f 2557 2560 2558
f 2559 2562 2561
f 2561 8 7
f 2560 151 2558
f 2562 2623 2563
f 2561 2564 8
f 2563 2626 2565
f 2565 2567 2566
f 2564 5 8
f 2567 2570 2568
f 2566 2569 5
f 2570 2572 2571
f 2568 1058 2569
f 2572 2573 2574
f 2572 2575 2576
f 2576 1059 2571
f 2574 2635 2577
f 2575 2578 2579
f 2579 1061 2576
f 2579 2580 2581
f 2581 1062 1061
f 2581 2582 1067
f 2581 1065 1062
f 2580 2644 2583
f 2583 2584 1071
f 2582 1068 1067
f 2584 2585 2586
f 2586 2587 1075
f 2584 1072 1071
f 2587 2588 2589
f 2589 2591 2590
f 2587 1076 1075
f 2590 2592 2593
f 2593 1077 1076
f 2593 2594 2595
f 2595 1079 1077
f 2594 2597 2596
f 2595 1082 1079
f 2597 2599 2598
f 2596 1084 1082
f 2599 2601 2600
f 2598 1086 1084
f 2601 2603 2602
f 2600 1089 1086
f 2602 2604 2605
f 2605 1090 1089
f 2605 2606 2607
f 2607 2608 1090
f 2608 2609 2610
f 2610 2611 1093
f 2608 1091 1090
f 2610 2678 2612
f 2611 2613 1097
f 2611 1094 1093
f 2612 2681 2614
f 2613 2615 2616
f 2616 1098 1097
f 2614 2619 2617
f 2615 2618 1105
f 1105 1100 2616
f 2619 2683 2620
f 2620 2621 2618
f 2621 2622 2623
f 2623 2562 1108
f 2621 1106 2618
f 2620 2683 2624
f 2622 2625 2626
f 2626 2563 2623
f 2624 2686 2627
f 2625 2628 2629
f 2629 2565 2626
f 2628 2631 2630
f 2629 2567 2565
f 2631 2632 2573
f 2630 2570 2567
f 2632 2633 2634
f 2634 2636 2635
f 2632 2574 2573
f 2636 2637 2638
f 2636 2639 2640
f 2640 2577 2635
f 2640 2641 2642
f 2642 2578 2577
f 2642 2643 2644
f 2644 2580 2578
f 2641 2703 2645
f 2643 2646 2585
f 2585 2583 2644
f 2645 2706 2647
f 2647 2648 2588
f 2646 2586 2585
f 2648 2649 2650
f 2650 2652 2651
f 2648 2589 2588
f 2652 2654 2653
f 2651 2591 2589
f 2653 2655 2656
f 2656 2592 2591
f 2656 2657 2658
f 2658 2594 2592
f 2657 2660 2659
f 2658 2597 2594
f 2660 2662 2661
f 2659 2599 2597
f 2662 2664 2663
f 2661 2601 2599
f 2664 2666 2665
f 2663 2603 2601
f 2666 2668 2667
f 2667 2604 2603
f 2667 2669 2670
f 2670 2606 2604
f 2670 2671 2672
f 2672 2673 2606
f 2672 2738 2674
f 2673 2675 2609
f 2673 2607 2606
f 2674 2741 2676
f 2675 2677 2678
f 2678 2610 2609
f 2676 2744 2679
f 2677 2680 2681
f 2681 2612 2678
f 2679 2684 2682
f 2680 2683 2619
f 2619 2614 2681
f 2682 2685 2686
f 2686 2624 2683
f 2684 2743 2687
f 2685 2688 2689
f 2689 2627 2686
f 2689 2690 2691
f 2691 2628 2627
f 2690 2692 2633
f 2691 2631 2628
f 2692 2693 2694
f 2694 2695 2637
f 2692 2634 2633
f 2695 2696 2697
f 2697 2699 2698
f 2695 2638 2637
f 2698 2700 2701
f 2701 2639 2638
f 2701 2702 2703
f 2703 2641 2639
f 2700 2760 2704
f 2702 2705 2706
f 2706 2645 2703
f 2704 2763 2707
f 2705 2708 2649
f 2649 2647 2706
f 2707 2766 2709
f 2709 2711 2710
f 2708 2650 2649
f 2711 2713 2712
f 2710 2652 2650
f 2713 2715 2714
f 2712 2654 2652
f 2715 2717 2716
f 2716 2655 2654
f 2717 2719 2718
f 2716 2657 2655
f 2719 2721 2720
f 2718 2660 2657
f 2721 2723 2722
f 2720 2662 2660
f 2723 2725 2724
f 2722 2664 2662
f 2725 2727 2726
f 2724 2666 2664
f 2727 2729 2728
f 2726 2668 2666
f 2728 2730 2731
f 2731 2669 2668
f 2731 2732 2733
f 2733 2671 2669
f 2732 2794 2734
f 2733 2735 2671
f 2734 2799 2736
f 2735 2737 2738
f 2738 2672 2671
f 2736 2802 2739
f 2737 2740 2741
f 2741 2674 2738
f 2739 2745 2742
f 2740 2743 2744
f 2744 2676 2741
f 2742 2746 2747
f 2747 2687 2743
f 2747 2748 2749
f 2749 2688 2687
f 2749 2750 2693
f 2693 2690 2688
f 2748 2806 2751
f 2751 2752 2696
f 2750 2694 2693
f 2752 2753 2754
f 2754 2756 2755
f 2752 2697 2696
f 2756 2758 2757
f 2755 2699 2697
f 2757 2759 2760
f 2760 2700 2699
f 2758 2816 2761
f 2759 2762 2763
f 2763 2704 2760
f 2761 2819 2764
f 2762 2765 2766
f 2766 2707 2763
f 2764 2822 2767
f 2765 2768 2769
f 2769 2709 2766
f 2769 2770 2771
f 2771 2711 2709
f 2771 2772 2773
f 2771 2713 2711
f 2772 2775 2774
f 2773 2715 2713
f 2775 2777 2776
f 2774 2717 2715
f 2777 2779 2778
f 2776 2719 2717
f 2779 2781 2780
f 2778 2721 2719
f 2781 2783 2782
f 2780 2723 2721
f 2783 2785 2784
f 2782 2725 2723
f 2785 206 2786
f 2784 2727 2725
f 206 209 2787
f 2786 2729 2727
f 2787 2788 2789
f 2789 2730 2729
f 2789 2790 2791
f 2791 2732 2730
f 2791 2792 2793
f 2791 2794 2732
f 2792 2853 2795
f 2793 2796 2794
f 2795 2858 2797
f 2796 2798 2799
f 2799 2734 2794
f 2797 2861 2800
f 2798 2801 2802
f 2802 2736 2799
f 2801 2803 2804
f 2804 2746 2745
f 2745 2739 2802
f 2804 2805 2806
f 2806 2748 2746
f 2803 2860 2807
f 2807 2808 2753
f 2753 2751 2806
f 2808 2809 2810
f 2810 2812 2811
f 2808 2754 2753
f 2812 2814 2813
f 2811 2756 2754
f 2813 2815 2816
f 2816 2758 2756
f 2814 97 2817
f 2815 2818 2819
f 2819 2761 2816
f 2817 96 2820
f 2818 2821 2822
f 2822 2764 2819
f 2820 2873 2823
f 2821 2824 2825
f 2825 2767 2822
f 2825 2826 2827
f 2827 2768 2767
f 2827 2828 2829
f 2829 2770 2768
f 2829 2830 2831
f 2831 2772 2770
f 2830 2833 2832
f 2831 2775 2772
f 2833 2835 2834
f 2832 2777 2775
f 2835 2837 2836
f 2834 2779 2777
f 2837 2839 2838
f 2836 2781 2779
f 2839 2841 2840
f 2838 2783 2781
f 2841 210 207
f 2840 2785 2783
f 2841 2842 2843
f 2843 2844 210
f 2844 2845 2846
f 2846 2848 2847
f 2844 208 210
f 2848 2790 2788
f 2847 209 208
f 2848 2849 2850
f 2850 2792 2790
f 2850 2851 2852
f 2850 2853 2792
f 2851 2892 2854
f 2852 2855 2853
f 2854 2896 2856
f 2855 2857 2858
f 2858 2795 2853
f 2856 2862 2859
f 2857 2860 2861
f 2861 2797 2858
f 2862 2863 2809
f 2859 2807 2860
f 2863 2864 2865
f 2865 2867 2866
f 2863 2810 2809
f 2867 98 100
f 2866 2812 2810
f 2867 2868 2869
f 2869 99 98
f 2869 2870 2871
f 2871 2873 99
f 2871 105 2872
f 2872 2823 2873
f 2872 104 2874
f 2874 2824 2823
f 2874 2875 2876
f 2876 2826 2824
f 2875 2878 2877
f 2877 2828 2826
f 2878 2880 2879
f 2879 2830 2828
f 2880 81 2881
f 2879 2833 2830
f 2880 2882 2883
f 2883 2886 81
f 2883 2884 2885
f 2885 2887 2886
f 2888 82 2886
f 2887 2889 2890
f 2887 2845 2888
f 2890 2851 2849
f 2890 2846 2845
f 2885 2884 2891
f 2889 2892 2851
f 2884 2898 2893
f 2891 2894 2892
f 2893 2897 2895
f 2894 2864 2896
f 2896 2854 2892
f 2897 2870 2868
f 2895 2865 2864
f 2897 2898 102
f 102 105 2870
f 2842 83 82
f 2888 2843 2842
f 2882 103 2898
f 2878 2875 103
f 2862 2856 2896
f 2839 2837 83
f 2837 80 83
f 2835 2881 80
f 2873 96 99
f 2812 100 97
f 2803 2800 2861
f 2684 2679 2744
f 2562 1109 1108
f 2509 2369 2370
f 1446 65 2329
f 2311 22 21
f 1150 126 1867
f 1179 73 1117
f 1055 6 2569
f 1055 1427 6
f 29 28 911
f 844 843 122
f 810 2899 108
f 1296 109 2899
f 1297 196 198
f 1288 195 194
f 898 39 749
f 691 77 1193
f 645 642 1028
f 616 42 901
f 614 43 42
f 566 143 607
f 347 184 183
f 345 181 184
f 277 134 131
f 77 55 1
f 1889 153 1892
f 75 1 71

