# https://github.com/mikedh/trimesh

o Stage1_3Dcross_NEW_Rescaled_18.stl
v -0.01782823 0.01808285 0.01424972
v -0.01971568 0.01803548 0.01397086
v -0.01925304 0.01488021 0.01732135
v -0.01757201 0.01459115 0.01777397
v -0.01452196 0.01830501 0.01762026
v -0.01476170 0.02010579 0.01736634
v -0.02077147 0.02117318 0.00946527
v -0.01792674 0.02051009 0.01405796
v -0.01814586 0.01396126 -0.01806906
v -0.01823595 0.01735238 -0.01485907
v -0.01445042 0.01769076 -0.01803807
v -0.02130748 0.00855404 -0.02116790
v -0.02053429 0.01367415 -0.01826014
v -0.02000902 0.01707113 -0.01515462
v -0.01481138 0.01733040 -0.01985002
v -0.01832884 0.01357113 -0.02024953
v -0.01843626 -0.01366325 0.01829195
v -0.02083604 -0.01312370 0.01866966
v -0.02016441 -0.01684635 0.01538765
v -0.01830064 -0.01727165 0.01493910
v -0.01483909 -0.01733024 0.01814691
v -0.01526012 -0.01693180 0.01975490
v 0.01434999 -0.01797477 0.01778932
v 0.01865053 -0.01477018 0.01741349
v 0.01731349 -0.01488102 0.01926223
v 0.00857106 -0.02116764 0.02116678
v 0.01413381 -0.01986247 0.01791071
v 0.01372719 -0.01820085 0.02003292
v 0.01819887 -0.01953190 0.01379267
v 0.01938527 -0.01806852 0.01392524
v 0.01355861 -0.01844645 -0.01837674
v 0.01714906 -0.01507438 -0.01816010
v 0.01742519 -0.01847965 -0.01477663
v 0.00738271 -0.02161296 -0.02160548
v 0.01307668 -0.01869596 -0.02071276
v 0.01672817 -0.01550602 -0.02001155
v 0.01706606 -0.02015055 -0.01513966
v 0.01308827 -0.02071745 -0.01868989
v -0.00572703 0.00427328 -0.04800048
v -0.00657054 0.00217757 -0.04800048
v -0.00885142 0.00497542 -0.04800048
v -0.00396422 0.00438509 -0.04800048
v -0.00461656 0.00128158 -0.04800048
v -0.00680260 0.00704085 -0.04800048
v -0.00595653 -0.00406608 0.04799952
v -0.00683507 -0.00206559 0.04799952
v -0.00908824 -0.00477799 0.04799952
v -0.00435777 -0.00393571 0.04799952
v -0.00712193 -0.00676725 0.04799952
v 0.01878591 -0.00455729 -0.04800048
v 0.01726772 -0.00642008 -0.04800048
v 0.01562160 -0.00354020 -0.04800048
v 0.02224257 -0.00521159 -0.04800048
v 0.02102809 -0.00896256 -0.04800048
v 0.01838893 -0.00195768 -0.04800048
v -0.00349986 -0.04799821 -0.01385473
v -0.00530699 -0.04799821 -0.01278170
v -0.00663316 -0.04799821 -0.01501942
v -0.00096959 -0.04799821 -0.01311606
v -0.00276671 -0.04799821 -0.01133964
v -0.00337865 -0.04799821 -0.01589976
v 0.00473232 -0.04799821 0.01473023
v 0.00633009 -0.04799821 0.01294949
v 0.00607094 -0.04799821 0.01752081
v 0.00211183 -0.04799821 0.01473505
v 0.00319545 -0.04799821 0.01191836
v 0.00214491 -0.04799821 0.01854593
v 0.01697377 0.00504671 0.04799952
v 0.01888954 0.00566244 0.04799952
v 0.01519130 0.00706038 0.04799952
v 0.01654469 0.00281673 0.04799952
v 0.01939137 0.00226400 0.04799952
v 0.01369081 0.00460335 0.04799952
v 0.02097487 0.01522201 -0.01696335
v 0.02112550 0.01792074 -0.01409065
v 0.02347682 0.01781429 -0.01420347
v 0.02375343 0.01520443 -0.01696020
v 0.02285402 0.00996517 -0.02051586
v 0.01891432 0.01373470 -0.01822743
v 0.01521645 0.01831673 -0.01700327
v 0.02207985 -0.01662126 0.01556443
v 0.02371889 -0.02045524 0.01003968
v 0.02423500 -0.01680485 0.01534368
v 0.02447682 -0.01292887 0.01876828
v 0.02294154 -0.01242155 0.01911517
v 0.01744228 0.01470882 0.02248598
v 0.01908437 0.01253060 0.02085119
v 0.01688918 0.01536556 0.01782879
v 0.01529262 0.01693050 0.01921473
v 0.01378786 0.01814437 0.02259172
v 0.01443630 0.01761849 0.02428626
v -0.01699022 -0.02245036 -0.01520341
v -0.01865184 -0.02069499 -0.01314342
v -0.01643333 -0.01755680 -0.01582852
v -0.01288609 -0.02271745 -0.01876598
v -0.01354967 -0.02445866 -0.01825574
v -0.01489000 -0.01896598 -0.01728155
v -0.04798643 0.01894808 0.00503481
v -0.04798643 0.01735238 0.00674116
v -0.04798643 0.02205208 0.00592642
v -0.04798643 0.01844808 0.00243128
v -0.04798643 0.01546663 0.00367412
v -0.04798643 0.02276302 0.00194779
v -0.04798643 -0.01311930 0.01058555
v -0.04798643 -0.01101872 0.01144161
v -0.04798643 -0.01098844 0.00824304
v -0.04798643 -0.01496794 0.01213580
v -0.04798643 -0.01239714 0.01449904
v -0.04798643 -0.01379020 0.00811453
v 0.04801357 0.01299691 0.01074658
v 0.04801357 0.01068392 0.01178713
v 0.04801357 0.01069759 0.00852383
v 0.04801357 0.01490755 0.01245262
v 0.04801357 0.01362874 0.00823694
v 0.04801357 0.01680501 0.00902906
v 0.04801357 -0.01212077 -0.01581961
v 0.04801357 -0.01396647 -0.01806410
v 0.04801357 -0.00981559 -0.01642277
v 0.04801357 -0.01029606 -0.01336815
v 0.04801357 -0.01335075 -0.01360557
v 0.00448940 -0.00215690 -0.04800048
v 0.00290065 -0.00189762 -0.04800048
v 0.00563149 -0.00031169 -0.04800048
v 0.00684987 -0.00321501 -0.04800048
v 0.00479225 -0.00471549 -0.04800048
v 0.00515907 0.00150960 0.04799952
v 0.00369032 0.00123714 0.04799952
v 0.00683644 -0.00052995 0.04799952
v 0.00822048 0.00172054 0.04799952
v 0.00559132 0.00360384 0.04799952
v 0.00275478 0.04800179 -0.01747033
v 0.00319325 0.04800179 -0.01942664
v 0.00044972 0.04800179 -0.01692110
v 0.00240907 0.04800179 -0.01454316
v 0.00494130 0.04800179 -0.01606466
v 0.00050368 0.04800179 -0.00494320
v -0.00123326 0.04800179 -0.00614190
v -0.00238560 0.04800179 -0.00428547
v 0.00024953 0.04800179 -0.00324934
v 0.00278359 0.04800179 -0.00529375
v 0.00117787 0.04800179 -0.00750210
v 0.00171327 0.04800179 0.01762655
v -0.00044420 0.04800179 0.01692137
v -0.00136998 0.04800179 0.01957624
v 0.00203053 0.04800179 0.01961624
v 0.00356874 0.04800179 0.01647445
v 0.00140248 0.04800179 0.01469832
v 0.04801357 -0.00322770 -0.00663806
v 0.04801357 -0.00207389 -0.00530565
v 0.04801357 -0.00572575 -0.00555792
v 0.04801357 -0.00201139 -0.00876040
v 0.04801357 -0.00527653 -0.00841911
v -0.00672960 0.04800179 0.00566281
v -0.00929600 0.04800179 0.00647634
v -0.00775694 0.04800179 0.00834407
v -0.00644871 0.04800179 0.00385715
v -0.00491026 0.04800179 0.00661768
v -0.01585057 0.01988070 -0.01637076
v -0.01941099 0.02119222 -0.01194903
v -0.01904417 0.02257747 -0.01249392
v -0.01556554 0.02182503 -0.01660197
v -0.01071385 0.02185335 -0.02014928
v -0.01611168 -0.01974186 0.01611711
v -0.01608726 -0.02172575 0.01610169
v -0.01167320 -0.02150016 0.01956282
v -0.01960033 -0.02119694 0.01166688
v 0.01655373 0.02002620 -0.01568989
v 0.01603835 0.02178499 -0.01618967
v 0.01981984 0.02236068 -0.01132186
v 0.01087721 0.02207894 -0.02005804
v -0.01670897 -0.01548893 -0.02089306
v -0.01796666 -0.01404118 -0.01928719
v -0.01985484 -0.01117253 -0.02284064
v -0.01685277 -0.01526823 -0.02307533
v -0.01296776 -0.01870719 -0.02309212
v 0.01974330 -0.01643327 -0.01581149
v 0.02102748 -0.01238249 -0.01914713
v 0.02231764 -0.01287712 -0.01880446
v 0.02173622 -0.01660124 -0.01558852
v 0.02163088 -0.02007975 -0.01082448
v 0.01668642 0.02006429 0.01554949
v 0.01717299 0.02235482 0.01495752
v 0.01388332 0.02220785 0.01806643
v 0.02064382 0.02271078 0.00972610
v 0.01323610 0.02036165 0.01857278
v -0.01595140 0.01626888 0.02006320
v -0.01583372 0.01633236 0.02219454
v -0.01132811 0.01976449 0.02178273
v -0.01948961 0.01183236 0.02183513
v -0.04798643 -0.00883708 -0.00021480
v -0.04798643 -0.01111784 -0.00141984
v -0.04798643 -0.01162126 0.00159571
v -0.04798643 -0.00726383 -0.00118341
v -0.04798643 -0.00977067 -0.00382903
v -0.04798643 -0.00840299 0.00219345
v -0.04798643 0.00863509 -0.01311249
v -0.04798643 0.00987240 -0.01601557
v -0.04798643 0.00578597 -0.01353770
v -0.04798643 0.00656966 -0.01024096
v -0.04798643 0.00982699 -0.01093834
v -0.04798643 0.01258333 -0.01364457
v -0.01596239 -0.00321012 -0.04800048
v -0.01458726 -0.00510368 -0.04800048
v -0.01756077 -0.00690202 -0.04800048
v -0.01858482 -0.00337614 -0.04800048
v -0.01534190 -0.00091325 -0.04800048
v -0.01294420 -0.00266227 -0.04800048
v -0.01603062 0.00342367 0.04799952
v -0.01461680 0.00547542 0.04799952
v -0.01771654 0.00748470 0.04799952
v -0.01867186 0.00370980 0.04799952
v -0.01545055 0.00116976 0.04799952
v -0.01315758 0.00285384 0.04799952
v -0.00671812 -0.04799821 0.00712557
v -0.00854820 -0.04799821 0.00845884
v -0.01001500 -0.04799821 0.00610393
v -0.00692308 -0.04799821 0.00529703
v -0.00454832 -0.04799821 0.00756538
v -0.00619762 -0.04799821 0.01005530
v -0.00412120 -0.04799821 -0.00738456
v -0.00614842 -0.04799821 -0.00826433
v -0.00463853 -0.04799821 -0.00984106
v -0.00224180 -0.04799821 -0.00822176
v -0.00388060 -0.04799821 -0.00578303
v -0.00689867 -0.04799821 -0.00620550
v 0.04801357 0.00148910 0.00774524
v 0.04801357 0.00075863 0.01027993
v 0.04801357 -0.00169499 0.00954470
v 0.04801357 0.00041781 0.00638271
v 0.04801357 0.00399251 0.00692581
v 0.04801357 0.00411019 0.01002825
v 0.04801357 0.00745150 0.00929494
v 0.04801357 0.00764681 0.01298206
v 0.04801357 0.00418343 0.01384860
v 0.04801357 0.00025570 0.01423443
v 0.04801357 -0.00307340 0.01343804
v 0.04801357 0.00465365 0.01797210
v 0.04801357 0.00016829 0.01841879
v 0.04801357 -0.00420964 0.01768014
v 0.04801357 -0.00826188 0.01598750
v 0.04801357 -0.00516471 0.02224022
v 0.04801357 -0.01037956 0.02034409
v 0.04801357 -0.01481510 0.01738121
v 0.04467311 -0.01026969 0.02038552
v 0.04460109 -0.01467057 0.01746327
v 0.04461647 -0.01821940 0.01371848
v 0.04127174 -0.01450749 0.01755020
v 0.04128725 -0.01803678 0.01389049
v 0.04144093 -0.02081022 0.00928587
v 0.03824501 -0.01789665 0.01409715
v 0.03850612 -0.02072184 0.00953302
v 0.03872756 -0.02240837 0.00408164
v 0.03581691 -0.02060954 0.00973454
v 0.03614784 -0.02236149 0.00426681
v 0.03627150 -0.02277116 -0.00148527
v 0.03396730 -0.02234196 0.00441326
v 0.03413588 -0.02278239 -0.00134814
v 0.03385414 -0.02175065 -0.00680337
v 0.03213417 -0.02278678 -0.00122507
v 0.03186513 -0.02178630 -0.00668706
v 0.03121156 -0.01967204 -0.01149801
v 0.03320949 -0.01964372 -0.01154134
v 0.03017763 -0.02181803 -0.00658121
v 0.02937343 -0.01969694 -0.01145067
v 0.02861049 -0.01689714 -0.01532638
v 0.03060536 -0.01688053 -0.01532606
v 0.02850392 -0.02185807 -0.00645909
v 0.02766017 -0.01972624 -0.01140201
v 0.02688478 -0.01685319 -0.01535767
v 0.02708241 -0.01354215 -0.01828878
v 0.02884633 -0.01366911 -0.01823103
v 0.02608888 -0.01976188 -0.01134364
v 0.02504799 -0.01675553 -0.01542263
v 0.02548305 -0.01339714 -0.01839348
v 0.02651894 -0.00929460 -0.02078042
v 0.02348329 -0.01665446 -0.01551986
v 0.02400124 -0.01318717 -0.01856534
v 0.02519167 -0.00901969 -0.02090843
v 0.02611366 -0.00455241 -0.02232952
v 0.02738661 -0.00475114 -0.02227687
v 0.02389198 -0.00868083 -0.02105803
v 0.02487990 -0.00432682 -0.02239000
v 0.02528847 0.00004769 -0.02283431
v 0.02654164 0.00000570 -0.02282307
v 0.02255177 -0.00824479 -0.02125609
v 0.02352260 -0.00407878 -0.02245204
v 0.02389797 0.00008382 -0.02284756
v 0.02370509 0.00468197 -0.02235468
v 0.02249587 -0.00394792 -0.02287348
v 0.02286318 0.00011410 -0.02313944
v 0.02241445 0.00445345 -0.02259797
v 0.02125795 0.00936507 -0.02084031
v 0.02236464 0.00464144 -0.02381381
v 0.02076735 0.00949349 -0.02225286
v 0.01813271 0.01384408 -0.02035998
v 0.02060793 0.00974495 -0.02389868
v 0.01795717 0.01404915 -0.02237362
v 0.01477065 0.01734017 -0.02238053
v 0.01475905 0.01738802 -0.02048167
v 0.01786415 0.01412142 -0.02420975
v 0.01475893 0.01734896 -0.02422688
v 0.01051174 0.02022640 -0.02565473
v 0.01046462 0.02025472 -0.02412838
v 0.01784267 0.01414242 -0.02606275
v 0.01472414 0.01737337 -0.02603651
v 0.01050954 0.02022640 -0.02719642
v 0.00512184 0.02221468 -0.02833850
v 0.00510475 0.02222298 -0.02703939
v 0.01473024 0.01739388 -0.02798519
v 0.01051833 0.02023812 -0.02897199
v 0.00512758 0.02220833 -0.02992530
v -0.00071104 0.02278646 -0.03033135
v -0.00064476 0.02278841 -0.02872100
v 0.01049660 0.02025960 -0.03077524
v 0.00512038 0.02220980 -0.03161526
v -0.00077098 0.02278646 -0.03187192
v -0.00652574 0.02183333 -0.03156419
v 0.00510622 0.02221761 -0.03362644
v -0.00084154 0.02277669 -0.03384230
v -0.00662645 0.02179720 -0.03354944
v -0.01165037 0.01958187 -0.03297898
v -0.00092845 0.02276302 -0.03593343
v -0.00672569 0.02175472 -0.03574321
v -0.01175597 0.01953109 -0.03536777
v -0.01572227 0.01650472 -0.03512577
v -0.01188231 0.01945980 -0.03814070
v -0.01586876 0.01635579 -0.03799338
v -0.01902745 0.01253353 -0.03821041
v -0.01886253 0.01275326 -0.03540776
v -0.01201805 0.01934115 -0.04119019
v -0.01605211 0.01615902 -0.04114416
v -0.01921947 0.01222542 -0.04126903
v -0.02151829 0.00748958 -0.04145592
v -0.02140208 0.00783138 -0.03854330
v -0.01630345 0.01593538 -0.04451832
v -0.01948460 0.01187435 -0.04459407
v -0.02167845 0.00708870 -0.04468726
v -0.02271495 0.00190169 -0.04473530
v -0.02268761 0.00224544 -0.04158713
v -0.01974534 0.01144271 -0.04800048
v -0.02186070 0.00663167 -0.04800048
v -0.02276842 0.00152913 -0.04800048
v -0.02254100 -0.00353581 -0.04800048
v -0.02255894 -0.00330534 -0.04472582
v -0.01799425 0.00455453 -0.04800048
v -0.01876927 0.00051693 -0.04800048
v -0.01630589 0.00847298 -0.04800048
v -0.01323985 0.00556917 -0.04800048
v -0.01455760 0.00238411 -0.04800048
v -0.01039378 0.00263851 -0.04800048
v -0.01164671 0.00012337 -0.04800048
v -0.00917515 -0.00188737 -0.04800048
v -0.00784129 0.00031966 -0.04800048
v -0.00559117 -0.00108610 -0.04800048
v -0.00683824 -0.00344889 -0.04800048
v -0.00448790 -0.00448063 -0.04800048
v -0.00842845 -0.00649821 -0.04800048
v -0.01074132 -0.00462858 -0.04800048
v -0.00342967 -0.00160856 -0.04800048
v -0.00121690 -0.00178190 -0.04800048
v -0.00210741 -0.00508512 -0.04800048
v -0.00253892 0.00123861 -0.04800048
v -0.00031383 0.00142318 -0.04800048
v -0.00179527 0.00487191 -0.04800048
v 0.00065651 0.00504183 -0.04800048
v 0.00193324 0.00133724 -0.04800048
v 0.00095558 -0.00189860 -0.04800048
v 0.00256313 -0.00534245 -0.04800048
v 0.00026943 -0.00539958 -0.04800048
v 0.00248049 -0.00911589 -0.04800048
v -0.00035997 -0.00925505 -0.04800048
v -0.00314732 -0.00877946 -0.04800048
v -0.00093712 -0.01351579 -0.04800048
v -0.00439049 -0.01291911 -0.04800048
v -0.00585643 -0.00787126 -0.04800048
v -0.00755357 -0.01164714 -0.04800048
v -0.00589146 -0.01711637 -0.04800048
v -0.00970347 -0.01542790 -0.04800048
v -0.01306053 -0.01306950 -0.04800048
v -0.01044713 -0.00972282 -0.04800048
v -0.01569469 -0.01018473 -0.04800048
v -0.01279149 -0.00749674 -0.04800048
v -0.01908470 -0.01254118 -0.04800048
v -0.02125877 -0.00831169 -0.04800048
v -0.01906322 -0.01252214 -0.04457293
v -0.02128685 -0.00819010 -0.04465782
v -0.02129564 -0.00806217 -0.04141234
v -0.02256871 -0.00306852 -0.04156526
v -0.02135435 -0.00794792 -0.03847820
v -0.02262669 -0.00285514 -0.03870126
v -0.02266429 0.00254964 -0.03874015
v -0.02265086 -0.00265641 -0.03615736
v -0.02263951 0.00279329 -0.03620609
v -0.02128551 0.00807992 -0.03588942
v -0.02261326 0.00299007 -0.03401496
v -0.02120311 0.00827181 -0.03362501
v -0.01873399 0.01291927 -0.03294376
v -0.02116319 0.00842562 -0.03161680
v -0.01864598 0.01306478 -0.03082440
v -0.01561131 0.01660140 -0.03261380
v -0.01551829 0.01668441 -0.03043315
v -0.01857457 0.01316976 -0.02893704
v -0.01546654 0.01675228 -0.02848517
v -0.01149107 0.01967757 -0.02905571
v -0.01157835 0.01964486 -0.03090517
v -0.01138512 0.01971566 -0.02736134
v -0.00628490 0.02187288 -0.02826731
v -0.00640782 0.02183919 -0.02983240
v -0.00615330 0.02192318 -0.02698173
v -0.00058678 0.02279915 -0.02747263
v -0.00053685 0.02280843 -0.02628462
v 0.00505971 0.02223812 -0.02571767
v -0.00048692 0.02281771 -0.02512020
v 0.00498415 0.02227083 -0.02452133
v 0.01036611 0.02033480 -0.02266280
v 0.00484609 0.02230794 -0.02316860
v 0.01020241 0.02043880 -0.02118567
v 0.00486257 0.02264437 -0.02230535
v 0.01046327 0.02105404 -0.02031146
v 0.01476528 0.01742269 -0.01867970
v -0.00037291 0.02305550 -0.02283346
v -0.00036790 0.02415902 -0.02283065
v 0.00506874 0.02371908 -0.02225542
v -0.00043724 0.02282503 -0.02379716
v -0.00556383 0.02214730 -0.02324807
v -0.00535850 0.02238070 -0.02221050
v -0.00580626 0.02205697 -0.02458415
v -0.01087547 0.02002132 -0.02314001
v -0.00601390 0.02197786 -0.02581328
v -0.01108629 0.01986800 -0.02448735
v -0.01521763 0.01689144 -0.02328549
v -0.01126549 0.01976742 -0.02587973
v -0.01530333 0.01682308 -0.02489566
v -0.01845555 0.01333773 -0.02544342
v -0.01843773 0.01337874 -0.02377542
v -0.01537376 0.01678646 -0.02673212
v -0.01851292 0.01325521 -0.02715045
v -0.02109898 0.00858968 -0.02812557
v -0.02108275 0.00863411 -0.02666557
v -0.02112279 0.00853597 -0.02981815
v -0.02256834 0.00326449 -0.03029514
v -0.02254869 0.00336507 -0.02875823
v -0.02259459 0.00314730 -0.03200098
v -0.02270946 -0.00229997 -0.03198096
v -0.02271947 -0.00212614 -0.03031181
v -0.02268187 -0.00247331 -0.03397280
v -0.02144127 -0.00770133 -0.03353994
v -0.02138817 -0.00782633 -0.03582965
v -0.01912962 -0.01233903 -0.03540720
v -0.01910313 -0.01240739 -0.03818756
v -0.01624510 -0.01599821 -0.03795941
v -0.01904991 -0.01245671 -0.04123029
v -0.01615843 -0.01606755 -0.04111535
v -0.01254625 -0.01903727 -0.04115088
v -0.01270750 -0.01893766 -0.03800875
v -0.01610521 -0.01614030 -0.04451705
v -0.01237388 -0.01915299 -0.04453089
v -0.00779283 -0.02142594 -0.04457932
v -0.00798106 -0.02131803 -0.04125877
v -0.01606700 -0.01623454 -0.04800048
v -0.01220982 -0.01928776 -0.04800048
v -0.00757982 -0.02152848 -0.04800048
v -0.00232896 -0.02273014 -0.04800048
v -0.00251366 -0.02266374 -0.04460390
v -0.00160753 -0.01797965 -0.04800048
v 0.00284474 -0.01785465 -0.04800048
v 0.00315675 -0.02261100 -0.04800048
v 0.00262441 -0.01339274 -0.04800048
v 0.00605495 -0.01242253 -0.04800048
v 0.00709975 -0.01671891 -0.04800048
v 0.00532729 -0.00821501 -0.04800048
v 0.00784572 -0.00670231 -0.04800048
v 0.00913393 -0.01061540 -0.04800048
v 0.01161171 -0.00822184 -0.04800048
v 0.01373073 -0.01204411 -0.04800048
v 0.01080153 -0.01470085 -0.04800048
v 0.01012856 -0.00455924 -0.04800048
v 0.01229750 -0.00222672 -0.04800048
v 0.01364736 -0.00563590 -0.04800048
v 0.00883937 -0.00120231 -0.04800048
v 0.01107070 0.00120443 -0.04800048
v 0.00936745 0.00425911 -0.04800048
v 0.01380519 0.00369808 -0.04800048
v 0.01480702 -0.00002067 -0.04800048
v 0.00723976 0.00166195 -0.04800048
v 0.00526723 0.00346859 -0.04800048
v 0.00393727 0.00101595 -0.04800048
v 0.00719765 0.00676937 -0.04800048
v 0.00455153 0.00840267 -0.04800048
v 0.00951430 0.01015755 -0.04800048
v 0.01201247 0.00722298 -0.04800048
v 0.00303066 0.00460433 -0.04800048
v 0.00629213 0.01229525 -0.04800048
v 0.01209377 0.01363265 -0.04800048
v 0.01512245 0.01020296 -0.04800048
v 0.01859352 0.01327376 -0.04800048
v 0.02116322 0.00865804 -0.04800048
v 0.01720937 0.00614779 -0.04800048
v 0.02253957 0.00373275 -0.04800048
v 0.01822536 0.00197494 -0.04800048
v 0.02281960 -0.00103874 -0.04800048
v 0.02243276 0.00418734 -0.04459589
v 0.02280873 -0.00069059 -0.04462651
v 0.02280495 -0.00039421 -0.04138653
v 0.02223769 -0.00499430 -0.04132473
v 0.02223927 -0.00510026 -0.04459427
v 0.02095595 -0.00909880 -0.04452463
v 0.02087465 -0.00916960 -0.04115294
v 0.01896083 -0.01272087 -0.04444692
v 0.01917323 -0.01243864 -0.04800048
v 0.01651381 -0.01578825 -0.04800048
v 0.01583998 -0.00912174 -0.04800048
v 0.01626003 -0.01599626 -0.04438786
v 0.01289894 -0.01886442 -0.04800048
v 0.01274403 -0.01892887 -0.04441102
v 0.00836513 -0.02125700 -0.04800048
v 0.00824770 -0.02127506 -0.04449970
v 0.00302406 -0.02260270 -0.04457531
v 0.00813478 -0.02128385 -0.04111320
v 0.00288710 -0.02258122 -0.04129389
v -0.00268602 -0.02260856 -0.04134876
v 0.00277236 -0.02261784 -0.03829579
v -0.00283263 -0.02262174 -0.03835740
v -0.00814464 -0.02127409 -0.03821985
v -0.00296104 -0.02260026 -0.03571007
v -0.00828892 -0.02119889 -0.03552380
v -0.01284263 -0.01884001 -0.03517322
v -0.00839439 -0.02116178 -0.03318490
v -0.01293968 -0.01876481 -0.03269636
v -0.01633568 -0.01591520 -0.03506738
v -0.01640538 -0.01582633 -0.03253624
v -0.01305553 -0.01867008 -0.03042434
v -0.01648497 -0.01573210 -0.03029455
v -0.01921519 -0.01221989 -0.03083745
v -0.01917259 -0.01225505 -0.03294835
v -0.01924998 -0.01213639 -0.02894535
v -0.02151439 -0.00743131 -0.02977087
v -0.02149290 -0.00757340 -0.03152120
v -0.02156688 -0.00726139 -0.02818260
v -0.02272716 -0.00196403 -0.02878699
v -0.02162950 -0.00707633 -0.02682801
v -0.02273497 -0.00181364 -0.02750314
v -0.02253990 0.00343636 -0.02745365
v -0.02274412 -0.00164567 -0.02620051
v -0.02253245 0.00348763 -0.02612886
v -0.02108678 0.00863851 -0.02523617
v -0.02252818 0.00353402 -0.02489807
v -0.02110765 0.00859017 -0.02380406
v -0.01842943 0.01341536 -0.02198147
v -0.02115831 0.00851058 -0.02229482
v -0.01505504 0.01706478 -0.02157191
v -0.02254259 0.00347835 -0.02350820
v -0.02277598 -0.00123649 -0.02368182
v -0.02323094 -0.00109196 -0.02279825
v -0.02292210 0.00353255 -0.02254648
v -0.02276268 -0.00145231 -0.02498805
v -0.02181944 -0.00648698 -0.02431170
v -0.02197044 -0.00606071 -0.02296126
v -0.02171312 -0.00682194 -0.02549602
v -0.01956993 -0.01160124 -0.02421137
v -0.01939036 -0.01186784 -0.02564772
v -0.01674864 -0.01537223 -0.02473846
v -0.01929222 -0.01201676 -0.02720595
v -0.01663133 -0.01551286 -0.02650676
v -0.01318638 -0.01855631 -0.02672698
v -0.01317210 -0.01855436 -0.02499254
v -0.01656590 -0.01563200 -0.02829623
v -0.01312498 -0.01861344 -0.02848653
v -0.00852403 -0.02112028 -0.02923641
v -0.00854906 -0.02110661 -0.02751428
v -0.00848411 -0.02114030 -0.03107133
v -0.00314268 -0.02258659 -0.03147662
v -0.00320470 -0.02256071 -0.02970682
v -0.00306639 -0.02259294 -0.03354931
v 0.00259047 -0.02263932 -0.03346410
v 0.00249550 -0.02265690 -0.03141213
v 0.00267763 -0.02262126 -0.03561869
v 0.00802992 -0.02134049 -0.03525415
v 0.00807265 -0.02133122 -0.03804441
v 0.01259548 -0.01902165 -0.03773221
v 0.01263320 -0.01897233 -0.04091810
v 0.01608705 -0.01614128 -0.04087412
v 0.01602602 -0.01622038 -0.03761376
v 0.01871095 -0.01303190 -0.03782338
v 0.01866481 -0.01308512 -0.03489784
v 0.01601820 -0.01625602 -0.03464712
v 0.01260024 -0.01901969 -0.03483127
v 0.01866750 -0.01306852 -0.03238320
v 0.01603029 -0.01624919 -0.03199752
v 0.01262074 -0.01900309 -0.03231866
v 0.01265114 -0.01898112 -0.03003780
v 0.00797341 -0.02136930 -0.03082419
v 0.00801051 -0.02135417 -0.03296550
v 0.00793788 -0.02136589 -0.02899661
v 0.00239540 -0.02265153 -0.02961561
v 0.00230312 -0.02266227 -0.02812629
v -0.00324888 -0.02255583 -0.02813566
v 0.00217897 -0.02268424 -0.02671488
v -0.00327867 -0.02256706 -0.02667374
v -0.00848826 -0.02113493 -0.02593180
v -0.00330943 -0.02257292 -0.02531111
v -0.00837913 -0.02119792 -0.02433467
v -0.00328636 -0.02258464 -0.02374163
v -0.00811351 -0.02133561 -0.02264885
v -0.00336668 -0.02295573 -0.02257251
v -0.00806834 -0.02196501 -0.02136926
v -0.01199144 -0.02045622 -0.01939686
v -0.00371458 -0.02429264 -0.02249375
v -0.00866014 -0.02352848 -0.02109168
v -0.00403160 -0.02568815 -0.02242477
v -0.00917650 -0.02506315 -0.02084119
v -0.00432359 -0.02702165 -0.02236202
v -0.00955150 -0.02651579 -0.02064654
v -0.01393944 -0.02606706 -0.01797139
v -0.01759703 -0.02608219 -0.01445323
v -0.01736388 -0.02457633 -0.01474490
v -0.00989696 -0.02801432 -0.02048155
v -0.01425133 -0.02761247 -0.01776512
v -0.01778013 -0.02761881 -0.01424762
v -0.02088878 -0.02833610 -0.00896503
v -0.02092503 -0.02689811 -0.00890609
v -0.01452916 -0.02911003 -0.01756290
v -0.01794285 -0.02927311 -0.01405292
v -0.02091173 -0.02998063 -0.00898689
v -0.02254991 -0.03037419 -0.00326432
v -0.02255528 -0.02881120 -0.00316913
v -0.01808922 -0.03115006 -0.01386183
v -0.02092442 -0.03176872 -0.00895341
v -0.02255687 -0.03209049 -0.00334317
v -0.02269896 -0.03202848 0.00228839
v -0.02095116 -0.03376725 -0.00890157
v -0.02254173 -0.03408171 -0.00339911
v -0.02270103 -0.03404411 0.00222095
v -0.02147520 -0.03368376 0.00755528
v -0.02270457 -0.03624040 0.00215000
v -0.02150426 -0.03596110 0.00746462
v -0.01926366 -0.03556803 0.01216793
v -0.02156200 -0.03863395 0.00736051
v -0.01933079 -0.03837370 0.01205397
v -0.01631590 -0.03819206 0.01589129
v -0.01939024 -0.04138005 0.01191140
v -0.01637022 -0.04130778 0.01583339
v -0.01256431 -0.04140641 0.01902390
v -0.01256700 -0.03834391 0.01903099
v -0.01645555 -0.04461296 0.01577110
v -0.01257188 -0.04465690 0.01903229
v -0.00784288 -0.04472965 0.02140786
v -0.00785399 -0.04156364 0.02139087
v -0.01258629 -0.04799821 0.01906387
v -0.00781065 -0.04799821 0.02144697
v -0.00258287 -0.04799821 0.02269377
v -0.00255174 -0.04475602 0.02265995
v -0.01038634 -0.04799821 0.01577564
v -0.00638805 -0.04799821 0.01770999
v -0.00205540 -0.04799821 0.01865061
v 0.00275490 -0.04799821 0.02267229
v -0.00491710 -0.04799821 0.01437519
v -0.00132371 -0.04799821 0.01496701
v -0.00323912 -0.04799821 0.01114394
v -0.00001317 -0.04799821 0.01161446
v 0.00160524 -0.04799821 0.00866173
v -0.00168175 -0.04799821 0.00815266
v -0.00058726 -0.04799821 0.00550907
v -0.00385045 -0.04799821 0.00527378
v 0.00297048 -0.04799821 0.00593691
v 0.00399513 -0.04799821 0.00322817
v 0.00691322 -0.04799821 0.00659838
v 0.00497524 -0.04799821 0.00935063
v 0.00007558 -0.04799821 0.00300265
v 0.00040480 -0.04799821 0.00050948
v -0.00350670 -0.04799821 0.00291123
v -0.00336156 -0.04799821 0.00057011
v -0.00340282 -0.04799821 -0.00172041
v -0.00706041 -0.04799821 0.00057775
v -0.00710179 -0.04799821 -0.00177762
v -0.01082139 -0.04799821 0.00066465
v -0.01074412 -0.04799821 -0.00201082
v -0.00709263 -0.04799821 -0.00407105
v -0.00360509 -0.04799821 -0.00390619
v -0.00075597 -0.04799821 -0.00634130
v 0.00000502 -0.04799821 -0.00424164
v 0.00222060 -0.04799821 -0.00754652
v 0.00366457 -0.04799821 -0.00505633
v 0.00038527 -0.04799821 -0.00192228
v 0.00439076 -0.04799821 -0.00238990
v 0.00753139 -0.04799821 -0.00639871
v 0.00866860 -0.04799821 -0.00312890
v 0.00890566 -0.04799821 0.00027770
v 0.00450575 -0.04799821 0.00038399
v 0.01345509 -0.04799821 0.00009882
v 0.01276222 -0.04799821 0.00418858
v 0.00826894 -0.04799821 0.00356276
v 0.01732314 -0.04799821 0.00491518
v 0.01542665 -0.04799821 0.00945172
v 0.01109609 -0.04799821 0.00778651
v 0.01270278 -0.04799821 0.01303674
v 0.00877956 -0.04799821 0.01074314
v 0.00956337 -0.04799821 0.01572268
v 0.01654176 -0.04799821 0.01575853
v 0.01250002 -0.04799821 0.01913173
v 0.01276833 -0.04455924 0.01893274
v 0.00810903 -0.04464225 0.02133208
v 0.00784462 -0.04799821 0.02144452
v 0.00290004 -0.04472087 0.02261110
v 0.00304421 -0.04153727 0.02256613
v -0.00250340 -0.04161247 0.02264540
v -0.00245763 -0.03868571 0.02266396
v -0.00785704 -0.03858561 0.02139353
v -0.00240855 -0.03606559 0.02266114
v -0.00784056 -0.03591715 0.02137895
v -0.01256041 -0.03558024 0.01903742
v -0.00780662 -0.03362663 0.02138288
v -0.01252721 -0.03312028 0.01905027
v -0.01627879 -0.03533171 0.01596115
v -0.01623131 -0.03281852 0.01599402
v -0.01250438 -0.03095280 0.01906225
v -0.01617638 -0.03057487 0.01603533
v -0.01916392 -0.03094010 0.01231159
v -0.01921532 -0.03310954 0.01223382
v -0.01913573 -0.02906559 0.01233940
v -0.02141429 -0.02980046 0.00762244
v -0.02145079 -0.03158073 0.00761153
v -0.02141148 -0.02813102 0.00759599
v -0.02265855 -0.02874333 0.00236874
v -0.02267345 -0.03034684 0.00233648
v -0.02266551 -0.02748503 0.00239002
v -0.02258494 -0.02751872 -0.00305080
v -0.02261400 -0.02627214 -0.00291224
v -0.02099229 -0.02555827 -0.00880623
v -0.02109141 -0.02424821 -0.00860812
v -0.02264903 -0.02502116 -0.00274600
v -0.02143309 -0.02271061 -0.00778246
v -0.02270262 -0.02368180 -0.00245330
v -0.02195055 -0.02167790 -0.00721015
v -0.01973131 -0.01944547 -0.01195788
v -0.02138048 -0.01940837 -0.01198060
v -0.02004759 -0.01665299 -0.01558399
v -0.01828636 -0.01669157 -0.01555816
v -0.01907347 -0.01344645 -0.01845578
v -0.02074132 -0.01366813 -0.01827112
v -0.02096800 -0.01007389 -0.02048134
v -0.02023241 -0.01050163 -0.02142692
v -0.02244041 -0.01026042 -0.02036699
v -0.02253624 -0.00576676 -0.02208057
v -0.02385081 -0.00585026 -0.02203862
v -0.02447691 -0.00102067 -0.02280015
v -0.02521825 -0.00585319 -0.02202646
v -0.02577757 -0.00091520 -0.02280121
v -0.02418321 0.00383333 -0.02247992
v -0.02549901 0.00411214 -0.02241701
v -0.02424156 0.00912826 -0.02088411
v -0.02281041 0.00884408 -0.02103330
v -0.02566722 0.00934261 -0.02075585
v -0.02427586 0.01367415 -0.01819700
v -0.02245482 0.01362240 -0.01828504
v -0.02386046 0.01683382 -0.01538519
v -0.02202647 0.01687240 -0.01535628
v -0.02326390 0.01953988 -0.01176516
v -0.02167235 0.01969222 -0.01154718
v -0.02341624 0.02161117 -0.00734291
v -0.02207750 0.02170833 -0.00713612
v -0.02021739 0.01986361 -0.01129770
v -0.02309581 0.02261507 -0.00310396
v -0.02257970 0.02346224 -0.00321477
v -0.02154466 0.02265316 -0.00749321
v -0.02252904 0.02480745 -0.00343795
v -0.02134434 0.02401937 -0.00796467
v -0.02248656 0.02602816 -0.00361007
v -0.02118529 0.02529036 -0.00831415
v -0.01880113 0.02404525 -0.01283921
v -0.02103599 0.02659701 -0.00861574
v -0.01860264 0.02552962 -0.01310599
v -0.01543394 0.02346810 -0.01671582
v -0.01537816 0.02502474 -0.01678185
v -0.01102916 0.02464193 -0.01993607
v -0.01089915 0.02316878 -0.02002394
v -0.01109630 0.02607308 -0.01989668
v -0.00580614 0.02596322 -0.02205419
v -0.00569908 0.02478353 -0.02209710
v -0.00034801 0.02539144 -0.02282814
v -0.00553795 0.02351839 -0.02215594
v -0.00034544 0.02648958 -0.02282384
v 0.00535378 0.02607015 -0.02214412
v 0.00526357 0.02493538 -0.02218499
v 0.01115895 0.02473470 -0.01983592
v 0.01110304 0.02334603 -0.01990468
v 0.01116701 0.02613460 -0.01984782
v 0.01570351 0.02509798 -0.01650090
v 0.01586147 0.02341634 -0.01634514
v 0.01921120 0.02571859 -0.01224471
v 0.01946840 0.02407161 -0.01184848
v 0.02180324 0.02531771 -0.00675733
v 0.02170021 0.02673031 -0.00708388
v 0.02277394 0.02723226 -0.00159785
v 0.02158742 0.02813363 -0.00739565
v 0.02275685 0.02859603 -0.00177735
v 0.02240517 0.02828158 0.00401606
v 0.02274794 0.03009115 -0.00195807
v 0.02242433 0.02980062 0.00392579
v 0.02063869 0.02899544 0.00963368
v 0.02247133 0.03152132 0.00381397
v 0.02073049 0.03083919 0.00948612
v 0.01793959 0.03002962 0.01408059
v 0.02081130 0.03303695 0.00931904
v 0.01805824 0.03232992 0.01390120
v 0.01498085 0.03216536 0.01720505
v 0.01818373 0.03493343 0.01374063
v 0.01508351 0.03477620 0.01712578
v 0.01148293 0.03504622 0.01971461
v 0.01141408 0.03258431 0.01973641
v 0.01513490 0.03769857 0.01707229
v 0.01148146 0.03786751 0.01971159
v 0.00718971 0.03811605 0.02162798
v 0.00717958 0.03540267 0.02161367
v 0.01515163 0.04092708 0.01704663
v 0.01140920 0.04104915 0.01973820
v 0.00712148 0.04119124 0.02161207
v 0.01126283 0.04447640 0.01982909
v 0.00700063 0.04454036 0.02171503
v 0.00255727 0.04127620 0.02263393
v 0.00255177 0.03827962 0.02265705
v -0.00209898 0.04126449 0.02264997
v -0.00219054 0.03826302 0.02267006
v 0.00251955 0.03559261 0.02265087
v -0.00225926 0.03556429 0.02265240
v 0.00247536 0.03345687 0.02266560
v 0.00712697 0.03312826 0.02163500
v 0.00240370 0.03143148 0.02267631
v 0.00702809 0.03106234 0.02168750
v 0.01131081 0.03035238 0.01980641
v 0.01485903 0.02980062 0.01728774
v 0.00689565 0.02926644 0.02172759
v 0.01115737 0.02848031 0.01987995
v 0.01472194 0.02777620 0.01739858
v 0.01097695 0.02663656 0.01997360
v 0.01453761 0.02582015 0.01753727
v 0.01760170 0.02597689 0.01445442
v 0.01777040 0.02802816 0.01425700
v 0.01741567 0.02413314 0.01467729
v 0.02053395 0.02567562 0.00981214
v 0.02056447 0.02718245 0.00973325
v 0.02056545 0.02417660 0.00981227
v 0.02243654 0.02558138 0.00407990
v 0.02242079 0.02692074 0.00406356
v 0.02246474 0.02431820 0.00403247
v 0.02280031 0.02463704 -0.00126594
v 0.02279006 0.02590267 -0.00142428
v 0.02281130 0.02330648 -0.00109643
v 0.02205971 0.02257503 -0.00589943
v 0.02192153 0.02393880 -0.00635461
v 0.02321803 0.02203499 -0.00585982
v 0.02215614 0.02028011 -0.01040881
v 0.02018959 0.02109017 -0.01065940
v 0.02394460 0.02016341 -0.01060695
v 0.02469862 0.02198568 -0.00597384
v 0.02547646 0.02008431 -0.01071850
v 0.02519277 0.01765120 -0.01437939
v 0.02687978 0.02001986 -0.01078702
v 0.02660951 0.01758333 -0.01448064
v 0.02517995 0.01495638 -0.01719606
v 0.02666200 0.01475619 -0.01737291
v 0.02578847 0.01032552 -0.02032100
v 0.02435585 0.01028451 -0.02034507
v 0.02721498 0.01031234 -0.02032382
v 0.02642738 0.00500667 -0.02226494
v 0.02516481 0.00491097 -0.02229386
v 0.02774257 0.00504525 -0.02225168
v 0.02782008 -0.00004118 -0.02281403
v 0.02904018 0.00504915 -0.02224586
v 0.02907509 -0.00009196 -0.02280411
v 0.02864931 -0.00494987 -0.02222051
v 0.03065053 -0.00020622 -0.02281761
v 0.03023232 -0.00513932 -0.02218929
v 0.02958473 -0.00967253 -0.02061416
v 0.02787807 -0.00948649 -0.02067602
v 0.03132631 -0.00984538 -0.02054415
v 0.03073341 -0.01375651 -0.01815435
v 0.03285365 -0.01383268 -0.01809798
v 0.03271669 -0.01688835 -0.01531378
v 0.03530605 -0.01691715 -0.01528653
v 0.03563612 -0.01960954 -0.01161117
v 0.03811147 -0.01691520 -0.01527415
v 0.03835610 -0.01957780 -0.01167492
v 0.03603664 -0.02171745 -0.00690763
v 0.03864809 -0.02168571 -0.00703339
v 0.04133437 -0.01952799 -0.01176448
v 0.04151174 -0.02162614 -0.00718075
v 0.04163722 -0.02272868 -0.00186178
v 0.03880434 -0.02276188 -0.00165327
v 0.04476637 -0.02270915 -0.00211837
v 0.04474526 -0.02252799 0.00357017
v 0.04158754 -0.02241813 0.00383792
v 0.04801357 -0.02259538 0.00324841
v 0.04801357 -0.02111149 0.00875505
v 0.04468984 -0.02096159 0.00904077
v 0.04801357 -0.01668180 0.00656955
v 0.04801357 -0.01451139 0.01033343
v 0.04801357 -0.01838737 0.01352914
v 0.04801357 -0.01074626 0.00717562
v 0.04801357 -0.00861833 0.00973895
v 0.04801357 -0.01171745 0.01344341
v 0.04801357 -0.00537077 0.00621143
v 0.04801357 -0.00365153 0.00814228
v 0.04801357 -0.00604020 0.01189100
v 0.04801357 -0.00062956 0.00485577
v 0.04801357 -0.00184489 0.00301926
v 0.04801357 0.00286605 0.00241638
v 0.04801357 0.00360970 0.00443237
v 0.04801357 0.00182308 0.00028827
v 0.04801357 0.00646956 0.00045414
v 0.04801357 0.00708626 0.00310606
v 0.04801357 0.00740755 0.00601357
v 0.04801357 0.01084847 0.00185234
v 0.04801357 0.01086605 0.00521789
v 0.04801357 0.01442464 0.00479119
v 0.04801357 0.01470980 0.00095475
v 0.04801357 0.01813167 0.00504239
v 0.04801357 0.01864144 0.00045172
v 0.04801357 0.02214681 0.00554973
v 0.04801357 0.02034066 0.01039343
v 0.04801357 0.01766390 0.01450749
v 0.04461574 0.02036703 0.01030478
v 0.04452724 0.01768685 0.01440719
v 0.04451906 0.01440804 0.01766091
v 0.04130336 0.02037337 0.01020614
v 0.04111379 0.01770980 0.01431082
v 0.04110732 0.01456283 0.01750414
v 0.04124977 0.01064144 0.02014151
v 0.03795851 0.01472494 0.01738902
v 0.03821510 0.01083870 0.02005583
v 0.03848708 0.00611068 0.02195845
v 0.03542323 0.01101058 0.01994898
v 0.03581691 0.00628011 0.02188847
v 0.03612782 0.00097249 0.02277412
v 0.03355702 0.00643636 0.02185089
v 0.03395436 0.00113265 0.02276940
v 0.03398915 -0.00437077 0.02238014
v 0.03188271 0.00128499 0.02276795
v 0.03199172 -0.00415983 0.02242682
v 0.03164870 -0.00938542 0.02076941
v 0.03029482 -0.00396305 0.02245907
v 0.02988332 -0.00915690 0.02086714
v 0.02916994 -0.01373112 0.01818139
v 0.02828591 -0.00890202 0.02098037
v 0.02759657 -0.01352799 0.01832498
v 0.02741176 -0.01722526 0.01491870
v 0.02608742 -0.01332292 0.01847342
v 0.02578981 -0.01704215 0.01509331
v 0.02651698 -0.02027848 0.01027296
v 0.02512331 -0.02031510 0.01024721
v 0.02801320 -0.02030485 0.01021547
v 0.02867275 -0.02228288 0.00460753
v 0.02966066 -0.02037028 0.01015812
v 0.02902687 -0.01736637 0.01477242
v 0.02737636 -0.02230094 0.00460990
v 0.02764052 -0.02279753 -0.00097750
v 0.02607948 -0.02232487 0.00457125
v 0.02635121 -0.02280094 -0.00091535
v 0.02584291 -0.02194401 -0.00619853
v 0.02716774 -0.02189762 -0.00633706
v 0.02508986 -0.02280680 -0.00086519
v 0.02456447 -0.02198747 -0.00604355
v 0.02329115 -0.01988444 -0.01113878
v 0.02462563 -0.01981608 -0.01124813
v 0.02376466 -0.02281120 -0.00080815
v 0.02316884 -0.02205827 -0.00581928
v 0.02212306 -0.02246256 -0.00566610
v 0.02030202 -0.02064665 -0.01046338
v 0.02282887 -0.02320573 -0.00074928
v 0.02203420 -0.02372428 -0.00592348
v 0.02008009 -0.02196403 -0.01086301
v 0.01984120 -0.02350016 -0.01124035
v 0.01674220 -0.02198258 -0.01542884
v 0.01288454 -0.02257340 -0.01880269
v 0.01652553 -0.02382536 -0.01563108
v 0.01278859 -0.02457145 -0.01885828
v 0.00728737 -0.02613151 -0.02159212
v 0.00734792 -0.02465251 -0.02158576
v 0.01644789 -0.02568815 -0.01571738
v 0.01265810 -0.02636930 -0.01895720
v 0.00717616 -0.02764665 -0.02161509
v 0.00116213 -0.02840348 -0.02277958
v 0.00132887 -0.02700602 -0.02276870
v 0.01243129 -0.02829215 -0.01911258
v 0.00698500 -0.02937760 -0.02168456
v 0.00093593 -0.02987174 -0.02279363
v -0.00492064 -0.02998014 -0.02224820
v -0.00460582 -0.02839469 -0.02230013
v 0.00675124 -0.03118815 -0.02177177
v 0.00067568 -0.03169987 -0.02281369
v -0.00522533 -0.03170719 -0.02219132
v -0.01050133 -0.03140739 -0.02023519
v -0.01022337 -0.02961296 -0.02034912
v 0.00036366 -0.03373844 -0.02282218
v -0.00556102 -0.03372721 -0.02208687
v -0.01077086 -0.03341032 -0.02009467
v -0.01491136 -0.03303776 -0.01723075
v -0.01472923 -0.03099967 -0.01738843
v -0.00590806 -0.03594499 -0.02199662
v -0.01103746 -0.03576579 -0.01995321
v -0.01511168 -0.03554020 -0.01707407
v -0.01835582 -0.03570329 -0.01348907
v -0.01821519 -0.03318864 -0.01367542
v -0.01130089 -0.03846354 -0.01980311
v -0.01528648 -0.03830876 -0.01686873
v -0.01851597 -0.03844352 -0.01327841
v -0.02105577 -0.03872770 -0.00869731
v -0.02100450 -0.03608366 -0.00882084
v -0.01550645 -0.04136344 -0.01666655
v -0.01865904 -0.04148161 -0.01306130
v -0.02111192 -0.04166325 -0.00856675
v -0.02254185 -0.04172135 -0.00342240
v -0.02254637 -0.03886003 -0.00342885
v -0.01881444 -0.04469792 -0.01287009
v -0.02118101 -0.04477604 -0.00842038
v -0.02254759 -0.04480778 -0.00339599
v -0.02271873 -0.04478825 0.00188046
v -0.02127220 -0.04799821 -0.00827654
v -0.02256615 -0.04799821 -0.00336849
v -0.02275682 -0.04799821 0.00176710
v -0.02178111 -0.04799821 0.00685307
v -0.01853770 -0.04799821 0.00129481
v -0.01785863 -0.04799821 0.00539878
v -0.01626439 -0.04799821 0.00937354
v -0.01423729 -0.04799821 0.00427735
v -0.01311095 -0.04799821 0.00753764
v -0.01106273 -0.04799821 0.01053879
v -0.01063927 -0.04799821 0.00342999
v -0.01466417 -0.04799821 0.00090592
v -0.00702513 -0.04799821 0.00299010
v -0.01370726 -0.04799821 0.01295226
v -0.01655797 -0.04799821 0.01571060
v -0.01964500 -0.04799821 0.01160761
v -0.00828807 -0.04799821 0.01284632
v -0.01841197 -0.04799821 -0.00286052
v -0.01457042 -0.04799821 -0.00239644
v -0.01395628 -0.04799821 -0.00562244
v -0.01034300 -0.04799821 -0.00463257
v -0.01750584 -0.04799821 -0.00682372
v -0.01277818 -0.04799821 -0.00864222
v -0.00959874 -0.04799821 -0.00713169
v -0.00842100 -0.04799821 -0.00953163
v -0.01102891 -0.04799821 -0.01137534
v -0.00893687 -0.04799821 -0.01356627
v -0.00685069 -0.04799821 -0.01139979
v -0.01349412 -0.04799821 -0.01362351
v -0.01067467 -0.04799821 -0.01615676
v -0.00731419 -0.04799821 -0.01796461
v -0.01228856 -0.04799821 -0.01924322
v -0.00772777 -0.04799821 -0.02147757
v -0.00279784 -0.04799821 -0.01904082
v -0.00229674 -0.04799821 -0.02273719
v 0.00237355 -0.04799821 -0.01883190
v 0.00081435 -0.04799821 -0.01574628
v 0.00387196 -0.04799821 -0.02250756
v 0.00747316 -0.04799821 -0.01714670
v 0.00512685 -0.04799821 -0.01424828
v 0.00883302 -0.04799821 -0.01159524
v 0.00552748 -0.04799821 -0.00930686
v 0.00259096 -0.04799821 -0.01161552
v 0.00010439 -0.04799821 -0.00964787
v 0.01143044 -0.04799821 -0.00815235
v 0.01189272 -0.04799821 -0.01412709
v 0.01521767 -0.04799821 -0.01008343
v 0.01300990 -0.04799821 -0.00412613
v 0.01729140 -0.04799821 -0.00528908
v 0.01919753 -0.04799821 -0.01240060
v 0.02187160 -0.04799821 -0.00667720
v 0.02285048 -0.04799821 -0.00041215
v 0.01801686 -0.04799821 -0.00014050
v 0.02281105 -0.04466667 -0.00049801
v 0.02209706 -0.04466325 0.00570529
v 0.02209169 -0.04799821 0.00581532
v 0.01988564 -0.04460026 0.01117641
v 0.01983193 -0.04799821 0.01134123
v 0.01995180 -0.04131755 0.01103254
v 0.01682912 -0.04117008 0.01537359
v 0.01668752 -0.04453971 0.01554756
v 0.01694887 -0.03799479 0.01524190
v 0.01320058 -0.03808561 0.01860617
v 0.01299074 -0.04119987 0.01872846
v 0.00854945 -0.03840251 0.02114902
v 0.00833730 -0.04137028 0.02121057
v 0.00873781 -0.03564469 0.02107053
v 0.00328664 -0.03597282 0.02254519
v 0.00317690 -0.03861784 0.02257150
v 0.00336965 -0.03378776 0.02254353
v -0.00236119 -0.03390251 0.02267579
v -0.00230223 -0.03188297 0.02268868
v -0.00775560 -0.03163444 0.02142095
v -0.00225096 -0.03023551 0.02267574
v -0.00769017 -0.02991081 0.02142961
v -0.01244444 -0.02910905 0.01908856
v -0.00758885 -0.02824381 0.02144736
v -0.01240538 -0.02732633 0.01910831
v -0.01613573 -0.02859977 0.01605867
v -0.01612230 -0.02672770 0.01605146
v -0.01231578 -0.02578239 0.01916139
v -0.01610509 -0.02496940 0.01606914
v -0.01914574 -0.02565690 0.01230537
v -0.01910924 -0.02728190 0.01235614
v -0.01923656 -0.02415739 0.01218887
v -0.02150316 -0.02546305 0.00747568
v -0.02143956 -0.02678825 0.00757148
v -0.02158287 -0.02415641 0.00732798
v -0.02268883 -0.02495964 0.00240268
v -0.02267308 -0.02621403 0.00240331
v -0.02270811 -0.02361003 0.00238091
v -0.02170860 -0.02276432 0.00704217
v -0.02305565 -0.02272184 0.00243121
v -0.02304295 -0.02273551 -0.00221249
v -0.02215318 -0.02176725 0.00692506
v -0.02429869 -0.02268229 0.00264099
v -0.02430015 -0.02272575 -0.00219860
v -0.02565611 -0.02271403 -0.00217939
v -0.02473692 -0.02159342 -0.00729633
v -0.02327171 -0.02164421 -0.00723998
v -0.02616600 -0.02156755 -0.00726772
v -0.02484141 -0.01938102 -0.01195935
v -0.02309080 -0.01937760 -0.01200677
v -0.02380235 -0.01672282 -0.01544871
v -0.02194371 -0.01667741 -0.01554046
v -0.02252757 -0.01386247 -0.01810761
v -0.02427171 -0.01395817 -0.01802086
v -0.02391856 -0.01036833 -0.02029777
v -0.02546825 -0.01042204 -0.02025488
v -0.02657799 -0.00584342 -0.02201966
v -0.02700682 -0.01039421 -0.02025042
v -0.02797813 -0.00580339 -0.02200970
v -0.02704088 -0.00079508 -0.02280443
v -0.02834886 -0.00066618 -0.02280269
v -0.02670860 0.00432113 -0.02237173
v -0.02804759 0.00452523 -0.02231262
v -0.02977708 -0.00052653 -0.02280087
v -0.02953453 0.00472249 -0.02226248
v -0.02883250 0.00969076 -0.02057936
v -0.02711375 0.00950863 -0.02065703
v -0.02804637 0.01382747 -0.01808620
v -0.02606309 0.01373861 -0.01813219
v -0.02781529 0.01687044 -0.01535872
v -0.02576353 0.01684505 -0.01537544
v -0.02656309 0.01938704 -0.01191447
v -0.02491441 0.01943636 -0.01188096
v -0.02849803 0.01940462 -0.01190655
v -0.02762352 0.02140169 -0.00769165
v -0.02622801 0.02144417 -0.00764354
v -0.02696898 0.02257601 -0.00323747
v -0.02571092 0.02258138 -0.00322018
v -0.02482274 0.02151693 -0.00753754
v -0.02588524 0.02278499 0.00109864
v -0.02463426 0.02279525 0.00103452
v -0.02439024 0.02259261 -0.00317794
v -0.02424705 0.02221175 0.00523329
v -0.02294420 0.02228597 0.00500668
v -0.02336619 0.02280550 0.00094748
v -0.02228392 0.02291878 0.00497895
v -0.02279332 0.02355843 0.00091938
v -0.02221702 0.02429476 0.00519978
v -0.02279027 0.02490023 0.00094529
v -0.02215355 0.02564828 0.00540876
v -0.02278526 0.02616683 0.00092079
v -0.02210911 0.02694076 0.00555754
v -0.02278441 0.02745296 0.00091152
v -0.02243272 0.02731136 -0.00379494
v -0.02278392 0.02876351 0.00090594
v -0.02238255 0.02858578 -0.00395786
v -0.02095701 0.02791732 -0.00878596
v -0.02089586 0.02957699 -0.00898074
v -0.01842161 0.02883675 -0.01339123
v -0.01849974 0.02708578 -0.01325770
v -0.01526451 0.02681234 -0.01687630
v -0.01522337 0.02859163 -0.01695848
v -0.01109080 0.02762288 -0.01989970
v -0.01108934 0.02931869 -0.01990883
v -0.00592784 0.02852230 -0.02200313
v -0.00587877 0.02723568 -0.02202380
v -0.00597386 0.03015511 -0.02199127
v -0.00036009 0.02894759 -0.02280383
v -0.00034654 0.02771370 -0.02281393
v 0.00542861 0.02858187 -0.02212445
v 0.00541213 0.02733285 -0.02212942
v 0.00539699 0.03012435 -0.02213870
v 0.01099294 0.02929818 -0.01999431
v 0.01113051 0.02759945 -0.01989027
v 0.01545314 0.02858822 -0.01678956
v 0.01557814 0.02680745 -0.01662981
v 0.01888234 0.02894661 -0.01275069
v 0.01903285 0.02723812 -0.01252986
v 0.02148122 0.02977913 -0.00767744
v 0.01873525 0.03081234 -0.01296844
v 0.02137782 0.03153011 -0.00794403
v 0.02274342 0.03183138 -0.00216277
v 0.02125441 0.03352035 -0.00821451
v 0.02272377 0.03382747 -0.00240159
v 0.02249172 0.03362435 0.00365689
v 0.02268898 0.03600570 -0.00263871
v 0.02251283 0.03581966 0.00346355
v 0.02088954 0.03536605 0.00912258
v 0.02256569 0.03845785 0.00324953
v 0.02099477 0.03817220 0.00891859
v 0.01831740 0.03784212 0.01357123
v 0.02106362 0.04120540 0.00870585
v 0.01841969 0.04099056 0.01342664
v 0.01852504 0.04446468 0.01332631
v 0.01515285 0.04442122 0.01705446
v 0.01510536 0.04800179 0.01713240
v 0.01104762 0.04800179 0.02000229
v 0.00678456 0.04800179 0.02182381
v 0.01218764 0.04800179 0.01444244
v 0.00876833 0.04800179 0.01706692
v 0.00940981 0.04800179 0.01210435
v 0.00642812 0.04800179 0.01458747
v 0.00528676 0.04800179 0.01882287
v 0.00655007 0.04800179 0.01008515
v 0.00394057 0.04800179 0.01252437
v 0.00372463 0.04800179 0.00840420
v 0.00145339 0.04800179 0.01085700
v -0.00100365 0.04800179 0.01327070
v -0.00322056 0.04800179 0.01588465
v -0.00089928 0.04800179 0.00941180
v -0.00344493 0.04800179 0.01187878
v -0.00600059 0.04800179 0.01446990
v -0.00570030 0.04800179 0.01030630
v -0.00860814 0.04800179 0.01260970
v -0.00828490 0.04800179 0.01725886
v -0.00486742 0.04800179 0.01877465
v -0.00621605 0.04800179 0.02197403
v -0.00185997 0.04800179 0.02276462
v 0.00243263 0.04800179 0.02272008
v -0.00198985 0.04455941 0.02270429
v 0.00252028 0.04456820 0.02267300
v -0.00646263 0.04452132 0.02187260
v -0.00665721 0.04115609 0.02176537
v -0.01066868 0.04446029 0.02014628
v -0.01088829 0.04100863 0.02002014
v -0.00681773 0.03808285 0.02174671
v -0.01107396 0.03782894 0.01994340
v -0.00692137 0.03531771 0.02168861
v -0.01120189 0.03495687 0.01985806
v -0.00699058 0.03305794 0.02169010
v -0.00230846 0.03341634 0.02266012
v -0.01129259 0.03251302 0.01979481
v -0.00700426 0.03096029 0.02167024
v -0.00232713 0.03135042 0.02267215
v -0.00232664 0.02958724 0.02265626
v 0.00232961 0.02964242 0.02268047
v 0.00226906 0.02810042 0.02268386
v 0.00673915 0.02757796 0.02177677
v 0.00219411 0.02669417 0.02269863
v 0.00655946 0.02608968 0.02183900
v 0.01076247 0.02503939 0.02009232
v 0.01429103 0.02403158 0.01773890
v 0.00634841 0.02460384 0.02191020
v 0.01042494 0.02342367 0.02028713
v 0.00608949 0.02304720 0.02199200
v 0.00987001 0.02169759 0.02057750
v 0.00605653 0.02201058 0.02262525
v 0.00984230 0.02058431 0.02151685
v 0.01301247 0.01875326 0.02029427
v 0.00638966 0.02189193 0.02405364
v 0.01041078 0.02028255 0.02322597
v 0.00667275 0.02179183 0.02546370
v 0.01089723 0.01997982 0.02482118
v 0.00693971 0.02169710 0.02686021
v 0.01122109 0.01979622 0.02631054
v 0.01479433 0.01731185 0.02595444
v 0.01819618 0.01371370 0.02612403
v 0.01795924 0.01405794 0.02453207
v 0.01151088 0.01963802 0.02782131
v 0.01513710 0.01705208 0.02751370
v 0.01839687 0.01343734 0.02775064
v 0.02126784 0.00809554 0.02828398
v 0.02130263 0.00805648 0.02689986
v 0.01540737 0.01683822 0.02912811
v 0.01860024 0.01319173 0.02937952
v 0.02128749 0.00808529 0.02994040
v 0.02267775 0.00259505 0.03026858
v 0.02268068 0.00252328 0.02868782
v 0.01874159 0.01296078 0.03123589
v 0.02132131 0.00805745 0.03172801
v 0.02268300 0.00264730 0.03194578
v 0.02267079 -0.00268424 0.03182361
v 0.02135402 0.00798177 0.03374873
v 0.02268007 0.00267171 0.03395981
v 0.02267616 -0.00263786 0.03385657
v 0.02146571 -0.00766667 0.03346485
v 0.02267885 -0.00258464 0.03608164
v 0.02148781 -0.00758268 0.03575317
v 0.01934975 -0.01206071 0.03537119
v 0.02154726 -0.00748210 0.03847869
v 0.01941103 -0.01196305 0.03821491
v 0.01657802 -0.01564958 0.03801850
v 0.01946242 -0.01181559 0.04126064
v 0.01659194 -0.01561686 0.04118118
v 0.01290602 -0.01880436 0.04128220
v 0.01300148 -0.01874967 0.03817098
v 0.01664028 -0.01560026 0.04455113
v 0.01283766 -0.01886784 0.04460052
v 0.00808595 -0.02132340 0.04469010
v 0.00821864 -0.02126237 0.04148477
v 0.01671755 -0.01556315 0.04799952
v 0.01277382 -0.01895768 0.04799952
v 0.00794240 -0.02140837 0.04799952
v 0.00243263 -0.02271842 0.04799952
v 0.00259157 -0.02265592 0.04473911
v 0.01018056 -0.01504411 0.04799952
v 0.00621047 -0.01696549 0.04799952
v 0.00171278 -0.01793962 0.04799952
v -0.00285069 -0.01782389 0.04799952
v -0.00329332 -0.02258708 0.04799952
v 0.00458827 -0.01265348 0.04799952
v 0.00104750 -0.01336735 0.04799952
v -0.00243736 -0.01327067 0.04799952
v -0.00592699 -0.01230827 0.04799952
v -0.00724852 -0.01660270 0.04799952
v 0.00032985 -0.00865690 0.04799952
v -0.00228990 -0.00863005 0.04799952
v -0.00049083 -0.00412614 0.04799952
v -0.00252379 -0.00415055 0.04799952
v -0.00486095 -0.00802946 0.04799952
v -0.00146007 -0.00001628 0.04799952
v -0.00331114 -0.00039909 0.04799952
v -0.00225682 0.00297005 0.04799952
v -0.00422630 0.00227425 0.04799952
v -0.00507738 -0.00088786 0.04799952
v -0.00611790 0.00138216 0.04799952
v -0.00745787 0.00391878 0.04799952
v -0.00964610 0.00213558 0.04799952
v -0.00823936 -0.00020280 0.04799952
v -0.01194115 0.00015706 0.04799952
v -0.01066295 -0.00241422 0.04799952
v -0.01474644 -0.00197282 0.04799952
v -0.01350743 -0.00515641 0.04799952
v -0.01156822 -0.00809196 0.04799952
v -0.01666514 -0.00784977 0.04799952
v -0.01428953 -0.01142008 0.04799952
v -0.00903075 -0.01054069 0.04799952
v -0.01114366 -0.01440055 0.04799952
v -0.01734569 -0.01484049 0.04799952
v -0.01351890 -0.01838542 0.04799952
v -0.00878612 -0.02109049 0.04799952
v -0.01332652 -0.01851725 0.04457775
v -0.00863206 -0.02112760 0.04465678
v -0.00315904 -0.02257389 0.04471951
v -0.00848961 -0.02114958 0.04141519
v -0.00303148 -0.02256315 0.04155086
v 0.00273195 -0.02261979 0.04157864
v -0.00290440 -0.02260465 0.03864830
v 0.00287465 -0.02261100 0.03864423
v 0.00836244 -0.02121354 0.03848655
v 0.00299220 -0.02258317 0.03600687
v 0.00848903 -0.02115495 0.03574938
v 0.01310036 -0.01868376 0.03531423
v 0.00859596 -0.02111296 0.03344514
v 0.01317787 -0.01862126 0.03282710
v 0.01657704 -0.01565495 0.03511569
v 0.01657216 -0.01564079 0.03254275
v 0.01323403 -0.01856169 0.03055549
v 0.01659035 -0.01562174 0.03025395
v 0.01929445 -0.01214030 0.03069335
v 0.01931545 -0.01211198 0.03288670
v 0.01928249 -0.01212516 0.02875773
v 0.02141188 -0.00770133 0.02951356
v 0.02143984 -0.00770085 0.03134403
v 0.02141469 -0.00767741 0.02783676
v 0.02263747 -0.00273551 0.02852274
v 0.02264552 -0.00271794 0.03008209
v 0.02264992 -0.00274870 0.02722749
v 0.02270229 0.00242415 0.02738086
v 0.02272218 0.00230550 0.02607728
v 0.02134596 0.00800667 0.02552702
v 0.02274428 0.00215120 0.02482702
v 0.02139394 0.00791683 0.02417158
v 0.02172804 0.00707015 0.02271795
v 0.02276955 0.00186312 0.02345812
v 0.02239906 0.00661068 0.02184627
v 0.02035610 0.01140267 0.01979177
v 0.02206703 0.01144808 0.01972781
v 0.02053493 0.01515902 0.01703822
v 0.01871510 0.01512142 0.01709700
v 0.01932753 0.01820540 0.01375461
v 0.01790163 0.01862533 0.01417710
v 0.02102284 0.01810140 0.01386211
v 0.02176711 0.02092708 0.00916653
v 0.02090309 0.02147103 0.00924491
v 0.02249794 0.02300277 0.00391211
v 0.02327638 0.02247640 0.00398305
v 0.02320192 0.02080208 0.00939157
v 0.02466823 0.02243685 0.00419167
v 0.02506288 0.02279427 -0.00097111
v 0.02368263 0.02279964 -0.00101465
v 0.02631606 0.02279085 -0.00090185
v 0.02603163 0.02196663 -0.00602253
v 0.02590382 0.02238900 0.00436035
v 0.02760341 0.02278499 -0.00084636
v 0.02733901 0.02194124 -0.00605211
v 0.02868691 0.02191048 -0.00607649
v 0.02834377 0.01999398 -0.01085432
v 0.02990016 0.01999740 -0.01087531
v 0.02947926 0.01743880 -0.01469524
v 0.02803945 0.01751497 -0.01458491
v 0.02807668 0.01458919 -0.01751935
v 0.02964674 0.01445638 -0.01762951
v 0.02865712 0.01024691 -0.02035573
v 0.03022536 0.01016390 -0.02039761
v 0.03066579 0.00499447 -0.02226676
v 0.03198134 0.01004720 -0.02043999
v 0.03233583 0.00490609 -0.02228300
v 0.03231276 -0.00034196 -0.02282222
v 0.03424013 0.00477474 -0.02229826
v 0.03423195 -0.00051042 -0.02280841
v 0.03188869 -0.00531315 -0.02216958
v 0.03387978 -0.00551237 -0.02210837
v 0.03637770 -0.00072477 -0.02279328
v 0.03608620 -0.00572331 -0.02204662
v 0.03570412 -0.01014128 -0.02039878
v 0.03339247 -0.00999919 -0.02046018
v 0.03867140 -0.00597135 -0.02199507
v 0.03842226 -0.01029118 -0.02034597
v 0.03816884 -0.01391764 -0.01804161
v 0.03537489 -0.01388444 -0.01805862
v 0.04124111 -0.01393327 -0.01800644
v 0.04120668 -0.01690397 -0.01526736
v 0.04456667 -0.01689274 -0.01532564
v 0.04463344 -0.01948405 -0.01188750
v 0.04801357 -0.01939372 -0.01204774
v 0.04801357 -0.02152799 -0.00759517
v 0.04471694 -0.02160124 -0.00737812
v 0.04801357 -0.01693376 -0.00686960
v 0.04801357 -0.01791569 -0.00255515
v 0.04801357 -0.02271989 -0.00241192
v 0.04801357 -0.01348258 -0.00304944
v 0.04801357 -0.01341715 0.00075248
v 0.04801357 -0.01789762 0.00212675
v 0.04801357 -0.00904411 -0.00112953
v 0.04801357 -0.00818180 0.00162510
v 0.04801357 -0.01242106 0.00421784
v 0.04801357 -0.00429997 -0.00091832
v 0.04801357 -0.00307633 0.00111487
v 0.04801357 -0.00687126 0.00406086
v 0.04801357 0.00063265 -0.00167193
v 0.04801357 -0.00077360 -0.00356296
v 0.04801357 0.00401839 -0.00430382
v 0.04801357 0.00541683 -0.00206150
v 0.04801357 0.00236507 -0.00625437
v 0.04801357 0.00488265 -0.00899236
v 0.04801357 0.00722152 -0.00685396
v 0.04801357 0.00898617 -0.00428815
v 0.04801357 0.01023177 -0.00132891
v 0.04801357 0.01256478 -0.00649525
v 0.04801357 0.01408480 -0.00290437
v 0.04801357 0.01799691 -0.00427936
v 0.04801357 0.01620882 -0.00859839
v 0.04801357 0.02213851 -0.00558364
v 0.04801357 0.02285531 0.00007182
v 0.04801357 0.02015853 -0.01077794
v 0.04475734 0.02210579 -0.00570752
v 0.04477309 0.02280892 -0.00009848
v 0.04471864 0.02216536 0.00541193
v 0.04165627 0.02279867 -0.00024701
v 0.04152162 0.02217415 0.00527687
v 0.03864626 0.02222103 0.00515668
v 0.03831142 0.02042415 0.01013654
v 0.03798500 0.01777425 0.01425857
v 0.03607533 0.02223958 0.00505341
v 0.03558754 0.02043783 0.01005522
v 0.03511806 0.01779476 0.01419950
v 0.03508217 0.01485579 0.01728960
v 0.03325356 0.02047152 0.00998555
v 0.03254030 0.01785579 0.01413906
v 0.03242128 0.01497201 0.01720901
v 0.03296864 0.01115462 0.01987374
v 0.03024147 0.01505355 0.01712175
v 0.03079653 0.01126839 0.01980956
v 0.03147048 0.00655697 0.02182355
v 0.02888014 0.01137630 0.01973183
v 0.02964638 0.00664193 0.02175961
v 0.03017458 0.00140706 0.02273618
v 0.02802809 0.00670394 0.02174612
v 0.02866823 0.00151595 0.02271889
v 0.02872914 -0.00375456 0.02249487
v 0.02733461 0.00160970 0.02272833
v 0.02740553 -0.00355143 0.02253393
v 0.02685414 -0.00864274 0.02109247
v 0.02607692 -0.00334001 0.02256951
v 0.02545094 -0.00829606 0.02124011
v 0.02411452 -0.00790544 0.02139937
v 0.02480739 -0.00310710 0.02261109
v 0.02257533 -0.00737907 0.02161144
v 0.02094997 -0.01164030 0.01963345
v 0.02342006 -0.00285661 0.02265618
v 0.02171913 -0.00712467 0.02227624
v 0.01983351 -0.01135417 0.02062286
v 0.01960402 -0.01168913 0.02220983
v 0.01695009 -0.01523747 0.02105199
v 0.01352040 -0.01834635 0.02166867
v 0.01671486 -0.01543180 0.02284461
v 0.01346376 -0.01836051 0.02346195
v 0.00876344 -0.02104948 0.02510717
v 0.00870632 -0.02108659 0.02380130
v 0.01662746 -0.01551335 0.02450893
v 0.01344252 -0.01837028 0.02518617
v 0.00878761 -0.02102995 0.02649766
v 0.00325978 -0.02256169 0.02741113
v 0.00325502 -0.02256901 0.02616647
v 0.01340602 -0.01841960 0.02680451
v 0.00876772 -0.02101530 0.02783211
v 0.00325502 -0.02255534 0.02859603
v -0.00237303 -0.02264567 0.02867438
v -0.00229283 -0.02266325 0.02747853
v 0.00872218 -0.02104313 0.02953144
v 0.00321950 -0.02257047 0.03016925
v -0.00246519 -0.02264274 0.03019493
v -0.00787218 -0.02134489 0.02975693
v 0.00316615 -0.02258366 0.03182932
v -0.00257091 -0.02265397 0.03186888
v -0.00800523 -0.02132829 0.03148757
v -0.01266441 -0.01894450 0.03081483
v -0.00812669 -0.02126872 0.03350458
v -0.01276048 -0.01887809 0.03290583
v -0.01636803 -0.01587467 0.03258508
v -0.01288927 -0.01880094 0.03539908
v -0.01650743 -0.01573503 0.03520217
v -0.01941930 -0.01190202 0.03549150
v -0.01929076 -0.01211344 0.03299029
v -0.01300279 -0.01872575 0.03817534
v -0.01663621 -0.01554264 0.03804748
v -0.01959117 -0.01162663 0.03830750
v -0.02173424 -0.00684245 0.03855834
v -0.02162999 -0.00709587 0.03583517
v -0.01683751 -0.01533708 0.04120362
v -0.01976781 -0.01131217 0.04137181
v -0.02183214 -0.00654264 0.04152834
v -0.02275133 -0.00136344 0.04155841
v -0.02275511 -0.00159147 0.03863266
v -0.01997899 -0.01096842 0.04464494
v -0.02193638 -0.00619206 0.04470765
v -0.02276878 -0.00110026 0.04471919
v -0.02244334 0.00397738 0.04467678
v -0.02244054 0.00382161 0.04146900
v -0.02206590 -0.00580876 0.04799952
v -0.02280308 -0.00082145 0.04799952
v -0.02245335 0.00413070 0.04799952
v -0.02107408 0.00881136 0.04799952
v -0.02104893 0.00875130 0.04459706
v -0.01888560 -0.00006071 0.04799952
v -0.01876976 0.01293099 0.04451891
v -0.02105064 0.00867074 0.04129131
v -0.01882274 0.01292806 0.04799952
v -0.01580455 0.01647689 0.04799952
v -0.01571837 0.01074300 0.04799952
v -0.01306847 0.01350863 0.04799952
v -0.00984935 0.01570443 0.04799952
v -0.01204002 0.01939339 0.04799952
v -0.01075621 0.00999056 0.04799952
v -0.00795225 0.01206234 0.04799952
v -0.00491368 0.01345882 0.04799952
v -0.00649974 0.00834212 0.04799952
v -0.00388170 0.00962484 0.04799952
v -0.00114171 0.01044759 0.04799952
v -0.00306590 0.00623031 0.04799952
v -0.00076353 0.00692122 0.04799952
v 0.00163490 0.00728597 0.04799952
v -0.00025230 0.00360628 0.04799952
v 0.00164955 0.00407259 0.04799952
v 0.00353529 0.00421468 0.04799952
v 0.00216237 0.00074740 0.04799952
v 0.00040871 0.00034261 0.04799952
v 0.00161830 -0.00381852 0.04799952
v 0.00360585 -0.00319499 0.04799952
v 0.00531813 -0.00215641 0.04799952
v 0.00307314 -0.00816276 0.04799952
v 0.00556337 -0.00717399 0.04799952
v 0.00773110 -0.00555192 0.04799952
v 0.01057643 -0.00900163 0.04799952
v 0.01277065 -0.00631999 0.04799952
v 0.00958290 -0.00337614 0.04799952
v 0.01443788 -0.00318571 0.04799952
v 0.01116847 -0.00079313 0.04799952
v 0.01564198 -0.00000797 0.04799952
v 0.01245961 0.00194857 0.04799952
v 0.00952809 0.00426253 0.04799952
v 0.01085500 0.00692757 0.04799952
v 0.00673207 0.00617171 0.04799952
v 0.00798085 0.00891878 0.04799952
v 0.00412245 0.00709652 0.04799952
v 0.00498439 0.01020687 0.04799952
v 0.00936952 0.01210091 0.04799952
v 0.00593324 0.01370296 0.04799952
v 0.00217445 0.01446322 0.04799952
v 0.00183583 0.01066585 0.04799952
v 0.00698598 0.01735042 0.04799952
v 0.00255287 0.01837093 0.04799952
v -0.00188829 0.01834554 0.04799952
v -0.00144969 0.01432699 0.04799952
v 0.00299574 0.02263851 0.04799952
v -0.00240648 0.02272249 0.04799952
v -0.00751659 0.02155453 0.04799952
v -0.00611644 0.01734749 0.04799952
v -0.00244163 0.02267611 0.04471560
v -0.00756077 0.02150814 0.04465902
v -0.01209312 0.01932943 0.04456216
v -0.00760765 0.02148519 0.04142791
v -0.01214195 0.01929085 0.04121171
v -0.01579173 0.01643294 0.04449697
v -0.01579954 0.01639730 0.04106795
v -0.01218724 0.01927279 0.03804951
v -0.01583482 0.01638558 0.03784318
v -0.01876195 0.01291829 0.03798411
v -0.01872227 0.01291878 0.04111369
v -0.01876573 0.01289242 0.03511474
v -0.02112523 0.00853744 0.03550517
v -0.02111204 0.00860286 0.03828429
v -0.02250865 0.00354036 0.03586623
v -0.02249950 0.00368001 0.03852229
v -0.02273570 -0.00179167 0.03600406
v -0.02253441 0.00341927 0.03367493
v -0.02272655 -0.00194743 0.03381078
v -0.02156236 -0.00730387 0.03356979
v -0.02271763 -0.00206559 0.03179479
v -0.02150523 -0.00744987 0.03148094
v -0.01916331 -0.01231657 0.03082919
v -0.02143822 -0.00754655 0.02966396
v -0.01905138 -0.01247135 0.02888999
v -0.01624144 -0.01600505 0.03040276
v -0.01612681 -0.01612028 0.02836440
v -0.01891295 -0.01265104 0.02707234
v -0.01603172 -0.01620671 0.02649668
v -0.01243101 -0.01906169 0.02715801
v -0.01254320 -0.01901676 0.02893786
v -0.01226073 -0.01916569 0.02557886
v -0.00757555 -0.02145622 0.02679646
v -0.00771019 -0.02139030 0.02808310
v -0.00739061 -0.02154215 0.02550234
v -0.00219420 -0.02268229 0.02624657
v -0.00209495 -0.02270622 0.02512982
v 0.00322609 -0.02258708 0.02499550
v -0.00198045 -0.02272819 0.02383401
v 0.00317861 -0.02260563 0.02375260
v -0.00191173 -0.02295231 0.02273863
v 0.00314003 -0.02262028 0.02275415
v 0.00864198 -0.02111979 0.02249567
v 0.00321755 -0.02370378 0.02259960
v 0.00876747 -0.02231852 0.02105330
v -0.00196751 -0.02397624 0.02273216
v 0.00332301 -0.02500944 0.02257070
v 0.00892934 -0.02370475 0.02098177
v 0.01401528 -0.02156803 0.01797429
v 0.00905580 -0.02495231 0.02091355
v 0.01397414 -0.02328288 0.01799386
v 0.01757936 -0.02308561 0.01453623
v 0.01393715 -0.02499137 0.01798896
v 0.01744997 -0.02473698 0.01467082
v 0.02035353 -0.02576823 0.01025244
v 0.02048976 -0.02428239 0.01001626
v 0.01735988 -0.02649137 0.01477566
v 0.02025563 -0.02725260 0.01040356
v 0.02221315 -0.02810075 0.00499603
v 0.02225319 -0.02674723 0.00486849
v 0.01730739 -0.02834391 0.01485768
v 0.02020070 -0.02901725 0.01054387
v 0.02218593 -0.02964762 0.00511518
v 0.02280275 -0.02979411 -0.00075609
v 0.02015370 -0.03088346 0.01064793
v 0.02218703 -0.03142106 0.00522885
v 0.02280812 -0.03158073 -0.00072987
v 0.02180873 -0.03116325 -0.00663406
v 0.02281508 -0.03362077 -0.00070278
v 0.02179970 -0.03325114 -0.00669292
v 0.01941091 -0.03256510 -0.01195052
v 0.02178066 -0.03553190 -0.00672803
v 0.01936037 -0.03507047 -0.01204436
v 0.01601833 -0.03484001 -0.01623957
v 0.01932839 -0.03796501 -0.01212468
v 0.01584694 -0.03779997 -0.01639774
v 0.01134694 -0.03806510 -0.01978828
v 0.01171278 -0.03518962 -0.01958653
v 0.01926271 -0.04108854 -0.01220067
v 0.01563454 -0.04103678 -0.01658314
v 0.01093520 -0.04123503 -0.02001337
v 0.00514284 -0.04146598 -0.02220339
v 0.00567580 -0.03842204 -0.02207747
v 0.01541591 -0.04448600 -0.01681856
v 0.01046352 -0.04458512 -0.02027587
v 0.00453224 -0.04467887 -0.02235300
v -0.00163267 -0.04471403 -0.02274644
v -0.00102928 -0.04154313 -0.02277962
v 0.00993593 -0.04799821 -0.02056184
v -0.00674473 -0.04150260 -0.02176479
v -0.00630296 -0.03860758 -0.02191160
v -0.00048472 -0.03861296 -0.02281041
v -0.00722520 -0.04470036 -0.02163161
v -0.01193394 -0.04465348 -0.01943475
v -0.01158934 -0.04141276 -0.01959822
v -0.01575584 -0.04463883 -0.01647614
v -0.01601536 -0.04799821 -0.01628399
v -0.01899876 -0.04799821 -0.01268687
v -0.01580015 -0.04799821 -0.01049499
v -0.00002965 -0.03593229 -0.02282778
v 0.00612331 -0.03565934 -0.02194670
v 0.00649623 -0.03336344 -0.02185566
v 0.01197926 -0.03262028 -0.01942032
v 0.01221730 -0.03027799 -0.01925696
v 0.01614418 -0.03216520 -0.01610242
v 0.01626820 -0.02984001 -0.01596247
v 0.01636842 -0.02769255 -0.01583334
v 0.01949562 -0.02840641 -0.01175477
v 0.01945973 -0.03034733 -0.01187496
v 0.01955434 -0.02655387 -0.01163206
v 0.02184670 -0.02773551 -0.00644126
v 0.02179750 -0.02933561 -0.00655890
v 0.02190798 -0.02637565 -0.00629030
v 0.02280849 -0.02700065 -0.00074674
v 0.02279872 -0.02831022 -0.00075547
v 0.02281496 -0.02572868 -0.00075777
v 0.02231215 -0.02548942 0.00471402
v 0.02238735 -0.02416130 0.00448300
v 0.02066371 -0.02289079 0.00970288
v 0.02244093 -0.02285661 0.00426367
v 0.02087966 -0.02145915 0.00930309
v 0.01784499 -0.02121940 0.01423317
v 0.02199172 -0.02075895 0.00948988
v 0.02339064 -0.02241520 0.00430173
v 0.02481911 -0.02236247 0.00447741
v 0.02282204 -0.02445719 -0.00077180
v 0.02195851 -0.02504020 -0.00614525
v 0.01968019 -0.02499089 -0.01145918
v 0.01516017 -0.04799821 -0.01708365
v 0.01923415 -0.04450163 -0.01230504
v 0.02178029 -0.04129557 -0.00674760
v 0.02181801 -0.04459391 -0.00673451
v 0.02179750 -0.03827995 -0.00674803
v 0.02282460 -0.03848503 -0.00064015
v 0.02280483 -0.04145085 -0.00058308
v 0.02214101 -0.03845817 0.00548966
v 0.02211708 -0.04145036 0.00558836
v 0.02214113 -0.03573893 0.00540528
v 0.02002248 -0.03823405 0.01092095
v 0.02005727 -0.03546208 0.01084064
v 0.02216359 -0.03350700 0.00533125
v 0.02009841 -0.03303092 0.01074584
v 0.01706728 -0.03514958 0.01513680
v 0.01717128 -0.03250407 0.01502538
v 0.01353212 -0.03263005 0.01833330
v 0.01338381 -0.03523258 0.01844534
v 0.01367690 -0.03047721 0.01825099
v 0.00898061 -0.03121012 0.02098036
v 0.00888136 -0.03327751 0.02101695
v 0.00906203 -0.02940348 0.02092027
v 0.00346278 -0.03008708 0.02250825
v 0.00342507 -0.03178483 0.02254945
v 0.00345937 -0.02856462 0.02250453
v -0.00220335 -0.02874479 0.02267216
v -0.00216136 -0.02752165 0.02268520
v -0.00749986 -0.02693424 0.02149436
v -0.00210618 -0.02631706 0.02270137
v -0.00736229 -0.02562077 0.02155917
v -0.01218565 -0.02429801 0.01923786
v -0.00720189 -0.02443766 0.02162345
v -0.01200706 -0.02294792 0.01934313
v -0.01611607 -0.02332194 0.01605303
v -0.00204442 -0.02520817 0.02272119
v -0.00696471 -0.02317301 0.02171078
v -0.00670445 -0.02203874 0.02180382
v -0.01113280 -0.02016178 0.01991415
v -0.00691807 -0.02172380 0.02297278
v -0.01143114 -0.01970866 0.02122100
v -0.01179014 -0.01947575 0.02270403
v -0.01555272 -0.01665055 0.02140009
v -0.01880589 -0.01288542 0.02204249
v -0.01867589 -0.01311589 0.02037766
v -0.01576146 -0.01644450 0.02305968
v -0.01881663 -0.01282878 0.02376441
v -0.02145250 -0.00764323 0.02525695
v -0.02151207 -0.00755241 0.02391664
v -0.01593419 -0.01628630 0.02467544
v -0.01884727 -0.01275309 0.02539448
v -0.02140831 -0.00767301 0.02662420
v -0.02269481 -0.00224528 0.02725569
v -0.02270128 -0.00224919 0.02597309
v -0.02139891 -0.00763639 0.02801373
v -0.02269041 -0.00221452 0.02853842
v -0.02256712 0.00303744 0.02837776
v -0.02259923 0.00291732 0.02708373
v -0.02269871 -0.00214958 0.03002075
v -0.02254930 0.00315658 0.02987956
v -0.02121544 0.00819759 0.02924706
v -0.02255760 0.00328255 0.03161869
v -0.02118748 0.00833089 0.03105626
v -0.01883897 0.01278548 0.03029485
v -0.02114488 0.00846273 0.03321132
v -0.01879491 0.01283773 0.03256893
v -0.01585936 0.01635482 0.03225768
v -0.01585179 0.01637728 0.03492444
v -0.01585814 0.01634749 0.02993002
v -0.01217772 0.01926107 0.03039532
v -0.01210924 0.01928988 0.02844428
v -0.01584080 0.01634749 0.02782253
v -0.01887804 0.01272152 0.02834969
v -0.01220396 0.01926790 0.03263664
v -0.00765843 0.02144173 0.03329172
v -0.00760448 0.02147396 0.03117820
v -0.01221080 0.01926156 0.03521118
v -0.00765990 0.02144271 0.03561760
v -0.00255772 0.02264193 0.03589209
v -0.00257664 0.02265023 0.03368730
v -0.00764586 0.02147249 0.03837105
v -0.00252403 0.02265902 0.03856569
v 0.00280983 0.02262533 0.03863564
v 0.00272780 0.02262337 0.03599467
v -0.00247606 0.02265072 0.04153351
v 0.00288185 0.02259554 0.04155179
v 0.00804054 0.02132210 0.04148481
v 0.00793800 0.02138119 0.03858311
v 0.00294264 0.02260872 0.04472224
v 0.00815175 0.02132015 0.04469465
v 0.01278542 0.01893099 0.04465096
v 0.01262013 0.01901937 0.04139479
v 0.00824269 0.02130404 0.04799952
v 0.01295632 0.01882552 0.04799952
v 0.01683681 0.01543490 0.04799952
v 0.01657387 0.01567318 0.04464178
v 0.01101845 0.01536361 0.04799952
v 0.01446840 0.01256820 0.04799952
v 0.01716737 0.00922933 0.04799952
v 0.01979665 0.01140267 0.04799952
v 0.01248293 0.00976839 0.04799952
v 0.02179103 0.00690316 0.04799952
v 0.02164003 0.00724495 0.04477223
v 0.01955959 0.01175081 0.04470881
v 0.02154347 0.00750179 0.04164944
v 0.01935683 0.01205062 0.04152282
v 0.01633852 0.01589193 0.04139366
v 0.01918971 0.01233431 0.03853672
v 0.01615419 0.01609017 0.03832374
v 0.01247231 0.01911849 0.03840899
v 0.01598793 0.01630404 0.03553842
v 0.01230397 0.01921859 0.03569472
v 0.00780068 0.02140755 0.03591118
v 0.01213100 0.01930160 0.03328880
v 0.00766762 0.02144710 0.03363578
v 0.00265102 0.02264437 0.03379245
v 0.00753212 0.02150814 0.03164313
v 0.00256886 0.02266146 0.03179487
v -0.00256932 0.02266097 0.03165954
v 0.00248024 0.02264535 0.03004106
v -0.00254320 0.02264486 0.02987837
v -0.00753026 0.02147494 0.02939002
v -0.00250487 0.02264583 0.02835460
v -0.00740965 0.02151302 0.02770383
v -0.01205345 0.01932113 0.02660417
v -0.00725438 0.02158968 0.02626634
v -0.01190086 0.01941488 0.02493203
v -0.01583446 0.01633675 0.02584502
v -0.01582152 0.01634212 0.02395633
v -0.01903221 0.01249447 0.02483774
v -0.01888890 0.01266341 0.02647873
v -0.02135203 0.00787630 0.02625536
v -0.02125609 0.00807064 0.02759307
v -0.02146849 0.00762874 0.02488539
v -0.02262840 0.00279036 0.02583792
v -0.02160704 0.00729574 0.02361132
v -0.02266283 0.00265023 0.02457206
v -0.02271471 -0.00219938 0.02475783
v -0.02272960 -0.00210270 0.02342038
v -0.02157237 -0.00743180 0.02248284
v -0.02320994 -0.00211491 0.02274090
v -0.02172496 -0.00749919 0.02156899
v -0.02333177 -0.00758073 0.02151925
v -0.02453758 -0.00222087 0.02272278
v -0.02473631 -0.00767839 0.02146762
v -0.02280235 -0.01287174 0.01880547
v -0.02465648 -0.01275114 0.01886327
v -0.02389305 -0.01625993 0.01596076
v -0.02205662 -0.01648747 0.01574206
v -0.02325719 -0.01928971 0.01214655
v -0.02168541 -0.01957145 0.01172716
v -0.02344139 -0.02160172 0.00735472
v -0.02021971 -0.01987858 0.01126792
v -0.02476817 -0.02145475 0.00770844
v -0.02478001 -0.01908952 0.01243696
v -0.02614146 -0.02132682 0.00799237
v -0.02687877 -0.02260172 0.00304759
v -0.02562327 -0.02263883 0.00285683
v -0.02822252 -0.02256022 0.00323655
v -0.02826756 -0.02271012 -0.00201000
v -0.02691881 -0.02271159 -0.00210254
v -0.02973033 -0.02271696 -0.00188988
v -0.02925633 -0.02158708 -0.00713634
v -0.02762132 -0.02156413 -0.00721789
v -0.02847557 -0.01945915 -0.01179453
v -0.02654149 -0.01938346 -0.01189875
v -0.02788035 -0.01685319 -0.01533137
v -0.02579661 -0.01678971 -0.01537404
v -0.02605675 -0.01405387 -0.01793870
v -0.02806834 -0.01409245 -0.01791819
v -0.02881773 -0.01037028 -0.02027037
v -0.03011400 -0.01410563 -0.01791329
v -0.03073607 -0.01031217 -0.02031706
v -0.02949681 -0.00570329 -0.02203190
v -0.03134105 -0.00559928 -0.02208433
v -0.03158775 -0.00036735 -0.02281467
v -0.03342723 -0.00546989 -0.02211721
v -0.03360301 -0.00018327 -0.02282086
v -0.03131908 0.00492513 -0.02224469
v -0.03339061 0.00513314 -0.02219980
v -0.03288060 0.01002035 -0.02046557
v -0.03070531 0.00984994 -0.02053924
v -0.03228551 0.01404232 -0.01795035
v -0.03002891 0.01394271 -0.01802291
v -0.02994090 0.01694173 -0.01528181
v -0.03221190 0.01701595 -0.01519733
v -0.03048460 0.01945687 -0.01186703
v -0.03273668 0.01950911 -0.01175067
v -0.03113280 0.02142318 -0.00770443
v -0.02927257 0.02139486 -0.00771369
v -0.03326671 0.02146663 -0.00763244
v -0.03155894 0.02258870 -0.00320550
v -0.02980553 0.02256185 -0.00323733
v -0.02993870 0.02275716 0.00130498
v -0.02845140 0.02275619 0.00123613
v -0.02829710 0.02256185 -0.00324451
v -0.02967674 0.02201107 0.00580565
v -0.02813011 0.02203109 0.00569907
v -0.02684703 0.02208431 0.00557321
v -0.02716197 0.02277132 0.00116696
v -0.02736265 0.02037777 0.01010606
v -0.02594823 0.02043099 0.01005118
v -0.02552452 0.02214486 0.00541855
v -0.02449327 0.02052132 0.00992860
v -0.02483287 0.01801107 0.01391290
v -0.02317967 0.01804671 0.01391140
v -0.02313060 0.02062581 0.00974983
v -0.02142967 0.01807650 0.01389485
v -0.02171776 0.02075472 0.00952156
v -0.02290575 0.01530843 0.01691126
v -0.02109581 0.01515365 0.01705734
v -0.02258153 0.01153060 0.01968347
v -0.02102379 0.01120003 0.01990313
v -0.02261632 0.00687874 0.02177482
v -0.02177330 0.00685140 0.02233772
v -0.01993602 0.01113704 0.02042841
v -0.02269737 0.00251009 0.02327738
v -0.02331639 0.00250130 0.02271230
v -0.02463292 0.00259163 0.02268706
v -0.02399998 0.00716732 0.02165327
v -0.02527049 0.00738411 0.02155244
v -0.02591746 0.00266732 0.02266409
v -0.02584459 -0.00232926 0.02269918
v -0.02659141 0.00753255 0.02146993
v -0.02717161 0.00272884 0.02264765
v -0.02708531 -0.00236784 0.02268419
v -0.02839183 -0.00237858 0.02267337
v -0.02759398 -0.00770768 0.02139376
v -0.02618468 -0.00772184 0.02141662
v -0.02927782 -0.00764030 0.02141626
v -0.02835924 -0.01244938 0.01907269
v -0.02641209 -0.01263346 0.01892590
v -0.02780577 -0.01601139 0.01623809
v -0.02579393 -0.01613542 0.01609979
v -0.02643260 -0.01890495 0.01267514
v -0.02833946 -0.01881266 0.01284544
v -0.02752574 -0.02120671 0.00824964
v -0.02919041 -0.02112663 0.00848091
v -0.03030638 -0.01870085 0.01301734
v -0.03100670 -0.02105631 0.00868282
v -0.03150658 -0.02251432 0.00363310
v -0.02970482 -0.02252702 0.00342674
v -0.03352647 -0.02248307 0.00385064
v -0.03358702 -0.02275358 -0.00156954
v -0.03155675 -0.02274186 -0.00174389
v -0.03324925 -0.02172624 -0.00687294
v -0.03115025 -0.02166130 -0.00702879
v -0.03268333 -0.01962370 -0.01153705
v -0.03046226 -0.01956022 -0.01168762
v -0.03225535 -0.01697624 -0.01518836
v -0.02997313 -0.01690983 -0.01527397
v -0.03239195 -0.01409977 -0.01792507
v -0.03492003 -0.01705924 -0.01510190
v -0.03501939 -0.01407536 -0.01794563
v -0.03294200 -0.01023649 -0.02036024
v -0.03536034 -0.01011833 -0.02042047
v -0.03565343 -0.00529118 -0.02215450
v -0.03821055 -0.00995378 -0.02050930
v -0.03840098 -0.00508659 -0.02222589
v -0.03578905 0.00001449 -0.02282038
v -0.03845701 0.00025179 -0.02282588
v -0.03561925 0.00532503 -0.02214997
v -0.03831444 0.00555892 -0.02211407
v -0.03526732 0.01017855 -0.02039026
v -0.03807970 0.01036654 -0.02030785
v -0.03492235 0.01416390 -0.01785425
v -0.03784630 0.01429720 -0.01774487
v -0.03491148 0.01711165 -0.01506963
v -0.03783946 0.01727767 -0.01487548
v -0.03524034 0.01960921 -0.01159904
v -0.03810020 0.01975277 -0.01138746
v -0.03557286 0.02150472 -0.00749793
v -0.03836973 0.02159163 -0.00731243
v -0.03583507 0.02260872 -0.00304363
v -0.03360191 0.02259847 -0.00314313
v -0.03850780 0.02263802 -0.00290591
v -0.03588414 0.02275521 0.00151988
v -0.03370286 0.02276351 0.00144959
v -0.03573314 0.02199740 0.00596904
v -0.03350572 0.02200521 0.00594249
v -0.03168919 0.02276790 0.00137446
v -0.03144334 0.02201790 0.00588466
v -0.03307835 0.02039632 0.01016545
v -0.03094725 0.02038216 0.01018526
v -0.02910753 0.02037337 0.01015076
v -0.03042381 0.01807894 0.01387007
v -0.02846898 0.01802767 0.01391458
v -0.02658848 0.01798861 0.01394393
v -0.02826842 0.01547933 0.01675340
v -0.02639415 0.01543636 0.01678572
v -0.02455101 0.01535970 0.01685208
v -0.02552562 0.01191341 0.01939968
v -0.02400670 0.01173861 0.01953388
v -0.02708153 0.01199984 0.01933604
v -0.02792845 0.00764828 0.02141017
v -0.02887633 0.01210335 0.01929063
v -0.02956493 0.00776204 0.02137933
v -0.02844823 0.00279574 0.02262800
v -0.02996519 0.00286703 0.02262006
v -0.03135387 0.00786214 0.02137099
v -0.03169945 0.00293587 0.02262800
v -0.03164867 -0.00232731 0.02270219
v -0.02992454 -0.00236491 0.02267870
v -0.03368028 -0.00225505 0.02271270
v -0.03328905 -0.00745524 0.02152519
v -0.03114561 -0.00756706 0.02146836
v -0.03266539 -0.01208610 0.01931789
v -0.03040782 -0.01228239 0.01919351
v -0.03224693 -0.01574089 0.01649835
v -0.02992735 -0.01586296 0.01638796
v -0.03252550 -0.01856169 0.01319684
v -0.03506969 -0.01844547 0.01337378
v -0.03312840 -0.02096354 0.00889103
v -0.03546898 -0.02088981 0.00908786
v -0.03825377 -0.02081071 0.00929709
v -0.03844835 -0.02239762 0.00431461
v -0.03574962 -0.02244401 0.00407555
v -0.03846544 -0.02278483 -0.00111635
v -0.03578807 -0.02275993 -0.00135889
v -0.03829967 -0.02187321 -0.00646382
v -0.03556236 -0.02178044 -0.00668281
v -0.03803966 -0.01985661 -0.01120791
v -0.03518773 -0.01972721 -0.01138476
v -0.03784068 -0.01711930 -0.01499869
v -0.04104307 -0.01719645 -0.01490918
v -0.03794383 -0.01402018 -0.01798025
v -0.04111839 -0.01396110 -0.01801034
v -0.04129454 -0.00978288 -0.02058383
v -0.04450255 -0.01390299 -0.01806885
v -0.04459007 -0.00961833 -0.02067466
v -0.04141331 -0.00485612 -0.02227786
v -0.04464439 -0.00460368 -0.02234862
v -0.04142027 0.00051107 -0.02279269
v -0.04464036 0.00077962 -0.02278848
v -0.04131517 0.00580453 -0.02202816
v -0.04459227 0.00607259 -0.02199406
v -0.04114061 0.01058187 -0.02017262
v -0.04451366 0.01085579 -0.02005672
v -0.04101597 0.01448031 -0.01757386
v -0.04446422 0.01476546 -0.01738376
v -0.04108226 0.01748177 -0.01461661
v -0.04449620 0.01775374 -0.01431857
v -0.04125389 0.01989681 -0.01110821
v -0.04457493 0.02009359 -0.01079374
v -0.04139781 0.02167074 -0.00707364
v -0.04463731 0.02177816 -0.00679917
v -0.04145848 0.02264632 -0.00273263
v -0.04466978 0.02268245 -0.00253470
v -0.04145262 0.02272103 0.00169660
v -0.03851854 0.02276156 0.00160688
v -0.04466380 0.02273519 0.00180946
v -0.04137120 0.02197786 0.00595315
v -0.03841099 0.02200619 0.00597135
v -0.04124852 0.02050472 0.00988271
v -0.03823302 0.02047689 0.01001933
v -0.03545921 0.02042269 0.01011175
v -0.03801720 0.01830794 0.01356803
v -0.03517076 0.01819564 0.01368849
v -0.03260582 0.01812777 0.01378563
v -0.03511925 0.01561751 0.01663239
v -0.03247569 0.01556087 0.01667894
v -0.03030479 0.01552181 0.01671440
v -0.03076427 0.01220150 0.01924983
v -0.03287779 0.01227181 0.01921058
v -0.03343468 0.00795492 0.02134903
v -0.03538743 0.01233919 0.01917308
v -0.03570824 0.00803158 0.02131967
v -0.03371947 0.00301497 0.02261514
v -0.03593077 0.00309066 0.02260051
v -0.03846312 0.00811458 0.02130773
v -0.03857432 0.00317562 0.02259858
v -0.03853404 -0.00205680 0.02272932
v -0.03589244 -0.00216618 0.02271588
v -0.03833153 -0.00713835 0.02165208
v -0.03558983 -0.00730339 0.02156843
v -0.03805589 -0.01169206 0.01956273
v -0.03518053 -0.01190641 0.01942355
v -0.03784410 -0.01536198 0.01680609
v -0.03490233 -0.01556315 0.01664922
v -0.04105418 -0.01514421 0.01698404
v -0.04113072 -0.01819108 0.01372338
v -0.03795494 -0.01832926 0.01354810
v -0.04450474 -0.01805680 0.01391784
v -0.04459251 -0.02060368 0.00976673
v -0.04131773 -0.02070671 0.00952052
v -0.04464964 -0.02227995 0.00488828
v -0.04142784 -0.02233659 0.00458666
v -0.04464879 -0.02279362 -0.00051869
v -0.04142613 -0.02277116 -0.00083473
v -0.04460191 -0.02201188 -0.00594275
v -0.04130992 -0.02191374 -0.00620253
v -0.04452525 -0.02009928 -0.01081440
v -0.04114024 -0.01995085 -0.01099500
v -0.04798643 -0.02022331 -0.01063397
v -0.04798643 -0.01740837 -0.01478643
v -0.04447337 -0.01730778 -0.01485384
v -0.04798643 -0.01385661 -0.01814597
v -0.04798643 -0.01389323 -0.01171013
v -0.04798643 -0.01087760 -0.01444036
v -0.04798643 -0.00945329 -0.02078295
v -0.04798643 -0.00727311 -0.01657936
v -0.04798643 -0.00433903 -0.02243592
v -0.04798643 -0.00313053 -0.01802675
v -0.04798643 0.00105941 -0.02280566
v -0.04798643 0.00131869 -0.01844506
v -0.04798643 0.00634749 -0.02194578
v -0.04798643 0.00592318 -0.01781845
v -0.04798643 0.01116244 -0.01992731
v -0.04798643 0.01509652 -0.01713038
v -0.04798643 0.01806331 -0.01397161
v -0.04798643 0.01465804 -0.01104339
v -0.04798643 0.02030941 -0.01045899
v -0.04798643 0.01628548 -0.00801705
v -0.04798643 0.02190951 -0.00649737
v -0.04798643 0.01745882 -0.00469158
v -0.04798643 0.02273763 -0.00231503
v -0.04798643 0.01816536 -0.00115607
v -0.04798643 0.01334603 -0.00290916
v -0.04798643 0.01432161 0.00035185
v -0.04798643 0.00998519 -0.00130482
v -0.04798643 0.01133138 0.00209268
v -0.04798643 0.01304671 0.00561437
v -0.04798643 0.00881917 0.00393808
v -0.04798643 0.01073714 0.00787022
v -0.04798643 0.01551790 0.00926798
v -0.04798643 0.01324593 0.01197099
v -0.04798643 0.01882747 0.01293987
v -0.04798643 0.02072689 0.00957608
v -0.04798643 0.01622445 0.01609578
v -0.04452257 0.01861019 0.01319848
v -0.04457359 0.02061361 0.00974714
v -0.04462865 0.02201449 0.00594583
v -0.04114281 0.01841097 0.01338573
v -0.04451939 0.01597298 0.01626698
v -0.04114805 0.01579378 0.01640938
v -0.03797740 0.01567415 0.01652475
v -0.03821873 0.01238753 0.01914097
v -0.04129576 0.01248079 0.01907781
v -0.04144505 0.00820003 0.02126740
v -0.04465648 0.00831087 0.02123464
v -0.04469054 0.00337044 0.02256376
v -0.04150535 0.00327230 0.02257962
v -0.04467442 -0.00180534 0.02273422
v -0.04147728 -0.00193083 0.02270616
v -0.04461339 -0.00676725 0.02179224
v -0.04133006 -0.00694401 0.02169306
v -0.04452769 -0.01120329 0.01985579
v -0.04114732 -0.01143913 0.01966672
v -0.04798643 -0.01093864 0.02005850
v -0.04798643 -0.01470426 0.01748220
v -0.04448167 -0.01493864 0.01722888
v -0.04798643 -0.00918034 0.01623554
v -0.04798643 -0.01793913 0.01413279
v -0.04798643 -0.01695866 0.00883883
v -0.04798643 -0.02051530 0.01001558
v -0.04798643 -0.01829948 0.00488690
v -0.04798643 -0.02223063 0.00519905
v -0.04798643 -0.01879215 0.00039256
v -0.04798643 -0.02284635 -0.00018123
v -0.04798643 -0.01812028 -0.00421425
v -0.04798643 -0.02211589 -0.00566103
v -0.04798643 -0.01446842 -0.00279720
v -0.04798643 -0.01290055 -0.00612800
v -0.04798643 -0.01634782 -0.00831485
v -0.04798643 -0.01078483 -0.00871856
v -0.04798643 -0.00790348 -0.00561478
v -0.04798643 -0.00815251 -0.01088013
v -0.04798643 -0.00556755 -0.00718929
v -0.04798643 -0.00510856 -0.01259306
v -0.04798643 -0.00292301 -0.00850532
v -0.04798643 -0.00165592 -0.01362096
v -0.04798643 -0.00001921 -0.00946744
v -0.04798643 0.00194613 -0.01401095
v -0.04798643 0.00306722 -0.01003186
v -0.04798643 0.00151937 -0.00575350
v -0.04798643 0.00441488 -0.00660280
v -0.04798643 0.00755892 -0.00741859
v -0.04798643 0.01109945 -0.00875853
v -0.04798643 0.00578597 -0.00322903
v -0.04798643 0.00874740 -0.00442081
v -0.04798643 0.01231624 -0.00597138
v -0.04798643 0.00720882 0.00023622
v -0.04798643 0.00313997 -0.00199307
v -0.04798643 0.00467806 0.00169615
v -0.04798643 0.00635091 0.00575760
v -0.04798643 0.00222835 0.00307062
v -0.04798643 0.00377767 0.00731980
v -0.04798643 0.00824105 0.01002870
v -0.04798643 0.00534408 0.01182303
v -0.04798643 0.01040804 0.01445616
v -0.04798643 0.00693050 0.01646879
v -0.04798643 0.01281917 0.01891624
v -0.04798643 0.00845736 0.02122103
v -0.04458336 0.01262533 0.01900080
v -0.04798643 0.00290999 0.01767803
v -0.04798643 0.00347103 0.02256426
v -0.04798643 -0.00133512 0.01789642
v -0.04798643 -0.00167839 0.02277410
v -0.04798643 -0.00657438 0.02188724
v -0.04798643 -0.00546647 0.01735705
v -0.04798643 -0.00141130 0.01335565
v -0.04798643 -0.00491960 0.01310499
v -0.04798643 -0.00816813 0.01240907
v -0.04798643 -0.00498942 0.00902807
v -0.04798643 -0.00797282 0.00869205
v -0.04798643 -0.00541813 0.00524186
v -0.04798643 -0.00818669 0.00519696
v -0.04798643 -0.01136491 0.00487959
v -0.04798643 -0.01470915 0.00469454
v -0.04798643 -0.01508854 0.00096617
v -0.04798643 -0.00598649 0.00200038
v -0.04798643 -0.00273307 0.00496778
v -0.04798643 -0.00391813 0.00125337
v -0.04798643 -0.00191081 0.00899847
v -0.04798643 0.00103597 0.00842106
v -0.04798643 -0.00024089 0.00419830
v -0.04798643 0.00211849 0.01295757
v -0.04798643 -0.00163151 0.00029105
v -0.04798643 0.00069661 -0.00081869
v -0.04798643 -0.00334001 -0.00346540
v -0.04798643 -0.00551286 -0.00223598
v -0.04798643 -0.00099430 -0.00465249
v -0.01920128 0.01225863 0.02328047
v -0.01166307 0.01955843 0.02328138
v -0.00704478 0.02166976 0.02486902
v -0.00231102 0.02269320 0.02571666
v -0.00218712 0.02272054 0.02432776
v -0.00672838 0.02178255 0.02348747
v -0.00241917 0.02266683 0.02701673
v 0.00231532 0.02266976 0.02716588
v 0.00220082 0.02269271 0.02586579
v 0.00240749 0.02264876 0.02850304
v 0.00718092 0.02159896 0.02824794
v 0.00737001 0.02155257 0.02989016
v 0.01176613 0.01951644 0.02947599
v 0.01196632 0.01941732 0.03128788
v 0.01561452 0.01663704 0.03097208
v 0.01580544 0.01646761 0.03309054
v 0.01887306 0.01278158 0.03329372
v 0.01902516 0.01257992 0.03576197
v 0.02139613 0.00786165 0.03604261
v 0.02146669 0.00771175 0.03872349
v 0.02268068 0.00264339 0.03878665
v 0.02268044 0.00267269 0.03620023
v 0.02267641 0.00258626 0.04166633
v 0.02267079 -0.00243717 0.04158691
v 0.02269692 0.00252083 0.04478384
v 0.02270949 -0.00231657 0.04474415
v 0.02167006 -0.00715495 0.04466995
v 0.02276552 -0.00214030 0.04799952
v 0.02178981 -0.00690446 0.04799952
v 0.01974928 -0.01147819 0.04799952
v 0.01794618 -0.00512907 0.04799952
v 0.01611476 -0.00891178 0.04799952
v 0.01353322 -0.01228825 0.04799952
v 0.00775795 -0.01120964 0.04799952
v 0.01904262 -0.00128288 0.04799952
v 0.02273134 0.00243978 0.04799952
v 0.01960463 -0.01166862 0.04459100
v 0.02156520 -0.00732926 0.04142761
v 0.02269362 -0.00252116 0.03869057
v 0.00206288 0.02272494 0.02445086
v 0.00198049 0.02273665 0.02316260
v -0.00210557 0.02272933 0.02306353
v 0.00199806 0.02378255 0.02273267
v -0.00213866 0.02387240 0.02271649
v -0.00648485 0.02318245 0.02185617
v -0.00635509 0.02191341 0.02223052
v -0.01092467 0.02170003 0.02001892
v -0.01071202 0.02016048 0.02041234
v -0.01118260 0.02339632 0.01984295
v -0.01491783 0.02204476 0.01717220
v -0.01499022 0.02390316 0.01709309
v -0.01791734 0.02239828 0.01407021
v -0.01785826 0.02434066 0.01413390
v -0.02048949 0.02424788 0.00996953
v -0.02062132 0.02279574 0.00974233
v -0.02039574 0.02576107 0.01014437
v -0.01780638 0.02614193 0.01420613
v -0.02033348 0.02728695 0.01026372
v -0.02207286 0.02828988 0.00567471
v -0.02028746 0.02903451 0.01036211
v -0.02204515 0.02987923 0.00576806
v -0.02278429 0.03029329 0.00088185
v -0.02202977 0.03160872 0.00583691
v -0.02278490 0.03192025 0.00085718
v -0.02237327 0.03009115 -0.00409471
v -0.02237511 0.03178060 -0.00422273
v -0.02278880 0.03391292 0.00083386
v -0.02234618 0.03379085 -0.00433297
v -0.02080247 0.03340218 -0.00927710
v -0.02085936 0.03131673 -0.00913813
v -0.01827074 0.03286019 -0.01359293
v -0.01834691 0.03073812 -0.01349114
v -0.01514586 0.03053499 -0.01701165
v -0.01508995 0.03273128 -0.01709327
v -0.01105662 0.03112679 -0.01993282
v -0.01102208 0.03318831 -0.01993800
v -0.00600340 0.03184701 -0.02198035
v -0.00601231 0.03378695 -0.02196364
v -0.00041893 0.03210726 -0.02282218
v -0.00038194 0.03040365 -0.02281280
v -0.00046422 0.03402913 -0.02281112
v 0.00524416 0.03380599 -0.02218574
v 0.00533620 0.03180990 -0.02217746
v 0.01065407 0.03318441 -0.02019345
v 0.01082546 0.03111849 -0.02009198
v 0.01509425 0.03266195 -0.01708541
v 0.01527541 0.03053060 -0.01692171
v 0.01487489 0.03521419 -0.01729835
v 0.01841640 0.03532992 -0.01343414
v 0.01856911 0.03286019 -0.01321315
v 0.02116091 0.03573519 -0.00845917
v 0.01825380 0.03810482 -0.01365611
v 0.02107521 0.03840218 -0.00872343
v 0.02265163 0.03856917 -0.00288199
v 0.02095509 0.04133089 -0.00897055
v 0.02259499 0.04146224 -0.00313242
v 0.02257143 0.04141292 0.00300946
v 0.02257289 0.04466732 -0.00339023
v 0.02265309 0.04464583 0.00275950
v 0.02118727 0.04456380 0.00851525
v 0.02272304 0.04800179 0.00249352
v 0.02128786 0.04800179 0.00830742
v 0.01859584 0.04800179 0.01326829
v 0.01757265 0.04800179 0.00673319
v 0.01529677 0.04800179 0.01103888
v 0.01385805 0.04800179 0.00533617
v 0.01207558 0.04800179 0.00907598
v 0.00993837 0.04800179 0.00409403
v 0.00861745 0.04800179 0.00725849
v 0.00638869 0.04800179 0.00303099
v 0.00533754 0.04800179 0.00579199
v 0.00237392 0.04800179 0.00454763
v 0.00104921 0.04800179 0.00696796
v -0.00058739 0.04800179 0.00345220
v -0.00137633 0.04800179 0.00569162
v -0.00306810 0.04800179 0.00799783
v -0.00373302 0.04800179 0.00463819
v -0.00330003 0.04800179 0.00249874
v -0.00014354 0.04800179 0.00113697
v -0.00306810 0.04800179 0.00022055
v -0.00640489 0.04800179 0.00166322
v -0.00620909 0.04800179 -0.00074474
v -0.01023912 0.04800179 0.00108312
v -0.01013524 0.04800179 0.00380155
v -0.00991258 0.04800179 -0.00173924
v -0.01435045 0.04800179 0.00074738
v -0.01400767 0.04800179 0.00421992
v -0.01279356 0.04800179 0.00763901
v -0.01788682 0.04800179 0.00490354
v -0.01638292 0.04800179 0.00895400
v -0.01418956 0.04800179 0.01228462
v -0.02021458 0.04800179 0.01062654
v -0.01752745 0.04800179 0.01464098
v -0.01425426 0.04800179 0.01784086
v -0.02018931 0.04453011 0.01062498
v -0.01753526 0.04443636 0.01457091
v -0.01440221 0.04440804 0.01769447
v -0.01452110 0.04089486 0.01754205
v -0.01754283 0.04094320 0.01448937
v -0.01464903 0.03765511 0.01744589
v -0.01758763 0.03775911 0.01446382
v -0.01477196 0.03471029 0.01736238
v -0.01760228 0.03485628 0.01441928
v -0.01765172 0.03225277 0.01437843
v -0.01484959 0.03206771 0.01727828
v -0.01770238 0.03006673 0.01433837
v -0.01491649 0.02979964 0.01721398
v -0.01135033 0.03029818 0.01978022
v -0.01776097 0.02803206 0.01427008
v -0.01497325 0.02777474 0.01717497
v -0.01136278 0.02837044 0.01974127
v -0.00698167 0.02910384 0.02165849
v -0.01135460 0.02654964 0.01972142
v -0.00693553 0.02751107 0.02167623
v -0.00231541 0.02809163 0.02265761
v -0.00683958 0.02607454 0.02172692
v -0.00228245 0.02671370 0.02267085
v -0.00221910 0.02537581 0.02269447
v 0.00209657 0.02531331 0.02271719
v -0.00672313 0.02469320 0.02177574
v -0.01128306 0.02495150 0.01974377
v -0.01496361 0.02574984 0.01713041
v -0.02024132 0.03092660 0.01044303
v -0.02018492 0.03299495 0.01050929
v -0.02200999 0.03362240 0.00588415
v -0.02015855 0.03534359 0.01056478
v -0.02199644 0.03581771 0.00590808
v -0.02278868 0.03602669 0.00079830
v -0.02200645 0.03843978 0.00591599
v -0.02279454 0.03861214 0.00076149
v -0.02232396 0.03593294 -0.00441416
v -0.02232335 0.03855648 -0.00449146
v -0.02074486 0.03838460 -0.00945389
v -0.02076463 0.03566732 -0.00937385
v -0.01815269 0.03814730 -0.01375349
v -0.01820506 0.03537093 -0.01368752
v -0.01501366 0.03527376 -0.01716320
v -0.01491405 0.03808285 -0.01724179
v -0.01095152 0.03559066 -0.01999143
v -0.01084666 0.03830404 -0.02005222
v -0.00599303 0.03596078 -0.02197240
v -0.00595799 0.03855599 -0.02200189
v -0.00051597 0.03612386 -0.02280079
v -0.00057408 0.03865804 -0.02280599
v 0.00493178 0.03855648 -0.02225601
v 0.00510719 0.03595833 -0.02220753
v 0.01014870 0.03829378 -0.02042865
v 0.01042507 0.03555404 -0.02030516
v 0.00982509 0.04131722 -0.02056537
v 0.01432289 0.04113753 -0.01771945
v 0.01462062 0.03803353 -0.01749474
v 0.01401979 0.04453304 -0.01800531
v 0.01788612 0.04454378 -0.01417031
v 0.01805226 0.04115169 -0.01389867
v 0.02089259 0.04461458 -0.00922885
v 0.01771706 0.04800179 -0.01445408
v 0.02080116 0.04800179 -0.00944424
v 0.02255641 0.04800179 -0.00361809
v 0.01670278 0.04800179 -0.00817588
v 0.01815834 0.04800179 -0.00330022
v 0.01862453 0.04800179 0.00175532
v 0.01415517 0.04800179 -0.00311300
v 0.01453188 0.04800179 0.00118500
v 0.01055653 0.04800179 0.00064498
v 0.01030885 0.04800179 -0.00300216
v 0.00683791 0.04800179 0.00007742
v 0.00668361 0.04800179 -0.00292864
v 0.00340785 0.04800179 -0.00048517
v 0.00309511 0.04800179 0.00205561
v 0.00338539 0.04800179 -0.00297112
v 0.00010341 0.04800179 -0.00114583
v -0.00283555 0.04800179 -0.00208714
v -0.00574998 0.04800179 -0.00319997
v -0.00482628 0.04800179 -0.00558206
v -0.00918468 0.04800179 -0.00453763
v -0.00780504 0.04800179 -0.00725669
v -0.01114561 0.04800179 -0.00930239
v -0.01292467 0.04800179 -0.00608753
v -0.01394688 0.04800179 -0.00270835
v -0.01459239 0.04800179 -0.01151441
v -0.01681712 0.04800179 -0.00773298
v -0.01815367 0.04800179 -0.00369350
v -0.01849156 0.04800179 0.00057282
v -0.02236290 0.04800179 -0.00462522
v -0.02281187 0.04800179 0.00064375
v -0.02206273 0.04800179 0.00582252
v -0.02234032 0.04466878 -0.00459893
v -0.02278245 0.04468490 0.00068315
v -0.02204552 0.04463070 0.00588146
v -0.02277782 0.04149788 0.00072190
v -0.02200096 0.04137093 0.00590119
v -0.02014378 0.04114632 0.01060899
v -0.02016527 0.03811117 0.01060883
v -0.02228807 0.04145687 -0.00454842
v -0.02070958 0.04462630 -0.00956765
v -0.02070579 0.04134017 -0.00951730
v -0.01806639 0.04456527 -0.01389635
v -0.01808824 0.04120492 -0.01381637
v -0.01479576 0.04119027 -0.01733278
v -0.01467540 0.04455745 -0.01745447
v -0.01069383 0.04132308 -0.02009564
v -0.01052830 0.04462337 -0.02021596
v -0.00589061 0.04146517 -0.02200596
v -0.00578953 0.04468343 -0.02207752
v -0.00063902 0.04154036 -0.02276428
v -0.00070592 0.04470785 -0.02278935
v 0.00445863 0.04467904 -0.02237905
v 0.00471071 0.04147005 -0.02226604
v 0.00416640 0.04800179 -0.02246387
v 0.00901833 0.04800179 -0.02099586
v 0.00944655 0.04460824 -0.02075596
v 0.00701918 0.04800179 -0.01819086
v 0.01077394 0.04800179 -0.01581784
v 0.01364845 0.04800179 -0.01831123
v 0.01415517 0.04800179 -0.01243003
v 0.00792629 0.04800179 -0.01379587
v 0.01073476 0.04800179 -0.01084345
v 0.01291420 0.04800179 -0.00726250
v 0.00730519 0.04800179 -0.00957595
v 0.00924672 0.04800179 -0.00652415
v 0.00572060 0.04800179 -0.00581246
v 0.00399086 0.04800179 -0.00850925
v 0.00486757 0.04800179 -0.01221177
v 0.00188112 0.04800179 -0.01092125
v -0.00086729 0.04800179 -0.00963334
v -0.00034386 0.04800179 -0.01326615
v -0.00313707 0.04800179 -0.01176971
v -0.00321275 0.04800179 -0.00776404
v -0.00567894 0.04800179 -0.00973636
v -0.00560045 0.04800179 -0.01423998
v -0.00854722 0.04800179 -0.01202257
v -0.00797410 0.04800179 -0.01709531
v -0.01148863 0.04800179 -0.01460915
v -0.01034080 0.04800179 -0.02035748
v -0.01455345 0.04800179 -0.01760885
v -0.01804137 0.04800179 -0.01398022
v -0.02070457 0.04800179 -0.00959154
v -0.00565245 0.04800179 -0.02211612
v -0.00421007 0.04800179 -0.01879098
v -0.00077171 0.04800179 -0.02281904
v -0.00246409 0.04800179 -0.01585039
v -0.00049071 0.04800179 -0.01960007
v -0.01042784 0.04800179 0.02031542
v -0.01144408 0.04800179 0.01508170
v -0.01099974 0.04800179 0.01021881
v -0.01205601 -0.01930241 0.02416734
v -0.00718748 -0.02162321 0.02429251
v 0.00339601 -0.02611344 0.02254234
v 0.00343312 -0.02733805 0.02252580
v 0.00910475 -0.02632047 0.02087938
v 0.00910231 -0.02771403 0.02088137
v 0.01386318 -0.02670280 0.01805244
v 0.01377345 -0.02853190 0.01814756
v 0.01724526 -0.03033219 0.01494590
v 0.02281349 -0.03580192 -0.00068117
v -0.00529137 0.00525667 0.04799952
v -0.00889342 0.00672005 0.04799952
v -0.01293663 0.00783773 0.04799952
v -0.01108787 0.00479329 0.04799952
v -0.01821739 -0.00398796 0.04799952
v -0.02023167 -0.01058903 0.04799952
v -0.01707201 -0.01509440 0.04456820
v -0.01313890 -0.01860465 0.04124816
v -0.00836632 -0.02120622 0.03848837
v -0.00824608 -0.02123307 0.03578473
v -0.00278392 -0.02260905 0.03601940
v -0.00267686 -0.02263249 0.03384897
v 0.00309584 -0.02257829 0.03383889
v 0.00866652 -0.02108122 0.03136412
v 0.01330299 -0.01850749 0.02858795
v 0.01659389 -0.01559782 0.02819328
v 0.01658583 -0.01555827 0.02629320
v 0.01933766 -0.01203776 0.02529570
v 0.01926918 -0.01211833 0.02690933
v 0.01944521 -0.01191325 0.02377174
v 0.02151869 -0.00754313 0.02506226
v 0.02145241 -0.00763346 0.02647578
v 0.02160292 -0.00738200 0.02368656
v 0.02267958 -0.00273796 0.02458859
v 0.02266127 -0.00275016 0.02591401
v 0.02268849 -0.00272087 0.02327129
v 0.02340480 0.00171859 0.02276116
v 0.02474721 0.00170345 0.02275475
v 0.02602248 0.00168050 0.02273731
v 0.02526125 0.00674740 0.02174754
v 0.02383534 0.00669124 0.02178772
v 0.02662184 0.00673372 0.02174552
v 0.02535817 0.01148324 0.01965152
v 0.02376845 0.01148177 0.01966564
v 0.02425575 0.01515462 0.01697841
v 0.02251320 0.01518587 0.01696398
v 0.02292238 0.01804281 0.01392831
v 0.02472133 0.01798226 0.01397521
v 0.02463796 0.02069906 0.00956445
v 0.02614101 0.02063558 0.00968644
v 0.02656386 0.01794222 0.01402306
v 0.02763112 0.02059701 0.00976718
v 0.02725551 0.02235970 0.00450114
v 0.02857753 0.02233480 0.00461606
v 0.02937782 0.02056136 0.00984500
v 0.03019643 0.02231429 0.00473210
v 0.03042140 0.02279134 -0.00074010
v 0.02890236 0.02277230 -0.00079725
v 0.03213808 0.02280745 -0.00066324
v 0.03201491 0.02196761 -0.00607424
v 0.03029152 0.02193050 -0.00609121
v 0.03396608 0.02196517 -0.00602077
v 0.03360780 0.02001253 -0.01086673
v 0.03168483 0.02000911 -0.01090672
v 0.03329970 0.01734408 -0.01480489
v 0.03129189 0.01740023 -0.01474484
v 0.03140004 0.01432992 -0.01770899
v 0.03336098 0.01420931 -0.01779597
v 0.03384694 0.00989779 -0.02051100
v 0.03578993 0.01404964 -0.01792593
v 0.03614137 0.00971956 -0.02061814
v 0.03639662 0.00458138 -0.02233641
v 0.03874782 0.00946859 -0.02075097
v 0.03890370 0.00431771 -0.02239077
v 0.03887050 -0.00099186 -0.02278608
v 0.04169936 0.00397591 -0.02243891
v 0.04169289 -0.00133171 -0.02272951
v 0.04154115 -0.00626823 -0.02188281
v 0.04478420 -0.00177409 -0.02273379
v 0.04472109 -0.00665299 -0.02183119
v 0.04137709 -0.01043180 -0.02025476
v 0.04465614 -0.01061149 -0.02020958
v 0.04801357 -0.00708024 -0.02171356
v 0.04801357 -0.01079997 -0.02014268
v 0.04458376 -0.01395866 -0.01802849
v 0.04801357 -0.00230339 -0.02273794
v 0.04801357 -0.00278581 -0.01844848
v 0.04801357 -0.00676579 -0.01753196
v 0.04801357 -0.00346891 -0.01463973
v 0.04801357 -0.00712419 -0.01392211
v 0.04801357 -0.00441227 -0.01128266
v 0.04801357 -0.00794450 -0.01068423
v 0.04801357 -0.01146403 -0.01024047
v 0.04801357 -0.00883024 -0.00748723
v 0.04801357 -0.01273405 -0.00678959
v 0.04801357 -0.01529948 -0.01059218
v 0.04801357 -0.00929313 -0.00419012
v 0.04801357 -0.00085319 -0.01129790
v 0.04801357 0.00056185 -0.01478564
v 0.04801357 0.00428353 -0.01388110
v 0.04801357 0.00222689 -0.01050339
v 0.04801357 0.00179085 -0.01850646
v 0.04801357 0.00626253 -0.01738093
v 0.04801357 0.01027669 -0.01522597
v 0.04801357 0.00757601 -0.01207184
v 0.04801357 0.00302572 -0.02263134
v 0.04801357 0.00839681 -0.02124364
v 0.04801357 0.01316781 -0.01865909
v 0.04801357 0.01709701 -0.01513334
v 0.04801357 0.01360531 -0.01225741
v 0.04476039 0.00880892 -0.02105913
v 0.04469154 0.01342660 -0.01844848
v 0.04466139 0.01715462 -0.01501264
v 0.04470888 0.02012044 -0.01078458
v 0.04143825 0.01365999 -0.01823939
v 0.04139955 0.01722249 -0.01491912
v 0.04149098 0.02006673 -0.01078987
v 0.04160317 0.02202962 -0.00580096
v 0.03859291 0.02006136 -0.01082723
v 0.03875588 0.02201937 -0.00589412
v 0.03881362 0.02281722 -0.00038129
v 0.03618324 0.02198177 -0.00596712
v 0.03629091 0.02280990 -0.00049050
v 0.03413832 0.02280648 -0.00057708
v 0.03389040 0.02226351 0.00495280
v 0.03188405 0.02229525 0.00483985
v 0.03119875 0.02052328 0.00991453
v 0.03039333 0.01790853 0.01409179
v 0.02841542 0.01792904 0.01405650
v 0.02822463 0.01509994 0.01708025
v 0.02626466 0.01512191 0.01702432
v 0.02702565 0.01144027 0.01966810
v 0.03594557 0.02003548 -0.01085196
v 0.03840700 0.01726644 -0.01487163
v 0.03569936 0.01730794 -0.01482575
v 0.03845387 0.01387093 -0.01807934
v 0.04158058 0.00916683 -0.02086454
v 0.04480324 0.00353988 -0.02253468
v 0.04801357 0.01044320 -0.00950684
v 0.04801357 0.00029281 -0.00785586
v 0.04801357 -0.00530485 -0.00309411
v 0.04801357 -0.01684049 -0.01541221
v -0.01937340 -0.02253190 0.01200142
v -0.01951903 -0.04464958 0.01177516
v -0.02168187 -0.04472477 0.00705088
v -0.02158653 -0.04154118 0.00720948
v -0.02269078 -0.04167301 0.00198069
v -0.02271300 -0.03882047 0.00207278
v -0.02253722 -0.03627604 -0.00342389
v 0.00148732 -0.02567936 -0.02275927
v 0.00160683 -0.02428141 -0.02275592
v 0.00171181 -0.02301432 -0.02275328
v 0.00734377 -0.02312126 -0.02160250
v 0.00186757 -0.02273454 -0.02391166
v 0.00748659 -0.02155241 -0.02288452
v 0.00203554 -0.02271403 -0.02540703
v 0.00768446 -0.02146891 -0.02443492
v 0.01291359 -0.01876481 -0.02258099
v 0.00781484 -0.02141715 -0.02586011
v 0.01284096 -0.01879020 -0.02444067
v 0.01624745 -0.01595573 -0.02366724
v 0.01279384 -0.01881803 -0.02615129
v 0.01617482 -0.01605680 -0.02560103
v 0.01884389 -0.01281950 -0.02636892
v 0.01896047 -0.01265837 -0.02464743
v 0.01614638 -0.01611784 -0.02761498
v 0.01876076 -0.01293229 -0.02825992
v 0.02097853 -0.00894694 -0.02917346
v 0.02104445 -0.00880339 -0.02748675
v 0.01608193 -0.01619303 -0.02973015
v 0.01870412 -0.01301481 -0.03021401
v 0.02092458 -0.00907243 -0.03099256
v 0.02234731 -0.00464518 -0.03152671
v 0.02236208 -0.00454997 -0.02975967
v 0.02088063 -0.00916569 -0.03309651
v 0.02231862 -0.00474674 -0.03356782
v 0.02283827 0.00006185 -0.03367140
v 0.02085707 -0.00921452 -0.03535140
v 0.02229945 -0.00481657 -0.03571244
v 0.02283107 -0.00003239 -0.03582483
v 0.02225380 0.00496175 -0.03563415
v 0.02283656 -0.00018131 -0.03845138
v 0.02229494 0.00479085 -0.03832400
v 0.02069801 0.00962337 -0.03809475
v 0.02231569 0.00453499 -0.04132200
v 0.02078798 0.00937337 -0.04116125
v 0.01819106 0.01372201 -0.04099460
v 0.02096510 0.00906185 -0.04454161
v 0.01838051 0.01352230 -0.04447033
v 0.01484267 0.01733040 -0.04445809
v 0.01493605 0.01728792 -0.04800048
v 0.01477113 0.01737923 -0.04098966
v 0.01033473 0.02030257 -0.04117704
v 0.01038271 0.02029574 -0.03808233
v 0.01474599 0.01741390 -0.03779456
v 0.01808266 0.01388314 -0.03783088
v 0.01029164 0.02034749 -0.04454412
v 0.00475173 0.02232796 -0.04462280
v 0.00487514 0.02224935 -0.04137103
v 0.01024928 0.02041488 -0.04800048
v 0.00461110 0.02238509 -0.04800048
v -0.00143907 0.02278744 -0.04800048
v -0.00129784 0.02275277 -0.04464817
v 0.00816029 0.01626351 -0.04800048
v 0.00358241 0.01779183 -0.04800048
v -0.00131981 0.01802865 -0.04800048
v -0.00612169 0.01702181 -0.04800048
v -0.00731798 0.02162581 -0.04800048
v 0.00261037 0.01347249 -0.04800048
v -0.00125426 0.01358968 -0.04800048
v -0.00508189 0.01271859 -0.04800048
v -0.00845665 0.01094808 -0.04800048
v -0.01031871 0.01492122 -0.04800048
v -0.00140050 0.00913704 -0.04800048
v -0.00424766 0.00848177 -0.04800048
v 0.00161659 0.00914779 -0.04800048
v -0.01371922 0.01201253 -0.04800048
v -0.01660033 0.01566683 -0.04800048
v -0.01245494 0.01914486 -0.04800048
v -0.01119981 0.00848079 -0.04800048
v -0.01222166 0.01924740 -0.04454165
v -0.00715770 0.02166634 -0.04461065
v -0.00697545 0.02166732 -0.04134594
v -0.00114537 0.02271908 -0.04143343
v -0.00684886 0.02173763 -0.03839402
v -0.00102782 0.02276400 -0.03851136
v 0.00496877 0.02225423 -0.03839432
v 0.00504775 0.02222249 -0.03577332
v 0.01045461 0.02027279 -0.03534368
v 0.01048732 0.02025716 -0.03293093
v 0.01473647 0.01742562 -0.03490697
v 0.01471913 0.01742855 -0.03229975
v 0.01791908 0.01408382 -0.03232844
v 0.01796925 0.01400667 -0.03491207
v 0.02053017 0.00988997 -0.03290019
v 0.02059438 0.00978695 -0.03526731
v 0.02051222 0.00994954 -0.03071256
v 0.02222756 0.00511410 -0.03134353
v 0.02224342 0.00506429 -0.03340099
v 0.02219875 0.00511849 -0.02955338
v 0.02282192 0.00014730 -0.02992293
v 0.02283901 0.00011995 -0.03166427
v 0.02282289 0.00015902 -0.02841275
v 0.02238002 -0.00445671 -0.02821429
v 0.02283290 0.00015462 -0.02705093
v 0.02240236 -0.00435514 -0.02683787
v 0.02111391 -0.00864372 -0.02601491
v 0.02243239 -0.00422819 -0.02549357
v 0.02120168 -0.00843913 -0.02453348
v 0.01910732 -0.01245426 -0.02303404
v 0.02130068 -0.00819059 -0.02313632
v 0.01932265 -0.01213688 -0.02135892
v 0.01643935 -0.01576383 -0.02185065
v 0.02142726 -0.00790153 -0.02179248
v 0.01958534 -0.01175749 -0.01985066
v 0.02246987 -0.00407731 -0.02414680
v 0.02285475 0.00014437 -0.02435004
v 0.02284364 0.00014828 -0.02572727
v 0.02229872 0.00485726 -0.02525673
v 0.02224782 0.00498861 -0.02657282
v 0.02050404 0.00988021 -0.02546837
v 0.02220900 0.00507943 -0.02797815
v 0.02046816 0.00993197 -0.02701106
v 0.02045778 0.00997835 -0.02882582
v 0.01786318 0.01413900 -0.02806045
v 0.01790663 0.01412777 -0.03004866
v 0.01473024 0.01740999 -0.02998141
v 0.02228456 -0.00490446 -0.03835653
v 0.02087428 -0.00920915 -0.03811779
v 0.01877297 -0.01290495 -0.04096288
v 0.01272414 -0.01890348 -0.02807564
v 0.00792384 -0.02136637 -0.02732450
v 0.02890419 -0.02279460 -0.00105177
v 0.03049904 -0.02279069 -0.00113638
v 0.03027712 -0.02230485 0.00457765
v 0.03146645 -0.02044206 0.01004140
v 0.03093251 -0.01749919 0.01461746
v 0.03298378 -0.01761344 0.01445786
v 0.03300209 -0.01405046 0.01791681
v 0.03102016 -0.01390055 0.01803496
v 0.03550075 -0.01420719 0.01778996
v 0.03356947 -0.00959977 0.02066425
v 0.03586012 -0.00979313 0.02057507
v 0.03850234 -0.00996891 0.02050665
v 0.03869948 -0.00474577 0.02230139
v 0.03614809 -0.00456071 0.02233857
v 0.04156044 -0.00491325 0.02224015
v 0.04158205 0.00063509 0.02278017
v 0.03869411 0.00079964 0.02279636
v 0.04473280 0.00047884 0.02279492
v 0.04468166 0.00575130 0.02208662
v 0.04143520 0.00592660 0.02198457
v 0.04801357 0.00556722 0.02214020
v 0.04801357 0.01024935 0.02040706
v 0.04459621 0.01045589 0.02029094
v 0.04801357 0.00859896 0.01678558
v 0.04801357 0.01205160 0.01501298
v 0.04801357 0.01425863 0.01784908
v 0.04801357 0.00035335 0.02283937
v 0.04473488 -0.00506217 0.02223727
v 0.04142140 -0.01011930 0.02042086
v 0.03824281 -0.01436784 0.01767948
v 0.03548525 -0.01774333 0.01427223
v 0.03349660 -0.02051042 0.00989620
v 0.03194960 -0.02233610 0.00451556
v -0.01055430 0.02023324 -0.02165904
v -0.01028990 0.02063070 -0.02039432
v -0.01248704 -0.01908122 -0.02127947
f 1 2 3
f 1 4 5
f 1 5 6
f 1 7 2
f 1 8 7
f 9 10 11
f 9 12 13
f 9 13 14
f 9 11 15
f 9 16 12
f 17 18 19
f 17 20 21
f 17 21 22
f 23 24 25
f 23 26 27
f 23 28 26
f 23 27 29
f 23 30 24
f 31 32 33
f 31 34 35
f 31 35 36
f 31 33 37
f 31 38 34
f 39 40 41
f 39 42 43
f 39 44 42
f 45 46 47
f 45 48 46
f 45 49 48
f 50 51 52
f 50 53 54
f 50 55 53
f 56 57 58
f 56 59 60
f 56 61 59
f 62 63 64
f 62 65 66
f 62 64 67
f 68 69 70
f 68 71 72
f 68 70 73
f 74 75 76
f 74 77 78
f 74 79 80
f 74 78 79
f 74 80 75
f 81 82 83
f 81 30 82
f 81 83 84
f 81 85 24
f 86 87 88
f 86 89 90
f 86 90 91
f 92 93 94
f 92 95 96
f 92 97 95
f 98 99 100
f 98 101 102
f 98 100 103
f 104 105 106
f 104 107 108
f 104 109 107
f 110 111 112
f 110 113 111
f 110 114 115
f 116 117 118
f 116 118 119
f 116 120 117
f 121 122 123
f 121 123 124
f 121 125 122
f 126 127 128
f 126 128 129
f 126 130 127
f 131 132 133
f 131 133 134
f 131 135 132
f 136 137 138
f 136 139 140
f 136 140 141
f 142 143 144
f 142 145 146
f 142 146 147
f 148 149 150
f 148 151 149
f 148 150 152
f 153 154 155
f 153 156 154
f 153 157 156
f 158 159 160
f 158 10 159
f 158 161 162
f 158 162 11
f 163 164 165
f 163 165 21
f 163 20 166
f 163 166 164
f 167 168 169
f 167 170 168
f 167 80 170
f 171 172 173
f 171 173 174
f 171 174 175
f 171 97 94
f 176 32 177
f 176 177 178
f 176 179 180
f 176 180 33
f 181 182 183
f 181 184 182
f 181 89 88
f 181 185 89
f 186 187 188
f 186 188 5
f 186 189 187
f 186 4 189
f 190 191 192
f 190 193 194
f 190 195 193
f 196 197 198
f 196 198 199
f 196 200 201
f 202 203 204
f 202 205 206
f 202 206 207
f 208 209 210
f 208 211 212
f 208 212 213
f 214 215 216
f 214 217 218
f 214 218 219
f 220 221 222
f 220 223 224
f 220 224 225
f 226 227 228
f 226 229 230
f 226 230 231
f 231 230 232
f 231 232 233
f 231 234 227
f 235 236 227
f 235 234 237
f 235 238 239
f 239 240 236
f 239 238 241
f 239 241 242
f 242 243 240
f 242 241 244
f 242 244 245
f 245 246 243
f 245 244 247
f 245 247 248
f 248 249 246
f 248 247 250
f 248 250 251
f 251 252 249
f 251 250 253
f 251 253 254
f 254 255 252
f 254 253 256
f 254 256 257
f 257 258 255
f 257 256 259
f 257 259 260
f 260 261 262
f 260 259 263
f 260 263 261
f 264 265 266
f 264 263 267
f 264 268 265
f 269 270 271
f 269 268 272
f 269 273 270
f 274 275 270
f 274 273 276
f 274 277 278
f 278 279 280
f 278 277 281
f 278 281 279
f 282 283 284
f 282 281 285
f 282 286 283
f 287 288 283
f 287 286 289
f 287 290 291
f 291 292 288
f 291 290 293
f 291 293 294
f 294 295 292
f 294 293 296
f 294 296 297
f 297 298 299
f 297 296 300
f 297 300 298
f 301 302 303
f 301 300 304
f 301 305 302
f 306 307 308
f 306 305 309
f 306 310 307
f 311 312 313
f 311 310 314
f 311 315 312
f 316 317 312
f 316 315 318
f 316 319 320
f 320 321 317
f 320 319 322
f 320 323 324
f 324 325 321
f 324 323 326
f 324 326 325
f 327 328 329
f 327 326 330
f 327 331 328
f 332 333 334
f 332 331 335
f 332 336 333
f 337 338 339
f 337 336 340
f 337 341 338
f 342 343 344
f 342 341 345
f 342 346 343
f 345 341 347
f 345 347 348
f 345 349 346
f 349 348 350
f 349 351 206
f 351 352 207
f 351 350 353
f 353 354 352
f 353 350 40
f 353 40 43
f 355 356 357
f 355 357 358
f 355 354 356
f 359 360 361
f 359 354 43
f 359 362 360
f 363 362 364
f 363 365 366
f 363 366 367
f 367 122 368
f 367 369 360
f 367 366 122
f 369 368 370
f 369 371 361
f 372 371 373
f 372 374 375
f 372 375 356
f 376 374 377
f 376 378 379
f 376 380 375
f 380 379 381
f 380 382 357
f 382 381 204
f 382 203 358
f 381 379 383
f 381 383 204
f 384 383 385
f 384 386 343
f 384 343 205
f 386 385 387
f 386 387 344
f 388 387 389
f 388 390 339
f 388 339 338
f 391 390 392
f 391 393 334
f 391 334 333
f 394 393 395
f 394 396 329
f 394 329 328
f 397 396 398
f 397 399 400
f 397 400 325
f 401 399 402
f 401 403 404
f 401 405 400
f 404 403 406
f 404 406 407
f 404 408 405
f 407 406 409
f 407 409 410
f 407 313 408
f 410 409 411
f 410 411 308
f 410 308 307
f 412 411 413
f 412 414 303
f 412 303 302
f 415 414 416
f 415 417 299
f 415 299 298
f 417 416 418
f 417 419 420
f 418 421 422
f 418 423 419
f 418 416 421
f 424 425 426
f 424 416 414
f 424 413 425
f 427 428 425
f 427 413 411
f 427 429 430
f 430 431 428
f 430 429 432
f 430 432 433
f 433 434 435
f 433 432 436
f 433 436 434
f 437 438 439
f 437 436 403
f 437 402 438
f 440 441 442
f 440 402 399
f 440 398 441
f 443 444 445
f 443 398 396
f 443 395 444
f 446 447 444
f 446 395 393
f 446 392 447
f 448 449 447
f 448 392 390
f 448 389 450
f 450 451 449
f 450 389 452
f 450 452 453
f 453 454 455
f 453 452 385
f 453 456 454
f 457 458 459
f 457 456 460
f 457 461 458
f 462 463 464
f 462 461 378
f 462 377 463
f 465 466 467
f 465 377 374
f 465 373 466
f 468 469 470
f 468 373 371
f 468 370 469
f 471 472 473
f 471 370 368
f 471 125 472
f 473 474 475
f 473 476 469
f 473 472 474
f 477 478 479
f 477 472 124
f 477 480 478
f 481 482 483
f 481 483 484
f 481 480 485
f 485 486 482
f 485 480 123
f 485 123 487
f 488 489 490
f 488 490 491
f 488 486 492
f 490 493 494
f 490 494 495
f 495 494 496
f 495 496 497
f 495 498 491
f 498 497 499
f 498 500 483
f 500 499 501
f 500 55 484
f 499 497 502
f 499 502 503
f 503 502 504
f 503 504 505
f 503 506 501
f 506 505 507
f 506 507 54
f 507 508 509
f 507 509 510
f 510 509 511
f 510 511 475
f 510 512 54
f 512 475 474
f 512 479 51
f 511 513 514
f 511 514 476
f 514 515 516
f 514 516 470
f 516 517 467
f 516 467 466
f 518 517 519
f 518 520 464
f 518 464 463
f 521 520 522
f 521 523 459
f 521 459 458
f 524 523 525
f 524 526 455
f 524 455 454
f 527 526 528
f 527 529 530
f 527 530 451
f 531 529 532
f 531 533 534
f 531 535 530
f 534 533 536
f 534 536 537
f 534 538 535
f 537 536 539
f 537 539 445
f 537 445 538
f 540 539 541
f 540 542 442
f 540 442 441
f 543 542 544
f 543 545 439
f 543 439 438
f 546 545 547
f 546 548 435
f 546 435 434
f 549 548 550
f 549 16 551
f 549 551 431
f 548 547 552
f 552 553 554
f 552 555 550
f 552 547 553
f 556 557 558
f 556 547 545
f 556 544 557
f 559 560 173
f 559 544 542
f 559 541 561
f 561 562 560
f 561 541 563
f 561 563 564
f 564 565 566
f 564 563 567
f 564 567 565
f 568 569 570
f 568 567 533
f 568 532 569
f 571 572 573
f 571 532 529
f 571 528 572
f 574 575 576
f 574 528 526
f 574 525 575
f 577 578 575
f 577 525 523
f 577 522 579
f 579 580 578
f 579 522 519
f 579 519 581
f 581 582 583
f 581 519 517
f 581 515 582
f 583 584 585
f 583 586 587
f 583 582 584
f 586 585 588
f 586 589 590
f 590 589 591
f 590 591 592
f 590 593 587
f 592 591 594
f 592 594 595
f 592 576 593
f 595 594 596
f 595 596 573
f 595 573 572
f 597 596 598
f 597 599 570
f 597 570 569
f 600 599 601
f 600 602 566
f 600 566 565
f 602 601 603
f 602 604 175
f 604 603 605
f 604 606 607
f 606 605 608
f 606 609 607
f 609 608 610
f 609 611 95
f 611 610 612
f 611 613 96
f 614 615 616
f 614 613 617
f 614 618 615
f 619 620 621
f 619 618 622
f 619 623 620
f 624 625 626
f 624 623 627
f 624 628 625
f 629 630 625
f 629 628 631
f 629 632 633
f 633 634 630
f 633 632 635
f 633 635 636
f 636 637 634
f 636 635 638
f 636 638 639
f 639 640 637
f 639 638 641
f 639 641 642
f 642 643 644
f 642 641 645
f 642 645 646
f 646 647 648
f 646 645 649
f 646 649 647
f 650 651 652
f 650 649 653
f 650 654 651
f 655 67 656
f 655 654 657
f 655 658 67
f 658 657 659
f 658 660 65
f 660 661 66
f 660 659 662
f 662 663 661
f 662 659 218
f 662 218 664
f 665 666 667
f 665 667 668
f 665 663 669
f 669 670 666
f 669 663 671
f 669 671 672
f 672 673 670
f 672 671 674
f 672 674 673
f 675 674 676
f 675 677 678
f 675 678 679
f 679 224 680
f 679 681 673
f 679 678 224
f 681 680 682
f 681 683 684
f 685 683 686
f 685 687 688
f 685 689 684
f 688 687 690
f 688 690 691
f 688 692 689
f 691 690 693
f 691 693 694
f 691 695 692
f 695 694 696
f 695 697 667
f 697 696 698
f 697 63 668
f 696 694 699
f 696 699 700
f 700 699 701
f 700 701 702
f 700 703 698
f 703 702 704
f 703 656 64
f 704 702 705
f 704 705 706
f 704 652 656
f 706 705 707
f 706 707 648
f 706 648 647
f 708 707 709
f 708 710 644
f 708 644 643
f 711 710 712
f 711 713 714
f 711 714 640
f 715 713 716
f 715 717 718
f 715 719 714
f 718 717 720
f 718 720 721
f 718 722 719
f 721 720 723
f 721 723 724
f 721 725 722
f 724 723 726
f 724 726 727
f 724 626 725
f 727 726 728
f 727 728 621
f 727 621 620
f 729 728 730
f 729 730 616
f 729 616 615
f 730 731 732
f 730 732 93
f 732 733 734
f 732 734 735
f 735 734 736
f 735 736 737
f 735 738 93
f 738 737 739
f 738 739 172
f 739 740 741
f 739 741 742
f 741 743 744
f 741 744 558
f 744 745 554
f 744 554 553
f 746 745 747
f 746 748 749
f 746 749 555
f 749 750 751
f 749 752 555
f 751 750 753
f 751 753 754
f 751 755 752
f 755 754 756
f 755 757 13
f 757 756 758
f 757 758 759
f 759 758 760
f 759 760 761
f 759 762 14
f 761 760 763
f 761 763 764
f 761 765 762
f 765 764 766
f 765 767 159
f 767 766 768
f 767 769 160
f 770 769 771
f 770 772 773
f 770 773 161
f 773 774 775
f 773 775 776
f 775 777 778
f 775 778 779
f 779 778 780
f 779 780 422
f 779 781 776
f 781 422 421
f 781 426 162
f 780 782 783
f 780 784 423
f 784 783 785
f 784 786 423
f 785 783 787
f 785 787 788
f 785 789 786
f 789 788 790
f 789 791 168
f 791 792 169
f 791 790 793
f 793 794 792
f 793 790 795
f 793 795 796
f 796 797 794
f 796 795 798
f 796 798 799
f 799 800 797
f 799 798 801
f 799 801 802
f 802 803 800
f 802 801 804
f 802 804 805
f 805 806 803
f 805 804 807
f 805 807 808
f 808 809 810
f 808 807 811
f 808 811 809
f 812 813 814
f 812 811 815
f 812 816 813
f 817 816 818
f 817 819 820
f 817 820 821
f 821 820 822
f 821 823 824
f 821 824 813
f 824 825 826
f 824 826 814
f 827 810 809
f 827 826 828
f 827 829 810
f 830 831 806
f 830 829 832
f 830 833 831
f 834 833 835
f 834 836 837
f 834 838 831
f 837 836 839
f 837 839 840
f 837 841 838
f 840 839 842
f 840 842 843
f 840 844 841
f 843 842 845
f 843 845 846
f 843 847 844
f 846 845 848
f 846 848 849
f 846 850 847
f 849 848 851
f 849 851 852
f 849 853 850
f 852 851 854
f 852 854 76
f 852 75 853
f 854 855 856
f 854 856 76
f 857 856 858
f 857 859 860
f 857 860 77
f 860 861 862
f 860 862 863
f 862 864 865
f 862 865 866
f 865 867 284
f 865 284 283
f 868 867 869
f 868 870 280
f 868 280 279
f 871 870 872
f 871 873 874
f 871 875 280
f 874 873 876
f 874 876 877
f 874 271 875
f 877 876 878
f 877 878 879
f 877 266 271
f 879 878 880
f 879 880 262
f 879 262 261
f 881 880 882
f 881 883 884
f 881 884 258
f 885 883 886
f 885 887 888
f 885 889 884
f 888 887 890
f 888 890 891
f 888 892 889
f 891 890 893
f 891 893 894
f 891 895 892
f 894 893 896
f 894 896 897
f 894 898 895
f 897 896 899
f 897 899 900
f 897 901 898
f 900 899 902
f 900 902 903
f 900 904 901
f 903 902 905
f 903 905 229
f 903 228 904
f 905 906 907
f 905 907 908
f 907 909 910
f 907 910 911
f 911 912 908
f 911 910 913
f 911 913 914
f 914 112 912
f 914 913 915
f 914 915 114
f 915 916 917
f 915 917 115
f 917 918 919
f 917 919 920
f 920 921 115
f 920 919 922
f 920 922 923
f 923 924 921
f 923 922 925
f 923 926 927
f 927 928 924
f 927 926 929
f 927 929 930
f 930 931 928
f 930 929 932
f 930 932 933
f 933 934 931
f 933 932 935
f 933 935 936
f 936 937 934
f 936 935 938
f 936 938 939
f 939 940 937
f 939 938 941
f 939 941 942
f 942 943 940
f 942 941 944
f 942 944 945
f 945 946 943
f 945 944 947
f 945 947 948
f 948 949 946
f 948 947 83
f 948 83 950
f 951 952 953
f 951 953 954
f 951 949 955
f 955 956 952
f 955 949 957
f 955 957 958
f 958 959 960
f 958 957 961
f 958 961 959
f 962 963 964
f 962 961 965
f 962 966 963
f 966 965 967
f 966 967 968
f 967 969 970
f 967 970 971
f 971 37 968
f 971 970 972
f 971 972 973
f 973 974 38
f 973 972 975
f 973 975 974
f 976 977 978
f 976 975 979
f 976 980 977
f 981 982 983
f 981 980 984
f 981 985 982
f 986 987 988
f 986 985 989
f 986 990 987
f 991 992 993
f 991 990 994
f 991 995 992
f 996 997 998
f 996 995 999
f 996 1000 997
f 1001 1002 1003
f 1001 1000 1004
f 1001 1005 1002
f 1006 1007 1008
f 1006 1005 1009
f 1006 1010 1007
f 1011 1012 1013
f 1011 1010 1014
f 1011 1015 1012
f 1016 1017 1012
f 1016 1015 1018
f 1016 1019 1020
f 1020 1021 1017
f 1020 1019 1022
f 1020 1022 1023
f 1023 1024 1021
f 1023 1022 1025
f 1023 1025 1026
f 1026 1027 1024
f 1026 1025 216
f 1026 216 1027
f 1028 1025 1029
f 1028 676 1030
f 1028 1030 217
f 1031 653 1032
f 1031 1032 1033
f 1031 1027 653
f 1034 657 654
f 1034 1027 215
f 1034 219 657
f 1029 1022 1035
f 1029 1036 676
f 1036 1035 1037
f 1036 1037 1038
f 1037 1039 1040
f 1037 1040 1041
f 1041 1040 1042
f 1041 1042 221
f 1041 225 1038
f 1042 1043 1044
f 1042 1045 221
f 1045 1044 58
f 1045 57 222
f 1044 1043 1046
f 1044 1047 58
f 1048 1047 1049
f 1048 1050 1051
f 1048 1051 61
f 1051 1052 1053
f 1051 1053 1054
f 1053 1055 1056
f 1053 1056 1057
f 1057 1056 1058
f 1057 1058 1059
f 1057 1060 1054
f 1060 1059 682
f 1060 1061 59
f 1061 682 680
f 1061 223 60
f 1059 1058 686
f 1059 686 683
f 1062 1058 1063
f 1062 1064 1065
f 1062 1065 687
f 1066 1064 1067
f 1066 1068 1069
f 1066 1070 1065
f 1069 1068 1071
f 1069 1071 1072
f 1069 1073 1070
f 1073 1072 1074
f 1073 1075 693
f 1074 1072 1076
f 1074 1076 1077
f 1074 1078 1075
f 1077 1076 1079
f 1077 1079 1080
f 1077 1081 1078
f 1081 1080 1082
f 1081 1083 701
f 1082 1080 1084
f 1082 1084 1085
f 1082 1086 1083
f 1085 1084 1087
f 1085 1087 1088
f 1085 709 1086
f 1088 1087 1089
f 1088 1089 712
f 1088 712 710
f 1090 1089 1091
f 1090 1092 716
f 1090 716 713
f 1093 1092 1094
f 1093 1095 1096
f 1093 1096 717
f 1097 1095 1098
f 1097 1099 1100
f 1097 1101 1096
f 1100 1099 1102
f 1100 1102 1103
f 1100 1104 1101
f 1103 1102 1105
f 1103 1105 1106
f 1103 1107 1104
f 1106 1105 1108
f 1106 1108 733
f 1106 731 1107
f 1108 1109 1110
f 1108 1110 1111
f 1110 1112 1113
f 1110 1113 1114
f 1114 1113 1115
f 1114 1115 1116
f 1114 1117 1111
f 1116 1115 1118
f 1116 1118 1119
f 1116 1120 1117
f 1120 1119 1121
f 1120 1122 736
f 1122 1121 1123
f 1122 1123 740
f 1123 1124 1125
f 1123 1125 743
f 1125 1126 747
f 1125 747 745
f 1127 1126 1128
f 1127 1129 1130
f 1127 1130 748
f 1130 1131 1132
f 1130 1132 750
f 1133 1131 1134
f 1133 1135 1136
f 1133 1137 1132
f 1137 1136 1138
f 1137 1139 753
f 1139 1138 1140
f 1139 1141 754
f 1141 1140 1142
f 1141 1142 1143
f 1142 1144 1145
f 1142 1145 1146
f 1146 1145 1147
f 1146 1147 1148
f 1146 1149 1143
f 1148 1147 1150
f 1148 1150 1151
f 1148 1152 1149
f 1151 1150 1153
f 1151 1153 1154
f 1151 1155 1152
f 1155 1154 1156
f 1155 1157 763
f 1157 1156 1158
f 1157 1159 764
f 1159 1158 1160
f 1159 1161 766
f 1161 1160 1162
f 1161 1163 768
f 1164 1163 1165
f 1164 1166 1167
f 1164 771 769
f 1167 1166 1168
f 1167 1168 1169
f 1167 1170 771
f 1170 1169 1171
f 1170 1171 774
f 1171 1172 1173
f 1171 1173 777
f 1173 1174 1175
f 1173 1175 1176
f 1175 1177 1178
f 1175 1178 1179
f 1179 1178 1180
f 1179 1181 782
f 1179 782 1176
f 1180 1178 1182
f 1180 1182 1183
f 1180 1184 1181
f 1184 1183 1185
f 1184 1186 787
f 1186 1185 1187
f 1186 1188 788
f 1187 1189 1188
f 1187 1185 1190
f 1187 1190 1191
f 1191 1192 1189
f 1191 1190 1193
f 1191 1193 1194
f 1194 1195 1192
f 1194 1193 1196
f 1194 1196 1197
f 1197 1198 1195
f 1197 1196 1199
f 1197 1199 1200
f 1200 1201 1198
f 1200 1199 1202
f 1200 1202 1203
f 1203 815 1201
f 1203 1202 1204
f 1203 1204 1205
f 1205 818 816
f 1205 1204 1206
f 1205 1206 818
f 1207 1208 819
f 1207 1206 1209
f 1207 1210 1208
f 1210 1209 1211
f 1210 1212 1213
f 1212 1211 1214
f 1212 1215 146
f 1215 1214 1216
f 1215 1217 147
f 1218 1219 143
f 1218 1217 1220
f 1218 1221 1219
f 1222 1221 1223
f 1222 1224 1225
f 1222 1225 1226
f 1226 144 1219
f 1226 1225 1227
f 1226 1227 1228
f 1228 1229 144
f 1228 1227 1230
f 1228 1230 1231
f 1230 1232 822
f 1230 822 820
f 1233 1232 1234
f 1233 1235 1236
f 1233 1236 823
f 1236 1237 1238
f 1236 1238 825
f 1238 1239 1240
f 1238 1240 1241
f 1240 1242 1243
f 1240 1243 1244
f 1244 828 1241
f 1244 1243 1245
f 1244 1245 1246
f 1246 832 829
f 1246 1245 1247
f 1246 1247 832
f 1248 835 833
f 1248 1247 1249
f 1248 1250 835
f 1251 1252 836
f 1251 1250 1253
f 1251 1254 1252
f 1254 1253 1255
f 1254 1256 185
f 1256 1255 1257
f 1256 1258 1259
f 1258 1257 1260
f 1258 1261 1259
f 1261 1260 1262
f 1261 1263 90
f 1263 1262 1264
f 1263 1265 91
f 1266 1267 1268
f 1266 1265 1269
f 1266 1270 1267
f 1271 1272 1273
f 1271 1270 1274
f 1271 1275 1272
f 1276 1277 1278
f 1276 1275 1279
f 1276 1280 1277
f 1281 1282 1277
f 1281 1280 1283
f 1281 1284 1285
f 1285 1286 1282
f 1285 1284 1287
f 1285 1287 1288
f 1288 1289 1286
f 1288 1287 1290
f 1288 1290 1291
f 1291 1292 1289
f 1291 1290 1293
f 1291 1293 1294
f 1294 1295 1296
f 1294 1293 1297
f 1294 1297 1295
f 1298 1299 1300
f 1298 1297 1301
f 1298 1302 1299
f 1303 1304 1305
f 1303 1302 1306
f 1303 1307 1304
f 1308 1309 1310
f 1308 1307 1311
f 1308 1312 1309
f 1313 1314 1315
f 1313 1312 1316
f 1313 1317 1314
f 1317 1316 1318
f 1317 1319 1320
f 1319 1318 1321
f 1319 1322 48
f 1322 1321 1323
f 1322 1324 1325
f 1326 1324 1327
f 1326 1327 1328
f 1326 1329 1325
f 1329 1328 1330
f 1329 1331 46
f 1331 1330 1332
f 1331 1333 47
f 1334 1333 1335
f 1334 1336 1337
f 1334 1337 49
f 1337 1338 1314
f 1337 1314 1320
f 1338 1336 1339
f 1338 1340 1315
f 1341 1340 1342
f 1341 1343 1310
f 1341 1310 1309
f 1344 1343 1345
f 1344 1346 1305
f 1344 1305 1304
f 1347 1346 1348
f 1347 1349 1300
f 1347 1300 1299
f 1350 1349 1351
f 1350 1352 1296
f 1350 1296 1295
f 1353 1352 1354
f 1353 1355 1356
f 1353 1356 1292
f 1357 1355 1358
f 1357 1359 1360
f 1357 1361 1356
f 1360 1359 1362
f 1360 1362 1363
f 1360 1364 1361
f 1363 1362 1365
f 1363 1365 1366
f 1363 1367 1364
f 1366 1365 1368
f 1366 1368 1369
f 1366 1278 1367
f 1369 1368 1370
f 1369 1370 1273
f 1369 1273 1272
f 1371 1370 1372
f 1371 1373 1268
f 1371 1268 1267
f 1373 1372 1374
f 1373 1374 87
f 1374 1375 1376
f 1374 1376 1377
f 1377 1376 1378
f 1377 1378 1379
f 1377 1380 87
f 1380 1379 1381
f 1380 1381 1382
f 1381 1383 1384
f 1381 1384 1385
f 1385 1384 1386
f 1385 1386 184
f 1385 184 1382
f 1387 1384 1388
f 1387 1389 1390
f 1387 1391 1386
f 1390 1389 1392
f 1390 1392 1393
f 1390 855 1391
f 1392 1394 1395
f 1392 1395 1396
f 1396 1395 1397
f 1396 1397 1398
f 1396 858 1393
f 1398 1397 1399
f 1398 1399 1400
f 1398 1401 859
f 1401 1400 1402
f 1401 1402 861
f 1402 1403 1404
f 1402 1404 864
f 1404 1405 869
f 1404 869 867
f 1406 1405 1407
f 1406 1408 872
f 1406 872 870
f 1409 1408 1410
f 1409 1411 1412
f 1409 1412 873
f 1413 1411 1414
f 1413 1415 1416
f 1413 1417 1412
f 1416 1415 1418
f 1416 1419 1420
f 1416 1421 1417
f 1420 1419 1422
f 1420 1422 1423
f 1420 882 1421
f 1423 1422 1424
f 1423 1424 1425
f 1423 886 883
f 1425 1424 1426
f 1425 1426 1427
f 1425 1428 886
f 1427 1426 1429
f 1427 1429 1430
f 1427 1431 1428
f 1430 1429 1432
f 1430 1432 1433
f 1430 1434 1431
f 1433 1432 1435
f 1433 1435 1436
f 1433 1437 1434
f 1436 1435 1438
f 1436 1438 1439
f 1436 1440 1437
f 1439 1438 1441
f 1439 1441 909
f 1439 906 1440
f 1441 1442 1443
f 1441 1443 1444
f 1443 1445 1446
f 1443 1447 1448
f 1448 1449 1444
f 1448 1447 1450
f 1448 1450 1451
f 1451 916 1449
f 1451 1450 1452
f 1451 1452 918
f 1452 1453 1454
f 1452 1454 1455
f 1454 1456 1457
f 1454 1457 1458
f 1458 1459 1455
f 1458 1457 1460
f 1458 1460 1461
f 1461 925 1459
f 1461 1460 1462
f 1461 1462 925
f 1463 1464 926
f 1463 1462 1465
f 1463 1466 1464
f 1467 1468 1464
f 1467 1466 1469
f 1467 1470 1471
f 1471 1472 1468
f 1471 1470 1473
f 1471 1473 1474
f 1474 1475 1472
f 1474 1473 1476
f 1474 1476 1477
f 1477 1478 1475
f 1477 1476 1479
f 1477 1479 1480
f 1480 1481 1478
f 1480 1479 1482
f 1480 1482 1483
f 1483 1484 1481
f 1483 1482 1485
f 1483 1485 1486
f 1486 84 1484
f 1486 1485 1487
f 1486 1487 85
f 1487 1488 1489
f 1487 1489 1490
f 1489 1491 1492
f 1489 1492 1493
f 1493 25 24
f 1493 1492 1494
f 1493 1494 1495
f 1495 1496 28
f 1495 1494 1497
f 1495 1497 1496
f 1498 1499 1500
f 1498 1497 1501
f 1498 1502 1499
f 1503 1504 1505
f 1503 1502 1506
f 1503 1507 1504
f 1508 1509 1510
f 1508 1507 1511
f 1508 1512 1509
f 1513 1514 1509
f 1513 1512 1515
f 1513 1516 1517
f 1517 1518 1514
f 1517 1516 1519
f 1517 1519 1520
f 1520 1521 1518
f 1520 1519 1522
f 1520 1522 1521
f 1523 1524 1525
f 1523 1522 1526
f 1523 1527 1524
f 1528 1529 1530
f 1528 1527 1531
f 1528 1532 1529
f 1533 1534 1535
f 1533 1532 1536
f 1533 1537 1534
f 1538 1539 1540
f 1538 1537 1541
f 1538 1542 1539
f 1543 1544 1545
f 1543 1542 1546
f 1543 211 1544
f 1545 1547 1548
f 1545 1548 1539
f 1545 1544 1549
f 1549 1550 1547
f 1549 1544 210
f 1549 1551 1550
f 1552 1553 1554
f 1552 1551 1555
f 1552 1555 1556
f 1556 1557 1553
f 1556 1555 1558
f 1556 1558 1559
f 1559 1560 1557
f 1559 1558 1561
f 1559 1561 1562
f 1562 1563 1560
f 1562 1561 1564
f 1562 1564 1565
f 1565 1566 1563
f 1565 1564 1567
f 1565 1567 127
f 1567 1568 1569
f 1567 1570 1571
f 1570 1569 1572
f 1570 1573 1574
f 1574 1573 1575
f 1574 1575 1576
f 1574 1577 1571
f 1577 1576 1578
f 1577 1579 128
f 1579 1578 1580
f 1579 1581 129
f 1582 1581 73
f 1582 1583 1584
f 1582 1584 130
f 1584 1585 1586
f 1584 1586 1566
f 1587 1585 1588
f 1587 1589 1590
f 1587 1591 1586
f 1590 1589 1592
f 1590 1593 1594
f 1590 1595 1591
f 1594 1593 1596
f 1594 1597 1598
f 1594 1599 1595
f 1598 1597 1600
f 1598 1601 1554
f 1598 1554 1599
f 1602 1601 1603
f 1602 1604 1605
f 1602 1605 1550
f 1606 1604 1607
f 1606 1608 1609
f 1606 1610 1605
f 1609 1608 1611
f 1609 1611 1612
f 1609 1613 1610
f 1613 1612 1614
f 1613 1615 1548
f 1615 1614 1535
f 1615 1535 1534
f 1616 1614 1617
f 1616 1618 1530
f 1616 1530 1529
f 1619 1618 1620
f 1619 1621 1525
f 1619 1525 1524
f 1622 1621 1623
f 1622 1624 1625
f 1622 1625 1521
f 1626 1624 1627
f 1626 1628 1629
f 1626 1630 1625
f 1629 1628 1631
f 1629 1631 1632
f 1629 1633 1630
f 1632 1631 1634
f 1632 1634 1635
f 1632 1510 1633
f 1635 1634 1636
f 1635 1636 1505
f 1635 1505 1504
f 1637 1636 1638
f 1637 1639 1500
f 1637 1500 1499
f 1639 1638 1640
f 1639 1641 1642
f 1641 1640 1643
f 1641 1643 1644
f 1643 1645 1646
f 1643 1646 1647
f 1647 1648 1644
f 1647 1646 1649
f 1647 1649 1650
f 1650 1651 1648
f 1650 1649 1652
f 1650 1652 1653
f 1653 1654 1655
f 1653 1652 1656
f 1653 1656 1654
f 1657 1658 1659
f 1657 1656 1660
f 1657 1661 1658
f 1662 1663 1658
f 1662 1661 1664
f 1662 1665 1666
f 1666 1667 1663
f 1666 1665 1668
f 1666 1668 1669
f 1669 1670 1667
f 1669 1668 1671
f 1669 1671 1672
f 1672 1673 1670
f 1672 1671 1674
f 1672 1674 1673
f 1675 1676 1677
f 1675 1674 1678
f 1675 1679 1676
f 1680 1681 1682
f 1680 1679 1683
f 1680 1684 1681
f 1685 1686 1687
f 1685 1684 1688
f 1685 1055 1686
f 1687 1689 1690
f 1687 1691 1681
f 1687 1686 1689
f 1692 1693 1694
f 1692 1686 1052
f 1692 1050 1693
f 1694 1009 1005
f 1694 1004 1689
f 1694 1693 1009
f 1695 1014 1010
f 1695 1693 1049
f 1695 1696 1014
f 1697 1018 1015
f 1697 1696 1046
f 1697 1698 1018
f 1696 1049 1047
f 1691 1690 999
f 1691 1699 1682
f 1700 1699 994
f 1700 1701 1677
f 1700 1677 1676
f 1702 1701 989
f 1702 1703 1704
f 1702 1704 1673
f 1705 1703 984
f 1705 1706 1707
f 1705 1708 1704
f 1707 1706 1709
f 1707 1709 1710
f 1707 1711 1708
f 1710 1709 1712
f 1710 1712 1713
f 1710 1714 1711
f 1713 1712 1715
f 1713 1715 1716
f 1713 1659 1714
f 1716 1715 1717
f 1716 1717 1655
f 1716 1655 1654
f 1718 1717 1719
f 1718 1720 1721
f 1718 1721 1651
f 1720 1719 1722
f 1720 1722 29
f 1723 965 1724
f 1723 1724 1722
f 1723 1719 969
f 1719 1717 1725
f 1715 1726 1725
f 1712 1727 1726
f 1709 979 1727
f 1706 984 980
f 1703 989 985
f 1701 994 990
f 1699 999 995
f 1690 1004 1000
f 1684 1683 1728
f 1728 1683 1067
f 1728 1067 1064
f 1728 1063 1688
f 1729 1683 1679
f 1729 1678 1730
f 1729 1731 1067
f 1730 1678 1732
f 1730 1732 1733
f 1730 1734 1731
f 1734 1733 1735
f 1734 1736 1071
f 1735 1733 1737
f 1735 1737 1738
f 1735 1738 1736
f 1739 1737 1740
f 1739 1741 1742
f 1739 1742 1079
f 1742 1743 1744
f 1742 1745 1079
f 1744 1743 1746
f 1744 1746 1747
f 1744 1748 1745
f 1747 1746 1749
f 1747 1749 1750
f 1747 1751 1748
f 1750 1749 1752
f 1750 1752 1753
f 1750 1091 1751
f 1753 1752 1754
f 1753 1754 1094
f 1753 1094 1092
f 1755 1754 1756
f 1755 1757 1098
f 1755 1098 1095
f 1758 1757 1759
f 1758 1760 1761
f 1758 1761 1099
f 1759 1762 1645
f 1759 1763 1760
f 1759 1757 1762
f 1763 1645 1640
f 1763 1764 1765
f 1764 1640 1766
f 1764 1766 1767
f 1767 22 21
f 1767 1766 1768
f 1767 1768 1769
f 1769 1770 1771
f 1769 1768 1772
f 1769 1772 1770
f 1773 1774 1775
f 1773 1772 1776
f 1773 1777 1774
f 1778 1779 1780
f 1778 1777 1627
f 1778 1781 1779
f 1782 1783 1784
f 1782 1781 1623
f 1782 1785 1783
f 1786 1787 1783
f 1786 1785 1620
f 1786 1788 1789
f 1789 1790 1787
f 1789 1788 1791
f 1789 1791 1792
f 1792 1793 1790
f 1792 1791 1611
f 1792 1611 1794
f 1795 1796 1797
f 1795 1798 1799
f 1795 1793 1796
f 1800 1801 1802
f 1800 1793 1794
f 1800 1803 1801
f 1804 1805 1806
f 1804 1803 1607
f 1804 1807 1805
f 1808 1809 1810
f 1808 1807 1603
f 1808 1811 1809
f 1812 1813 1814
f 1812 1811 1600
f 1812 1815 1813
f 1816 1817 1818
f 1816 1815 1596
f 1816 1819 1817
f 1820 1821 1822
f 1820 1819 1592
f 1820 1823 1821
f 1824 1825 1826
f 1824 1823 1588
f 1824 1827 1825
f 1827 1588 1585
f 1827 1583 70
f 1826 1828 1829
f 1826 1830 1821
f 1826 1825 1828
f 1830 1829 1831
f 1830 1832 1822
f 1833 1832 1834
f 1833 1835 1818
f 1833 1818 1817
f 1836 1835 1837
f 1836 1838 1814
f 1836 1814 1813
f 1839 1838 1840
f 1839 1841 1810
f 1839 1810 1809
f 1842 1841 1843
f 1842 1844 1806
f 1842 1806 1805
f 1845 1844 1846
f 1845 1847 1802
f 1845 1802 1801
f 1848 1847 1849
f 1848 1850 1797
f 1848 1797 1796
f 1851 1850 1852
f 1851 1853 1854
f 1851 1854 1798
f 1854 1855 1856
f 1854 1857 1798
f 1857 1856 1858
f 1857 1859 1799
f 1858 1856 1860
f 1858 1860 1861
f 1858 1784 1859
f 1861 1860 1862
f 1861 1863 1780
f 1861 1780 1779
f 1864 1863 1865
f 1864 1865 1775
f 1864 1775 1774
f 1866 1865 1867
f 1866 1868 1771
f 1866 1771 1770
f 1868 1867 1869
f 1868 1869 18
f 1869 1870 1871
f 1869 1871 1872
f 1872 1871 1873
f 1872 1873 1874
f 1872 1875 18
f 1875 1874 1876
f 1875 1876 1877
f 1877 1876 1878
f 1877 1878 1112
f 1877 1879 19
f 1880 1876 1881
f 1880 1882 1883
f 1880 1884 1878
f 1883 1882 1885
f 1883 1885 1886
f 1883 1887 1884
f 1886 1885 1888
f 1886 1888 1889
f 1886 1890 1887
f 1890 1889 1891
f 1890 1892 1118
f 1892 1891 1893
f 1892 1894 1119
f 1894 1893 1895
f 1894 1895 1124
f 1895 1896 1128
f 1895 1128 1126
f 1897 1896 1898
f 1897 1899 1900
f 1897 1900 1129
f 1900 1901 1134
f 1900 1134 1131
f 1902 1901 1903
f 1902 1904 1905
f 1902 1905 1135
f 1905 1906 1907
f 1905 1908 1135
f 1908 1907 1909
f 1908 1910 1136
f 1910 1909 1911
f 1910 1911 1140
f 1911 1912 1913
f 1911 1913 1144
f 1913 1914 1915
f 1913 1915 1916
f 1915 1917 1918
f 1915 1918 1919
f 1919 1918 1920
f 1919 1920 1921
f 1919 1922 1916
f 1921 1920 1923
f 1921 1924 1925
f 1921 1926 1922
f 1925 1924 1927
f 1925 1928 1929
f 1925 1929 1926
f 1930 1928 1931
f 1930 1932 1933
f 1930 1933 1153
f 1933 1934 1935
f 1933 1935 1154
f 1934 1932 1936
f 1934 1937 2
f 1937 1936 1938
f 1937 1938 1939
f 1939 1938 1940
f 1939 1940 1941
f 1939 1942 3
f 1941 1940 1943
f 1941 1943 1863
f 1941 1862 1942
f 1944 1940 1945
f 1944 1945 1870
f 1944 1867 1943
f 1945 1946 1947
f 1945 1948 1949
f 1948 1947 1950
f 1948 1951 1952
f 1952 1951 1953
f 1952 1953 1954
f 1952 1955 1949
f 1954 1953 1956
f 1954 1956 1957
f 1954 1958 1955
f 1958 1957 1959
f 1958 1960 1873
f 1960 1959 1961
f 1960 1961 1881
f 1961 1962 1963
f 1961 1963 1882
f 1964 1962 1965
f 1964 1966 1967
f 1964 1968 1963
f 1967 1966 1969
f 1967 1969 1970
f 1967 1971 1968
f 1971 1970 1972
f 1971 1973 1888
f 1973 1972 1974
f 1973 1975 1889
f 1975 1974 1976
f 1975 1977 1891
f 1977 1976 1898
f 1977 1898 1896
f 1978 1976 1979
f 1978 1980 1981
f 1978 1981 1899
f 1981 1982 1903
f 1981 1903 1901
f 1983 1982 1984
f 1983 1985 1986
f 1983 1986 1904
f 1986 1987 1988
f 1986 1988 1906
f 1988 1989 1990
f 1988 1990 1906
f 1990 1991 1992
f 1990 1992 1907
f 1992 1993 1994
f 1992 1994 1912
f 1994 1995 1996
f 1994 1996 1914
f 1996 1997 1998
f 1996 1998 1917
f 1998 1999 2000
f 1998 2000 2001
f 2000 2002 2003
f 2000 2003 2004
f 2004 2003 2005
f 2004 2006 2007
f 2004 2007 2001
f 2008 2006 2009
f 2008 2010 1923
f 2008 1923 1920
f 2011 2010 2012
f 2011 2013 1927
f 2011 1927 1924
f 2014 2013 2015
f 2014 2016 1931
f 2014 1931 1928
f 2017 2016 2018
f 2017 2018 2019
f 2017 1936 1932
f 2018 2020 1950
f 2018 1950 1947
f 2021 2020 2022
f 2021 2023 2024
f 2021 2024 1951
f 2025 2023 2026
f 2025 2027 2028
f 2025 2029 2024
f 2028 2027 2030
f 2028 2030 2031
f 2028 2032 2029
f 2032 2031 2033
f 2032 2034 1956
f 2034 2033 2035
f 2034 2036 1957
f 2036 2035 2037
f 2036 1965 1962
f 2037 2035 2038
f 2037 2038 2039
f 2037 2039 1966
f 2040 2038 2041
f 2040 2041 2042
f 2040 2043 2039
f 2043 2042 2044
f 2043 2045 1969
f 2045 2044 2046
f 2045 2047 1970
f 2047 2046 2048
f 2047 2049 1972
f 2049 2048 2050
f 2049 1979 1974
f 2050 2048 2051
f 2050 2051 2052
f 2050 2052 1980
f 2052 2053 1984
f 2052 1984 1982
f 2054 2053 2055
f 2054 2056 2057
f 2054 2057 1985
f 2057 2058 2059
f 2057 2059 1987
f 2059 2060 2061
f 2059 2061 1989
f 2061 2062 2063
f 2061 2063 1991
f 2063 2064 2065
f 2063 2065 1993
f 2065 2066 2067
f 2065 2067 1995
f 2067 2068 2069
f 2067 2069 1997
f 2069 2070 2071
f 2069 2071 1999
f 2071 2072 2073
f 2071 2073 2002
f 2073 2074 2075
f 2073 2075 2076
f 2075 2077 2078
f 2075 2078 2076
f 2079 2078 2080
f 2079 2081 2005
f 2079 2005 2003
f 2082 2081 2083
f 2082 2084 2009
f 2082 2009 2006
f 2085 2084 2086
f 2085 2087 2012
f 2085 2012 2010
f 2088 2087 2089
f 2088 2089 2022
f 2088 2015 2013
f 2089 2090 2026
f 2089 2026 2023
f 2091 2090 2092
f 2091 2093 2094
f 2091 2094 2027
f 2095 2093 2096
f 2095 2097 2098
f 2095 2099 2094
f 2099 2098 2100
f 2099 2101 2030
f 2101 2100 2102
f 2101 2103 2031
f 2103 2102 2104
f 2103 2105 2033
f 2104 2102 2106
f 2104 2106 2107
f 2104 2108 2105
f 2107 2106 2109
f 2107 2109 2110
f 2107 2111 2108
f 2111 2110 2112
f 2111 2113 2041
f 2113 2112 2114
f 2113 2115 2042
f 2115 2114 2116
f 2115 2117 2044
f 2117 2116 2118
f 2117 2119 2046
f 2118 2116 2120
f 2118 2120 2121
f 2118 2122 2119
f 2122 2121 2123
f 2122 2055 2053
f 2123 2121 2124
f 2123 2125 2126
f 2123 2126 2056
f 2126 2127 2128
f 2126 2128 2058
f 2128 2129 2130
f 2128 2130 2060
f 2130 2131 2132
f 2130 2132 2062
f 2132 2133 2134
f 2132 2134 2064
f 2134 197 2135
f 2134 2135 2066
f 2135 201 2136
f 2135 2136 2068
f 2136 2137 2138
f 2136 2138 2070
f 2138 2139 2140
f 2138 2140 2072
f 2140 2141 2142
f 2140 2142 2074
f 2142 2143 103
f 2142 103 2077
f 2143 2141 2144
f 2143 2145 101
f 2145 2144 2146
f 2145 2147 102
f 2148 2147 2149
f 2148 2150 2151
f 2148 2151 99
f 2151 2152 2153
f 2151 2153 2154
f 2153 2155 2156
f 2153 2156 2157
f 2157 2158 2154
f 2157 2156 2080
f 2157 2080 2078
f 2159 2156 2160
f 2159 2161 2083
f 2159 2083 2081
f 2162 2161 2163
f 2162 2163 2092
f 2162 2086 2084
f 2163 2164 2096
f 2163 2096 2093
f 2165 2164 2166
f 2165 2166 2167
f 2165 2168 2096
f 2168 2167 2169
f 2168 2170 2097
f 2170 2169 2171
f 2170 2172 2098
f 2172 2171 2173
f 2172 2174 2100
f 2173 2171 2175
f 2173 2175 2176
f 2173 2177 2174
f 2176 2175 2178
f 2176 108 107
f 2176 2179 2177
f 2179 107 2180
f 2179 2181 2109
f 2181 2180 2182
f 2181 2183 2110
f 2183 2182 2184
f 2183 2185 2112
f 2185 2184 2186
f 2185 2187 2114
f 2186 2184 2188
f 2186 2188 2189
f 2186 2190 2187
f 2190 2189 2191
f 2190 2124 2120
f 2191 2189 194
f 2191 2192 2193
f 2191 2193 2125
f 2193 2194 2195
f 2193 2195 2127
f 2195 2196 2197
f 2195 2197 2129
f 2197 2198 2199
f 2197 2199 2131
f 2199 2200 198
f 2199 198 2133
f 2200 2198 2201
f 2200 2202 199
f 2203 2204 200
f 2203 2202 2205
f 2203 2206 2204
f 2207 2206 2144
f 2207 2144 2141
f 2207 2139 2204
f 2206 2205 2146
f 2208 2205 2209
f 2208 2210 2149
f 2208 2149 2147
f 2211 2210 2212
f 2211 2213 2214
f 2211 2214 2150
f 2214 2215 2216
f 2214 2216 2152
f 2216 2217 2218
f 2216 2218 2155
f 2218 2219 2220
f 2218 2220 2160
f 2219 2217 2221
f 2219 2222 2166
f 2222 2221 2223
f 2222 2224 2167
f 2224 2223 2225
f 2224 2225 2169
f 2226 2223 2227
f 2226 2228 2178
f 2226 2178 2175
f 2229 2228 2230
f 2229 2231 105
f 2229 105 108
f 2231 2230 2232
f 2231 2233 106
f 2234 2233 195
f 2234 192 2235
f 2234 2235 109
f 2235 2236 2182
f 2235 2182 2180
f 2233 2232 2237
f 2232 2238 2239
f 2232 2230 2238
f 2240 2241 2242
f 2240 2230 2228
f 2240 2227 2241
f 2243 2215 2241
f 2243 2227 2223
f 2243 2221 2217
f 2242 2212 2244
f 2242 2244 2239
f 2242 2241 2213
f 2244 2245 2246
f 2244 2246 2247
f 2247 193 2239
f 2247 2246 2194
f 2247 2192 193
f 2246 2248 2196
f 2248 2245 2209
f 2248 2201 2198
f 2245 2212 2210
f 2209 2205 2202
f 2204 2137 200
f 2189 2188 194
f 2188 2236 191
f 2220 2164 2161
f 2092 2090 2086
f 2158 2077 103
f 2022 2020 2015
f 1947 1946 2019
f 1862 1860 2249
f 1856 1855 2249
f 1855 1853 2250
f 1853 1852 2251
f 2251 2252 2253
f 2251 2254 2250
f 2251 1852 2252
f 2255 2256 2257
f 2255 1852 1850
f 2255 1849 2256
f 2258 2259 1264
f 2258 1849 1847
f 2258 1846 2259
f 2260 2261 1269
f 2260 1846 1844
f 2260 1843 2261
f 2262 2263 1274
f 2262 1843 1841
f 2262 1840 2263
f 2264 2265 1279
f 2264 1840 1838
f 2264 1837 2265
f 2266 2267 1283
f 2266 1837 1835
f 2266 1834 2267
f 2268 2269 2270
f 2268 1834 1832
f 2268 1831 2269
f 2271 2272 2269
f 2271 1831 1829
f 2271 2273 2274
f 2274 2275 2272
f 2274 2273 2276
f 2274 2276 2277
f 2277 2278 2275
f 2277 2276 2279
f 2277 2279 2280
f 2280 2281 2278
f 2280 2279 1576
f 2280 1576 1575
f 2281 1306 1301
f 2281 1575 2282
f 2279 2283 1578
f 2283 2276 2284
f 2283 72 1580
f 2278 1301 2285
f 2284 2273 1828
f 2284 1828 69
f 2275 2285 2286
f 2272 2286 2287
f 2269 2287 2270
f 2267 2270 1284
f 2265 1283 1280
f 2263 1279 1275
f 2261 1274 1270
f 2259 1269 1265
f 2257 1262 1260
f 2257 2288 2252
f 2257 2256 1262
f 2288 1260 1257
f 2288 2289 2253
f 2290 2289 2291
f 2290 2292 2293
f 2290 2294 2253
f 2294 2293 2295
f 2294 2296 2254
f 2295 2293 2297
f 2295 2297 2298
f 2295 6 2296
f 2298 2297 2299
f 2298 2299 2300
f 2298 2300 8
f 2300 2301 2302
f 2300 2302 2303
f 2302 2304 1160
f 2302 1160 1158
f 2304 2301 2305
f 2304 2306 1162
f 2307 2306 2308
f 2307 2309 1165
f 2307 1165 1163
f 2310 2309 2311
f 2310 2312 2313
f 2310 2313 1166
f 2314 2312 2315
f 2314 2316 2317
f 2314 2318 2313
f 2318 2317 2319
f 2318 2320 1168
f 2320 2319 2321
f 2320 2321 1172
f 2321 2322 2323
f 2321 2323 1174
f 2323 2324 2325
f 2323 2325 1177
f 2325 2326 2327
f 2325 2327 2328
f 2327 2329 2330
f 2327 2331 2328
f 2331 2330 2332
f 2331 2333 1182
f 2333 2332 2334
f 2333 2335 1183
f 2334 2332 2336
f 2334 2336 2337
f 2334 2338 2335
f 2337 2339 2338
f 2337 2336 2340
f 2337 2340 2341
f 2341 2342 2339
f 2341 2340 2343
f 2341 2343 2344
f 2344 2345 2342
f 2344 2343 2346
f 2344 2346 2347
f 2347 2348 2345
f 2347 2346 2349
f 2347 2349 2350
f 2350 2351 2348
f 2350 2349 2352
f 2350 2352 2353
f 2353 1209 1206
f 2353 2352 2354
f 2353 2355 1209
f 2355 2354 2356
f 2355 2357 1211
f 2357 2356 2358
f 2357 2359 1214
f 2359 2358 2360
f 2359 2360 1216
f 2361 1220 1217
f 2361 2360 2362
f 2361 2363 1220
f 2364 1223 1221
f 2364 2363 2365
f 2364 157 1223
f 2363 2362 2365
f 2366 2362 2367
f 2366 2368 2369
f 2366 2369 156
f 2369 2370 2371
f 2369 2371 2372
f 2371 2373 2374
f 2371 2374 2375
f 2375 2376 2372
f 2375 2374 2377
f 2375 2377 2378
f 2378 2379 2376
f 2378 2377 2380
f 2378 2380 2381
f 2381 2382 2379
f 2381 2380 2383
f 2381 2384 2385
f 2385 1234 2382
f 2385 2384 2386
f 2385 2386 1235
f 2386 2387 2388
f 2386 2388 1237
f 2388 2389 2390
f 2388 2390 1239
f 2390 2391 2392
f 2390 2393 1242
f 2393 2392 2394
f 2393 2395 2396
f 2395 2394 2397
f 2395 2398 2399
f 2399 2400 2396
f 2399 2398 2401
f 2399 2401 2402
f 2402 2403 2400
f 2402 2401 2404
f 2402 2404 2405
f 2405 1249 2403
f 2405 2404 2406
f 2405 2406 2407
f 2407 1253 1250
f 2407 2406 2292
f 2407 2291 1253
f 2406 2408 2292
f 2404 2409 2408
f 2401 2410 2409
f 2410 2398 2305
f 2410 2305 2301
f 2397 2394 2308
f 2397 2308 2306
f 2411 2394 2392
f 2411 2412 2311
f 2411 2311 2309
f 2413 2412 2414
f 2413 2415 2315
f 2413 2315 2312
f 2416 2415 2417
f 2416 2418 2419
f 2416 2419 2316
f 2419 2420 2421
f 2419 2422 2316
f 2422 2421 2423
f 2422 2424 2317
f 2424 2423 2425
f 2424 2425 2322
f 2425 2426 2427
f 2425 2427 2324
f 2427 2428 2429
f 2427 2429 2326
f 2429 2430 2431
f 2429 2431 2329
f 2431 2432 2433
f 2431 2434 2329
f 2434 2433 2435
f 2434 2436 2330
f 2435 2433 2437
f 2435 2437 2438
f 2435 2439 2436
f 2438 2437 2440
f 2438 2440 2441
f 2438 2442 2439
f 2441 2443 2442
f 2441 2440 2444
f 2441 2444 2445
f 2445 2446 2443
f 2445 2444 2447
f 2445 2447 2448
f 2448 2449 2446
f 2448 2447 2450
f 2448 2450 2451
f 2451 2354 2449
f 2451 2450 2452
f 2451 2452 2356
f 2452 2453 2454
f 2452 2454 2358
f 2454 2455 2456
f 2454 2456 2457
f 2456 2458 2459
f 2456 2459 2367
f 2459 139 2460
f 2459 2460 2368
f 2460 138 2461
f 2460 2461 2370
f 2461 2462 2463
f 2461 2463 2373
f 2463 2464 2465
f 2463 2466 2467
f 2466 2465 2468
f 2466 2469 2470
f 2470 2471 2467
f 2470 2469 2472
f 2470 2472 2473
f 2473 2474 2471
f 2473 2472 2475
f 2473 2476 2474
f 2477 2383 2380
f 2477 2476 2478
f 2477 2479 2383
f 2480 2387 2384
f 2480 2479 2417
f 2480 2481 2387
f 2481 2417 2415
f 2481 2414 2389
f 2479 2478 2418
f 2478 2476 2482
f 2478 2482 2420
f 2482 2475 2483
f 2482 2484 2420
f 2484 2483 2485
f 2484 2486 2421
f 2486 2485 2487
f 2486 2487 2426
f 2487 2488 2489
f 2487 2489 2428
f 2489 2490 2491
f 2489 2491 2430
f 2491 2492 2493
f 2491 2493 2432
f 2493 2494 2495
f 2493 2496 2432
f 2495 2494 2497
f 2495 2497 2498
f 2495 2499 2496
f 2498 2497 2500
f 2498 2500 2501
f 2498 2502 2499
f 2501 2503 2502
f 2501 2500 2504
f 2501 2504 2505
f 2505 2506 2503
f 2505 2504 2507
f 2505 2507 2508
f 2508 2453 2506
f 2508 2507 2509
f 2508 2509 2455
f 2509 2510 140
f 2509 140 2458
f 2510 2507 2511
f 2510 2512 141
f 2513 2512 2514
f 2513 2515 2516
f 2513 2516 137
f 2516 2462 138
f 2516 2517 2462
f 2517 2515 2518
f 2517 2519 2464
f 2519 2518 2520
f 2519 2521 2465
f 2521 2520 2522
f 2521 2523 2468
f 2524 2525 2469
f 2524 2523 2488
f 2524 2485 2525
f 2523 2522 2490
f 2522 2520 2526
f 2522 2526 2492
f 2526 2527 2528
f 2526 2528 2494
f 2527 2520 2518
f 2527 2529 2530
f 2529 2518 2515
f 2529 2514 133
f 2514 2512 134
f 2511 2504 135
f 2497 2528 132
f 2483 2475 2472
f 2414 2412 2391
f 2382 2531 2532
f 2533 1224 155
f 2533 155 154
f 2533 2379 2532
f 2367 2362 2457
f 2291 2289 1255
f 1823 1592 1589
f 1819 1596 1593
f 1815 1600 1597
f 1811 1603 1601
f 1807 1607 1604
f 1803 1794 1608
f 1791 1617 1612
f 1788 1620 1618
f 1785 1623 1621
f 1781 1627 1624
f 1777 1776 1628
f 1772 2534 1776
f 1768 2535 2534
f 1766 1638 2535
f 1756 2536 1762
f 1756 1754 2537
f 2537 2538 2536
f 2537 1752 2539
f 2539 2540 2538
f 2539 1749 2541
f 2541 1660 2540
f 2541 1746 2542
f 2542 1664 1661
f 2542 1743 1664
f 1741 1740 1665
f 1737 2543 1740
f 1733 1732 2543
f 1721 29 27
f 1581 1580 71
f 2282 1311 1307
f 2282 1573 1311
f 1572 1316 1312
f 1572 1569 1316
f 1569 1568 1318
f 1568 1564 1323
f 1561 2544 1323
f 1558 2545 2544
f 2545 1555 2546
f 2545 2547 1327
f 2547 2546 209
f 2547 213 1328
f 2546 1551 210
f 1542 1541 2548
f 2548 1541 1335
f 2548 1335 1333
f 2548 1332 1546
f 2549 1541 1537
f 2549 1536 1339
f 2549 1339 1336
f 2550 1536 1532
f 2550 1531 1342
f 2550 1342 1340
f 2551 1531 1527
f 2551 1526 1345
f 2551 1345 1343
f 2552 1526 2553
f 2552 2553 1348
f 2552 1348 1346
f 2554 2553 1519
f 2554 2555 1351
f 2554 1351 1349
f 2556 2555 1516
f 2556 1515 1354
f 2556 1354 1352
f 2557 1515 1512
f 2557 1511 1358
f 2557 1358 1355
f 2558 1511 1507
f 2558 1506 2559
f 2558 2559 1359
f 2560 1506 1502
f 2560 1501 2561
f 2560 2562 2559
f 2561 1501 2563
f 2561 2563 2564
f 2561 2565 2562
f 2564 2563 2566
f 2564 2566 2567
f 2564 2568 2565
f 2567 2566 2569
f 2567 2569 1375
f 2567 1372 2568
f 1500 1642 1496
f 2569 1491 2570
f 1491 1488 2571
f 2571 1488 2572
f 2571 2572 2573
f 2571 2574 2570
f 2573 2572 2575
f 2573 2575 2576
f 2573 2577 2574
f 2577 2576 2578
f 2577 2579 1378
f 2579 2578 2580
f 2579 2580 1383
f 2580 2581 2582
f 2580 2582 1388
f 2582 2583 1394
f 2582 1394 1389
f 2583 2581 2584
f 2583 2585 2586
f 2587 2585 2588
f 2587 2589 2590
f 2587 2591 2586
f 2590 2589 2592
f 2590 2592 2593
f 2590 2594 2591
f 2593 2592 2595
f 2593 2595 2596
f 2593 2597 2594
f 2597 2596 2598
f 2597 2599 1399
f 2599 2598 2600
f 2599 2600 1403
f 2600 2601 1407
f 2600 1407 1405
f 2602 2601 2603
f 2602 2604 1410
f 2602 1410 1408
f 2605 2604 2606
f 2605 2607 1414
f 2605 1414 1411
f 2608 2607 2609
f 2608 2610 1418
f 2608 1418 1415
f 2611 2610 2612
f 2611 2613 2614
f 2611 2614 1419
f 2615 2613 2616
f 2615 2617 2618
f 2615 2618 1422
f 2616 2619 2620
f 2616 2621 2617
f 2616 2613 2619
f 2621 2620 2622
f 2621 2623 118
f 2623 2622 2624
f 2623 2625 119
f 2626 2625 2627
f 2626 2628 2629
f 2626 2629 120
f 2627 2625 152
f 2627 152 150
f 2627 2630 2628
f 2624 2631 151
f 2624 2622 2631
f 2632 2633 2634
f 2632 2622 2620
f 2632 2635 2633
f 2636 2637 2638
f 2636 2635 2639
f 2636 2640 2637
f 2641 2642 2643
f 2641 2640 2644
f 2641 2645 2642
f 2646 2647 1456
f 2646 2645 2648
f 2646 2649 2650
f 2650 2651 2647
f 2650 2649 2652
f 2650 2652 2653
f 2653 2654 2651
f 2653 2652 2655
f 2653 2655 2656
f 2656 1465 2654
f 2656 2655 2657
f 2656 2657 2658
f 2658 1469 1466
f 2658 2657 2659
f 2658 2659 1469
f 2660 2661 1470
f 2660 2659 2589
f 2660 2588 2661
f 2662 2663 1473
f 2662 2588 2585
f 2662 2584 2663
f 2664 2665 2663
f 2664 2584 2581
f 2664 2578 2576
f 2655 2666 2595
f 2666 2652 2667
f 2666 2668 2596
f 2668 2667 2603
f 2668 2603 2601
f 2669 2667 2649
f 2669 2648 2606
f 2669 2606 2604
f 2670 2648 2645
f 2670 2644 2609
f 2670 2609 2607
f 2671 2644 2640
f 2671 2639 2612
f 2671 2612 2610
f 2643 1453 2672
f 2643 2672 2637
f 2643 2642 1453
f 2639 2635 2619
f 2638 2672 1447
f 2638 1446 2633
f 2634 1446 1445
f 2634 2673 2631
f 2576 2575 2665
f 1445 1442 2673
f 1442 1438 2674
f 1435 2630 2674
f 2629 1426 2675
f 1424 2618 2675
f 1332 1330 212
f 1234 1232 2531
f 1229 1208 1213
f 1229 1231 1208
f 1158 1156 2303
f 1156 1154 1935
f 1112 1109 1879
f 1109 1105 2676
f 1102 1761 2676
f 1046 1043 1698
f 1039 1035 1018
f 1033 1032 2677
f 1033 2677 2678
f 2678 2677 2679
f 2678 2679 2680
f 2680 2679 2681
f 2680 2681 1013
f 1013 2681 2682
f 1013 2682 1007
f 1008 2682 632
f 1008 631 1002
f 1003 631 628
f 1003 627 997
f 998 627 623
f 998 622 992
f 993 622 618
f 993 617 987
f 988 617 613
f 988 612 982
f 983 612 610
f 983 2683 977
f 2683 610 608
f 2683 2684 978
f 2684 608 605
f 2684 2685 2686
f 2685 605 603
f 2685 2687 2688
f 2687 603 601
f 2687 2689 2690
f 2690 2691 2688
f 2690 2689 2692
f 2690 2692 2693
f 2693 2694 2691
f 2693 2692 2695
f 2693 2695 2696
f 2696 2697 2698
f 2696 2695 2699
f 2696 2699 2697
f 2700 2701 2702
f 2700 2699 2703
f 2700 2704 2701
f 2705 2706 2707
f 2705 2704 588
f 2705 2708 2706
f 2709 2710 2706
f 2709 2708 2711
f 2709 2712 2713
f 2713 2714 2710
f 2713 2712 2715
f 2713 2715 2716
f 2716 2717 2714
f 2716 2715 2718
f 2716 2718 2719
f 2719 2720 2717
f 2719 2718 2721
f 2719 2721 2722
f 2722 2723 2720
f 2722 2721 496
f 2722 496 2724
f 2725 2726 2727
f 2725 2728 2729
f 2725 2723 2726
f 2730 2731 2732
f 2730 2723 2724
f 2730 2733 2731
f 2734 2735 2736
f 2734 2733 2737
f 2734 2738 2735
f 2739 2740 2741
f 2739 2738 2742
f 2739 2743 2740
f 2744 2745 2746
f 2744 2743 2747
f 2744 2748 2745
f 2747 2743 2749
f 2747 2749 365
f 2747 364 2748
f 2749 2742 489
f 2749 489 492
f 2746 2750 2751
f 2746 2752 2740
f 2746 2745 2750
f 2753 348 347
f 2753 2745 44
f 2753 41 348
f 2752 2751 335
f 2752 2754 2741
f 2755 2754 330
f 2755 2756 2736
f 2755 2736 2735
f 2757 2756 2758
f 2757 2759 2732
f 2757 2732 2731
f 2760 2759 322
f 2760 2761 2727
f 2760 2727 2726
f 2762 2761 318
f 2762 2763 2764
f 2762 2764 2728
f 2764 2765 2766
f 2764 2767 2728
f 2767 2766 2768
f 2767 2769 2729
f 2768 2766 2770
f 2768 2770 2771
f 2768 2772 2769
f 2771 2770 2773
f 2771 2773 2774
f 2771 2775 2772
f 2774 2773 2776
f 2774 2776 2707
f 2774 2707 2775
f 2777 2776 2778
f 2777 2779 2702
f 2777 2702 2701
f 2780 2779 2781
f 2780 2782 2698
f 2780 2698 2697
f 2783 2782 2784
f 2783 2785 2786
f 2783 2786 2694
f 2785 2784 2787
f 2785 2788 36
f 2787 289 286
f 2787 285 2788
f 2787 2784 289
f 2789 2790 290
f 2789 2784 2782
f 2789 2781 2791
f 2791 2792 2790
f 2791 2781 2779
f 2791 2778 2793
f 2793 2794 2792
f 2793 2778 2795
f 2793 2795 2796
f 2796 304 2794
f 2796 2795 2797
f 2796 2797 2798
f 2798 309 304
f 2798 2797 2799
f 2798 2799 2800
f 2800 314 310
f 2800 2799 2765
f 2800 2765 314
f 2763 318 315
f 2761 322 319
f 2759 2758 323
f 2756 330 326
f 2754 335 331
f 2751 340 336
f 2751 2750 340
f 2742 2738 493
f 2733 2724 2737
f 2715 2801 504
f 2801 2712 2802
f 2801 2802 508
f 2802 2711 584
f 2802 584 2803
f 2711 2708 585
f 2704 2703 589
f 2699 2804 2703
f 2695 2805 2804
f 2786 36 35
f 2692 598 2805
f 2689 601 599
f 978 2686 974
f 964 276 273
f 964 272 959
f 964 963 276
f 1724 957 950
f 960 272 268
f 960 267 956
f 2806 267 263
f 2806 2807 2808
f 953 2808 2809
f 953 2809 2810
f 2810 2809 2811
f 2810 2811 2812
f 2810 2813 954
f 2812 2811 2814
f 2812 2814 2815
f 2812 2815 940
f 2816 2814 2817
f 2816 2817 2818
f 2816 2819 2815
f 2818 2817 2820
f 2818 2820 2821
f 2818 2822 2819
f 2821 2820 2823
f 2821 2823 2824
f 2821 2825 2822
f 2824 2823 2826
f 2824 2826 2827
f 2824 2828 2825
f 2827 2826 237
f 2827 2829 2830
f 2827 2831 2828
f 2829 237 234
f 2829 233 2830
f 2826 2832 237
f 2823 2833 2832
f 2820 2834 2833
f 2817 2835 2834
f 2814 2836 2835
f 2811 2837 2836
f 2809 2838 2837
f 2808 2807 2838
f 2831 2830 113
f 839 1252 182
f 1030 671 664
f 582 513 2803
f 566 175 174
f 558 557 742
f 486 487 492
f 484 52 478
f 461 460 379
f 456 385 383
f 551 15 2839
f 2839 15 2840
f 2839 2840 426
f 364 362 42
f 299 420 295
f 866 288 78
f 285 281 177
f 277 276 179
f 233 232 111
f 171 2841 97
f 1 3 4
f 4 186 5
f 1 6 8
f 7 1935 2
f 8 2303 7
f 10 158 11
f 12 752 13
f 9 14 10
f 9 15 16
f 16 550 12
f 17 19 20
f 20 163 21
f 17 22 1771
f 23 25 28
f 26 1644 27
f 28 1642 26
f 23 29 30
f 30 81 24
f 32 176 33
f 34 2688 35
f 31 36 32
f 31 37 38
f 38 2686 34
f 39 41 44
f 39 43 40
f 44 2748 42
f 45 47 49
f 48 1325 46
f 49 1320 48
f 50 52 55
f 50 54 51
f 55 501 53
f 56 58 61
f 56 60 57
f 61 1054 59
f 63 698 64
f 62 66 63
f 62 67 65
f 69 1825 70
f 68 72 69
f 68 73 71
f 74 76 77
f 77 863 78
f 79 420 80
f 78 292 79
f 80 167 75
f 82 950 83
f 30 1722 82
f 81 84 85
f 85 1490 24
f 86 88 89
f 89 1259 90
f 86 91 1268
f 92 94 97
f 92 96 616
f 97 607 95
f 99 2154 100
f 98 102 99
f 98 103 101
f 104 106 109
f 104 108 105
f 109 2180 107
f 110 112 114
f 113 2830 111
f 110 115 113
f 117 2617 118
f 116 119 120
f 120 2675 117
f 122 487 123
f 121 124 125
f 125 368 122
f 127 1571 128
f 126 129 130
f 130 1566 127
f 132 2530 133
f 131 134 135
f 135 2500 132
f 136 138 139
f 139 2458 140
f 136 141 137
f 142 144 145
f 145 1213 146
f 142 147 143
f 149 2674 150
f 151 2673 149
f 148 152 151
f 153 155 157
f 156 2372 154
f 157 2365 156
f 158 160 161
f 10 762 159
f 161 776 162
f 162 2840 11
f 164 1760 165
f 165 1765 21
f 20 1879 166
f 166 2676 164
f 167 169 853
f 170 786 168
f 80 419 170
f 172 742 173
f 173 560 174
f 171 175 2841
f 171 94 172
f 32 2788 177
f 176 178 179
f 179 963 180
f 180 968 33
f 181 183 185
f 184 842 182
f 181 88 1382
f 185 1259 89
f 187 2250 188
f 188 2296 5
f 189 2249 187
f 4 1942 189
f 190 192 195
f 190 194 191
f 195 2237 193
f 197 2133 198
f 196 199 200
f 196 201 197
f 202 204 205
f 205 346 206
f 202 207 203
f 208 210 211
f 211 1546 212
f 208 213 209
f 214 216 217
f 217 664 218
f 214 219 215
f 220 222 223
f 223 680 224
f 220 225 221
f 226 228 229
f 229 908 230
f 226 231 227
f 230 912 232
f 231 233 234
f 234 235 227
f 236 228 227
f 235 237 238
f 235 239 236
f 240 904 236
f 238 2832 241
f 239 242 240
f 243 901 240
f 241 2833 244
f 242 245 243
f 246 898 243
f 244 2834 247
f 245 248 246
f 249 895 246
f 247 2835 250
f 248 251 249
f 252 892 249
f 250 2836 253
f 251 254 252
f 255 889 252
f 253 2837 256
f 254 257 255
f 258 884 255
f 256 2838 259
f 257 260 258
f 260 262 258
f 259 2807 263
f 263 264 261
f 264 266 261
f 264 267 268
f 268 269 265
f 269 271 265
f 269 272 273
f 273 274 270
f 275 875 270
f 274 276 277
f 274 278 275
f 278 280 275
f 277 178 281
f 281 282 279
f 282 284 279
f 282 285 286
f 286 287 283
f 288 866 283
f 287 289 290
f 287 291 288
f 292 78 288
f 290 2790 293
f 291 294 292
f 295 79 292
f 293 2792 296
f 294 297 295
f 297 299 295
f 296 2794 300
f 300 301 298
f 301 303 298
f 301 304 305
f 305 306 302
f 306 308 302
f 306 309 310
f 310 311 307
f 311 313 307
f 311 314 315
f 315 316 312
f 317 408 312
f 316 318 319
f 316 320 317
f 321 405 317
f 320 322 323
f 320 324 321
f 325 400 321
f 323 2758 326
f 326 327 325
f 327 329 325
f 327 330 331
f 331 332 328
f 332 334 328
f 332 335 336
f 336 337 333
f 337 339 333
f 337 340 341
f 341 342 338
f 342 344 338
f 342 345 346
f 346 205 343
f 341 340 347
f 345 348 349
f 349 206 346
f 349 350 351
f 351 207 206
f 352 358 207
f 351 353 352
f 354 355 352
f 350 41 40
f 353 43 354
f 356 375 357
f 355 358 352
f 354 359 356
f 359 361 356
f 359 43 362
f 362 363 360
f 363 364 365
f 365 492 366
f 363 367 360
f 367 368 369
f 369 361 360
f 366 487 122
f 369 370 371
f 371 372 361
f 372 373 374
f 374 376 375
f 372 356 361
f 376 377 378
f 376 379 380
f 380 357 375
f 380 381 382
f 382 358 357
f 382 204 203
f 203 207 358
f 379 460 383
f 383 384 204
f 384 385 386
f 386 344 343
f 384 205 204
f 385 452 387
f 387 388 344
f 388 389 390
f 390 391 339
f 388 338 344
f 391 392 393
f 393 394 334
f 391 333 339
f 394 395 396
f 396 397 329
f 394 328 334
f 397 398 399
f 399 401 400
f 397 325 329
f 401 402 403
f 401 404 405
f 405 321 400
f 403 436 406
f 404 407 408
f 408 317 405
f 406 432 409
f 407 410 313
f 313 312 408
f 409 429 411
f 411 412 308
f 410 307 313
f 412 413 414
f 414 415 303
f 412 302 308
f 415 416 417
f 417 420 299
f 415 298 303
f 417 418 419
f 419 80 420
f 418 422 423
f 423 170 419
f 416 424 421
f 424 426 421
f 424 414 413
f 413 427 425
f 428 2839 425
f 427 411 429
f 427 430 428
f 431 551 428
f 429 409 432
f 430 433 431
f 433 435 431
f 432 406 436
f 436 437 434
f 437 439 434
f 437 403 402
f 402 440 438
f 440 442 438
f 440 399 398
f 398 443 441
f 443 445 441
f 443 396 395
f 395 446 444
f 447 538 444
f 446 393 392
f 392 448 447
f 449 535 447
f 448 390 389
f 448 450 449
f 451 530 449
f 389 387 452
f 450 453 451
f 453 455 451
f 453 385 456
f 456 457 454
f 457 459 454
f 457 460 461
f 461 462 458
f 462 464 458
f 462 378 377
f 377 465 463
f 465 467 463
f 465 374 373
f 373 468 466
f 468 470 466
f 468 371 370
f 370 471 469
f 471 473 469
f 471 368 125
f 125 124 472
f 473 475 476
f 476 470 469
f 472 477 474
f 477 479 474
f 477 124 480
f 480 481 478
f 482 491 483
f 481 484 478
f 481 485 482
f 486 488 482
f 480 124 123
f 485 487 486
f 489 493 490
f 488 491 482
f 488 492 489
f 493 2737 494
f 490 495 491
f 494 2724 496
f 495 497 498
f 498 483 491
f 498 499 500
f 500 484 483
f 500 501 55
f 55 52 484
f 497 2721 502
f 499 503 501
f 502 2718 504
f 503 505 506
f 506 53 501
f 505 508 507
f 506 54 53
f 508 2803 509
f 507 510 54
f 509 513 511
f 510 475 512
f 512 51 54
f 512 474 479
f 479 52 51
f 513 515 514
f 511 476 475
f 515 517 516
f 514 470 476
f 517 518 467
f 516 466 470
f 518 519 520
f 520 521 464
f 518 463 467
f 521 522 523
f 523 524 459
f 521 458 464
f 524 525 526
f 526 527 455
f 524 454 459
f 527 528 529
f 529 531 530
f 527 451 455
f 531 532 533
f 531 534 535
f 535 449 530
f 533 567 536
f 534 537 538
f 538 447 535
f 536 563 539
f 539 540 445
f 445 444 538
f 540 541 542
f 542 543 442
f 540 441 445
f 543 544 545
f 545 546 439
f 543 438 442
f 546 547 548
f 548 549 435
f 546 434 439
f 549 550 16
f 16 15 551
f 549 431 435
f 548 552 550
f 552 554 555
f 555 12 550
f 547 556 553
f 556 558 553
f 556 545 544
f 544 559 557
f 559 173 557
f 559 542 541
f 559 561 560
f 562 174 560
f 541 539 563
f 561 564 562
f 564 566 562
f 563 536 567
f 567 568 565
f 568 570 565
f 568 533 532
f 532 571 569
f 571 573 569
f 571 529 528
f 528 574 572
f 574 576 572
f 574 526 525
f 525 577 575
f 578 593 575
f 577 523 522
f 577 579 578
f 580 587 578
f 522 520 519
f 579 581 580
f 581 583 580
f 581 517 515
f 515 513 582
f 583 585 586
f 583 587 580
f 582 2803 584
f 586 588 589
f 586 590 587
f 589 2703 591
f 590 592 593
f 593 578 587
f 591 2804 594
f 592 595 576
f 576 575 593
f 594 2805 596
f 596 597 573
f 595 572 576
f 597 598 599
f 599 600 570
f 597 569 573
f 600 601 602
f 602 175 566
f 600 565 570
f 602 603 604
f 604 2841 175
f 604 605 606
f 604 607 2841
f 606 608 609
f 609 95 607
f 609 610 611
f 611 96 95
f 611 612 613
f 613 614 96
f 614 616 96
f 614 617 618
f 618 619 615
f 619 621 615
f 619 622 623
f 623 624 620
f 624 626 620
f 624 627 628
f 628 629 625
f 630 725 625
f 629 631 632
f 629 633 630
f 634 722 630
f 632 2682 635
f 633 636 634
f 637 719 634
f 635 2681 638
f 636 639 637
f 640 714 637
f 638 2679 641
f 639 642 640
f 642 644 640
f 641 2677 645
f 642 646 643
f 646 648 643
f 645 1032 649
f 649 650 647
f 650 652 647
f 650 653 654
f 654 655 651
f 655 656 651
f 655 657 658
f 658 65 67
f 658 659 660
f 660 66 65
f 661 668 66
f 660 662 661
f 663 665 661
f 659 219 218
f 662 664 663
f 666 692 667
f 665 668 661
f 665 669 666
f 670 689 666
f 663 664 671
f 669 672 670
f 673 684 670
f 671 1030 674
f 674 675 673
f 675 676 677
f 677 1038 678
f 675 679 673
f 679 680 681
f 681 684 673
f 678 225 224
f 681 682 683
f 683 685 684
f 685 686 687
f 685 688 689
f 689 670 684
f 687 1065 690
f 688 691 692
f 692 666 689
f 690 1070 693
f 691 694 695
f 695 667 692
f 695 696 697
f 697 668 667
f 697 698 63
f 63 66 668
f 694 1075 699
f 696 700 698
f 699 1078 701
f 700 702 703
f 703 64 698
f 703 704 656
f 656 67 64
f 702 1083 705
f 704 706 652
f 652 651 656
f 705 1086 707
f 707 708 648
f 706 647 652
f 708 709 710
f 710 711 644
f 708 643 648
f 711 712 713
f 713 715 714
f 711 640 644
f 715 716 717
f 715 718 719
f 719 637 714
f 717 1096 720
f 718 721 722
f 722 634 719
f 720 1101 723
f 721 724 725
f 725 630 722
f 723 1104 726
f 724 727 626
f 626 625 725
f 726 1107 728
f 728 729 621
f 727 620 626
f 728 731 730
f 730 92 616
f 729 615 621
f 731 733 732
f 730 93 92
f 733 1111 734
f 732 735 93
f 734 1117 736
f 735 737 738
f 738 94 93
f 737 740 739
f 738 172 94
f 740 743 741
f 739 742 172
f 743 745 744
f 741 558 742
f 745 746 554
f 744 553 558
f 746 747 748
f 748 750 749
f 746 555 554
f 749 751 752
f 752 12 555
f 750 1132 753
f 751 754 755
f 755 13 752
f 755 756 757
f 757 14 13
f 756 1143 758
f 757 759 14
f 758 1149 760
f 759 761 762
f 762 10 14
f 760 1152 763
f 761 764 765
f 765 159 762
f 765 766 767
f 767 160 159
f 767 768 769
f 769 770 160
f 770 771 772
f 772 774 773
f 770 161 160
f 774 777 775
f 773 776 161
f 777 1176 778
f 775 779 776
f 778 782 780
f 779 422 781
f 781 162 776
f 781 421 426
f 426 2840 162
f 780 783 784
f 780 423 422
f 784 785 786
f 786 170 423
f 783 1181 787
f 785 788 789
f 789 168 786
f 789 790 791
f 791 169 168
f 792 850 169
f 791 793 792
f 794 847 792
f 790 1188 795
f 793 796 794
f 797 844 794
f 795 1189 798
f 796 799 797
f 800 841 797
f 798 1192 801
f 799 802 800
f 803 838 800
f 801 1195 804
f 802 805 803
f 806 831 803
f 804 1198 807
f 805 808 806
f 808 810 806
f 807 1201 811
f 811 812 809
f 812 814 809
f 812 815 816
f 816 817 813
f 817 818 819
f 819 1231 820
f 817 821 813
f 821 822 823
f 823 825 824
f 824 814 813
f 825 1241 826
f 826 827 814
f 827 809 814
f 827 828 829
f 829 830 810
f 830 806 810
f 830 832 833
f 833 834 831
f 834 835 836
f 834 837 838
f 838 803 831
f 836 1252 839
f 837 840 841
f 841 800 838
f 839 182 842
f 840 843 844
f 844 797 841
f 842 184 845
f 843 846 847
f 847 794 844
f 845 1386 848
f 846 849 850
f 850 792 847
f 848 1391 851
f 849 852 853
f 853 169 850
f 851 855 854
f 852 76 75
f 75 167 853
f 855 1393 856
f 856 857 76
f 857 858 859
f 859 861 860
f 857 77 76
f 861 864 862
f 860 863 77
f 864 867 865
f 862 866 863
f 867 868 284
f 865 283 866
f 868 869 870
f 870 871 280
f 868 279 284
f 871 872 873
f 871 874 875
f 875 275 280
f 873 1412 876
f 874 877 271
f 271 270 875
f 876 1417 878
f 877 879 266
f 266 265 271
f 878 1421 880
f 880 881 262
f 879 261 266
f 881 882 883
f 883 885 884
f 881 258 262
f 885 886 887
f 885 888 889
f 889 255 884
f 887 1428 890
f 888 891 892
f 892 252 889
f 890 1431 893
f 891 894 895
f 895 249 892
f 893 1434 896
f 894 897 898
f 898 246 895
f 896 1437 899
f 897 900 901
f 901 243 898
f 899 1440 902
f 900 903 904
f 904 240 901
f 902 906 905
f 903 229 228
f 228 236 904
f 906 909 907
f 905 908 229
f 909 1444 910
f 907 911 908
f 912 230 908
f 910 1449 913
f 911 914 912
f 112 232 912
f 913 916 915
f 914 114 112
f 916 918 917
f 915 115 114
f 918 1455 919
f 917 920 115
f 921 113 115
f 919 1459 922
f 920 923 921
f 924 2831 921
f 923 925 926
f 923 927 924
f 928 2828 924
f 926 1464 929
f 927 930 928
f 931 2825 928
f 929 1468 932
f 930 933 931
f 934 2822 931
f 932 1472 935
f 933 936 934
f 937 2819 934
f 935 1475 938
f 936 939 937
f 940 2815 937
f 938 1478 941
f 939 942 940
f 943 2813 940
f 941 1481 944
f 942 945 943
f 946 954 943
f 944 1484 947
f 945 948 946
f 949 951 946
f 947 84 83
f 948 950 949
f 952 2808 953
f 951 954 946
f 951 955 952
f 956 2806 952
f 949 950 957
f 955 958 956
f 958 960 956
f 957 1724 961
f 961 962 959
f 962 964 959
f 962 965 966
f 966 180 963
f 965 969 967
f 966 968 180
f 969 1725 970
f 967 971 968
f 37 33 968
f 970 1726 972
f 971 973 37
f 973 38 37
f 972 1727 975
f 975 976 974
f 976 978 974
f 976 979 980
f 980 981 977
f 981 983 977
f 981 984 985
f 985 986 982
f 986 988 982
f 986 989 990
f 990 991 987
f 991 993 987
f 991 994 995
f 995 996 992
f 996 998 992
f 996 999 1000
f 1000 1001 997
f 1001 1003 997
f 1001 1004 1005
f 1005 1006 1002
f 1006 1008 1002
f 1006 1009 1010
f 1010 1011 1007
f 1011 1013 1007
f 1011 1014 1015
f 1015 1016 1012
f 1017 2680 1012
f 1016 1018 1019
f 1016 1020 1017
f 1021 2678 1017
f 1019 1035 1022
f 1020 1023 1021
f 1024 1033 1021
f 1022 1029 1025
f 1023 1026 1024
f 1027 1031 1024
f 1025 1028 216
f 216 215 1027
f 1028 1029 676
f 676 674 1030
f 1028 217 216
f 653 649 1032
f 1031 1033 1024
f 1027 1034 653
f 1034 654 653
f 1034 215 219
f 219 659 657
f 1029 1035 1036
f 1036 677 676
f 1035 1039 1037
f 1036 1038 677
f 1039 1698 1040
f 1037 1041 1038
f 1040 1043 1042
f 1041 221 225
f 225 678 1038
f 1042 1044 1045
f 1045 222 221
f 1045 58 57
f 57 60 222
f 1044 1046 1047
f 1047 1048 58
f 1048 1049 1050
f 1050 1052 1051
f 1048 61 58
f 1052 1055 1053
f 1051 1054 61
f 1055 1688 1056
f 1053 1057 1054
f 1056 1063 1058
f 1057 1059 1060
f 1060 59 1054
f 1060 682 1061
f 1061 60 59
f 1061 680 223
f 223 222 60
f 1058 1062 686
f 1059 683 682
f 1062 1063 1064
f 1064 1066 1065
f 1062 687 686
f 1066 1067 1068
f 1066 1069 1070
f 1070 690 1065
f 1068 1731 1071
f 1069 1072 1073
f 1073 693 1070
f 1073 1074 1075
f 1075 694 693
f 1072 1736 1076
f 1074 1077 1078
f 1078 699 1075
f 1076 1738 1079
f 1077 1080 1081
f 1081 701 1078
f 1081 1082 1083
f 1083 702 701
f 1080 1745 1084
f 1082 1085 1086
f 1086 705 1083
f 1084 1748 1087
f 1085 1088 709
f 709 707 1086
f 1087 1751 1089
f 1089 1090 712
f 1088 710 709
f 1090 1091 1092
f 1092 1093 716
f 1090 713 712
f 1093 1094 1095
f 1095 1097 1096
f 1093 717 716
f 1097 1098 1099
f 1097 1100 1101
f 1101 720 1096
f 1099 1761 1102
f 1100 1103 1104
f 1104 723 1101
f 1102 2676 1105
f 1103 1106 1107
f 1107 726 1104
f 1105 1109 1108
f 1106 733 731
f 731 728 1107
f 1109 1112 1110
f 1108 1111 733
f 1112 1878 1113
f 1110 1114 1111
f 1113 1884 1115
f 1114 1116 1117
f 1117 734 1111
f 1115 1887 1118
f 1116 1119 1120
f 1120 736 1117
f 1120 1121 1122
f 1122 737 736
f 1121 1124 1123
f 1122 740 737
f 1124 1126 1125
f 1123 743 740
f 1126 1127 747
f 1125 745 743
f 1127 1128 1129
f 1129 1131 1130
f 1127 748 747
f 1131 1133 1132
f 1130 750 748
f 1133 1134 1135
f 1133 1136 1137
f 1137 753 1132
f 1137 1138 1139
f 1139 754 753
f 1139 1140 1141
f 1141 756 754
f 1140 1144 1142
f 1141 1143 756
f 1144 1916 1145
f 1142 1146 1143
f 1145 1922 1147
f 1146 1148 1149
f 1149 758 1143
f 1147 1926 1150
f 1148 1151 1152
f 1152 760 1149
f 1150 1929 1153
f 1151 1154 1155
f 1155 763 1152
f 1155 1156 1157
f 1157 764 763
f 1157 1158 1159
f 1159 766 764
f 1159 1160 1161
f 1161 768 766
f 1161 1162 1163
f 1163 1164 768
f 1164 1165 1166
f 1164 1167 771
f 1164 769 768
f 1166 2313 1168
f 1167 1169 1170
f 1170 772 771
f 1169 1172 1171
f 1170 774 772
f 1172 1174 1173
f 1171 777 774
f 1174 1177 1175
f 1173 1176 777
f 1177 2328 1178
f 1175 1179 1176
f 1179 1180 1181
f 1181 783 782
f 782 778 1176
f 1178 2328 1182
f 1180 1183 1184
f 1184 787 1181
f 1184 1185 1186
f 1186 788 787
f 1186 1187 1188
f 1188 790 788
f 1189 795 1188
f 1185 2335 1190
f 1187 1191 1189
f 1192 798 1189
f 1190 2338 1193
f 1191 1194 1192
f 1195 801 1192
f 1193 2339 1196
f 1194 1197 1195
f 1198 804 1195
f 1196 2342 1199
f 1197 1200 1198
f 1201 807 1198
f 1199 2345 1202
f 1200 1203 1201
f 815 811 1201
f 1202 2348 1204
f 1203 1205 815
f 1205 816 815
f 1204 2351 1206
f 1206 1207 818
f 1207 819 818
f 1207 1209 1210
f 1210 1213 1208
f 1210 1211 1212
f 1212 146 1213
f 1212 1214 1215
f 1215 147 146
f 1215 1216 1217
f 1217 1218 147
f 1218 143 147
f 1218 1220 1221
f 1221 1222 1219
f 1222 1223 1224
f 1224 2532 1225
f 1222 1226 1219
f 144 143 1219
f 1225 2531 1227
f 1226 1228 144
f 1229 145 144
f 1227 1232 1230
f 1228 1231 1229
f 1232 1233 822
f 1230 820 1231
f 1233 1234 1235
f 1235 1237 1236
f 1233 823 822
f 1237 1239 1238
f 1236 825 823
f 1239 1242 1240
f 1238 1241 825
f 1242 2396 1243
f 1240 1244 1241
f 828 826 1241
f 1243 2400 1245
f 1244 1246 828
f 1246 829 828
f 1245 2403 1247
f 1247 1248 832
f 1248 833 832
f 1248 1249 1250
f 1250 1251 835
f 1251 836 835
f 1251 1253 1254
f 1254 183 1252
f 1254 1255 1256
f 1254 185 183
f 1256 1257 1258
f 1256 1259 185
f 1258 1260 1261
f 1261 90 1259
f 1261 1262 1263
f 1263 91 90
f 1263 1264 1265
f 1265 1266 91
f 1266 1268 91
f 1266 1269 1270
f 1270 1271 1267
f 1271 1273 1267
f 1271 1274 1275
f 1275 1276 1272
f 1276 1278 1272
f 1276 1279 1280
f 1280 1281 1277
f 1282 1367 1277
f 1281 1283 1284
f 1281 1285 1282
f 1286 1364 1282
f 1284 2270 1287
f 1285 1288 1286
f 1289 1361 1286
f 1287 2287 1290
f 1288 1291 1289
f 1292 1356 1289
f 1290 2286 1293
f 1291 1294 1292
f 1294 1296 1292
f 1293 2285 1297
f 1297 1298 1295
f 1298 1300 1295
f 1298 1301 1302
f 1302 1303 1299
f 1303 1305 1299
f 1303 1306 1307
f 1307 1308 1304
f 1308 1310 1304
f 1308 1311 1312
f 1312 1313 1309
f 1313 1315 1309
f 1313 1316 1317
f 1317 1320 1314
f 1317 1318 1319
f 1319 48 1320
f 1319 1321 1322
f 1322 1325 48
f 1322 1323 1324
f 1324 1326 1325
f 1324 2544 1327
f 1326 1328 1329
f 1329 46 1325
f 1329 1330 1331
f 1331 47 46
f 1331 1332 1333
f 1333 1334 47
f 1334 1335 1336
f 1336 1338 1337
f 1334 49 47
f 1338 1315 1314
f 1337 1320 49
f 1338 1339 1340
f 1340 1341 1315
f 1341 1342 1343
f 1343 1344 1310
f 1341 1309 1315
f 1344 1345 1346
f 1346 1347 1305
f 1344 1304 1310
f 1347 1348 1349
f 1349 1350 1300
f 1347 1299 1305
f 1350 1351 1352
f 1352 1353 1296
f 1350 1295 1300
f 1353 1354 1355
f 1355 1357 1356
f 1353 1292 1296
f 1357 1358 1359
f 1357 1360 1361
f 1361 1289 1356
f 1359 2559 1362
f 1360 1363 1364
f 1364 1286 1361
f 1362 2562 1365
f 1363 1366 1367
f 1367 1282 1364
f 1365 2565 1368
f 1366 1369 1278
f 1278 1277 1367
f 1368 2568 1370
f 1370 1371 1273
f 1369 1272 1278
f 1371 1372 1373
f 1373 86 1268
f 1371 1267 1273
f 1372 1375 1374
f 1373 87 86
f 1375 2570 1376
f 1374 1377 87
f 1376 2574 1378
f 1377 1379 1380
f 1380 88 87
f 1379 1383 1381
f 1380 1382 88
f 1383 1388 1384
f 1381 1385 1382
f 1384 1387 1386
f 1386 845 184
f 184 181 1382
f 1387 1388 1389
f 1387 1390 1391
f 1391 848 1386
f 1389 1394 1392
f 1390 1393 855
f 855 851 1391
f 1394 2586 1395
f 1392 1396 1393
f 1395 2591 1397
f 1396 1398 858
f 858 856 1393
f 1397 2594 1399
f 1398 1400 1401
f 1398 859 858
f 1400 1403 1402
f 1401 861 859
f 1403 1405 1404
f 1402 864 861
f 1405 1406 869
f 1404 867 864
f 1406 1407 1408
f 1408 1409 872
f 1406 870 869
f 1409 1410 1411
f 1411 1413 1412
f 1409 873 872
f 1413 1414 1415
f 1413 1416 1417
f 1417 876 1412
f 1416 1418 1419
f 1416 1420 1421
f 1421 878 1417
f 1419 2614 1422
f 1420 1423 882
f 882 880 1421
f 1422 2618 1424
f 1423 1425 886
f 1423 883 882
f 1424 2675 1426
f 1425 1427 1428
f 1428 887 886
f 1426 2629 1429
f 1427 1430 1431
f 1431 890 1428
f 1429 2628 1432
f 1430 1433 1434
f 1434 893 1431
f 1432 2630 1435
f 1433 1436 1437
f 1437 896 1434
f 1435 2674 1438
f 1436 1439 1440
f 1440 899 1437
f 1438 1442 1441
f 1439 909 906
f 906 902 1440
f 1442 1445 1443
f 1441 1444 909
f 1443 1446 1447
f 1443 1448 1444
f 1449 910 1444
f 1447 2672 1450
f 1448 1451 1449
f 916 913 1449
f 1450 1453 1452
f 1451 918 916
f 1453 1456 1454
f 1452 1455 918
f 1456 2647 1457
f 1454 1458 1455
f 1459 919 1455
f 1457 2651 1460
f 1458 1461 1459
f 925 922 1459
f 1460 2654 1462
f 1462 1463 925
f 1463 926 925
f 1463 1465 1466
f 1466 1467 1464
f 1468 929 1464
f 1467 1469 1470
f 1467 1471 1468
f 1472 932 1468
f 1470 2661 1473
f 1471 1474 1472
f 1475 935 1472
f 1473 2663 1476
f 1474 1477 1475
f 1478 938 1475
f 1476 2665 1479
f 1477 1480 1478
f 1481 941 1478
f 1479 2575 1482
f 1480 1483 1481
f 1484 944 1481
f 1482 2572 1485
f 1483 1486 1484
f 84 947 1484
f 1485 1488 1487
f 1486 85 84
f 1488 1491 1489
f 1487 1490 85
f 1491 2569 1492
f 1489 1493 1490
f 1493 24 1490
f 1492 2566 1494
f 1493 1495 25
f 1495 28 25
f 1494 2563 1497
f 1497 1498 1496
f 1498 1500 1496
f 1498 1501 1502
f 1502 1503 1499
f 1503 1505 1499
f 1503 1506 1507
f 1507 1508 1504
f 1508 1510 1504
f 1508 1511 1512
f 1512 1513 1509
f 1514 1633 1509
f 1513 1515 1516
f 1513 1517 1514
f 1518 1630 1514
f 1516 2555 1519
f 1517 1520 1518
f 1521 1625 1518
f 1519 2553 1522
f 1522 1523 1521
f 1523 1525 1521
f 1523 1526 1527
f 1527 1528 1524
f 1528 1530 1524
f 1528 1531 1532
f 1532 1533 1529
f 1533 1535 1529
f 1533 1536 1537
f 1537 1538 1534
f 1538 1540 1534
f 1538 1541 1542
f 1542 1543 1539
f 1543 1545 1539
f 1543 1546 211
f 211 210 1544
f 1547 1610 1548
f 1548 1540 1539
f 1545 1549 1547
f 1550 1605 1547
f 1549 210 1551
f 1551 1552 1550
f 1552 1554 1550
f 1551 2546 1555
f 1552 1556 1553
f 1557 1599 1553
f 1555 2545 1558
f 1556 1559 1557
f 1560 1595 1557
f 1558 2544 1561
f 1559 1562 1560
f 1563 1591 1560
f 1561 1323 1564
f 1562 1565 1563
f 1566 1586 1563
f 1564 1568 1567
f 1565 127 1566
f 1567 1569 1570
f 1567 1571 127
f 1570 1572 1573
f 1570 1574 1571
f 1573 2282 1575
f 1574 1576 1577
f 1577 128 1571
f 1577 1578 1579
f 1579 129 128
f 1579 1580 1581
f 1581 1582 129
f 1582 73 1583
f 1583 1585 1584
f 1582 130 129
f 1585 1587 1586
f 1584 1566 130
f 1587 1588 1589
f 1587 1590 1591
f 1591 1563 1586
f 1590 1592 1593
f 1590 1594 1595
f 1595 1560 1591
f 1594 1596 1597
f 1594 1598 1599
f 1599 1557 1595
f 1598 1600 1601
f 1601 1602 1554
f 1554 1553 1599
f 1602 1603 1604
f 1604 1606 1605
f 1602 1550 1554
f 1606 1607 1608
f 1606 1609 1610
f 1610 1547 1605
f 1608 1794 1611
f 1609 1612 1613
f 1613 1548 1610
f 1613 1614 1615
f 1615 1540 1548
f 1614 1616 1535
f 1615 1534 1540
f 1616 1617 1618
f 1618 1619 1530
f 1616 1529 1535
f 1619 1620 1621
f 1621 1622 1525
f 1619 1524 1530
f 1622 1623 1624
f 1624 1626 1625
f 1622 1521 1525
f 1626 1627 1628
f 1626 1629 1630
f 1630 1518 1625
f 1628 1776 1631
f 1629 1632 1633
f 1633 1514 1630
f 1631 2534 1634
f 1632 1635 1510
f 1510 1509 1633
f 1634 2535 1636
f 1636 1637 1505
f 1635 1504 1510
f 1637 1638 1639
f 1639 1642 1500
f 1637 1499 1505
f 1639 1640 1641
f 1641 26 1642
f 1640 1645 1643
f 1641 1644 26
f 1645 1762 1646
f 1643 1647 1644
f 1648 27 1644
f 1646 2536 1649
f 1647 1650 1648
f 1651 1721 1648
f 1649 2538 1652
f 1650 1653 1651
f 1653 1655 1651
f 1652 2540 1656
f 1656 1657 1654
f 1657 1659 1654
f 1657 1660 1661
f 1661 1662 1658
f 1663 1714 1658
f 1662 1664 1665
f 1662 1666 1663
f 1667 1711 1663
f 1665 1740 1668
f 1666 1669 1667
f 1670 1708 1667
f 1668 2543 1671
f 1669 1672 1670
f 1673 1704 1670
f 1671 1732 1674
f 1674 1675 1673
f 1675 1677 1673
f 1675 1678 1679
f 1679 1680 1676
f 1680 1682 1676
f 1680 1683 1684
f 1684 1685 1681
f 1685 1687 1681
f 1685 1688 1055
f 1055 1052 1686
f 1687 1690 1691
f 1691 1682 1681
f 1686 1692 1689
f 1692 1694 1689
f 1692 1052 1050
f 1050 1049 1693
f 1694 1005 1004
f 1004 1690 1689
f 1693 1695 1009
f 1695 1010 1009
f 1695 1049 1696
f 1696 1697 1014
f 1697 1015 1014
f 1697 1046 1698
f 1698 1039 1018
f 1696 1047 1046
f 1691 999 1699
f 1699 1700 1682
f 1700 994 1701
f 1701 1702 1677
f 1700 1676 1682
f 1702 989 1703
f 1703 1705 1704
f 1702 1673 1677
f 1705 984 1706
f 1705 1707 1708
f 1708 1670 1704
f 1706 979 1709
f 1707 1710 1711
f 1711 1667 1708
f 1709 1727 1712
f 1710 1713 1714
f 1714 1663 1711
f 1712 1726 1715
f 1713 1716 1659
f 1659 1658 1714
f 1715 1725 1717
f 1717 1718 1655
f 1716 1654 1659
f 1718 1719 1720
f 1720 29 1721
f 1718 1651 1655
f 1719 1723 1722
f 1722 30 29
f 965 961 1724
f 1724 82 1722
f 1723 969 965
f 1719 1725 969
f 1726 970 1725
f 1727 972 1726
f 979 975 1727
f 1706 980 979
f 1703 985 984
f 1701 990 989
f 1699 995 994
f 1690 1000 999
f 1684 1728 1688
f 1683 1729 1067
f 1728 1064 1063
f 1063 1056 1688
f 1729 1679 1678
f 1729 1730 1731
f 1731 1068 1067
f 1678 1674 1732
f 1730 1733 1734
f 1734 1071 1731
f 1734 1735 1736
f 1736 1072 1071
f 1733 2543 1737
f 1737 1739 1738
f 1738 1076 1736
f 1739 1740 1741
f 1741 1743 1742
f 1739 1079 1738
f 1742 1744 1745
f 1745 1080 1079
f 1743 2542 1746
f 1744 1747 1748
f 1748 1084 1745
f 1746 2541 1749
f 1747 1750 1751
f 1751 1087 1748
f 1749 2539 1752
f 1750 1753 1091
f 1091 1089 1751
f 1752 2537 1754
f 1754 1755 1094
f 1753 1092 1091
f 1755 1756 1757
f 1757 1758 1098
f 1755 1095 1094
f 1758 1759 1760
f 1760 164 1761
f 1758 1099 1098
f 1759 1645 1763
f 1763 165 1760
f 1757 1756 1762
f 1763 1640 1764
f 1763 1765 165
f 1640 1638 1766
f 1764 1767 1765
f 1767 21 1765
f 1766 2535 1768
f 1767 1769 22
f 1769 1771 22
f 1768 2534 1772
f 1772 1773 1770
f 1773 1775 1770
f 1773 1776 1777
f 1777 1778 1774
f 1778 1780 1774
f 1778 1627 1781
f 1781 1782 1779
f 1782 1784 1779
f 1782 1623 1785
f 1785 1786 1783
f 1787 1859 1783
f 1786 1620 1788
f 1786 1789 1787
f 1790 1799 1787
f 1788 1617 1791
f 1789 1792 1790
f 1793 1795 1790
f 1791 1612 1611
f 1792 1794 1793
f 1795 1797 1798
f 1795 1799 1790
f 1793 1800 1796
f 1800 1802 1796
f 1800 1794 1803
f 1803 1804 1801
f 1804 1806 1801
f 1804 1607 1807
f 1807 1808 1805
f 1808 1810 1805
f 1808 1603 1811
f 1811 1812 1809
f 1812 1814 1809
f 1812 1600 1815
f 1815 1816 1813
f 1816 1818 1813
f 1816 1596 1819
f 1819 1820 1817
f 1820 1822 1817
f 1820 1592 1823
f 1823 1824 1821
f 1824 1826 1821
f 1824 1588 1827
f 1827 70 1825
f 1827 1585 1583
f 1583 73 70
f 1826 1829 1830
f 1830 1822 1821
f 1825 69 1828
f 1830 1831 1832
f 1832 1833 1822
f 1833 1834 1835
f 1835 1836 1818
f 1833 1817 1822
f 1836 1837 1838
f 1838 1839 1814
f 1836 1813 1818
f 1839 1840 1841
f 1841 1842 1810
f 1839 1809 1814
f 1842 1843 1844
f 1844 1845 1806
f 1842 1805 1810
f 1845 1846 1847
f 1847 1848 1802
f 1845 1801 1806
f 1848 1849 1850
f 1850 1851 1797
f 1848 1796 1802
f 1851 1852 1853
f 1853 1855 1854
f 1851 1798 1797
f 1854 1856 1857
f 1857 1799 1798
f 1857 1858 1859
f 1859 1787 1799
f 1856 2249 1860
f 1858 1861 1784
f 1784 1783 1859
f 1861 1862 1863
f 1863 1864 1780
f 1861 1779 1784
f 1863 1943 1865
f 1865 1866 1775
f 1864 1774 1780
f 1866 1867 1868
f 1868 17 1771
f 1866 1770 1775
f 1867 1870 1869
f 1868 18 17
f 1870 1949 1871
f 1869 1872 18
f 1871 1955 1873
f 1872 1874 1875
f 1875 19 18
f 1874 1881 1876
f 1875 1877 19
f 1876 1880 1878
f 1877 1112 1879
f 1879 20 19
f 1880 1881 1882
f 1880 1883 1884
f 1884 1113 1878
f 1882 1963 1885
f 1883 1886 1887
f 1887 1115 1884
f 1885 1968 1888
f 1886 1889 1890
f 1890 1118 1887
f 1890 1891 1892
f 1892 1119 1118
f 1892 1893 1894
f 1894 1121 1119
f 1893 1896 1895
f 1894 1124 1121
f 1896 1897 1128
f 1895 1126 1124
f 1897 1898 1899
f 1899 1901 1900
f 1897 1129 1128
f 1901 1902 1134
f 1900 1131 1129
f 1902 1903 1904
f 1904 1906 1905
f 1902 1135 1134
f 1905 1907 1908
f 1908 1136 1135
f 1908 1909 1910
f 1910 1138 1136
f 1909 1912 1911
f 1910 1140 1138
f 1912 1914 1913
f 1911 1144 1140
f 1914 1917 1915
f 1913 1916 1144
f 1917 2001 1918
f 1915 1919 1916
f 1918 2007 1920
f 1919 1921 1922
f 1922 1145 1916
f 1921 1923 1924
f 1921 1925 1926
f 1926 1147 1922
f 1925 1927 1928
f 1928 1930 1929
f 1929 1150 1926
f 1930 1931 1932
f 1932 1934 1933
f 1930 1153 1929
f 1934 2 1935
f 1933 1154 1153
f 1934 1936 1937
f 1937 3 2
f 1936 2019 1938
f 1937 1939 3
f 1938 1946 1940
f 1939 1941 1942
f 1942 4 3
f 1940 1944 1943
f 1941 1863 1862
f 1862 189 1942
f 1940 1946 1945
f 1944 1870 1867
f 1867 1865 1943
f 1945 1947 1948
f 1945 1949 1870
f 1948 1950 1951
f 1948 1952 1949
f 1951 2024 1953
f 1952 1954 1955
f 1955 1871 1949
f 1953 2029 1956
f 1954 1957 1958
f 1958 1873 1955
f 1958 1959 1960
f 1960 1874 1873
f 1959 1962 1961
f 1960 1881 1874
f 1962 1964 1963
f 1961 1882 1881
f 1964 1965 1966
f 1964 1967 1968
f 1968 1885 1963
f 1966 2039 1969
f 1967 1970 1971
f 1971 1888 1968
f 1971 1972 1973
f 1973 1889 1888
f 1973 1974 1975
f 1975 1891 1889
f 1975 1976 1977
f 1977 1893 1891
f 1976 1978 1898
f 1977 1896 1893
f 1978 1979 1980
f 1980 1982 1981
f 1978 1899 1898
f 1982 1983 1903
f 1981 1901 1899
f 1983 1984 1985
f 1985 1987 1986
f 1983 1904 1903
f 1987 1989 1988
f 1986 1906 1904
f 1989 1991 1990
f 1990 1907 1906
f 1991 1993 1992
f 1992 1909 1907
f 1993 1995 1994
f 1992 1912 1909
f 1995 1997 1996
f 1994 1914 1912
f 1997 1999 1998
f 1996 1917 1914
f 1999 2002 2000
f 1998 2001 1917
f 2002 2076 2003
f 2000 2004 2001
f 2004 2005 2006
f 2006 2008 2007
f 2007 1918 2001
f 2008 2009 2010
f 2010 2011 1923
f 2008 1920 2007
f 2011 2012 2013
f 2013 2014 1927
f 2011 1924 1923
f 2014 2015 2016
f 2016 2017 1931
f 2014 1928 1927
f 2016 2020 2018
f 2017 2019 1936
f 2017 1932 1931
f 2020 2021 1950
f 2018 1947 2019
f 2021 2022 2023
f 2023 2025 2024
f 2021 1951 1950
f 2025 2026 2027
f 2025 2028 2029
f 2029 1953 2024
f 2027 2094 2030
f 2028 2031 2032
f 2032 1956 2029
f 2032 2033 2034
f 2034 1957 1956
f 2034 2035 2036
f 2036 1959 1957
f 2036 2037 1965
f 2036 1962 1959
f 2035 2105 2038
f 2038 2040 2039
f 2037 1966 1965
f 2038 2108 2041
f 2040 2042 2043
f 2043 1969 2039
f 2043 2044 2045
f 2045 1970 1969
f 2045 2046 2047
f 2047 1972 1970
f 2047 2048 2049
f 2049 1974 1972
f 2049 2050 1979
f 1979 1976 1974
f 2048 2119 2051
f 2051 2053 2052
f 2050 1980 1979
f 2053 2054 1984
f 2052 1982 1980
f 2054 2055 2056
f 2056 2058 2057
f 2054 1985 1984
f 2058 2060 2059
f 2057 1987 1985
f 2060 2062 2061
f 2059 1989 1987
f 2062 2064 2063
f 2061 1991 1989
f 2064 2066 2065
f 2063 1993 1991
f 2066 2068 2067
f 2065 1995 1993
f 2068 2070 2069
f 2067 1997 1995
f 2070 2072 2071
f 2069 1999 1997
f 2072 2074 2073
f 2071 2002 1999
f 2074 2077 2075
f 2073 2076 2002
f 2077 2158 2078
f 2078 2079 2076
f 2079 2080 2081
f 2081 2082 2005
f 2079 2003 2076
f 2082 2083 2084
f 2084 2085 2009
f 2082 2006 2005
f 2085 2086 2087
f 2087 2088 2012
f 2085 2010 2009
f 2087 2090 2089
f 2088 2022 2015
f 2088 2013 2012
f 2090 2091 2026
f 2089 2023 2022
f 2091 2092 2093
f 2093 2095 2094
f 2091 2027 2026
f 2095 2096 2097
f 2095 2098 2099
f 2099 2030 2094
f 2099 2100 2101
f 2101 2031 2030
f 2101 2102 2103
f 2103 2033 2031
f 2103 2104 2105
f 2105 2035 2033
f 2102 2174 2106
f 2104 2107 2108
f 2108 2038 2105
f 2106 2177 2109
f 2107 2110 2111
f 2111 2041 2108
f 2111 2112 2113
f 2113 2042 2041
f 2113 2114 2115
f 2115 2044 2042
f 2115 2116 2117
f 2117 2046 2044
f 2117 2118 2119
f 2119 2048 2046
f 2116 2187 2120
f 2118 2121 2122
f 2122 2051 2119
f 2122 2123 2055
f 2122 2053 2051
f 2123 2124 2125
f 2125 2127 2126
f 2123 2056 2055
f 2127 2129 2128
f 2126 2058 2056
f 2129 2131 2130
f 2128 2060 2058
f 2131 2133 2132
f 2130 2062 2060
f 2133 197 2134
f 2132 2064 2062
f 197 201 2135
f 2134 2066 2064
f 201 2137 2136
f 2135 2068 2066
f 2137 2139 2138
f 2136 2070 2068
f 2139 2141 2140
f 2138 2072 2070
f 2141 2143 2142
f 2140 2074 2072
f 2143 101 103
f 2142 2077 2074
f 2143 2144 2145
f 2145 102 101
f 2145 2146 2147
f 2147 2148 102
f 2148 2149 2150
f 2150 2152 2151
f 2148 99 102
f 2152 2155 2153
f 2151 2154 99
f 2155 2160 2156
f 2153 2157 2154
f 2158 100 2154
f 2156 2159 2080
f 2157 2078 2158
f 2159 2160 2161
f 2161 2162 2083
f 2159 2081 2080
f 2161 2164 2163
f 2162 2092 2086
f 2162 2084 2083
f 2164 2165 2096
f 2163 2093 2092
f 2164 2220 2166
f 2165 2167 2168
f 2168 2097 2096
f 2168 2169 2170
f 2170 2098 2097
f 2170 2171 2172
f 2172 2100 2098
f 2172 2173 2174
f 2174 2102 2100
f 2171 2225 2175
f 2173 2176 2177
f 2177 2106 2174
f 2176 2178 108
f 2176 107 2179
f 2179 2109 2177
f 2179 2180 2181
f 2181 2110 2109
f 2181 2182 2183
f 2183 2112 2110
f 2183 2184 2185
f 2185 2114 2112
f 2185 2186 2187
f 2187 2116 2114
f 2184 2236 2188
f 2186 2189 2190
f 2190 2120 2187
f 2190 2191 2124
f 2124 2121 2120
f 2191 194 2192
f 2192 2194 2193
f 2191 2125 2124
f 2194 2196 2195
f 2193 2127 2125
f 2196 2198 2197
f 2195 2129 2127
f 2198 2200 2199
f 2197 2131 2129
f 2200 199 198
f 2199 2133 2131
f 2200 2201 2202
f 2202 2203 199
f 2203 200 199
f 2203 2205 2206
f 2206 2207 2204
f 2206 2146 2144
f 2207 2141 2139
f 2139 2137 2204
f 2205 2208 2146
f 2208 2209 2210
f 2210 2211 2149
f 2208 2147 2146
f 2211 2212 2213
f 2213 2215 2214
f 2211 2150 2149
f 2215 2217 2216
f 2214 2152 2150
f 2217 2219 2218
f 2216 2155 2152
f 2219 2166 2220
f 2218 2160 2155
f 2219 2221 2222
f 2222 2167 2166
f 2222 2223 2224
f 2224 2169 2167
f 2223 2226 2225
f 2225 2171 2169
f 2226 2227 2228
f 2228 2229 2178
f 2226 2175 2225
f 2229 2230 2231
f 2231 106 105
f 2229 108 2178
f 2231 2232 2233
f 2233 2234 106
f 2234 195 192
f 192 2236 2235
f 2234 109 106
f 2236 2184 2182
f 2235 2180 109
f 2233 2237 195
f 2232 2239 2237
f 2230 2240 2238
f 2240 2242 2238
f 2240 2228 2227
f 2227 2243 2241
f 2215 2213 2241
f 2243 2223 2221
f 2243 2217 2215
f 2212 2245 2244
f 2242 2239 2238
f 2242 2213 2212
f 2245 2248 2246
f 2244 2247 2239
f 193 2237 2239
f 2247 2194 2192
f 2192 194 193
f 2246 2196 2194
f 2248 2209 2201
f 2248 2198 2196
f 2245 2210 2209
f 2209 2202 2201
f 2137 201 200
f 2188 191 194
f 2236 192 191
f 2220 2161 2160
f 2090 2087 2086
f 2158 103 100
f 2020 2016 2015
f 1946 1938 2019
f 1862 2249 189
f 1855 187 2249
f 1855 2250 187
f 1853 2251 2250
f 2251 2253 2254
f 2254 188 2250
f 1852 2255 2252
f 2255 2257 2252
f 2255 1850 1849
f 1849 2258 2256
f 2258 1264 2256
f 2258 1847 1846
f 1846 2260 2259
f 2260 1269 2259
f 2260 1844 1843
f 1843 2262 2261
f 2262 1274 2261
f 2262 1841 1840
f 1840 2264 2263
f 2264 1279 2263
f 2264 1838 1837
f 1837 2266 2265
f 2266 1283 2265
f 2266 1835 1834
f 1834 2268 2267
f 2268 2270 2267
f 2268 1832 1831
f 1831 2271 2269
f 2272 2287 2269
f 2271 1829 2273
f 2271 2274 2272
f 2275 2286 2272
f 2273 2284 2276
f 2274 2277 2275
f 2278 2285 2275
f 2276 2283 2279
f 2277 2280 2278
f 2281 1301 2278
f 2279 1578 1576
f 2280 1575 2281
f 1306 1302 1301
f 2281 2282 1306
f 2283 1580 1578
f 2283 2284 72
f 72 71 1580
f 1301 1297 2285
f 2273 1829 1828
f 2284 69 72
f 2285 1293 2286
f 2286 1290 2287
f 2287 1287 2270
f 2267 1284 1283
f 2265 1280 1279
f 2263 1275 1274
f 2261 1270 1269
f 2259 1265 1264
f 2257 1260 2288
f 2288 2253 2252
f 2256 1264 1262
f 2288 1257 2289
f 2289 2290 2253
f 2290 2291 2292
f 2290 2293 2294
f 2294 2254 2253
f 2294 2295 2296
f 2296 188 2254
f 2293 2408 2297
f 2295 2298 6
f 6 5 2296
f 2297 2409 2299
f 2299 2301 2300
f 2298 8 6
f 2301 2304 2302
f 2300 2303 8
f 2304 1162 1160
f 2302 1158 2303
f 2304 2305 2306
f 2306 2307 1162
f 2307 2308 2309
f 2309 2310 1165
f 2307 1163 1162
f 2310 2311 2312
f 2312 2314 2313
f 2310 1166 1165
f 2314 2315 2316
f 2314 2317 2318
f 2318 1168 2313
f 2318 2319 2320
f 2320 1169 1168
f 2319 2322 2321
f 2320 1172 1169
f 2322 2324 2323
f 2321 1174 1172
f 2324 2326 2325
f 2323 1177 1174
f 2326 2329 2327
f 2325 2328 1177
f 2327 2330 2331
f 2331 1182 2328
f 2331 2332 2333
f 2333 1183 1182
f 2333 2334 2335
f 2335 1185 1183
f 2332 2436 2336
f 2334 2337 2338
f 2338 1190 2335
f 2339 1193 2338
f 2336 2439 2340
f 2337 2341 2339
f 2342 1196 2339
f 2340 2442 2343
f 2341 2344 2342
f 2345 1199 2342
f 2343 2443 2346
f 2344 2347 2345
f 2348 1202 2345
f 2346 2446 2349
f 2347 2350 2348
f 2351 1204 2348
f 2349 2449 2352
f 2350 2353 2351
f 2353 1206 2351
f 2353 2354 2355
f 2355 1211 1209
f 2355 2356 2357
f 2357 1214 1211
f 2357 2358 2359
f 2359 1216 1214
f 2358 2457 2360
f 2360 2361 1216
f 2361 1217 1216
f 2361 2362 2363
f 2363 2364 1220
f 2364 1221 1220
f 2364 2365 157
f 157 155 1223
f 2362 2366 2365
f 2366 2367 2368
f 2368 2370 2369
f 2366 156 2365
f 2370 2373 2371
f 2369 2372 156
f 2373 2467 2374
f 2371 2375 2372
f 2376 154 2372
f 2374 2471 2377
f 2375 2378 2376
f 2379 2533 2376
f 2377 2474 2380
f 2378 2381 2379
f 2382 2532 2379
f 2381 2383 2384
f 2381 2385 2382
f 1234 2531 2382
f 2384 2387 2386
f 2385 1235 1234
f 2387 2389 2388
f 2386 1237 1235
f 2389 2391 2390
f 2388 1239 1237
f 2390 2392 2393
f 2390 1242 1239
f 2393 2394 2395
f 2393 2396 1242
f 2395 2397 2398
f 2395 2399 2396
f 2400 1243 2396
f 2398 2410 2401
f 2399 2402 2400
f 2403 1245 2400
f 2401 2409 2404
f 2402 2405 2403
f 1249 1247 2403
f 2404 2408 2406
f 2405 2407 1249
f 2407 1250 1249
f 2407 2292 2291
f 2291 1255 1253
f 2408 2293 2292
f 2409 2297 2408
f 2410 2299 2409
f 2398 2397 2305
f 2410 2301 2299
f 2394 2411 2308
f 2397 2306 2305
f 2411 2392 2412
f 2412 2413 2311
f 2411 2309 2308
f 2413 2414 2415
f 2415 2416 2315
f 2413 2312 2311
f 2416 2417 2418
f 2418 2420 2419
f 2416 2316 2315
f 2419 2421 2422
f 2422 2317 2316
f 2422 2423 2424
f 2424 2319 2317
f 2423 2426 2425
f 2424 2322 2319
f 2426 2428 2427
f 2425 2324 2322
f 2428 2430 2429
f 2427 2326 2324
f 2430 2432 2431
f 2429 2329 2326
f 2431 2433 2434
f 2434 2330 2329
f 2434 2435 2436
f 2436 2332 2330
f 2433 2496 2437
f 2435 2438 2439
f 2439 2336 2436
f 2437 2499 2440
f 2438 2441 2442
f 2442 2340 2439
f 2443 2343 2442
f 2440 2502 2444
f 2441 2445 2443
f 2446 2346 2443
f 2444 2503 2447
f 2445 2448 2446
f 2449 2349 2446
f 2447 2506 2450
f 2448 2451 2449
f 2354 2352 2449
f 2450 2453 2452
f 2451 2356 2354
f 2453 2455 2454
f 2452 2358 2356
f 2455 2458 2456
f 2454 2457 2358
f 2458 139 2459
f 2456 2367 2457
f 139 138 2460
f 2459 2368 2367
f 138 2462 2461
f 2460 2370 2368
f 2462 2464 2463
f 2461 2373 2370
f 2463 2465 2466
f 2463 2467 2373
f 2466 2468 2469
f 2466 2470 2467
f 2471 2374 2467
f 2469 2525 2472
f 2470 2473 2471
f 2474 2377 2471
f 2473 2475 2476
f 2476 2477 2474
f 2477 2380 2474
f 2477 2478 2479
f 2479 2480 2383
f 2480 2384 2383
f 2480 2417 2481
f 2481 2389 2387
f 2481 2415 2414
f 2414 2391 2389
f 2479 2418 2417
f 2476 2475 2482
f 2478 2420 2418
f 2482 2483 2484
f 2484 2421 2420
f 2484 2485 2486
f 2486 2423 2421
f 2485 2488 2487
f 2486 2426 2423
f 2488 2490 2489
f 2487 2428 2426
f 2490 2492 2491
f 2489 2430 2428
f 2492 2494 2493
f 2491 2432 2430
f 2493 2495 2496
f 2496 2433 2432
f 2494 2528 2497
f 2495 2498 2499
f 2499 2437 2496
f 2497 132 2500
f 2498 2501 2502
f 2502 2440 2499
f 2503 2444 2502
f 2500 135 2504
f 2501 2505 2503
f 2506 2447 2503
f 2504 2511 2507
f 2505 2508 2506
f 2453 2450 2506
f 2507 2510 2509
f 2508 2455 2453
f 2510 141 140
f 2509 2458 2455
f 2510 2511 2512
f 2512 2513 141
f 2513 2514 2515
f 2515 2517 2516
f 2513 137 141
f 2516 138 137
f 2517 2464 2462
f 2517 2518 2519
f 2519 2465 2464
f 2519 2520 2521
f 2521 2468 2465
f 2521 2522 2523
f 2523 2524 2468
f 2524 2469 2468
f 2524 2488 2485
f 2485 2483 2525
f 2523 2490 2488
f 2520 2527 2526
f 2522 2492 2490
f 2527 2530 2528
f 2526 2494 2492
f 2527 2518 2529
f 2529 133 2530
f 2529 2515 2514
f 2514 134 133
f 2512 2511 134
f 2511 135 134
f 2528 2530 132
f 2483 2472 2525
f 2412 2392 2391
f 2531 1225 2532
f 1224 1223 155
f 2533 154 2376
f 2533 2532 1224
f 2362 2360 2457
f 2289 1257 1255
f 1823 1589 1588
f 1819 1593 1592
f 1815 1597 1596
f 1811 1601 1600
f 1807 1604 1603
f 1803 1608 1607
f 1617 1614 1612
f 1788 1618 1617
f 1785 1621 1620
f 1781 1624 1623
f 1777 1628 1627
f 2534 1631 1776
f 2535 1634 2534
f 1638 1636 2535
f 2536 1646 1762
f 1756 2537 2536
f 2538 1649 2536
f 2537 2539 2538
f 2540 1652 2538
f 2539 2541 2540
f 1660 1656 2540
f 2541 2542 1660
f 2542 1661 1660
f 1743 1741 1664
f 1741 1665 1664
f 2543 1668 1740
f 1732 1671 2543
f 1721 27 1648
f 1581 71 73
f 2282 1307 1306
f 1573 1572 1311
f 1572 1312 1311
f 1569 1318 1316
f 1568 1321 1318
f 1568 1323 1321
f 2544 1324 1323
f 2545 1327 2544
f 2545 2546 2547
f 2547 1328 1327
f 2547 209 213
f 213 1330 1328
f 2546 210 209
f 1542 2548 1546
f 1541 2549 1335
f 2548 1333 1332
f 1332 212 1546
f 2549 1537 1536
f 1536 2550 1339
f 2549 1336 1335
f 2550 1532 1531
f 1531 2551 1342
f 2550 1340 1339
f 2551 1527 1526
f 1526 2552 1345
f 2551 1343 1342
f 1526 1522 2553
f 2553 2554 1348
f 2552 1346 1345
f 2554 1519 2555
f 2555 2556 1351
f 2554 1349 1348
f 2556 1516 1515
f 1515 2557 1354
f 2556 1352 1351
f 2557 1512 1511
f 1511 2558 1358
f 2557 1355 1354
f 2558 1507 1506
f 1506 2560 2559
f 2558 1359 1358
f 2560 1502 1501
f 2560 2561 2562
f 2562 1362 2559
f 1501 1497 2563
f 2561 2564 2565
f 2565 1365 2562
f 2563 1494 2566
f 2564 2567 2568
f 2568 1368 2565
f 2566 1492 2569
f 2567 1375 1372
f 1372 1370 2568
f 1642 28 1496
f 2569 2570 1375
f 1491 2571 2570
f 1488 1485 2572
f 2571 2573 2574
f 2574 1376 2570
f 2572 1482 2575
f 2573 2576 2577
f 2577 1378 2574
f 2577 2578 2579
f 2579 1379 1378
f 2578 2581 2580
f 2579 1383 1379
f 2581 2583 2582
f 2580 1388 1383
f 2583 2586 1394
f 2582 1389 1388
f 2583 2584 2585
f 2585 2587 2586
f 2587 2588 2589
f 2587 2590 2591
f 2591 1395 2586
f 2589 2659 2592
f 2590 2593 2594
f 2594 1397 2591
f 2592 2657 2595
f 2593 2596 2597
f 2597 1399 2594
f 2597 2598 2599
f 2599 1400 1399
f 2598 2601 2600
f 2599 1403 1400
f 2601 2602 1407
f 2600 1405 1403
f 2602 2603 2604
f 2604 2605 1410
f 2602 1408 1407
f 2605 2606 2607
f 2607 2608 1414
f 2605 1411 1410
f 2608 2609 2610
f 2610 2611 1418
f 2608 1415 1414
f 2611 2612 2613
f 2613 2615 2614
f 2611 1419 1418
f 2615 2616 2617
f 2617 117 2618
f 2615 1422 2614
f 2616 2620 2621
f 2621 118 2617
f 2613 2612 2619
f 2621 2622 2623
f 2623 119 118
f 2623 2624 2625
f 2625 2626 119
f 2626 2627 2628
f 2628 1429 2629
f 2626 120 119
f 2625 2624 152
f 2627 150 2630
f 2630 1432 2628
f 2624 151 152
f 2622 2632 2631
f 2632 2634 2631
f 2632 2620 2635
f 2635 2636 2633
f 2636 2638 2633
f 2636 2639 2640
f 2640 2641 2637
f 2641 2643 2637
f 2641 2644 2645
f 2645 2646 2642
f 2646 1456 2642
f 2646 2648 2649
f 2646 2650 2647
f 2651 1457 2647
f 2649 2667 2652
f 2650 2653 2651
f 2654 1460 2651
f 2652 2666 2655
f 2653 2656 2654
f 1465 1462 2654
f 2655 2595 2657
f 2656 2658 1465
f 2658 1466 1465
f 2657 2592 2659
f 2659 2660 1469
f 2660 1470 1469
f 2660 2589 2588
f 2588 2662 2661
f 2662 1473 2661
f 2662 2585 2584
f 2584 2664 2663
f 2665 1476 2663
f 2664 2581 2578
f 2664 2576 2665
f 2666 2596 2595
f 2666 2667 2668
f 2668 2598 2596
f 2667 2669 2603
f 2668 2601 2598
f 2669 2649 2648
f 2648 2670 2606
f 2669 2604 2603
f 2670 2645 2644
f 2644 2671 2609
f 2670 2607 2606
f 2671 2640 2639
f 2639 2619 2612
f 2671 2610 2609
f 1453 1450 2672
f 2672 2638 2637
f 2642 1456 1453
f 2635 2620 2619
f 2638 1447 1446
f 1446 2634 2633
f 2634 1445 2673
f 2673 151 2631
f 2575 1479 2665
f 1442 149 2673
f 1442 2674 149
f 2630 150 2674
f 2629 2675 120
f 2618 117 2675
f 1330 213 212
f 1232 1227 2531
f 1229 1213 145
f 1231 819 1208
f 1156 7 2303
f 1156 1935 7
f 1109 166 1879
f 1109 2676 166
f 1761 164 2676
f 1043 1040 1698
f 1035 1019 1018
f 1032 645 2677
f 1033 2678 1021
f 2677 641 2679
f 2678 2680 1017
f 2679 638 2681
f 2680 1013 1012
f 2681 635 2682
f 2682 1008 1007
f 1008 632 631
f 631 1003 1002
f 1003 628 627
f 627 998 997
f 998 623 622
f 622 993 992
f 993 618 617
f 617 988 987
f 988 613 612
f 612 983 982
f 983 610 2683
f 2683 978 977
f 2683 608 2684
f 2684 2686 978
f 2684 605 2685
f 2685 34 2686
f 2685 603 2687
f 2685 2688 34
f 2687 601 2689
f 2687 2690 2688
f 2691 35 2688
f 2689 598 2692
f 2690 2693 2691
f 2694 2786 2691
f 2692 2805 2695
f 2693 2696 2694
f 2696 2698 2694
f 2695 2804 2699
f 2699 2700 2697
f 2700 2702 2697
f 2700 2703 2704
f 2704 2705 2701
f 2705 2707 2701
f 2705 588 2708
f 2708 2709 2706
f 2710 2775 2706
f 2709 2711 2712
f 2709 2713 2710
f 2714 2772 2710
f 2712 2801 2715
f 2713 2716 2714
f 2717 2769 2714
f 2715 504 2718
f 2716 2719 2717
f 2720 2729 2717
f 2718 502 2721
f 2719 2722 2720
f 2723 2725 2720
f 2721 497 496
f 2722 2724 2723
f 2725 2727 2728
f 2725 2729 2720
f 2723 2730 2726
f 2730 2732 2726
f 2730 2724 2733
f 2733 2734 2731
f 2734 2736 2731
f 2734 2737 2738
f 2738 2739 2735
f 2739 2741 2735
f 2739 2742 2743
f 2743 2744 2740
f 2744 2746 2740
f 2744 2747 2748
f 2748 44 2745
f 2743 2742 2749
f 2747 365 364
f 364 42 2748
f 2742 493 489
f 2749 492 365
f 2746 2751 2752
f 2752 2741 2740
f 2745 2753 2750
f 2753 347 2750
f 2753 44 41
f 41 350 348
f 2752 335 2754
f 2754 2755 2741
f 2755 330 2756
f 2756 2757 2736
f 2755 2735 2741
f 2757 2758 2759
f 2759 2760 2732
f 2757 2731 2736
f 2760 322 2761
f 2761 2762 2727
f 2760 2726 2732
f 2762 318 2763
f 2763 2765 2764
f 2762 2728 2727
f 2764 2766 2767
f 2767 2729 2728
f 2767 2768 2769
f 2769 2717 2729
f 2766 2799 2770
f 2768 2771 2772
f 2772 2714 2769
f 2770 2797 2773
f 2771 2774 2775
f 2775 2710 2772
f 2773 2795 2776
f 2776 2777 2707
f 2707 2706 2775
f 2777 2778 2779
f 2779 2780 2702
f 2777 2701 2707
f 2780 2781 2782
f 2782 2783 2698
f 2780 2697 2702
f 2783 2784 2785
f 2785 36 2786
f 2783 2694 2698
f 2785 2787 2788
f 2788 32 36
f 2787 286 285
f 285 177 2788
f 2784 2789 289
f 2789 290 289
f 2789 2782 2781
f 2789 2791 2790
f 2792 293 2790
f 2791 2779 2778
f 2791 2793 2792
f 2794 296 2792
f 2778 2776 2795
f 2793 2796 2794
f 304 300 2794
f 2795 2773 2797
f 2796 2798 304
f 309 305 304
f 2797 2770 2799
f 2798 2800 309
f 2800 310 309
f 2799 2766 2765
f 2765 2763 314
f 2763 315 314
f 2761 319 318
f 2759 323 322
f 2756 326 2758
f 2754 331 330
f 2751 336 335
f 2750 347 340
f 2738 2737 493
f 2724 494 2737
f 2801 505 504
f 2712 2711 2802
f 2801 508 505
f 2711 585 584
f 2802 2803 508
f 2708 588 585
f 2704 589 588
f 2804 591 2703
f 2805 594 2804
f 2786 35 2691
f 598 596 2805
f 2689 599 598
f 2686 38 974
f 964 273 272
f 272 960 959
f 963 179 276
f 1724 950 82
f 960 268 267
f 267 2806 956
f 2806 263 2807
f 2806 2808 952
f 2808 2838 2809
f 953 2810 954
f 2809 2837 2811
f 2810 2812 2813
f 2813 943 954
f 2811 2836 2814
f 2814 2816 2815
f 2812 940 2813
f 2814 2835 2817
f 2816 2818 2819
f 2819 937 2815
f 2817 2834 2820
f 2818 2821 2822
f 2822 934 2819
f 2820 2833 2823
f 2821 2824 2825
f 2825 931 2822
f 2823 2832 2826
f 2824 2827 2828
f 2828 928 2825
f 2827 237 2829
f 2827 2830 2831
f 2831 924 2828
f 2829 234 233
f 233 111 2830
f 2832 238 237
f 2833 241 2832
f 2834 244 2833
f 2835 247 2834
f 2836 250 2835
f 2837 253 2836
f 2838 256 2837
f 2807 259 2838
f 2831 113 921
f 1252 183 182
f 1030 664 217
f 513 509 2803
f 566 174 562
f 557 173 742
f 487 366 492
f 52 479 478
f 461 379 378
f 456 383 460
f 551 2839 428
f 15 11 2840
f 2839 426 425
f 362 43 42
f 420 79 295
f 866 78 863
f 281 178 177
f 277 179 178
f 232 112 111
f 2841 607 97

