# https://github.com/mikedh/trimesh

o Stage1_3Dcross_NEW_Rescaled_6.stl
v -0.02266708 0.02269048 -0.02258143
v -0.02383420 0.02418316 -0.02129086
v -0.02284262 0.02549322 -0.02230746
v -0.02362741 0.02150738 -0.02397541
v -0.02628659 0.02286358 -0.02226427
v -0.02162460 0.02384453 -0.02352849
v -0.02264682 0.02250982 -0.02530377
v 0.02273123 0.02293243 0.02251520
v 0.02502115 0.02105450 0.02403729
v 0.02413797 0.02473101 0.02096794
v 0.02068265 0.02533379 0.02439406
v 0.02222061 0.02291582 0.02667303
v 0.02260709 0.02263213 -0.02262895
v 0.02356644 0.02383013 -0.02157610
v 0.02523490 0.02259991 -0.02253923
v 0.02367020 0.02147857 -0.02364585
v 0.02256778 0.02258306 -0.02524883
v 0.02148404 0.02364849 -0.02367432
v 0.02258096 0.02527959 -0.02257944
v -0.00914609 0.04797759 0.02085300
v -0.01122519 0.04797759 0.02432125
v -0.00680368 0.04797759 0.02602619
v -0.00607162 0.04797759 0.02109874
v -0.00737594 0.04797759 0.01721534
v -0.01133420 0.04797759 0.01856716
v -0.02062997 0.01186187 0.04801267
v -0.02364828 0.01373785 0.04801267
v -0.02548837 0.00939800 0.04801267
v -0.02125644 0.00855743 0.04801267
v -0.01760214 0.00937481 0.04801267
v -0.01811069 0.01347100 0.04801267
v -0.02100790 0.01730547 0.04801267
v -0.02372885 0.02850909 0.02135169
v -0.01915780 0.02925469 0.02556600
v -0.01959640 0.03093438 0.02521405
v -0.02168625 0.02528374 0.02346112
v -0.02385727 0.03061577 0.02124460
v -0.02853927 0.03096099 0.01434869
v -0.02571530 0.02687749 0.01897626
v -0.02358652 0.02380547 0.02159051
v -0.04800448 0.01587530 0.00339967
v -0.04800448 0.01412432 0.00525643
v -0.04800448 0.01724370 0.00723110
v -0.04800448 0.01493487 0.00127618
v -0.04800448 0.01857012 0.00393265
v -0.04800448 0.01864556 0.00055572
v -0.04800448 -0.01692133 -0.00364207
v -0.04800448 -0.01508442 -0.00577986
v -0.04800448 -0.01932685 -0.00852235
v -0.04800448 -0.01590302 -0.00115072
v -0.04800448 -0.01242426 -0.00312999
v -0.04800448 -0.02076142 -0.00455853
v -0.04800448 -0.02118110 -0.00046045
v 0.00750223 -0.01942890 -0.04798733
v 0.00914859 -0.01719624 -0.04798733
v 0.01181680 -0.02005097 -0.04798733
v 0.00517569 -0.01904536 -0.04798733
v 0.00644144 -0.01533027 -0.04798733
v 0.00861685 -0.02206269 -0.04798733
v 0.00529386 -0.02291767 -0.04798733
v 0.02772037 -0.02233857 -0.02280060
v 0.03035050 -0.02220503 -0.02294142
v 0.03095499 -0.02646455 -0.01786644
v 0.03015140 -0.01640717 -0.02741176
v 0.02551370 -0.02033320 -0.02466780
v 0.02281815 -0.02621699 -0.02233229
v 0.02909805 -0.02685981 -0.01728151
v -0.02282919 0.02228545 -0.02928212
v -0.01761764 0.02659844 -0.03090488
v -0.02291098 0.02224224 -0.03161474
v -0.02085946 0.02416241 -0.02684551
v -0.02718429 0.01673589 -0.03129967
v -0.02461313 0.02029644 -0.02729685
v -0.02344089 0.02953008 -0.02164870
v -0.02369064 0.03192242 -0.02141929
v -0.01856308 0.03259600 -0.02596150
v -0.02864267 0.03223785 -0.01411853
v -0.02102463 0.02695415 -0.02402127
v -0.01801413 0.03078179 -0.02634551
v 0.02772598 0.02227813 0.02284164
v 0.03027054 0.02190850 0.02319924
v 0.03057266 0.02498662 0.01983929
v 0.02970401 0.01738409 0.02677841
v 0.02861588 0.02544805 0.01926982
v 0.02196866 0.02795122 0.02314236
v 0.02540543 0.02879400 0.01935013
v 0.02495450 0.03064898 0.01990474
v 0.02156986 0.03041509 0.02354322
v 0.01602933 0.03029668 0.02763498
v 0.02764603 -0.02253339 0.02263976
v 0.02924783 -0.02706098 0.01700234
v 0.03028922 -0.02253657 0.02265951
v 0.02995169 -0.01686323 0.02714860
v 0.02256973 -0.02647602 0.02261180
v 0.02713809 -0.02833686 0.01687587
v 0.02524173 -0.02059809 0.02449395
v 0.02916702 0.02267730 -0.02242265
v 0.03156595 0.02277788 -0.02236046
v 0.03080094 0.01780474 -0.02646663
v 0.03104654 0.02682793 -0.01725839
v 0.02687674 0.02437286 -0.02059429
v 0.02685831 0.02081304 -0.02418280
v 0.02242703 0.02268511 -0.02918504
v 0.02650406 0.01776079 -0.03084589
v 0.02240018 0.02275152 -0.03158155
v 0.02419339 0.02081255 -0.02685653
v 0.01706864 0.02695928 -0.03111061
v 0.02060855 0.02436773 -0.02692646
v 0.02254263 0.02922735 -0.02258880
v 0.02257413 0.03159991 -0.02260023
v 0.02678397 0.03103033 -0.01734900
v 0.01713358 0.03111651 -0.02692552
v 0.02063358 0.02693877 -0.02435676
v 0.02434305 0.02693413 -0.02065236
v 0.04799552 -0.00332856 -0.02391237
v 0.04799552 -0.00591230 -0.02237317
v 0.04799552 -0.00390424 -0.02709635
v 0.04799552 -0.00051167 -0.02297499
v 0.04799552 -0.00285883 -0.01992210
v 0.04799552 0.00084429 -0.02716751
v 0.02045596 0.00305181 -0.04798733
v 0.01874869 0.00542974 -0.04798733
v 0.02324075 0.00374151 -0.04798733
v 0.02346207 -0.00034956 -0.04798733
v 0.01974845 0.00048492 -0.04798733
v 0.01680411 0.00276714 -0.04798733
v -0.00734848 -0.01403022 0.04801267
v -0.00511117 -0.01378632 0.04801267
v -0.00854294 -0.01180854 0.04801267
v -0.00873825 -0.01666401 0.04801267
v -0.00552646 -0.01791645 0.04801267
v -0.01154916 -0.01433637 0.04801267
v 0.02064652 0.00297271 0.04801267
v 0.01922305 0.00524029 0.04801267
v 0.01732706 0.00228130 0.04801267
v 0.02355460 0.00300982 0.04801267
v 0.02261197 0.00705840 0.04801267
v 0.01988870 0.00012017 0.04801267
v -0.00738949 -0.04802241 0.02479607
v -0.00993393 -0.04802241 0.02263205
v -0.00625094 -0.04802241 0.02070348
v -0.00421078 -0.04802241 0.02430434
v -0.00357529 -0.04802241 0.02779177
v -0.00810458 -0.04802241 0.02733879
v 0.04799552 -0.00069868 0.02541192
v 0.04799552 -0.00352754 0.02409513
v 0.04799552 -0.00067744 0.02149277
v 0.04799552 0.00218072 0.02416895
v 0.04799552 -0.00062397 0.02803965
v 0.00645462 -0.00029829 0.04801267
v 0.00732437 0.00195757 0.04801267
v 0.00507620 0.00285235 0.04801267
v 0.00471866 -0.00048823 0.04801267
v 0.00571500 -0.00360102 0.04801267
v 0.00773514 -0.00218525 0.04801267
v 0.00957999 0.00025078 0.04801267
v 0.04799552 -0.00924165 -0.00300711
v 0.04799552 -0.00751508 -0.00476063
v 0.04799552 -0.00821455 -0.00089438
v 0.04799552 -0.01249433 -0.00324357
v 0.04799552 -0.01116401 -0.00651663
v 0.04799552 -0.01244062 0.00029169
v -0.02532297 -0.00481391 -0.04798733
v -0.02467770 -0.00195112 -0.04798733
v -0.02170614 -0.00389643 -0.04798733
v -0.02368405 -0.00708100 -0.04798733
v -0.02777048 -0.00524604 -0.04798733
v -0.00407406 0.00956206 -0.04798733
v -0.00195102 0.00896001 -0.04798733
v -0.00339023 0.00595660 -0.04798733
v -0.00568014 0.00779546 -0.04798733
v -0.00811337 0.01083868 -0.04798733
v -0.00505697 0.01250811 -0.04798733
v -0.00176901 0.01322222 -0.04798733
v -0.02327914 0.02185772 0.02676888
v -0.01878195 0.02585064 0.02782043
v -0.02365365 0.02145879 0.02924420
v -0.01935507 0.02539654 0.02974661
v -0.02801596 0.01537261 0.02995215
v -0.02350302 -0.02166840 0.02628303
v -0.02627926 -0.01992182 0.02501995
v -0.02569821 -0.02418696 0.02094803
v -0.02303000 -0.02620527 0.02214900
v -0.01826217 -0.02627729 0.02751523
v -0.01890060 -0.02579463 0.02899510
v -0.02315182 -0.02892402 0.02201319
v -0.01829574 -0.02804072 0.02623386
v -0.02740951 -0.02891108 0.01646305
v 0.02265653 -0.02884565 -0.02249930
v 0.01752847 -0.02883515 -0.02669981
v 0.02114871 -0.02398750 -0.02446389
v 0.02707633 -0.02824214 -0.01694958
v -0.02890292 0.02308428 -0.02202994
v -0.02842343 0.02639239 -0.01799023
v -0.02643027 0.02674590 -0.01800139
v -0.02761862 0.01949493 -0.02527689
v 0.02661588 0.01766436 0.02848223
v 0.02200199 0.02312139 0.02907878
v 0.02617142 0.01829253 0.03019372
v 0.01595120 0.02768804 0.02931759
v 0.02221439 -0.02904707 0.02295257
v 0.02676029 -0.03009443 0.01745896
v 0.02066702 -0.02456269 0.02442802
v 0.01613162 -0.02956049 0.02761309
v -0.02652133 -0.02217573 -0.02299644
v -0.02909567 -0.02196064 -0.02319805
v -0.02948910 -0.01596821 -0.02769736
v -0.02473630 -0.02027998 -0.02528859
v -0.02108163 -0.02404853 -0.02510629
v -0.02255380 -0.02623457 -0.02261088
v -0.02824789 -0.02672212 -0.01755010
v -0.03005844 -0.02632490 -0.01811706
v -0.02254623 -0.02886152 -0.02261901
v -0.02677035 -0.02826191 -0.01744688
v -0.01751449 -0.02875410 -0.02671472
v -0.00008212 0.04797759 -0.01614815
v -0.00219125 0.04797759 -0.01458713
v 0.00064981 0.04797759 -0.01289705
v 0.00247501 0.04797759 -0.01546324
v 0.00356339 0.04797759 -0.01938329
v -0.00080209 0.04797759 -0.01922206
v -0.00914682 -0.04802241 0.00004621
v -0.00795480 -0.04802241 0.00201670
v -0.01175302 -0.04802241 0.00299399
v -0.01218307 -0.04802241 -0.00010805
v -0.01154623 -0.04802241 -0.00287041
v -0.00773471 -0.04802241 -0.00151426
v 0.00985977 -0.04802241 -0.00183155
v 0.00883988 -0.04802241 0.00014632
v 0.00616763 -0.04802241 -0.00203734
v 0.01321646 -0.04802241 -0.00195220
v 0.01314823 -0.04802241 0.00154934
v 0.00837479 -0.04802241 -0.00383380
v 0.01225638 -0.04802241 -0.00542153
v 0.00071036 -0.04802241 -0.02465732
v 0.00090433 -0.04802241 -0.02762946
v 0.00345987 -0.04802241 -0.02346844
v 0.00091519 -0.04802241 -0.02099719
v -0.00179404 -0.04802241 -0.02354863
v -0.00325717 -0.04802241 -0.02731595
v 0.04799552 0.01795147 0.00574042
v 0.04799552 0.01709136 0.00306608
v 0.04799552 0.02141558 0.00605467
v 0.04799552 0.02007256 0.00952189
v 0.04799552 0.01610161 0.00753364
v 0.04799552 0.01375591 0.00467893
v -0.04800448 0.00638677 -0.02366210
v -0.04800448 0.00292535 -0.02319300
v -0.04800448 0.00487627 -0.02000923
v -0.04800448 0.00692437 -0.02667152
v -0.04800448 0.00857378 -0.02196314
v -0.04800448 0.01088433 -0.02531005
v 0.00681095 0.04797759 -0.00722708
v 0.00682291 0.04797759 -0.00546595
v 0.00998868 0.04797759 -0.00635242
v 0.00874576 0.04797759 -0.00853388
v 0.00645975 0.04797759 -0.01044855
v 0.00449271 0.04797759 -0.00799351
v -0.04800448 0.00336626 0.02425986
v -0.04800448 0.00373345 0.02729045
v -0.04800448 0.00579766 0.02279752
v -0.04800448 0.00065020 0.02335373
v -0.04800448 0.00287945 0.02039132
v 0.01442056 0.04797759 0.00875999
v 0.01211221 0.04797759 0.00955345
v 0.01444205 0.04797759 0.01251701
v 0.01447904 0.04797759 0.00652462
v 0.01675028 0.04797759 0.01018170
v 0.01809696 0.04797759 0.00725536
v 0.01982254 0.04797759 0.01215478
v 0.02166812 0.04797759 0.00850066
v 0.01870889 0.04797759 0.00406287
v 0.01462747 0.04797759 0.00375741
v 0.01471695 0.04797759 0.00082197
v 0.01061588 0.04797759 0.00113601
v 0.01068839 0.04797759 0.00387483
v 0.00662259 0.04797759 0.00145673
v 0.00692716 0.04797759 0.00422070
v 0.00770084 0.04797759 0.00725092
v 0.00422696 0.04797759 0.00802637
v 0.00596012 0.04797759 0.01172049
v 0.00922635 0.04797759 0.01067772
v 0.01102738 0.04797759 0.00667802
v 0.00815421 0.04797759 0.01567674
v 0.01158243 0.04797759 0.01426766
v 0.01049454 0.04797759 0.01967017
v 0.01422000 0.04797759 0.01767457
v 0.01730142 0.04797759 0.01523869
v 0.01709488 0.04797759 0.02111901
v 0.02052579 0.04797759 0.01806886
v 0.02338541 0.04797759 0.01439372
v 0.02401419 0.04797759 0.02110501
v 0.02720914 0.04797759 0.01677897
v 0.02974783 0.04797759 0.01173232
v 0.02557730 0.04797759 0.01004491
v 0.03139884 0.04797759 0.00613281
v 0.02691629 0.04797759 0.00530398
v 0.02739749 0.04797759 0.00031882
v 0.02313907 0.04797759 0.00043894
v 0.02282681 0.04797759 -0.00387665
v 0.01870255 0.04797759 -0.00300026
v 0.01893228 0.04797759 0.00060732
v 0.02275528 0.04797759 0.00457542
v 0.01789371 0.04797759 -0.00659928
v 0.01410489 0.04797759 -0.00515486
v 0.01459610 0.04797759 -0.00218525
v 0.01041275 0.04797759 -0.00404098
v 0.01056778 0.04797759 -0.00151299
v 0.00664884 0.04797759 -0.00338975
v 0.00656546 0.04797759 -0.00108863
v 0.00264310 0.04797759 -0.00352574
v 0.00241544 0.04797759 -0.00100790
v 0.00255496 0.04797759 0.00174185
v -0.00156064 0.04797759 0.00190494
v -0.00077914 0.04797759 0.00518573
v 0.00310636 0.04797759 0.00471988
v -0.00492538 0.04797759 0.00552374
v -0.00340890 0.04797759 0.00918019
v 0.00055948 0.04797759 0.00869403
v -0.00155307 0.04797759 0.01295846
v 0.00232132 0.04797759 0.01246911
v 0.00037393 0.04797759 0.01708232
v 0.00436417 0.04797759 0.01663872
v 0.00205606 0.04797759 0.02178910
v 0.00643350 0.04797759 0.02100571
v 0.00323819 0.04797759 0.02666583
v 0.00833975 0.04797759 0.02554616
v 0.01300601 0.04797759 0.02366687
v 0.01013150 0.04797759 0.03033174
v 0.01557059 0.04797759 0.02794024
v 0.02024100 0.04797759 0.02478976
v 0.01586514 0.04389410 0.02773802
v 0.02048367 0.04374712 0.02452545
v 0.02405240 0.04372881 0.02101563
v 0.02070181 0.03995855 0.02432784
v 0.02413980 0.03994488 0.02090811
v 0.02721573 0.04022393 0.01673013
v 0.02717386 0.04382964 0.01680477
v 0.02972281 0.04062969 0.01165324
v 0.02970572 0.04396538 0.01174652
v 0.03135477 0.04103033 0.00600447
v 0.03134586 0.04408819 0.00609345
v 0.03193900 0.04414361 0.00003737
v 0.03198917 0.04797759 0.00014137
v 0.03195487 0.04119561 -0.00003453
v 0.03132804 0.04407183 -0.00619465
v 0.03141080 0.04797759 -0.00602669
v 0.02963480 0.04797759 -0.01202305
v 0.02550980 0.04797759 -0.01003684
v 0.02695120 0.04797759 -0.00486580
v 0.02309915 0.04797759 -0.01487117
v 0.01970755 0.04797759 -0.01242024
v 0.02169144 0.04797759 -0.00825166
v 0.01708817 0.04797759 -0.01621917
v 0.01401431 0.04797759 -0.01330633
v 0.01632889 0.04797759 -0.01008485
v 0.01118192 0.04797759 -0.01074779
v 0.01304019 0.04797759 -0.00796902
v 0.01101358 0.04797759 -0.01607774
v 0.00865470 0.04797759 -0.01308121
v 0.00752274 0.04797759 -0.01819014
v 0.00565738 0.04797759 -0.01466555
v 0.00359793 0.04797759 -0.01171569
v 0.00147586 0.04797759 -0.00923795
v -0.00167660 0.04797759 -0.01070463
v -0.00032333 0.04797759 -0.00672775
v 0.00329386 0.04797759 -0.00581010
v -0.00395639 0.04797759 -0.00809151
v -0.00140707 0.04797759 -0.00410504
v -0.00553842 0.04797759 -0.00505814
v -0.00617001 0.04797759 -0.00165512
v -0.00179355 0.04797759 -0.00120452
v -0.01084347 0.04797759 -0.00239124
v -0.01057113 0.04797759 0.00177244
v -0.00590878 0.04797759 0.00188437
v -0.01570761 0.04797759 0.00161991
v -0.01446591 0.04797759 0.00624661
v -0.00939633 0.04797759 0.00581278
v -0.01239206 0.04797759 0.01033328
v -0.00759164 0.04797759 0.00961923
v -0.00978354 0.04797759 0.01394118
v -0.00559457 0.04797759 0.01333002
v -0.00366977 0.04797759 0.01709398
v -0.00224252 0.04797759 0.02183862
v -0.00189328 0.04797759 0.02683713
v -0.00215951 0.04797759 0.03190680
v 0.00409085 0.04797759 0.03171636
v 0.00409488 0.04416289 0.03168511
v 0.01029630 0.04405205 0.03024899
v 0.00404593 0.04119292 0.03170834
v 0.01036453 0.04080303 0.03022930
v 0.01607169 0.04031988 0.02762074
v 0.01033951 0.03844927 0.03021935
v 0.01617545 0.03748687 0.02754046
v 0.02088870 0.03676958 0.02416850
v 0.02427542 0.03680450 0.02074621
v 0.01623734 0.03554278 0.02750115
v 0.02105155 0.03444170 0.02403234
v 0.02445828 0.03462066 0.02053885
v 0.02127591 0.03247784 0.02383472
v 0.02464456 0.03272466 0.02030318
v 0.02756424 0.03375078 0.01610203
v 0.02743057 0.03552251 0.01634379
v 0.02731265 0.03743267 0.01652285
v 0.02985819 0.03650835 0.01131246
v 0.02976114 0.03820586 0.01148453
v 0.03138956 0.03725347 0.00579450
v 0.03136649 0.03882574 0.00589331
v 0.03195963 0.03752349 -0.00007071
v 0.03194974 0.03914019 -0.00006046
v 0.03131143 0.03877202 -0.00621258
v 0.03131387 0.04095733 -0.00625171
v 0.03133011 0.03718926 -0.00614034
v 0.02942801 0.03801690 -0.01230526
v 0.02943082 0.04047857 -0.01236147
v 0.02642093 0.03996929 -0.01793992
v 0.02652469 0.04373492 -0.01778980
v 0.02948526 0.04392217 -0.01226942
v 0.02273721 0.04361285 -0.02242010
v 0.02288101 0.04797759 -0.02233006
v 0.02673844 0.04797759 -0.01753897
v 0.01801724 0.04797759 -0.02641373
v 0.01578421 0.04797759 -0.02295210
v 0.01999307 0.04797759 -0.01923408
v 0.01050919 0.04797759 -0.02574563
v 0.00915372 0.04797759 -0.02192029
v 0.01347476 0.04797759 -0.01944740
v 0.00400284 0.04797759 -0.02323978
v 0.00429398 0.04797759 -0.02730262
v -0.00165793 0.04797759 -0.02316146
v -0.00244601 0.04797759 -0.02721037
v -0.00719028 0.04797759 -0.02181051
v -0.00504220 0.04797759 -0.01807384
v -0.00924130 0.04797759 -0.02589620
v -0.01230893 0.04797759 -0.01925947
v -0.00897873 0.04797759 -0.01586911
v -0.01220297 0.04797759 -0.01243925
v -0.00785190 0.04797759 -0.00991401
v -0.00507919 0.04797759 -0.01265053
v -0.00993539 0.04797759 -0.00642636
v -0.01455404 0.04797759 -0.00818504
v -0.01631137 0.04797759 -0.01518764
v -0.01944504 0.04797759 -0.01024393
v -0.02088400 0.04797759 -0.00441710
v -0.01582504 0.04797759 -0.00333571
v -0.02585214 0.04797759 -0.00559111
v -0.02632089 0.04797759 0.00140045
v -0.02105832 0.04797759 0.00148307
v -0.02514071 0.04797759 0.00798994
v -0.01987851 0.04797759 0.00701662
v -0.02265378 0.04797759 0.01370124
v -0.01765500 0.04797759 0.01176589
v -0.01927206 0.04797759 0.01832455
v -0.01468185 0.04797759 0.01565396
v -0.01540402 0.04797759 0.02181970
v -0.02370993 0.04797759 0.02145060
v -0.01920419 0.04797759 0.02556542
v -0.01403537 0.04797759 0.02873252
v -0.01954159 0.04374419 0.02529138
v -0.01444064 0.04391143 0.02851282
v -0.00860898 0.04408062 0.03077133
v -0.01467978 0.04040948 0.02837386
v -0.00877121 0.04090411 0.03071259
v -0.00243857 0.04125078 0.03186862
v -0.00881601 0.03858892 0.03068147
v -0.00250461 0.03913921 0.03185387
v 0.00396329 0.03902300 0.03171867
v -0.00254367 0.03761407 0.03186724
v 0.00387625 0.03750225 0.03173721
v 0.01024845 0.03678570 0.03025962
v 0.00376505 0.03605254 0.03174047
v 0.01010623 0.03522515 0.03030972
v 0.01624600 0.03375225 0.02748236
v 0.00364200 0.03466143 0.03176879
v 0.00993216 0.03373199 0.03037448
v 0.00349783 0.03333672 0.03180030
v 0.00969901 0.03227837 0.03046752
v 0.01620084 0.03193438 0.02750656
v 0.00937674 0.03090142 0.03057860
v 0.00334134 0.03206353 0.03183176
v 0.00955692 0.03048882 0.03172450
v 0.01553543 0.02847637 0.02796374
v 0.00336063 0.03178667 0.03287811
v 0.00983743 0.03038262 0.03331175
v 0.01628580 0.02747051 0.03113120
v 0.00341825 0.03176202 0.03435182
v 0.01002164 0.03030035 0.03486231
v 0.01645267 0.02736822 0.03302249
v 0.02185074 0.02329229 0.03135754
v 0.01653983 0.02731573 0.03500791
v 0.02170987 0.02340411 0.03365769
v 0.02565347 0.01901910 0.03429180
v 0.02157559 0.02351324 0.03612777
v 0.02547305 0.01922076 0.03656994
v 0.02871878 0.01391045 0.03765804
v 0.02889066 0.01360381 0.03575579
v 0.02531180 0.01942705 0.03957654
v 0.02857120 0.01423247 0.04021379
v 0.03082584 0.00828448 0.04077233
v 0.02519864 0.01955327 0.04348794
v 0.02845084 0.01446612 0.04375401
v 0.03073746 0.00862139 0.04400839
v 0.03185953 0.00226494 0.04415363
v 0.03070865 0.00890313 0.04801267
v 0.03186527 0.00262847 0.04801267
v 0.03173526 -0.00387519 0.04801267
v 0.02750076 0.00274517 0.04801267
v 0.02743179 -0.00280512 0.04801267
v 0.02619473 -0.00819038 0.04801267
v 0.02355521 -0.00157710 0.04801267
v 0.02247281 -0.00612544 0.04801267
v 0.02050003 -0.01035298 0.04801267
v 0.01892093 -0.00374360 0.04801267
v 0.01723429 -0.00744648 0.04801267
v 0.01484061 -0.01070307 0.04801267
v 0.01424381 -0.00446967 0.04801267
v 0.01205228 -0.00730512 0.04801267
v 0.00955167 -0.00965083 0.04801267
v 0.00973917 -0.00443940 0.04801267
v 0.00738260 -0.00629096 0.04801267
v 0.00492862 -0.00758051 0.04801267
v 0.00358450 -0.00420332 0.04801267
v 0.00114859 -0.00468281 0.04801267
v 0.00228458 -0.00839912 0.04801267
v 0.00272452 -0.00059638 0.04801267
v 0.00038834 -0.00080976 0.04801267
v 0.00008170 0.00318413 0.04801267
v -0.00278634 0.00264263 0.04801267
v -0.00223764 -0.00133051 0.04801267
v -0.00141940 -0.00521381 0.04801267
v -0.00515475 -0.00226362 0.04801267
v -0.00416855 -0.00596772 0.04801267
v -0.00316659 -0.00957246 0.04801267
v -0.00041159 -0.00899287 0.04801267
v -0.00240341 -0.01358711 0.04801267
v 0.00059256 -0.01315669 0.04801267
v 0.00367154 -0.01249458 0.04801267
v 0.00148013 -0.01766767 0.04801267
v 0.00507425 -0.01686665 0.04801267
v 0.00666458 -0.01141108 0.04801267
v 0.00864737 -0.01545625 0.04801267
v 0.00657364 -0.02130830 0.04801267
v 0.01075980 -0.01955659 0.04801267
v 0.01456790 -0.01724165 0.04801267
v 0.01194376 -0.01346333 0.04801267
v 0.01311514 -0.02368403 0.04801267
v 0.01738956 -0.02098652 0.04801267
v 0.02096134 -0.01734467 0.04801267
v 0.01780509 -0.01407075 0.04801267
v 0.02445011 -0.02063374 0.04801267
v 0.02778678 -0.01582490 0.04801267
v 0.02396036 -0.01311006 0.04801267
v 0.02755997 -0.01613740 0.04367746
v 0.03013822 -0.01055268 0.04392436
v 0.03031095 -0.01016816 0.04801267
v 0.03004862 -0.01076215 0.04058917
v 0.03160806 -0.00454585 0.04101715
v 0.03165470 -0.00427143 0.04412857
v 0.03158682 -0.00470185 0.03878667
v 0.03190164 0.00167754 0.03900320
v 0.03189054 0.00193243 0.04110974
v 0.03190970 0.00147369 0.03738138
v 0.03100455 0.00765044 0.03687123
v 0.03090640 0.00794073 0.03850427
v 0.03108158 0.00732793 0.03536607
v 0.02905985 0.01321978 0.03408841
v 0.02926297 0.01277154 0.03246689
v 0.02587247 0.01871343 0.03218826
v 0.03117813 0.00698003 0.03393119
v 0.02952005 0.01220440 0.03092862
v 0.03128739 0.00658233 0.03246460
v 0.03014566 0.01176690 0.02971674
v 0.02772647 0.01701690 0.02704074
v 0.03166519 0.00628911 0.03136087
v 0.03164603 0.01194756 0.02963487
v 0.03299210 0.00633599 0.03133286
v 0.03323136 0.01204473 0.02957859
v 0.03149234 0.01744976 0.02672561
v 0.03439920 0.00636382 0.03130374
v 0.03483402 0.01207061 0.02956220
v 0.03340384 0.01739263 0.02677046
v 0.03532779 0.01728228 0.02683444
v 0.03432889 0.02140679 0.02368870
v 0.03234049 0.02165337 0.02348280
v 0.03452664 0.02448077 0.02048943
v 0.03264102 0.02468267 0.02023052
v 0.03365457 0.02748296 0.01620429
v 0.03192581 0.02771294 0.01581655
v 0.03337442 0.02999248 0.01093749
v 0.03013443 0.02802959 0.01527878
v 0.03179080 0.03016656 0.01051406
v 0.02835758 0.02863409 0.01474397
v 0.02614749 0.02654375 0.01842904
v 0.03033609 0.03055205 0.01014368
v 0.02804080 0.03029449 0.01528391
v 0.03019327 0.03191924 0.01048915
v 0.02777078 0.03200640 0.01574967
v 0.03005313 0.03342119 0.01081806
v 0.02993692 0.03495391 0.01108602
v 0.03145096 0.03435992 0.00552677
v 0.03140762 0.03580205 0.00566967
v 0.03195816 0.03467412 -0.00007740
v 0.03194596 0.03608086 -0.00008354
v 0.03134488 0.03570586 -0.00602994
v 0.03138407 0.03426592 -0.00587827
v 0.02957059 0.03460088 -0.01201333
v 0.02950137 0.03623662 -0.01220004
v 0.02969571 0.03303228 -0.01173239
v 0.02653336 0.03281328 -0.01772156
v 0.02640921 0.03491973 -0.01793754
v 0.02259500 0.03407867 -0.02258526
v 0.02261514 0.03643438 -0.02256123
v 0.02637149 0.03701202 -0.01793630
v 0.01779068 0.03495025 -0.02650052
v 0.01784439 0.03700249 -0.02642873
v 0.02264737 0.03970708 -0.02250202
v 0.01796866 0.03994463 -0.02639963
v 0.01157535 0.03808160 -0.02971279
v 0.01175394 0.04052251 -0.02966556
v 0.01800919 0.04370708 -0.02637846
v 0.01186905 0.04391875 -0.02964061
v 0.00434696 0.04103203 -0.03162529
v 0.00450846 0.04409624 -0.03160292
v 0.00465482 0.04797759 -0.03160737
v 0.01189090 0.04797759 -0.02967686
v -0.00330575 0.04797759 -0.03180880
v -0.00358871 0.04408770 -0.03173238
v -0.01122970 0.04797759 -0.02991665
v -0.01161069 0.04390777 -0.02974832
v -0.01827170 0.04797759 -0.02623166
v -0.01523044 0.04797759 -0.02256643
v -0.01853329 0.04368487 -0.02600945
v -0.02391110 0.04797759 -0.02120334
v -0.02018576 0.04797759 -0.01811520
v -0.02835007 0.04797759 -0.01480942
v -0.02379941 0.04797759 -0.01232431
v -0.02822677 0.04381866 -0.01495519
v -0.03112851 0.04406524 -0.00714004
v -0.03119980 0.04797759 -0.00698821
v -0.03191745 0.04417339 0.00117691
v -0.03193918 0.04797759 0.00134115
v -0.03062131 0.04407354 0.00911840
v -0.03062765 0.04797759 0.00929722
v -0.02766879 0.04389239 0.01598608
v -0.02762118 0.04797759 0.01610650
v -0.02776901 0.04033428 0.01581359
v -0.02394601 0.03994244 0.02114372
v -0.02383847 0.04373150 0.02127631
v -0.02785373 0.03762481 0.01559046
v -0.02398971 0.03681695 0.02110156
v -0.01985300 0.03692730 0.02499121
v -0.01976767 0.03999053 0.02510615
v -0.01474557 0.03775103 0.02829794
v -0.01990292 0.03478619 0.02496937
v -0.01475192 0.03591753 0.02832857
v -0.00879904 0.03698052 0.03070572
v -0.01463669 0.03422979 0.02838880
v -0.00872116 0.03548174 0.03072763
v -0.00255722 0.03612749 0.03184709
v -0.00861191 0.03403936 0.03076553
v -0.00256515 0.03474786 0.03185051
v -0.00256027 0.03342315 0.03186683
v -0.00844467 0.03258843 0.03082019
v -0.00254989 0.03214507 0.03187473
v -0.00825241 0.03126470 0.03088411
v -0.00267819 0.03183160 0.03293797
v -0.00848642 0.03078789 0.03203005
v -0.00285922 0.03180718 0.03439858
v -0.00887277 0.03067119 0.03355905
v -0.00303342 0.03178594 0.03582689
v 0.00344974 0.03174590 0.03579331
v -0.00919687 0.03057232 0.03504511
v -0.00322214 0.03178301 0.03729440
v 0.00344351 0.03175616 0.03728324
v 0.01015311 0.03025860 0.03651827
v 0.00339591 0.03175030 0.03892817
v 0.01019119 0.03021929 0.03822486
v 0.01650894 0.02729302 0.03707841
v 0.01017032 0.03022564 0.04061645
v 0.01643045 0.02734844 0.03990402
v 0.02141397 0.02364410 0.03938463
v 0.01622281 0.02747686 0.04364236
v 0.02126016 0.02379327 0.04343250
v 0.02109183 0.02399248 0.04801267
v 0.02520279 0.01964312 0.04801267
v 0.02843643 0.01459795 0.04801267
v 0.02180643 0.01697661 0.04801267
v 0.02455582 0.01266045 0.04801267
v 0.02642459 0.00803960 0.04801267
v 0.01845145 0.01394073 0.04801267
v 0.02097037 0.01053765 0.04801267
v 0.01538822 0.01063140 0.04801267
v 0.01766055 0.00784136 0.04801267
v 0.01310184 0.00688506 0.04801267
v 0.01538284 0.00443780 0.04801267
v 0.01124918 0.00326275 0.04801267
v 0.01360306 0.00110308 0.04801267
v 0.01186319 -0.00201411 0.04801267
v 0.01584708 -0.00112129 0.04801267
v 0.00876895 0.00505962 0.04801267
v 0.01050931 0.00890093 0.04801267
v 0.00607279 0.00636846 0.04801267
v 0.00743472 0.01039312 0.04801267
v 0.00322855 0.00713457 0.04801267
v 0.00269034 0.00323150 0.04801267
v 0.00406900 0.01145464 0.04801267
v 0.00047257 0.01173443 0.04801267
v 0.00014005 0.00725176 0.04801267
v -0.00319186 0.01117901 0.04801267
v -0.00307748 0.00671563 0.04801267
v -0.00687790 0.00986333 0.04801267
v -0.00645358 0.00557134 0.04801267
v -0.00593246 0.00155669 0.04801267
v -0.00996164 0.00401983 0.04801267
v -0.00928451 0.00009185 0.04801267
v -0.00830466 -0.00360908 0.04801267
v -0.01299179 -0.00165962 0.04801267
v -0.01185409 -0.00541352 0.04801267
v -0.00705368 -0.00707758 0.04801267
v -0.01030295 -0.00882978 0.04801267
v -0.00581076 -0.01033418 0.04801267
v -0.01572702 -0.00755317 0.04801267
v -0.01384897 -0.01119184 0.04801267
v -0.01980246 -0.00990424 0.04801267
v -0.01744894 -0.01393525 0.04801267
v -0.01452292 -0.01745600 0.04801267
v -0.02102670 -0.01693110 0.04801267
v -0.01748227 -0.02083003 0.04801267
v -0.01093039 -0.02043745 0.04801267
v -0.01309238 -0.02417256 0.04801267
v -0.00786679 -0.02643867 0.04801267
v -0.00658871 -0.02221333 0.04801267
v -0.00240292 -0.02716450 0.04801267
v -0.00211752 -0.02257588 0.04801267
v -0.00198312 -0.01804048 0.04801267
v 0.00223746 -0.02227241 0.04801267
v 0.00296427 -0.02694721 0.04801267
v 0.00811954 -0.02588325 0.04801267
v 0.00372562 -0.03178047 0.04801267
v 0.00994937 -0.03040669 0.04801267
v 0.01558377 -0.02794233 0.04801267
v 0.01012699 -0.03030317 0.04409909
v 0.01582804 -0.02774726 0.04376673
v 0.02043057 -0.02463667 0.04801267
v 0.02056741 -0.02443159 0.04350676
v 0.01594461 -0.02767524 0.04010405
v 0.02069742 -0.02434785 0.03950601
v 0.02427396 -0.02075776 0.04348823
v 0.02420206 -0.02083711 0.03945337
v 0.02072611 -0.02430903 0.03632339
v 0.02419913 -0.02083100 0.03626338
v 0.02741507 -0.01635249 0.03722582
v 0.02745926 -0.01629658 0.03993434
v 0.02745279 -0.01635737 0.03513214
v 0.03005277 -0.01083930 0.03644000
v 0.03002176 -0.01083540 0.03818203
v 0.03007913 -0.01076826 0.03477269
v 0.03158597 -0.00482050 0.03571726
v 0.03159220 -0.00478364 0.03721826
v 0.03158414 -0.00483393 0.03425727
v 0.03192679 0.00110528 0.03449955
v 0.03191739 0.00128594 0.03591972
v 0.03194180 0.00092535 0.03305535
v 0.03159049 -0.00481318 0.03277239
v 0.03225833 0.00077007 0.03196877
v 0.03194608 -0.00484907 0.03159999
v 0.03346427 0.00066241 0.03197081
v 0.03313114 -0.00513349 0.03154369
v 0.03484049 0.00054204 0.03196508
v 0.03450321 -0.00540742 0.03149381
v 0.03621414 0.00042339 0.03196243
v 0.03582718 0.00635650 0.03128983
v 0.03589334 -0.00565937 0.03144258
v 0.03763309 0.00030205 0.03196564
v 0.03728934 0.00632427 0.03130314
v 0.03887552 0.00625249 0.03130750
v 0.03818021 0.01199029 0.02956424
v 0.03644412 0.01207012 0.02956596
v 0.04064652 0.01183550 0.02965479
v 0.04019937 0.01692950 0.02708583
v 0.03731278 0.01711211 0.02692047
v 0.03991251 0.02096343 0.02407500
v 0.03669058 0.02124590 0.02383201
v 0.03991751 0.02407354 0.02096840
v 0.03674478 0.02425542 0.02075072
v 0.04019803 0.02697906 0.01707805
v 0.03736429 0.02714239 0.01675618
v 0.04059696 0.02952202 0.01211637
v 0.03816483 0.02961285 0.01181542
v 0.03644339 0.02974590 0.01155508
v 0.03881241 0.03129888 0.00621058
v 0.03724075 0.03133843 0.00603359
v 0.03490091 0.02985430 0.01126321
v 0.03540323 0.02732403 0.01648776
v 0.03576773 0.03136993 0.00584046
v 0.03754019 0.03194146 0.00008393
v 0.03608316 0.03192901 0.00003797
v 0.03433902 0.03141778 0.00564102
v 0.03467642 0.03194244 0.00000225
v 0.03285880 0.03145977 0.00543563
v 0.03323697 0.03196148 -0.00000662
v 0.03151834 0.03176665 0.00524455
v 0.03199259 0.03216143 -0.00000969
v 0.03148294 0.03297320 0.00539321
v 0.03197659 0.03330547 -0.00005237
v 0.03148172 0.03147491 -0.00548659
v 0.03143021 0.03287408 -0.00569912
v 0.02998917 0.03018658 -0.01102504
v 0.02982938 0.03154204 -0.01140930
v 0.02764102 0.02783452 -0.01606026
v 0.02722623 0.02929253 -0.01668505
v 0.02923392 0.02725127 -0.01662021
v 0.02515116 0.02543706 -0.01970245
v 0.03146414 0.02983160 -0.01136068
v 0.03287589 0.03141607 -0.00567504
v 0.03304691 0.02969903 -0.01167945
v 0.03427884 0.03137115 -0.00583503
v 0.03461270 0.02957793 -0.01195455
v 0.03287454 0.02659942 -0.01759735
v 0.03572952 0.03132915 -0.00597143
v 0.03624613 0.02951006 -0.01213288
v 0.03493472 0.02648662 -0.01779018
v 0.03701334 0.02644854 -0.01779149
v 0.03638321 0.02284722 -0.02228912
v 0.03403324 0.02281670 -0.02233713
v 0.03470145 0.01850371 -0.02600160
v 0.03259647 0.01821905 -0.02618776
v 0.03607144 0.01306524 -0.02912696
v 0.03439115 0.01279229 -0.02923543
v 0.03693582 0.01857696 -0.02593721
v 0.03792594 0.01327349 -0.02901750
v 0.03877408 0.00730865 -0.03107854
v 0.03708487 0.00713140 -0.03112545
v 0.03989774 0.01867095 -0.02589692
v 0.04043460 0.01340533 -0.02897478
v 0.04090824 0.00744073 -0.03105176
v 0.04120304 0.00118828 -0.03191726
v 0.04390592 0.01342168 -0.02896262
v 0.04406156 0.00751836 -0.03102386
v 0.04416141 0.00129961 -0.03189526
v 0.04412955 -0.00501264 -0.03153533
v 0.04799552 0.00141021 -0.03191695
v 0.04799552 -0.00479340 -0.03159075
v 0.04799552 -0.01084297 -0.03006143
v 0.04799552 -0.00881269 -0.02598114
v 0.04398660 -0.01115376 -0.02992710
v 0.04382352 -0.01678755 -0.02718321
v 0.04068717 -0.01131977 -0.02984930
v 0.04109061 -0.00513032 -0.03150882
v 0.04799552 -0.01640424 -0.02743135
v 0.04799552 -0.02132490 -0.02381549
v 0.04799552 -0.01327412 -0.02362760
v 0.04799564 -0.01746259 -0.02052853
v 0.04799552 -0.02138667 -0.01647707
v 0.04799552 -0.01347846 -0.01741456
v 0.04799552 -0.01702827 -0.01411957
v 0.04799552 -0.02026753 -0.00958201
v 0.04799552 -0.01277851 -0.01179256
v 0.04799552 -0.01571821 -0.00817985
v 0.04799552 -0.01715229 -0.00358356
v 0.04799552 -0.00872529 -0.00944589
v 0.04799552 -0.00947798 -0.01463005
v 0.04799552 -0.00573139 -0.01219621
v 0.04799552 -0.00530756 -0.00719520
v 0.04799552 -0.00245161 -0.00988355
v 0.04799552 -0.00258759 -0.00486221
v 0.04799552 -0.00526533 -0.00262948
v 0.04799552 -0.00045966 -0.00238844
v 0.04799552 0.00043291 -0.00749942
v 0.04799552 0.00286529 -0.00498338
v 0.04799552 0.00496978 -0.00227617
v 0.04799552 0.00383306 -0.01044916
v 0.04799552 0.00653228 -0.00786632
v 0.04799552 0.00882427 -0.00502014
v 0.04799552 0.01065728 -0.00188059
v 0.04799552 0.01052129 -0.01104920
v 0.04799552 0.01298150 -0.00790754
v 0.04799552 0.01493853 -0.00435297
v 0.04799552 0.01625298 -0.00066413
v 0.04799552 0.01964043 -0.00690218
v 0.04799552 0.02109283 -0.00257179
v 0.04799552 0.02172222 0.00184513
v 0.04799552 0.02610552 -0.00426681
v 0.04799552 0.02670904 0.00105551
v 0.04799552 0.02620171 0.00637498
v 0.04799552 0.03194878 0.00059632
v 0.04799552 0.03119976 0.00690535
v 0.04799552 0.02934893 0.01266600
v 0.04409451 0.03122442 0.00668066
v 0.04397879 0.02942095 0.01240790
v 0.04385098 0.02682452 0.01733323
v 0.04099405 0.03126470 0.00643523
v 0.04415433 0.03191460 0.00040050
v 0.04119205 0.03193120 0.00024862
v 0.03914188 0.03193072 0.00014851
v 0.04097049 0.03130572 -0.00613483
v 0.03877750 0.03130108 -0.00611738
v 0.04047489 0.02943633 -0.01230097
v 0.03802017 0.02943804 -0.01223583
v 0.03719754 0.03131768 -0.00606532
v 0.04392386 0.02947906 -0.01223709
v 0.04372611 0.02656573 -0.01770027
v 0.03997135 0.02648443 -0.01781731
v 0.04361868 0.02293291 -0.02219625
v 0.03968790 0.02288628 -0.02224919
v 0.04372305 0.01864995 -0.02590760
v 0.04799552 0.02302325 -0.02215362
v 0.04799552 0.01856768 -0.02599218
v 0.04799552 0.01332525 -0.02903051
v 0.04799552 0.00750982 -0.03104949
v 0.04799552 0.01518389 -0.02174781
v 0.04799552 0.01059869 -0.02433547
v 0.04799552 0.00579888 -0.02619683
v 0.04799552 0.00756963 -0.01998865
v 0.04799552 0.00349908 -0.02176631
v 0.04799552 0.00418804 -0.01605662
v 0.04799552 0.00062505 -0.01800690
v 0.04799552 0.00079693 -0.01278201
v 0.04799552 -0.00251338 -0.01496319
v 0.04799552 -0.00602461 -0.01720445
v 0.04799552 -0.00981440 -0.02012374
v 0.04799552 0.00757818 -0.01376528
v 0.04799552 0.01138335 -0.01754776
v 0.04799552 0.01472100 -0.01454632
v 0.04799552 0.01748272 -0.01101486
v 0.04799552 0.01901128 -0.01834765
v 0.04799552 0.02214678 -0.01431228
v 0.04799552 0.02450347 -0.00944551
v 0.04799552 0.02673638 -0.01751225
v 0.04799552 0.02960845 -0.01204620
v 0.04799552 0.03141167 -0.00589791
v 0.04408206 0.03132793 -0.00606913
v 0.04799552 0.02674004 0.01753176
v 0.04799552 0.02371221 0.02141847
v 0.04799552 0.02226128 0.01500429
v 0.04799552 0.02457622 0.01113563
v 0.04373319 0.02389385 0.02118373
v 0.04372318 0.02064751 0.02436284
v 0.04799552 0.02030157 0.02472769
v 0.04799552 0.01609673 0.02761419
v 0.04799552 0.01641997 0.02114774
v 0.04799552 0.01953863 0.01825387
v 0.04384439 0.01657793 0.02730607
v 0.04401102 0.01154571 0.02978932
v 0.04799552 0.01110503 0.02997701
v 0.04799552 0.00557110 0.03149415
v 0.04799552 0.00873321 0.02594283
v 0.04799552 0.01283355 0.02374394
v 0.04415518 0.00589117 0.03139471
v 0.04421463 -0.00020112 0.03195722
v 0.04109366 0.00611675 0.03134426
v 0.04128824 -0.00000483 0.03197515
v 0.04105460 -0.00630659 0.03132842
v 0.03923612 0.00016778 0.03196906
v 0.03888138 -0.00608418 0.03136089
v 0.03812198 -0.01227583 0.02946854
v 0.03732816 -0.00588545 0.03140306
v 0.03639993 -0.01206367 0.02958523
v 0.03510965 -0.01794013 0.02644358
v 0.03714639 -0.01800556 0.02636475
v 0.03485208 -0.01177851 0.02970017
v 0.03327127 -0.01769697 0.02659439
v 0.03233096 -0.02255927 0.02266772
v 0.03435440 -0.02258613 0.02264495
v 0.03337528 -0.01143818 0.02983815
v 0.03154117 -0.01737544 0.02680404
v 0.03193900 -0.01099531 0.03001740
v 0.03058524 -0.01045258 0.03023754
v 0.02827323 -0.01599799 0.02771668
v 0.03020767 -0.01048164 0.03152856
v 0.02773685 -0.01592231 0.02927419
v 0.02455948 -0.02047260 0.02682197
v 0.02758304 -0.01613862 0.03123831
v 0.02439859 -0.02062837 0.02909516
v 0.02071671 -0.02433320 0.02919324
v 0.02066788 -0.02439692 0.02687100
v 0.02429471 -0.02074336 0.03156327
v 0.02075076 -0.02430317 0.03159900
v 0.01586637 -0.02773921 0.03340595
v 0.01574661 -0.02781318 0.03157087
v 0.02424881 -0.02080976 0.03384551
v 0.02075626 -0.02431342 0.03390352
v 0.01595023 -0.02769428 0.03533490
v 0.01006424 -0.03033320 0.03668830
v 0.00992557 -0.03037910 0.03509923
v 0.01596512 -0.02764961 0.03738996
v 0.01014493 -0.03027680 0.03840904
v 0.00378397 -0.03174922 0.03907888
v 0.00373514 -0.03176118 0.03751460
v 0.01019193 -0.03026704 0.04087294
v 0.00381449 -0.03174775 0.04135722
v -0.00275595 -0.03186054 0.04141889
v -0.00272250 -0.03185346 0.03926806
v 0.00379740 -0.03174336 0.04433111
v -0.00275644 -0.03184980 0.04437068
v -0.00927072 -0.03058662 0.04419243
v -0.00272018 -0.03188911 0.04801267
v -0.00923263 -0.03065986 0.04801267
v -0.01529257 -0.02812202 0.04801267
v -0.01528366 -0.02806049 0.04390803
v -0.02040256 -0.02459394 0.04367819
v -0.01518405 -0.02812275 0.04044049
v -0.00922177 -0.03060322 0.04104520
v -0.02052902 -0.02455586 0.04801267
v -0.02482431 -0.02021015 0.04801267
v -0.02456796 -0.02041377 0.04367658
v -0.02811410 -0.01517426 0.04392963
v -0.02804684 -0.01530390 0.04045171
v -0.02443442 -0.02059687 0.03986276
v -0.02830502 -0.01493964 0.04801267
v -0.03076315 -0.00876582 0.04801267
v -0.03067929 -0.00893525 0.04422149
v -0.02389779 -0.01233100 0.04801267
v -0.02595102 -0.00707563 0.04801267
v -0.02692734 -0.00144160 0.04801267
v -0.03190353 -0.00207612 0.04801267
v -0.02148422 -0.00536714 0.04801267
v -0.02229819 -0.00055756 0.04801267
v -0.02212631 0.00431280 0.04801267
v -0.02672909 0.00422149 0.04801267
v -0.01709836 -0.00352583 0.04801267
v -0.01781283 0.00073809 0.04801267
v -0.01783945 0.00512652 0.04801267
v -0.01367367 0.00234429 0.04801267
v -0.01400949 0.00654888 0.04801267
v -0.01425717 0.01083843 0.04801267
v -0.01099264 0.01282110 0.04801267
v -0.01550229 0.01558990 0.04801267
v -0.01044516 0.00821270 0.04801267
v -0.00737985 0.01462286 0.04801267
v -0.00333383 0.01596831 0.04801267
v -0.00824277 0.01982183 0.04801267
v -0.01222299 0.01777471 0.04801267
v -0.00354465 0.02105035 0.04801267
v -0.00933932 0.02502007 0.04801267
v -0.01412936 0.02275371 0.04801267
v -0.01617331 0.02754912 0.04801267
v -0.02077756 0.02428570 0.04801267
v -0.01791073 0.02009966 0.04801267
v -0.02445761 0.02059063 0.04801267
v -0.02424570 0.02075616 0.04350307
v -0.02751462 0.01618658 0.04375098
v -0.02763046 0.01605572 0.04801267
v -0.03007651 0.01070269 0.04407045
v -0.03011349 0.01070074 0.04801267
v -0.03163217 0.00448516 0.04433367
v -0.03163400 0.00457305 0.04801267
v -0.03187948 -0.00220039 0.04438089
v -0.03164157 0.00437627 0.04133039
v -0.03188107 -0.00227046 0.04142147
v -0.03066525 -0.00900312 0.04106385
v -0.03187472 -0.00227778 0.03918513
v -0.03067331 -0.00893525 0.03875110
v -0.02803744 -0.01528901 0.03774831
v -0.03072531 -0.00881440 0.03702619
v -0.02809018 -0.01524214 0.03586180
v -0.02432748 -0.02071040 0.03677571
v -0.02424887 -0.02082905 0.03458026
v -0.02008017 -0.02483881 0.03676944
v -0.02025595 -0.02471992 0.03985784
v -0.01992673 -0.02500019 0.03462908
v -0.01476730 -0.02835932 0.03592764
v -0.01497836 -0.02822651 0.03775445
v -0.00891244 -0.03070844 0.03706835
v -0.00908114 -0.03063960 0.03873638
v -0.00267404 -0.03187251 0.03765261
v -0.00261276 -0.03186347 0.03613954
v 0.00365958 -0.03175605 0.03602368
v -0.00254819 -0.03187129 0.03470780
v 0.00356107 -0.03178437 0.03459069
v 0.00974124 -0.03045771 0.03356336
v 0.00344376 -0.03181538 0.03320271
v 0.00950345 -0.03054536 0.03203440
v 0.01553641 -0.02795820 0.02964237
v 0.00929080 -0.03061445 0.03078659
v 0.01552762 -0.02832612 0.02797677
v 0.00332877 -0.03184297 0.03200135
v 0.00957474 -0.03192964 0.03051659
v 0.00340079 -0.03306782 0.03181440
v 0.00985123 -0.03350190 0.03041155
v 0.01641825 -0.03124922 0.02742551
v 0.00348258 -0.03455464 0.03178780
v 0.01003287 -0.03503755 0.03033349
v 0.01660208 -0.03308955 0.02730778
v 0.01664469 -0.03507563 0.02728848
v 0.02199368 -0.03359199 0.02318231
v 0.02210159 -0.03123164 0.02308737
v 0.02647354 -0.03217915 0.01787781
v 0.02628385 -0.03428169 0.01816178
v 0.02986319 -0.03414570 0.01132966
v 0.03001712 -0.03247041 0.01095684
v 0.03171988 -0.03532636 0.00381806
v 0.03175772 -0.03381733 0.00364858
v 0.03017691 -0.03087983 0.01054566
v 0.03180020 -0.03233857 0.00347295
v 0.03130582 -0.03018476 0.01059008
v 0.03262296 -0.03182295 0.00345626
v 0.03297769 -0.03006367 0.01087756
v 0.03111624 -0.02679365 0.01739982
v 0.03411661 -0.03178999 0.00352552
v 0.03463016 -0.02996284 0.01108727
v 0.03304508 -0.02662910 0.01764583
v 0.03505765 -0.02653047 0.01781259
v 0.03630094 -0.02991328 0.01123516
v 0.03707730 -0.02652314 0.01777088
v 0.03658634 -0.02263056 0.02259937
v 0.03979801 -0.02266108 0.02254369
v 0.04008023 -0.01811689 0.02634429
v 0.04366361 -0.02268842 0.02252978
v 0.04379971 -0.01810029 0.02635790
v 0.04057401 -0.01249091 0.02941184
v 0.04398465 -0.01259663 0.02938438
v 0.04799552 -0.01801264 0.02646249
v 0.04799552 -0.01258393 0.02942754
v 0.04413968 -0.00648725 0.03129655
v 0.04799552 -0.00659223 0.03131587
v 0.04799552 -0.01016230 0.02544107
v 0.04799552 -0.00541303 0.02740005
v 0.04799552 -0.00039912 0.03199415
v 0.04799552 -0.01460224 0.02258440
v 0.04799552 -0.01100752 0.01917703
v 0.04799552 -0.00725312 0.02191722
v 0.04799552 -0.00730976 0.01615061
v 0.04799552 -0.00395991 0.01890678
v 0.04799552 -0.00375044 0.01346385
v 0.04799552 -0.00063838 0.01630539
v 0.04799552 0.00259795 0.01917598
v 0.04799552 0.00583208 0.02232476
v 0.04799552 0.00256036 0.01386011
v 0.04799552 0.00587359 0.01690103
v 0.04799552 0.00937115 0.02016533
v 0.04799552 0.00893218 0.01456883
v 0.04799552 0.01258648 0.01777963
v 0.04799552 0.01167974 0.01215915
v 0.04799552 0.01547076 0.01523006
v 0.04799552 0.01406744 0.00974596
v 0.04799552 0.01801494 0.01246547
v 0.04799552 0.01097686 0.00669979
v 0.04799552 0.00832085 0.00903292
v 0.04799552 0.00563653 0.00602454
v 0.04799552 0.00872076 0.00361343
v 0.04799552 0.00339141 0.00309622
v 0.04799552 0.00684307 0.00059598
v 0.04799552 0.01215826 0.00139739
v 0.04799552 0.00266656 0.00847953
v 0.04799552 0.00015996 0.00554784
v 0.04799552 -0.00191328 0.00268106
v 0.04799552 0.00145684 0.00029141
v 0.04799552 -0.00314301 0.00799682
v 0.04799552 -0.00545014 0.00498625
v 0.04799552 -0.00710542 0.00199327
v 0.04799552 -0.00363545 -0.00008749
v 0.04799552 -0.00926997 0.00727854
v 0.04799552 -0.01127485 0.00384994
v 0.04799552 -0.01334687 0.00958837
v 0.04799552 -0.01567988 0.00559647
v 0.04799552 -0.01707295 0.00119645
v 0.04799552 -0.02025092 0.00735388
v 0.04799552 -0.02181098 0.00191927
v 0.04799552 -0.02182978 -0.00395656
v 0.04799552 -0.02491377 0.00914337
v 0.04799552 -0.02656342 0.00264229
v 0.04799552 -0.02649165 -0.00441306
v 0.04799552 -0.03159077 -0.00499449
v 0.04799552 -0.02928877 -0.01286308
v 0.04799552 -0.02477339 -0.01116084
v 0.04392081 -0.02932099 -0.01272884
v 0.04374271 -0.02573945 -0.01893700
v 0.04799552 -0.02564790 -0.01908914
v 0.03996134 -0.02584980 -0.01879780
v 0.03984061 -0.02177656 -0.02337059
v 0.04369571 -0.02159028 -0.02353966
v 0.03665177 -0.02191255 -0.02323364
v 0.03728604 -0.01709492 -0.02693623
v 0.04017655 -0.01702534 -0.02702879
v 0.03523734 -0.01709931 -0.02695961
v 0.03650040 -0.01123481 -0.02988219
v 0.03822525 -0.01131172 -0.02982554
v 0.03734183 -0.00513471 -0.03149896
v 0.03895889 -0.00515644 -0.03149362
v 0.03754398 0.00101617 -0.03192313
v 0.03908377 0.00109014 -0.03191878
v 0.03608670 0.00094073 -0.03191776
v 0.03559720 0.00693072 -0.03116028
v 0.03417240 0.00671587 -0.03121940
v 0.03280667 0.01247246 -0.02937606
v 0.03127872 0.01205010 -0.02957292
v 0.02906632 0.01711675 -0.02692694
v 0.03278641 0.00645904 -0.03128959
v 0.03153739 0.00620025 -0.03135125
v 0.02979166 0.01158135 -0.02976606
v 0.02742154 0.01642242 -0.02741295
v 0.02694644 0.01709991 -0.02907923
v 0.02508255 0.01979546 -0.02510540
v 0.02960758 0.01198052 -0.03128255
v 0.03131961 0.00634698 -0.03267113
v 0.02944547 0.01232403 -0.03284114
v 0.03126517 0.00650152 -0.03416174
v 0.02934134 0.01255523 -0.03444940
v 0.02626383 0.01811846 -0.03265791
v 0.03122550 0.00660381 -0.03560178
v 0.02928079 0.01272295 -0.03611861
v 0.02613504 0.01832720 -0.03479342
v 0.02611917 0.01831304 -0.03690838
v 0.02238101 0.02276983 -0.03640119
v 0.02239017 0.02277422 -0.03401703
v 0.01759134 0.02662286 -0.03484813
v 0.01742227 0.02672295 -0.03291592
v 0.01762528 0.02656377 -0.03704387
v 0.01117777 0.02988384 -0.03636731
v 0.01099869 0.02994439 -0.03476862
v 0.00373319 0.03170733 -0.03583292
v 0.00366116 0.03173443 -0.03440856
v 0.01076126 0.03005254 -0.03323149
v 0.00357987 0.03176031 -0.03295813
v 0.01044339 0.03018828 -0.03165756
v 0.01642862 0.02738018 -0.02932770
v 0.00352274 0.03195513 -0.03178580
v 0.01019217 0.03044732 -0.03030338
v 0.01585831 0.02791216 -0.02776577
v 0.01960550 0.02529302 -0.02523174
v 0.01052188 0.03175469 -0.03016684
v 0.01647806 0.02939336 -0.02735710
v 0.00365738 0.03309527 -0.03174874
v 0.00379935 0.03443047 -0.03170901
v 0.01087235 0.03323223 -0.03002182
v 0.00394376 0.03583452 -0.03166959
v 0.01117825 0.03476324 -0.02988839
v 0.01753971 0.03291656 -0.02665234
v 0.01140787 0.03634209 -0.02980696
v 0.00407877 0.03730279 -0.03165803
v 0.00419339 0.03880181 -0.03163408
v -0.00384433 0.03884258 -0.03171400
v -0.00376266 0.04107281 -0.03172362
v -0.01180136 0.04051617 -0.02965014
v -0.01187924 0.03801275 -0.02959591
v -0.01872140 0.03986748 -0.02587935
v -0.01880673 0.03682671 -0.02579532
v -0.02384567 0.03971123 -0.02122249
v -0.02385751 0.04361114 -0.02121963
v -0.02381051 0.03647857 -0.02126744
v -0.02819955 0.03754302 -0.01490711
v -0.02819833 0.04023394 -0.01498406
v -0.03114328 0.03874688 -0.00708112
v -0.03113486 0.04092168 -0.00716718
v -0.03194015 0.03905035 0.00093036
v -0.03193954 0.04120513 0.00103173
v -0.03073398 0.03857476 0.00861920
v -0.03067709 0.04088067 0.00887919
v -0.03081344 0.03698980 0.00839637
v -0.02798263 0.03574541 0.01541110
v -0.03087717 0.03552911 0.00812791
v -0.02810165 0.03407671 0.01516414
v -0.02400082 0.03452325 0.02109380
v -0.02398788 0.03261895 0.02110877
v -0.02827865 0.03241045 0.01483095
v -0.01984909 0.03287383 0.02502077
v -0.03097140 0.03410210 0.00783351
v -0.03195163 0.03473467 0.00076720
v -0.03106967 0.03273565 0.00750775
v -0.03193796 0.03609551 0.00081201
v -0.03120785 0.03557720 -0.00675496
v -0.03194589 0.03753789 0.00086947
v -0.03118075 0.03706573 -0.00693697
v -0.02831515 0.03559112 -0.01474822
v -0.02380759 0.03403374 -0.02128141
v -0.02842941 0.03383843 -0.01452281
v -0.01877670 0.03462286 -0.02581672
v -0.01180295 0.03623174 -0.02965513
v -0.01164779 0.03460918 -0.02971812
v -0.00381784 0.03582622 -0.03171094
v -0.00376047 0.03441216 -0.03173454
v -0.01134604 0.03305547 -0.02984279
v -0.00368954 0.03303301 -0.03175420
v -0.01100339 0.03160918 -0.02998383
v -0.01718722 0.02909283 -0.02689968
v -0.01059738 0.03027178 -0.03015192
v -0.01641672 0.02760210 -0.02742072
v -0.01697104 0.02703106 -0.02907438
v -0.01993979 0.02528423 -0.02497478
v -0.01088962 0.03001983 -0.03151986
v -0.00370773 0.03173565 -0.03296085
v -0.01123373 0.02987823 -0.03309526
v -0.00359958 0.03192266 -0.03177497
v -0.00384823 0.03169463 -0.03439756
v -0.01146554 0.02977666 -0.03466372
v -0.01797946 0.02635503 -0.03271864
v -0.00395883 0.03166021 -0.03580511
v -0.01165304 0.02970513 -0.03628745
v -0.01820138 0.02622076 -0.03482059
v -0.01819479 0.02619488 -0.03694324
v -0.02294552 0.02220098 -0.03636793
v -0.02294516 0.02221563 -0.03401023
v -0.02677267 0.01738042 -0.03488594
v -0.02692050 0.01714287 -0.03300272
v -0.02669443 0.01744927 -0.03704201
v -0.02960226 0.01187969 -0.03806374
v -0.02967892 0.01176153 -0.03630676
v -0.02295590 0.02218560 -0.03963020
v -0.02671701 0.01748711 -0.03996087
v -0.02960483 0.01193365 -0.04052118
v -0.03136349 0.00604156 -0.04101056
v -0.03135202 0.00604497 -0.03881572
v -0.02680771 0.01736040 -0.04373280
v -0.02966867 0.01182378 -0.04393122
v -0.03138791 0.00591949 -0.04408975
v -0.03194833 -0.00001606 -0.04415417
v -0.03196066 0.00012334 -0.04121242
v -0.02982504 0.01150640 -0.04798733
v -0.03147384 0.00565313 -0.04798733
v -0.03199496 -0.00021699 -0.04798733
v -0.03145236 -0.00584248 -0.04798733
v -0.03142465 -0.00572236 -0.04408510
v -0.02734592 0.00407012 -0.04798733
v -0.02805453 -0.00079389 -0.04798733
v -0.02586020 0.00920708 -0.04798733
v -0.02199350 0.00663311 -0.04798733
v -0.02357309 0.00220855 -0.04798733
v -0.01850949 0.00405718 -0.04798733
v -0.02017453 -0.00006147 -0.04798733
v -0.01531283 0.00144195 -0.04798733
v -0.01713693 -0.00247798 -0.04798733
v -0.01903280 -0.00631538 -0.04798733
v -0.01427145 -0.00491645 -0.04798733
v -0.01637350 -0.00890766 -0.04798733
v -0.02146371 -0.00990547 -0.04798733
v -0.01892489 -0.01280805 -0.04798733
v -0.02449509 -0.01287837 -0.04798733
v -0.02652182 -0.00922456 -0.04798733
v -0.02190195 -0.01631635 -0.04798733
v -0.02796713 -0.01553901 -0.04798733
v -0.03004794 -0.01092866 -0.04798733
v -0.02998727 -0.01103217 -0.04393895
v -0.02778464 -0.01579707 -0.04377673
v -0.02998263 -0.01101338 -0.04062214
v -0.03143979 -0.00561054 -0.04103946
v -0.03144980 -0.00550459 -0.03892913
v -0.03195468 0.00019756 -0.03917850
v -0.03147140 -0.00539643 -0.03731561
v -0.03196408 0.00024834 -0.03757206
v -0.03136484 0.00600420 -0.03723645
v -0.03194992 0.00028203 -0.03616019
v -0.03137594 0.00591753 -0.03577166
v -0.02976669 0.01153863 -0.03472957
v -0.03140829 0.00579571 -0.03435726
v -0.02988327 0.01126079 -0.03321403
v -0.03145041 0.00561993 -0.03297737
v -0.03004025 0.01087578 -0.03175104
v -0.02766928 0.01596612 -0.02971537
v -0.03021725 0.01044219 -0.03045542
v -0.02809946 0.01524322 -0.02835163
v -0.02972653 0.01552813 -0.02791548
v -0.02559933 0.01911407 -0.02595601
v -0.03159653 0.01071905 -0.03008853
v -0.03155685 0.01588384 -0.02769029
v -0.02960592 0.01984795 -0.02499615
v -0.03318942 0.01107232 -0.02994831
v -0.03331222 0.01613311 -0.02754387
v -0.03184970 0.02018096 -0.02472925
v -0.03399154 0.02034307 -0.02459556
v -0.03364877 0.02336138 -0.02176184
v -0.03139157 0.02325005 -0.02188716
v -0.03264499 0.02646929 -0.01783906
v -0.03056003 0.02641070 -0.01792830
v -0.03474826 0.02653399 -0.01775561
v -0.03443014 0.02940069 -0.01242212
v -0.03274093 0.02941192 -0.01240576
v -0.03411496 0.03135528 -0.00602011
v -0.03259750 0.03138604 -0.00592592
v -0.03098019 0.02945049 -0.01234752
v -0.03142087 0.03162188 -0.00588128
v -0.02949496 0.02967779 -0.01233977
v -0.03135556 0.03283013 -0.00619221
v -0.02911740 0.03082769 -0.01318931
v -0.03126999 0.03418584 -0.00652992
v -0.02538425 0.02785137 -0.01936754
v -0.03195968 0.03341582 0.00072761
v -0.03196847 0.03220293 0.00067471
v -0.03304098 0.03194073 0.00065267
v -0.03235788 0.03117315 0.00705832
v -0.03119516 0.03145537 0.00708222
v -0.03051083 0.02916558 0.01306901
v -0.02907675 0.02953594 0.01332217
v -0.02787424 0.02628521 0.01818447
v -0.03013559 0.02623809 0.01820294
v -0.02867709 0.02324200 0.02189118
v -0.02632431 0.02334624 0.02179372
v -0.02720651 0.01965044 0.02518912
v -0.02491940 0.02001690 0.02522689
v -0.02954062 0.01968877 0.02515647
v -0.03009176 0.01464971 0.02839350
v -0.02843771 0.01457549 0.02870746
v -0.03065329 0.00906206 0.03088308
v -0.03054098 0.00943609 0.03212728
v -0.03175741 0.00376739 0.03318019
v -0.03042636 0.00976177 0.03360664
v -0.02783053 0.01566607 0.03162070
v -0.03172580 0.00390313 0.03458515
v -0.03031711 0.01003960 0.03513349
v -0.02769992 0.01588848 0.03345866
v -0.02385702 0.02122100 0.03153265
v -0.02760531 0.01605816 0.03532945
v -0.02395688 0.02110772 0.03386588
v -0.02001059 0.02489947 0.03398690
v -0.02403573 0.02099224 0.03622723
v -0.02020273 0.02470952 0.03638306
v -0.01548654 0.02789019 0.03734897
v -0.01521335 0.02807305 0.03540299
v -0.02045724 0.02451617 0.03952195
v -0.01576584 0.02773760 0.04005327
v -0.01009689 0.03025469 0.04064970
v -0.02061777 0.02435161 0.04347828
v -0.01599826 0.02761065 0.04367989
v -0.01041623 0.03016192 0.04394775
v -0.00391965 0.03168218 0.04411614
v -0.01067550 0.03010528 0.04801267
v -0.00422446 0.03166265 0.04801267
v 0.00275711 0.03184185 0.04801267
v -0.00380417 0.02624810 0.04801267
v 0.00205692 0.02651958 0.04801267
v 0.00792960 0.02568755 0.04801267
v 0.00142642 0.02147198 0.04801267
v 0.00648892 0.02097710 0.04801267
v 0.01111392 0.01935088 0.04801267
v 0.00517960 0.01617583 0.04801267
v 0.00909940 0.01480352 0.04801267
v 0.01251871 0.01297881 0.04801267
v 0.01513419 0.01708599 0.04801267
v 0.01799796 0.02078155 0.04801267
v 0.01336014 0.02367876 0.04801267
v 0.00093631 0.01648247 0.04801267
v 0.01588236 0.02771807 0.04801267
v 0.00966934 0.03046197 0.04801267
v 0.01000101 0.03029619 0.04392899
v 0.00306864 0.03177886 0.04412708
v 0.00329361 0.03176617 0.04108102
v -0.00363595 0.03172613 0.04107804
v -0.00341073 0.03175957 0.03894255
v -0.00978049 0.03036626 0.03828004
v -0.00951144 0.03047393 0.03660912
v -0.02412887 0.02088726 0.03947602
v -0.02752414 0.01613335 0.03734400
v -0.02750058 0.01619683 0.04003719
v -0.03014914 0.01043877 0.03839594
v -0.03009982 0.01060552 0.04081491
v -0.03164828 0.00425420 0.03905409
v -0.03168698 0.00415508 0.03751779
v -0.03187924 -0.00226020 0.03764446
v -0.03169345 0.00403252 0.03601780
v -0.03186679 -0.00222016 0.03616085
v -0.03076047 -0.00864912 0.03551796
v -0.03187765 -0.00216425 0.03474330
v -0.03082370 -0.00843989 0.03405301
v -0.02815829 -0.01511811 0.03412493
v -0.02825558 -0.01493476 0.03249161
v -0.02416232 -0.02092671 0.03249307
v -0.02409506 -0.02099604 0.03041391
v -0.01969259 -0.02518208 0.03271222
v -0.01937533 -0.02542011 0.03074432
v -0.01412204 -0.02867768 0.03263140
v -0.01447555 -0.02849824 0.03425636
v -0.00847153 -0.03082661 0.03402233
v -0.00870541 -0.03075605 0.03550882
v -0.01370029 -0.02889912 0.03108380
v -0.00820370 -0.03090766 0.03260523
v -0.00247287 -0.03188691 0.03335609
v -0.00789804 -0.03099238 0.03129660
v -0.00240610 -0.03189301 0.03211180
v -0.00807748 -0.03225971 0.03093380
v -0.00248190 -0.03312641 0.03187682
v -0.00834836 -0.03380512 0.03085534
v -0.00259262 -0.03461323 0.03185782
v -0.00856552 -0.03532881 0.03078742
v -0.00269089 -0.03605024 0.03184263
v 0.00352933 -0.03598872 0.03176908
v -0.00875143 -0.03689399 0.03074662
v -0.00279220 -0.03754414 0.03184998
v 0.00353897 -0.03750068 0.03177989
v 0.00349893 -0.03906587 0.03176853
v 0.01013260 -0.03838545 0.03027206
v 0.01013004 -0.03667500 0.03030162
v 0.01003861 -0.04083784 0.03030920
v 0.01641202 -0.03999970 0.02739536
v 0.01657291 -0.03714912 0.02728988
v 0.02166812 -0.03939131 0.02344992
v 0.02186832 -0.03611714 0.02328184
v 0.02593729 -0.03961738 0.01859586
v 0.02609976 -0.03659809 0.01837110
v 0.02964359 -0.03782514 0.01189511
v 0.02975394 -0.03591035 0.01163483
v 0.02954971 -0.04031733 0.01212075
v 0.03165579 -0.04082905 0.00423119
v 0.03168399 -0.03853364 0.00410116
v 0.03170023 -0.03690498 0.00396787
v 0.03167948 -0.03854267 -0.00406523
v 0.03169107 -0.03691694 -0.00403429
v 0.03169913 -0.03533173 -0.00398345
v 0.02979862 -0.03597407 -0.01149589
v 0.02986392 -0.03417695 -0.01130237
v 0.03172281 -0.03377070 -0.00392270
v 0.02996073 -0.03245625 -0.01107860
v 0.03174173 -0.03230244 -0.00384508
v 0.03007230 -0.03081025 -0.01079138
v 0.03255533 -0.03174946 -0.00393598
v 0.03116422 -0.03002583 -0.01097895
v 0.03405362 -0.03171089 -0.00412387
v 0.03279740 -0.02984101 -0.01142869
v 0.03560184 -0.03167988 -0.00431026
v 0.03564456 -0.03176460 0.00357739
v 0.03446036 -0.02969355 -0.01178526
v 0.03711478 -0.03165620 -0.00446641
v 0.03717655 -0.03176655 0.00361270
v 0.03874674 -0.03175532 0.00361487
v 0.03806888 -0.02985737 0.01131809
v 0.03882950 -0.03163252 -0.00462353
v 0.04103201 -0.03176826 0.00361090
v 0.04054202 -0.02985395 0.01137838
v 0.03999735 -0.02656953 0.01778086
v 0.04393033 -0.02988325 0.01136495
v 0.04373636 -0.02662348 0.01770403
v 0.04799552 -0.02674506 0.01759760
v 0.04799552 -0.02272358 0.02255876
v 0.04799552 -0.02208833 0.01461540
v 0.04799552 -0.01856049 0.01904988
v 0.04799552 -0.01765644 0.01205298
v 0.04799552 -0.01449311 0.01592525
v 0.04799552 -0.01046797 0.01309341
v 0.04799552 -0.00666352 0.01048733
v 0.04799552 -0.00041865 0.01094305
v 0.04799552 0.00553887 0.01144239
v 0.04799552 -0.02995185 0.01123812
v 0.04408341 -0.03177216 0.00355482
v 0.04799552 -0.03182490 0.00344147
v 0.04096744 -0.03161103 -0.00476196
v 0.04406046 -0.03158003 -0.00490036
v 0.04045365 -0.02938496 -0.01254202
v 0.03796707 -0.02944331 -0.01233646
v 0.03613419 -0.02957392 -0.01208512
v 0.03694095 -0.02593281 -0.01864805
v 0.03486405 -0.02604292 -0.01850286
v 0.03283316 -0.02620844 -0.01825121
v 0.03232620 -0.02208418 -0.02310210
v 0.03430228 -0.02198847 -0.02316930
v 0.03173844 -0.01680879 -0.02714256
v 0.03345389 -0.01702143 -0.02700743
v 0.03347855 -0.01087031 -0.03002823
v 0.03498258 -0.01108100 -0.02993381
v 0.03447806 -0.00499946 -0.03153002
v 0.03588602 -0.00508125 -0.03150697
v 0.03310953 -0.00489277 -0.03155678
v 0.03335831 0.00079107 -0.03193822
v 0.03470145 0.00086895 -0.03192823
v 0.03217240 0.00070098 -0.03194799
v 0.03187882 -0.00475923 -0.03158973
v 0.03195291 0.00068633 -0.03316720
v 0.03156363 -0.00491865 -0.03284247
v 0.03194522 0.00064995 -0.03462033
v 0.03152640 -0.00511836 -0.03429288
v 0.03193680 0.00060552 -0.03600703
v 0.03149161 -0.00529340 -0.03573491
v 0.03194132 0.00054742 -0.03747566
v 0.03121976 0.00667095 -0.03709944
v 0.03146524 -0.00545527 -0.03721553
v 0.03194351 0.00046831 -0.03910657
v 0.03120719 0.00668877 -0.03872139
v 0.03122366 0.00664410 -0.04091102
v 0.02925638 0.01278741 -0.04042702
v 0.02923197 0.01279229 -0.03797544
v 0.02934183 0.01261333 -0.04389668
v 0.02630203 0.01811065 -0.04370511
v 0.02617557 0.01828863 -0.03990132
v 0.02246756 0.02268145 -0.04361342
v 0.02240677 0.02273052 -0.03968879
v 0.01767923 0.02657867 -0.03997992
v 0.01765286 0.02660137 -0.04374185
v 0.01138199 0.02980254 -0.04056667
v 0.01129178 0.02981573 -0.03811476
v 0.01140091 0.02981890 -0.04393372
v 0.00388492 0.03169512 -0.04108210
v 0.00384915 0.03170147 -0.03885333
v -0.00415683 0.03164556 -0.04104858
v -0.00410519 0.03163824 -0.03879748
v 0.00380094 0.03171099 -0.03731106
v -0.01183261 0.02962798 -0.04050780
v -0.01174557 0.02963994 -0.03804647
v -0.00404953 0.03165386 -0.03728266
v -0.01182675 0.02965069 -0.04391503
v -0.01820712 0.02623492 -0.04369192
v -0.01823617 0.02621343 -0.03985767
v -0.02302035 0.02212774 -0.04359726
v -0.02313986 0.02204449 -0.04798733
v -0.02701498 0.01708257 -0.04798733
v -0.01996029 0.01857915 -0.04798733
v -0.02337924 0.01413067 -0.04798733
v -0.01689206 0.01511187 -0.04798733
v -0.01986996 0.01109331 -0.04798733
v -0.01379208 0.01153326 -0.04798733
v -0.01641672 0.00797539 -0.04798733
v -0.01090878 0.00826983 -0.04798733
v -0.01328671 0.00510381 -0.04798733
v -0.00808078 0.00545562 -0.04798733
v -0.01031601 0.00243169 -0.04798733
v -0.01233639 -0.00104731 -0.04798733
v -0.00749814 0.00017046 -0.04798733
v -0.00947934 -0.00335200 -0.04798733
v -0.01144589 -0.00725190 -0.04798733
v -0.00663791 -0.00539179 -0.04798733
v -0.00857406 -0.00939814 -0.04798733
v -0.01358847 -0.01139472 -0.04798733
v -0.01062582 -0.01362397 -0.04798733
v -0.01608066 -0.01551948 -0.04798733
v -0.01289059 -0.01791816 -0.04798733
v -0.01886935 -0.01942085 -0.04798733
v -0.01537509 -0.02211811 -0.04798733
v -0.02196347 -0.02325581 -0.04798733
v -0.02521835 -0.01967915 -0.04798733
v -0.01814572 -0.02636006 -0.04798733
v -0.01819638 -0.02628486 -0.04370891
v -0.02187802 -0.02330756 -0.04359717
v -0.02500204 -0.01990962 -0.04362394
v -0.02485739 -0.02007465 -0.03971013
v -0.02770102 -0.01594013 -0.04012771
v -0.02180136 -0.02337397 -0.03961613
v -0.02476742 -0.02014277 -0.03650903
v -0.02770395 -0.01589936 -0.03734759
v -0.02776779 -0.01581172 -0.03538329
v -0.03005917 -0.01079731 -0.03653187
v -0.03000241 -0.01091084 -0.03822334
v -0.03011276 -0.01064057 -0.03497339
v -0.03149216 -0.00527802 -0.03588202
v -0.03152743 -0.00511982 -0.03446658
v -0.03196066 0.00030498 -0.03475970
v -0.03156247 -0.00496284 -0.03311748
v -0.03197665 0.00034966 -0.03342421
v -0.03160312 -0.00478315 -0.03186999
v -0.03198239 0.00037432 -0.03222726
v -0.03283017 -0.00491328 -0.03156598
v -0.03314303 0.00043853 -0.03196008
v -0.03148398 0.00547930 -0.03173754
v -0.03271713 0.00566167 -0.03143818
v -0.03457150 0.00048516 -0.03194699
v -0.03419906 0.00591363 -0.03138161
v -0.03597507 0.00053252 -0.03193538
v -0.03563180 0.00611455 -0.03134215
v -0.03473971 0.01136309 -0.02982786
v -0.03743014 0.00059844 -0.03193448
v -0.03711703 0.00630767 -0.03129625
v -0.03634262 0.01162725 -0.02973912
v -0.03870541 0.00649248 -0.03124402
v -0.03809225 0.01186919 -0.02962940
v -0.03717367 0.01656451 -0.02725723
v -0.03518442 0.01639043 -0.02739736
v -0.03997543 0.01674493 -0.02716341
v -0.03952597 0.02055718 -0.02439797
v -0.03635287 0.02044634 -0.02447526
v -0.03616342 0.02347906 -0.02163117
v -0.03947348 0.02362847 -0.02144260
v -0.03692087 0.02656719 -0.01765553
v -0.03990353 0.02666753 -0.01753410
v -0.03794858 0.02939239 -0.01240808
v -0.03612655 0.02939605 -0.01243752
v -0.04049057 0.02943584 -0.01231653
v -0.03878219 0.03131060 -0.00615065
v -0.03709701 0.03132769 -0.00612582
v -0.03739267 0.03192388 0.00064626
v -0.03590622 0.03192217 0.00064866
v -0.03558652 0.03133990 -0.00607777
v -0.03692575 0.03107403 0.00730387
v -0.03537863 0.03108868 0.00724288
v -0.03450302 0.03193316 0.00064800
v -0.03389914 0.03112456 0.00716929
v -0.03408407 0.02903741 0.01326957
v -0.03231711 0.02908306 0.01318368
v -0.03582870 0.02901079 0.01333557
v -0.03442929 0.02614019 0.01833825
v -0.03225888 0.02619146 0.01825994
v -0.03347812 0.02313311 0.02202860
v -0.03101608 0.02315679 0.02200472
v -0.03181442 0.01974786 0.02510697
v -0.03405295 0.01977959 0.02509802
v -0.03368551 0.01499590 0.02821009
v -0.03191318 0.01486138 0.02828154
v -0.03553122 0.01512041 0.02814633
v -0.03513803 0.00962994 0.03046555
v -0.03361130 0.00945293 0.03053325
v -0.03449777 0.00381914 0.03174326
v -0.03301401 0.00370879 0.03177429
v -0.03200070 0.00922149 0.03061292
v -0.03460470 -0.00205756 0.03189780
v -0.03314511 -0.00202998 0.03190219
v -0.03178403 0.00362945 0.03200298
v -0.03189706 -0.00201142 0.03220146
v -0.03219662 -0.00793672 0.03097598
v -0.03097885 -0.00790058 0.03135296
v -0.03189010 -0.00208906 0.03337416
v -0.03089975 -0.00818745 0.03262761
v -0.02840304 -0.01465571 0.03075273
v -0.02856296 -0.01435957 0.02930797
v -0.02387094 -0.02126753 0.02852943
v -0.02989633 -0.01400630 0.02874327
v -0.03178024 -0.01415742 0.02866345
v -0.02877133 -0.01975263 0.02513562
v -0.03130099 -0.01970893 0.02516030
v -0.03052255 -0.02379096 0.02136445
v -0.02803927 -0.02402339 0.02109983
v -0.03036703 -0.02743842 0.01643349
v -0.02834067 -0.02771821 0.01600847
v -0.03241196 -0.02720088 0.01680150
v -0.03256100 -0.02998823 0.01110423
v -0.03087387 -0.03013154 0.01073113
v -0.03227414 -0.03156049 0.00515818
v -0.03153720 -0.03238520 0.00519280
v -0.03006174 -0.03111665 0.01086092
v -0.02991159 -0.03275263 0.01125380
v -0.02714255 -0.03077192 0.01687077
v -0.03149667 -0.03390962 0.00540512
v -0.02977499 -0.03441450 0.01157516
v -0.02694967 -0.03268842 0.01716670
v -0.02322018 -0.03116010 0.02196651
v -0.02682467 -0.03468916 0.01737676
v -0.02322946 -0.03355683 0.02194947
v -0.01916147 -0.03423994 0.02558893
v -0.01900314 -0.03207075 0.02570592
v -0.02319845 -0.03607319 0.02196774
v -0.01925729 -0.03657099 0.02548436
v -0.02316745 -0.03939228 0.02198919
v -0.01932590 -0.03962885 0.02542312
v -0.01442111 -0.03767964 0.02851328
v -0.01427096 -0.03571943 0.02860938
v -0.01404013 -0.03391548 0.02871030
v -0.01374313 -0.03219160 0.02886206
v -0.01335104 -0.03048530 0.02906848
v -0.01872458 -0.02993891 0.02590646
v -0.01316061 -0.02917915 0.02964993
v -0.00891147 -0.03865424 0.03068549
v -0.01453256 -0.04031635 0.02846063
v -0.00904928 -0.04095258 0.03065087
v -0.00290695 -0.03922016 0.03183636
v -0.00303964 -0.04137055 0.03183052
v -0.00911044 -0.04414228 0.03062817
v -0.00319699 -0.04432270 0.03180314
v 0.00315140 -0.04432905 0.03180837
v 0.00338968 -0.04135273 0.03179118
v 0.00280826 -0.04802241 0.03187448
v 0.00928653 -0.04802241 0.03063407
v 0.00974906 -0.04408662 0.03041661
v 0.01553922 -0.04802241 0.02795898
v 0.01606644 -0.04371040 0.02760323
v 0.02108621 -0.04802241 0.02403280
v 0.02141788 -0.04344599 0.02368709
v 0.02576029 -0.04802241 0.01892668
v 0.02582071 -0.04349091 0.01877220
v 0.02951871 -0.04802241 0.01234493
v 0.02947989 -0.04377192 0.01226493
v 0.03164798 -0.04401850 0.00433096
v 0.03166055 -0.04802241 0.00436857
v 0.03171695 -0.04802241 -0.00396247
v 0.03167935 -0.04401728 -0.00403957
v 0.03166947 -0.04083466 -0.00407129
v 0.02970340 -0.04379609 -0.01168964
v 0.02970596 -0.04033979 -0.01169838
v 0.02973929 -0.03788423 -0.01162696
v 0.02642105 -0.03967451 -0.01790876
v 0.02645084 -0.03667060 -0.01784523
v 0.02652701 -0.03438569 -0.01778597
v 0.02268424 -0.03600361 -0.02249722
v 0.02269290 -0.03354023 -0.02249822
v 0.02663040 -0.03223676 -0.01762709
v 0.02268326 -0.03103559 -0.02250056
v 0.02679984 -0.03007026 -0.01737323
v 0.01813834 -0.03243379 -0.02627413
v 0.01791373 -0.03056123 -0.02643446
v 0.01829337 -0.03449848 -0.02616996
v 0.01293936 -0.03596674 -0.02918805
v 0.01274075 -0.03432563 -0.02927288
v 0.01831156 -0.03670307 -0.02612036
v 0.01304740 -0.03781416 -0.02911489
v 0.00743094 -0.03860395 -0.03102467
v 0.00736246 -0.03698090 -0.03106871
v 0.01829581 -0.03970551 -0.02613547
v 0.01307962 -0.04036567 -0.02910124
v 0.00744449 -0.04086958 -0.03102240
v 0.00176883 -0.04117353 -0.03189079
v 0.00181619 -0.03906489 -0.03188719
v 0.01293387 -0.04384272 -0.02917564
v 0.00732376 -0.04407758 -0.03107557
v 0.00163126 -0.04418940 -0.03188679
v -0.00390512 -0.04416206 -0.03168975
v -0.00377182 -0.04111225 -0.03171247
v 0.00703555 -0.04802241 -0.03117280
v 0.00138577 -0.04802241 -0.03191903
v -0.00401925 -0.04802241 -0.03170298
v -0.00914755 -0.04802241 -0.03064601
v -0.00725314 -0.04802241 -0.02623943
v -0.01126156 -0.04802241 -0.02444424
v -0.00486337 -0.04802241 -0.02228821
v -0.00824496 -0.04802241 -0.02056896
v -0.01152743 -0.04802241 -0.01842270
v -0.00483603 -0.04802241 -0.01716937
v -0.00774545 -0.04802241 -0.01511380
v -0.01040085 -0.04802241 -0.01280091
v -0.00402695 -0.04802241 -0.01222471
v -0.00641720 -0.04802241 -0.01005862
v -0.00846860 -0.04802241 -0.00784391
v -0.00284726 -0.04802241 -0.00744685
v -0.00471384 -0.04802241 -0.00540391
v -0.00640121 -0.04802241 -0.00334207
v -0.00176657 -0.04802241 -0.00291838
v -0.00358212 -0.04802241 -0.00099186
v -0.00535458 -0.04802241 0.00060725
v 0.00068411 -0.04802241 -0.00041807
v -0.00130551 -0.04802241 0.00149297
v -0.00354526 -0.04802241 0.00317496
v -0.00666830 -0.04802241 0.00476812
v -0.00160055 -0.04802241 0.00608966
v -0.00498373 -0.04802241 0.00778388
v -0.00892660 -0.04802241 0.00936982
v -0.00294711 -0.04802241 0.01097098
v -0.00693051 -0.04802241 0.01257823
v -0.01119272 -0.04802241 0.01425646
v -0.00462314 -0.04802241 0.01591939
v -0.00874289 -0.04802241 0.01747185
v -0.01277524 -0.04802241 0.01967907
v -0.00225302 -0.04802241 0.01950070
v -0.00055429 -0.04802241 0.01439907
v 0.00198587 -0.04802241 0.01808467
v -0.00011337 -0.04802241 0.02337176
v 0.00458170 -0.04802241 0.02205338
v 0.00149820 -0.04802241 0.02741210
v 0.00698282 -0.04802241 0.02612819
v -0.00337143 -0.04802241 0.03182442
v 0.00927567 -0.04802241 0.02008233
v 0.01236832 -0.04802241 0.02386815
v 0.01376322 -0.04802241 0.01729773
v 0.01741519 -0.04802241 0.02070985
v 0.01784976 -0.04802241 0.01373321
v 0.02179727 -0.04802241 0.01632241
v 0.02082034 -0.04802241 0.00889704
v 0.02501798 -0.04802241 0.01050225
v 0.02668277 -0.04802241 0.00373036
v 0.02218582 -0.04802241 0.00314648
v 0.02670780 -0.04802241 -0.00329898
v 0.02219205 -0.04802241 -0.00275941
v 0.02508304 -0.04802241 -0.00980758
v 0.02978311 -0.04802241 -0.01160863
v 0.02648636 -0.04802241 -0.01792230
v 0.02641507 -0.04351606 -0.01791997
v 0.02255118 -0.04337617 -0.02260021
v 0.02263919 -0.03931733 -0.02252084
v 0.01812833 -0.04355415 -0.02626073
v 0.02244681 -0.04802241 -0.02277449
v 0.01784354 -0.04802241 -0.02654260
v 0.01260709 -0.04802241 -0.02937852
v 0.01457193 -0.04802241 -0.02284813
v 0.01012381 -0.04802241 -0.02538842
v 0.01125186 -0.04802241 -0.01954181
v 0.00736551 -0.04802241 -0.02181962
v 0.00548905 -0.04802241 -0.02701167
v 0.00785867 -0.04802241 -0.01654934
v 0.00430435 -0.04802241 -0.01882194
v 0.00472476 -0.04802241 -0.01401177
v 0.00140958 -0.04802241 -0.01647398
v -0.00139963 -0.04802241 -0.01433016
v -0.00184897 -0.04802241 -0.01906151
v 0.00190604 -0.04802241 -0.01171640
v 0.00479776 -0.04802241 -0.00908573
v 0.00227164 -0.04802241 -0.00693415
v -0.00060544 -0.04802241 -0.00955363
v 0.00784744 -0.04802241 -0.01141720
v 0.01037320 -0.04802241 -0.00860346
v 0.00700247 -0.04802241 -0.00638624
v 0.01123599 -0.04802241 -0.01388930
v 0.01416593 -0.04802241 -0.01072712
v 0.01644351 -0.04802241 -0.00687520
v 0.01492301 -0.04802241 -0.01663450
v 0.01817862 -0.04802241 -0.01296561
v 0.01860391 -0.04802241 -0.01955919
v 0.02223721 -0.04802241 -0.01526093
v 0.02074491 -0.04802241 -0.00828987
v 0.01772647 -0.04802241 -0.00235592
v 0.01767020 -0.04802241 0.00245459
v 0.01625968 -0.04802241 0.00703532
v 0.01199124 -0.04802241 0.00502860
v 0.00986063 -0.04802241 0.00806294
v 0.00624356 -0.04802241 0.00505852
v 0.00800455 -0.04802241 0.00254120
v 0.01369083 -0.04802241 0.01086177
v 0.01021817 -0.04802241 0.01395846
v 0.00689810 -0.04802241 0.01060445
v 0.00328507 -0.04802241 0.01269061
v 0.00371622 -0.04802241 0.00733556
v 0.00627164 -0.04802241 0.01630033
v 0.00067642 -0.04802241 0.00926595
v 0.00104630 -0.04802241 0.00423595
v 0.00309879 -0.04802241 0.00214385
v 0.00476822 -0.04802241 -0.00000229
v 0.00253153 -0.04802241 -0.00235481
v 0.00450553 -0.04802241 -0.00431774
v 0.00012760 -0.04802241 -0.00488438
v -0.01553097 -0.04802241 0.01645748
v -0.01621445 -0.04802241 0.02250147
v -0.01951559 -0.04802241 0.01913011
v -0.01785837 -0.04802241 0.01291136
v -0.01329880 -0.04802241 0.01100096
v -0.02238949 -0.04802241 0.01514839
v -0.02002719 -0.04802241 0.00886595
v -0.01510214 -0.04802241 0.00751323
v -0.01643490 -0.04802241 0.00382407
v -0.01056540 -0.04802241 0.00620145
v -0.02135519 -0.04802241 0.00446050
v -0.01665561 -0.04802241 -0.00016109
v -0.02159628 -0.04802241 -0.00030004
v -0.02095907 -0.04802241 -0.00494418
v -0.01607699 -0.04802241 -0.00393769
v -0.01940597 -0.04802241 -0.00913354
v -0.01470248 -0.04802241 -0.00723315
v -0.01720187 -0.04802241 -0.01275639
v -0.01272299 -0.04802241 -0.01022727
v -0.01023910 -0.04802241 -0.00542708
v -0.02160971 -0.04802241 -0.01549780
v -0.01857931 -0.04802241 -0.01908390
v -0.01456161 -0.04802241 -0.01582960
v -0.02251840 -0.04802241 -0.02271768
v -0.01850729 -0.04802241 -0.02605695
v -0.01509604 -0.04802241 -0.02205288
v -0.01869540 -0.04353510 -0.02587528
v -0.01414584 -0.04377387 -0.02861021
v -0.01402426 -0.04802241 -0.02871247
v -0.01410336 -0.04026557 -0.02863660
v -0.00906064 -0.04076753 -0.03061917
v -0.00915439 -0.04400703 -0.03058688
v -0.00888156 -0.03852363 -0.03066825
v -0.00363266 -0.03891108 -0.03172846
v -0.00868222 -0.03685078 -0.03073754
v -0.00352572 -0.03736982 -0.03175648
v 0.00182218 -0.03743916 -0.03188471
v -0.00340365 -0.03590595 -0.03176119
v 0.00180985 -0.03597505 -0.03187563
v 0.00722208 -0.03547309 -0.03110214
v 0.00178909 -0.03456831 -0.03188496
v 0.00702188 -0.03403559 -0.03116536
v 0.01246317 -0.03273676 -0.02939995
v 0.00676883 -0.03256831 -0.03124332
v 0.01208255 -0.03117500 -0.02956417
v 0.01165701 -0.02977680 -0.03000994
v 0.01682742 -0.02748432 -0.02715898
v 0.00656131 -0.03133003 -0.03154864
v 0.01192923 -0.02966010 -0.03134265
v 0.01693643 -0.02709174 -0.02895570
v 0.01717594 -0.02693330 -0.03089656
v 0.02139456 -0.02368891 -0.02903433
v 0.02132462 -0.02378315 -0.02673350
v 0.02482584 -0.02007954 -0.02689035
v 0.02465848 -0.02027143 -0.02927328
v 0.02787296 -0.01565376 -0.02943236
v 0.02846378 -0.01562080 -0.02790917
v 0.02767471 -0.01591743 -0.03132265
v 0.03024161 -0.01038007 -0.03161090
v 0.03065665 -0.01018037 -0.03031680
v 0.03203031 -0.01057173 -0.03015598
v 0.03011136 -0.01068134 -0.03318980
v 0.02755399 -0.01612324 -0.03320018
v 0.02999857 -0.01093061 -0.03476885
v 0.02747098 -0.01628681 -0.03507103
v 0.02992484 -0.01114423 -0.03636021
v 0.02737894 -0.01643745 -0.03716782
v 0.02983695 -0.01131245 -0.03809195
v 0.02731925 -0.01657099 -0.04003334
v 0.02979288 -0.01147651 -0.04052822
v 0.03143973 -0.00560175 -0.03878971
v 0.03141580 -0.00577485 -0.04099006
v 0.02977078 -0.01159150 -0.04390915
v 0.03138150 -0.00594843 -0.04406060
v 0.03193521 0.00016631 -0.04412851
v 0.03195194 0.00035137 -0.04116814
v 0.03199222 -0.00009101 -0.04798733
v 0.03138809 0.00617046 -0.04798733
v 0.03126724 0.00647930 -0.04404558
v 0.02712833 0.00487432 -0.04798733
v 0.02577384 0.01013140 -0.04798733
v 0.02953519 0.01227495 -0.04798733
v 0.02311295 0.01504595 -0.04798733
v 0.02654984 0.01782720 -0.04798733
v 0.01952506 0.01922661 -0.04798733
v 0.02259708 0.02262871 -0.04798733
v 0.01497745 0.02255035 -0.04798733
v 0.01760074 0.02668828 -0.04798733
v 0.01129935 0.02987871 -0.04798733
v 0.00949747 0.02523150 -0.04798733
v 0.00383048 0.03171978 -0.04798733
v 0.00388980 0.03167876 -0.04409459
v 0.00317691 0.02673272 -0.04798733
v -0.00351022 0.02690948 -0.04798733
v -0.00408456 0.03168365 -0.04798733
v -0.00999863 0.02538311 -0.04798733
v -0.01169528 0.02974053 -0.04798733
v -0.00416000 0.03164654 -0.04410278
v -0.01813559 0.02632281 -0.04798733
v -0.01551633 0.02237945 -0.04798733
v -0.00834274 0.02114214 -0.04798733
v -0.01309762 0.01850323 -0.04798733
v -0.00662399 0.01664702 -0.04798733
v -0.01050351 0.01448540 -0.04798733
v -0.00223129 0.01770513 -0.04798733
v -0.00288351 0.02247686 -0.04798733
v 0.00267533 0.02221636 -0.04798733
v 0.00217105 0.01763457 -0.04798733
v 0.00652420 0.01653887 -0.04798733
v 0.00159317 0.01307622 -0.04798733
v 0.00801309 0.02090020 -0.04798733
v 0.01270572 0.01857305 -0.04798733
v 0.01041971 0.01454278 -0.04798733
v 0.01379825 0.01184551 -0.04798733
v 0.00831558 0.01054790 -0.04798733
v 0.00501859 0.01218877 -0.04798733
v 0.01663016 0.01567339 -0.04798733
v 0.01983280 0.01206573 -0.04798733
v 0.01656510 0.00867608 -0.04798733
v 0.01418204 0.00551470 -0.04798733
v 0.01139237 0.00823516 -0.04798733
v 0.02213931 0.00807574 -0.04798733
v 0.01217044 0.00241949 -0.04798733
v 0.00925992 0.00473101 -0.04798733
v 0.00735050 0.00130987 -0.04798733
v 0.00448758 0.00281109 -0.04798733
v 0.00635379 0.00656792 -0.04798733
v 0.00343057 0.00781841 -0.04798733
v 0.00172269 0.00392339 -0.04798733
v 0.00057852 0.00856280 -0.04798733
v -0.00096103 0.00485772 -0.04798733
v -0.00010153 0.00030450 -0.04798733
v -0.00278219 0.00156890 -0.04798733
v -0.00540463 0.00322954 -0.04798733
v -0.00472030 -0.00175898 -0.04798733
v -0.00196286 -0.00325483 -0.04798733
v -0.00380185 -0.00706367 -0.04798733
v -0.00085190 -0.00831074 -0.04798733
v -0.00560055 -0.01117719 -0.04798733
v -0.00251401 -0.01253413 -0.04798733
v -0.00743576 -0.01551728 -0.04798733
v -0.00410214 -0.01696089 -0.04798733
v -0.00938547 -0.01994404 -0.04798733
v -0.00566134 -0.02149018 -0.04798733
v -0.01145334 -0.02434760 -0.04798733
v -0.00714902 -0.02603364 -0.04798733
v -0.00875351 -0.03077973 -0.04798733
v -0.01369223 -0.02890473 -0.04798733
v -0.00879672 -0.03073017 -0.04401966
v -0.01377865 -0.02884297 -0.04386859
v -0.00873813 -0.03073115 -0.04081808
v -0.01375851 -0.02884858 -0.04035814
v -0.01819577 -0.02628462 -0.03990101
v -0.01360727 -0.02890278 -0.03780106
v -0.01805844 -0.02633222 -0.03687595
v -0.01340072 -0.02901069 -0.03595820
v -0.01790890 -0.02646943 -0.03469519
v -0.02172897 -0.02342109 -0.03629271
v -0.02165463 -0.02349873 -0.03382848
v -0.02474008 -0.02021064 -0.03416033
v -0.01768515 -0.02659712 -0.03277159
v -0.02159665 -0.02356318 -0.03161580
v -0.02473324 -0.02019795 -0.03197728
v -0.02781869 -0.01569380 -0.03352795
v -0.02476388 -0.02015278 -0.02968511
v -0.02790915 -0.01553584 -0.03173695
v -0.02803232 -0.01534321 -0.03000030
v -0.03031027 -0.01019453 -0.03200383
v -0.03020163 -0.01044282 -0.03346010
v -0.03042770 -0.00992964 -0.03064608
v -0.02815573 -0.01517597 -0.02840709
v -0.03168576 -0.01031977 -0.03026021
v -0.03123092 -0.01636909 -0.02744399
v -0.03323776 -0.01068574 -0.03011351
v -0.03428378 -0.00509345 -0.03153442
v -0.03473300 -0.01097651 -0.02999726
v -0.03569967 -0.00522163 -0.03150609
v -0.03634714 -0.01121455 -0.02991608
v -0.03717770 -0.00532002 -0.03149547
v -0.03815280 -0.01140205 -0.02981584
v -0.03885727 -0.00538398 -0.03147622
v -0.03906735 0.00068413 -0.03193010
v -0.04094345 -0.00538789 -0.03147332
v -0.04110629 0.00080889 -0.03192308
v -0.04090158 0.00672051 -0.03118935
v -0.04415048 0.00098760 -0.03190631
v -0.04406674 0.00697173 -0.03115242
v -0.04049435 0.01211797 -0.02952895
v -0.04386947 0.01233037 -0.02943004
v -0.04800448 0.00725567 -0.03111312
v -0.04800448 0.01252251 -0.02940996
v -0.04800448 0.01682110 -0.02715469
v -0.04365829 0.01682476 -0.02710800
v -0.04800448 0.02061675 -0.02441674
v -0.04348630 0.02060210 -0.02436099
v -0.04346884 0.02377593 -0.02126372
v -0.04800448 0.02398980 -0.02108685
v -0.04364169 0.02681963 -0.01728400
v -0.04800448 0.02706182 -0.01696918
v -0.04388339 0.02951372 -0.01212650
v -0.04800448 0.02967559 -0.01185980
v -0.04409836 0.03134673 -0.00607029
v -0.04095798 0.03131963 -0.00613384
v -0.04800448 0.03140337 -0.00595434
v -0.04415976 0.03190679 0.00061868
v -0.04113693 0.03192364 0.00063561
v -0.04404404 0.03107891 0.00728266
v -0.04085409 0.03104204 0.00733450
v -0.03905209 0.03192266 0.00063966
v -0.03857260 0.03104253 0.00732803
v -0.04031662 0.02897881 0.01334140
v -0.03774875 0.02897222 0.01335369
v -0.03971652 0.02611089 0.01834596
v -0.03669967 0.02609063 0.01834944
v -0.03936423 0.02308037 0.02205606
v -0.03604330 0.02309576 0.02205094
v -0.03644723 0.01977007 0.02508399
v -0.03958896 0.01970269 0.02512539
v -0.03749325 0.01517901 0.02808717
v -0.04025253 0.01519341 0.02809072
v -0.03842624 0.00986285 0.03035947
v -0.03672824 0.00977373 0.03041496
v -0.04085824 0.00992998 0.03034094
v -0.03902487 0.00407696 0.03169228
v -0.03745370 0.00400371 0.03171327
v -0.03918442 -0.00203535 0.03188333
v -0.03754794 -0.00207099 0.03189806
v -0.03595407 0.00391411 0.03171247
v -0.03604513 -0.00207758 0.03189188
v -0.03691049 -0.00828608 0.03087892
v -0.03529611 -0.00821284 0.03088784
v -0.03555270 -0.01433125 0.02858296
v -0.03361239 -0.01426240 0.02860346
v -0.03375607 -0.00809931 0.03092757
v -0.03757956 -0.01432124 0.02856842
v -0.03625412 -0.01954463 0.02528882
v -0.03379318 -0.01963667 0.02523988
v -0.03579550 -0.02353266 0.02164854
v -0.03320932 -0.02366987 0.02150974
v -0.03449606 -0.02706245 0.01704063
v -0.03672409 -0.02692866 0.01722906
v -0.03599130 -0.02977705 0.01164819
v -0.03424814 -0.02985957 0.01140659
v -0.03794443 -0.02968501 0.01185803
v -0.03698056 -0.03147236 0.00563584
v -0.03537961 -0.03149091 0.00550377
v -0.03571139 -0.03196479 -0.00070983
v -0.03416867 -0.03197895 -0.00067982
v -0.03379001 -0.03152534 0.00534527
v -0.03362558 -0.03127168 -0.00671158
v -0.03207333 -0.03134516 -0.00644656
v -0.03265744 -0.03198530 -0.00064962
v -0.03132870 -0.03212739 -0.00643418
v -0.03196774 -0.03273798 -0.00063555
v -0.03126315 -0.03368745 -0.00666574
v -0.03196005 -0.03427461 -0.00064773
v -0.03119797 -0.03529536 -0.00686349
v -0.03194699 -0.03578486 -0.00065086
v -0.03116025 -0.03690547 -0.00701654
v -0.03195285 -0.03735957 -0.00065219
v -0.03145895 -0.03547016 0.00558757
v -0.03143686 -0.03707563 0.00574329
v -0.02968649 -0.03614057 0.01184025
v -0.03194699 -0.03901753 -0.00064505
v -0.03139877 -0.03884980 0.00589400
v -0.02958224 -0.03801557 0.01206231
v -0.02670553 -0.03686982 0.01752071
v -0.02951266 -0.04051215 0.01222958
v -0.02663681 -0.03984785 0.01764295
v -0.02660727 -0.04362251 0.01768120
v -0.02313180 -0.04344697 0.02202499
v -0.01925693 -0.04355146 0.02546723
v -0.02314755 -0.04802241 0.02207115
v -0.01907150 -0.04802241 0.02566384
v -0.01436569 -0.04802241 0.02857626
v -0.01451083 -0.04383100 0.02845906
v -0.00910641 -0.04802241 0.03068160
v -0.01245810 -0.04802241 0.02540671
v -0.02667575 -0.04802241 0.01768395
v -0.02947201 -0.04391157 0.01230803
v -0.02953537 -0.04802241 0.01232864
v -0.02484506 -0.04802241 0.01050543
v -0.03137790 -0.04418379 0.00607687
v -0.03141232 -0.04802241 0.00610186
v -0.02635043 -0.04802241 0.00521857
v -0.03197494 -0.04802241 -0.00058762
v -0.02663827 -0.04802241 -0.00043875
v -0.02593051 -0.04802241 -0.00601495
v -0.03114194 -0.04802241 -0.00721887
v -0.02906430 -0.04802241 -0.01329916
v -0.02413864 -0.04802241 -0.01114682
v -0.03110226 -0.04413496 -0.00727434
v -0.02899716 -0.04385664 -0.01336437
v -0.02609946 -0.04802241 -0.01845594
v -0.02599704 -0.04355708 -0.01851401
v -0.02901181 -0.04035908 -0.01330544
v -0.02600363 -0.03968598 -0.01849342
v -0.02255392 -0.04342329 -0.02260951
v -0.02257138 -0.03935468 -0.02259862
v -0.02607590 -0.03670625 -0.01839053
v -0.02261923 -0.03606513 -0.02257482
v -0.01861642 -0.03667915 -0.02590513
v -0.01875131 -0.03968867 -0.02582630
v -0.01848666 -0.03449018 -0.02603763
v -0.01372629 -0.03584028 -0.02883895
v -0.01392660 -0.03771235 -0.02871494
v -0.01344235 -0.03417280 -0.02896634
v -0.00845444 -0.03531416 -0.03078953
v -0.00820334 -0.03385346 -0.03086865
v -0.00326901 -0.03449653 -0.03178959
v -0.00790463 -0.03235493 -0.03095424
v -0.00312619 -0.03305024 -0.03181220
v 0.00176212 -0.03311396 -0.03188974
v -0.00302756 -0.03185981 -0.03209800
v 0.00173856 -0.03192768 -0.03214133
v -0.00309042 -0.03184834 -0.03329979
v 0.00181693 -0.03191792 -0.03338341
v -0.00317636 -0.03182710 -0.03465778
v 0.00187345 -0.03191230 -0.03473882
v 0.00699649 -0.03119428 -0.03418643
v 0.00718094 -0.03113203 -0.03561865
v 0.01240714 -0.02943745 -0.03449748
v 0.01220108 -0.02953071 -0.03290913
v 0.00677945 -0.03126753 -0.03280075
v 0.01256595 -0.02938081 -0.03616446
v 0.01740543 -0.02678535 -0.03486991
v 0.01732376 -0.02682978 -0.03285375
v 0.02144742 -0.02367939 -0.03367821
v 0.02143607 -0.02369087 -0.03143432
v 0.02455850 -0.02039546 -0.03167408
v 0.02448245 -0.02052168 -0.03387722
v 0.02140274 -0.02371162 -0.03621278
v 0.02440164 -0.02059541 -0.03635193
v 0.02437283 -0.02066035 -0.03963108
v 0.02129849 -0.02380756 -0.03958404
v 0.02438309 -0.02065669 -0.04359518
v 0.02729971 -0.01660175 -0.04373866
v 0.02441654 -0.02067085 -0.04798733
v 0.02735501 -0.01654536 -0.04798733
v 0.02978995 -0.01162397 -0.04798733
v 0.02558072 -0.01003755 -0.04798733
v 0.02693094 -0.00529756 -0.04798733
v 0.03140421 -0.00610688 -0.04798733
v 0.02139224 -0.00802485 -0.04798733
v 0.02282315 -0.00418427 -0.04798733
v 0.02753140 -0.00037324 -0.04798733
v 0.01734171 -0.00572163 -0.04798733
v 0.01878018 -0.00250337 -0.04798733
v 0.01363333 -0.00310346 -0.04798733
v 0.01517838 -0.00012397 -0.04798733
v 0.01034073 -0.00065571 -0.04798733
v 0.01193887 -0.00607002 -0.04798733
v 0.00859928 -0.00380171 -0.04798733
v 0.00555728 -0.00209272 -0.04798733
v 0.00688809 -0.00702705 -0.04798733
v 0.00382706 -0.00563130 -0.04798733
v 0.00087821 -0.00446333 -0.04798733
v 0.00265701 -0.00080366 -0.04798733
v 0.00521317 -0.01049018 -0.04798733
v 0.00217850 -0.00935737 -0.04798733
v 0.00366019 -0.01429414 -0.04798733
v 0.00061221 -0.01348652 -0.04798733
v 0.00241031 -0.01858686 -0.04798733
v -0.00073605 -0.01795966 -0.04798733
v 0.00190787 -0.02295283 -0.04798733
v -0.00180112 -0.02248237 -0.04798733
v 0.00182279 -0.02733833 -0.04798733
v -0.00264450 -0.02704096 -0.04798733
v 0.00198233 -0.03192475 -0.04798733
v -0.00333737 -0.03183930 -0.04798733
v 0.00203140 -0.03189936 -0.04416211
v -0.00340524 -0.03178388 -0.04414134
v 0.00203275 -0.03189912 -0.04122275
v -0.00340317 -0.03180268 -0.04118971
v 0.00201651 -0.03188984 -0.03916686
v -0.00336264 -0.03181196 -0.03909727
v -0.00861349 -0.03075092 -0.03855757
v -0.00330759 -0.03181880 -0.03750446
v -0.00848190 -0.03080415 -0.03693531
v -0.00325180 -0.03181001 -0.03605956
v -0.00831515 -0.03084345 -0.03543801
v -0.01315463 -0.02912470 -0.03432370
v -0.00812033 -0.03090962 -0.03398779
v -0.01285470 -0.02926020 -0.03273858
v -0.01742026 -0.02677754 -0.03090154
v -0.02144101 -0.02366303 -0.02929587
v -0.01250876 -0.02942988 -0.03118873
v -0.01710019 -0.02699214 -0.02907397
v -0.02123385 -0.02386152 -0.02710100
v -0.02480624 -0.02010420 -0.02740089
v -0.01677560 -0.02723213 -0.02733350
v -0.01216134 -0.02958735 -0.02979959
v -0.00765780 -0.03105537 -0.03130735
v -0.01261093 -0.03098432 -0.02936264
v -0.01307944 -0.03258613 -0.02913209
v -0.01794980 -0.03054072 -0.02641435
v -0.00789889 -0.03097944 -0.03258163
v 0.00193558 -0.03190547 -0.03613230
v 0.00198294 -0.03190742 -0.03755738
v 0.00743118 -0.03108100 -0.03877877
v 0.00732388 -0.03110981 -0.03709840
v 0.00749185 -0.03107392 -0.04092969
v 0.01274063 -0.02930976 -0.04044097
v 0.01267301 -0.02931318 -0.03798912
v 0.01747086 -0.02675605 -0.03990719
v 0.01746573 -0.02671357 -0.03696050
v 0.01733194 -0.02685542 -0.04370599
v 0.02118241 -0.02391523 -0.04357031
v 0.01268179 -0.02934516 -0.04389984
v 0.01707596 -0.02704756 -0.04798733
v 0.02102408 -0.02409907 -0.04798733
v 0.01785282 -0.02084760 -0.04798733
v 0.02086490 -0.01770893 -0.04798733
v 0.01477078 -0.01756391 -0.04798733
v 0.01730435 -0.01474287 -0.04798733
v 0.02343839 -0.01417573 -0.04798733
v 0.01954263 -0.01162519 -0.04798733
v 0.01362418 -0.01168720 -0.04798733
v 0.01562198 -0.00877729 -0.04798733
v 0.01146304 -0.01450825 -0.04798733
v 0.00826578 -0.01209956 -0.04798733
v 0.01012601 -0.00901362 -0.04798733
v 0.01454093 -0.02346455 -0.04798733
v 0.01041092 -0.02556049 -0.04798733
v 0.01249906 -0.02946479 -0.04798733
v 0.00615360 -0.02687934 -0.04798733
v 0.00732865 -0.03113447 -0.04798733
v 0.00746048 -0.03106928 -0.04405474
v -0.01826083 -0.03243696 -0.02619414
v -0.02259164 -0.03109443 -0.02260411
v -0.02261862 -0.03361689 -0.02258240
v -0.02630002 -0.03219819 -0.01811840
v -0.02649277 -0.03010859 -0.01785171
v -0.02617416 -0.03441621 -0.01830694
v -0.02917258 -0.03582710 -0.01300442
v -0.02927524 -0.03404292 -0.01276570
v -0.02907541 -0.03776606 -0.01316395
v -0.03111288 -0.03861006 -0.00712631
v -0.03109018 -0.04095771 -0.00723072
v -0.03194699 -0.04124677 -0.00064042
v -0.03193466 -0.04426167 -0.00062683
v -0.03138144 -0.04105341 0.00600716
v -0.02942123 -0.03227509 -0.01244684
v -0.02959396 -0.03060639 -0.01205663
v -0.03055954 -0.02959956 -0.01208967
v -0.03220602 -0.02939228 -0.01255523
v -0.03395102 -0.02921967 -0.01293311
v -0.03210715 -0.02605952 -0.01848941
v -0.03429281 -0.02589057 -0.01873218
v -0.03357272 -0.02186836 -0.02330676
v -0.03127634 -0.02189326 -0.02328666
v -0.03302634 -0.01667695 -0.02724933
v -0.03495077 -0.01690571 -0.02712479
v -0.03606698 -0.02187080 -0.02329697
v -0.03697323 -0.01704829 -0.02700656
v -0.03937338 -0.02186079 -0.02329989
v -0.03985617 -0.01716377 -0.02693990
v -0.04050741 -0.01151435 -0.02977786
v -0.04361850 -0.01713740 -0.02694124
v -0.04389010 -0.01150190 -0.02977886
v -0.04408932 -0.00530976 -0.03149242
v -0.04800448 -0.01134492 -0.02988180
v -0.04800448 -0.00511250 -0.03154348
v -0.04800448 0.00124102 -0.03192527
v -0.04800448 -0.00366889 -0.02678612
v -0.04800448 0.00182525 -0.02728323
v -0.04800448 -0.00896674 -0.02518133
v -0.04800448 -0.00635639 -0.02084631
v -0.04800448 -0.00180171 -0.02242318
v -0.04800448 -0.00339301 -0.01680093
v -0.04800448 0.00066119 -0.01852934
v -0.04800448 -0.00046211 -0.01342368
v -0.04800448 0.00330840 -0.01547299
v -0.04800448 0.00722832 -0.01750912
v -0.04800448 0.00984185 -0.01505811
v -0.04800448 0.01097930 -0.02006743
v -0.04800448 0.00598980 -0.01271937
v -0.04800448 0.00845293 -0.01004012
v -0.04800448 0.00227080 -0.01048243
v -0.04800448 0.00467779 -0.00772010
v -0.04800448 0.00664434 -0.00498462
v -0.04800448 0.00110503 -0.00529501
v -0.04800448 0.00303594 -0.00255411
v -0.04800448 0.00479253 0.00018092
v -0.04800448 0.00833575 -0.00221827
v -0.04800448 -0.00223261 -0.00271898
v -0.04800448 -0.00039619 0.00006000
v -0.04800448 0.00144073 0.00278294
v -0.04800448 0.00356304 0.00537172
v -0.04800448 0.00664043 0.00283165
v -0.04800448 -0.00394624 0.00279885
v -0.04800448 -0.00205171 0.00552992
v -0.04800448 0.00019244 0.00810002
v -0.04800448 0.00282281 0.01054830
v -0.04800448 -0.00360542 0.01106358
v -0.04800448 -0.00066718 0.01338408
v -0.04800448 0.00257134 0.01560708
v -0.04800448 -0.00429365 0.01667441
v -0.04800448 -0.00063862 0.01858031
v -0.04800448 -0.00343501 0.02222111
v -0.04800448 -0.00767426 0.02049378
v -0.04800448 -0.00564008 0.02645568
v -0.04800448 -0.00071430 0.02735039
v -0.04800448 -0.01065815 0.02460327
v -0.04800448 -0.00763252 0.03105530
v -0.04800448 -0.00159370 0.03193546
v -0.04800448 0.00426739 0.03168751
v -0.04432663 -0.00181196 0.03190637
v -0.04429513 0.00422417 0.03167569
v -0.04409250 0.00990703 0.03035945
v -0.04800448 0.00980230 0.03044312
v -0.04128830 0.00415996 0.03168450
v -0.04135763 -0.00195625 0.03189641
v -0.04414523 -0.00800044 0.03093279
v -0.04094089 -0.00820844 0.03087544
v -0.04380282 -0.01393867 0.02874574
v -0.04021493 -0.01421089 0.02861975
v -0.03860202 -0.00828047 0.03084950
v -0.04345529 -0.01911714 0.02560084
v -0.03941220 -0.01939131 0.02540233
v -0.04333420 -0.02327680 0.02189898
v -0.03919150 -0.02339301 0.02179143
v -0.03971823 -0.02682002 0.01740340
v -0.04355404 -0.02677876 0.01744651
v -0.04042514 -0.02962666 0.01201118
v -0.04386545 -0.02960175 0.01205118
v -0.04098508 -0.03143403 0.00585246
v -0.03879281 -0.03144453 0.00575852
v -0.04413742 -0.03142671 0.00589672
v -0.04120114 -0.03196186 -0.00075874
v -0.03904574 -0.03196259 -0.00074811
v -0.04090292 -0.03107050 -0.00738609
v -0.03855832 -0.03109931 -0.00725879
v -0.03729281 -0.03196674 -0.00073184
v -0.03684750 -0.03115473 -0.00712503
v -0.03767673 -0.02897822 -0.01341623
v -0.03572922 -0.02909516 -0.01322000
v -0.03522250 -0.03119965 -0.00694183
v -0.04026828 -0.02890327 -0.01358153
v -0.03957162 -0.02569892 -0.01896408
v -0.03656857 -0.02576533 -0.01884833
v -0.04350119 -0.02569209 -0.01897436
v -0.04341513 -0.02184150 -0.02330635
v -0.04800448 -0.02180879 -0.02337707
v -0.04800448 -0.01700996 -0.02706848
v -0.04800448 -0.01788520 -0.01938611
v -0.04800448 -0.01378144 -0.02263892
v -0.04800448 -0.01405073 -0.01560818
v -0.04800448 -0.01048188 -0.01851943
v -0.04800448 -0.01033100 -0.01195960
v -0.04800448 -0.00711860 -0.01462214
v -0.04800448 -0.00704633 -0.00859627
v -0.04800448 -0.00394355 -0.01116956
v -0.04800448 -0.00440693 -0.00558788
v -0.04800448 -0.00120478 -0.00812945
v -0.04800448 -0.00972163 -0.00579819
v -0.04800448 -0.00743476 -0.00293269
v -0.04800448 -0.00562544 -0.00004271
v -0.04800448 -0.01084931 -0.00038000
v -0.04800448 -0.00949970 0.00263280
v -0.04800448 -0.00798383 0.00563814
v -0.04800448 -0.00604804 0.00847811
v -0.04800448 -0.01427778 0.00526798
v -0.04800448 -0.01266743 0.00858117
v -0.04800448 -0.01044599 0.01169406
v -0.04800448 -0.00763862 0.01440717
v -0.04800448 -0.01481489 0.01507402
v -0.04800448 -0.01155537 0.01807077
v -0.04800448 -0.01520966 0.02188005
v -0.04800448 -0.01904340 0.01847583
v -0.04800448 -0.01876508 0.02590438
v -0.04800448 -0.01349799 0.02899516
v -0.04800448 -0.02319428 0.02203939
v -0.04800448 -0.02209516 0.01447643
v -0.04800448 -0.02684663 0.01742811
v -0.04800448 -0.02445600 0.00985332
v -0.04800448 -0.02967915 0.01200045
v -0.04800448 -0.03146040 0.00589813
v -0.04800448 -0.02599311 0.00478076
v -0.04800448 -0.02651289 -0.00053714
v -0.04800448 -0.03198603 -0.00072613
v -0.04422323 -0.03194819 -0.00075145
v -0.04800448 -0.02582490 -0.00595260
v -0.04800448 -0.03111738 -0.00738810
v -0.04409787 -0.03107978 -0.00744069
v -0.04800448 -0.02896235 -0.01355338
v -0.04379867 -0.02888325 -0.01363991
v -0.04800448 -0.02398872 -0.01102801
v -0.04800448 -0.02129731 -0.01553338
v -0.04800448 -0.02577754 -0.01891439
v -0.04800448 -0.01703413 -0.01225133
v -0.04800448 -0.01297505 -0.00893875
v -0.04800448 -0.02065547 0.00357618
v -0.04800448 -0.01938203 0.00765543
v -0.04800448 -0.01527631 0.00191899
v -0.04800448 -0.01741572 0.01154315
v -0.04800448 0.01488238 0.02831924
v -0.04800448 0.01217144 0.02441223
v -0.04800448 0.00802520 0.02628629
v -0.04380295 0.01509746 0.02813950
v -0.04352487 0.01952886 0.02523451
v -0.04800448 0.01928326 0.02548695
v -0.04800448 0.02306158 0.02213635
v -0.04800448 0.01938775 0.01891413
v -0.04800448 0.01598321 0.02192195
v -0.04341842 0.02304693 0.02208616
v -0.04356698 0.02618487 0.01824918
v -0.04800448 0.02636285 0.01808996
v -0.04800448 0.02916167 0.01306205
v -0.04800448 0.02235137 0.01532527
v -0.04381625 0.02903350 0.01325491
v -0.04800448 0.03113970 0.00714551
v -0.04800448 0.03194903 0.00059440
v -0.04800448 0.02656084 0.00596674
v -0.04800448 0.02481353 0.01101930
v -0.04800448 0.02720977 0.00047596
v -0.04800448 0.02239556 0.00488250
v -0.04800448 0.02086529 0.00909664
v -0.04800448 0.01862139 0.01279462
v -0.04800448 0.01503814 0.01032031
v -0.04800448 0.01582036 0.01592755
v -0.04800448 0.01228863 0.01309320
v -0.04800448 0.01263384 0.01863690
v -0.04800448 0.00917364 0.01561568
v -0.04800448 0.00923638 0.02093069
v -0.04800448 0.00590801 0.01796298
v -0.04800448 0.00901690 0.01045217
v -0.04800448 0.00586187 0.01299001
v -0.04800448 0.01175591 0.00788115
v -0.04800448 0.00889727 0.00538233
v -0.04800448 0.00604888 0.00789550
v -0.04800448 0.01173321 0.00304273
v -0.04800448 0.00992266 0.00051117
v -0.04800448 0.01370342 -0.00144723
v -0.04800448 0.01229522 -0.00435950
v -0.04800448 0.01652984 -0.00629323
v -0.04800448 0.01465435 -0.00949615
v -0.04800448 0.01055474 -0.00725661
v -0.04800448 0.01878667 -0.01184333
v -0.04800448 0.01635943 -0.01504990
v -0.04800448 0.01240288 -0.01242900
v -0.04800448 0.01367998 -0.01776532
v -0.04800448 0.02020635 -0.01793391
v -0.04800448 0.01726275 -0.02093261
v -0.04800448 0.01414361 -0.02341743
v -0.04800448 0.02285747 -0.01430697
v -0.04800448 0.02080620 -0.00809609
v -0.04800448 0.02508452 -0.00992565
v -0.04800448 0.02224029 -0.00393473
v -0.04800448 0.02663872 -0.00491483
v -0.04800448 0.02284600 0.00040068
v -0.04800448 0.01790362 -0.00289534
v -0.03023898 0.01027495 0.03671628
v -0.01487009 0.02825176 0.03359226
v -0.01449496 0.02845025 0.03188365
v -0.01974191 0.02509673 0.03184229
v -0.01396774 0.02872027 0.03016162
v -0.01370407 0.02941289 0.02888555
v -0.01841208 0.02716021 0.02616043
v -0.01410922 0.03096514 0.02866953
v -0.01445309 0.03260943 0.02848569
v -0.00385104 0.03730669 -0.03171704
v 0.04799552 0.00423931 0.02748908
v 0.02749429 -0.01628315 0.03317363
v 0.03012930 -0.01066474 0.03318084
v -0.00232626 0.04419219 0.03186765
v -0.00829635 0.04797759 0.03088455
f 1 2 3
f 1 4 5
f 1 6 7
f 8 9 10
f 8 10 11
f 8 11 12
f 13 14 15
f 13 16 17
f 13 18 19
f 20 21 22
f 20 23 24
f 20 25 21
f 26 27 28
f 26 29 30
f 26 31 32
f 33 34 35
f 33 36 34
f 33 37 38
f 33 39 40
f 41 42 43
f 41 44 42
f 41 45 46
f 47 48 49
f 47 50 51
f 47 52 53
f 54 55 56
f 54 57 58
f 54 59 60
f 61 62 63
f 61 64 62
f 61 65 64
f 61 66 65
f 61 67 66
f 68 69 70
f 68 71 69
f 68 70 72
f 68 72 73
f 68 73 7
f 74 75 76
f 74 77 75
f 74 78 3
f 74 79 78
f 80 81 82
f 80 9 83
f 80 83 81
f 80 84 10
f 85 10 86
f 85 86 87
f 85 88 89
f 85 89 11
f 90 91 92
f 90 92 93
f 90 94 95
f 90 93 96
f 90 96 94
f 97 98 99
f 97 100 98
f 97 101 100
f 97 102 15
f 97 99 102
f 103 104 105
f 103 106 104
f 103 105 107
f 103 108 17
f 103 107 108
f 109 110 111
f 109 112 110
f 109 113 112
f 109 114 19
f 109 111 114
f 115 116 117
f 115 118 119
f 115 117 120
f 121 122 123
f 121 123 124
f 121 125 126
f 127 128 129
f 127 130 131
f 127 129 132
f 133 134 135
f 133 136 137
f 133 138 136
f 139 140 141
f 139 142 143
f 139 144 140
f 145 146 147
f 145 148 149
f 145 149 146
f 150 151 152
f 150 153 154
f 150 155 156
f 157 158 159
f 157 160 161
f 157 159 162
f 163 164 165
f 163 166 167
f 163 167 164
f 168 169 170
f 168 171 172
f 168 173 174
f 175 176 36
f 175 36 40
f 175 177 178
f 175 179 177
f 180 181 182
f 180 183 184
f 180 184 185
f 183 186 187
f 183 182 188
f 183 188 186
f 66 189 190
f 66 190 191
f 66 192 189
f 5 193 194
f 5 194 195
f 5 4 196
f 5 196 193
f 12 197 9
f 12 198 199
f 12 11 200
f 12 200 198
f 94 201 202
f 94 203 204
f 94 204 201
f 205 206 207
f 205 207 208
f 205 208 209
f 205 210 211
f 205 211 212
f 210 213 214
f 210 209 215
f 210 215 213
f 216 217 218
f 216 219 220
f 216 221 217
f 222 223 224
f 222 225 226
f 222 227 223
f 228 229 230
f 228 231 232
f 228 233 234
f 235 236 237
f 235 237 238
f 235 239 240
f 241 242 243
f 241 243 244
f 241 245 246
f 247 248 249
f 247 250 248
f 247 251 252
f 253 254 255
f 253 256 257
f 253 258 254
f 259 260 261
f 259 262 260
f 259 261 263
f 264 265 266
f 264 267 265
f 264 268 269
f 269 268 270
f 269 271 272
f 269 272 267
f 273 272 274
f 273 274 275
f 273 276 267
f 276 275 277
f 276 278 279
f 279 278 280
f 279 280 281
f 279 282 283
f 282 281 284
f 282 285 265
f 285 284 286
f 285 287 266
f 288 270 268
f 288 287 289
f 288 290 270
f 291 290 292
f 291 293 294
f 291 295 270
f 295 294 296
f 295 297 271
f 297 296 298
f 297 298 299
f 299 298 300
f 299 300 301
f 299 302 303
f 301 300 304
f 301 304 305
f 301 306 302
f 306 305 307
f 306 308 274
f 308 307 309
f 308 310 275
f 310 309 311
f 310 312 277
f 313 312 314
f 313 314 315
f 313 316 277
f 315 314 317
f 315 317 318
f 315 319 316
f 319 318 320
f 319 321 280
f 321 320 322
f 321 323 281
f 323 322 324
f 323 325 284
f 325 324 326
f 325 327 286
f 328 289 287
f 328 327 329
f 328 330 289
f 331 292 290
f 331 330 332
f 331 333 292
f 334 333 335
f 334 336 337
f 334 338 292
f 338 337 339
f 338 340 293
f 340 339 341
f 340 342 294
f 342 341 343
f 342 343 344
f 343 345 346
f 343 346 347
f 347 346 348
f 347 348 349
f 347 350 344
f 349 348 351
f 349 351 352
f 349 353 350
f 352 351 354
f 352 354 355
f 352 356 353
f 356 355 357
f 356 358 304
f 358 357 256
f 358 255 305
f 357 355 359
f 357 360 256
f 360 359 361
f 360 362 257
f 363 362 219
f 363 218 364
f 363 364 258
f 364 365 366
f 364 366 367
f 366 368 369
f 366 369 311
f 369 370 371
f 369 372 312
f 371 370 373
f 371 373 374
f 371 375 372
f 374 373 376
f 374 376 377
f 374 378 375
f 378 377 379
f 378 380 317
f 380 379 381
f 380 382 318
f 382 381 24
f 382 383 320
f 383 24 23
f 383 384 322
f 384 23 22
f 384 385 324
f 385 22 386
f 385 386 326
f 387 329 327
f 387 386 388
f 387 388 329
f 389 332 330
f 389 388 390
f 389 391 332
f 392 335 333
f 392 391 393
f 392 394 335
f 395 396 336
f 395 394 397
f 395 398 396
f 399 398 400
f 399 401 402
f 399 403 396
f 404 403 405
f 404 406 337
f 404 337 336
f 406 405 407
f 406 408 339
f 408 407 409
f 408 410 341
f 410 409 411
f 410 411 412
f 411 413 414
f 411 414 415
f 415 414 416
f 415 416 417
f 415 418 412
f 417 416 419
f 417 419 420
f 417 421 418
f 420 419 422
f 420 422 423
f 420 424 421
f 423 422 425
f 423 425 426
f 423 427 424
f 427 426 361
f 427 359 354
f 426 425 428
f 426 428 220
f 428 429 430
f 428 430 221
f 430 431 432
f 430 432 433
f 432 434 435
f 432 435 436
f 436 435 437
f 436 437 438
f 436 439 433
f 439 438 368
f 439 365 217
f 438 437 440
f 438 440 370
f 441 437 442
f 441 443 444
f 441 445 440
f 444 443 446
f 444 446 447
f 444 448 445
f 448 447 449
f 448 450 376
f 450 449 451
f 450 452 377
f 452 451 453
f 452 454 379
f 454 453 455
f 454 25 381
f 453 451 456
f 453 456 457
f 457 458 455
f 457 456 459
f 457 459 460
f 460 461 458
f 460 459 462
f 460 462 463
f 463 464 461
f 463 462 465
f 463 465 466
f 466 467 464
f 466 465 468
f 466 468 469
f 469 470 393
f 469 468 471
f 469 471 470
f 472 473 397
f 472 471 474
f 472 475 473
f 475 474 476
f 475 477 478
f 477 476 479
f 477 479 89
f 479 480 481
f 479 481 482
f 481 483 484
f 481 484 485
f 484 486 487
f 484 487 488
f 488 489 485
f 488 487 490
f 488 490 491
f 491 492 489
f 491 490 493
f 491 493 494
f 494 495 496
f 494 493 497
f 494 497 495
f 498 499 495
f 498 497 500
f 498 501 502
f 502 503 499
f 502 501 504
f 502 504 505
f 505 506 503
f 505 504 507
f 505 507 508
f 508 509 506
f 508 507 510
f 508 510 511
f 511 512 509
f 511 510 513
f 511 513 514
f 514 515 512
f 514 513 516
f 514 516 517
f 517 518 515
f 517 516 519
f 517 519 520
f 520 521 518
f 520 519 154
f 520 154 521
f 522 523 524
f 522 154 153
f 522 525 523
f 526 525 527
f 526 527 528
f 526 529 530
f 530 529 531
f 530 532 533
f 530 534 523
f 534 533 535
f 534 536 524
f 537 536 538
f 537 539 540
f 537 540 521
f 541 539 542
f 541 543 544
f 541 545 540
f 544 543 546
f 544 547 548
f 544 549 545
f 548 547 550
f 548 550 551
f 548 552 549
f 551 550 553
f 551 553 554
f 551 555 552
f 554 553 556
f 554 556 557
f 554 558 555
f 557 556 559
f 557 559 560
f 557 561 558
f 560 559 562
f 560 562 563
f 560 564 561
f 563 562 565
f 563 565 566
f 563 496 564
f 566 565 567
f 566 567 568
f 566 568 492
f 567 569 570
f 567 570 197
f 570 571 572
f 570 572 573
f 572 574 575
f 572 575 83
f 575 576 577
f 575 577 578
f 577 579 580
f 577 580 581
f 581 580 582
f 581 582 583
f 581 584 578
f 584 583 585
f 584 586 81
f 586 585 587
f 586 587 82
f 588 587 589
f 588 589 590
f 588 590 84
f 590 591 592
f 590 592 593
f 592 594 595
f 592 595 593
f 595 596 597
f 595 597 86
f 597 598 402
f 597 402 87
f 599 598 600
f 599 601 405
f 599 405 403
f 601 600 602
f 601 603 409
f 603 602 604
f 603 604 413
f 604 605 606
f 604 606 607
f 606 608 609
f 606 609 610
f 610 609 611
f 610 611 612
f 610 613 607
f 612 611 614
f 612 615 616
f 612 616 613
f 617 615 618
f 617 619 620
f 617 620 419
f 621 619 622
f 621 623 624
f 621 625 422
f 624 623 626
f 624 626 431
f 624 429 625
f 626 627 628
f 626 628 434
f 628 629 630
f 628 630 631
f 630 632 633
f 630 633 634
f 634 633 635
f 634 636 443
f 634 442 631
f 635 633 637
f 635 637 638
f 635 639 636
f 639 638 640
f 639 641 446
f 641 640 642
f 641 643 447
f 643 642 644
f 643 645 449
f 644 642 646
f 644 646 647
f 644 648 645
f 647 646 649
f 647 650 651
f 647 652 648
f 651 653 652
f 651 650 654
f 651 654 655
f 655 656 653
f 655 654 657
f 655 657 658
f 658 659 656
f 658 657 660
f 658 660 661
f 661 474 659
f 661 660 662
f 661 662 476
f 662 663 664
f 662 664 480
f 664 665 666
f 664 666 483
f 666 667 668
f 666 668 486
f 668 669 670
f 668 670 671
f 670 672 673
f 670 673 674
f 674 675 671
f 674 673 676
f 674 676 677
f 677 678 675
f 677 676 679
f 677 679 680
f 680 681 678
f 680 679 682
f 680 682 683
f 683 500 681
f 683 682 684
f 683 684 685
f 685 686 501
f 685 684 687
f 685 687 688
f 688 689 686
f 688 687 690
f 688 691 137
f 691 690 692
f 691 693 137
f 693 692 694
f 693 695 134
f 695 694 696
f 695 697 135
f 697 698 699
f 697 696 156
f 696 694 700
f 696 700 151
f 700 701 702
f 700 702 152
f 702 703 704
f 702 704 705
f 704 706 707
f 704 708 705
f 708 707 709
f 708 710 527
f 710 709 711
f 710 712 528
f 713 712 714
f 713 715 531
f 713 531 529
f 716 715 717
f 716 718 719
f 716 719 532
f 719 720 721
f 719 721 533
f 720 718 722
f 720 723 129
f 723 722 724
f 723 725 132
f 726 725 727
f 726 728 729
f 726 729 130
f 729 730 731
f 729 732 130
f 732 731 733
f 732 734 131
f 735 734 736
f 735 538 536
f 735 535 128
f 736 734 737
f 736 737 542
f 736 542 539
f 738 737 739
f 738 740 546
f 738 546 543
f 741 740 742
f 741 743 744
f 741 744 547
f 745 743 746
f 745 747 748
f 745 748 550
f 749 747 750
f 749 751 752
f 749 753 748
f 752 751 754
f 752 754 755
f 752 756 753
f 755 754 757
f 755 757 758
f 755 759 756
f 758 757 760
f 758 760 761
f 758 762 759
f 761 760 763
f 761 763 571
f 761 569 762
f 763 764 765
f 763 765 574
f 765 766 767
f 765 767 576
f 767 768 769
f 767 769 579
f 769 770 771
f 769 771 772
f 771 773 774
f 771 774 775
f 775 774 776
f 775 776 777
f 775 778 772
f 777 776 779
f 777 779 780
f 777 781 778
f 781 780 782
f 781 783 582
f 783 782 784
f 783 785 583
f 785 784 786
f 785 787 585
f 787 786 788
f 787 789 790
f 790 789 791
f 790 792 793
f 790 793 794
f 795 792 796
f 795 797 798
f 795 798 589
f 798 799 800
f 798 800 591
f 800 801 802
f 800 802 594
f 802 803 804
f 802 804 596
f 804 805 600
f 804 600 598
f 805 803 806
f 805 807 602
f 807 806 808
f 807 809 608
f 809 808 810
f 809 811 608
f 810 808 812
f 810 812 813
f 810 813 811
f 813 101 14
f 813 14 114
f 814 815 816
f 814 816 100
f 814 808 806
f 816 817 818
f 816 818 819
f 818 820 821
f 818 821 822
f 822 821 823
f 822 823 824
f 822 825 819
f 825 824 826
f 825 826 827
f 826 828 829
f 826 830 828
f 831 832 833
f 831 830 834
f 831 835 832
f 836 837 832
f 836 835 838
f 836 839 840
f 840 841 837
f 840 839 842
f 840 842 843
f 843 844 841
f 843 842 120
f 843 117 845
f 846 847 848
f 846 848 849
f 846 844 850
f 850 851 847
f 850 844 852
f 850 852 853
f 853 854 851
f 853 852 855
f 853 855 856
f 856 857 854
f 856 855 858
f 856 858 859
f 859 860 857
f 859 858 161
f 859 161 160
f 861 858 862
f 861 863 864
f 861 864 158
f 864 865 866
f 864 866 867
f 866 868 867
f 866 869 868
f 870 871 868
f 870 869 872
f 870 873 871
f 874 875 871
f 874 873 876
f 874 877 878
f 878 879 875
f 878 877 880
f 878 880 881
f 881 882 879
f 881 880 883
f 881 883 884
f 884 885 882
f 884 883 886
f 884 886 887
f 887 888 885
f 887 886 889
f 887 889 890
f 890 891 888
f 890 889 788
f 890 788 786
f 892 889 893
f 892 894 791
f 892 791 789
f 895 894 896
f 895 897 796
f 895 796 792
f 897 896 898
f 897 899 900
f 898 896 901
f 898 901 902
f 898 903 899
f 903 902 904
f 903 905 823
f 905 904 834
f 905 834 830
f 906 838 835
f 906 904 907
f 906 908 838
f 909 910 839
f 909 908 911
f 909 912 910
f 913 912 914
f 913 915 120
f 913 120 842
f 915 914 916
f 915 917 118
f 917 916 918
f 917 919 119
f 920 862 921
f 920 921 116
f 920 919 863
f 919 918 865
f 918 872 869
f 918 916 872
f 922 876 873
f 922 916 914
f 922 923 876
f 924 925 877
f 924 923 911
f 924 926 927
f 927 928 925
f 927 926 929
f 927 929 930
f 930 931 928
f 930 929 901
f 930 901 932
f 929 907 902
f 926 911 908
f 923 914 912
f 932 893 931
f 932 896 894
f 933 934 935
f 933 935 936
f 933 891 937
f 937 938 934
f 937 891 784
f 937 784 782
f 939 940 941
f 939 941 942
f 939 938 943
f 943 944 940
f 943 938 780
f 943 780 779
f 945 946 947
f 945 947 948
f 945 944 949
f 949 950 946
f 949 944 951
f 949 951 952
f 952 953 950
f 952 951 954
f 952 954 955
f 955 956 953
f 955 954 957
f 955 957 958
f 958 959 960
f 958 957 961
f 958 961 959
f 962 963 964
f 962 961 965
f 962 966 963
f 965 961 773
f 965 770 967
f 965 967 93
f 967 768 968
f 967 968 969
f 968 766 970
f 968 970 971
f 971 972 969
f 971 970 973
f 971 973 974
f 974 975 976
f 974 973 977
f 974 977 975
f 978 979 980
f 978 977 981
f 978 982 979
f 983 984 985
f 983 982 750
f 983 986 984
f 987 988 989
f 987 986 746
f 987 990 988
f 991 992 993
f 991 990 742
f 991 994 992
f 995 996 992
f 995 994 739
f 995 997 998
f 998 999 996
f 998 997 731
f 998 731 730
f 1000 1001 1002
f 1000 1002 1003
f 1000 999 1004
f 1004 1005 1006
f 1004 999 730
f 1004 728 1005
f 1006 1007 1008
f 1006 1009 1001
f 1006 1005 1007
f 1010 1011 1012
f 1010 1005 727
f 1010 1013 1011
f 1014 1015 1016
f 1014 1013 724
f 1014 1017 1015
f 1018 1019 1020
f 1018 1017 1021
f 1018 1022 1019
f 1023 30 29
f 1023 1022 1024
f 1023 1025 30
f 1026 1027 1028
f 1026 1028 31
f 1026 1025 1029
f 1029 711 1027
f 1029 1025 714
f 1029 714 712
f 1030 1031 1032
f 1030 1032 1033
f 1030 711 709
f 1032 1034 1035
f 1032 1035 1036
f 1036 1035 1037
f 1036 1037 1038
f 1036 1039 1033
f 1039 1038 1040
f 1039 32 1028
f 1040 1038 1041
f 1040 1041 1042
f 1040 1043 32
f 1043 1042 1044
f 1043 1045 28
f 1045 1044 1046
f 1045 1047 1020
f 1047 1046 1016
f 1047 1016 1015
f 1048 1046 1049
f 1048 1050 1012
f 1048 1012 1011
f 1051 1050 1052
f 1051 1053 1008
f 1051 1008 1007
f 1054 1053 1055
f 1054 1056 1057
f 1054 1057 1009
f 1057 1058 1059
f 1057 1059 1060
f 1059 1061 1062
f 1059 1063 1060
f 1063 1062 1064
f 1063 1065 1002
f 1065 1064 1066
f 1065 993 1003
f 1066 1064 1067
f 1066 1067 989
f 1066 989 988
f 1068 1067 1069
f 1068 1070 985
f 1068 985 984
f 1071 1070 1072
f 1071 1073 980
f 1071 980 979
f 1074 1073 1075
f 1074 1076 976
f 1074 976 975
f 1075 1077 1078
f 1075 1078 1076
f 1075 1073 1077
f 1078 1079 1080
f 1078 1080 1081
f 1080 1082 1083
f 1080 1083 1084
f 1084 1083 1085
f 1084 1085 1086
f 1084 1087 1081
f 1087 1086 1088
f 1087 1088 201
f 1088 1089 1090
f 1088 1090 1091
f 1091 1090 1092
f 1091 1093 1094
f 1091 1094 202
f 1094 1095 1096
f 1094 1096 91
f 1096 1097 1098
f 1096 1098 1099
f 1098 1100 1101
f 1098 1101 1102
f 1102 963 1099
f 1102 1101 1103
f 1102 1103 964
f 1103 1104 1105
f 1103 1105 1106
f 1106 960 959
f 1106 1105 1107
f 1106 1107 960
f 1108 1107 1109
f 1108 1110 1111
f 1108 1111 956
f 1112 1110 1113
f 1112 1114 1115
f 1112 1115 953
f 1116 1114 1117
f 1116 1118 1119
f 1116 1119 1115
f 1117 1114 1120
f 1117 1120 1121
f 1117 1122 1118
f 1122 1121 1123
f 1122 1124 146
f 1124 1123 1125
f 1124 1126 147
f 1127 1128 148
f 1127 1126 1129
f 1127 1130 1128
f 1131 1130 1132
f 1131 1133 948
f 1131 948 947
f 1133 1132 1134
f 1133 1135 941
f 1135 1134 1136
f 1135 1137 942
f 1137 1136 245
f 1137 244 935
f 1136 1134 1138
f 1136 1138 246
f 1138 1139 1140
f 1138 1141 246
f 1141 1140 1142
f 1141 1143 1144
f 1142 1140 1145
f 1142 1146 1147
f 1142 1148 1143
f 1147 1146 1149
f 1147 1150 1151
f 1147 1152 1148
f 1151 1150 1153
f 1151 1154 162
f 1151 159 1152
f 1154 1153 1155
f 1154 1156 162
f 1157 1156 1158
f 1157 1159 1160
f 1157 860 162
f 1159 1158 1161
f 1159 1162 1163
f 1163 1162 1164
f 1163 1164 1165
f 1163 1166 1160
f 1165 1164 1167
f 1165 1167 1168
f 1165 1169 1166
f 1168 1167 1170
f 1168 1170 1171
f 1168 1172 1169
f 1171 1170 1173
f 1171 1173 1174
f 1171 1175 1172
f 1174 1173 1176
f 1174 1176 1177
f 1174 1178 1175
f 1178 1177 1179
f 1178 1180 848
f 1180 1179 1181
f 1180 1182 849
f 1181 1179 1183
f 1181 1183 1184
f 1181 833 1182
f 1184 1183 1185
f 1184 1185 829
f 1184 829 828
f 1186 1185 1187
f 1186 1187 1188
f 1186 99 827
f 1187 1189 1190
f 1187 1191 1192
f 1192 1191 1193
f 1192 1193 1194
f 1192 1194 1188
f 1194 106 16
f 1194 16 102
f 1195 1196 1197
f 1195 1197 1193
f 1195 1191 1190
f 1197 1198 1199
f 1197 1199 1200
f 1199 1201 1202
f 1199 1202 1203
f 1203 1202 1204
f 1203 1204 1205
f 1203 1206 1200
f 1206 1205 1207
f 1206 1207 1208
f 1207 1209 1210
f 1207 1210 1211
f 1211 1210 1212
f 1211 1212 1213
f 1211 1214 1208
f 1214 1213 1215
f 1214 1216 1217
f 1216 1215 1218
f 1216 1219 1217
f 1220 1221 1217
f 1220 1219 1222
f 1220 1223 1221
f 1222 1219 1218
f 1222 1224 1225
f 1222 1226 1223
f 1226 1225 1227
f 1226 1228 1229
f 1228 1227 1230
f 1228 1230 614
f 1230 1231 618
f 1230 618 615
f 1232 1231 1233
f 1232 1233 1234
f 1232 622 619
f 1234 1233 1235
f 1234 1235 629
f 1234 627 622
f 1235 1236 1237
f 1235 1237 632
f 1237 1238 1239
f 1237 1239 1240
f 1239 1241 1242
f 1239 1243 1240
f 1243 1242 1244
f 1243 1245 637
f 1245 1244 1246
f 1245 1247 638
f 1247 1246 1248
f 1247 1249 640
f 1248 1246 1250
f 1248 1250 649
f 1248 649 1249
f 1251 1250 1252
f 1251 1253 1254
f 1251 1254 650
f 1255 1253 1256
f 1255 37 1257
f 1255 1257 1254
f 1253 1252 1256
f 1258 1259 1260
f 1258 1260 38
f 1258 1252 1261
f 1261 1262 1259
f 1261 1252 1263
f 1261 1263 1264
f 1264 1265 1262
f 1264 1263 1244
f 1264 1244 1242
f 1265 1266 1267
f 1265 1242 1241
f 1266 1268 75
f 1266 1241 1268
f 1268 1269 1270
f 1268 1238 1269
f 1270 1271 1272
f 1270 1273 79
f 1270 1269 1271
f 1273 1272 1274
f 1273 1275 1276
f 1275 1274 1277
f 1275 1277 1278
f 1278 1277 1279
f 1278 1279 1280
f 1278 1280 1276
f 1280 71 6
f 1280 6 78
f 1281 1282 1283
f 1281 1283 1279
f 1281 1277 1284
f 1283 1285 1286
f 1283 1286 1287
f 1286 1288 1289
f 1286 1289 1290
f 1290 1289 1291
f 1290 1291 1292
f 1290 1293 1287
f 1293 1294 1295
f 1293 1292 1294
f 1296 1297 1298
f 1296 1292 1299
f 1296 1300 1297
f 1301 1302 1303
f 1301 1300 1304
f 1301 1305 1302
f 1306 1307 1308
f 1306 1305 1309
f 1306 1310 1307
f 1311 1312 1313
f 1311 1310 1314
f 1311 1315 1312
f 1314 1316 1317
f 1314 1318 1315
f 1314 1310 1316
f 1318 1317 1319
f 1318 1320 164
f 1320 1319 1321
f 1320 1322 165
f 1323 1322 1324
f 1323 1325 1326
f 1323 1326 166
f 1326 1327 1328
f 1326 1328 1329
f 1328 1330 1331
f 1328 1331 1332
f 1332 1312 1329
f 1332 1331 1333
f 1332 1333 1313
f 1333 1334 1335
f 1333 1335 1336
f 1336 1335 1337
f 1336 1337 1308
f 1336 1308 1307
f 1338 1337 1339
f 1338 1340 1303
f 1338 1303 1302
f 1341 1340 1342
f 1341 1343 1298
f 1341 1298 1297
f 1344 1343 1345
f 1344 1346 1295
f 1344 1295 1294
f 1346 1345 1347
f 1346 1348 1349
f 1348 1347 1350
f 1348 1350 1351
f 1351 1350 1352
f 1351 1352 196
f 1351 1353 1349
f 1352 1354 1355
f 1352 1355 1356
f 1355 1357 1358
f 1355 1358 1359
f 1359 1358 1360
f 1359 1360 1361
f 1359 1362 193
f 1362 1361 1363
f 1362 1363 1364
f 1363 1365 1366
f 1363 1366 1367
f 1367 1366 1368
f 1367 1368 1369
f 1367 1370 1364
f 1370 1369 1371
f 1370 1372 194
f 1372 1371 1373
f 1372 1374 195
f 1374 1373 1375
f 1374 77 1376
f 1373 1371 1377
f 1373 1377 1259
f 1378 1371 1369
f 1378 1379 1380
f 1378 1381 1377
f 1381 1380 1382
f 1381 1383 1260
f 1383 1382 1384
f 1383 39 38
f 1384 1382 1385
f 1384 1385 1386
f 1384 1387 39
f 1387 1386 1388
f 1387 1388 1389
f 1388 1390 1391
f 1388 1391 1392
f 1392 1391 1393
f 1392 1393 1394
f 1392 179 1389
f 1394 1393 1395
f 1394 1395 1396
f 1394 1396 1397
f 1396 1398 1399
f 1396 1399 1400
f 1400 1401 1397
f 1400 1399 1402
f 1400 1402 1403
f 1403 1404 1401
f 1403 1402 1405
f 1403 1405 1406
f 1406 1407 1408
f 1406 1405 1409
f 1406 1409 1407
f 1410 1411 1407
f 1410 1409 1412
f 1410 1413 1414
f 1414 1415 1411
f 1414 1413 1416
f 1414 1416 1417
f 1417 1418 1415
f 1417 1416 1419
f 1417 1419 1420
f 1420 1421 1418
f 1420 1419 1422
f 1420 1422 1423
f 1423 1424 1421
f 1423 1422 1425
f 1423 1425 1426
f 1426 1427 1428
f 1426 1425 706
f 1426 703 1427
f 1428 690 687
f 1428 1429 1430
f 1428 1427 690
f 1427 701 692
f 1425 1431 706
f 1431 1422 1034
f 1431 1031 707
f 1430 1429 1432
f 1430 1432 1433
f 1433 1432 1434
f 1433 1434 1435
f 1435 1434 1436
f 1435 1436 1437
f 1437 1436 1438
f 1437 1438 1439
f 1413 1412 1037
f 1439 1438 1440
f 1439 1440 1407
f 1409 1441 1412
f 1441 1405 1442
f 1441 1443 1041
f 1443 1442 1444
f 1443 1445 1042
f 1445 1444 1446
f 1445 1049 1044
f 1446 1444 1447
f 1446 1447 1052
f 1446 1052 1050
f 1448 1447 1449
f 1448 1450 1055
f 1448 1055 1053
f 1451 1450 1452
f 1451 1453 1454
f 1451 1454 1056
f 1454 1455 1456
f 1454 1456 1058
f 1456 1457 1458
f 1456 1458 1061
f 1458 1459 1460
f 1458 1461 1061
f 1461 1460 1462
f 1461 1463 1062
f 1462 1460 1464
f 1462 1465 1069
f 1462 1069 1463
f 1466 1465 1467
f 1466 1468 1072
f 1466 1072 1070
f 1468 1467 1469
f 1468 1470 1079
f 1470 1469 1471
f 1470 1472 1082
f 1472 1471 1473
f 1472 1474 1475
f 1474 1473 1476
f 1474 1477 1478
f 1478 1477 1479
f 1478 1479 1480
f 1478 1481 1475
f 1480 1479 1482
f 1480 1482 1483
f 1480 1484 1481
f 1484 1483 1485
f 1484 1486 1085
f 1486 1485 1487
f 1486 1488 1086
f 1488 1487 1489
f 1488 1489 1490
f 1489 1491 1492
f 1489 1493 1490
f 1494 1493 1495
f 1494 1496 1092
f 1494 1092 1090
f 1497 1496 1498
f 1497 1499 1500
f 1497 1500 1093
f 1500 1501 1502
f 1500 1502 1095
f 1502 1503 1504
f 1502 1504 1097
f 1504 1505 1506
f 1504 1506 1100
f 1506 1507 1508
f 1506 1508 1509
f 1508 1510 1511
f 1508 1511 1512
f 1512 1104 1509
f 1512 1511 1513
f 1512 1513 1514
f 1513 1515 1516
f 1513 1516 1517
f 1517 1518 1514
f 1517 1516 1519
f 1517 1519 1520
f 1520 1109 1518
f 1520 1519 1521
f 1520 1521 1522
f 1522 1113 1110
f 1522 1521 1523
f 1522 1524 1113
f 1524 1523 1525
f 1524 1526 1120
f 1526 1525 1155
f 1526 1527 1121
f 1527 1155 1153
f 1527 1528 1123
f 1528 1153 1150
f 1528 1149 1125
f 1529 1129 1126
f 1529 1149 1146
f 1529 1145 1129
f 1530 1132 1130
f 1530 1145 1140
f 1530 1139 1132
f 1525 1523 1158
f 1525 1158 1156
f 1523 1521 1531
f 1531 1519 1532
f 1531 1533 1161
f 1532 1516 1534
f 1532 1535 1533
f 1534 1515 1536
f 1534 1536 1535
f 1537 1515 1538
f 1537 1538 1539
f 1537 1539 1170
f 1540 1538 1510
f 1540 1541 1542
f 1540 1543 1173
f 1542 1541 62
f 1542 62 1544
f 1542 1545 1543
f 1545 1544 1546
f 1545 1547 1176
f 1547 1546 1548
f 1547 1549 1177
f 1548 1546 1550
f 1548 1550 1551
f 1548 1552 1549
f 1551 1550 1553
f 1551 1553 1190
f 1551 1189 1552
f 1553 1554 1555
f 1553 1555 1196
f 1555 1556 1557
f 1555 1557 1198
f 1557 1558 1559
f 1557 1559 1201
f 1559 1560 1561
f 1559 1561 1562
f 1561 1563 1564
f 1561 1564 1565
f 1565 1564 1566
f 1565 1566 1567
f 1565 1568 1562
f 1567 1566 1569
f 1567 1569 1570
f 1567 1571 1568
f 1571 1570 1572
f 1571 1573 1204
f 1573 1572 1574
f 1573 1574 1209
f 1574 1575 1576
f 1574 1576 1577
f 1576 1578 1579
f 1576 1579 1580
f 1580 1579 1581
f 1580 1582 1583
f 1580 1583 1577
f 1582 1581 1584
f 1582 1585 1586
f 1584 1581 1587
f 1584 1587 1588
f 1584 1589 1585
f 1589 1588 1590
f 1589 1299 1291
f 1590 1588 1591
f 1590 1591 1304
f 1590 1304 1300
f 1592 1309 1305
f 1592 1591 1593
f 1592 1594 1309
f 1594 1593 1595
f 1594 1596 1316
f 1596 1595 1597
f 1596 1598 1317
f 1598 1597 1599
f 1598 1600 1319
f 1600 1599 1601
f 1600 1602 1321
f 1603 1602 1604
f 1603 1605 1324
f 1603 1324 1322
f 1606 1605 1607
f 1606 1608 1609
f 1606 1609 1325
f 1609 1610 1611
f 1609 1611 1327
f 1611 1612 1613
f 1611 1613 1330
f 1613 1614 1615
f 1613 1615 1616
f 1615 1617 1618
f 1615 1619 1620
f 1620 1334 1616
f 1620 1619 1621
f 1620 1621 1622
f 1621 1623 1624
f 1621 1624 1625
f 1625 1624 1626
f 1625 1626 1627
f 1625 1628 1622
f 1627 1626 1629
f 1627 1629 1630
f 1627 1339 1628
f 1630 1629 1631
f 1630 1631 1342
f 1630 1342 1340
f 1632 1631 1633
f 1632 1634 1345
f 1632 1345 1343
f 1634 1633 1635
f 1634 1636 1347
f 1636 1635 1637
f 1636 1638 1639
f 1640 1638 1641
f 1640 1642 1354
f 1640 1354 1350
f 1642 1641 1643
f 1642 1644 1645
f 1644 1643 1646
f 1644 1647 1645
f 1648 1647 1649
f 1648 1650 1651
f 1648 1652 1645
f 1651 1650 1653
f 1651 1653 1654
f 1651 1655 1652
f 1655 1654 1656
f 1655 1656 1361
f 1656 1657 1658
f 1656 1658 1365
f 1658 1659 1660
f 1658 1660 1661
f 1660 1662 1663
f 1660 1663 1664
f 1664 1663 1665
f 1664 1665 1666
f 1664 1667 1661
f 1666 1665 1668
f 1666 1669 1670
f 1666 1670 1667
f 1670 1671 1379
f 1670 1379 1368
f 1671 1669 1672
f 1671 1673 1380
f 1672 1669 1674
f 1672 1674 1675
f 1672 1676 1673
f 1676 1675 1677
f 1676 1678 1385
f 1678 1677 1679
f 1678 1679 1390
f 1679 1680 1681
f 1679 1681 1682
f 1681 1683 1684
f 1681 1684 1685
f 1685 1684 1686
f 1685 1686 1687
f 1685 1688 1682
f 1687 1686 1689
f 1687 1690 1691
f 1687 1691 1688
f 1692 1690 1693
f 1692 1694 1695
f 1692 1695 1395
f 1695 1696 1452
f 1695 1452 1398
f 1696 1694 1697
f 1696 1697 1455
f 1697 1698 1699
f 1697 1699 1457
f 1698 1694 1700
f 1698 1700 181
f 1700 1693 1701
f 1700 1701 1702
f 1702 1701 1703
f 1702 1703 1704
f 1702 1705 181
f 1705 1704 1706
f 1705 1706 1707
f 1706 1708 1709
f 1706 1709 1710
f 1710 1709 1711
f 1710 1711 1712
f 1710 1713 1707
f 1713 1712 1714
f 1713 1714 1715
f 1714 1716 1717
f 1714 1717 1718
f 1718 1719 1715
f 1718 1717 1720
f 1718 1720 1721
f 1721 1722 1723
f 1721 1720 1724
f 1721 1724 1722
f 1725 1724 1726
f 1725 1727 1728
f 1725 1728 1729
f 1729 1728 1476
f 1729 1476 1473
f 1729 1730 1722
f 1730 1473 1471
f 1730 1731 1723
f 1731 1471 1469
f 1731 1732 1733
f 1732 1469 1467
f 1732 1734 187
f 1734 1467 1465
f 1734 1464 184
f 1735 1728 1736
f 1735 1737 1738
f 1735 1738 1477
f 1739 1737 1740
f 1739 1741 1742
f 1739 1743 1738
f 1742 1741 1744
f 1742 1744 1745
f 1742 1746 1743
f 1746 1745 1747
f 1746 1748 1482
f 1748 1747 1749
f 1748 1750 1483
f 1750 1749 1751
f 1750 1752 1485
f 1752 1751 1753
f 1752 1754 1491
f 1754 1753 1755
f 1754 1755 1492
f 1755 1756 1757
f 1755 1758 1492
f 1759 1758 1760
f 1759 1761 1495
f 1759 1495 1493
f 1762 1761 1763
f 1762 1764 1498
f 1762 1498 1496
f 1765 1764 1766
f 1765 1767 1768
f 1765 1768 1499
f 1768 1769 1770
f 1768 1770 1501
f 1769 1771 1772
f 1769 1767 1771
f 1773 1774 1775
f 1773 1767 1766
f 1773 1776 1774
f 1777 1778 1779
f 1777 1776 1780
f 1777 1781 1778
f 1782 1783 1784
f 1782 1781 1785
f 1782 1786 1783
f 1787 1788 1789
f 1787 1786 1790
f 1787 1791 1788
f 1792 1793 1788
f 1792 1791 236
f 1792 240 1794
f 1794 1795 1793
f 1794 240 1796
f 1794 1796 1797
f 1797 1798 1795
f 1797 1796 1799
f 1797 1799 1800
f 1800 1801 1798
f 1800 1799 1802
f 1800 1802 1803
f 1803 1804 1801
f 1803 1802 1805
f 1803 1805 1806
f 1806 1807 1804
f 1806 1805 1808
f 1806 1808 1809
f 1809 1810 1807
f 1809 1808 1811
f 1809 1812 1810
f 1813 1814 1810
f 1813 1812 1815
f 1813 1815 1816
f 1816 1817 1814
f 1816 1815 1818
f 1816 1818 1819
f 1819 1820 1817
f 1819 1818 1821
f 1819 1821 1822
f 1822 1823 1820
f 1822 1821 141
f 1822 141 140
f 1824 1821 1825
f 1824 1826 1827
f 1824 1827 142
f 1827 1828 1829
f 1827 1829 143
f 1829 1830 1744
f 1829 1744 1831
f 1830 1828 1832
f 1830 1833 1745
f 1833 1832 1834
f 1833 1835 1747
f 1835 1834 1836
f 1835 1837 1749
f 1837 1836 1838
f 1837 1839 1751
f 1839 1838 1840
f 1839 1840 1756
f 1840 1841 1842
f 1840 1842 1756
f 1842 1843 1844
f 1842 1844 1757
f 1845 1844 1846
f 1845 1846 1760
f 1845 1760 1758
f 1847 1846 1848
f 1847 1848 1763
f 1847 1763 1761
f 1849 1848 1780
f 1849 1780 1776
f 1849 1766 1764
f 1850 1785 1781
f 1850 1848 1851
f 1850 1852 1785
f 1853 1790 1786
f 1853 1852 1854
f 1853 1855 1790
f 1855 1854 1856
f 1855 1857 1858
f 1857 1856 1859
f 1857 1860 237
f 1860 1859 1861
f 1860 1862 238
f 1862 1863 1864
f 1862 1861 1865
f 1865 1866 1867
f 1865 1868 1863
f 1865 1861 1866
f 1869 1870 1871
f 1869 1861 1859
f 1869 1872 1870
f 1873 1874 234
f 1873 1872 1875
f 1873 1876 1874
f 1876 1875 1877
f 1876 1878 1879
f 1877 1875 1854
f 1877 1854 1852
f 1877 1851 1878
f 1875 1872 1856
f 1874 1880 231
f 1874 1879 1880
f 1880 1881 232
f 1880 1843 1881
f 1881 1882 1883
f 1881 1841 1882
f 1883 1884 1885
f 1883 1886 232
f 1883 1882 1887
f 1887 1888 1884
f 1887 1882 1836
f 1887 1836 1834
f 1889 1890 1891
f 1889 1891 1885
f 1889 1888 1892
f 1892 1826 1890
f 1892 1888 1832
f 1892 1832 1828
f 1891 1893 1894
f 1891 1894 1895
f 1895 1894 1812
f 1895 1811 1896
f 1895 1896 1886
f 1896 1897 230
f 1896 230 229
f 1898 1897 1899
f 1898 1867 1871
f 1898 1871 233
f 1897 1811 1808
f 1890 1825 1893
f 1871 1870 233
f 1867 1899 1868
f 1900 1823 1901
f 1900 1902 1903
f 1900 1903 1904
f 1903 1905 1906
f 1903 1906 1907
f 1907 1906 1908
f 1907 1908 224
f 1907 1909 1904
f 1908 1910 1911
f 1908 1911 225
f 1911 1912 1913
f 1911 1914 225
f 1914 1913 1915
f 1914 1916 226
f 1916 1915 1917
f 1916 1918 1919
f 1917 1915 1920
f 1917 1920 1921
f 1917 1922 1918
f 1921 1920 1923
f 1921 1923 1924
f 1921 1925 1922
f 1924 1923 1926
f 1924 1926 1927
f 1924 1928 1925
f 1927 1926 1929
f 1927 1929 1930
f 1927 1931 1928
f 1930 1929 1932
f 1930 1932 1789
f 1930 1789 1931
f 1933 1932 1934
f 1933 1935 1784
f 1933 1784 1783
f 1936 1935 1937
f 1936 1938 1779
f 1936 1779 1778
f 1939 1938 1940
f 1939 1941 1775
f 1939 1775 1774
f 1942 1941 1943
f 1942 1944 1772
f 1942 1772 1771
f 1944 1943 1945
f 1944 1945 1946
f 1945 1947 1948
f 1945 1948 1949
f 1949 1948 1950
f 1949 1950 1951
f 1949 1952 1946
f 1952 1951 1953
f 1952 1953 65
f 1953 1954 1955
f 1953 1955 1956
f 1955 1957 1958
f 1955 1958 1959
f 1959 1958 1554
f 1959 1554 1550
f 1959 1960 1956
f 1958 1961 1556
f 1961 1957 1962
f 1961 1963 1558
f 1963 1962 1964
f 1963 1965 1560
f 1965 1964 1966
f 1965 1967 1563
f 1967 1966 1968
f 1967 1969 1970
f 1971 1969 1972
f 1971 1973 1974
f 1971 1975 1970
f 1974 1973 1976
f 1974 1976 1977
f 1974 1978 1975
f 1977 1976 1979
f 1977 1979 1980
f 1977 1981 1978
f 1981 1980 1982
f 1981 1983 1569
f 1983 1982 1984
f 1983 1985 1570
f 1985 1984 1986
f 1985 1987 1575
f 1987 1986 1988
f 1987 1988 1578
f 1988 1989 1990
f 1988 1990 1991
f 1990 1992 1993
f 1990 1994 1991
f 1994 1993 1995
f 1994 1996 1997
f 1996 1995 1998
f 1996 1998 1587
f 1999 1995 2000
f 1999 2001 1593
f 1999 1593 1591
f 2001 2000 2002
f 2001 2003 1595
f 2003 2002 173
f 2003 172 1597
f 2002 2004 173
f 2002 2000 2005
f 2005 2006 2004
f 2005 2000 1993
f 2005 1993 1992
f 2007 2008 2009
f 2007 2009 174
f 2007 2006 2010
f 2010 2011 2008
f 2010 2006 1989
f 2010 1989 1986
f 2012 2013 2014
f 2012 2014 2015
f 2012 2011 2016
f 2016 2017 2013
f 2016 2011 1984
f 2016 1984 1982
f 2018 122 2019
f 2018 2019 2020
f 2018 2017 2021
f 2019 126 2022
f 2019 2022 2023
f 2023 2022 2024
f 2023 2024 2025
f 2023 2026 2020
f 2026 2025 2027
f 2026 2027 2014
f 2027 2028 2029
f 2027 2029 2009
f 2029 169 174
f 2029 2030 169
f 2030 2028 2031
f 2030 2032 170
f 2033 1601 171
f 2033 2032 1604
f 2033 1604 1602
f 2034 2032 2035
f 2034 2035 1607
f 2034 1607 1605
f 2036 2035 2037
f 2036 2037 2038
f 2036 2038 1608
f 2038 2039 2040
f 2038 2040 1610
f 2040 2041 2042
f 2040 2042 1612
f 2042 2043 2044
f 2042 2044 1614
f 2044 2045 2046
f 2044 2047 1617
f 2047 2046 2048
f 2047 2049 1617
f 2049 2048 2050
f 2049 2051 1618
f 2052 1623 1619
f 2052 2051 2053
f 2052 2054 1623
f 2054 2053 2055
f 2054 2056 2057
f 2058 2059 2057
f 2058 2056 2060
f 2058 2061 2062
f 2062 2063 2059
f 2062 2061 2064
f 2062 2064 2065
f 2065 2064 2066
f 2065 2066 2067
f 2065 2068 2063
f 2067 2066 2069
f 2067 2069 1635
f 2067 1633 2068
f 2069 2070 2071
f 2069 2071 1637
f 2071 207 2072
f 2071 2073 1637
f 2074 2073 2075
f 2074 2076 1641
f 2074 1641 1638
f 2076 2075 2077
f 2076 2078 1643
f 2078 2077 2079
f 2078 2080 1646
f 2081 2080 2082
f 2081 2083 1649
f 2081 1649 1647
f 2084 2083 2085
f 2084 2086 2087
f 2084 2087 1650
f 2088 2086 2089
f 2088 2090 2091
f 2088 2092 2087
f 2092 2091 2093
f 2092 2094 1653
f 2094 2093 2095
f 2094 2095 1657
f 2095 2096 2097
f 2095 2097 1659
f 2097 2098 2099
f 2097 2099 1662
f 2099 2100 2101
f 2099 2101 2102
f 2101 2103 2104
f 2101 2104 2105
f 2105 2104 2106
f 2105 2107 2108
f 2105 2108 2102
f 2109 2107 2110
f 2109 2111 1668
f 2109 1668 1665
f 2111 2110 2112
f 2111 2113 1674
f 2113 2112 2114
f 2113 2115 1675
f 2115 2114 2116
f 2115 2116 1680
f 2116 2117 2118
f 2116 2118 1683
f 2118 2119 2120
f 2118 2120 2121
f 2120 2122 2123
f 2120 2123 2124
f 2124 2123 2125
f 2124 2126 2127
f 2124 2127 2121
f 2128 2126 2129
f 2128 2130 1689
f 2128 1689 1686
f 2130 2129 2131
f 2130 2132 2133
f 2131 2129 2134
f 2131 2134 2135
f 2131 2136 2132
f 2136 2135 2137
f 2136 2138 1703
f 2138 2137 2139
f 2138 2139 1708
f 2139 2140 2141
f 2139 2141 2142
f 2141 2143 2144
f 2141 2144 2145
f 2145 2144 2146
f 2145 2146 2147
f 2145 2148 2142
f 2147 2146 2149
f 2147 2149 2150
f 2147 2151 2148
f 2151 2150 2152
f 2151 2153 1711
f 2153 2152 2154
f 2153 2155 1712
f 2155 2154 2156
f 2155 2157 1716
f 2157 2156 2158
f 2157 2159 2160
f 2161 2162 2160
f 2161 2159 2163
f 2161 2164 2165
f 2165 2166 2162
f 2165 2164 2167
f 2165 2167 2168
f 2168 1726 2166
f 2168 2167 2169
f 2168 2169 2170
f 2170 2171 1727
f 2170 2169 2172
f 2170 2172 2171
f 2173 2172 1902
f 2173 1901 2174
f 2173 2174 2175
f 2175 2174 1740
f 2175 1740 1737
f 2175 1736 2171
f 2176 2174 2177
f 2176 144 143
f 2176 1831 1740
f 2172 2178 1905
f 2178 2169 2179
f 2178 2180 2181
f 2180 2179 2182
f 2180 2183 2184
f 2184 2183 2185
f 2184 2186 1910
f 2184 1910 2181
f 2186 2185 2187
f 2186 2187 1912
f 2187 2188 2189
f 2187 2190 1913
f 2189 2188 2191
f 2189 2192 2193
f 2189 2193 2190
f 2194 2192 2195
f 2194 2196 2197
f 2194 2197 1923
f 2198 2196 2199
f 2198 2200 2201
f 2198 2202 2197
f 2201 2200 2203
f 2201 2203 2204
f 2201 2205 2202
f 2204 2203 2206
f 2204 2206 2207
f 2204 1934 2205
f 2207 2206 2208
f 2207 2208 1937
f 2207 1937 1935
f 2209 2208 2210
f 2209 2211 1940
f 2209 1940 1938
f 2212 2211 2213
f 2212 2214 1947
f 2212 1943 1941
f 2214 2213 2215
f 2214 2216 1947
f 2216 2215 2217
f 2216 2218 2219
f 2219 2218 2220
f 2219 2220 2221
f 2219 2222 2223
f 2221 2220 2224
f 2221 2224 2225
f 2221 2226 2222
f 2226 2225 2227
f 2226 2228 1950
f 2228 2227 2229
f 2228 2229 1954
f 2229 2230 1962
f 2229 1962 1957
f 2230 2227 2231
f 2230 2232 1964
f 2232 2231 2233
f 2232 2233 1966
f 2233 2234 2235
f 2233 2235 1968
f 2236 2235 2237
f 2236 2238 1972
f 2236 1972 1969
f 2239 2238 2240
f 2239 2240 2241
f 2239 2242 1972
f 2241 2240 2243
f 2241 2244 124
f 2241 2245 2242
f 2244 2243 2246
f 2244 2247 124
f 2247 2246 2248
f 2247 2249 125
f 2248 2250 2249
f 2248 2246 2251
f 2248 2251 2252
f 2252 2253 2250
f 2252 2251 2254
f 2252 2254 2253
f 2255 2256 2257
f 2255 2254 2258
f 2255 2259 2256
f 2259 2258 2260
f 2259 2261 2037
f 2261 2260 2262
f 2261 2263 2039
f 2263 2262 2264
f 2263 2265 2041
f 2265 2264 2266
f 2265 2267 2043
f 2267 2266 2268
f 2267 2269 2045
f 2269 2268 2270
f 2269 2271 2046
f 2271 2270 2272
f 2271 2273 2048
f 2273 2272 2274
f 2273 2275 2050
f 2276 2053 2051
f 2276 2275 2277
f 2276 2278 2053
f 2278 2277 2279
f 2278 2280 2055
f 2281 2060 2056
f 2281 2280 2282
f 2281 2283 2060
f 2284 2285 2061
f 2284 2283 2286
f 2284 2287 2285
f 2288 2289 2285
f 2288 2287 2290
f 2288 209 208
f 2287 2286 2291
f 2291 2286 2292
f 2291 2292 2210
f 2291 2293 2290
f 2293 2210 2208
f 2293 2294 2295
f 2292 2296 2213
f 2292 2213 2211
f 2296 2286 2283
f 2296 2282 2215
f 2282 2280 2217
f 2279 2277 2297
f 2279 2297 2218
f 2298 2277 2275
f 2298 2274 2299
f 2298 2300 2297
f 2299 2274 2301
f 2299 2301 2302
f 2299 2303 2300
f 2303 2302 2304
f 2303 2305 2224
f 2305 2304 2234
f 2305 2231 2225
f 2304 2302 2306
f 2304 2306 2307
f 2306 2308 2309
f 2306 2309 2310
f 2310 2309 2311
f 2310 2311 2312
f 2310 2237 2307
f 2312 2311 2313
f 2312 2314 2315
f 2312 2315 2237
f 2316 2314 2317
f 2316 2318 2243
f 2316 2243 2240
f 2317 2319 2320
f 2317 2321 2318
f 2317 2314 2319
f 2320 2258 2321
f 2320 2319 58
f 2320 58 2258
f 2319 2313 56
f 2313 2311 2322
f 2322 2323 56
f 2322 2309 2324
f 2323 2325 59
f 2323 2324 2326
f 2326 2268 2325
f 2326 2324 2327
f 2326 2327 2270
f 2327 2308 2301
f 2327 2301 2272
f 2325 2266 60
f 2264 2262 57
f 2262 2260 57
f 2257 2031 2028
f 2257 2025 2253
f 2257 2256 2031
f 2294 2206 2328
f 2328 2329 2295
f 2328 2203 2330
f 2329 2331 2332
f 2329 2330 2331
f 2333 2334 2335
f 2333 2330 2200
f 2333 2199 2334
f 2336 2337 2158
f 2336 2199 2196
f 2336 2195 2337
f 2338 2339 2163
f 2338 2195 2192
f 2338 2191 2339
f 2340 2182 2339
f 2340 2191 2188
f 2340 2185 2182
f 2339 2341 2163
f 2337 2163 2159
f 2335 2156 2154
f 2335 2342 2331
f 2335 2334 2156
f 2342 2154 2152
f 2342 2343 2332
f 2343 2152 2150
f 2343 2344 214
f 2344 2150 2149
f 2344 2345 212
f 2345 2149 2346
f 2345 2346 2347
f 2347 2346 2348
f 2347 2348 2349
f 2347 2350 212
f 2350 2349 2351
f 2350 2351 2072
f 2351 2352 2075
f 2351 2075 2073
f 2352 2349 2353
f 2352 2354 2077
f 2354 2353 2355
f 2354 2356 2079
f 2357 2356 2358
f 2357 2359 2082
f 2357 2082 2080
f 2360 2359 2361
f 2360 2362 2085
f 2360 2085 2083
f 2363 2362 2364
f 2363 2365 2089
f 2363 2089 2086
f 2364 2366 2367
f 2364 2368 2365
f 2364 2362 2366
f 2368 2367 2369
f 2368 2370 248
f 2370 2369 2371
f 2370 2372 249
f 2373 2374 2375
f 2373 2375 251
f 2373 2372 2376
f 2376 2377 2374
f 2376 2372 2378
f 2376 2378 2379
f 2379 2380 2377
f 2379 2378 2381
f 2379 2381 2382
f 2382 2383 2384
f 2382 2381 2385
f 2382 2386 2383
f 2387 2388 2389
f 2387 2386 2390
f 2387 2391 2392
f 2392 2393 2388
f 2392 2391 2394
f 2392 2394 2395
f 2395 2396 2393
f 2395 2394 2397
f 2395 2397 2398
f 2398 263 2396
f 2398 2397 2399
f 2398 2399 262
f 2399 2400 2401
f 2399 2401 2402
f 2401 2403 2404
f 2401 2404 2405
f 2405 2406 2402
f 2405 2404 2407
f 2405 2407 2408
f 2408 2409 2410
f 2408 2407 2411
f 2408 2411 2409
f 2412 2407 2413
f 2412 2414 2125
f 2412 2125 2123
f 2414 2413 2415
f 2414 2416 2417
f 2416 2415 2418
f 2416 2419 2134
f 2419 2418 2420
f 2419 2421 2135
f 2421 2420 2422
f 2421 2422 2140
f 2422 2423 2424
f 2422 2424 2143
f 2424 2425 2426
f 2424 2426 2427
f 2426 2428 2429
f 2426 2429 2430
f 2430 2429 2431
f 2430 2432 2433
f 2430 2433 2427
f 2434 2432 2435
f 2434 2436 2437
f 2434 2437 2146
f 2435 2432 2438
f 2435 2438 2439
f 2435 2440 2436
f 2440 2439 2355
f 2440 2353 2348
f 2439 2438 2441
f 2439 2441 2442
f 2442 2441 2443
f 2442 2443 2358
f 2442 2358 2356
f 2444 2443 2445
f 2444 2446 2361
f 2444 2361 2359
f 2446 2445 2447
f 2446 2448 2366
f 2448 2447 2449
f 2448 2450 2367
f 2450 2449 2451
f 2450 2452 2369
f 2452 2451 2453
f 2452 2454 2371
f 2453 2385 2454
f 2453 2451 2455
f 2453 2456 2385
f 2457 2390 2386
f 2457 2456 2458
f 2457 2459 2390
f 2460 2461 2391
f 2460 2459 2462
f 2460 2463 2464
f 2464 2465 2461
f 2464 2463 2466
f 2464 2466 2467
f 2467 2400 2465
f 2467 2466 2468
f 2467 2468 2403
f 2468 2469 2470
f 2468 2470 2471
f 2470 2472 2418
f 2470 2418 2415
f 2472 2469 2473
f 2472 2474 2423
f 2474 2473 2475
f 2474 2476 2425
f 2476 2475 2477
f 2476 2477 2428
f 2477 2478 2479
f 2477 2480 2481
f 2480 2479 2482
f 2480 2483 2481
f 2484 2483 2485
f 2484 2486 2431
f 2484 2431 2429
f 2485 2483 2487
f 2485 2487 2488
f 2485 2489 2486
f 2488 2487 2490
f 2488 2490 2445
f 2488 2445 2443
f 2490 49 2491
f 2490 2491 2449
f 2491 48 2455
f 2491 2455 2451
f 2487 2482 49
f 2482 2479 52
f 2479 2478 53
f 2492 2493 2462
f 2492 2494 53
f 2492 2478 2493
f 2494 2462 2459
f 2494 2458 50
f 2493 2495 2463
f 2493 2475 2495
f 2473 2469 2495
f 2458 2456 51
f 2415 2413 2471
f 2410 2496 2497
f 2410 2498 2406
f 2410 2409 2496
f 2499 2500 2501
f 2499 2409 2122
f 2499 2119 2500
f 2501 2502 2503
f 2501 2504 2496
f 2501 2500 2502
f 2505 2506 2502
f 2505 2500 2117
f 2505 2114 2112
f 2507 2508 2509
f 2507 2509 2502
f 2507 2506 2510
f 2510 2106 2508
f 2510 2506 2110
f 2510 2110 2107
f 2511 2512 2513
f 2511 2513 2514
f 2511 2106 2104
f 2513 2515 2516
f 2513 2516 2517
f 2517 2516 45
f 2517 43 2518
f 2517 2518 2509
f 2518 2519 2520
f 2518 2520 2503
f 2520 2521 2522
f 2520 2522 2504
f 2522 2523 2524
f 2522 2524 2497
f 2524 2525 261
f 2524 261 2498
f 2523 2521 2526
f 2523 2527 2525
f 2526 2521 2528
f 2526 2528 2529
f 2526 2530 2527
f 2529 2528 2531
f 2529 2531 2532
f 2529 2389 2530
f 2532 2531 2533
f 2532 2533 2534
f 2532 2384 2383
f 2534 2533 2535
f 2534 2535 2536
f 2534 2537 2384
f 2536 2535 2538
f 2536 2538 2539
f 2536 2540 2537
f 2539 2541 2540
f 2539 2538 2542
f 2539 2542 2543
f 2543 2544 2541
f 2543 2542 2093
f 2543 2093 2091
f 2544 252 2375
f 2544 2091 2090
f 2542 2545 2096
f 2545 2538 2546
f 2545 2547 2100
f 2547 2546 2548
f 2547 2549 2103
f 2549 2548 2550
f 2549 2515 2512
f 2548 2546 2551
f 2548 2551 46
f 2551 2533 44
f 2528 2519 42
f 2516 2550 45
f 2182 2179 2341
f 2417 2129 2126
f 2090 2089 250
f 2066 2289 2070
f 2017 1982 1980
f 1980 1979 2021
f 1979 2245 123
f 1901 1823 2177
f 1909 224 223
f 1919 1807 227
f 1864 1796 239
f 1791 1790 1858
f 1723 1733 1719
f 2133 1693 1690
f 1601 1599 171
f 1997 1581 1579
f 1960 1546 1544
f 1541 1510 63
f 1507 1505 67
f 1505 1503 192
f 1503 1501 1770
f 1464 1460 185
f 1459 1457 1699
f 1452 1450 1398
f 1447 2552 1449
f 1444 1442 2552
f 1408 1440 672
f 1408 2553 1404
f 2553 672 669
f 2553 2554 2555
f 2554 669 2556
f 2554 2556 178
f 2556 667 2557
f 2556 2557 2558
f 2557 665 2559
f 2557 2559 2558
f 2559 663 2560
f 2559 2560 34
f 2555 178 177
f 1586 1288 1583
f 1288 1285 1212
f 1285 1282 1213
f 1282 1284 1215
f 1284 1274 1218
f 1274 1272 1224
f 1272 1271 1225
f 1271 2561 1227
f 1269 1236 2561
f 1375 1262 77
f 1221 18 108
f 1221 113 18
f 1128 947 2562
f 1024 1022 717
f 1024 717 715
f 1021 1017 722
f 1021 722 718
f 1020 1019 28
f 1013 727 725
f 997 739 737
f 994 742 740
f 990 746 743
f 986 750 747
f 982 981 751
f 977 2563 981
f 976 203 972
f 973 2564 2563
f 970 764 2564
f 1119 149 2562
f 936 244 243
f 1144 879 242
f 921 852 845
f 900 820 797
f 820 817 799
f 817 815 801
f 815 806 801
f 2560 657 1257
f 614 611 1229
f 535 533 128
f 705 525 152
f 519 698 155
f 699 513 138
f 507 689 136
f 568 199 198
f 473 400 398
f 473 478 400
f 470 397 394
f 467 393 391
f 464 390 2565
f 461 2565 2566
f 458 2566 21
f 401 400 88
f 362 361 220
f 311 309 367
f 309 307 254
f 1353 4 73
f 195 1376 2
f 1 3 6
f 1 5 2
f 1 7 4
f 9 80 10
f 10 85 11
f 8 12 9
f 13 15 16
f 13 17 18
f 13 19 14
f 20 22 23
f 20 24 25
f 25 455 21
f 26 28 29
f 26 30 31
f 26 32 27
f 33 35 37
f 36 2558 34
f 37 1256 38
f 33 40 36
f 41 43 45
f 44 2531 42
f 41 46 44
f 47 49 52
f 47 51 48
f 47 53 50
f 54 56 59
f 54 58 55
f 54 60 57
f 61 63 67
f 64 1544 62
f 65 1956 64
f 66 191 65
f 67 192 66
f 69 1287 70
f 71 1279 69
f 70 1295 72
f 72 1349 73
f 68 7 71
f 74 76 79
f 77 1267 75
f 74 3 1376
f 79 1276 78
f 80 82 84
f 9 573 83
f 83 578 81
f 84 593 10
f 10 593 86
f 85 87 88
f 88 478 89
f 89 482 11
f 91 1099 92
f 92 966 93
f 90 95 91
f 93 969 96
f 96 203 94
f 98 827 99
f 100 819 98
f 101 812 100
f 97 15 101
f 99 1188 102
f 104 1200 105
f 106 1193 104
f 105 1208 107
f 103 17 106
f 107 1217 108
f 110 609 111
f 112 1229 110
f 113 1223 112
f 109 19 113
f 111 811 114
f 116 845 117
f 115 119 116
f 115 120 118
f 122 2021 123
f 121 124 125
f 121 126 122
f 128 721 129
f 127 131 128
f 127 132 130
f 133 135 138
f 133 137 134
f 138 510 136
f 139 141 142
f 139 143 144
f 144 2177 140
f 145 147 148
f 148 2562 149
f 149 1118 146
f 150 152 153
f 150 154 155
f 150 156 151
f 158 867 159
f 157 161 158
f 157 162 160
f 163 165 166
f 166 1329 167
f 167 1315 164
f 168 170 171
f 168 172 173
f 168 174 169
f 176 2558 36
f 175 40 1389
f 175 178 176
f 179 1397 177
f 180 182 183
f 183 187 184
f 180 185 1699
f 186 1733 187
f 182 1707 188
f 188 1715 186
f 189 1772 190
f 190 1946 191
f 192 1770 189
f 193 1364 194
f 5 195 2
f 4 1353 196
f 196 1356 193
f 197 573 9
f 12 199 197
f 11 482 200
f 200 485 198
f 94 202 95
f 203 1076 204
f 204 1081 201
f 206 2072 207
f 207 2070 208
f 205 209 210
f 210 214 211
f 205 212 206
f 213 2332 214
f 209 2290 215
f 215 2295 213
f 216 218 219
f 216 220 221
f 221 433 217
f 222 224 225
f 222 226 227
f 227 1810 223
f 228 230 233
f 228 232 229
f 228 234 231
f 236 1858 237
f 235 238 239
f 235 240 236
f 242 882 243
f 241 244 245
f 241 246 242
f 247 249 251
f 250 2365 248
f 247 252 250
f 253 255 256
f 253 257 258
f 258 367 254
f 260 2498 261
f 262 2402 260
f 259 263 262
f 264 266 268
f 267 283 265
f 264 269 267
f 269 270 271
f 271 303 272
f 272 273 267
f 272 302 274
f 273 275 276
f 276 283 267
f 276 277 278
f 276 279 283
f 278 316 280
f 279 281 282
f 282 265 283
f 282 284 285
f 285 266 265
f 285 286 287
f 287 288 266
f 288 268 266
f 288 289 290
f 290 291 270
f 291 292 293
f 291 294 295
f 295 271 270
f 295 296 297
f 297 303 271
f 296 344 298
f 297 299 303
f 298 350 300
f 299 301 302
f 302 272 303
f 300 353 304
f 301 305 306
f 306 274 302
f 306 307 308
f 308 275 274
f 308 309 310
f 310 277 275
f 310 311 312
f 312 313 277
f 312 372 314
f 313 315 316
f 316 278 277
f 314 375 317
f 315 318 319
f 319 280 316
f 319 320 321
f 321 281 280
f 321 322 323
f 323 284 281
f 323 324 325
f 325 286 284
f 325 326 327
f 327 328 286
f 328 287 286
f 328 329 330
f 330 331 289
f 331 290 289
f 331 332 333
f 333 334 292
f 334 335 336
f 334 337 338
f 338 293 292
f 338 339 340
f 340 294 293
f 340 341 342
f 342 296 294
f 341 345 343
f 342 344 296
f 345 412 346
f 343 347 344
f 346 418 348
f 347 349 350
f 350 298 344
f 348 421 351
f 349 352 353
f 353 300 350
f 351 424 354
f 352 355 356
f 356 304 353
f 356 357 358
f 358 305 304
f 358 256 255
f 255 307 305
f 357 359 360
f 360 257 256
f 360 361 362
f 362 363 257
f 363 219 218
f 218 365 364
f 363 258 257
f 365 368 366
f 364 367 258
f 368 370 369
f 366 311 367
f 369 371 372
f 369 312 311
f 370 440 373
f 371 374 375
f 375 314 372
f 373 445 376
f 374 377 378
f 378 317 375
f 378 379 380
f 380 318 317
f 380 381 382
f 382 320 318
f 382 24 383
f 383 322 320
f 383 23 384
f 384 324 322
f 384 22 385
f 385 326 324
f 22 2566 386
f 386 387 326
f 387 327 326
f 386 2565 388
f 388 389 329
f 389 330 329
f 389 390 391
f 391 392 332
f 392 333 332
f 392 393 394
f 394 395 335
f 395 336 335
f 395 397 398
f 398 399 396
f 399 400 401
f 399 402 403
f 403 404 396
f 404 405 406
f 406 339 337
f 404 336 396
f 406 407 408
f 408 341 339
f 408 409 410
f 410 345 341
f 409 413 411
f 410 412 345
f 413 607 414
f 411 415 412
f 414 613 416
f 415 417 418
f 418 346 412
f 416 616 419
f 417 420 421
f 421 348 418
f 419 620 422
f 420 423 424
f 424 351 421
f 422 625 425
f 423 426 427
f 427 354 424
f 427 361 359
f 359 355 354
f 425 429 428
f 426 220 361
f 429 431 430
f 428 221 220
f 431 434 432
f 430 433 221
f 434 631 435
f 432 436 433
f 435 442 437
f 436 438 439
f 439 217 433
f 439 368 365
f 365 218 217
f 437 441 440
f 438 370 368
f 441 442 443
f 441 444 445
f 445 373 440
f 443 636 446
f 444 447 448
f 448 376 445
f 448 449 450
f 450 377 376
f 450 451 452
f 452 379 377
f 452 453 454
f 454 381 379
f 454 455 25
f 25 24 381
f 451 645 456
f 453 457 455
f 458 21 455
f 456 648 459
f 457 460 458
f 461 2566 458
f 459 652 462
f 460 463 461
f 464 2565 461
f 462 653 465
f 463 466 464
f 467 390 464
f 465 656 468
f 466 469 467
f 469 393 467
f 468 659 471
f 471 472 470
f 472 397 470
f 472 474 475
f 475 478 473
f 475 476 477
f 477 89 478
f 476 480 479
f 479 482 89
f 480 483 481
f 481 200 482
f 483 486 484
f 481 485 200
f 486 671 487
f 484 488 485
f 489 198 485
f 487 675 490
f 488 491 489
f 492 568 489
f 490 678 493
f 491 494 492
f 494 496 492
f 493 681 497
f 497 498 495
f 499 564 495
f 498 500 501
f 498 502 499
f 503 561 499
f 501 686 504
f 502 505 503
f 506 558 503
f 504 689 507
f 505 508 506
f 509 555 506
f 507 136 510
f 508 511 509
f 512 552 509
f 510 138 513
f 511 514 512
f 515 549 512
f 513 699 516
f 514 517 515
f 518 545 515
f 516 698 519
f 517 520 518
f 521 540 518
f 519 155 154
f 154 522 521
f 522 524 521
f 522 153 525
f 525 526 523
f 525 705 527
f 526 528 529
f 526 530 523
f 530 531 532
f 530 533 534
f 534 524 523
f 534 535 536
f 536 537 524
f 537 538 539
f 539 541 540
f 537 521 524
f 541 542 543
f 541 544 545
f 545 518 540
f 544 546 547
f 544 548 549
f 549 515 545
f 547 744 550
f 548 551 552
f 552 512 549
f 550 748 553
f 551 554 555
f 555 509 552
f 553 753 556
f 554 557 558
f 558 506 555
f 556 756 559
f 557 560 561
f 561 503 558
f 559 759 562
f 560 563 564
f 564 499 561
f 562 762 565
f 563 566 496
f 496 495 564
f 565 569 567
f 567 199 568
f 566 492 496
f 569 571 570
f 567 197 199
f 571 574 572
f 570 573 197
f 574 576 575
f 572 83 573
f 576 579 577
f 575 578 83
f 579 772 580
f 577 581 578
f 580 778 582
f 581 583 584
f 584 81 578
f 584 585 586
f 586 82 81
f 585 794 587
f 587 588 82
f 587 793 589
f 589 591 590
f 588 84 82
f 591 594 592
f 590 593 84
f 594 596 595
f 595 86 593
f 596 598 597
f 597 87 86
f 598 599 402
f 402 401 87
f 599 600 601
f 601 407 405
f 599 403 402
f 601 602 603
f 601 409 407
f 602 605 604
f 603 413 409
f 605 608 606
f 604 607 413
f 608 111 609
f 606 610 607
f 609 110 611
f 610 612 613
f 613 414 607
f 612 614 615
f 615 617 616
f 616 416 613
f 617 618 619
f 619 621 620
f 617 419 616
f 621 622 623
f 621 624 625
f 621 422 620
f 623 627 626
f 624 431 429
f 429 425 625
f 627 629 628
f 626 434 431
f 629 632 630
f 628 631 434
f 632 1240 633
f 630 634 631
f 634 635 636
f 634 443 442
f 442 435 631
f 633 1240 637
f 635 638 639
f 639 446 636
f 639 640 641
f 641 447 446
f 641 642 643
f 643 449 447
f 643 644 645
f 645 451 449
f 642 1249 646
f 644 647 648
f 648 456 645
f 647 649 650
f 647 651 652
f 652 459 648
f 653 462 652
f 650 1254 654
f 651 655 653
f 656 465 653
f 654 1257 657
f 655 658 656
f 659 468 656
f 657 2560 660
f 658 661 659
f 474 471 659
f 660 663 662
f 661 476 474
f 663 665 664
f 662 480 476
f 665 667 666
f 664 483 480
f 667 669 668
f 666 486 483
f 669 672 670
f 668 671 486
f 672 1440 673
f 670 674 671
f 675 487 671
f 673 1438 676
f 674 677 675
f 678 490 675
f 676 1436 679
f 677 680 678
f 681 493 678
f 679 1434 682
f 680 683 681
f 500 497 681
f 682 1432 684
f 683 685 500
f 685 501 500
f 684 1429 687
f 685 688 686
f 689 504 686
f 688 690 691
f 688 137 689
f 691 692 693
f 693 134 137
f 693 694 695
f 695 135 134
f 695 696 697
f 697 699 135
f 698 516 699
f 697 156 698
f 694 701 700
f 696 151 156
f 701 703 702
f 700 152 151
f 703 706 704
f 702 705 152
f 704 707 708
f 708 527 705
f 708 709 710
f 710 528 527
f 710 711 712
f 712 713 528
f 713 714 715
f 715 716 531
f 713 529 528
f 716 717 718
f 718 720 719
f 716 532 531
f 720 129 721
f 719 533 532
f 720 722 723
f 723 132 129
f 723 724 725
f 725 726 132
f 726 727 728
f 728 730 729
f 726 130 132
f 729 731 732
f 732 131 130
f 732 733 734
f 734 735 131
f 735 736 538
f 735 536 535
f 735 128 131
f 734 733 737
f 737 738 542
f 736 539 538
f 738 739 740
f 740 741 546
f 738 543 542
f 741 742 743
f 743 745 744
f 741 547 546
f 745 746 747
f 747 749 748
f 745 550 744
f 749 750 751
f 749 752 753
f 753 553 748
f 751 981 754
f 752 755 756
f 756 556 753
f 754 2563 757
f 755 758 759
f 759 559 756
f 757 2564 760
f 758 761 762
f 762 562 759
f 760 764 763
f 761 571 569
f 569 565 762
f 764 766 765
f 763 574 571
f 766 768 767
f 765 576 574
f 768 770 769
f 767 579 576
f 770 773 771
f 769 772 579
f 773 957 774
f 771 775 772
f 774 954 776
f 775 777 778
f 778 580 772
f 776 951 779
f 777 780 781
f 781 582 778
f 781 782 783
f 783 583 582
f 783 784 785
f 785 585 583
f 785 786 787
f 787 794 585
f 787 788 789
f 787 790 794
f 790 791 792
f 792 795 793
f 793 587 794
f 795 796 797
f 797 799 798
f 795 589 793
f 799 801 800
f 798 591 589
f 801 803 802
f 800 594 591
f 803 805 804
f 802 596 594
f 805 602 600
f 804 598 596
f 805 806 807
f 807 605 602
f 807 808 809
f 807 608 605
f 809 810 811
f 811 111 608
f 808 814 812
f 812 101 813
f 813 114 811
f 101 15 14
f 14 19 114
f 815 817 816
f 814 100 812
f 814 806 815
f 817 820 818
f 816 819 100
f 820 900 821
f 818 822 819
f 821 899 823
f 822 824 825
f 825 98 819
f 824 830 826
f 825 827 98
f 826 829 827
f 830 831 828
f 831 833 828
f 831 834 835
f 835 836 832
f 837 1182 832
f 836 838 839
f 836 840 837
f 841 849 837
f 839 910 842
f 840 843 841
f 844 846 841
f 843 120 117
f 843 845 844
f 847 1175 848
f 846 849 841
f 846 850 847
f 851 1172 847
f 844 845 852
f 850 853 851
f 854 1169 851
f 852 921 855
f 853 856 854
f 857 1166 854
f 855 862 858
f 856 859 857
f 860 1160 857
f 858 861 161
f 859 160 860
f 861 862 863
f 863 865 864
f 861 158 161
f 865 869 866
f 864 867 158
f 868 1152 867
f 869 870 868
f 871 1148 868
f 870 872 873
f 873 874 871
f 875 1143 871
f 874 876 877
f 874 878 875
f 879 1144 875
f 877 925 880
f 878 881 879
f 882 242 879
f 880 928 883
f 881 884 882
f 885 243 882
f 883 931 886
f 884 887 885
f 888 936 885
f 886 893 889
f 887 890 888
f 891 933 888
f 889 892 788
f 890 786 891
f 892 893 894
f 894 895 791
f 892 789 788
f 895 896 897
f 897 900 796
f 895 792 791
f 897 898 899
f 899 821 900
f 896 932 901
f 898 902 903
f 903 823 899
f 903 904 905
f 905 824 823
f 904 906 834
f 905 830 824
f 906 835 834
f 906 907 908
f 908 909 838
f 909 839 838
f 909 911 912
f 912 913 910
f 913 914 915
f 915 118 120
f 913 842 910
f 915 916 917
f 917 119 118
f 917 918 919
f 919 920 119
f 862 855 921
f 920 116 119
f 920 863 862
f 919 865 863
f 918 869 865
f 916 922 872
f 922 873 872
f 922 914 923
f 923 924 876
f 924 877 876
f 924 911 926
f 924 927 925
f 928 880 925
f 926 907 929
f 927 930 928
f 931 883 928
f 929 902 901
f 930 932 931
f 907 904 902
f 926 908 907
f 923 912 911
f 893 886 931
f 932 894 893
f 934 942 935
f 933 936 888
f 933 937 934
f 938 939 934
f 891 786 784
f 937 782 938
f 940 948 941
f 939 942 934
f 939 943 940
f 944 945 940
f 938 782 780
f 943 779 944
f 946 2562 947
f 945 948 940
f 945 949 946
f 950 1119 946
f 944 779 951
f 949 952 950
f 953 1115 950
f 951 776 954
f 952 955 953
f 956 1111 953
f 954 774 957
f 955 958 956
f 958 960 956
f 957 773 961
f 961 962 959
f 962 964 959
f 962 965 966
f 966 92 963
f 965 773 770
f 770 768 967
f 965 93 966
f 768 766 968
f 967 969 93
f 766 764 970
f 968 971 969
f 972 96 969
f 970 2564 973
f 971 974 972
f 974 976 972
f 973 2563 977
f 977 978 975
f 978 980 975
f 978 981 982
f 982 983 979
f 983 985 979
f 983 750 986
f 986 987 984
f 987 989 984
f 987 746 990
f 990 991 988
f 991 993 988
f 991 742 994
f 994 995 992
f 996 1003 992
f 995 739 997
f 995 998 996
f 999 1000 996
f 997 733 731
f 998 730 999
f 1001 1060 1002
f 1000 1003 996
f 1000 1004 1001
f 1004 1006 1001
f 1004 730 728
f 728 727 1005
f 1006 1008 1009
f 1009 1060 1001
f 1005 1010 1007
f 1010 1012 1007
f 1010 727 1013
f 1013 1014 1011
f 1014 1016 1011
f 1014 724 1017
f 1017 1018 1015
f 1018 1020 1015
f 1018 1021 1022
f 1022 1023 1019
f 1023 29 1019
f 1023 1024 1025
f 1025 1026 30
f 1027 1033 1028
f 1026 31 30
f 1026 1029 1027
f 711 1030 1027
f 1025 1024 714
f 1029 712 711
f 1031 1034 1032
f 1030 1033 1027
f 1030 709 1031
f 1034 1419 1035
f 1032 1036 1033
f 1035 1416 1037
f 1036 1038 1039
f 1039 1028 1033
f 1039 1040 32
f 32 31 1028
f 1038 1412 1041
f 1040 1042 1043
f 1043 27 32
f 1043 1044 1045
f 1043 28 27
f 1045 1046 1047
f 1045 1020 28
f 1046 1048 1016
f 1047 1015 1020
f 1048 1049 1050
f 1050 1051 1012
f 1048 1011 1016
f 1051 1052 1053
f 1053 1054 1008
f 1051 1007 1012
f 1054 1055 1056
f 1056 1058 1057
f 1054 1009 1008
f 1058 1061 1059
f 1057 1060 1009
f 1059 1062 1063
f 1063 1002 1060
f 1063 1064 1065
f 1065 1003 1002
f 1065 1066 993
f 993 992 1003
f 1064 1463 1067
f 1067 1068 989
f 1066 988 993
f 1068 1069 1070
f 1070 1071 985
f 1068 984 989
f 1071 1072 1073
f 1073 1074 980
f 1071 979 985
f 1074 1075 1076
f 1076 203 976
f 1074 975 980
f 1077 1079 1078
f 1078 204 1076
f 1073 1072 1077
f 1079 1082 1080
f 1078 1081 204
f 1082 1475 1083
f 1080 1084 1081
f 1083 1481 1085
f 1084 1086 1087
f 1087 201 1081
f 1086 1089 1088
f 1088 202 201
f 1089 1490 1090
f 1088 1091 202
f 1091 1092 1093
f 1093 1095 1094
f 1094 95 202
f 1095 1097 1096
f 1094 91 95
f 1097 1100 1098
f 1096 1099 91
f 1100 1509 1101
f 1098 1102 1099
f 963 92 1099
f 1101 1104 1103
f 1102 964 963
f 1104 1514 1105
f 1103 1106 964
f 1106 959 964
f 1105 1518 1107
f 1107 1108 960
f 1108 1109 1110
f 1110 1112 1111
f 1108 956 960
f 1112 1113 1114
f 1114 1116 1115
f 1112 953 1111
f 1116 1117 1118
f 1118 149 1119
f 1119 950 1115
f 1114 1113 1120
f 1117 1121 1122
f 1122 146 1118
f 1122 1123 1124
f 1124 147 146
f 1124 1125 1126
f 1126 1127 147
f 1127 148 147
f 1127 1129 1130
f 1130 1131 1128
f 1131 1132 1133
f 1133 941 948
f 1131 947 1128
f 1133 1134 1135
f 1135 942 941
f 1135 1136 1137
f 1137 935 942
f 1137 245 244
f 244 936 935
f 1134 1139 1138
f 1136 246 245
f 1138 1140 1141
f 1141 1144 246
f 1141 1142 1143
f 1143 875 1144
f 1142 1145 1146
f 1142 1147 1148
f 1148 871 1143
f 1147 1149 1150
f 1147 1151 1152
f 1152 868 1148
f 1151 1153 1154
f 1151 162 159
f 159 867 1152
f 1154 1155 1156
f 1156 1157 162
f 1157 1158 1159
f 1157 1160 860
f 860 160 162
f 1159 1161 1162
f 1159 1163 1160
f 1162 1533 1164
f 1163 1165 1166
f 1166 857 1160
f 1164 1535 1167
f 1165 1168 1169
f 1169 854 1166
f 1167 1536 1170
f 1168 1171 1172
f 1172 851 1169
f 1170 1539 1173
f 1171 1174 1175
f 1175 847 1172
f 1173 1543 1176
f 1174 1177 1178
f 1178 848 1175
f 1178 1179 1180
f 1180 849 848
f 1180 1181 1182
f 1182 837 849
f 1179 1549 1183
f 1181 1184 833
f 833 832 1182
f 1183 1552 1185
f 1185 1186 829
f 1184 828 833
f 1185 1189 1187
f 1186 1188 99
f 1186 827 829
f 1187 1190 1191
f 1187 1192 1188
f 1191 1195 1193
f 1193 106 1194
f 1194 102 1188
f 106 17 16
f 16 15 102
f 1196 1198 1197
f 1197 104 1193
f 1195 1190 1196
f 1198 1201 1199
f 1197 1200 104
f 1201 1562 1202
f 1199 1203 1200
f 1202 1568 1204
f 1203 1205 1206
f 1206 105 1200
f 1205 1209 1207
f 1206 1208 105
f 1209 1577 1210
f 1207 1211 1208
f 1210 1583 1212
f 1211 1213 1214
f 1214 107 1208
f 1214 1215 1216
f 1214 1217 107
f 1216 1218 1219
f 1219 1220 1217
f 1221 108 1217
f 1220 1222 1223
f 1223 113 1221
f 1222 1218 1224
f 1222 1225 1226
f 1226 112 1223
f 1226 1227 1228
f 1226 1229 112
f 1227 1231 1230
f 1228 614 1229
f 1231 1232 618
f 1230 615 614
f 1231 2561 1233
f 1232 1234 622
f 1232 619 618
f 1233 1236 1235
f 1234 629 627
f 627 623 622
f 1236 1238 1237
f 1235 632 629
f 1238 1241 1239
f 1237 1240 632
f 1239 1242 1243
f 1243 637 1240
f 1243 1244 1245
f 1245 638 637
f 1245 1246 1247
f 1247 640 638
f 1247 1248 1249
f 1249 642 640
f 1246 1263 1250
f 1250 1251 649
f 649 646 1249
f 1251 1252 1253
f 1253 1255 1254
f 1251 650 649
f 1255 1256 37
f 37 35 1257
f 1257 654 1254
f 1252 1258 1256
f 1259 1377 1260
f 1258 38 1256
f 1258 1261 1259
f 1262 1375 1259
f 1252 1250 1263
f 1261 1264 1262
f 1265 1267 1262
f 1263 1246 1244
f 1264 1242 1265
f 1266 75 1267
f 1265 1241 1266
f 1268 76 75
f 1241 1238 1268
f 1268 1270 76
f 1238 1236 1269
f 1270 1272 1273
f 1270 79 76
f 1269 2561 1271
f 1273 1274 1275
f 1273 1276 79
f 1274 1284 1277
f 1275 1278 1276
f 1277 1281 1279
f 1279 71 1280
f 1280 78 1276
f 71 7 6
f 6 3 78
f 1282 1285 1283
f 1283 69 1279
f 1281 1284 1282
f 1285 1288 1286
f 1283 1287 69
f 1288 1586 1289
f 1286 1290 1287
f 1289 1585 1291
f 1290 1292 1293
f 1293 70 1287
f 1293 1295 70
f 1292 1296 1294
f 1296 1298 1294
f 1296 1299 1300
f 1300 1301 1297
f 1301 1303 1297
f 1301 1304 1305
f 1305 1306 1302
f 1306 1308 1302
f 1306 1309 1310
f 1310 1311 1307
f 1311 1313 1307
f 1311 1314 1315
f 1315 167 1312
f 1314 1317 1318
f 1318 164 1315
f 1310 1309 1316
f 1318 1319 1320
f 1320 165 164
f 1320 1321 1322
f 1322 1323 165
f 1323 1324 1325
f 1325 1327 1326
f 1323 166 165
f 1327 1330 1328
f 1326 1329 166
f 1330 1616 1331
f 1328 1332 1329
f 1312 167 1329
f 1331 1334 1333
f 1332 1313 1312
f 1334 1622 1335
f 1333 1336 1313
f 1335 1628 1337
f 1337 1338 1308
f 1336 1307 1313
f 1338 1339 1340
f 1340 1341 1303
f 1338 1302 1308
f 1341 1342 1343
f 1343 1344 1298
f 1341 1297 1303
f 1344 1345 1346
f 1346 72 1295
f 1344 1294 1298
f 1346 1347 1348
f 1346 1349 72
f 1347 1639 1350
f 1348 1351 1349
f 1350 1354 1352
f 1351 196 1353
f 1353 73 1349
f 1354 1357 1355
f 1352 1356 196
f 1357 1645 1358
f 1355 1359 1356
f 1358 1652 1360
f 1359 1361 1362
f 1359 193 1356
f 1361 1365 1363
f 1362 1364 193
f 1365 1661 1366
f 1363 1367 1364
f 1366 1667 1368
f 1367 1369 1370
f 1370 194 1364
f 1370 1371 1372
f 1372 195 194
f 1372 1373 1374
f 1374 1376 195
f 1374 1375 77
f 77 74 1376
f 1371 1378 1377
f 1373 1259 1375
f 1378 1369 1379
f 1378 1380 1381
f 1381 1260 1377
f 1381 1382 1383
f 1383 38 1260
f 1383 1384 39
f 39 33 38
f 1382 1673 1385
f 1384 1386 1387
f 1387 40 39
f 1386 1390 1388
f 1387 1389 40
f 1390 1682 1391
f 1388 1392 1389
f 1391 1688 1393
f 1392 1394 179
f 179 175 1389
f 1393 1691 1395
f 1395 1398 1396
f 1394 1397 179
f 1398 1449 1399
f 1396 1400 1397
f 1401 177 1397
f 1399 2552 1402
f 1400 1403 1401
f 1404 2555 1401
f 1402 1442 1405
f 1403 1406 1404
f 1406 1408 1404
f 1405 1441 1409
f 1409 1410 1407
f 1411 1439 1407
f 1410 1412 1413
f 1410 1414 1411
f 1415 1437 1411
f 1413 1037 1416
f 1414 1417 1415
f 1418 1435 1415
f 1416 1035 1419
f 1417 1420 1418
f 1421 1433 1418
f 1419 1034 1422
f 1420 1423 1421
f 1424 1430 1421
f 1422 1431 1425
f 1423 1426 1424
f 1426 1428 1424
f 1426 706 703
f 703 701 1427
f 1428 687 1429
f 1428 1430 1424
f 1427 692 690
f 701 694 692
f 1431 707 706
f 1431 1034 1031
f 1031 709 707
f 1429 684 1432
f 1430 1433 1421
f 1432 682 1434
f 1433 1435 1418
f 1434 679 1436
f 1435 1437 1415
f 1436 676 1438
f 1437 1439 1411
f 1412 1038 1037
f 1438 673 1440
f 1440 1408 1407
f 1441 1041 1412
f 1441 1442 1443
f 1443 1042 1041
f 1443 1444 1445
f 1445 1044 1042
f 1445 1446 1049
f 1049 1046 1044
f 1444 2552 1447
f 1447 1448 1052
f 1446 1050 1049
f 1448 1449 1450
f 1450 1451 1055
f 1448 1053 1052
f 1451 1452 1453
f 1453 1455 1454
f 1451 1056 1055
f 1455 1457 1456
f 1454 1058 1056
f 1457 1459 1458
f 1456 1061 1058
f 1458 1460 1461
f 1461 1062 1061
f 1461 1462 1463
f 1463 1064 1062
f 1462 1464 1465
f 1465 1466 1069
f 1069 1067 1463
f 1466 1467 1468
f 1468 1077 1072
f 1466 1070 1069
f 1468 1469 1470
f 1468 1079 1077
f 1470 1471 1472
f 1470 1082 1079
f 1472 1473 1474
f 1472 1475 1082
f 1474 1476 1477
f 1474 1478 1475
f 1477 1738 1479
f 1478 1480 1481
f 1481 1083 1475
f 1479 1743 1482
f 1480 1483 1484
f 1484 1085 1481
f 1484 1485 1486
f 1486 1086 1085
f 1486 1487 1488
f 1488 1089 1086
f 1487 1491 1489
f 1488 1490 1089
f 1489 1492 1493
f 1493 1494 1490
f 1494 1495 1496
f 1496 1497 1092
f 1494 1090 1490
f 1497 1498 1499
f 1499 1501 1500
f 1497 1093 1092
f 1501 1503 1502
f 1500 1095 1093
f 1503 1505 1504
f 1502 1097 1095
f 1505 1507 1506
f 1504 1100 1097
f 1507 1510 1508
f 1506 1509 1100
f 1510 1538 1511
f 1508 1512 1509
f 1104 1101 1509
f 1511 1515 1513
f 1512 1514 1104
f 1515 1534 1516
f 1513 1517 1514
f 1518 1105 1514
f 1516 1532 1519
f 1517 1520 1518
f 1109 1107 1518
f 1519 1531 1521
f 1520 1522 1109
f 1522 1110 1109
f 1522 1523 1524
f 1524 1120 1113
f 1524 1525 1526
f 1526 1121 1120
f 1526 1155 1527
f 1527 1123 1121
f 1527 1153 1528
f 1528 1125 1123
f 1528 1150 1149
f 1149 1529 1125
f 1529 1126 1125
f 1529 1146 1145
f 1145 1530 1129
f 1530 1130 1129
f 1530 1140 1139
f 1139 1134 1132
f 1523 1161 1158
f 1525 1156 1155
f 1523 1531 1161
f 1531 1532 1533
f 1533 1162 1161
f 1532 1534 1535
f 1535 1164 1533
f 1515 1537 1536
f 1536 1167 1535
f 1515 1511 1538
f 1538 1540 1539
f 1537 1170 1536
f 1540 1510 1541
f 1540 1542 1543
f 1540 1173 1539
f 1541 63 62
f 1542 1544 1545
f 1545 1176 1543
f 1545 1546 1547
f 1547 1177 1176
f 1547 1548 1549
f 1549 1179 1177
f 1546 1960 1550
f 1548 1551 1552
f 1552 1183 1549
f 1550 1554 1553
f 1551 1190 1189
f 1189 1185 1552
f 1554 1556 1555
f 1553 1196 1190
f 1556 1558 1557
f 1555 1198 1196
f 1558 1560 1559
f 1557 1201 1198
f 1560 1563 1561
f 1559 1562 1201
f 1563 1970 1564
f 1561 1565 1562
f 1564 1975 1566
f 1565 1567 1568
f 1568 1202 1562
f 1566 1978 1569
f 1567 1570 1571
f 1571 1204 1568
f 1571 1572 1573
f 1573 1205 1204
f 1572 1575 1574
f 1573 1209 1205
f 1575 1578 1576
f 1574 1577 1209
f 1578 1991 1579
f 1576 1580 1577
f 1580 1581 1582
f 1582 1586 1583
f 1583 1210 1577
f 1582 1584 1585
f 1585 1289 1586
f 1581 1997 1587
f 1584 1588 1589
f 1589 1291 1585
f 1589 1590 1299
f 1299 1292 1291
f 1588 1998 1591
f 1591 1592 1304
f 1590 1300 1299
f 1592 1305 1304
f 1592 1593 1594
f 1594 1316 1309
f 1594 1595 1596
f 1596 1317 1316
f 1596 1597 1598
f 1598 1319 1317
f 1598 1599 1600
f 1600 1321 1319
f 1600 1601 1602
f 1602 1603 1321
f 1603 1604 1605
f 1605 1606 1324
f 1603 1322 1321
f 1606 1607 1608
f 1608 1610 1609
f 1606 1325 1324
f 1610 1612 1611
f 1609 1327 1325
f 1612 1614 1613
f 1611 1330 1327
f 1614 1617 1615
f 1613 1616 1330
f 1615 1618 1619
f 1615 1620 1616
f 1334 1331 1616
f 1619 1623 1621
f 1620 1622 1334
f 1623 2057 1624
f 1621 1625 1622
f 1624 2059 1626
f 1625 1627 1628
f 1628 1335 1622
f 1626 2063 1629
f 1627 1630 1339
f 1339 1337 1628
f 1629 2068 1631
f 1631 1632 1342
f 1630 1340 1339
f 1632 1633 1634
f 1634 1347 1345
f 1632 1343 1342
f 1634 1635 1636
f 1636 1639 1347
f 1636 1637 1638
f 1638 1640 1639
f 1640 1641 1642
f 1642 1357 1354
f 1640 1350 1639
f 1642 1643 1644
f 1642 1645 1357
f 1644 1646 1647
f 1647 1648 1645
f 1648 1649 1650
f 1648 1651 1652
f 1652 1358 1645
f 1650 2087 1653
f 1651 1654 1655
f 1655 1360 1652
f 1654 1657 1656
f 1655 1361 1360
f 1657 1659 1658
f 1656 1365 1361
f 1659 1662 1660
f 1658 1661 1365
f 1662 2102 1663
f 1660 1664 1661
f 1663 2108 1665
f 1664 1666 1667
f 1667 1366 1661
f 1666 1668 1669
f 1669 1671 1670
f 1670 1368 1667
f 1671 1380 1379
f 1379 1369 1368
f 1671 1672 1673
f 1673 1382 1380
f 1669 1668 1674
f 1672 1675 1676
f 1676 1385 1673
f 1676 1677 1678
f 1678 1386 1385
f 1677 1680 1679
f 1678 1390 1386
f 1680 1683 1681
f 1679 1682 1390
f 1683 2121 1684
f 1681 1685 1682
f 1684 2127 1686
f 1685 1687 1688
f 1688 1391 1682
f 1687 1689 1690
f 1690 1692 1691
f 1691 1393 1688
f 1692 1693 1694
f 1694 1696 1695
f 1692 1395 1691
f 1696 1453 1452
f 1695 1398 1395
f 1694 1698 1697
f 1696 1455 1453
f 1698 180 1699
f 1697 1457 1455
f 1694 1693 1700
f 1698 181 180
f 1693 2133 1701
f 1700 1702 181
f 1701 2132 1703
f 1702 1704 1705
f 1705 182 181
f 1704 1708 1706
f 1705 1707 182
f 1708 2142 1709
f 1706 1710 1707
f 1709 2148 1711
f 1710 1712 1713
f 1713 188 1707
f 1712 1716 1714
f 1713 1715 188
f 1716 2160 1717
f 1714 1718 1715
f 1719 186 1715
f 1717 2162 1720
f 1718 1721 1719
f 1721 1723 1719
f 1720 2166 1724
f 1724 1725 1722
f 1725 1726 1727
f 1727 1736 1728
f 1725 1729 1722
f 1728 1735 1476
f 1729 1473 1730
f 1730 1723 1722
f 1730 1471 1731
f 1731 1733 1723
f 1731 1469 1732
f 1732 187 1733
f 1732 1467 1734
f 1734 184 187
f 1734 1465 1464
f 1464 185 184
f 1735 1736 1737
f 1737 1739 1738
f 1735 1477 1476
f 1739 1740 1741
f 1739 1742 1743
f 1743 1479 1738
f 1741 1831 1744
f 1742 1745 1746
f 1746 1482 1743
f 1746 1747 1748
f 1748 1483 1482
f 1748 1749 1750
f 1750 1485 1483
f 1750 1751 1752
f 1752 1487 1485
f 1752 1753 1754
f 1752 1491 1487
f 1753 1756 1755
f 1754 1492 1491
f 1755 1757 1758
f 1758 1759 1492
f 1759 1760 1761
f 1761 1762 1495
f 1759 1493 1492
f 1762 1763 1764
f 1764 1765 1498
f 1762 1496 1495
f 1765 1766 1767
f 1767 1769 1768
f 1765 1499 1498
f 1769 189 1770
f 1768 1501 1499
f 1769 1772 189
f 1767 1773 1771
f 1773 1775 1771
f 1773 1766 1776
f 1776 1777 1774
f 1777 1779 1774
f 1777 1780 1781
f 1781 1782 1778
f 1782 1784 1778
f 1782 1785 1786
f 1786 1787 1783
f 1787 1789 1783
f 1787 1790 1791
f 1791 1792 1788
f 1793 1931 1788
f 1792 236 240
f 1792 1794 1793
f 1795 1928 1793
f 240 239 1796
f 1794 1797 1795
f 1798 1925 1795
f 1796 1864 1799
f 1797 1800 1798
f 1801 1922 1798
f 1799 1863 1802
f 1800 1803 1801
f 1804 1918 1801
f 1802 1868 1805
f 1803 1806 1804
f 1807 1919 1804
f 1805 1899 1808
f 1806 1809 1807
f 1810 227 1807
f 1809 1811 1812
f 1812 1813 1810
f 1814 223 1810
f 1812 1894 1815
f 1813 1816 1814
f 1817 1909 1814
f 1815 1893 1818
f 1816 1819 1817
f 1820 1904 1817
f 1818 1825 1821
f 1819 1822 1820
f 1823 1900 1820
f 1821 1824 141
f 1822 140 1823
f 1824 1825 1826
f 1826 1828 1827
f 1824 142 141
f 1828 1830 1829
f 1827 143 142
f 1830 1745 1744
f 1829 1831 143
f 1830 1832 1833
f 1833 1747 1745
f 1833 1834 1835
f 1835 1749 1747
f 1835 1836 1837
f 1837 1751 1749
f 1837 1838 1839
f 1839 1753 1751
f 1838 1841 1840
f 1839 1756 1753
f 1841 1843 1842
f 1842 1757 1756
f 1843 1879 1844
f 1844 1845 1757
f 1844 1878 1846
f 1846 1847 1760
f 1845 1758 1757
f 1846 1851 1848
f 1848 1849 1763
f 1847 1761 1760
f 1848 1850 1780
f 1849 1776 1766
f 1849 1764 1763
f 1850 1781 1780
f 1850 1851 1852
f 1852 1853 1785
f 1853 1786 1785
f 1853 1854 1855
f 1855 1858 1790
f 1855 1856 1857
f 1857 237 1858
f 1857 1859 1860
f 1860 238 237
f 1860 1861 1862
f 1862 1864 238
f 1863 1799 1864
f 1862 1865 1863
f 1865 1867 1868
f 1868 1802 1863
f 1861 1869 1866
f 1869 1871 1866
f 1869 1859 1872
f 1872 1873 1870
f 1873 234 1870
f 1873 1875 1876
f 1876 1879 1874
f 1876 1877 1878
f 1878 1844 1879
f 1875 1856 1854
f 1877 1852 1851
f 1851 1846 1878
f 1872 1859 1856
f 1874 231 234
f 1879 1843 1880
f 1880 232 231
f 1843 1841 1881
f 1881 1883 232
f 1841 1838 1882
f 1883 1885 1886
f 1886 229 232
f 1883 1887 1884
f 1888 1889 1884
f 1882 1838 1836
f 1887 1834 1888
f 1890 1893 1891
f 1889 1885 1884
f 1889 1892 1890
f 1826 1825 1890
f 1888 1834 1832
f 1892 1828 1826
f 1893 1815 1894
f 1891 1895 1885
f 1895 1812 1811
f 1811 1897 1896
f 1895 1886 1885
f 1897 1898 230
f 1896 229 1886
f 1898 1899 1867
f 1867 1866 1871
f 1898 233 230
f 1897 1808 1899
f 1825 1818 1893
f 1870 234 233
f 1899 1805 1868
f 1900 1901 1902
f 1902 1905 1903
f 1900 1904 1820
f 1905 2181 1906
f 1903 1907 1904
f 1906 1910 1908
f 1907 224 1909
f 1909 1817 1904
f 1910 1912 1911
f 1908 225 224
f 1911 1913 1914
f 1914 226 225
f 1914 1915 1916
f 1916 1919 226
f 1916 1917 1918
f 1918 1804 1919
f 1915 2190 1920
f 1917 1921 1922
f 1922 1801 1918
f 1920 2193 1923
f 1921 1924 1925
f 1925 1798 1922
f 1923 2197 1926
f 1924 1927 1928
f 1928 1795 1925
f 1926 2202 1929
f 1927 1930 1931
f 1931 1793 1928
f 1929 2205 1932
f 1932 1933 1789
f 1789 1788 1931
f 1933 1934 1935
f 1935 1936 1784
f 1933 1783 1789
f 1936 1937 1938
f 1938 1939 1779
f 1936 1778 1784
f 1939 1940 1941
f 1941 1942 1775
f 1939 1774 1779
f 1942 1943 1944
f 1944 190 1772
f 1942 1771 1775
f 1943 1947 1945
f 1944 1946 190
f 1947 2223 1948
f 1945 1949 1946
f 1948 2222 1950
f 1949 1951 1952
f 1952 191 1946
f 1951 1954 1953
f 1952 65 191
f 1954 1957 1955
f 1953 1956 65
f 1957 1961 1958
f 1955 1959 1956
f 1958 1556 1554
f 1959 1550 1960
f 1960 64 1956
f 1961 1558 1556
f 1961 1962 1963
f 1963 1560 1558
f 1963 1964 1965
f 1965 1563 1560
f 1965 1966 1967
f 1967 1970 1563
f 1967 1968 1969
f 1969 1971 1970
f 1971 1972 1973
f 1971 1974 1975
f 1975 1564 1970
f 1973 2242 1976
f 1974 1977 1978
f 1978 1566 1975
f 1976 2245 1979
f 1977 1980 1981
f 1981 1569 1978
f 1981 1982 1983
f 1983 1570 1569
f 1983 1984 1985
f 1985 1572 1570
f 1985 1986 1987
f 1985 1575 1572
f 1986 1989 1988
f 1987 1578 1575
f 1989 1992 1990
f 1988 1991 1578
f 1990 1993 1994
f 1994 1997 1991
f 1994 1995 1996
f 1996 1587 1997
f 1995 1999 1998
f 1998 1588 1587
f 1999 2000 2001
f 2001 1595 1593
f 1999 1591 1998
f 2001 2002 2003
f 2003 1597 1595
f 2003 173 172
f 172 1599 1597
f 2004 174 173
f 2002 2005 2004
f 2006 2007 2004
f 2000 1995 1993
f 2005 1992 2006
f 2008 2015 2009
f 2007 174 2004
f 2007 2010 2008
f 2011 2012 2008
f 2006 1992 1989
f 2010 1986 2011
f 2013 2020 2014
f 2012 2015 2008
f 2012 2016 2013
f 2017 2018 2013
f 2011 1986 1984
f 2016 1982 2017
f 122 126 2019
f 2018 2020 2013
f 2018 2021 122
f 126 2249 2022
f 2019 2023 2020
f 2022 2250 2024
f 2023 2025 2026
f 2026 2014 2020
f 2025 2028 2027
f 2027 2015 2014
f 2028 2030 2029
f 2027 2009 2015
f 2029 174 2009
f 2030 170 169
f 2030 2031 2032
f 2032 2033 170
f 2033 171 170
f 2032 2034 1604
f 2033 1602 1601
f 2032 2031 2035
f 2035 2036 1607
f 2034 1605 1604
f 2035 2256 2037
f 2037 2039 2038
f 2036 1608 1607
f 2039 2041 2040
f 2038 1610 1608
f 2041 2043 2042
f 2040 1612 1610
f 2043 2045 2044
f 2042 1614 1612
f 2044 2046 2047
f 2044 1617 1614
f 2047 2048 2049
f 2049 1618 1617
f 2049 2050 2051
f 2051 2052 1618
f 2052 1619 1618
f 2052 2053 2054
f 2054 2057 1623
f 2054 2055 2056
f 2056 2058 2057
f 2059 1624 2057
f 2058 2060 2061
f 2058 2062 2059
f 2063 1626 2059
f 2061 2285 2064
f 2062 2065 2063
f 2064 2289 2066
f 2065 2067 2068
f 2068 1629 2063
f 2066 2070 2069
f 2067 1635 1633
f 1633 1631 2068
f 2070 207 2071
f 2069 1637 1635
f 2071 2072 2073
f 2073 2074 1637
f 2074 2075 2076
f 2076 1643 1641
f 2074 1638 1637
f 2076 2077 2078
f 2078 1646 1643
f 2078 2079 2080
f 2080 2081 1646
f 2081 2082 2083
f 2083 2084 1649
f 2081 1647 1646
f 2084 2085 2086
f 2086 2088 2087
f 2084 1650 1649
f 2088 2089 2090
f 2088 2091 2092
f 2092 1653 2087
f 2092 2093 2094
f 2094 1654 1653
f 2093 2096 2095
f 2094 1657 1654
f 2096 2098 2097
f 2095 1659 1657
f 2098 2100 2099
f 2097 1662 1659
f 2100 2103 2101
f 2099 2102 1662
f 2103 2512 2104
f 2101 2105 2102
f 2105 2106 2107
f 2107 2109 2108
f 2108 1663 2102
f 2109 2110 2111
f 2111 1674 1668
f 2109 1665 2108
f 2111 2112 2113
f 2113 1675 1674
f 2113 2114 2115
f 2115 1677 1675
f 2114 2117 2116
f 2115 1680 1677
f 2117 2119 2118
f 2116 1683 1680
f 2119 2122 2120
f 2118 2121 1683
f 2122 2411 2123
f 2120 2124 2121
f 2124 2125 2126
f 2126 2128 2127
f 2127 1684 2121
f 2128 2129 2130
f 2130 2133 1689
f 2128 1686 2127
f 2130 2131 2132
f 2132 1701 2133
f 2129 2417 2134
f 2131 2135 2136
f 2136 1703 2132
f 2136 2137 2138
f 2138 1704 1703
f 2137 2140 2139
f 2138 1708 1704
f 2140 2143 2141
f 2139 2142 1708
f 2143 2427 2144
f 2141 2145 2142
f 2144 2433 2146
f 2145 2147 2148
f 2148 1709 2142
f 2146 2437 2149
f 2147 2150 2151
f 2151 1711 2148
f 2151 2152 2153
f 2153 1712 1711
f 2153 2154 2155
f 2155 1716 1712
f 2155 2156 2157
f 2157 2160 1716
f 2157 2158 2159
f 2159 2161 2160
f 2162 1717 2160
f 2161 2163 2164
f 2161 2165 2162
f 2166 1720 2162
f 2164 2341 2167
f 2165 2168 2166
f 1726 1724 2166
f 2167 2179 2169
f 2168 2170 1726
f 2170 1727 1726
f 2169 2178 2172
f 2172 2173 2171
f 2173 1902 1901
f 1901 2177 2174
f 2173 2175 2171
f 2174 2176 1740
f 2175 1737 1736
f 1736 1727 2171
f 2176 2177 144
f 2176 143 1831
f 1831 1741 1740
f 2172 1905 1902
f 2178 2179 2180
f 2178 2181 1905
f 2180 2182 2183
f 2180 2184 2181
f 2184 2185 2186
f 2186 1912 1910
f 1910 1906 2181
f 2185 2188 2187
f 2187 1913 1912
f 2187 2189 2190
f 2190 1915 1913
f 2189 2191 2192
f 2192 2194 2193
f 2193 1920 2190
f 2194 2195 2196
f 2196 2198 2197
f 2194 1923 2193
f 2198 2199 2200
f 2198 2201 2202
f 2202 1926 2197
f 2200 2330 2203
f 2201 2204 2205
f 2205 1929 2202
f 2203 2328 2206
f 2204 2207 1934
f 1934 1932 2205
f 2206 2294 2208
f 2208 2209 1937
f 2207 1935 1934
f 2209 2210 2211
f 2211 2212 1940
f 2209 1938 1937
f 2212 2213 2214
f 2212 1947 1943
f 2212 1941 1940
f 2214 2215 2216
f 2216 2223 1947
f 2216 2217 2218
f 2216 2219 2223
f 2218 2297 2220
f 2219 2221 2222
f 2222 1948 2223
f 2220 2300 2224
f 2221 2225 2226
f 2226 1950 2222
f 2226 2227 2228
f 2228 1951 1950
f 2227 2230 2229
f 2228 1954 1951
f 2230 1964 1962
f 2229 1957 1954
f 2230 2231 2232
f 2232 1966 1964
f 2231 2234 2233
f 2233 1968 1966
f 2234 2307 2235
f 2235 2236 1968
f 2236 2237 2238
f 2238 2239 1972
f 2236 1969 1968
f 2238 2315 2240
f 2239 2241 2242
f 2242 1973 1972
f 2241 2243 2244
f 2241 124 2245
f 2245 1976 2242
f 2244 2246 2247
f 2247 125 124
f 2247 2248 2249
f 2249 126 125
f 2250 2022 2249
f 2246 2318 2251
f 2248 2252 2250
f 2253 2024 2250
f 2251 2321 2254
f 2254 2255 2253
f 2255 2257 2253
f 2255 2258 2259
f 2259 2037 2256
f 2259 2260 2261
f 2261 2039 2037
f 2261 2262 2263
f 2263 2041 2039
f 2263 2264 2265
f 2265 2043 2041
f 2265 2266 2267
f 2267 2045 2043
f 2267 2268 2269
f 2269 2046 2045
f 2269 2270 2271
f 2271 2048 2046
f 2271 2272 2273
f 2273 2050 2048
f 2273 2274 2275
f 2275 2276 2050
f 2276 2051 2050
f 2276 2277 2278
f 2278 2055 2053
f 2278 2279 2280
f 2280 2281 2055
f 2281 2056 2055
f 2281 2282 2283
f 2283 2284 2060
f 2284 2061 2060
f 2284 2286 2287
f 2287 2288 2285
f 2289 2064 2285
f 2288 2290 209
f 2288 208 2289
f 2287 2291 2290
f 2286 2296 2292
f 2291 2210 2293
f 2293 215 2290
f 2293 2208 2294
f 2293 2295 215
f 2296 2215 2213
f 2292 2211 2210
f 2296 2283 2282
f 2282 2217 2215
f 2280 2279 2217
f 2277 2298 2297
f 2279 2218 2217
f 2298 2275 2274
f 2298 2299 2300
f 2300 2220 2297
f 2274 2272 2301
f 2299 2302 2303
f 2303 2224 2300
f 2303 2304 2305
f 2305 2225 2224
f 2305 2234 2231
f 2231 2227 2225
f 2302 2308 2306
f 2304 2307 2234
f 2308 2324 2309
f 2306 2310 2307
f 2309 2322 2311
f 2310 2312 2237
f 2237 2235 2307
f 2312 2313 2314
f 2314 2316 2315
f 2315 2238 2237
f 2316 2317 2318
f 2318 2246 2243
f 2316 2240 2315
f 2317 2320 2321
f 2321 2251 2318
f 2314 2313 2319
f 2258 2254 2321
f 2319 55 58
f 58 2260 2258
f 2319 56 55
f 2313 2322 56
f 2323 59 56
f 2322 2324 2323
f 2325 60 59
f 2323 2326 2325
f 2268 2266 2325
f 2324 2308 2327
f 2326 2270 2268
f 2308 2302 2301
f 2327 2272 2270
f 2266 2264 60
f 2264 57 60
f 2260 58 57
f 2257 2028 2025
f 2025 2024 2253
f 2256 2035 2031
f 2294 2328 2295
f 2329 213 2295
f 2328 2330 2329
f 2329 2332 213
f 2330 2333 2331
f 2333 2335 2331
f 2333 2200 2199
f 2199 2336 2334
f 2336 2158 2334
f 2336 2196 2195
f 2195 2338 2337
f 2338 2163 2337
f 2338 2192 2191
f 2191 2340 2339
f 2182 2341 2339
f 2340 2188 2185
f 2185 2183 2182
f 2341 2164 2163
f 2337 2159 2158
f 2335 2154 2342
f 2342 2332 2331
f 2334 2158 2156
f 2342 2152 2343
f 2343 214 2332
f 2343 2150 2344
f 2344 211 214
f 2344 2149 2345
f 2344 212 211
f 2149 2437 2346
f 2345 2347 212
f 2346 2436 2348
f 2347 2349 2350
f 2350 206 212
f 2349 2352 2351
f 2350 2072 206
f 2352 2077 2075
f 2351 2073 2072
f 2352 2353 2354
f 2354 2079 2077
f 2354 2355 2356
f 2356 2357 2079
f 2357 2358 2359
f 2359 2360 2082
f 2357 2080 2079
f 2360 2361 2362
f 2362 2363 2085
f 2360 2083 2082
f 2363 2364 2365
f 2365 250 2089
f 2363 2086 2085
f 2364 2367 2368
f 2368 248 2365
f 2362 2361 2366
f 2368 2369 2370
f 2370 249 248
f 2370 2371 2372
f 2372 2373 249
f 2374 2541 2375
f 2373 251 249
f 2373 2376 2374
f 2377 2540 2374
f 2372 2371 2378
f 2376 2379 2377
f 2380 2537 2377
f 2378 2454 2381
f 2379 2382 2380
f 2382 2384 2380
f 2382 2385 2386
f 2386 2387 2383
f 2387 2389 2383
f 2387 2390 2391
f 2387 2392 2388
f 2393 2530 2388
f 2391 2461 2394
f 2392 2395 2393
f 2396 2527 2393
f 2394 2465 2397
f 2395 2398 2396
f 263 2525 2396
f 2397 2400 2399
f 2398 262 263
f 2400 2403 2401
f 2399 2402 262
f 2403 2471 2404
f 2401 2405 2402
f 2406 260 2402
f 2404 2413 2407
f 2405 2408 2406
f 2408 2410 2406
f 2407 2412 2411
f 2411 2122 2409
f 2412 2413 2414
f 2414 2417 2125
f 2412 2123 2411
f 2414 2415 2416
f 2416 2134 2417
f 2416 2418 2419
f 2419 2135 2134
f 2419 2420 2421
f 2421 2137 2135
f 2420 2423 2422
f 2421 2140 2137
f 2423 2425 2424
f 2422 2143 2140
f 2425 2428 2426
f 2424 2427 2143
f 2428 2481 2429
f 2426 2430 2427
f 2430 2431 2432
f 2432 2434 2433
f 2433 2144 2427
f 2434 2435 2436
f 2436 2346 2437
f 2434 2146 2433
f 2432 2431 2438
f 2435 2439 2440
f 2440 2348 2436
f 2440 2355 2353
f 2353 2349 2348
f 2438 2486 2441
f 2439 2442 2355
f 2441 2489 2443
f 2443 2444 2358
f 2442 2356 2355
f 2444 2445 2446
f 2446 2366 2361
f 2444 2359 2358
f 2446 2447 2448
f 2448 2367 2366
f 2448 2449 2450
f 2450 2369 2367
f 2450 2451 2452
f 2452 2371 2369
f 2452 2453 2454
f 2454 2378 2371
f 2385 2381 2454
f 2453 2455 2456
f 2456 2457 2385
f 2457 2386 2385
f 2457 2458 2459
f 2459 2460 2390
f 2460 2391 2390
f 2460 2462 2463
f 2460 2464 2461
f 2465 2394 2461
f 2463 2495 2466
f 2464 2467 2465
f 2400 2397 2465
f 2466 2469 2468
f 2467 2403 2400
f 2469 2472 2470
f 2468 2471 2403
f 2472 2420 2418
f 2470 2415 2471
f 2472 2473 2474
f 2472 2423 2420
f 2474 2475 2476
f 2474 2425 2423
f 2475 2478 2477
f 2476 2428 2425
f 2477 2479 2480
f 2477 2481 2428
f 2480 2482 2483
f 2483 2484 2481
f 2484 2485 2486
f 2486 2438 2431
f 2484 2429 2481
f 2483 2482 2487
f 2485 2488 2489
f 2489 2441 2486
f 2487 49 2490
f 2490 2447 2445
f 2488 2443 2489
f 49 48 2491
f 2490 2449 2447
f 48 51 2455
f 2491 2451 2449
f 2482 52 49
f 2479 53 52
f 2478 2492 53
f 2492 2462 2494
f 2494 50 53
f 2478 2475 2493
f 2494 2459 2458
f 2458 51 50
f 2493 2463 2462
f 2475 2473 2495
f 2469 2466 2495
f 2456 2455 51
f 2413 2404 2471
f 2410 2497 2498
f 2498 260 2406
f 2409 2499 2496
f 2499 2501 2496
f 2499 2122 2119
f 2119 2117 2500
f 2501 2503 2504
f 2504 2497 2496
f 2500 2505 2502
f 2506 2507 2502
f 2505 2117 2114
f 2505 2112 2506
f 2508 2514 2509
f 2509 2503 2502
f 2507 2510 2508
f 2106 2511 2508
f 2506 2112 2110
f 2510 2107 2106
f 2512 2515 2513
f 2511 2514 2508
f 2511 2104 2512
f 2515 2550 2516
f 2513 2517 2514
f 2517 45 43
f 43 2519 2518
f 2517 2509 2514
f 2519 2521 2520
f 2518 2503 2509
f 2521 2523 2522
f 2520 2504 2503
f 2523 2525 2524
f 2522 2497 2504
f 2525 263 261
f 2524 2498 2497
f 2523 2526 2527
f 2527 2396 2525
f 2521 2519 2528
f 2526 2529 2530
f 2530 2393 2527
f 2528 42 2531
f 2529 2532 2389
f 2389 2388 2530
f 2531 44 2533
f 2532 2534 2384
f 2532 2383 2389
f 2533 2551 2535
f 2534 2536 2537
f 2537 2380 2384
f 2535 2546 2538
f 2536 2539 2540
f 2540 2377 2537
f 2541 2374 2540
f 2538 2545 2542
f 2539 2543 2541
f 2544 2375 2541
f 2542 2096 2093
f 2543 2091 2544
f 252 251 2375
f 2544 2090 252
f 2545 2098 2096
f 2545 2546 2547
f 2545 2100 2098
f 2547 2548 2549
f 2547 2103 2100
f 2549 2550 2515
f 2549 2512 2103
f 2546 2535 2551
f 2548 46 2550
f 2551 44 46
f 2519 43 42
f 2550 46 45
f 2179 2167 2341
f 2417 2126 2125
f 2090 250 252
f 2289 208 2070
f 2017 1980 2021
f 1979 123 2021
f 2245 124 123
f 1823 140 2177
f 1909 223 1814
f 1919 227 226
f 1864 239 238
f 1791 1858 236
f 1733 186 1719
f 2133 1690 1689
f 1599 172 171
f 1997 1579 1991
f 1960 1544 64
f 1510 1507 63
f 1507 67 63
f 1505 192 67
f 1503 1770 192
f 1460 1459 185
f 1459 1699 185
f 1450 1449 1398
f 2552 1399 1449
f 1442 1402 2552
f 1408 672 2553
f 2553 2555 1404
f 2553 669 2554
f 2554 178 2555
f 669 667 2556
f 2556 176 178
f 667 665 2557
f 2556 2558 176
f 665 663 2559
f 2559 34 2558
f 663 660 2560
f 2560 35 34
f 2555 177 1401
f 1288 1212 1583
f 1285 1213 1212
f 1282 1215 1213
f 1284 1218 1215
f 1274 1224 1218
f 1272 1225 1224
f 1271 1227 1225
f 2561 1231 1227
f 1236 1233 2561
f 1262 1267 77
f 18 17 108
f 113 19 18
f 1128 2562 148
f 1022 1021 717
f 1024 715 714
f 1017 724 722
f 1021 718 717
f 1019 29 28
f 1013 725 724
f 997 737 733
f 994 740 739
f 990 743 742
f 986 747 746
f 982 751 750
f 2563 754 981
f 203 96 972
f 2564 757 2563
f 764 760 2564
f 1119 2562 946
f 936 243 885
f 1144 242 246
f 921 845 116
f 900 797 796
f 820 799 797
f 817 801 799
f 806 803 801
f 2560 1257 35
f 611 110 1229
f 533 721 128
f 525 153 152
f 698 156 155
f 699 138 135
f 689 137 136
f 568 198 489
f 473 398 397
f 478 88 400
f 470 394 393
f 467 391 390
f 390 388 2565
f 2565 386 2566
f 2566 22 21
f 401 88 87
f 362 220 219
f 309 254 367
f 307 255 254
f 4 7 73
f 1376 3 2

