{
  "name": "BTG_7",
  "source_file": "BTG_7.stl",
  "canonical_scale_factor": 154.41322745658383,
  "source_unit_scale": 0.001,
  "centroid_offset": [
    109.98803143724619,
    152.57911778004942,
    78.14829714168137
  ],
  "original_bbox": [
    188.89874267578125,
    284.2393493652344,
    209.97918701171875
  ],
  "normalised_bbox": [
    1.223332649587249,
    1.8407707296005686,
    1.359852329171465
  ],
  "export_bbox": [
    0.09064367234002112,
    0.1363931706746419,
    0.10075919170294462
  ],
  "export_bbox_scale_factor": 0.07409568637819335,
  "export_bbox_target_size": 0.1363931706746419,
  "export_bbox_target_axis": "max",
  "volume_m3": 1610442.2235329861,
  "surface_area_m2": 103892.55025208519,
  "export_volume_m3": 0.00017793870420673136,
  "export_surface_area_m2": 0.023922207715498415,
  "n_faces": 19200,
  "n_vertices": 9602,
  "is_watertight": true,
  "mass_kg": 0.05,
  "inertia": {
    "ixx": 5.3538475136109894e-05,
    "iyy": 3.209936699553366e-05,
    "izz": 5.167688533789059e-05,
    "ixy": -2.7174649925651453e-06,
    "ixz": -6.911057097357461e-06,
    "iyz": 3.0641686713800033e-06
  },
  "point_cloud_counts": [
    100,
    1024
  ],
  "point_cloud_space": "unit_sphere",
  "urdf_file": "BTG_7.urdf"
}