{
  "name": "BTG_7",
  "source_file": "BTG_7.stl",
  "canonical_scale_factor": 154.41322745658383,
  "source_unit_scale": 0.001,
  "centroid_offset": [
    109.98803143724619,
    152.57911778004942,
    78.14829714168137
  ],
  "original_bbox": [
    188.89874267578125,
    284.2393493652344,
    209.97918701171875
  ],
  "normalised_bbox": [
    1.223332649587249,
    1.8407707296005686,
    1.359852329171465
  ],
  "export_bbox": [
    0.12339536245194119,
    0.18567523023817273,
    0.13716585680586935
  ],
  "export_bbox_scale_factor": 0.10086820007099019,
  "export_bbox_target_size": 0.18567523023817276,
  "export_bbox_target_axis": "max",
  "volume_m3": 1610442.2235329861,
  "surface_area_m2": 103892.55025208519,
  "export_volume_m3": 0.00044890501878764585,
  "export_surface_area_m2": 0.04433267616807777,
  "n_faces": 19200,
  "n_vertices": 9602,
  "is_watertight": true,
  "mass_kg": 0.05,
  "inertia": {
    "ixx": 9.921759350012368e-05,
    "iyy": 5.948660170237255e-05,
    "izz": 9.576769210875729e-05,
    "ixy": -5.0360107623105515e-06,
    "ixz": -1.2807582808410555e-05,
    "iyz": 5.6785226116338245e-06
  },
  "point_cloud_counts": [
    100,
    1024
  ],
  "point_cloud_space": "unit_sphere",
  "urdf_file": "BTG_7.urdf"
}