{
  "name": "BTG_3",
  "source_file": "BTG_3.stl",
  "canonical_scale_factor": 161.67168307819313,
  "source_unit_scale": 0.001,
  "centroid_offset": [
    72.2647253823046,
    144.81561496777607,
    103.15180712137195
  ],
  "original_bbox": [
    136.36915588378906,
    278.67706298828125,
    193.10142517089844
  ],
  "normalised_bbox": [
    0.8434943787764837,
    1.7237221613725517,
    1.194404743578405
  ],
  "export_bbox": [
    0.04262736431530684,
    0.08711111111111108,
    0.06036119199549406
  ],
  "export_bbox_scale_factor": 0.050536631171317625,
  "export_bbox_target_size": 0.08711111111111108,
  "export_bbox_target_axis": "max",
  "volume_m3": 1440811.5094271258,
  "surface_area_m2": 105967.29916726182,
  "export_volume_m3": 4.400724228709288e-05,
  "export_surface_area_m2": 0.010354199352176019,
  "n_faces": 21760,
  "n_vertices": 10882,
  "is_watertight": true,
  "mass_kg": 0.05,
  "inertia": {
    "ixx": 2.7002483709625553e-05,
    "iyy": 1.1229126818605146e-05,
    "izz": 2.0640700787824945e-05,
    "ixy": 1.1478255522697743e-06,
    "ixz": -1.8551155655822668e-06,
    "iyz": 1.682019848251249e-07
  },
  "point_cloud_counts": [
    100,
    1024
  ],
  "point_cloud_space": "unit_sphere",
  "urdf_file": "BTG_3.urdf"
}