{
  "name": "BTG_5",
  "source_file": "BTG_5.stl",
  "canonical_scale_factor": 153.7518771055428,
  "source_unit_scale": 0.001,
  "centroid_offset": [
    111.5303258279191,
    140.6277896643289,
    96.08097619353805
  ],
  "original_bbox": [
    167.6524658203125,
    283.11376953125,
    209.62042236328125
  ],
  "normalised_bbox": [
    1.0904092293144991,
    1.8413678900122101,
    1.363368215786969
  ],
  "export_bbox": [
    0.13863557179403518,
    0.2341131049262153,
    0.1733398132371501
  ],
  "export_bbox_scale_factor": 0.1271408642434092,
  "export_bbox_target_size": 0.2341131049262153,
  "export_bbox_target_axis": "max",
  "volume_m3": 1808036.91632781,
  "surface_area_m2": 116718.52418807385,
  "export_volume_m3": 0.0010223544493439005,
  "export_surface_area_m2": 0.07981219460317313,
  "n_faces": 19200,
  "n_vertices": 9602,
  "is_watertight": true,
  "mass_kg": 0.05,
  "inertia": {
    "ixx": 0.00016474105561581817,
    "iyy": 9.521894158263664e-05,
    "izz": 0.00015758724386972833,
    "ixy": 7.618320202893514e-07,
    "ixz": -1.4171224064143438e-05,
    "iyz": -3.894044390010789e-06
  },
  "point_cloud_counts": [
    100,
    1024
  ],
  "point_cloud_space": "unit_sphere",
  "urdf_file": "BTG_5.urdf"
}