# https://github.com/mikedh/trimesh

o Stage1_2Dcross_NEW_Rescaled_11.stl
v 0.02733115 -0.00145919 -0.02478564
v 0.02695871 -0.00468697 -0.02148512
v 0.02639169 -0.00718356 -0.02612860
v 0.02732944 -0.00138644 -0.02873179
v 0.02729282 0.00211430 -0.02123768
v 0.02734641 -0.00125973 -0.01924848
v 0.02691135 0.00480790 -0.02621747
v 0.02692770 -0.00481417 0.02692232
v 0.02734750 -0.00149044 0.02294363
v 0.02730197 0.00100712 0.02811110
v 0.02696725 -0.00462911 0.03144520
v 0.02546970 -0.01001583 0.02858980
v 0.02623703 -0.00780636 0.02357934
v 0.02698264 -0.00465963 0.02105238
v 0.02693332 -0.02633639 -0.00479239
v 0.02736398 -0.02244698 -0.00111750
v 0.02728830 -0.02717159 0.00144096
v 0.02693747 -0.03016622 -0.00481223
v 0.02530942 -0.02791402 -0.01039182
v 0.02732712 -0.03033053 0.00057854
v 0.02620944 -0.02320626 -0.00790144
v 0.02702206 -0.02066818 -0.00440703
v 0.02735373 0.02547269 0.00120211
v 0.02734665 0.03022050 0.00103706
v 0.02655038 0.02712968 0.00659414
v 0.02691769 0.02697147 -0.00478601
v 0.02728635 0.02161942 -0.00213342
v 0.02702097 0.02213309 0.00422696
v 0.02737436 0.01958720 0.00094447
v -0.02731387 0.00232255 -0.02487576
v -0.02614859 0.00805619 -0.02633819
v -0.02644113 0.00703080 -0.02953422
v -0.02675931 0.00579081 -0.02122859
v -0.02734927 -0.00070211 -0.02127084
v -0.02725925 0.00270512 -0.01883373
v -0.02706424 -0.00404537 -0.02615401
v -0.02732040 0.00198246 -0.02886255
v -0.02720517 0.02522147 0.00321001
v -0.02714395 0.02908939 0.00353696
v -0.02726047 0.02932499 -0.00229114
v -0.02529617 0.02710770 0.01041255
v -0.02652060 0.02213700 0.00684408
v -0.02735446 0.02158158 -0.00054456
v -0.02724014 0.01960868 0.00289729
v -0.02714114 0.02622977 -0.00336840
v 0.01635605 -0.04800021 -0.01589086
v 0.01371957 -0.04800021 -0.01679344
v 0.01767899 -0.04800021 -0.01723776
v 0.01716257 -0.04800021 -0.01389453
v 0.01385867 -0.04800021 -0.01387637
v 0.01512021 0.01576322 -0.04800233
v 0.01671201 0.01733793 -0.04800233
v 0.01619565 0.01320438 -0.04800233
v 0.01316025 0.01312553 -0.04800233
v 0.01300766 0.01648759 -0.04800233
v 0.01409097 0.01936893 -0.04800233
v 0.01293600 -0.01685177 0.04799767
v 0.01425620 -0.01447237 0.04799767
v 0.01062106 -0.01402169 0.04799767
v 0.01435471 -0.01925118 0.04799767
v 0.01723203 -0.01652901 0.04799767
v 0.00996927 -0.01740694 0.04799767
v -0.00422952 0.04799979 -0.02159274
v -0.00185165 0.04799979 -0.02114532
v -0.00154764 0.04799979 -0.02410857
v -0.00652078 0.04799979 -0.02000026
v -0.00393240 0.04799979 -0.01847697
v -0.00491495 0.04799979 -0.02369931
v -0.00061496 0.01149198 0.04799767
v -0.00179733 0.01333427 0.04799767
v -0.00421475 0.01149393 0.04799767
v -0.00181497 0.00966459 0.04799767
v 0.00056039 0.00834061 0.04799767
v 0.00128897 0.01109745 0.04799767
v 0.00076804 0.01391386 0.04799767
v 0.01664243 0.01546220 0.04799767
v 0.01731552 0.01334379 0.04799767
v 0.01811581 0.01678983 0.04799767
v 0.01451743 0.01648222 0.04799767
v 0.01442441 0.01361161 0.04799767
v 0.00650870 0.04799979 0.02381077
v 0.00386496 0.04799979 0.02361478
v 0.00732614 0.04799979 0.02640254
v 0.00868228 0.04799979 0.02218382
v 0.00555698 0.04799979 0.02078278
v -0.01947903 -0.04800021 0.00060549
v -0.01821255 -0.04800021 0.00287829
v -0.02289932 -0.04800021 0.00364191
v -0.01848380 -0.04800021 -0.00163513
v -0.01561832 -0.04800021 0.00065424
v -0.02329190 -0.04800021 -0.00018278
v 0.00854147 -0.04800021 0.00310732
v 0.01052597 -0.04800021 0.00365578
v 0.00939639 -0.04800021 0.00579225
v 0.00709933 -0.04800021 0.00434994
v 0.00544046 -0.04800021 0.00205638
v 0.00784647 -0.04800021 0.00112791
v 0.01056906 -0.04800021 0.00094818
v 0.00147641 -0.04800021 0.01994737
v 0.00149545 -0.04800021 0.02199778
v -0.00187723 -0.04800021 0.02134550
v 0.00357956 -0.04800021 0.01888135
v 0.00496329 -0.04800021 0.02125581
v -0.00062881 -0.04800021 0.01882066
v 0.00154306 -0.04800021 0.01684906
v -0.02734268 0.00155985 0.02028797
v -0.02622537 0.00790800 0.02242299
v -0.02694205 0.00508207 0.01716361
v -0.02734616 0.00137821 0.01466861
v -0.02728909 -0.00236007 0.01691791
v -0.02692398 -0.00509371 0.02209863
v -0.02734836 0.00170609 0.02408465
v -0.02734665 -0.02057345 0.00136140
v -0.02707083 -0.01709982 0.00420743
v -0.02737387 -0.01440450 0.00075420
v -0.02646280 -0.02271383 0.00709369
v -0.02729178 -0.01680489 -0.00232057
v -0.02701889 -0.02250973 -0.00447444
v -0.02735086 -0.02535128 0.00168503
v -0.00274283 -0.00392257 -0.04800233
v -0.00424185 -0.00568697 -0.04800233
v -0.00627597 -0.00355685 -0.04800233
v -0.00371390 -0.00191598 -0.04800233
v -0.00139700 -0.00110616 -0.04800233
v -0.00089847 -0.00397286 -0.04800233
v -0.00201163 -0.00674923 -0.04800233
v 0.01622708 -0.01644991 -0.04800233
v 0.01703763 -0.01423849 -0.04800233
v 0.01970755 -0.01510763 -0.04800233
v 0.01762643 -0.01792208 -0.04800233
v 0.01352512 -0.01728536 -0.04800233
v 0.01365976 -0.01429195 -0.04800233
v -0.01829764 -0.00348946 0.04799767
v -0.01773087 -0.00076827 0.04799767
v -0.02276303 -0.00098727 0.04799767
v -0.02221677 -0.00487569 0.04799767
v -0.01681192 -0.00590109 0.04799767
v -0.01435709 -0.00269381 0.04799767
v 0.00919821 0.04799979 -0.00945121
v 0.00917587 0.04799979 -0.00762726
v 0.01150082 0.04799979 -0.01065970
v 0.00953415 0.04799979 -0.01265500
v 0.00730350 0.04799979 -0.01019034
v -0.02094095 0.00379105 -0.04800233
v -0.02349832 0.00435477 -0.04800233
v -0.01948770 0.00599540 -0.04800233
v -0.01769455 0.00345853 -0.04800233
v -0.02035233 0.00159452 -0.04800233
v -0.02366580 0.00094462 -0.04800233
v -0.00593936 0.04799979 0.00688436
v -0.00581210 0.04799979 0.00508899
v -0.00833463 0.04799979 0.00791076
v -0.00628751 0.04799979 0.00989086
v -0.00405130 0.04799979 0.00763179
v -0.00300796 0.04799979 0.00546147
v -0.00255264 0.04799979 0.00314571
v -0.00157974 0.04799979 0.00871687
v -0.00013870 0.04799979 0.00619800
v 0.00073190 0.04799979 0.00375135
v 0.00298630 0.04799979 0.00709415
v 0.00414865 0.04799979 0.00449025
v 0.00130026 0.04799979 0.00129841
v -0.00222745 0.04799979 0.00070379
v -0.00182205 0.04799979 -0.00180608
v -0.00581686 0.04799979 0.00021330
v -0.00592117 0.04799979 0.00275846
v 0.00173569 0.04799979 -0.00117587
v 0.00215195 0.04799979 -0.00366424
v -0.00126694 0.04799979 -0.00436514
v 0.00491464 0.04799979 0.00193699
v 0.00541086 0.04799979 -0.00060072
v 0.00570078 0.04799979 -0.00312399
v 0.00952817 0.04799979 -0.00279624
v 0.00944174 0.04799979 -0.00528210
v 0.00592905 0.04799979 -0.00557250
v 0.00272336 0.04799979 -0.00616993
v 0.00358536 0.04799979 -0.00868179
v 0.00072946 0.04799979 -0.00962525
v -0.00047403 0.04799979 -0.00696266
v -0.00227994 0.04799979 -0.01065662
v -0.00375027 0.04799979 -0.00788466
v -0.00478134 0.04799979 -0.00515155
v -0.00722867 0.04799979 -0.00894671
v -0.00853397 0.04799979 -0.00603462
v -0.00544913 0.04799979 -0.00244067
v -0.00940195 0.04799979 -0.00307958
v -0.01252884 0.04799979 -0.00702437
v -0.01356033 0.04799979 -0.00373676
v -0.00983804 0.04799979 -0.00014155
v -0.01405960 0.04799979 -0.00038503
v -0.00986490 0.04799979 0.00273847
v -0.01402634 0.04799979 0.00299542
v -0.01338693 0.04799979 0.00631708
v -0.00945413 0.04799979 0.00547967
v -0.01742569 0.04799979 0.00731660
v -0.01549802 0.04799979 0.01112002
v -0.01187259 0.04799979 0.00943754
v -0.01248288 0.04799979 0.01442654
v -0.00927322 0.04799979 0.01211282
v -0.00896634 0.04799979 0.01680306
v -0.00617361 0.04799979 0.01401465
v -0.00364908 0.04799979 0.01135252
v -0.00290646 0.04799979 0.01541628
v -0.00058157 0.04799979 0.01251386
v 0.00139340 0.04799979 0.00976560
v 0.00281271 0.04799979 0.01351475
v 0.00477731 0.04799979 0.01076758
v 0.00649374 0.04799979 0.00803983
v 0.00854849 0.04799979 0.01184371
v 0.01041122 0.04799979 0.00906886
v 0.00787204 0.04799979 0.00530031
v 0.01194107 0.04799979 0.00617657
v 0.00880631 0.04799979 0.00257361
v 0.01301889 0.04799979 0.00320689
v 0.00934293 0.04799979 -0.00013258
v 0.01361594 0.04799979 0.00022687
v 0.01755179 0.04799979 0.00387274
v 0.01822336 0.04799979 0.00044221
v 0.01380087 0.04799979 -0.00273722
v 0.01820743 0.04799979 -0.00297240
v 0.01770761 0.04799979 -0.00632578
v 0.01356845 0.04799979 -0.00556575
v 0.01664413 0.04799979 -0.00957855
v 0.01293600 0.04799979 -0.00825119
v 0.02046780 0.04799979 -0.01102999
v 0.01837863 0.04799979 -0.01458931
v 0.01479135 0.04799979 -0.01248517
v 0.01534433 0.04799979 -0.01759560
v 0.01237997 0.04799979 -0.01508379
v 0.01210287 0.04799979 -0.01999804
v 0.00965256 0.04799979 -0.01703227
v 0.00723416 0.04799979 -0.01415194
v 0.00663913 0.04799979 -0.01854969
v 0.00450449 0.04799979 -0.01540615
v 0.00505405 0.04799979 -0.01132790
v 0.00244260 0.04799979 -0.01244585
v 0.00636533 0.04799979 -0.00794438
v 0.00164450 0.04799979 -0.01645796
v -0.00042007 0.04799979 -0.01348623
v -0.00120132 0.04799979 -0.01739622
v -0.00345316 0.04799979 -0.01453240
v -0.00548416 0.04799979 -0.01179284
v -0.00654782 0.04799979 -0.01587488
v -0.00892087 0.04799979 -0.01315713
v -0.01096439 0.04799979 -0.01018247
v -0.01245462 0.04799979 -0.01489553
v -0.01489908 0.04799979 -0.01167252
v -0.01671378 0.04799979 -0.00816483
v -0.01875027 0.04799979 -0.01343929
v -0.02087772 0.04799979 -0.00942830
v -0.01788345 0.04799979 -0.00441531
v -0.02223184 0.04799979 -0.00513085
v -0.01842630 0.04799979 -0.00054054
v -0.02280618 0.04799979 -0.00068226
v -0.02257211 0.04799979 0.00388309
v -0.01829532 0.04799979 0.00341755
v -0.02705362 0.04799979 0.00437546
v -0.02563370 0.04799979 0.00969682
v -0.02140787 0.04799979 0.00847422
v -0.02304459 0.04799979 0.01485106
v -0.01914688 0.04799979 0.01290517
v -0.01942630 0.04799979 0.01936654
v -0.01583524 0.04799979 0.01677746
v -0.01501413 0.04799979 0.02294279
v -0.01193228 0.04799979 0.01974221
v -0.01019925 0.04799979 0.02544748
v -0.00777615 0.04799979 0.02184692
v -0.00528848 0.04799979 0.01845346
v -0.00364627 0.04799979 0.02305003
v -0.00149796 0.04799979 0.01947050
v 0.00065927 0.04799979 0.01637768
v 0.00212527 0.04799979 0.02010373
v 0.00427310 0.04799979 0.01718920
v 0.00646005 0.04799979 0.01448191
v 0.00791934 0.04799979 0.01832278
v 0.01034494 0.04799979 0.01590409
v 0.01269785 0.04799979 0.01323855
v 0.01432651 0.04799979 0.01793110
v 0.01696518 0.04799979 0.01509911
v 0.01477225 0.04799979 0.01031029
v 0.01922281 0.04799979 0.01184814
v 0.01641171 0.04799979 0.00716321
v 0.02098825 0.04799979 0.00828564
v 0.02216733 0.04799979 0.00451639
v 0.02565988 0.04799979 0.00958044
v 0.02691208 0.04799979 0.00522542
v 0.02275949 0.04799979 0.00059418
v 0.02738522 0.04799979 0.00072418
v 0.02712729 0.04799979 -0.00377908
v 0.02255710 0.04799979 -0.00334767
v 0.02611154 0.04799979 -0.00832316
v 0.02178195 0.04800004 -0.00721938
v 0.02612924 0.04384501 -0.00814088
v 0.02434189 0.04406474 -0.01247407
v 0.02429794 0.04799979 -0.01268720
v 0.02180368 0.04430448 -0.01652109
v 0.02167978 0.04799979 -0.01674892
v 0.01861301 0.04450394 -0.02005915
v 0.01841531 0.04799979 -0.02027811
v 0.01488705 0.04468803 -0.02298722
v 0.01466812 0.04799979 -0.02314559
v 0.01077768 0.04484354 -0.02515735
v 0.01056808 0.04799979 -0.02530550
v 0.00864474 0.04799979 -0.02181180
v 0.00640488 0.04799979 -0.02663797
v 0.00512497 0.04799979 -0.02308155
v 0.00358298 0.04799979 -0.01968340
v 0.00174545 0.04799979 -0.02393168
v 0.00067722 0.04799979 -0.02050675
v 0.00222275 0.04799979 -0.02732132
v -0.00187112 0.04799979 -0.02733935
v 0.00224576 0.04506034 -0.02728487
v -0.00203439 0.04508964 -0.02731584
v -0.00616306 0.04799979 -0.02670242
v -0.00647842 0.04506278 -0.02661302
v -0.01076694 0.04799979 -0.02521873
v -0.00880997 0.04799979 -0.02234659
v -0.01106625 0.04498222 -0.02505478
v -0.01524484 0.04799979 -0.02280919
v -0.01267300 0.04799979 -0.02010169
v -0.01605301 0.04799979 -0.01708316
v -0.00963748 0.04799979 -0.01767129
v -0.01925644 0.04799979 -0.01952981
v -0.02261264 0.04799979 -0.01551200
v -0.01942337 0.04472660 -0.01931491
v -0.02270035 0.04458744 -0.01533384
v -0.02516403 0.04799979 -0.01088859
v -0.02515854 0.04442655 -0.01077218
v -0.02676157 0.04799979 -0.00594321
v -0.02673557 0.04424320 -0.00591573
v -0.02739548 0.04799979 -0.00083353
v -0.02736557 0.04414042 -0.00088562
v -0.02667673 0.04057206 -0.00596603
v -0.02733566 0.04029374 -0.00100215
v -0.02703342 0.04026298 0.00402679
v -0.02703867 0.04413700 0.00419237
v -0.02575644 0.04050394 0.00923017
v -0.02570889 0.04423222 0.00941602
v -0.02328372 0.04089603 0.01429810
v -0.02322049 0.04444340 0.01448769
v -0.01982224 0.04125492 0.01880817
v -0.01968936 0.04460014 0.01902801
v -0.01558096 0.04157865 0.02249926
v -0.01536942 0.04475053 0.02267136
v -0.01084756 0.04187870 0.02510393
v -0.01059592 0.04488920 0.02524103
v -0.00600528 0.04209110 0.02671463
v -0.00575302 0.04498124 0.02677479
v -0.00538296 0.04799979 0.02689316
v -0.00101419 0.04501444 0.02735886
v -0.00070425 0.04799979 0.02739203
v 0.00034384 0.04800004 0.02353464
v 0.00351486 0.04799979 0.02717044
v 0.00333780 0.04499833 0.02717593
v 0.00318845 0.04212382 0.02719377
v 0.00730685 0.04200004 0.02638546
v 0.00733798 0.04493485 0.02638528
v 0.01116483 0.04483280 0.02499623
v 0.01100406 0.04799979 0.02509463
v 0.01122672 0.04176786 0.02495453
v 0.01485117 0.04469804 0.02300506
v 0.01463278 0.04799979 0.02316213
v 0.01809836 0.04799979 0.02056076
v 0.01149661 0.04799979 0.02027998
v 0.01829684 0.04450028 0.02035190
v 0.02118216 0.04799979 0.01741219
v 0.02132278 0.04430082 0.01715872
v 0.02372647 0.04799979 0.01368767
v 0.02382578 0.04410502 0.01346200
v 0.02568503 0.04387724 0.00939910
v 0.02383334 0.04025028 0.01341618
v 0.02569199 0.03979130 0.00934499
v 0.02691049 0.04369071 0.00508898
v 0.02687326 0.03938847 0.00503265
v 0.02735263 0.04364262 0.00073393
v 0.02730795 0.03924076 0.00074575
v 0.02707480 0.03937724 -0.00360359
v 0.02712009 0.04369950 -0.00368801
v 0.02706223 0.03505106 -0.00371332
v 0.02602768 0.03576884 -0.00830826
v 0.02609531 0.03970975 -0.00810418
v 0.02423447 0.03653104 -0.01266023
v 0.02432626 0.04020707 -0.01244576
v 0.02171915 0.03728519 -0.01660162
v 0.02180283 0.04064994 -0.01643607
v 0.01859177 0.03794437 -0.02007655
v 0.01864694 0.04107377 -0.01996301
v 0.01493839 0.03850712 -0.02294876
v 0.01497354 0.04147172 -0.02291301
v 0.01086533 0.03903153 -0.02512533
v 0.01087930 0.04180839 -0.02508866
v 0.00660300 0.03943412 -0.02657411
v 0.00659335 0.04208524 -0.02657122
v 0.00653421 0.04498124 -0.02659511
v 0.00223605 0.04223661 -0.02726883
v 0.00220895 0.03966215 -0.02727244
v -0.00216507 0.04228837 -0.02728974
v -0.00225101 0.03973026 -0.02728933
v -0.00669052 0.04222343 -0.02655129
v -0.00680869 0.03960819 -0.02652716
v -0.01125644 0.04204960 -0.02495448
v -0.01132913 0.03930814 -0.02492778
v -0.01560568 0.04182816 -0.02249386
v -0.01547702 0.04486893 -0.02259918
v -0.01561002 0.03893778 -0.02250183
v -0.01948453 0.04153983 -0.01922734
v -0.01943570 0.03849149 -0.01929403
v -0.02271414 0.04122343 -0.01529141
v -0.02262503 0.03800883 -0.01542457
v -0.02512637 0.04090897 -0.01079331
v -0.02503622 0.03749393 -0.01099087
v -0.02661002 0.03691019 -0.00620980
v -0.02488785 0.03427177 -0.01139951
v -0.02653708 0.03349247 -0.00667809
v -0.02731509 0.03283134 -0.00159400
v -0.02730637 0.03645853 -0.00120216
v -0.02709634 0.03270853 0.00371267
v -0.02703867 0.03640507 0.00385714
v -0.02570517 0.03342289 0.00937795
v -0.02575619 0.03685184 0.00919255
v -0.02317520 0.03437479 0.01457178
v -0.02327768 0.03752982 0.01433409
v -0.01969711 0.03524052 0.01899749
v -0.01983939 0.03815092 0.01884612
v -0.01552573 0.03596366 0.02253706
v -0.01563583 0.03867265 0.02248365
v -0.01091348 0.03663139 0.02510426
v -0.01094894 0.03911478 0.02509328
v -0.00616464 0.03707841 0.02664247
v -0.00613681 0.03943510 0.02668112
v -0.00145474 0.03728788 0.02731003
v -0.00138730 0.03956278 0.02732723
v 0.00298251 0.03722343 0.02719511
v 0.00307162 0.03950297 0.02720418
v -0.00124533 0.04216068 0.02733454
v 0.00724985 0.03929667 0.02638644
v 0.00714481 0.03691483 0.02639046
v 0.01119046 0.03893803 0.02497526
v 0.01105997 0.03640360 0.02501523
v 0.01488864 0.03851347 0.02298789
v 0.01492697 0.04149296 0.02293608
v 0.01473795 0.03583671 0.02307371
v 0.01828781 0.03795145 0.02037177
v 0.01835849 0.04112675 0.02029374
v 0.02136111 0.04069169 0.01709130
v 0.02127310 0.03730302 0.01722496
v 0.02374051 0.03664091 0.01361651
v 0.02104184 0.03423368 0.01751554
v 0.02352670 0.03324540 0.01400065
v 0.02561154 0.03588309 0.00957227
v 0.02542355 0.03217460 0.01004839
v 0.02681430 0.03513871 0.00523978
v 0.02674399 0.03093925 0.00571143
v 0.02731345 0.03472416 0.00086915
v 0.02314224 0.03022489 0.01455917
v 0.02511386 0.02879057 0.01081312
v 0.02267929 0.02757938 0.01526559
v 0.02466122 0.02594974 0.01184534
v 0.02612619 0.02407914 0.00810270
v 0.02211862 0.02522147 0.01606518
v 0.02409116 0.02338041 0.01295054
v 0.02558603 0.02129691 0.00961511
v 0.02343716 0.02102763 0.01406499
v 0.02493686 0.01879203 0.01120821
v 0.02605405 0.01657743 0.00834628
v 0.02660007 0.01924003 0.00637931
v 0.02678012 0.01438261 0.00569083
v 0.02713339 0.01710575 0.00349551
v 0.02736203 0.01430497 0.00081489
v 0.02732492 0.01642362 -0.00169999
v 0.02733090 0.01144120 -0.00162899
v 0.02705441 0.01348124 -0.00414429
v 0.02694760 0.01843851 -0.00469623
v 0.02648105 0.01566361 -0.00698356
v 0.02608102 0.02056571 -0.00828582
v 0.02657724 0.02360404 -0.00650485
v 0.02545432 0.01793778 -0.01004540
v 0.02462827 0.02273490 -0.01189053
v 0.02519736 0.02548515 -0.01064065
v 0.02265427 0.02486527 -0.01530236
v 0.02321805 0.02730131 -0.01448760
v 0.02563522 0.02847245 -0.00953285
v 0.02369083 0.03002811 -0.01367613
v 0.02591354 0.03198905 -0.00876232
v 0.02704306 0.03089506 -0.00407112
v 0.02404965 0.03310477 -0.01306848
v 0.02114365 0.03136991 -0.01737315
v 0.02149301 0.03413065 -0.01692687
v 0.01805222 0.03259769 -0.02053811
v 0.01836057 0.03501005 -0.02026016
v 0.01450186 0.03367533 -0.02321383
v 0.01475565 0.03581107 -0.02303441
v 0.01058676 0.03455399 -0.02524408
v 0.01074771 0.03652860 -0.02516893
v 0.00642355 0.03520219 -0.02660380
v 0.00653262 0.03705448 -0.02657118
v 0.00211130 0.03555375 -0.02726899
v 0.00216269 0.03740165 -0.02725962
v -0.00228836 0.03746854 -0.02726829
v -0.00229984 0.03562528 -0.02727319
v -0.00680380 0.03722050 -0.02649889
v -0.00673257 0.03536332 -0.02652391
v -0.01126340 0.03681815 -0.02493602
v -0.01113187 0.03480741 -0.02499618
v -0.01548105 0.03634843 -0.02258173
v -0.01526840 0.03405692 -0.02273037
v -0.01925681 0.03570634 -0.01947864
v -0.01897818 0.03317753 -0.01975597
v -0.02242545 0.03498710 -0.01570335
v -0.02212198 0.03219901 -0.01613650
v -0.02458945 0.03126249 -0.01200220
v -0.02421768 0.02849418 -0.01274305
v -0.02604977 0.02729765 -0.00836183
v -0.02634488 0.03035722 -0.00735850
v -0.02563651 0.02447001 -0.00960936
v -0.02686484 0.02303788 -0.00522740
v -0.02372140 0.02590800 -0.01365650
v -0.02504428 0.02172343 -0.01100978
v -0.02640952 0.02002665 -0.00716592
v -0.02581259 0.01732279 -0.00909409
v -0.02678140 0.01534745 -0.00571688
v -0.02716251 0.01827714 -0.00329278
v -0.02724954 0.01338847 -0.00265525
v -0.02738254 0.01651395 -0.00007034
v -0.02739719 0.01128300 0.00011337
v -0.02722946 0.01416581 0.00280465
v -0.02676608 0.01679618 0.00573160
v -0.02687619 0.01150565 0.00530368
v -0.02615060 0.01405985 0.00815911
v -0.02571017 0.01924247 0.00933814
v -0.02488541 0.01667533 0.01140271
v -0.02383121 0.02172269 0.01341912
v -0.02461374 0.02429838 0.01194401
v -0.02300681 0.01948588 0.01478637
v -0.02119308 0.02415238 0.01725461
v -0.02188113 0.02641874 0.01636106
v -0.01852817 0.02831254 0.02015167
v -0.01901450 0.03033598 0.01971424
v -0.02247299 0.02877372 0.01562450
v -0.01942166 0.03261503 0.01929117
v -0.02288779 0.03137431 0.01500333
v -0.01498239 0.03174906 0.02290523
v -0.01530478 0.03373685 0.02269784
v -0.01055832 0.03277152 0.02524275
v -0.01078165 0.03462601 0.02516815
v -0.00598898 0.03350541 0.02669424
v -0.00611435 0.03521415 0.02667170
v -0.00145248 0.03376127 0.02731117
v -0.00146939 0.03546415 0.02731110
v 0.00283975 0.03372245 0.02722469
v 0.00290860 0.03539384 0.02721593
v 0.00701767 0.03503641 0.02643739
v 0.00687943 0.03330570 0.02646976
v 0.01088626 0.03442411 0.02509431
v 0.01068179 0.03266068 0.02517061
v 0.01450320 0.03362577 0.02322138
v 0.01420023 0.03166117 0.02339576
v 0.01777756 0.03268632 0.02081122
v 0.01807919 0.03514896 0.02055035
v 0.01739444 0.03046757 0.02112894
v 0.02070932 0.03153202 0.01790797
v 0.02025418 0.02905936 0.01841228
v 0.01698819 0.02854716 0.02144086
v 0.01975131 0.02694413 0.01891917
v 0.01652615 0.02672562 0.02179529
v 0.01920767 0.02496952 0.01948738
v 0.02151779 0.02306083 0.01686684
v 0.01859811 0.02311649 0.02007864
v 0.02089749 0.02109208 0.01764448
v 0.02276187 0.01891630 0.01519207
v 0.02011642 0.01919144 0.01857327
v 0.02201700 0.01694633 0.01628190
v 0.02427731 0.01660038 0.01263442
v 0.02355002 0.01456913 0.01398989
v 0.02543442 0.01419755 0.01012617
v 0.02477292 0.01206498 0.01169441
v 0.02641464 0.01190507 0.00772108
v 0.02618491 0.00966898 0.00966466
v 0.02694138 0.00950419 0.00531680
v 0.02717575 0.01192899 0.00313938
v 0.02679233 0.00719535 0.00745030
v 0.02723251 0.00698270 0.00294942
v 0.02738718 0.00926249 0.00070184
v 0.02733615 0.00659013 -0.00170951
v 0.02712204 0.00874784 -0.00402483
v 0.02691916 0.00626713 -0.00638178
v 0.02647726 0.00860014 -0.00867305
v 0.02667722 0.01096220 -0.00644553
v 0.02539987 0.01094462 -0.01080662
v 0.02594174 0.01323099 -0.00899731
v 0.02401169 0.01355961 -0.01323282
v 0.02475803 0.01562113 -0.01169882
v 0.02251492 0.01615995 -0.01562396
v 0.02326871 0.01818461 -0.01441096
v 0.02056375 0.01873490 -0.01808357
v 0.02132773 0.02060941 -0.01712124
v 0.02397556 0.02034843 -0.01316761
v 0.02200961 0.02265043 -0.01616163
v 0.01893362 0.02288163 -0.01974776
v 0.01956876 0.02475199 -0.01909342
v 0.02013174 0.02676688 -0.01846317
v 0.01669278 0.02667020 -0.02167343
v 0.01718735 0.02848490 -0.02128658
v 0.02066830 0.02891508 -0.01791305
v 0.01764120 0.03041166 -0.02092051
v 0.01383298 0.02994413 -0.02362047
v 0.01418576 0.03171659 -0.02341518
v 0.01010544 0.03109013 -0.02541012
v 0.01035593 0.03271781 -0.02532723
v 0.00614560 0.03190214 -0.02665298
v 0.00629245 0.03347929 -0.02663135
v 0.00200571 0.03233378 -0.02727537
v 0.00205960 0.03384208 -0.02727249
v -0.00223880 0.03234599 -0.02728148
v -0.00227145 0.03389237 -0.02728072
v -0.00663181 0.03358744 -0.02654836
v -0.00650558 0.03201566 -0.02657323
v -0.01092575 0.03302225 -0.02508297
v -0.01069626 0.03137138 -0.02517639
v -0.01496817 0.03203886 -0.02291571
v -0.01462167 0.03029008 -0.02312869
v -0.01861124 0.03090311 -0.02009609
v -0.01817709 0.02890067 -0.02047226
v -0.02120377 0.02737431 -0.01731790
v -0.02171317 0.02968119 -0.01666925
v -0.01767355 0.02698417 -0.02089138
v -0.02065787 0.02523710 -0.01794367
v -0.02311429 0.02350077 -0.01462557
v -0.01711539 0.02514042 -0.02137077
v -0.02004788 0.02323710 -0.01865338
v -0.02245926 0.02127274 -0.01563734
v -0.02172488 0.01911796 -0.01668686
v -0.02366226 0.01695878 -0.01379361
v -0.02440256 0.01928446 -0.01239687
v -0.02310715 0.01473441 -0.01551445
v -0.02444522 0.01239262 -0.01279819
v -0.02510342 0.01475468 -0.01091679
v -0.02592905 0.01029203 -0.01019721
v -0.02629520 0.01274491 -0.00797928
v -0.02672098 0.00807084 -0.00763582
v -0.02694168 0.01061332 -0.00514554
v -0.02712369 0.00577518 -0.00507485
v -0.02729202 0.00843827 -0.00250240
v -0.02735220 0.00345829 -0.00256513
v -0.02740750 0.00612186 0.00000003
v -0.02727658 0.00883402 0.00263389
v -0.02713113 0.00629691 0.00501174
v -0.02658041 0.00897367 0.00759036
v -0.02673563 0.00660429 0.00984223
v -0.02585916 0.00959330 0.01240481
v -0.02562247 0.01165409 0.01022146
v -0.02427042 0.01272855 0.01517312
v -0.02408078 0.01449491 0.01310383
v -0.02215189 0.01747953 0.01610112
v -0.02228488 0.01591752 0.01802016
v -0.01965713 0.02029008 0.01909352
v -0.02045670 0.02215580 0.01816360
v -0.01972714 0.01902323 0.02064249
v -0.01656760 0.02281815 0.02180446
v -0.01730917 0.02456156 0.02121831
v -0.01364481 0.02657059 0.02373570
v -0.01795554 0.02639628 0.02065575
v -0.01415561 0.02823490 0.02341791
v -0.00998007 0.02957157 0.02547019
v -0.01460245 0.02996171 0.02314374
v -0.01029398 0.03113456 0.02533507
v -0.00564224 0.03044437 0.02676370
v -0.00582523 0.03194047 0.02672015
v -0.00137344 0.03082743 0.02732366
v -0.00142764 0.03228178 0.02730981
v 0.00277481 0.03220292 0.02721968
v 0.00271323 0.03074149 0.02723737
v 0.00673972 0.03177933 0.02649966
v 0.00656924 0.03025663 0.02655857
v 0.01045291 0.03103446 0.02526386
v 0.01017715 0.02941337 0.02538861
v 0.01386600 0.02988505 0.02358279
v 0.01349039 0.02821342 0.02380530
v 0.00986313 0.02786185 0.02554154
v 0.01307010 0.02656522 0.02405591
v 0.01599472 0.02496098 0.02221116
v 0.01263547 0.02501713 0.02432210
v 0.01545212 0.02335697 0.02262103
v 0.01793277 0.02137919 0.02070132
v 0.01574283 0.02240433 0.02394186
v 0.01832748 0.02033182 0.02217160
v 0.02060538 0.01799345 0.02017941
v 0.01905014 0.01962284 0.02391656
v 0.02134189 0.01705717 0.02207017
v 0.02256741 0.01549931 0.01806663
v 0.02328323 0.01431181 0.02008073
v 0.02411984 0.01294511 0.01595743
v 0.02482028 0.01150004 0.01805020
v 0.02539633 0.01025199 0.01383340
v 0.02602219 0.00845780 0.01609335
v 0.02641904 0.00760453 0.01179510
v 0.02681662 0.00548978 0.01414277
v 0.02697421 0.00497538 0.00968143
v 0.02724155 0.00271073 0.01210218
v 0.02727902 0.00243900 0.00751179
v 0.02712570 0.00469926 0.00517912
v 0.02740366 0.00013163 0.00998636
v 0.02739474 -0.00005587 0.00527891
v 0.02733029 0.00217338 0.00287381
v 0.02729758 -0.00252120 0.00299666
v 0.02740512 -0.00035519 0.00055001
v 0.02734555 0.00183036 -0.00181762
v 0.02739682 0.00439677 0.00057674
v 0.02734384 -0.00290890 -0.00180989
v 0.02738547 -0.00072555 -0.00423833
v 0.02717258 0.00403422 -0.00411199
v 0.02735580 0.00150590 -0.00658407
v 0.02719211 -0.00329586 -0.00663762
v 0.02736545 -0.00104781 -0.00907681
v 0.02735019 0.00133109 -0.01140160
v 0.02713229 0.00384257 -0.00881176
v 0.02707895 0.00398490 -0.01348314
v 0.02670517 0.00635477 -0.01098635
v 0.02647202 0.00700321 -0.01557958
v 0.02593796 0.00903056 -0.01315892
v 0.02536520 0.01020048 -0.01766398
v 0.02465817 0.01187553 -0.01534697
v 0.02382614 0.01345390 -0.01979349
v 0.02308682 0.01472269 -0.01761775
v 0.02180270 0.01649027 -0.02182706
v 0.02105399 0.01750224 -0.01980823
v 0.01933365 0.01937479 -0.02378276
v 0.01860599 0.02007914 -0.02195942
v 0.01822586 0.02113065 -0.02043913
v 0.01579324 0.02236674 -0.02389168
v 0.01552756 0.02328275 -0.02257054
v 0.01613290 0.02493046 -0.02211283
v 0.01248508 0.02510014 -0.02441236
v 0.01296115 0.02664091 -0.02413372
v 0.01342410 0.02828983 -0.02386034
v 0.00951254 0.02798319 -0.02565923
v 0.00982803 0.02951884 -0.02553143
v 0.00578824 0.02890946 -0.02674740
v 0.00597769 0.03038480 -0.02669879
v 0.00187485 0.02941337 -0.02730331
v 0.00193662 0.03087308 -0.02729121
v -0.00213431 0.02946439 -0.02729447
v -0.00219406 0.03093583 -0.02728747
v -0.00635019 0.03054569 -0.02661918
v -0.00616409 0.02905399 -0.02666840
v -0.01042813 0.02975150 -0.02529533
v -0.01009872 0.02818778 -0.02545416
v -0.01423318 0.02853397 -0.02336486
v -0.01378336 0.02683671 -0.02364870
v -0.00971896 0.02661307 -0.02563402
v -0.01326584 0.02516776 -0.02396389
v -0.01646353 0.02332914 -0.02188432
v -0.01318112 0.02401517 -0.02483794
v -0.01631345 0.02200004 -0.02288149
v -0.01930923 0.02123270 -0.01945351
v -0.01906778 0.01967118 -0.02060408
v -0.01706046 0.02141337 -0.02459125
v -0.01987668 0.01880717 -0.02246690
v -0.02218362 0.01601762 -0.02018456
v -0.02135910 0.01718265 -0.01813368
v -0.02061624 0.01793339 -0.02450286
v -0.02295206 0.01483280 -0.02242148
v -0.02397287 0.01321928 -0.01774412
v -0.02477933 0.01160209 -0.02020472
v -0.02526218 0.01055936 -0.01516273
v -0.02605777 0.00838139 -0.01797703
v -0.02680222 0.00559379 -0.01567838
v -0.02627145 0.00804667 -0.01276325
v -0.02720493 0.00302299 -0.01309285
v -0.02688528 0.00560453 -0.01027753
v -0.02738419 0.00057523 -0.01041219
v -0.02724570 0.00319047 -0.00771041
v -0.02733981 -0.00179537 -0.00770267
v -0.02740384 0.00082059 -0.00517230
v -0.02719467 -0.00413424 -0.00499997
v -0.02737704 -0.00158639 -0.00258183
v -0.02742764 0.00100932 -0.00006590
v -0.02738327 -0.00150387 0.00245666
v -0.02738962 0.00112870 0.00493613
v -0.02736081 0.00363969 0.00246640
v -0.02735886 -0.00142037 0.00736877
v -0.02734714 0.00126298 0.00985123
v -0.02719748 0.00382133 0.00741175
v -0.02733011 -0.00145821 0.01208092
v -0.02708432 0.00416117 0.01227244
v -0.02637051 0.00748661 0.01469797
v -0.02563651 0.00960429 0.01976673
v -0.02498209 0.01122758 0.01741740
v -0.02364261 0.01379618 0.02234066
v -0.02299356 0.01483915 0.02013787
v -0.02040793 0.01824320 0.02263065
v -0.02101163 0.01751884 0.02465655
v -0.01723843 0.02127445 0.02485847
v -0.01660275 0.02177616 0.02305795
v -0.01776822 0.02081278 0.02671057
v -0.01358548 0.02376640 0.02678474
v -0.01306741 0.02407865 0.02514872
v -0.00919064 0.02581083 0.02672586
v -0.00918594 0.02657304 0.02580025
v -0.01305130 0.02498905 0.02408804
v -0.00518845 0.02754740 0.02687594
v -0.00543051 0.02899686 0.02682115
v -0.00960507 0.02806229 0.02562801
v -0.00129556 0.02937943 0.02733644
v -0.00121408 0.02797709 0.02734918
v 0.00265036 0.02929960 0.02725208
v 0.00259567 0.02788358 0.02726385
v 0.00638370 0.02879032 0.02661803
v 0.00618454 0.02733012 0.02668458
v 0.00952054 0.02635868 0.02569873
v 0.00630588 0.02666801 0.02755619
v 0.00969632 0.02563773 0.02665162
v 0.01286850 0.02418876 0.02541468
v 0.01020639 0.02541386 0.02816055
v 0.01345706 0.02383964 0.02700232
v 0.01641263 0.02189335 0.02559498
v 0.01401016 0.02350150 0.02859637
v 0.01704489 0.02139603 0.02727389
v 0.01970712 0.01892484 0.02571297
v 0.01760226 0.02093705 0.02903346
v 0.02031332 0.01827030 0.02767631
v 0.02199496 0.01616801 0.02399654
v 0.02265103 0.01533036 0.02616286
v 0.02395328 0.01316068 0.02219724
v 0.02457394 0.01203568 0.02457978
v 0.02546469 0.00995707 0.02035504
v 0.02603976 0.00848930 0.02296227
v 0.02656442 0.00659818 0.01856905
v 0.02696835 0.00475175 0.02135480
v 0.02716245 0.00330350 0.01671775
v 0.02736618 0.00108939 0.01963534
v 0.02739560 0.00039872 0.01473377
v 0.02731430 -0.00204440 0.01775107
v 0.02729904 -0.00224191 0.01268119
v 0.02697897 -0.00463473 0.01571651
v 0.02652036 -0.00696481 0.01311460
v 0.02700632 -0.00459469 0.01045656
v 0.02619699 -0.00907882 0.01066037
v 0.02677292 -0.00687765 0.00808281
v 0.02729770 -0.00230587 0.00780653
v 0.02707492 -0.00469015 0.00551235
v 0.02688254 -0.00921944 0.00573769
v 0.02720627 -0.00714474 0.00315022
v 0.02739438 -0.00504708 0.00063602
v 0.02739011 -0.00972067 0.00071438
v 0.02733066 -0.00764889 -0.00178108
v 0.02710019 -0.00549288 -0.00420098
v 0.02705722 -0.01031417 -0.00423515
v 0.02675412 -0.00808028 -0.00660189
v 0.02681686 -0.00589205 -0.00902055
v 0.02627451 -0.00847652 -0.01125188
v 0.02664413 -0.00632711 -0.01381390
v 0.02712900 -0.00366183 -0.01158516
v 0.02706210 -0.00402340 -0.01663347
v 0.02735251 -0.00124752 -0.01408710
v 0.02734641 0.00147416 -0.01628026
v 0.02695554 0.00470707 -0.01825967
v 0.02653964 0.00668314 -0.02304004
v 0.02601767 0.00845341 -0.02022212
v 0.02508749 0.01088114 -0.02464210
v 0.02447922 0.01216849 -0.02208548
v 0.02304581 0.01472489 -0.02619990
v 0.02245016 0.01560966 -0.02390387
v 0.02055020 0.01807133 -0.02768066
v 0.01996225 0.01870585 -0.02564388
v 0.01755112 0.02098490 -0.02911934
v 0.01703854 0.02140214 -0.02730835
v 0.01643716 0.02187504 -0.02558196
v 0.01372757 0.02366654 -0.02874304
v 0.01322012 0.02396659 -0.02712430
v 0.01266098 0.02430131 -0.02551610
v 0.00971494 0.02559135 -0.02833831
v 0.00925455 0.02577665 -0.02677613
v 0.00914157 0.02648807 -0.02581632
v 0.00564609 0.02678226 -0.02765418
v 0.00557956 0.02747001 -0.02679986
v 0.00184409 0.02731229 -0.02807737
v 0.00181772 0.02799491 -0.02731459
v -0.00205930 0.02729740 -0.02801186
v -0.00205978 0.02802567 -0.02730158
v -0.00594327 0.02755985 -0.02673281
v -0.00594772 0.02673148 -0.02744346
v -0.00969766 0.02564115 -0.02639321
v -0.00622018 0.02665287 -0.02890011
v -0.01016385 0.02541947 -0.02789444
v -0.01380252 0.02364359 -0.02645564
v -0.01057578 0.02522489 -0.02944882
v -0.01436868 0.02328739 -0.02812220
v -0.01773697 0.02084183 -0.02641941
v -0.01487131 0.02297562 -0.02982583
v -0.01835477 0.02031425 -0.02831647
v -0.02130576 0.01715067 -0.02667347
v -0.01891684 0.01981449 -0.03033296
v -0.02191580 0.01640018 -0.02899778
v -0.02368716 0.01367997 -0.02489551
v -0.02433902 0.01250516 -0.02764398
v -0.02553854 0.00985575 -0.02305976
v -0.02242697 0.01567850 -0.03153340
v -0.02479562 0.01159159 -0.03052370
v -0.02285721 0.01506498 -0.03445010
v -0.02511710 0.01088407 -0.03364864
v -0.02660342 0.00636918 -0.03292779
v -0.02531418 0.01032694 -0.03701048
v -0.02667599 0.00588554 -0.03648377
v -0.02730899 0.00170243 -0.03252963
v -0.02728549 0.00150785 -0.03626958
v -0.02717746 -0.00311861 -0.03291380
v -0.02713834 -0.00343722 -0.02944977
v -0.02717593 -0.00295382 -0.03653663
v -0.02619724 -0.00790743 -0.03364757
v -0.02605563 -0.00834493 -0.03042352
v -0.02414975 -0.01288424 -0.03135354
v -0.02581802 -0.00910421 -0.02731288
v -0.02381845 -0.01350704 -0.02864251
v -0.02543381 -0.01012057 -0.02450826
v -0.02679544 -0.00555538 -0.02292922
v -0.02335641 -0.01426070 -0.02610098
v -0.02491147 -0.01130001 -0.02178287
v -0.02637521 -0.00727950 -0.01986508
v -0.02585684 -0.00899215 -0.01715631
v -0.02684116 -0.00539230 -0.01495643
v -0.02716513 -0.00323360 -0.01793572
v -0.02729434 -0.00223068 -0.01282507
v -0.02738754 0.00011552 -0.01583815
v -0.02705228 -0.00448629 -0.01001383
v -0.02645535 -0.00744991 -0.01231936
v -0.02683517 -0.00671505 -0.00738365
v -0.02622879 -0.00944991 -0.00985455
v -0.02646872 -0.01163668 -0.00751822
v -0.02704160 -0.00902804 -0.00479190
v -0.02732156 -0.00658151 -0.00234405
v -0.02730386 -0.01155611 -0.00207617
v -0.02739072 -0.00919405 0.00035641
v -0.02729849 -0.00664156 0.00267213
v -0.02741672 -0.00407687 0.00004475
v -0.02694528 -0.00923946 0.00537536
v -0.02680252 -0.00672482 0.00748039
v -0.02722568 -0.00405831 0.00495719
v -0.02610605 -0.00964645 0.01013982
v -0.02642996 -0.00738693 0.01219091
v -0.02708517 -0.00415719 0.00971204
v -0.02692319 -0.00499117 0.01448994
v -0.02510416 -0.01094186 0.01479729
v -0.02583676 -0.00908273 0.01699306
v -0.02644284 -0.00713570 0.01935039
v -0.02404764 -0.01301876 0.01943615
v -0.02476456 -0.01163302 0.02158980
v -0.02539188 -0.01027169 0.02403712
v -0.02244797 -0.01558492 0.02377487
v -0.02311722 -0.01464254 0.02598559
v -0.02366977 -0.01377975 0.02831263
v -0.02023282 -0.01838766 0.02779690
v -0.02080252 -0.01778805 0.02984293
v -0.02130093 -0.01718234 0.03212131
v -0.01730014 -0.02122213 0.03118910
v -0.01777280 -0.02079781 0.03324624
v -0.01818643 -0.02043282 0.03557443
v -0.01361649 -0.02374850 0.03418024
v -0.01394717 -0.02352535 0.03616917
v -0.01426413 -0.02337154 0.03878767
v -0.00920016 -0.02574630 0.03675166
v -0.00940628 -0.02569186 0.03915132
v -0.00953854 -0.02564840 0.04190604
v -0.00416586 -0.02701144 0.03711699
v -0.00424203 -0.02702242 0.03942369
v -0.00427890 -0.02702438 0.04207249
v -0.00426566 -0.02704391 0.04496912
v -0.00958078 -0.02564889 0.04488447
v 0.00099503 -0.02735055 0.03944890
v 0.00105600 -0.02734298 0.04208469
v 0.00113272 -0.02735226 0.04498003
v 0.00121030 -0.02736886 0.04799767
v -0.00421048 -0.02707198 0.04799767
v 0.00624130 -0.02664132 0.04195096
v 0.00638522 -0.02661617 0.04491451
v 0.00649332 -0.02661373 0.04799767
v 0.00596494 -0.02241378 0.04799767
v 0.00144815 -0.02267086 0.04799767
v 0.01131693 -0.02492770 0.04480045
v 0.01148288 -0.02487057 0.04799767
v 0.01570108 -0.02242550 0.04462828
v 0.01591049 -0.02230196 0.04799767
v 0.01031271 -0.02133175 0.04799767
v 0.01937027 -0.01934737 0.04443407
v 0.01956784 -0.01919601 0.04799767
v 0.02224802 -0.01593307 0.04424486
v 0.02234695 -0.01584737 0.04799767
v 0.01903238 -0.01372286 0.04799767
v 0.02058774 -0.01048800 0.04799767
v 0.01651303 -0.00914034 0.04799767
v 0.01535361 -0.01208956 0.04799767
v 0.02453610 -0.01218160 0.04799767
v 0.02611984 -0.00829757 0.04799767
v 0.02176584 -0.00705441 0.04799767
v 0.02447299 -0.01223605 0.04406869
v 0.02607736 -0.00831197 0.04395747
v 0.02703452 -0.00423800 0.04392722
v 0.02436935 -0.01241549 0.04021891
v 0.02603354 -0.00837887 0.03993259
v 0.02700986 -0.00427071 0.03981222
v 0.02731503 -0.00006759 0.03988940
v 0.02596054 -0.00861715 0.03599439
v 0.02697189 -0.00440499 0.03565356
v 0.02731577 0.00002201 0.03578063
v 0.02692563 0.00442826 0.03616389
v 0.02732773 0.00032352 0.03182327
v 0.02687827 0.00499296 0.03251634
v 0.02575510 0.00924271 0.03320821
v 0.02592453 0.00866752 0.03668585
v 0.02672324 0.00583622 0.02910277
v 0.02549850 0.00998661 0.03005116
v 0.02365860 0.01374760 0.03101320
v 0.02404538 0.01303959 0.03398846
v 0.02643784 0.00705936 0.02589809
v 0.02511215 0.01090873 0.02718820
v 0.02319925 0.01449589 0.02849484
v 0.02087381 0.01768363 0.02974488
v 0.02136649 0.01707304 0.03203760
v 0.01863193 0.02001029 0.03297952
v 0.01908902 0.01961015 0.03539652
v 0.02180008 0.01650980 0.03478424
v 0.01813773 0.02048685 0.03087807
v 0.01500192 0.02288651 0.03187961
v 0.01547147 0.02256522 0.03378077
v 0.01452188 0.02318705 0.03023155
v 0.01108493 0.02502811 0.03117912
v 0.01148666 0.02485209 0.03271342
v 0.01066751 0.02520682 0.02965929
v 0.00701572 0.02645780 0.03045350
v 0.00733255 0.02636088 0.03187112
v 0.00667587 0.02655888 0.02902339
v 0.00285989 0.02723148 0.02950111
v 0.00306589 0.02719462 0.03090836
v 0.00266690 0.02726029 0.02806035
v -0.00118167 0.02735575 0.02813562
v -0.00117599 0.02735477 0.02960006
v -0.00536087 0.02684452 0.02919493
v -0.00547940 0.02681254 0.03065139
v -0.00113016 0.02735477 0.03098421
v -0.00557541 0.02679008 0.03211249
v -0.00107297 0.02735697 0.03241393
v 0.00326505 0.02715946 0.03232007
v -0.00098856 0.02735917 0.03387565
v 0.00347244 0.02715360 0.03379158
v 0.00764383 0.02627958 0.03337579
v 0.00369986 0.02712919 0.03542695
v 0.00797855 0.02618217 0.03508533
v 0.01191995 0.02463700 0.03449216
v 0.00832498 0.02605643 0.03689722
v 0.01232474 0.02442045 0.03639179
v 0.01589627 0.02225370 0.03590308
v 0.01275620 0.02424345 0.03894490
v 0.01632608 0.02196732 0.03861278
v 0.01947159 0.01921561 0.03822963
v 0.01666873 0.02168583 0.04150558
v 0.01974405 0.01888187 0.04125286
v 0.02212521 0.01605228 0.03777116
v 0.02234750 0.01570902 0.04101361
v 0.02429965 0.01250541 0.03720953
v 0.02445395 0.01218436 0.04069463
v 0.02603122 0.00834306 0.04031909
v 0.02609482 0.00826200 0.04414581
v 0.02703903 0.00415604 0.04401828
v 0.02698557 0.00419242 0.04006145
v 0.02706454 0.00419950 0.04799767
v 0.02741953 -0.00002779 0.04799767
v 0.02736276 -0.00006564 0.04394852
v 0.02308347 0.00023173 0.04799767
v 0.02263608 -0.00349874 0.04799767
v 0.02706528 -0.00419552 0.04799767
v 0.01831119 -0.00263570 0.04799767
v 0.01751523 -0.00595919 0.04799767
v 0.01428445 -0.00188155 0.04799767
v 0.01351230 -0.00504025 0.04799767
v 0.01255765 -0.00814425 0.04799767
v 0.00982651 -0.00423653 0.04799767
v 0.00887509 -0.00736886 0.04799767
v 0.01153653 -0.01112862 0.04799767
v 0.00789676 -0.01052145 0.04799767
v 0.00695932 -0.01394064 0.04799767
v 0.00432840 -0.00990987 0.04799767
v 0.00324387 -0.01363595 0.04799767
v 0.00611136 -0.01798287 0.04799767
v 0.00223178 -0.01795699 0.04799767
v -0.00045853 -0.01298556 0.04799767
v -0.00186441 -0.01750777 0.04799767
v -0.00311246 -0.02222921 0.04799767
v -0.00578299 -0.01641378 0.04799767
v -0.00767130 -0.02102999 0.04799767
v -0.00954941 -0.02568258 0.04799767
v -0.01186990 -0.01900118 0.04799767
v -0.01455960 -0.02321774 0.04799767
v -0.01455417 -0.02319943 0.04475396
v -0.01894925 -0.01980611 0.04799767
v -0.01890085 -0.01980734 0.04462814
v -0.01875143 -0.01988009 0.04135863
v -0.01445236 -0.02324630 0.04164257
v -0.02225107 -0.01585885 0.04104585
v -0.02202945 -0.01619210 0.03783541
v -0.01853909 -0.02013155 0.03837560
v -0.02467490 -0.01179659 0.03719194
v -0.02444498 -0.01232101 0.03388019
v -0.02172812 -0.01663619 0.03483021
v -0.02628897 -0.00763619 0.03299794
v -0.02609415 -0.00828072 0.02971947
v -0.02411130 -0.01299752 0.03090539
v -0.02721652 -0.00280489 0.03229715
v -0.02717380 -0.00327120 0.02852317
v -0.02580374 -0.00915206 0.02672040
v -0.02730966 0.00172196 0.03210350
v -0.02733194 0.00173222 0.02808568
v -0.02707840 -0.00398434 0.02510614
v -0.02657529 0.00654935 0.02898647
v -0.02644992 0.00708475 0.02533487
v -0.02662973 0.00637162 0.03263912
v -0.02489090 0.01137186 0.03031355
v -0.02462863 0.01193168 0.02737900
v -0.02197928 0.01631766 0.02911935
v -0.02154459 0.01687113 0.02680646
v -0.02423032 0.01271928 0.02477863
v -0.01823514 0.02041898 0.02860940
v -0.01862009 0.02008793 0.03062656
v -0.01437167 0.02328251 0.03017547
v -0.01400955 0.02350101 0.02846101
v -0.01465848 0.02311430 0.03191502
v -0.01009775 0.02542313 0.03136313
v -0.00986765 0.02552348 0.02980460
v -0.00955887 0.02566361 0.02826041
v -0.01027451 0.02537308 0.03293378
v -0.00565225 0.02677860 0.03358944
v -0.01043033 0.02531474 0.03475503
v -0.00567886 0.02676810 0.03534058
v -0.00090079 0.02736063 0.03553203
v -0.00565024 0.02676078 0.03712805
v -0.00076797 0.02734257 0.03734164
v 0.00395285 0.02706010 0.03723360
v -0.00055161 0.02736942 0.03959946
v 0.00425333 0.02703641 0.03950545
v 0.00871964 0.02593363 0.03926544
v 0.00460733 0.02697391 0.04212782
v 0.00910452 0.02580228 0.04196178
v 0.01310892 0.02402177 0.04175117
v 0.00950278 0.02567118 0.04490211
v 0.01345096 0.02384965 0.04479684
v 0.01694540 0.02149467 0.04470113
v 0.01373398 0.02370316 0.04799767
v 0.01715512 0.02137870 0.04799767
v 0.01995047 0.01873539 0.04459715
v 0.02006046 0.01865214 0.04799767
v 0.02248404 0.01559818 0.04447708
v 0.02253622 0.01559159 0.04799767
v 0.02456564 0.01211845 0.04799767
v 0.02455307 0.01206083 0.04431438
v 0.02144534 0.01098759 0.04799767
v 0.02237796 0.00757938 0.04799767
v 0.02612094 0.00829447 0.04799767
v 0.01855746 0.00737431 0.04799767
v 0.01882150 0.00403934 0.04799767
v 0.02296194 0.00396903 0.04799767
v 0.01497073 0.00452811 0.04799767
v 0.01477676 0.00132157 0.04799767
v 0.01874710 0.00068046 0.04799767
v 0.01114255 0.00199393 0.04799767
v 0.01058188 -0.00112521 0.04799767
v 0.00719077 -0.00034420 0.04799767
v 0.00633615 -0.00342330 0.04799767
v 0.00405862 0.00055009 0.04799767
v 0.00308121 -0.00249459 0.04799767
v 0.00538699 -0.00655978 0.04799767
v 0.00201352 -0.00564742 0.04799767
v 0.00087033 -0.00905807 0.04799767
v -0.00241837 -0.00786593 0.04799767
v -0.00397177 -0.01191476 0.04799767
v -0.00711868 -0.01030416 0.04799767
v -0.00932956 -0.01464864 0.04799767
v -0.01250211 -0.01234347 0.04799767
v -0.01563284 -0.01617648 0.04799767
v -0.01868875 -0.01269698 0.04799767
v -0.02249033 -0.01567477 0.04799767
v -0.02504642 -0.01113546 0.04799767
v -0.02495499 -0.01122482 0.04432095
v -0.02240903 -0.01572067 0.04450603
v -0.02657095 -0.00659103 0.04415162
v -0.02648062 -0.00680978 0.04032667
v -0.02484683 -0.01143746 0.04067203
v -0.02725375 -0.00214938 0.04013415
v -0.02720993 -0.00243502 0.03614901
v -0.02638370 -0.00715304 0.03661463
v -0.02727328 0.00191947 0.03611272
v -0.02725546 0.00221244 0.04013024
v -0.02658340 0.00643143 0.03643516
v -0.02652548 0.00668656 0.04025572
v -0.02503061 0.01106937 0.03693973
v -0.02499875 0.01108793 0.03350875
v -0.02496121 0.01119901 0.04052878
v -0.02257089 0.01550199 0.03755609
v -0.02249222 0.01560502 0.03446824
v -0.01914212 0.01958573 0.03542102
v -0.01892465 0.01980009 0.03286569
v -0.02229483 0.01588798 0.03162509
v -0.01491269 0.02296928 0.03391994
v -0.01508719 0.02285209 0.03617683
v -0.01051114 0.02527323 0.03669358
v -0.01515750 0.02281815 0.03878044
v -0.01049551 0.02528959 0.03920576
v -0.00554019 0.02680448 0.03951013
v -0.01037997 0.02532035 0.04196658
v -0.00532394 0.02684843 0.04214571
v -0.00025174 0.02737382 0.04220419
v -0.00501413 0.02692313 0.04501332
v 0.00012875 0.02737724 0.04503449
v 0.00501749 0.02691557 0.04499259
v 0.00055466 0.02740067 0.04799767
v 0.00545139 0.02687431 0.04799767
v 0.00988437 0.02555668 0.04799767
v 0.00535776 0.02330399 0.04799767
v 0.00919028 0.02224931 0.04799767
v 0.01255588 0.02084989 0.04799767
v 0.00875046 0.01879960 0.04799767
v 0.01180356 0.01764140 0.04799767
v 0.01550668 0.01909159 0.04799767
v 0.00866867 0.01544682 0.04799767
v 0.01159543 0.01444144 0.04799767
v 0.00870920 0.01220536 0.04799767
v 0.01164322 0.01142362 0.04799767
v 0.01469424 0.01074149 0.04799767
v 0.01166220 0.00829960 0.04799767
v 0.01493942 0.00772465 0.04799767
v 0.01801071 0.01047001 0.04799767
v 0.00867160 0.00899003 0.04799767
v 0.00840537 0.00582938 0.04799767
v 0.01149875 0.00513944 0.04799767
v 0.00550522 0.00657328 0.04799767
v 0.00487643 0.00353397 0.04799767
v 0.00790457 0.00270975 0.04799767
v 0.00200168 0.00449613 0.04799767
v 0.00105655 0.00162479 0.04799767
v -0.00181961 0.00290043 0.04799767
v -0.00297702 0.00006889 0.04799767
v 0.00000369 -0.00131905 0.04799767
v -0.00414725 -0.00296822 0.04799767
v -0.00115390 -0.00447823 0.04799767
v -0.00706241 -0.00121603 0.04799767
v -0.00823734 -0.00435934 0.04799767
v -0.00543155 -0.00627218 0.04799767
v -0.01089645 -0.00219479 0.04799767
v -0.01226199 -0.00536984 0.04799767
v -0.00987125 -0.00811691 0.04799767
v -0.01504037 -0.00940743 0.04799767
v -0.01377908 0.00001640 0.04799767
v -0.01316385 0.00278153 0.04799767
v -0.01781485 0.00195682 0.04799767
v -0.00994760 0.00068974 0.04799767
v -0.01732657 0.00494193 0.04799767
v -0.02268399 0.00268729 0.04799767
v -0.02188260 0.00643632 0.04799767
v -0.02639902 0.00738798 0.04799767
v -0.02727286 0.00289970 0.04799767
v -0.02735129 -0.00173116 0.04799767
v -0.02726193 0.00256327 0.04407626
v -0.02730930 -0.00194357 0.04406782
v -0.02663608 -0.00644186 0.04799767
v -0.02645547 0.00703007 0.04412597
v -0.02486343 0.01146220 0.04423925
v -0.02473416 0.01179472 0.04799767
v -0.02242374 0.01571244 0.04441843
v -0.02253366 0.01554154 0.04091833
v -0.02225449 0.01599223 0.04799767
v -0.01910007 0.01961918 0.04461336
v -0.01922867 0.01949247 0.04133255
v -0.01510867 0.02283109 0.04169481
v -0.01924265 0.01948930 0.03820907
v -0.01496103 0.02294901 0.04479838
v -0.01016025 0.02543217 0.04493198
v -0.01470822 0.02312797 0.04799767
v -0.00984970 0.02557474 0.04799767
v -0.00463290 0.02700907 0.04799767
v -0.00789774 0.02205204 0.04799767
v -0.00328030 0.02326542 0.04799767
v 0.00123959 0.02368974 0.04799767
v -0.00188663 0.01988358 0.04799767
v 0.00197031 0.02018388 0.04799767
v 0.00549118 0.01970170 0.04799767
v 0.00266928 0.01682304 0.04799767
v 0.00572537 0.01627640 0.04799767
v 0.00327548 0.01364115 0.04799767
v 0.00595786 0.01297465 0.04799767
v 0.00334225 0.01048319 0.04799767
v 0.00590671 0.00973124 0.04799767
v 0.00280942 0.00738944 0.04799767
v -0.00052176 0.01682987 0.04799767
v -0.00373563 0.01573759 0.04799767
v -0.00589847 0.01883866 0.04799767
v -0.00939548 0.01679325 0.04799767
v -0.00672794 0.01394315 0.04799767
v -0.01204581 0.01986796 0.04799767
v -0.01550784 0.01692411 0.04799768
v -0.01225674 0.01410941 0.04799767
v -0.01453311 0.01111259 0.04799767
v -0.00914664 0.01139408 0.04799767
v -0.01834354 0.01364017 0.04799767
v -0.02047989 0.01007157 0.04799767
v -0.01620462 0.00803788 0.04799767
v -0.01889334 0.01985624 0.04799767
v -0.01226822 0.00575126 0.04799767
v -0.01096799 0.00860258 0.04799767
v -0.00891922 0.00360575 0.04799767
v -0.00776468 0.00644999 0.04799767
v -0.00624551 0.00905424 0.04799767
v -0.00469608 0.00447147 0.04799767
v -0.00335477 0.00714970 0.04799767
v -0.00062155 0.00562113 0.04799767
v -0.00590994 0.00168729 0.04799767
v -0.02083859 -0.00882272 0.04799767
v 0.02007736 0.01400614 0.04799767
v -0.00518112 0.02688187 0.02771130
v 0.02723190 0.00280350 0.02457766
v 0.02578464 -0.00912716 0.03211913
v 0.02420798 -0.01276583 0.03657101
v 0.02392862 -0.01328317 0.03311961
v 0.02180826 -0.01653365 0.03715603
v 0.02142954 -0.01702901 0.03407037
v 0.02345541 -0.01401778 0.03010775
v 0.02095663 -0.01762423 0.03138207
v 0.02285019 -0.01500289 0.02737820
v 0.02481076 -0.01154049 0.02554707
v 0.02036423 -0.01829440 0.02891765
v 0.02211172 -0.01607369 0.02490697
v 0.02402866 -0.01307003 0.02285325
v 0.02137704 -0.01704855 0.02272625
v 0.02325052 -0.01440792 0.02050295
v 0.02545065 -0.01003902 0.02058147
v 0.02466293 -0.01187032 0.01805038
v 0.02635556 -0.00732931 0.01838737
v 0.02572641 -0.00941207 0.01556119
v 0.02387564 -0.01343087 0.01580108
v 0.02502499 -0.01116647 0.01317260
v 0.02364786 -0.01515426 0.01380722
v 0.02503037 -0.01314230 0.01113180
v 0.02628037 -0.01124606 0.00844212
v 0.02574228 -0.01543819 0.00935187
v 0.02665805 -0.01359762 0.00626980
v 0.02715732 -0.01171236 0.00337093
v 0.02706369 -0.01620382 0.00403115
v 0.02737192 -0.01436544 0.00098654
v 0.02732700 -0.01241378 -0.00177453
v 0.02733505 -0.01731222 -0.00149976
v 0.02702878 -0.01536178 -0.00431304
v 0.02655771 -0.01296334 -0.00676294
v 0.02640903 -0.01810934 -0.00715451
v 0.02574240 -0.01536056 -0.00938530
v 0.02500961 -0.01301778 -0.01120603
v 0.02622446 -0.01060958 -0.00896673
v 0.02508579 -0.01102486 -0.01329176
v 0.02377322 -0.01553561 -0.01361381
v 0.02377683 -0.01361129 -0.01549895
v 0.02455319 -0.01208297 -0.01773827
v 0.02213760 -0.01609713 -0.01773008
v 0.02293478 -0.01486666 -0.01983051
v 0.02365091 -0.01369015 -0.02210740
v 0.02090555 -0.01762862 -0.02187296
v 0.02156833 -0.01674459 -0.02393517
v 0.02220639 -0.01591988 -0.02619436
v 0.01912045 -0.01954098 -0.02570818
v 0.01970517 -0.01896603 -0.02770753
v 0.02023154 -0.01843209 -0.02980525
v 0.01672897 -0.02164376 -0.02913563
v 0.01720975 -0.02127853 -0.03099035
v 0.01766251 -0.02088473 -0.03312164
v 0.01371506 -0.02369235 -0.03208175
v 0.01411398 -0.02344015 -0.03400800
v 0.01445377 -0.02321749 -0.03609940
v 0.01000974 -0.02546920 -0.03473500
v 0.01027853 -0.02535470 -0.03667273
v 0.01056467 -0.02525094 -0.03913531
v 0.00566776 -0.02673800 -0.03711904
v 0.00588522 -0.02672848 -0.03944521
v 0.00610318 -0.02669088 -0.04209493
v 0.00085587 -0.02735885 -0.03959918
v 0.00102481 -0.02734249 -0.04218895
v 0.00121902 -0.02734933 -0.04503624
v -0.00422556 -0.02705367 -0.04217895
v -0.00405356 -0.02708541 -0.04503504
v -0.00383566 -0.02712765 -0.04800233
v -0.00926370 -0.02577486 -0.04498028
v -0.00903848 -0.02586544 -0.04800233
v -0.00708011 -0.02163546 -0.04800233
v -0.01395834 -0.02357809 -0.04800233
v -0.01137167 -0.01973116 -0.04800233
v -0.00888144 -0.01615939 -0.04800233
v -0.01522781 -0.01705538 -0.04800233
v -0.01220853 -0.01391036 -0.04800233
v -0.00929446 -0.01078829 -0.04800233
v -0.01499197 -0.01108370 -0.04800233
v -0.01176669 -0.00829318 -0.04800233
v -0.00885941 -0.00569601 -0.04800233
v -0.01708847 -0.00786886 -0.04800233
v -0.01367801 -0.00542355 -0.04800233
v -0.01068399 -0.00300900 -0.04800233
v -0.00793668 -0.00091573 -0.04800233
v -0.01517899 -0.00234786 -0.04800233
v -0.01217203 -0.00004562 -0.04800233
v -0.00941446 0.00206547 -0.04800233
v -0.00668112 0.00379374 -0.04800233
v -0.00521707 0.00078300 -0.04800233
v -0.01362350 0.00304911 -0.04800233
v -0.01095041 0.00536674 -0.04800233
v -0.00822049 0.00723466 -0.04800233
v -0.00527090 0.00862138 -0.04800233
v -0.00391617 0.00509696 -0.04800233
v -0.01274759 0.00890238 -0.04800233
v -0.01001077 0.01105253 -0.04800233
v -0.00679617 0.01264970 -0.04800233
v -0.00340634 0.01364140 -0.04800233
v -0.01199985 0.01483353 -0.04800233
v -0.00840176 0.01667411 -0.04800233
v -0.00460220 0.01785673 -0.04800233
v -0.00072348 0.01843510 -0.04800233
v -0.00582523 0.02205350 -0.04800233
v -0.00142459 0.02277177 -0.04800233
v 0.00294492 0.02279374 -0.04800233
v -0.00211160 0.02732474 -0.04800233
v 0.00297342 0.02725272 -0.04800233
v 0.00778757 0.02628910 -0.04800233
v 0.00281631 0.02724589 -0.04510364
v 0.00762558 0.02630839 -0.04506206
v 0.01204214 0.02458744 -0.04495784
v 0.00744351 0.02634745 -0.04222094
v 0.01186478 0.02465507 -0.04203455
v 0.01580289 0.02233744 -0.04180054
v 0.01165707 0.02476786 -0.03928838
v 0.01560721 0.02249125 -0.03892133
v 0.01911063 0.01960453 -0.03848243
v 0.01532797 0.02267460 -0.03633820
v 0.01882559 0.01986723 -0.03571539
v 0.02184512 0.01649345 -0.03501817
v 0.01846158 0.02020365 -0.03325704
v 0.02149704 0.01693974 -0.03229438
v 0.02400912 0.01314603 -0.03131645
v 0.02106351 0.01748441 -0.02986703
v 0.02358743 0.01386503 -0.02867235
v 0.02556174 0.00969047 -0.02743688
v 0.02588510 0.00885184 -0.03039249
v 0.02705026 0.00401884 -0.02939344
v 0.02708603 0.00361112 -0.03283759
v 0.02606418 0.00828422 -0.03358914
v 0.02429453 0.01261600 -0.03433044
v 0.02710007 0.00332255 -0.03644693
v 0.02615610 0.00788993 -0.03699630
v 0.02445993 0.01221806 -0.03753532
v 0.02624130 0.00770780 -0.04056064
v 0.02456711 0.01199515 -0.04092722
v 0.02209085 0.01616093 -0.03799954
v 0.02222855 0.01594315 -0.04122206
v 0.02460519 0.01196708 -0.04443938
v 0.02226144 0.01591898 -0.04456078
v 0.01926846 0.01943510 -0.04151448
v 0.01930869 0.01941141 -0.04471154
v 0.02221005 0.01603153 -0.04800233
v 0.01925925 0.01951078 -0.04800233
v 0.01591830 0.02227201 -0.04483964
v 0.01593430 0.02228422 -0.04800233
v 0.01089706 0.02094657 -0.04800233
v 0.01217685 0.02454227 -0.04800233
v 0.01016196 0.01727909 -0.04800233
v 0.00680905 0.01803202 -0.04800233
v 0.00711868 0.02213114 -0.04800233
v 0.00691153 0.01395243 -0.04800233
v 0.00352341 0.01427030 -0.04800233
v 0.00313962 0.01848270 -0.04800233
v 0.00419931 0.01026102 -0.04800233
v 0.00100681 0.01009769 -0.04800233
v 0.00012228 0.01415702 -0.04800233
v 0.00188669 0.00635770 -0.04800233
v -0.00102762 0.00591068 -0.04800233
v -0.00219034 0.00954862 -0.04800233
v 0.00001230 0.00250980 -0.04800233
v -0.00258798 0.00184232 -0.04800233
v 0.00078268 -0.00072530 -0.04800233
v 0.00327329 -0.00051778 -0.04800233
v 0.00103244 -0.00398360 -0.04800233
v 0.00270737 0.00286307 -0.04800233
v 0.00333408 -0.00399630 -0.04800233
v 0.00272525 -0.00750069 -0.04800233
v 0.00021140 -0.00725607 -0.04800233
v 0.00157321 -0.01099532 -0.04800233
v -0.00131155 -0.01046651 -0.04800233
v -0.00396402 -0.00953243 -0.04800233
v -0.00316605 -0.01399386 -0.04800233
v -0.00638736 -0.01272799 -0.04800233
v -0.00660025 -0.00795480 -0.04800233
v 0.00016074 -0.01473043 -0.04800233
v -0.00130838 -0.01864620 -0.04800233
v -0.00515378 -0.01774728 -0.04800233
v 0.00252670 -0.01894747 -0.04800233
v 0.00183896 -0.02301925 -0.04800233
v -0.00263284 -0.02271822 -0.04800233
v 0.00619894 -0.02258956 -0.04800233
v 0.00649527 -0.02661324 -0.04800233
v 0.00142349 -0.02735836 -0.04800233
v 0.01120566 -0.02500167 -0.04800233
v 0.01103220 -0.02504171 -0.04488056
v 0.00630923 -0.02664523 -0.04498473
v 0.01525302 -0.02274166 -0.04474779
v 0.01504623 -0.02286788 -0.04160558
v 0.01081149 -0.02511764 -0.04186480
v 0.01865341 -0.01995748 -0.04135276
v 0.01841495 -0.02023458 -0.03832445
v 0.01479214 -0.02304342 -0.03874920
v 0.02138895 -0.01701681 -0.03788560
v 0.02109653 -0.01742330 -0.03486824
v 0.01806033 -0.02053194 -0.03553280
v 0.02355527 -0.01389254 -0.03417524
v 0.02320279 -0.01447042 -0.03118371
v 0.02069144 -0.01788424 -0.03218610
v 0.02519028 -0.01063497 -0.03021121
v 0.02482309 -0.01151608 -0.02738490
v 0.02277762 -0.01515597 -0.02861682
v 0.02591867 -0.00881979 -0.02310430
v 0.02429501 -0.01258810 -0.02466187
v 0.02546066 -0.00999361 -0.03344256
v 0.02661984 -0.00630001 -0.02926433
v 0.02673361 -0.00574142 -0.03278026
v 0.02677670 -0.00536251 -0.03642467
v 0.02731662 -0.00123263 -0.03242391
v 0.02561948 -0.00954025 -0.03685558
v 0.02570505 -0.00932150 -0.04048797
v 0.02684372 -0.00521188 -0.04025823
v 0.02380362 -0.01345992 -0.03738778
v 0.02393613 -0.01319308 -0.04078495
v 0.02399716 -0.01313839 -0.04436847
v 0.02573203 -0.00931051 -0.04421621
v 0.02157950 -0.01674068 -0.04107491
v 0.02173325 -0.01662057 -0.04452014
v 0.02179562 -0.01659054 -0.04800233
v 0.02401010 -0.01321700 -0.04800233
v 0.01886917 -0.01982247 -0.04463321
v 0.01903671 -0.01971285 -0.04800233
v 0.01542148 -0.02266451 -0.04800233
v 0.01412228 -0.02021261 -0.04800233
v 0.02111594 -0.01198458 -0.04800233
v 0.02219467 -0.00854952 -0.04800233
v 0.02571542 -0.00942794 -0.04800233
v 0.02296085 -0.00490157 -0.04800233
v 0.02690060 -0.00530538 -0.04800233
v 0.02688327 -0.00523312 -0.04411821
v 0.02737021 -0.00103146 -0.04800233
v 0.02733151 -0.00101803 -0.04409084
v 0.02730038 -0.00102584 -0.04017674
v 0.02713998 0.00325370 -0.04028105
v 0.02729770 -0.00108053 -0.03622334
v 0.02717526 0.00329667 -0.04413143
v 0.02628842 0.00769340 -0.04428032
v 0.02718881 0.00336161 -0.04800233
v 0.02628256 0.00779130 -0.04800233
v 0.02457956 0.01208890 -0.04800233
v 0.02246286 0.00700516 -0.04800233
v 0.02114243 0.01084476 -0.04800233
v 0.01855014 0.00646757 -0.04800233
v 0.01757541 0.00991801 -0.04800233
v 0.01929111 0.01435868 -0.04800233
v 0.01483530 0.00624247 -0.04800233
v 0.01398874 0.00967655 -0.04800233
v 0.01128561 0.00628764 -0.04800233
v 0.01062064 0.00980717 -0.04800233
v 0.00802939 0.00643168 -0.04800233
v 0.00738467 0.01011600 -0.04800233
v 0.01012534 0.01347294 -0.04800233
v 0.00860349 0.00290604 -0.04800233
v 0.00551645 0.00297636 -0.04800233
v 0.00492178 0.00648588 -0.04800233
v 0.00591275 -0.00049972 -0.04800233
v 0.00885483 -0.00057003 -0.04800233
v 0.00589572 -0.00402950 -0.04800233
v 0.00881003 -0.00409884 -0.04800233
v 0.00837460 -0.00763644 -0.04800233
v 0.00541238 -0.00759396 -0.04800233
v 0.00766751 -0.01121529 -0.04800233
v 0.00455161 -0.01121725 -0.04800233
v 0.00689865 -0.01489034 -0.04800233
v 0.00351089 -0.01497628 -0.04800233
v 0.01032260 -0.01459640 -0.04800233
v 0.01005722 -0.01810006 -0.04800233
v 0.00631406 -0.01873214 -0.04800233
v 0.01036459 -0.02154513 -0.04800233
v 0.01092026 -0.01112960 -0.04800233
v 0.01427609 -0.01110030 -0.04800233
v 0.01772617 -0.01131564 -0.04800233
v 0.01154477 -0.00768356 -0.04800233
v 0.01492343 -0.00777731 -0.04800233
v 0.01853000 -0.00802218 -0.04800233
v 0.01541525 -0.00431417 -0.04800233
v 0.01912167 -0.00451827 -0.04800233
v 0.01556210 -0.00079415 -0.04800233
v 0.01933249 -0.00086202 -0.04800233
v 0.02326138 -0.00091647 -0.04800233
v 0.02308475 0.00304423 -0.04800233
v 0.01916965 0.00282377 -0.04800233
v 0.01536252 0.00274052 -0.04800233
v 0.01209421 -0.00068722 -0.04800233
v 0.01182730 0.00279154 -0.04800233
v 0.01196262 -0.00418429 -0.04800233
v 0.01803537 0.02058744 -0.03104368
v 0.01498251 0.02291337 -0.03408241
v 0.01458768 0.02315482 -0.03210418
v 0.01418607 0.02338895 -0.03040558
v 0.01078183 0.02513187 -0.03303039
v 0.01045737 0.02526347 -0.03143168
v 0.01009958 0.02541874 -0.02984358
v 0.00640421 0.02659672 -0.03205409
v 0.00617300 0.02665385 -0.03060494
v 0.00592154 0.02671683 -0.02913538
v 0.00203879 0.02729447 -0.03097998
v 0.00194223 0.02730473 -0.02951521
v -0.00220810 0.02727055 -0.03090521
v -0.00213828 0.02728300 -0.02944375
v -0.00646646 0.02659232 -0.03037244
v -0.00670163 0.02651835 -0.03190293
v -0.01092899 0.02507670 -0.03102251
v -0.00689694 0.02647367 -0.03343256
v -0.01128238 0.02493607 -0.03266792
v -0.01533072 0.02267850 -0.03158776
v -0.01162222 0.02478934 -0.03452174
v -0.01578085 0.02234745 -0.03363648
v -0.01942868 0.01928715 -0.03259393
v -0.01614566 0.02208158 -0.03587605
v -0.01984860 0.01882670 -0.03519837
v -0.01646414 0.02187626 -0.03859380
v -0.02018765 0.01847465 -0.03809330
v -0.02313675 0.01456351 -0.03757983
v -0.02039883 0.01816166 -0.04121207
v -0.02335464 0.01418803 -0.04090749
v -0.02549142 0.00991776 -0.04052307
v -0.02352975 0.01397489 -0.04442752
v -0.02560690 0.00968803 -0.04424959
v -0.02674838 0.00559354 -0.04029939
v -0.02683517 0.00540751 -0.04413025
v -0.02730893 0.00136649 -0.04018446
v -0.02734262 0.00120292 -0.04410363
v -0.02719980 -0.00293526 -0.04030771
v -0.02722000 -0.00302340 -0.04416372
v -0.02632590 -0.00747091 -0.04061589
v -0.02624887 -0.00760421 -0.03705860
v -0.02636282 -0.00745577 -0.04430577
v -0.02460196 -0.01195773 -0.04098049
v -0.02451706 -0.01213375 -0.03758778
v -0.02192801 -0.01639523 -0.03806649
v -0.02174448 -0.01664571 -0.03510692
v -0.02439578 -0.01244943 -0.03437869
v -0.01829984 -0.02037887 -0.03581314
v -0.01804794 -0.02059005 -0.03342371
v -0.02146848 -0.01699557 -0.03238762
v -0.01768558 -0.02090524 -0.03114756
v -0.02109622 -0.01746505 -0.02989254
v -0.01730502 -0.02120724 -0.02926149
v -0.02065585 -0.01796554 -0.02769899
v -0.01687521 -0.02154049 -0.02743602
v -0.02015018 -0.01852853 -0.02561461
v -0.01637320 -0.02193478 -0.02567001
v -0.01958426 -0.01913326 -0.02368855
v -0.02282370 -0.01505660 -0.02374703
v -0.02223703 -0.01595528 -0.02154970
v -0.01891861 -0.01980123 -0.02176896
v -0.02156326 -0.01690157 -0.01945426
v -0.02433926 -0.01251534 -0.01933248
v -0.02367886 -0.01376363 -0.01703558
v -0.02108414 -0.01810250 -0.01753001
v -0.02302304 -0.01522482 -0.01487462
v -0.02457193 -0.01213693 -0.01232547
v -0.02525479 -0.01058883 -0.01462968
v -0.02532205 -0.01430782 -0.01045311
v -0.02384409 -0.01718307 -0.01345499
v -0.02455722 -0.01935128 -0.01203748
v -0.02601932 -0.01671285 -0.00851229
v -0.02692062 -0.01405807 -0.00505896
v -0.02660391 -0.01938619 -0.00651274
v -0.02523428 -0.02180489 -0.01057162
v -0.02324771 -0.02416476 -0.01436870
v -0.02389883 -0.02661935 -0.01337670
v -0.02580270 -0.02461642 -0.00918080
v -0.02618399 -0.02774630 -0.00803780
v -0.02717191 -0.02618966 -0.00333171
v -0.02441360 -0.02940646 -0.01244206
v -0.02642392 -0.03145162 -0.00716924
v -0.02724850 -0.03039816 -0.00259503
v -0.02724466 -0.03480587 -0.00205580
v -0.02730899 -0.03009103 0.00183639
v -0.02727365 -0.03472408 0.00197840
v -0.02670987 -0.03085738 0.00604016
v -0.02661526 -0.02653243 0.00639667
v -0.02666971 -0.03521163 0.00608592
v -0.02529398 -0.03207784 0.01044958
v -0.02513889 -0.02851241 0.01081549
v -0.02483243 -0.02531954 0.01152847
v -0.02289352 -0.03027609 0.01497697
v -0.02255368 -0.02755734 0.01548357
v -0.02207321 -0.02510909 0.01614655
v -0.01966666 -0.02932760 0.01904953
v -0.01925436 -0.02719332 0.01945049
v -0.01879868 -0.02523556 0.01988455
v -0.01593253 -0.02906124 0.02224400
v -0.01553061 -0.02725607 0.02253203
v -0.01507651 -0.02549313 0.02286278
v -0.01183371 -0.02889596 0.02467298
v -0.01148044 -0.02727755 0.02485047
v -0.01108975 -0.02573019 0.02503627
v -0.00757474 -0.02858590 0.02631299
v -0.00730124 -0.02710519 0.02640186
v -0.00740445 -0.02637179 0.02725330
v -0.00328806 -0.02794308 0.02721538
v -0.00332700 -0.02721432 0.02790616
v -0.00349881 -0.02716769 0.02930956
v 0.00079892 -0.02737862 0.02797917
v 0.00082700 -0.02737423 0.02936990
v 0.00084274 -0.02737057 0.03078818
v 0.00500424 -0.02691012 0.02893812
v 0.00521048 -0.02686251 0.03039201
v 0.00538467 -0.02682052 0.03186770
v 0.00929160 -0.02574215 0.02951726
v 0.00963297 -0.02559420 0.03108375
v 0.00994412 -0.02549508 0.03267295
v 0.01345560 -0.02381735 0.02988428
v 0.01389865 -0.02357662 0.03162903
v 0.01434293 -0.02331808 0.03356989
v 0.01024075 -0.02538497 0.03441754
v 0.01681973 -0.02157296 0.02845286
v 0.01736850 -0.02115133 0.03038135
v 0.01789639 -0.02070626 0.03257984
v 0.01837466 -0.02029586 0.03502562
v 0.01473599 -0.02307784 0.03575814
v 0.01510330 -0.02284469 0.03842801
v 0.01084665 -0.02513009 0.03889666
v 0.01053769 -0.02525314 0.03633303
v 0.01879642 -0.01991647 0.03781810
v 0.01911490 -0.01958688 0.04102293
v 0.01542770 -0.02261031 0.04141172
v 0.02207724 -0.01615768 0.04059920
v 0.01109232 -0.02501388 0.04172468
v 0.00608579 -0.02666720 0.03925159
v 0.00589883 -0.02669820 0.03689908
v 0.00093802 -0.02734249 0.03719336
v 0.00572098 -0.02675704 0.03506893
v 0.00089706 -0.02736446 0.03538216
v 0.00086929 -0.02736568 0.03371195
v 0.00555142 -0.02679879 0.03335487
v -0.00394199 -0.02707931 0.03366212
v -0.00381699 -0.02709176 0.03217287
v 0.00086252 -0.02736446 0.03223428
v -0.00843381 -0.02603194 0.03169261
v -0.00812851 -0.02613253 0.03020100
v -0.00366257 -0.02712594 0.03073199
v -0.01237973 -0.02443453 0.02916746
v -0.01186569 -0.02468722 0.02760369
v -0.00779782 -0.02624508 0.02872523
v -0.01561472 -0.02248702 0.02607124
v -0.01490158 -0.02299850 0.02440788
v -0.01130679 -0.02494235 0.02605874
v -0.01814047 -0.02051510 0.02238001
v -0.01767648 -0.02156515 0.02094721
v -0.01458359 -0.02388351 0.02319269
v -0.02029752 -0.01891988 0.01839353
v -0.02096683 -0.02083395 0.01759074
v -0.01826157 -0.02334933 0.02040195
v -0.02319620 -0.01802438 0.01457172
v -0.02380142 -0.02024020 0.01351261
v -0.02156076 -0.02291427 0.01683039
v -0.02550150 -0.01730123 0.00997257
v -0.02604440 -0.01984713 0.00843050
v -0.02436819 -0.02267086 0.01246206
v -0.02491415 -0.01491940 0.01140871
v -0.02667789 -0.01438912 0.00631605
v -0.02626694 -0.01195943 0.00825413
v -0.02720114 -0.01187569 0.00321198
v -0.02430655 -0.01267062 0.01286645
v -0.02255704 -0.01595260 0.01559048
v -0.02327988 -0.01440817 0.01742498
v -0.02094925 -0.01762814 0.02000529
v -0.02174301 -0.01655367 0.02186552
v -0.01892307 -0.01976363 0.02410844
v -0.01960672 -0.01905636 0.02584997
v -0.01623441 -0.02203512 0.02769777
v -0.01679886 -0.02160177 0.02943890
v -0.01282675 -0.02420284 0.03072708
v -0.01321963 -0.02398116 0.03232040
v -0.00869962 -0.02595260 0.03315787
v -0.00897476 -0.02584542 0.03488407
v -0.00406918 -0.02705441 0.03530139
v 0.01971469 -0.01895895 0.02674968
v 0.01297916 -0.02408810 0.02822376
v 0.01623337 -0.02202023 0.02662115
v 0.01904288 -0.01964718 0.02477403
v 0.01557974 -0.02252120 0.02485033
v 0.01829660 -0.02036080 0.02285744
v 0.02058853 -0.01800460 0.02067021
v 0.01759671 -0.02126559 0.02100743
v 0.01994675 -0.01924923 0.01876169
v 0.02243546 -0.01568453 0.01830120
v 0.02196909 -0.01720016 0.01633888
v 0.02070401 -0.02107394 0.01786268
v 0.02276779 -0.01917403 0.01514572
v 0.02442722 -0.01726119 0.01232210
v 0.02346091 -0.02126754 0.01399620
v 0.02510825 -0.01953072 0.01080884
v 0.02633420 -0.01787130 0.00739848
v 0.02573874 -0.02208419 0.00932974
v 0.02682053 -0.02065841 0.00548746
v 0.02732919 -0.01903194 0.00169142
v 0.02714706 -0.02373653 0.00347603
v 0.02622556 -0.02487399 0.00787856
v 0.02469370 -0.02600094 0.01184006
v 0.02515793 -0.02864132 0.01082011
v 0.02656454 -0.02778927 0.00650344
v 0.02549777 -0.03151876 0.00997674
v 0.02679172 -0.03088375 0.00552649
v 0.02572592 -0.03451974 0.00932784
v 0.02688901 -0.03411666 0.00478946
v 0.02732480 -0.03371700 0.00006712
v 0.02693796 -0.03737276 0.00432741
v 0.02730966 -0.03720675 -0.00025874
v 0.02693161 -0.03353927 -0.00472209
v 0.02692319 -0.03714498 -0.00469751
v 0.02577853 -0.03394650 -0.00917086
v 0.02561716 -0.03079318 -0.00960657
v 0.02583969 -0.03734884 -0.00893937
v 0.02388474 -0.03455196 -0.01337789
v 0.02358908 -0.03169088 -0.01384614
v 0.02312094 -0.02911715 -0.01455647
v 0.02134457 -0.03520577 -0.01714241
v 0.02097269 -0.03258614 -0.01760432
v 0.02049625 -0.03018282 -0.01815012
v 0.01994162 -0.02802950 -0.01873064
v 0.02248923 -0.02656026 -0.01554853
v 0.01786386 -0.03344308 -0.02074217
v 0.01740079 -0.03128317 -0.02112988
v 0.01689682 -0.02940255 -0.02151669
v 0.01635721 -0.02756637 -0.02192950
v 0.01931992 -0.02596725 -0.01937060
v 0.01380222 -0.03225875 -0.02363707
v 0.01340671 -0.03058517 -0.02384499
v 0.01296994 -0.02892770 -0.02408850
v 0.01249905 -0.02731246 -0.02435750
v 0.01576187 -0.02581222 -0.02238229
v 0.00943839 -0.03153756 -0.02567549
v 0.00912894 -0.02999801 -0.02579987
v 0.00880106 -0.02850607 -0.02592286
v 0.00841623 -0.02696554 -0.02605087
v 0.01194229 -0.02570480 -0.02464172
v 0.00486288 -0.03069796 -0.02692755
v 0.00469235 -0.02927609 -0.02696931
v 0.00449026 -0.02779903 -0.02701111
v 0.00448978 -0.02700753 -0.02769841
v 0.00028262 -0.02952853 -0.02740571
v 0.00029465 -0.02811764 -0.02741135
v 0.00031552 -0.02740499 -0.02811203
v 0.00035751 -0.02738985 -0.02951357
v -0.00401822 -0.02709689 -0.02789304
v -0.00414316 -0.02706783 -0.02934338
v -0.00424490 -0.02704318 -0.03077670
v -0.00854916 -0.02599972 -0.02863928
v -0.00880478 -0.02589669 -0.03013230
v -0.00901529 -0.02582003 -0.03168810
v -0.01306973 -0.02404195 -0.02899393
v -0.01340042 -0.02385714 -0.03065535
v -0.01368430 -0.02371310 -0.03232442
v -0.00918863 -0.02577291 -0.03326077
v -0.00932895 -0.02573458 -0.03497410
v -0.00437619 -0.02700948 -0.03378613
v -0.00432077 -0.02701656 -0.03224121
v -0.01394449 -0.02355367 -0.03429282
v -0.01412949 -0.02344820 -0.03639467
v -0.00942593 -0.02569161 -0.03686701
v -0.00946628 -0.02569991 -0.03933668
v -0.00439511 -0.02698849 -0.03723098
v -0.00439908 -0.02700875 -0.03539303
v -0.01424429 -0.02339108 -0.03901748
v -0.01425577 -0.02337692 -0.04184801
v -0.01846683 -0.02022457 -0.03855890
v -0.01853348 -0.02014425 -0.04154375
v -0.01850442 -0.02018185 -0.04472652
v -0.02202609 -0.01625192 -0.04126369
v -0.02203751 -0.01625362 -0.04456514
v -0.02198380 -0.01635763 -0.04800233
v -0.02463589 -0.01193575 -0.04445383
v -0.02462747 -0.01202120 -0.04800233
v -0.02073819 -0.01002609 -0.04800233
v -0.02636801 -0.00751217 -0.04800233
v -0.02236612 -0.00619552 -0.04800233
v -0.01863187 -0.00449508 -0.04800233
v -0.02723685 -0.00314254 -0.04800233
v -0.02332187 -0.00245358 -0.04800233
v -0.01965805 -0.00124459 -0.04800233
v -0.01642923 0.00069999 -0.04800233
v -0.01529373 0.00610453 -0.04800233
v -0.01758975 0.00911039 -0.04800233
v -0.01510220 0.01221903 -0.04800233
v -0.02054214 0.01160233 -0.04800233
v -0.01773239 0.01509599 -0.04800233
v -0.01430997 0.01842899 -0.04800233
v -0.01018851 0.02072514 -0.04800233
v -0.02068710 0.01797758 -0.04800233
v -0.01681717 0.02164066 -0.04800233
v -0.01225064 0.02451469 -0.04800233
v -0.00724594 0.02642875 -0.04800233
v -0.01229184 0.02446659 -0.04487472
v -0.00734799 0.02638773 -0.04501000
v -0.00224564 0.02729447 -0.04508575
v -0.00738614 0.02636649 -0.04212767
v -0.00234817 0.02726029 -0.04228135
v 0.00266165 0.02724247 -0.04231342
v -0.00240506 0.02725614 -0.03971517
v 0.00252896 0.02725980 -0.03974991
v 0.00726004 0.02638944 -0.03959443
v 0.00241440 0.02725175 -0.03748757
v 0.00705771 0.02641581 -0.03721143
v 0.01138242 0.02487040 -0.03679955
v 0.00684872 0.02648661 -0.03536120
v 0.01109659 0.02500248 -0.03481416
v 0.00662460 0.02654569 -0.03360296
v 0.00232675 0.02726688 -0.03564635
v 0.00222183 0.02728104 -0.03392721
v 0.00212753 0.02728593 -0.03243504
v -0.00234567 0.02724979 -0.03394429
v -0.00228555 0.02724857 -0.03237456
v -0.00238791 0.02724833 -0.03559595
v -0.00708719 0.02642509 -0.03520104
v -0.00724026 0.02636698 -0.03707053
v -0.01189462 0.02465531 -0.03652831
v -0.01211935 0.02456522 -0.03907616
v -0.00735519 0.02636332 -0.03946743
v -0.01224454 0.02447172 -0.04184482
v -0.01667276 0.02169486 -0.04152282
v -0.01679361 0.02162455 -0.04471223
v -0.02058951 0.01803593 -0.04457225
v -0.02363992 0.01385990 -0.04800233
v -0.02569418 0.00952982 -0.04800233
v -0.02241666 0.00793436 -0.04800233
v -0.02692380 0.00525272 -0.04800233
v -0.02738412 0.00106083 -0.04800233
v -0.00240970 0.02723710 -0.03743777
v -0.01836111 -0.01374117 -0.04800233
v -0.01836624 -0.02033468 -0.04800233
v -0.01416452 -0.02343771 -0.04488428
v -0.00940311 -0.02570675 -0.04205942
v -0.00434555 -0.02702609 -0.03955489
v 0.00071664 -0.02735201 -0.03733606
v 0.00061105 -0.02736129 -0.03551458
v 0.00547092 -0.02680148 -0.03527556
v 0.00527835 -0.02684371 -0.03357954
v 0.00052829 -0.02736324 -0.03383036
v 0.00510916 -0.02687374 -0.03206407
v 0.00046164 -0.02736373 -0.03238254
v 0.00490823 -0.02691671 -0.03058850
v 0.00041110 -0.02737569 -0.03092690
v 0.00909402 -0.02579513 -0.02982618
v 0.00874796 -0.02592867 -0.02832321
v 0.00471249 -0.02695895 -0.02915475
v 0.01240042 -0.02442526 -0.02710042
v 0.00837479 -0.02605758 -0.02681605
v 0.01186838 -0.02468722 -0.02552218
v 0.01561325 -0.02248800 -0.02555585
v 0.01499643 -0.02294332 -0.02385335
v 0.01509555 -0.02407882 -0.02287298
v 0.01776157 -0.02085275 -0.02198889
v 0.01788632 -0.02222311 -0.02074103
v 0.01862045 -0.02405685 -0.02005200
v 0.02026144 -0.02014498 -0.01838984
v 0.02107278 -0.02212960 -0.01744293
v 0.02180692 -0.02427071 -0.01649394
v 0.02305911 -0.02006710 -0.01471077
v 0.02385617 -0.02240597 -0.01339142
v 0.02459067 -0.01775973 -0.01203057
v 0.02540451 -0.02026827 -0.01015852
v 0.02461227 -0.02498702 -0.01193718
v 0.02222275 -0.01790841 -0.01598535
v 0.02014224 -0.01852633 -0.01991287
v 0.01845804 -0.02020113 -0.02379616
v 0.01619559 -0.02205196 -0.02732222
v 0.01288120 -0.02417037 -0.02871218
v 0.01331851 -0.02391305 -0.03040351
v 0.00941751 -0.02567452 -0.03138148
v 0.00970914 -0.02558614 -0.03294487
v -0.01268283 -0.02426437 -0.02737170
v -0.00823099 -0.02611129 -0.02708054
v -0.01221298 -0.02452413 -0.02574928
v -0.01580215 -0.02237179 -0.02393416
v -0.01211569 -0.02526925 -0.02458865
v -0.01558054 -0.02319186 -0.02254353
v -0.01853525 -0.02079977 -0.02016520
v -0.01932083 -0.02250704 -0.01938175
v -0.02185892 -0.01994357 -0.01647550
v -0.02258188 -0.02195016 -0.01543117
v -0.02001883 -0.02435519 -0.01860707
v -0.01626266 -0.02478976 -0.02202835
v -0.01691428 -0.02651461 -0.02151744
v -0.02066708 -0.02633541 -0.01787931
v -0.01751962 -0.02832223 -0.02101688
v -0.01805832 -0.03019845 -0.02057722
v -0.02130289 -0.02849410 -0.01718122
v -0.01858548 -0.03238302 -0.02007499
v -0.02184268 -0.03097482 -0.01645468
v -0.01905099 -0.03479366 -0.01965366
v -0.02230856 -0.03378439 -0.01582594
v -0.02479251 -0.03259249 -0.01163688
v -0.01944077 -0.03773116 -0.01926899
v -0.02269254 -0.03696920 -0.01528683
v -0.02506845 -0.03616598 -0.01099313
v -0.02293271 -0.04046017 -0.01485283
v -0.02524551 -0.03995724 -0.01050698
v -0.02654868 -0.03542745 -0.00649745
v -0.02667245 -0.03950607 -0.00599661
v -0.02539670 -0.04393502 -0.01019204
v -0.02678671 -0.04375118 -0.00567332
v -0.02726517 -0.03928512 -0.00165056
v -0.02733652 -0.04366842 -0.00127884
v -0.02723337 -0.03929488 0.00240473
v -0.02721469 -0.04367257 0.00294958
v -0.02655789 -0.03948141 0.00649925
v -0.02644315 -0.04375045 0.00705519
v -0.02519595 -0.03982198 0.01068951
v -0.02530124 -0.03588595 0.01042096
v -0.02505466 -0.04389132 0.01103313
v -0.02309842 -0.04024972 0.01468032
v -0.02315707 -0.03657345 0.01460041
v -0.02311893 -0.03331466 0.01467168
v -0.02030362 -0.03736568 0.01837447
v -0.02021548 -0.03439864 0.01848035
v -0.02000552 -0.03175851 0.01869270
v -0.01672049 -0.03533761 0.02168606
v -0.01652396 -0.03302120 0.02182809
v -0.01624911 -0.03090670 0.02203613
v -0.01256772 -0.03407003 0.02432413
v -0.01236093 -0.03217672 0.02442538
v -0.01212466 -0.03054073 0.02452818
v -0.00809787 -0.03315548 0.02613529
v -0.00794565 -0.03160079 0.02617631
v -0.00777762 -0.03007589 0.02623942
v -0.00352646 -0.03221993 0.02712415
v -0.00346750 -0.03077364 0.02714554
v -0.00338547 -0.02936984 0.02717687
v 0.00093124 -0.03100362 0.02735332
v 0.00088022 -0.02962569 0.02736537
v 0.00081839 -0.02817648 0.02737348
v 0.00507108 -0.02938546 0.02689191
v 0.00484366 -0.02789767 0.02693928
v 0.00478091 -0.02695651 0.02751869
v 0.00867252 -0.02715621 0.02596409
v 0.00851907 -0.02601901 0.02654456
v 0.00892197 -0.02588033 0.02799403
v 0.01191708 -0.02466256 0.02511062
v 0.01245682 -0.02439230 0.02660452
v 0.01496664 -0.02297042 0.02331926
v 0.01220047 -0.02598849 0.02453478
v 0.01541043 -0.02454757 0.02264361
v 0.01825320 -0.02291573 0.02039146
v 0.01601871 -0.02632443 0.02218175
v 0.01891196 -0.02474020 0.01974689
v 0.02137430 -0.02302804 0.01700004
v 0.01951083 -0.02660958 0.01914777
v 0.02200174 -0.02510250 0.01616498
v 0.02003995 -0.02859396 0.01861618
v 0.02259628 -0.02728219 0.01541665
v 0.02411630 -0.02355074 0.01288782
v 0.02053891 -0.03070821 0.01807299
v 0.02309573 -0.02965987 0.01465201
v 0.02094846 -0.03294601 0.01758773
v 0.02349576 -0.03221847 0.01397617
v 0.02129434 -0.03561617 0.01717269
v 0.02383316 -0.03500900 0.01341877
v 0.02153275 -0.03850118 0.01681177
v 0.02404575 -0.03808492 0.01297448
v 0.02586130 -0.03767941 0.00883847
v 0.02418588 -0.04131612 0.01270772
v 0.02598422 -0.04106026 0.00850561
v 0.02701486 -0.04087521 0.00406316
v 0.02606137 -0.04451290 0.00836156
v 0.02708286 -0.04443014 0.00387706
v 0.02731638 -0.04078976 -0.00043213
v 0.02735703 -0.04439278 -0.00059271
v 0.02692465 -0.04076730 -0.00477647
v 0.02692197 -0.04438619 -0.00494821
v 0.02584702 -0.04082882 -0.00892515
v 0.02582541 -0.04440450 -0.00906286
v 0.02412241 -0.04102535 -0.01290200
v 0.02404294 -0.03771017 -0.01306159
v 0.02414780 -0.04447872 -0.01290664
v 0.02183249 -0.04126339 -0.01649288
v 0.02164023 -0.03811105 -0.01675184
v 0.01889920 -0.04153292 -0.01978936
v 0.01861215 -0.03854855 -0.02007898
v 0.01826907 -0.03585641 -0.02039449
v 0.01490298 -0.03894259 -0.02297983
v 0.01456314 -0.03635714 -0.02318600
v 0.01420682 -0.03421407 -0.02339477
v 0.01026749 -0.03675509 -0.02536021
v 0.01000125 -0.03488277 -0.02547288
v 0.00971445 -0.03310104 -0.02558852
v 0.00531387 -0.03536202 -0.02685014
v 0.00514615 -0.03366793 -0.02687998
v 0.00499735 -0.03215060 -0.02689547
v 0.00025107 -0.03386739 -0.02739011
v 0.00024503 -0.03235201 -0.02738249
v 0.00025693 -0.03092550 -0.02739475
v -0.00445273 -0.03063253 -0.02700991
v -0.00426395 -0.02922872 -0.02705100
v -0.00404477 -0.02779025 -0.02709651
v -0.00864053 -0.02829073 -0.02598186
v -0.00822055 -0.02681100 -0.02612111
v -0.01268155 -0.02673751 -0.02430444
v -0.00901852 -0.02976510 -0.02585138
v -0.01322263 -0.02835030 -0.02398621
v -0.00936111 -0.03129366 -0.02571740
v -0.01371988 -0.02999044 -0.02369668
v -0.00966885 -0.03283688 -0.02561432
v -0.01415665 -0.03167257 -0.02344161
v -0.00997171 -0.03456417 -0.02549548
v -0.01459317 -0.03359469 -0.02316959
v -0.01023666 -0.03643404 -0.02537652
v -0.01497580 -0.03565206 -0.02290870
v -0.01048441 -0.03892281 -0.02529332
v -0.01533871 -0.03836910 -0.02269019
v -0.01066171 -0.04171383 -0.02520132
v -0.01559671 -0.04135909 -0.02249450
v -0.01972464 -0.04092599 -0.01893021
v -0.01577231 -0.04460836 -0.02239163
v -0.01994583 -0.04443063 -0.01875647
v -0.02314151 -0.04420333 -0.01460707
v -0.02005118 -0.04800021 -0.01868180
v -0.02326505 -0.04800021 -0.01448786
v -0.02553329 -0.04800021 -0.00998221
v -0.01941196 -0.04800021 -0.01148499
v -0.02137405 -0.04800021 -0.00766484
v -0.02689371 -0.04800021 -0.00541555
v -0.02269058 -0.04800021 -0.00387788
v -0.02739407 -0.04800021 -0.00086197
v -0.02718234 -0.04800021 0.00350779
v -0.02634640 -0.04800021 0.00759580
v -0.02200790 -0.04800021 0.00679574
v -0.02488474 -0.04800021 0.01147436
v -0.02075320 -0.04800021 0.00986610
v -0.02276443 -0.04800021 0.01530253
v -0.02295956 -0.04408761 0.01491663
v -0.01903415 -0.04800021 0.01293195
v -0.01995798 -0.04800021 0.01877992
v -0.02018417 -0.04432369 0.01849345
v -0.02030063 -0.04074044 0.01835782
v -0.01671066 -0.04457223 0.02169646
v -0.01682126 -0.04124679 0.02159410
v -0.01683328 -0.03812496 0.02160739
v -0.01277731 -0.04161446 0.02420885
v -0.01281509 -0.03868575 0.02421074
v -0.01272086 -0.03608321 0.02424886
v -0.00833981 -0.03913863 0.02607018
v -0.00830460 -0.03674191 0.02606698
v -0.00822006 -0.03485079 0.02610686
v -0.00361234 -0.03716280 0.02709029
v -0.00360568 -0.03534762 0.02711758
v -0.00356967 -0.03373385 0.02712294
v 0.00110330 -0.03552023 0.02734399
v 0.00104428 -0.03390206 0.02734762
v 0.00098392 -0.03241842 0.02734344
v 0.00556662 -0.03368429 0.02678252
v 0.00540909 -0.03226534 0.02681216
v 0.00525455 -0.03083004 0.02684531
v 0.00963486 -0.03173409 0.02561101
v 0.00935184 -0.03022604 0.02571821
v 0.00904373 -0.02871407 0.02583827
v 0.01315079 -0.02925558 0.02401034
v 0.01272440 -0.02765646 0.02425936
v 0.01652902 -0.02802706 0.02179372
v 0.01353903 -0.03090597 0.02378583
v 0.01702481 -0.02984151 0.02141228
v 0.01387491 -0.03250509 0.02359542
v 0.01745401 -0.03167550 0.02108017
v 0.01421292 -0.03439669 0.02337160
v 0.01781931 -0.03368185 0.02073611
v 0.01449442 -0.03647750 0.02319092
v 0.01817087 -0.03611471 0.02043680
v 0.01473428 -0.03905050 0.02307403
v 0.01842044 -0.03881124 0.02021728
v 0.01487790 -0.04184176 0.02296950
v 0.01856247 -0.04170309 0.02004583
v 0.02168613 -0.04152560 0.01660483
v 0.02178079 -0.04474191 0.01656323
v 0.02426938 -0.04462545 0.01261849
v 0.02431345 -0.04800021 0.01264957
v 0.02611923 -0.04800021 0.00829703
v 0.02262009 -0.04800021 0.00715884
v 0.02713095 -0.04800021 0.00374960
v 0.02354385 -0.04800021 0.00319593
v 0.02738400 -0.04800021 -0.00075384
v 0.02371500 -0.04800021 -0.00090719
v 0.02692490 -0.04800021 -0.00514388
v 0.02317905 -0.04800021 -0.00483816
v 0.02577902 -0.04800021 -0.00925219
v 0.02231674 -0.04800021 -0.00847280
v 0.02412875 -0.04800021 -0.01302116
v 0.02108945 -0.04800021 -0.01184228
v 0.02200284 -0.04800021 -0.01631344
v 0.02194467 -0.04459225 -0.01635754
v 0.01960202 -0.04800021 -0.01478330
v 0.01936887 -0.04800021 -0.01941385
v 0.01914462 -0.04471407 -0.01956775
v 0.01570682 -0.04800021 -0.02245530
v 0.01547244 -0.04483712 -0.02259195
v 0.01520175 -0.04179244 -0.02276455
v 0.01108560 -0.04493966 -0.02503153
v 0.01083249 -0.04198116 -0.02513138
v 0.01056412 -0.03924825 -0.02525983
v 0.00584818 -0.04212252 -0.02673055
v 0.00567307 -0.03949288 -0.02677267
v 0.00547757 -0.03712447 -0.02680205
v 0.00034702 -0.03952364 -0.02738527
v 0.00029489 -0.03727120 -0.02737764
v 0.00026480 -0.03548898 -0.02739078
v -0.00504807 -0.03701730 -0.02688760
v -0.00492697 -0.03523116 -0.02693115
v -0.00477646 -0.03352633 -0.02695149
v -0.00462570 -0.03207809 -0.02696754
v -0.00514658 -0.03933834 -0.02688933
v -0.00520694 -0.04200802 -0.02687595
v 0.00041183 -0.04214767 -0.02737690
v -0.00521188 -0.04493380 -0.02688970
v -0.01076767 -0.04478121 -0.02517191
v -0.01079416 -0.04800021 -0.02520587
v -0.01584604 -0.04800021 -0.02236353
v -0.00890048 -0.04800021 -0.02104600
v -0.01315128 -0.04800021 -0.01852512
v -0.01663705 -0.04799996 -0.01517772
v -0.01054251 -0.04800021 -0.01462942
v -0.01351016 -0.04800021 -0.01167713
v -0.01590994 -0.04800021 -0.00846328
v -0.01066324 -0.04800021 -0.00822452
v -0.01282864 -0.04800021 -0.00532797
v -0.01758676 -0.04800021 -0.00517815
v -0.01437003 -0.04800021 -0.00215055
v -0.01028207 -0.04800021 -0.00222227
v -0.01227487 -0.04800021 0.00041887
v -0.01447684 -0.04800021 0.00283012
v -0.01771182 -0.04800021 0.00509198
v -0.01057547 -0.04800021 0.00303154
v -0.01323819 -0.04800021 0.00545941
v -0.01673111 -0.04800021 0.00776125
v -0.01191544 -0.04800021 0.00806594
v -0.01527689 -0.04800021 0.01052497
v -0.01011905 -0.04800021 0.01064296
v -0.01326419 -0.04800021 0.01322752
v -0.01666458 -0.04800021 0.01596505
v -0.01089127 -0.04800021 0.01581557
v -0.01374234 -0.04800021 0.01876365
v -0.01649734 -0.04800021 0.02187585
v -0.01043216 -0.04800021 0.02112737
v -0.01248166 -0.04800021 0.02440309
v -0.01267050 -0.04475265 0.02428301
v -0.00803744 -0.04800021 0.02622098
v -0.00819199 -0.04487960 0.02612385
v -0.00829178 -0.04188107 0.02608001
v -0.00343185 -0.04497115 0.02715745
v -0.00352579 -0.04207735 0.02713434
v -0.00358939 -0.03943087 0.02711262
v 0.00134976 -0.04214816 0.02733726
v 0.00126004 -0.03954171 0.02733480
v 0.00117368 -0.03730196 0.02732223
v 0.00602841 -0.03947286 0.02668072
v 0.00587662 -0.03714401 0.02670487
v 0.00573129 -0.03538766 0.02674703
v 0.01036923 -0.03683346 0.02532140
v 0.01015591 -0.03497701 0.02541333
v 0.00988644 -0.03321774 0.02552644
v 0.01055716 -0.03927682 0.02525580
v 0.00614444 -0.04210299 0.02665516
v 0.01069937 -0.04197555 0.02517381
v 0.00624081 -0.04498360 0.02664342
v 0.01078781 -0.04493649 0.02515285
v 0.01495682 -0.04487325 0.02293944
v 0.01495932 -0.04800021 0.02296638
v 0.01863339 -0.04800021 0.02007582
v 0.01864847 -0.04481564 0.02002676
v 0.01598215 -0.04800021 0.01759888
v 0.01876346 -0.04800021 0.01456644
v 0.02176749 -0.04800021 0.01662612
v 0.01579666 -0.04800021 0.01263892
v 0.01782712 -0.04800021 0.00957439
v 0.02098312 -0.04800021 0.01106036
v 0.01470724 -0.04800021 0.00815506
v 0.01597714 -0.04800021 0.00517957
v 0.01921854 -0.04800045 0.00610270
v 0.01990213 -0.04800021 0.00248717
v 0.01656131 -0.04800021 0.00186660
v 0.02002267 -0.04800021 -0.00113831
v 0.01655203 -0.04800021 -0.00141959
v 0.01956210 -0.04800021 -0.00464744
v 0.01597385 -0.04800021 -0.00461472
v 0.01882370 -0.04800021 -0.00795010
v 0.01521396 -0.04800021 -0.00775453
v 0.01795932 -0.04800021 -0.01106699
v 0.01442526 -0.04800021 -0.01082757
v 0.01165738 -0.04800021 -0.00774515
v 0.01080026 -0.04800021 -0.01099381
v 0.01006906 -0.04800021 -0.01440609
v 0.00992532 -0.04800021 -0.01794139
v 0.00717355 -0.04800021 -0.01114558
v 0.00627097 -0.04800021 -0.01491478
v 0.00581784 -0.04800021 -0.01879646
v 0.00580795 -0.04800021 -0.02266834
v 0.01039426 -0.04800021 -0.02148280
v 0.00238052 -0.04800021 -0.01491962
v 0.00151596 -0.04800021 -0.01893106
v 0.00086386 -0.04800021 -0.02318438
v 0.00061673 -0.04800021 -0.02740022
v 0.00620731 -0.04800021 -0.02668744
v -0.00278256 -0.04800021 -0.01823127
v -0.00405228 -0.04800021 -0.02245540
v -0.00690018 -0.04800021 -0.01686870
v -0.00516531 -0.04800021 -0.02693256
v -0.00485532 -0.04800021 -0.01286971
v -0.00796524 -0.04800021 -0.01076653
v -0.00287051 -0.04800021 -0.00896237
v -0.00573013 -0.04800021 -0.00732059
v -0.00818051 -0.04800021 -0.00485947
v -0.00372025 -0.04800021 -0.00377126
v -0.00608719 -0.04800021 -0.00172248
v -0.00828970 -0.04800021 0.00062385
v -0.00426083 -0.04800021 0.00123150
v -0.00652682 -0.04800021 0.00338595
v -0.00899368 -0.04800021 0.00565451
v -0.00476822 -0.04800021 0.00602009
v -0.00727963 -0.04800021 0.00823149
v -0.00283011 -0.04800021 0.00850950
v -0.00529666 -0.04800021 0.01067454
v -0.00305984 -0.04800021 0.01289133
v -0.00555191 -0.04800021 0.01528808
v -0.00808475 -0.04800021 0.01807027
v -0.00797769 -0.04800021 0.01308719
v -0.00307242 -0.04800021 0.01720142
v -0.00496121 -0.04800021 0.01993435
v -0.00665689 -0.04800021 0.02297408
v -0.00270438 -0.04800021 0.02418035
v -0.00330777 -0.04800021 0.02720345
v 0.00149271 -0.04800021 0.02456387
v 0.00153867 -0.04800021 0.02735027
v 0.00144601 -0.04500753 0.02733498
v 0.00630148 -0.04800021 0.02665919
v 0.00570895 -0.04800021 0.02387051
v 0.01081564 -0.04800021 0.02518377
v 0.00954330 -0.04800021 0.02241059
v 0.00788327 -0.04800021 0.01969665
v 0.01071719 -0.04800021 0.01771929
v 0.01286118 -0.04800021 0.02022164
v 0.00843845 -0.04800021 0.01538096
v 0.01085641 -0.04800021 0.01326153
v 0.01348788 -0.04800021 0.01537521
v 0.00837106 -0.04800021 0.01126540
v 0.01029575 -0.04800021 0.00917053
v 0.01296768 -0.04800021 0.01084654
v 0.00780655 -0.04800021 0.00754247
v 0.01188510 -0.04800021 0.00692250
v 0.01304477 -0.04800021 0.00430273
v 0.01336203 -0.04800021 0.00135445
v 0.01320193 -0.04800021 -0.00162675
v 0.00999094 -0.04800021 -0.00168441
v 0.01250583 -0.04800021 -0.00463596
v 0.00918198 -0.04800021 -0.00452438
v 0.00819418 -0.04800021 -0.00768771
v 0.00604428 -0.04800021 -0.00414030
v 0.00490543 -0.04800021 -0.00734464
v 0.00366745 -0.04800021 -0.01093290
v 0.00176596 -0.04800021 -0.00661598
v 0.00026132 -0.04800021 -0.01020029
v -0.00110489 -0.04800021 -0.00543242
v -0.00130093 -0.04800021 -0.01411929
v 0.00047421 -0.04800021 -0.00223682
v -0.00197379 -0.04800021 -0.00067645
v 0.00194589 -0.04800021 0.00064545
v -0.00029984 -0.04800021 0.00216833
v -0.00249136 -0.04800021 0.00399300
v 0.00152292 -0.04800021 0.00477295
v -0.00059158 -0.04800021 0.00656133
v 0.00153464 -0.04800021 0.00892325
v -0.00067996 -0.04800021 0.01080730
v 0.00361704 -0.04800021 0.00714204
v 0.00380484 -0.04800021 0.01111001
v 0.00155405 -0.04800021 0.01295189
v -0.00073239 -0.04800021 0.01490195
v 0.00377853 -0.04800021 0.01509134
v 0.00589780 -0.04800021 0.01731884
v 0.00612613 -0.04800021 0.01321599
v 0.00594431 -0.04800021 0.00929145
v 0.00352206 -0.04800021 0.00324810
v 0.00544705 -0.04800021 0.00561190
v 0.00436441 -0.04800021 -0.00051207
v 0.00313657 -0.04800021 -0.00338234
v 0.00703854 -0.04800021 -0.00130454
v 0.00603549 -0.04500387 -0.02670565
v 0.01130600 -0.04800021 -0.02495648
v 0.00051010 -0.04500777 -0.02738102
v 0.01444089 -0.04800021 -0.01973562
v 0.02530099 -0.01041842 -0.02029025
v 0.02644577 -0.00703487 -0.01852512
v 0.02580124 -0.00917159 -0.01578493
v -0.02555447 0.03015800 0.00975954
f 1 2 3
f 1 3 4
f 1 5 6
f 1 7 5
f 1 4 7
f 8 9 10
f 8 11 12
f 8 10 11
f 8 13 14
f 8 12 13
f 15 16 17
f 15 18 19
f 15 17 20
f 15 21 22
f 15 19 21
f 23 24 25
f 23 26 24
f 23 27 26
f 23 25 28
f 23 28 29
f 30 31 32
f 30 33 31
f 30 34 35
f 30 36 34
f 30 37 36
f 38 39 40
f 38 41 39
f 38 42 41
f 38 43 44
f 38 45 43
f 46 47 48
f 46 48 49
f 46 49 50
f 51 52 53
f 51 53 54
f 51 55 56
f 57 58 59
f 57 60 61
f 57 62 60
f 63 64 65
f 63 66 67
f 63 68 66
f 69 70 71
f 69 72 73
f 69 74 75
f 76 77 78
f 76 79 80
f 76 78 79
f 81 82 83
f 81 84 85
f 81 83 84
f 86 87 88
f 86 89 90
f 86 91 89
f 92 93 94
f 92 95 96
f 92 97 98
f 99 100 101
f 99 102 103
f 99 104 105
f 106 107 108
f 106 108 109
f 106 110 111
f 106 111 112
f 106 112 107
f 113 114 115
f 113 116 114
f 113 117 118
f 113 118 119
f 113 119 116
f 120 121 122
f 120 123 124
f 120 125 126
f 127 128 129
f 127 130 131
f 127 131 132
f 133 134 135
f 133 136 137
f 133 137 138
f 139 140 141
f 139 141 142
f 139 143 140
f 144 145 146
f 144 146 147
f 144 148 149
f 150 151 152
f 150 152 153
f 150 154 151
f 155 156 151
f 155 154 157
f 155 158 156
f 159 158 160
f 159 161 162
f 159 162 163
f 163 164 165
f 163 165 166
f 163 162 167
f 167 168 169
f 167 162 170
f 167 171 172
f 172 171 173
f 172 173 174
f 172 175 168
f 176 177 178
f 176 179 168
f 176 175 177
f 179 178 180
f 179 181 169
f 182 181 183
f 182 184 185
f 182 185 164
f 186 184 187
f 186 188 189
f 186 189 165
f 189 190 191
f 189 191 165
f 191 192 193
f 191 194 166
f 193 192 195
f 193 195 196
f 193 197 194
f 197 196 198
f 197 199 152
f 199 198 200
f 199 201 153
f 202 201 203
f 202 204 157
f 202 157 154
f 205 204 206
f 205 207 160
f 205 160 158
f 208 207 209
f 208 210 211
f 208 211 161
f 211 212 213
f 211 213 170
f 213 214 215
f 213 215 171
f 216 214 217
f 216 218 219
f 216 219 173
f 219 220 221
f 219 222 173
f 222 221 223
f 222 224 174
f 223 221 225
f 223 225 226
f 223 227 224
f 227 226 228
f 227 229 141
f 229 228 230
f 229 231 142
f 232 231 233
f 232 234 235
f 232 235 143
f 235 236 177
f 235 177 237
f 236 234 238
f 236 239 178
f 239 238 240
f 239 241 180
f 242 241 243
f 242 244 183
f 242 183 181
f 245 244 246
f 245 247 187
f 245 187 184
f 248 247 249
f 248 250 251
f 248 251 188
f 251 252 253
f 251 253 190
f 253 254 255
f 253 256 192
f 255 254 257
f 255 257 258
f 255 259 256
f 259 258 260
f 259 261 195
f 261 260 262
f 261 263 196
f 263 262 264
f 263 265 198
f 265 264 266
f 265 267 200
f 268 267 269
f 268 270 203
f 268 203 201
f 271 270 272
f 271 273 206
f 271 206 204
f 274 273 275
f 274 276 209
f 274 209 207
f 277 276 278
f 277 279 280
f 277 280 210
f 280 281 282
f 280 282 212
f 282 283 217
f 282 217 214
f 284 283 285
f 284 286 287
f 284 287 218
f 287 288 289
f 287 290 218
f 290 289 291
f 290 292 220
f 291 289 293
f 291 293 294
f 291 295 292
f 295 294 296
f 295 297 225
f 297 296 298
f 297 299 226
f 299 298 300
f 299 301 228
f 301 300 302
f 301 303 230
f 304 303 305
f 304 306 233
f 304 233 231
f 307 306 308
f 307 309 238
f 307 238 234
f 309 308 65
f 309 64 240
f 308 306 310
f 308 310 65
f 311 310 312
f 311 313 314
f 311 314 68
f 314 315 316
f 314 316 317
f 316 318 319
f 316 319 320
f 320 319 321
f 320 321 246
f 320 322 317
f 322 246 244
f 322 243 66
f 321 323 249
f 321 249 247
f 324 323 325
f 324 326 327
f 324 327 250
f 327 328 329
f 327 329 252
f 329 330 331
f 329 331 254
f 332 330 333
f 332 334 335
f 332 336 331
f 336 335 337
f 336 338 257
f 338 337 339
f 338 340 258
f 340 339 341
f 340 342 260
f 342 341 343
f 342 344 262
f 344 343 345
f 344 346 264
f 346 345 347
f 346 348 266
f 349 348 350
f 349 351 269
f 349 269 267
f 352 351 353
f 352 82 272
f 352 272 270
f 351 350 354
f 354 350 355
f 354 355 356
f 354 357 353
f 357 356 358
f 357 358 359
f 358 360 361
f 358 361 362
f 362 361 363
f 362 363 278
f 362 364 359
f 364 278 276
f 364 275 84
f 363 365 366
f 363 366 279
f 366 367 368
f 366 368 281
f 368 369 285
f 368 285 283
f 370 369 371
f 370 372 373
f 370 373 286
f 373 374 375
f 373 375 288
f 375 376 377
f 375 378 288
f 377 376 379
f 377 379 380
f 377 381 378
f 381 380 382
f 381 383 293
f 383 382 384
f 383 385 294
f 385 384 386
f 385 387 296
f 387 386 388
f 387 389 298
f 389 388 390
f 389 391 300
f 391 390 392
f 391 393 302
f 394 393 395
f 394 312 305
f 394 305 303
f 395 393 396
f 395 396 397
f 395 397 313
f 397 398 399
f 397 399 315
f 399 400 401
f 399 401 318
f 401 402 403
f 401 403 404
f 403 405 406
f 403 406 325
f 406 407 408
f 406 408 326
f 408 409 410
f 408 410 328
f 410 411 333
f 410 333 330
f 412 411 413
f 412 414 415
f 412 416 334
f 416 415 417
f 416 418 334
f 418 417 419
f 418 420 335
f 420 419 421
f 420 422 337
f 422 421 423
f 422 424 339
f 424 423 425
f 424 426 341
f 426 425 427
f 426 428 343
f 428 427 429
f 428 430 345
f 430 429 431
f 430 432 347
f 432 431 433
f 432 434 435
f 434 433 436
f 434 436 356
f 436 437 438
f 436 438 360
f 438 439 440
f 438 440 441
f 440 442 443
f 440 443 444
f 444 443 445
f 444 445 367
f 444 365 441
f 445 446 371
f 445 371 369
f 447 446 448
f 447 449 450
f 447 450 372
f 450 451 452
f 450 452 374
f 452 453 454
f 452 454 376
f 451 449 455
f 451 456 453
f 456 455 457
f 456 458 459
f 458 457 460
f 458 461 462
f 462 461 463
f 462 464 465
f 462 466 459
f 466 465 467
f 466 468 28
f 468 467 469
f 468 469 470
f 470 469 471
f 470 472 473
f 470 473 27
f 473 474 475
f 473 475 476
f 475 477 478
f 475 478 479
f 479 478 480
f 479 481 482
f 479 482 476
f 482 483 484
f 482 484 485
f 484 486 380
f 484 380 379
f 486 483 487
f 486 488 382
f 488 487 489
f 488 490 384
f 490 489 491
f 490 492 386
f 492 491 493
f 492 494 388
f 494 493 495
f 494 496 390
f 496 495 497
f 496 498 392
f 498 497 499
f 498 499 398
f 499 500 501
f 499 501 400
f 501 502 503
f 501 503 402
f 503 504 505
f 503 505 405
f 505 506 507
f 505 507 407
f 507 508 509
f 507 509 409
f 509 510 511
f 509 413 409
f 511 510 512
f 511 512 513
f 511 514 413
f 514 513 45
f 514 40 414
f 513 512 515
f 513 515 516
f 515 517 518
f 515 518 519
f 519 518 520
f 519 520 521
f 519 522 516
f 522 521 523
f 522 524 43
f 524 523 525
f 524 526 44
f 527 526 528
f 527 529 530
f 527 530 42
f 530 531 532
f 530 532 533
f 532 534 535
f 532 535 536
f 536 535 537
f 536 537 538
f 536 539 533
f 539 538 540
f 539 541 41
f 541 540 421
f 541 421 419
f 540 538 542
f 540 543 423
f 543 542 544
f 543 545 425
f 545 544 546
f 545 547 427
f 547 546 548
f 547 549 429
f 549 548 550
f 549 551 431
f 551 550 552
f 551 552 437
f 552 553 554
f 552 554 439
f 554 555 556
f 554 556 442
f 556 557 558
f 556 558 559
f 558 560 561
f 558 561 448
f 561 562 455
f 561 455 449
f 562 560 563
f 562 564 457
f 564 563 565
f 564 566 460
f 567 566 568
f 567 569 463
f 567 463 461
f 570 569 571
f 570 572 573
f 570 573 464
f 573 574 575
f 573 575 465
f 575 576 577
f 575 577 467
f 577 578 579
f 577 579 580
f 579 581 582
f 579 582 583
f 583 582 584
f 583 584 585
f 583 471 580
f 585 584 586
f 585 586 587
f 585 588 472
f 588 587 589
f 588 590 474
f 590 589 591
f 590 592 477
f 592 591 593
f 592 594 477
f 594 593 595
f 594 596 597
f 598 596 599
f 598 600 480
f 598 480 478
f 601 600 602
f 601 603 604
f 601 604 481
f 604 605 487
f 604 487 483
f 605 603 606
f 605 607 489
f 607 606 608
f 607 609 491
f 609 608 610
f 609 611 493
f 611 610 612
f 611 613 495
f 613 612 614
f 613 615 497
f 615 614 616
f 615 616 502
f 616 617 618
f 616 618 504
f 618 619 620
f 618 620 506
f 620 621 622
f 620 622 508
f 622 623 624
f 622 625 508
f 624 623 626
f 624 627 628
f 624 517 625
f 627 626 629
f 627 630 631
f 631 630 632
f 631 632 633
f 631 634 628
f 633 632 635
f 633 635 636
f 633 637 634
f 637 636 638
f 637 639 520
f 639 638 640
f 639 641 521
f 641 640 642
f 641 643 523
f 643 642 644
f 643 645 646
f 646 645 647
f 646 647 648
f 646 528 525
f 648 647 649
f 648 649 650
f 648 651 528
f 651 650 652
f 651 653 531
f 653 652 654
f 653 654 534
f 654 655 656
f 654 656 657
f 656 658 659
f 656 659 660
f 660 659 661
f 660 661 662
f 660 662 657
f 663 661 664
f 663 664 665
f 663 665 537
f 665 666 542
f 665 542 538
f 666 664 667
f 666 668 544
f 668 667 669
f 668 670 546
f 670 669 671
f 670 671 550
f 671 672 673
f 671 673 553
f 673 674 675
f 673 675 555
f 675 676 677
f 675 677 557
f 677 678 563
f 677 563 560
f 678 676 679
f 678 680 565
f 681 680 682
f 681 683 568
f 681 568 566
f 684 683 685
f 684 686 571
f 684 571 569
f 687 686 688
f 687 689 690
f 687 690 572
f 690 691 692
f 690 692 574
f 692 693 694
f 692 694 576
f 694 695 696
f 694 696 578
f 696 697 698
f 696 698 581
f 698 699 700
f 698 700 701
f 700 702 703
f 700 703 704
f 704 703 705
f 704 706 707
f 704 708 701
f 707 706 709
f 707 710 711
f 707 711 708
f 712 710 713
f 712 714 715
f 712 716 711
f 716 715 717
f 716 718 586
f 718 717 719
f 718 720 587
f 720 719 721
f 720 722 589
f 722 721 723
f 722 724 591
f 724 723 725
f 724 726 593
f 726 725 727
f 726 728 595
f 729 728 730
f 729 731 599
f 729 599 596
f 732 731 733
f 732 734 602
f 732 602 600
f 735 734 736
f 735 737 606
f 735 606 603
f 737 736 738
f 737 739 608
f 739 738 740
f 739 741 610
f 741 740 742
f 741 743 612
f 743 742 744
f 743 744 617
f 744 745 746
f 744 746 619
f 746 747 748
f 746 748 621
f 748 749 626
f 748 626 623
f 749 747 750
f 749 751 629
f 752 751 753
f 752 754 755
f 752 755 630
f 756 754 757
f 756 758 759
f 756 760 755
f 759 758 761
f 759 762 763
f 759 763 760
f 763 764 765
f 763 765 635
f 765 766 767
f 765 768 636
f 768 767 769
f 768 770 638
f 770 769 771
f 770 772 640
f 772 771 773
f 772 774 642
f 774 773 775
f 774 776 644
f 777 776 778
f 777 778 779
f 777 780 644
f 779 778 781
f 779 781 782
f 779 783 780
f 782 781 784
f 782 784 109
f 782 785 783
f 785 109 108
f 785 786 649
f 786 108 787
f 786 788 650
f 788 787 789
f 788 790 655
f 790 789 791
f 790 791 658
f 791 792 793
f 791 793 794
f 793 795 796
f 793 796 797
f 797 796 798
f 797 798 799
f 797 800 794
f 799 798 801
f 799 801 802
f 799 803 800
f 802 801 804
f 802 804 669
f 802 667 803
f 804 805 806
f 804 806 672
f 806 807 808
f 806 808 674
f 808 809 679
f 808 679 676
f 810 809 811
f 810 812 682
f 810 682 680
f 813 812 814
f 813 815 685
f 813 685 683
f 816 815 817
f 816 818 688
f 816 688 686
f 819 818 820
f 819 821 822
f 819 822 689
f 822 823 824
f 822 824 691
f 824 825 826
f 824 826 693
f 826 827 828
f 826 828 695
f 828 829 830
f 828 830 697
f 830 831 832
f 830 832 699
f 832 833 834
f 832 834 702
f 834 835 836
f 834 837 702
f 837 836 838
f 837 839 840
f 841 839 842
f 841 843 705
f 841 705 703
f 844 843 845
f 844 846 709
f 844 709 706
f 847 846 848
f 847 849 713
f 847 713 710
f 850 849 851
f 850 851 852
f 850 853 714
f 853 852 854
f 853 855 715
f 855 854 6
f 855 856 715
f 856 6 5
f 856 857 717
f 857 5 858
f 857 859 719
f 859 858 860
f 859 861 721
f 861 860 862
f 861 863 723
f 863 862 864
f 863 865 725
f 865 864 866
f 865 867 727
f 868 867 869
f 868 870 730
f 868 730 728
f 871 870 872
f 871 873 733
f 871 733 731
f 874 873 875
f 874 876 736
f 874 736 734
f 876 875 877
f 876 878 738
f 878 877 879
f 878 880 740
f 880 879 881
f 880 881 745
f 881 882 750
f 881 750 747
f 883 882 884
f 883 885 753
f 883 753 751
f 886 885 887
f 886 888 757
f 886 757 754
f 889 888 890
f 889 891 761
f 889 761 758
f 892 891 893
f 892 894 895
f 892 895 762
f 895 896 897
f 895 897 764
f 896 894 898
f 896 899 31
f 899 898 900
f 899 901 32
f 902 901 903
f 902 904 905
f 902 905 37
f 905 906 907
f 905 907 908
f 907 909 910
f 907 910 911
f 911 910 912
f 911 912 913
f 911 913 36
f 913 914 915
f 913 915 916
f 915 917 918
f 915 918 919
f 919 918 920
f 919 920 921
f 919 922 916
f 922 921 923
f 922 924 34
f 924 923 769
f 924 769 767
f 923 921 925
f 923 925 771
f 925 926 927
f 925 927 773
f 927 928 929
f 927 930 775
f 931 930 932
f 931 933 934
f 931 935 776
f 934 933 936
f 934 936 937
f 934 938 935
f 937 936 939
f 937 939 940
f 937 941 938
f 940 942 941
f 940 939 943
f 940 943 944
f 944 945 942
f 944 943 946
f 944 946 947
f 947 948 945
f 947 946 949
f 947 949 950
f 950 951 948
f 950 949 952
f 950 952 953
f 953 954 951
f 953 952 955
f 953 955 956
f 956 957 954
f 956 955 958
f 956 958 959
f 959 960 957
f 959 958 961
f 959 961 962
f 962 963 960
f 962 961 964
f 962 965 963
f 966 967 968
f 966 965 969
f 966 970 967
f 971 972 973
f 971 970 974
f 971 975 972
f 976 977 978
f 976 975 979
f 976 980 977
f 980 979 981
f 980 982 983
f 982 981 984
f 982 985 60
f 985 984 986
f 985 987 61
f 988 989 990
f 988 991 61
f 988 987 989
f 992 993 994
f 992 987 995
f 992 995 993
f 996 997 993
f 996 995 998
f 996 999 997
f 1000 1001 997
f 1000 999 1002
f 1000 1003 1004
f 1004 1005 1001
f 1004 1003 1006
f 1004 1006 1007
f 1007 1008 1009
f 1007 1006 10
f 1007 1010 1008
f 1011 1012 1013
f 1011 1010 1014
f 1011 1015 1012
f 1016 1017 1018
f 1016 1015 825
f 1016 823 1017
f 1018 1019 1020
f 1018 1021 1012
f 1018 1017 1019
f 1022 1023 1024
f 1022 1017 821
f 1022 820 1023
f 1025 1026 1027
f 1025 820 818
f 1025 817 1026
f 1028 1029 1030
f 1028 817 815
f 1028 814 1029
f 1031 1032 1033
f 1031 814 812
f 1031 811 1032
f 1034 1035 1036
f 1034 811 809
f 1034 807 1035
f 1036 1037 1038
f 1036 1039 1032
f 1036 1035 1037
f 1039 1038 1040
f 1039 1041 1033
f 1042 1041 1043
f 1042 1044 1030
f 1042 1030 1029
f 1045 1044 1046
f 1045 1047 1027
f 1045 1027 1026
f 1048 1047 1049
f 1048 1050 1024
f 1048 1024 1023
f 1051 1050 1052
f 1051 1053 1020
f 1051 1020 1019
f 1054 1053 1055
f 1054 1056 1057
f 1054 1057 1021
f 1057 1058 1059
f 1057 1059 1013
f 1059 1060 1061
f 1059 1009 1008
f 1061 1060 1062
f 1061 1062 1063
f 1061 1064 1009
f 1063 1062 1065
f 1063 1065 1066
f 1063 1067 1064
f 1066 1065 1068
f 1066 1068 1069
f 1066 1070 1067
f 1069 1068 1071
f 1069 1071 994
f 1069 994 993
f 1072 1071 1073
f 1072 1074 990
f 1072 990 989
f 1075 1074 1076
f 1075 1077 1078
f 1075 1078 991
f 1078 1079 59
f 1078 59 58
f 1080 1079 1081
f 1080 1082 1083
f 1080 1083 62
f 1083 1084 977
f 1083 977 983
f 1084 1082 1085
f 1084 1086 978
f 1087 1086 1088
f 1087 1089 973
f 1087 973 972
f 1090 1089 1091
f 1090 1092 968
f 1090 968 967
f 1093 1092 1094
f 1093 1095 1096
f 1093 1097 963
f 1096 1095 1098
f 1096 1098 1099
f 1096 1100 1097
f 1099 1098 1101
f 1099 1101 1102
f 1099 1103 1100
f 1102 1101 1104
f 1102 1104 1105
f 1102 1106 1103
f 1105 1104 1107
f 1105 1108 1109
f 1105 1109 1106
f 1108 1107 1110
f 1108 1111 1112
f 1111 1110 1113
f 1111 1113 1114
f 1113 1115 1116
f 1113 1116 1117
f 1117 1116 1118
f 1117 1118 1119
f 1117 1120 1114
f 1120 1119 792
f 1120 789 787
f 1119 1118 1121
f 1119 1121 795
f 1121 1122 1123
f 1121 1123 1124
f 1123 1125 1126
f 1123 1126 1127
f 1127 1126 1038
f 1127 1038 1037
f 1127 1128 1124
f 1126 1129 1040
f 1130 1129 1131
f 1130 1132 1043
f 1130 1043 1041
f 1133 1132 1134
f 1133 1135 1046
f 1133 1046 1044
f 1136 1135 1137
f 1136 1138 1049
f 1136 1049 1047
f 1139 1138 1140
f 1139 1141 1052
f 1139 1052 1050
f 1142 1141 1143
f 1142 1144 1055
f 1142 1055 1053
f 1145 1144 1146
f 1145 1147 1148
f 1145 1148 1056
f 1148 1149 1150
f 1148 1150 1058
f 1150 1151 1152
f 1150 1153 1058
f 1152 1151 1154
f 1152 1154 1155
f 1152 1156 1153
f 1155 1154 1157
f 1155 1157 1158
f 1155 1159 1156
f 1158 1157 1160
f 1158 1160 1161
f 1158 1162 1159
f 1161 1160 1163
f 1161 1163 1164
f 1161 1073 1162
f 1164 1163 1165
f 1164 1165 1076
f 1164 1076 1074
f 1166 1165 1167
f 1166 1168 1169
f 1166 1169 1077
f 1169 1170 1081
f 1169 1081 1079
f 1171 1170 1172
f 1171 1172 1085
f 1171 1085 1082
f 1173 1172 1174
f 1173 1174 1175
f 1173 1088 1086
f 1175 1174 1176
f 1175 1176 1177
f 1175 1091 1089
f 1177 1176 1178
f 1177 1178 1179
f 1177 1094 1092
f 1179 1178 1180
f 1179 1180 1181
f 1179 1182 1094
f 1181 1180 1183
f 1181 1183 1184
f 1181 1185 1182
f 1184 1183 1186
f 1184 1186 1187
f 1184 1188 1185
f 1187 1186 1189
f 1187 1189 1110
f 1187 1107 1104
f 1189 1190 1191
f 1189 1191 1115
f 1191 1192 1193
f 1191 1193 1194
f 1193 1195 1196
f 1193 1196 1197
f 1197 1196 1198
f 1197 1198 1199
f 1197 1200 1194
f 1199 1198 1201
f 1199 1201 1125
f 1199 1122 1200
f 1201 1202 1131
f 1201 1131 1129
f 1203 1202 1204
f 1203 1205 1134
f 1203 1134 1132
f 1206 1205 1207
f 1206 1208 1137
f 1206 1137 1135
f 1209 1208 1210
f 1209 1211 1140
f 1209 1140 1138
f 1212 1211 1213
f 1212 1214 1143
f 1212 1143 1141
f 1215 1214 1216
f 1215 1217 1146
f 1215 1146 1144
f 1218 1217 1219
f 1218 1220 1221
f 1218 1221 1147
f 1220 1219 1222
f 1220 1223 79
f 1223 1222 1224
f 1223 1225 80
f 1226 1225 1227
f 1226 1228 1229
f 1226 1229 77
f 1227 1225 1230
f 1227 1230 1231
f 1227 1232 1228
f 1231 1230 1233
f 1231 1233 1234
f 1231 1235 1232
f 1234 1233 1236
f 1234 1236 1237
f 1234 1167 1235
f 1237 1236 1238
f 1237 1238 1239
f 1237 1240 1167
f 1240 1239 1241
f 1240 1242 1168
f 1241 1239 1243
f 1241 1243 1244
f 1241 1245 1242
f 1244 1243 1246
f 1244 1246 1247
f 1244 1248 1245
f 1247 1246 138
f 1247 138 137
f 1247 1249 1248
f 1250 1251 1252
f 1250 1252 134
f 1250 1246 1253
f 1252 1254 1255
f 1252 1255 135
f 1255 1256 1257
f 1255 1258 135
f 1259 1258 1260
f 1259 1261 1262
f 1259 1262 136
f 1260 1258 1263
f 1260 1263 1192
f 1260 1190 1261
f 1263 1257 1264
f 1263 1264 1195
f 1264 1265 1266
f 1264 1266 1267
f 1266 1268 1269
f 1266 1269 1270
f 1270 1269 1271
f 1270 1271 1204
f 1270 1272 1267
f 1271 1273 1207
f 1271 1207 1205
f 1274 1273 1275
f 1274 1276 1210
f 1274 1210 1208
f 1277 1276 1278
f 1277 1279 1213
f 1277 1213 1211
f 1280 1279 1281
f 1280 1282 1216
f 1280 1216 1214
f 1283 1282 1284
f 1283 1285 1219
f 1283 1219 1217
f 1285 1284 1286
f 1285 1287 1222
f 1287 1286 1288
f 1287 1289 1224
f 1288 1286 74
f 1288 74 73
f 1288 1290 1289
f 1286 1284 75
f 1291 1292 70
f 1291 1284 1282
f 1291 1281 1292
f 1293 1294 1295
f 1293 1281 1279
f 1293 1278 1294
f 1296 1297 1298
f 1296 1278 1276
f 1296 1275 1297
f 1298 1299 1300
f 1298 1300 1294
f 1298 1297 1299
f 1301 1302 1303
f 1301 1297 1304
f 1301 1268 1302
f 1303 1254 1305
f 1303 1305 1306
f 1303 1302 1256
f 1305 1251 1307
f 1305 1307 1308
f 1308 1309 1306
f 1308 1307 1310
f 1308 1310 1311
f 1311 72 71
f 1311 1310 1312
f 1311 1312 73
f 1310 1313 1238
f 1309 71 1295
f 1307 1253 1313
f 1302 1265 1256
f 1295 71 1292
f 1275 1273 1304
f 1312 1236 1290
f 1204 1202 1272
f 1262 1180 1314
f 1178 1249 1314
f 1229 1154 1315
f 1151 1149 78
f 1149 1147 1221
f 1037 1316 1128
f 1035 805 1316
f 1015 1014 827
f 1014 1010 1317
f 1014 1317 829
f 1003 1002 1318
f 1002 999 1319
f 1002 1319 1320
f 1320 1319 1321
f 1320 1322 1323
f 1320 1323 1318
f 1323 1324 1325
f 1323 1325 1326
f 1325 1327 1328
f 1325 1328 1329
f 1329 1328 1330
f 1329 1331 1332
f 1329 1332 1326
f 1332 1333 1334
f 1332 1334 13
f 1334 1335 835
f 1334 835 14
f 1335 1333 1336
f 1335 1337 836
f 1337 1336 1338
f 1337 1339 838
f 1340 1339 1341
f 1340 1342 842
f 1340 842 839
f 1343 1342 1344
f 1343 1345 845
f 1343 845 843
f 1346 1345 1347
f 1346 1348 848
f 1346 848 846
f 1349 1348 1350
f 1349 1351 1352
f 1349 1353 848
f 1352 1354 1353
f 1352 1351 1355
f 1352 1355 1356
f 1356 1357 1354
f 1356 1355 1358
f 1356 1358 1359
f 1359 1360 1357
f 1359 1358 1361
f 1359 1361 1362
f 1362 1363 1360
f 1362 1361 1364
f 1362 1364 1365
f 1365 1366 1363
f 1365 1364 1367
f 1365 1367 1368
f 1368 1369 1366
f 1368 1367 1370
f 1368 1370 1371
f 1371 1372 1369
f 1371 1370 1373
f 1371 1373 1374
f 1374 1375 1372
f 1374 1373 1376
f 1374 1376 1377
f 1377 1378 1375
f 1377 1376 1379
f 1377 1379 1380
f 1380 1381 1378
f 1380 1379 1382
f 1380 1382 1383
f 1383 1384 1381
f 1383 1382 1385
f 1383 1385 1386
f 1386 1387 1384
f 1386 1385 1388
f 1386 1388 1389
f 1389 1390 1387
f 1389 1388 1391
f 1389 1391 1392
f 1392 1393 1390
f 1392 1391 1394
f 1392 1394 1395
f 1395 1396 1393
f 1395 1394 1397
f 1395 1398 1396
f 1399 1400 122
f 1399 1398 1401
f 1399 1402 1400
f 1403 1404 1405
f 1403 1402 1406
f 1403 1407 1404
f 1408 1409 1410
f 1408 1407 1411
f 1408 1412 1409
f 1413 1414 1409
f 1413 1412 1415
f 1413 1416 1417
f 1417 1418 1414
f 1417 1416 1419
f 1417 1419 1420
f 1420 1421 1418
f 1420 1419 1422
f 1420 1422 1423
f 1423 1424 1421
f 1423 1422 1425
f 1423 1425 1426
f 1426 1427 1424
f 1426 1425 1428
f 1426 1428 1429
f 1429 1430 1427
f 1429 1428 1431
f 1429 1431 1432
f 1432 1433 1430
f 1432 1431 1434
f 1432 1434 1435
f 1435 1436 1433
f 1435 1434 1437
f 1435 1437 1438
f 1438 1439 1436
f 1438 1437 1440
f 1438 1440 1441
f 1441 1442 1439
f 1441 1440 862
f 1441 862 860
f 1443 1444 1445
f 1443 1446 1447
f 1443 1442 7
f 1446 1445 1448
f 1446 1449 1447
f 1450 1449 1451
f 1450 1452 1453
f 1450 1453 1447
f 1454 1452 1455
f 1454 1456 1457
f 1454 1457 1433
f 1458 1456 1459
f 1458 1460 1461
f 1458 1461 1430
f 1462 1460 52
f 1462 56 1463
f 1462 1464 1461
f 1463 56 1465
f 1463 1465 1466
f 1463 1467 1464
f 1466 1465 1468
f 1466 1468 1469
f 1466 1470 1467
f 1469 1468 1471
f 1469 1471 1472
f 1469 1473 1470
f 1472 1471 1474
f 1472 1474 1475
f 1472 1476 1473
f 1475 1474 1477
f 1475 1477 1478
f 1475 1410 1476
f 1478 1477 124
f 1478 124 123
f 1478 1405 1410
f 1479 1480 1481
f 1479 1481 125
f 1479 1477 1482
f 1481 1483 1484
f 1481 1485 125
f 1485 1484 1486
f 1485 1487 126
f 1488 1487 1489
f 1488 1490 1491
f 1488 1491 121
f 1489 1487 1492
f 1489 1492 1493
f 1489 1494 1490
f 1493 1492 1495
f 1493 1495 1496
f 1493 1497 1494
f 1496 1495 1498
f 1496 1498 1499
f 1496 1500 1497
f 1499 1498 1501
f 1499 1501 1502
f 1499 1503 1500
f 1502 1501 1504
f 1502 1504 1505
f 1502 1506 1503
f 1505 1504 1507
f 1505 1507 1508
f 1505 1509 1506
f 1508 1507 1510
f 1508 1510 1511
f 1508 1512 1509
f 1511 1510 1513
f 1511 1513 1514
f 1511 1515 1512
f 1514 1513 1516
f 1514 1516 1517
f 1514 1518 1515
f 1517 1516 3
f 1517 3 1519
f 1517 1520 1518
f 1516 1521 1522
f 1523 1524 1525
f 1523 1525 4
f 1523 1521 1524
f 1526 1527 1528
f 1526 1521 1529
f 1526 1529 1527
f 1530 1531 1532
f 1530 1529 1533
f 1530 1533 1531
f 1534 1535 1536
f 1534 1533 1537
f 1534 1537 1538
f 1538 130 1535
f 1538 1537 1539
f 1538 1539 1540
f 1536 1541 1542
f 1536 1543 1531
f 1536 1535 1541
f 1543 1542 1544
f 1543 1545 1532
f 1546 1545 1547
f 1546 1548 1528
f 1546 1528 1527
f 1549 1548 1550
f 1549 1550 1448
f 1549 1551 1524
f 1550 1552 1451
f 1550 1451 1449
f 1553 1552 1554
f 1553 1555 1455
f 1553 1455 1452
f 1556 1555 1557
f 1556 1558 1459
f 1556 1459 1456
f 1558 1557 1559
f 1558 1560 1561
f 1560 1559 1562
f 1560 1563 53
f 1563 1562 1564
f 1563 1565 54
f 1565 1564 1566
f 1565 1567 1568
f 1566 1564 1569
f 1566 1569 1570
f 1566 1571 1567
f 1570 1569 1572
f 1570 1572 1480
f 1570 1482 1571
f 1572 1573 1574
f 1572 1574 1483
f 1574 1575 1576
f 1574 1577 1483
f 1577 1576 1578
f 1577 1579 1484
f 1579 1578 1580
f 1579 1581 1486
f 1580 1578 1582
f 1580 1582 1583
f 1580 1584 1581
f 1583 1582 131
f 1583 131 1540
f 1583 1585 1584
f 1582 1586 132
f 1587 1588 128
f 1587 1586 1589
f 1587 1590 1588
f 1591 1542 1541
f 1591 1590 1592
f 1591 1593 1542
f 1593 1592 1594
f 1593 1595 1544
f 1596 1547 1545
f 1596 1595 1597
f 1596 1597 1554
f 1597 1598 1557
f 1597 1557 1555
f 1598 1595 1594
f 1598 1599 1559
f 1599 1594 1600
f 1599 1601 1562
f 1600 1594 1592
f 1600 1602 1575
f 1600 1573 1601
f 1602 1592 1590
f 1602 1589 1575
f 1589 1586 1576
f 1588 1541 129
f 1554 1552 1547
f 1525 1551 1445
f 1525 1445 1444
f 1539 1501 1585
f 1568 1465 55
f 1460 1459 1561
f 1442 860 858
f 1440 1603 864
f 1603 1437 1604
f 1603 1605 866
f 1606 1605 1607
f 1606 1608 869
f 1606 869 867
f 1609 1608 1610
f 1609 1611 872
f 1609 872 870
f 1612 1611 1613
f 1612 1614 875
f 1612 875 873
f 1614 1613 1615
f 1614 1616 877
f 1616 1615 1617
f 1616 884 879
f 1617 1615 1618
f 1617 1618 1619
f 1617 887 885
f 1619 1618 1620
f 1619 1621 890
f 1619 890 888
f 1622 1621 1623
f 1622 1624 893
f 1622 893 891
f 1625 1624 1626
f 1625 1627 898
f 1625 898 894
f 1627 1626 1628
f 1627 1629 900
f 1630 1629 1631
f 1630 1632 903
f 1630 903 901
f 1633 1632 1634
f 1633 1635 1636
f 1633 1636 904
f 1636 1637 1638
f 1636 1638 906
f 1638 1639 1640
f 1638 1640 909
f 1640 1641 1642
f 1640 1642 1643
f 1642 1644 1645
f 1642 1645 1646
f 1646 1645 1647
f 1646 1647 1648
f 1646 1649 1643
f 1648 1647 1650
f 1648 1650 1651
f 1648 1652 1649
f 1652 1651 1653
f 1652 1654 914
f 1654 1653 1655
f 1654 1656 917
f 1656 1655 1657
f 1656 1658 917
f 1658 1657 1659
f 1658 1660 1661
f 1662 1660 1663
f 1662 1664 1665
f 1662 1665 1661
f 1666 1664 1667
f 1666 1668 1669
f 1666 1670 1665
f 1670 1669 928
f 1670 926 920
f 1669 1668 1671
f 1669 1671 928
f 1671 1672 1673
f 1671 1674 929
f 1675 1674 1676
f 1675 117 932
f 1675 932 930
f 1674 1673 1677
f 1677 1673 1678
f 1677 1678 1679
f 1677 1680 1676
f 1680 1679 1681
f 1680 1681 1682
f 1681 1683 1684
f 1681 1684 1685
f 1685 1684 1686
f 1685 1686 1687
f 1685 1687 1682
f 1687 1688 1689
f 1687 1689 1690
f 1689 1691 1692
f 1689 1692 1693
f 1693 1694 1690
f 1693 1692 1695
f 1693 1695 1696
f 1696 1697 1694
f 1696 1695 1698
f 1696 1698 1699
f 1699 1700 1697
f 1699 1698 1701
f 1699 1701 1702
f 1702 1703 1700
f 1702 1701 1704
f 1702 1704 1705
f 1705 1706 1703
f 1705 1704 1707
f 1705 1707 1708
f 1708 1709 1706
f 1708 1707 1710
f 1708 1710 1711
f 1711 1712 1709
f 1711 1710 1713
f 1711 1713 1714
f 1714 1715 1712
f 1714 1713 1716
f 1714 1716 1717
f 1717 1718 1715
f 1717 1716 1719
f 1717 1719 1720
f 1720 1721 1718
f 1720 1719 1722
f 1720 1722 1723
f 1723 1724 1725
f 1723 1722 1726
f 1723 1727 1724
f 1728 1729 1730
f 1728 1727 1327
f 1728 1324 1729
f 1730 1731 1732
f 1730 1733 1724
f 1730 1729 1731
f 1734 1735 1736
f 1734 1729 1322
f 1734 1321 1735
f 1737 986 984
f 1737 1321 1319
f 1737 998 986
f 1736 981 979
f 1736 1738 1731
f 1736 1735 981
f 1738 979 975
f 1738 974 1732
f 1739 974 970
f 1739 969 1740
f 1739 1740 1733
f 1740 1741 1742
f 1740 1742 1725
f 1742 1743 1744
f 1742 1745 1725
f 1744 1743 1746
f 1744 1746 1747
f 1744 1748 1745
f 1747 1746 1749
f 1747 1749 1750
f 1747 1751 1748
f 1750 1749 1752
f 1750 1752 1753
f 1750 1754 1751
f 1753 1752 1755
f 1753 1755 1756
f 1753 1757 1754
f 1756 1755 1758
f 1756 1758 1759
f 1756 1760 1757
f 1759 1758 1761
f 1759 1761 1762
f 1759 1763 1760
f 1762 1761 1764
f 1762 1764 1765
f 1762 1766 1763
f 1765 1764 1767
f 1765 1767 1768
f 1765 1769 1766
f 1767 1770 1771
f 1767 1771 1768
f 1771 1772 1773
f 1771 1773 114
f 1770 1774 1772
f 1770 1764 1775
f 1775 1776 1774
f 1775 1761 1777
f 1777 1778 1776
f 1777 1758 1779
f 1779 1780 1778
f 1779 1755 1781
f 1781 1782 1780
f 1781 1752 1783
f 1783 1784 1782
f 1783 1749 1785
f 1785 1786 1784
f 1785 1746 1787
f 1787 964 1786
f 1787 1743 1741
f 1741 969 965
f 1727 1726 1788
f 1726 1722 1789
f 1726 1790 1788
f 1791 1790 1792
f 1791 1793 1330
f 1791 1330 1328
f 1794 1793 1795
f 1794 1796 1797
f 1794 1797 1331
f 1797 1798 1336
f 1797 1336 1333
f 1798 1796 1799
f 1798 1800 1338
f 1801 1800 1802
f 1801 1803 1341
f 1801 1341 1339
f 1804 1803 1805
f 1804 1806 1344
f 1804 1344 1342
f 1807 1806 1808
f 1807 16 1347
f 1807 1347 1345
f 1806 1805 1809
f 1809 1805 1810
f 1809 1810 1811
f 1809 1812 1808
f 1812 1811 1813
f 1812 1814 17
f 1814 1813 1815
f 1814 1816 20
f 1817 1816 1818
f 1817 1819 1820
f 1817 1820 18
f 1820 1821 1822
f 1820 1822 1823
f 1822 1824 1825
f 1822 1825 1823
f 1826 1827 19
f 1826 1825 1828
f 1826 1829 1827
f 1830 1831 1832
f 1830 1829 1833
f 1830 1834 1831
f 1835 1836 1837
f 1835 1834 1838
f 1835 1839 1836
f 1840 1841 1842
f 1840 1839 1843
f 1840 1844 1841
f 1845 1846 1847
f 1845 1844 1848
f 1845 1849 1846
f 1850 1851 1846
f 1850 1849 1852
f 1850 1853 1854
f 1854 1855 1851
f 1854 1853 1856
f 1854 1856 1857
f 1857 1858 1855
f 1857 1856 1859
f 1857 1859 1860
f 1860 1861 1858
f 1860 1859 1862
f 1860 1862 1863
f 1863 1864 1861
f 1863 1862 1655
f 1863 1655 1653
f 1865 1866 1867
f 1865 1867 1868
f 1865 1864 1869
f 1869 1870 1866
f 1869 1864 1651
f 1869 1651 1650
f 1871 1872 1873
f 1871 1873 1874
f 1871 1870 1875
f 1875 1876 1872
f 1875 1870 1877
f 1875 1877 1878
f 1878 1879 1876
f 1878 1877 1880
f 1878 1880 1881
f 1881 1882 1879
f 1881 1880 1883
f 1881 1883 1884
f 1884 1885 1882
f 1884 1883 1886
f 1884 1886 1885
f 1887 1888 1397
f 1887 1886 1889
f 1887 1890 1888
f 1891 1892 1401
f 1891 1890 149
f 1891 148 1892
f 1892 1406 1402
f 1892 147 1406
f 1893 1411 1407
f 1893 147 146
f 1893 1894 1411
f 1895 1415 1412
f 1895 1894 1896
f 1895 1897 1415
f 1898 1899 1416
f 1898 1897 1900
f 1898 1901 1902
f 1902 1903 1899
f 1902 1901 1904
f 1902 1904 1905
f 1905 1906 1903
f 1905 1904 1907
f 1905 1907 1908
f 1908 1909 1906
f 1908 1907 1910
f 1908 1910 1911
f 1911 1912 1909
f 1911 1910 1913
f 1911 1913 1914
f 1914 1915 1912
f 1914 1913 1916
f 1914 1916 1917
f 1917 1604 1915
f 1917 1916 1607
f 1917 1607 1605
f 1918 1916 1919
f 1918 1920 1610
f 1918 1610 1608
f 1921 1920 1922
f 1921 1923 1613
f 1921 1613 1611
f 1922 1920 1924
f 1922 1924 1925
f 1922 1620 1923
f 1925 1924 1926
f 1925 1926 1927
f 1925 1623 1621
f 1927 1926 1928
f 1927 1928 1626
f 1927 1626 1624
f 1928 1929 1930
f 1928 1930 1931
f 1931 1930 1932
f 1931 1932 1631
f 1931 1631 1629
f 1933 1932 1901
f 1933 1900 1634
f 1933 1634 1632
f 1934 1900 1897
f 1934 1896 1935
f 1934 1935 1635
f 1935 1936 1937
f 1935 1937 1637
f 1937 145 1938
f 1937 1938 1639
f 1938 149 1890
f 1938 1889 1641
f 1926 1939 1929
f 1924 1919 1939
f 1896 1894 1936
f 1889 1886 1644
f 1888 1401 1398
f 1885 1397 1394
f 1882 1940 1941
f 1879 1941 1942
f 1876 1942 1943
f 1873 1944 1945
f 1873 1945 1946
f 1946 1945 1947
f 1946 1947 1948
f 1946 1949 1874
f 1949 1948 1950
f 1949 1951 1867
f 1951 1950 1952
f 1951 1953 1868
f 1952 1950 1954
f 1952 1954 1955
f 1952 1956 1953
f 1955 1954 1957
f 1955 1957 1958
f 1955 1958 1851
f 1959 1957 1960
f 1959 1961 1847
f 1959 1847 1846
f 1962 1961 1963
f 1962 1964 1842
f 1962 1842 1841
f 1965 1964 1966
f 1965 1967 1837
f 1965 1837 1836
f 1968 1967 1969
f 1968 1970 1832
f 1968 1832 1831
f 1970 1969 1971
f 1970 1972 1973
f 1972 1971 1351
f 1972 1350 21
f 1969 1974 1971
f 1969 1967 1974
f 1966 1975 1974
f 1966 1964 1975
f 1963 1976 1361
f 1963 1961 1976
f 1960 1977 1976
f 1960 1957 1977
f 1978 1979 1977
f 1978 1954 1980
f 1980 1981 1979
f 1980 1950 1948
f 1948 1947 1981
f 1872 1943 1944
f 1862 1982 1657
f 1982 1859 1983
f 1982 1984 1659
f 1985 1984 1986
f 1985 1987 1663
f 1985 1663 1660
f 1988 1987 1989
f 1988 1989 1990
f 1988 1667 1664
f 1990 1989 1991
f 1990 1991 1673
f 1990 1672 1667
f 1992 1989 1993
f 1992 1994 1995
f 1992 1995 1678
f 1995 1996 1997
f 1995 1998 1678
f 1998 1997 1999
f 1998 2000 1679
f 2000 1999 2001
f 2000 2002 2003
f 2002 2001 2004
f 2002 2005 2006
f 2006 2005 2007
f 2006 2008 2009
f 2006 2009 2003
f 2010 2008 2011
f 2010 2012 2013
f 2010 2013 1686
f 2013 2014 2015
f 2013 2015 1688
f 2015 2016 2017
f 2015 2017 1691
f 2017 2018 2019
f 2017 2019 2020
f 2019 2021 2022
f 2019 2022 2023
f 2023 2024 2020
f 2023 2022 2025
f 2023 2025 2026
f 2026 2027 2024
f 2026 2025 2028
f 2026 2028 2029
f 2029 2030 2027
f 2029 2028 2031
f 2029 2031 2032
f 2032 2033 2030
f 2032 2031 2034
f 2032 2034 2035
f 2035 2036 2033
f 2035 2034 2037
f 2035 2037 2038
f 2038 2039 2036
f 2038 2037 2040
f 2038 2040 2041
f 2041 2042 2039
f 2041 2040 2043
f 2041 2043 2044
f 2044 2045 2042
f 2044 2043 2046
f 2044 2046 2047
f 2047 2048 2045
f 2047 2046 2049
f 2047 2049 2050
f 2050 1789 2048
f 2050 2049 1792
f 2050 1792 1790
f 2051 2049 2052
f 2051 2053 1795
f 2051 1795 1793
f 2054 2053 2055
f 2054 2056 1799
f 2054 1799 1796
f 2057 2056 2058
f 2057 2059 1802
f 2057 1802 1800
f 2059 2058 2060
f 2059 2061 2062
f 2061 2060 2063
f 2061 2064 1810
f 2064 2063 2065
f 2064 2066 1811
f 2066 2065 2067
f 2066 2068 1813
f 2068 2067 2069
f 2068 2070 1815
f 2071 2070 2072
f 2071 2073 1818
f 2071 1818 1816
f 2074 2073 2075
f 2074 2076 2077
f 2074 2077 1819
f 2077 2078 2079
f 2077 2079 1821
f 2079 2080 2081
f 2079 2081 1824
f 2081 2082 2083
f 2081 2083 2084
f 2083 2085 2086
f 2083 2086 2084
f 2087 1828 1825
f 2087 2086 2088
f 2087 2089 1828
f 2090 1833 1829
f 2090 2089 2091
f 2090 2092 1833
f 2093 1838 1834
f 2093 2092 2094
f 2093 2095 1838
f 2096 1843 1839
f 2096 2095 2097
f 2096 2098 1843
f 2099 1848 1844
f 2099 2098 2100
f 2099 2101 2102
f 2102 1852 1849
f 2102 2101 2103
f 2102 2103 2104
f 2104 2105 1852
f 2104 2103 2106
f 2104 2106 2107
f 2107 1983 2105
f 2107 2106 1986
f 2107 1986 1984
f 2108 2106 2109
f 2108 2110 1994
f 2108 1993 1986
f 2110 2109 2111
f 2110 2112 1994
f 2112 2111 2113
f 2112 2114 1996
f 2114 2113 2115
f 2114 2116 1997
f 2116 2115 2117
f 2116 2118 1999
f 2118 2117 2119
f 2118 2120 2001
f 2120 2119 2121
f 2120 2122 2004
f 2123 2122 2124
f 2123 2125 2007
f 2123 2007 2005
f 2126 2125 2127
f 2126 2128 2011
f 2126 2011 2008
f 2129 2128 2130
f 2129 2131 2132
f 2129 2132 2012
f 2132 2133 2134
f 2132 2134 2014
f 2134 91 2135
f 2134 2135 2016
f 2135 88 2136
f 2135 2136 2018
f 2136 2137 2138
f 2136 2138 2021
f 2138 2139 2140
f 2138 2140 2141
f 2140 2142 2143
f 2140 2143 2144
f 2144 2145 2141
f 2144 2143 2146
f 2144 2146 2147
f 2147 2148 2145
f 2147 2146 2149
f 2147 2149 2150
f 2150 2151 2148
f 2150 2149 2152
f 2150 2152 2153
f 2153 2154 2151
f 2153 2152 2155
f 2153 2155 2156
f 2156 2157 2154
f 2156 2155 2158
f 2156 2158 2159
f 2159 2160 2157
f 2159 2158 2161
f 2159 2161 2162
f 2162 2163 2160
f 2162 2161 2164
f 2162 2164 2165
f 2165 2166 2163
f 2165 2164 2167
f 2165 2167 2168
f 2168 2052 2166
f 2168 2167 2055
f 2168 2055 2053
f 2169 2167 2170
f 2169 2171 2058
f 2169 2058 2056
f 2171 2170 2172
f 2171 2173 2060
f 2173 2172 2174
f 2173 2175 2063
f 2175 2174 2176
f 2175 2177 2065
f 2177 2176 2178
f 2177 2179 2067
f 2179 2178 2180
f 2179 2181 2069
f 2182 2181 2183
f 2182 2183 2184
f 2182 2072 2070
f 2184 2183 2185
f 2184 2185 2186
f 2184 2075 2073
f 2186 2185 2187
f 2186 2187 2188
f 2186 2188 2076
f 2188 2189 2190
f 2188 2190 2078
f 2190 2191 2192
f 2190 2192 2080
f 2192 2193 2194
f 2192 2194 2082
f 2194 2195 2196
f 2194 2196 2085
f 2196 2197 2198
f 2196 2198 2199
f 2198 2200 48
f 2198 2201 2199
f 2202 2088 2086
f 2202 2201 2203
f 2202 2204 2088
f 2205 2091 2089
f 2205 2204 2206
f 2205 2207 2091
f 2208 2094 2092
f 2208 2207 2209
f 2208 2210 2094
f 2211 2097 2095
f 2211 2210 2212
f 2211 2213 2097
f 2214 2100 2098
f 2214 2213 2215
f 2214 2216 2100
f 2217 2218 2101
f 2217 2216 2113
f 2217 2113 2111
f 2216 2215 2117
f 2215 2213 2219
f 2215 2219 2119
f 2219 2212 2220
f 2219 2220 2121
f 2220 2221 2222
f 2220 2222 2223
f 2223 2222 2224
f 2223 2224 2225
f 2223 2124 2122
f 2225 2224 2226
f 2225 2227 2127
f 2225 2127 2125
f 2228 2227 2229
f 2228 2230 2130
f 2228 2130 2128
f 2231 2230 2232
f 2231 2233 2234
f 2231 2234 2131
f 2234 2235 89
f 2234 89 2133
f 2235 2233 2236
f 2235 2237 90
f 2238 2239 87
f 2238 2237 2240
f 2238 2241 2239
f 2242 2139 2137
f 2242 2241 2243
f 2242 2244 2139
f 2244 2243 2245
f 2244 2246 2247
f 2246 2245 2248
f 2246 2248 2249
f 2249 2250 2247
f 2249 2248 2251
f 2249 2251 2252
f 2252 2253 2250
f 2252 2251 2254
f 2252 2254 2255
f 2255 2256 2253
f 2255 2254 2257
f 2255 2257 2258
f 2258 2259 2256
f 2258 2257 2260
f 2258 2260 2261
f 2261 2262 2259
f 2261 2260 2263
f 2261 2263 2264
f 2264 2265 2262
f 2264 2263 2266
f 2264 2266 2267
f 2267 2268 2265
f 2267 2266 2174
f 2267 2174 2172
f 2266 2269 2176
f 2269 2263 2270
f 2269 2271 2178
f 2271 2270 2272
f 2271 2273 2180
f 2274 2273 2275
f 2274 2275 2276
f 2274 2277 2181
f 2276 2275 2278
f 2276 2278 2279
f 2276 2280 2277
f 2279 2278 2281
f 2279 2281 2282
f 2279 2283 2280
f 2282 2281 2284
f 2282 2284 2285
f 2282 2286 2283
f 2286 2285 2287
f 2286 2287 2189
f 2287 2288 2289
f 2287 2289 2191
f 2289 2290 2291
f 2289 2291 2193
f 2291 2292 2293
f 2291 2293 2195
f 2293 2294 2295
f 2293 2295 2197
f 2295 2296 49
f 2295 49 2200
f 2296 2294 2297
f 2296 2298 50
f 2299 2300 47
f 2299 2298 2301
f 2299 2302 2300
f 2303 2304 2305
f 2303 2302 2306
f 2303 2307 2304
f 2308 2309 2310
f 2308 2307 2311
f 2308 2312 2309
f 2312 2311 2313
f 2312 2226 2314
f 2313 2311 2315
f 2313 2315 2229
f 2313 2229 2227
f 2316 2315 2317
f 2316 2318 2232
f 2316 2232 2230
f 2319 2318 2320
f 2319 2321 2236
f 2319 2236 2233
f 2322 2321 2323
f 2322 2324 2240
f 2322 2240 2237
f 2325 2243 2241
f 2325 2324 2326
f 2325 2327 2243
f 2327 2326 2328
f 2327 2329 2245
f 2329 2328 2330
f 2329 2330 2331
f 2331 2332 2333
f 2331 2330 2334
f 2331 2334 2335
f 2335 2336 2332
f 2335 2334 101
f 2335 101 2337
f 2337 2338 2336
f 2337 101 2339
f 2337 2339 2340
f 2340 2341 2338
f 2340 2339 2342
f 2340 2342 2272
f 2342 2343 2344
f 2342 2344 2273
f 2345 2343 2346
f 2345 2346 2347
f 2345 2348 2344
f 2347 2346 2349
f 2347 2349 2350
f 2347 2351 2348
f 2350 2349 2352
f 2350 2352 2353
f 2350 2354 2351
f 2353 2352 2355
f 2353 2355 94
f 2353 2356 2354
f 2356 94 93
f 2356 2357 2284
f 2357 93 2358
f 2357 2358 2288
f 2358 98 2359
f 2358 2359 2290
f 2359 2360 2361
f 2359 2361 2292
f 2361 2297 2294
f 2361 2362 2297
f 2363 2301 2298
f 2363 2362 2364
f 2363 2365 2301
f 2366 2306 2302
f 2366 2365 2367
f 2366 2368 2306
f 2368 2367 2369
f 2368 2317 2370
f 2369 2367 2371
f 2369 2371 2320
f 2369 2320 2318
f 2372 2371 2373
f 2372 2374 2323
f 2372 2323 2321
f 2375 2326 2324
f 2375 2374 2376
f 2375 2377 2326
f 2377 2376 2378
f 2377 2378 2379
f 2378 2380 2381
f 2378 2381 2382
f 2382 2383 2379
f 2382 2381 2384
f 2382 2384 105
f 2384 2385 102
f 2384 2386 2385
f 2381 2387 2386
f 2380 2376 2388
f 2380 2389 2387
f 2389 2388 96
f 2389 95 2355
f 2388 2373 96
f 2388 2376 2374
f 2390 2391 2364
f 2390 2392 96
f 2390 2373 2391
f 2392 2364 2362
f 2392 2360 97
f 2391 2367 2365
f 2385 2346 103
f 2343 2339 100
f 2334 2383 104
f 2370 2311 2307
f 2310 2393 2206
f 2310 2394 2304
f 2310 2309 2393
f 2394 2206 2204
f 2394 2203 2305
f 2393 2209 2207
f 2393 2395 2209
f 2309 2314 2395
f 2305 2396 2300
f 2272 2270 2341
f 2239 2137 88
f 2221 2212 2210
f 2203 2201 2396
f 2172 2170 2268
f 2111 2109 2218
f 1832 1973 1827
f 2062 1805 1803
f 1769 1768 116
f 1405 123 1400
f 1491 1396 122
f 1520 1519 2397
f 2397 1519 2398
f 2397 2398 2399
f 2398 2 854
f 2398 854 852
f 2399 852 851
f 1350 1348 22
f 1109 1112 111
f 942 110 784
f 1773 933 115
f 833 831 9
f 831 829 1317
f 767 766 33
f 766 764 897
f 448 446 559
f 419 417 2400
f 417 415 39
f 379 454 485
f 435 350 348
f 325 323 404
f 275 273 85
f 243 241 67
f 175 174 140
f 2 1519 3
f 3 1522 4
f 1 6 2
f 7 858 5
f 4 1444 7
f 9 1317 10
f 11 1318 12
f 10 1006 11
f 8 14 9
f 12 1326 13
f 16 1808 17
f 18 1823 19
f 15 20 18
f 15 22 16
f 19 1973 21
f 24 453 25
f 26 485 24
f 27 476 26
f 25 459 28
f 23 29 27
f 30 32 37
f 33 897 31
f 30 35 33
f 36 916 34
f 37 908 36
f 38 40 45
f 41 2400 39
f 42 533 41
f 38 44 42
f 45 516 43
f 47 2396 48
f 48 2200 49
f 46 50 47
f 52 1561 53
f 51 54 55
f 51 56 52
f 57 59 62
f 57 61 58
f 62 983 60
f 63 65 68
f 63 67 64
f 68 317 66
f 69 71 72
f 69 73 74
f 69 75 70
f 77 1315 78
f 76 80 77
f 78 1221 79
f 82 353 83
f 81 85 82
f 83 359 84
f 86 88 91
f 86 90 87
f 91 2133 89
f 92 94 95
f 92 96 97
f 92 98 93
f 99 101 104
f 99 103 100
f 99 105 102
f 107 787 108
f 106 109 110
f 110 945 111
f 111 1112 112
f 112 1114 107
f 113 115 117
f 116 1768 114
f 117 1676 118
f 118 1682 119
f 119 1690 116
f 120 122 123
f 120 124 125
f 120 126 121
f 127 129 130
f 130 1540 131
f 127 132 128
f 133 135 136
f 136 1314 137
f 133 138 134
f 140 224 141
f 139 142 143
f 143 237 140
f 145 1936 146
f 144 147 148
f 144 149 145
f 151 194 152
f 150 153 154
f 154 155 151
f 156 166 151
f 155 157 158
f 158 159 156
f 159 160 161
f 161 170 162
f 159 163 156
f 164 185 165
f 163 166 156
f 163 167 164
f 167 169 164
f 167 170 171
f 167 172 168
f 171 215 173
f 172 174 175
f 175 176 168
f 176 178 179
f 179 169 168
f 175 237 177
f 179 180 181
f 181 182 169
f 182 183 184
f 184 186 185
f 182 164 169
f 186 187 188
f 188 190 189
f 186 165 185
f 190 192 191
f 191 166 165
f 191 193 194
f 194 151 166
f 192 256 195
f 193 196 197
f 197 152 194
f 197 198 199
f 199 153 152
f 199 200 201
f 201 202 153
f 202 203 204
f 204 205 157
f 202 154 153
f 205 206 207
f 207 208 160
f 205 158 157
f 208 209 210
f 210 212 211
f 208 161 160
f 212 214 213
f 211 170 161
f 214 216 215
f 213 171 170
f 216 217 218
f 218 220 219
f 216 173 215
f 219 221 222
f 222 174 173
f 222 223 224
f 224 140 174
f 221 292 225
f 223 226 227
f 227 141 224
f 227 228 229
f 229 142 141
f 229 230 231
f 231 232 142
f 232 233 234
f 234 236 235
f 232 143 142
f 236 178 177
f 235 237 143
f 236 238 239
f 239 180 178
f 239 240 241
f 241 242 180
f 242 243 244
f 244 245 183
f 242 181 180
f 245 246 247
f 247 248 187
f 245 184 183
f 248 249 250
f 250 252 251
f 248 188 187
f 252 254 253
f 251 190 188
f 253 255 256
f 253 192 190
f 254 331 257
f 255 258 259
f 259 195 256
f 259 260 261
f 261 196 195
f 261 262 263
f 263 198 196
f 263 264 265
f 265 200 198
f 265 266 267
f 267 268 200
f 268 269 270
f 270 271 203
f 268 201 200
f 271 272 273
f 273 274 206
f 271 204 203
f 274 275 276
f 276 277 209
f 274 207 206
f 277 278 279
f 279 281 280
f 277 210 209
f 281 283 282
f 280 212 210
f 283 284 217
f 282 214 212
f 284 285 286
f 286 288 287
f 284 218 217
f 287 289 290
f 290 220 218
f 290 291 292
f 292 221 220
f 289 378 293
f 291 294 295
f 295 225 292
f 295 296 297
f 297 226 225
f 297 298 299
f 299 228 226
f 299 300 301
f 301 230 228
f 301 302 303
f 303 304 230
f 304 305 306
f 306 307 233
f 304 231 230
f 307 308 309
f 309 240 238
f 307 234 233
f 309 65 64
f 64 67 240
f 306 305 310
f 310 311 65
f 311 312 313
f 313 315 314
f 311 68 65
f 315 318 316
f 314 317 68
f 318 404 319
f 316 320 317
f 319 323 321
f 320 246 322
f 322 66 317
f 322 244 243
f 243 67 66
f 323 324 249
f 321 247 246
f 324 325 326
f 326 328 327
f 324 250 249
f 328 330 329
f 327 252 250
f 330 332 331
f 329 254 252
f 332 333 334
f 332 335 336
f 336 257 331
f 336 337 338
f 338 258 257
f 338 339 340
f 340 260 258
f 340 341 342
f 342 262 260
f 342 343 344
f 344 264 262
f 344 345 346
f 346 266 264
f 346 347 348
f 348 349 266
f 349 350 351
f 351 352 269
f 349 267 266
f 352 353 82
f 82 85 272
f 352 270 269
f 351 354 353
f 350 435 355
f 354 356 357
f 357 83 353
f 356 360 358
f 357 359 83
f 360 441 361
f 358 362 359
f 361 365 363
f 362 278 364
f 364 84 359
f 364 276 275
f 275 85 84
f 365 367 366
f 363 279 278
f 367 369 368
f 366 281 279
f 369 370 285
f 368 283 281
f 370 371 372
f 372 374 373
f 370 286 285
f 374 376 375
f 373 288 286
f 375 377 378
f 378 289 288
f 376 454 379
f 377 380 381
f 381 293 378
f 381 382 383
f 383 294 293
f 383 384 385
f 385 296 294
f 385 386 387
f 387 298 296
f 387 388 389
f 389 300 298
f 389 390 391
f 391 302 300
f 391 392 393
f 393 394 302
f 394 395 312
f 312 310 305
f 394 303 302
f 393 392 396
f 396 398 397
f 395 313 312
f 398 400 399
f 397 315 313
f 400 402 401
f 399 318 315
f 402 405 403
f 401 404 318
f 405 407 406
f 403 325 404
f 407 409 408
f 406 326 325
f 409 411 410
f 408 328 326
f 411 412 333
f 410 330 328
f 412 413 414
f 412 415 416
f 412 334 333
f 416 417 418
f 418 335 334
f 418 419 420
f 420 337 335
f 420 421 422
f 422 339 337
f 422 423 424
f 424 341 339
f 424 425 426
f 426 343 341
f 426 427 428
f 428 345 343
f 428 429 430
f 430 347 345
f 430 431 432
f 432 435 347
f 432 433 434
f 434 355 435
f 433 437 436
f 434 356 355
f 437 439 438
f 436 360 356
f 439 442 440
f 438 441 360
f 442 559 443
f 440 444 441
f 443 446 445
f 444 367 365
f 365 361 441
f 446 447 371
f 445 369 367
f 447 448 449
f 449 451 450
f 447 372 371
f 451 453 452
f 450 374 372
f 453 24 454
f 452 376 374
f 451 455 456
f 456 25 453
f 456 457 458
f 456 459 25
f 458 460 461
f 458 462 459
f 462 463 464
f 462 465 466
f 466 28 459
f 466 467 468
f 468 29 28
f 467 580 469
f 468 470 29
f 470 471 472
f 472 474 473
f 470 27 29
f 474 477 475
f 473 476 27
f 477 597 478
f 475 479 476
f 479 480 481
f 481 483 482
f 482 26 476
f 483 486 484
f 482 485 26
f 486 382 380
f 484 379 485
f 486 487 488
f 488 384 382
f 488 489 490
f 490 386 384
f 490 491 492
f 492 388 386
f 492 493 494
f 494 390 388
f 494 495 496
f 496 392 390
f 496 497 498
f 498 396 392
f 497 500 499
f 498 398 396
f 500 502 501
f 499 400 398
f 502 504 503
f 501 402 400
f 504 506 505
f 503 405 402
f 506 508 507
f 505 407 405
f 508 510 509
f 507 409 407
f 509 511 413
f 413 411 409
f 510 625 512
f 511 513 514
f 514 414 413
f 514 45 40
f 40 415 414
f 512 517 515
f 513 516 45
f 517 628 518
f 515 519 516
f 518 634 520
f 519 521 522
f 522 43 516
f 522 523 524
f 524 44 43
f 524 525 526
f 526 527 44
f 527 528 529
f 529 531 530
f 527 42 44
f 531 534 532
f 530 533 42
f 534 657 535
f 532 536 533
f 535 662 537
f 536 538 539
f 539 41 533
f 539 540 541
f 541 2400 41
f 540 423 421
f 541 419 2400
f 540 542 543
f 543 425 423
f 543 544 545
f 545 427 425
f 545 546 547
f 547 429 427
f 547 548 549
f 549 431 429
f 549 550 551
f 551 433 431
f 550 553 552
f 551 437 433
f 553 555 554
f 552 439 437
f 555 557 556
f 554 442 439
f 557 560 558
f 556 559 442
f 560 562 561
f 558 448 559
f 562 457 455
f 561 449 448
f 562 563 564
f 564 460 457
f 564 565 566
f 566 567 460
f 567 568 569
f 569 570 463
f 567 461 460
f 570 571 572
f 572 574 573
f 570 464 463
f 574 576 575
f 573 465 464
f 576 578 577
f 575 467 465
f 578 581 579
f 577 580 467
f 581 701 582
f 579 583 580
f 582 708 584
f 583 585 471
f 471 469 580
f 584 711 586
f 585 587 588
f 585 472 471
f 588 589 590
f 588 474 472
f 590 591 592
f 590 477 474
f 592 593 594
f 594 597 477
f 594 595 596
f 596 598 597
f 598 599 600
f 600 601 480
f 598 478 597
f 601 602 603
f 603 605 604
f 601 481 480
f 605 489 487
f 604 483 481
f 605 606 607
f 607 491 489
f 607 608 609
f 609 493 491
f 609 610 611
f 611 495 493
f 611 612 613
f 613 497 495
f 613 614 615
f 615 500 497
f 614 617 616
f 615 502 500
f 617 619 618
f 616 504 502
f 619 621 620
f 618 506 504
f 621 623 622
f 620 508 506
f 622 624 625
f 625 510 508
f 624 626 627
f 624 628 517
f 517 512 625
f 627 629 630
f 627 631 628
f 630 755 632
f 631 633 634
f 634 518 628
f 632 760 635
f 633 636 637
f 637 520 634
f 637 638 639
f 639 521 520
f 639 640 641
f 641 523 521
f 641 642 643
f 643 525 523
f 643 644 645
f 643 646 525
f 645 780 647
f 646 648 528
f 528 526 525
f 647 783 649
f 648 650 651
f 651 529 528
f 651 652 653
f 651 531 529
f 652 655 654
f 653 534 531
f 655 658 656
f 654 657 534
f 658 794 659
f 656 660 657
f 659 800 661
f 661 663 662
f 662 535 657
f 661 803 664
f 664 666 665
f 663 537 662
f 666 544 542
f 665 538 537
f 666 667 668
f 668 546 544
f 668 669 670
f 670 548 546
f 669 672 671
f 670 550 548
f 672 674 673
f 671 553 550
f 674 676 675
f 673 555 553
f 676 678 677
f 675 557 555
f 678 565 563
f 677 560 557
f 678 679 680
f 680 681 565
f 681 682 683
f 683 684 568
f 681 566 565
f 684 685 686
f 686 687 571
f 684 569 568
f 687 688 689
f 689 691 690
f 687 572 571
f 691 693 692
f 690 574 572
f 693 695 694
f 692 576 574
f 695 697 696
f 694 578 576
f 697 699 698
f 696 581 578
f 699 702 700
f 698 701 581
f 702 840 703
f 700 704 701
f 704 705 706
f 704 707 708
f 708 582 701
f 707 709 710
f 710 712 711
f 711 584 708
f 712 713 714
f 712 715 716
f 716 586 711
f 716 717 718
f 718 587 586
f 718 719 720
f 720 589 587
f 720 721 722
f 722 591 589
f 722 723 724
f 724 593 591
f 724 725 726
f 726 595 593
f 726 727 728
f 728 729 595
f 729 730 731
f 731 732 599
f 729 596 595
f 732 733 734
f 734 735 602
f 732 600 599
f 735 736 737
f 737 608 606
f 735 603 602
f 737 738 739
f 739 610 608
f 739 740 741
f 741 612 610
f 741 742 743
f 743 614 612
f 742 745 744
f 743 617 614
f 745 747 746
f 744 619 617
f 747 749 748
f 746 621 619
f 749 629 626
f 748 623 621
f 749 750 751
f 751 752 629
f 752 753 754
f 754 756 755
f 752 630 629
f 756 757 758
f 756 759 760
f 760 632 755
f 759 761 762
f 762 764 763
f 763 635 760
f 764 766 765
f 765 636 635
f 765 767 768
f 768 638 636
f 768 769 770
f 770 640 638
f 770 771 772
f 772 642 640
f 772 773 774
f 774 644 642
f 774 775 776
f 776 777 644
f 776 935 778
f 777 779 780
f 780 645 644
f 778 938 781
f 779 782 783
f 783 647 780
f 781 941 784
f 782 109 785
f 785 649 783
f 785 108 786
f 786 650 649
f 786 787 788
f 788 652 650
f 788 789 790
f 788 655 652
f 789 792 791
f 790 658 655
f 792 795 793
f 791 794 658
f 795 1124 796
f 793 797 794
f 796 1128 798
f 797 799 800
f 800 659 794
f 798 1316 801
f 799 802 803
f 803 661 800
f 801 805 804
f 802 669 667
f 667 664 803
f 805 807 806
f 804 672 669
f 807 809 808
f 806 674 672
f 809 810 679
f 808 676 674
f 810 811 812
f 812 813 682
f 810 680 679
f 813 814 815
f 815 816 685
f 813 683 682
f 816 817 818
f 818 819 688
f 816 686 685
f 819 820 821
f 821 823 822
f 819 689 688
f 823 825 824
f 822 691 689
f 825 827 826
f 824 693 691
f 827 829 828
f 826 695 693
f 829 831 830
f 828 697 695
f 831 833 832
f 830 699 697
f 833 835 834
f 832 702 699
f 834 836 837
f 837 840 702
f 837 838 839
f 839 841 840
f 841 842 843
f 843 844 705
f 841 703 840
f 844 845 846
f 846 847 709
f 844 706 705
f 847 848 849
f 849 850 713
f 847 710 709
f 849 1353 851
f 850 852 853
f 850 714 713
f 853 854 855
f 853 715 714
f 855 6 856
f 856 717 715
f 856 5 857
f 857 719 717
f 857 858 859
f 859 721 719
f 859 860 861
f 861 723 721
f 861 862 863
f 863 725 723
f 863 864 865
f 865 727 725
f 865 866 867
f 867 868 727
f 868 869 870
f 870 871 730
f 868 728 727
f 871 872 873
f 873 874 733
f 871 731 730
f 874 875 876
f 876 738 736
f 874 734 733
f 876 877 878
f 878 740 738
f 878 879 880
f 880 742 740
f 879 882 881
f 880 745 742
f 882 883 750
f 881 747 745
f 883 884 885
f 885 886 753
f 883 751 750
f 886 887 888
f 888 889 757
f 886 754 753
f 889 890 891
f 891 892 761
f 889 758 757
f 892 893 894
f 894 896 895
f 892 762 761
f 896 31 897
f 895 764 762
f 896 898 899
f 899 32 31
f 899 900 901
f 901 902 32
f 902 903 904
f 904 906 905
f 902 37 32
f 906 909 907
f 905 908 37
f 909 1643 910
f 907 911 908
f 910 1649 912
f 912 914 913
f 911 36 908
f 914 917 915
f 913 916 36
f 917 1661 918
f 915 919 916
f 918 1665 920
f 919 921 922
f 922 34 916
f 922 923 924
f 924 35 34
f 923 771 769
f 924 767 35
f 921 926 925
f 925 773 771
f 926 928 927
f 927 775 773
f 927 929 930
f 930 931 775
f 931 932 933
f 931 934 935
f 931 776 775
f 933 1773 936
f 934 937 938
f 938 778 935
f 936 1772 939
f 937 940 941
f 941 781 938
f 942 784 941
f 939 1774 943
f 940 944 942
f 945 110 942
f 943 1776 946
f 944 947 945
f 948 111 945
f 946 1778 949
f 947 950 948
f 951 1109 948
f 949 1780 952
f 950 953 951
f 954 1106 951
f 952 1782 955
f 953 956 954
f 957 1103 954
f 955 1784 958
f 956 959 957
f 960 1100 957
f 958 1786 961
f 959 962 960
f 963 1097 960
f 962 964 965
f 965 966 963
f 966 968 963
f 966 969 970
f 970 971 967
f 971 973 967
f 971 974 975
f 975 976 972
f 976 978 972
f 976 979 980
f 980 983 977
f 980 981 982
f 982 60 983
f 982 984 985
f 985 61 60
f 985 986 987
f 987 988 61
f 988 990 991
f 991 58 61
f 987 992 989
f 992 994 989
f 987 986 995
f 995 996 993
f 997 1070 993
f 996 998 999
f 999 1000 997
f 1001 1067 997
f 1000 1002 1003
f 1000 1004 1001
f 1005 1064 1001
f 1003 11 1006
f 1004 1007 1005
f 1007 1009 1005
f 1007 10 1010
f 1010 1011 1008
f 1011 1013 1008
f 1011 1014 1015
f 1015 1016 1012
f 1016 1018 1012
f 1016 825 823
f 823 821 1017
f 1018 1020 1021
f 1021 1013 1012
f 1017 1022 1019
f 1022 1024 1019
f 1022 821 820
f 820 1025 1023
f 1025 1027 1023
f 1025 818 817
f 817 1028 1026
f 1028 1030 1026
f 1028 815 814
f 814 1031 1029
f 1031 1033 1029
f 1031 812 811
f 811 1034 1032
f 1034 1036 1032
f 1034 809 807
f 807 805 1035
f 1036 1038 1039
f 1039 1033 1032
f 1035 1316 1037
f 1039 1040 1041
f 1041 1042 1033
f 1042 1043 1044
f 1044 1045 1030
f 1042 1029 1033
f 1045 1046 1047
f 1047 1048 1027
f 1045 1026 1030
f 1048 1049 1050
f 1050 1051 1024
f 1048 1023 1027
f 1051 1052 1053
f 1053 1054 1020
f 1051 1019 1024
f 1054 1055 1056
f 1056 1058 1057
f 1054 1021 1020
f 1058 1060 1059
f 1057 1013 1021
f 1059 1061 1009
f 1059 1008 1013
f 1060 1153 1062
f 1061 1063 1064
f 1064 1005 1009
f 1062 1156 1065
f 1063 1066 1067
f 1067 1001 1064
f 1065 1159 1068
f 1066 1069 1070
f 1070 997 1067
f 1068 1162 1071
f 1071 1072 994
f 1069 993 1070
f 1072 1073 1074
f 1074 1075 990
f 1072 989 994
f 1075 1076 1077
f 1077 1079 1078
f 1075 991 990
f 1079 1080 59
f 1078 58 991
f 1080 1081 1082
f 1082 1084 1083
f 1080 62 59
f 1084 978 977
f 1083 983 62
f 1084 1085 1086
f 1086 1087 978
f 1087 1088 1089
f 1089 1090 973
f 1087 972 978
f 1090 1091 1092
f 1092 1093 968
f 1090 967 973
f 1093 1094 1095
f 1093 1096 1097
f 1093 963 968
f 1095 1182 1098
f 1096 1099 1100
f 1100 960 1097
f 1098 1185 1101
f 1099 1102 1103
f 1103 957 1100
f 1101 1188 1104
f 1102 1105 1106
f 1106 954 1103
f 1105 1107 1108
f 1108 1112 1109
f 1109 951 1106
f 1108 1110 1111
f 1111 112 1112
f 1110 1115 1113
f 1111 1114 112
f 1115 1194 1116
f 1113 1117 1114
f 1116 1200 1118
f 1117 1119 1120
f 1120 107 1114
f 1120 792 789
f 1120 787 107
f 1118 1122 1121
f 1119 795 792
f 1122 1125 1123
f 1121 1124 795
f 1125 1129 1126
f 1123 1127 1124
f 1126 1040 1038
f 1127 1037 1128
f 1128 796 1124
f 1129 1130 1040
f 1130 1131 1132
f 1132 1133 1043
f 1130 1041 1040
f 1133 1134 1135
f 1135 1136 1046
f 1133 1044 1043
f 1136 1137 1138
f 1138 1139 1049
f 1136 1047 1046
f 1139 1140 1141
f 1141 1142 1052
f 1139 1050 1049
f 1142 1143 1144
f 1144 1145 1055
f 1142 1053 1052
f 1145 1146 1147
f 1147 1149 1148
f 1145 1056 1055
f 1149 1151 1150
f 1148 1058 1056
f 1150 1152 1153
f 1153 1060 1058
f 1151 1315 1154
f 1152 1155 1156
f 1156 1062 1153
f 1154 1229 1157
f 1155 1158 1159
f 1159 1065 1156
f 1157 1228 1160
f 1158 1161 1162
f 1162 1068 1159
f 1160 1232 1163
f 1161 1164 1073
f 1073 1071 1162
f 1163 1235 1165
f 1165 1166 1076
f 1164 1074 1073
f 1166 1167 1168
f 1168 1170 1169
f 1166 1077 1076
f 1170 1171 1081
f 1169 1079 1077
f 1170 1242 1172
f 1172 1173 1085
f 1171 1082 1081
f 1172 1245 1174
f 1173 1175 1088
f 1173 1086 1085
f 1174 1248 1176
f 1175 1177 1091
f 1175 1089 1088
f 1176 1249 1178
f 1177 1179 1094
f 1177 1092 1091
f 1178 1314 1180
f 1179 1181 1182
f 1182 1095 1094
f 1180 1262 1183
f 1181 1184 1185
f 1185 1098 1182
f 1183 1261 1186
f 1184 1187 1188
f 1188 1101 1185
f 1186 1190 1189
f 1187 1110 1107
f 1187 1104 1188
f 1190 1192 1191
f 1189 1115 1110
f 1192 1195 1193
f 1191 1194 1115
f 1195 1267 1196
f 1193 1197 1194
f 1196 1272 1198
f 1197 1199 1200
f 1200 1116 1194
f 1198 1202 1201
f 1199 1125 1122
f 1122 1118 1200
f 1202 1203 1131
f 1201 1129 1125
f 1203 1204 1205
f 1205 1206 1134
f 1203 1132 1131
f 1206 1207 1208
f 1208 1209 1137
f 1206 1135 1134
f 1209 1210 1211
f 1211 1212 1140
f 1209 1138 1137
f 1212 1213 1214
f 1214 1215 1143
f 1212 1141 1140
f 1215 1216 1217
f 1217 1218 1146
f 1215 1144 1143
f 1218 1219 1220
f 1220 79 1221
f 1218 1147 1146
f 1220 1222 1223
f 1223 80 79
f 1223 1224 1225
f 1225 1226 80
f 1226 1227 1228
f 1228 1157 1229
f 1226 77 80
f 1225 1224 1230
f 1227 1231 1232
f 1232 1160 1228
f 1230 1289 1233
f 1231 1234 1235
f 1235 1163 1232
f 1233 1290 1236
f 1234 1237 1167
f 1167 1165 1235
f 1236 1312 1238
f 1237 1239 1240
f 1240 1168 1167
f 1240 1241 1242
f 1242 1170 1168
f 1239 1313 1243
f 1241 1244 1245
f 1245 1172 1242
f 1243 1253 1246
f 1244 1247 1248
f 1248 1174 1245
f 1246 1250 138
f 1247 137 1249
f 1249 1176 1248
f 1251 1254 1252
f 1250 134 138
f 1250 1253 1251
f 1254 1256 1255
f 1252 135 134
f 1255 1257 1258
f 1258 1259 135
f 1259 1260 1261
f 1261 1183 1262
f 1259 136 135
f 1258 1257 1263
f 1260 1192 1190
f 1190 1186 1261
f 1257 1265 1264
f 1263 1195 1192
f 1265 1268 1266
f 1264 1267 1195
f 1268 1304 1269
f 1266 1270 1267
f 1269 1273 1271
f 1270 1204 1272
f 1272 1196 1267
f 1273 1274 1207
f 1271 1205 1204
f 1274 1275 1276
f 1276 1277 1210
f 1274 1208 1207
f 1277 1278 1279
f 1279 1280 1213
f 1277 1211 1210
f 1280 1281 1282
f 1282 1283 1216
f 1280 1214 1213
f 1283 1284 1285
f 1285 1222 1219
f 1283 1217 1216
f 1285 1286 1287
f 1287 1224 1222
f 1287 1288 1289
f 1289 1230 1224
f 1286 75 74
f 1288 73 1290
f 1290 1233 1289
f 1284 1291 75
f 1291 70 75
f 1291 1282 1281
f 1281 1293 1292
f 1293 1295 1292
f 1293 1279 1278
f 1278 1296 1294
f 1296 1298 1294
f 1296 1276 1275
f 1275 1304 1297
f 1299 1306 1300
f 1300 1295 1294
f 1297 1301 1299
f 1301 1303 1299
f 1301 1304 1268
f 1268 1265 1302
f 1254 1251 1305
f 1303 1306 1299
f 1303 1256 1254
f 1251 1253 1307
f 1305 1308 1306
f 1309 1300 1306
f 1307 1313 1310
f 1308 1311 1309
f 1311 71 1309
f 1310 1238 1312
f 1311 73 72
f 1313 1239 1238
f 1309 1295 1300
f 1253 1243 1313
f 1265 1257 1256
f 71 70 1292
f 1273 1269 1304
f 1312 1290 73
f 1202 1198 1272
f 1262 1314 136
f 1249 137 1314
f 1229 1315 77
f 1151 78 1315
f 1149 1221 78
f 1316 798 1128
f 805 801 1316
f 1015 827 825
f 1010 10 1317
f 1014 829 827
f 1003 1318 11
f 999 998 1319
f 1002 1320 1318
f 1320 1321 1322
f 1322 1324 1323
f 1323 12 1318
f 1324 1327 1325
f 1323 1326 12
f 1327 1788 1328
f 1325 1329 1326
f 1329 1330 1331
f 1331 1333 1332
f 1332 13 1326
f 1333 1335 1334
f 1334 14 13
f 1335 836 835
f 835 833 14
f 1335 1336 1337
f 1337 838 836
f 1337 1338 1339
f 1339 1340 838
f 1340 1341 1342
f 1342 1343 842
f 1340 839 838
f 1343 1344 1345
f 1345 1346 845
f 1343 843 842
f 1346 1347 1348
f 1348 1349 848
f 1346 846 845
f 1349 1350 1351
f 1349 1352 1353
f 1353 849 848
f 1354 851 1353
f 1351 1971 1355
f 1352 1356 1354
f 1357 2399 1354
f 1355 1974 1358
f 1356 1359 1357
f 1360 2397 1357
f 1358 1975 1361
f 1359 1362 1360
f 1363 1520 1360
f 1361 1976 1364
f 1362 1365 1363
f 1366 1518 1363
f 1364 1977 1367
f 1365 1368 1366
f 1369 1515 1366
f 1367 1979 1370
f 1368 1371 1369
f 1372 1512 1369
f 1370 1981 1373
f 1371 1374 1372
f 1375 1509 1372
f 1373 1947 1376
f 1374 1377 1375
f 1378 1506 1375
f 1376 1945 1379
f 1377 1380 1378
f 1381 1503 1378
f 1379 1944 1382
f 1380 1383 1381
f 1384 1500 1381
f 1382 1943 1385
f 1383 1386 1384
f 1387 1497 1384
f 1385 1942 1388
f 1386 1389 1387
f 1390 1494 1387
f 1388 1941 1391
f 1389 1392 1390
f 1393 1490 1390
f 1391 1940 1394
f 1392 1395 1393
f 1396 1491 1393
f 1395 1397 1398
f 1398 1399 1396
f 1399 122 1396
f 1399 1401 1402
f 1402 1403 1400
f 1403 1405 1400
f 1403 1406 1407
f 1407 1408 1404
f 1408 1410 1404
f 1408 1411 1412
f 1412 1413 1409
f 1414 1476 1409
f 1413 1415 1416
f 1413 1417 1414
f 1418 1473 1414
f 1416 1899 1419
f 1417 1420 1418
f 1421 1470 1418
f 1419 1903 1422
f 1420 1423 1421
f 1424 1467 1421
f 1422 1906 1425
f 1423 1426 1424
f 1427 1464 1424
f 1425 1909 1428
f 1426 1429 1427
f 1430 1461 1427
f 1428 1912 1431
f 1429 1432 1430
f 1433 1457 1430
f 1431 1915 1434
f 1432 1435 1433
f 1436 1453 1433
f 1434 1604 1437
f 1435 1438 1436
f 1439 1447 1436
f 1437 1603 1440
f 1438 1441 1439
f 1442 1443 1439
f 1440 864 862
f 1441 860 1442
f 1443 1445 1446
f 1443 1447 1439
f 1443 7 1444
f 1446 1448 1449
f 1449 1450 1447
f 1450 1451 1452
f 1452 1454 1453
f 1453 1436 1447
f 1454 1455 1456
f 1456 1458 1457
f 1454 1433 1453
f 1458 1459 1460
f 1460 1462 1461
f 1458 1430 1457
f 1462 52 56
f 1462 1463 1464
f 1464 1427 1461
f 56 55 1465
f 1463 1466 1467
f 1467 1424 1464
f 1465 1568 1468
f 1466 1469 1470
f 1470 1421 1467
f 1468 1567 1471
f 1469 1472 1473
f 1473 1418 1470
f 1471 1571 1474
f 1472 1475 1476
f 1476 1414 1473
f 1474 1482 1477
f 1475 1478 1410
f 1410 1409 1476
f 1477 1479 124
f 1478 123 1405
f 1405 1404 1410
f 1480 1483 1481
f 1479 125 124
f 1479 1482 1480
f 1481 1484 1485
f 1485 126 125
f 1485 1486 1487
f 1487 1488 126
f 1488 1489 1490
f 1490 1393 1491
f 1488 121 126
f 1487 1486 1492
f 1489 1493 1494
f 1494 1390 1490
f 1492 1581 1495
f 1493 1496 1497
f 1497 1387 1494
f 1495 1584 1498
f 1496 1499 1500
f 1500 1384 1497
f 1498 1585 1501
f 1499 1502 1503
f 1503 1381 1500
f 1501 1539 1504
f 1502 1505 1506
f 1506 1378 1503
f 1504 1537 1507
f 1505 1508 1509
f 1509 1375 1506
f 1507 1533 1510
f 1508 1511 1512
f 1512 1372 1509
f 1510 1529 1513
f 1511 1514 1515
f 1515 1369 1512
f 1513 1521 1516
f 1514 1517 1518
f 1518 1366 1515
f 1516 1522 3
f 1517 1519 1520
f 1520 1363 1518
f 1521 1523 1522
f 1524 1551 1525
f 1523 4 1522
f 1521 1526 1524
f 1526 1528 1524
f 1521 1513 1529
f 1529 1530 1527
f 1530 1532 1527
f 1529 1510 1533
f 1533 1534 1531
f 1534 1536 1531
f 1533 1507 1537
f 1534 1538 1535
f 130 129 1535
f 1537 1504 1539
f 1538 1540 130
f 1536 1542 1543
f 1543 1532 1531
f 1535 129 1541
f 1543 1544 1545
f 1545 1546 1532
f 1546 1547 1548
f 1548 1549 1528
f 1546 1527 1532
f 1548 1552 1550
f 1549 1448 1551
f 1549 1524 1528
f 1552 1553 1451
f 1550 1449 1448
f 1553 1554 1555
f 1555 1556 1455
f 1553 1452 1451
f 1556 1557 1558
f 1558 1561 1459
f 1556 1456 1455
f 1558 1559 1560
f 1560 53 1561
f 1560 1562 1563
f 1563 54 53
f 1563 1564 1565
f 1565 1568 54
f 1565 1566 1567
f 1567 1468 1568
f 1564 1601 1569
f 1566 1570 1571
f 1571 1471 1567
f 1569 1573 1572
f 1570 1480 1482
f 1482 1474 1571
f 1573 1575 1574
f 1572 1483 1480
f 1574 1576 1577
f 1577 1484 1483
f 1577 1578 1579
f 1579 1486 1484
f 1579 1580 1581
f 1581 1492 1486
f 1578 1586 1582
f 1580 1583 1584
f 1584 1495 1581
f 1582 132 131
f 1583 1540 1585
f 1585 1498 1584
f 1586 1587 132
f 1587 128 132
f 1587 1589 1590
f 1590 1591 1588
f 1591 1541 1588
f 1591 1592 1593
f 1593 1544 1542
f 1593 1594 1595
f 1595 1596 1544
f 1596 1545 1544
f 1595 1598 1597
f 1596 1554 1547
f 1598 1559 1557
f 1597 1555 1554
f 1598 1594 1599
f 1599 1562 1559
f 1599 1600 1601
f 1601 1564 1562
f 1600 1592 1602
f 1600 1575 1573
f 1573 1569 1601
f 1602 1590 1589
f 1589 1576 1575
f 1586 1578 1576
f 1588 129 128
f 1552 1548 1547
f 1551 1448 1445
f 1525 1444 4
f 1539 1585 1540
f 1568 55 54
f 1460 1561 52
f 1442 858 7
f 1603 866 864
f 1603 1604 1605
f 1605 1606 866
f 1606 1607 1608
f 1608 1609 869
f 1606 867 866
f 1609 1610 1611
f 1611 1612 872
f 1609 870 869
f 1612 1613 1614
f 1614 877 875
f 1612 873 872
f 1614 1615 1616
f 1616 879 877
f 1616 1617 884
f 884 882 879
f 1615 1923 1618
f 1617 1619 887
f 1617 885 884
f 1619 1620 1621
f 1621 1622 890
f 1619 888 887
f 1622 1623 1624
f 1624 1625 893
f 1622 891 890
f 1625 1626 1627
f 1627 900 898
f 1625 894 893
f 1627 1628 1629
f 1629 1630 900
f 1630 1631 1632
f 1632 1633 903
f 1630 901 900
f 1633 1634 1635
f 1635 1637 1636
f 1633 904 903
f 1637 1639 1638
f 1636 906 904
f 1639 1641 1640
f 1638 909 906
f 1641 1644 1642
f 1640 1643 909
f 1644 1883 1645
f 1642 1646 1643
f 1645 1880 1647
f 1646 1648 1649
f 1649 910 1643
f 1647 1877 1650
f 1648 1651 1652
f 1652 912 1649
f 1652 1653 1654
f 1652 914 912
f 1654 1655 1656
f 1654 917 914
f 1656 1657 1658
f 1658 1661 917
f 1658 1659 1660
f 1660 1662 1661
f 1662 1663 1664
f 1664 1666 1665
f 1665 918 1661
f 1666 1667 1668
f 1666 1669 1670
f 1670 920 1665
f 1670 928 926
f 926 921 920
f 1668 1672 1671
f 1671 929 928
f 1671 1673 1674
f 1674 1675 929
f 1675 1676 117
f 117 115 932
f 1675 930 929
f 1674 1677 1676
f 1673 1991 1678
f 1677 1679 1680
f 1680 118 1676
f 1679 1683 1681
f 1680 1682 118
f 1683 2003 1684
f 1681 1685 1682
f 1684 2009 1686
f 1686 1688 1687
f 1687 119 1682
f 1688 1691 1689
f 1687 1690 119
f 1691 2020 1692
f 1689 1693 1690
f 1694 116 1690
f 1692 2024 1695
f 1693 1696 1694
f 1697 1769 1694
f 1695 2027 1698
f 1696 1699 1697
f 1700 1766 1697
f 1698 2030 1701
f 1699 1702 1700
f 1703 1763 1700
f 1701 2033 1704
f 1702 1705 1703
f 1706 1760 1703
f 1704 2036 1707
f 1705 1708 1706
f 1709 1757 1706
f 1707 2039 1710
f 1708 1711 1709
f 1712 1754 1709
f 1710 2042 1713
f 1711 1714 1712
f 1715 1751 1712
f 1713 2045 1716
f 1714 1717 1715
f 1718 1748 1715
f 1716 2048 1719
f 1717 1720 1718
f 1721 1745 1718
f 1719 1789 1722
f 1720 1723 1721
f 1723 1725 1721
f 1723 1726 1727
f 1727 1728 1724
f 1728 1730 1724
f 1728 1327 1324
f 1324 1322 1729
f 1730 1732 1733
f 1733 1725 1724
f 1729 1734 1731
f 1734 1736 1731
f 1734 1322 1321
f 1321 1737 1735
f 1737 984 1735
f 1737 1319 998
f 998 995 986
f 1736 979 1738
f 1738 1732 1731
f 1735 984 981
f 1738 975 974
f 974 1739 1732
f 1739 970 969
f 969 1741 1740
f 1739 1733 1732
f 1741 1743 1742
f 1740 1725 1733
f 1742 1744 1745
f 1745 1721 1725
f 1743 1787 1746
f 1744 1747 1748
f 1748 1718 1745
f 1746 1785 1749
f 1747 1750 1751
f 1751 1715 1748
f 1749 1783 1752
f 1750 1753 1754
f 1754 1712 1751
f 1752 1781 1755
f 1753 1756 1757
f 1757 1709 1754
f 1755 1779 1758
f 1756 1759 1760
f 1760 1706 1757
f 1758 1777 1761
f 1759 1762 1763
f 1763 1703 1760
f 1761 1775 1764
f 1762 1765 1766
f 1766 1700 1763
f 1764 1770 1767
f 1765 1768 1769
f 1769 1697 1766
f 1770 1772 1771
f 1771 114 1768
f 1772 936 1773
f 1773 115 114
f 1774 939 1772
f 1770 1775 1774
f 1776 943 1774
f 1775 1777 1776
f 1778 946 1776
f 1777 1779 1778
f 1780 949 1778
f 1779 1781 1780
f 1782 952 1780
f 1781 1783 1782
f 1784 955 1782
f 1783 1785 1784
f 1786 958 1784
f 1785 1787 1786
f 964 961 1786
f 1787 1741 964
f 1741 965 964
f 1727 1788 1327
f 1726 1789 1790
f 1790 1791 1788
f 1791 1792 1793
f 1793 1794 1330
f 1791 1328 1788
f 1794 1795 1796
f 1796 1798 1797
f 1794 1331 1330
f 1798 1338 1336
f 1797 1333 1331
f 1798 1799 1800
f 1800 1801 1338
f 1801 1802 1803
f 1803 1804 1341
f 1801 1339 1338
f 1804 1805 1806
f 1806 1807 1344
f 1804 1342 1341
f 1807 1808 16
f 16 22 1347
f 1807 1345 1344
f 1806 1809 1808
f 1805 2062 1810
f 1809 1811 1812
f 1812 17 1808
f 1812 1813 1814
f 1814 20 17
f 1814 1815 1816
f 1816 1817 20
f 1817 1818 1819
f 1819 1821 1820
f 1817 18 20
f 1821 1824 1822
f 1820 1823 18
f 1824 2084 1825
f 1825 1826 1823
f 1826 19 1823
f 1826 1828 1829
f 1829 1830 1827
f 1830 1832 1827
f 1830 1833 1834
f 1834 1835 1831
f 1835 1837 1831
f 1835 1838 1839
f 1839 1840 1836
f 1840 1842 1836
f 1840 1843 1844
f 1844 1845 1841
f 1845 1847 1841
f 1845 1848 1849
f 1849 1850 1846
f 1851 1958 1846
f 1850 1852 1853
f 1850 1854 1851
f 1855 1956 1851
f 1853 2105 1856
f 1854 1857 1855
f 1858 1953 1855
f 1856 1983 1859
f 1857 1860 1858
f 1861 1868 1858
f 1859 1982 1862
f 1860 1863 1861
f 1864 1865 1861
f 1862 1657 1655
f 1863 1653 1864
f 1866 1874 1867
f 1865 1868 1861
f 1865 1869 1866
f 1870 1871 1866
f 1864 1653 1651
f 1869 1650 1870
f 1872 1944 1873
f 1871 1874 1866
f 1871 1875 1872
f 1876 1943 1872
f 1870 1650 1877
f 1875 1878 1876
f 1879 1942 1876
f 1877 1647 1880
f 1878 1881 1879
f 1882 1941 1879
f 1880 1645 1883
f 1881 1884 1882
f 1885 1940 1882
f 1883 1644 1886
f 1886 1887 1885
f 1887 1397 1885
f 1887 1889 1890
f 1890 1891 1888
f 1891 1401 1888
f 1891 149 148
f 148 147 1892
f 1892 1402 1401
f 147 1893 1406
f 1893 1407 1406
f 1893 146 1894
f 1894 1895 1411
f 1895 1412 1411
f 1895 1896 1897
f 1897 1898 1415
f 1898 1416 1415
f 1898 1900 1901
f 1898 1902 1899
f 1903 1419 1899
f 1901 1932 1904
f 1902 1905 1903
f 1906 1422 1903
f 1904 1930 1907
f 1905 1908 1906
f 1909 1425 1906
f 1907 1929 1910
f 1908 1911 1909
f 1912 1428 1909
f 1910 1939 1913
f 1911 1914 1912
f 1915 1431 1912
f 1913 1919 1916
f 1914 1917 1915
f 1604 1434 1915
f 1916 1918 1607
f 1917 1605 1604
f 1918 1919 1920
f 1920 1921 1610
f 1918 1608 1607
f 1921 1922 1923
f 1923 1615 1613
f 1921 1611 1610
f 1920 1919 1924
f 1922 1925 1620
f 1620 1618 1923
f 1924 1939 1926
f 1925 1927 1623
f 1925 1621 1620
f 1926 1929 1928
f 1928 1628 1626
f 1927 1624 1623
f 1929 1907 1930
f 1928 1931 1628
f 1930 1904 1932
f 1932 1933 1631
f 1931 1629 1628
f 1933 1901 1900
f 1900 1934 1634
f 1933 1632 1631
f 1934 1897 1896
f 1896 1936 1935
f 1934 1635 1634
f 1936 145 1937
f 1935 1637 1635
f 145 149 1938
f 1937 1639 1637
f 1938 1890 1889
f 1938 1641 1639
f 1939 1910 1929
f 1919 1913 1939
f 1894 146 1936
f 1889 1644 1641
f 1888 1398 1397
f 1885 1394 1940
f 1940 1391 1941
f 1941 1388 1942
f 1942 1385 1943
f 1944 1379 1945
f 1873 1946 1874
f 1945 1376 1947
f 1946 1948 1949
f 1949 1867 1874
f 1949 1950 1951
f 1951 1868 1867
f 1951 1952 1953
f 1953 1858 1868
f 1950 1980 1954
f 1952 1955 1956
f 1956 1855 1953
f 1954 1978 1957
f 1957 1959 1958
f 1955 1851 1956
f 1959 1960 1961
f 1961 1962 1847
f 1959 1846 1958
f 1962 1963 1964
f 1964 1965 1842
f 1962 1841 1847
f 1965 1966 1967
f 1967 1968 1837
f 1965 1836 1842
f 1968 1969 1970
f 1970 1973 1832
f 1968 1831 1837
f 1970 1971 1972
f 1972 21 1973
f 1972 1351 1350
f 1350 22 21
f 1974 1355 1971
f 1967 1966 1974
f 1975 1358 1974
f 1964 1963 1975
f 1963 1361 1975
f 1961 1960 1976
f 1977 1364 1976
f 1957 1978 1977
f 1979 1367 1977
f 1978 1980 1979
f 1981 1370 1979
f 1980 1948 1981
f 1947 1373 1981
f 1943 1382 1944
f 1982 1659 1657
f 1982 1983 1984
f 1984 1985 1659
f 1985 1986 1987
f 1987 1988 1663
f 1985 1660 1659
f 1987 1993 1989
f 1988 1990 1667
f 1988 1664 1663
f 1989 1992 1991
f 1990 1673 1672
f 1672 1668 1667
f 1992 1993 1994
f 1994 1996 1995
f 1992 1678 1991
f 1995 1997 1998
f 1998 1679 1678
f 1998 1999 2000
f 2000 1683 1679
f 2000 2001 2002
f 2000 2003 1683
f 2002 2004 2005
f 2002 2006 2003
f 2006 2007 2008
f 2008 2010 2009
f 2009 1684 2003
f 2010 2011 2012
f 2012 2014 2013
f 2010 1686 2009
f 2014 2016 2015
f 2013 1688 1686
f 2016 2018 2017
f 2015 1691 1688
f 2018 2021 2019
f 2017 2020 1691
f 2021 2141 2022
f 2019 2023 2020
f 2024 1692 2020
f 2022 2145 2025
f 2023 2026 2024
f 2027 1695 2024
f 2025 2148 2028
f 2026 2029 2027
f 2030 1698 2027
f 2028 2151 2031
f 2029 2032 2030
f 2033 1701 2030
f 2031 2154 2034
f 2032 2035 2033
f 2036 1704 2033
f 2034 2157 2037
f 2035 2038 2036
f 2039 1707 2036
f 2037 2160 2040
f 2038 2041 2039
f 2042 1710 2039
f 2040 2163 2043
f 2041 2044 2042
f 2045 1713 2042
f 2043 2166 2046
f 2044 2047 2045
f 2048 1716 2045
f 2046 2052 2049
f 2047 2050 2048
f 1789 1719 2048
f 2049 2051 1792
f 2050 1790 1789
f 2051 2052 2053
f 2053 2054 1795
f 2051 1793 1792
f 2054 2055 2056
f 2056 2057 1799
f 2054 1796 1795
f 2057 2058 2059
f 2059 2062 1802
f 2057 1800 1799
f 2059 2060 2061
f 2061 1810 2062
f 2061 2063 2064
f 2064 1811 1810
f 2064 2065 2066
f 2066 1813 1811
f 2066 2067 2068
f 2068 1815 1813
f 2068 2069 2070
f 2070 2071 1815
f 2071 2072 2073
f 2073 2074 1818
f 2071 1816 1815
f 2074 2075 2076
f 2076 2078 2077
f 2074 1819 1818
f 2078 2080 2079
f 2077 1821 1819
f 2080 2082 2081
f 2079 1824 1821
f 2082 2085 2083
f 2081 2084 1824
f 2085 2199 2086
f 2086 2087 2084
f 2087 1825 2084
f 2087 2088 2089
f 2089 2090 1828
f 2090 1829 1828
f 2090 2091 2092
f 2092 2093 1833
f 2093 1834 1833
f 2093 2094 2095
f 2095 2096 1838
f 2096 1839 1838
f 2096 2097 2098
f 2098 2099 1843
f 2099 1844 1843
f 2099 2100 2101
f 2099 2102 1848
f 2102 1849 1848
f 2101 2218 2103
f 2102 2104 1852
f 2105 1853 1852
f 2103 2109 2106
f 2104 2107 2105
f 1983 1856 2105
f 2106 2108 1986
f 2107 1984 1983
f 2108 2109 2110
f 2108 1994 1993
f 1993 1987 1986
f 2110 2111 2112
f 2112 1996 1994
f 2112 2113 2114
f 2114 1997 1996
f 2114 2115 2116
f 2116 1999 1997
f 2116 2117 2118
f 2118 2001 1999
f 2118 2119 2120
f 2120 2004 2001
f 2120 2121 2122
f 2122 2123 2004
f 2123 2124 2125
f 2125 2126 2007
f 2123 2005 2004
f 2126 2127 2128
f 2128 2129 2011
f 2126 2008 2007
f 2129 2130 2131
f 2131 2133 2132
f 2129 2012 2011
f 2133 91 2134
f 2132 2014 2012
f 91 88 2135
f 2134 2016 2014
f 88 2137 2136
f 2135 2018 2016
f 2137 2139 2138
f 2136 2021 2018
f 2139 2142 2140
f 2138 2141 2021
f 2142 2247 2143
f 2140 2144 2141
f 2145 2022 2141
f 2143 2250 2146
f 2144 2147 2145
f 2148 2025 2145
f 2146 2253 2149
f 2147 2150 2148
f 2151 2028 2148
f 2149 2256 2152
f 2150 2153 2151
f 2154 2031 2151
f 2152 2259 2155
f 2153 2156 2154
f 2157 2034 2154
f 2155 2262 2158
f 2156 2159 2157
f 2160 2037 2157
f 2158 2265 2161
f 2159 2162 2160
f 2163 2040 2160
f 2161 2268 2164
f 2162 2165 2163
f 2166 2043 2163
f 2164 2170 2167
f 2165 2168 2166
f 2052 2046 2166
f 2167 2169 2055
f 2168 2053 2052
f 2169 2170 2171
f 2171 2060 2058
f 2169 2056 2055
f 2171 2172 2173
f 2173 2063 2060
f 2173 2174 2175
f 2175 2065 2063
f 2175 2176 2177
f 2177 2067 2065
f 2177 2178 2179
f 2179 2069 2067
f 2179 2180 2181
f 2181 2182 2069
f 2181 2277 2183
f 2182 2184 2072
f 2182 2070 2069
f 2183 2280 2185
f 2184 2186 2075
f 2184 2073 2072
f 2185 2283 2187
f 2187 2189 2188
f 2186 2076 2075
f 2189 2191 2190
f 2188 2078 2076
f 2191 2193 2192
f 2190 2080 2078
f 2193 2195 2194
f 2192 2082 2080
f 2195 2197 2196
f 2194 2085 2082
f 2197 2200 2198
f 2196 2199 2085
f 2198 48 2201
f 2201 2202 2199
f 2202 2086 2199
f 2202 2203 2204
f 2204 2205 2088
f 2205 2089 2088
f 2205 2206 2207
f 2207 2208 2091
f 2208 2092 2091
f 2208 2209 2210
f 2210 2211 2094
f 2211 2095 2094
f 2211 2212 2213
f 2213 2214 2097
f 2214 2098 2097
f 2214 2215 2216
f 2216 2217 2100
f 2217 2101 2100
f 2216 2115 2113
f 2217 2111 2218
f 2216 2117 2115
f 2213 2212 2219
f 2215 2119 2117
f 2212 2221 2220
f 2219 2121 2119
f 2221 2395 2222
f 2220 2223 2121
f 2222 2314 2224
f 2223 2225 2124
f 2223 2122 2121
f 2225 2226 2227
f 2227 2228 2127
f 2225 2125 2124
f 2228 2229 2230
f 2230 2231 2130
f 2228 2128 2127
f 2231 2232 2233
f 2233 2235 2234
f 2231 2131 2130
f 2235 90 89
f 2234 2133 2131
f 2235 2236 2237
f 2237 2238 90
f 2238 87 90
f 2238 2240 2241
f 2241 2242 2239
f 2242 2137 2239
f 2242 2243 2244
f 2244 2142 2139
f 2244 2245 2246
f 2244 2247 2142
f 2245 2333 2248
f 2246 2249 2247
f 2250 2143 2247
f 2248 2332 2251
f 2249 2252 2250
f 2253 2146 2250
f 2251 2336 2254
f 2252 2255 2253
f 2256 2149 2253
f 2254 2338 2257
f 2255 2258 2256
f 2259 2152 2256
f 2257 2341 2260
f 2258 2261 2259
f 2262 2155 2259
f 2260 2270 2263
f 2261 2264 2262
f 2265 2158 2262
f 2263 2269 2266
f 2264 2267 2265
f 2268 2161 2265
f 2266 2176 2174
f 2267 2172 2268
f 2269 2178 2176
f 2269 2270 2271
f 2271 2180 2178
f 2271 2272 2273
f 2273 2274 2180
f 2273 2344 2275
f 2274 2276 2277
f 2274 2181 2180
f 2275 2348 2278
f 2276 2279 2280
f 2280 2183 2277
f 2278 2351 2281
f 2279 2282 2283
f 2283 2185 2280
f 2281 2354 2284
f 2282 2285 2286
f 2286 2187 2283
f 2285 2288 2287
f 2286 2189 2187
f 2288 2290 2289
f 2287 2191 2189
f 2290 2292 2291
f 2289 2193 2191
f 2292 2294 2293
f 2291 2195 2193
f 2294 2296 2295
f 2293 2197 2195
f 2296 50 49
f 2295 2200 2197
f 2296 2297 2298
f 2298 2299 50
f 2299 47 50
f 2299 2301 2302
f 2302 2303 2300
f 2303 2305 2300
f 2303 2306 2307
f 2307 2308 2304
f 2308 2310 2304
f 2308 2311 2312
f 2312 2314 2309
f 2312 2313 2226
f 2226 2224 2314
f 2311 2370 2315
f 2315 2316 2229
f 2313 2227 2226
f 2316 2317 2318
f 2318 2319 2232
f 2316 2230 2229
f 2319 2320 2321
f 2321 2322 2236
f 2319 2233 2232
f 2322 2323 2324
f 2324 2325 2240
f 2322 2237 2236
f 2325 2241 2240
f 2325 2326 2327
f 2327 2245 2243
f 2327 2328 2329
f 2329 2333 2245
f 2328 2379 2330
f 2329 2331 2333
f 2332 2248 2333
f 2330 2383 2334
f 2331 2335 2332
f 2336 2251 2332
f 2334 104 101
f 2335 2337 2336
f 2338 2254 2336
f 101 100 2339
f 2337 2340 2338
f 2341 2257 2338
f 2339 2343 2342
f 2340 2272 2341
f 2343 2345 2344
f 2342 2273 2272
f 2343 103 2346
f 2345 2347 2348
f 2348 2275 2344
f 2346 2385 2349
f 2347 2350 2351
f 2351 2278 2348
f 2349 2386 2352
f 2350 2353 2354
f 2354 2281 2351
f 2352 2387 2355
f 2353 94 2356
f 2356 2284 2354
f 2356 93 2357
f 2357 2285 2284
f 93 98 2358
f 2357 2288 2285
f 98 2360 2359
f 2358 2290 2288
f 2360 2362 2361
f 2359 2292 2290
f 2361 2294 2292
f 2362 2363 2297
f 2363 2298 2297
f 2363 2364 2365
f 2365 2366 2301
f 2366 2302 2301
f 2366 2367 2368
f 2368 2370 2306
f 2368 2369 2317
f 2317 2315 2370
f 2367 2391 2371
f 2371 2372 2320
f 2369 2318 2317
f 2372 2373 2374
f 2374 2375 2323
f 2372 2321 2320
f 2375 2324 2323
f 2375 2376 2377
f 2377 2328 2326
f 2376 2380 2378
f 2377 2379 2328
f 2380 2387 2381
f 2378 2382 2379
f 2383 2330 2379
f 2381 2386 2384
f 2382 105 2383
f 2384 102 105
f 2386 2349 2385
f 2387 2352 2386
f 2380 2388 2389
f 2389 2355 2387
f 2389 96 95
f 95 94 2355
f 2373 2390 96
f 2388 2374 2373
f 2390 2364 2392
f 2392 97 96
f 2373 2371 2391
f 2392 2362 2360
f 2360 98 97
f 2391 2365 2364
f 2385 103 102
f 2343 100 103
f 2383 105 104
f 2370 2307 2306
f 2310 2206 2394
f 2394 2305 2304
f 2309 2395 2393
f 2394 2204 2203
f 2203 2396 2305
f 2393 2207 2206
f 2395 2221 2209
f 2314 2222 2395
f 2396 47 2300
f 2270 2260 2341
f 2239 88 87
f 2221 2210 2209
f 2201 48 2396
f 2170 2164 2268
f 2109 2103 2218
f 1973 19 1827
f 2062 1803 1802
f 1769 116 1694
f 123 122 1400
f 1491 122 121
f 1520 2397 1360
f 1519 2 2398
f 2397 2399 1357
f 2 6 854
f 2398 852 2399
f 2399 851 1354
f 1348 1347 22
f 1109 111 948
f 110 109 784
f 933 932 115
f 833 9 14
f 831 1317 9
f 767 33 35
f 766 897 33
f 446 443 559
f 417 39 2400
f 415 40 39
f 454 24 485
f 435 348 347
f 323 319 404
f 273 272 85
f 241 240 67
f 175 140 237

