# https://github.com/mikedh/trimesh

o Stage1_2Dcross_NEW_Rescaled_17.stl
v 0.02314867 -0.00311974 -0.02610482
v 0.02310772 0.00338612 -0.02748802
v 0.02339892 0.00038026 -0.02293195
v 0.02317339 -0.00292784 -0.02978562
v 0.02317040 -0.00293859 -0.02114283
v 0.02249297 -0.00626671 -0.02346443
v 0.02158044 -0.00888927 -0.02774151
v -0.02333637 -0.00096886 -0.02445955
v -0.02287336 0.00465175 -0.02585112
v -0.02334193 -0.00114855 -0.02792383
v -0.02324903 0.00245350 -0.02118338
v -0.02305866 -0.00370079 -0.02121635
v -0.02335828 -0.00037511 -0.01919302
v -0.02252955 -0.00615929 -0.02546707
v 0.02328246 0.00183778 0.02475410
v 0.02329626 -0.00169640 0.02156545
v 0.02330804 0.00159511 0.01993980
v 0.02290398 -0.00460411 0.02564844
v 0.02329369 0.00164100 0.02809382
v 0.02282397 0.00501405 0.02205459
v 0.02214642 0.00741444 0.02605098
v 0.02243713 0.00652479 0.02867109
v -0.02238508 -0.00668419 0.02746219
v -0.02314899 -0.00309093 0.02419189
v -0.02251319 -0.00621837 0.02251746
v -0.02337086 -0.00058068 0.02855876
v -0.01969300 -0.01254991 0.02899530
v -0.02233942 -0.00683068 0.03081976
v -0.02127705 -0.00966173 0.02480629
v -0.02329383 -0.00152794 0.03135541
v 0.02244647 -0.02704894 0.00647562
v 0.02316723 -0.02333605 0.00305724
v 0.02264605 -0.02146007 0.00578490
v 0.02334747 -0.02798497 0.00088745
v 0.02238738 -0.03064513 0.00670645
v 0.02327160 -0.03110607 0.00180470
v 0.02016119 -0.02862657 0.01182982
v 0.02154998 -0.02410021 0.00906582
v -0.02334132 -0.02411827 -0.00105491
v -0.02291755 -0.02496642 0.00461468
v -0.02330140 -0.02100695 0.00199079
v -0.02333088 -0.01929308 -0.00136139
v -0.02291297 -0.02119249 -0.00455308
v -0.02228944 -0.02562364 -0.00699081
v -0.02333521 -0.02757970 -0.00106569
v -0.02304530 -0.02776280 0.00379952
v 0.02340002 0.02446571 0.00033367
v 0.02339391 0.02802382 -0.00037287
v 0.02293584 0.02805116 0.00432004
v 0.02253600 0.02603895 -0.00608731
v 0.02308788 0.02105702 0.00353349
v 0.02338213 0.01941542 0.00056531
v 0.02270574 0.02513759 0.00549352
v -0.02277686 0.02672938 0.00512833
v -0.02334705 0.02792177 -0.00093053
v -0.02332545 0.02326503 0.00174144
v -0.02279621 0.03027577 0.00498718
v -0.02287232 0.02151014 0.00472413
v -0.02195954 0.02403163 0.00795245
v -0.02091645 0.02823427 0.01041597
v 0.01444170 -0.00507823 -0.04799114
v 0.01296148 -0.00647716 -0.04799114
v 0.01161950 -0.00409288 -0.04799114
v 0.01638567 -0.00560753 -0.04799114
v 0.01501226 -0.00833995 -0.04799114
v 0.01399108 -0.00298595 -0.04799114
v 0.01683367 -0.00246105 -0.04799114
v -0.01804951 0.00330897 -0.04799114
v -0.01651325 0.00534022 -0.04799114
v -0.01508393 0.00317518 -0.04799114
v -0.01765882 0.00141346 -0.04799114
v -0.02028632 0.00100868 -0.04799114
v -0.01998145 0.00389052 -0.04799114
v -0.01761683 0.04800428 0.00427612
v -0.01739728 0.04800428 0.00218151
v -0.02015082 0.04800428 0.00209736
v -0.01576002 0.04800428 0.00640686
v -0.01447846 0.04800428 0.00383877
v -0.01955952 0.04800428 0.00516124
v 0.00288091 0.01104335 0.04800886
v 0.00343859 0.01321376 0.04800886
v 0.00109704 0.01342714 0.04800886
v 0.00396160 0.00930360 0.04800886
v 0.00575176 0.01174794 0.04800886
v 0.00131622 0.01041884 0.04800886
v -0.01323713 -0.00945177 0.04800886
v -0.01099598 -0.01099230 0.04800886
v -0.01055463 -0.00780089 0.04800886
v -0.01553071 -0.01149669 0.04800886
v -0.01372407 -0.00719689 0.04800886
v -0.01736426 -0.00847325 0.04800886
v 0.00609905 0.01086268 -0.04799114
v 0.00414300 0.01065809 -0.04799114
v 0.00460442 0.01453846 -0.04799114
v 0.00741967 0.01351600 -0.04799114
v 0.00989629 0.01176161 -0.04799114
v 0.00716253 0.00915028 -0.04799114
v 0.00475732 0.00782264 -0.04799114
v 0.01938738 -0.00553868 0.04800886
v 0.02248211 -0.00650060 0.04800886
v 0.02320055 -0.00299034 0.04800886
v 0.01788958 -0.00748790 0.04800886
v 0.01917364 -0.00330138 0.04800886
v 0.01636669 -0.00485070 0.04800886
v -0.00521455 0.00762928 0.04800886
v -0.00708869 0.00958632 0.04800886
v -0.00853937 0.00770106 0.04800886
v -0.00367780 0.00799843 0.04800886
v -0.00530097 0.01109364 0.04800886
v -0.00544221 0.00583827 0.04800886
v 0.01174065 0.04800428 -0.01484763
v 0.01278362 0.04800428 -0.01247955
v 0.01299383 0.04800428 -0.01611782
v 0.01060662 0.04800428 -0.01774299
v 0.00987798 0.04800428 -0.01543466
v 0.01009686 0.04800428 -0.01235310
v 0.01324889 0.04800428 0.01026222
v 0.01091723 0.04800428 0.01139046
v 0.01508636 0.04800428 0.01248318
v 0.01381530 0.04800428 0.00800692
v 0.01076104 0.04800428 0.00825903
v 0.01702319 0.04800428 0.00966614
v -0.01592701 -0.04799572 0.00677106
v -0.01602656 -0.04799572 0.00473648
v -0.01332197 -0.04799572 0.00557495
v -0.01413612 -0.04799572 0.00809699
v -0.01810004 -0.04799572 0.00810609
v -0.01922907 -0.04799572 0.00524803
v 0.01360479 -0.04799572 0.00981550
v 0.01572448 -0.04799572 0.01164348
v 0.01140350 -0.04799572 0.01096267
v 0.01410253 -0.04799572 0.00749526
v 0.01759466 -0.04799572 0.00853268
v 0.01109539 -0.04799572 0.00786974
v -0.00975727 -0.04799572 -0.00734788
v -0.01129975 -0.04799572 -0.00876234
v -0.00894672 -0.04799572 -0.01031556
v -0.00989301 -0.04799572 -0.00551508
v -0.01252631 -0.04799572 -0.00662079
v -0.00770008 -0.04799572 -0.00783744
v -0.00587739 -0.01654601 -0.04799114
v -0.00717841 -0.01503917 -0.04799114
v -0.00482124 -0.01355529 -0.04799114
v -0.00678718 -0.01875060 -0.04799114
v -0.00943098 -0.01742491 -0.04799114
v -0.00396271 -0.01622228 -0.04799114
v -0.00399793 -0.01945128 -0.04799114
v -0.00660480 0.04800428 -0.00934655
v -0.00799091 0.04800428 -0.01099111
v -0.00979645 0.04800428 -0.00897192
v -0.00465052 0.04800428 -0.00947791
v -0.00562446 0.04800428 -0.01228697
v -0.00734077 0.04800428 -0.00741167
v -0.00482185 0.04800428 -0.00677244
v 0.00969012 -0.04799572 -0.01631640
v 0.01091168 -0.04799572 -0.01431898
v 0.00821734 -0.04799572 -0.01373693
v 0.01074712 -0.04799572 -0.01775652
v 0.00757098 -0.04799572 -0.01660104
v 0.00786395 -0.04799572 -0.01907913
v 0.00471673 -0.04799572 -0.01662419
v 0.00470550 -0.04799572 -0.01971318
v 0.00525103 -0.04799572 -0.02278540
v 0.00892571 -0.04799572 -0.02163674
v 0.01244415 -0.04799572 -0.01979943
v 0.00913250 -0.04505187 -0.02150497
v 0.01268975 -0.04501964 -0.01961952
v 0.01576745 -0.04799572 -0.01726535
v 0.01336169 -0.04799572 -0.01548587
v 0.01597411 -0.04496300 -0.01705193
v 0.01867407 -0.04799572 -0.01407423
v 0.01559332 -0.04799572 -0.01246432
v 0.01245550 -0.04799572 -0.01134898
v 0.01729553 -0.04799572 -0.00909435
v 0.01375524 -0.04799572 -0.00817510
v 0.01038848 -0.04799572 -0.00752657
v 0.01466949 -0.04799572 -0.00486813
v 0.01114013 -0.04799572 -0.00432610
v 0.00777215 -0.04799572 -0.00386652
v 0.01147924 -0.04799572 -0.00111819
v 0.00808947 -0.04799572 -0.00071611
v 0.00504522 -0.04799572 -0.00036682
v 0.00477966 -0.04799572 -0.00349732
v 0.01147857 -0.04799572 0.00200079
v 0.00815435 -0.04799572 0.00241028
v 0.00506902 -0.04799572 0.00280502
v 0.00203967 -0.04799572 0.00306962
v 0.00204498 -0.04799572 -0.00010001
v 0.00807684 -0.04799572 0.00555624
v 0.00498553 -0.04799572 0.00607592
v 0.00187884 -0.04799572 0.00641404
v -0.00119849 -0.04799572 0.00641392
v -0.00097517 -0.04799572 0.00313590
v 0.00493230 -0.04799572 0.00963947
v 0.00163689 -0.04799572 0.01013116
v -0.00160981 -0.04799572 0.01011855
v -0.00482386 -0.04799572 0.00953766
v 0.00144524 -0.04799572 0.01433318
v -0.00218342 -0.04799572 0.01422156
v -0.00570136 -0.04799572 0.01341170
v -0.00897352 -0.04799572 0.01200507
v -0.00688569 -0.04799572 0.01756719
v -0.01059180 -0.04799572 0.01582021
v -0.01375788 -0.04799572 0.01357072
v -0.01258430 -0.04799572 0.01973016
v -0.01619337 -0.04799572 0.01689255
v -0.01908021 -0.04799572 0.01353768
v -0.01613349 -0.04483654 0.01691466
v -0.01900837 -0.04474864 0.01360271
v -0.02110590 -0.04467394 0.01003787
v -0.01891071 -0.04155480 0.01370930
v -0.02102759 -0.04139415 0.01017387
v -0.02243037 -0.04117736 0.00649839
v -0.02092255 -0.03816661 0.01037459
v -0.02236652 -0.03782286 0.00667881
v -0.02315583 -0.03749913 0.00288991
v -0.02315943 -0.04096837 0.00281356
v -0.02079176 -0.03501134 0.01064603
v -0.02230305 -0.03455089 0.00692448
v -0.02314393 -0.03409972 0.00306329
v -0.02330836 -0.03402404 -0.00097100
v -0.02329755 -0.03747374 -0.00088618
v -0.02214808 -0.03149816 0.00734283
v -0.02310438 -0.03082970 0.00337820
v -0.02333161 -0.03067345 -0.00105457
v -0.02251942 -0.02843322 -0.00613142
v -0.02267255 -0.03136632 -0.00557764
v -0.02276759 -0.03454845 -0.00511621
v -0.02281892 -0.03774327 -0.00479388
v -0.02148701 -0.03510704 -0.00915234
v -0.02162574 -0.03812364 -0.00874682
v -0.02175227 -0.04139025 -0.00846262
v -0.02286939 -0.04114318 -0.00464686
v -0.01972077 -0.03852892 -0.01241154
v -0.01990510 -0.04163927 -0.01213996
v -0.02004139 -0.04480382 -0.01199218
v -0.01736378 -0.04179064 -0.01555645
v -0.01751765 -0.04488195 -0.01544469
v -0.01760761 -0.04799572 -0.01538544
v -0.01440626 -0.04492247 -0.01840252
v -0.01450019 -0.04799572 -0.01835152
v -0.01234858 -0.04799572 -0.01549445
v -0.01089661 -0.04799572 -0.02070652
v -0.00923634 -0.04799572 -0.01742457
v -0.00766767 -0.04799572 -0.01438259
v -0.01048817 -0.04799572 -0.01290350
v -0.00583552 -0.04799572 -0.01879730
v -0.00465314 -0.04799572 -0.01543411
v -0.00339185 -0.04799572 -0.01217219
v -0.00620222 -0.04799572 -0.01142242
v -0.00230097 -0.04799572 -0.01960223
v -0.00153205 -0.04799572 -0.01612893
v -0.00051197 -0.04799572 -0.01273724
v 0.00052367 -0.04799572 -0.00945232
v -0.00228016 -0.04799572 -0.00900411
v 0.00161767 -0.04799572 -0.01649973
v 0.00243438 -0.04799572 -0.01313439
v 0.00338494 -0.04799572 -0.00985058
v 0.00538079 -0.04799572 -0.01341808
v 0.00630962 -0.04799572 -0.01021417
v 0.00421038 -0.04799572 -0.00664695
v 0.00132989 -0.04799572 -0.00628215
v -0.00149091 -0.04799572 -0.00594324
v 0.00182983 -0.04799572 -0.00319587
v -0.00106538 -0.04799572 -0.00295120
v -0.00392115 -0.04799572 -0.00284832
v -0.00092158 -0.04799572 0.00003660
v -0.00381464 -0.04799572 -0.00005363
v -0.00681751 -0.04799572 -0.00038899
v -0.00393262 -0.04799572 0.00284790
v -0.00693037 -0.04799572 0.00229160
v -0.00996101 -0.04799572 0.00151685
v -0.00726838 -0.04799572 0.00524268
v -0.01018098 -0.04799572 0.00420242
v -0.01312818 -0.04799572 0.00316045
v -0.01071027 -0.04799572 0.00700229
v -0.00790406 -0.04799572 0.00846354
v -0.01180781 -0.04799572 0.01018646
v -0.01312128 -0.04799572 0.00064803
v -0.01651520 -0.04799572 -0.00013411
v -0.01309998 -0.04799572 -0.00183759
v -0.00989942 -0.04799572 -0.00095807
v -0.01635603 -0.04799572 0.00246733
v -0.01978999 -0.04799572 0.00240881
v -0.01991962 -0.04799572 -0.00059397
v -0.02323585 -0.04799572 0.00273234
v -0.02337049 -0.04799572 -0.00083844
v -0.01959492 -0.04799572 -0.00369634
v -0.01638691 -0.04799572 -0.00281940
v -0.02296882 -0.04799572 -0.00451456
v -0.01874555 -0.04799572 -0.00684872
v -0.01587336 -0.04799572 -0.00550580
v -0.01295246 -0.04799572 -0.00434049
v -0.01473231 -0.04799572 -0.00820326
v -0.01729890 -0.04799572 -0.00997739
v -0.01300062 -0.04799572 -0.01064769
v -0.01513489 -0.04799572 -0.01294318
v -0.02189802 -0.04799572 -0.00820200
v -0.02012556 -0.04799572 -0.01189929
v -0.00987415 -0.04799572 -0.00339388
v -0.00705817 -0.04799572 -0.00532671
v -0.00686384 -0.04799572 -0.00298145
v -0.02291877 -0.04455822 -0.00455464
v -0.02183558 -0.04467540 -0.00830112
v -0.02334052 -0.04447374 -0.00081966
v -0.02329645 -0.04095177 -0.00083891
v -0.02319886 -0.04448986 0.00275481
v -0.02252729 -0.04799572 0.00631336
v -0.02248646 -0.04458654 0.00638159
v -0.02117115 -0.04799572 0.00993887
v -0.00424519 -0.04799572 0.00596333
v -0.00428706 -0.04799572 -0.00561765
v -0.00500947 -0.04799572 -0.00845718
v 0.00716454 -0.04799572 -0.00703603
v 0.00933648 -0.04799572 -0.01066313
v 0.00125872 -0.04799572 -0.01988339
v 0.00130181 -0.04799572 -0.02334195
v -0.00280769 -0.04799572 -0.02321662
v -0.00272590 -0.04504503 -0.02318628
v 0.00139532 -0.04506114 -0.02331422
v 0.00537731 -0.04506310 -0.02272516
v 0.00149328 -0.04220470 -0.02329524
v 0.00548895 -0.04219786 -0.02268309
v 0.00929467 -0.04216027 -0.02141523
v 0.00558746 -0.03944200 -0.02266216
v 0.00939654 -0.03936193 -0.02137609
v 0.01286791 -0.04208947 -0.01949390
v 0.01295672 -0.03922960 -0.01943836
v 0.01610442 -0.04197130 -0.01690813
v 0.01615234 -0.03905724 -0.01687613
v 0.01886456 -0.04187072 -0.01376580
v 0.01879455 -0.04492198 -0.01388779
v 0.01886590 -0.03888829 -0.01376465
v 0.02103613 -0.04176671 -0.01015109
v 0.02102313 -0.04486388 -0.01020802
v 0.02096996 -0.04799572 -0.01035713
v 0.02254961 -0.04478087 -0.00614258
v 0.02253771 -0.04799572 -0.00627399
v 0.01847894 -0.04799572 -0.00550421
v 0.02331487 -0.04799572 -0.00207244
v 0.01913226 -0.04799572 -0.00179742
v 0.01516460 -0.04799572 -0.00148869
v 0.01919775 -0.04799572 0.00183318
v 0.01521734 -0.04799572 0.00178747
v 0.01869769 -0.04799572 0.00533556
v 0.01483404 -0.04799572 0.00487205
v 0.01126739 -0.04799572 0.00501817
v 0.00806683 -0.04799572 0.00876804
v 0.00848248 -0.04799572 0.01260227
v 0.00509686 -0.04799572 0.01377756
v 0.00959808 -0.04799572 0.01659109
v 0.00564764 -0.04799572 0.01806559
v 0.00141766 -0.04799572 0.01874813
v -0.00281080 -0.04799572 0.01857936
v 0.00658434 -0.04799572 0.02246915
v 0.00159026 -0.04799572 0.02334549
v -0.00347614 -0.04799572 0.02313517
v -0.00829548 -0.04799572 0.02187815
v -0.00347114 -0.04495226 0.02310783
v -0.00826228 -0.04494591 0.02185661
v -0.01253754 -0.04490489 0.01972701
v -0.00821461 -0.04196837 0.02186144
v -0.01246125 -0.04187316 0.01975935
v -0.01604163 -0.04171300 0.01698064
v -0.01235151 -0.03894591 0.01984194
v -0.01592072 -0.03869786 0.01710954
v -0.01879340 -0.03844884 0.01387421
v -0.01575336 -0.03585851 0.01727001
v -0.01863172 -0.03541613 0.01411222
v -0.01840546 -0.03263536 0.01439472
v -0.02062745 -0.03208556 0.01097465
v -0.02035145 -0.02925841 0.01145270
v -0.02195557 -0.02849767 0.00789992
v -0.02169434 -0.02577159 0.00861396
v -0.02000196 -0.02669396 0.01205312
v -0.02132239 -0.02306603 0.00947019
v -0.02257819 -0.02205040 0.00602785
v -0.01959345 -0.02421154 0.01269147
v -0.02084162 -0.02046447 0.01047148
v -0.02214698 -0.01923107 0.00738951
v -0.02300422 -0.01808409 0.00409551
v -0.02159113 -0.01663195 0.00885319
v -0.02258430 -0.01526036 0.00594485
v -0.02315382 -0.01394493 0.00321542
v -0.02204011 -0.01268077 0.00765041
v -0.02280476 -0.01126866 0.00510194
v -0.02323426 -0.00978917 0.00258302
v -0.02236518 -0.00882823 0.00685295
v -0.02300928 -0.00728722 0.00445052
v -0.02332886 -0.00564415 0.00207568
v -0.02299250 -0.00490636 0.00628393
v -0.02323615 -0.00320323 0.00391707
v -0.02335963 -0.00145372 0.00157156
v -0.02335029 -0.00078673 0.00570199
v -0.02336890 0.00095204 0.00338467
v -0.02336134 0.00272987 0.00111396
v -0.02339301 0.00035975 -0.00075523
v -0.02333594 0.00167421 0.00742873
v -0.02318854 0.00341346 0.00514026
v -0.02322852 0.00517323 0.00293056
v -0.02335645 0.00697255 0.00073841
v -0.02334028 0.00453846 -0.00113154
v -0.02279011 0.00590321 0.00683547
v -0.02292866 0.00767128 0.00476910
v -0.02322913 0.00950282 0.00265602
v -0.02335633 0.01128651 0.00042128
v -0.02331525 0.00874745 -0.00150154
v -0.02240034 0.01019862 0.00667395
v -0.02289466 0.01211610 0.00468070
v -0.02325825 0.01396766 0.00247723
v -0.02336005 0.01572645 0.00001649
v -0.02233186 0.01471180 0.00678265
v -0.02288892 0.01674550 0.00465484
v -0.02329066 0.01856190 0.00224926
v -0.02334846 0.02027186 -0.00073669
v -0.02221650 0.01944276 0.00709846
v -0.02151557 0.01716395 0.00902480
v -0.02118269 0.02158339 0.00983775
v -0.02035560 0.01925770 0.01143529
v -0.01948450 0.02335145 0.01285809
v -0.02023566 0.02571229 0.01169243
v -0.01864899 0.02115419 0.01399422
v -0.01720637 0.02484608 0.01572456
v -0.01793555 0.02706386 0.01496328
v -0.01855921 0.02944960 0.01416269
v -0.01508344 0.02820887 0.01782235
v -0.01566053 0.03041981 0.01731567
v -0.01616340 0.03276845 0.01685445
v -0.01223188 0.03122792 0.01991117
v -0.01265992 0.03340175 0.01963710
v -0.01306861 0.03596815 0.01937095
v -0.00865638 0.03398182 0.02170009
v -0.00895148 0.03633729 0.02156590
v -0.00922150 0.03898964 0.02146347
v -0.00446137 0.03664052 0.02291026
v -0.00461872 0.03918739 0.02289192
v -0.00474299 0.04195839 0.02284599
v 0.00018011 0.03928944 0.02338167
v 0.00015917 0.04202821 0.02335670
v 0.00013458 0.04497743 0.02337485
v 0.00491338 0.03926991 0.02282613
v 0.00499877 0.04202675 0.02278304
v 0.00507244 0.04498182 0.02281486
v 0.00513122 0.04800428 0.02283314
v 0.00011620 0.04800428 0.02341791
v 0.00953649 0.04197792 0.02130701
v 0.00968926 0.04495887 0.02126424
v 0.00980688 0.04800428 0.02124197
v 0.00849517 0.04800428 0.01710580
v 0.00448119 0.04800428 0.01834085
v 0.01378722 0.04491249 0.01887662
v 0.01396722 0.04800428 0.01876826
v 0.01720464 0.04484901 0.01582809
v 0.01742938 0.04800428 0.01560538
v 0.01212981 0.04800428 0.01511715
v 0.01985717 0.04477577 0.01234142
v 0.02006384 0.04800428 0.01202827
v 0.02166259 0.04467909 0.00878011
v 0.02182330 0.04800428 0.00844250
v 0.01826385 0.04800428 0.00682386
v 0.01899413 0.04800428 0.00373421
v 0.01502941 0.04800428 0.00309276
v 0.01452105 0.04800428 0.00584379
v 0.02291650 0.04800428 0.00477940
v 0.02336968 0.04800428 0.00097459
v 0.02280596 0.04457167 0.00512102
v 0.02330279 0.04451307 0.00135068
v 0.02324676 0.04103358 0.00176047
v 0.02320947 0.04110585 -0.00207731
v 0.02321368 0.04456239 -0.00249184
v 0.02320629 0.04800428 -0.00294733
v 0.02245361 0.04469471 -0.00650501
v 0.02236413 0.04800428 -0.00691325
v 0.01909551 0.04800428 -0.00289742
v 0.01923284 0.04800428 0.00048408
v 0.01849212 0.04800428 -0.00635748
v 0.01515777 0.04800428 -0.00289523
v 0.01524261 0.04800428 0.00019693
v 0.01154168 0.04800428 0.00008070
v 0.01131084 0.04800428 0.00290324
v 0.00819988 0.04800428 0.00004642
v 0.00799810 0.04800428 0.00303320
v 0.01099993 0.04800428 0.00571835
v 0.00774383 0.04800428 0.00602988
v 0.00756109 0.04800428 0.00912046
v 0.00462048 0.04800428 0.00632193
v 0.00432647 0.04800428 0.00982941
v 0.00771294 0.04800428 0.01299234
v 0.00422668 0.04800428 0.01398370
v 0.00098132 0.04800428 0.01010708
v 0.00053448 0.04800428 0.01433369
v 0.00023510 0.04800428 0.01875826
v -0.00314240 0.04800428 0.01398843
v -0.00402338 0.04800428 0.01830958
v -0.00493848 0.04800428 0.02288016
v -0.00974024 0.04800428 0.02127116
v -0.00961780 0.04488612 0.02129504
v -0.00486054 0.04494081 0.02287826
v -0.01391425 0.04480897 0.01878161
v -0.01367713 0.04168348 0.01889517
v -0.00943476 0.04183925 0.02135679
v -0.01728358 0.04150721 0.01565650
v -0.01697694 0.03842323 0.01599058
v -0.01340253 0.03872938 0.01913015
v -0.01980189 0.03800917 0.01230160
v -0.01949702 0.03487928 0.01287205
v -0.01662519 0.03551845 0.01641595
v -0.02158643 0.03407655 0.00891510
v -0.02131312 0.03096180 0.00959240
v -0.01906525 0.03203505 0.01348497
v -0.02179810 0.03746327 0.00832274
v -0.02284492 0.03366981 0.00465907
v -0.02334333 0.03421425 0.00003361
v -0.02335975 0.03099403 -0.00024514
v -0.02288496 0.03719276 0.00431785
v -0.02332966 0.03756678 0.00005474
v -0.02292878 0.03810731 -0.00421030
v -0.02290058 0.03495497 -0.00439807
v -0.02299232 0.04079188 0.00386684
v -0.02331513 0.04097792 -0.00008041
v -0.02294819 0.04136464 -0.00417306
v -0.02187104 0.04167128 -0.00815445
v -0.02182801 0.03852040 -0.00823051
v -0.02336268 0.04451796 -0.00038499
v -0.02297181 0.04466884 -0.00425445
v -0.02187794 0.04483339 -0.00816929
v -0.02009779 0.04492128 -0.01192220
v -0.02008710 0.04186073 -0.01191403
v -0.02297608 0.04800428 -0.00446590
v -0.02188483 0.04800428 -0.00823878
v -0.02007099 0.04800428 -0.01199030
v -0.01758033 0.04800428 -0.01541560
v -0.01761317 0.04497108 -0.01535149
v -0.01706733 0.04800428 -0.01016878
v -0.01494489 0.04800428 -0.01316959
v -0.01216169 0.04800380 -0.01571767
v -0.01442817 0.04800428 -0.01840492
v -0.01225788 0.04800428 -0.01088673
v -0.00995588 0.04800428 -0.01319177
v -0.00718824 0.04800428 -0.01497405
v -0.00895789 0.04800380 -0.01774317
v -0.00558161 0.04800428 -0.01903780
v -0.00675806 0.04800428 -0.02240667
v -0.01076569 0.04800428 -0.02076843
v -0.00437385 0.04800428 -0.01584672
v -0.00141145 0.04800428 -0.01634821
v -0.00208399 0.04800428 -0.01976728
v -0.00328339 0.04800428 -0.01275384
v -0.00067365 0.04800428 -0.01298759
v 0.00200451 0.04800428 -0.01294631
v 0.00163683 0.04800428 -0.01637083
v -0.00259162 0.04800428 -0.00958313
v -0.00015717 0.04800428 -0.00960259
v 0.00236559 0.04800428 -0.00954098
v -0.00002967 0.04800428 -0.00636988
v 0.00254308 0.04800428 -0.00627535
v 0.00501067 0.04800428 -0.00942844
v 0.00472985 0.04800428 -0.01278989
v 0.00456487 0.04800428 -0.01617939
v 0.00747613 0.04800428 -0.01254601
v 0.00740698 0.04800428 -0.01582475
v 0.00790667 0.04800428 -0.01877166
v 0.00475353 0.04800428 -0.01946799
v 0.00888104 0.04800428 -0.02165274
v 0.00527581 0.04800428 -0.02277921
v 0.00142571 0.04800428 -0.01978648
v 0.00140411 0.04800428 -0.02333692
v -0.00262714 0.04800428 -0.02324340
v 0.00136150 0.04509901 -0.02330852
v -0.00273762 0.04510341 -0.02320401
v -0.00686640 0.04509266 -0.02230504
v -0.00280640 0.04226307 -0.02315869
v -0.00693128 0.04224354 -0.02225458
v -0.01085859 0.04507264 -0.02068139
v -0.01090461 0.04219862 -0.02063363
v -0.01450141 0.04503212 -0.01831865
v -0.01451722 0.04209608 -0.01828629
v -0.01760450 0.04197889 -0.01533529
v -0.01446937 0.03926747 -0.01833547
v -0.01754066 0.03907850 -0.01541308
v -0.02001972 0.03884413 -0.01201868
v -0.01990876 0.03594178 -0.01221298
v -0.02174091 0.03553016 -0.00849612
v -0.02158411 0.03256776 -0.00892415
v -0.02282697 0.03186610 -0.00484590
v -0.02267524 0.02888417 -0.00558960
v -0.02135804 0.02970253 -0.00945297
v -0.02240137 0.02595057 -0.00656887
v -0.02320093 0.02481678 -0.00253955
v -0.02102680 0.02699550 -0.01016805
v -0.02205250 0.02311366 -0.00770371
v -0.02296455 0.02179042 -0.00424432
v -0.02261249 0.01897303 -0.00581830
v -0.02318378 0.01739930 -0.00275821
v -0.02158601 0.02050233 -0.00887308
v -0.02217200 0.01639296 -0.00734691
v -0.02289991 0.01472206 -0.00457185
v -0.02253956 0.01228846 -0.00626784
v -0.02306800 0.01052430 -0.00385577
v -0.02329230 0.01302479 -0.00197800
v -0.02289497 0.00823524 -0.00562639
v -0.02321271 0.00636903 -0.00336069
v -0.02318836 0.00411952 -0.00531084
v -0.02334077 0.00221864 -0.00305456
v -0.02334174 0.00001259 -0.00502467
v -0.02333790 -0.00192638 -0.00266783
v -0.02317011 -0.00407970 -0.00463573
v -0.02328254 -0.00608800 -0.00223393
v -0.02337311 -0.00382970 -0.00029827
v -0.02303925 -0.00819103 -0.00422327
v -0.02329560 -0.01034386 -0.00185037
v -0.02337128 -0.00804991 0.00015601
v -0.02301697 -0.01242980 -0.00398183
v -0.02331928 -0.01475157 -0.00157132
v -0.02336945 -0.01233800 0.00062126
v -0.02299702 -0.01677062 -0.00400655
v -0.02335346 -0.01677404 0.00115033
v -0.02246888 -0.01433409 -0.00638153
v -0.02227430 -0.01859093 -0.00700203
v -0.02153895 -0.01625402 -0.00905063
v -0.02097712 -0.02039659 -0.01028431
v -0.02167719 -0.02286241 -0.00873796
v -0.02016602 -0.01821154 -0.01177232
v -0.01915888 -0.02206896 -0.01328651
v -0.01986665 -0.02438732 -0.01225371
v -0.02049317 -0.02681896 -0.01123801
v -0.01763300 -0.02569347 -0.01524962
v -0.01823823 -0.02789855 -0.01456426
v -0.01872791 -0.03026427 -0.01391454
v -0.01556873 -0.02880529 -0.01740241
v -0.01608155 -0.03101183 -0.01692002
v -0.01652839 -0.03339708 -0.01650131
v -0.01299085 -0.03162609 -0.01939568
v -0.01338245 -0.03377208 -0.01911139
v -0.01374207 -0.03633654 -0.01886388
v -0.00987073 -0.03417833 -0.02114963
v -0.01018555 -0.03658849 -0.02101500
v -0.01044721 -0.03920861 -0.02088018
v -0.00633186 -0.03679454 -0.02246495
v -0.00654542 -0.03935900 -0.02241127
v -0.00671436 -0.04208947 -0.02235503
v -0.00248841 -0.03945079 -0.02321136
v -0.00261860 -0.04216515 -0.02318685
v 0.00159789 -0.03947765 -0.02330150
v -0.00233912 -0.03691954 -0.02322484
v 0.00169286 -0.03695177 -0.02329594
v 0.00564288 -0.03688683 -0.02263224
v 0.00177624 -0.03472032 -0.02329222
v 0.00566387 -0.03458409 -0.02262634
v 0.00943298 -0.03677208 -0.02136659
v 0.00938598 -0.03431993 -0.02138338
v 0.01294836 -0.03653673 -0.01945264
v 0.01284722 -0.03399962 -0.01951046
v 0.01610369 -0.03622911 -0.01692263
v 0.01596429 -0.03362511 -0.01704971
v 0.01880669 -0.03594786 -0.01386442
v 0.01866265 -0.03318029 -0.01406381
v 0.02078521 -0.03276427 -0.01066161
v 0.02092083 -0.03567198 -0.01036023
v 0.02100805 -0.03868907 -0.01019033
v 0.02229272 -0.03231212 -0.00693128
v 0.02242840 -0.03534337 -0.00648693
v 0.02249554 -0.03842589 -0.00622001
v 0.02253466 -0.04158409 -0.00611513
v 0.02324194 -0.03804747 -0.00193939
v 0.02326348 -0.04132482 -0.00183844
v 0.02328997 -0.04463292 -0.00190037
v 0.02318798 -0.04099620 0.00246497
v 0.02324438 -0.04449523 0.00238655
v 0.02330798 -0.04799572 0.00223083
v 0.02248724 -0.04446056 0.00638177
v 0.02252740 -0.04799572 0.00633277
v 0.02099798 -0.04799572 0.01031559
v 0.01859496 -0.04799572 0.01419861
v 0.02095623 -0.04456114 0.01033694
v 0.01854369 -0.04467443 0.01422784
v 0.01525152 -0.04474816 0.01772313
v 0.01528533 -0.04799572 0.01771999
v 0.01844061 -0.04140197 0.01428953
v 0.01513732 -0.04154943 0.01776098
v 0.01110229 -0.04170665 0.02055162
v 0.01118694 -0.04481407 0.02053072
v 0.01829473 -0.03822472 0.01447360
v 0.01498284 -0.03855236 0.01790745
v 0.01095879 -0.03880431 0.02065717
v 0.00637853 -0.03901720 0.02247573
v 0.00648431 -0.04183409 0.02242441
v 0.01474395 -0.03567833 0.01812791
v 0.01074529 -0.03607775 0.02076672
v 0.00622332 -0.03638097 0.02250758
v 0.00142040 -0.03658116 0.02331619
v 0.00148992 -0.03915148 0.02332433
v 0.01047839 -0.03360997 0.02088934
v 0.00605737 -0.03408556 0.02255177
v 0.00135070 -0.03431359 0.02332395
v -0.00340028 -0.03434679 0.02310421
v -0.00342524 -0.03661339 0.02309579
v 0.00586047 -0.03199572 0.02262807
v 0.00127471 -0.03227892 0.02334180
v -0.00335328 -0.03229747 0.02313233
v -0.00776728 -0.03202013 0.02204230
v -0.00791669 -0.03411388 0.02196474
v 0.00119457 -0.03046788 0.02333453
v -0.00329822 -0.03047325 0.02313521
v -0.00759229 -0.03010314 0.02209537
v -0.01149909 -0.02945030 0.02033618
v -0.01176624 -0.03146447 0.02018750
v -0.00323432 -0.02873986 0.02314030
v -0.00739033 -0.02828185 0.02215361
v -0.01117738 -0.02751818 0.02050664
v -0.01449616 -0.02654747 0.01827994
v -0.01487958 -0.02858361 0.01799228
v -0.00715998 -0.02669152 0.02223395
v -0.01082087 -0.02576329 0.02069776
v -0.01405421 -0.02462413 0.01860514
v -0.01681568 -0.02332384 0.01617522
v -0.01730921 -0.02543956 0.01563233
v -0.01046888 -0.02413683 0.02089446
v -0.01359309 -0.02282921 0.01898137
v -0.01629542 -0.02136486 0.01670794
v -0.01850800 -0.01975743 0.01420603
v -0.01908601 -0.02188488 0.01341135
v -0.01307844 -0.02104991 0.01938521
v -0.01568842 -0.01941954 0.01729808
v -0.01783997 -0.01760655 0.01508752
v -0.01959009 -0.01586534 0.01273797
v -0.02024940 -0.01812853 0.01159948
v -0.01530915 -0.01766417 0.01825318
v -0.01731605 -0.01570177 0.01617027
v -0.01894361 -0.01371154 0.01400235
v -0.02031635 -0.01202989 0.01160496
v -0.01825465 -0.01456456 0.01801504
v -0.01984827 -0.01232872 0.01583208
v -0.02099177 -0.01030138 0.01355386
v -0.02182398 -0.00839611 0.01113905
v -0.02179169 -0.00843956 0.01566564
v -0.02247773 -0.00633507 0.01316176
v -0.02293757 -0.00439513 0.01059100
v -0.02299476 -0.00405040 0.01505671
v -0.02327723 -0.00201964 0.01239909
v -0.02336610 -0.00013292 0.00986315
v -0.02322517 -0.00256798 0.00810642
v -0.02332648 -0.00142833 0.01677106
v -0.02337019 0.00056532 0.01407089
v -0.02325330 0.00242518 0.01149245
v -0.02299720 0.00420839 0.00905057
v -0.02312672 0.00337489 0.01552627
v -0.02280347 0.00511220 0.01297369
v -0.02237165 0.00677577 0.01062066
v -0.02186249 0.00832118 0.00852525
v -0.02199677 0.00777186 0.01443861
v -0.02143824 0.00927675 0.01219555
v -0.02102839 0.01084364 0.01024290
v -0.02171021 0.01271913 0.00863504
v -0.02024183 0.01164393 0.01387799
v -0.01999659 0.01314589 0.01211935
v -0.02077564 0.01506093 0.01066580
v -0.01868470 0.01534706 0.01404759
v -0.01953468 0.01721229 0.01280395
v -0.01784583 0.01920448 0.01505560
v -0.01702607 0.01735487 0.01601408
v -0.01572712 0.02098915 0.01726140
v -0.01647041 0.02280800 0.01653207
v -0.01493946 0.01923329 0.01800224
v -0.01319379 0.02266053 0.01925626
v -0.01383540 0.02432899 0.01875336
v -0.01446583 0.02612733 0.01827985
v -0.01075141 0.02564198 0.02073607
v -0.01124171 0.02724257 0.02046080
v -0.01176551 0.02914686 0.02017010
v -0.00765156 0.02817762 0.02204814
v -0.00801203 0.02993641 0.02194032
v -0.00834205 0.03185096 0.02183121
v -0.00394178 0.03048964 0.02300165
v -0.00412550 0.03232118 0.02299153
v -0.00429499 0.03437245 0.02294299
v 0.00024554 0.03255458 0.02338844
v 0.00022228 0.03455800 0.02338315
v 0.00020574 0.03678163 0.02337878
v 0.00458001 0.03246229 0.02291037
v 0.00469048 0.03447596 0.02287379
v 0.00480285 0.03673524 0.02284824
v 0.00891137 0.03419227 0.02157725
v 0.00914312 0.03657509 0.02148088
v 0.00935699 0.03916786 0.02138911
v 0.01305279 0.03626503 0.01939697
v 0.01334142 0.03899257 0.01918970
v 0.01357775 0.04187147 0.01901488
v 0.01670330 0.03875526 0.01634935
v 0.01696294 0.04175428 0.01606908
v 0.01935125 0.03851210 0.01309772
v 0.01961303 0.04159413 0.01269928
v 0.02128130 0.03817909 0.00959060
v 0.02148174 0.04139833 0.00913975
v 0.02256011 0.03782167 0.00594606
v 0.02268957 0.04119130 0.00550037
v 0.02240606 0.03464784 0.00654089
v 0.02314874 0.03426503 0.00278527
v 0.02319762 0.03761171 0.00223146
v 0.02331585 0.03434803 -0.00133065
v 0.02326556 0.03771229 -0.00169137
v 0.02262640 0.03486610 -0.00569373
v 0.02257116 0.03807313 -0.00586949
v 0.02251592 0.04138563 -0.00616223
v 0.02107922 0.03848915 -0.00996692
v 0.02097576 0.04166591 -0.01016718
v 0.02085803 0.04484462 -0.01051415
v 0.01873418 0.04187684 -0.01388995
v 0.01854437 0.04492909 -0.01421245
v 0.02070007 0.04800428 -0.01092783
v 0.01827941 0.04800428 -0.01460641
v 0.01728362 0.04800428 -0.00986443
v 0.01542187 0.04800428 -0.01324807
v 0.01398150 0.04800428 -0.00925700
v 0.01474200 0.04800428 -0.00606426
v 0.01069354 0.04800428 -0.00915304
v 0.01122649 0.04800428 -0.00600423
v 0.00815130 0.04800428 -0.00607475
v 0.00828277 0.04800428 -0.00297708
v 0.01154327 0.04800428 -0.00292364
v 0.00530199 0.04800428 -0.00304926
v 0.00522161 0.04800428 0.00000719
v 0.00251495 0.04800428 -0.00315836
v 0.00229046 0.04800428 -0.00009119
v 0.00494976 0.04800428 0.00311887
v 0.00195904 0.04800428 0.00304560
v 0.00149358 0.04800428 0.00641474
v -0.00097449 0.04800428 0.00279652
v -0.00156342 0.04800428 0.00614412
v -0.00230006 0.04800428 0.00988329
v -0.00553736 0.04800428 0.00900315
v -0.00672956 0.04800428 0.01295539
v -0.01007246 0.04800428 0.01128427
v -0.01186884 0.04800428 0.01495222
v -0.00813520 0.04800428 0.01699821
v -0.01517664 0.04800428 0.01223302
v -0.01777009 0.04800428 0.01522397
v -0.01407752 0.04800428 0.01868268
v -0.02056715 0.04800428 0.01118025
v -0.02033900 0.04461708 0.01150324
v -0.01755274 0.04473671 0.01542103
v -0.02218555 0.04445887 0.00734854
v -0.02200123 0.04092665 0.00780542
v -0.02008173 0.04124745 0.01186185
v -0.02309431 0.04440614 0.00339561
v -0.02321162 0.04800428 0.00289527
v -0.02236994 0.04800428 0.00690099
v -0.02337513 0.04800428 -0.00074444
v -0.02008771 0.04800428 -0.00067682
v -0.01951862 0.04800428 -0.00377457
v -0.01849702 0.04800428 -0.00696596
v -0.01619599 0.04800428 -0.00275306
v -0.01526289 0.04800428 -0.00552638
v -0.01403315 0.04800428 -0.00827522
v -0.01213251 0.04800428 -0.00397600
v -0.01118494 0.04800428 -0.00652979
v -0.00824909 0.04800428 -0.00517092
v -0.00903315 0.04800428 -0.00262035
v -0.00540241 0.04800428 -0.00422312
v -0.00608002 0.04800428 -0.00153353
v -0.00283253 0.04800428 -0.00369492
v -0.00257526 0.04800428 -0.00654042
v -0.00019526 0.04800428 -0.00336607
v -0.00332313 0.04800428 -0.00083462
v -0.00051960 0.04800428 -0.00033607
v -0.00390253 0.04800428 0.00218812
v -0.00681501 0.04800428 0.00128809
v -0.00762495 0.04800428 0.00430753
v -0.00460755 0.04800428 0.00542554
v -0.01058930 0.04800428 0.00287524
v -0.01159608 0.04800428 0.00583400
v -0.00864179 0.04800428 0.00762402
v -0.01311262 0.04800428 0.00907876
v -0.01365418 0.04800428 0.00129735
v -0.01290498 0.04800428 -0.00136805
v -0.01687922 0.04800428 -0.00009678
v -0.00978583 0.04800428 0.00010963
v -0.01783875 0.04800428 0.00887034
v 0.00522540 0.04800428 -0.00617967
v 0.00783105 0.04800428 -0.00927248
v 0.01560784 0.04497059 -0.01738758
v 0.01523864 0.04800428 -0.01774466
v 0.01238171 0.04501893 -0.01980714
v 0.01209087 0.04800428 -0.02001120
v 0.00900756 0.04505507 -0.02155187
v 0.00910967 0.04216053 -0.02147601
v 0.00534393 0.04222450 -0.02271092
v 0.00531274 0.04508192 -0.02275086
v 0.00133459 0.04226503 -0.02328791
v 0.00132415 0.03962636 -0.02329539
v -0.00282587 0.03961854 -0.02317092
v 0.00131554 0.03718690 -0.02329755
v -0.00280561 0.03717421 -0.02317594
v -0.00694086 0.03955311 -0.02226986
v -0.00689045 0.03706337 -0.02228797
v -0.01088715 0.03944227 -0.02064669
v -0.01079285 0.03685487 -0.02070621
v -0.01433906 0.03655458 -0.01843755
v -0.01414313 0.03409852 -0.01858910
v -0.01721461 0.03365468 -0.01579526
v -0.01741706 0.03624110 -0.01557282
v -0.01690229 0.03115565 -0.01608733
v -0.01943677 0.03042762 -0.01295272
v -0.01971326 0.03314198 -0.01254634
v -0.01907630 0.02802479 -0.01346542
v -0.01655201 0.02892909 -0.01644115
v -0.01862171 0.02570448 -0.01406008
v -0.02060529 0.02442909 -0.01101030
v -0.01614973 0.02685731 -0.01682829
v -0.01811964 0.02353944 -0.01467514
v -0.02011475 0.02204042 -0.01187949
v -0.01951368 0.01989784 -0.01279655
v -0.02104627 0.01812050 -0.01007732
v -0.01755744 0.02161024 -0.01535237
v -0.01695777 0.01976698 -0.01604163
v -0.01888502 0.01792909 -0.01372594
v -0.02045966 0.01597108 -0.01127424
v -0.01820112 0.01607411 -0.01468145
v -0.01978913 0.01403407 -0.01243839
v -0.02163239 0.01410048 -0.00877329
v -0.02105238 0.01199843 -0.01012860
v -0.01980982 0.01240858 -0.01392057
v -0.02104340 0.01020253 -0.01171954
v -0.02229554 0.01012587 -0.00793195
v -0.02222694 0.00816200 -0.00964098
v -0.02172041 0.00864393 -0.01364118
v -0.02255329 0.00630262 -0.01161634
v -0.02287531 0.00609022 -0.00750865
v -0.02303468 0.00407069 -0.00952209
v -0.02296845 0.00433192 -0.01387395
v -0.02326380 0.00195448 -0.01173806
v -0.02334528 -0.00013536 -0.00949340
v -0.02326392 0.00199012 -0.00732880
v -0.02325043 -0.00237462 -0.01172323
v -0.02302857 -0.00428868 -0.00905331
v -0.02329334 -0.00214220 -0.00707053
v -0.02256379 -0.00648693 -0.01088528
v -0.02228651 -0.00821154 -0.00845409
v -0.02287086 -0.00615880 -0.00657748
v -0.02108063 -0.01012999 -0.01031973
v -0.02181855 -0.01211730 -0.00843053
v -0.02258002 -0.01018468 -0.00628213
v -0.02075343 -0.01417443 -0.01074519
v -0.01989161 -0.01233312 -0.01229402
v -0.01932661 -0.01626427 -0.01313222
v -0.01845447 -0.01458947 -0.01436062
v -0.01757362 -0.01824767 -0.01535771
v -0.01839143 -0.02008458 -0.01432703
v -0.01671955 -0.01662755 -0.01635815
v -0.01545130 -0.02001280 -0.01750540
v -0.01621332 -0.02174669 -0.01676585
v -0.01691444 -0.02357482 -0.01601228
v -0.01372199 -0.02320079 -0.01884776
v -0.01435822 -0.02487804 -0.01834464
v -0.01499171 -0.02676134 -0.01785270
v -0.01147761 -0.02596739 -0.02026332
v -0.01200971 -0.02768419 -0.01995953
v -0.01251545 -0.02955431 -0.01968414
v -0.00876539 -0.02843663 -0.02160627
v -0.00916218 -0.03020909 -0.02147028
v -0.00954169 -0.03212072 -0.02130784
v -0.00558308 -0.03066271 -0.02267322
v -0.00585383 -0.03247521 -0.02260926
v -0.00610584 -0.03450646 -0.02251787
v -0.00201874 -0.03266466 -0.02325684
v -0.00217579 -0.03469689 -0.02324725
v 0.00184222 -0.03267882 -0.02328700
v -0.00187653 -0.03090587 -0.02326486
v 0.00188866 -0.03090880 -0.02327294
v 0.00564202 -0.03253527 -0.02266131
v 0.00558349 -0.03071202 -0.02267466
v 0.00927679 -0.03223302 -0.02143646
v 0.00911584 -0.03030138 -0.02149480
v 0.01267565 -0.03172716 -0.01962253
v 0.01243639 -0.02967882 -0.01975977
v 0.01574120 -0.03119347 -0.01722981
v 0.01544274 -0.02892638 -0.01750620
v 0.01805859 -0.02812657 -0.01477708
v 0.01839410 -0.03055138 -0.01435763
v 0.02019744 -0.02725792 -0.01172900
v 0.02054516 -0.02986779 -0.01111572
v 0.02177447 -0.02638829 -0.00838907
v 0.02206017 -0.02927697 -0.00759635
v 0.02285845 -0.02556700 -0.00482156
v 0.02304668 -0.02870226 -0.00361507
v 0.02318328 -0.03178917 -0.00275847
v 0.02322381 -0.03491905 -0.00223943
v 0.02321417 -0.03427550 0.00224293
v 0.02319128 -0.03755626 0.00244249
v 0.02238238 -0.03394054 0.00670348
v 0.02240234 -0.03738976 0.00657889
v 0.02244915 -0.04088780 0.00643436
v 0.02066625 -0.03446837 0.01090350
v 0.02076525 -0.03777892 0.01062805
v 0.02087438 -0.04114025 0.01043203
v 0.01808990 -0.03515880 0.01479439
v 0.01777319 -0.03235558 0.01515648
v 0.01441326 -0.03301134 0.01837530
v 0.01735174 -0.02975890 0.01562604
v 0.01403338 -0.03067638 0.01868214
v 0.01017248 -0.03143907 0.02105101
v 0.01356030 -0.02842736 0.01898862
v 0.00981579 -0.02938634 0.02118909
v 0.00564275 -0.03010216 0.02267594
v 0.00941052 -0.02746495 0.02137115
v 0.00540246 -0.02834337 0.02272591
v 0.00110723 -0.02876671 0.02333672
v 0.00515191 -0.02677794 0.02277948
v 0.00101659 -0.02725450 0.02335072
v -0.00315003 -0.02720763 0.02316232
v 0.00095574 -0.02574083 0.02336070
v -0.00305732 -0.02566564 0.02318889
v -0.00692573 -0.02513536 0.02231337
v -0.00295509 -0.02413195 0.02322154
v -0.00663666 -0.02351915 0.02241143
v -0.01002210 -0.02243517 0.02111954
v -0.00663410 -0.02240197 0.02321156
v -0.00994752 -0.02113683 0.02192236
v -0.01288593 -0.01952306 0.02025905
v -0.01057673 -0.02080870 0.02350613
v -0.01364252 -0.01894298 0.02190241
v -0.01623688 -0.01676232 0.02002944
v -0.01439039 -0.01834777 0.02366350
v -0.01709205 -0.01583605 0.02195519
v -0.01922767 -0.01322374 0.02003324
v -0.02077705 -0.01067882 0.01790140
v -0.01798035 -0.01485704 0.02411611
v -0.02025233 -0.01161095 0.02227343
v -0.02168183 -0.00871447 0.02026709
v -0.02251124 -0.00619200 0.01780878
v -0.02306995 -0.00365978 0.01960195
v -0.02337928 -0.00055529 0.02118632
v -0.02334412 0.00150624 0.01829412
v -0.02318488 0.00302430 0.02247230
v -0.02290894 0.00463954 0.01960160
v -0.02250843 0.00625673 0.01684970
v -0.02200965 0.00777919 0.02078638
v -0.02147517 0.00910096 0.01827285
v -0.02088544 0.01036122 0.01599129
v -0.02008448 0.01185048 0.01974854
v -0.01946686 0.01288368 0.01764931
v -0.01877601 0.01390614 0.01571313
v -0.01700910 0.01602382 0.01751809
v -0.01766187 0.01525575 0.01934544
v -0.01482893 0.01809657 0.01919658
v -0.01542292 0.01753749 0.02094102
v -0.01229304 0.01988075 0.02075076
v -0.01249543 0.02102333 0.01975590
v -0.01280274 0.01953798 0.02235021
v -0.00943830 0.02138075 0.02208730
v -0.00967176 0.02252284 0.02126434
v -0.01024586 0.02409120 0.02097513
v -0.00653400 0.02366444 0.02243690
v -0.00693665 0.02518202 0.02230364
v -0.00729969 0.02666932 0.02217776
v -0.00334858 0.02587928 0.02313210
v -0.00353834 0.02734364 0.02308681
v -0.00372852 0.02878261 0.02303750
v 0.00031060 0.02756044 0.02338589
v 0.00029376 0.02904677 0.02337405
v 0.00027319 0.03070936 0.02337846
v 0.00414953 0.02740809 0.02299588
v 0.00429229 0.02891639 0.02296638
v 0.00444500 0.03062440 0.02293378
v 0.00809423 0.02841737 0.02190518
v 0.00839782 0.03019227 0.02179744
v 0.00867168 0.03211122 0.02169237
v 0.01198394 0.02950624 0.02005877
v 0.01237457 0.03151698 0.01982693
v 0.01273846 0.03376307 0.01959984
v 0.01559014 0.03087782 0.01738128
v 0.01600829 0.03327479 0.01702618
v 0.01637988 0.03587733 0.01666840
v 0.01872161 0.03274257 0.01400535
v 0.01906774 0.03549940 0.01353738
v 0.02077392 0.03217616 0.01070950
v 0.02105621 0.03511464 0.01013544
v 0.02042370 0.02934803 0.01139828
v 0.02193292 0.02864296 0.00803155
v 0.02220794 0.03157362 0.00724561
v 0.02309350 0.03105653 0.00346707
v 0.02335156 0.03108192 -0.00095829
v 0.02261730 0.02887733 -0.00579820
v 0.02263653 0.03178358 -0.00570607
v 0.02097393 0.02982313 -0.01026646
v 0.02109710 0.03263319 -0.01001643
v 0.02113531 0.03551747 -0.00991187
v 0.01884057 0.03331971 -0.01376891
v 0.01891381 0.03602382 -0.01369769
v 0.01884393 0.03886366 -0.01371217
v 0.01608263 0.03637636 -0.01692958
v 0.01601196 0.03912831 -0.01695165
v 0.01585918 0.04200428 -0.01709538
v 0.01275341 0.03930995 -0.01955992
v 0.01261376 0.04208290 -0.01963520
v 0.01280883 0.03665077 -0.01953863
v 0.00921075 0.03686708 -0.02144291
v 0.00918664 0.03943739 -0.02146078
v 0.00535662 0.03705946 -0.02272014
v 0.00536230 0.03955116 -0.02271823
v 0.00533025 0.03479628 -0.02272007
v 0.00131335 0.03495155 -0.02329348
v 0.00131139 0.03303016 -0.02329959
v -0.00270667 0.03302968 -0.02319434
v -0.00276838 0.03494618 -0.02317928
v -0.00666914 0.03280946 -0.02235682
v -0.00679401 0.03477089 -0.02230564
v -0.01063880 0.03447938 -0.02078649
v -0.01044837 0.03238612 -0.02089098
v -0.00651496 0.03098866 -0.02241216
v -0.01020045 0.03046522 -0.02100271
v -0.01389326 0.03182460 -0.01876071
v -0.01357563 0.02970595 -0.01898898
v -0.00991865 0.02867714 -0.02112248
v -0.01322224 0.02783485 -0.01922025
v -0.00961475 0.02703602 -0.02126249
v -0.01282362 0.02602577 -0.01949014
v -0.01566450 0.02485487 -0.01727227
v -0.00931696 0.02556581 -0.02140222
v -0.01242902 0.02445057 -0.01974401
v -0.01518000 0.02310731 -0.01769243
v -0.01199653 0.02291639 -0.02000592
v -0.01466364 0.02143788 -0.01815529
v -0.01149634 0.02136171 -0.02032571
v -0.01404688 0.01976991 -0.01865875
v -0.01629798 0.01799550 -0.01675096
v -0.01408564 0.01864491 -0.01968773
v -0.01632551 0.01674110 -0.01789303
v -0.01824512 0.01463759 -0.01601401
v -0.01708387 0.01592128 -0.01964299
v -0.01902570 0.01353602 -0.01778580
v -0.02056556 0.01107509 -0.01572530
v -0.01973640 0.01243007 -0.01969000
v -0.02125300 0.00968251 -0.01779158
v -0.02230494 0.00690077 -0.01585291
v -0.02187550 0.00813954 -0.02017749
v -0.02281947 0.00490516 -0.01834407
v -0.02326777 0.00215516 -0.01637496
v -0.02318592 -0.00273986 -0.01655141
v -0.02335291 -0.00026280 -0.01420332
v -0.02268885 -0.00553673 -0.01809134
v -0.02287635 -0.00468907 -0.01358411
v -0.02221424 -0.00720714 -0.01517175
v -0.02166944 -0.00872863 -0.01261917
v -0.02170777 -0.00853185 -0.01947342
v -0.02115565 -0.00985558 -0.01688287
v -0.02055701 -0.01112609 -0.01447813
v -0.01908875 -0.01346007 -0.01642703
v -0.01974628 -0.01243419 -0.01864572
v -0.01730598 -0.01566710 -0.01834161
v -0.01792933 -0.01493126 -0.02037320
v -0.01518763 -0.01775695 -0.01999958
v -0.01470258 -0.01846837 -0.01819827
v -0.01575843 -0.01721154 -0.02194236
v -0.01277308 -0.01956652 -0.02149669
v -0.01236646 -0.02011925 -0.01983802
v -0.01303693 -0.02156407 -0.01937531
v -0.00979139 -0.02150109 -0.02121398
v -0.01035902 -0.02288146 -0.02091892
v -0.01095527 -0.02442052 -0.02057616
v -0.00747883 -0.02389757 -0.02212540
v -0.00794624 -0.02537657 -0.02194976
v -0.00835273 -0.02683507 -0.02177674
v -0.00475166 -0.02607189 -0.02284695
v -0.00504395 -0.02748448 -0.02278264
v -0.00529633 -0.02892003 -0.02272540
v -0.00157020 -0.02777697 -0.02328925
v -0.00171644 -0.02920421 -0.02327088
v 0.00190405 -0.02920372 -0.02326163
v 0.00191229 -0.02776720 -0.02327073
v 0.00548425 -0.02896300 -0.02268978
v 0.00536871 -0.02749230 -0.02271248
v 0.00892382 -0.02849864 -0.02155424
v 0.00869384 -0.02687657 -0.02165241
v 0.01215130 -0.02777501 -0.01992960
v 0.01182104 -0.02600157 -0.02013002
v 0.01509344 -0.02690343 -0.01778292
v 0.01466387 -0.02493077 -0.01813369
v 0.01766015 -0.02586583 -0.01524174
v 0.01716906 -0.02369982 -0.01579092
v 0.01977398 -0.02470812 -0.01241096
v 0.01928887 -0.02232091 -0.01312142
v 0.02091052 -0.02094200 -0.01031244
v 0.02139849 -0.02355626 -0.00932078
v 0.02211993 -0.01957384 -0.00743095
v 0.02254351 -0.02246349 -0.00611456
v 0.02292699 -0.01825499 -0.00448722
v 0.02319836 -0.02130382 -0.00279981
v 0.02330022 -0.01681163 -0.00156930
v 0.02338018 -0.01987755 0.00044881
v 0.02335320 -0.02463927 -0.00094675
v 0.02334741 -0.01513634 0.00105860
v 0.02313464 -0.01818956 0.00321646
v 0.02265484 -0.01617931 0.00564696
v 0.02192370 -0.01905577 0.00806548
v 0.02071484 -0.02137169 0.01079008
v 0.02115447 -0.01658702 0.00996416
v 0.01981359 -0.01888097 0.01234119
v 0.01787847 -0.02101134 0.01500907
v 0.01869109 -0.02335070 0.01394196
v 0.01894854 -0.01667296 0.01366517
v 0.01706970 -0.01882726 0.01596621
v 0.01473101 -0.02090880 0.01813951
v 0.01630004 -0.01678185 0.01702189
v 0.01399645 -0.01917833 0.01873247
v 0.01129168 -0.02112560 0.02047274
v 0.01450536 -0.01830724 0.02040449
v 0.01159216 -0.02026183 0.02194724
v 0.00826653 -0.02187755 0.02318816
v 0.01217504 -0.01991075 0.02365460
v 0.00868896 -0.02168419 0.02479710
v 0.00485552 -0.02283947 0.02555886
v 0.00906609 -0.02152062 0.02636614
v 0.00508697 -0.02277941 0.02707909
v 0.00084679 -0.02335704 0.02731112
v 0.00525457 -0.02274523 0.02857513
v 0.00084271 -0.02335704 0.02876286
v -0.00361066 -0.02305577 0.02854179
v -0.00341114 -0.02309874 0.02704984
v 0.00082714 -0.02335851 0.03054188
v -0.00383942 -0.02301720 0.03030447
v -0.00828327 -0.02181066 0.02970035
v -0.00786195 -0.02196642 0.02787134
v 0.00081970 -0.02336095 0.03236324
v -0.00403730 -0.02300450 0.03217139
v -0.00866523 -0.02169249 0.03167739
v -0.01285718 -0.01949620 0.03095884
v -0.01231287 -0.01979991 0.02882317
v -0.00422913 -0.02296691 0.03424512
v -0.00902290 -0.02155089 0.03381979
v -0.01333961 -0.01914708 0.03325665
v -0.01706306 -0.01591857 0.03263214
v -0.01653583 -0.01649230 0.03011966
v -0.00936256 -0.02139904 0.03626974
v -0.01377552 -0.01883556 0.03589459
v -0.01749787 -0.01545958 0.03540559
v -0.02039161 -0.01137120 0.03471879
v -0.02009919 -0.01185607 0.03175703
v -0.01413740 -0.01857872 0.03870592
v -0.01782355 -0.01505724 0.03837868
v -0.02056977 -0.01098693 0.03792413
v -0.02236372 -0.00666857 0.03754417
v -0.01806837 -0.01475939 0.04149638
v -0.02071418 -0.01072032 0.04124898
v -0.02241614 -0.00652062 0.04101279
v -0.02083796 -0.01054650 0.04461319
v -0.02247321 -0.00640392 0.04451514
v -0.02320612 -0.00229796 0.04112160
v -0.02319794 -0.00227257 0.03772345
v -0.02322980 -0.00205187 0.03447504
v -0.02320966 0.00231288 0.03829469
v -0.02318354 0.00266542 0.03525452
v -0.02312330 0.00325770 0.03225292
v -0.02235242 0.00673134 0.03870664
v -0.02225989 0.00704872 0.03571617
v -0.02209797 0.00755311 0.03276073
v -0.02184388 0.00820741 0.02991772
v -0.02298646 0.00414979 0.02934145
v -0.02057764 0.01106923 0.03602273
v -0.02038752 0.01141884 0.03321281
v -0.02010603 0.01187684 0.03049137
v -0.01974030 0.01242714 0.02799859
v -0.02153284 0.00902479 0.02716725
v -0.01799763 0.01489930 0.03366087
v -0.01771509 0.01522255 0.03113619
v -0.01736311 0.01560780 0.02879315
v -0.01696674 0.01602626 0.02662646
v -0.01932154 0.01309852 0.02554356
v -0.01475941 0.01811073 0.03172858
v -0.01445155 0.01833339 0.02953296
v -0.01410194 0.01859169 0.02757617
v -0.01369056 0.01888124 0.02569597
v -0.01649012 0.01650038 0.02456041
v -0.01081751 0.02068837 0.02841181
v -0.01050861 0.02085194 0.02668674
v -0.01019233 0.02101356 0.02514307
v -0.00699854 0.02227577 0.02746906
v -0.00679157 0.02235194 0.02599214
v -0.00657020 0.02242421 0.02452580
v -0.00316907 0.02315761 0.02649101
v -0.00308765 0.02318495 0.02504282
v -0.00301667 0.02321034 0.02372350
v 0.00047649 0.02338466 0.02516116
v 0.00039947 0.02339393 0.02383210
v 0.00037328 0.02459755 0.02339883
v 0.00373480 0.02307997 0.02349725
v 0.00384234 0.02436464 0.02306210
v 0.00401428 0.02591591 0.02302470
v 0.00714959 0.02368202 0.02224291
v 0.00750872 0.02531532 0.02211082
v 0.00780138 0.02685194 0.02200992
v 0.01070995 0.02429970 0.02076369
v 0.01115136 0.02591298 0.02051909
v 0.01157037 0.02761268 0.02029175
v 0.01409515 0.02473134 0.01857693
v 0.01462823 0.02661268 0.01818098
v 0.01512627 0.02865809 0.01779003
v 0.01664849 0.02344081 0.01635387
v 0.01724975 0.02554091 0.01569846
v 0.01779662 0.02775428 0.01512260
v 0.01827837 0.03015272 0.01452632
v 0.01940698 0.02431434 0.01299062
v 0.01994091 0.02679481 0.01217482
v 0.02108794 0.02312147 0.01001163
v 0.02155334 0.02584706 0.00896247
v 0.02231231 0.02203846 0.00694440
v 0.02050176 0.02048378 0.01117493
v 0.02176049 0.01908095 0.00841495
v 0.02113329 0.01651161 0.00993285
v 0.02213946 0.01490175 0.00746969
v 0.02268591 0.01781825 0.00557926
v 0.02281866 0.01339882 0.00505289
v 0.02316906 0.01648671 0.00300385
v 0.02336102 0.01448036 0.00056363
v 0.02328497 0.01678261 -0.00197920
v 0.02330840 0.01208436 -0.00167255
v 0.02300134 0.01413563 -0.00412231
v 0.02277557 0.01864979 -0.00513032
v 0.02317999 0.02152284 -0.00285037
v 0.02228564 0.01606825 -0.00695073
v 0.02163647 0.02047401 -0.00872868
v 0.02212292 0.02310927 -0.00744258
v 0.02040197 0.02464833 -0.01137608
v 0.02077398 0.02720350 -0.01066549
v 0.01809637 0.02603895 -0.01474745
v 0.01843377 0.02831190 -0.01431476
v 0.01868487 0.03068397 -0.01398464
v 0.01566583 0.02920057 -0.01732149
v 0.01587499 0.03141737 -0.01709641
v 0.01601659 0.03380702 -0.01697082
v 0.01265551 0.03198720 -0.01962896
v 0.01277386 0.03414833 -0.01955357
v 0.00909411 0.03246425 -0.02152216
v 0.00917736 0.03449110 -0.02147832
v 0.00896288 0.03055995 -0.02155592
v 0.00520397 0.03100136 -0.02274093
v 0.00527959 0.03281581 -0.02274404
v 0.00509765 0.02927577 -0.02274310
v 0.00128942 0.02959218 -0.02329708
v 0.00129809 0.03127430 -0.02329896
v -0.00254328 0.02960438 -0.02321553
v -0.00262458 0.03125526 -0.02320712
v -0.00632972 0.02929091 -0.02246138
v -0.00246625 0.02816346 -0.02322557
v -0.00613563 0.02775038 -0.02252153
v -0.00237073 0.02677675 -0.02324191
v -0.00593476 0.02634901 -0.02258996
v -0.00569642 0.02494374 -0.02267258
v -0.00897523 0.02409511 -0.02156501
v -0.00544440 0.02354432 -0.02274780
v -0.00861945 0.02264686 -0.02173087
v -0.00546052 0.02275331 -0.02348745
v -0.00864497 0.02172889 -0.02257878
v -0.01153779 0.02031434 -0.02130469
v -0.00908839 0.02153016 -0.02398959
v -0.01211317 0.01994130 -0.02279039
v -0.01480256 0.01805995 -0.02132057
v -0.01263453 0.01961073 -0.02431306
v -0.01542402 0.01747108 -0.02298722
v -0.01777869 0.01511122 -0.02144959
v -0.01599122 0.01694569 -0.02466258
v -0.01844111 0.01425673 -0.02336905
v -0.02042829 0.01129823 -0.02185381
v -0.01909467 0.01342665 -0.02559113
v -0.02103773 0.01014882 -0.02423993
v -0.01964100 0.01263319 -0.02790736
v -0.02154340 0.00898475 -0.02689279
v -0.02240858 0.00652479 -0.02280558
v -0.02008454 0.01191835 -0.03034938
v -0.02190748 0.00808436 -0.02954078
v -0.02047407 0.01127430 -0.03300809
v -0.02216608 0.00734608 -0.03226983
v -0.02306196 0.00375331 -0.02853809
v -0.02313880 0.00311317 -0.03147074
v -0.02233747 0.00670204 -0.03521333
v -0.02316590 0.00263563 -0.03455850
v -0.02328596 -0.00135411 -0.03426347
v -0.02332752 -0.00125206 -0.03099007
v -0.02273316 -0.00529650 -0.03133257
v -0.02267060 -0.00561876 -0.02835244
v -0.02274976 -0.00512999 -0.03453286
v -0.02155769 -0.00898497 -0.03197508
v -0.02141334 -0.00931066 -0.02903939
v -0.02116584 -0.00988097 -0.02632048
v -0.01963740 -0.01262657 -0.02982123
v -0.01934547 -0.01306847 -0.02726810
v -0.01896455 -0.01358263 -0.02483081
v -0.01706562 -0.01592198 -0.02815809
v -0.01670917 -0.01627843 -0.02598310
v -0.01625123 -0.01672667 -0.02387123
v -0.01407478 -0.01859923 -0.02695839
v -0.01368256 -0.01886583 -0.02505245
v -0.01327686 -0.01918077 -0.02328613
v -0.01084199 -0.02066808 -0.02612289
v -0.01052094 -0.02084337 -0.02448652
v -0.01011140 -0.02106017 -0.02279151
v -0.00754029 -0.02208605 -0.02542084
v -0.00725806 -0.02219249 -0.02376951
v -0.00704127 -0.02255724 -0.02227674
v -0.00423835 -0.02297325 -0.02440134
v -0.00413660 -0.02327794 -0.02299261
v -0.00442036 -0.02459288 -0.02293199
v -0.00114985 -0.02362950 -0.02333370
v -0.00129774 -0.02492345 -0.02331653
v -0.00143409 -0.02639025 -0.02330010
v 0.00188897 -0.02491613 -0.02328812
v 0.00191119 -0.02637706 -0.02328128
v 0.00522704 -0.02603331 -0.02274564
v 0.00503399 -0.02456114 -0.02281533
v 0.00843438 -0.02535314 -0.02177478
v 0.00812920 -0.02383947 -0.02191451
v 0.01147857 -0.02439318 -0.02033950
v 0.01105486 -0.02279845 -0.02059531
v 0.01422192 -0.02318419 -0.01848755
v 0.01374297 -0.02149620 -0.01886445
v 0.01666869 -0.02179113 -0.01632169
v 0.01611437 -0.01997521 -0.01687661
v 0.01871337 -0.02023155 -0.01391004
v 0.01809258 -0.01821935 -0.01477533
v 0.02034148 -0.01857970 -0.01142473
v 0.01972936 -0.01641857 -0.01249219
v 0.02160064 -0.01698400 -0.00881910
v 0.02101916 -0.01462023 -0.01009319
v 0.02202898 -0.01293419 -0.00767284
v 0.02252404 -0.01544396 -0.00612412
v 0.02277343 -0.01131700 -0.00521330
v 0.02308788 -0.01393907 -0.00346353
v 0.02320324 -0.00968126 -0.00275563
v 0.02334887 -0.01230382 -0.00093032
v 0.02330993 -0.01048204 0.00146457
v 0.02309564 -0.01325743 0.00346847
v 0.02334539 -0.00791320 -0.00038953
v 0.02307201 -0.00855333 0.00371804
v 0.02265942 -0.01123448 0.00565866
v 0.02204327 -0.01397423 0.00773518
v 0.02212866 -0.00919249 0.00761160
v 0.02137151 -0.01181407 0.00953087
v 0.02034173 -0.01431017 0.01154395
v 0.02120300 -0.00985460 0.01131387
v 0.01986614 -0.01231407 0.01312738
v 0.01825286 -0.01463488 0.01509326
v 0.02064166 -0.01090441 0.01510860
v 0.01905309 -0.01349572 0.01694646
v 0.01702123 -0.01600695 0.01877697
v 0.01978661 -0.01234532 0.01903497
v 0.01772680 -0.01517394 0.02070549
v 0.01518432 -0.01770958 0.02223917
v 0.01837310 -0.01437267 0.02271283
v 0.01577044 -0.01716417 0.02410690
v 0.01266814 -0.01960070 0.02534173
v 0.01634106 -0.01664806 0.02615038
v 0.01314422 -0.01927745 0.02715553
v 0.00940533 -0.02136388 0.02799593
v 0.01357140 -0.01899523 0.02913481
v 0.00975549 -0.02121154 0.02987243
v 0.00544762 -0.02271251 0.03037344
v 0.01006939 -0.02108507 0.03186968
v 0.00561773 -0.02267638 0.03224105
v 0.00576244 -0.02261095 0.03431493
v 0.00080322 -0.02334972 0.03440891
v 0.00078106 -0.02334532 0.03666488
v -0.00441920 -0.02292784 0.03654891
v 0.00075115 -0.02335167 0.03924886
v -0.00459412 -0.02289366 0.03914864
v -0.00965455 -0.02126378 0.03894568
v -0.00475397 -0.02283312 0.04194707
v -0.00991279 -0.02112120 0.04180720
v -0.01442408 -0.01833458 0.04165054
v -0.01014362 -0.02104943 0.04487547
v -0.01468714 -0.01819005 0.04480894
v -0.01826081 -0.01456212 0.04473563
v -0.01490638 -0.01804552 0.04800886
v -0.01843201 -0.01439855 0.04800886
v -0.02093684 -0.01042052 0.04800886
v -0.02252894 -0.00629357 0.04800886
v -0.01854804 -0.00526183 0.04800886
v -0.01458057 -0.00466075 0.04800886
v -0.01503767 -0.00178331 0.04800886
v -0.01913172 -0.00177501 0.04800886
v -0.02330653 -0.00214464 0.04800886
v -0.02325068 -0.00226036 0.04455243
v -0.02330445 0.00219569 0.04800886
v -0.02326496 0.00213221 0.04471463
v -0.02322596 0.00214247 0.04147317
v -0.02245051 0.00651747 0.04487060
v -0.02241444 0.00655214 0.04175682
v -0.02075941 0.01070106 0.04192277
v -0.02068665 0.01083241 0.03893999
v -0.01836811 0.01442909 0.04203324
v -0.01830567 0.01450624 0.03911993
v -0.01819953 0.01466151 0.03625575
v -0.01527936 0.01767177 0.03930127
v -0.01517670 0.01776845 0.03654311
v -0.01499451 0.01791981 0.03407684
v -0.01162061 0.02027284 0.03682802
v -0.01150422 0.02033827 0.03438185
v -0.01132874 0.02042909 0.03225054
v -0.01108857 0.02056093 0.03023889
v -0.00748566 0.02212880 0.03265240
v -0.00735371 0.02218007 0.03081791
v -0.00718684 0.02221278 0.02904654
v -0.00335169 0.02312587 0.03111877
v -0.00330891 0.02311757 0.02941541
v -0.00323878 0.02313905 0.02792521
v 0.00069830 0.02335341 0.02948436
v 0.00060754 0.02336464 0.02801445
v 0.00053655 0.02337391 0.02658911
v 0.00441833 0.02293153 0.02770783
v 0.00420440 0.02297499 0.02628889
v 0.00398254 0.02302577 0.02485933
v 0.00769293 0.02205604 0.02561466
v 0.00731597 0.02218739 0.02413823
v 0.00693066 0.02232362 0.02274962
v 0.01040160 0.02091053 0.02308767
v 0.00988665 0.02118300 0.02164760
v 0.01018633 0.02261268 0.02104488
v 0.01258343 0.01972206 0.02022386
v 0.01294738 0.02123915 0.01947735
v 0.01355108 0.02298280 0.01901120
v 0.01536114 0.01966835 0.01761435
v 0.01602667 0.02152626 0.01697234
v 0.01812927 0.01992323 0.01471480
v 0.01739013 0.01793104 0.01559363
v 0.01981793 0.01821473 0.01235764
v 0.01878314 0.02200966 0.01385139
v 0.01905096 0.01602430 0.01354083
v 0.01691937 0.01614735 0.01679898
v 0.01860387 0.01417177 0.01485132
v 0.02044897 0.01411952 0.01136105
v 0.02001397 0.01210634 0.01282051
v 0.02152758 0.01233973 0.00910733
v 0.02111639 0.01008143 0.01079801
v 0.02226031 0.00833534 0.00882135
v 0.02246526 0.01071718 0.00694651
v 0.02296691 0.00899550 0.00476820
v 0.02319097 0.01174989 0.00275745
v 0.02285741 0.00649208 0.00676042
v 0.02325536 0.00716053 0.00264324
v 0.02335760 0.00973768 0.00054293
v 0.02333147 0.00755409 -0.00152161
v 0.02310241 0.00972694 -0.00369388
v 0.02289831 0.00753358 -0.00563292
v 0.02229876 0.00961171 -0.00781558
v 0.02260638 0.01174257 -0.00604997
v 0.02113610 0.01168202 -0.01001775
v 0.02175451 0.01374745 -0.00855934
v 0.01983660 0.01395692 -0.01236103
v 0.02049767 0.01589345 -0.01121065
v 0.02109228 0.01806581 -0.01003220
v 0.01812206 0.01621522 -0.01478378
v 0.01877691 0.01806971 -0.01388192
v 0.01937151 0.02006776 -0.01301035
v 0.01665704 0.02002430 -0.01635297
v 0.01717077 0.02186757 -0.01575340
v 0.01990350 0.02227284 -0.01215511
v 0.01765081 0.02380458 -0.01521283
v 0.01456353 0.02343593 -0.01821019
v 0.01495281 0.02512001 -0.01786296
v 0.01535320 0.02712245 -0.01753880
v 0.01189965 0.02628114 -0.02002728
v 0.01220843 0.02802968 -0.01986435
v 0.00855981 0.02719716 -0.02170668
v 0.00877978 0.02878358 -0.02161279
v 0.01246557 0.02993983 -0.01973714
v 0.00834026 0.02578065 -0.02180098
v 0.00485864 0.02650282 -0.02281657
v 0.00498901 0.02786512 -0.02278486
v 0.00125109 0.02685438 -0.02330912
v 0.00127416 0.02821571 -0.02330404
v 0.00124786 0.02548817 -0.02331297
v -0.00225788 0.02540956 -0.02326144
v 0.00467840 0.02513270 -0.02288141
v 0.00120104 0.02406141 -0.02332694
v -0.00215430 0.02401210 -0.02327357
v -0.00215620 0.02328163 -0.02397142
v 0.00120892 0.02334462 -0.02401287
v -0.00225910 0.02326503 -0.02536018
v -0.00576038 0.02265321 -0.02487960
v -0.00239204 0.02323182 -0.02673666
v -0.00606080 0.02254921 -0.02626878
v -0.00951447 0.02133632 -0.02541165
v -0.00630329 0.02246180 -0.02762169
v -0.00989246 0.02115468 -0.02685687
v -0.01312543 0.01925966 -0.02585954
v -0.01028901 0.02096815 -0.02849788
v -0.01365241 0.01888905 -0.02766953
v -0.01661957 0.01639247 -0.02670818
v -0.01414155 0.01858680 -0.02960196
v -0.01715351 0.01584657 -0.02882497
v -0.01458643 0.01824696 -0.03172239
v -0.01762855 0.01530653 -0.03107134
v -0.01496912 0.01793593 -0.03397561
v -0.01805396 0.01483241 -0.03358951
v -0.01530445 0.01764637 -0.03651532
v -0.01838270 0.01438807 -0.03620369
v -0.02075971 0.01068007 -0.03578032
v -0.01865003 0.01397743 -0.03898344
v -0.02097132 0.01018886 -0.03864429
v -0.02248432 0.00617714 -0.03821878
v -0.02115144 0.00978749 -0.04171180
v -0.02261481 0.00577821 -0.04143092
v -0.02319404 0.00224305 -0.03780137
v -0.02322797 0.00189882 -0.04113045
v -0.02326783 -0.00149474 -0.03761821
v -0.02325849 -0.00168956 -0.04103940
v -0.02273157 -0.00512218 -0.03778828
v -0.02272785 -0.00525548 -0.04118914
v -0.02163758 -0.00869298 -0.03814111
v -0.02162598 -0.00878331 -0.03501410
v -0.02162910 -0.00876280 -0.04141571
v -0.01997449 -0.01210216 -0.03848904
v -0.01995594 -0.01215441 -0.03542409
v -0.01985804 -0.01232823 -0.03256284
v -0.01771705 -0.01523546 -0.03576516
v -0.01757490 -0.01538536 -0.03313016
v -0.01735279 -0.01560411 -0.03058842
v -0.01486182 -0.01802111 -0.03360653
v -0.01466334 -0.01817833 -0.03118398
v -0.01439344 -0.01836583 -0.02899559
v -0.01162141 -0.02025402 -0.03176592
v -0.01140259 -0.02037609 -0.02974630
v -0.01114008 -0.02050743 -0.02785818
v -0.00812806 -0.02188585 -0.03032169
v -0.00794257 -0.02194249 -0.02852377
v -0.00775129 -0.02201232 -0.02696611
v -0.00456281 -0.02289171 -0.02895490
v -0.00447120 -0.02291759 -0.02745726
v -0.00437891 -0.02293956 -0.02599039
v -0.00107496 -0.02334044 -0.02768585
v -0.00111097 -0.02333898 -0.02621711
v -0.00113551 -0.02333995 -0.02467067
v 0.00219769 -0.02324864 -0.02614049
v 0.00201611 -0.02327745 -0.02458463
v 0.00188708 -0.02359923 -0.02329036
v 0.00512383 -0.02280822 -0.02414574
v 0.00487890 -0.02320714 -0.02285671
v 0.00783794 -0.02244786 -0.02203023
v 0.00816833 -0.02191222 -0.02330608
v 0.01065887 -0.02133947 -0.02083107
v 0.01103576 -0.02060363 -0.02214970
v 0.01323284 -0.01988439 -0.01927017
v 0.01365185 -0.01894347 -0.02069350
v 0.01547881 -0.01822863 -0.01750729
v 0.01590179 -0.01710509 -0.01891674
v 0.01743456 -0.01639073 -0.01556309
v 0.01783764 -0.01509825 -0.01708501
v 0.01907134 -0.01448741 -0.01352625
v 0.01944647 -0.01298546 -0.01512035
v 0.02042974 -0.01256456 -0.01137918
v 0.02068554 -0.01089171 -0.01302768
v 0.02161742 -0.00889611 -0.01084106
v 0.02151672 -0.01076280 -0.00915360
v 0.02236651 -0.00694786 -0.00857614
v 0.02237194 -0.00902111 -0.00684860
v 0.02299285 -0.00506066 -0.00631648
v 0.02300897 -0.00727159 -0.00452379
v 0.02329308 -0.00546056 -0.00220194
v 0.02325256 -0.00313683 -0.00403035
v 0.02337756 -0.00358458 0.00007336
v 0.02329479 -0.00601671 0.00188014
v 0.02336749 -0.00120275 -0.00179514
v 0.02334478 -0.00165636 0.00229343
v 0.02317004 -0.00409825 0.00409436
v 0.02282287 -0.00660704 0.00584216
v 0.02327752 -0.00218322 0.00635303
v 0.02293841 -0.00469493 0.00804514
v 0.02222314 -0.00727111 0.00966042
v 0.02320727 -0.00272863 0.01043201
v 0.02271270 -0.00538634 0.01196237
v 0.02184893 -0.00815489 0.01347742
v 0.02310436 -0.00334728 0.01447951
v 0.02246368 -0.00634923 0.01592319
v 0.02132439 -0.00941661 0.01744529
v 0.02296069 -0.00430333 0.01861765
v 0.02196575 -0.00787218 0.01993612
v 0.02044592 -0.01125353 0.02125202
v 0.02248675 -0.00632091 0.02265672
v 0.02097796 -0.01023497 0.02376456
v 0.01896777 -0.01357482 0.02495769
v 0.02146343 -0.00918370 0.02644886
v 0.01945940 -0.01287999 0.02734782
v 0.01682769 -0.01617101 0.02824651
v 0.01985998 -0.01224669 0.02986172
v 0.01725616 -0.01571447 0.03063551
v 0.01397064 -0.01871154 0.03126884
v 0.01763116 -0.01532482 0.03312307
v 0.01433294 -0.01845275 0.03361826
v 0.01034356 -0.02094347 0.03401917
v 0.01464831 -0.01820226 0.03614507
v 0.01060137 -0.02081456 0.03646215
v 0.00588757 -0.02257530 0.03663142
v 0.01082800 -0.02070714 0.03913979
v 0.00600359 -0.02255919 0.03923592
v 0.00609692 -0.02253234 0.04205226
v 0.00072283 -0.02333312 0.04203270
v 0.00069714 -0.02335216 0.04498156
v -0.00489619 -0.02283654 0.04493945
v 0.00066906 -0.02337755 0.04800886
v -0.00501179 -0.02284923 0.04800886
v -0.01033002 -0.02097911 0.04800886
v -0.00436707 -0.01854405 0.04800886
v -0.00882929 -0.01703771 0.04800886
v -0.00401801 -0.01449083 0.04800886
v -0.00779108 -0.01310167 0.04800886
v -0.01264924 -0.01457872 0.04800886
v -0.00384748 -0.01058654 0.04800886
v -0.00734077 -0.00933068 0.04800886
v -0.00387000 -0.00724913 0.04800886
v -0.00729597 -0.00620421 0.04800886
v -0.01070417 -0.00514171 0.04800886
v -0.00729829 -0.00344884 0.04800886
v -0.01093427 -0.00242052 0.04800886
v -0.00718751 -0.00077941 0.04800886
v -0.01092756 0.00032264 0.04800886
v -0.01498603 0.00129725 0.04800886
v -0.01910505 0.00183729 0.04800886
v -0.01050227 0.00293348 0.04800886
v -0.01446137 0.00432264 0.04800886
v -0.01838795 0.00551210 0.04800886
v -0.02246332 0.00656434 0.04800886
v -0.01336896 0.00730165 0.04800886
v -0.01700275 0.00903602 0.04800886
v -0.02079365 0.01073280 0.04800886
v -0.02079212 0.01068153 0.04495464
v -0.01833649 0.01453553 0.04800886
v -0.01837183 0.01445106 0.04500809
v -0.01526704 0.01769569 0.04505476
v -0.01530494 0.01764540 0.04213021
v -0.01166712 0.02023768 0.04221008
v -0.01167536 0.02023524 0.03945731
v -0.00762025 0.02208095 0.03954127
v -0.00762525 0.02206727 0.03699533
v -0.00757447 0.02207557 0.03465646
v -0.00332532 0.02310829 0.03707928
v -0.00336317 0.02310048 0.03484854
v -0.00336896 0.02312147 0.03287456
v 0.00097784 0.02333632 0.03485979
v 0.00087707 0.02335389 0.03290269
v 0.00079192 0.02335682 0.03115388
v 0.00506908 0.02280751 0.03271482
v 0.00486175 0.02284364 0.03090789
v 0.00463397 0.02288026 0.02919141
v 0.00874120 0.02165126 0.03045294
v 0.00839990 0.02176552 0.02869295
v 0.00803936 0.02191298 0.02707693
v 0.01185595 0.02007216 0.02792349
v 0.01137975 0.02034120 0.02620347
v 0.01091326 0.02061024 0.02463614
v 0.01438146 0.01834120 0.02513454
v 0.01380816 0.01880018 0.02344301
v 0.01319012 0.01928163 0.02175989
v 0.01633154 0.01666639 0.02202727
v 0.01563879 0.01734266 0.02025157
v 0.01492864 0.01802675 0.01859216
v 0.01774346 0.01517567 0.01855460
v 0.01848840 0.01421180 0.02046371
v 0.01944842 0.01295350 0.01669638
v 0.02023241 0.01167518 0.01873779
v 0.02082623 0.01062294 0.01475982
v 0.02156970 0.00900721 0.01695863
v 0.02183862 0.00837880 0.01283516
v 0.02245843 0.00644618 0.01517422
v 0.02256451 0.00623866 0.01088789
v 0.02300683 0.00404139 0.01317268
v 0.02303075 0.00417177 0.00882537
v 0.02328021 0.00180897 0.01093608
v 0.02326061 0.00220448 0.00669487
v 0.02318139 0.00463319 0.00466267
v 0.02334741 -0.00021544 0.00867136
v 0.02335186 0.00027479 0.00451271
v 0.02333367 0.00272108 0.00255898
v 0.02339324 0.00075917 0.00039993
v 0.02334930 0.00312343 -0.00154081
v 0.02337219 0.00518837 0.00055066
v 0.02336871 0.00107509 -0.00368711
v 0.02322772 0.00328798 -0.00562363
v 0.02321111 0.00537636 -0.00354951
v 0.02334161 0.00127528 -0.00779354
v 0.02311395 0.00353505 -0.00970865
v 0.02291204 0.00548427 -0.00763406
v 0.02268871 0.00588905 -0.01164817
v 0.02238769 0.00772303 -0.00965598
v 0.02179565 0.00841737 -0.01360226
v 0.02115789 0.00994520 -0.01166556
v 0.02058880 0.01105751 -0.01563033
v 0.01985033 0.01236171 -0.01383672
v 0.01893096 0.01368055 -0.01772408
v 0.01814849 0.01476942 -0.01602556
v 0.01684789 0.01617909 -0.01970905
v 0.01608489 0.01696376 -0.01808539
v 0.01603356 0.01821913 -0.01699489
v 0.01365130 0.01896718 -0.01998937
v 0.01360540 0.02012245 -0.01898376
v 0.01412536 0.02177137 -0.01856466
v 0.01082256 0.02171327 -0.02072831
v 0.01122045 0.02320887 -0.02047082
v 0.00774639 0.02288905 -0.02205101
v 0.00805462 0.02434950 -0.02193308
v 0.01158965 0.02475233 -0.02022287
v 0.00449847 0.02369374 -0.02292391
v 0.00779186 0.02204921 -0.02282714
v 0.00453375 0.02293300 -0.02363787
v 0.00479754 0.02287831 -0.02505140
v 0.00129546 0.02333729 -0.02542485
v 0.00822460 0.02187880 -0.02424416
v 0.00506854 0.02280458 -0.02642578
v 0.00134625 0.02333290 -0.02678259
v 0.00140868 0.02332655 -0.02814253
v -0.00249262 0.02320741 -0.02805837
v -0.00257233 0.02319081 -0.02946791
v -0.00653760 0.02237684 -0.02905400
v -0.00265760 0.02319276 -0.03116839
v -0.00681031 0.02230946 -0.03082906
v -0.01066566 0.02079872 -0.03028911
v -0.00702277 0.02227382 -0.03265178
v -0.01101557 0.02062245 -0.03225757
v -0.00721863 0.02219471 -0.03468637
v -0.01131757 0.02044471 -0.03432950
v -0.00740333 0.02214442 -0.03696455
v -0.01160908 0.02028358 -0.03676574
v -0.00757081 0.02208339 -0.03948791
v -0.01183973 0.02013173 -0.03935537
v -0.01557392 0.01735243 -0.03921090
v -0.01202790 0.02000477 -0.04212104
v -0.01580634 0.01715175 -0.04203725
v -0.01889814 0.01368104 -0.04191983
v -0.01600690 0.01702382 -0.04499396
v -0.01909998 0.01346376 -0.04494441
v -0.02133478 0.00949940 -0.04483134
v -0.01926350 0.01328553 -0.04799114
v -0.02150159 0.00923573 -0.04799114
v -0.02272901 0.00540809 -0.04466115
v -0.02284571 0.00503749 -0.04799114
v -0.02329615 0.00157753 -0.04454149
v -0.02334846 0.00130018 -0.04799114
v -0.02328248 -0.00192443 -0.04452434
v -0.02330433 -0.00219054 -0.04799114
v -0.02271693 -0.00545568 -0.04458470
v -0.02268006 -0.00569005 -0.04799114
v -0.02158747 -0.00893077 -0.04469171
v -0.02152674 -0.00917443 -0.04799114
v -0.01987379 -0.01229454 -0.04478392
v -0.01995185 -0.01215001 -0.04160551
v -0.01976160 -0.01251085 -0.04799114
v -0.01763087 -0.01533409 -0.04485222
v -0.01771833 -0.01521007 -0.04173924
v -0.01775703 -0.01517394 -0.03872405
v -0.01500483 -0.01789562 -0.04187880
v -0.01504212 -0.01786925 -0.03893822
v -0.01499677 -0.01791954 -0.03614964
v -0.01191938 -0.02008702 -0.03912076
v -0.01188715 -0.02011388 -0.03647707
v -0.01178864 -0.02015831 -0.03397656
v -0.00844624 -0.02174230 -0.03667519
v -0.00837965 -0.02177208 -0.03431509
v -0.00828229 -0.02182433 -0.03225849
v -0.00475288 -0.02284679 -0.03455481
v -0.00471528 -0.02286681 -0.03252422
v -0.00465687 -0.02286925 -0.03069949
v -0.00100629 -0.02334825 -0.03264468
v -0.00103797 -0.02334337 -0.03085770
v -0.00105622 -0.02334191 -0.02914854
v 0.00264172 -0.02318029 -0.03073842
v 0.00250195 -0.02319054 -0.02901922
v 0.00236321 -0.02321495 -0.02755144
v 0.00604540 -0.02252794 -0.02858083
v 0.00577496 -0.02260802 -0.02713905
v 0.00547485 -0.02269347 -0.02568485
v 0.00908788 -0.02150548 -0.02637092
v 0.00865539 -0.02168614 -0.02485637
v 0.01163024 -0.02023497 -0.02372308
v 0.01217004 -0.01988585 -0.02529917
v 0.01434533 -0.01840050 -0.02233087
v 0.01496685 -0.01787120 -0.02399962
v 0.01671929 -0.01627306 -0.02071468
v 0.01744396 -0.01545275 -0.02255096
v 0.01868670 -0.01399132 -0.01895492
v 0.01949139 -0.01281261 -0.02088569
v 0.02025878 -0.01161779 -0.01697428
v 0.02104919 -0.01008995 -0.01896825
v 0.02141003 -0.00931603 -0.01490074
v 0.02208764 -0.00754259 -0.01694910
v 0.02223663 -0.00715099 -0.01272760
v 0.02276415 -0.00519152 -0.01476192
v 0.02284625 -0.00502648 -0.01045618
v 0.02318762 -0.00292150 -0.01240450
v 0.02321124 -0.00295128 -0.00816931
v 0.02337182 -0.00077648 -0.01006170
v 0.02336120 -0.00093517 -0.00589722
v 0.02337438 -0.00066320 -0.01430222
v 0.02332446 0.00150184 -0.01194435
v 0.02329925 0.00183192 -0.01615434
v 0.02302996 0.00394716 -0.01382554
v 0.02284509 0.00478505 -0.01800537
v 0.02237133 0.00670399 -0.01571851
v 0.02186608 0.00815565 -0.01981724
v 0.02124462 0.00967421 -0.01761978
v 0.02034020 0.01148964 -0.02154495
v 0.01965575 0.01258925 -0.01955225
v 0.01821832 0.01457655 -0.02321086
v 0.01755084 0.01538368 -0.02141840
v 0.01554980 0.01739491 -0.02470366
v 0.01497381 0.01790077 -0.02305507
v 0.01435937 0.01840028 -0.02151101
v 0.01197875 0.02004628 -0.02450183
v 0.01144311 0.02037587 -0.02303834
v 0.00864355 0.02168886 -0.02565770
v 0.01087896 0.02071864 -0.02160299
v 0.01247747 0.01973182 -0.02602263
v 0.00902166 0.02153212 -0.02710978
v 0.00939623 0.02137831 -0.02867445
v 0.00552593 0.02269374 -0.02929100
v 0.00530853 0.02274696 -0.02782473
v 0.00574798 0.02264247 -0.03098225
v 0.00156512 0.02331532 -0.03122287
v 0.00148248 0.02331239 -0.02953979
v 0.00162676 0.02331434 -0.03297844
v -0.00275227 0.02319276 -0.03293582
v -0.00283039 0.02317274 -0.03490022
v 0.00168401 0.02330507 -0.03492341
v -0.00289667 0.02316835 -0.03711890
v 0.00174322 0.02330018 -0.03712848
v 0.00177569 0.02329042 -0.03957276
v -0.00296796 0.02315321 -0.03957601
v 0.00180022 0.02327675 -0.04221653
v -0.00302131 0.02313319 -0.04222459
v -0.00770087 0.02202284 -0.04218811
v -0.00306763 0.02315858 -0.04507726
v -0.00780750 0.02201161 -0.04505756
v -0.01218519 0.01993983 -0.04502513
v -0.00788068 0.02202235 -0.04799114
v -0.01229029 0.01990223 -0.04799114
v -0.01615583 0.01692225 -0.04799114
v -0.01031934 0.01623329 -0.04799114
v -0.01370283 0.01378309 -0.04799114
v -0.01654963 0.01074501 -0.04799114
v -0.01160444 0.01063270 -0.04799114
v -0.01428059 0.00813905 -0.04799114
v -0.01871088 0.00735292 -0.04799114
v -0.00984730 0.00737880 -0.04799114
v -0.01251704 0.00534706 -0.04799114
v -0.00840839 0.00433436 -0.04799114
v -0.01113142 0.00262245 -0.04799114
v -0.01389826 0.00073573 -0.04799114
v -0.00980299 -0.00012267 -0.04799114
v -0.01268934 -0.00185216 -0.04799114
v -0.01686701 -0.00092736 -0.04799114
v -0.01582325 -0.00352257 -0.04799114
v -0.01998273 -0.00184777 -0.04799114
v -0.01917792 -0.00481505 -0.04799114
v -0.01792200 -0.00777013 -0.04799114
v -0.01453449 -0.00614708 -0.04799114
v -0.01625556 -0.01061779 -0.04799114
v -0.01296955 -0.00869298 -0.04799114
v -0.01423872 -0.01325597 -0.04799114
v -0.01748286 -0.01552745 -0.04799114
v -0.01116181 -0.01107775 -0.04799114
v -0.01196223 -0.01554503 -0.04799114
v -0.01473969 -0.01817833 -0.04799114
v -0.01159327 -0.02031066 -0.04799114
v -0.01176325 -0.02018224 -0.04495438
v -0.01490168 -0.01800695 -0.04491264
v -0.01188386 -0.02010118 -0.04197313
v -0.00833717 -0.02180724 -0.04498388
v -0.00842066 -0.02174864 -0.04203079
v -0.00845960 -0.02174767 -0.03924998
v -0.00472584 -0.02283165 -0.04206498
v -0.00476496 -0.02284581 -0.03933442
v -0.00476710 -0.02284239 -0.03680221
v -0.00089735 -0.02334532 -0.03936436
v -0.00093201 -0.02334435 -0.03686452
v -0.00097089 -0.02334777 -0.03464314
v 0.00300970 -0.02314366 -0.03678718
v 0.00291283 -0.02315441 -0.03454787
v 0.00278503 -0.02318419 -0.03251720
v 0.00695532 -0.02226964 -0.03656549
v 0.00677807 -0.02232726 -0.03426741
v 0.00657421 -0.02240538 -0.03218213
v 0.00634161 -0.02244054 -0.03033068
v 0.01023425 -0.02100792 -0.03169381
v 0.00988488 -0.02116759 -0.02970787
v 0.00948779 -0.02134337 -0.02790206
v 0.01319524 -0.01925402 -0.02895062
v 0.01269567 -0.01955724 -0.02698673
v 0.01560546 -0.01729698 -0.02589150
v 0.01622259 -0.01677697 -0.02796537
v 0.01818157 -0.01462706 -0.02461042
v 0.01884106 -0.01382286 -0.02678541
v 0.02028539 -0.01155284 -0.02306842
v 0.02098455 -0.01024767 -0.02534218
v 0.02180602 -0.00831456 -0.02116935
v 0.02269610 -0.00549523 -0.01916370
v 0.02316082 -0.00294054 -0.01676873
v 0.02339037 -0.00046300 -0.01858751
v 0.02319305 0.00275526 -0.02040743
v 0.02280486 0.00499403 -0.02475610
v 0.02240966 0.00664589 -0.02217503
v 0.02142944 0.00926942 -0.02618118
v 0.02092681 0.01037782 -0.02378998
v 0.01937487 0.01304091 -0.02746176
v 0.01882623 0.01378602 -0.02527825
v 0.01666418 0.01634755 -0.02856701
v 0.01613952 0.01685487 -0.02660917
v 0.01341827 0.01911415 -0.02957243
v 0.01296545 0.01941591 -0.02774453
v 0.01385723 0.01880067 -0.03161998
v 0.01008593 0.02106971 -0.03228939
v 0.00974456 0.02123231 -0.03041639
v 0.01037493 0.02092567 -0.03433811
v 0.00613769 0.02251698 -0.03471447
v 0.00595855 0.02257899 -0.03276173
v 0.00631066 0.02247450 -0.03698175
v 0.01063781 0.02079335 -0.03670926
v 0.00644189 0.02243690 -0.03947235
v 0.01085259 0.02068251 -0.03930348
v 0.00653246 0.02238856 -0.04217172
v 0.01099828 0.02059950 -0.04208822
v 0.00658794 0.02240175 -0.04504319
v 0.00180694 0.02330018 -0.04507472
v 0.00661028 0.02245790 -0.04799114
v 0.00179778 0.02333046 -0.04799114
v -0.00310242 0.02318641 -0.04799114
v -0.00254792 0.01893007 -0.04799114
v -0.00654249 0.01797596 -0.04799114
v -0.00195441 0.01485585 -0.04799114
v -0.00533289 0.01407460 -0.04799114
v -0.00859766 0.01263124 -0.04799114
v -0.00413813 0.01021327 -0.04799114
v -0.00705689 0.00903553 -0.04799114
v -0.00568598 0.00572108 -0.04799114
v -0.00294379 0.00665126 -0.04799114
v -0.00435499 0.00268886 -0.04799114
v -0.00703107 0.00146962 -0.04799114
v -0.00561506 -0.00127208 -0.04799114
v -0.00842573 -0.00272570 -0.04799114
v -0.00689753 -0.00516320 -0.04799114
v -0.00983082 -0.00682482 -0.04799114
v -0.01136726 -0.00439464 -0.04799114
v -0.00814545 -0.00911779 -0.04799114
v -0.00528889 -0.00757579 -0.04799114
v -0.00636835 -0.01131310 -0.04799114
v -0.00916547 -0.01320177 -0.04799114
v -0.00372962 -0.01009337 -0.04799114
v -0.00241010 -0.01287413 -0.04799114
v 0.00026690 -0.01242003 -0.04799114
v -0.00145167 -0.01612072 -0.04799114
v -0.00106354 -0.00928673 -0.04799114
v 0.00162920 -0.00861779 -0.04799114
v -0.00254639 -0.00647716 -0.04799114
v 0.00013067 -0.00566368 -0.04799114
v 0.00276312 -0.00487169 -0.04799114
v -0.00141480 -0.00289904 -0.04799114
v 0.00123132 -0.00209728 -0.04799114
v 0.00384625 -0.00124767 -0.04799114
v -0.00029639 0.00066737 -0.04799114
v 0.00235699 0.00139052 -0.04799114
v 0.00497155 0.00227528 -0.04799114
v 0.00094647 0.00415419 -0.04799114
v 0.00354345 0.00480653 -0.04799114
v 0.00606902 0.00573036 -0.04799114
v 0.00241143 0.00742958 -0.04799114
v -0.00025080 0.00715516 -0.04799114
v 0.00165228 0.01089442 -0.04799114
v -0.00120319 0.01081923 -0.04799114
v 0.00141900 0.01500087 -0.04799114
v 0.00155840 0.01908436 -0.04799114
v 0.00547686 0.01845204 -0.04799114
v 0.00922295 0.01698475 -0.04799114
v 0.01113335 0.02059852 -0.04799114
v 0.01512255 0.01786268 -0.04799114
v 0.01109515 0.02057997 -0.04500668
v 0.01507201 0.01786952 -0.04493694
v 0.01835674 0.01447303 -0.04484324
v 0.01496294 0.01794325 -0.04193749
v 0.01825878 0.01457118 -0.04173379
v 0.02079174 0.01064442 -0.04149769
v 0.01810394 0.01476405 -0.03874470
v 0.02067419 0.01086415 -0.03832495
v 0.02238268 0.00650428 -0.03778035
v 0.02247784 0.00632704 -0.04116603
v 0.02050726 0.01125087 -0.03532209
v 0.02228637 0.00690370 -0.03464099
v 0.02322454 0.00220595 -0.03377053
v 0.02323406 0.00194178 -0.03724503
v 0.02212237 0.00750184 -0.03159017
v 0.02022833 0.01173231 -0.03250991
v 0.02184100 0.00825819 -0.02875041
v 0.01983892 0.01232509 -0.02984250
v 0.01754333 0.01543641 -0.03325325
v 0.01713726 0.01586171 -0.03082121
v 0.01787200 0.01506386 -0.03583082
v 0.01454156 0.01829335 -0.03631593
v 0.01422723 0.01854188 -0.03386757
v 0.01479186 0.01809413 -0.03905156
v 0.02315020 -0.00263780 -0.03698961
v 0.02314605 -0.00263146 -0.04065965
v 0.02323870 0.00181581 -0.04080962
v 0.02317046 -0.00275450 -0.03339157
v 0.02210815 -0.00746886 -0.03393893
v 0.02320141 0.00266346 -0.03047906
v 0.02192742 -0.00802062 -0.03062070
v 0.02218340 -0.00714562 -0.03729859
v 0.02019427 -0.01174718 -0.03473026
v 0.02037573 -0.01136583 -0.03789981
v 0.02226324 -0.00701378 -0.04086600
v 0.02047778 -0.01119103 -0.04120569
v 0.02229809 -0.00702062 -0.04442033
v 0.02318939 -0.00265831 -0.04432290
v 0.02324407 -0.00269689 -0.04799114
v 0.02328881 0.00177186 -0.04438655
v 0.02332879 0.00180116 -0.04799114
v 0.02251769 0.00626356 -0.04455235
v 0.02254101 0.00627284 -0.04799114
v 0.02085668 0.01055751 -0.04472526
v 0.02088244 0.01055507 -0.04799114
v 0.01887225 0.00518641 -0.04799114
v 0.01728741 0.00873915 -0.04799114
v 0.01839904 0.01445839 -0.04799114
v 0.01515313 0.01193593 -0.04799114
v 0.01390215 0.00691493 -0.04799114
v 0.01206591 0.00949159 -0.04799114
v 0.01250518 0.01471180 -0.04799114
v 0.01064935 0.00507948 -0.04799114
v 0.00892266 0.00731776 -0.04799114
v 0.00768511 0.00347792 -0.04799114
v 0.01211163 0.00250624 -0.04799114
v 0.00919640 0.00105653 -0.04799114
v 0.01542071 0.00396571 -0.04799114
v 0.01646459 0.00077772 -0.04799114
v 0.01976153 0.00140516 -0.04799114
v 0.01988012 -0.00244200 -0.04799114
v 0.01916381 -0.00627648 -0.04799114
v 0.02230041 -0.00709532 -0.04799114
v 0.02049786 -0.01129064 -0.04799114
v 0.01755615 -0.00986388 -0.04799114
v 0.01791839 -0.01505284 -0.04799114
v 0.01525707 -0.01287657 -0.04799114
v 0.01293377 -0.01064073 -0.04799114
v 0.01239556 -0.01539073 -0.04799114
v 0.01032110 -0.01259239 -0.04799114
v 0.01091192 -0.00810607 -0.04799114
v 0.00845611 -0.00966124 -0.04799114
v 0.00930212 -0.00545568 -0.04799114
v 0.00683935 -0.00675743 -0.04799114
v 0.00786529 -0.00278722 -0.04799114
v 0.01049224 -0.00149864 -0.04799114
v 0.01324780 -0.00025890 -0.04799114
v 0.00532806 -0.00391564 -0.04799114
v 0.00644329 -0.00023107 -0.04799114
v 0.00581854 -0.01094152 -0.04799114
v 0.00427569 -0.00781505 -0.04799114
v 0.00744482 -0.01412364 -0.04799114
v 0.00442809 -0.01521349 -0.04799114
v 0.00306487 -0.01184239 -0.04799114
v 0.00573052 -0.01868663 -0.04799114
v 0.00227782 -0.01943126 -0.04799114
v 0.00139459 -0.01584630 -0.04799114
v 0.00917510 -0.01733800 -0.04799114
v 0.01102825 -0.02065099 -0.04799114
v 0.00705926 -0.02230870 -0.04799114
v 0.01470751 -0.01820616 -0.04799114
v 0.01475921 -0.01813536 -0.04480093
v 0.01108001 -0.02056652 -0.04487363
v 0.01794048 -0.01496788 -0.04472361
v 0.01791222 -0.01495714 -0.04146623
v 0.01472070 -0.01810411 -0.04164642
v 0.02050750 -0.01119982 -0.04460059
v 0.01460088 -0.01821447 -0.03871176
v 0.01107360 -0.02055968 -0.04181919
v 0.01778899 -0.01510460 -0.03838434
v 0.01755505 -0.01539952 -0.03540239
v 0.01436456 -0.01839415 -0.03589883
v 0.01403704 -0.01864073 -0.03328049
v 0.01079113 -0.02073790 -0.03626941
v 0.01097186 -0.02063732 -0.03895910
v 0.01719311 -0.01578136 -0.03265739
v 0.01675140 -0.01626476 -0.03022854
v 0.01987023 -0.01225548 -0.03182982
v 0.01943395 -0.01297130 -0.02917828
v 0.01365209 -0.01893224 -0.03104168
v 0.01054296 -0.02085802 -0.03384736
v 0.00708776 -0.02223448 -0.03916103
v 0.00309039 -0.02313634 -0.03930099
v 0.00714556 -0.02218468 -0.04194385
v 0.00312621 -0.02311046 -0.04203006
v 0.00713842 -0.02222863 -0.04493450
v 0.00310943 -0.02314220 -0.04497571
v 0.00305157 -0.02318566 -0.04799114
v -0.00086591 -0.02334191 -0.04499566
v -0.00088850 -0.02336632 -0.04799114
v -0.00100855 -0.01965929 -0.04799114
v -0.00455604 -0.02296202 -0.04799114
v -0.00465791 -0.02290099 -0.04499843
v -0.00822242 -0.02189073 -0.04799114
v -0.00086994 -0.02331993 -0.04206879
v -0.00169196 0.00353602 -0.04799114
v -0.00293647 -0.00015197 -0.04799114
v -0.00409809 -0.00385802 -0.04799114
v 0.02335503 -0.00065538 0.01286014
v 0.02329870 0.00164003 0.01536050
v 0.02334649 -0.00102745 0.01717467
v 0.02296856 0.00426161 0.01772436
v 0.02224523 0.00712245 0.01943074
v 0.02099090 0.01027821 0.02100215
v 0.02163085 0.00886805 0.02348164
v 0.01920019 0.01325428 0.02251176
v 0.01985552 0.01230848 0.02481567
v 0.01763757 0.01526796 0.02602650
v 0.01818853 0.01465272 0.02821853
v 0.02041277 0.01140809 0.02718041
v 0.01863647 0.01405848 0.03051692
v 0.02084960 0.01059559 0.02963160
v 0.01904357 0.01350575 0.03307718
v 0.02116943 0.00990858 0.03236375
v 0.02261211 0.00588368 0.03157992
v 0.02141534 0.00934999 0.03526064
v 0.02270983 0.00535927 0.03473022
v 0.02329626 0.00140419 0.03109192
v 0.02310607 -0.00342198 0.03140173
v 0.02301476 -0.00384386 0.02846121
v 0.02327056 0.00121815 0.03432504
v 0.02313543 -0.00315489 0.03452624
v 0.02216406 -0.00736241 0.03504099
v 0.02201434 -0.00778673 0.03201456
v 0.02329626 0.00100624 0.03770266
v 0.02315362 -0.00300988 0.03783913
v 0.02226299 -0.00704503 0.03818031
v 0.02063097 -0.01094591 0.03846721
v 0.02316131 -0.00293419 0.04116389
v 0.02234637 -0.00679308 0.04139759
v 0.02079266 -0.01063683 0.04160052
v 0.01840575 -0.01437853 0.04172813
v 0.02094024 -0.01037950 0.04477673
v 0.01859966 -0.01414952 0.04484960
v 0.01535992 -0.01760948 0.04491787
v 0.01877203 -0.01394640 0.04800886
v 0.01553606 -0.01747911 0.04800886
v 0.01130077 -0.02048986 0.04800886
v 0.01320452 -0.01381017 0.04800886
v 0.00954937 -0.01643126 0.04800886
v 0.00521514 -0.01821447 0.04800886
v 0.00814739 -0.01253868 0.04800886
v 0.00438372 -0.01421202 0.04800886
v 0.00018426 -0.01488683 0.04800886
v 0.00365551 -0.01043126 0.04800886
v -0.00007978 -0.01103722 0.04800886
v -0.00036213 -0.00768810 0.04800886
v 0.00304412 -0.00714220 0.04800886
v -0.00059785 -0.00464659 0.04800886
v -0.00389521 -0.00433556 0.04800886
v -0.00078498 -0.00185509 0.04800886
v -0.00380677 -0.00163780 0.04800886
v -0.00097694 0.00084559 0.04800886
v -0.00361842 0.00090077 0.04800886
v -0.00684351 0.00170204 0.04800886
v -0.00340375 0.00329335 0.04800886
v -0.00617329 0.00391688 0.04800886
v -0.00966071 0.00546864 0.04800886
v -0.01177900 0.00999012 0.04800886
v -0.01496833 0.01224501 0.04800886
v -0.00973664 0.01230555 0.04800886
v -0.01238776 0.01498866 0.04800886
v -0.01518354 0.01780311 0.04800886
v -0.00932575 0.01717811 0.04800886
v -0.01147932 0.02038807 0.04800886
v -0.01159382 0.02029139 0.04509037
v -0.00735053 0.02221180 0.04800886
v -0.00747633 0.02213368 0.04510506
v -0.00756727 0.02208827 0.04225787
v -0.00307954 0.02315712 0.04510121
v -0.00318494 0.02313221 0.04225856
v -0.00326826 0.02312098 0.03956570
v 0.00132568 0.02329481 0.04221411
v 0.00120947 0.02332948 0.03954317
v 0.00109246 0.02333387 0.03707239
v 0.00563592 0.02265712 0.03945348
v 0.00545721 0.02269911 0.03694682
v 0.00526373 0.02274257 0.03469841
v 0.00961413 0.02129970 0.03674847
v 0.00934722 0.02141005 0.03435596
v 0.00905700 0.02154432 0.03234455
v 0.01307604 0.01935389 0.03396400
v 0.01271337 0.01960096 0.03184746
v 0.01230474 0.01983583 0.02981182
v 0.01592895 0.01706532 0.03125669
v 0.01547582 0.01750477 0.02905247
v 0.01495434 0.01791053 0.02703186
v 0.01633563 0.01669618 0.03359593
v 0.01339471 0.01914540 0.03650074
v 0.01668176 0.01635585 0.03617523
v 0.01937157 0.01304970 0.03575524
v 0.01692815 0.01603749 0.03895904
v 0.01959747 0.01263368 0.03863467
v 0.02155853 0.00893495 0.03825565
v 0.01978881 0.01236024 0.04173064
v 0.02168823 0.00864393 0.04148529
v 0.02278545 0.00496473 0.03791296
v 0.02285821 0.00474159 0.04123336
v 0.02330181 0.00087098 0.04109971
v 0.02292468 0.00456337 0.04461237
v 0.02334826 0.00075526 0.04455673
v 0.02318908 -0.00293761 0.04459504
v 0.02338543 0.00064882 0.04800886
v 0.02242516 -0.00660948 0.04468603
v 0.02298895 0.00442567 0.04800886
v 0.01904205 0.00310780 0.04800886
v 0.01934954 -0.00020763 0.04800886
v 0.01541863 0.00121913 0.04800886
v 0.01578405 -0.00190929 0.04800886
v 0.01221697 -0.00108800 0.04800886
v 0.01291204 -0.00416173 0.04800886
v 0.01400689 -0.00740978 0.04800886
v 0.01139434 -0.01016808 0.04800886
v 0.01598541 -0.01068322 0.04800886
v 0.01013628 -0.00663829 0.04800886
v 0.00708978 -0.00884923 0.04800886
v 0.00927410 -0.00346349 0.04800886
v 0.00626806 -0.00560021 0.04800886
v 0.00549981 -0.00257042 0.04800886
v 0.00247295 -0.00403234 0.04800886
v 0.00848284 -0.00047325 0.04800886
v 0.00475481 0.00014052 0.04800886
v 0.00198235 -0.00125743 0.04800886
v 0.00147173 0.00143788 0.04800886
v 0.00393749 0.00273085 0.04800886
v 0.00094146 0.00403700 0.04800886
v -0.00118671 0.00340175 0.04800886
v -0.00147797 0.00588368 0.04800886
v -0.00325178 0.00547792 0.04800886
v 0.00037255 0.00665468 0.04800886
v -0.00213544 0.00884999 0.04800886
v -0.00325080 0.01218690 0.04800886
v -0.00041022 0.00968397 0.04800886
v -0.00112232 0.01296327 0.04800886
v -0.00176496 0.01621376 0.04800886
v -0.00451972 0.01546132 0.04800886
v 0.00118609 0.01638319 0.04800886
v 0.00135912 0.01970790 0.04800886
v 0.00423882 0.01585975 0.04800886
v 0.00510406 0.01905116 0.04800886
v 0.00602532 0.02260487 0.04800886
v 0.00867010 0.01759706 0.04800886
v 0.01026995 0.02101845 0.04800886
v 0.01017394 0.02104872 0.04499816
v 0.01409954 0.01866493 0.04800886
v 0.01400829 0.01872108 0.04496466
v 0.01384924 0.01878993 0.04197881
v 0.01728991 0.01571766 0.04491801
v 0.01713061 0.01582997 0.04187814
v 0.01991876 0.01222059 0.04485263
v 0.01738836 0.01564540 0.04800886
v 0.02000018 0.01212928 0.04800886
v 0.02179327 0.00844764 0.04473869
v 0.02186334 0.00832606 0.04800886
v 0.01662383 0.00977186 0.04800886
v 0.01813958 0.00647792 0.04800886
v 0.01349188 0.00732557 0.04800886
v 0.01468829 0.00431678 0.04800886
v 0.01049542 0.00475380 0.04800886
v 0.01147009 0.00191005 0.04800886
v 0.00758941 0.00224354 0.04800886
v 0.00918292 0.00739247 0.04800886
v 0.00653179 0.00480702 0.04800886
v 0.00535467 0.00717323 0.04800886
v 0.00308892 0.00524452 0.04800886
v 0.00758239 0.00973915 0.04800886
v 0.00210430 0.00763368 0.04800886
v 0.00974456 0.01252675 0.04800886
v 0.01185278 0.01010682 0.04800886
v 0.01187768 0.01548573 0.04800886
v 0.00719170 0.01447889 0.04800886
v 0.01452569 0.01284315 0.04800886
v 0.01364990 0.01895350 0.03915382
v 0.00983703 0.02118593 0.03931494
v 0.01002245 0.02108534 0.04206607
v 0.00578753 0.02259657 0.04214864
v 0.00592492 0.02260292 0.04504259
v 0.00144128 0.02332802 0.04507706
v 0.00154406 0.02334315 0.04800886
v -0.00296125 0.02320692 0.04800886
v -0.00237104 0.01956190 0.04800886
v -0.00588374 0.01873085 0.04800886
v -0.00727680 0.01415468 0.04800886
v 0.00044238 -0.01895177 0.04800886
v 0.00621917 -0.02254698 0.04800886
v 0.00616863 -0.02252550 0.04499384
v 0.01117144 -0.02052892 0.04497257
v 0.02106609 -0.01015831 0.04800886
v 0.01100921 -0.02060167 0.04200012
v 0.01515063 -0.01777306 0.04186681
v 0.01492754 -0.01797179 0.03894906
v 0.01819592 -0.01464366 0.03871529
v 0.01794256 -0.01496984 0.03574573
v 0.02045507 -0.01130968 0.03541087
v 0.02021764 -0.01172081 0.03257957
v 0.02178332 -0.00837999 0.02911378
v 0.01697503 0.01596180 0.02389226
v -0.01846900 -0.01424962 -0.02247176
v -0.02033430 -0.01147325 -0.02094875
v -0.02078944 -0.01064122 -0.02358001
v -0.02217951 -0.00733409 -0.02237528
v 0.00034594 0.02610682 0.02339624
v -0.00313410 0.02437977 0.02318628
v -0.00631489 0.02251259 0.02308630
v -0.00983961 0.02118055 0.02360218
v -0.01327930 0.01917030 0.02401015
v -0.01597993 0.01700233 0.02272622
v -0.01826423 0.01452284 0.02127050
v -0.01881464 0.01380360 0.02329272
v -0.02065552 0.01084413 0.02199669
v -0.02112104 0.00994618 0.02447733
v -0.02242701 0.00655604 0.02348411
v -0.02274634 0.00528993 0.02638551
v -0.02335065 0.00120155 0.02554651
v -0.02234400 -0.00679161 0.03409979
v -0.01887269 -0.01375695 0.02645262
v -0.01586762 -0.01709044 0.02779308
v -0.01513367 -0.01770275 0.02559138
v -0.01172102 -0.02013097 0.02685223
v -0.01116383 -0.02045128 0.02512611
v -0.00747712 -0.02211583 0.02629845
v -0.00708021 -0.02224816 0.02474325
v -0.00320753 -0.02314611 0.02551246
v -0.00299128 -0.02320275 0.02401111
v 0.00085387 -0.02335655 0.02579486
v 0.00084179 -0.02335802 0.02425830
v 0.00086578 -0.02418761 0.02336956
v 0.00457665 -0.02367247 0.02292783
v 0.00460571 -0.02290685 0.02396737
v 0.00486395 -0.02522814 0.02286070
v 0.00857177 -0.02418322 0.02176083
v 0.00812609 -0.02266710 0.02195472
v 0.00901452 -0.02583165 0.02155410
v 0.01247405 -0.02450255 0.01971595
v 0.01189971 -0.02275548 0.02008202
v 0.01301092 -0.02629943 0.01934598
v 0.01544714 -0.02284532 0.01746545
v 0.01613439 -0.02493029 0.01682812
v 0.01679333 -0.02728087 0.01623283
v 0.01948211 -0.02586583 0.01290704
v 0.02046844 -0.03140978 0.01128750
v -0.02243958 -0.00659825 0.00868255
v -0.02147669 -0.01037120 0.00927280
v -0.02097828 -0.01420616 0.01021477
v -0.01774091 -0.02765294 0.01518121
v -0.01810938 -0.03008019 0.01473829
v -0.01523023 -0.03081945 0.01770576
v -0.01551813 -0.03321739 0.01747604
v -0.01200269 -0.03370909 0.02004947
v -0.01219886 -0.03622423 0.01993616
v -0.00804353 -0.03648107 0.02191758
v -0.00814509 -0.03912364 0.02189214
v -0.00344703 -0.03918761 0.02309853
v -0.00346516 -0.04198351 0.02309312
v 0.00153704 -0.04192931 0.02328716
v 0.00157281 -0.04492394 0.02332660
v 0.00655309 -0.04487560 0.02244104
v 0.01121941 -0.04799572 0.02055123
v 0.01300787 -0.04799572 0.01442703
v -0.00684235 -0.04500841 -0.02234821
v -0.00691303 -0.04799572 -0.02235513
v -0.01079652 -0.04496349 -0.02071877
v -0.01064558 -0.04199572 -0.02076643
v -0.01423981 -0.04189611 -0.01847239
v -0.01402906 -0.03904064 -0.01865236
v -0.01715412 -0.03884142 -0.01577193
v -0.01688959 -0.03600939 -0.01612325
v -0.01949512 -0.03559142 -0.01283144
v -0.01916669 -0.03286974 -0.01332072
v -0.02126478 -0.03215099 -0.00969200
v -0.02095026 -0.02935460 -0.01038691
v -0.01629291 -0.04799572 0.01094086
f 1 2 3
f 1 4 2
f 1 3 5
f 1 6 7
f 1 7 4
f 8 9 10
f 8 11 9
f 8 12 13
f 8 14 12
f 8 10 14
f 15 16 17
f 15 18 16
f 15 19 18
f 15 20 21
f 15 21 22
f 23 24 25
f 23 26 24
f 23 27 28
f 23 29 27
f 23 28 30
f 31 32 33
f 31 34 32
f 31 35 36
f 31 37 35
f 31 38 37
f 39 40 41
f 39 41 42
f 39 43 44
f 39 44 45
f 39 45 46
f 47 48 49
f 47 50 48
f 47 51 52
f 47 53 51
f 54 55 56
f 54 57 55
f 54 56 58
f 54 59 60
f 54 60 57
f 61 62 63
f 61 64 65
f 61 66 67
f 68 69 70
f 68 71 72
f 68 73 69
f 74 75 76
f 74 77 78
f 74 79 77
f 80 81 82
f 80 83 84
f 80 85 83
f 86 87 88
f 86 89 87
f 86 90 91
f 92 93 94
f 92 95 96
f 92 97 98
f 99 100 101
f 99 102 100
f 99 103 104
f 105 106 107
f 105 108 109
f 105 110 108
f 111 112 113
f 111 113 114
f 111 115 116
f 117 118 119
f 117 120 121
f 117 119 122
f 123 124 125
f 123 126 127
f 123 127 128
f 129 130 131
f 129 132 133
f 129 131 134
f 135 136 137
f 135 138 139
f 135 140 138
f 141 142 143
f 141 144 145
f 141 146 147
f 148 149 150
f 148 151 152
f 148 153 154
f 155 156 157
f 155 158 156
f 155 159 160
f 160 159 161
f 160 162 163
f 160 164 158
f 165 164 166
f 165 167 168
f 165 168 169
f 168 170 171
f 168 171 172
f 172 173 169
f 172 171 174
f 172 174 175
f 175 176 173
f 175 174 177
f 175 177 178
f 178 179 176
f 178 177 180
f 178 180 179
f 181 182 183
f 181 180 184
f 181 185 182
f 186 187 188
f 186 185 189
f 186 190 187
f 191 192 193
f 191 190 194
f 191 195 192
f 196 197 192
f 196 195 198
f 196 199 200
f 200 201 197
f 200 199 202
f 200 202 203
f 203 204 201
f 203 202 205
f 203 205 206
f 206 207 204
f 206 205 208
f 206 208 209
f 209 210 207
f 209 208 211
f 209 211 212
f 212 213 210
f 212 211 214
f 212 214 213
f 215 216 217
f 215 214 218
f 215 219 216
f 220 221 222
f 220 219 223
f 220 224 225
f 225 224 45
f 225 45 226
f 225 227 221
f 228 229 222
f 228 227 230
f 228 230 231
f 231 232 233
f 231 230 234
f 231 234 235
f 235 236 232
f 235 234 237
f 235 237 238
f 238 239 236
f 238 237 240
f 238 240 241
f 241 242 239
f 241 240 243
f 241 243 244
f 244 245 246
f 244 243 247
f 244 247 245
f 248 249 250
f 248 247 251
f 248 252 249
f 253 254 255
f 253 252 256
f 253 257 254
f 258 257 259
f 258 260 261
f 258 261 262
f 262 263 254
f 262 261 264
f 262 264 265
f 265 266 263
f 265 264 188
f 265 267 268
f 268 269 266
f 268 267 270
f 268 270 271
f 271 272 269
f 271 270 273
f 271 273 274
f 274 275 272
f 274 273 276
f 274 276 125
f 276 277 278
f 276 278 126
f 279 280 281
f 279 281 282
f 279 275 283
f 283 275 124
f 283 124 128
f 283 284 280
f 285 284 286
f 285 287 288
f 285 288 289
f 288 290 291
f 288 291 292
f 292 293 289
f 292 291 294
f 292 294 139
f 294 295 296
f 294 296 136
f 296 297 246
f 296 246 137
f 295 291 298
f 295 299 297
f 293 139 138
f 293 300 281
f 300 138 301
f 300 302 282
f 298 290 303
f 298 304 299
f 303 290 287
f 303 305 233
f 303 233 232
f 306 305 307
f 306 217 216
f 306 222 229
f 307 305 286
f 307 286 308
f 307 309 213
f 308 286 128
f 308 128 127
f 308 310 309
f 273 311 277
f 270 193 311
f 302 301 312
f 267 188 187
f 312 301 313
f 312 313 255
f 313 140 250
f 313 250 249
f 264 183 182
f 261 314 183
f 260 259 157
f 260 315 314
f 259 257 161
f 259 161 159
f 256 252 316
f 256 316 162
f 316 251 317
f 316 317 163
f 317 318 319
f 317 320 163
f 321 320 322
f 321 323 166
f 321 166 164
f 324 323 325
f 324 326 327
f 324 327 167
f 327 328 329
f 327 329 170
f 329 330 331
f 329 331 332
f 331 333 334
f 331 334 335
f 335 336 332
f 335 334 337
f 335 337 338
f 338 339 336
f 338 337 340
f 338 340 341
f 341 342 339
f 341 340 343
f 341 343 342
f 344 184 180
f 344 343 345
f 344 346 184
f 347 189 185
f 347 346 132
f 347 134 189
f 348 194 190
f 348 134 131
f 348 349 194
f 350 198 195
f 350 349 351
f 350 352 198
f 353 354 199
f 353 352 355
f 353 356 354
f 357 358 354
f 357 356 359
f 357 359 360
f 360 361 358
f 360 359 362
f 360 362 363
f 363 364 361
f 363 362 365
f 363 365 366
f 366 367 364
f 366 365 368
f 366 368 369
f 369 218 367
f 369 368 370
f 369 370 371
f 371 223 218
f 371 370 372
f 371 372 373
f 373 46 224
f 373 372 374
f 373 374 40
f 374 375 376
f 374 376 377
f 376 378 379
f 376 379 380
f 380 381 377
f 380 379 382
f 380 382 383
f 383 384 381
f 383 382 385
f 383 385 386
f 386 387 384
f 386 385 388
f 386 388 389
f 389 390 387
f 389 388 391
f 389 391 392
f 392 393 390
f 392 391 394
f 392 394 393
f 395 396 397
f 395 394 398
f 395 399 396
f 400 401 402
f 400 399 403
f 400 404 401
f 405 406 407
f 405 404 408
f 405 409 406
f 410 411 406
f 410 409 412
f 410 413 414
f 414 415 411
f 414 413 58
f 414 58 56
f 416 413 417
f 416 417 418
f 416 418 59
f 418 419 420
f 418 420 421
f 420 422 423
f 420 423 424
f 424 425 421
f 424 423 426
f 424 426 427
f 427 428 425
f 427 426 429
f 427 429 430
f 430 431 428
f 430 429 432
f 430 432 433
f 433 434 431
f 433 432 435
f 433 435 436
f 436 437 434
f 436 435 438
f 436 438 439
f 439 440 437
f 439 438 441
f 439 442 440
f 443 444 445
f 443 442 446
f 443 447 444
f 448 449 450
f 448 447 451
f 448 452 449
f 452 451 453
f 452 454 455
f 454 453 456
f 454 457 119
f 457 456 458
f 457 459 122
f 460 461 462
f 460 463 122
f 460 459 464
f 464 465 461
f 464 459 466
f 464 466 467
f 467 466 468
f 467 468 469
f 467 470 465
f 471 470 472
f 471 473 474
f 471 474 475
f 474 476 477
f 474 477 478
f 478 477 479
f 478 479 462
f 478 462 475
f 480 479 481
f 480 482 483
f 480 483 463
f 483 484 121
f 483 121 120
f 485 484 486
f 485 487 488
f 485 488 118
f 488 489 449
f 488 449 455
f 489 487 490
f 489 491 450
f 492 491 493
f 492 494 445
f 492 445 444
f 495 494 496
f 495 496 497
f 495 498 445
f 497 496 499
f 497 499 500
f 497 501 498
f 500 499 502
f 500 502 503
f 500 504 501
f 503 502 505
f 503 505 506
f 503 507 504
f 506 505 508
f 506 508 509
f 506 510 507
f 508 511 512
f 508 512 57
f 512 513 514
f 512 515 513
f 516 517 518
f 516 515 519
f 516 520 517
f 521 522 523
f 521 520 524
f 521 525 522
f 526 527 528
f 526 525 529
f 526 530 527
f 531 532 533
f 531 530 534
f 531 534 535
f 535 536 537
f 535 534 538
f 535 538 536
f 539 540 541
f 539 538 150
f 539 149 540
f 541 542 543
f 541 544 536
f 541 540 542
f 545 546 547
f 545 540 152
f 545 548 546
f 549 550 551
f 549 548 552
f 549 553 550
f 554 553 555
f 554 556 557
f 554 557 558
f 558 559 550
f 558 557 560
f 558 560 561
f 561 115 114
f 561 562 559
f 561 560 115
f 563 562 564
f 563 565 566
f 563 566 551
f 566 567 547
f 566 547 546
f 568 567 569
f 568 570 543
f 568 543 542
f 571 570 572
f 571 573 574
f 571 574 544
f 574 575 576
f 574 576 537
f 576 577 533
f 576 533 532
f 578 577 579
f 578 580 528
f 578 528 527
f 581 580 582
f 581 582 523
f 581 523 522
f 583 582 584
f 583 584 518
f 583 518 517
f 585 584 586
f 585 586 55
f 585 514 513
f 586 587 588
f 586 588 589
f 588 590 591
f 588 591 592
f 592 591 593
f 592 593 594
f 592 415 589
f 593 595 596
f 593 596 597
f 597 596 598
f 597 598 599
f 597 600 594
f 599 598 601
f 599 601 407
f 599 407 600
f 602 601 603
f 602 603 604
f 602 402 401
f 604 603 605
f 604 605 606
f 604 397 402
f 606 605 607
f 606 607 608
f 606 609 397
f 608 607 610
f 608 610 611
f 608 612 609
f 611 610 613
f 611 613 614
f 611 615 612
f 614 613 616
f 614 616 42
f 614 617 615
f 616 618 619
f 616 619 43
f 619 620 621
f 619 621 622
f 621 623 624
f 621 624 625
f 625 626 622
f 625 624 627
f 625 627 628
f 628 629 626
f 628 627 630
f 628 630 631
f 631 632 629
f 631 630 633
f 631 633 634
f 634 635 632
f 634 633 636
f 634 636 637
f 637 638 635
f 637 636 639
f 637 639 640
f 640 641 638
f 640 639 642
f 640 642 643
f 643 319 641
f 643 642 322
f 643 322 320
f 644 642 645
f 644 646 325
f 644 325 323
f 647 646 648
f 647 649 650
f 647 650 326
f 650 651 652
f 650 652 328
f 652 653 654
f 652 654 330
f 654 655 656
f 654 656 333
f 656 657 658
f 656 659 660
f 659 658 661
f 659 662 660
f 663 664 660
f 663 662 665
f 663 665 666
f 666 667 664
f 666 665 668
f 666 668 669
f 669 670 667
f 669 668 671
f 669 671 672
f 672 345 670
f 672 671 673
f 672 673 133
f 673 674 130
f 673 675 674
f 676 677 678
f 676 675 679
f 676 679 677
f 680 681 682
f 680 679 683
f 680 684 681
f 685 686 687
f 685 684 688
f 685 689 686
f 690 691 692
f 690 689 693
f 690 694 691
f 695 696 697
f 695 694 698
f 695 699 696
f 700 701 702
f 700 699 703
f 700 704 701
f 705 706 707
f 705 704 708
f 705 709 706
f 710 711 712
f 710 709 713
f 710 714 711
f 715 716 717
f 715 714 718
f 715 719 716
f 720 721 722
f 720 719 723
f 720 724 721
f 725 726 727
f 725 724 728
f 725 729 726
f 730 731 726
f 730 729 732
f 730 733 734
f 734 735 731
f 734 733 736
f 734 736 737
f 737 738 735
f 737 736 739
f 737 739 740
f 740 741 742
f 740 739 743
f 740 744 741
f 745 746 398
f 745 744 747
f 745 748 746
f 749 750 403
f 749 748 751
f 749 752 750
f 753 754 408
f 753 752 755
f 753 756 754
f 757 417 412
f 757 756 758
f 757 759 417
f 759 758 760
f 759 760 422
f 760 761 762
f 760 762 763
f 762 764 765
f 762 765 766
f 766 767 763
f 766 765 768
f 766 768 769
f 769 770 767
f 769 768 771
f 769 771 772
f 772 773 770
f 772 771 774
f 772 774 775
f 775 776 773
f 775 774 777
f 775 777 778
f 778 779 776
f 778 777 780
f 778 781 779
f 782 441 438
f 782 781 783
f 782 784 441
f 785 446 442
f 785 784 786
f 785 787 446
f 788 451 447
f 788 787 789
f 788 790 451
f 790 789 791
f 790 792 453
f 792 791 793
f 792 794 456
f 794 793 795
f 794 796 458
f 795 793 797
f 795 797 798
f 795 799 796
f 799 798 800
f 799 801 468
f 801 800 802
f 801 803 469
f 804 803 805
f 804 806 472
f 804 472 470
f 807 806 808
f 807 809 810
f 807 810 473
f 810 811 812
f 810 812 476
f 812 813 814
f 812 814 815
f 814 112 816
f 814 816 817
f 817 816 818
f 817 818 819
f 817 820 815
f 819 818 821
f 819 821 481
f 819 481 479
f 822 821 823
f 822 824 825
f 822 825 482
f 825 826 486
f 825 486 484
f 827 826 828
f 827 829 490
f 827 490 487
f 830 829 831
f 830 831 832
f 830 493 491
f 832 831 833
f 832 833 834
f 832 835 493
f 834 833 836
f 834 836 837
f 834 838 835
f 837 836 839
f 837 839 840
f 837 841 838
f 840 839 842
f 840 842 843
f 840 844 841
f 843 842 519
f 843 519 515
f 843 511 844
f 845 846 524
f 845 524 520
f 845 842 847
f 848 529 525
f 848 846 76
f 848 849 529
f 850 851 530
f 850 849 852
f 850 852 853
f 853 854 851
f 853 852 855
f 853 855 856
f 856 150 854
f 856 855 857
f 856 857 153
f 857 858 859
f 857 859 153
f 859 860 861
f 859 861 862
f 862 552 154
f 862 861 555
f 862 555 553
f 863 861 864
f 863 865 824
f 863 823 556
f 865 864 866
f 865 828 826
f 866 864 867
f 866 867 868
f 866 869 828
f 868 867 870
f 868 870 871
f 868 872 869
f 871 870 78
f 871 78 77
f 871 873 872
f 874 875 876
f 874 876 75
f 874 870 877
f 877 858 875
f 877 867 860
f 876 849 75
f 846 847 79
f 847 839 878
f 836 873 878
f 823 821 879
f 818 880 879
f 816 116 880
f 811 809 881
f 811 882 813
f 882 881 883
f 882 884 113
f 884 883 885
f 884 564 114
f 885 883 886
f 885 886 887
f 885 888 564
f 888 887 889
f 888 569 565
f 889 887 890
f 889 890 572
f 889 572 570
f 891 890 892
f 891 893 894
f 891 894 573
f 894 895 896
f 894 896 575
f 896 897 579
f 896 579 577
f 898 897 899
f 898 899 900
f 898 901 579
f 900 899 902
f 900 902 903
f 900 904 901
f 903 902 905
f 903 905 590
f 903 587 904
f 905 906 907
f 905 907 908
f 907 909 910
f 907 910 908
f 911 910 912
f 911 912 913
f 911 595 908
f 912 914 915
f 912 916 913
f 917 916 918
f 917 919 920
f 917 920 913
f 921 919 922
f 921 923 924
f 921 924 920
f 925 923 926
f 925 927 928
f 925 928 601
f 929 927 930
f 929 931 932
f 929 933 928
f 932 931 934
f 932 934 935
f 932 936 933
f 935 934 937
f 935 937 938
f 935 939 936
f 938 937 940
f 938 940 941
f 938 942 939
f 941 618 942
f 941 940 943
f 941 943 620
f 943 944 945
f 943 945 623
f 945 946 947
f 945 947 948
f 947 949 950
f 947 950 951
f 951 952 948
f 951 950 953
f 951 953 954
f 954 955 952
f 954 953 956
f 954 956 957
f 957 958 955
f 957 956 959
f 957 959 960
f 960 961 958
f 960 959 962
f 960 962 963
f 963 964 961
f 963 962 965
f 963 965 966
f 966 645 964
f 966 965 648
f 966 648 646
f 967 965 968
f 967 969 970
f 967 970 649
f 970 971 972
f 970 972 651
f 972 973 974
f 972 974 653
f 974 975 976
f 974 976 655
f 976 977 978
f 976 979 657
f 979 978 980
f 979 981 657
f 981 980 982
f 981 983 658
f 983 982 984
f 983 985 661
f 986 987 662
f 986 985 34
f 986 36 987
f 988 989 987
f 988 36 990
f 988 990 991
f 991 992 989
f 991 990 993
f 991 994 992
f 994 683 995
f 994 993 996
f 996 688 684
f 996 993 997
f 996 997 688
f 998 693 689
f 998 997 999
f 998 1000 693
f 1001 698 694
f 1001 1000 1002
f 1001 1003 698
f 1004 703 699
f 1004 1003 1005
f 1004 1006 703
f 1007 708 704
f 1007 1006 1008
f 1007 1009 708
f 1010 713 709
f 1010 1009 1011
f 1010 1012 713
f 1013 718 714
f 1013 1012 1014
f 1013 1015 718
f 1016 723 719
f 1016 1015 1017
f 1016 1018 723
f 1019 728 724
f 1019 1018 1020
f 1019 1021 728
f 1022 732 729
f 1022 1021 1023
f 1022 1024 732
f 1025 1026 733
f 1025 1024 1027
f 1025 1028 1026
f 1029 1030 736
f 1029 1028 29
f 1029 25 1030
f 1031 743 739
f 1031 25 24
f 1031 1032 743
f 1033 747 744
f 1033 1032 1034
f 1033 1035 747
f 1036 751 748
f 1036 1035 1037
f 1036 1038 751
f 1039 755 752
f 1039 1038 1040
f 1039 1041 755
f 1042 758 756
f 1042 1041 1043
f 1042 1043 761
f 1043 1044 1045
f 1043 1045 764
f 1045 1046 1047
f 1045 1047 1048
f 1047 1049 1050
f 1047 1050 1051
f 1051 1052 1048
f 1051 1050 1053
f 1051 1053 1054
f 1054 1055 1052
f 1054 1053 1056
f 1054 1056 1057
f 1057 1058 1055
f 1057 1056 1059
f 1057 1059 1060
f 1060 1061 1058
f 1060 1059 1062
f 1060 1063 1061
f 1064 780 777
f 1064 1063 1065
f 1064 1066 780
f 1067 783 781
f 1067 1066 1068
f 1067 1069 783
f 1070 786 784
f 1070 1069 1071
f 1070 1072 786
f 1073 789 787
f 1073 1072 1074
f 1073 1075 789
f 1075 1074 1076
f 1075 1077 791
f 1076 1074 1078
f 1076 1078 1079
f 1076 1080 1077
f 1080 1079 49
f 1080 1081 797
f 1081 49 48
f 1081 1082 798
f 1082 48 1083
f 1082 1084 800
f 1084 1083 1085
f 1084 1086 802
f 1087 1086 1088
f 1087 1089 805
f 1087 805 803
f 1090 1089 1091
f 1090 1092 808
f 1090 808 806
f 1093 1092 1094
f 1093 1095 881
f 1093 881 809
f 1094 1092 1096
f 1094 1096 1097
f 1094 1098 1095
f 1098 1097 1099
f 1098 1100 886
f 1099 1097 1101
f 1099 1101 1102
f 1099 892 1100
f 1102 1101 1103
f 1102 1103 1104
f 1102 1105 892
f 1105 1104 1106
f 1105 1107 895
f 1107 1106 1108
f 1107 1108 897
f 1109 1106 1110
f 1109 1111 1112
f 1109 1112 1108
f 1113 1111 1114
f 1113 1115 909
f 1113 906 1112
f 1115 1114 1116
f 1115 1117 1118
f 1117 1116 1119
f 1117 1120 1118
f 1121 1120 1122
f 1121 1123 914
f 1121 914 1118
f 1123 1122 1124
f 1123 1125 915
f 1126 1125 1127
f 1126 1128 918
f 1126 918 916
f 1129 1128 1130
f 1129 1131 922
f 1129 922 919
f 1132 1131 1133
f 1132 1134 926
f 1132 926 923
f 1135 1134 1136
f 1135 1137 930
f 1135 930 927
f 1138 1137 11
f 1138 13 1139
f 1138 1140 930
f 1139 13 12
f 1139 1141 1142
f 1139 1142 1140
f 1143 1144 1142
f 1143 1141 1145
f 1143 1146 1147
f 1147 944 1144
f 1147 1146 1148
f 1147 1148 946
f 1148 1149 1150
f 1148 1150 949
f 1150 1151 1152
f 1150 1152 1153
f 1152 1154 1155
f 1152 1155 1156
f 1156 1157 1153
f 1156 1155 1158
f 1156 1158 1159
f 1159 1160 1157
f 1159 1158 1161
f 1159 1161 1162
f 1162 1163 1160
f 1162 1161 1164
f 1162 1164 1165
f 1165 1166 1163
f 1165 1164 1167
f 1165 1167 1168
f 1168 968 1166
f 1168 1167 1169
f 1168 1169 969
f 1169 1170 1171
f 1169 1171 971
f 1171 1172 1173
f 1171 1173 973
f 1173 1174 1175
f 1173 1175 975
f 1175 1176 1177
f 1175 1177 977
f 1177 1178 1179
f 1177 1179 978
f 1179 1180 1181
f 1179 1181 978
f 1181 1182 1183
f 1181 1184 980
f 1184 1183 1185
f 1184 1186 982
f 1186 1185 1187
f 1186 1188 984
f 1188 1187 1189
f 1188 1190 1191
f 1190 1189 1192
f 1190 1193 32
f 1193 1192 1194
f 1193 1194 1195
f 1195 1196 38
f 1195 1194 1197
f 1195 1197 1198
f 1198 1199 1200
f 1198 1197 1201
f 1198 1201 1202
f 1202 1203 1199
f 1202 1201 1204
f 1202 1204 1205
f 1205 1206 1203
f 1205 1204 1207
f 1205 1207 1208
f 1208 1209 1206
f 1208 1207 1210
f 1208 1210 1211
f 1211 1212 1209
f 1211 1210 1213
f 1211 1213 1214
f 1214 1215 1212
f 1214 1213 1216
f 1214 1216 1217
f 1217 1218 1219
f 1217 1216 1220
f 1217 1220 1218
f 1221 1222 1223
f 1221 1220 1224
f 1221 1225 1222
f 1226 1227 1228
f 1226 1225 1229
f 1226 1230 1227
f 1231 1232 1233
f 1231 1230 1234
f 1231 1235 1232
f 1236 1237 1238
f 1236 1235 1239
f 1236 1240 1237
f 1241 1242 1237
f 1241 1240 1243
f 1241 1244 1242
f 1245 1244 1246
f 1245 1247 1248
f 1245 1248 1249
f 1249 1250 1242
f 1249 1248 1251
f 1249 1251 1252
f 1252 1253 30
f 1252 1251 1254
f 1252 1255 1253
f 1256 1257 1258
f 1256 1255 1259
f 1256 1260 1257
f 1261 1262 1263
f 1261 1260 1264
f 1261 1265 1262
f 1266 1267 1268
f 1266 1265 1269
f 1266 1270 1267
f 1271 1272 1273
f 1271 1270 1274
f 1271 1274 1275
f 1275 1276 1272
f 1275 1274 1277
f 1275 1277 1278
f 1278 1279 1276
f 1278 1277 1280
f 1278 1280 1281
f 1281 1282 1279
f 1281 1280 1283
f 1281 1283 1284
f 1284 1285 1282
f 1284 1283 1286
f 1284 1286 1287
f 1287 1288 1285
f 1287 1286 1289
f 1287 1289 1290
f 1290 1291 1288
f 1290 1289 1292
f 1290 1292 1293
f 1293 1294 1065
f 1293 1292 1295
f 1293 1295 1294
f 1296 1297 1068
f 1296 1295 1298
f 1296 1299 1297
f 1300 1301 1071
f 1300 1299 1302
f 1300 1303 1301
f 1303 1302 1304
f 1303 1305 1078
f 1305 1304 1306
f 1305 53 1079
f 1304 1302 1307
f 1304 1307 1308
f 1308 1307 1309
f 1308 1309 1310
f 1308 1311 1306
f 1311 1310 1312
f 1311 1313 51
f 1313 1312 1314
f 1313 1314 52
f 1315 1314 1316
f 1315 1317 1318
f 1315 1318 1319
f 1318 1320 1321
f 1318 1321 1322
f 1322 1321 1323
f 1322 1323 1324
f 1322 50 1319
f 1324 1323 1325
f 1324 1326 1085
f 1324 1085 1083
f 1327 1326 1328
f 1327 1329 1088
f 1327 1088 1086
f 1330 1329 1331
f 1330 1332 1091
f 1330 1091 1089
f 1332 1331 1333
f 1332 1334 1096
f 1333 1331 1335
f 1333 1335 1336
f 1333 1337 1334
f 1336 1335 1338
f 1336 1338 1339
f 1336 1340 1337
f 1340 1339 1341
f 1340 1342 1103
f 1342 1341 1343
f 1342 1110 1104
f 1343 1341 1344
f 1343 1345 1114
f 1343 1114 1111
f 1345 1344 1346
f 1345 1347 1116
f 1347 1346 1348
f 1347 1348 1119
f 1349 1348 1350
f 1349 1351 1122
f 1349 1122 1120
f 1351 1350 1352
f 1351 1353 1124
f 1354 1353 1355
f 1354 1356 1127
f 1354 1127 1125
f 1357 1356 1358
f 1357 1359 1130
f 1357 1130 1128
f 1360 1359 1361
f 1360 1362 1133
f 1360 1133 1131
f 1363 1362 1364
f 1363 1365 1136
f 1363 1136 1134
f 1365 1364 1366
f 1365 1367 1368
f 1367 1366 1369
f 1367 1370 9
f 1370 1369 1371
f 1370 1372 1373
f 1374 1372 1375
f 1374 1376 1377
f 1374 1378 10
f 1378 1377 1379
f 1378 1379 1380
f 1379 1381 1382
f 1379 1382 1383
f 1383 1384 14
f 1383 1382 1385
f 1383 1385 1386
f 1386 1387 1384
f 1386 1385 1388
f 1386 1388 1389
f 1389 1390 1387
f 1389 1388 1391
f 1389 1391 1392
f 1392 1393 1390
f 1392 1391 1394
f 1392 1394 1395
f 1395 1396 1393
f 1395 1394 1397
f 1395 1397 1398
f 1398 1399 1396
f 1398 1397 1400
f 1398 1400 1401
f 1401 1402 1399
f 1401 1400 1403
f 1401 1403 1404
f 1404 1405 1402
f 1404 1403 1406
f 1404 1406 1407
f 1407 1170 1405
f 1407 1406 1408
f 1407 1408 1172
f 1408 1409 1410
f 1408 1410 1174
f 1410 1411 1412
f 1410 1412 1176
f 1412 1413 1414
f 1412 1414 1178
f 1414 1415 1416
f 1414 1416 1180
f 1416 1417 1418
f 1416 1418 1182
f 1418 1419 1420
f 1418 1420 1182
f 1420 1421 1422
f 1420 1422 1183
f 1422 1423 1424
f 1422 1425 1185
f 1425 1424 1426
f 1425 1427 1187
f 1427 1426 1428
f 1427 1429 1189
f 1429 1428 1430
f 1429 1430 1431
f 1430 1432 1433
f 1430 1433 1434
f 1434 1435 1431
f 1434 1433 1436
f 1434 1436 1437
f 1437 1438 1435
f 1437 1436 1439
f 1437 1439 1440
f 1440 1441 1438
f 1440 1439 1442
f 1440 1442 1443
f 1443 1444 1441
f 1443 1442 1445
f 1443 1445 1446
f 1446 1447 1444
f 1446 1445 1448
f 1446 1448 1449
f 1449 1450 1447
f 1449 1448 1451
f 1449 1451 1452
f 1452 1453 1450
f 1452 1451 1454
f 1452 1454 1455
f 1455 1456 1453
f 1455 1454 1457
f 1455 1457 1458
f 1458 1224 1456
f 1458 1457 1459
f 1458 1459 1460
f 1460 1229 1225
f 1460 1459 1461
f 1460 1461 1229
f 1462 1234 1230
f 1462 1461 1463
f 1462 1464 1234
f 1465 1239 1235
f 1465 1464 1466
f 1465 1467 1239
f 1468 1243 1240
f 1468 1467 1469
f 1468 1470 1243
f 1471 1246 1244
f 1471 1470 1472
f 1471 1473 1246
f 1474 1475 1247
f 1474 1473 89
f 1474 91 1475
f 1476 91 1477
f 1476 1477 1478
f 1476 1479 1475
f 1480 1481 1475
f 1480 1479 1482
f 1480 1482 1483
f 1483 1484 1481
f 1483 1482 1485
f 1483 1485 1486
f 1486 1254 1484
f 1486 1485 1487
f 1486 1487 1254
f 1488 1259 1255
f 1488 1487 1489
f 1488 1490 1259
f 1491 1264 1260
f 1491 1490 1492
f 1491 1493 1264
f 1494 1269 1265
f 1494 1493 1495
f 1494 1496 1269
f 1497 1498 1270
f 1497 1496 1499
f 1497 1499 1500
f 1500 1501 1498
f 1500 1499 1502
f 1500 1502 1503
f 1503 1504 1501
f 1503 1502 1505
f 1503 1505 1506
f 1506 1507 1504
f 1506 1505 1508
f 1506 1508 1509
f 1509 1510 1507
f 1509 1508 1511
f 1509 1511 1512
f 1512 1513 1510
f 1512 1511 1514
f 1512 1514 1515
f 1515 1516 1513
f 1515 1514 1517
f 1515 1517 1518
f 1518 1519 1516
f 1518 1517 1520
f 1518 1520 1521
f 1521 1298 1295
f 1521 1520 1522
f 1521 1522 1298
f 1522 1523 1524
f 1522 1524 1525
f 1526 1523 1527
f 1526 1528 1529
f 1526 1529 1309
f 1529 1530 1531
f 1529 1531 1309
f 1531 1532 1533
f 1531 1534 1310
f 1534 1533 1535
f 1534 1535 1536
f 1535 1537 1538
f 1535 1538 1539
f 1539 1538 1540
f 1539 1540 1541
f 1539 1316 1536
f 1541 1540 1542
f 1541 1542 1543
f 1541 1544 1317
f 1544 1543 1545
f 1544 1546 1320
f 1546 1545 1547
f 1546 1548 1549
f 1548 1547 1550
f 1548 1551 1549
f 1552 1551 1553
f 1552 1554 1555
f 1552 1555 1549
f 1556 1554 1557
f 1556 1558 1325
f 1556 1325 1323
f 1559 1558 1560
f 1559 1561 1328
f 1559 1328 1326
f 1561 1560 1562
f 1561 1563 1564
f 1562 1560 1565
f 1562 1565 1566
f 1562 1567 1563
f 1567 1566 1568
f 1567 1569 1338
f 1569 1568 1346
f 1569 1344 1339
f 1568 1566 1570
f 1568 1570 1571
f 1570 1572 1573
f 1570 1573 1574
f 1574 1573 1575
f 1574 1575 1350
f 1574 1350 1348
f 1575 1576 1577
f 1575 1577 1352
f 1578 1577 1579
f 1578 1580 1355
f 1578 1355 1353
f 1581 1580 1582
f 1581 1583 1358
f 1581 1358 1356
f 1584 1583 1585
f 1584 1586 1361
f 1584 1361 1359
f 1587 1586 1588
f 1587 1589 1364
f 1587 1364 1362
f 1589 1588 1590
f 1589 1591 1366
f 1591 1590 1592
f 1591 1593 1369
f 1593 1592 1594
f 1593 1595 1371
f 1596 1595 1597
f 1596 1598 1375
f 1596 1375 1372
f 1599 1598 1600
f 1599 1601 1602
f 1599 1602 1376
f 1602 1603 1604
f 1602 1604 1377
f 1604 1605 1606
f 1604 1606 1381
f 1606 1607 1608
f 1606 1608 1609
f 1608 1610 1611
f 1608 1611 1612
f 1612 1613 1609
f 1612 1611 1614
f 1612 1614 1615
f 1615 1616 1613
f 1615 1614 1617
f 1615 1617 1618
f 1618 1619 1616
f 1618 1617 1620
f 1618 1620 1621
f 1621 1622 1619
f 1621 1620 1623
f 1621 1623 1624
f 1624 1625 1622
f 1624 1623 1626
f 1624 1626 1627
f 1627 1628 1625
f 1627 1626 1629
f 1627 1629 1630
f 1630 1631 1628
f 1630 1629 1632
f 1630 1632 1633
f 1633 1634 1631
f 1633 1632 1635
f 1633 1635 1636
f 1636 1409 1634
f 1636 1635 1637
f 1636 1637 1411
f 1637 1638 1639
f 1637 1639 1413
f 1639 1640 1641
f 1639 1641 1415
f 1641 1642 1643
f 1641 1643 1417
f 1643 1644 1645
f 1643 1645 1419
f 1645 1646 1647
f 1645 1647 1421
f 1647 1648 1649
f 1647 1649 1423
f 1649 1650 1651
f 1649 1652 1423
f 1652 1651 1653
f 1652 1654 1424
f 1654 1653 1655
f 1654 1656 1426
f 1656 1655 1657
f 1656 1657 1432
f 1657 1658 1659
f 1657 1659 1660
f 1659 1661 1662
f 1659 1662 1663
f 1663 1664 1660
f 1663 1662 1665
f 1663 1665 1666
f 1666 1667 1664
f 1666 1665 1668
f 1666 1668 1669
f 1669 1670 1667
f 1669 1668 1671
f 1669 1671 1672
f 1672 1673 1670
f 1672 1671 1674
f 1672 1674 1675
f 1675 1676 1673
f 1675 1674 1677
f 1675 1677 1678
f 1678 1679 1676
f 1678 1677 1680
f 1678 1680 1681
f 1681 1682 1679
f 1681 1680 1683
f 1681 1683 1684
f 1684 1685 1682
f 1684 1683 1686
f 1684 1686 1687
f 1687 1688 1685
f 1687 1686 1689
f 1687 1689 1690
f 1690 1691 1688
f 1690 1689 1692
f 1690 1692 1693
f 1693 1463 1691
f 1693 1692 1694
f 1693 1694 1695
f 1695 1466 1464
f 1695 1694 1696
f 1695 1696 1466
f 1697 1469 1467
f 1697 1696 1698
f 1697 1699 1469
f 1700 1472 1470
f 1700 1699 1701
f 1700 1702 1472
f 1702 1701 1703
f 1702 1704 1705
f 1704 1703 1706
f 1704 1707 87
f 1707 1706 1708
f 1707 1709 88
f 1710 1477 90
f 1710 1709 1711
f 1710 1712 1477
f 1712 1711 1713
f 1712 1714 1478
f 1715 1716 1479
f 1715 1714 1717
f 1715 1718 1716
f 1719 1720 1716
f 1719 1718 1721
f 1719 1722 1723
f 1723 1724 1720
f 1723 1722 1725
f 1723 1725 1726
f 1726 1489 1724
f 1726 1725 1727
f 1726 1727 1728
f 1728 1492 1489
f 1728 1727 1729
f 1728 1729 1730
f 1730 1495 1492
f 1730 1729 1731
f 1730 1731 1732
f 1732 1733 1495
f 1732 1731 1734
f 1732 1734 1735
f 1735 1736 1733
f 1735 1734 1737
f 1735 1737 1738
f 1738 1739 1736
f 1738 1737 1740
f 1738 1740 1741
f 1741 1742 1739
f 1741 1740 1743
f 1741 1743 1744
f 1744 1745 1742
f 1744 1743 1746
f 1744 1746 1747
f 1747 1748 1745
f 1747 1746 1749
f 1747 1749 1750
f 1750 1751 1748
f 1750 1749 1752
f 1750 1752 1753
f 1753 1754 1751
f 1753 1752 1755
f 1753 1755 1527
f 1755 1756 1757
f 1755 1757 1528
f 1757 1758 1759
f 1757 1759 1530
f 1759 1760 1761
f 1759 1761 1532
f 1761 1762 1763
f 1761 1763 1533
f 1763 1764 1765
f 1763 1765 1537
f 1765 1766 1767
f 1765 1767 1768
f 1767 1769 1770
f 1767 1770 1771
f 1771 1770 1772
f 1771 1772 1773
f 1771 1774 1768
f 1773 1772 1775
f 1773 1775 1776
f 1773 1777 1774
f 1776 1775 1778
f 1776 1778 1779
f 1776 1780 1777
f 1780 1779 1781
f 1780 1782 1542
f 1782 1781 1783
f 1782 1784 1543
f 1784 1783 1785
f 1784 1786 1545
f 1786 1785 1787
f 1786 1788 1547
f 1788 1787 1789
f 1788 1790 1550
f 1791 1790 1792
f 1791 1793 1553
f 1791 1553 1551
f 1794 1793 1795
f 1794 1796 1557
f 1794 1557 1554
f 1796 1795 1797
f 1796 1798 1799
f 1798 1797 1800
f 1798 1572 1565
f 1797 1795 1801
f 1797 1801 1802
f 1802 1801 1803
f 1802 1803 1804
f 1802 1576 1800
f 1803 1805 1806
f 1803 1806 1807
f 1807 1806 1808
f 1807 1808 1809
f 1807 1579 1577
f 1809 1808 1810
f 1809 1810 1582
f 1809 1582 1580
f 1811 1810 1812
f 1811 1813 1585
f 1811 1585 1583
f 1814 1813 1815
f 1814 1816 1588
f 1814 1588 1586
f 1816 1815 1817
f 1816 1818 1590
f 1818 1817 1819
f 1818 1820 1592
f 1820 1819 1821
f 1820 1822 1594
f 1823 1822 1824
f 1823 1825 1597
f 1823 1597 1595
f 1826 1825 1827
f 1826 1828 1600
f 1826 1600 1598
f 1829 1828 1830
f 1829 1831 1832
f 1829 1832 1601
f 1832 1833 1834
f 1832 1834 1603
f 1834 1835 1836
f 1834 1836 1605
f 1836 1837 1838
f 1836 1838 1607
f 1838 1839 1840
f 1838 1840 1610
f 1840 1841 1842
f 1840 1842 1843
f 1842 1844 1845
f 1842 1845 1846
f 1846 1847 1843
f 1846 1845 1848
f 1846 1848 1849
f 1849 1850 1847
f 1849 1848 1851
f 1849 1851 1852
f 1852 1853 1850
f 1852 1851 1854
f 1852 1854 1855
f 1855 1856 1853
f 1855 1854 1857
f 1855 1857 1858
f 1858 1859 1856
f 1858 1857 1860
f 1858 1860 1861
f 1861 1862 1859
f 1861 1860 1863
f 1861 1863 1864
f 1864 1865 1862
f 1864 1863 1866
f 1864 1866 1867
f 1867 1868 1865
f 1867 1866 1869
f 1867 1869 1870
f 1870 1638 1868
f 1870 1869 1871
f 1870 1871 1640
f 1871 1872 1873
f 1871 1873 1642
f 1873 1874 1875
f 1873 1875 1644
f 1875 1876 1877
f 1875 1877 1646
f 1877 1878 1879
f 1877 1879 1648
f 1879 1880 1881
f 1879 1881 1650
f 1881 1882 1883
f 1881 1883 1650
f 1883 1884 1885
f 1883 1885 1651
f 1885 1886 1887
f 1885 1887 1653
f 1887 1888 1889
f 1887 1889 1658
f 1888 1886 1890
f 1888 1891 1778
f 1891 1890 1892
f 1891 1893 1779
f 1893 1892 1894
f 1893 1895 1781
f 1895 1894 1896
f 1895 1897 1783
f 1897 1896 1898
f 1897 1899 1785
f 1899 1898 1900
f 1899 1901 1787
f 1901 1900 1902
f 1901 1903 1789
f 1904 1903 1905
f 1904 1906 1792
f 1904 1792 1790
f 1906 1905 1907
f 1906 1805 1908
f 1905 1903 1909
f 1905 1909 1910
f 1910 1909 1911
f 1910 1911 1912
f 1910 1913 1907
f 1912 1911 1914
f 1912 1914 1915
f 1912 1916 1913
f 1915 1914 1917
f 1915 1917 1918
f 1915 1812 1916
f 1918 1917 1919
f 1918 1919 1815
f 1918 1815 1813
f 1919 1920 1921
f 1919 1921 1817
f 1921 1922 1923
f 1921 1924 1819
f 1924 1923 1925
f 1924 1926 1821
f 1927 1926 1928
f 1927 1929 1824
f 1927 1824 1822
f 1930 1929 1931
f 1930 1932 1827
f 1930 1827 1825
f 1933 1932 1934
f 1933 1935 1830
f 1933 1830 1828
f 1936 1935 1937
f 1936 1938 1939
f 1936 1939 1831
f 1938 1937 1940
f 1938 1941 69
f 1941 1940 1942
f 1941 1943 70
f 1944 1943 1945
f 1944 1946 1947
f 1944 1947 71
f 1947 1948 1949
f 1947 1949 72
f 1949 1950 1839
f 1949 1837 72
f 1950 1948 1951
f 1950 1951 1841
f 1951 1952 1953
f 1951 1953 1844
f 1953 1954 1955
f 1953 1955 1956
f 1955 1957 1958
f 1955 1958 1959
f 1959 1958 1960
f 1959 1960 1961
f 1959 1962 1956
f 1961 1963 1962
f 1961 1960 1964
f 1961 1964 1965
f 1965 1966 1963
f 1965 1964 1967
f 1965 1967 1968
f 1968 1969 1966
f 1968 1967 1970
f 1968 1970 1971
f 1971 1972 1969
f 1971 1970 1973
f 1971 1973 1974
f 1974 1975 1972
f 1974 1973 1976
f 1974 1977 1978
f 1978 1979 1975
f 1978 1977 1980
f 1978 1980 1981
f 1981 1982 1979
f 1981 1980 1983
f 1981 1983 1984
f 1984 1872 1982
f 1984 1983 1985
f 1984 1985 1874
f 1985 1986 1987
f 1985 1987 1876
f 1987 1988 1989
f 1987 1989 1878
f 1989 1990 1991
f 1989 1991 1880
f 1991 6 1992
f 1991 1992 1882
f 1992 5 1993
f 1992 1993 1884
f 1993 1994 1890
f 1993 1890 1886
f 1994 5 3
f 1994 1995 1892
f 1995 3 1996
f 1995 1997 1894
f 1997 1996 1998
f 1997 1999 1896
f 1999 1998 2000
f 1999 2001 1898
f 2001 2000 2002
f 2001 2003 1900
f 2003 2002 2004
f 2003 2005 1902
f 2004 2002 2006
f 2004 2006 2007
f 2004 2008 2005
f 2007 2006 2009
f 2007 2009 2010
f 2007 2011 2008
f 2010 2009 2012
f 2010 2012 1922
f 2010 1920 2011
f 2012 2013 2014
f 2012 2014 1923
f 2014 2015 2016
f 2014 2016 1925
f 2016 2017 2018
f 2016 2018 2019
f 2019 2018 2020
f 2019 2021 1928
f 2019 1928 1926
f 2022 2021 2023
f 2022 2023 1931
f 2022 1931 1929
f 2024 2023 2025
f 2024 2026 1934
f 2024 1934 1932
f 2027 2026 2028
f 2027 2029 1937
f 2027 1937 1935
f 2029 2028 2030
f 2029 2030 1940
f 2030 2031 2032
f 2030 2032 1942
f 2033 2032 2034
f 2033 2034 1945
f 2033 1945 1943
f 2035 2034 2036
f 2035 2036 2037
f 2035 2038 1946
f 2038 2037 1954
f 2038 1952 1948
f 2037 2036 2039
f 2037 2039 1957
f 2039 2040 2041
f 2039 2041 2042
f 2041 2043 143
f 2041 143 142
f 2044 2045 2046
f 2044 2046 146
f 2044 2043 2047
f 2047 2048 2045
f 2047 2043 2049
f 2047 2049 2050
f 2050 2051 2048
f 2050 2049 2052
f 2050 2052 2053
f 2053 2054 2051
f 2053 2052 2055
f 2053 2055 2056
f 2056 2057 2054
f 2056 2055 2058
f 2056 2058 2059
f 2059 2060 2057
f 2059 2058 2061
f 2059 2061 98
f 2061 2062 2063
f 2061 2063 93
f 2063 2064 2065
f 2063 2065 94
f 2065 2025 2066
f 2065 2066 2067
f 2067 2068 94
f 2067 2066 2020
f 2067 2020 2069
f 2069 2070 2068
f 2069 2020 2071
f 2069 2071 2072
f 2072 2073 2070
f 2072 2071 2074
f 2072 2074 2075
f 2075 2076 2073
f 2075 2074 2077
f 2075 2077 2078
f 2078 2079 2080
f 2078 2077 2081
f 2078 2081 2082
f 2082 2083 2084
f 2082 2081 2085
f 2082 2085 2083
f 2085 2086 2087
f 2085 2087 2
f 2087 2088 1998
f 2087 1998 1996
f 2088 2086 2089
f 2088 2090 2000
f 2089 2086 2091
f 2089 2091 2092
f 2089 2093 2090
f 2092 2091 2094
f 2092 2094 2015
f 2092 2013 2093
f 2084 2095 2096
f 2084 2097 2079
f 2084 2083 2095
f 2098 2099 2095
f 2098 2083 2100
f 2098 4 2101
f 2102 2099 2103
f 2102 2104 2105
f 2102 2105 2096
f 2105 2106 2107
f 2105 2107 2108
f 2108 2107 2109
f 2108 2109 2110
f 2108 2110 2097
f 2110 2111 2112
f 2110 2112 2080
f 2112 2113 2114
f 2112 2114 2076
f 2115 2113 2116
f 2115 2117 2118
f 2115 2118 2073
f 2119 2117 2120
f 2119 2121 2122
f 2119 2122 2118
f 2121 2120 2123
f 2121 2124 96
f 2124 2123 2125
f 2124 2060 97
f 2123 2126 2127
f 2123 2120 2126
f 2128 2129 2126
f 2128 2120 2117
f 2128 2116 2129
f 2130 2131 2129
f 2130 2116 2111
f 2130 2111 2109
f 2131 2132 67
f 2131 2109 2133
f 2132 2133 2134
f 2132 2135 64
f 2135 2134 2136
f 2135 2137 65
f 2138 2137 2139
f 2138 2140 2141
f 2138 2141 65
f 2141 2142 2143
f 2141 2143 62
f 2143 2144 2145
f 2143 2145 63
f 2146 2147 66
f 2146 2145 2127
f 2146 2127 2147
f 2145 2148 2149
f 2144 2142 2150
f 2144 2151 2148
f 2150 2152 2153
f 2150 2154 2151
f 2150 2142 2152
f 2153 2155 2156
f 2153 2157 2154
f 2153 2152 2155
f 2158 2159 2160
f 2158 2152 2140
f 2158 2139 2159
f 2161 2162 2163
f 2161 2139 2137
f 2161 2136 2162
f 2164 2165 2166
f 2164 2136 2134
f 2164 2167 2165
f 2166 2168 2169
f 2166 2169 2162
f 2166 2165 2170
f 2170 2171 2168
f 2170 2165 2106
f 2170 2104 2103
f 2172 2173 2174
f 2172 2174 2175
f 2172 2171 2176
f 2176 2177 2173
f 2176 2171 2178
f 2176 2178 2179
f 2179 1988 2177
f 2179 2178 7
f 2179 7 1990
f 2178 2103 2099
f 2177 1986 2180
f 2174 2181 1976
f 2174 1976 2182
f 2182 1976 1973
f 2182 2183 2184
f 2182 2184 2169
f 2184 2185 2186
f 2184 2186 2163
f 2186 2187 2160
f 2186 2160 2159
f 2188 2187 2189
f 2188 2190 2156
f 2188 2156 2155
f 2191 2190 2192
f 2191 147 2046
f 2191 2046 2157
f 2192 2193 2194
f 2192 2194 144
f 2192 2190 2189
f 2189 2195 2193
f 2189 2187 2195
f 2185 2183 1970
f 2173 2180 2181
f 2134 2133 2167
f 2147 2129 67
f 2127 2149 2125
f 2094 2074 2017
f 2122 96 95
f 2064 2062 2031
f 2064 2028 2025
f 2062 2058 2196
f 2055 2197 2196
f 2052 2198 2197
f 2049 2040 2198
f 2194 1960 145
f 1958 2042 145
f 1835 1833 73
f 1833 1831 1939
f 1908 1795 1793
f 1889 1775 1661
f 1766 2199 1769
f 1766 1764 2200
f 2200 2201 2199
f 2200 1764 2202
f 2200 2202 17
f 2202 1762 2203
f 2202 2203 20
f 2203 1760 2204
f 2203 2204 2205
f 2204 1758 2206
f 2204 2206 2207
f 2207 2206 2208
f 2207 2208 2209
f 2207 2210 2205
f 2210 2209 2211
f 2210 2212 21
f 2212 2211 2213
f 2212 2214 22
f 2215 2214 2216
f 2215 2217 2218
f 2215 2218 19
f 2218 2219 2220
f 2218 2221 2219
f 2222 2223 2224
f 2222 2221 2225
f 2222 2226 2223
f 2227 2228 2223
f 2227 2226 2229
f 2227 2230 2231
f 2231 2232 2228
f 2231 2230 2233
f 2231 2233 2234
f 2234 2235 2232
f 2234 2233 2236
f 2234 2236 2237
f 2237 2238 2235
f 2237 2236 2239
f 2237 2239 2240
f 2240 2241 2238
f 2240 2239 2242
f 2240 2242 2243
f 2243 2244 2241
f 2243 2242 2245
f 2243 2245 2246
f 2246 1706 1703
f 2246 2245 2247
f 2246 2247 1706
f 2247 2248 2249
f 2247 2249 1708
f 2250 1711 1709
f 2250 2249 2251
f 2250 2252 1711
f 2252 2251 2253
f 2252 2254 1713
f 2255 1717 1714
f 2255 2254 2256
f 2255 2257 1717
f 2258 1721 1718
f 2258 2257 110
f 2258 107 1721
f 2259 2260 1721
f 2259 107 106
f 2259 2261 2262
f 2262 2263 2260
f 2262 2261 2264
f 2262 2264 2265
f 2265 2266 2263
f 2265 2264 2267
f 2265 2267 2268
f 2268 2269 2266
f 2268 2267 2270
f 2268 2270 2271
f 2271 2272 2269
f 2271 2270 2273
f 2271 2273 2274
f 2274 2275 2272
f 2274 2273 2276
f 2274 2276 2277
f 2277 2278 2275
f 2277 2276 2279
f 2277 2279 2280
f 2280 2281 2278
f 2280 2279 2282
f 2280 2282 2283
f 2283 2284 2281
f 2283 2282 2285
f 2283 2285 2286
f 2286 2287 2284
f 2286 2285 2209
f 2286 2209 2208
f 2285 2288 2211
f 2288 2282 2289
f 2288 2290 2213
f 2291 2290 2292
f 2291 2293 2216
f 2291 2216 2214
f 2294 2293 2295
f 2294 2296 2297
f 2294 2297 2217
f 2297 2298 2225
f 2297 2225 2221
f 2299 2298 2300
f 2299 2301 2229
f 2299 2229 2226
f 2302 2301 2303
f 2302 101 2304
f 2302 2304 2230
f 2303 2301 2305
f 2303 2305 2306
f 2303 2307 101
f 2307 2306 2308
f 2307 2309 103
f 2309 2308 2310
f 2309 2311 104
f 2312 2313 2314
f 2312 2314 102
f 2312 2311 2315
f 2315 2316 2313
f 2315 2311 2317
f 2315 2317 2318
f 2318 2248 2316
f 2318 2317 2319
f 2318 2319 2320
f 2319 2321 2322
f 2319 2322 2323
f 2323 2251 2320
f 2323 2322 2324
f 2323 2324 2253
f 2324 2325 2326
f 2324 2326 2327
f 2327 2256 2253
f 2327 2326 2328
f 2327 2328 2329
f 2328 2330 2331
f 2328 2331 108
f 2331 2332 109
f 2331 2333 2332
f 2334 2335 2336
f 2334 2333 85
f 2334 82 2335
f 2337 2338 2335
f 2337 82 81
f 2337 2339 2340
f 2340 2341 2338
f 2340 2339 2342
f 2340 2342 2343
f 2343 2344 2341
f 2343 2342 2345
f 2343 2345 2346
f 2346 2347 2344
f 2346 2345 2348
f 2346 2348 2349
f 2349 2292 2347
f 2349 2348 2295
f 2349 2295 2293
f 2350 2348 2351
f 2350 2352 2353
f 2350 2353 2296
f 2353 2354 2300
f 2353 2300 2298
f 2354 2352 2355
f 2354 2356 2305
f 2356 2355 2357
f 2356 2358 2306
f 2358 2357 2359
f 2358 2360 2308
f 2360 2359 2361
f 2360 2321 2310
f 2359 2357 2362
f 2359 2362 2363
f 2363 2362 2364
f 2363 2364 2365
f 2363 2325 2361
f 2364 2366 83
f 2364 83 2367
f 2366 2368 84
f 2366 2362 2369
f 2368 2370 2371
f 2368 2369 2372
f 2372 2351 2370
f 2372 2369 2355
f 2372 2355 2352
f 2373 2289 2374
f 2373 2374 2375
f 2373 2292 2290
f 2375 2374 2376
f 2375 2376 2377
f 2377 2376 2378
f 2377 2378 2379
f 2371 2339 81
f 2379 2378 2380
f 2379 2380 2381
f 2381 2380 2382
f 2381 2382 2336
f 2336 2382 2383
f 2336 2383 109
f 2333 2330 2367
f 2330 2326 2365
f 2383 2261 106
f 2257 2256 110
f 2384 1701 1699
f 2384 1698 2385
f 2384 2244 1701
f 2385 1698 2386
f 2385 2386 2387
f 2314 2236 2388
f 2387 2386 2389
f 2387 2389 2390
f 2390 2389 2391
f 2390 2391 2392
f 2233 2304 2388
f 2392 2391 2393
f 2392 2393 2394
f 2394 2393 2395
f 2394 2395 2224
f 2224 2395 2396
f 2224 2396 2220
f 2208 2397 2287
f 2206 1756 2397
f 2396 1680 18
f 1674 2201 16
f 1799 1560 1558
f 1527 1523 1754
f 1473 1472 1705
f 2398 1151 2399
f 2398 2399 2400
f 2398 1390 1154
f 2399 1149 1145
f 2399 1145 2400
f 2400 2401 1384
f 1564 1331 1329
f 1525 1302 1299
f 1297 1071 1069
f 1294 1068 1066
f 1291 1065 1063
f 1288 1062 2402
f 1285 2402 2403
f 1282 2403 2404
f 1279 2404 2405
f 2406 1049 2407
f 2406 2407 1272
f 2406 1276 2405
f 2407 1046 2408
f 2407 2408 1273
f 2409 2408 1040
f 2409 2410 1268
f 2409 1268 1267
f 2411 2410 1037
f 2411 2412 1263
f 2411 1263 1262
f 2413 2412 1034
f 2413 2414 1258
f 2413 1258 1257
f 2412 1037 1035
f 2410 1040 1038
f 2408 1044 1041
f 1258 26 1253
f 1250 30 2415
f 2415 28 1238
f 1233 27 2416
f 1233 2417 1227
f 1233 1232 27
f 2417 2416 1027
f 2417 2418 1228
f 2419 2418 1023
f 2419 2420 1223
f 2419 1223 1222
f 2421 2420 1020
f 2421 2422 1219
f 2421 1219 1218
f 2423 2422 1017
f 2423 2424 2425
f 2423 2425 1215
f 2426 2424 1014
f 2426 2427 2428
f 2426 2429 2425
f 2428 2427 2430
f 2428 2430 2431
f 2428 2432 2429
f 2431 2430 2433
f 2431 2433 2434
f 2431 2435 2432
f 2434 2433 1005
f 2434 2436 2437
f 2434 2437 2435
f 2438 2436 1002
f 2438 2439 1200
f 2438 1200 1199
f 2439 1002 1000
f 2439 999 2440
f 2436 1005 1003
f 2433 1008 1005
f 2430 1011 1008
f 2427 1014 1012
f 2424 1017 1015
f 2422 1020 1018
f 2420 1023 1021
f 2418 1027 1024
f 1200 2440 1196
f 1145 1141 2401
f 1137 1136 1368
f 1301 1074 1072
f 1034 1032 2414
f 1028 1027 2416
f 999 997 37
f 993 990 2441
f 985 984 1191
f 754 412 409
f 750 408 404
f 746 403 399
f 741 398 394
f 738 742 2442
f 735 2442 2443
f 731 2443 2444
f 726 2444 727
f 721 727 722
f 717 378 2445
f 717 2445 711
f 717 716 378
f 2445 375 2446
f 2445 2446 2447
f 2447 2446 2448
f 2447 2448 2449
f 2447 707 706
f 2449 2448 2450
f 2449 2450 2451
f 2449 702 701
f 2451 2450 2452
f 2451 2452 2453
f 2451 697 696
f 2453 2452 2454
f 2453 2454 2455
f 2453 692 691
f 2455 2454 2456
f 2455 2456 687
f 2455 687 686
f 2457 2456 356
f 2457 355 682
f 2457 682 681
f 2458 355 352
f 2458 351 678
f 2458 678 677
f 995 675 671
f 678 2459 674
f 2460 2461 2462
f 2460 2462 2463
f 2460 319 318
f 2463 2462 2464
f 2463 2464 2465
f 2465 2464 2466
f 2465 2466 2467
f 2467 2466 2468
f 2467 2468 2469
f 2469 2468 2470
f 2469 2470 2471
f 2471 2470 226
f 2471 226 44
f 552 548 151
f 510 509 60
f 617 42 41
f 351 349 2459
f 346 345 133
f 318 251 247
f 250 137 245
f 310 127 2472
f 278 204 2472
f 315 157 156
f 2 1996 3
f 4 2100 2
f 1 5 6
f 6 1990 7
f 7 2101 4
f 9 1373 10
f 11 1368 9
f 8 13 11
f 14 2401 12
f 10 1380 14
f 15 17 20
f 18 1677 16
f 19 2220 18
f 20 2205 21
f 15 22 19
f 23 25 29
f 26 2414 24
f 27 1238 28
f 29 2416 27
f 23 30 26
f 31 33 38
f 34 1191 32
f 31 36 34
f 37 2441 35
f 38 2440 37
f 40 377 41
f 39 42 43
f 43 622 44
f 44 226 45
f 39 46 40
f 47 49 53
f 50 1083 48
f 47 52 1319
f 53 1306 51
f 55 589 56
f 57 514 55
f 54 58 59
f 59 421 60
f 60 509 57
f 61 63 66
f 61 65 62
f 61 67 64
f 68 70 71
f 68 72 73
f 73 1939 69
f 74 76 79
f 74 78 75
f 79 878 77
f 80 82 85
f 80 84 81
f 85 2367 83
f 86 88 90
f 89 1705 87
f 86 91 89
f 92 94 95
f 92 96 97
f 92 98 93
f 99 101 103
f 102 2388 100
f 99 104 102
f 105 107 110
f 105 109 106
f 110 2329 108
f 112 813 113
f 111 114 115
f 111 116 112
f 118 455 119
f 117 121 118
f 117 122 120
f 123 125 126
f 126 2472 127
f 123 128 124
f 130 2459 131
f 129 133 130
f 129 134 132
f 135 137 140
f 135 139 136
f 140 301 138
f 141 143 146
f 141 145 142
f 141 147 144
f 148 150 153
f 148 152 149
f 148 154 151
f 155 157 159
f 158 169 156
f 155 160 158
f 160 161 162
f 160 163 164
f 164 165 158
f 165 166 167
f 167 170 168
f 165 169 158
f 170 332 171
f 168 172 169
f 173 156 169
f 171 336 174
f 172 175 173
f 176 315 173
f 174 339 177
f 175 178 176
f 179 314 176
f 177 342 180
f 180 181 179
f 181 183 179
f 181 184 185
f 185 186 182
f 186 188 182
f 186 189 190
f 190 191 187
f 191 193 187
f 191 194 195
f 195 196 192
f 197 311 192
f 196 198 199
f 196 200 197
f 201 277 197
f 199 354 202
f 200 203 201
f 204 278 201
f 202 358 205
f 203 206 204
f 207 2472 204
f 205 361 208
f 206 209 207
f 210 310 207
f 208 364 211
f 209 212 210
f 213 309 210
f 211 367 214
f 214 215 213
f 215 217 213
f 215 218 219
f 219 220 216
f 220 222 216
f 220 223 224
f 220 225 221
f 224 46 45
f 225 226 227
f 227 228 221
f 228 222 221
f 227 2470 230
f 228 231 229
f 231 233 229
f 230 2468 234
f 231 235 232
f 236 304 232
f 234 2466 237
f 235 238 236
f 239 299 236
f 237 2464 240
f 238 241 239
f 242 297 239
f 240 2462 243
f 241 244 242
f 244 246 242
f 243 2461 247
f 247 248 245
f 248 250 245
f 248 251 252
f 252 253 249
f 253 255 249
f 253 256 257
f 257 258 254
f 258 259 260
f 260 314 261
f 258 262 254
f 263 255 254
f 261 183 264
f 262 265 263
f 266 312 263
f 265 188 267
f 265 268 266
f 269 302 266
f 267 193 270
f 268 271 269
f 272 282 269
f 270 311 273
f 271 274 272
f 275 279 272
f 273 277 276
f 274 125 275
f 277 201 278
f 276 126 125
f 280 289 281
f 279 282 272
f 279 283 280
f 275 125 124
f 283 128 284
f 284 285 280
f 285 286 287
f 287 290 288
f 285 289 280
f 290 298 291
f 288 292 289
f 293 281 289
f 291 295 294
f 292 139 293
f 295 297 296
f 294 136 139
f 297 242 246
f 296 137 136
f 295 298 299
f 299 239 297
f 293 138 300
f 300 282 281
f 300 301 302
f 302 269 282
f 298 303 304
f 304 236 299
f 303 287 305
f 305 306 233
f 303 232 304
f 306 307 217
f 306 216 222
f 306 229 233
f 305 287 286
f 307 308 309
f 307 213 217
f 286 284 128
f 308 127 310
f 310 210 309
f 311 197 277
f 193 192 311
f 302 312 266
f 267 187 193
f 301 140 313
f 312 255 263
f 140 137 250
f 313 249 255
f 264 182 188
f 314 179 183
f 260 157 315
f 315 176 314
f 257 256 161
f 259 159 157
f 252 251 316
f 256 162 161
f 251 318 317
f 316 163 162
f 317 319 320
f 320 321 163
f 321 322 323
f 323 324 166
f 321 164 163
f 324 325 326
f 326 328 327
f 324 167 166
f 328 330 329
f 327 170 167
f 330 333 331
f 329 332 170
f 333 660 334
f 331 335 332
f 336 171 332
f 334 664 337
f 335 338 336
f 339 174 336
f 337 667 340
f 338 341 339
f 342 177 339
f 340 670 343
f 343 344 342
f 344 180 342
f 344 345 346
f 346 347 184
f 347 185 184
f 347 132 134
f 134 348 189
f 348 190 189
f 348 131 349
f 349 350 194
f 350 195 194
f 350 351 352
f 352 353 198
f 353 199 198
f 353 355 356
f 356 357 354
f 358 202 354
f 356 2456 359
f 357 360 358
f 361 205 358
f 359 2454 362
f 360 363 361
f 364 208 361
f 362 2452 365
f 363 366 364
f 367 211 364
f 365 2450 368
f 366 369 367
f 218 214 367
f 368 2448 370
f 369 371 218
f 223 219 218
f 370 2446 372
f 371 373 223
f 373 224 223
f 372 375 374
f 373 40 46
f 375 378 376
f 374 377 40
f 378 722 379
f 376 380 377
f 381 41 377
f 379 727 382
f 380 383 381
f 384 617 381
f 382 2444 385
f 383 386 384
f 387 615 384
f 385 2443 388
f 386 389 387
f 390 612 387
f 388 2442 391
f 389 392 390
f 393 609 390
f 391 742 394
f 394 395 393
f 395 397 393
f 395 398 399
f 399 400 396
f 400 402 396
f 400 403 404
f 404 405 401
f 405 407 401
f 405 408 409
f 409 410 406
f 411 600 406
f 410 412 413
f 410 414 411
f 415 594 411
f 413 416 58
f 414 56 415
f 413 412 417
f 417 419 418
f 416 59 58
f 419 422 420
f 418 421 59
f 422 763 423
f 420 424 421
f 425 60 421
f 423 767 426
f 424 427 425
f 428 510 425
f 426 770 429
f 427 430 428
f 431 507 428
f 429 773 432
f 430 433 431
f 434 504 431
f 432 776 435
f 433 436 434
f 437 501 434
f 435 779 438
f 436 439 437
f 440 498 437
f 439 441 442
f 442 443 440
f 443 445 440
f 443 446 447
f 447 448 444
f 448 450 444
f 448 451 452
f 452 455 449
f 452 453 454
f 454 119 455
f 454 456 457
f 457 122 119
f 457 458 459
f 459 460 122
f 460 462 463
f 463 120 122
f 460 464 461
f 465 475 461
f 459 458 466
f 464 467 465
f 466 796 468
f 467 469 470
f 470 471 465
f 471 472 473
f 473 476 474
f 471 475 465
f 476 815 477
f 474 478 475
f 477 820 479
f 479 480 462
f 462 461 475
f 480 481 482
f 482 484 483
f 480 463 462
f 484 485 121
f 483 120 463
f 485 486 487
f 487 489 488
f 485 118 121
f 489 450 449
f 488 455 118
f 489 490 491
f 491 492 450
f 492 493 494
f 494 495 445
f 492 444 450
f 494 835 496
f 495 497 498
f 498 440 445
f 496 838 499
f 497 500 501
f 501 437 498
f 499 841 502
f 500 503 504
f 504 434 501
f 502 844 505
f 503 506 507
f 507 431 504
f 505 511 508
f 506 509 510
f 510 428 507
f 511 515 512
f 508 57 509
f 512 514 57
f 515 516 513
f 516 518 513
f 516 519 520
f 520 521 517
f 521 523 517
f 521 524 525
f 525 526 522
f 526 528 522
f 526 529 530
f 530 531 527
f 531 533 527
f 530 851 534
f 531 535 532
f 535 537 532
f 534 854 538
f 538 539 536
f 539 541 536
f 539 150 149
f 149 152 540
f 541 543 544
f 544 537 536
f 540 545 542
f 545 547 542
f 545 152 548
f 548 549 546
f 549 551 546
f 549 552 553
f 553 554 550
f 554 555 556
f 556 879 557
f 554 558 550
f 559 551 550
f 557 880 560
f 558 561 559
f 561 114 562
f 562 563 559
f 560 116 115
f 563 564 565
f 565 567 566
f 563 551 559
f 567 568 547
f 566 546 551
f 568 569 570
f 570 571 543
f 568 542 547
f 571 572 573
f 573 575 574
f 571 544 543
f 575 577 576
f 574 537 544
f 577 578 533
f 576 532 537
f 578 579 580
f 580 581 528
f 578 527 533
f 580 901 582
f 582 583 523
f 581 522 528
f 582 904 584
f 584 585 518
f 583 517 523
f 584 587 586
f 585 55 514
f 585 513 518
f 587 590 588
f 586 589 55
f 590 908 591
f 588 592 589
f 591 595 593
f 592 594 415
f 415 56 589
f 595 913 596
f 593 597 594
f 596 920 598
f 597 599 600
f 600 411 594
f 598 924 601
f 601 602 407
f 407 406 600
f 601 928 603
f 602 604 402
f 602 401 407
f 603 933 605
f 604 606 397
f 397 396 402
f 605 936 607
f 606 608 609
f 609 393 397
f 607 939 610
f 608 611 612
f 612 390 609
f 610 942 613
f 611 614 615
f 615 387 612
f 613 618 616
f 614 42 617
f 617 384 615
f 618 620 619
f 616 43 42
f 620 623 621
f 619 622 43
f 623 948 624
f 621 625 622
f 626 44 622
f 624 952 627
f 625 628 626
f 629 2471 626
f 627 955 630
f 628 631 629
f 632 2469 629
f 630 958 633
f 631 634 632
f 635 2467 632
f 633 961 636
f 634 637 635
f 638 2465 635
f 636 964 639
f 637 640 638
f 641 2463 638
f 639 645 642
f 640 643 641
f 319 2460 641
f 642 644 322
f 643 320 319
f 644 645 646
f 646 647 325
f 644 323 322
f 647 648 649
f 649 651 650
f 647 326 325
f 651 653 652
f 650 328 326
f 653 655 654
f 652 330 328
f 655 657 656
f 654 333 330
f 656 658 659
f 656 660 333
f 659 661 662
f 662 663 660
f 664 334 660
f 662 987 665
f 663 666 664
f 667 337 664
f 665 989 668
f 666 669 667
f 670 340 667
f 668 992 671
f 669 672 670
f 345 343 670
f 671 675 673
f 672 133 345
f 673 130 133
f 675 676 674
f 676 678 674
f 675 995 679
f 679 680 677
f 680 682 677
f 680 683 684
f 684 685 681
f 685 687 681
f 685 688 689
f 689 690 686
f 690 692 686
f 690 693 694
f 694 695 691
f 695 697 691
f 695 698 699
f 699 700 696
f 700 702 696
f 700 703 704
f 704 705 701
f 705 707 701
f 705 708 709
f 709 710 706
f 710 712 706
f 710 713 714
f 714 715 711
f 715 717 711
f 715 718 719
f 719 720 716
f 720 722 716
f 720 723 724
f 724 725 721
f 725 727 721
f 725 728 729
f 729 730 726
f 731 2444 726
f 730 732 733
f 730 734 731
f 735 2443 731
f 733 1026 736
f 734 737 735
f 738 2442 735
f 736 1030 739
f 737 740 738
f 740 742 738
f 740 743 744
f 744 745 741
f 745 398 741
f 745 747 748
f 748 749 746
f 749 403 746
f 749 751 752
f 752 753 750
f 753 408 750
f 753 755 756
f 756 757 754
f 757 412 754
f 757 758 759
f 759 419 417
f 758 761 760
f 759 422 419
f 761 764 762
f 760 763 422
f 764 1048 765
f 762 766 763
f 767 423 763
f 765 1052 768
f 766 769 767
f 770 426 767
f 768 1055 771
f 769 772 770
f 773 429 770
f 771 1058 774
f 772 775 773
f 776 432 773
f 774 1061 777
f 775 778 776
f 779 435 776
f 778 780 781
f 781 782 779
f 782 438 779
f 782 783 784
f 784 785 441
f 785 442 441
f 785 786 787
f 787 788 446
f 788 447 446
f 788 789 790
f 790 453 451
f 790 791 792
f 792 456 453
f 792 793 794
f 794 458 456
f 794 795 796
f 796 466 458
f 793 1077 797
f 795 798 799
f 799 468 796
f 799 800 801
f 801 469 468
f 801 802 803
f 803 804 469
f 804 805 806
f 806 807 472
f 804 470 469
f 807 808 809
f 809 811 810
f 807 473 472
f 811 813 812
f 810 476 473
f 813 112 814
f 812 815 476
f 112 116 816
f 814 817 815
f 816 880 818
f 817 819 820
f 820 477 815
f 818 879 821
f 821 822 481
f 819 479 820
f 822 823 824
f 824 826 825
f 822 482 481
f 826 827 486
f 825 484 482
f 827 828 829
f 829 830 490
f 827 487 486
f 829 869 831
f 830 832 493
f 830 491 490
f 831 872 833
f 832 834 835
f 835 494 493
f 833 873 836
f 834 837 838
f 838 496 835
f 836 878 839
f 837 840 841
f 841 499 838
f 839 847 842
f 840 843 844
f 844 502 841
f 842 845 519
f 843 515 511
f 511 505 844
f 846 848 524
f 845 520 519
f 845 847 846
f 848 525 524
f 848 76 849
f 849 850 529
f 850 530 529
f 849 876 852
f 850 853 851
f 854 534 851
f 852 875 855
f 853 856 854
f 150 538 854
f 855 858 857
f 856 153 150
f 858 860 859
f 859 154 153
f 860 864 861
f 859 862 154
f 552 151 154
f 861 863 555
f 862 553 552
f 863 864 865
f 863 824 823
f 863 556 555
f 865 866 828
f 865 826 824
f 864 860 867
f 866 868 869
f 869 829 828
f 867 877 870
f 868 871 872
f 872 831 869
f 870 874 78
f 871 77 873
f 873 833 872
f 875 852 876
f 874 75 78
f 874 877 875
f 858 855 875
f 877 860 858
f 849 76 75
f 846 79 76
f 847 878 79
f 873 77 878
f 823 879 556
f 880 557 879
f 116 560 880
f 811 881 882
f 882 113 813
f 882 883 884
f 884 114 113
f 884 885 564
f 564 562 114
f 883 1095 886
f 885 887 888
f 888 565 564
f 888 889 569
f 569 567 565
f 887 1100 890
f 890 891 572
f 889 570 569
f 891 892 893
f 893 895 894
f 891 573 572
f 895 897 896
f 894 575 573
f 897 898 579
f 896 577 575
f 897 1108 899
f 898 900 901
f 901 580 579
f 899 1112 902
f 900 903 904
f 904 582 901
f 902 906 905
f 903 590 587
f 587 584 904
f 906 909 907
f 905 908 590
f 909 1118 910
f 910 911 908
f 910 914 912
f 911 913 595
f 595 591 908
f 912 915 916
f 916 917 913
f 917 918 919
f 919 921 920
f 920 596 913
f 921 922 923
f 923 925 924
f 924 598 920
f 925 926 927
f 927 929 928
f 925 601 924
f 929 930 931
f 929 932 933
f 933 603 928
f 931 1140 934
f 932 935 936
f 936 605 933
f 934 1142 937
f 935 938 939
f 939 607 936
f 937 1144 940
f 938 941 942
f 942 610 939
f 618 613 942
f 940 944 943
f 941 620 618
f 944 946 945
f 943 623 620
f 946 949 947
f 945 948 623
f 949 1153 950
f 947 951 948
f 952 624 948
f 950 1157 953
f 951 954 952
f 955 627 952
f 953 1160 956
f 954 957 955
f 958 630 955
f 956 1163 959
f 957 960 958
f 961 633 958
f 959 1166 962
f 960 963 961
f 964 636 961
f 962 968 965
f 963 966 964
f 645 639 964
f 965 967 648
f 966 646 645
f 967 968 969
f 969 971 970
f 967 649 648
f 971 973 972
f 970 651 649
f 973 975 974
f 972 653 651
f 975 977 976
f 974 655 653
f 976 978 979
f 976 657 655
f 979 980 981
f 981 658 657
f 981 982 983
f 983 661 658
f 983 984 985
f 985 986 661
f 986 662 661
f 986 34 36
f 36 988 987
f 989 665 987
f 36 35 990
f 988 991 989
f 992 668 989
f 991 993 994
f 994 995 992
f 683 679 995
f 994 996 683
f 996 684 683
f 993 2441 997
f 997 998 688
f 998 689 688
f 998 999 1000
f 1000 1001 693
f 1001 694 693
f 1001 1002 1003
f 1003 1004 698
f 1004 699 698
f 1004 1005 1006
f 1006 1007 703
f 1007 704 703
f 1007 1008 1009
f 1009 1010 708
f 1010 709 708
f 1010 1011 1012
f 1012 1013 713
f 1013 714 713
f 1013 1014 1015
f 1015 1016 718
f 1016 719 718
f 1016 1017 1018
f 1018 1019 723
f 1019 724 723
f 1019 1020 1021
f 1021 1022 728
f 1022 729 728
f 1022 1023 1024
f 1024 1025 732
f 1025 733 732
f 1025 1027 1028
f 1028 1029 1026
f 1029 736 1026
f 1029 29 25
f 25 1031 1030
f 1031 739 1030
f 1031 24 1032
f 1032 1033 743
f 1033 744 743
f 1033 1034 1035
f 1035 1036 747
f 1036 748 747
f 1036 1037 1038
f 1038 1039 751
f 1039 752 751
f 1039 1040 1041
f 1041 1042 755
f 1042 756 755
f 1041 1044 1043
f 1042 761 758
f 1044 1046 1045
f 1043 764 761
f 1046 1049 1047
f 1045 1048 764
f 1049 2405 1050
f 1047 1051 1048
f 1052 765 1048
f 1050 2404 1053
f 1051 1054 1052
f 1055 768 1052
f 1053 2403 1056
f 1054 1057 1055
f 1058 771 1055
f 1056 2402 1059
f 1057 1060 1058
f 1061 774 1058
f 1060 1062 1063
f 1063 1064 1061
f 1064 777 1061
f 1064 1065 1066
f 1066 1067 780
f 1067 781 780
f 1067 1068 1069
f 1069 1070 783
f 1070 784 783
f 1070 1071 1072
f 1072 1073 786
f 1073 787 786
f 1073 1074 1075
f 1075 791 789
f 1075 1076 1077
f 1077 793 791
f 1074 1301 1078
f 1076 1079 1080
f 1080 797 1077
f 1080 49 1081
f 1081 798 797
f 1081 48 1082
f 1082 800 798
f 1082 1083 1084
f 1084 802 800
f 1084 1085 1086
f 1086 1087 802
f 1087 1088 1089
f 1089 1090 805
f 1087 803 802
f 1090 1091 1092
f 1092 1093 808
f 1090 806 805
f 1093 1094 1095
f 1095 883 881
f 1093 809 808
f 1092 1091 1096
f 1094 1097 1098
f 1098 886 1095
f 1098 1099 1100
f 1100 887 886
f 1097 1334 1101
f 1099 1102 892
f 892 890 1100
f 1101 1337 1103
f 1102 1104 1105
f 1105 893 892
f 1105 1106 1107
f 1105 895 893
f 1106 1109 1108
f 1107 897 895
f 1109 1110 1111
f 1111 1113 1112
f 1112 899 1108
f 1113 1114 1115
f 1113 909 906
f 906 902 1112
f 1115 1116 1117
f 1115 1118 909
f 1117 1119 1120
f 1120 1121 1118
f 1121 1122 1123
f 1123 915 914
f 914 910 1118
f 1123 1124 1125
f 1125 1126 915
f 1126 1127 1128
f 1128 1129 918
f 1126 916 915
f 1129 1130 1131
f 1131 1132 922
f 1129 919 918
f 1132 1133 1134
f 1134 1135 926
f 1132 923 922
f 1135 1136 1137
f 1137 1138 930
f 1135 927 926
f 1138 11 13
f 1138 1139 1140
f 1140 931 930
f 1139 12 1141
f 1141 1143 1142
f 1142 934 1140
f 1144 937 1142
f 1143 1145 1146
f 1143 1147 1144
f 944 940 1144
f 1146 1149 1148
f 1147 946 944
f 1149 1151 1150
f 1148 949 946
f 1151 1154 1152
f 1150 1153 949
f 1154 1393 1155
f 1152 1156 1153
f 1157 950 1153
f 1155 1396 1158
f 1156 1159 1157
f 1160 953 1157
f 1158 1399 1161
f 1159 1162 1160
f 1163 956 1160
f 1161 1402 1164
f 1162 1165 1163
f 1166 959 1163
f 1164 1405 1167
f 1165 1168 1166
f 968 962 1166
f 1167 1170 1169
f 1168 969 968
f 1170 1172 1171
f 1169 971 969
f 1172 1174 1173
f 1171 973 971
f 1174 1176 1175
f 1173 975 973
f 1176 1178 1177
f 1175 977 975
f 1178 1180 1179
f 1177 978 977
f 1180 1182 1181
f 1181 980 978
f 1181 1183 1184
f 1184 982 980
f 1184 1185 1186
f 1186 984 982
f 1186 1187 1188
f 1188 1191 984
f 1188 1189 1190
f 1190 32 1191
f 1190 1192 1193
f 1193 33 32
f 1192 1431 1194
f 1193 1195 33
f 1195 38 33
f 1194 1435 1197
f 1195 1198 1196
f 1198 1200 1196
f 1197 1438 1201
f 1198 1202 1199
f 1203 2437 1199
f 1201 1441 1204
f 1202 1205 1203
f 1206 2435 1203
f 1204 1444 1207
f 1205 1208 1206
f 1209 2432 1206
f 1207 1447 1210
f 1208 1211 1209
f 1212 2429 1209
f 1210 1450 1213
f 1211 1214 1212
f 1215 2425 1212
f 1213 1453 1216
f 1214 1217 1215
f 1217 1219 1215
f 1216 1456 1220
f 1220 1221 1218
f 1221 1223 1218
f 1221 1224 1225
f 1225 1226 1222
f 1226 1228 1222
f 1226 1229 1230
f 1230 1231 1227
f 1231 1233 1227
f 1231 1234 1235
f 1235 1236 1232
f 1236 1238 1232
f 1236 1239 1240
f 1240 1241 1237
f 1242 2415 1237
f 1241 1243 1244
f 1244 1245 1242
f 1245 1246 1247
f 1247 1481 1248
f 1245 1249 1242
f 1250 2415 1242
f 1248 1484 1251
f 1249 1252 1250
f 1252 30 1250
f 1252 1254 1255
f 1255 1256 1253
f 1256 1258 1253
f 1256 1259 1260
f 1260 1261 1257
f 1261 1263 1257
f 1261 1264 1265
f 1265 1266 1262
f 1266 1268 1262
f 1266 1269 1270
f 1270 1271 1267
f 1271 1273 1267
f 1270 1498 1274
f 1271 1275 1272
f 1276 2406 1272
f 1274 1501 1277
f 1275 1278 1276
f 1279 2405 1276
f 1277 1504 1280
f 1278 1281 1279
f 1282 2404 1279
f 1280 1507 1283
f 1281 1284 1282
f 1285 2403 1282
f 1283 1510 1286
f 1284 1287 1285
f 1288 2402 1285
f 1286 1513 1289
f 1287 1290 1288
f 1291 1062 1288
f 1289 1516 1292
f 1290 1293 1291
f 1293 1065 1291
f 1292 1519 1295
f 1295 1296 1294
f 1296 1068 1294
f 1296 1298 1299
f 1299 1300 1297
f 1300 1071 1297
f 1300 1302 1303
f 1303 1078 1301
f 1303 1304 1305
f 1305 1079 1078
f 1305 1306 53
f 53 49 1079
f 1302 1525 1307
f 1304 1308 1306
f 1307 1524 1309
f 1308 1310 1311
f 1311 51 1306
f 1311 1312 1313
f 1313 52 51
f 1312 1536 1314
f 1314 1315 52
f 1315 1316 1317
f 1317 1320 1318
f 1315 1319 52
f 1320 1549 1321
f 1318 1322 1319
f 1321 1555 1323
f 1322 1324 50
f 50 47 1319
f 1324 1325 1326
f 1326 1327 1085
f 1324 1083 50
f 1327 1328 1329
f 1329 1330 1088
f 1327 1086 1085
f 1330 1331 1332
f 1332 1096 1091
f 1330 1089 1088
f 1332 1333 1334
f 1334 1097 1096
f 1331 1564 1335
f 1333 1336 1337
f 1337 1101 1334
f 1335 1563 1338
f 1336 1339 1340
f 1340 1103 1337
f 1340 1341 1342
f 1342 1104 1103
f 1342 1343 1110
f 1110 1106 1104
f 1343 1344 1345
f 1345 1116 1114
f 1343 1111 1110
f 1345 1346 1347
f 1347 1119 1116
f 1346 1571 1348
f 1348 1349 1119
f 1349 1350 1351
f 1351 1124 1122
f 1349 1120 1119
f 1351 1352 1353
f 1353 1354 1124
f 1354 1355 1356
f 1356 1357 1127
f 1354 1125 1124
f 1357 1358 1359
f 1359 1360 1130
f 1357 1128 1127
f 1360 1361 1362
f 1362 1363 1133
f 1360 1131 1130
f 1363 1364 1365
f 1365 1368 1136
f 1363 1134 1133
f 1365 1366 1367
f 1367 9 1368
f 1367 1369 1370
f 1370 1373 9
f 1370 1371 1372
f 1372 1374 1373
f 1374 1375 1376
f 1374 1377 1378
f 1374 10 1373
f 1377 1381 1379
f 1378 1380 10
f 1381 1609 1382
f 1379 1383 1380
f 1383 14 1380
f 1382 1613 1385
f 1383 1386 1384
f 1387 2400 1384
f 1385 1616 1388
f 1386 1389 1387
f 1390 2398 1387
f 1388 1619 1391
f 1389 1392 1390
f 1393 1154 1390
f 1391 1622 1394
f 1392 1395 1393
f 1396 1155 1393
f 1394 1625 1397
f 1395 1398 1396
f 1399 1158 1396
f 1397 1628 1400
f 1398 1401 1399
f 1402 1161 1399
f 1400 1631 1403
f 1401 1404 1402
f 1405 1164 1402
f 1403 1634 1406
f 1404 1407 1405
f 1170 1167 1405
f 1406 1409 1408
f 1407 1172 1170
f 1409 1411 1410
f 1408 1174 1172
f 1411 1413 1412
f 1410 1176 1174
f 1413 1415 1414
f 1412 1178 1176
f 1415 1417 1416
f 1414 1180 1178
f 1417 1419 1418
f 1416 1182 1180
f 1419 1421 1420
f 1420 1183 1182
f 1421 1423 1422
f 1422 1185 1183
f 1422 1424 1425
f 1425 1187 1185
f 1425 1426 1427
f 1427 1189 1187
f 1427 1428 1429
f 1429 1192 1189
f 1428 1432 1430
f 1429 1431 1192
f 1432 1660 1433
f 1430 1434 1431
f 1435 1194 1431
f 1433 1664 1436
f 1434 1437 1435
f 1438 1197 1435
f 1436 1667 1439
f 1437 1440 1438
f 1441 1201 1438
f 1439 1670 1442
f 1440 1443 1441
f 1444 1204 1441
f 1442 1673 1445
f 1443 1446 1444
f 1447 1207 1444
f 1445 1676 1448
f 1446 1449 1447
f 1450 1210 1447
f 1448 1679 1451
f 1449 1452 1450
f 1453 1213 1450
f 1451 1682 1454
f 1452 1455 1453
f 1456 1216 1453
f 1454 1685 1457
f 1455 1458 1456
f 1224 1220 1456
f 1457 1688 1459
f 1458 1460 1224
f 1460 1225 1224
f 1459 1691 1461
f 1461 1462 1229
f 1462 1230 1229
f 1462 1463 1464
f 1464 1465 1234
f 1465 1235 1234
f 1465 1466 1467
f 1467 1468 1239
f 1468 1240 1239
f 1468 1469 1470
f 1470 1471 1243
f 1471 1244 1243
f 1471 1472 1473
f 1473 1474 1246
f 1474 1247 1246
f 1474 89 91
f 91 1476 1475
f 91 90 1477
f 1476 1478 1479
f 1479 1480 1475
f 1481 1247 1475
f 1479 1716 1482
f 1480 1483 1481
f 1484 1248 1481
f 1482 1720 1485
f 1483 1486 1484
f 1254 1251 1484
f 1485 1724 1487
f 1487 1488 1254
f 1488 1255 1254
f 1488 1489 1490
f 1490 1491 1259
f 1491 1260 1259
f 1491 1492 1493
f 1493 1494 1264
f 1494 1265 1264
f 1494 1495 1496
f 1496 1497 1269
f 1497 1270 1269
f 1496 1733 1499
f 1497 1500 1498
f 1501 1274 1498
f 1499 1736 1502
f 1500 1503 1501
f 1504 1277 1501
f 1502 1739 1505
f 1503 1506 1504
f 1507 1280 1504
f 1505 1742 1508
f 1506 1509 1507
f 1510 1283 1507
f 1508 1745 1511
f 1509 1512 1510
f 1513 1286 1510
f 1511 1748 1514
f 1512 1515 1513
f 1516 1289 1513
f 1514 1751 1517
f 1515 1518 1516
f 1519 1292 1516
f 1517 1754 1520
f 1518 1521 1519
f 1521 1295 1519
f 1520 1523 1522
f 1522 1525 1298
f 1523 1526 1524
f 1524 1307 1525
f 1526 1527 1528
f 1528 1530 1529
f 1526 1309 1524
f 1530 1532 1531
f 1531 1310 1309
f 1531 1533 1534
f 1534 1312 1310
f 1533 1537 1535
f 1534 1536 1312
f 1537 1768 1538
f 1535 1539 1536
f 1538 1774 1540
f 1539 1541 1316
f 1316 1314 1536
f 1540 1777 1542
f 1541 1543 1544
f 1541 1317 1316
f 1544 1545 1546
f 1544 1320 1317
f 1546 1547 1548
f 1546 1549 1320
f 1548 1550 1551
f 1551 1552 1549
f 1552 1553 1554
f 1554 1556 1555
f 1555 1321 1549
f 1556 1557 1558
f 1558 1559 1325
f 1556 1323 1555
f 1559 1560 1561
f 1561 1564 1328
f 1559 1326 1325
f 1561 1562 1563
f 1563 1335 1564
f 1560 1799 1565
f 1562 1566 1567
f 1567 1338 1563
f 1567 1568 1569
f 1569 1339 1338
f 1569 1346 1344
f 1344 1341 1339
f 1566 1572 1570
f 1568 1571 1346
f 1572 1800 1573
f 1570 1574 1571
f 1573 1576 1575
f 1575 1352 1350
f 1574 1348 1571
f 1576 1804 1577
f 1577 1578 1352
f 1578 1579 1580
f 1580 1581 1355
f 1578 1353 1352
f 1581 1582 1583
f 1583 1584 1358
f 1581 1356 1355
f 1584 1585 1586
f 1586 1587 1361
f 1584 1359 1358
f 1587 1588 1589
f 1589 1366 1364
f 1587 1362 1361
f 1589 1590 1591
f 1591 1369 1366
f 1591 1592 1593
f 1593 1371 1369
f 1593 1594 1595
f 1595 1596 1371
f 1596 1597 1598
f 1598 1599 1375
f 1596 1372 1371
f 1599 1600 1601
f 1601 1603 1602
f 1599 1376 1375
f 1603 1605 1604
f 1602 1377 1376
f 1605 1607 1606
f 1604 1381 1377
f 1607 1610 1608
f 1606 1609 1381
f 1610 1843 1611
f 1608 1612 1609
f 1613 1382 1609
f 1611 1847 1614
f 1612 1615 1613
f 1616 1385 1613
f 1614 1850 1617
f 1615 1618 1616
f 1619 1388 1616
f 1617 1853 1620
f 1618 1621 1619
f 1622 1391 1619
f 1620 1856 1623
f 1621 1624 1622
f 1625 1394 1622
f 1623 1859 1626
f 1624 1627 1625
f 1628 1397 1625
f 1626 1862 1629
f 1627 1630 1628
f 1631 1400 1628
f 1629 1865 1632
f 1630 1633 1631
f 1634 1403 1631
f 1632 1868 1635
f 1633 1636 1634
f 1409 1406 1634
f 1635 1638 1637
f 1636 1411 1409
f 1638 1640 1639
f 1637 1413 1411
f 1640 1642 1641
f 1639 1415 1413
f 1642 1644 1643
f 1641 1417 1415
f 1644 1646 1645
f 1643 1419 1417
f 1646 1648 1647
f 1645 1421 1419
f 1648 1650 1649
f 1647 1423 1421
f 1649 1651 1652
f 1652 1424 1423
f 1652 1653 1654
f 1654 1426 1424
f 1654 1655 1656
f 1656 1428 1426
f 1655 1658 1657
f 1656 1432 1428
f 1658 1661 1659
f 1657 1660 1432
f 1661 1772 1662
f 1659 1663 1660
f 1664 1433 1660
f 1662 1770 1665
f 1663 1666 1664
f 1667 1436 1664
f 1665 1769 1668
f 1666 1669 1667
f 1670 1439 1667
f 1668 2199 1671
f 1669 1672 1670
f 1673 1442 1670
f 1671 2201 1674
f 1672 1675 1673
f 1676 1445 1673
f 1674 16 1677
f 1675 1678 1676
f 1679 1448 1676
f 1677 18 1680
f 1678 1681 1679
f 1682 1451 1679
f 1680 2396 1683
f 1681 1684 1682
f 1685 1454 1682
f 1683 2395 1686
f 1684 1687 1685
f 1688 1457 1685
f 1686 2393 1689
f 1687 1690 1688
f 1691 1459 1688
f 1689 2391 1692
f 1690 1693 1691
f 1463 1461 1691
f 1692 2389 1694
f 1693 1695 1463
f 1695 1464 1463
f 1694 2386 1696
f 1696 1697 1466
f 1697 1467 1466
f 1697 1698 1699
f 1699 1700 1469
f 1700 1470 1469
f 1700 1701 1702
f 1702 1705 1472
f 1702 1703 1704
f 1704 87 1705
f 1704 1706 1707
f 1707 88 87
f 1707 1708 1709
f 1709 1710 88
f 1710 90 88
f 1710 1711 1712
f 1712 1478 1477
f 1712 1713 1714
f 1714 1715 1478
f 1715 1479 1478
f 1715 1717 1718
f 1718 1719 1716
f 1720 1482 1716
f 1719 1721 1722
f 1719 1723 1720
f 1724 1485 1720
f 1722 2260 1725
f 1723 1726 1724
f 1489 1487 1724
f 1725 2263 1727
f 1726 1728 1489
f 1492 1490 1489
f 1727 2266 1729
f 1728 1730 1492
f 1495 1493 1492
f 1729 2269 1731
f 1730 1732 1495
f 1733 1496 1495
f 1731 2272 1734
f 1732 1735 1733
f 1736 1499 1733
f 1734 2275 1737
f 1735 1738 1736
f 1739 1502 1736
f 1737 2278 1740
f 1738 1741 1739
f 1742 1505 1739
f 1740 2281 1743
f 1741 1744 1742
f 1745 1508 1742
f 1743 2284 1746
f 1744 1747 1745
f 1748 1511 1745
f 1746 2287 1749
f 1747 1750 1748
f 1751 1514 1748
f 1749 2397 1752
f 1750 1753 1751
f 1754 1517 1751
f 1752 1756 1755
f 1753 1527 1754
f 1756 1758 1757
f 1755 1528 1527
f 1758 1760 1759
f 1757 1530 1528
f 1760 1762 1761
f 1759 1532 1530
f 1762 1764 1763
f 1761 1533 1532
f 1764 1766 1765
f 1763 1537 1533
f 1766 1769 1767
f 1765 1768 1537
f 1769 1665 1770
f 1767 1771 1768
f 1770 1662 1772
f 1771 1773 1774
f 1774 1538 1768
f 1772 1661 1775
f 1773 1776 1777
f 1777 1540 1774
f 1775 1889 1778
f 1776 1779 1780
f 1780 1542 1777
f 1780 1781 1782
f 1782 1543 1542
f 1782 1783 1784
f 1784 1545 1543
f 1784 1785 1786
f 1786 1547 1545
f 1786 1787 1788
f 1788 1550 1547
f 1788 1789 1790
f 1790 1791 1550
f 1791 1792 1793
f 1793 1794 1553
f 1791 1551 1550
f 1794 1795 1796
f 1796 1799 1557
f 1794 1554 1553
f 1796 1797 1798
f 1798 1565 1799
f 1798 1800 1572
f 1572 1566 1565
f 1795 1908 1801
f 1797 1802 1800
f 1801 1805 1803
f 1802 1804 1576
f 1576 1573 1800
f 1805 1907 1806
f 1803 1807 1804
f 1806 1913 1808
f 1807 1809 1579
f 1807 1577 1804
f 1808 1916 1810
f 1810 1811 1582
f 1809 1580 1579
f 1811 1812 1813
f 1813 1814 1585
f 1811 1583 1582
f 1814 1815 1816
f 1816 1590 1588
f 1814 1586 1585
f 1816 1817 1818
f 1818 1592 1590
f 1818 1819 1820
f 1820 1594 1592
f 1820 1821 1822
f 1822 1823 1594
f 1823 1824 1825
f 1825 1826 1597
f 1823 1595 1594
f 1826 1827 1828
f 1828 1829 1600
f 1826 1598 1597
f 1829 1830 1831
f 1831 1833 1832
f 1829 1601 1600
f 1833 1835 1834
f 1832 1603 1601
f 1835 1837 1836
f 1834 1605 1603
f 1837 1839 1838
f 1836 1607 1605
f 1839 1841 1840
f 1838 1610 1607
f 1841 1844 1842
f 1840 1843 1610
f 1844 1956 1845
f 1842 1846 1843
f 1847 1611 1843
f 1845 1962 1848
f 1846 1849 1847
f 1850 1614 1847
f 1848 1963 1851
f 1849 1852 1850
f 1853 1617 1850
f 1851 1966 1854
f 1852 1855 1853
f 1856 1620 1853
f 1854 1969 1857
f 1855 1858 1856
f 1859 1623 1856
f 1857 1972 1860
f 1858 1861 1859
f 1862 1626 1859
f 1860 1975 1863
f 1861 1864 1862
f 1865 1629 1862
f 1863 1979 1866
f 1864 1867 1865
f 1868 1632 1865
f 1866 1982 1869
f 1867 1870 1868
f 1638 1635 1868
f 1869 1872 1871
f 1870 1640 1638
f 1872 1874 1873
f 1871 1642 1640
f 1874 1876 1875
f 1873 1644 1642
f 1876 1878 1877
f 1875 1646 1644
f 1878 1880 1879
f 1877 1648 1646
f 1880 1882 1881
f 1879 1650 1648
f 1882 1884 1883
f 1883 1651 1650
f 1884 1886 1885
f 1885 1653 1651
f 1886 1888 1887
f 1887 1655 1653
f 1888 1778 1889
f 1887 1658 1655
f 1888 1890 1891
f 1891 1779 1778
f 1891 1892 1893
f 1893 1781 1779
f 1893 1894 1895
f 1895 1783 1781
f 1895 1896 1897
f 1897 1785 1783
f 1897 1898 1899
f 1899 1787 1785
f 1899 1900 1901
f 1901 1789 1787
f 1901 1902 1903
f 1903 1904 1789
f 1904 1905 1906
f 1906 1908 1792
f 1904 1790 1789
f 1906 1907 1805
f 1805 1801 1908
f 1903 1902 1909
f 1905 1910 1907
f 1909 2005 1911
f 1910 1912 1913
f 1913 1806 1907
f 1911 2008 1914
f 1912 1915 1916
f 1916 1808 1913
f 1914 2011 1917
f 1915 1918 1812
f 1812 1810 1916
f 1917 1920 1919
f 1919 1817 1815
f 1918 1813 1812
f 1920 1922 1921
f 1921 1819 1817
f 1921 1923 1924
f 1924 1821 1819
f 1924 1925 1926
f 1926 1927 1821
f 1927 1928 1929
f 1929 1930 1824
f 1927 1822 1821
f 1930 1931 1932
f 1932 1933 1827
f 1930 1825 1824
f 1933 1934 1935
f 1935 1936 1830
f 1933 1828 1827
f 1936 1937 1938
f 1938 69 1939
f 1936 1831 1830
f 1938 1940 1941
f 1941 70 69
f 1941 1942 1943
f 1943 1944 70
f 1944 1945 1946
f 1946 1948 1947
f 1944 71 70
f 1948 1950 1949
f 1947 72 71
f 1949 1839 1837
f 1837 1835 72
f 1948 1952 1951
f 1950 1841 1839
f 1952 1954 1953
f 1951 1844 1841
f 1954 1957 1955
f 1953 1956 1844
f 1957 2042 1958
f 1955 1959 1956
f 1958 145 1960
f 1959 1961 1962
f 1962 1845 1956
f 1963 1848 1962
f 1960 2194 1964
f 1961 1965 1963
f 1966 1851 1963
f 1964 2193 1967
f 1965 1968 1966
f 1969 1854 1966
f 1967 2195 1970
f 1968 1971 1969
f 1972 1857 1969
f 1970 2183 1973
f 1971 1974 1972
f 1975 1860 1972
f 1974 1976 1977
f 1974 1978 1975
f 1979 1863 1975
f 1977 2181 1980
f 1978 1981 1979
f 1982 1866 1979
f 1980 2180 1983
f 1981 1984 1982
f 1872 1869 1982
f 1983 1986 1985
f 1984 1874 1872
f 1986 1988 1987
f 1985 1876 1874
f 1988 1990 1989
f 1987 1878 1876
f 1990 6 1991
f 1989 1880 1878
f 6 5 1992
f 1991 1882 1880
f 5 1994 1993
f 1992 1884 1882
f 1994 1892 1890
f 1993 1886 1884
f 1994 3 1995
f 1995 1894 1892
f 1995 1996 1997
f 1997 1896 1894
f 1997 1998 1999
f 1999 1898 1896
f 1999 2000 2001
f 2001 1900 1898
f 2001 2002 2003
f 2003 1902 1900
f 2003 2004 2005
f 2005 1909 1902
f 2002 2090 2006
f 2004 2007 2008
f 2008 1911 2005
f 2006 2093 2009
f 2007 2010 2011
f 2011 1914 2008
f 2009 2013 2012
f 2010 1922 1920
f 1920 1917 2011
f 2013 2015 2014
f 2012 1923 1922
f 2015 2017 2016
f 2014 1925 1923
f 2017 2071 2018
f 2016 2019 1925
f 2019 2020 2021
f 2021 2022 1928
f 2019 1926 1925
f 2021 2066 2023
f 2023 2024 1931
f 2022 1929 1928
f 2024 2025 2026
f 2026 2027 1934
f 2024 1932 1931
f 2027 2028 2029
f 2029 1940 1937
f 2027 1935 1934
f 2028 2031 2030
f 2030 1942 1940
f 2031 2196 2032
f 2032 2033 1942
f 2032 2197 2034
f 2034 2035 1945
f 2033 1943 1942
f 2034 2198 2036
f 2035 2037 2038
f 2035 1946 1945
f 2038 1954 1952
f 2038 1948 1946
f 2036 2040 2039
f 2037 1957 1954
f 2040 2043 2041
f 2039 2042 1957
f 2043 2044 143
f 2041 142 2042
f 2045 2157 2046
f 2044 146 143
f 2044 2047 2045
f 2048 2154 2045
f 2043 2040 2049
f 2047 2050 2048
f 2051 2151 2048
f 2049 2198 2052
f 2050 2053 2051
f 2054 2148 2051
f 2052 2197 2055
f 2053 2056 2054
f 2057 2149 2054
f 2055 2196 2058
f 2056 2059 2057
f 2060 2125 2057
f 2058 2062 2061
f 2059 98 2060
f 2062 2064 2063
f 2061 93 98
f 2064 2025 2065
f 2063 94 93
f 2025 2023 2066
f 2065 2067 94
f 2068 95 94
f 2066 2021 2020
f 2067 2069 2068
f 2070 2122 2068
f 2020 2018 2071
f 2069 2072 2070
f 2073 2118 2070
f 2071 2017 2074
f 2072 2075 2073
f 2076 2114 2073
f 2074 2094 2077
f 2075 2078 2076
f 2078 2080 2076
f 2077 2091 2081
f 2078 2082 2079
f 2082 2084 2079
f 2081 2086 2085
f 2085 2100 2083
f 2086 2088 2087
f 2085 2 2100
f 2088 2000 1998
f 2087 1996 2
f 2088 2089 2090
f 2090 2002 2000
f 2086 2081 2091
f 2089 2092 2093
f 2093 2006 2090
f 2091 2077 2094
f 2092 2015 2013
f 2013 2009 2093
f 2084 2096 2097
f 2097 2080 2079
f 2083 2098 2095
f 2099 2102 2095
f 2098 2100 4
f 2098 2101 2099
f 2102 2103 2104
f 2104 2106 2105
f 2102 2096 2095
f 2106 2167 2107
f 2105 2108 2096
f 2107 2133 2109
f 2109 2111 2110
f 2108 2097 2096
f 2111 2113 2112
f 2110 2080 2097
f 2113 2115 2114
f 2112 2076 2080
f 2115 2116 2117
f 2117 2119 2118
f 2115 2073 2114
f 2119 2120 2121
f 2121 96 2122
f 2122 2070 2118
f 2121 2123 2124
f 2124 97 96
f 2124 2125 2060
f 2060 98 97
f 2123 2127 2125
f 2120 2128 2126
f 2129 2147 2126
f 2128 2117 2116
f 2116 2130 2129
f 2131 67 2129
f 2116 2113 2111
f 2130 2109 2131
f 2132 64 67
f 2131 2133 2132
f 2132 2134 2135
f 2135 65 64
f 2135 2136 2137
f 2137 2138 65
f 2138 2139 2140
f 2140 2142 2141
f 2141 62 65
f 2142 2144 2143
f 2143 63 62
f 2144 2148 2145
f 2145 2146 63
f 2146 66 63
f 2145 2149 2127
f 2127 2126 2147
f 2148 2054 2149
f 2144 2150 2151
f 2151 2051 2148
f 2150 2153 2154
f 2154 2048 2151
f 2142 2140 2152
f 2153 2156 2157
f 2157 2045 2154
f 2152 2158 2155
f 2158 2160 2155
f 2158 2140 2139
f 2139 2161 2159
f 2161 2163 2159
f 2161 2137 2136
f 2136 2164 2162
f 2164 2166 2162
f 2164 2134 2167
f 2167 2106 2165
f 2168 2175 2169
f 2169 2163 2162
f 2166 2170 2168
f 2171 2172 2168
f 2170 2106 2104
f 2170 2103 2171
f 2173 2181 2174
f 2172 2175 2168
f 2172 2176 2173
f 2177 2180 2173
f 2171 2103 2178
f 2176 2179 2177
f 1988 1986 2177
f 2178 2101 7
f 2179 1990 1988
f 2178 2099 2101
f 1986 1983 2180
f 2181 1977 1976
f 2174 2182 2175
f 2182 1973 2183
f 2183 2185 2184
f 2182 2169 2175
f 2185 2187 2186
f 2184 2163 2169
f 2187 2188 2160
f 2186 2159 2163
f 2188 2189 2190
f 2190 2191 2156
f 2188 2155 2160
f 2191 2192 147
f 147 146 2046
f 2191 2157 2156
f 2193 1964 2194
f 2192 144 147
f 2192 2189 2193
f 2195 1967 2193
f 2187 2185 2195
f 2185 1970 2195
f 2180 1980 2181
f 2133 2107 2167
f 2147 67 66
f 2149 2057 2125
f 2094 2017 2015
f 2122 95 2068
f 2064 2031 2028
f 2028 2026 2025
f 2062 2196 2031
f 2197 2032 2196
f 2198 2034 2197
f 2040 2036 2198
f 2194 145 144
f 2042 142 145
f 1835 73 72
f 1833 1939 73
f 1908 1793 1792
f 1889 1661 1658
f 2199 1668 1769
f 1766 2200 2199
f 2201 1671 2199
f 1764 1762 2202
f 2200 17 2201
f 1762 1760 2203
f 2202 20 17
f 1760 1758 2204
f 2203 2205 20
f 1758 1756 2206
f 2204 2207 2205
f 2206 2397 2208
f 2207 2209 2210
f 2210 21 2205
f 2210 2211 2212
f 2212 22 21
f 2212 2213 2214
f 2214 2215 22
f 2215 2216 2217
f 2217 2221 2218
f 2215 19 22
f 2218 2220 19
f 2221 2222 2219
f 2222 2224 2219
f 2222 2225 2226
f 2226 2227 2223
f 2228 2394 2223
f 2227 2229 2230
f 2227 2231 2228
f 2232 2392 2228
f 2230 2304 2233
f 2231 2234 2232
f 2235 2390 2232
f 2233 2388 2236
f 2234 2237 2235
f 2238 2387 2235
f 2236 2314 2239
f 2237 2240 2238
f 2241 2385 2238
f 2239 2313 2242
f 2240 2243 2241
f 2244 2384 2241
f 2242 2316 2245
f 2243 2246 2244
f 2246 1703 2244
f 2245 2248 2247
f 2247 1708 1706
f 2248 2320 2249
f 2249 2250 1708
f 2250 1709 1708
f 2250 2251 2252
f 2252 1713 1711
f 2252 2253 2254
f 2254 2255 1713
f 2255 1714 1713
f 2255 2256 2257
f 2257 2258 1717
f 2258 1718 1717
f 2258 110 107
f 107 2259 1721
f 2260 1722 1721
f 2259 106 2261
f 2259 2262 2260
f 2263 1725 2260
f 2261 2383 2264
f 2262 2265 2263
f 2266 1727 2263
f 2264 2382 2267
f 2265 2268 2266
f 2269 1729 2266
f 2267 2380 2270
f 2268 2271 2269
f 2272 1731 2269
f 2270 2378 2273
f 2271 2274 2272
f 2275 1734 2272
f 2273 2376 2276
f 2274 2277 2275
f 2278 1737 2275
f 2276 2374 2279
f 2277 2280 2278
f 2281 1740 2278
f 2279 2289 2282
f 2280 2283 2281
f 2284 1743 2281
f 2282 2288 2285
f 2283 2286 2284
f 2287 1746 2284
f 2285 2211 2209
f 2286 2208 2287
f 2288 2213 2211
f 2288 2289 2290
f 2290 2291 2213
f 2291 2292 2293
f 2293 2294 2216
f 2291 2214 2213
f 2294 2295 2296
f 2296 2298 2297
f 2294 2217 2216
f 2298 2299 2225
f 2297 2221 2217
f 2299 2300 2301
f 2301 2302 2229
f 2299 2226 2225
f 2302 2303 101
f 101 100 2304
f 2302 2230 2229
f 2301 2300 2305
f 2303 2306 2307
f 2307 103 101
f 2307 2308 2309
f 2309 104 103
f 2309 2310 2311
f 2311 2312 104
f 2313 2239 2314
f 2312 102 104
f 2312 2315 2313
f 2316 2242 2313
f 2311 2310 2317
f 2315 2318 2316
f 2248 2245 2316
f 2317 2321 2319
f 2318 2320 2248
f 2321 2361 2322
f 2319 2323 2320
f 2251 2249 2320
f 2322 2325 2324
f 2323 2253 2251
f 2325 2365 2326
f 2324 2327 2253
f 2256 2254 2253
f 2326 2330 2328
f 2327 2329 2256
f 2330 2333 2331
f 2328 108 2329
f 2331 109 108
f 2333 2334 2332
f 2334 2336 2332
f 2334 85 82
f 82 2337 2335
f 2338 2381 2335
f 2337 81 2339
f 2337 2340 2338
f 2341 2379 2338
f 2339 2371 2342
f 2340 2343 2341
f 2344 2377 2341
f 2342 2370 2345
f 2343 2346 2344
f 2347 2375 2344
f 2345 2351 2348
f 2346 2349 2347
f 2292 2373 2347
f 2348 2350 2295
f 2349 2293 2292
f 2350 2351 2352
f 2352 2354 2353
f 2350 2296 2295
f 2354 2305 2300
f 2353 2298 2296
f 2354 2355 2356
f 2356 2306 2305
f 2356 2357 2358
f 2358 2308 2306
f 2358 2359 2360
f 2360 2310 2308
f 2360 2361 2321
f 2321 2317 2310
f 2357 2369 2362
f 2359 2363 2361
f 2362 2366 2364
f 2363 2365 2325
f 2325 2322 2361
f 2366 84 83
f 2364 2367 2365
f 2368 2371 84
f 2366 2369 2368
f 2370 2342 2371
f 2368 2372 2370
f 2351 2345 2370
f 2369 2357 2355
f 2372 2352 2351
f 2289 2279 2374
f 2373 2375 2347
f 2373 2290 2289
f 2374 2276 2376
f 2375 2377 2344
f 2376 2273 2378
f 2377 2379 2341
f 2371 81 84
f 2378 2270 2380
f 2379 2381 2338
f 2380 2267 2382
f 2381 2336 2335
f 2382 2264 2383
f 2336 109 2332
f 2333 2367 85
f 2330 2365 2367
f 2383 106 109
f 2256 2329 110
f 2384 1699 1698
f 2384 2385 2241
f 2244 1703 1701
f 1698 1696 2386
f 2385 2387 2238
f 2314 2388 102
f 2386 1694 2389
f 2387 2390 2235
f 2389 1692 2391
f 2390 2392 2232
f 2304 100 2388
f 2391 1689 2393
f 2392 2394 2228
f 2393 1686 2395
f 2394 2224 2223
f 2395 1683 2396
f 2224 2220 2219
f 2397 1749 2287
f 1756 1752 2397
f 2396 18 2220
f 2201 17 16
f 1799 1558 1557
f 1523 1520 1754
f 1473 1705 89
f 1151 1149 2399
f 2398 2400 1387
f 2398 1154 1151
f 1149 1146 1145
f 1145 2401 2400
f 2401 14 1384
f 1564 1329 1328
f 1525 1299 1298
f 1297 1069 1068
f 1294 1066 1065
f 1291 1063 1062
f 1062 1059 2402
f 2402 1056 2403
f 2403 1053 2404
f 2404 1050 2405
f 1049 1046 2407
f 2407 1273 1272
f 2406 2405 1049
f 1046 1044 2408
f 2408 2409 1273
f 2409 1040 2410
f 2410 2411 1268
f 2409 1267 1273
f 2411 1037 2412
f 2412 2413 1263
f 2411 1262 1268
f 2413 1034 2414
f 2414 26 1258
f 2413 1257 1263
f 2412 1035 1034
f 2410 1038 1037
f 2408 1041 1040
f 26 30 1253
f 30 28 2415
f 2415 1238 1237
f 1233 2416 2417
f 2417 1228 1227
f 1232 1238 27
f 2417 1027 2418
f 2418 2419 1228
f 2419 1023 2420
f 2420 2421 1223
f 2419 1222 1228
f 2421 1020 2422
f 2422 2423 1219
f 2421 1218 1223
f 2423 1017 2424
f 2424 2426 2425
f 2423 1215 1219
f 2426 1014 2427
f 2426 2428 2429
f 2429 1212 2425
f 2427 1011 2430
f 2428 2431 2432
f 2432 1209 2429
f 2430 1008 2433
f 2431 2434 2435
f 2435 1206 2432
f 2434 1005 2436
f 2436 2438 2437
f 2437 1203 2435
f 2438 1002 2439
f 2439 2440 1200
f 2438 1199 2437
f 2439 1000 999
f 999 37 2440
f 2436 1003 1002
f 1008 1006 1005
f 1011 1009 1008
f 2427 1012 1011
f 2424 1015 1014
f 2422 1018 1017
f 2420 1021 1020
f 2418 1024 1023
f 2440 38 1196
f 1141 12 2401
f 1137 1368 11
f 1301 1072 1071
f 1032 24 2414
f 1028 2416 29
f 997 2441 37
f 990 35 2441
f 985 1191 34
f 754 409 408
f 750 404 403
f 746 399 398
f 741 394 742
f 742 391 2442
f 2442 388 2443
f 2443 385 2444
f 2444 382 727
f 727 379 722
f 378 375 2445
f 2445 712 711
f 716 722 378
f 375 372 2446
f 2445 2447 712
f 2446 370 2448
f 2447 2449 707
f 2447 706 712
f 2448 368 2450
f 2449 2451 702
f 2449 701 707
f 2450 365 2452
f 2451 2453 697
f 2451 696 702
f 2452 362 2454
f 2453 2455 692
f 2453 691 697
f 2454 359 2456
f 2456 2457 687
f 2455 686 692
f 2457 356 355
f 355 2458 682
f 2457 681 687
f 2458 352 351
f 351 2459 678
f 2458 677 682
f 995 671 992
f 2459 130 674
f 2461 243 2462
f 2460 2463 641
f 2460 318 2461
f 2462 240 2464
f 2463 2465 638
f 2464 237 2466
f 2465 2467 635
f 2466 234 2468
f 2467 2469 632
f 2468 230 2470
f 2469 2471 629
f 2470 227 226
f 2471 44 626
f 548 152 151
f 510 60 425
f 617 41 381
f 349 131 2459
f 346 133 132
f 318 247 2461
f 137 246 245
f 310 2472 207
f 278 2472 126
f 315 156 173

