{
  "name": "BTG_2",
  "source_file": "BTG_2.stl",
  "canonical_scale_factor": 142.21452478320052,
  "source_unit_scale": 0.001,
  "centroid_offset": [
    47.84435668207785,
    141.69300216790822,
    47.332402310157406
  ],
  "original_bbox": [
    96.08770751953125,
    282.3114929199219,
    77.8515396118164
  ],
  "normalised_bbox": [
    0.6756532616201651,
    1.9851101239503681,
    0.5474232658759538
  ],
  "export_bbox": [
    0.06286844853550874,
    0.1847113020155165,
    0.05093685381661062
  ],
  "export_bbox_scale_factor": 0.09304839050840216,
  "export_bbox_target_size": 0.18471130201551647,
  "export_bbox_target_axis": "max",
  "volume_m3": 393289.73994665215,
  "surface_area_m2": 41474.60268794582,
  "export_volume_m3": 0.00011015579513333528,
  "export_surface_area_m2": 0.01775464758174744,
  "n_faces": 7680,
  "n_vertices": 3842,
  "is_watertight": true,
  "mass_kg": 0.05,
  "inertia": {
    "ixx": 0.00012571993078663193,
    "iyy": 9.899349483136866e-06,
    "izz": 0.00012845347696209352,
    "ixy": 1.8253114263214223e-05,
    "ixz": -5.492667044927402e-07,
    "iyz": -5.766988863567964e-06
  },
  "point_cloud_counts": [
    100,
    1024
  ],
  "point_cloud_space": "unit_sphere",
  "urdf_file": "BTG_2.urdf"
}