{
  "name": "BTG_2",
  "source_file": "BTG_2.stl",
  "canonical_scale_factor": 142.21452478320052,
  "source_unit_scale": 0.001,
  "centroid_offset": [
    47.84435668207785,
    141.69300216790822,
    47.332402310157406
  ],
  "original_bbox": [
    96.08770751953125,
    282.3114929199219,
    77.8515396118164
  ],
  "normalised_bbox": [
    0.6756532616201651,
    1.9851101239503681,
    0.5474232658759538
  ],
  "export_bbox": [
    0.046258819043497504,
    0.1359112065633138,
    0.03747951091900773
  ],
  "export_bbox_scale_factor": 0.068465323371003,
  "export_bbox_target_size": 0.1359112065633138,
  "export_bbox_target_axis": "max",
  "volume_m3": 393289.73994665215,
  "surface_area_m2": 41474.60268794582,
  "export_volume_m3": 4.388263976448232e-05,
  "export_surface_area_m2": 0.009612484509623834,
  "n_faces": 7680,
  "n_vertices": 3842,
  "is_watertight": true,
  "mass_kg": 0.05,
  "inertia": {
    "ixx": 6.806560826810505e-05,
    "iyy": 5.359573774915801e-06,
    "izz": 6.95455683826037e-05,
    "ixy": 9.882357692524345e-06,
    "ixz": -2.973766538749259e-07,
    "iyz": -3.122286199316619e-06
  },
  "point_cloud_counts": [
    100,
    1024
  ],
  "point_cloud_space": "unit_sphere",
  "urdf_file": "BTG_2.urdf"
}