{
  "name": "BTG_9",
  "source_file": "BTG_9.stl",
  "canonical_scale_factor": 150.87003310360706,
  "source_unit_scale": 0.001,
  "centroid_offset": [
    132.12067603266308,
    146.60324999345548,
    119.02348428204013
  ],
  "original_bbox": [
    282.0466003417969,
    283.3402404785156,
    254.9642791748047
  ],
  "normalised_bbox": [
    1.8694673457657882,
    1.878041879157919,
    1.6899597218203892
  ],
  "export_bbox": [
    0.28204660034179685,
    0.28334024047851564,
    0.2549642791748047
  ],
  "export_bbox_scale_factor": 0.15087003310360705,
  "export_bbox_target_size": null,
  "export_bbox_target_axis": null,
  "volume_m3": 2421894.7602714254,
  "surface_area_m2": 145762.5614876424,
  "export_volume_m3": 0.002421894760271425,
  "export_surface_area_m2": 0.1457625614876424,
  "n_faces": 26880,
  "n_vertices": 13442,
  "is_watertight": true,
  "mass_kg": 0.05,
  "inertia": {
    "ixx": 0.00022928547878566324,
    "iyy": 0.00020416693548307825,
    "izz": 0.0002876760479551823,
    "ixy": 4.325724270873e-05,
    "ixz": -3.58360979159075e-05,
    "iyz": 2.0093454628338674e-05
  },
  "point_cloud_counts": [
    100,
    1024
  ],
  "point_cloud_space": "unit_sphere",
  "urdf_file": "BTG_9.urdf"
}