# https://github.com/mikedh/trimesh

o Stage1_2Dcross_NEW_Rescaled_18.stl
v 0.02261903 -0.00288004 -0.02546962
v 0.02249611 0.00366781 -0.02651072
v 0.02282350 0.00077133 -0.02223912
v 0.02264424 -0.00268522 -0.02867750
v 0.02265346 -0.00256656 -0.02048223
v 0.02109322 -0.00861734 -0.02698587
v 0.02199977 -0.00598111 -0.02294293
v -0.02275188 -0.00162516 -0.02498195
v -0.02239409 0.00423861 -0.02646308
v -0.02275639 -0.00172574 -0.02822613
v -0.02276451 0.00174301 -0.02222708
v -0.02155424 -0.00746891 -0.02606773
v -0.02230113 -0.00474772 -0.02199809
v -0.02276628 -0.00144596 -0.02033164
v -0.00103026 0.04799252 -0.01748102
v 0.00106386 0.04799252 -0.01668146
v -0.00101537 0.04799252 -0.01965100
v -0.00416832 0.04799252 -0.01911807
v -0.00288335 0.04799252 -0.01643873
v -0.00065965 0.04799252 -0.01464800
v 0.02269380 0.00240023 0.02502480
v 0.02279665 -0.00093863 0.02182907
v 0.02270424 0.00223715 0.02015150
v 0.02251143 -0.00355875 0.02591304
v 0.02134566 0.00804916 0.02640032
v 0.02268306 0.00246322 0.02831433
v 0.02215627 0.00542074 0.02222650
v 0.02263075 -0.00271988 0.02851681
v -0.02242461 -0.00413297 0.02648700
v -0.02168150 -0.00709049 0.02394845
v -0.02067064 -0.00968912 0.02814943
v -0.02243340 -0.00406461 0.03007417
v -0.02283012 -0.00058512 0.02321390
v -0.02248790 -0.00379410 0.02151131
v -0.02272917 0.00194125 0.02759272
v 0.02232765 -0.02636344 0.00468747
v 0.02152437 -0.02376725 0.00755381
v 0.02021877 -0.02814420 0.01059102
v 0.02224568 -0.03002018 0.00498126
v 0.02278908 -0.03038932 -0.00024105
v 0.02278749 -0.02291178 0.00115855
v 0.02242610 -0.02128971 0.00417857
v 0.02276790 -0.02741080 -0.00121292
v -0.02274773 -0.02515201 -0.00172005
v -0.02275639 -0.02179947 0.00185277
v -0.02278648 -0.02022672 -0.00117315
v -0.02240855 -0.02600992 0.00427379
v -0.02275041 -0.02848355 -0.00168141
v -0.02251598 -0.02878824 0.00354147
v -0.02165379 -0.02648404 -0.00714561
v -0.02232695 -0.02250260 -0.00465375
v 0.02284889 0.02453598 0.00016237
v 0.02281538 0.02812143 -0.00076456
v 0.02241908 0.02806283 0.00404008
v 0.02215956 0.02516830 0.00537974
v 0.02252553 0.02118930 0.00354073
v 0.02282210 0.01962680 0.00060111
v -0.02218480 0.02667367 0.00522610
v -0.02280302 0.02779086 -0.00044281
v -0.02276884 0.02315365 0.00171738
v -0.02236552 0.02147299 0.00443712
v -0.02212926 0.03019271 0.00545264
v -0.02280663 0.03074691 0.00052357
v -0.02022276 0.02831088 0.01055121
v -0.02143401 0.02405502 0.00776312
v 0.01728883 0.04799252 -0.00521678
v 0.01658064 0.04799252 -0.00264620
v 0.01929836 0.04799252 -0.00520203
v 0.01591267 0.04799252 -0.00696447
v 0.01408925 0.04799252 -0.00427161
v 0.01817757 0.04799252 -0.00822747
v 0.01500795 0.01134945 -0.04799973
v 0.01288429 0.01233432 -0.04799973
v 0.01632704 0.01239584 -0.04799973
v 0.01544569 0.00926107 -0.04799973
v 0.01261848 0.00963217 -0.04799973
v 0.01503090 0.01158676 0.04800027
v 0.01304158 0.01259994 0.04800027
v 0.01273061 0.01024740 0.04800027
v 0.01634584 0.01252768 0.04800027
v 0.01392763 0.01468539 0.04800027
v 0.01542775 0.00974057 0.04800027
v -0.01347533 0.04799252 0.00046477
v -0.01245158 0.04799252 -0.00121092
v -0.01572142 0.04799252 -0.00238019
v -0.01218517 0.04799252 0.00221661
v -0.01009557 0.04799252 0.00057226
v -0.01590666 0.04799252 0.00062267
v -0.01520525 0.04799252 0.00364289
v -0.00295787 -0.04800748 0.01825112
v -0.00310435 -0.04800748 0.02003910
v -0.00646562 -0.04800748 0.01903129
v -0.00497642 -0.04800748 0.01693202
v -0.00252489 -0.04800748 0.01478827
v -0.00044493 -0.04800748 0.01723070
v -0.00563121 -0.00473502 0.04800027
v -0.00606346 -0.00857242 0.04800027
v -0.00391954 -0.00465689 0.04800027
v -0.00532616 -0.00143570 0.04800027
v -0.00685167 -0.00268961 0.04800027
v -0.00841661 -0.00691422 0.04800027
v 0.00750533 0.00230209 -0.04799973
v 0.00953944 0.00131039 -0.04799973
v 0.00860597 -0.00060709 -0.04799973
v 0.00616725 0.00159506 -0.04799973
v 0.00713789 0.00448227 -0.04799973
v 0.00982094 0.00407064 -0.04799973
v -0.00531078 -0.04800748 -0.01341432
v -0.00557231 -0.04800748 -0.01553418
v -0.00296361 -0.04800748 -0.01294219
v -0.00430711 -0.04800748 -0.01068902
v -0.00681883 -0.04800748 -0.01211797
v -0.00834087 -0.04800748 -0.01444690
v -0.01528636 -0.04800748 -0.00125227
v -0.01719163 -0.04800748 -0.00123152
v -0.01667979 -0.04800748 -0.00364419
v -0.01431285 -0.04800748 0.00051280
v -0.01677275 -0.04800748 0.00165929
v -0.01427257 -0.04800748 -0.00272272
v -0.01224254 -0.04800748 -0.00094956
v -0.00216795 0.04799252 0.01513975
v -0.00002281 0.04799252 0.01436418
v -0.00188756 0.04799252 0.01208228
v -0.00270140 0.04799252 0.01836616
v 0.00074422 0.04799252 0.01844265
v -0.00419005 0.04799252 0.01404495
v -0.01490770 -0.00134293 -0.04799973
v -0.01405247 0.00031771 -0.04799973
v -0.01204625 -0.00142203 -0.04799973
v -0.01705919 -0.00148795 -0.04799973
v -0.01664842 0.00136703 -0.04799973
v -0.01374406 -0.00314371 -0.04799973
v -0.01626414 -0.00454264 -0.04799973
v -0.01765465 0.00105209 0.04800027
v -0.01674272 -0.00114664 0.04800027
v -0.01482384 0.00092855 0.04800027
v -0.01987248 0.00106576 0.04800027
v -0.01958098 -0.00220230 0.04800027
v -0.01675121 0.00299203 0.04800027
v -0.01941026 0.00408920 0.04800027
v 0.01480959 -0.04800748 -0.00250055
v 0.01400783 -0.04800748 -0.00027191
v 0.01129262 -0.04800748 -0.00205146
v 0.01337434 -0.04800748 -0.00442372
v 0.01723311 -0.04800748 -0.00643524
v 0.01818971 -0.04800748 -0.00295270
v 0.01830324 -0.04800748 0.00060305
v -0.00698949 -0.01023307 -0.04799973
v -0.00529576 -0.00996988 -0.04799973
v -0.00805138 -0.01296891 -0.04799973
v -0.01049168 -0.01152359 -0.04799973
v -0.00824614 -0.00868473 -0.04799973
v -0.00644823 -0.00727652 -0.04799973
v 0.00759633 0.00181771 0.04800027
v 0.00611763 0.00136752 0.04800027
v 0.00835024 -0.00116861 0.04800027
v 0.00953932 0.00055014 0.04800027
v 0.01004396 0.00287240 0.04800027
v 0.00735829 0.00368393 0.04800027
v 0.00511769 0.00388705 0.04800027
v 0.00721510 0.00620541 0.04800027
v 0.00461330 0.00652035 0.04800027
v 0.00321059 0.00364242 0.04800027
v 0.00452937 0.00080746 0.04800027
v 0.00269783 0.00022299 0.04800027
v 0.00491652 -0.00340787 0.04800027
v 0.00677528 -0.00237711 0.04800027
v 0.00732509 -0.00697867 0.04800027
v 0.00941060 -0.00534537 0.04800027
v 0.01106044 -0.00333658 0.04800027
v 0.01431520 -0.00552701 0.04800027
v 0.01563594 -0.00243912 0.04800027
v 0.01240065 -0.00095084 0.04800027
v 0.01619997 0.00094662 0.04800027
v 0.01292226 0.00191342 0.04800027
v 0.01604591 0.00422494 0.04800027
v 0.01296596 0.00485434 0.04800027
v 0.01004115 0.00557699 0.04800027
v 0.01279024 0.00763314 0.04800027
v 0.00988179 0.00831332 0.04800027
v 0.00697975 0.00897494 0.04800027
v 0.00983778 0.01105014 0.04800027
v 0.00684389 0.01187094 0.04800027
v 0.00415212 0.00937875 0.04800027
v 0.00376064 0.01241000 0.04800027
v 0.00140486 0.00940512 0.04800027
v 0.00220705 0.00647689 0.04800027
v 0.00069240 0.01250082 0.04800027
v -0.00124480 0.00898080 0.04800027
v -0.00012010 0.00606088 0.04800027
v -0.00231663 0.00532064 0.04800027
v -0.00085411 0.00257357 0.04800027
v 0.00112813 0.00318295 0.04800027
v -0.00283128 0.00183822 0.04800027
v -0.00137328 -0.00064225 0.04800027
v 0.00069154 -0.00025455 0.04800027
v 0.00065041 -0.00489957 0.04800027
v 0.00284743 -0.00425650 0.04800027
v 0.00237312 -0.00926871 0.04800027
v 0.00501186 -0.00824918 0.04800027
v 0.00390712 -0.01347916 0.04800027
v 0.00709181 -0.01215152 0.04800027
v 0.00990047 -0.01033854 0.04800027
v 0.01253920 -0.01363395 0.04800027
v 0.01530849 -0.01074381 0.04800027
v 0.01229701 -0.00809977 0.04800027
v 0.01855000 -0.01332242 0.04800027
v 0.02090004 -0.00921891 0.04800027
v 0.01760481 -0.00739957 0.04800027
v 0.02232527 -0.00484586 0.04800027
v 0.01895692 -0.00364127 0.04800027
v 0.02283632 -0.00047525 0.04800027
v 0.01943874 0.00022201 0.04800027
v 0.02253438 0.00368197 0.04800027
v 0.01930055 0.00390853 0.04800027
v 0.02155409 0.00752475 0.04800027
v 0.01857631 0.00720639 0.04800027
v 0.01572719 0.00719271 0.04800027
v 0.01766499 0.01005795 0.04800027
v 0.02008907 0.01088656 0.04800027
v 0.02015865 0.01066293 0.04485274
v 0.01808821 0.01389437 0.04491901
v 0.01805379 0.01397689 0.04800027
v 0.01540553 0.01681869 0.04494437
v 0.01541261 0.01683676 0.04800027
v 0.01222987 0.01927963 0.04800027
v 0.01094008 0.01651107 0.04800027
v 0.00750844 0.01797592 0.04800027
v 0.00698598 0.01489828 0.04800027
v 0.01015370 0.01382553 0.04800027
v 0.00357997 0.01560385 0.04800027
v 0.00374269 0.01891049 0.04800027
v 0.00012367 0.01576547 0.04800027
v -0.00018980 0.01915512 0.04800027
v -0.00332359 0.01528256 0.04800027
v -0.00230644 0.01206478 0.04800027
v -0.00420201 0.01862338 0.04800027
v -0.00659038 0.01413803 0.04800027
v -0.00514061 0.01105062 0.04800027
v -0.00950127 0.01239242 0.04800027
v -0.00767375 0.00954525 0.04800027
v -0.00374394 0.00810385 0.04800027
v -0.00598503 0.00687533 0.04800027
v -0.00985533 0.00769760 0.04800027
v -0.00802794 0.00533725 0.04800027
v -0.00625859 0.00309066 0.04800027
v -0.00435484 0.00434066 0.04800027
v -0.00984666 0.00355697 0.04800027
v -0.00801634 0.00160727 0.04800027
v -0.00661583 0.00019809 0.04800027
v -0.00479765 0.00113607 0.04800027
v -0.00343675 -0.00097623 0.04800027
v -0.00159178 -0.00515299 0.04800027
v -0.00328966 -0.00946647 0.04800027
v -0.00040025 -0.00975260 0.04800027
v -0.00324852 -0.01402506 0.04800027
v 0.00039723 -0.01417154 0.04800027
v -0.00350902 -0.01823014 0.04800027
v 0.00096657 -0.01843619 0.04800027
v 0.00526491 -0.01761246 0.04800027
v 0.00138826 -0.02279654 0.04800027
v 0.00658388 -0.02189322 0.04800027
v 0.01128590 -0.01986002 0.04800027
v 0.00914735 -0.01596793 0.04800027
v 0.01124721 -0.01985563 0.04499815
v 0.01526601 -0.01696500 0.04495631
v 0.01532692 -0.01692887 0.04800027
v 0.01516744 -0.01703922 0.04194851
v 0.01835329 -0.01354166 0.04182554
v 0.01846877 -0.01340689 0.04490373
v 0.02069460 -0.00956754 0.04165984
v 0.02080775 -0.00937027 0.04481413
v 0.02216744 -0.00534195 0.04142939
v 0.02224947 -0.00508219 0.04469995
v 0.02275764 -0.00109684 0.04122467
v 0.02279683 -0.00079020 0.04460788
v 0.02257234 0.00289779 0.04123659
v 0.02257436 0.00323520 0.04462610
v 0.02171834 0.00688070 0.04145516
v 0.02164839 0.00715756 0.04471812
v 0.02176302 0.00674008 0.03820200
v 0.02019008 0.01050619 0.03855537
v 0.02019118 0.01052426 0.04170364
v 0.01801003 0.01389633 0.03885512
v 0.01807564 0.01384311 0.04185947
v 0.01524690 0.01689291 0.03907368
v 0.01534370 0.01681771 0.04193735
v 0.01208156 0.01933383 0.04201049
v 0.01217183 0.01930355 0.04497627
v 0.01196742 0.01940805 0.03920564
v 0.00826155 0.02124057 0.04206835
v 0.00834431 0.02123764 0.04500232
v 0.00410036 0.02242660 0.04501890
v 0.00417079 0.02245346 0.04800027
v 0.00841457 0.02122934 0.04800027
v -0.00040611 0.02282943 0.04800027
v -0.00042375 0.02279672 0.04502722
v -0.00499669 0.02224545 0.04502339
v -0.00503264 0.02226645 0.04800027
v -0.00937492 0.02078353 0.04499683
v -0.00945164 0.02077572 0.04800027
v -0.01332854 0.01850228 0.04493964
v -0.01344542 0.01844223 0.04800027
v -0.00802525 0.01732064 0.04800027
v -0.01138914 0.01533090 0.04800027
v -0.01677928 0.01547201 0.04800027
v -0.01424254 0.01280111 0.04800027
v -0.01194115 0.01022396 0.04800027
v -0.01651524 0.00996811 0.04800027
v -0.01397447 0.00780355 0.04800027
v -0.01174577 0.00560141 0.04800027
v -0.01559264 0.00534994 0.04800027
v -0.01339879 0.00330404 0.04800027
v -0.01155479 0.00143441 0.04800027
v -0.01340160 -0.00104361 0.04800027
v -0.00978917 -0.00038248 0.04800027
v -0.01190929 -0.00325211 0.04800027
v -0.00830577 -0.00155582 0.04800027
v -0.01029991 -0.00520426 0.04800027
v -0.01437230 -0.00620084 0.04800027
v -0.01243797 -0.00879068 0.04800027
v -0.00996764 -0.01105924 0.04800027
v -0.01475536 -0.01184635 0.04800027
v -0.01167174 -0.01470865 0.04800027
v -0.00683360 -0.01296061 0.04800027
v -0.00783397 -0.01691959 0.04800027
v -0.01369054 -0.01827506 0.04800027
v -0.00913048 -0.02094205 0.04800027
v -0.00399809 -0.02249381 0.04800027
v -0.00896483 -0.02100309 0.04490729
v -0.00388322 -0.02247525 0.04497668
v 0.00142513 -0.02276969 0.04501569
v -0.00374809 -0.02246598 0.04202352
v 0.00145589 -0.02275650 0.04210892
v 0.00652388 -0.02185123 0.04212925
v 0.00656142 -0.02185709 0.04502702
v 0.00646785 -0.02187418 0.03934267
v 0.01106349 -0.01994889 0.03926516
v 0.01117043 -0.01988541 0.04206218
v 0.01089400 -0.02004996 0.03657231
v 0.01480434 -0.01736686 0.03623839
v 0.01501552 -0.01717545 0.03905259
v 0.01799953 -0.01402115 0.03589030
v 0.01819893 -0.01374869 0.03882892
v 0.02038277 -0.01019693 0.03555147
v 0.02055867 -0.00985172 0.03857459
v 0.02197072 -0.00606607 0.03510910
v 0.02207637 -0.00567887 0.03821287
v 0.02270631 -0.00176920 0.03463383
v 0.02273061 -0.00141861 0.03786124
v 0.02262532 0.00254965 0.03459627
v 0.02259761 0.00265414 0.03787041
v 0.02266115 0.00250619 0.03136264
v 0.02171462 0.00698666 0.03199661
v 0.02176808 0.00677914 0.03509140
v 0.01999367 0.01095004 0.03274973
v 0.02014827 0.01064730 0.03559235
v 0.01770033 0.01437582 0.03335499
v 0.01789259 0.01410531 0.03602126
v 0.01511745 0.01706869 0.03632204
v 0.01487740 0.01725180 0.03373789
v 0.01180721 0.01950521 0.03654902
v 0.01159377 0.01960775 0.03403534
v 0.00804439 0.02131381 0.03671643
v 0.00817152 0.02127914 0.03931327
v 0.00788454 0.02135336 0.03431278
v 0.00392213 0.02245053 0.03682198
v 0.00398348 0.02243295 0.03937743
v -0.00041527 0.02279623 0.03938643
v -0.00042729 0.02277230 0.04212022
v 0.00403658 0.02240268 0.04210441
v -0.00485265 0.02225766 0.03933852
v -0.00493681 0.02223812 0.04210876
v -0.00911473 0.02089047 0.03923181
v -0.00926451 0.02082064 0.04204904
v -0.01299376 0.01873373 0.03903920
v -0.01317863 0.01859652 0.04193046
v -0.01630431 0.01593930 0.03877933
v -0.01649748 0.01573031 0.04177577
v -0.01665868 0.01557699 0.04486287
v -0.01913072 0.01239340 0.04159331
v -0.01925413 0.01223031 0.04478181
v -0.01935014 0.01211166 0.04800027
v -0.02113768 0.00858920 0.04468121
v -0.02118962 0.00853109 0.04800027
v -0.01828136 0.00714486 0.04800027
v -0.02232744 0.00480404 0.04800027
v -0.02231267 0.00478061 0.04455640
v -0.02280345 0.00104037 0.04800027
v -0.02278538 0.00089633 0.04444963
v -0.02265880 -0.00282828 0.04800027
v -0.02259673 -0.00303385 0.04441418
v -0.02180290 -0.00683170 0.04800027
v -0.01860667 -0.00531070 0.04800027
v -0.01579662 -0.00354361 0.04800027
v -0.01705431 -0.00861783 0.04800027
v -0.02007957 -0.01090982 0.04800027
v -0.01737993 -0.01482438 0.04800027
v -0.01990471 -0.01113834 0.04464455
v -0.01716368 -0.01502164 0.04476961
v -0.01348473 -0.01842105 0.04483908
v -0.01690196 -0.01525309 0.04157488
v -0.01322264 -0.01856803 0.04175097
v -0.00875377 -0.02107389 0.04190079
v -0.01292046 -0.01879996 0.03882721
v -0.00850786 -0.02116568 0.03908990
v -0.00360179 -0.02250553 0.03925852
v -0.00822563 -0.02125943 0.03643183
v -0.00344078 -0.02253385 0.03666540
v 0.00149013 -0.02276578 0.03934243
v 0.00151674 -0.02276529 0.03675837
v -0.00328459 -0.02255533 0.03434721
v 0.00153749 -0.02276627 0.03447182
v 0.00628346 -0.02191617 0.03437745
v 0.00638960 -0.02189225 0.03674063
v 0.00615450 -0.02196109 0.03232180
v 0.01044197 -0.02029264 0.03194983
v 0.01069093 -0.02016324 0.03411559
v 0.01421895 -0.01783902 0.03139439
v 0.01454384 -0.01757877 0.03373559
v 0.01739821 -0.01474967 0.03069188
v 0.01774348 -0.01434000 0.03323122
v 0.01987154 -0.01117887 0.02991492
v 0.02017964 -0.01063639 0.03270681
v 0.02160329 -0.00723795 0.02929917
v 0.02183516 -0.00657633 0.03207828
v 0.02269032 -0.00213395 0.03143565
v 0.02130592 -0.00806412 0.02663723
v 0.01946785 -0.01183170 0.02751913
v 0.02088747 -0.00911686 0.02401027
v 0.02219185 -0.00527164 0.02301020
v 0.01901308 -0.01256754 0.02511505
v 0.02038594 -0.01011002 0.02155138
v 0.02174574 -0.00683756 0.02031182
v 0.02119264 -0.00836979 0.01773296
v 0.02215395 -0.00532340 0.01632078
v 0.02256160 -0.00326480 0.01903455
v 0.02266695 -0.00254410 0.01491590
v 0.02281337 -0.00030826 0.01750071
v 0.02280782 0.00002133 0.01315885
v 0.02269789 0.00221127 0.01553270
v 0.02228365 0.00479770 0.01778701
v 0.02150484 0.00755404 0.01952080
v 0.02235408 0.00453842 0.01327170
v 0.02173848 0.00687387 0.01523008
v 0.02080580 0.00935629 0.01705602
v 0.02108571 0.00872641 0.01291444
v 0.02003236 0.01093002 0.01484521
v 0.01940205 0.01193441 0.01887392
v 0.02013454 0.01068100 0.02120575
v 0.01821114 0.01362924 0.02269781
v 0.01885909 0.01280795 0.02507187
v 0.02078743 0.00940170 0.02371447
v 0.01651924 0.01568051 0.02615711
v 0.01699355 0.01520102 0.02843996
v 0.01937172 0.01201840 0.02751528
v 0.01738911 0.01473520 0.03079831
v 0.01973592 0.01142514 0.03003640
v 0.01458583 0.01751303 0.03140046
v 0.01422047 0.01780990 0.02915069
v 0.01135213 0.01974789 0.03188322
v 0.01104439 0.01993344 0.02980642
v 0.00771364 0.02142562 0.03224810
v 0.00751448 0.02149301 0.03032443
v 0.00378712 0.02247738 0.03246460
v 0.00386049 0.02246176 0.03451945
v 0.00369624 0.02245687 0.03058244
v -0.00028575 0.02279916 0.03067070
v -0.00031725 0.02280893 0.03254299
v -0.00035210 0.02280014 0.03456651
v -0.00445818 0.02236166 0.03244278
v -0.00460326 0.02230893 0.03446042
v -0.00040086 0.02280111 0.03685417
v -0.00474828 0.02227914 0.03678144
v -0.00871117 0.02105746 0.03417961
v -0.00893535 0.02096762 0.03662474
v -0.01245518 0.01910092 0.03379343
v -0.01275011 0.01891098 0.03630922
v -0.01572423 0.01650570 0.03330054
v -0.01604863 0.01619418 0.03588892
v -0.01847685 0.01337191 0.03273500
v -0.01875676 0.01297494 0.03549686
v -0.01895909 0.01265316 0.03850609
v -0.02079228 0.00934311 0.03507649
v -0.02093730 0.00899154 0.03818070
v -0.02105302 0.00873471 0.04139493
v -0.02227788 0.00483480 0.04111154
v -0.02223235 0.00498471 0.03775437
v -0.02275078 0.00078793 0.04088674
v -0.02276543 0.00073910 0.03735704
v -0.02252653 -0.00322770 0.04082879
v -0.02247984 -0.00347379 0.03723391
v -0.02156419 -0.00734537 0.04098516
v -0.02167393 -0.00707389 0.04448675
v -0.02145110 -0.00770621 0.03753971
v -0.01969884 -0.01141959 0.04130789
v -0.01945695 -0.01179752 0.03806279
v -0.01660155 -0.01557389 0.03850847
v -0.01917454 -0.01232242 0.03496686
v -0.01625505 -0.01599772 0.03561565
v -0.01257170 -0.01904215 0.03608267
v -0.01579692 -0.01643424 0.03291267
v -0.01215349 -0.01928531 0.03350870
v -0.00792522 -0.02135367 0.03402872
v -0.01172154 -0.01956070 0.03133536
v -0.00761479 -0.02147672 0.03193621
v -0.00312090 -0.02259879 0.03227985
v -0.00729472 -0.02158121 0.02999831
v -0.00296159 -0.02260318 0.03044896
v 0.00155238 -0.02276969 0.03240634
v 0.00155110 -0.02275895 0.03058951
v -0.00279881 -0.02261734 0.02869807
v 0.00152174 -0.02275260 0.02880940
v 0.00578603 -0.02201529 0.02862836
v 0.00598726 -0.02197770 0.03041238
v 0.00982124 -0.02055826 0.02810860
v 0.01014735 -0.02041715 0.02995597
v 0.01341383 -0.01842057 0.02724003
v 0.01383717 -0.01811344 0.02922829
v 0.01651540 -0.01570230 0.02625771
v 0.01697420 -0.01522525 0.02841376
v 0.01597530 -0.01623063 0.02419454
v 0.01847377 -0.01333316 0.02288859
v 0.01294319 -0.01874625 0.02538250
v 0.01541164 -0.01677018 0.02238231
v 0.01787349 -0.01413053 0.02087015
v 0.01721895 -0.01492789 0.01896904
v 0.01911543 -0.01241275 0.01719530
v 0.01977815 -0.01131022 0.01926473
v 0.01838655 -0.01350846 0.01527619
v 0.01989021 -0.01116422 0.01336945
v 0.02054921 -0.00977018 0.01548769
v 0.02106294 -0.00875748 0.01166835
v 0.02163680 -0.00711783 0.01390858
v 0.02193831 -0.00631607 0.01008250
v 0.02236317 -0.00448941 0.01242146
v 0.02249312 -0.00388736 0.00847153
v 0.02271339 -0.00198600 0.01080319
v 0.02276057 -0.00149039 0.00673681
v 0.02279842 0.00040756 0.00894922
v 0.02268025 0.00239242 0.01114979
v 0.02267793 0.00276645 0.00694654
v 0.02239302 0.00467758 0.00900362
v 0.02189278 0.00665268 0.01098250
v 0.02144807 0.00858432 0.00888969
v 0.02034493 0.01036605 0.01088628
v 0.02087489 0.01256723 0.00921171
v 0.01976399 0.01435189 0.01139134
v 0.01921272 0.01233480 0.01291026
v 0.01780751 0.01429623 0.01488464
v 0.01863686 0.01312436 0.01679313
v 0.01836519 0.01621713 0.01351691
v 0.01609206 0.01620980 0.01671814
v 0.01680989 0.01539633 0.01856203
v 0.01403261 0.01799936 0.01846548
v 0.01468098 0.01743881 0.02015967
v 0.01533803 0.01681478 0.02206319
v 0.01752986 0.01454135 0.02057615
v 0.01223714 0.01922006 0.02163394
v 0.01278682 0.01881527 0.02336601
v 0.01327821 0.01844516 0.02512808
v 0.01593861 0.01623324 0.02398106
v 0.00991945 0.02049057 0.02449676
v 0.01031215 0.02028988 0.02613498
v 0.01069875 0.02009555 0.02788853
v 0.01377144 0.01809848 0.02708541
v 0.00727901 0.02155062 0.02850304
v 0.00701070 0.02166049 0.02688351
v 0.00357259 0.02246518 0.02883436
v 0.00345900 0.02250961 0.02732107
v -0.00021452 0.02279672 0.02746563
v -0.00025322 0.02277768 0.02895544
v -0.00392943 0.02243295 0.02730176
v -0.00410802 0.02238266 0.02881540
v -0.00429613 0.02236947 0.03055971
v -0.00785435 0.02134164 0.02841094
v -0.00817326 0.02124057 0.03021299
v -0.00845287 0.02115414 0.03214227
v -0.01173216 0.01954184 0.02952914
v -0.01211455 0.01931527 0.03154859
v -0.01489470 0.01723910 0.02868147
v -0.01533928 0.01684018 0.03090102
v -0.01761736 0.01443148 0.02780194
v -0.01806822 0.01385336 0.03015273
v -0.01981139 0.01127719 0.02684048
v -0.02023527 0.01048910 0.02931856
v -0.02055296 0.00982113 0.03212817
v -0.02181242 0.00662826 0.02850030
v -0.02204741 0.00581527 0.03142567
v -0.02216667 0.00528012 0.03452297
v -0.02278551 0.00084359 0.03389978
v -0.02278313 0.00117855 0.03062287
v -0.02245537 -0.00378971 0.03363969
v -0.02104375 -0.00885025 0.03092436
v -0.02128471 -0.00819156 0.03416755
v -0.01877293 -0.01293619 0.03212779
v -0.01825804 -0.01362809 0.02953834
v -0.01528172 -0.01689811 0.03053148
v -0.01764134 -0.01444986 0.02717298
v -0.01470732 -0.01741471 0.02831784
v -0.01125560 -0.01982438 0.02926966
v -0.01406401 -0.01788590 0.02623567
v -0.01074004 -0.02008756 0.02733214
v -0.00695702 -0.02168375 0.02819146
v -0.01023796 -0.02034244 0.02570222
v -0.00662132 -0.02180045 0.02667374
v -0.00264391 -0.02264566 0.02723273
v -0.00627281 -0.02192203 0.02515821
v -0.00248704 -0.02267203 0.02577024
v 0.00148116 -0.02276627 0.02736577
v 0.00146101 -0.02276627 0.02593211
v 0.00537825 -0.02214420 0.02562690
v 0.00559346 -0.02207193 0.02709136
v 0.00910243 -0.02090836 0.02486338
v 0.00945674 -0.02073551 0.02639538
v 0.01247334 -0.01906559 0.02370058
v 0.00868733 -0.02110416 0.02334092
v 0.01194942 -0.01940006 0.02209955
v 0.01138649 -0.01977066 0.02056730
v 0.01415944 -0.01790787 0.01896046
v 0.01480611 -0.01734293 0.02062962
v 0.01425716 -0.01916129 0.01782299
v 0.01649971 -0.01711393 0.01576932
v 0.01651369 -0.01575650 0.01716948
v 0.01728041 -0.01901432 0.01485879
v 0.01910970 -0.01687760 0.01244238
v 0.01828163 -0.01499332 0.01365578
v 0.02041225 -0.01467252 0.01020248
v 0.01963930 -0.01271354 0.01164308
v 0.02132631 -0.01237955 0.00813528
v 0.02066890 -0.01042350 0.00972607
v 0.02198433 -0.00997623 0.00613808
v 0.02143446 -0.00807242 0.00790184
v 0.02245515 -0.00758561 0.00423817
v 0.02230354 -0.00571549 0.00628549
v 0.02271675 -0.00522281 0.00241423
v 0.02266145 -0.00335025 0.00455537
v 0.02282747 -0.00289811 0.00058350
v 0.02279762 -0.00099772 0.00271763
v 0.02278902 0.00088461 0.00484415
v 0.02282375 0.00134652 0.00080042
v 0.02275081 0.00327523 0.00286857
v 0.02259309 0.00512973 0.00490731
v 0.02222792 0.00693148 0.00693512
v 0.02280214 0.00569857 0.00085513
v 0.02267067 0.00761020 0.00287673
v 0.02236086 0.00936215 0.00494931
v 0.02181905 0.01099691 0.00708131
v 0.02279231 0.01016830 0.00076541
v 0.02260884 0.01209848 0.00293066
v 0.02222932 0.01367318 0.00517655
v 0.02151460 0.01512143 0.00754280
v 0.02259309 0.01675570 0.00309013
v 0.02209084 0.01800521 0.00563937
v 0.02172969 0.02212436 0.00693246
v 0.02115944 0.01921957 0.00842441
v 0.02049007 0.01669320 0.00996176
v 0.01988057 0.02057895 0.01116968
v 0.01915620 0.01834115 0.01234241
v 0.01811177 0.02204916 0.01382072
v 0.01741115 0.01998861 0.01469607
v 0.01594301 0.02340561 0.01626196
v 0.01527589 0.02151547 0.01690453
v 0.01665138 0.01800473 0.01558950
v 0.01456282 0.01966732 0.01756953
v 0.01279878 0.02288119 0.01884701
v 0.01213094 0.02114437 0.01930804
v 0.01166652 0.01960092 0.02004940
v 0.00943404 0.02243539 0.02075531
v 0.00903438 0.02094027 0.02136490
v 0.00949300 0.02069174 0.02288502
v 0.00617342 0.02196371 0.02235864
v 0.00648036 0.02185189 0.02381206
v 0.00675081 0.02175424 0.02534576
v 0.00324251 0.02258041 0.02436365
v 0.00335432 0.02254232 0.02586289
v -0.00016014 0.02282992 0.02455363
v -0.00018742 0.02281234 0.02604564
v -0.00355406 0.02251937 0.02437627
v -0.00374864 0.02247787 0.02587115
v -0.00683018 0.02174203 0.02378461
v -0.00718462 0.02161752 0.02528769
v -0.00750816 0.02148471 0.02676420
v -0.01041460 0.02026400 0.02432925
v -0.01086058 0.02002084 0.02590785
v -0.01131120 0.01977816 0.02764790
v -0.01387071 0.01802230 0.02481735
v -0.01440477 0.01763021 0.02668249
v -0.01650377 0.01567709 0.02358102
v -0.01709947 0.01502035 0.02563351
v -0.01871446 0.01296713 0.02220934
v -0.01929839 0.01211557 0.02444012
v -0.02041820 0.01004379 0.02081479
v -0.02099956 0.00884066 0.02320936
v -0.02142686 0.00769467 0.02584372
v -0.02215428 0.00543344 0.02197371
v -0.02251225 0.00365756 0.02471052
v -0.02166258 0.00705893 0.01943075
v -0.02245647 0.00398617 0.01797269
v -0.02274773 0.00194516 0.02053304
v -0.02279668 0.00115170 0.01639326
v -0.02278807 -0.00126383 0.01887784
v -0.02277538 -0.00141129 0.01468594
v -0.02250658 -0.00369889 0.01713521
v -0.02193169 -0.00626725 0.01964099
v -0.02202037 -0.00592154 0.01521660
v -0.02126744 -0.00826041 0.01745876
v -0.02095317 -0.00901969 0.02167708
v -0.02012535 -0.01071793 0.01944098
v -0.01922881 -0.01222721 0.02350250
v -0.01999004 -0.01101285 0.02576188
v -0.01837968 -0.01342105 0.02129019
v -0.01690733 -0.01522379 0.02499383
v -0.01614055 -0.01605436 0.02291228
v -0.01341368 -0.01836246 0.02437664
v -0.01537981 -0.01681217 0.02103408
v -0.01278203 -0.01885123 0.02268117
v -0.00972893 -0.02059488 0.02410333
v -0.01207323 -0.01934781 0.02099469
v -0.00916472 -0.02086490 0.02247932
v -0.00588737 -0.02205680 0.02356617
v -0.00876878 -0.02151920 0.02106654
v -0.00561046 -0.02252848 0.02214558
v -0.00230309 -0.02271305 0.02418740
v -0.00217613 -0.02298746 0.02272382
v 0.00136848 -0.02277994 0.02305540
v 0.00142537 -0.02277262 0.02442779
v 0.00489687 -0.02229996 0.02272316
v 0.00511964 -0.02223648 0.02412979
v 0.00505800 -0.02364078 0.02224790
v 0.00849886 -0.02260758 0.02117926
v 0.00827626 -0.02129361 0.02187893
v 0.00894807 -0.02420768 0.02096473
v 0.01219447 -0.02273111 0.01923335
v 0.01158626 -0.02107096 0.01963085
v 0.01271510 -0.02439566 0.01887324
v 0.01563991 -0.02279410 0.01654558
v 0.01497389 -0.02093863 0.01717898
v 0.01325880 -0.02627555 0.01846837
v 0.01631764 -0.02488980 0.01587358
v 0.01803847 -0.02101383 0.01388078
v 0.01882771 -0.02325162 0.01284085
v 0.01992549 -0.01895035 0.01108319
v 0.02074947 -0.02127115 0.00947604
v 0.02114247 -0.01679410 0.00857967
v 0.02183565 -0.01921842 0.00660447
v 0.02193074 -0.01453238 0.00625758
v 0.02244301 -0.01660123 0.00406367
v 0.02272926 -0.01389078 0.00191579
v 0.02242580 -0.01200748 0.00410480
v 0.02280464 -0.01130387 -0.00013984
v 0.02269978 -0.00949088 0.00210638
v 0.02270442 -0.00889029 -0.00201688
v 0.02279555 -0.00709439 0.00024568
v 0.02260756 -0.00660318 -0.00383024
v 0.02278206 -0.00477652 -0.00158267
v 0.02256044 -0.00446402 -0.00564409
v 0.02275124 -0.00253482 -0.00343024
v 0.02282674 -0.00060318 -0.00129474
v 0.02281880 -0.00036783 -0.00531072
v 0.02279933 0.00162826 -0.00320718
v 0.02280061 0.00366391 -0.00116121
v 0.02263429 0.00378061 -0.00517326
v 0.02267152 0.00587484 -0.00319106
v 0.02279128 0.00803500 -0.00124508
v 0.02237215 0.00795980 -0.00532277
v 0.02257118 0.01015756 -0.00345393
v 0.02276094 0.01249008 -0.00147836
v 0.02280006 0.01482699 0.00069212
v 0.02245815 0.01448080 -0.00397640
v 0.02272896 0.01708871 -0.00190640
v 0.02220247 0.01891879 -0.00516286
v 0.02259822 0.02171029 -0.00300365
v 0.02172725 0.01634701 -0.00689763
v 0.02102620 0.02069076 -0.00876416
v 0.02148067 0.02329867 -0.00762623
v 0.02185512 0.02612143 -0.00642303
v 0.01966640 0.02477768 -0.01153919
v 0.02000600 0.02731869 -0.01097131
v 0.02016402 0.02993441 -0.01065525
v 0.02190218 0.02899154 -0.00625094
v 0.01731264 0.02613510 -0.01480635
v 0.01760860 0.02840316 -0.01450036
v 0.01779897 0.03076889 -0.01425099
v 0.01789351 0.03337631 -0.01414147
v 0.02022340 0.03273080 -0.01053310
v 0.01480098 0.02925912 -0.01733603
v 0.01496339 0.03147543 -0.01718154
v 0.01505019 0.03383725 -0.01710315
v 0.01507283 0.03641342 -0.01711280
v 0.01787593 0.03607553 -0.01413429
v 0.01173659 0.03204037 -0.01954073
v 0.01178908 0.03418588 -0.01950855
v 0.01177351 0.03668783 -0.01953443
v 0.01168404 0.03931478 -0.01957017
v 0.01497511 0.03915707 -0.01714601
v 0.00813417 0.03452865 -0.02129979
v 0.00808559 0.03690707 -0.02132169
v 0.00797444 0.03945932 -0.02136021
v 0.00781538 0.04218100 -0.02141375
v 0.01154091 0.04210580 -0.01964812
v 0.00411494 0.03708871 -0.02240985
v 0.00396657 0.03957162 -0.02243965
v 0.00377748 0.04223568 -0.02247089
v 0.00354573 0.04508236 -0.02253619
v 0.00760756 0.04505600 -0.02150976
v -0.00017839 0.03961996 -0.02280942
v -0.00038756 0.04227084 -0.02278510
v -0.00061955 0.04509799 -0.02279839
v -0.00085850 0.04799252 -0.02281458
v 0.00328639 0.04799252 -0.02259198
v -0.00447234 0.04225912 -0.02233300
v -0.00467876 0.04509701 -0.02234216
v -0.00487669 0.04799252 -0.02231254
v -0.00849272 0.04508383 -0.02116992
v -0.00860680 0.04799252 -0.02116637
v -0.00704332 0.04799252 -0.01797797
v -0.00503654 0.04799252 -0.01519550
v -0.00987291 0.04799252 -0.01627166
v -0.00737755 0.04799252 -0.01350327
v -0.00456761 0.04799252 -0.01107491
v -0.00965050 0.04799252 -0.01153818
v -0.00652696 0.04799252 -0.00917412
v -0.00370561 0.04799252 -0.00708236
v -0.00832640 0.04799252 -0.00716673
v -0.00540929 0.04799252 -0.00509955
v -0.00703471 0.04799252 -0.00312634
v -0.00447801 0.04799252 -0.00109567
v -0.00278673 0.04799252 -0.00306235
v -0.00106798 0.04799252 -0.00506059
v 0.00070064 0.04799252 -0.00711337
v -0.00187657 0.04799252 -0.00903841
v -0.00028923 0.04799252 -0.00100745
v 0.00145735 0.04799252 -0.00302182
v 0.00323055 0.04799252 -0.00515629
v 0.00509462 0.04799252 -0.00740338
v 0.00258400 0.04799252 -0.00924982
v 0.00573244 0.04799252 -0.00313538
v 0.00754207 0.04799252 -0.00545964
v 0.00951442 0.04799252 -0.00791301
v 0.00711195 0.04799252 -0.00978832
v 0.00997682 0.04799252 -0.00348602
v 0.01180385 0.04799252 -0.00603156
v 0.01404958 0.04799252 -0.00855652
v 0.01177089 0.04799252 -0.01044999
v 0.01263521 0.04799252 -0.00142685
v 0.00832057 0.04799252 -0.00099638
v 0.01114735 0.04799252 0.00124850
v 0.01559438 0.04799252 0.00053321
v 0.01427821 0.04799252 0.00355839
v 0.01887526 0.04799252 0.00232716
v 0.01947914 0.04799252 -0.00136504
v 0.01768501 0.04799252 0.00585961
v 0.02251131 0.04799252 0.00384489
v 0.02283662 0.04799252 -0.00046053
v 0.02233723 0.04799252 -0.00479015
v 0.02278755 0.04452523 0.00024724
v 0.02244875 0.04458432 -0.00397424
v 0.02251827 0.04117123 -0.00321605
v 0.02154030 0.04144857 -0.00738731
v 0.02132887 0.04471811 -0.00807134
v 0.02106050 0.04799252 -0.00887157
v 0.01963075 0.04486605 -0.01160895
v 0.01935231 0.04799252 -0.01212276
v 0.01654573 0.04799252 -0.01053080
v 0.01718629 0.04799252 -0.01503498
v 0.01435817 0.04799252 -0.01282966
v 0.01445204 0.04799252 -0.01770607
v 0.01181850 0.04799252 -0.01499848
v 0.00934035 0.04799252 -0.01233559
v 0.00895241 0.04799252 -0.01691847
v 0.00671889 0.04799252 -0.01406150
v 0.00458150 0.04799252 -0.01152701
v 0.00390443 0.04799252 -0.01554971
v 0.00195741 0.04799252 -0.01313202
v 0.00002834 0.04799252 -0.01102390
v -0.00256859 0.04799252 -0.01290400
v 0.00576198 0.04799252 -0.01846399
v 0.00237605 0.04799252 -0.01944516
v 0.00737575 0.04799252 -0.02160841
v 0.01113673 0.04799252 -0.01994230
v 0.01135774 0.04501693 -0.01977940
v 0.01466890 0.04498080 -0.01748745
v 0.01742268 0.04494613 -0.01472931
v 0.01484004 0.04199398 -0.01727475
v 0.01763149 0.04189779 -0.01442474
v 0.01778853 0.03890609 -0.01419863
v 0.01987672 0.04172494 -0.01114211
v 0.02005330 0.03857553 -0.01078677
v 0.02018452 0.03562338 -0.01058423
v 0.02169337 0.03816977 -0.00683650
v 0.02181618 0.03503793 -0.00650001
v 0.02189589 0.03190463 -0.00631201
v 0.02268025 0.03445102 -0.00208757
v 0.02276100 0.03118295 -0.00151148
v 0.02265822 0.03428402 0.00227327
v 0.02258846 0.03107357 0.00305376
v 0.02192793 0.03461703 0.00616853
v 0.02170467 0.03155209 0.00698455
v 0.02139723 0.02863217 0.00787383
v 0.02025056 0.03216000 0.01050363
v 0.01985671 0.02933920 0.01124813
v 0.02099556 0.02587436 0.00888510
v 0.01934779 0.02679770 0.01205199
v 0.02049226 0.02316342 0.00999659
v 0.01877840 0.02435922 0.01291617
v 0.01716658 0.02773422 0.01499381
v 0.01659920 0.02553793 0.01557971
v 0.01448207 0.02857846 0.01759349
v 0.01395296 0.02656332 0.01799576
v 0.01336983 0.02462728 0.01841086
v 0.01092714 0.02751449 0.01999219
v 0.01044545 0.02573422 0.02025216
v 0.00997340 0.02410824 0.02049570
v 0.00720631 0.02661557 0.02161605
v 0.00685182 0.02503744 0.02173756
v 0.00648390 0.02342270 0.02185656
v 0.00349251 0.02559994 0.02254595
v 0.00327156 0.02399643 0.02259244
v 0.00310945 0.02261410 0.02300914
v -0.00007030 0.02418881 0.02284515
v -0.00011693 0.02284066 0.02322951
v -0.00341844 0.02393539 0.02256154
v -0.00333092 0.02257211 0.02298553
v -0.00662907 0.02322348 0.02181454
v -0.00644298 0.02187875 0.02235547
v -0.00964110 0.02214389 0.02065738
v -0.00940013 0.02077963 0.02132357
v -0.00990587 0.02053158 0.02276977
v -0.01213115 0.01932553 0.01996822
v -0.01273131 0.01891391 0.02148913
v -0.01332744 0.01845248 0.02313606
v -0.01524193 0.01693588 0.02005531
v -0.01589476 0.01630258 0.02176988
v -0.01737944 0.01472592 0.01839239
v -0.01807030 0.01383529 0.02023810
v -0.01906023 0.01249252 0.01663393
v -0.01976042 0.01132016 0.01863399
v -0.02040172 0.01008041 0.01489529
v -0.02105797 0.00865463 0.01706466
v -0.02144603 0.00763510 0.01327804
v -0.02201121 0.00591684 0.01553060
v -0.02221629 0.00514242 0.01170807
v -0.02258263 0.00324936 0.01398352
v -0.02266460 0.00265414 0.01009422
v -0.02281017 0.00072055 0.01233380
v -0.02281517 0.00029135 0.00837518
v -0.02275059 -0.00162760 0.01057948
v -0.02250444 -0.00369059 0.01286058
v -0.02250340 -0.00382096 0.00873022
v -0.02206419 -0.00577897 0.01093448
v -0.02141972 -0.00784098 0.01320181
v -0.02076408 -0.00953238 0.01126614
v -0.01974333 -0.01146158 0.01339712
v -0.02052672 -0.00998453 0.01534681
v -0.01842534 -0.01345035 0.01548849
v -0.01927428 -0.01217740 0.01738520
v -0.01755577 -0.01453385 0.01932220
v -0.01672118 -0.01551188 0.01743640
v -0.01459819 -0.01754557 0.01926831
v -0.01638573 -0.01685514 0.01589547
v -0.01423173 -0.01861539 0.01785149
v -0.01165861 -0.02019352 0.01960857
v -0.01481132 -0.02031363 0.01733482
v -0.01216856 -0.02176920 0.01926871
v -0.00916362 -0.02302750 0.02086984
v -0.01267039 -0.02344254 0.01892271
v -0.00954851 -0.02463736 0.02069215
v -0.00583012 -0.02391861 0.02206128
v -0.00606749 -0.02544156 0.02196540
v -0.00232866 -0.02586686 0.02268736
v -0.00222887 -0.02432975 0.02271659
v 0.00154152 -0.02579215 0.02274567
v 0.00143153 -0.02417398 0.02276233
v 0.00162703 -0.02721988 0.02272252
v 0.00560860 -0.02670914 0.02205752
v 0.00536092 -0.02523404 0.02214885
v 0.00582961 -0.02825748 0.02199039
v 0.00973372 -0.02743131 0.02056869
v 0.00934999 -0.02576578 0.02077047
v 0.01011800 -0.02934586 0.02040553
v 0.01376906 -0.02838395 0.01813167
v 0.01043733 -0.03139225 0.02027998
v 0.01420674 -0.03058756 0.01783533
v 0.01694368 -0.02716959 0.01525480
v 0.01747621 -0.02957193 0.01465626
v 0.01956941 -0.02563248 0.01173257
v 0.01456313 -0.03294449 0.01754553
v 0.01785414 -0.03218473 0.01417936
v 0.02049336 -0.03108316 0.01004231
v 0.01811263 -0.03506461 0.01385992
v 0.02062599 -0.03421939 0.00971889
v 0.02070998 -0.03761832 0.00950130
v 0.02217476 -0.03708756 0.00511699
v 0.02221205 -0.03348355 0.00506946
v 0.02275465 -0.03719986 0.00065876
v 0.02277730 -0.03373063 0.00033464
v 0.02238710 -0.03449186 -0.00426073
v 0.02226863 -0.03130143 -0.00489013
v 0.02113557 -0.03506217 -0.00853749
v 0.02092506 -0.03203873 -0.00903957
v 0.02204335 -0.02834147 -0.00576247
v 0.02062264 -0.02913785 -0.00973259
v 0.02173183 -0.02548258 -0.00690602
v 0.02260945 -0.02438688 -0.00297023
v 0.02025081 -0.02649576 -0.01047521
v 0.02130434 -0.02267350 -0.00810428
v 0.02232631 -0.02143814 -0.00468581
v 0.02277705 -0.02004654 -0.00127229
v 0.02191585 -0.01866471 -0.00629291
v 0.02255000 -0.01724772 -0.00329115
v 0.02280702 -0.01565494 -0.00056408
v 0.02220125 -0.01462125 -0.00513494
v 0.02266035 -0.01303678 -0.00255970
v 0.02237856 -0.01058365 -0.00438431
v 0.02174300 -0.01220328 -0.00683950
v 0.02208131 -0.00837369 -0.00612169
v 0.02122560 -0.01011686 -0.00839584
v 0.02208815 -0.00639176 -0.00787891
v 0.02125935 -0.00830338 -0.01012586
v 0.02239644 -0.00445133 -0.00974821
v 0.02270747 -0.00238980 -0.00750433
v 0.02269649 -0.00240152 -0.01168459
v 0.02282503 -0.00026773 -0.00940280
v 0.02275819 0.00179232 -0.00722234
v 0.02272597 0.00196225 -0.01131187
v 0.02249587 0.00398227 -0.00918535
v 0.02226924 0.00589730 -0.00720406
v 0.02204793 0.00626840 -0.01116807
v 0.02174037 0.00807553 -0.00927745
v 0.02176491 0.00996713 -0.00757228
v 0.02208101 0.01210434 -0.00585625
v 0.02042812 0.01016684 -0.01135354
v 0.02061269 0.01196713 -0.00981918
v 0.02120766 0.01404525 -0.00842461
v 0.01929988 0.01420004 -0.01217432
v 0.01993398 0.01612728 -0.01108943
v 0.01754823 0.01636996 -0.01460030
v 0.01815974 0.01825473 -0.01378496
v 0.02050008 0.01829770 -0.00996860
v 0.01872499 0.02024984 -0.01298428
v 0.01923689 0.02244418 -0.01218373
v 0.01604884 0.02013949 -0.01617844
v 0.01650160 0.02197348 -0.01567169
v 0.01692287 0.02392514 -0.01520128
v 0.01389479 0.02351693 -0.01803919
v 0.01423274 0.02520248 -0.01775418
v 0.01455391 0.02718441 -0.01752536
v 0.01118532 0.02630648 -0.01983016
v 0.01143092 0.02807748 -0.01970464
v 0.01161794 0.02998324 -0.01962642
v 0.00800801 0.02882260 -0.02133136
v 0.00809389 0.03057943 -0.02131854
v 0.00813680 0.03250228 -0.02130239
v 0.00432875 0.03101791 -0.02236837
v 0.00429390 0.03283285 -0.02238248
v 0.00421931 0.03480307 -0.02237704
v 0.00031923 0.03301400 -0.02281258
v 0.00018153 0.03493930 -0.02281814
v 0.00001228 0.03718197 -0.02282841
v -0.00381956 0.03487728 -0.02245940
v -0.00404900 0.03713021 -0.02242444
v -0.00426488 0.03959213 -0.02238187
v -0.00794206 0.03700326 -0.02135532
v -0.00815666 0.03951791 -0.02127213
v -0.00834068 0.04222250 -0.02119503
v -0.01179320 0.03940268 -0.01951831
v -0.01195073 0.04215707 -0.01940747
v -0.01204771 0.04504428 -0.01936884
v -0.01209080 0.04799252 -0.01936780
v -0.01518803 0.04207162 -0.01700974
v -0.01526054 0.04501107 -0.01695828
v -0.01528355 0.04799252 -0.01695672
v -0.01262242 0.04799252 -0.01413941
v -0.01800774 0.04799252 -0.01404012
v -0.01491154 0.04799252 -0.01156860
v -0.01155931 0.04799252 -0.00931233
v -0.01674254 0.04799252 -0.00885677
v -0.01322679 0.04799252 -0.00701831
v -0.00991026 0.04799252 -0.00511984
v -0.01466331 0.04799252 -0.00465447
v -0.01134196 0.04799252 -0.00303785
v -0.00863780 0.04799252 -0.00115021
v -0.00819395 0.04799252 0.00263402
v -0.00624754 0.04799252 0.00082051
v -0.00615257 0.04799252 0.00467107
v -0.00401952 0.04799252 0.00283275
v -0.00211375 0.04799252 0.00094504
v -0.00179454 0.04799252 0.00487395
v 0.00026747 0.04799252 0.00304872
v 0.00217116 0.04799252 0.00112953
v 0.00398183 0.04799252 -0.00091794
v 0.00271492 0.04799252 0.00528162
v 0.00478230 0.04799252 0.00346924
v 0.00661446 0.04799252 0.00131391
v 0.00945815 0.04799252 0.00371808
v 0.00752370 0.04799252 0.00602628
v 0.01261348 0.04799252 0.00639156
v 0.01056874 0.04799252 0.00900172
v 0.01595699 0.04799252 0.00917057
v 0.01367787 0.04799252 0.01216197
v 0.01946260 0.04799252 0.01193925
v 0.02138472 0.04799252 0.00800593
v 0.01678957 0.04799252 0.01547323
v 0.01929213 0.04476986 0.01218674
v 0.02121785 0.04466635 0.00836713
v 0.02237288 0.04455746 0.00434914
v 0.02101936 0.04138754 0.00877565
v 0.02221858 0.04116635 0.00488103
v 0.02274770 0.04105209 0.00089163
v 0.02207881 0.03783725 0.00545147
v 0.02272255 0.03763998 0.00156354
v 0.02259297 0.03776791 -0.00259377
v 0.02081258 0.03814340 0.00924803
v 0.02056178 0.03510189 0.00986509
v 0.01882692 0.03850277 0.01287251
v 0.01852919 0.03549643 0.01332474
v 0.01815797 0.03272885 0.01381019
v 0.01582143 0.03586410 0.01642834
v 0.01543489 0.03324691 0.01679568
v 0.01769264 0.03013559 0.01436369
v 0.01499056 0.03084750 0.01717085
v 0.01220979 0.03371615 0.01927526
v 0.01180849 0.03144027 0.01951310
v 0.01138771 0.02941732 0.01975127
v 0.00821816 0.03198568 0.02125866
v 0.00788289 0.03003061 0.02138760
v 0.00753951 0.02821518 0.02149662
v 0.00410982 0.03043002 0.02242330
v 0.00389449 0.02864242 0.02246089
v 0.00370192 0.02712826 0.02250322
v 0.00009932 0.02876986 0.02280813
v 0.00003401 0.02727426 0.02282008
v -0.00001891 0.02575424 0.02283212
v -0.00361986 0.02704135 0.02249891
v -0.00353600 0.02551400 0.02252499
v -0.00720384 0.02640072 0.02161458
v -0.00694322 0.02484408 0.02170765
v -0.01051244 0.02543002 0.02022634
v -0.01011638 0.02380160 0.02041382
v -0.01349382 0.02416342 0.01830029
v -0.01298784 0.02243734 0.01870912
v -0.01239006 0.02071273 0.01915921
v -0.01547148 0.02083773 0.01672587
v -0.01478905 0.01898422 0.01738171
v -0.01456200 0.01758627 0.01841415
v -0.01681810 0.01719906 0.01539868
v -0.01662962 0.01561215 0.01667807
v -0.01845915 0.01525131 0.01340240
v -0.01829857 0.01361850 0.01483528
v -0.01973759 0.01313705 0.01145745
v -0.01970811 0.01146713 0.01299895
v -0.02073314 0.01092904 0.00956625
v -0.02086180 0.00922641 0.01127639
v -0.02149815 0.00858383 0.00770854
v -0.02176268 0.00687045 0.00962366
v -0.02221495 0.00620150 0.00594449
v -0.02240233 0.00446811 0.00794838
v -0.02259050 0.00385873 0.00417437
v -0.02274864 0.00210971 0.00623846
v -0.02279076 0.00155307 0.00237228
v -0.02281371 -0.00018814 0.00444955
v -0.02273534 -0.00196500 0.00656375
v -0.02277977 -0.00246207 0.00261410
v -0.02261546 -0.00417447 0.00473051
v -0.02225224 -0.00590397 0.00687928
v -0.02233104 -0.00808854 0.00506559
v -0.02162474 -0.00967008 0.00729552
v -0.02152269 -0.00765299 0.00905750
v -0.02210655 -0.01198014 0.00555104
v -0.02132530 -0.01350455 0.00797818
v -0.02072502 -0.01131852 0.00954390
v -0.02025529 -0.01512076 0.01041243
v -0.01955730 -0.01309195 0.01172897
v -0.01885777 -0.01690592 0.01281592
v -0.01812157 -0.01499772 0.01386507
v -0.01705614 -0.01869156 0.01510862
v -0.01769060 -0.02063980 0.01435358
v -0.01538298 -0.02214273 0.01679053
v -0.01590794 -0.02401529 0.01628036
v -0.01310106 -0.02519840 0.01862378
v -0.01352306 -0.02709439 0.01833162
v -0.00988927 -0.02623307 0.02052579
v -0.01021465 -0.02798746 0.02036719
v -0.00629375 -0.02696988 0.02187246
v -0.00650096 -0.02859732 0.02180414
v -0.00247472 -0.02879020 0.02264511
v -0.00241923 -0.02732242 0.02266278
v -0.00253630 -0.03052994 0.02265170
v 0.00177681 -0.03041568 0.02270565
v 0.00170149 -0.02870914 0.02269932
v 0.00183650 -0.03229508 0.02273272
v 0.00625136 -0.03198063 0.02192242
v 0.00606081 -0.03005387 0.02194060
v 0.00640352 -0.03409391 0.02187918
v 0.01070320 -0.03358756 0.02014365
v 0.01089223 -0.03614127 0.02004506
v 0.01481514 -0.03568961 0.01733347
v 0.00650124 -0.03645133 0.02185419
v 0.01100264 -0.03886588 0.01998383
v 0.01495149 -0.03856607 0.01717277
v 0.01501161 -0.04158658 0.01711970
v 0.01829775 -0.04137125 0.01354278
v 0.01823689 -0.03817301 0.01361041
v 0.01829146 -0.04467057 0.01362108
v 0.02072054 -0.04454166 0.00952636
v 0.02074068 -0.04104361 0.00943707
v 0.02219081 -0.04440104 0.00524406
v 0.02219258 -0.04072525 0.00514749
v 0.02278316 -0.04440104 0.00090901
v 0.02275099 -0.04076529 0.00081506
v 0.02251106 -0.04110758 -0.00363027
v 0.02245650 -0.03772623 -0.00386633
v 0.02254225 -0.04454801 -0.00353826
v 0.02135658 -0.04141324 -0.00797991
v 0.02126173 -0.03819596 -0.00820223
v 0.01936733 -0.04163639 -0.01203967
v 0.01926595 -0.03854410 -0.01220239
v 0.01911897 -0.03545816 -0.01245294
v 0.01651155 -0.03881412 -0.01573467
v 0.01635152 -0.03588248 -0.01591203
v 0.01888753 -0.03268522 -0.01278810
v 0.01611433 -0.03327066 -0.01614447
v 0.01855165 -0.02995914 -0.01322827
v 0.01581160 -0.03080387 -0.01642774
v 0.01813576 -0.02753824 -0.01378532
v 0.01544057 -0.02852750 -0.01677368
v 0.01767372 -0.02528629 -0.01437457
v 0.01978822 -0.02397428 -0.01130935
v 0.01501454 -0.02647574 -0.01710048
v 0.01712917 -0.02312662 -0.01500066
v 0.01923744 -0.02159977 -0.01220115
v 0.02078597 -0.02009635 -0.00931878
v 0.01861098 -0.01954996 -0.01314832
v 0.02019759 -0.01779410 -0.01052668
v 0.02138667 -0.01617008 -0.00781249
v 0.01955751 -0.01573990 -0.01169364
v 0.02079005 -0.01390152 -0.00927426
v 0.02018471 -0.01194938 -0.01066186
v 0.01888216 -0.01387516 -0.01285862
v 0.02036507 -0.01030631 -0.01234307
v 0.01916090 -0.01241617 -0.01446365
v 0.02103487 -0.00880826 -0.01423898
v 0.02183699 -0.00659781 -0.01202738
v 0.01991792 -0.01111295 -0.01634848
v 0.02063344 -0.00969156 -0.01834206
v 0.02165907 -0.00709732 -0.01632392
v 0.02231392 -0.00466617 -0.01404456
v 0.02222694 -0.00507389 -0.01855286
v 0.02266988 -0.00246793 -0.01600568
v 0.02282527 -0.00019547 -0.01359830
v 0.02283754 0.00000961 -0.01783351
v 0.02269777 0.00228451 -0.01546172
v 0.02238777 0.00434262 -0.01321972
v 0.02219185 0.00518490 -0.01730714
v 0.02169374 0.00704965 -0.01514093
v 0.02108040 0.00869125 -0.01315049
v 0.02050789 0.00991049 -0.01706951
v 0.01983064 0.01125326 -0.01522024
v 0.01908852 0.01252377 -0.01352100
v 0.01814388 0.01381723 -0.01724822
v 0.01737257 0.01480551 -0.01563359
v 0.01605952 0.01618344 -0.01917465
v 0.01529573 0.01692416 -0.01766472
v 0.01545235 0.01833871 -0.01677095
v 0.01290285 0.01882309 -0.01944928
v 0.01304066 0.02018588 -0.01871871
v 0.01350587 0.02185287 -0.01835479
v 0.01026772 0.02169711 -0.02038614
v 0.01063405 0.02324154 -0.02016071
v 0.01092757 0.02475912 -0.01996616
v 0.00752034 0.02434115 -0.02151980
v 0.00769649 0.02576303 -0.02145505
v 0.00784956 0.02716977 -0.02139216
v 0.00424605 0.02641342 -0.02239349
v 0.00429201 0.02778451 -0.02236566
v 0.00433156 0.02931576 -0.02234298
v 0.00063264 0.02805648 -0.02279324
v 0.00055098 0.02957895 -0.02279426
v 0.00044759 0.03123080 -0.02280492
v -0.00320689 0.02950131 -0.02256680
v -0.00340306 0.03113949 -0.02254916
v -0.00360966 0.03294955 -0.02250961
v -0.00713377 0.03083334 -0.02164505
v -0.00741258 0.03267953 -0.02155163
v -0.00768584 0.03465219 -0.02144906
v -0.01097710 0.03223666 -0.01998248
v -0.01128984 0.03436898 -0.01981262
v -0.01156633 0.03679330 -0.01965828
v -0.01453618 0.03400033 -0.01757425
v -0.01482152 0.03647885 -0.01733744
v -0.01504094 0.03922982 -0.01714000
v -0.01763658 0.03617758 -0.01446568
v -0.01781700 0.03903012 -0.01422188
v -0.01793809 0.04196957 -0.01407114
v -0.01799565 0.04497152 -0.01402252
v -0.02006981 0.03879818 -0.01081469
v -0.02016014 0.04184213 -0.01064543
v -0.02020866 0.04489682 -0.01059664
v -0.02022191 0.04799252 -0.01063502
v -0.02177263 0.04478500 -0.00679704
v -0.02178941 0.04799252 -0.00686209
v -0.01820934 0.04799252 -0.00587058
v -0.02266594 0.04799252 -0.00277226
v -0.01915672 0.04799252 -0.00261913
v -0.01932054 0.04799252 0.00104047
v -0.01849467 0.04799252 0.00458861
v -0.02278209 0.04799252 0.00148292
v -0.02213512 0.04799252 0.00557965
v -0.02074278 0.04799252 0.00953441
v -0.02274181 0.04444076 0.00156964
v -0.02211284 0.04439633 0.00552695
v -0.02074980 0.04450717 0.00942124
v -0.01856578 0.04465902 0.01323887
v -0.02070671 0.04102328 0.00938434
v -0.01856126 0.04135141 0.01318677
v -0.01563023 0.04154818 0.01655283
v -0.01849284 0.03810287 0.01326757
v -0.01557939 0.03851010 0.01661140
v -0.01207207 0.03878646 0.01933771
v -0.01544762 0.03559359 0.01675596
v -0.01197697 0.03600717 0.01940602
v -0.00806920 0.03634701 0.02132534
v -0.01178892 0.03343930 0.01950393
v -0.00797380 0.03394369 0.02136253
v -0.00386851 0.03429281 0.02244997
v -0.00783989 0.03178109 0.02141843
v -0.00385429 0.03219076 0.02246715
v 0.00025380 0.03239291 0.02282717
v -0.00380620 0.03030014 0.02245749
v 0.00017110 0.03051107 0.02281817
v -0.00371501 0.02853744 0.02246338
v -0.00765245 0.02977670 0.02146682
v -0.00742882 0.02795785 0.02152497
v -0.01125633 0.02907309 0.01982997
v -0.01088829 0.02710189 0.02002138
v -0.01448143 0.02818783 0.01759752
v -0.01399870 0.02606039 0.01792914
v -0.01673241 0.02486166 0.01541444
v -0.01610753 0.02274887 0.01609408
v -0.01827580 0.02116342 0.01355951
v -0.01755876 0.01913314 0.01452879
v -0.01922350 0.01720297 0.01224821
v -0.01997697 0.01931967 0.01095101
v -0.02111797 0.01724740 0.00851166
v -0.02043645 0.01510482 0.01008564
v -0.02191435 0.01481234 0.00624284
v -0.02134270 0.01283871 0.00800857
v -0.02244170 0.01229086 0.00411022
v -0.02200682 0.01039340 0.00601877
v -0.02271440 0.00975961 0.00207660
v -0.02246318 0.00797201 0.00406507
v -0.02279845 0.00735385 0.00014185
v -0.02272508 0.00560189 0.00217951
v -0.02277470 0.00504818 -0.00173985
v -0.02282774 0.00329916 0.00032255
v -0.02274150 0.00284799 -0.00364410
v -0.02281700 0.00105258 -0.00156400
v -0.02283171 -0.00072428 0.00052038
v -0.02278526 -0.00113785 -0.00346323
v -0.02279692 -0.00297818 -0.00135088
v -0.02281194 -0.00475553 0.00075404
v -0.02267265 -0.00515787 -0.00324779
v -0.02279283 -0.00705436 -0.00114484
v -0.02269395 -0.00646695 0.00287189
v -0.02280119 -0.00884195 0.00095611
v -0.02260301 -0.00927164 -0.00314019
v -0.02280016 -0.01124967 -0.00105793
v -0.02279423 -0.01301041 0.00120611
v -0.02259636 -0.01048404 0.00320375
v -0.02280455 -0.01563346 -0.00105742
v -0.02278807 -0.01735807 0.00146066
v -0.02251195 -0.01455191 0.00364665
v -0.02240373 -0.01876871 0.00434091
v -0.02191252 -0.01598063 0.00630018
v -0.02149950 -0.02008561 0.00752405
v -0.02089159 -0.01749088 0.00902434
v -0.02013475 -0.02137125 0.01062845
v -0.01951787 -0.01904996 0.01172010
v -0.02063158 -0.02393522 0.00967006
v -0.01879839 -0.02504459 0.01287451
v -0.01826286 -0.02270768 0.01361275
v -0.01922050 -0.02751871 0.01220986
v -0.01682817 -0.02833951 0.01536253
v -0.01641582 -0.02614127 0.01578956
v -0.01719243 -0.03069596 0.01495971
v -0.01422319 -0.03131217 0.01782329
v -0.01389152 -0.02910953 0.01805839
v -0.01077898 -0.03186295 0.02009764
v -0.01050841 -0.02984342 0.02023798
v -0.00685558 -0.03225553 0.02173447
v -0.00668571 -0.03036637 0.02177399
v -0.00699290 -0.03432584 0.02168104
v -0.00265868 -0.03444254 0.02263332
v -0.00259715 -0.03238590 0.02265693
v -0.00272124 -0.03672379 0.02262440
v 0.00188313 -0.03664615 0.02272594
v 0.00187465 -0.03436881 0.02272250
v 0.00187550 -0.03923111 0.02272876
v 0.00655415 -0.03909732 0.02184398
v -0.00278636 -0.03929850 0.02262304
v 0.00182735 -0.04200162 0.02270758
v 0.00655666 -0.04190299 0.02182764
v 0.00650105 -0.04491959 0.02187172
v 0.01100941 -0.04485025 0.01999927
v 0.01104640 -0.04176334 0.01994979
v 0.01090559 -0.04800748 0.02008139
v 0.01489491 -0.04800748 0.01731348
v 0.01499916 -0.04477701 0.01719630
v 0.01163576 -0.04800748 0.01402583
v 0.01436879 -0.04800748 0.01102460
v 0.01820754 -0.04800748 0.01377719
v 0.01640956 -0.04800748 0.00768596
v 0.02067342 -0.04800748 0.00969040
v 0.02219331 -0.04800748 0.00536510
v 0.01771742 -0.04800748 0.00414188
v 0.02281258 -0.04800748 0.00095155
v 0.02255800 -0.04800748 -0.00352990
v 0.02142079 -0.04800748 -0.00790454
v 0.02140529 -0.04467203 -0.00790193
v 0.01944002 -0.04800748 -0.01197652
v 0.01942262 -0.04478580 -0.01197431
v 0.01662874 -0.04488688 -0.01562078
v 0.01659151 -0.04179459 -0.01564331
v 0.01307649 -0.04196256 -0.01867868
v 0.01302559 -0.03908658 -0.01872170
v 0.00891792 -0.03930143 -0.02098322
v 0.00889211 -0.03668033 -0.02099490
v 0.01291566 -0.03634439 -0.01880729
v 0.00879433 -0.03422184 -0.02103386
v 0.01272322 -0.03378775 -0.01892704
v 0.00865504 -0.03215738 -0.02108414
v 0.01249025 -0.03149820 -0.01908263
v 0.00848860 -0.03023502 -0.02113050
v 0.01220021 -0.02944791 -0.01925105
v 0.00826961 -0.02844840 -0.02119714
v 0.01186806 -0.02755045 -0.01945130
v 0.00801881 -0.02678531 -0.02130168
v 0.01148763 -0.02575846 -0.01968761
v 0.00777242 -0.02533121 -0.02141351
v 0.01110139 -0.02416910 -0.01990029
v 0.01453029 -0.02451920 -0.01753365
v 0.01404311 -0.02279459 -0.01792876
v 0.01657167 -0.02126480 -0.01560967
v 0.01067152 -0.02264029 -0.02016202
v 0.01353206 -0.02116080 -0.01833157
v 0.01596187 -0.01948600 -0.01627361
v 0.01794765 -0.01762564 -0.01407140
v 0.01297902 -0.01958512 -0.01877033
v 0.01529579 -0.01778824 -0.01692852
v 0.01726405 -0.01584586 -0.01493021
v 0.01556252 -0.01667838 -0.01823061
v 0.01755104 -0.01460270 -0.01642879
v 0.01633766 -0.01588785 -0.02002300
v 0.01834798 -0.01353727 -0.01828425
v 0.01704018 -0.01508756 -0.02185245
v 0.01910133 -0.01240689 -0.02021343
v 0.01774043 -0.01428678 -0.02382479
v 0.01985927 -0.01120133 -0.02237291
v 0.02135139 -0.00796451 -0.02061272
v 0.02052620 -0.00993766 -0.02464072
v 0.01836543 -0.01351285 -0.02594027
v 0.01565657 -0.01653873 -0.02703925
v 0.01618782 -0.01606803 -0.02909123
v 0.01894356 -0.01271402 -0.02818341
v 0.01662019 -0.01559684 -0.03128478
v 0.01937416 -0.01202018 -0.03050235
v 0.01699776 -0.01517936 -0.03372094
v 0.01970674 -0.01146109 -0.03310776
v 0.02143349 -0.00777115 -0.02947839
v 0.02164296 -0.00715934 -0.03228804
v 0.02266554 -0.00243326 -0.03172176
v 0.01995638 -0.01103482 -0.03584276
v 0.02174306 -0.00672330 -0.03528022
v 0.02266078 -0.00221793 -0.03488193
v 0.02263448 0.00238803 -0.03507278
v 0.02263728 0.00257846 -0.03203886
v 0.02182033 -0.00643473 -0.03833482
v 0.02266212 -0.00204703 -0.03812224
v 0.02262001 0.00233090 -0.03825636
v 0.02267006 -0.00193961 -0.04139011
v 0.02261299 0.00235922 -0.04147866
v 0.02175746 0.00663070 -0.03862160
v 0.02170223 0.00683627 -0.03565421
v 0.02162801 0.00720102 -0.03276500
v 0.02001839 0.01095053 -0.03617632
v 0.01980556 0.01132504 -0.03345096
v 0.01951015 0.01182797 -0.03091979
v 0.02143605 0.00776400 -0.03008047
v 0.01753743 0.01458285 -0.03652664
v 0.01725111 0.01491830 -0.03399450
v 0.01687666 0.01531283 -0.03159239
v 0.01644362 0.01575326 -0.02945510
v 0.01910188 0.01243246 -0.02857829
v 0.01409175 0.01792758 -0.03444091
v 0.01370253 0.01821615 -0.03220484
v 0.01326686 0.01852523 -0.03017378
v 0.01281557 0.01883773 -0.02836753
v 0.01594118 0.01627035 -0.02743010
v 0.01007735 0.02044223 -0.03272376
v 0.00969789 0.02063363 -0.03082233
v 0.00930592 0.02080453 -0.02914199
v 0.00888649 0.02097299 -0.02749262
v 0.01230580 0.01916635 -0.02660347
v 0.00580202 0.02203842 -0.03129056
v 0.00551143 0.02211508 -0.02964621
v 0.00522707 0.02218148 -0.02808960
v 0.00496437 0.02224301 -0.02676216
v 0.00849764 0.02113168 -0.02609218
v 0.00155647 0.02273910 -0.02988033
v 0.00140358 0.02274984 -0.02835591
v 0.00126875 0.02276449 -0.02706474
v 0.00115926 0.02277084 -0.02574297
v 0.00466951 0.02231527 -0.02544450
v -0.00242973 0.02263949 -0.02828578
v -0.00241704 0.02265023 -0.02698131
v -0.00236510 0.02267172 -0.02566995
v -0.00230101 0.02269760 -0.02430578
v 0.00103658 0.02278256 -0.02437305
v -0.00600560 0.02196713 -0.02650015
v -0.00582317 0.02203793 -0.02518430
v -0.00559325 0.02212191 -0.02382028
v -0.00540068 0.02219223 -0.02257214
v -0.00228191 0.02270785 -0.02304921
v -0.00908604 0.02091049 -0.02436098
v -0.00872581 0.02107064 -0.02295685
v -0.00837492 0.02123031 -0.02166875
v -0.00865318 0.02246664 -0.02110967
v -0.00562816 0.02334652 -0.02213526
v -0.01158049 0.01960678 -0.02181900
v -0.01109080 0.01993148 -0.02042955
v -0.01139915 0.02121664 -0.01973781
v -0.01195085 0.02274154 -0.01938150
v -0.01383134 0.01968051 -0.01812556
v -0.01447838 0.02127963 -0.01760187
v -0.01503642 0.02293930 -0.01707810
v -0.01665227 0.01968881 -0.01555966
v -0.01727458 0.02147396 -0.01484534
v -0.01787041 0.02339340 -0.01410391
v -0.01558171 0.02469125 -0.01659822
v -0.01910747 0.01982650 -0.01241055
v -0.01972929 0.02192367 -0.01144506
v -0.02025639 0.02428744 -0.01049460
v -0.01841838 0.02553451 -0.01340709
v -0.02054454 0.01811166 -0.00982102
v -0.02110289 0.02043002 -0.00859055
v -0.02159898 0.02297885 -0.00733585
v -0.02197838 0.02581478 -0.00605851
v -0.02071733 0.02684799 -0.00955108
v -0.02206371 0.01892611 -0.00573811
v -0.02243169 0.02168783 -0.00409006
v -0.02261143 0.01739242 -0.00291690
v -0.02278819 0.02018295 -0.00085150
v -0.02267461 0.02468393 -0.00227606
v -0.02280687 0.01577279 -0.00031093
v -0.02275157 0.01854379 0.00196052
v -0.02273485 0.01406625 0.00200725
v -0.02241661 0.01678353 0.00422491
v -0.02176701 0.01947055 0.00667676
v -0.02073387 0.02166342 0.00947432
v -0.01900774 0.02342709 0.01257088
v -0.01966112 0.02581869 0.01156799
v -0.02280107 0.01149691 -0.00002776
v -0.02269279 0.01315853 -0.00230522
v -0.02272801 0.00906088 -0.00196437
v -0.02244896 0.01076693 -0.00416516
v -0.02260869 0.00679525 -0.00381866
v -0.02227098 0.00857455 -0.00594147
v -0.02257371 0.00468393 -0.00570510
v -0.02223466 0.00659701 -0.00771584
v -0.02240532 0.00469662 -0.00964630
v -0.02267644 0.00265805 -0.00764546
v -0.02279106 0.00073520 -0.00556805
v -0.02277330 -0.00135709 -0.00751699
v -0.02266808 -0.00324674 -0.00537187
v -0.02238603 -0.00531998 -0.00722780
v -0.02239885 -0.00725357 -0.00516007
v -0.02188237 -0.00740006 -0.00902085
v -0.02189549 -0.00928531 -0.00710515
v -0.02220988 -0.01135074 -0.00523763
v -0.02096672 -0.01119693 -0.00904871
v -0.02155022 -0.01329557 -0.00746092
v -0.02206346 -0.01559293 -0.00567943
v -0.02256578 -0.01353873 -0.00325306
v -0.02125487 -0.01739029 -0.00828561
v -0.02182634 -0.01987662 -0.00660104
v -0.02249541 -0.01803580 -0.00362797
v -0.02063255 -0.02139322 -0.00973124
v -0.02118877 -0.02388492 -0.00847025
v -0.01996996 -0.01912711 -0.01099043
v -0.01816850 -0.02083121 -0.01370288
v -0.01884264 -0.02288639 -0.01281088
v -0.02060869 -0.01517447 -0.00981664
v -0.01925902 -0.01708756 -0.01220010
v -0.01748814 -0.01893033 -0.01461173
v -0.01533195 -0.02055533 -0.01685979
v -0.01598680 -0.02232486 -0.01621780
v -0.01851475 -0.01522379 -0.01332708
v -0.01676488 -0.01712174 -0.01545949
v -0.01463707 -0.01885074 -0.01751779
v -0.01216228 -0.02047672 -0.01929998
v -0.01279503 -0.02205191 -0.01885233
v -0.01661101 -0.01564664 -0.01675373
v -0.01450188 -0.01765006 -0.01861202
v -0.01202843 -0.01939371 -0.02028273
v -0.00925560 -0.02085270 -0.02171343
v -0.00935789 -0.02183609 -0.02078566
v -0.01513548 -0.01705436 -0.02029556
v -0.01257127 -0.01903336 -0.02185570
v -0.00968492 -0.02063688 -0.02324228
v -0.00647356 -0.02186832 -0.02427065
v -0.00621300 -0.02195719 -0.02279441
v -0.01307677 -0.01863785 -0.02347976
v -0.01005131 -0.02046451 -0.02477552
v -0.00668663 -0.02179947 -0.02572205
v -0.00305632 -0.02261393 -0.02629543
v -0.00298601 -0.02264029 -0.02486768
v -0.01038506 -0.02029020 -0.02631649
v -0.00688762 -0.02172818 -0.02718070
v -0.00311900 -0.02259147 -0.02769432
v 0.00079469 -0.02279215 -0.02784462
v 0.00071803 -0.02280631 -0.02649146
v -0.00710051 -0.02165543 -0.02884106
v -0.00318822 -0.02257096 -0.02928262
v 0.00087544 -0.02277945 -0.02938459
v 0.00493233 -0.02222770 -0.02906941
v 0.00472475 -0.02228775 -0.02760560
v -0.00323698 -0.02257828 -0.03097577
v 0.00095515 -0.02277897 -0.03107610
v 0.00515566 -0.02220719 -0.03084359
v 0.00919984 -0.02087272 -0.03042462
v 0.00885207 -0.02100650 -0.02861081
v 0.00104976 -0.02277359 -0.03289920
v 0.00536366 -0.02217545 -0.03271542
v 0.00951302 -0.02075699 -0.03236171
v 0.01329952 -0.01850455 -0.03189702
v 0.01290297 -0.01880875 -0.02980369
v 0.00556001 -0.02211637 -0.03470815
v 0.00979311 -0.02061979 -0.03444135
v 0.01364015 -0.01825211 -0.03413382
v 0.01003169 -0.02049723 -0.03683042
v 0.01393037 -0.01804410 -0.03660905
v 0.01729768 -0.01485904 -0.03631236
v 0.01415797 -0.01786295 -0.03929897
v 0.01750398 -0.01458268 -0.03904808
v 0.02010036 -0.01070328 -0.03870176
v 0.01764449 -0.01442154 -0.04198426
v 0.02020155 -0.01052555 -0.04178129
v 0.02188924 -0.00628434 -0.04151947
v 0.02194783 -0.00619791 -0.04474245
v 0.02273561 -0.00183219 -0.04469191
v 0.02265224 0.00248129 -0.04474307
v 0.02199965 -0.00614566 -0.04799973
v 0.02277504 -0.00172281 -0.04799973
v 0.02268581 0.00266000 -0.04799973
v 0.01912526 -0.00114908 -0.04799973
v 0.01921718 0.00270785 -0.04799973
v 0.02180293 0.00682943 -0.04799973
v 0.02181075 0.00669320 -0.04485483
v 0.02179732 0.00658822 -0.04171514
v 0.02025929 0.01049838 -0.04496738
v 0.02021120 0.01054672 -0.04196302
v 0.02013448 0.01068832 -0.03900429
v 0.01800771 0.01400668 -0.04504051
v 0.01789949 0.01411996 -0.04212172
v 0.01774092 0.01431283 -0.03927126
v 0.01490608 0.01724789 -0.04223338
v 0.01468910 0.01743637 -0.03947704
v 0.01442177 0.01767123 -0.03680036
v 0.01104402 0.01993539 -0.03965123
v 0.01075319 0.02011117 -0.03707614
v 0.01041859 0.02027816 -0.03478822
v 0.00662831 0.02179232 -0.03729565
v 0.00634615 0.02186020 -0.03501074
v 0.00608601 0.02194613 -0.03309492
v 0.00203468 0.02269418 -0.03515765
v 0.00187166 0.02272201 -0.03327684
v 0.00171608 0.02273471 -0.03150801
v -0.00241038 0.02264975 -0.03323136
v -0.00242723 0.02264877 -0.03146397
v -0.00243205 0.02263705 -0.02982774
v -0.00648473 0.02183432 -0.03114291
v -0.00634306 0.02185238 -0.02944415
v -0.00616862 0.02190756 -0.02786638
v -0.00999895 0.02048568 -0.02888149
v -0.00969456 0.02062387 -0.02720894
v -0.00939592 0.02076596 -0.02575524
v -0.01246416 0.01904672 -0.02477319
v -0.01203941 0.01932064 -0.02328705
v -0.01470341 0.01736605 -0.02199581
v -0.01412364 0.01788021 -0.02040984
v -0.01351414 0.01837387 -0.01892271
v -0.01632829 0.01590853 -0.01882590
v -0.01565038 0.01660189 -0.01721274
v -0.01596989 0.01796615 -0.01629723
v -0.01750719 0.01465316 -0.01547546
v -0.01777727 0.01610580 -0.01432067
v -0.01846831 0.01792025 -0.01336340
v -0.01926506 0.01419125 -0.01221896
v -0.01994493 0.01604135 -0.01104500
v -0.02104533 0.01421518 -0.00873912
v -0.02159514 0.01643686 -0.00731072
v -0.02190562 0.01246518 -0.00642386
v -0.02230772 0.01479281 -0.00475362
v -0.02046062 0.01221322 -0.01007072
v -0.02157323 0.01037240 -0.00804574
v -0.02028490 0.01046957 -0.01157894
v -0.02139885 0.00846518 -0.00964089
v -0.02093773 0.00907455 -0.01336505
v -0.02184868 0.00685141 -0.01152744
v -0.02151640 0.00756088 -0.01536787
v -0.02225011 0.00504916 -0.01360398
v -0.02264677 0.00276352 -0.01170017
v -0.02258971 0.00313607 -0.01581026
v -0.02281163 0.00074252 -0.01384342
v -0.02279369 0.00063021 -0.00964941
v -0.02276799 -0.00143180 -0.01169425
v -0.02276494 -0.00144889 -0.01599127
v -0.02251860 -0.00364176 -0.01356296
v -0.02256688 -0.00344400 -0.00940592
v -0.02217943 -0.00558854 -0.01115691
v -0.02199132 -0.00600846 -0.01518919
v -0.02142949 -0.00780240 -0.01283360
v -0.02082188 -0.00937906 -0.01075022
v -0.01970427 -0.01152750 -0.01268848
v -0.02041997 -0.01014371 -0.01463131
v -0.01905785 -0.01252945 -0.01656534
v -0.02107872 -0.00862174 -0.01680418
v -0.01975639 -0.01138199 -0.01859055
v -0.01799327 -0.01396598 -0.02037743
v -0.01733427 -0.01479020 -0.01850726
v -0.02042631 -0.01013395 -0.02080442
v -0.01860692 -0.01314518 -0.02240305
v -0.01628899 -0.01591422 -0.02388348
v -0.01917039 -0.01233902 -0.02472363
v -0.01681828 -0.01535025 -0.02599432
v -0.01398033 -0.01798014 -0.02709722
v -0.01726317 -0.01488883 -0.02819831
v -0.01437126 -0.01768668 -0.02909890
v -0.01102635 -0.01996500 -0.02994410
v -0.01072856 -0.02010758 -0.02808824
v -0.01470549 -0.01742789 -0.03133085
v -0.01128386 -0.01981705 -0.03195830
v -0.00742986 -0.02155289 -0.03249424
v -0.00727928 -0.02160172 -0.03060004
v -0.01496880 -0.01721500 -0.03368319
v -0.01148509 -0.01970719 -0.03414509
v -0.00755595 -0.02150846 -0.03451704
v -0.00329924 -0.02256705 -0.03478681
v -0.00327275 -0.02257584 -0.03283252
v -0.01164177 -0.01962564 -0.03663410
v -0.00764329 -0.02147428 -0.03689808
v -0.00330638 -0.02256900 -0.03706601
v 0.00122139 -0.02276285 -0.03712593
v 0.00113582 -0.02276236 -0.03485578
v -0.00768718 -0.02145328 -0.03943237
v -0.00329161 -0.02256998 -0.03955123
v 0.00130983 -0.02275553 -0.03959324
v 0.00587923 -0.02203385 -0.03953211
v 0.00573567 -0.02207340 -0.03702447
v -0.00325291 -0.02256070 -0.04222370
v 0.00139101 -0.02274430 -0.04224672
v 0.00599489 -0.02199479 -0.04222833
v 0.01035268 -0.02031363 -0.04215423
v 0.01021816 -0.02038297 -0.03942742
v 0.00146541 -0.02275846 -0.04509120
v 0.00606990 -0.02201041 -0.04507949
v 0.01043294 -0.02029752 -0.04505481
v 0.01440102 -0.01772428 -0.04501855
v 0.01430556 -0.01774576 -0.04206622
v 0.00611299 -0.02201139 -0.04799973
v 0.01047316 -0.02030924 -0.04799973
v 0.01445088 -0.01771500 -0.04799973
v 0.01776631 -0.01437955 -0.04799973
v 0.01771724 -0.01437467 -0.04497591
v 0.01163521 -0.01432584 -0.04799973
v 0.01443294 -0.01167838 -0.04799973
v 0.01671242 -0.00847428 -0.04799973
v 0.01129341 -0.00896061 -0.04799973
v 0.01329811 -0.00643912 -0.04799973
v 0.01477376 -0.00359879 -0.04799973
v 0.01828682 -0.00492350 -0.04799973
v 0.01012453 -0.00434049 -0.04799973
v 0.01152040 -0.00218814 -0.04799973
v 0.01245168 0.00042807 -0.04799973
v 0.01568617 -0.00043033 -0.04799973
v 0.00725563 -0.00196744 -0.04799973
v 0.00834682 -0.00608170 -0.04799973
v 0.00558864 -0.00312760 -0.04799973
v 0.00468715 0.00089047 -0.04799973
v 0.00306349 0.00005307 -0.04799973
v 0.00289101 0.00412191 -0.04799973
v 0.00487257 0.00450228 -0.04799973
v 0.00151991 0.00758187 -0.04799973
v 0.00407338 0.00778402 -0.04799973
v 0.00091921 0.00343100 -0.04799973
v -0.00085704 0.00696176 -0.04799973
v -0.00246001 0.01055307 -0.04799973
v 0.00038283 0.01119662 -0.04799973
v -0.00092082 0.00255648 -0.04799973
v -0.00299742 0.00600180 -0.04799973
v -0.00502708 0.00943539 -0.04799973
v -0.00702830 0.01288021 -0.04799973
v -0.00395769 0.01422494 -0.04799973
v -0.00503465 0.00471566 -0.04799973
v -0.00733189 0.00793295 -0.04799973
v -0.00972862 0.01104281 -0.04799973
v -0.01222655 0.01414584 -0.04799973
v -0.01207872 0.00888803 -0.04799973
v -0.01493278 0.01152182 -0.04799973
v -0.01792479 0.01414486 -0.04799973
v -0.01707616 0.00857016 -0.04799973
v -0.02031096 0.01043930 -0.04799973
v -0.02028484 0.01040853 -0.04495537
v -0.01790691 0.01411996 -0.04504844
v -0.02193205 0.00638217 -0.04799973
v -0.02189665 0.00635141 -0.04480943
v -0.02185045 0.00637582 -0.04165154
v -0.02024315 0.01042758 -0.04194925
v -0.02274657 0.00219857 -0.04799973
v -0.02269646 0.00215756 -0.04465275
v -0.02264171 0.00217611 -0.04132422
v -0.02262816 0.00229184 -0.03804480
v -0.02178770 0.00652133 -0.03851617
v -0.02273027 -0.00190738 -0.04460537
v -0.02270158 -0.00183951 -0.04121242
v -0.02270756 -0.00180680 -0.03788081
v -0.02270818 -0.00181022 -0.03454604
v -0.02261406 0.00252865 -0.03486917
v -0.02197240 -0.00593522 -0.03812750
v -0.02195024 -0.00608072 -0.03492777
v -0.02041215 -0.01016227 -0.03547657
v -0.02026665 -0.01046939 -0.03253754
v -0.02188676 -0.00635904 -0.03179533
v -0.02047014 -0.01000602 -0.03848163
v -0.01821141 -0.01372623 -0.03879279
v -0.01811717 -0.01386148 -0.03588067
v -0.02197948 -0.00594742 -0.04138625
v -0.02049907 -0.00997135 -0.04164605
v -0.01824681 -0.01368473 -0.04183873
v -0.01531792 -0.01690299 -0.04196107
v -0.01527330 -0.01694400 -0.03904496
v -0.02048875 -0.01003238 -0.04480906
v -0.01821837 -0.01373893 -0.04488761
v -0.01528178 -0.01694693 -0.04495608
v -0.01174583 -0.01956266 -0.04501163
v -0.01176744 -0.01953141 -0.04207884
v -0.01814818 -0.01385855 -0.04799973
v -0.01520250 -0.01703775 -0.04799973
v -0.01167021 -0.01962760 -0.04799973
v -0.00761418 -0.02152897 -0.04799973
v -0.00766661 -0.02146988 -0.04505077
v -0.01273619 -0.01440934 -0.04799973
v -0.00970177 -0.01629654 -0.04799973
v -0.00632249 -0.01777213 -0.04799973
v -0.00263878 -0.01854508 -0.04799973
v -0.00542772 -0.01402408 -0.04799973
v -0.00257384 -0.01447330 -0.04799973
v 0.00038576 -0.01433561 -0.04799973
v -0.00321495 -0.01018033 -0.04799973
v -0.00079826 -0.01010172 -0.04799973
v 0.00163246 -0.00965348 -0.04799973
v -0.00250670 -0.00636930 -0.04799973
v -0.00038267 -0.00583561 -0.04799973
v 0.00170021 -0.00512369 -0.04799973
v -0.00246031 -0.00260270 -0.04799973
v -0.00057170 -0.00175943 -0.04799973
v -0.00280772 0.00149398 -0.04799973
v 0.00128920 -0.00085123 -0.04799973
v -0.00465459 0.00044906 -0.04799973
v -0.00694078 0.00330453 -0.04799973
v -0.00442271 -0.00335172 -0.04799973
v -0.00648186 -0.00068619 -0.04799973
v -0.00876695 0.00188900 -0.04799973
v -0.01128966 0.00427084 -0.04799973
v -0.00942186 0.00619076 -0.04799973
v -0.00827122 -0.00194693 -0.04799973
v -0.01047398 0.00027279 -0.04799973
v -0.01283153 0.00228207 -0.04799973
v -0.01565221 0.00404135 -0.04799973
v -0.01864561 0.00531771 -0.04799973
v -0.01407695 0.00658041 -0.04799973
v -0.01953624 0.00185336 -0.04799973
v -0.01978410 -0.00175699 -0.04799973
v -0.02275755 -0.00198941 -0.04799973
v -0.02199583 -0.00614322 -0.04799973
v -0.02199193 -0.00601627 -0.04470287
v -0.02044066 -0.01018082 -0.04799973
v -0.01908549 -0.00544254 -0.04799973
v -0.01745500 -0.00881363 -0.04799973
v -0.01535460 -0.01188834 -0.04799973
v -0.01473643 -0.00725162 -0.04799973
v -0.01271434 -0.00961246 -0.04799973
v -0.01218956 -0.00528531 -0.04799973
v -0.01027538 -0.00716422 -0.04799973
v -0.01007628 -0.00339176 -0.04799973
v -0.00815282 -0.00534391 -0.04799973
v -0.00633122 -0.00422818 -0.04799973
v -0.00462486 -0.00674283 -0.04799973
v 0.00368678 -0.00420475 -0.04799973
v 0.00629555 -0.00756900 -0.04799973
v 0.00403114 -0.00879361 -0.04799973
v 0.00895216 -0.01097672 -0.04799973
v 0.00627272 -0.01259342 -0.04799973
v 0.00839766 -0.01638150 -0.04799973
v 0.00483803 -0.01779166 -0.04799973
v 0.00339638 -0.01371451 -0.04799973
v 0.00153017 -0.02278922 -0.04799973
v 0.00111086 -0.01853434 -0.04799973
v -0.00312962 -0.02262174 -0.04799973
v -0.00319633 -0.02259147 -0.04508451
v -0.00769627 -0.02144352 -0.04216952
v -0.01173692 -0.01956363 -0.03927142
v -0.01515672 -0.01705191 -0.03625707
v -0.01793980 -0.01408854 -0.03315406
v -0.01764842 -0.01442594 -0.03054329
v -0.02003740 -0.01091520 -0.02970034
v -0.01966997 -0.01156022 -0.02716675
v -0.02175957 -0.00676334 -0.02882055
v -0.02273131 -0.00179166 -0.03133624
v -0.02254716 0.00342367 -0.02901080
v -0.02260460 0.00285873 -0.03183603
v -0.02160319 0.00726205 -0.03272507
v -0.02170824 0.00681283 -0.03558000
v -0.02003062 0.01086752 -0.03617799
v -0.02014885 0.01056088 -0.03895070
v -0.01774052 0.01424594 -0.03927224
v -0.01785844 0.01413705 -0.04213476
v -0.01475041 0.01735092 -0.04222030
v -0.01481303 0.01735141 -0.04509042
v -0.01100938 0.01995199 -0.04229784
v -0.01102867 0.01995639 -0.04512286
v -0.01483195 0.01735922 -0.04799973
v -0.01102776 0.01999740 -0.04799973
v -0.00669804 0.02180160 -0.04515262
v -0.00663414 0.02186508 -0.04799973
v -0.00899858 0.01635678 -0.04799973
v -0.00531560 0.01794613 -0.04799973
v -0.00187999 0.02275717 -0.04799973
v -0.00128575 0.01876986 -0.04799973
v -0.00057390 0.01495443 -0.04799973
v 0.00283833 0.01872055 -0.04799973
v 0.00294728 0.01500473 -0.04799973
v 0.00340614 0.01131430 -0.04799973
v 0.00643599 0.01445248 -0.04799973
v 0.00649483 0.01096518 -0.04799973
v 0.00681105 0.00760678 -0.04799973
v 0.00955769 0.01033725 -0.04799973
v 0.00969087 0.00716439 -0.04799973
v 0.01270839 0.00662484 -0.04799973
v 0.01279128 0.00348568 -0.04799973
v 0.01575148 0.00628646 -0.04799973
v 0.01595302 0.00297201 -0.04799973
v 0.01870766 0.00637631 -0.04799973
v 0.01777541 0.00962582 -0.04799973
v 0.00976137 0.01348471 -0.04799973
v 0.01048061 0.01647592 -0.04799973
v 0.01372420 0.01462826 -0.04799973
v 0.00681722 0.01788607 -0.04799973
v 0.00756282 0.02153402 -0.04799973
v 0.01169325 0.01960141 -0.04799973
v 0.00298409 0.02262973 -0.04799973
v 0.00278810 0.02263070 -0.04517164
v 0.00735829 0.02156771 -0.04516926
v -0.00201103 0.02270639 -0.04517125
v -0.00213310 0.02266977 -0.04240300
v 0.00258400 0.02261996 -0.04240542
v -0.00673497 0.02174789 -0.04236120
v -0.00674693 0.02174887 -0.03973022
v -0.00223125 0.02266098 -0.03980171
v -0.01094890 0.01999740 -0.03961059
v -0.01084026 0.02007943 -0.03706342
v -0.00672258 0.02176498 -0.03724784
v -0.01464854 0.01743344 -0.03948026
v -0.01449266 0.01759164 -0.03685133
v -0.01427367 0.01776693 -0.03442050
v -0.01759105 0.01448861 -0.03658299
v -0.01734459 0.01477670 -0.03403943
v -0.01702031 0.01513852 -0.03158933
v -0.01981847 0.01126400 -0.03348905
v -0.01951006 0.01177523 -0.03094472
v -0.01914067 0.01237484 -0.02862891
v -0.02138621 0.00787875 -0.03011373
v -0.02107567 0.00865951 -0.02759966
v -0.02064983 0.00968197 -0.02523600
v -0.02202153 0.00585189 -0.02393198
v -0.01870872 0.01303158 -0.02635977
v -0.01817644 0.01368832 -0.02429245
v -0.01623595 0.01598959 -0.02736141
v -0.01666057 0.01552865 -0.02945023
v -0.02013042 0.01067855 -0.02295744
v -0.01953435 0.01169076 -0.02078925
v -0.02156084 0.00735727 -0.02152326
v -0.02102086 0.00875131 -0.01920145
v -0.02040916 0.01014389 -0.01714479
v -0.02201616 0.00588119 -0.01758104
v -0.02245769 0.00396518 -0.01990595
v -0.02280217 0.00102133 -0.01806522
v -0.02244408 -0.00398844 -0.01782945
v -0.02172240 -0.00691813 -0.01924458
v -0.01890123 0.01271713 -0.01890479
v -0.01821953 0.01370297 -0.01716187
v -0.01696751 0.01518637 -0.02054290
v -0.01757573 0.01446762 -0.02229340
v -0.01975987 0.01137631 -0.01528043
v -0.01905626 0.01257504 -0.01359422
v -0.01520775 0.01689682 -0.02360806
v -0.01573759 0.01642514 -0.02542642
v -0.01331126 0.01846713 -0.02821403
v -0.01367680 0.01823910 -0.03009995
v -0.01026347 0.02036898 -0.03066424
v -0.01049968 0.02025326 -0.03263889
v -0.01399718 0.01797445 -0.03216357
v -0.00658556 0.02181234 -0.03298835
v -0.00665306 0.02176791 -0.03492373
v -0.01068602 0.02016195 -0.03466933
v -0.00236687 0.02264486 -0.03512550
v -0.00231071 0.02265853 -0.03738884
v 0.00221535 0.02268100 -0.03739919
v 0.00239882 0.02265170 -0.03980946
v 0.00688332 0.02170492 -0.03975530
v 0.00712117 0.02162240 -0.04237763
v 0.01129042 0.01979916 -0.04232040
v 0.01150838 0.01968881 -0.04513675
v 0.01508211 0.01711215 -0.04509531
v 0.01522072 0.01701059 -0.04799973
v 0.01807784 0.01394467 -0.04799973
v 0.02027284 0.01052963 -0.04799973
v -0.01289549 0.01872885 -0.02637769
v 0.02031850 -0.01044889 -0.04799973
v 0.02027632 -0.01045133 -0.04487246
v -0.02101836 -0.00885709 -0.02334153
v -0.01352666 -0.01830338 -0.02517439
v -0.01573167 -0.01647477 -0.02204112
v -0.01829820 -0.01363932 -0.01473301
v -0.01990501 -0.01316666 -0.01119043
v 0.01243855 -0.01909195 -0.02789791
v 0.01506715 -0.01703385 -0.02504161
v 0.01195528 -0.01936246 -0.02610119
v 0.00848262 -0.02115592 -0.02697744
v 0.01148622 -0.01965543 -0.02455149
v 0.00812343 -0.02130387 -0.02551633
v 0.00450758 -0.02234537 -0.02621397
v 0.00773097 -0.02146500 -0.02408868
v 0.00424593 -0.02241227 -0.02481847
v 0.00065535 -0.02281461 -0.02507877
v 0.00397548 -0.02247037 -0.02334544
v 0.00056728 -0.02282389 -0.02363896
v -0.00291234 -0.02266617 -0.02346189
v 0.00049263 -0.02351822 -0.02282493
v -0.00298051 -0.02341764 -0.02264322
v -0.00629289 -0.02283512 -0.02192685
v -0.00319798 -0.02479215 -0.02258893
v -0.00669359 -0.02428434 -0.02178516
v -0.00990446 -0.02333805 -0.02049751
v -0.00704253 -0.02569645 -0.02166332
v -0.01039134 -0.02484049 -0.02025810
v -0.01338621 -0.02369645 -0.01838934
v -0.01084959 -0.02633805 -0.02000622
v -0.01391814 -0.02532096 -0.01798040
v -0.01660222 -0.02419449 -0.01554607
v -0.01449388 -0.02723111 -0.01757155
v -0.01721269 -0.02631070 -0.01491098
v -0.01944340 -0.02511734 -0.01192369
v -0.01773259 -0.02847916 -0.01432781
v -0.01995238 -0.02751969 -0.01107802
v -0.01816435 -0.03077506 -0.01375296
v -0.02033714 -0.02996891 -0.01035660
v -0.01854564 -0.03331461 -0.01323229
v -0.02062633 -0.03264615 -0.00973132
v -0.02189622 -0.02908561 -0.00638033
v -0.02204198 -0.03188541 -0.00580814
v -0.02084575 -0.03550357 -0.00924017
v -0.02212340 -0.03500016 -0.00537661
v -0.02275298 -0.03465201 -0.00134535
v -0.02276262 -0.03145377 -0.00147397
v -0.02257909 -0.03176285 0.00315797
v -0.02259264 -0.03481607 0.00294515
v -0.02154265 -0.03228092 0.00744343
v -0.02133989 -0.02940250 0.00795920
v -0.02106834 -0.02671207 0.00869719
v -0.01985509 -0.03278873 0.01122832
v -0.01957042 -0.03002897 0.01165834
v -0.02000456 -0.03565885 0.01095306
v -0.01765691 -0.03592252 0.01444262
v -0.01747002 -0.03327115 0.01465974
v -0.01468541 -0.03623697 0.01745808
v -0.01448613 -0.03370426 0.01761545
v -0.01114409 -0.03653580 0.01989887
v -0.01098802 -0.03405680 0.01998469
v -0.01480675 -0.03905191 0.01734273
v -0.01125603 -0.03922330 0.01982935
v -0.00721397 -0.03930094 0.02162398
v -0.00712004 -0.03669254 0.02164839
v -0.00729423 -0.04209000 0.02158925
v -0.00286900 -0.04207145 0.02260666
v -0.01132164 -0.04204752 0.01979047
v -0.00736992 -0.04501871 0.02157807
v -0.00297740 -0.04500699 0.02260644
v -0.00310460 -0.04800748 0.02261883
v 0.00162642 -0.04800748 0.02277763
v 0.00174147 -0.04497135 0.02274845
v 0.00091402 -0.04800748 0.01977174
v 0.00476527 -0.04800748 0.01847269
v 0.00640584 -0.04800748 0.02193117
v 0.00267043 -0.04800748 0.01544688
v 0.00565883 -0.04800748 0.01338898
v 0.00837111 -0.04800748 0.01651384
v 0.00282430 -0.04800748 0.01057363
v 0.00520375 -0.04800748 0.00827464
v 0.00839198 -0.04800748 0.01103987
v 0.00720595 -0.04800748 0.00580109
v 0.01068880 -0.04800748 0.00839405
v 0.01239003 -0.04800748 0.00554603
v 0.00880129 -0.04800748 0.00317869
v 0.01345888 -0.04800748 0.00257798
v 0.01007069 -0.04800748 0.00047365
v 0.00608827 -0.04800748 0.00090258
v 0.00770509 -0.04800748 -0.00161726
v 0.00957039 -0.04800748 -0.00418063
v 0.00555635 -0.04800748 -0.00379490
v 0.00770827 -0.04800748 -0.00655332
v 0.01212196 -0.04800748 -0.00691184
v 0.01030812 -0.04800748 -0.00949746
v 0.01567549 -0.04800748 -0.00956400
v 0.01339339 -0.04800748 -0.01257855
v 0.00790157 -0.04800748 -0.01188466
v 0.01046028 -0.04800748 -0.01520849
v 0.01662398 -0.04800748 -0.01565540
v 0.01303200 -0.04800748 -0.01875926
v 0.00876527 -0.04800748 -0.02110940
v 0.00885292 -0.04503287 -0.02102968
v 0.01307875 -0.04496988 -0.01869244
v 0.00411055 -0.04506510 -0.02243151
v 0.00424959 -0.04218570 -0.02239304
v 0.00890511 -0.04211588 -0.02098792
v -0.00060313 -0.04220230 -0.02278949
v -0.00040318 -0.03948111 -0.02281209
v 0.00435719 -0.03942691 -0.02237244
v -0.00022905 -0.03695963 -0.02281982
v 0.00442824 -0.03687662 -0.02235832
v -0.00007793 -0.03467398 -0.02282769
v 0.00445259 -0.03455240 -0.02235297
v 0.00004610 -0.03265201 -0.02284100
v 0.00444081 -0.03252262 -0.02237224
v 0.00015175 -0.03085318 -0.02282480
v 0.00440688 -0.03067105 -0.02235832
v 0.00024190 -0.02914664 -0.02279901
v 0.00433235 -0.02891910 -0.02234802
v 0.00030788 -0.02766617 -0.02281041
v 0.00425136 -0.02744107 -0.02237925
v 0.00037587 -0.02632291 -0.02282137
v 0.00415858 -0.02608365 -0.02240165
v 0.00045009 -0.02489762 -0.02282461
v 0.00405830 -0.02462027 -0.02242337
v 0.00747011 -0.02386832 -0.02154760
v 0.00390675 -0.02317252 -0.02246966
v 0.00715920 -0.02238590 -0.02166229
v 0.01023671 -0.02117350 -0.02041589
v 0.00729097 -0.02162418 -0.02261345
v 0.01041237 -0.02033121 -0.02150018
v 0.01323451 -0.01857486 -0.02004158
v 0.01096400 -0.01998941 -0.02301002
v 0.01386604 -0.01808023 -0.02160842
v 0.01447029 -0.01758414 -0.02326035
v -0.00341649 -0.02620279 -0.02253262
v -0.00362303 -0.02756412 -0.02248317
v -0.00738902 -0.02709977 -0.02152776
v -0.00383965 -0.02901969 -0.02242372
v -0.00777080 -0.02870279 -0.02137666
v -0.01133769 -0.02805533 -0.01973118
v -0.00813219 -0.03047330 -0.02126535
v -0.01179832 -0.02993522 -0.01949859
v -0.01500847 -0.02927018 -0.01715385
v -0.01222710 -0.03194303 -0.01924299
v -0.01545934 -0.03143326 -0.01673034
v -0.01261552 -0.03409830 -0.01899835
v -0.01587279 -0.03380143 -0.01635644
v -0.01296263 -0.03661197 -0.01876210
v -0.01623186 -0.03633902 -0.01600299
v -0.01885655 -0.03598502 -0.01280078
v -0.01650774 -0.03908170 -0.01565958
v -0.01907610 -0.03879557 -0.01240379
v -0.02097545 -0.03845768 -0.00887502
v -0.01926311 -0.04183854 -0.01214607
v -0.02106682 -0.04163736 -0.00865971
v -0.02224651 -0.04136930 -0.00492339
v -0.02218114 -0.03812955 -0.00507842
v -0.02275102 -0.04125650 -0.00109917
v -0.02272844 -0.03793522 -0.00117415
v -0.02259062 -0.03805680 0.00285299
v -0.02259056 -0.04132926 0.00283029
v -0.02171971 -0.03838248 0.00692358
v -0.02165727 -0.03529068 0.00711578
v -0.02174998 -0.04152994 0.00683248
v -0.02007780 -0.03865738 0.01079696
v -0.02013145 -0.04171207 0.01070548
v -0.01775743 -0.03885855 0.01429773
v -0.01781779 -0.04185953 0.01422420
v -0.01486107 -0.04196793 0.01729092
v -0.01782536 -0.04491715 0.01424348
v -0.01485997 -0.04496793 0.01731009
v -0.01779131 -0.04800748 0.01433245
v -0.01481590 -0.04800748 0.01738116
v -0.01133336 -0.04500650 0.01979536
v -0.01130028 -0.04800748 0.01984217
v -0.01228807 -0.04800748 0.01485399
v -0.00948668 -0.04800748 0.01720291
v -0.00745360 -0.04800748 0.02157954
v -0.00974779 -0.04800748 0.01249654
v -0.00734453 -0.04800748 0.01480237
v -0.00711913 -0.04800748 0.01021220
v -0.00483116 -0.04800748 0.01249629
v -0.00457762 -0.04800748 0.00798839
v -0.00226347 -0.04800748 0.01029392
v -0.00223198 -0.04800748 0.00575171
v 0.00017696 -0.04800748 0.00807843
v 0.00018306 -0.04800748 0.01271020
v -0.00006639 -0.04800748 0.00347468
v 0.00238771 -0.04800748 0.00578352
v 0.00433778 -0.04800748 0.00339940
v 0.00191219 -0.04800748 0.00113435
v 0.00375868 -0.04800748 -0.00130521
v -0.00031700 -0.04800748 -0.00101173
v 0.00153212 -0.04800748 -0.00340212
v 0.00339644 -0.04800748 -0.00589577
v -0.00073155 -0.04800748 -0.00532153
v 0.00103627 -0.04800748 -0.00774467
v 0.00554750 -0.04800748 -0.00875198
v 0.00297340 -0.04800748 -0.01059377
v 0.00503896 -0.04800748 -0.01384524
v 0.00169069 -0.04800748 -0.01524944
v 0.00292995 -0.04800748 -0.01869757
v 0.00694984 -0.04800748 -0.01730202
v -0.00136168 -0.04800748 -0.01914970
v -0.00106737 -0.04800748 -0.02280433
v 0.00394569 -0.04800748 -0.02249418
v -0.00595366 -0.04800748 -0.02204277
v -0.00565831 -0.04505973 -0.02209921
v -0.00083110 -0.04507291 -0.02279735
v -0.01007292 -0.04503141 -0.02047259
v -0.00975328 -0.04211930 -0.02059160
v -0.00535631 -0.04217838 -0.02213114
v -0.00944365 -0.03938102 -0.02074904
v -0.00508104 -0.03946354 -0.02221280
v -0.00913029 -0.03681461 -0.02089305
v -0.00481889 -0.03693033 -0.02227545
v -0.00879167 -0.03437418 -0.02103300
v -0.00455833 -0.03461246 -0.02232821
v -0.00846422 -0.03237516 -0.02115646
v -0.00431633 -0.03259928 -0.02239345
v -0.00409007 -0.03074479 -0.02240618
v -0.01328789 -0.03925309 -0.01851884
v -0.01358086 -0.04205045 -0.01829158
v -0.01675835 -0.04196744 -0.01540571
v -0.01387010 -0.04500113 -0.01812251
v -0.01697978 -0.04495963 -0.01522078
v -0.01939281 -0.04491129 -0.01200253
v -0.01715782 -0.04800748 -0.01506146
v -0.01948021 -0.04800748 -0.01190184
v -0.02114159 -0.04481607 -0.00855136
v -0.02119829 -0.04800748 -0.00851409
v -0.02230217 -0.04800748 -0.00491229
v -0.02227550 -0.04469742 -0.00491198
v -0.02280119 -0.04800748 -0.00109373
v -0.02277928 -0.04463150 -0.00107590
v -0.02262968 -0.04466959 0.00284915
v -0.02264409 -0.04800748 0.00291988
v -0.02176945 -0.04477018 0.00685107
v -0.02176628 -0.04800748 0.00692708
v -0.02015855 -0.04485855 0.01070296
v -0.02015800 -0.04800748 0.01077070
v -0.01852159 -0.04800748 0.00585329
v -0.01692332 -0.04800748 0.00912247
v -0.01480754 -0.04800748 0.01213336
v -0.01396947 -0.04800748 0.00740245
v -0.01200304 -0.04800748 0.01002483
v -0.01118889 -0.04800748 0.00548551
v -0.00924553 -0.04800748 0.00788637
v -0.00864751 -0.04800748 0.00346072
v -0.00671312 -0.04800748 0.00572848
v -0.00437743 -0.04800748 0.00354050
v -0.00638524 -0.04800748 0.00140025
v -0.00227940 -0.04800748 0.00129257
v -0.00435899 -0.04800748 -0.00078257
v -0.00250664 -0.04800748 -0.00301884
v -0.00649059 -0.04800748 -0.00276284
v -0.00479015 -0.04800748 -0.00489593
v -0.00315898 -0.04800748 -0.00706936
v -0.00575023 -0.04800748 -0.00869168
v -0.00157750 -0.04800748 -0.00930825
v 0.00011659 -0.04800748 -0.01203935
v -0.00727660 -0.04800748 -0.00672093
v -0.00833452 -0.04800748 -0.01058772
v -0.00996446 -0.04800748 -0.00866615
v -0.01249303 -0.04800748 -0.01071572
v -0.01056767 -0.04800748 -0.01280227
v -0.01480724 -0.04800748 -0.01280035
v -0.01240221 -0.04800748 -0.01522814
v -0.00940697 -0.04800748 -0.01725424
v -0.00566869 -0.04800748 -0.01863171
v -0.01412602 -0.04800748 -0.01794461
v -0.01038072 -0.04800748 -0.02034327
v -0.01678538 -0.04800748 -0.01008524
v -0.01419579 -0.04800748 -0.00838714
v -0.01561986 -0.04800748 -0.00607265
v -0.01831334 -0.04800748 -0.00725160
v -0.01933177 -0.04800748 -0.00432066
v -0.01979613 -0.04800748 -0.00110606
v -0.01952757 -0.04800748 0.00239993
v -0.01560417 -0.04800748 0.00461356
v -0.01288158 -0.04800748 0.00300457
v -0.01044011 -0.04800748 0.00121510
v -0.00834434 -0.04800748 -0.00071143
v -0.01043614 -0.04800748 -0.00271767
v -0.00882725 -0.04800748 -0.00470651
v -0.01149120 -0.04800748 -0.00663504
v -0.01292857 -0.04800748 -0.00456574
v -0.00190538 -0.04800748 -0.01587135
v -0.02107646 0.02956186 -0.00866641
v -0.01934026 0.03030795 -0.01208547
v -0.01891032 0.02785775 -0.01273222
v -0.02225822 0.02875180 -0.00488426
v -0.02245293 0.03174252 -0.00393398
v -0.02136351 0.03245004 -0.00794406
v -0.02153795 0.03541977 -0.00737467
v -0.01992180 0.03587094 -0.01113001
v -0.01967424 0.03305941 -0.01153396
v -0.02252910 0.03482797 -0.00327955
v -0.02257622 0.03797494 -0.00286566
v -0.02164415 0.03846371 -0.00699373
v -0.02276677 0.03400619 0.00109730
v -0.02272478 0.03738021 0.00142170
v -0.02270976 0.04087924 0.00154962
v -0.02207500 0.03717660 0.00546380
v -0.02209483 0.04074398 0.00548147
v -0.02070561 0.03756137 0.00949774
v -0.02211290 0.03359262 0.00545048
v -0.02064922 0.03422396 0.00968373
v -0.01838506 0.03502426 0.01349298
v -0.02047777 0.03118002 0.01001165
v -0.01812938 0.03217270 0.01380020
v -0.01520500 0.03286020 0.01696217
v -0.01778648 0.02955697 0.01425983
v -0.01488597 0.03047299 0.01724560
v -0.01155467 0.03119369 0.01965817
v -0.01730962 0.02712777 0.01483276
v -0.02260704 0.04125180 -0.00264938
v -0.02264336 0.04461459 -0.00265044
v -0.02173131 0.04159018 -0.00680672
v -0.01736906 0.03354965 -0.01477973
v -0.01700603 0.03100277 -0.01516476
v -0.01418681 0.03167025 -0.01785594
v -0.01657542 0.02877621 -0.01561176
v -0.01378764 0.02954770 -0.01814495
v -0.01609532 0.02664682 -0.01611714
v -0.01336009 0.02761752 -0.01845081
v -0.01288518 0.02581381 -0.01877796
v -0.01024980 0.02849984 -0.02035737
v -0.00986107 0.02681527 -0.02053787
v -0.01242644 0.02422103 -0.01908700
v -0.00948375 0.02535092 -0.02071985
v -0.00654832 0.02755844 -0.02183303
v -0.00625517 0.02616049 -0.02193004
v -0.00908256 0.02391879 -0.02091320
v -0.00594969 0.02478012 -0.02203014
v -0.00282384 0.02662484 -0.02264003
v -0.00262883 0.02528109 -0.02267637
v -0.00242363 0.02385873 -0.02270433
v 0.00079134 0.02539877 -0.02279568
v 0.00084859 0.02395297 -0.02279710
v 0.00089009 0.02279428 -0.02313276
v 0.00407619 0.02360873 -0.02244414
v 0.00405745 0.02244369 -0.02280690
v 0.00434718 0.02238559 -0.02405927
v 0.00717879 0.02165121 -0.02207156
v 0.00761116 0.02149496 -0.02335052
v 0.00807649 0.02130795 -0.02472672
v 0.01070308 0.02014535 -0.02225250
v 0.01128597 0.01980355 -0.02363923
v 0.01180916 0.01947836 -0.02508073
v 0.01420235 0.01779721 -0.02230094
v 0.01479958 0.01729916 -0.02387613
v 0.01537990 0.01678744 -0.02557840
v 0.01741853 0.01466439 -0.02246159
v 0.01804744 0.01387484 -0.02435629
v 0.01859847 0.01317221 -0.02636190
v 0.02018745 0.01060678 -0.02294639
v 0.02070937 0.00956332 -0.02516996
v 0.02113625 0.00852328 -0.02752726
v 0.02215895 0.00538607 -0.02381955
v 0.02170937 0.00698666 -0.02141533
v 0.02114925 0.00844711 -0.01910027
v 0.02257686 0.00314437 -0.01966374
v 0.01955544 0.01168441 -0.02081909
v 0.01887129 0.01278061 -0.01897016
v 0.01675600 0.01541879 -0.02075962
v 0.01356306 0.01829916 -0.02083361
v 0.01014955 0.02045053 -0.02096148
v 0.00726570 0.02284262 -0.02162064
v 0.00418874 0.02508725 -0.02241711
v 0.00070314 0.02672934 -0.02279692
v -0.00300694 0.02796176 -0.02260262
v -0.00684752 0.02913998 -0.02173608
v -0.01062852 0.03025961 -0.02017997
v 0.02259718 0.00299447 -0.02914538
v -0.02198479 -0.02291861 0.00603998
v 0.00432130 0.03231186 0.02238477
v 0.00452791 0.03435727 0.02232832
v 0.00034920 0.03444418 0.02281812
v 0.00852583 0.03409945 0.02112182
v 0.00473042 0.03666635 0.02228941
v 0.00045491 0.03672055 0.02281177
v 0.00057454 0.03925473 0.02280252
v -0.00382896 0.03917123 0.02246545
v -0.00387053 0.03659945 0.02245251
v -0.00374834 0.04194906 0.02246789
v -0.00807378 0.04185678 0.02130467
v -0.00809715 0.03900521 0.02131332
v -0.00797960 0.04488705 0.02137170
v -0.01203667 0.04482260 0.01936952
v -0.01208672 0.04171029 0.01930783
v -0.01192570 0.04799252 0.01946731
v -0.01554069 0.04799252 0.01672419
v -0.01561949 0.04475277 0.01661870
v -0.01279637 0.04799252 0.01397414
v -0.01534178 0.04799252 0.01117523
v -0.01851781 0.04799252 0.01335302
v -0.01198228 0.04799252 0.00893943
v -0.01381212 0.04799252 0.00639032
v -0.01720921 0.04799252 0.00805556
v -0.01060966 0.04799252 0.00456674
v -0.00880724 0.04799252 0.00671796
v -0.00664976 0.04799252 0.00860194
v -0.00974730 0.04799252 0.01112352
v -0.00404228 0.04799252 0.00664076
v -0.00422319 0.04799252 0.01029332
v -0.00179234 0.04799252 0.00857563
v 0.00048763 0.04799252 0.00694902
v 0.00049184 0.04799252 0.01074528
v 0.00297487 0.04799252 0.00946412
v 0.00538039 0.04799252 0.00790620
v 0.00554726 0.04799252 0.01279979
v 0.00824287 0.04799252 0.01108631
v 0.00769533 0.04799252 0.01662579
v 0.01093337 0.04799252 0.01466331
v 0.01346120 0.04799252 0.01844148
v 0.00960609 0.04799252 0.02071224
v 0.01331532 0.04490072 0.01852264
v 0.01662337 0.04484115 0.01562672
v 0.00947310 0.04494369 0.02074451
v 0.01311751 0.04186508 0.01865008
v 0.01641084 0.04173520 0.01583367
v 0.01908077 0.04158187 0.01248904
v 0.01615474 0.03873520 0.01610831
v 0.01287331 0.03896225 0.01882853
v 0.01256258 0.03623080 0.01904785
v 0.00907484 0.03913412 0.02089755
v 0.00881807 0.03650473 0.02100309
v 0.00929378 0.04196664 0.02079906
v 0.00510365 0.04200424 0.02219528
v 0.00492757 0.03923080 0.02224732
v 0.00525722 0.04496420 0.02219921
v 0.00083644 0.04496469 0.02279110
v 0.00070186 0.04200473 0.02277526
v 0.00096754 0.04799252 0.02280999
v -0.00347649 0.04799252 0.02256367
v -0.00362755 0.04493832 0.02251826
v -0.00631834 0.04799252 0.01777209
v -0.00783891 0.04799252 0.02144168
v 0.00538289 0.04799252 0.02218743
v 0.00423769 0.04799252 0.01789390
v 0.00272530 0.04799252 0.01386134
v -0.00718608 0.04799252 0.01286778
v -0.00974773 0.04799252 0.01624669
v 0.02275465 -0.01837857 0.00168019
v 0.02158241 0.00736996 0.02916847
f 1 2 3
f 1 4 2
f 1 3 5
f 1 6 4
f 1 7 6
f 8 9 10
f 8 11 9
f 8 10 12
f 8 12 13
f 8 13 14
f 15 16 17
f 15 17 18
f 15 19 20
f 21 22 23
f 21 24 22
f 21 25 26
f 21 27 25
f 21 26 28
f 29 30 31
f 29 31 32
f 29 33 34
f 29 35 33
f 29 32 35
f 36 37 38
f 36 38 39
f 36 39 40
f 36 41 42
f 36 43 41
f 44 45 46
f 44 47 45
f 44 48 49
f 44 50 48
f 44 51 50
f 52 53 54
f 52 55 56
f 52 56 57
f 58 59 60
f 58 60 61
f 58 62 63
f 58 64 62
f 58 65 64
f 66 67 68
f 66 69 70
f 66 68 71
f 72 73 74
f 72 74 75
f 72 75 76
f 77 78 79
f 77 80 81
f 77 82 80
f 83 84 85
f 83 86 87
f 83 88 89
f 90 91 92
f 90 93 94
f 90 95 91
f 96 97 98
f 96 98 99
f 96 100 101
f 102 103 104
f 102 105 106
f 102 106 107
f 108 109 110
f 108 110 111
f 108 112 113
f 114 115 116
f 114 117 118
f 114 119 120
f 121 122 123
f 121 124 125
f 121 126 124
f 127 128 129
f 127 130 131
f 127 132 133
f 134 135 136
f 134 137 138
f 134 139 140
f 141 142 143
f 141 144 145
f 141 146 147
f 148 149 150
f 148 150 151
f 148 152 153
f 154 155 156
f 154 157 158
f 154 159 155
f 160 159 161
f 160 162 163
f 160 163 164
f 164 163 165
f 164 165 166
f 164 167 155
f 167 166 168
f 167 169 156
f 170 169 171
f 170 171 172
f 170 173 156
f 173 172 174
f 173 175 157
f 175 174 176
f 175 177 158
f 178 177 179
f 178 180 161
f 178 161 159
f 181 180 182
f 181 183 184
f 181 184 162
f 184 185 186
f 184 186 187
f 186 188 189
f 186 189 190
f 190 189 191
f 190 191 192
f 190 193 187
f 192 191 194
f 192 194 195
f 192 196 193
f 196 195 197
f 196 198 165
f 198 197 199
f 198 200 166
f 200 199 201
f 200 202 168
f 203 202 204
f 203 204 205
f 203 206 169
f 205 204 207
f 205 207 208
f 205 209 171
f 209 208 210
f 209 211 171
f 211 210 212
f 211 213 172
f 213 212 214
f 213 215 174
f 215 214 216
f 215 217 176
f 218 179 177
f 218 217 219
f 218 82 179
f 217 216 220
f 220 216 221
f 220 221 222
f 220 223 219
f 223 222 224
f 223 225 81
f 225 224 226
f 225 226 227
f 227 226 228
f 227 228 229
f 227 230 81
f 230 229 183
f 230 182 78
f 229 228 231
f 229 231 185
f 231 232 233
f 231 233 188
f 233 234 235
f 233 235 236
f 235 237 238
f 235 238 239
f 239 238 240
f 239 241 242
f 239 242 236
f 243 241 244
f 243 245 246
f 243 247 242
f 246 245 248
f 246 249 250
f 246 251 247
f 251 250 99
f 251 252 194
f 252 99 98
f 252 253 195
f 253 98 254
f 253 255 197
f 255 254 256
f 255 257 199
f 257 256 258
f 257 259 201
f 260 259 261
f 260 262 263
f 260 264 202
f 263 262 265
f 263 265 266
f 263 267 264
f 266 265 268
f 266 268 269
f 266 270 267
f 270 269 271
f 270 272 207
f 272 271 273
f 272 274 208
f 274 273 275
f 274 276 210
f 276 275 277
f 276 278 212
f 278 277 279
f 278 280 214
f 279 277 281
f 279 281 282
f 279 283 280
f 283 282 284
f 283 285 221
f 285 284 286
f 285 287 222
f 287 286 288
f 287 288 289
f 288 290 291
f 288 291 292
f 292 291 293
f 292 293 294
f 292 295 289
f 294 293 296
f 294 296 234
f 294 232 295
f 296 297 298
f 296 299 237
f 299 298 300
f 299 301 237
f 301 300 302
f 301 303 304
f 305 303 306
f 305 307 240
f 305 240 238
f 308 307 309
f 308 310 244
f 308 244 241
f 311 310 312
f 311 313 248
f 311 248 245
f 314 313 136
f 314 315 316
f 314 316 249
f 316 317 318
f 316 318 249
f 318 319 100
f 318 100 250
f 319 317 320
f 319 321 101
f 322 321 323
f 322 324 325
f 322 325 97
f 325 326 256
f 325 256 254
f 326 324 327
f 326 328 258
f 329 328 330
f 329 331 261
f 329 261 259
f 332 331 333
f 332 334 335
f 332 336 262
f 335 334 337
f 335 337 338
f 335 339 336
f 338 337 340
f 338 340 341
f 338 342 339
f 342 341 343
f 342 344 268
f 344 343 345
f 344 346 269
f 346 345 347
f 346 348 271
f 348 347 349
f 348 350 273
f 350 349 351
f 350 352 275
f 351 349 353
f 351 353 354
f 351 355 352
f 355 354 356
f 355 357 281
f 357 356 358
f 357 359 282
f 359 358 360
f 359 360 286
f 360 361 362
f 360 362 290
f 362 363 364
f 362 364 365
f 364 366 367
f 364 367 368
f 368 367 369
f 368 369 370
f 368 371 365
f 370 369 372
f 370 373 297
f 370 297 371
f 373 372 374
f 373 375 298
f 375 374 376
f 375 377 300
f 377 376 378
f 377 379 302
f 380 379 381
f 380 382 306
f 380 306 303
f 383 382 384
f 383 385 309
f 383 309 307
f 386 385 387
f 386 140 312
f 386 312 310
f 387 385 384
f 387 388 389
f 387 389 137
f 389 390 391
f 389 391 138
f 391 392 393
f 391 393 394
f 394 395 138
f 394 393 396
f 394 396 320
f 396 397 323
f 396 323 321
f 398 397 399
f 398 400 327
f 398 327 324
f 401 400 402
f 401 403 330
f 401 330 328
f 404 403 405
f 404 406 333
f 404 333 331
f 407 406 408
f 407 409 410
f 407 410 334
f 411 409 412
f 411 413 414
f 411 415 410
f 414 413 416
f 414 416 417
f 414 418 415
f 418 417 419
f 418 420 340
f 420 419 421
f 420 422 341
f 422 421 423
f 422 424 343
f 424 423 425
f 424 426 345
f 426 425 28
f 426 427 347
f 425 423 428
f 425 428 24
f 428 429 430
f 428 430 431
f 430 432 433
f 430 433 434
f 434 433 435
f 434 435 436
f 434 437 431
f 437 436 438
f 437 439 22
f 439 438 440
f 439 441 23
f 442 443 27
f 442 441 444
f 442 445 443
f 446 445 447
f 446 448 449
f 446 449 450
f 450 449 451
f 450 451 452
f 450 453 443
f 452 451 454
f 452 454 455
f 452 456 453
f 456 455 457
f 456 458 25
f 458 457 358
f 458 356 354
f 457 455 459
f 457 459 361
f 459 460 461
f 459 461 363
f 461 462 463
f 461 463 366
f 463 464 465
f 463 465 466
f 465 467 468
f 465 469 466
f 470 469 471
f 470 472 473
f 470 473 367
f 474 472 475
f 474 476 372
f 474 372 369
f 476 475 477
f 476 478 374
f 478 477 479
f 478 480 376
f 480 479 481
f 480 482 378
f 483 482 484
f 483 485 381
f 483 381 379
f 486 485 487
f 486 487 388
f 486 384 382
f 487 488 489
f 487 489 390
f 489 490 491
f 489 491 392
f 491 492 493
f 491 493 494
f 493 495 496
f 493 496 399
f 496 497 402
f 496 402 400
f 498 497 499
f 498 500 405
f 498 405 403
f 501 500 502
f 501 503 408
f 501 408 406
f 504 503 505
f 504 506 412
f 504 412 409
f 507 506 508
f 507 509 510
f 507 510 413
f 511 509 512
f 511 513 514
f 511 515 510
f 515 514 516
f 515 517 416
f 517 516 518
f 517 519 417
f 519 518 520
f 519 521 419
f 521 520 432
f 521 429 421
f 520 518 522
f 520 522 523
f 522 524 525
f 522 525 526
f 526 525 527
f 526 527 528
f 526 529 523
f 528 527 530
f 528 530 531
f 528 532 529
f 532 531 533
f 532 534 435
f 534 533 535
f 534 536 436
f 536 535 537
f 536 538 438
f 538 537 539
f 538 540 440
f 541 444 441
f 541 540 542
f 541 543 444
f 544 447 445
f 544 543 545
f 544 545 546
f 546 545 547
f 546 547 548
f 546 549 448
f 549 548 550
f 549 550 551
f 550 552 553
f 550 553 554
f 554 553 555
f 554 556 557
f 554 558 551
f 557 556 559
f 557 560 561
f 557 562 558
f 561 560 563
f 561 564 565
f 561 566 562
f 566 565 462
f 566 460 454
f 565 564 567
f 565 567 464
f 567 568 569
f 567 569 467
f 569 570 571
f 569 572 467
f 572 571 573
f 572 574 468
f 575 574 576
f 575 577 471
f 575 471 469
f 578 577 579
f 578 580 475
f 578 475 472
f 580 579 581
f 580 582 477
f 582 581 583
f 582 584 479
f 584 583 585
f 584 586 481
f 587 586 588
f 587 589 484
f 587 484 482
f 590 589 591
f 590 591 490
f 590 488 484
f 591 592 593
f 591 593 492
f 593 32 594
f 593 595 495
f 595 594 499
f 595 499 497
f 596 594 31
f 596 597 502
f 596 502 500
f 598 597 599
f 598 600 505
f 598 505 503
f 601 600 602
f 601 603 508
f 601 508 506
f 604 603 605
f 604 606 512
f 604 512 509
f 607 606 608
f 607 609 610
f 607 610 513
f 610 611 612
f 610 613 513
f 613 612 614
f 613 615 514
f 615 614 616
f 615 524 516
f 614 612 617
f 614 617 618
f 618 617 619
f 618 619 620
f 618 621 616
f 620 619 622
f 620 622 623
f 620 624 621
f 623 622 625
f 623 625 626
f 623 627 624
f 627 626 628
f 627 629 530
f 629 628 630
f 629 631 531
f 631 630 632
f 631 633 533
f 633 632 634
f 633 635 535
f 635 634 636
f 635 637 537
f 637 636 638
f 637 639 539
f 640 542 540
f 640 639 641
f 640 642 542
f 643 644 543
f 643 642 645
f 643 646 644
f 647 648 644
f 647 646 649
f 647 650 651
f 651 652 648
f 651 650 653
f 651 653 654
f 654 653 56
f 654 56 655
f 654 656 652
f 657 656 658
f 657 659 548
f 657 548 547
f 659 658 660
f 659 661 552
f 661 660 662
f 661 663 664
f 665 663 666
f 665 667 555
f 665 555 553
f 668 667 669
f 668 670 559
f 668 559 556
f 671 670 672
f 671 673 563
f 671 563 560
f 674 673 675
f 674 676 568
f 674 568 564
f 676 675 677
f 676 678 570
f 678 677 679
f 678 680 571
f 680 679 681
f 680 682 573
f 683 682 684
f 683 685 576
f 683 576 574
f 686 685 687
f 686 688 579
f 686 579 577
f 688 687 689
f 688 690 581
f 690 689 691
f 690 692 583
f 692 691 693
f 692 694 585
f 695 694 696
f 695 697 588
f 695 588 586
f 696 694 698
f 696 698 699
f 696 700 697
f 700 699 701
f 700 702 33
f 702 701 703
f 702 704 34
f 705 704 706
f 705 707 708
f 705 708 30
f 708 709 710
f 708 710 711
f 710 712 713
f 710 713 599
f 713 714 602
f 713 602 600
f 715 714 716
f 715 717 605
f 715 605 603
f 718 717 719
f 718 720 608
f 718 608 606
f 721 720 722
f 721 723 724
f 721 724 609
f 724 725 726
f 724 727 609
f 727 726 728
f 727 729 611
f 728 726 730
f 728 730 731
f 728 732 729
f 731 730 733
f 731 733 734
f 731 735 732
f 734 733 736
f 734 736 737
f 734 738 735
f 737 736 739
f 737 740 741
f 737 741 625
f 741 742 743
f 741 743 626
f 743 744 745
f 743 745 626
f 745 746 747
f 745 747 628
f 747 748 749
f 747 750 630
f 750 749 751
f 750 752 632
f 752 751 753
f 752 754 634
f 754 753 755
f 754 756 636
f 756 755 757
f 756 758 638
f 759 641 639
f 759 758 760
f 759 761 641
f 762 645 642
f 762 761 763
f 762 764 645
f 765 649 646
f 765 764 766
f 765 767 649
f 768 769 650
f 768 767 770
f 768 770 771
f 771 57 769
f 771 770 772
f 771 772 773
f 772 774 775
f 772 775 776
f 776 777 773
f 776 775 778
f 776 778 779
f 779 780 781
f 779 778 782
f 779 783 780
f 784 785 786
f 784 783 787
f 784 788 785
f 789 790 791
f 789 788 792
f 789 793 790
f 794 795 796
f 794 793 797
f 794 798 795
f 799 800 801
f 799 798 802
f 799 803 800
f 804 805 806
f 804 803 807
f 804 808 805
f 809 810 811
f 809 808 812
f 809 813 810
f 814 18 17
f 814 813 815
f 814 816 817
f 817 818 18
f 817 816 819
f 817 819 820
f 820 821 818
f 820 819 822
f 820 822 823
f 823 824 821
f 823 822 825
f 823 825 826
f 826 825 827
f 826 827 828
f 826 829 824
f 830 831 832
f 830 829 833
f 830 834 831
f 835 836 837
f 835 834 838
f 835 838 836
f 839 840 841
f 839 838 842
f 839 842 843
f 843 844 845
f 843 842 70
f 843 70 69
f 846 842 847
f 846 848 849
f 846 849 67
f 849 850 851
f 849 851 852
f 851 853 854
f 851 854 855
f 855 856 852
f 855 854 857
f 855 857 858
f 858 857 859
f 858 859 860
f 858 861 856
f 862 71 68
f 862 861 863
f 862 864 71
f 865 864 866
f 865 867 844
f 865 844 69
f 867 866 868
f 867 869 845
f 870 869 871
f 870 872 841
f 870 841 840
f 873 872 874
f 873 875 837
f 873 837 836
f 876 875 20
f 876 877 832
f 876 832 831
f 875 874 16
f 874 878 879
f 874 872 878
f 878 880 811
f 878 871 880
f 881 882 806
f 881 871 869
f 881 868 882
f 883 868 866
f 883 884 885
f 883 885 801
f 885 886 796
f 885 796 795
f 887 886 888
f 887 889 791
f 887 791 790
f 890 889 891
f 890 892 786
f 890 786 785
f 893 892 894
f 893 895 781
f 893 781 780
f 895 894 896
f 895 897 53
f 897 896 898
f 897 899 54
f 900 899 901
f 900 902 903
f 900 903 55
f 903 904 905
f 903 905 655
f 905 906 658
f 905 658 656
f 906 904 907
f 906 908 660
f 908 907 909
f 908 910 662
f 911 910 912
f 911 913 666
f 911 666 663
f 914 913 915
f 914 916 669
f 914 669 667
f 917 916 918
f 917 919 672
f 917 672 670
f 920 919 921
f 920 922 675
f 920 675 673
f 922 921 923
f 922 924 677
f 924 923 925
f 924 926 679
f 926 925 927
f 926 928 681
f 929 928 930
f 929 931 684
f 929 684 682
f 932 931 933
f 932 934 687
f 932 687 685
f 934 933 935
f 934 936 689
f 936 935 937
f 936 938 691
f 938 937 939
f 938 940 693
f 940 939 941
f 940 942 698
f 942 941 943
f 942 944 699
f 944 943 945
f 944 946 701
f 946 945 947
f 946 948 703
f 949 948 950
f 949 951 706
f 949 706 704
f 952 951 953
f 952 953 954
f 952 955 707
f 955 954 956
f 955 957 709
f 957 956 958
f 957 958 712
f 958 959 716
f 958 716 714
f 960 959 961
f 960 962 719
f 960 719 717
f 963 962 964
f 963 965 722
f 963 722 720
f 966 965 967
f 966 968 969
f 966 969 723
f 969 970 971
f 969 972 725
f 972 971 973
f 972 974 725
f 973 971 975
f 973 975 976
f 973 977 974
f 976 975 978
f 976 978 979
f 976 980 977
f 979 978 981
f 979 981 739
f 979 739 980
f 982 981 983
f 982 984 985
f 982 985 740
f 985 986 987
f 985 987 742
f 986 984 988
f 986 989 990
f 989 988 991
f 989 991 992
f 992 991 993
f 992 993 994
f 992 995 990
f 995 994 996
f 995 997 39
f 997 996 998
f 997 998 40
f 999 998 1000
f 999 1001 1002
f 999 1002 43
f 1002 1003 1004
f 1002 1004 1005
f 1004 1006 1007
f 1004 1007 1008
f 1008 1009 1005
f 1008 1007 1010
f 1008 1010 1011
f 1011 1012 1009
f 1011 1010 1013
f 1011 1013 1014
f 1014 751 1012
f 1014 1013 1015
f 1014 1015 753
f 1015 1016 1017
f 1015 1017 755
f 1017 1018 1019
f 1017 1019 757
f 1019 1020 1021
f 1019 1021 1022
f 1022 760 758
f 1022 1021 1023
f 1022 1024 760
f 1025 763 761
f 1025 1024 1026
f 1025 1027 763
f 1028 766 764
f 1028 1027 1029
f 1028 1030 766
f 1031 1032 766
f 1031 1030 1033
f 1031 1034 1035
f 1035 774 1032
f 1035 1034 1036
f 1035 1037 774
f 1037 1036 1038
f 1037 1039 1040
f 1041 1042 775
f 1041 1039 1043
f 1041 1044 1042
f 1045 782 778
f 1045 1044 1046
f 1045 1047 782
f 1048 787 783
f 1048 1047 1049
f 1048 1050 787
f 1051 792 788
f 1051 1050 1052
f 1051 1053 792
f 1054 797 793
f 1054 1053 1055
f 1054 1056 797
f 1057 802 798
f 1057 1056 1058
f 1057 1059 802
f 1060 807 803
f 1060 1059 1061
f 1060 1062 807
f 1063 812 808
f 1063 1062 1064
f 1063 1065 812
f 1066 815 813
f 1066 1065 1067
f 1066 1068 815
f 1069 1070 816
f 1069 1068 1071
f 1069 1072 1070
f 1073 1074 1070
f 1073 1072 1075
f 1073 1075 1074
f 1076 1077 1074
f 1076 1075 1078
f 1076 1078 1079
f 1079 1080 1077
f 1079 1078 1081
f 1079 1081 1082
f 1082 1081 84
f 1082 84 1083
f 1082 1083 1080
f 1083 87 1084
f 1083 1085 827
f 1085 1084 1086
f 1085 1087 828
f 1088 833 829
f 1088 1087 1089
f 1088 1090 833
f 1091 1092 834
f 1091 1090 1093
f 1091 1094 1095
f 1095 847 1092
f 1095 1094 1096
f 1095 1096 848
f 1096 1097 1098
f 1096 1098 850
f 1098 1099 1100
f 1098 1100 853
f 1100 1101 1102
f 1100 1102 1103
f 1102 1104 1105
f 1102 1105 1106
f 1106 1107 1103
f 1106 1105 1108
f 1106 1108 1109
f 1109 1110 1107
f 1109 1108 1111
f 1109 1111 1112
f 1112 1113 1110
f 1112 1111 896
f 1112 896 894
f 1113 894 892
f 1113 891 859
f 1111 1114 898
f 1115 1114 1116
f 1115 1117 901
f 1115 901 899
f 1118 1117 1119
f 1118 1120 1121
f 1118 1121 902
f 1121 1122 907
f 1121 907 904
f 1122 1120 1123
f 1122 1124 909
f 1125 1124 1126
f 1125 1127 912
f 1125 912 910
f 1128 1127 1129
f 1128 1130 915
f 1128 915 913
f 1131 1130 1132
f 1131 1133 918
f 1131 918 916
f 1134 1133 1135
f 1134 1136 921
f 1134 921 919
f 1136 1135 1137
f 1136 1138 923
f 1138 1137 1139
f 1138 1140 925
f 1140 1139 1141
f 1140 1142 927
f 1143 1142 1144
f 1143 1145 930
f 1143 930 928
f 1146 1145 1147
f 1146 1148 933
f 1146 933 931
f 1148 1147 1149
f 1148 1150 935
f 1150 1149 1151
f 1150 1152 937
f 1152 1151 1153
f 1152 1154 939
f 1154 1153 1155
f 1154 1156 941
f 1156 1155 1157
f 1156 1158 943
f 1158 1157 1159
f 1158 1160 945
f 1160 1159 1161
f 1160 1162 947
f 1163 1162 1164
f 1163 1165 1166
f 1163 950 948
f 1166 1165 1167
f 1166 1167 1168
f 1166 1169 950
f 1168 1167 1170
f 1168 1170 1171
f 1168 1172 1169
f 1172 1171 1173
f 1172 1174 953
f 1174 1173 1175
f 1174 1176 954
f 1176 1175 961
f 1176 961 959
f 1177 1175 1178
f 1177 1178 964
f 1177 964 962
f 1179 1178 1180
f 1179 1180 967
f 1179 967 965
f 1181 1180 1182
f 1181 1182 1183
f 1181 1183 968
f 1183 1184 1185
f 1183 1185 970
f 1185 1186 1187
f 1185 1188 970
f 1187 1186 1189
f 1187 1189 1190
f 1187 1191 1188
f 1190 1189 1192
f 1190 1192 1193
f 1190 1194 1191
f 1193 1192 1195
f 1193 1195 1196
f 1193 983 1194
f 1196 1195 1197
f 1196 1197 1198
f 1196 988 984
f 1197 1199 1200
f 1197 1200 1201
f 1201 1200 1202
f 1201 1202 1203
f 1201 1204 1198
f 1203 1202 1205
f 1203 1205 1206
f 1203 1207 1204
f 1207 1206 1208
f 1207 1209 993
f 1209 1208 1210
f 1209 1211 994
f 1211 1210 1212
f 1211 1212 1213
f 1212 1214 1215
f 1212 1215 1216
f 1216 1215 1217
f 1216 1218 1000
f 1216 1000 998
f 1219 1218 1220
f 1219 1221 1222
f 1219 1222 1001
f 1222 1223 1224
f 1222 1224 1003
f 1224 1225 1226
f 1224 1226 1006
f 1226 1227 1228
f 1226 1228 1229
f 1228 1230 1231
f 1228 1231 1232
f 1232 1233 1229
f 1232 1231 1234
f 1232 1234 1235
f 1235 1236 1233
f 1235 1234 1237
f 1235 1237 1238
f 1238 1016 1236
f 1238 1237 1239
f 1238 1239 1018
f 1239 1240 1241
f 1239 1241 1020
f 1241 1242 1243
f 1241 1243 1244
f 1243 1245 1246
f 1243 1247 1244
f 1248 1023 1244
f 1248 1247 1249
f 1248 1250 1023
f 1251 1026 1024
f 1251 1250 1252
f 1251 1253 1026
f 1254 1029 1027
f 1254 1253 1255
f 1254 1256 1029
f 1257 1033 1030
f 1257 1256 1258
f 1257 1259 1033
f 1260 1036 1034
f 1260 1259 1261
f 1260 1262 1036
f 1262 1261 1263
f 1262 1264 1038
f 1265 1043 1039
f 1265 1264 1266
f 1265 1267 1043
f 1268 1046 1044
f 1268 1267 1269
f 1268 1270 1046
f 1271 1049 1047
f 1271 1270 1272
f 1271 1273 1049
f 1274 1052 1050
f 1274 1273 1275
f 1274 1276 1052
f 1277 1055 1053
f 1277 1276 1278
f 1277 1279 1055
f 1280 1058 1056
f 1280 1279 1281
f 1280 1282 1058
f 1283 1061 1059
f 1283 1282 1284
f 1283 1285 1061
f 1286 1064 1062
f 1286 1285 1287
f 1286 1288 1064
f 1289 1067 1065
f 1289 1288 1290
f 1289 1291 1067
f 1292 1071 1068
f 1292 1291 1293
f 1292 1294 1071
f 1295 1296 1072
f 1295 1294 1297
f 1295 1298 1299
f 1299 1300 1296
f 1299 1298 1301
f 1299 1301 1302
f 1302 1303 1300
f 1302 1301 1304
f 1302 1304 1305
f 1305 85 1303
f 1305 1304 1306
f 1305 1306 88
f 1306 1307 88
f 1306 1308 1307
f 1309 1310 1307
f 1309 1308 1311
f 1309 1312 1313
f 1313 1314 1310
f 1313 1312 1315
f 1313 1315 1316
f 1316 1317 1314
f 1316 1315 1318
f 1316 1318 1319
f 1319 1320 1317
f 1319 1318 1321
f 1319 1321 1322
f 1322 1323 1320
f 1322 1321 1324
f 1322 1324 1325
f 1325 1326 1323
f 1325 1324 1327
f 1325 1327 1328
f 1328 1329 1326
f 1328 1327 1330
f 1328 1330 1331
f 1331 1129 1329
f 1331 1330 1132
f 1331 1132 1130
f 1332 1330 1333
f 1332 1334 1135
f 1332 1135 1133
f 1334 1333 1335
f 1334 1336 1137
f 1336 1335 1337
f 1336 1338 1139
f 1338 1337 1339
f 1338 1339 1340
f 1340 1339 1341
f 1340 1341 1342
f 1340 1144 1142
f 1342 1341 1343
f 1342 1343 1147
f 1342 1147 1145
f 1343 1344 1345
f 1343 1346 1149
f 1346 1345 1347
f 1346 1348 1151
f 1348 1347 1349
f 1348 1350 1153
f 1350 1349 1351
f 1350 1352 1155
f 1352 1351 1353
f 1352 1354 1157
f 1354 1353 1355
f 1354 1356 1159
f 1356 1355 1357
f 1356 1358 1161
f 1359 1358 1360
f 1359 1361 1164
f 1359 1164 1162
f 1362 1361 1363
f 1362 1364 1365
f 1362 1365 1164
f 1366 1364 1367
f 1366 1368 1369
f 1366 1370 1365
f 1369 1368 1371
f 1369 1371 1372
f 1369 1373 1370
f 1373 1372 1374
f 1373 1375 1170
f 1375 1374 1376
f 1375 1377 1171
f 1377 1376 1378
f 1377 1379 1173
f 1378 1376 1380
f 1378 1380 1381
f 1378 1382 1379
f 1381 1380 1383
f 1381 1383 1384
f 1381 1385 1382
f 1384 1383 1386
f 1384 1386 1387
f 1384 1388 1385
f 1388 1387 1389
f 1388 1390 1184
f 1390 1389 1391
f 1390 1392 1186
f 1391 1389 1393
f 1391 1393 1394
f 1391 1395 1392
f 1394 1393 1396
f 1394 1396 1397
f 1394 1398 1395
f 1397 1396 1399
f 1397 1399 1400
f 1397 1199 1398
f 1399 1401 1402
f 1399 1402 1403
f 1403 1402 1404
f 1403 1404 1405
f 1403 1406 1400
f 1405 1404 1407
f 1405 1407 1408
f 1405 1409 1406
f 1408 1407 1410
f 1408 1410 1411
f 1408 1412 1409
f 1412 1411 1413
f 1412 1414 1205
f 1414 1413 1415
f 1414 1415 1206
f 1415 1416 1417
f 1415 1417 1208
f 1417 147 1418
f 1417 1418 1214
f 1418 146 1419
f 1418 1419 1420
f 1419 145 1421
f 1419 1421 1422
f 1422 1421 1423
f 1422 1423 1424
f 1422 1217 1420
f 1424 1423 1425
f 1424 1425 1426
f 1424 1220 1218
f 1426 1425 1427
f 1426 1427 1428
f 1426 1429 1220
f 1429 1428 1430
f 1429 1431 1221
f 1431 1430 1432
f 1431 1433 1225
f 1433 1432 1434
f 1433 1435 1225
f 1435 1434 1436
f 1435 1437 1227
f 1437 1436 1438
f 1437 1439 1230
f 1439 1438 1440
f 1439 1441 1442
f 1443 1444 1231
f 1443 1441 1445
f 1443 1446 1444
f 1447 1448 1234
f 1447 1446 1449
f 1447 1450 1448
f 1451 1240 1237
f 1451 1450 1452
f 1451 1453 1240
f 1453 1452 1454
f 1453 1455 1242
f 1455 1454 1456
f 1455 1457 1245
f 1457 1456 1458
f 1457 1459 1246
f 1460 1249 1247
f 1460 1459 1461
f 1460 7 1249
f 1459 1458 1462
f 1462 1458 1463
f 1462 1463 1464
f 1462 1465 1461
f 1465 1464 1466
f 1465 1467 6
f 1467 1466 1468
f 1467 1469 1470
f 1471 1472 4
f 1471 1469 1473
f 1471 1474 1472
f 1475 1476 1477
f 1475 1474 1478
f 1475 1479 1476
f 1480 1479 1481
f 1480 1482 1483
f 1480 1483 1484
f 1484 1485 1476
f 1484 1483 1486
f 1484 1486 1485
f 1487 1488 1489
f 1487 1486 1490
f 1487 1491 1488
f 1492 1493 1494
f 1492 1491 1495
f 1492 1496 1493
f 1497 1498 1499
f 1497 1496 1500
f 1497 1501 1498
f 1502 1503 1504
f 1502 1501 1505
f 1502 1506 1503
f 1507 1508 1509
f 1507 1506 1510
f 1507 1511 1508
f 1512 1513 1514
f 1512 1511 1515
f 1512 1516 1513
f 1517 1518 1519
f 1517 1516 1520
f 1517 1521 1518
f 1522 1523 1524
f 1522 1521 1525
f 1522 1526 1523
f 1527 1528 1529
f 1527 1526 1530
f 1527 1531 1528
f 1532 1533 1528
f 1532 1531 1534
f 1532 1534 1535
f 1535 1536 1533
f 1535 1534 1537
f 1535 1537 1538
f 1538 1539 1540
f 1538 1537 1541
f 1538 1541 1539
f 1542 1543 1544
f 1542 1541 1545
f 1542 1546 1543
f 1547 1548 1549
f 1547 1546 1550
f 1547 1551 1548
f 1551 1550 1552
f 1551 1553 1554
f 1553 1552 1555
f 1553 1556 60
f 1556 1555 1557
f 1556 1558 61
f 1559 1560 65
f 1559 1558 1345
f 1559 1345 1560
f 1560 1561 1562
f 1560 1344 1561
f 1558 1557 1347
f 1557 1555 1563
f 1557 1563 1349
f 1563 1564 1565
f 1563 1565 1351
f 1565 1566 1567
f 1565 1567 1353
f 1567 1568 1569
f 1567 1569 1357
f 1569 1570 1571
f 1569 1572 1573
f 1573 1572 1574
f 1573 1574 1575
f 1573 1360 1357
f 1575 1574 1576
f 1575 1576 1363
f 1575 1363 1360
f 1577 1576 1578
f 1577 1579 1367
f 1577 1367 1364
f 1580 1579 1581
f 1580 1582 1583
f 1580 1584 1368
f 1583 1582 1585
f 1583 1585 1586
f 1583 1587 1584
f 1587 1586 51
f 1587 46 1371
f 1586 1588 1589
f 1586 1585 1588
f 1590 1591 1592
f 1590 1585 1593
f 1590 1594 1591
f 1595 1596 1597
f 1595 1594 1598
f 1595 1599 1596
f 1600 1601 1602
f 1600 1599 1603
f 1600 1604 1601
f 1605 1606 1607
f 1605 1604 1608
f 1605 1609 1606
f 1610 1611 1612
f 1610 1609 1613
f 1610 1614 1611
f 1615 1616 1617
f 1615 1614 1618
f 1615 1619 1616
f 1620 1621 1622
f 1620 1619 1623
f 1620 1624 1621
f 1625 1626 1627
f 1625 1624 1628
f 1625 1629 1626
f 1630 1631 1632
f 1630 1629 1633
f 1630 1634 1631
f 1635 1636 1637
f 1635 1634 1638
f 1635 1639 1636
f 1640 1468 1466
f 1640 1639 1641
f 1640 1642 1468
f 1643 1473 1469
f 1643 1642 1644
f 1643 1645 1473
f 1646 1478 1474
f 1646 1645 1647
f 1646 1648 1649
f 1649 1481 1479
f 1649 1648 1650
f 1649 1650 1481
f 1651 1652 1482
f 1651 1650 1653
f 1651 1654 1652
f 1655 1654 1656
f 1655 1657 1658
f 1655 1658 1659
f 1659 1660 1652
f 1659 1658 1661
f 1659 1661 1662
f 1662 1663 1660
f 1662 1661 1664
f 1662 1665 1663
f 1666 1490 1486
f 1666 1665 1667
f 1666 1668 1490
f 1669 1495 1491
f 1669 1668 1670
f 1669 1671 1495
f 1672 1500 1496
f 1672 1671 1673
f 1672 1674 1500
f 1675 1505 1501
f 1675 1674 1676
f 1675 1677 1505
f 1678 1510 1506
f 1678 1677 1679
f 1678 1680 1510
f 1681 1515 1511
f 1681 1680 1682
f 1681 1683 1515
f 1684 1520 1516
f 1684 1683 1685
f 1684 1686 1520
f 1687 1525 1521
f 1687 1686 1688
f 1687 1688 1525
f 1689 1530 1526
f 1689 1688 1690
f 1689 1690 1691
f 1691 1692 1531
f 1691 1690 1693
f 1691 1693 1692
f 1694 1695 1692
f 1694 1693 1696
f 1694 1696 1697
f 1697 1698 1695
f 1697 1696 1699
f 1697 1699 1700
f 1700 1545 1541
f 1700 1699 1701
f 1700 1701 1545
f 1702 1550 1546
f 1702 1701 1703
f 1702 1704 1550
f 1704 1703 1566
f 1704 1564 1552
f 1703 1701 1705
f 1703 1706 1568
f 1706 1705 1707
f 1706 1708 1568
f 1708 1707 1709
f 1708 1710 1570
f 1710 1709 1711
f 1710 1712 1571
f 1713 1712 1714
f 1713 1715 1716
f 1713 1716 1572
f 1717 1715 1718
f 1717 1719 1720
f 1717 1720 1716
f 1721 1719 1722
f 1721 1723 1578
f 1721 1578 1576
f 1724 1725 1581
f 1724 1581 1579
f 1724 1723 1726
f 1726 1727 1725
f 1726 1723 1728
f 1726 1728 1729
f 1729 1730 1731
f 1729 1728 1732
f 1729 1732 1733
f 1733 1734 1730
f 1733 1732 1735
f 1733 1735 1736
f 1736 1737 1734
f 1736 1735 1738
f 1736 1738 1739
f 1739 1740 1741
f 1739 1738 1742
f 1739 1742 1740
f 1743 1744 1745
f 1743 1742 1746
f 1743 1747 1744
f 1748 1749 1750
f 1748 1747 1751
f 1748 1752 1749
f 1753 1754 1755
f 1753 1752 1756
f 1753 1757 1754
f 1758 1759 1760
f 1758 1757 1761
f 1758 1762 1759
f 1763 1764 1765
f 1763 1762 1766
f 1763 1767 1764
f 1768 1769 1770
f 1768 1767 1771
f 1768 1772 1769
f 1773 1774 1775
f 1773 1772 1776
f 1773 1776 1777
f 1777 1778 1774
f 1777 1776 1779
f 1777 1779 1780
f 1780 1781 1782
f 1780 1779 1783
f 1780 1783 1784
f 1784 1785 1786
f 1784 1783 104
f 1784 104 1785
f 1787 1783 1788
f 1787 1789 1790
f 1787 1790 105
f 1790 1791 1792
f 1790 1792 1793
f 1792 1794 1795
f 1792 1796 1794
f 1797 1798 1799
f 1797 1796 1800
f 1797 1801 1798
f 1802 1803 1804
f 1802 1801 1805
f 1802 1806 1803
f 1807 1808 1803
f 1807 1806 1809
f 1807 1809 1810
f 1810 1811 1808
f 1810 1809 1812
f 1810 1812 1813
f 1813 1814 1815
f 1813 1812 1816
f 1813 1816 1814
f 1817 1818 1819
f 1817 1816 1820
f 1817 1821 1818
f 1822 1823 1824
f 1822 1821 1825
f 1822 1826 1823
f 1827 1828 1829
f 1827 1826 1830
f 1827 1830 1831
f 1831 1832 1833
f 1831 1834 1828
f 1831 1830 1832
f 1835 1836 1837
f 1835 1830 1838
f 1835 1839 1836
f 1840 1841 1842
f 1840 1839 1843
f 1840 1844 1841
f 1845 1846 1847
f 1845 1844 1848
f 1845 1849 1846
f 1850 1851 1852
f 1850 1849 1853
f 1850 1854 1851
f 1855 1856 1851
f 1855 1854 1857
f 1855 1857 1858
f 1858 1859 1856
f 1858 1857 1860
f 1858 1860 1861
f 1861 1862 1859
f 1861 1860 1863
f 1861 1863 1864
f 1864 1865 1862
f 1864 1863 1866
f 1864 1866 1867
f 1867 1868 1800
f 1867 1869 1865
f 1867 1866 1868
f 1870 1871 1805
f 1870 1866 1872
f 1870 1873 1871
f 1874 1875 1876
f 1874 1873 1877
f 1874 1878 1875
f 1879 1880 1875
f 1879 1878 128
f 1879 128 131
f 1880 1881 1882
f 1880 131 1881
f 1883 1820 1816
f 1883 131 130
f 1883 1884 1820
f 1885 1825 1820
f 1885 1884 1886
f 1885 1886 1887
f 1887 1843 1839
f 1887 1838 1825
f 1887 1886 1843
f 1888 1848 1844
f 1888 1886 1889
f 1888 1890 1848
f 1891 1853 1849
f 1891 1890 1892
f 1891 1893 1853
f 1893 1892 1894
f 1893 1895 151
f 1895 1894 1896
f 1895 1897 152
f 1897 1896 1877
f 1897 1898 153
f 1898 1877 1873
f 1898 1872 1899
f 1896 1894 132
f 1896 129 1878
f 1894 1892 133
f 1892 1890 133
f 1889 1884 130
f 1875 1882 1876
f 1871 1876 1805
f 1900 1789 1901
f 1900 1901 1902
f 1900 1869 1791
f 1901 1788 1903
f 1901 1903 1904
f 1904 1903 1905
f 1904 1905 1906
f 1904 1907 1902
f 1906 1905 1771
f 1906 1771 1908
f 1906 1909 1907
f 1908 1771 1767
f 1908 1766 1910
f 1908 1910 1909
f 1911 1766 1762
f 1911 1761 1852
f 1911 1852 1851
f 1912 1761 1757
f 1912 1756 1847
f 1912 1847 1846
f 1913 1756 1752
f 1913 1751 1842
f 1913 1842 1841
f 1914 1751 1747
f 1914 1746 1837
f 1914 1837 1836
f 1915 1746 1916
f 1915 1916 1917
f 1915 1833 1832
f 1917 1916 1918
f 1917 1918 12
f 1917 1919 1834
f 1869 1800 1796
f 1868 1805 1801
f 1899 1860 149
f 1854 1853 151
f 1920 10 1921
f 1920 1922 1828
f 1920 1834 1919
f 1922 1921 1923
f 1922 1923 1829
f 1924 1923 1925
f 1924 1925 1824
f 1924 1824 1823
f 1926 1925 1927
f 1926 1927 1819
f 1926 1819 1818
f 1928 1927 1929
f 1928 1929 1930
f 1928 1815 1814
f 1930 1929 1931
f 1930 1932 1933
f 1930 1933 1811
f 1934 1932 1935
f 1934 1936 1937
f 1934 1937 1933
f 1938 1936 1939
f 1938 1940 1804
f 1938 1804 1803
f 1941 1940 1942
f 1941 1943 1799
f 1941 1799 1798
f 1944 1943 1945
f 1944 1946 1795
f 1944 1795 1794
f 1947 1946 1948
f 1947 1949 106
f 1947 106 1793
f 1949 1948 76
f 1949 1950 107
f 1951 1950 1952
f 1951 1953 1785
f 1951 1785 103
f 1953 1952 1954
f 1953 1657 1786
f 1952 75 1955
f 1952 1950 75
f 1948 1956 73
f 1948 1946 1956
f 1956 1957 1958
f 1956 1945 1957
f 1959 1960 1961
f 1959 1945 1943
f 1959 1942 1960
f 1962 1963 1964
f 1962 1942 1940
f 1962 1939 1963
f 1965 1966 1967
f 1965 1939 1936
f 1965 1935 1966
f 1968 1969 1970
f 1968 1935 1932
f 1968 1931 1969
f 1971 1972 1973
f 1971 1931 1974
f 1971 1974 1975
f 1975 1976 1972
f 1975 1974 1977
f 1975 1977 1978
f 1978 1979 1976
f 1978 1977 1980
f 1978 1980 1981
f 1981 1982 1979
f 1981 1980 1983
f 1981 1983 1984
f 1984 1985 1982
f 1984 1983 9
f 1984 9 1986
f 1987 1988 1989
f 1987 1989 1990
f 1987 1985 1991
f 1991 1992 1988
f 1991 1985 1993
f 1991 1993 1994
f 1994 1995 1992
f 1994 1993 1996
f 1994 1996 1711
f 1996 1997 1714
f 1996 1714 1712
f 1998 1997 11
f 1998 14 1718
f 1998 1718 1715
f 1999 14 13
f 1999 2000 1722
f 1999 1722 1719
f 1997 1993 1986
f 2001 2002 2003
f 2001 2003 2004
f 2001 1995 2005
f 2005 2006 2002
f 2005 1995 1709
f 2005 1709 1707
f 2004 2003 2007
f 2004 2007 2008
f 1989 2008 2009
f 1989 2009 2010
f 2010 2009 2011
f 2010 2011 2012
f 2010 2013 1990
f 2012 2011 1682
f 2012 2014 2015
f 2012 2016 2013
f 2015 2014 1679
f 2015 2017 1973
f 2015 1973 2016
f 2018 2017 1676
f 2018 2019 1970
f 2018 1970 1969
f 2020 2019 1673
f 2020 2021 1967
f 2020 1967 1966
f 2022 2021 1670
f 2022 2023 1964
f 2022 1964 1963
f 2024 2023 1667
f 2024 2025 1961
f 2024 1961 1960
f 2026 2025 1664
f 2026 2027 1958
f 2026 1958 1957
f 2027 1664 1661
f 2027 2028 1955
f 2025 1667 1665
f 2023 1670 1668
f 2021 1673 1671
f 2019 1676 1674
f 2017 1679 1677
f 2014 1682 1680
f 2011 1685 1683
f 2009 2029 1685
f 2008 2007 2029
f 1786 1656 1781
f 1782 1656 1654
f 1782 1653 1778
f 2030 1653 2031
f 2030 2031 1775
f 1775 2031 1647
f 1775 1647 1769
f 1770 1647 1645
f 1770 1644 1764
f 1765 1644 1642
f 1765 1641 1759
f 1760 1641 1639
f 1760 1638 1754
f 1755 1638 1634
f 1755 1633 1749
f 1750 1633 1629
f 1750 1628 1744
f 1745 1628 1624
f 1745 1623 1740
f 1741 1623 1619
f 1741 1618 1737
f 1918 1735 2032
f 2033 1618 1614
f 2033 1613 1734
f 2034 1613 1609
f 2034 1608 1730
f 1732 2000 2032
f 1731 1608 1604
f 1731 1603 1727
f 2035 1603 1599
f 2035 1598 2036
f 2036 1598 1593
f 2036 1593 1581
f 1707 1705 2006
f 2028 1658 1954
f 1637 1464 1463
f 1637 2037 1631
f 1637 1636 1464
f 2037 1463 2038
f 2037 2039 1632
f 2040 2039 2041
f 2040 2042 1627
f 2040 1627 1626
f 2043 2042 2044
f 2043 2045 1622
f 2043 1622 1621
f 2046 2045 2047
f 2046 2048 1617
f 2046 1617 1616
f 2049 2048 2050
f 2049 2051 1612
f 2049 1612 1611
f 2052 2051 2053
f 2052 2054 1607
f 2052 1607 1606
f 2055 2054 2056
f 2055 2057 1602
f 2055 1602 1601
f 2058 2057 2059
f 2058 2060 1597
f 2058 1597 1596
f 2061 2060 2062
f 2061 2063 1592
f 2061 1592 1591
f 2064 2063 2065
f 2064 2066 1589
f 2064 1589 1588
f 2066 2065 2067
f 2066 2068 50
f 2068 2067 2069
f 2068 2070 2071
f 2072 2070 2073
f 2072 2074 2075
f 2072 2076 48
f 2076 2075 2077
f 2076 2077 49
f 2077 2078 2079
f 2077 2079 49
f 2080 2081 47
f 2080 2079 2082
f 2080 2083 2081
f 2082 2079 2084
f 2082 2084 2085
f 2082 2086 2083
f 2086 2085 2087
f 2086 2088 1386
f 2088 2087 2089
f 2088 2090 1387
f 2089 2087 2091
f 2089 2092 2093
f 2089 2094 2090
f 2093 2092 2095
f 2093 2095 2096
f 2093 1401 2094
f 2095 2097 2098
f 2095 2098 2099
f 2099 2098 2100
f 2099 2100 2101
f 2099 2102 2096
f 2101 2100 2103
f 2101 2103 2104
f 2101 2105 2102
f 2104 2103 2106
f 2104 2106 2107
f 2104 2108 2105
f 2107 2106 2109
f 2107 2109 2110
f 2107 2111 2108
f 2111 2110 2112
f 2111 2113 1410
f 2113 2112 2114
f 2113 2114 1413
f 2114 2115 2116
f 2114 2116 1416
f 2116 2117 142
f 2116 142 147
f 2117 2115 2118
f 2117 2119 143
f 2120 2119 2121
f 2120 2122 2123
f 2120 2123 144
f 2123 2124 2125
f 2123 2125 145
f 2126 2124 2127
f 2126 2128 2129
f 2126 2129 1421
f 2130 2128 2131
f 2130 2131 2132
f 2130 2133 2129
f 2132 2131 2134
f 2132 2134 2135
f 2132 2136 2133
f 2135 2134 2137
f 2135 2137 2138
f 2135 2139 2136
f 2139 2138 2140
f 2139 2141 1427
f 2141 2140 2142
f 2141 2143 1428
f 2143 2142 2144
f 2143 2145 1430
f 2145 2144 2146
f 2145 2147 1432
f 2147 2146 2148
f 2147 2149 1434
f 2149 2148 2150
f 2149 2151 1436
f 2151 2150 2152
f 2151 2153 1438
f 2153 2152 2154
f 2153 2155 1440
f 2156 1445 1441
f 2156 2155 2157
f 2156 2158 1445
f 2159 1449 1446
f 2159 2158 2160
f 2159 2161 1449
f 2162 1452 1450
f 2162 2161 2163
f 2162 2164 1452
f 2164 2163 2041
f 2164 2165 1454
f 2165 2041 2039
f 2165 2038 1456
f 2163 2161 2044
f 2163 2044 2042
f 2160 2158 2047
f 2160 2047 2045
f 2157 2155 2050
f 2157 2050 2048
f 2154 2152 2053
f 2154 2053 2051
f 2166 2152 2150
f 2166 2167 2056
f 2166 2056 2054
f 2168 2167 2169
f 2168 2170 2059
f 2168 2059 2057
f 2171 2170 2172
f 2171 2173 2062
f 2171 2062 2060
f 2174 2173 2175
f 2174 2176 2065
f 2174 2065 2063
f 2176 2175 2177
f 2176 2178 2067
f 2178 2177 2179
f 2178 2180 2069
f 2181 2180 2182
f 2181 2183 2073
f 2181 2073 2070
f 2184 2183 2185
f 2184 2186 2187
f 2184 2188 2074
f 2188 2187 2189
f 2188 2190 2075
f 2190 2189 2191
f 2190 2191 2078
f 2191 2192 2193
f 2191 2193 2194
f 2193 2195 2196
f 2193 2196 2084
f 2196 2197 2198
f 2196 2198 2084
f 2198 2199 2091
f 2198 2091 2087
f 2200 2199 2201
f 2200 2202 2097
f 2200 2097 2092
f 2202 2201 2203
f 2202 2204 2205
f 2206 2204 2207
f 2206 2208 2209
f 2206 2209 2205
f 2208 2207 2210
f 2208 2211 92
f 2211 2210 2212
f 2211 2213 93
f 2213 2212 2214
f 2213 2215 94
f 2215 2214 2216
f 2215 2217 2218
f 2217 2216 2219
f 2217 2220 2109
f 2220 2219 2221
f 2220 2221 2112
f 2221 2222 2118
f 2221 2118 2115
f 2223 2222 2224
f 2223 2225 2121
f 2223 2121 2119
f 2226 2225 2227
f 2226 2228 2229
f 2226 2229 2122
f 2229 2230 2127
f 2229 2127 2124
f 2231 2230 2232
f 2231 2232 2233
f 2231 2234 2127
f 2233 2232 2235
f 2233 2235 2236
f 2233 2237 2234
f 2236 2235 2238
f 2236 2238 2239
f 2236 2240 2237
f 2239 2238 2241
f 2239 2241 2242
f 2239 2243 2240
f 2243 2242 2244
f 2243 2245 2137
f 2245 2244 2246
f 2245 2247 2138
f 2247 2246 2248
f 2247 2249 2140
f 2249 2248 2250
f 2249 2251 2142
f 2251 2250 2172
f 2251 2252 2144
f 2252 2172 2170
f 2252 2169 2146
f 2250 2248 2175
f 2250 2175 2173
f 2248 2246 2177
f 2246 2244 2179
f 2253 2244 2242
f 2253 2254 2182
f 2253 2182 2180
f 2255 2254 2256
f 2255 2257 2185
f 2255 2185 2183
f 2258 2257 2259
f 2258 2260 2261
f 2258 2261 2186
f 2261 2262 2263
f 2261 2264 2186
f 2264 2263 2265
f 2264 2266 2187
f 2266 2265 2267
f 2266 2267 2192
f 2267 2268 2269
f 2267 2269 2195
f 2269 2270 2271
f 2269 2271 2197
f 2271 2272 2201
f 2271 2201 2199
f 2272 2270 2273
f 2272 2274 2203
f 2275 2207 2204
f 2275 2274 2276
f 2275 2277 2207
f 2277 2276 2278
f 2277 2279 2210
f 2279 2278 2280
f 2279 2281 2212
f 2281 2280 2282
f 2281 2282 2214
f 2282 2283 2284
f 2282 2284 2219
f 2284 2285 2224
f 2284 2224 2222
f 2286 2285 2287
f 2286 2288 2227
f 2286 2227 2225
f 2289 2288 2290
f 2289 2290 111
f 2289 2291 2227
f 2291 111 110
f 2291 2292 2228
f 2290 2293 2294
f 2290 2294 112
f 2294 2295 2296
f 2294 2297 112
f 2297 2296 2298
f 2297 2299 113
f 2300 2301 109
f 2300 2299 2302
f 2300 2303 2301
f 2302 2299 2259
f 2302 2259 2257
f 2302 2256 2303
f 2298 2296 2304
f 2298 2304 2260
f 2304 2305 2306
f 2304 2307 2262
f 2307 2306 116
f 2307 2308 2262
f 2308 116 115
f 2308 2309 2263
f 2309 115 118
f 2309 2310 2265
f 2310 2273 2270
f 2310 118 2311
f 2311 2276 2274
f 2311 118 2312
f 2311 2312 2278
f 2312 117 2313
f 2312 2313 2280
f 2313 120 2314
f 2313 2314 2283
f 2314 2315 2287
f 2314 2287 2285
f 2316 2315 2317
f 2316 2317 2295
f 2316 2293 2287
f 2317 2318 2305
f 2317 2305 2296
f 2318 2315 120
f 2318 119 2306
f 2256 2254 2241
f 2301 2235 2319
f 2232 2292 2319
f 2169 2167 2148
f 2218 2106 95
f 2100 2209 91
f 1549 2320 2321
f 1549 2322 1543
f 1549 1548 2320
f 2323 2324 2325
f 2323 1548 1554
f 2323 59 2324
f 2325 2326 2327
f 2325 2328 2320
f 2325 2324 2326
f 2329 2330 2331
f 2329 2324 2332
f 2329 2332 2333
f 2333 2334 2330
f 2333 2332 2335
f 2333 2335 2336
f 2335 2337 2336
f 2335 2338 2339
f 2339 2340 2337
f 2339 2338 2341
f 2339 2341 2342
f 2342 2343 2340
f 2342 2341 2344
f 2342 2344 2343
f 2345 2346 2343
f 2345 2344 2347
f 2345 1337 1335
f 2344 64 1562
f 2338 2332 63
f 2348 2349 2350
f 2348 2350 2331
f 2348 2334 1311
f 2334 2336 1312
f 2331 2350 1297
f 2331 1297 2326
f 2328 2327 1293
f 2328 2351 2321
f 2352 2351 1290
f 2352 2353 2354
f 2352 2354 2322
f 2354 2355 2356
f 2354 2356 1544
f 2356 2357 1540
f 2356 1540 1539
f 2358 2357 2359
f 2358 2360 2361
f 2358 2361 1536
f 2362 2360 2363
f 2362 2364 2365
f 2362 2365 2361
f 2366 2364 2367
f 2366 2368 1529
f 2366 1529 1528
f 2369 2368 2370
f 2369 2371 1524
f 2369 1524 1523
f 2372 2371 2373
f 2372 2374 1519
f 2372 1519 1518
f 2375 2374 2376
f 2375 2377 1514
f 2375 1514 1513
f 2378 2377 2379
f 2378 2380 1509
f 2378 1509 1508
f 2381 2380 2382
f 2381 2383 1504
f 2381 1504 1503
f 2384 2383 2385
f 2384 2386 1499
f 2384 1499 1498
f 2387 2386 2388
f 2387 2389 1494
f 2387 1494 1493
f 2390 2389 2391
f 2390 2 1489
f 2390 1489 1488
f 2389 2388 2392
f 2392 2393 1255
f 2392 2394 2391
f 2392 2388 2393
f 2395 2396 1258
f 2395 2388 2386
f 2395 2385 2396
f 2397 1263 1261
f 2397 2385 2383
f 2397 2382 1263
f 2398 1266 1264
f 2398 2382 2380
f 2398 2379 1266
f 2399 1269 1267
f 2399 2379 2377
f 2399 2376 1269
f 2400 1272 1270
f 2400 2376 2374
f 2400 2373 1272
f 2401 1275 1273
f 2401 2373 2371
f 2401 2370 1275
f 2402 1278 1276
f 2402 2370 2368
f 2402 2367 1278
f 2403 1281 1279
f 2403 2367 2364
f 2403 2363 1281
f 2404 1284 1282
f 2404 2363 2360
f 2404 2359 1284
f 2405 1287 1285
f 2405 2359 2357
f 2405 2355 1287
f 2396 1261 1259
f 2394 1255 1253
f 2394 1252 3
f 2393 1258 1256
f 2353 1290 1288
f 2351 1293 1291
f 2327 1297 1294
f 1489 2406 1485
f 1477 2406 1472
f 2081 1380 2407
f 1376 1374 2407
f 1374 1372 45
f 1561 1339 2347
f 1335 1333 2346
f 2408 1126 2409
f 2408 2409 2410
f 2408 1129 1127
f 2409 2411 2412
f 2409 2412 2413
f 2413 2412 2414
f 2413 2414 2415
f 2413 2416 2410
f 2415 2414 2417
f 2415 2417 2418
f 2415 2419 2416
f 2418 2417 2420
f 2418 2420 2421
f 2418 2422 2419
f 2421 2420 2423
f 2421 2423 2424
f 2421 2425 2422
f 2424 2423 2426
f 2424 2426 2427
f 2424 2428 2425
f 2427 2426 2429
f 2427 2429 2430
f 2427 2431 2428
f 2430 2429 2432
f 2430 2432 86
f 2430 89 2431
f 2432 2433 1084
f 2432 1084 86
f 2433 2434 1086
f 2433 2429 2435
f 2436 1089 1087
f 2436 2434 2437
f 2436 2438 1089
f 2439 1093 1090
f 2439 2438 2440
f 2439 2441 1093
f 2442 1097 1094
f 2442 2441 2443
f 2442 2444 1097
f 2444 2443 2445
f 2444 2446 1101
f 2446 2445 2447
f 2446 2447 1104
f 2447 2448 2449
f 2447 2449 2450
f 2449 2451 2452
f 2449 2452 2453
f 2453 2454 2450
f 2453 2452 2455
f 2453 2455 1116
f 2455 2456 1119
f 2455 1119 1117
f 2457 2456 2458
f 2457 2459 1123
f 2457 1123 1120
f 2458 2456 2460
f 2458 2460 2461
f 2458 2462 2459
f 2461 2460 2463
f 2461 2463 2464
f 2461 2465 2462
f 2464 2463 2466
f 2464 2466 2467
f 2464 2468 2465
f 2467 2466 124
f 2467 124 2469
f 2467 2470 2468
f 2466 2471 2472
f 2472 2445 2443
f 2472 2473 125
f 2472 2471 2445
f 2473 2443 2441
f 2473 2440 122
f 2471 2463 2451
f 2440 2438 123
f 2437 2434 2474
f 2437 2474 126
f 2474 2435 2475
f 2474 2475 2469
f 2475 2423 2470
f 2411 1126 1124
f 1311 1308 2349
f 1252 1250 5
f 1116 1114 2454
f 2476 748 42
f 2476 42 41
f 2476 1012 749
f 891 889 860
f 888 863 861
f 888 886 863
f 884 866 864
f 882 801 800
f 880 806 805
f 877 20 19
f 811 810 879
f 781 53 777
f 746 744 37
f 744 742 987
f 599 597 711
f 589 588 35
f 399 397 494
f 395 315 135
f 395 320 317
f 354 353 2477
f 353 427 26
f 313 312 139
f 182 180 79
f 2 2391 3
f 4 2406 2
f 1 5 7
f 6 1470 4
f 7 1461 6
f 9 1921 10
f 11 1986 9
f 10 1919 12
f 12 2032 13
f 8 14 11
f 16 879 17
f 15 18 19
f 15 20 16
f 21 23 27
f 24 431 22
f 25 2477 26
f 27 453 25
f 21 28 24
f 30 711 31
f 31 594 32
f 29 34 30
f 35 697 33
f 32 592 35
f 37 987 38
f 38 990 39
f 36 40 43
f 36 42 37
f 43 1005 41
f 44 46 51
f 47 2407 45
f 44 49 47
f 50 2071 48
f 51 1589 50
f 52 54 55
f 55 655 56
f 52 57 773
f 59 1554 60
f 58 61 65
f 58 63 59
f 64 2341 62
f 65 1562 64
f 67 852 68
f 66 70 67
f 66 71 69
f 73 1958 74
f 74 1955 75
f 72 76 73
f 77 79 82
f 77 81 78
f 82 219 80
f 83 85 88
f 83 87 84
f 83 89 86
f 90 92 93
f 90 94 95
f 95 2103 91
f 97 254 98
f 96 99 100
f 96 101 97
f 102 104 105
f 105 1793 106
f 102 107 103
f 109 2319 110
f 108 111 112
f 108 113 109
f 114 116 119
f 114 118 115
f 114 120 117
f 121 123 126
f 121 125 122
f 126 2469 124
f 127 129 132
f 127 131 128
f 127 133 130
f 134 136 139
f 134 138 135
f 134 140 137
f 141 143 144
f 141 145 146
f 141 147 142
f 149 1857 150
f 148 151 152
f 148 153 149
f 154 156 157
f 154 158 159
f 159 160 155
f 160 161 162
f 162 187 163
f 160 164 155
f 163 193 165
f 164 166 167
f 167 156 155
f 167 168 169
f 169 170 156
f 169 206 171
f 170 172 173
f 173 157 156
f 173 174 175
f 175 158 157
f 175 176 177
f 177 178 158
f 178 179 180
f 180 181 161
f 178 159 158
f 181 182 183
f 183 185 184
f 181 162 161
f 185 188 186
f 184 187 162
f 188 236 189
f 186 190 187
f 189 242 191
f 190 192 193
f 193 163 187
f 191 247 194
f 192 195 196
f 196 165 193
f 196 197 198
f 198 166 165
f 198 199 200
f 200 168 166
f 200 201 202
f 202 203 168
f 202 264 204
f 203 205 206
f 203 169 168
f 204 267 207
f 205 208 209
f 205 171 206
f 209 210 211
f 211 172 171
f 211 212 213
f 213 174 172
f 213 214 215
f 215 176 174
f 215 216 217
f 217 218 176
f 218 177 176
f 218 219 82
f 82 79 179
f 217 220 219
f 216 280 221
f 220 222 223
f 223 80 219
f 223 224 225
f 223 81 80
f 224 289 226
f 225 227 81
f 226 295 228
f 227 229 230
f 230 78 81
f 230 183 182
f 182 79 78
f 228 232 231
f 229 185 183
f 232 234 233
f 231 188 185
f 234 237 235
f 233 236 188
f 237 304 238
f 235 239 236
f 239 240 241
f 241 243 242
f 242 189 236
f 243 244 245
f 243 246 247
f 247 191 242
f 246 248 249
f 246 250 251
f 251 194 247
f 251 99 252
f 252 195 194
f 252 98 253
f 253 197 195
f 253 254 255
f 255 199 197
f 255 256 257
f 257 201 199
f 257 258 259
f 259 260 201
f 260 261 262
f 260 263 264
f 260 202 201
f 262 336 265
f 263 266 267
f 267 204 264
f 265 339 268
f 266 269 270
f 270 207 267
f 270 271 272
f 272 208 207
f 272 273 274
f 274 210 208
f 274 275 276
f 276 212 210
f 276 277 278
f 278 214 212
f 278 279 280
f 280 216 214
f 277 352 281
f 279 282 283
f 283 221 280
f 283 284 285
f 285 222 221
f 285 286 287
f 287 224 222
f 286 290 288
f 287 289 224
f 290 365 291
f 288 292 289
f 291 371 293
f 292 294 295
f 295 226 289
f 293 297 296
f 294 234 232
f 232 228 295
f 296 298 299
f 296 237 234
f 299 300 301
f 301 304 237
f 301 302 303
f 303 305 304
f 305 306 307
f 307 308 240
f 305 238 304
f 308 309 310
f 310 311 244
f 308 241 240
f 311 312 313
f 313 314 248
f 311 245 244
f 314 136 315
f 315 317 316
f 314 249 248
f 317 319 318
f 318 250 249
f 319 101 100
f 100 99 250
f 319 320 321
f 321 322 101
f 322 323 324
f 324 326 325
f 322 97 101
f 326 258 256
f 325 254 97
f 326 327 328
f 328 329 258
f 329 330 331
f 331 332 261
f 329 259 258
f 332 333 334
f 332 335 336
f 332 262 261
f 334 410 337
f 335 338 339
f 339 265 336
f 337 415 340
f 338 341 342
f 342 268 339
f 342 343 344
f 344 269 268
f 344 345 346
f 346 271 269
f 346 347 348
f 348 273 271
f 348 349 350
f 350 275 273
f 350 351 352
f 352 277 275
f 349 427 353
f 351 354 355
f 355 281 352
f 355 356 357
f 357 282 281
f 357 358 359
f 359 284 282
f 358 361 360
f 359 286 284
f 361 363 362
f 360 290 286
f 363 366 364
f 362 365 290
f 366 466 367
f 364 368 365
f 367 473 369
f 368 370 371
f 371 291 365
f 370 372 373
f 373 298 297
f 297 293 371
f 373 374 375
f 375 300 298
f 375 376 377
f 377 302 300
f 377 378 379
f 379 380 302
f 380 381 382
f 382 383 306
f 380 303 302
f 383 384 385
f 385 386 309
f 383 307 306
f 386 387 140
f 140 139 312
f 386 310 309
f 387 384 388
f 388 390 389
f 387 137 140
f 390 392 391
f 389 138 137
f 392 494 393
f 391 394 138
f 395 135 138
f 393 397 396
f 394 320 395
f 397 398 323
f 396 321 320
f 398 399 400
f 400 401 327
f 398 324 323
f 401 402 403
f 403 404 330
f 401 328 327
f 404 405 406
f 406 407 333
f 404 331 330
f 407 408 409
f 409 411 410
f 407 334 333
f 411 412 413
f 411 414 415
f 415 337 410
f 413 510 416
f 414 417 418
f 418 340 415
f 418 419 420
f 420 341 340
f 420 421 422
f 422 343 341
f 422 423 424
f 424 345 343
f 424 425 426
f 426 347 345
f 426 28 427
f 427 349 347
f 423 429 428
f 425 24 28
f 429 432 430
f 428 431 24
f 432 523 433
f 430 434 431
f 433 529 435
f 434 436 437
f 437 22 431
f 437 438 439
f 439 23 22
f 439 440 441
f 441 442 23
f 442 27 23
f 442 444 445
f 445 446 443
f 446 447 448
f 448 551 449
f 446 450 443
f 449 558 451
f 450 452 453
f 453 27 443
f 451 562 454
f 452 455 456
f 456 25 453
f 456 457 458
f 458 2477 25
f 458 358 356
f 458 354 2477
f 455 460 459
f 457 361 358
f 460 462 461
f 459 363 361
f 462 464 463
f 461 366 363
f 464 467 465
f 463 466 366
f 465 468 469
f 469 470 466
f 470 471 472
f 472 474 473
f 470 367 466
f 474 475 476
f 476 374 372
f 474 369 473
f 476 477 478
f 478 376 374
f 478 479 480
f 480 378 376
f 480 481 482
f 482 483 378
f 483 484 485
f 485 486 381
f 483 379 378
f 485 488 487
f 486 388 384
f 486 382 381
f 488 490 489
f 487 390 388
f 490 492 491
f 489 392 390
f 492 495 493
f 491 494 392
f 495 497 496
f 493 399 494
f 497 498 402
f 496 400 399
f 498 499 500
f 500 501 405
f 498 403 402
f 501 502 503
f 503 504 408
f 501 406 405
f 504 505 506
f 506 507 412
f 504 409 408
f 507 508 509
f 509 511 510
f 507 413 412
f 511 512 513
f 511 514 515
f 515 416 510
f 515 516 517
f 517 417 416
f 517 518 519
f 519 419 417
f 519 520 521
f 521 421 419
f 521 432 429
f 429 423 421
f 518 524 522
f 520 523 432
f 524 616 525
f 522 526 523
f 525 621 527
f 526 528 529
f 529 433 523
f 527 624 530
f 528 531 532
f 532 435 529
f 532 533 534
f 534 436 435
f 534 535 536
f 536 438 436
f 536 537 538
f 538 440 438
f 538 539 540
f 540 541 440
f 541 441 440
f 541 542 543
f 543 544 444
f 544 445 444
f 543 644 545
f 544 546 447
f 545 648 547
f 546 548 549
f 546 448 447
f 548 552 550
f 549 551 448
f 552 664 553
f 550 554 551
f 554 555 556
f 554 557 558
f 558 449 551
f 557 559 560
f 557 561 562
f 562 451 558
f 561 563 564
f 561 565 566
f 566 454 562
f 566 462 460
f 460 455 454
f 564 568 567
f 565 464 462
f 568 570 569
f 567 467 464
f 569 571 572
f 572 468 467
f 572 573 574
f 574 575 468
f 575 576 577
f 577 578 471
f 575 469 468
f 578 579 580
f 580 477 475
f 578 472 471
f 580 581 582
f 582 479 477
f 582 583 584
f 584 481 479
f 584 585 586
f 586 587 481
f 587 588 589
f 589 590 484
f 587 482 481
f 589 592 591
f 590 490 488
f 488 485 484
f 592 32 593
f 591 492 490
f 593 594 595
f 593 495 492
f 594 596 499
f 595 497 495
f 596 31 597
f 597 598 502
f 596 500 499
f 598 599 600
f 600 601 505
f 598 503 502
f 601 602 603
f 603 604 508
f 601 506 505
f 604 605 606
f 606 607 512
f 604 509 508
f 607 608 609
f 609 611 610
f 607 513 512
f 610 612 613
f 613 514 513
f 613 614 615
f 615 516 514
f 615 616 524
f 524 518 516
f 612 729 617
f 614 618 616
f 617 732 619
f 618 620 621
f 621 525 616
f 619 735 622
f 620 623 624
f 624 527 621
f 622 738 625
f 623 626 627
f 627 530 624
f 627 628 629
f 629 531 530
f 629 630 631
f 631 533 531
f 631 632 633
f 633 535 533
f 633 634 635
f 635 537 535
f 635 636 637
f 637 539 537
f 637 638 639
f 639 640 539
f 640 540 539
f 640 641 642
f 642 643 542
f 643 543 542
f 643 645 646
f 646 647 644
f 648 545 644
f 647 649 650
f 647 651 648
f 652 547 648
f 650 769 653
f 651 654 652
f 653 57 56
f 654 655 656
f 656 657 652
f 657 658 659
f 659 552 548
f 657 547 652
f 659 660 661
f 661 664 552
f 661 662 663
f 663 665 664
f 665 666 667
f 667 668 555
f 665 553 664
f 668 669 670
f 670 671 559
f 668 556 555
f 671 672 673
f 673 674 563
f 671 560 559
f 674 675 676
f 676 570 568
f 674 564 563
f 676 677 678
f 678 571 570
f 678 679 680
f 680 573 571
f 680 681 682
f 682 683 573
f 683 684 685
f 685 686 576
f 683 574 573
f 686 687 688
f 688 581 579
f 686 577 576
f 688 689 690
f 690 583 581
f 690 691 692
f 692 585 583
f 692 693 694
f 694 695 585
f 695 696 697
f 697 35 588
f 695 586 585
f 694 693 698
f 696 699 700
f 700 33 697
f 700 701 702
f 702 34 33
f 702 703 704
f 704 705 34
f 705 706 707
f 707 709 708
f 705 30 34
f 709 712 710
f 708 711 30
f 712 714 713
f 710 599 711
f 714 715 602
f 713 600 599
f 715 716 717
f 717 718 605
f 715 603 602
f 718 719 720
f 720 721 608
f 718 606 605
f 721 722 723
f 723 725 724
f 721 609 608
f 724 726 727
f 727 611 609
f 727 728 729
f 729 612 611
f 726 974 730
f 728 731 732
f 732 617 729
f 730 977 733
f 731 734 735
f 735 619 732
f 733 980 736
f 734 737 738
f 738 622 735
f 737 739 740
f 740 742 741
f 737 625 738
f 742 744 743
f 741 626 625
f 744 746 745
f 745 628 626
f 746 748 747
f 747 630 628
f 747 749 750
f 750 632 630
f 750 751 752
f 752 634 632
f 752 753 754
f 754 636 634
f 754 755 756
f 756 638 636
f 756 757 758
f 758 759 638
f 759 639 638
f 759 760 761
f 761 762 641
f 762 642 641
f 762 763 764
f 764 765 645
f 765 646 645
f 765 766 767
f 767 768 649
f 768 650 649
f 767 1032 770
f 768 771 769
f 57 653 769
f 770 774 772
f 771 773 57
f 774 1040 775
f 772 776 773
f 777 52 773
f 775 1042 778
f 776 779 777
f 779 781 777
f 779 782 783
f 783 784 780
f 784 786 780
f 784 787 788
f 788 789 785
f 789 791 785
f 789 792 793
f 793 794 790
f 794 796 790
f 794 797 798
f 798 799 795
f 799 801 795
f 799 802 803
f 803 804 800
f 804 806 800
f 804 807 808
f 808 809 805
f 809 811 805
f 809 812 813
f 813 814 810
f 814 17 810
f 814 815 816
f 814 817 18
f 818 19 18
f 816 1070 819
f 817 820 818
f 821 877 818
f 819 1074 822
f 820 823 821
f 824 832 821
f 822 1077 825
f 823 826 824
f 825 1080 827
f 826 828 829
f 829 830 824
f 830 832 824
f 830 833 834
f 834 835 831
f 835 837 831
f 834 1092 838
f 838 839 836
f 839 841 836
f 838 847 842
f 839 843 840
f 843 845 840
f 842 846 70
f 843 69 844
f 846 847 848
f 848 850 849
f 846 67 70
f 850 853 851
f 849 852 67
f 853 1103 854
f 851 855 852
f 856 68 852
f 854 1107 857
f 855 858 856
f 857 1110 859
f 858 860 861
f 861 862 856
f 862 68 856
f 862 863 864
f 864 865 71
f 865 866 867
f 867 845 844
f 865 69 71
f 867 868 869
f 869 870 845
f 870 871 872
f 872 873 841
f 870 840 845
f 873 874 875
f 875 876 837
f 873 836 841
f 876 20 877
f 877 821 832
f 876 831 837
f 875 16 20
f 874 879 16
f 872 871 878
f 878 811 879
f 871 881 880
f 881 806 880
f 881 869 868
f 868 883 882
f 883 866 884
f 884 886 885
f 883 801 882
f 886 887 796
f 885 795 801
f 887 888 889
f 889 890 791
f 887 790 796
f 890 891 892
f 892 893 786
f 890 785 791
f 893 894 895
f 895 53 781
f 893 780 786
f 895 896 897
f 897 54 53
f 897 898 899
f 899 900 54
f 900 901 902
f 902 904 903
f 900 55 54
f 904 906 905
f 903 655 55
f 906 660 658
f 905 656 655
f 906 907 908
f 908 662 660
f 908 909 910
f 910 911 662
f 911 912 913
f 913 914 666
f 911 663 662
f 914 915 916
f 916 917 669
f 914 667 666
f 917 918 919
f 919 920 672
f 917 670 669
f 920 921 922
f 922 677 675
f 920 673 672
f 922 923 924
f 924 679 677
f 924 925 926
f 926 681 679
f 926 927 928
f 928 929 681
f 929 930 931
f 931 932 684
f 929 682 681
f 932 933 934
f 934 689 687
f 932 685 684
f 934 935 936
f 936 691 689
f 936 937 938
f 938 693 691
f 938 939 940
f 940 698 693
f 940 941 942
f 942 699 698
f 942 943 944
f 944 701 699
f 944 945 946
f 946 703 701
f 946 947 948
f 948 949 703
f 949 950 951
f 951 952 706
f 949 704 703
f 951 1169 953
f 952 954 955
f 952 707 706
f 955 956 957
f 955 709 707
f 956 959 958
f 957 712 709
f 959 960 716
f 958 714 712
f 960 961 962
f 962 963 719
f 960 717 716
f 963 964 965
f 965 966 722
f 963 720 719
f 966 967 968
f 968 970 969
f 966 723 722
f 969 971 972
f 969 725 723
f 972 973 974
f 974 726 725
f 971 1188 975
f 973 976 977
f 977 730 974
f 975 1191 978
f 976 979 980
f 980 733 977
f 978 1194 981
f 981 982 739
f 739 736 980
f 982 983 984
f 984 986 985
f 982 740 739
f 986 38 987
f 985 742 740
f 986 988 989
f 986 990 38
f 988 1198 991
f 989 992 990
f 991 1204 993
f 992 994 995
f 995 39 990
f 995 996 997
f 997 40 39
f 996 1213 998
f 998 999 40
f 999 1000 1001
f 1001 1003 1002
f 999 43 40
f 1003 1006 1004
f 1002 1005 43
f 1006 1229 1007
f 1004 1008 1005
f 1009 41 1005
f 1007 1233 1010
f 1008 1011 1009
f 1012 2476 1009
f 1010 1236 1013
f 1011 1014 1012
f 751 749 1012
f 1013 1016 1015
f 1014 753 751
f 1016 1018 1017
f 1015 755 753
f 1018 1020 1019
f 1017 757 755
f 1020 1244 1021
f 1019 1022 757
f 1022 758 757
f 1022 1023 1024
f 1024 1025 760
f 1025 761 760
f 1025 1026 1027
f 1027 1028 763
f 1028 764 763
f 1028 1029 1030
f 1030 1031 766
f 1032 767 766
f 1031 1033 1034
f 1031 1035 1032
f 774 770 1032
f 1035 1036 1037
f 1037 1040 774
f 1037 1038 1039
f 1039 1041 1040
f 1041 775 1040
f 1041 1043 1044
f 1044 1045 1042
f 1045 778 1042
f 1045 1046 1047
f 1047 1048 782
f 1048 783 782
f 1048 1049 1050
f 1050 1051 787
f 1051 788 787
f 1051 1052 1053
f 1053 1054 792
f 1054 793 792
f 1054 1055 1056
f 1056 1057 797
f 1057 798 797
f 1057 1058 1059
f 1059 1060 802
f 1060 803 802
f 1060 1061 1062
f 1062 1063 807
f 1063 808 807
f 1063 1064 1065
f 1065 1066 812
f 1066 813 812
f 1066 1067 1068
f 1068 1069 815
f 1069 816 815
f 1069 1071 1072
f 1072 1073 1070
f 1074 819 1070
f 1072 1296 1075
f 1075 1076 1074
f 1077 822 1074
f 1075 1300 1078
f 1076 1079 1077
f 1080 825 1077
f 1078 1303 1081
f 1079 1082 1080
f 1081 85 84
f 84 87 1083
f 1083 827 1080
f 1083 1084 1085
f 1085 828 827
f 1085 1086 1087
f 1087 1088 828
f 1088 829 828
f 1088 1089 1090
f 1090 1091 833
f 1091 834 833
f 1091 1093 1094
f 1091 1095 1092
f 847 838 1092
f 1094 1097 1096
f 1095 848 847
f 1097 1099 1098
f 1096 850 848
f 1099 1101 1100
f 1098 853 850
f 1101 1104 1102
f 1100 1103 853
f 1104 2450 1105
f 1102 1106 1103
f 1107 854 1103
f 1105 2454 1108
f 1106 1109 1107
f 1110 857 1107
f 1108 1114 1111
f 1109 1112 1110
f 1113 859 1110
f 1111 898 896
f 1112 894 1113
f 1113 892 891
f 891 860 859
f 1114 1115 898
f 1115 1116 1117
f 1117 1118 901
f 1115 899 898
f 1118 1119 1120
f 1120 1122 1121
f 1118 902 901
f 1122 909 907
f 1121 904 902
f 1122 1123 1124
f 1124 1125 909
f 1125 1126 1127
f 1127 1128 912
f 1125 910 909
f 1128 1129 1130
f 1130 1131 915
f 1128 913 912
f 1131 1132 1133
f 1133 1134 918
f 1131 916 915
f 1134 1135 1136
f 1136 923 921
f 1134 919 918
f 1136 1137 1138
f 1138 925 923
f 1138 1139 1140
f 1140 927 925
f 1140 1141 1142
f 1142 1143 927
f 1143 1144 1145
f 1145 1146 930
f 1143 928 927
f 1146 1147 1148
f 1148 935 933
f 1146 931 930
f 1148 1149 1150
f 1150 937 935
f 1150 1151 1152
f 1152 939 937
f 1152 1153 1154
f 1154 941 939
f 1154 1155 1156
f 1156 943 941
f 1156 1157 1158
f 1158 945 943
f 1158 1159 1160
f 1160 947 945
f 1160 1161 1162
f 1162 1163 947
f 1163 1164 1165
f 1163 1166 950
f 1163 948 947
f 1165 1365 1167
f 1166 1168 1169
f 1169 951 950
f 1167 1370 1170
f 1168 1171 1172
f 1172 953 1169
f 1172 1173 1174
f 1174 954 953
f 1174 1175 1176
f 1176 956 954
f 1175 1177 961
f 1176 959 956
f 1175 1379 1178
f 1178 1179 964
f 1177 962 961
f 1178 1382 1180
f 1180 1181 967
f 1179 965 964
f 1180 1385 1182
f 1182 1184 1183
f 1181 968 967
f 1184 1186 1185
f 1183 970 968
f 1185 1187 1188
f 1188 971 970
f 1186 1392 1189
f 1187 1190 1191
f 1191 975 1188
f 1189 1395 1192
f 1190 1193 1194
f 1194 978 1191
f 1192 1398 1195
f 1193 1196 983
f 983 981 1194
f 1195 1199 1197
f 1196 1198 988
f 1196 984 983
f 1199 1400 1200
f 1197 1201 1198
f 1200 1406 1202
f 1201 1203 1204
f 1204 991 1198
f 1202 1409 1205
f 1203 1206 1207
f 1207 993 1204
f 1207 1208 1209
f 1209 994 993
f 1209 1210 1211
f 1211 996 994
f 1210 1214 1212
f 1211 1213 996
f 1214 1420 1215
f 1212 1216 1213
f 1216 1217 1218
f 1218 1219 1000
f 1216 998 1213
f 1219 1220 1221
f 1221 1223 1222
f 1219 1001 1000
f 1223 1225 1224
f 1222 1003 1001
f 1225 1227 1226
f 1224 1006 1003
f 1227 1230 1228
f 1226 1229 1006
f 1230 1442 1231
f 1228 1232 1229
f 1233 1007 1229
f 1231 1444 1234
f 1232 1235 1233
f 1236 1010 1233
f 1234 1448 1237
f 1235 1238 1236
f 1016 1013 1236
f 1237 1240 1239
f 1238 1018 1016
f 1240 1242 1241
f 1239 1020 1018
f 1242 1245 1243
f 1241 1244 1020
f 1243 1246 1247
f 1247 1248 1244
f 1023 1021 1244
f 1248 1249 1250
f 1250 1251 1023
f 1251 1024 1023
f 1251 1252 1253
f 1253 1254 1026
f 1254 1027 1026
f 1254 1255 1256
f 1256 1257 1029
f 1257 1030 1029
f 1257 1258 1259
f 1259 1260 1033
f 1260 1034 1033
f 1260 1261 1262
f 1262 1038 1036
f 1262 1263 1264
f 1264 1265 1038
f 1265 1039 1038
f 1265 1266 1267
f 1267 1268 1043
f 1268 1044 1043
f 1268 1269 1270
f 1270 1271 1046
f 1271 1047 1046
f 1271 1272 1273
f 1273 1274 1049
f 1274 1050 1049
f 1274 1275 1276
f 1276 1277 1052
f 1277 1053 1052
f 1277 1278 1279
f 1279 1280 1055
f 1280 1056 1055
f 1280 1281 1282
f 1282 1283 1058
f 1283 1059 1058
f 1283 1284 1285
f 1285 1286 1061
f 1286 1062 1061
f 1286 1287 1288
f 1288 1289 1064
f 1289 1065 1064
f 1289 1290 1291
f 1291 1292 1067
f 1292 1068 1067
f 1292 1293 1294
f 1294 1295 1071
f 1295 1072 1071
f 1295 1297 1298
f 1295 1299 1296
f 1300 1075 1296
f 1298 2350 1301
f 1299 1302 1300
f 1303 1078 1300
f 1301 2349 1304
f 1302 1305 1303
f 85 1081 1303
f 1304 1308 1306
f 1305 88 85
f 1307 89 88
f 1308 1309 1307
f 1310 2431 1307
f 1309 1311 1312
f 1309 1313 1310
f 1314 2428 1310
f 1312 2336 1315
f 1313 1316 1314
f 1317 2425 1314
f 1315 2337 1318
f 1316 1319 1317
f 1320 2422 1317
f 1318 2340 1321
f 1319 1322 1320
f 1323 2419 1320
f 1321 2343 1324
f 1322 1325 1323
f 1326 2416 1323
f 1324 2346 1327
f 1325 1328 1326
f 1329 2410 1326
f 1327 1333 1330
f 1328 1331 1329
f 1129 2408 1329
f 1330 1332 1132
f 1331 1130 1129
f 1332 1333 1334
f 1334 1137 1135
f 1332 1133 1132
f 1334 1335 1336
f 1336 1139 1137
f 1336 1337 1338
f 1338 1141 1139
f 1337 2347 1339
f 1338 1340 1141
f 1339 1561 1341
f 1340 1342 1144
f 1340 1142 1141
f 1341 1344 1343
f 1343 1149 1147
f 1342 1145 1144
f 1343 1345 1346
f 1346 1151 1149
f 1346 1347 1348
f 1348 1153 1151
f 1348 1349 1350
f 1350 1155 1153
f 1350 1351 1352
f 1352 1157 1155
f 1352 1353 1354
f 1354 1159 1157
f 1354 1355 1356
f 1356 1161 1159
f 1356 1357 1358
f 1358 1359 1161
f 1359 1360 1361
f 1361 1362 1164
f 1359 1162 1161
f 1362 1363 1364
f 1364 1366 1365
f 1365 1165 1164
f 1366 1367 1368
f 1366 1369 1370
f 1370 1167 1365
f 1368 1584 1371
f 1369 1372 1373
f 1373 1170 1370
f 1373 1374 1375
f 1375 1171 1170
f 1375 1376 1377
f 1377 1173 1171
f 1377 1378 1379
f 1379 1175 1173
f 1376 2407 1380
f 1378 1381 1382
f 1382 1178 1379
f 1380 2081 1383
f 1381 1384 1385
f 1385 1180 1382
f 1383 2083 1386
f 1384 1387 1388
f 1388 1182 1385
f 1388 1389 1390
f 1388 1184 1182
f 1390 1391 1392
f 1390 1186 1184
f 1389 2090 1393
f 1391 1394 1395
f 1395 1189 1392
f 1393 2094 1396
f 1394 1397 1398
f 1398 1192 1395
f 1396 1401 1399
f 1397 1400 1199
f 1199 1195 1398
f 1401 2096 1402
f 1399 1403 1400
f 1402 2102 1404
f 1403 1405 1406
f 1406 1200 1400
f 1404 2105 1407
f 1405 1408 1409
f 1409 1202 1406
f 1407 2108 1410
f 1408 1411 1412
f 1412 1205 1409
f 1412 1413 1414
f 1414 1206 1205
f 1413 1416 1415
f 1415 1208 1206
f 1416 147 1417
f 1417 1210 1208
f 147 146 1418
f 1417 1214 1210
f 146 145 1419
f 1418 1420 1214
f 145 2125 1421
f 1419 1422 1420
f 1421 2129 1423
f 1422 1424 1217
f 1217 1215 1420
f 1423 2133 1425
f 1424 1426 1220
f 1424 1218 1217
f 1425 2136 1427
f 1426 1428 1429
f 1429 1221 1220
f 1429 1430 1431
f 1431 1223 1221
f 1431 1432 1433
f 1431 1225 1223
f 1433 1434 1435
f 1435 1227 1225
f 1435 1436 1437
f 1437 1230 1227
f 1437 1438 1439
f 1439 1442 1230
f 1439 1440 1441
f 1441 1443 1442
f 1443 1231 1442
f 1443 1445 1446
f 1446 1447 1444
f 1447 1234 1444
f 1447 1449 1450
f 1450 1451 1448
f 1451 1237 1448
f 1451 1452 1453
f 1453 1242 1240
f 1453 1454 1455
f 1455 1245 1242
f 1455 1456 1457
f 1457 1246 1245
f 1457 1458 1459
f 1459 1460 1246
f 1460 1247 1246
f 1460 1461 7
f 7 5 1249
f 1459 1462 1461
f 1458 2038 1463
f 1462 1464 1465
f 1465 6 1461
f 1465 1466 1467
f 1467 1470 6
f 1467 1468 1469
f 1469 1471 1470
f 1471 4 1470
f 1471 1473 1474
f 1474 1475 1472
f 1475 1477 1472
f 1475 1478 1479
f 1479 1480 1476
f 1480 1481 1482
f 1482 1660 1483
f 1480 1484 1476
f 1485 1477 1476
f 1483 1663 1486
f 1486 1487 1485
f 1487 1489 1485
f 1487 1490 1491
f 1491 1492 1488
f 1492 1494 1488
f 1492 1495 1496
f 1496 1497 1493
f 1497 1499 1493
f 1497 1500 1501
f 1501 1502 1498
f 1502 1504 1498
f 1502 1505 1506
f 1506 1507 1503
f 1507 1509 1503
f 1507 1510 1511
f 1511 1512 1508
f 1512 1514 1508
f 1512 1515 1516
f 1516 1517 1513
f 1517 1519 1513
f 1517 1520 1521
f 1521 1522 1518
f 1522 1524 1518
f 1522 1525 1526
f 1526 1527 1523
f 1527 1529 1523
f 1527 1530 1531
f 1531 1532 1528
f 1533 2365 1528
f 1531 1692 1534
f 1532 1535 1533
f 1536 2361 1533
f 1534 1695 1537
f 1535 1538 1536
f 1538 1540 1536
f 1537 1698 1541
f 1541 1542 1539
f 1542 1544 1539
f 1542 1545 1546
f 1546 1547 1543
f 1547 1549 1543
f 1547 1550 1551
f 1551 1554 1548
f 1551 1552 1553
f 1553 60 1554
f 1553 1555 1556
f 1556 61 60
f 1556 1557 1558
f 1558 1559 61
f 1559 65 61
f 1558 1347 1345
f 1345 1344 1560
f 1560 1562 65
f 1344 1341 1561
f 1557 1349 1347
f 1555 1564 1563
f 1563 1351 1349
f 1564 1566 1565
f 1565 1353 1351
f 1566 1568 1567
f 1567 1355 1353
f 1568 1570 1569
f 1567 1357 1355
f 1569 1571 1572
f 1569 1573 1357
f 1572 1716 1574
f 1573 1575 1360
f 1360 1358 1357
f 1574 1720 1576
f 1576 1577 1363
f 1363 1361 1360
f 1577 1578 1579
f 1579 1580 1367
f 1577 1364 1363
f 1580 1581 1582
f 1580 1583 1584
f 1580 1368 1367
f 1582 1593 1585
f 1583 1586 1587
f 1587 1371 1584
f 1587 51 46
f 46 1372 1371
f 1586 1589 51
f 1585 1590 1588
f 1590 1592 1588
f 1590 1593 1594
f 1594 1595 1591
f 1595 1597 1591
f 1595 1598 1599
f 1599 1600 1596
f 1600 1602 1596
f 1600 1603 1604
f 1604 1605 1601
f 1605 1607 1601
f 1605 1608 1609
f 1609 1610 1606
f 1610 1612 1606
f 1610 1613 1614
f 1614 1615 1611
f 1615 1617 1611
f 1615 1618 1619
f 1619 1620 1616
f 1620 1622 1616
f 1620 1623 1624
f 1624 1625 1621
f 1625 1627 1621
f 1625 1628 1629
f 1629 1630 1626
f 1630 1632 1626
f 1630 1633 1634
f 1634 1635 1631
f 1635 1637 1631
f 1635 1638 1639
f 1639 1640 1636
f 1640 1466 1636
f 1640 1641 1642
f 1642 1643 1468
f 1643 1469 1468
f 1643 1644 1645
f 1645 1646 1473
f 1646 1474 1473
f 1646 1647 1648
f 1646 1649 1478
f 1649 1479 1478
f 1648 2031 1650
f 1650 1651 1481
f 1651 1482 1481
f 1651 1653 1654
f 1654 1655 1652
f 1655 1656 1657
f 1657 1954 1658
f 1655 1659 1652
f 1660 1482 1652
f 1658 2028 1661
f 1659 1662 1660
f 1663 1483 1660
f 1662 1664 1665
f 1665 1666 1663
f 1666 1486 1663
f 1666 1667 1668
f 1668 1669 1490
f 1669 1491 1490
f 1669 1670 1671
f 1671 1672 1495
f 1672 1496 1495
f 1672 1673 1674
f 1674 1675 1500
f 1675 1501 1500
f 1675 1676 1677
f 1677 1678 1505
f 1678 1506 1505
f 1678 1679 1680
f 1680 1681 1510
f 1681 1511 1510
f 1681 1682 1683
f 1683 1684 1515
f 1684 1516 1515
f 1684 1685 1686
f 1686 1687 1520
f 1687 1521 1520
f 1686 2029 1688
f 1688 1689 1525
f 1689 1526 1525
f 1688 2007 1690
f 1689 1691 1530
f 1691 1531 1530
f 1690 2003 1693
f 1693 1694 1692
f 1695 1534 1692
f 1693 2002 1696
f 1694 1697 1695
f 1698 1537 1695
f 1696 2006 1699
f 1697 1700 1698
f 1700 1541 1698
f 1699 1705 1701
f 1701 1702 1545
f 1702 1546 1545
f 1702 1703 1704
f 1704 1552 1550
f 1704 1566 1564
f 1564 1555 1552
f 1703 1705 1706
f 1703 1568 1566
f 1706 1707 1708
f 1708 1570 1568
f 1708 1709 1710
f 1710 1571 1570
f 1710 1711 1712
f 1712 1713 1571
f 1713 1714 1715
f 1715 1717 1716
f 1713 1572 1571
f 1717 1718 1719
f 1719 1721 1720
f 1720 1574 1716
f 1721 1722 1723
f 1723 1724 1578
f 1721 1576 1720
f 1725 2036 1581
f 1724 1579 1578
f 1724 1726 1725
f 1727 2035 1725
f 1723 1722 1728
f 1726 1729 1727
f 1729 1731 1727
f 1728 2000 1732
f 1729 1733 1730
f 1734 2034 1730
f 1732 2032 1735
f 1733 1736 1734
f 1737 2033 1734
f 1735 1918 1738
f 1736 1739 1737
f 1739 1741 1737
f 1738 1916 1742
f 1742 1743 1740
f 1743 1745 1740
f 1743 1746 1747
f 1747 1748 1744
f 1748 1750 1744
f 1748 1751 1752
f 1752 1753 1749
f 1753 1755 1749
f 1753 1756 1757
f 1757 1758 1754
f 1758 1760 1754
f 1758 1761 1762
f 1762 1763 1759
f 1763 1765 1759
f 1763 1766 1767
f 1767 1768 1764
f 1768 1770 1764
f 1768 1771 1772
f 1772 1773 1769
f 1773 1775 1769
f 1772 1905 1776
f 1773 1777 1774
f 1778 2030 1774
f 1776 1903 1779
f 1777 1780 1778
f 1780 1782 1778
f 1779 1788 1783
f 1780 1784 1781
f 1784 1786 1781
f 1783 1787 104
f 104 103 1785
f 1787 1788 1789
f 1789 1791 1790
f 1787 105 104
f 1791 1796 1792
f 1790 1793 105
f 1792 1795 1793
f 1796 1797 1794
f 1797 1799 1794
f 1797 1800 1801
f 1801 1802 1798
f 1802 1804 1798
f 1802 1805 1806
f 1806 1807 1803
f 1808 1937 1803
f 1806 1876 1809
f 1807 1810 1808
f 1811 1933 1808
f 1809 1882 1812
f 1810 1813 1811
f 1813 1815 1811
f 1812 1881 1816
f 1816 1817 1814
f 1817 1819 1814
f 1817 1820 1821
f 1821 1822 1818
f 1822 1824 1818
f 1822 1825 1826
f 1826 1827 1823
f 1827 1829 1823
f 1826 1838 1830
f 1827 1831 1828
f 1831 1833 1834
f 1834 1920 1828
f 1830 1835 1832
f 1835 1837 1832
f 1835 1838 1839
f 1839 1840 1836
f 1840 1842 1836
f 1840 1843 1844
f 1844 1845 1841
f 1845 1847 1841
f 1845 1848 1849
f 1849 1850 1846
f 1850 1852 1846
f 1850 1853 1854
f 1854 1855 1851
f 1856 1910 1851
f 1854 150 1857
f 1855 1858 1856
f 1859 1909 1856
f 1857 149 1860
f 1858 1861 1859
f 1862 1907 1859
f 1860 1899 1863
f 1861 1864 1862
f 1865 1902 1862
f 1863 1872 1866
f 1864 1867 1865
f 1867 1800 1869
f 1869 1900 1865
f 1866 1870 1868
f 1870 1805 1868
f 1870 1872 1873
f 1873 1874 1871
f 1874 1876 1871
f 1874 1877 1878
f 1878 1879 1875
f 1880 1882 1875
f 1878 129 128
f 1879 131 1880
f 1881 1812 1882
f 131 1883 1881
f 1883 1816 1881
f 1883 130 1884
f 1884 1885 1820
f 1825 1821 1820
f 1884 1889 1886
f 1885 1887 1825
f 1887 1839 1838
f 1838 1826 1825
f 1886 1888 1843
f 1888 1844 1843
f 1888 1889 1890
f 1890 1891 1848
f 1891 1849 1848
f 1891 1892 1893
f 1893 151 1853
f 1893 1894 1895
f 1895 152 151
f 1895 1896 1897
f 1897 153 152
f 1897 1877 1898
f 1898 1899 153
f 1898 1873 1872
f 1872 1863 1899
f 1896 132 129
f 1896 1878 1877
f 1894 133 132
f 1890 1889 133
f 1889 130 133
f 1882 1809 1876
f 1876 1806 1805
f 1789 1788 1901
f 1900 1902 1865
f 1900 1791 1789
f 1788 1779 1903
f 1901 1904 1902
f 1903 1776 1905
f 1904 1906 1907
f 1907 1862 1902
f 1905 1772 1771
f 1906 1908 1909
f 1909 1859 1907
f 1908 1767 1766
f 1766 1911 1910
f 1910 1856 1909
f 1911 1762 1761
f 1761 1912 1852
f 1911 1851 1910
f 1912 1757 1756
f 1756 1913 1847
f 1912 1846 1852
f 1913 1752 1751
f 1751 1914 1842
f 1913 1841 1847
f 1914 1747 1746
f 1746 1915 1837
f 1914 1836 1842
f 1746 1742 1916
f 1915 1917 1833
f 1915 1832 1837
f 1916 1738 1918
f 1917 12 1919
f 1917 1834 1833
f 1869 1796 1791
f 1868 1801 1800
f 1899 149 153
f 1854 151 150
f 1920 1921 1922
f 1922 1829 1828
f 1920 1919 10
f 1921 1983 1923
f 1923 1924 1829
f 1923 1980 1925
f 1925 1926 1824
f 1924 1823 1829
f 1925 1977 1927
f 1927 1928 1819
f 1926 1818 1824
f 1927 1974 1929
f 1928 1930 1815
f 1928 1814 1819
f 1930 1931 1932
f 1932 1934 1933
f 1930 1811 1815
f 1934 1935 1936
f 1936 1938 1937
f 1937 1808 1933
f 1938 1939 1940
f 1940 1941 1804
f 1938 1803 1937
f 1941 1942 1943
f 1943 1944 1799
f 1941 1798 1804
f 1944 1945 1946
f 1946 1947 1795
f 1944 1794 1799
f 1947 1948 1949
f 1949 107 106
f 1947 1793 1795
f 1949 76 1950
f 1950 1951 107
f 1951 1952 1953
f 1953 1786 1785
f 1951 103 107
f 1953 1954 1657
f 1657 1656 1786
f 1952 1955 1954
f 1950 76 75
f 1948 73 76
f 1946 1945 1956
f 1956 1958 73
f 1945 1959 1957
f 1959 1961 1957
f 1959 1943 1942
f 1942 1962 1960
f 1962 1964 1960
f 1962 1940 1939
f 1939 1965 1963
f 1965 1967 1963
f 1965 1936 1935
f 1935 1968 1966
f 1968 1970 1966
f 1968 1932 1931
f 1931 1971 1969
f 1971 1973 1969
f 1931 1929 1974
f 1971 1975 1972
f 1976 2016 1972
f 1974 1927 1977
f 1975 1978 1976
f 1979 2013 1976
f 1977 1925 1980
f 1978 1981 1979
f 1982 1990 1979
f 1980 1923 1983
f 1981 1984 1982
f 1985 1987 1982
f 1983 1921 9
f 1984 1986 1985
f 1988 2008 1989
f 1987 1990 1982
f 1987 1991 1988
f 1992 2004 1988
f 1985 1986 1993
f 1991 1994 1992
f 1995 2001 1992
f 1993 1997 1996
f 1994 1711 1995
f 1997 1998 1714
f 1996 1712 1711
f 1998 11 14
f 14 1999 1718
f 1998 1715 1714
f 1999 13 2000
f 2000 1728 1722
f 1999 1719 1718
f 1997 1986 11
f 2002 1693 2003
f 2001 2004 1992
f 2001 2005 2002
f 2006 1696 2002
f 1995 1711 1709
f 2005 1707 2006
f 2003 1690 2007
f 2004 2008 1988
f 2008 2029 2009
f 1989 2010 1990
f 2009 1685 2011
f 2010 2012 2013
f 2013 1979 1990
f 2012 1682 2014
f 2012 2015 2016
f 2016 1976 2013
f 2015 1679 2017
f 2017 2018 1973
f 1973 1972 2016
f 2018 1676 2019
f 2019 2020 1970
f 2018 1969 1973
f 2020 1673 2021
f 2021 2022 1967
f 2020 1966 1970
f 2022 1670 2023
f 2023 2024 1964
f 2022 1963 1967
f 2024 1667 2025
f 2025 2026 1961
f 2024 1960 1964
f 2026 1664 2027
f 2027 74 1958
f 2026 1957 1961
f 2027 1661 2028
f 2027 1955 74
f 2025 1665 1664
f 2023 1668 1667
f 2021 1671 1670
f 2019 1674 1673
f 2017 1677 1676
f 2014 1680 1679
f 2011 1683 1682
f 2029 1686 1685
f 2007 1688 2029
f 1656 1782 1781
f 1782 1654 1653
f 1653 2030 1778
f 1653 1650 2031
f 2030 1775 1774
f 2031 1648 1647
f 1647 1770 1769
f 1770 1645 1644
f 1644 1765 1764
f 1765 1642 1641
f 1641 1760 1759
f 1760 1639 1638
f 1638 1755 1754
f 1755 1634 1633
f 1633 1750 1749
f 1750 1629 1628
f 1628 1745 1744
f 1745 1624 1623
f 1623 1741 1740
f 1741 1619 1618
f 1618 2033 1737
f 1918 2032 12
f 2033 1614 1613
f 1613 2034 1734
f 2034 1609 1608
f 1608 1731 1730
f 2000 13 2032
f 1731 1604 1603
f 1603 2035 1727
f 2035 1599 1598
f 2035 2036 1725
f 1598 1594 1593
f 1593 1582 1581
f 1705 1699 2006
f 2028 1954 1955
f 1637 1463 2037
f 2037 1632 1631
f 1636 1466 1464
f 2037 2038 2039
f 2039 2040 1632
f 2040 2041 2042
f 2042 2043 1627
f 2040 1626 1632
f 2043 2044 2045
f 2045 2046 1622
f 2043 1621 1627
f 2046 2047 2048
f 2048 2049 1617
f 2046 1616 1622
f 2049 2050 2051
f 2051 2052 1612
f 2049 1611 1617
f 2052 2053 2054
f 2054 2055 1607
f 2052 1606 1612
f 2055 2056 2057
f 2057 2058 1602
f 2055 1601 1607
f 2058 2059 2060
f 2060 2061 1597
f 2058 1596 1602
f 2061 2062 2063
f 2063 2064 1592
f 2061 1591 1597
f 2064 2065 2066
f 2066 50 1589
f 2064 1588 1592
f 2066 2067 2068
f 2068 2071 50
f 2068 2069 2070
f 2070 2072 2071
f 2072 2073 2074
f 2072 2075 2076
f 2072 48 2071
f 2075 2078 2077
f 2076 49 48
f 2078 2194 2079
f 2079 2080 49
f 2080 47 49
f 2080 2082 2083
f 2083 1383 2081
f 2079 2194 2084
f 2082 2085 2086
f 2086 1386 2083
f 2086 2087 2088
f 2088 1387 1386
f 2088 2089 2090
f 2090 1389 1387
f 2089 2091 2092
f 2089 2093 2094
f 2094 1393 2090
f 2092 2097 2095
f 2093 2096 1401
f 1401 1396 2094
f 2097 2205 2098
f 2095 2099 2096
f 2098 2209 2100
f 2099 2101 2102
f 2102 1402 2096
f 2100 91 2103
f 2101 2104 2105
f 2105 1404 2102
f 2103 95 2106
f 2104 2107 2108
f 2108 1407 2105
f 2106 2218 2109
f 2107 2110 2111
f 2111 1410 2108
f 2111 2112 2113
f 2113 1411 1410
f 2112 2115 2114
f 2113 1413 1411
f 2115 2117 2116
f 2114 1416 1413
f 2117 143 142
f 2116 147 1416
f 2117 2118 2119
f 2119 2120 143
f 2120 2121 2122
f 2122 2124 2123
f 2120 144 143
f 2124 2126 2125
f 2123 145 144
f 2126 2127 2128
f 2128 2130 2129
f 2126 1421 2125
f 2128 2234 2131
f 2130 2132 2133
f 2133 1423 2129
f 2131 2237 2134
f 2132 2135 2136
f 2136 1425 2133
f 2134 2240 2137
f 2135 2138 2139
f 2139 1427 2136
f 2139 2140 2141
f 2141 1428 1427
f 2141 2142 2143
f 2143 1430 1428
f 2143 2144 2145
f 2145 1432 1430
f 2145 2146 2147
f 2147 1434 1432
f 2147 2148 2149
f 2149 1436 1434
f 2149 2150 2151
f 2151 1438 1436
f 2151 2152 2153
f 2153 1440 1438
f 2153 2154 2155
f 2155 2156 1440
f 2156 1441 1440
f 2156 2157 2158
f 2158 2159 1445
f 2159 1446 1445
f 2159 2160 2161
f 2161 2162 1449
f 2162 1450 1449
f 2162 2163 2164
f 2164 1454 1452
f 2164 2041 2165
f 2165 1456 1454
f 2165 2039 2038
f 2038 1458 1456
f 2161 2160 2044
f 2163 2042 2041
f 2158 2157 2047
f 2160 2045 2044
f 2155 2154 2050
f 2157 2048 2047
f 2152 2166 2053
f 2154 2051 2050
f 2166 2150 2167
f 2167 2168 2056
f 2166 2054 2053
f 2168 2169 2170
f 2170 2171 2059
f 2168 2057 2056
f 2171 2172 2173
f 2173 2174 2062
f 2171 2060 2059
f 2174 2175 2176
f 2176 2067 2065
f 2174 2063 2062
f 2176 2177 2178
f 2178 2069 2067
f 2178 2179 2180
f 2180 2181 2069
f 2181 2182 2183
f 2183 2184 2073
f 2181 2070 2069
f 2184 2185 2186
f 2184 2187 2188
f 2184 2074 2073
f 2188 2189 2190
f 2188 2075 2074
f 2189 2192 2191
f 2190 2078 2075
f 2192 2195 2193
f 2191 2194 2078
f 2195 2197 2196
f 2193 2084 2194
f 2197 2199 2198
f 2198 2085 2084
f 2199 2200 2091
f 2198 2087 2085
f 2200 2201 2202
f 2202 2205 2097
f 2200 2092 2091
f 2202 2203 2204
f 2204 2206 2205
f 2206 2207 2208
f 2208 92 2209
f 2209 2098 2205
f 2208 2210 2211
f 2211 93 92
f 2211 2212 2213
f 2213 94 93
f 2213 2214 2215
f 2215 2218 94
f 2215 2216 2217
f 2217 2109 2218
f 2217 2219 2220
f 2220 2110 2109
f 2219 2222 2221
f 2220 2112 2110
f 2222 2223 2118
f 2221 2115 2112
f 2223 2224 2225
f 2225 2226 2121
f 2223 2119 2118
f 2226 2227 2228
f 2228 2230 2229
f 2226 2122 2121
f 2230 2231 2127
f 2229 2124 2122
f 2230 2292 2232
f 2231 2233 2234
f 2234 2128 2127
f 2232 2319 2235
f 2233 2236 2237
f 2237 2131 2234
f 2235 2301 2238
f 2236 2239 2240
f 2240 2134 2237
f 2238 2303 2241
f 2239 2242 2243
f 2243 2137 2240
f 2243 2244 2245
f 2245 2138 2137
f 2245 2246 2247
f 2247 2140 2138
f 2247 2248 2249
f 2249 2142 2140
f 2249 2250 2251
f 2251 2144 2142
f 2251 2172 2252
f 2252 2146 2144
f 2252 2170 2169
f 2169 2148 2146
f 2248 2177 2175
f 2250 2173 2172
f 2246 2179 2177
f 2244 2253 2179
f 2253 2242 2254
f 2254 2255 2182
f 2253 2180 2179
f 2255 2256 2257
f 2257 2258 2185
f 2255 2183 2182
f 2258 2259 2260
f 2260 2262 2261
f 2258 2186 2185
f 2261 2263 2264
f 2264 2187 2186
f 2264 2265 2266
f 2266 2189 2187
f 2265 2268 2267
f 2266 2192 2189
f 2268 2270 2269
f 2267 2195 2192
f 2270 2272 2271
f 2269 2197 2195
f 2272 2203 2201
f 2271 2199 2197
f 2272 2273 2274
f 2274 2275 2203
f 2275 2204 2203
f 2275 2276 2277
f 2277 2210 2207
f 2277 2278 2279
f 2279 2212 2210
f 2279 2280 2281
f 2281 2214 2212
f 2280 2283 2282
f 2282 2216 2214
f 2283 2285 2284
f 2282 2219 2216
f 2285 2286 2224
f 2284 2222 2219
f 2286 2287 2288
f 2288 2289 2227
f 2286 2225 2224
f 2288 2293 2290
f 2289 111 2291
f 2291 2228 2227
f 2291 110 2292
f 2292 2230 2228
f 2293 2295 2294
f 2290 112 111
f 2294 2296 2297
f 2297 113 112
f 2297 2298 2299
f 2299 2300 113
f 2300 109 113
f 2300 2302 2303
f 2303 2238 2301
f 2299 2298 2259
f 2302 2257 2256
f 2256 2241 2303
f 2296 2305 2304
f 2298 2260 2259
f 2304 2306 2307
f 2304 2262 2260
f 2307 116 2308
f 2308 2263 2262
f 2308 115 2309
f 2309 2265 2263
f 2309 118 2310
f 2310 2268 2265
f 2310 2270 2268
f 2310 2311 2273
f 2311 2274 2273
f 118 117 2312
f 2311 2278 2276
f 117 120 2313
f 2312 2280 2278
f 120 2315 2314
f 2313 2283 2280
f 2315 2316 2287
f 2314 2285 2283
f 2315 2318 2317
f 2316 2295 2293
f 2293 2288 2287
f 2318 2306 2305
f 2317 2296 2295
f 2318 120 119
f 119 116 2306
f 2254 2242 2241
f 2301 2319 109
f 2292 110 2319
f 2167 2150 2148
f 2218 95 94
f 2209 92 91
f 1549 2321 2322
f 2322 1544 1543
f 1548 2323 2320
f 2323 2325 2320
f 2323 1554 59
f 59 63 2324
f 2325 2327 2328
f 2328 2321 2320
f 2324 2329 2326
f 2329 2331 2326
f 2324 63 2332
f 2329 2333 2330
f 2334 2348 2330
f 2332 2338 2335
f 2333 2336 2334
f 2337 1315 2336
f 2335 2339 2337
f 2340 1318 2337
f 2338 62 2341
f 2339 2342 2340
f 2343 1321 2340
f 2341 64 2344
f 2344 2345 2343
f 2346 1324 2343
f 2345 2347 1337
f 2345 1335 2346
f 2344 1562 2347
f 2338 63 62
f 2349 1301 2350
f 2348 2331 2330
f 2348 1311 2349
f 2334 1312 1311
f 2350 1298 1297
f 1297 2327 2326
f 2328 1293 2351
f 2351 2352 2321
f 2352 1290 2353
f 2353 2355 2354
f 2352 2322 2321
f 2355 2357 2356
f 2354 1544 2322
f 2357 2358 1540
f 2356 1539 1544
f 2358 2359 2360
f 2360 2362 2361
f 2358 1536 1540
f 2362 2363 2364
f 2364 2366 2365
f 2365 1533 2361
f 2366 2367 2368
f 2368 2369 1529
f 2366 1528 2365
f 2369 2370 2371
f 2371 2372 1524
f 2369 1523 1529
f 2372 2373 2374
f 2374 2375 1519
f 2372 1518 1524
f 2375 2376 2377
f 2377 2378 1514
f 2375 1513 1519
f 2378 2379 2380
f 2380 2381 1509
f 2378 1508 1514
f 2381 2382 2383
f 2383 2384 1504
f 2381 1503 1509
f 2384 2385 2386
f 2386 2387 1499
f 2384 1498 1504
f 2387 2388 2389
f 2389 2390 1494
f 2387 1493 1499
f 2390 2391 2
f 2 2406 1489
f 2390 1488 1494
f 2389 2392 2391
f 2392 1255 2394
f 2394 3 2391
f 2388 2395 2393
f 2395 1258 2393
f 2395 2386 2385
f 2385 2397 2396
f 2397 1261 2396
f 2397 2383 2382
f 2382 2398 1263
f 2398 1264 1263
f 2398 2380 2379
f 2379 2399 1266
f 2399 1267 1266
f 2399 2377 2376
f 2376 2400 1269
f 2400 1270 1269
f 2400 2374 2373
f 2373 2401 1272
f 2401 1273 1272
f 2401 2371 2370
f 2370 2402 1275
f 2402 1276 1275
f 2402 2368 2367
f 2367 2403 1278
f 2403 1279 1278
f 2403 2364 2363
f 2363 2404 1281
f 2404 1282 1281
f 2404 2360 2359
f 2359 2405 1284
f 2405 1285 1284
f 2405 2357 2355
f 2355 2353 1287
f 2396 1259 1258
f 2394 1253 1252
f 1252 5 3
f 2393 1256 1255
f 2353 1288 1287
f 2351 1291 1290
f 2327 1294 1293
f 2406 1477 1485
f 2406 4 1472
f 2081 2407 47
f 1374 45 2407
f 1372 46 45
f 1561 2347 1562
f 1333 1327 2346
f 1126 2411 2409
f 2408 2410 1329
f 2408 1127 1126
f 2411 2459 2412
f 2409 2413 2410
f 2412 2462 2414
f 2413 2415 2416
f 2416 1326 2410
f 2414 2465 2417
f 2415 2418 2419
f 2419 1323 2416
f 2417 2468 2420
f 2418 2421 2422
f 2422 1320 2419
f 2420 2470 2423
f 2421 2424 2425
f 2425 1317 2422
f 2423 2475 2426
f 2424 2427 2428
f 2428 1314 2425
f 2426 2435 2429
f 2427 2430 2431
f 2431 1310 2428
f 2429 2433 2432
f 2430 86 89
f 89 1307 2431
f 2433 1086 1084
f 1084 87 86
f 2434 2436 1086
f 2433 2435 2434
f 2436 1087 1086
f 2436 2437 2438
f 2438 2439 1089
f 2439 1090 1089
f 2439 2440 2441
f 2441 2442 1093
f 2442 1094 1093
f 2442 2443 2444
f 2444 1099 1097
f 2444 2445 2446
f 2444 1101 1099
f 2445 2448 2447
f 2446 1104 1101
f 2448 2451 2449
f 2447 2450 1104
f 2451 2460 2452
f 2449 2453 2450
f 2454 1105 2450
f 2452 2456 2455
f 2453 1116 2454
f 2456 2457 1119
f 2455 1117 1116
f 2457 2458 2459
f 2459 2411 1123
f 2457 1120 1119
f 2456 2452 2460
f 2458 2461 2462
f 2462 2412 2459
f 2460 2451 2463
f 2461 2464 2465
f 2465 2414 2462
f 2463 2471 2466
f 2464 2467 2468
f 2468 2417 2465
f 2466 125 124
f 2467 2469 2470
f 2470 2420 2468
f 2466 2472 125
f 2472 2443 2473
f 2473 122 125
f 2471 2448 2445
f 2473 2441 2440
f 2440 123 122
f 2471 2451 2448
f 2438 2437 123
f 2434 2435 2474
f 2437 126 123
f 2435 2426 2475
f 2474 2469 126
f 2475 2470 2469
f 2411 1124 1123
f 1308 1304 2349
f 1250 1249 5
f 1114 1108 2454
f 748 746 42
f 2476 41 1009
f 2476 749 748
f 889 888 860
f 888 861 860
f 886 884 863
f 884 864 863
f 882 800 806
f 880 805 811
f 877 19 818
f 810 17 879
f 53 52 777
f 746 37 42
f 744 987 37
f 597 31 711
f 589 35 592
f 397 393 494
f 315 136 135
f 395 317 315
f 353 26 2477
f 427 28 26
f 313 139 136
f 180 179 79

