# https://github.com/mikedh/trimesh

o Stage1_2Dcross_NEW_Rescaled_20.stl
v 0.02176787 0.00101169 -0.02467162
v 0.02176347 0.00104391 -0.02796749
v 0.02088426 0.00606735 -0.02579178
v 0.02129454 -0.00448245 -0.02621551
v 0.02166704 -0.00218069 -0.02172764
v 0.02145415 0.00367380 -0.02152062
v 0.02179106 0.00055759 -0.01949765
v 0.00752281 0.00182223 -0.04799140
v 0.00591393 0.00176901 -0.04799140
v 0.00615013 0.00425925 -0.04799140
v 0.00829601 -0.00012894 -0.04799140
v 0.00816747 0.00349118 -0.04799140
v 0.00974083 0.00148727 -0.04799140
v -0.00839040 -0.00130032 0.04800860
v -0.00919441 0.00052243 0.04800860
v -0.01086037 -0.00146097 0.04800860
v -0.00693153 -0.00122269 0.04800860
v -0.00921168 -0.00329788 0.04800860
v 0.02170995 0.00168161 0.02508647
v 0.02130156 -0.00447708 0.02601623
v 0.02168736 -0.00185452 0.02201081
v 0.02173412 0.00131686 0.02043685
v 0.02170396 0.00162595 0.02833612
v 0.02144890 -0.00366409 0.02879608
v 0.02057250 0.00712204 0.02631456
v 0.02126305 0.00470309 0.02243274
v -0.02114259 -0.00518411 0.02663558
v -0.02170668 -0.00174954 0.02294520
v -0.02130043 -0.00459573 0.02098822
v -0.02177101 0.00071823 0.02785009
v -0.02116524 -0.00504398 0.03028331
v -0.01940633 -0.00990335 0.02801548
v -0.02034492 -0.00775052 0.02366114
v 0.02095995 -0.02705716 0.00589615
v 0.02167265 -0.02374759 0.00233432
v 0.02114122 -0.02207864 0.00522310
v 0.02177287 -0.02813480 -0.00015936
v 0.02091216 -0.03054446 0.00608101
v 0.02175456 -0.03118362 0.00074948
v 0.01854436 -0.02865530 0.01140742
v 0.02003124 -0.02445316 0.00855950
v -0.02169051 -0.02450198 -0.00202748
v -0.02174696 -0.02091507 0.00151918
v -0.02171400 -0.01934427 -0.00152930
v -0.02144014 -0.02504642 0.00379037
v -0.02168678 -0.02762796 -0.00211574
v -0.02158333 -0.02776663 0.00292581
v -0.02118440 -0.02182718 -0.00497617
v -0.02038698 -0.02581595 -0.00762577
v 0.02161974 0.02560007 0.00246015
v 0.02036461 0.02658102 0.00766478
v 0.02111687 0.02276169 0.00532363
v 0.02169035 0.02081149 0.00200289
v 0.02161833 0.02877145 0.00245507
v 0.02145494 0.02686520 -0.00372999
v 0.02176457 0.02265622 -0.00110621
v -0.01527431 0.04800095 0.00486155
v -0.01767348 0.04800095 0.00511758
v -0.01657869 0.04800095 0.00786788
v -0.01489931 0.04800095 0.00275706
v -0.01389650 0.04800095 0.00629676
v -0.01246187 0.04800095 0.00391587
v 0.00005040 0.04800095 -0.01561948
v 0.00200877 0.04800095 -0.01474537
v 0.00290379 0.04800095 -0.01793058
v -0.00219838 0.04800095 -0.01467570
v -0.00014845 0.04800095 -0.01271874
v -0.00035426 0.04800095 -0.01817256
v -0.01640413 0.01022751 -0.04799140
v -0.01846968 0.01157126 -0.04799140
v -0.01455550 0.01157272 -0.04799140
v -0.01672841 0.00812790 -0.04799140
v -0.01386781 0.00892136 -0.04799140
v -0.01061537 -0.01117484 -0.04799140
v -0.00852614 -0.01170023 -0.04799140
v -0.01212611 -0.01334183 -0.04799140
v -0.01407686 -0.01111429 -0.04799140
v -0.01112593 -0.00917874 -0.04799140
v -0.00833644 -0.00886527 -0.04799140
v -0.00285561 -0.04799905 0.01656834
v -0.00493312 -0.04799905 0.01555760
v -0.00216554 -0.04799905 0.01385675
v -0.00011757 -0.04799905 0.01573738
v -0.00268837 -0.04799905 0.01869562
v -0.00609364 -0.04799905 0.01804956
v 0.00872740 -0.00231155 0.04800860
v 0.00722972 -0.00285745 0.04800860
v 0.01044066 -0.00411966 0.04800860
v 0.01150011 -0.00172757 0.04800860
v 0.00888341 -0.00029495 0.04800860
v 0.00691905 0.00001950 0.04800860
v 0.01325499 -0.04799905 -0.01312697
v 0.01422252 -0.04799905 -0.01072628
v 0.01086888 -0.04799905 -0.01086863
v 0.01568718 -0.04799905 -0.01513514
v 0.01092479 -0.04799905 -0.01412658
v 0.01267589 -0.04799905 -0.01772284
v 0.01777177 0.00042331 -0.04799140
v 0.01705870 -0.00122073 -0.04799140
v 0.01549797 0.00068161 -0.04799140
v 0.01942223 0.00045944 -0.04799140
v 0.01698735 0.00229684 -0.04799140
v -0.01815083 0.00053513 0.04800860
v -0.01967311 0.00043893 0.04800860
v -0.01732912 -0.00123392 0.04800860
v -0.01564113 0.00060348 0.04800860
v -0.01724916 0.00234860 0.04800860
v -0.01910670 0.00338425 0.04800860
v -0.01119166 -0.04799905 0.00553468
v -0.01285280 -0.04799905 0.00613946
v -0.01326979 -0.04799905 0.00388790
v -0.00941322 -0.04799905 0.00651239
v -0.01111330 -0.04799905 0.00808916
v -0.01076576 -0.04799905 0.00395713
v 0.01500121 0.00752634 0.04800860
v 0.01511021 0.00535397 0.04800860
v 0.01680675 0.00830368 0.04800860
v 0.01527751 0.01075534 0.04800860
v 0.01355278 0.00872653 0.04800860
v 0.01274651 0.00614841 0.04800860
v 0.00940019 0.04800095 0.00001097
v 0.01157628 0.04800095 -0.00037089
v 0.01079454 0.04800095 -0.00259153
v 0.00872008 0.04800095 0.00161634
v 0.01151903 0.04800095 0.00198165
v 0.00818114 0.04800095 -0.00122265
v 0.00820232 0.04800095 0.01629566
v 0.00939464 0.04800095 0.01483769
v 0.00679515 0.04800095 0.01387928
v 0.00595396 0.04800095 0.01620327
v 0.00884288 0.04800095 0.01763882
v -0.00864137 -0.04799905 -0.00835163
v -0.00933333 -0.04799905 -0.00664074
v -0.01231703 -0.04799905 -0.00839528
v -0.00659181 -0.04799905 -0.00853555
v -0.00665230 -0.04799905 -0.00615336
v -0.01036769 -0.04799905 -0.01040508
v -0.00776393 -0.04799905 -0.01187255
v -0.02175404 0.00088083 -0.02068702
v -0.02076594 0.00649655 -0.02248125
v -0.02174818 0.00108737 -0.02385207
v -0.02144850 0.00369528 -0.01801509
v -0.02151222 -0.00335599 -0.02381661
v -0.02165425 -0.00209183 -0.01707105
v -0.02176369 0.00046237 -0.01541117
v -0.02136110 -0.00420364 -0.02120112
v -0.02176753 0.01612399 0.00049105
v -0.02176851 0.01956100 0.00049471
v -0.02116688 0.01747946 -0.00509252
v -0.02092055 0.01808151 0.00597317
v -0.02147792 0.01355270 0.00350270
v -0.02160792 0.01311227 -0.00258830
v -0.02175679 0.01151266 0.00046583
v -0.02158430 0.00949118 0.00277345
v -0.02169118 0.00918747 -0.00186918
v -0.02175447 0.00740427 0.00046502
v -0.02165181 0.00538181 0.00272157
v -0.02172066 0.00509274 -0.00161302
v -0.02177217 0.00317624 0.00069767
v -0.02176576 0.00123630 0.00308171
v -0.02177791 0.00087936 -0.00126811
v -0.02177492 -0.00100687 0.00117308
v -0.02166682 -0.00285550 0.00367192
v -0.02176912 -0.00332034 -0.00071684
v -0.02173347 -0.00513773 0.00179358
v -0.02142512 -0.00685989 0.00433769
v -0.02176576 -0.00751468 -0.00008784
v -0.02164638 -0.00921683 0.00244935
v -0.02116365 -0.01077054 0.00508776
v -0.02177705 -0.01177249 0.00046314
v -0.02154781 -0.01335599 0.00314305
v -0.02093880 -0.01479935 0.00592160
v -0.02175545 -0.01619534 0.00100218
v -0.02141206 -0.01764261 0.00398479
v -0.02054536 -0.01885208 0.00711694
v -0.02105696 -0.02184720 0.00552423
v -0.01989644 -0.01626273 0.00871703
v -0.01853804 -0.01774564 0.01135969
v -0.01920906 -0.01389359 0.01022908
v -0.02033717 -0.01229495 0.00769621
v -0.01924129 -0.02005765 0.01010741
v -0.01750246 -0.02133939 0.01290181
v -0.01980312 -0.02269193 0.00896764
v -0.01810414 -0.02364652 0.01206188
v -0.01595930 -0.02464505 0.01474182
v -0.01859346 -0.02610062 0.01130191
v -0.01647121 -0.02682230 0.01421108
v -0.01387196 -0.02746487 0.01675204
v -0.01689699 -0.02915628 0.01370191
v -0.01429018 -0.02962943 0.01638676
v -0.01128468 -0.03001419 0.01862574
v -0.01463710 -0.03185794 0.01610886
v -0.01162245 -0.03213480 0.01842652
v -0.00819740 -0.03234769 0.02015843
v -0.01192494 -0.03445120 0.01823008
v -0.00847102 -0.03450931 0.02005362
v -0.00458614 -0.03448831 0.02125194
v -0.00872298 -0.03695462 0.01994731
v -0.00483620 -0.03691946 0.02120285
v -0.00054420 -0.03680472 0.02177215
v -0.00511311 -0.03949857 0.02115462
v -0.00078346 -0.03939993 0.02175512
v 0.00382262 -0.03924222 0.02142261
v -0.00110866 -0.04216458 0.02173085
v 0.00358824 -0.04202835 0.02144545
v 0.00833098 -0.04187601 0.02011004
v 0.00325292 -0.04499027 0.02153807
v 0.00811900 -0.04491361 0.02021515
v 0.01264433 -0.04483011 0.01774230
v 0.00784081 -0.04799905 0.02034866
v 0.01247679 -0.04799905 0.01788775
v 0.01635735 -0.04799905 0.01441288
v 0.00964281 -0.04799905 0.01480166
v 0.01280211 -0.04799905 0.01175713
v 0.01514879 -0.04799905 0.00814366
v 0.00922630 -0.04799905 0.00949547
v 0.01112358 -0.04799905 0.00634067
v 0.01222667 -0.04799905 0.00298045
v 0.01652947 -0.04799905 0.00430081
v 0.00713414 -0.04799905 0.00475553
v 0.00807835 -0.04799905 0.00176081
v 0.00846312 -0.04799905 -0.00138326
v 0.01261095 -0.04799905 -0.00048208
v 0.00346239 -0.04799905 0.00340463
v 0.00434068 -0.04799905 0.00070405
v 0.00481761 -0.04799905 -0.00222097
v 0.00492467 -0.04799905 -0.00530380
v 0.00841295 -0.04799905 -0.00465883
v 0.00097862 -0.04799905 -0.00020333
v 0.00149022 -0.04799905 -0.00290382
v 0.00169707 -0.04799905 -0.00580991
v 0.00163756 -0.04799905 -0.00911303
v 0.00477843 -0.04799905 -0.00865892
v -0.00160756 -0.04799905 -0.00340972
v -0.00129347 -0.04799905 -0.00605279
v -0.00139442 -0.04799905 -0.00928811
v -0.00186537 -0.04799905 -0.01310769
v 0.00134166 -0.04799905 -0.01302996
v -0.00416981 -0.04799905 -0.00618795
v -0.00424293 -0.04799905 -0.00908022
v -0.00496657 -0.04799905 -0.01271280
v -0.00609248 -0.04799905 -0.01652529
v -0.00252479 -0.04799905 -0.01725226
v -0.00944923 -0.04799905 -0.01515780
v -0.01139571 -0.04799905 -0.01856643
v -0.01254994 -0.04799905 -0.01306264
v -0.01491450 -0.04799905 -0.01588264
v -0.01485646 -0.04515530 -0.01590345
v -0.01777956 -0.04799905 -0.01259781
v -0.01771583 -0.04511136 -0.01264746
v -0.01761281 -0.04226956 -0.01273720
v -0.01980574 -0.04504788 -0.00902602
v -0.01973445 -0.04208890 -0.00912960
v -0.01962703 -0.03919730 -0.00932541
v -0.02102388 -0.04187405 -0.00545907
v -0.02098500 -0.03889163 -0.00561194
v -0.02094588 -0.03598001 -0.00580798
v -0.01950563 -0.03644046 -0.00959236
v -0.02165523 -0.03872855 -0.00189734
v -0.02165852 -0.03572415 -0.00196502
v -0.02167305 -0.03592093 0.00189179
v -0.02166756 -0.03311771 0.00206262
v -0.02167989 -0.03284818 -0.00201893
v -0.02090517 -0.03319778 -0.00605173
v -0.02167696 -0.03886917 0.00181880
v -0.02101161 -0.03913089 0.00561470
v -0.02095796 -0.03627200 0.00575933
v -0.02164796 -0.04177396 -0.00181125
v -0.02166475 -0.04186722 0.00181899
v -0.02104054 -0.04204495 0.00556732
v -0.01972560 -0.04217972 0.00919332
v -0.01968495 -0.03931497 0.00925963
v -0.02169130 -0.04494827 0.00189450
v -0.02104958 -0.04501907 0.00559676
v -0.01973109 -0.04506400 0.00922274
v -0.01779903 -0.04510208 0.01256163
v -0.01779585 -0.04223831 0.01253469
v -0.02104073 -0.04799905 0.00568748
v -0.01970760 -0.04799905 0.00930487
v -0.01776594 -0.04799905 0.01263331
v -0.01535738 -0.04799905 0.01549848
v -0.01537971 -0.04513138 0.01544337
v -0.01702565 -0.04799905 0.00811408
v -0.01524818 -0.04799905 0.01100846
v -0.01311262 -0.04799905 0.01345489
v -0.01076985 -0.04799905 0.01539129
v -0.01261525 -0.04799905 0.01778215
v -0.01299678 -0.04799905 0.00950219
v -0.01093196 -0.04799905 0.01153822
v -0.00870290 -0.04799905 0.01319248
v -0.00656563 -0.04799905 0.01455006
v -0.00840456 -0.04799905 0.01696379
v -0.00887245 -0.04799905 0.00973007
v -0.00651765 -0.04799905 0.01109767
v -0.00433766 -0.04799905 0.01235014
v -0.00186903 -0.04799905 0.01038942
v -0.00445418 -0.04799905 0.00900895
v -0.00250551 -0.04799905 0.00690213
v -0.00698231 -0.04799905 0.00773507
v -0.00530763 -0.04799905 0.00570243
v -0.00395833 -0.04799905 0.00361994
v -0.00806239 -0.04799905 0.00469731
v -0.00689503 -0.04799905 0.00271217
v -0.00593166 -0.04799905 0.00062981
v -0.00993104 -0.04799905 0.00203820
v -0.00906666 -0.04799905 -0.00005016
v -0.00819716 -0.04799905 -0.00210781
v -0.01229005 -0.04799905 -0.00065704
v -0.01147157 -0.04799905 -0.00279494
v -0.01045521 -0.04799905 -0.00484372
v -0.01484157 -0.04799905 -0.00366980
v -0.01373451 -0.04799905 -0.00610064
v -0.01690358 -0.04799905 -0.00749500
v -0.01502010 -0.04799905 -0.01043644
v -0.01799770 -0.04799905 -0.00449666
v -0.02114015 -0.04799905 -0.00527324
v -0.01550307 -0.04799905 -0.00103071
v -0.01861134 -0.04799905 -0.00133567
v -0.02173573 -0.04799905 -0.00163082
v -0.02169228 -0.04489749 -0.00172581
v -0.02171797 -0.04799905 0.00200965
v -0.01872957 -0.04799905 0.00183358
v -0.01826186 -0.04799905 0.00502254
v -0.01570155 -0.04799905 0.00429544
v -0.01467287 -0.04799905 0.00701866
v -0.01583729 -0.04799905 0.00158230
v -0.01297548 -0.04799905 0.00158013
v -0.02108650 -0.04495950 -0.00533764
v -0.01985548 -0.04799905 -0.00897499
v -0.00732741 -0.04799905 -0.00414850
v -0.00451002 -0.04799905 -0.00377824
v -0.00512324 -0.04799905 -0.00150434
v -0.00215883 -0.04799905 -0.00093618
v 0.00013548 -0.04799905 0.00232351
v -0.00292873 -0.04799905 0.00142223
v 0.00213622 -0.04799905 0.00595260
v -0.00101039 -0.04799905 0.00469108
v 0.00555418 -0.04799905 0.00753531
v 0.00346037 -0.04799905 0.00999086
v 0.00032909 -0.04799905 0.00828086
v 0.00666478 -0.04799905 0.01218658
v 0.00350249 -0.04799905 0.01429382
v 0.00080919 -0.04799905 0.01208871
v 0.00581487 -0.04799905 0.01706872
v 0.00156224 -0.04799905 0.01837776
v -0.00967897 -0.04799905 0.01953623
v -0.00637465 -0.04799905 0.02087187
v -0.00945784 -0.04513040 0.01962277
v -0.01257259 -0.04513821 0.01778836
v -0.01248860 -0.04231351 0.01783062
v -0.01535713 -0.04228421 0.01543397
v -0.01527931 -0.03949515 0.01550482
v -0.01775539 -0.03943607 0.01259674
v -0.01766713 -0.03666263 0.01273412
v -0.01960664 -0.03652542 0.00940851
v -0.01949867 -0.03376956 0.00966873
v -0.02089510 -0.03351859 0.00604734
v -0.02076924 -0.03085648 0.00648917
v -0.02164107 -0.03038382 0.00238873
v -0.02168855 -0.03007620 -0.00207766
v -0.02064345 -0.02821194 -0.00689851
v -0.02080348 -0.03059818 -0.00642893
v -0.01914333 -0.03137601 -0.01037319
v -0.01935982 -0.03377786 -0.00993774
v -0.01708949 -0.03429495 -0.01346988
v -0.01730983 -0.03682816 -0.01312827
v -0.01443184 -0.03703665 -0.01626061
v -0.01460982 -0.03958597 -0.01606049
v -0.01747340 -0.03944144 -0.01287557
v -0.01115852 -0.03967825 -0.01865618
v -0.01128212 -0.04235941 -0.01858680
v -0.01475618 -0.04234085 -0.01595215
v -0.00733430 -0.04237698 -0.02046104
v -0.00738728 -0.04516409 -0.02047452
v -0.01136696 -0.04516263 -0.01857531
v -0.00314918 -0.04516019 -0.02153230
v -0.00314540 -0.04799905 -0.02155488
v -0.00739888 -0.04799905 -0.02048819
v 0.00114415 -0.04515530 -0.02173784
v 0.00114549 -0.04799905 -0.02175339
v 0.00112096 -0.04799905 -0.01730866
v 0.00533159 -0.04799905 -0.02112155
v 0.00469249 -0.04799905 -0.01674696
v 0.00456310 -0.04799905 -0.01249707
v 0.00803368 -0.04799905 -0.01562547
v 0.00772484 -0.04799905 -0.01165154
v 0.00804283 -0.04799905 -0.00803917
v 0.01163207 -0.04799905 -0.00748738
v 0.01234667 -0.04799905 -0.00399960
v 0.01579930 -0.04799905 -0.00736112
v 0.01676323 -0.04799905 -0.00360582
v 0.01704344 -0.04799905 0.00032937
v 0.02150639 -0.04799905 -0.00353621
v 0.02176909 -0.04799905 0.00104716
v 0.02104332 -0.04799905 0.00569271
v 0.02171813 -0.04455277 0.00125972
v 0.02098546 -0.04448245 0.00575077
v 0.01925224 -0.04458792 0.01016630
v 0.01926427 -0.04799905 0.01025051
v 0.01922545 -0.04117777 0.01015197
v 0.01645116 -0.04147806 0.01421920
v 0.01643437 -0.04473782 0.01428785
v 0.01639269 -0.03833792 0.01427628
v 0.01273778 -0.03872513 0.01764147
v 0.01272618 -0.04169632 0.01762776
v 0.01264793 -0.03589456 0.01771527
v 0.00845738 -0.03629984 0.02006584
v 0.00844170 -0.03901370 0.02006545
v 0.00838872 -0.03370413 0.02008965
v 0.00402940 -0.03415189 0.02139527
v 0.00396043 -0.03660062 0.02140688
v 0.00402763 -0.03203421 0.02140243
v -0.00024202 -0.03231839 0.02178385
v -0.00035847 -0.03440579 0.02176890
v -0.00017122 -0.03036527 0.02177407
v -0.00415901 -0.03047366 0.02134771
v -0.00436836 -0.03242777 0.02131350
v -0.00395985 -0.02859964 0.02135697
v -0.00759511 -0.02845218 0.02034774
v -0.00790761 -0.03033743 0.02025947
v -0.00725087 -0.02663968 0.02047715
v -0.01048781 -0.02612601 0.01906134
v -0.01091029 -0.02801273 0.01883967
v -0.01004109 -0.02436429 0.01930615
v -0.01286171 -0.02353128 0.01750596
v -0.01339644 -0.02543558 0.01712029
v -0.01228987 -0.02170169 0.01795548
v -0.01470424 -0.02053226 0.01603308
v -0.01536171 -0.02252737 0.01539014
v -0.01397829 -0.01862112 0.01671461
v -0.01602443 -0.01716409 0.01473185
v -0.01681270 -0.01921097 0.01380500
v -0.01551698 -0.01531595 0.01600352
v -0.01706361 -0.01356302 0.01396705
v -0.01776381 -0.01555277 0.01258218
v -0.01793416 -0.01233939 0.01601474
v -0.01914735 -0.01038870 0.01380352
v -0.01842738 -0.01191556 0.01163732
v -0.02009907 -0.00841898 0.01138475
v -0.01968861 -0.01013431 0.00934736
v -0.02080067 -0.00650736 0.00880200
v -0.02068471 -0.00850882 0.00688012
v -0.02130519 -0.00452689 0.01084792
v -0.02162312 -0.00253763 0.00814597
v -0.02141994 -0.00467874 0.00622406
v -0.02176887 -0.00033987 0.01005798
v -0.02173848 0.00156540 0.00743858
v -0.02175832 -0.00066019 0.00555886
v -0.02143367 0.00384860 0.00935657
v -0.02126381 0.00558737 0.00704102
v -0.02161244 0.00341452 0.00501069
v -0.02035542 0.00776608 0.00924921
v -0.02050441 0.00947214 0.00738883
v -0.02133601 0.00742087 0.00490762
v -0.01931312 0.01170895 0.01010375
v -0.01993672 0.01359909 0.00875208
v -0.02105873 0.01142136 0.00555001
v -0.01927858 0.01014157 0.01167487
v -0.01777827 0.01258737 0.01406436
v -0.01770216 0.01400778 0.01270352
v -0.02084621 0.00626608 0.01139218
v -0.01986592 0.00879343 0.01359163
v -0.01851271 0.01143600 0.01584797
v -0.01671205 0.01392233 0.01797850
v -0.02045180 0.00736081 0.01584658
v -0.01917317 0.01024557 0.01786017
v -0.01742238 0.01297556 0.01981678
v -0.01521455 0.01552878 0.02156279
v -0.01811592 0.01203171 0.02187254
v -0.01587147 0.01484860 0.02342115
v -0.01318312 0.01726804 0.02472750
v -0.01648164 0.01417184 0.02555328
v -0.01374153 0.01685007 0.02666307
v -0.01062129 0.01898239 0.02761013
v -0.01426033 0.01641647 0.02875920
v -0.01104591 0.01875876 0.02955511
v -0.00747176 0.02041452 0.03015644
v -0.01141786 0.01854098 0.03164842
v -0.00773946 0.02032077 0.03214283
v -0.00377125 0.02141647 0.03240889
v -0.00796693 0.02023093 0.03424754
v -0.00390266 0.02138620 0.03443988
v 0.00024382 0.02177389 0.03450110
v -0.00401063 0.02138181 0.03684715
v 0.00024150 0.02177878 0.03687403
v 0.00440172 0.02131638 0.03682346
v 0.00429247 0.02133639 0.03439981
v 0.00024388 0.02176999 0.03944226
v 0.00448717 0.02129147 0.03940520
v 0.00846129 0.02004782 0.03933013
v 0.00830522 0.02012155 0.03670175
v 0.00027287 0.02175632 0.04217118
v 0.00456999 0.02126706 0.04213499
v 0.00858940 0.01999020 0.04207939
v 0.01218480 0.01803220 0.04201371
v 0.01205315 0.01812106 0.03921386
v 0.00465923 0.02127145 0.04504243
v 0.00869170 0.01996921 0.04501759
v 0.01226854 0.01800778 0.04499247
v 0.01533360 0.01546335 0.04496212
v 0.01527782 0.01548141 0.04195278
v 0.00878172 0.01995505 0.04800860
v 0.01233104 0.01798874 0.04800860
v 0.01537560 0.01547800 0.04800860
v 0.01781883 0.01255954 0.04800860
v 0.01052208 0.01479001 0.04800860
v 0.01319237 0.01290915 0.04800860
v 0.00914061 0.01158249 0.04800860
v 0.01157298 0.01015427 0.04800860
v 0.00820030 0.00835593 0.04800860
v 0.01051579 0.00724509 0.04800860
v 0.00758250 0.00533200 0.04800860
v 0.00991637 0.00448532 0.04800860
v 0.01246446 0.00344479 0.04800860
v 0.00939824 0.00193405 0.04800860
v 0.01210179 0.00079196 0.04800860
v 0.01528545 0.00249167 0.04800860
v 0.01507433 -0.00044144 0.04800860
v 0.01838518 0.00200729 0.04800860
v 0.01789867 0.00530124 0.04800860
v 0.01825859 -0.00141409 0.04800860
v 0.02172704 0.00189597 0.04800860
v 0.02103087 0.00573483 0.04800860
v 0.01970085 0.00931979 0.04800860
v 0.02105132 0.00549069 0.04471148
v 0.01975377 0.00914743 0.04479740
v 0.01976781 0.00906833 0.04159730
v 0.01782085 0.01246530 0.04182205
v 0.01783836 0.01248972 0.04489344
v 0.01772966 0.01254782 0.03875727
v 0.01516167 0.01558688 0.03902754
v 0.01760387 0.01279489 0.03593581
v 0.01499278 0.01577585 0.03627122
v 0.01187279 0.01825925 0.03650943
v 0.01473766 0.01599020 0.03368008
v 0.01163994 0.01838864 0.03399302
v 0.00812608 0.02017722 0.03421003
v 0.01136809 0.01854782 0.03173113
v 0.00793272 0.02026266 0.03210255
v 0.00418163 0.02136472 0.03237433
v 0.00770531 0.02035251 0.03013879
v 0.00405907 0.02137643 0.03044550
v 0.00026524 0.02177243 0.03057421
v 0.00025230 0.02178024 0.03247513
v 0.00028075 0.02175436 0.02877298
v -0.00347322 0.02142038 0.02869576
v -0.00361909 0.02142770 0.03050083
v -0.00331691 0.02145212 0.02708663
v -0.00680861 0.02063278 0.02660678
v -0.00716371 0.02049655 0.02832921
v -0.00647652 0.02075583 0.02510690
v -0.00967323 0.01949020 0.02421471
v -0.01014497 0.01923532 0.02580074
v -0.00918495 0.01972116 0.02268192
v -0.01199519 0.01815964 0.02141535
v -0.01260902 0.01769186 0.02301364
v -0.01131575 0.01859616 0.01983656
v -0.01376436 0.01689841 0.01820843
v -0.01451527 0.01620798 0.01983471
v -0.01359114 0.01803952 0.01703791
v -0.01578700 0.01617966 0.01501422
v -0.01591261 0.01486081 0.01629088
v -0.01642049 0.01794138 0.01427566
v -0.01836842 0.01584860 0.01169301
v -0.01891811 0.01783884 0.01076141
v -0.02046626 0.01570407 0.00739869
v -0.01695924 0.01982223 0.01360609
v -0.01941286 0.02003366 0.00980685
v -0.01742390 0.02182663 0.01297162
v -0.01976924 0.02249069 0.00912019
v -0.02112776 0.02072702 0.00520430
v -0.01783333 0.02414987 0.01245671
v -0.01998799 0.02524509 0.00859133
v -0.02123677 0.02384811 0.00472124
v -0.02129353 0.02704196 0.00445855
v -0.02176173 0.02646188 0.00055296
v -0.02177095 0.02300973 0.00050082
v -0.02144838 0.02343747 -0.00373349
v -0.02134291 0.02026266 -0.00429312
v -0.02151576 0.02670261 -0.00332997
v -0.02037422 0.02463473 -0.00761960
v -0.02012282 0.02184128 -0.00823849
v -0.01835658 0.02354196 -0.01167737
v -0.01791823 0.02119870 -0.01230786
v -0.01977553 0.01924899 -0.00904833
v -0.01740370 0.01919772 -0.01301577
v -0.01930666 0.01704147 -0.01000983
v -0.02072798 0.01498581 -0.00660212
v -0.02020998 0.01277780 -0.00805956
v -0.02125429 0.01081686 -0.00472393
v -0.01873341 0.01501120 -0.01106305
v -0.01962154 0.01076999 -0.00944570
v -0.02088954 0.00869626 -0.00666860
v -0.02152412 0.00685300 -0.00400043
v -0.02090980 0.00677731 -0.00859330
v -0.02146461 0.00468454 -0.00607128
v -0.02169032 0.00277780 -0.00366588
v -0.02161836 0.00254196 -0.00822860
v -0.02174165 0.00050388 -0.00571711
v -0.02174562 -0.00143314 -0.00320633
v -0.02170308 -0.00175345 -0.00765422
v -0.02159322 -0.00372318 -0.00505876
v -0.02166591 -0.00566019 -0.00257168
v -0.02142671 -0.00406888 -0.00939408
v -0.02125514 -0.00602103 -0.00680575
v -0.02139650 -0.00800101 -0.00444019
v -0.02167097 -0.00998636 -0.00204232
v -0.02042909 -0.00823636 -0.00845636
v -0.02089821 -0.01031888 -0.00640446
v -0.02136732 -0.01248294 -0.00416542
v -0.02169551 -0.01450003 -0.00167873
v -0.02075844 -0.01478519 -0.00654036
v -0.02134810 -0.01719583 -0.00425683
v -0.02054073 -0.01924612 -0.00713866
v -0.01978206 -0.01681107 -0.00906217
v -0.01912056 -0.02089896 -0.01036234
v -0.01981868 -0.02328812 -0.00900479
v -0.01831532 -0.01859866 -0.01170679
v -0.01715950 -0.02224417 -0.01330413
v -0.01783748 -0.02449612 -0.01243845
v -0.01540816 -0.02544730 -0.01533211
v -0.01595863 -0.02755911 -0.01479043
v -0.01841841 -0.02674857 -0.01158455
v -0.01640486 -0.02968460 -0.01427944
v -0.01884389 -0.02899710 -0.01090592
v -0.01350874 -0.03019925 -0.01705200
v -0.01388673 -0.03225296 -0.01674757
v -0.01679286 -0.03191263 -0.01384599
v -0.01049757 -0.03256204 -0.01904966
v -0.01076619 -0.03470706 -0.01890243
v -0.01420021 -0.03457913 -0.01648491
v -0.00694221 -0.03476859 -0.02058976
v -0.00711818 -0.03719144 -0.02054915
v -0.01099519 -0.03713870 -0.01878255
v -0.00299879 -0.03719095 -0.02153282
v -0.00307594 -0.03971390 -0.02151495
v -0.00724428 -0.03971439 -0.02049542
v 0.00116582 -0.03967972 -0.02172545
v 0.00115111 -0.04236722 -0.02172082
v -0.00312685 -0.04238480 -0.02150889
v 0.00533702 -0.04231888 -0.02108476
v 0.00533672 -0.04513968 -0.02110024
v 0.00926964 -0.04510648 -0.01969570
v 0.00924535 -0.04799905 -0.01972595
v 0.01276512 -0.04506058 -0.01763487
v 0.01281444 -0.04215530 -0.01758819
v 0.01581224 -0.04500052 -0.01496742
v 0.00927629 -0.04225198 -0.01968306
v 0.01588774 -0.04203226 -0.01486791
v 0.01840819 -0.04493216 -0.01163519
v 0.01830254 -0.04799905 -0.01184701
v 0.01846910 -0.04189359 -0.01151037
v 0.02036998 -0.04482376 -0.00770485
v 0.02030467 -0.04799905 -0.00793464
v 0.02152556 -0.04469778 -0.00331025
v 0.02152696 -0.04143362 -0.00317953
v 0.02040044 -0.04170023 -0.00757132
v 0.02167070 -0.04108450 0.00139130
v 0.02150591 -0.03817288 -0.00322482
v 0.02169005 -0.03764017 0.00139009
v 0.02094194 -0.04093655 0.00582969
v 0.02091826 -0.03737845 0.00592186
v 0.02171880 -0.03432620 0.00119847
v 0.02091222 -0.03391409 0.00603543
v 0.01907213 -0.03448245 0.01048923
v 0.01916802 -0.03776077 0.01025148
v 0.01885942 -0.03137454 0.01085668
v 0.01598821 -0.03249515 0.01475122
v 0.01626201 -0.03530374 0.01447842
v 0.01561418 -0.02991068 0.01515994
v 0.01244212 -0.03317435 0.01784905
v 0.01215575 -0.03079788 0.01805355
v 0.01509917 -0.02749515 0.01566603
v 0.01177184 -0.02858304 0.01829016
v 0.00802092 -0.02944193 0.02023913
v 0.00823882 -0.03152933 0.02016203
v 0.00773155 -0.02744827 0.02032076
v 0.00385960 -0.02808792 0.02139428
v 0.00395860 -0.03002249 0.02139808
v 0.00374474 -0.02648782 0.02143157
v -0.00004390 -0.02684964 0.02176901
v -0.00009322 -0.02849564 0.02175122
v -0.00001784 -0.02528323 0.02178178
v -0.00358064 -0.02533694 0.02145439
v -0.00377394 -0.02692093 0.02140539
v -0.00339851 -0.02373831 0.02150190
v -0.00659151 -0.02337210 0.02073854
v -0.00692403 -0.02499319 0.02061663
v -0.00619514 -0.02173782 0.02088121
v -0.00903059 -0.02094583 0.01981781
v -0.00956654 -0.02264456 0.01955570
v -0.00904689 -0.01978714 0.02096699
v -0.01151405 -0.01848148 0.01950215
v -0.01164522 -0.01989114 0.01840762
v -0.01221895 -0.01798831 0.02129471
v -0.01445985 -0.01625784 0.01971144
v -0.01366695 -0.01697708 0.01782417
v -0.01524086 -0.01549368 0.02178648
v -0.01720338 -0.01326126 0.02015679
v -0.01636397 -0.01432669 0.01796157
v -0.01600630 -0.01466556 0.02407193
v -0.01803975 -0.01214749 0.02261450
v -0.01876820 -0.01101419 0.01830429
v -0.01961439 -0.00946732 0.02087695
v -0.02064357 -0.00689310 0.01859772
v -0.01991420 -0.00878323 0.01610681
v -0.02130836 -0.00452444 0.01575535
v -0.02074123 -0.00661527 0.01355463
v -0.02167427 -0.00207571 0.01775226
v -0.02177138 0.00009665 0.01473364
v -0.02164467 -0.00234866 0.01285910
v -0.02176387 0.00081491 0.01959017
v -0.02159431 0.00283932 0.01658750
v -0.02127785 0.00464059 0.01384741
v -0.02169331 0.00204880 0.01190913
v -0.02096535 0.00585007 0.01839465
v -0.01979884 0.00898923 0.02019587
v -0.02136165 0.00423044 0.02130484
v -0.02032368 0.00775729 0.02279362
v -0.01869301 0.01113376 0.02420799
v -0.02075600 0.00654684 0.02569598
v -0.01920540 0.01021921 0.02680809
v -0.01701704 0.01352585 0.02784764
v -0.01958571 0.00941354 0.02950709
v -0.01747572 0.01293845 0.03028419
v -0.01470613 0.01602341 0.03105961
v -0.01786812 0.01243747 0.03300628
v -0.01508974 0.01568356 0.03353658
v -0.01175838 0.01833200 0.03397361
v -0.01537831 0.01541208 0.03609238
v -0.01201851 0.01815964 0.03645293
v -0.00816627 0.02018014 0.03672952
v -0.01222584 0.01800973 0.03920784
v -0.00832545 0.02010886 0.03936244
v -0.00409407 0.02137106 0.03943285
v -0.00842946 0.02006345 0.04216311
v -0.00413716 0.02136374 0.04219014
v -0.00415224 0.02137350 0.04507139
v 0.00031847 0.02177389 0.04506105
v -0.00415291 0.02141501 0.04800860
v 0.00037969 0.02180026 0.04800860
v 0.00475755 0.02127487 0.04800860
v 0.00035619 0.01775876 0.04800860
v 0.00403417 0.01731393 0.04800860
v 0.00745848 0.01627145 0.04800860
v 0.00352440 0.01353268 0.04800860
v 0.00644780 0.01274655 0.04800860
v 0.00315868 0.00982907 0.04800860
v 0.00573570 0.00922897 0.04800860
v 0.00295836 0.00625827 0.04800860
v 0.00527916 0.00591159 0.04800860
v 0.00293211 0.00284763 0.04800860
v 0.00507457 0.00274899 0.04800860
v 0.00714769 0.00250681 0.04800860
v 0.00510094 -0.00028372 0.04800860
v 0.00306981 -0.00064749 0.04800860
v 0.00550584 -0.00365628 0.04800860
v 0.00344249 -0.00429886 0.04800860
v 0.00672704 -0.00739749 0.04800860
v 0.00882683 -0.00605374 0.04800860
v 0.00429161 -0.00834818 0.04800860
v 0.00849303 -0.01095511 0.04800860
v 0.01105638 -0.00899319 0.04800860
v 0.01308592 -0.00640628 0.04800860
v 0.01357604 -0.01168900 0.04800860
v 0.01594902 -0.00845755 0.04800860
v 0.01748937 -0.00491800 0.04800860
v 0.01913792 -0.01046048 0.04800860
v 0.02088945 -0.00629788 0.04800860
v 0.02171715 -0.00209476 0.04800860
v 0.02082903 -0.00640823 0.04475480
v 0.02167455 -0.00223099 0.04464878
v 0.02168919 0.00170261 0.04460961
v 0.02162926 -0.00239847 0.04129653
v 0.02165941 0.00154831 0.04119537
v 0.02104497 0.00539059 0.04134149
v 0.02168163 0.00149704 0.03785365
v 0.02103771 0.00540671 0.03806087
v 0.02101616 0.00555905 0.03486746
v 0.01963713 0.00936374 0.03542834
v 0.01972630 0.00913669 0.03841789
v 0.01947527 0.00973825 0.03255515
v 0.01737279 0.01309714 0.03322124
v 0.01921190 0.01027145 0.02984953
v 0.01706078 0.01350681 0.03064106
v 0.01442284 0.01627438 0.03127559
v 0.01665520 0.01401755 0.02831874
v 0.01405071 0.01660690 0.02905023
v 0.01105504 0.01874655 0.02966650
v 0.01359215 0.01696335 0.02692939
v 0.01067912 0.01891110 0.02767698
v 0.00744463 0.02042380 0.02826149
v 0.01025096 0.01914499 0.02580844
v 0.00714653 0.02053610 0.02652241
v 0.00393987 0.02137057 0.02861704
v 0.00380870 0.02140622 0.02698694
v 0.00367082 0.02144479 0.02549300
v 0.00030864 0.02176901 0.02570597
v 0.00029088 0.02175925 0.02717374
v 0.00034404 0.02178073 0.02420442
v -0.00291676 0.02156686 0.02411671
v -0.00312569 0.02150876 0.02560530
v -0.00269405 0.02162985 0.02261407
v -0.00573946 0.02101413 0.02209445
v -0.00612544 0.02087936 0.02360181
v -0.00559511 0.02185593 0.02106924
v -0.00845485 0.02091208 0.02007003
v -0.00863112 0.01998581 0.02115084
v -0.00881337 0.02244284 0.01989727
v -0.01159914 0.02120602 0.01839948
v -0.01113228 0.01962155 0.01871488
v -0.01200087 0.02286423 0.01812436
v -0.01462959 0.02151022 0.01607389
v -0.01413478 0.01971725 0.01654951
v -0.01505104 0.02334128 0.01565946
v -0.01235738 0.02461227 0.01785481
v -0.01546858 0.02550534 0.01528853
v -0.01270180 0.02656638 0.01761389
v -0.01577779 0.02772165 0.01499267
v -0.01814308 0.02658151 0.01203379
v -0.01299544 0.02866501 0.01745677
v -0.01599824 0.03015378 0.01473528
v -0.01834834 0.02917184 0.01170580
v -0.01848134 0.03204587 0.01148311
v -0.02022145 0.03121481 0.00803962
v -0.02014174 0.02806442 0.00824764
v -0.02023463 0.03439352 0.00796747
v -0.02129774 0.03377536 0.00431723
v -0.02131544 0.03037595 0.00433589
v -0.02176210 0.03342966 0.00070454
v -0.02176283 0.02990720 0.00061662
v -0.02154347 0.03010251 -0.00306688
v -0.02155861 0.03358249 -0.00285457
v -0.02068812 0.03076462 -0.00674234
v -0.02057155 0.02752975 -0.00711236
v -0.02073952 0.03407028 -0.00648412
v -0.01917329 0.03161081 -0.01032223
v -0.01897633 0.02865329 -0.01069007
v -0.01669099 0.02979196 -0.01395147
v -0.01637154 0.02732468 -0.01431366
v -0.01869038 0.02602048 -0.01116444
v -0.01353865 0.02840427 -0.01700382
v -0.01322505 0.02637057 -0.01724242
v -0.01600569 0.02508444 -0.01467513
v -0.01285255 0.02443454 -0.01750654
v -0.01557063 0.02297165 -0.01515455
v -0.01245961 0.02269528 -0.01779445
v -0.01509407 0.02110739 -0.01563732
v -0.01201100 0.02101755 -0.01814740
v -0.01457844 0.01931882 -0.01613765
v -0.01684297 0.01733835 -0.01378355
v -0.01402919 0.01758493 -0.01666653
v -0.01618190 0.01556931 -0.01456493
v -0.01424867 0.01646530 -0.01787819
v -0.01644270 0.01427243 -0.01594995
v -0.01809437 0.01317233 -0.01215697
v -0.01835170 0.01173434 -0.01366237
v -0.01981160 0.00909372 -0.01113270
v -0.01720998 0.01330954 -0.01770375
v -0.01907832 0.01048044 -0.01553746
v -0.02043623 0.00749069 -0.01314612
v -0.02123103 0.00483347 -0.01072921
v -0.01971870 0.00921872 -0.01760430
v -0.02097395 0.00575827 -0.01541498
v -0.02157582 0.00281100 -0.01305542
v -0.02175203 0.00035837 -0.01039753
v -0.02167244 -0.00197366 -0.01231919
v -0.02129695 -0.00449075 -0.01377142
v -0.02086677 -0.00648050 -0.01095877
v -0.02046529 -0.00736868 -0.01512290
v -0.01984914 -0.00893021 -0.01251120
v -0.01927101 -0.01055960 -0.01018251
v -0.01808107 -0.01270902 -0.01218749
v -0.01895900 -0.01464407 -0.01071480
v -0.02004958 -0.01254544 -0.00848839
v -0.01746345 -0.01655423 -0.01297966
v -0.01656013 -0.01470218 -0.01415893
v -0.01559950 -0.01829007 -0.01517039
v -0.01641176 -0.02021390 -0.01425554
v -0.01479079 -0.01656009 -0.01598195
v -0.01343989 -0.01984134 -0.01709259
v -0.01413588 -0.02158060 -0.01648018
v -0.01149434 -0.02272806 -0.01843370
v -0.01203340 -0.02437698 -0.01807047
v -0.01476002 -0.02339261 -0.01590338
v -0.00904762 -0.02523734 -0.01974222
v -0.00943129 -0.02680862 -0.01955506
v -0.01258101 -0.02619876 -0.01767257
v -0.00983327 -0.02862357 -0.01938421
v -0.01307991 -0.02815921 -0.01735306
v -0.00628615 -0.02896487 -0.02079490
v -0.00653566 -0.03075638 -0.02073159
v -0.01019655 -0.03053079 -0.01921786
v -0.00268983 -0.03087259 -0.02155874
v -0.00279652 -0.03278372 -0.02154956
v -0.00675764 -0.03272806 -0.02065100
v 0.00120390 -0.03272611 -0.02172441
v 0.00119658 -0.03474368 -0.02171241
v -0.00289723 -0.03478714 -0.02152665
v 0.00522398 -0.03461429 -0.02107411
v 0.00529155 -0.03703861 -0.02107145
v 0.00118285 -0.03713821 -0.02172853
v 0.00918718 -0.03687845 -0.01971823
v 0.00925804 -0.03950101 -0.01969468
v 0.00532591 -0.03960257 -0.02108210
v 0.01280687 -0.03933011 -0.01759494
v 0.01271758 -0.03659476 -0.01766427
v 0.01589488 -0.03912210 -0.01486414
v 0.01582097 -0.03625394 -0.01494778
v 0.01846385 -0.03890726 -0.01151386
v 0.01838323 -0.03595413 -0.01163295
v 0.02037920 -0.03859964 -0.00760476
v 0.02029759 -0.03559329 -0.00779615
v 0.02145342 -0.03504446 -0.00348259
v 0.02138396 -0.03196780 -0.00402916
v 0.02014018 -0.03261771 -0.00822691
v 0.01985002 -0.02979886 -0.00885068
v 0.02120018 -0.02902396 -0.00486371
v 0.01820873 -0.03317386 -0.01191143
v 0.01795024 -0.03047611 -0.01231521
v 0.01756139 -0.02804007 -0.01282232
v 0.01950206 -0.02710013 -0.00959063
v 0.01564409 -0.03367044 -0.01513436
v 0.01538731 -0.03115335 -0.01538711
v 0.01503124 -0.02890042 -0.01571946
v 0.01461601 -0.02678812 -0.01607286
v 0.01709691 -0.02570706 -0.01343696
v 0.01234203 -0.03175638 -0.01793004
v 0.01206480 -0.02959769 -0.01811898
v 0.01172221 -0.02767288 -0.01832133
v 0.01133965 -0.02583499 -0.01855301
v 0.01415569 -0.02479251 -0.01647383
v 0.00845775 -0.02839066 -0.02002731
v 0.00818730 -0.02669827 -0.02012793
v 0.00789928 -0.02516946 -0.02024578
v 0.00490819 -0.02884671 -0.02111710
v 0.00474535 -0.02721585 -0.02116553
v 0.00459654 -0.02578323 -0.02122554
v 0.00445488 -0.02441263 -0.02127228
v 0.00116045 -0.02607718 -0.02170715
v 0.00115398 -0.02469290 -0.02171013
v 0.00113670 -0.02322220 -0.02171944
v -0.00220174 -0.02468607 -0.02163038
v -0.00206038 -0.02323538 -0.02166241
v -0.00194661 -0.02193021 -0.02168755
v -0.00516780 -0.02289456 -0.02115114
v -0.00488533 -0.02155130 -0.02123308
v -0.00504848 -0.02119778 -0.02265720
v -0.00770076 -0.02079495 -0.02039746
v -0.00796602 -0.02028323 -0.02184903
v -0.00836610 -0.02009818 -0.02348326
v -0.01064583 -0.01897855 -0.02071438
v -0.01115938 -0.01866605 -0.02241594
v -0.01160677 -0.01838528 -0.02410330
v -0.01366981 -0.01690384 -0.02114579
v -0.01417543 -0.01647513 -0.02298465
v -0.01465651 -0.01604642 -0.02492315
v -0.01201430 -0.01812503 -0.02579657
v -0.01642897 -0.01421439 -0.02181504
v -0.01696803 -0.01359476 -0.02392498
v -0.01740108 -0.01306937 -0.02612446
v -0.01510945 -0.01562308 -0.02697559
v -0.01834962 -0.01166507 -0.02041922
v -0.01888917 -0.01083792 -0.02280400
v -0.01926283 -0.01014505 -0.02523007
v -0.01956374 -0.00953861 -0.02769957
v -0.01778346 -0.01254691 -0.02845067
v -0.02031062 -0.00777542 -0.02180598
v -0.02062038 -0.00693802 -0.02443496
v -0.02083491 -0.00627152 -0.02702622
v -0.02097646 -0.00575540 -0.02976290
v -0.01980379 -0.00905081 -0.03030762
v -0.02159694 -0.00272757 -0.02657434
v -0.02165285 -0.00232913 -0.02935571
v -0.02168953 -0.00200980 -0.03223571
v -0.02108205 -0.00537210 -0.03252030
v -0.02174550 0.00120993 -0.02664964
v -0.02174184 0.00130856 -0.02939190
v -0.02172945 0.00143405 -0.03231524
v -0.02111293 0.00529587 -0.03007927
v -0.02113338 0.00515720 -0.03282411
v -0.02171492 0.00155759 -0.03529421
v -0.02170216 -0.00178372 -0.03523888
v -0.02170930 -0.00158939 -0.03835885
v -0.02115443 -0.00484622 -0.03854038
v -0.02112337 -0.00506497 -0.03548779
v -0.02168855 0.00166306 -0.03839136
v -0.02111787 0.00509225 -0.03570401
v -0.02109993 0.00509177 -0.03869098
v -0.02165327 0.00179929 -0.04155375
v -0.02170515 -0.00143069 -0.04151342
v -0.02172603 -0.00129886 -0.04475562
v -0.02126582 -0.00456253 -0.04480702
v -0.02118837 -0.00467435 -0.04162223
v -0.02167299 0.00195749 -0.04477301
v -0.02170839 0.00215817 -0.04799140
v -0.02175880 -0.00116849 -0.04799140
v -0.02108131 0.00515915 -0.04175008
v -0.02109425 0.00529489 -0.04487003
v -0.02109212 0.00547458 -0.04799140
v -0.02001820 0.00852878 -0.04500213
v -0.02002461 0.00862692 -0.04799140
v -0.01733412 0.00538913 -0.04799140
v -0.01766664 0.00246677 -0.04799140
v -0.01368294 0.00337106 -0.04799140
v -0.01354848 0.00062253 -0.04799140
v -0.01761842 -0.00044632 -0.04799140
v -0.01317665 -0.00207425 -0.04799140
v -0.01721297 -0.00335159 -0.04799140
v -0.02134102 -0.00447855 -0.04799140
v -0.01646400 -0.00614798 -0.04799140
v -0.02038783 -0.00769925 -0.04799140
v -0.02032277 -0.00777591 -0.04489130
v -0.01892458 -0.01081058 -0.04799140
v -0.01884492 -0.01091507 -0.04497463
v -0.02023885 -0.00790042 -0.04183066
v -0.01874831 -0.01104691 -0.04198650
v -0.02015675 -0.00808499 -0.03879011
v -0.01862971 -0.01123099 -0.03904314
v -0.02007069 -0.00831253 -0.03586063
v -0.01849116 -0.01144388 -0.03617948
v -0.01996571 -0.00866019 -0.03297569
v -0.01832057 -0.01174368 -0.03344993
v -0.01809236 -0.01210745 -0.03084870
v -0.01611073 -0.01465189 -0.03384650
v -0.01582344 -0.01492093 -0.03137858
v -0.01549037 -0.01525784 -0.02914475
v -0.01307222 -0.01740628 -0.03187954
v -0.01276552 -0.01762845 -0.02972416
v -0.01241530 -0.01786673 -0.02771114
v -0.00962477 -0.01953030 -0.03030704
v -0.00934334 -0.01965042 -0.02842209
v -0.00901668 -0.01980569 -0.02662585
v -0.00593190 -0.02092874 -0.02895349
v -0.00573231 -0.02098294 -0.02723754
v -0.00554353 -0.02103568 -0.02573847
v -0.00870308 -0.01995071 -0.02505148
v -0.00216573 -0.02165872 -0.02611622
v -0.00208101 -0.02167191 -0.02466613
v -0.00531496 -0.02110696 -0.02424695
v 0.00125481 -0.02172513 -0.02475372
v 0.00117265 -0.02173880 -0.02323771
v -0.00198524 -0.02169144 -0.02310006
v 0.00427379 -0.02134671 -0.02292958
v 0.00405187 -0.02139652 -0.02160713
v 0.00107121 -0.02175247 -0.02175293
v 0.00693095 -0.02065140 -0.02090796
v 0.00719792 -0.02209329 -0.02054712
v 0.00422771 -0.02282571 -0.02133741
v 0.01001952 -0.02099661 -0.01934381
v 0.01050823 -0.02260013 -0.01905295
v 0.00757958 -0.02368069 -0.02038232
v 0.01313518 -0.02133402 -0.01731836
v 0.01364555 -0.02298685 -0.01691132
v 0.01094334 -0.02417728 -0.01880546
v 0.01602257 -0.02162796 -0.01467132
v 0.01658257 -0.02357913 -0.01405189
v 0.01797295 -0.02007132 -0.01223913
v 0.01859441 -0.02220413 -0.01127887
v 0.01910692 -0.02454349 -0.01042669
v 0.02005534 -0.02080814 -0.00840574
v 0.02054332 -0.02342386 -0.00717701
v 0.02091301 -0.02614066 -0.00600041
v 0.02144627 -0.02219339 -0.00367643
v 0.02167857 -0.02510013 -0.00191166
v 0.02108812 -0.01942581 -0.00533541
v 0.02164409 -0.01800394 -0.00237986
v 0.02177831 -0.02077737 -0.00028508
v 0.02178709 -0.01642874 0.00033346
v 0.02164165 -0.01916507 0.00263185
v 0.02160814 -0.01472171 0.00279104
v 0.02120885 -0.01741019 0.00497100
v 0.02045976 -0.02000540 0.00743849
v 0.01970299 -0.01765237 0.00927353
v 0.01920897 -0.02201370 0.01023282
v 0.01832512 -0.01964896 0.01170542
v 0.01716997 -0.02376859 0.01333617
v 0.01789311 -0.02614554 0.01241465
v 0.01636833 -0.02150882 0.01429406
v 0.01448479 -0.02527298 0.01617697
v 0.01381664 -0.02313626 0.01677488
v 0.01131981 -0.02651566 0.01852804
v 0.01082280 -0.02456839 0.01881641
v 0.01031664 -0.02281253 0.01914011
v 0.00711827 -0.02409085 0.02057667
v 0.00743376 -0.02572903 0.02044777
v 0.00668999 -0.02233890 0.02073007
v 0.00343840 -0.02317630 0.02150478
v 0.00361076 -0.02491800 0.02146802
v 0.00327776 -0.02153714 0.02182643
v 0.00001469 -0.02222269 0.02182196
v 0.00000066 -0.02368509 0.02180280
v 0.00003569 -0.02180130 0.02325615
v -0.00327870 -0.02152542 0.02290513
v -0.00319856 -0.02219486 0.02155491
v -0.00347420 -0.02147562 0.02460401
v -0.00672804 -0.02069534 0.02385187
v -0.00629915 -0.02084085 0.02212821
v -0.00709364 -0.02055618 0.02551822
v -0.01017049 -0.01918948 0.02446168
v -0.00963722 -0.01947757 0.02270502
v -0.00746004 -0.02040482 0.02726126
v -0.01072383 -0.01886185 0.02639891
v -0.01290193 -0.01745560 0.02322396
v -0.01357881 -0.01694583 0.02532035
v -0.01124757 -0.01858548 0.02852576
v -0.01421150 -0.01646390 0.02762094
v -0.01673793 -0.01390286 0.02652000
v -0.01477156 -0.01596439 0.02996945
v -0.01732228 -0.01314456 0.02909445
v -0.01876674 -0.01104105 0.02523291
v -0.01526991 -0.01550638 0.03250047
v -0.01781038 -0.01248782 0.03180871
v -0.01569820 -0.01507425 0.03530876
v -0.01821101 -0.01190286 0.03467001
v -0.01978664 -0.00911478 0.03080442
v -0.02007021 -0.00843655 0.03393888
v -0.01850166 -0.01136966 0.03785132
v -0.02025832 -0.00790433 0.03736399
v -0.02123781 -0.00467972 0.03368544
v -0.02128456 -0.00434476 0.03716597
v -0.02179646 -0.00020560 0.03425204
v -0.02179268 0.00003757 0.03097892
v -0.02133894 0.00418307 0.03494672
v -0.02125917 0.00465036 0.03180589
v -0.02177687 -0.00024222 0.03757265
v -0.02136500 0.00394577 0.03812820
v -0.02021437 0.00800925 0.03850051
v -0.02010847 0.00829050 0.03544164
v -0.02176045 -0.00016409 0.04103497
v -0.02139406 0.00384518 0.04137895
v -0.02030336 0.00781833 0.04163137
v -0.01840181 0.01161716 0.04180557
v -0.02142372 0.00386032 0.04467128
v -0.02036781 0.00770944 0.04480093
v -0.01849654 0.01149460 0.04488937
v -0.01584437 0.01493893 0.04495681
v -0.01856471 0.01141306 0.04800860
v -0.01591804 0.01488571 0.04800860
v -0.01251771 0.01784616 0.04800860
v -0.01354347 0.01223923 0.04800860
v -0.01052406 0.01464987 0.04800860
v -0.00706825 0.01642868 0.04800860
v -0.00886018 0.01156296 0.04800860
v -0.00585274 0.01294821 0.04800860
v -0.00270949 0.01369333 0.04800860
v -0.00485048 0.00940768 0.04800860
v -0.00215297 0.00992966 0.04800860
v 0.00053172 0.01007516 0.04800860
v 0.00041380 0.01387741 0.04800860
v -0.00400099 0.00590817 0.04800860
v -0.00167750 0.00627341 0.04800860
v 0.00064458 0.00638229 0.04800860
v -0.00132094 0.00269772 0.04800860
v 0.00078954 0.00281052 0.04800860
v 0.00098790 -0.00089700 0.04800860
v -0.00109505 -0.00107816 0.04800860
v 0.00128691 -0.00476663 0.04800860
v -0.00091835 -0.00498196 0.04800860
v 0.00178349 -0.00889896 0.04800860
v -0.00085896 -0.00907474 0.04800860
v -0.00077455 -0.01333499 0.04800860
v 0.00242705 -0.01311234 0.04800860
v 0.00551012 -0.01234085 0.04800860
v -0.00069533 -0.01752152 0.04800860
v 0.00318932 -0.01723001 0.04800860
v 0.00698338 -0.01614310 0.04800860
v 0.01051732 -0.01428177 0.04800860
v 0.00413707 -0.02141605 0.04800860
v 0.00871526 -0.01998441 0.04800860
v 0.01287822 -0.01758060 0.04800860
v 0.01641734 -0.01433743 0.04800860
v 0.00877745 -0.01992386 0.04499826
v 0.01291246 -0.01753568 0.04497512
v 0.01639836 -0.01433353 0.04493006
v 0.01907292 -0.01052786 0.04485482
v 0.01290672 -0.01753030 0.04197790
v 0.01634148 -0.01437161 0.04186850
v 0.01898686 -0.01063333 0.04174110
v 0.02075310 -0.00657132 0.04152131
v 0.01888091 -0.01082816 0.03864698
v 0.02066747 -0.00676517 0.03833821
v 0.02160497 -0.00255911 0.03799608
v 0.02056310 -0.00706204 0.03528585
v 0.02157365 -0.00281204 0.03476719
v 0.02169670 0.00148093 0.03452539
v 0.02153807 -0.00316312 0.03169349
v 0.02170622 0.00151852 0.03132719
v 0.02096782 0.00585251 0.03175791
v 0.02042021 -0.00753030 0.03229465
v 0.02018858 -0.00811868 0.02945844
v 0.01849767 -0.01144437 0.03284950
v 0.01820940 -0.01192923 0.03012502
v 0.01983476 -0.00890140 0.02680011
v 0.01778716 -0.01253909 0.02769517
v 0.01935246 -0.00994486 0.02419225
v 0.02085796 -0.00623929 0.02311762
v 0.01727464 -0.01322415 0.02533179
v 0.01880388 -0.01096536 0.02173589
v 0.02031603 -0.00778030 0.02044784
v 0.02133727 -0.00432913 0.01916387
v 0.01968468 -0.00921097 0.01798337
v 0.02081065 -0.00633890 0.01654490
v 0.02145897 -0.00352152 0.01512868
v 0.02020000 -0.00804495 0.01415836
v 0.02104765 -0.00545364 0.01271723
v 0.02155132 -0.00298050 0.01124493
v 0.02052599 -0.00725247 0.01047089
v 0.02128166 -0.00487894 0.00894885
v 0.02162694 -0.00257962 0.00735112
v 0.02088854 -0.00662015 0.00683633
v 0.02150694 -0.00441019 0.00521044
v 0.02171745 -0.00219486 0.00349184
v 0.02161577 -0.00622611 0.00315104
v 0.02176042 -0.00402982 0.00137427
v 0.02178569 -0.00191898 -0.00044473
v 0.02174999 -0.00584476 -0.00076511
v 0.02168669 -0.00373441 -0.00257054
v 0.02175664 -0.00173929 -0.00442193
v 0.02180321 0.00012595 -0.00232490
v 0.02159313 -0.00757816 -0.00295717
v 0.02141203 -0.00551761 -0.00473639
v 0.02155223 -0.00360599 -0.00657916
v 0.02172020 -0.00167337 -0.00853170
v 0.02178764 0.00023337 -0.00636219
v 0.02073363 -0.00724905 -0.00682995
v 0.02108983 -0.00548831 -0.00869874
v 0.02147838 -0.00370023 -0.01070272
v 0.02171263 -0.00176077 -0.01278270
v 0.02177812 0.00031149 -0.01053399
v 0.02046794 -0.00747220 -0.01077994
v 0.02097838 -0.00582376 -0.01278246
v 0.02141234 -0.00398734 -0.01492271
v 0.02169951 -0.00184476 -0.01720663
v 0.02177782 0.00038669 -0.01490393
v 0.02079338 -0.00642484 -0.01690970
v 0.02129845 -0.00448099 -0.01927121
v 0.02036937 -0.00765189 -0.02107544
v 0.02089208 -0.00609134 -0.02358276
v 0.01977037 -0.00910550 -0.01873655
v 0.01891155 -0.01075833 -0.02261294
v 0.01945897 -0.00974564 -0.02493268
v 0.01992528 -0.00875247 -0.02736369
v 0.01749675 -0.01295511 -0.02607650
v 0.01798973 -0.01226761 -0.02837566
v 0.01838255 -0.01164163 -0.03075409
v 0.01550798 -0.01526517 -0.02918757
v 0.01591307 -0.01482620 -0.03139380
v 0.01627898 -0.01441995 -0.03386958
v 0.01289903 -0.01750443 -0.03193186
v 0.01323283 -0.01725540 -0.03423873
v 0.01351354 -0.01705423 -0.03671090
v 0.00969255 -0.01950345 -0.03449107
v 0.00992265 -0.01939407 -0.03689823
v 0.01009844 -0.01927200 -0.03950367
v 0.00591802 -0.02093411 -0.03707131
v 0.00602202 -0.02089993 -0.03959747
v 0.00609386 -0.02088040 -0.04228652
v 0.00172844 -0.02167484 -0.03966240
v 0.00172441 -0.02167630 -0.04232242
v 0.00169017 -0.02169778 -0.04512899
v 0.00612322 -0.02090970 -0.04511340
v -0.00258900 -0.02159476 -0.03967029
v -0.00265828 -0.02158402 -0.04232375
v -0.00274647 -0.02160159 -0.04512969
v -0.00283253 -0.02160843 -0.04799140
v 0.00163896 -0.02173636 -0.04799140
v -0.00685786 -0.02062796 -0.04230433
v -0.00699135 -0.02060550 -0.04512338
v -0.00711995 -0.02059525 -0.04799140
v -0.00619960 -0.01662015 -0.04799140
v -0.00255122 -0.01743021 -0.04799140
v -0.01084126 -0.01888089 -0.04510420
v -0.01096803 -0.01883011 -0.04799140
v -0.01414467 -0.01655862 -0.04506627
v -0.01429109 -0.01645511 -0.04799140
v -0.00944679 -0.01522513 -0.04799140
v -0.01681709 -0.01385501 -0.04502518
v -0.01694698 -0.01372855 -0.04799140
v -0.01541511 -0.00878275 -0.04799140
v -0.01182509 -0.00707571 -0.04799140
v -0.01257216 -0.00464944 -0.04799140
v -0.00854115 -0.00628177 -0.04799140
v -0.00895100 -0.00357864 -0.04799140
v -0.00592531 -0.00313284 -0.04799140
v -0.00561098 -0.00610550 -0.04799140
v -0.00545241 -0.00929544 -0.04799140
v -0.00285274 -0.00615189 -0.04799140
v -0.00257002 -0.00968948 -0.04799140
v -0.00557265 -0.01274954 -0.04799140
v -0.00245656 -0.01340823 -0.04799140
v 0.00029436 -0.00969241 -0.04799140
v 0.00077354 -0.01353372 -0.04799140
v 0.00122105 -0.01751273 -0.04799140
v 0.00403056 -0.01309720 -0.04799140
v 0.00503270 -0.01689652 -0.04799140
v 0.00611266 -0.02093362 -0.04799140
v 0.01039165 -0.01917777 -0.04799140
v 0.01032811 -0.01916898 -0.04508973
v 0.01405882 -0.01662161 -0.04505891
v 0.01392174 -0.01670560 -0.04215762
v 0.01023613 -0.01920120 -0.04222834
v 0.01698100 -0.01359036 -0.04207692
v 0.01679546 -0.01379642 -0.03916358
v 0.01374101 -0.01685208 -0.03938382
v 0.01913475 -0.01030423 -0.03886942
v 0.01895848 -0.01067532 -0.03603546
v 0.01657347 -0.01409866 -0.03646610
v 0.02058635 -0.00693167 -0.03545876
v 0.02046892 -0.00736868 -0.03255081
v 0.01870573 -0.01112357 -0.03332418
v 0.02154454 -0.00298782 -0.03482944
v 0.02153874 -0.00325491 -0.03168552
v 0.02024211 -0.00795413 -0.02995662
v 0.02176775 0.00090622 -0.03447817
v 0.02176268 0.00101511 -0.03118767
v 0.02145165 -0.00372708 -0.02887111
v 0.02118511 0.00495700 -0.03153040
v 0.02108073 0.00541061 -0.02846383
v 0.01991588 0.00879147 -0.03227056
v 0.01970689 0.00926511 -0.02946271
v 0.02120812 0.00467087 -0.03469542
v 0.02003923 0.00841061 -0.03526331
v 0.01819328 0.01195700 -0.03575697
v 0.01799883 0.01225778 -0.03295582
v 0.02121837 0.00451022 -0.03795236
v 0.02012248 0.00817380 -0.03832326
v 0.01830449 0.01177145 -0.03870036
v 0.01569786 0.01507761 -0.03898695
v 0.01557988 0.01521725 -0.03608535
v 0.02019383 0.00801901 -0.04154533
v 0.01840147 0.01162448 -0.04175651
v 0.01579277 0.01497702 -0.04191738
v 0.01245982 0.01784274 -0.04206598
v 0.01240917 0.01788376 -0.03924149
v 0.01585674 0.01492917 -0.04493540
v 0.01247759 0.01784811 -0.04501111
v 0.00842076 0.02007419 -0.04507378
v 0.00847820 0.02002682 -0.04219604
v 0.01589519 0.01491501 -0.04799140
v 0.01246544 0.01788864 -0.04799140
v 0.00833604 0.02016354 -0.04799140
v 0.00376384 0.02147311 -0.04799140
v 0.00392931 0.02142770 -0.04511659
v 0.00689909 0.01667770 -0.04799140
v 0.00292955 0.01763962 -0.04799140
v -0.00114589 0.01776169 -0.04799140
v -0.00093617 0.02177292 -0.04799140
v 0.00572276 0.01346628 -0.04799140
v 0.00229186 0.01412204 -0.04799140
v -0.00127547 0.01408395 -0.04799140
v -0.00467000 0.01339157 -0.04799140
v -0.00506264 0.01706442 -0.04799140
v 0.00179222 0.01072751 -0.04799140
v -0.00130861 0.01054977 -0.04799140
v -0.00434071 0.00990427 -0.04799140
v -0.00740114 0.00883395 -0.04799140
v -0.00791884 0.01212985 -0.04799140
v -0.00127125 0.00718503 -0.04799140
v -0.00406978 0.00661472 -0.04799140
v -0.00701472 0.00571725 -0.04799140
v -0.01017445 0.00456931 -0.04799140
v -0.01050368 0.00749020 -0.04799140
v -0.00380232 0.00343552 -0.04799140
v -0.00664888 0.00278610 -0.04799140
v -0.00984779 0.00181833 -0.04799140
v -0.00629433 -0.00018362 -0.04799140
v -0.00942525 -0.00092191 -0.04799140
v -0.00350532 0.00029587 -0.04799140
v -0.00318385 -0.00282767 -0.04799140
v -0.00059022 -0.00257376 -0.04799140
v -0.00016347 -0.00604837 -0.04799140
v 0.00238420 -0.00568118 -0.04799140
v 0.00316698 -0.00932132 -0.04799140
v 0.00585155 -0.00854935 -0.04799140
v 0.00714623 -0.01208646 -0.04799140
v 0.01004491 -0.01038968 -0.04799140
v 0.01194023 -0.01342093 -0.04799140
v 0.00865074 -0.01552640 -0.04799140
v 0.01469817 -0.01070950 -0.04799140
v 0.01724577 -0.01333060 -0.04799140
v 0.01417302 -0.01656595 -0.04799140
v 0.01951549 -0.00970950 -0.04799140
v 0.01941081 -0.00985208 -0.04491745
v 0.01712572 -0.01345120 -0.04501484
v 0.02083653 -0.00623343 -0.04476730
v 0.02074028 -0.00639212 -0.04160580
v 0.01927464 -0.01004446 -0.04189341
v 0.02158275 -0.00269730 -0.04464069
v 0.02155663 -0.00272464 -0.04129165
v 0.02066533 -0.00661673 -0.03846942
v 0.02154900 -0.00281888 -0.03802758
v 0.02173882 0.00082956 -0.04114898
v 0.02176231 0.00087106 -0.03780712
v 0.02123656 0.00440378 -0.04125744
v 0.02130754 0.00430710 -0.04461484
v 0.02026494 0.00793454 -0.04474055
v 0.01847374 0.01153952 -0.04485503
v 0.02033397 0.00786227 -0.04799140
v 0.01852367 0.01148776 -0.04799140
v 0.01610515 0.00946530 -0.04799140
v 0.01366185 0.01235348 -0.04799140
v 0.01056004 0.01486325 -0.04799140
v 0.01179271 0.00990817 -0.04799140
v 0.00900328 0.01204977 -0.04799140
v 0.00770641 0.00930368 -0.04799140
v 0.00480327 0.01033981 -0.04799140
v 0.00420671 0.00729001 -0.04799140
v 0.00147997 0.00741208 -0.04799140
v 0.00387279 0.00435837 -0.04799140
v 0.00138414 0.00426511 -0.04799140
v -0.00115712 0.00393161 -0.04799140
v 0.00149693 0.00111374 -0.04799140
v -0.00092506 0.00072556 -0.04799140
v 0.00381371 0.00146677 -0.04799140
v 0.00420519 -0.00177152 -0.04799140
v 0.00186095 -0.00222122 -0.04799140
v 0.00638457 -0.00115237 -0.04799140
v 0.00722521 -0.00417874 -0.04799140
v 0.00490282 -0.00509476 -0.04799140
v 0.00933360 -0.00270120 -0.04799140
v 0.01072826 -0.00538724 -0.04799140
v 0.00842369 -0.00724808 -0.04799140
v 0.01266826 -0.00320560 -0.04799140
v 0.01455675 -0.00561038 -0.04799140
v 0.01254186 -0.00811917 -0.04799140
v 0.01601256 -0.00325101 -0.04799140
v 0.01829649 -0.00482962 -0.04799140
v 0.01681639 -0.00775491 -0.04799140
v 0.01913469 -0.00219925 -0.04799140
v 0.02163231 -0.00269534 -0.04799140
v 0.02093358 -0.00612112 -0.04799140
v 0.02178740 0.00066696 -0.04799140
v 0.02140550 0.00422604 -0.04799140
v 0.02175047 0.00076755 -0.04457839
v 0.01898985 0.00346921 -0.04799140
v 0.01416625 -0.00117484 -0.04799140
v 0.01260130 0.00109714 -0.04799140
v 0.01112199 -0.00081009 -0.04799140
v 0.01402757 0.00293356 -0.04799140
v 0.01236717 0.00526266 -0.04799140
v 0.01576360 0.00481686 -0.04799140
v 0.01102745 0.00332614 -0.04799140
v 0.00903966 0.00532077 -0.04799140
v 0.00669176 0.00665036 -0.04799140
v 0.01025560 0.00752438 -0.04799140
v 0.01406175 0.00738425 -0.04799140
v 0.01788048 0.00647311 -0.04799140
v -0.01370912 0.00618552 -0.04799140
v -0.01095949 0.01047653 -0.04799140
v -0.01186183 0.01373044 -0.04799140
v -0.00866029 0.01564938 -0.04799140
v -0.01344069 0.01716208 -0.04799140
v -0.00977711 0.01948190 -0.04799140
v -0.00555495 0.02107468 -0.04799140
v -0.00952327 0.01957468 -0.04515308
v -0.00530904 0.02112985 -0.04515558
v -0.00073128 0.02175778 -0.04514328
v -0.00507497 0.02116452 -0.04236731
v -0.00054188 0.02175192 -0.04235380
v 0.00406120 0.02136423 -0.04229130
v -0.00036360 0.02176364 -0.03970390
v 0.00416167 0.02134323 -0.03961007
v 0.00849242 0.02001755 -0.03945456
v 0.00422691 0.02133932 -0.03708487
v 0.00846196 0.02002438 -0.03685423
v 0.01230766 0.01796579 -0.03650410
v 0.00839226 0.02005807 -0.03445710
v 0.01214549 0.01807175 -0.03405521
v 0.01537389 0.01541501 -0.03355475
v 0.01194188 0.01821139 -0.03172923
v 0.01509490 0.01567282 -0.03106441
v 0.01771410 0.01264157 -0.03029723
v 0.01734319 0.01310886 -0.02792548
v 0.01939415 0.00988718 -0.02687040
v 0.01899345 0.01066794 -0.02433778
v 0.02050462 0.00730270 -0.02297823
v 0.01690416 0.01368405 -0.02562669
v 0.01847563 0.01149118 -0.02202548
v 0.02000121 0.00854587 -0.02046135
v 0.01943028 0.00979440 -0.01813437
v 0.02053270 0.00717722 -0.01633011
v 0.02105425 0.00549216 -0.01881713
v 0.02125493 0.00472263 -0.01451632
v 0.02159074 0.00277731 -0.01703119
v 0.02161882 0.00242038 -0.01255530
v 0.02080687 0.00641354 -0.01222513
v 0.02135289 0.00428757 -0.01029770
v 0.02166478 0.00223093 -0.00833090
v 0.02114629 0.00606882 -0.00821403
v 0.02149516 0.00407907 -0.00623151
v 0.02171220 0.00210641 -0.00425033
v 0.02151976 0.00595016 -0.00422896
v 0.02170238 0.00401901 -0.00220898
v 0.02179082 0.00202048 -0.00025234
v 0.02178301 0.00599167 -0.00019590
v 0.02175121 0.00393356 0.00179960
v 0.02179100 -0.00006058 0.00166510
v 0.02174181 0.00181149 0.00374685
v 0.02161168 0.00369968 0.00578588
v 0.02169371 0.00155661 0.00774823
v 0.02174132 -0.00034818 0.00561689
v 0.02147252 0.00353171 0.00979316
v 0.02172325 0.00136960 0.01182343
v 0.02175499 -0.00065579 0.00959600
v 0.02145573 0.00357761 0.01392438
v 0.02173253 0.00129733 0.01606217
v 0.02176396 -0.00097122 0.01365042
v 0.02141527 0.00386618 0.01823234
v 0.02172954 -0.00125638 0.01780839
v 0.02093980 0.00594089 0.01577127
v 0.02071233 0.00669138 0.01985115
v 0.02007915 0.00841598 0.01738497
v 0.01948558 0.00971042 0.02127519
v 0.02007512 0.00845309 0.02374627
v 0.01877611 0.01099362 0.01897733
v 0.01773302 0.01256393 0.02267179
v 0.01833977 0.01172751 0.02496129
v 0.01617357 0.01453317 0.02606985
v 0.01884050 0.01093845 0.02736927
v 0.01561089 0.01509909 0.02390444
v 0.01307732 0.01731393 0.02493769
v 0.01498161 0.01574948 0.02192343
v 0.01255974 0.01770407 0.02314509
v 0.00984129 0.01937741 0.02419698
v 0.00940526 0.01959030 0.02257001
v 0.00657927 0.02075388 0.02343386
v 0.00686534 0.02065573 0.02496562
v 0.00622557 0.02087057 0.02187916
v 0.00338036 0.02151315 0.02246053
v 0.00353807 0.02147507 0.02399526
v 0.00340556 0.02236764 0.02151676
v 0.00042680 0.02259079 0.02179921
v 0.00037517 0.02179294 0.02271816
v 0.00050914 0.02407321 0.02179028
v -0.00266951 0.02389938 0.02163280
v -0.00260127 0.02242429 0.02165873
v -0.00273695 0.02541013 0.02160638
v -0.00600502 0.02485202 0.02091138
v -0.00580495 0.02333786 0.02099142
v -0.00616933 0.02638669 0.02084245
v -0.00939552 0.02562888 0.01963030
v -0.00912501 0.02400485 0.01975836
v -0.00965681 0.02745505 0.01951032
v -0.00632100 0.02809372 0.02078430
v -0.00985670 0.02941306 0.01942628
v -0.00642952 0.02997946 0.02076928
v -0.00999422 0.03150583 0.01936331
v -0.01319618 0.03089841 0.01730340
v -0.00648750 0.03197116 0.02077780
v -0.01008766 0.03372653 0.01931704
v -0.01332594 0.03328415 0.01719582
v -0.01337575 0.03596237 0.01715670
v -0.01623994 0.03554684 0.01450493
v -0.01615071 0.03275095 0.01456832
v -0.01618983 0.03852536 0.01448704
v -0.01849995 0.03814743 0.01139017
v -0.01853572 0.03502341 0.01140776
v -0.01841798 0.04141745 0.01154681
v -0.02012416 0.04114987 0.00818715
v -0.02019093 0.03768014 0.00800158
v -0.02119386 0.04084372 0.00462785
v -0.02124550 0.03724362 0.00441595
v -0.02172316 0.04065573 0.00105099
v -0.02174007 0.03702243 0.00087017
v -0.02158760 0.04070798 -0.00252202
v -0.02157259 0.03711716 -0.00267786
v -0.02076399 0.03746530 -0.00629790
v -0.02080238 0.04097067 -0.00619458
v -0.01932301 0.03793063 -0.00995965
v -0.01927473 0.03468356 -0.01011139
v -0.01935365 0.04127585 -0.00991250
v -0.01707808 0.03835348 -0.01348143
v -0.01702577 0.03524802 -0.01356130
v -0.01406520 0.03580173 -0.01661233
v -0.01395528 0.03316208 -0.01670004
v -0.01690266 0.03243259 -0.01370259
v -0.01046919 0.03379880 -0.01907699
v -0.01036629 0.03150925 -0.01913327
v -0.01378804 0.03072800 -0.01682855
v -0.00651637 0.03216013 -0.02074090
v -0.00647603 0.03021970 -0.02076903
v -0.01020607 0.02942770 -0.01922786
v -0.00638863 0.02838571 -0.02079622
v -0.00999599 0.02752878 -0.01933779
v -0.00626338 0.02669040 -0.02083324
v -0.00973720 0.02573679 -0.01946351
v -0.00612697 0.02516843 -0.02087394
v -0.00945991 0.02412643 -0.01959791
v -0.00597029 0.02367673 -0.02093448
v -0.00915547 0.02256149 -0.01973880
v -0.00576662 0.02215817 -0.02099858
v -0.00878004 0.02100778 -0.01991683
v -0.01152034 0.01942624 -0.01847375
v -0.00878084 0.01991940 -0.02071438
v -0.01164162 0.01840768 -0.01947409
v -0.00931618 0.01964841 -0.02212725
v -0.01226051 0.01796921 -0.02097739
v -0.01493544 0.01580466 -0.01952891
v -0.01283229 0.01752682 -0.02255639
v -0.01554262 0.01518210 -0.02121157
v -0.01785414 0.01241550 -0.01956073
v -0.01611671 0.01453610 -0.02302264
v -0.01846016 0.01146677 -0.02161776
v -0.01664711 0.01398727 -0.02507657
v -0.01898891 0.01064206 -0.02383957
v -0.02030653 0.00779684 -0.01997450
v -0.01708198 0.01347507 -0.02712021
v -0.01933852 0.00999655 -0.02613847
v -0.02094118 0.00590182 -0.02493051
v -0.01742506 0.01301315 -0.02929854
v -0.01958321 0.00951950 -0.02844550
v -0.02105397 0.00552292 -0.02745242
v -0.01975081 0.00914401 -0.03092663
v -0.01770656 0.01263766 -0.03159174
v -0.01987251 0.00886374 -0.03342992
v -0.01794026 0.01231931 -0.03401041
v -0.01994215 0.00866159 -0.03621164
v -0.01811903 0.01202634 -0.03662288
v -0.01997493 0.00854196 -0.03903298
v -0.01822444 0.01181931 -0.03930211
v -0.01999190 0.00849411 -0.04200205
v -0.01833375 0.01169577 -0.04219183
v -0.01841719 0.01161569 -0.04507744
v -0.01616096 0.01458884 -0.04511203
v -0.01630977 0.01445358 -0.04799140
v -0.01599507 0.01472214 -0.04227998
v -0.01320784 0.01730856 -0.04513995
v -0.01296181 0.01744723 -0.04232134
v -0.00927486 0.01967868 -0.04236104
v -0.01272285 0.01762546 -0.03961773
v -0.00901814 0.01980270 -0.03968317
v -0.00483534 0.02120798 -0.03972252
v -0.00874855 0.01992575 -0.03714890
v -0.00459627 0.02126413 -0.03722265
v -0.00020717 0.02178415 -0.03722108
v -0.00436360 0.02129343 -0.03488124
v -0.00006300 0.02178952 -0.03488551
v 0.00425328 0.02131979 -0.03473618
v 0.00006725 0.02179538 -0.03290456
v 0.00426708 0.02133542 -0.03272212
v 0.00829302 0.02011179 -0.03231514
v 0.00425829 0.02134225 -0.03082842
v 0.00814916 0.02018649 -0.03035153
v 0.01168950 0.01836618 -0.02960503
v 0.00797209 0.02024704 -0.02850177
v 0.01139061 0.01854636 -0.02765830
v 0.01476451 0.01598434 -0.02883057
v 0.01437566 0.01630710 -0.02671763
v 0.01104118 0.01876022 -0.02580863
v 0.01391557 0.01669333 -0.02467189
v 0.01639769 0.01427536 -0.02346634
v 0.01067992 0.01896579 -0.02416938
v 0.01344920 0.01707809 -0.02289232
v 0.01584679 0.01487936 -0.02152179
v 0.01295696 0.01746872 -0.02117754
v 0.01527245 0.01548190 -0.01970745
v 0.01786491 0.01240817 -0.01988608
v 0.01722838 0.01328952 -0.01793384
v 0.01464342 0.01610251 -0.01784697
v 0.01652336 0.01418307 -0.01606797
v 0.01878929 0.01098288 -0.01603475
v 0.01810191 0.01214059 -0.01408901
v 0.01996104 0.00864694 -0.01412333
v 0.01934325 0.01000925 -0.01209511
v 0.02031554 0.00795798 -0.01011995
v 0.01918541 0.01150046 -0.01035129
v 0.02019194 0.00965280 -0.00821405
v 0.02108836 0.00785300 -0.00625051
v 0.02074059 0.01154733 -0.00660103
v 0.02133556 0.00977927 -0.00436630
v 0.02167558 0.00794186 -0.00223823
v 0.02164354 0.01190866 -0.00243000
v 0.02179289 0.01000241 -0.00024704
v 0.02170653 0.00794479 0.00181594
v 0.02168926 0.01203806 0.00182467
v 0.02144981 0.00984372 0.00384795
v 0.02126549 0.00768845 0.00577943
v 0.02159856 0.00582077 0.00379993
v 0.02061565 0.00948337 0.00770342
v 0.02064848 0.00752731 0.00958252
v 0.02128252 0.00561081 0.00774295
v 0.01965239 0.00943210 0.01131777
v 0.02034795 0.00776755 0.01343842
v 0.02103795 0.00561325 0.01169963
v 0.01935423 0.00998727 0.01515170
v 0.01857439 0.01138620 0.01314623
v 0.01802843 0.01219138 0.01689137
v 0.01721050 0.01335251 0.01497457
v 0.01634825 0.01435007 0.01859008
v 0.01705522 0.01346139 0.02053774
v 0.01554216 0.01527975 0.01670581
v 0.01433727 0.01636227 0.02009288
v 0.01364385 0.01698776 0.01833608
v 0.01139739 0.01854782 0.01977504
v 0.01200853 0.01813425 0.02142507
v 0.01357488 0.01820016 0.01705030
v 0.01134270 0.01964987 0.01859440
v 0.00891759 0.01984860 0.02097420
v 0.00889323 0.02087155 0.01988668
v 0.01195812 0.02130319 0.01819473
v 0.00942125 0.02247067 0.01963832
v 0.00663030 0.02336179 0.02073641
v 0.00623802 0.02179684 0.02086982
v 0.00988634 0.02409274 0.01941609
v 0.00697130 0.02492868 0.02062419
v 0.00384148 0.02540134 0.02143162
v 0.00364024 0.02388181 0.02146934
v 0.00404857 0.02693063 0.02138717
v 0.00065959 0.02707028 0.02176897
v 0.00057951 0.02558395 0.02178214
v 0.00075554 0.02873727 0.02175679
v -0.00281612 0.02855661 0.02157290
v -0.00278340 0.02690231 0.02158631
v -0.00280147 0.03037448 0.02159017
v 0.00086314 0.03051999 0.02176982
v -0.00277675 0.03229733 0.02159713
v 0.00099547 0.03242184 0.02176361
v -0.00271986 0.03437106 0.02158963
v -0.00649593 0.03411716 0.02075396
v 0.00113213 0.03448093 0.02175682
v -0.00262404 0.03674557 0.02160378
v -0.00646956 0.03654489 0.02077336
v -0.00639265 0.03919284 0.02079518
v -0.01005977 0.03901657 0.01930620
v -0.01011177 0.03628024 0.01930946
v -0.00995900 0.04189059 0.01934951
v -0.01326906 0.04175827 0.01721180
v -0.01335609 0.03879684 0.01716418
v -0.01314424 0.04485739 0.01736005
v -0.01598537 0.04480075 0.01478491
v -0.01611183 0.04161325 0.01458591
v -0.01580836 0.04800095 0.01501437
v -0.01811684 0.04800095 0.01216025
v -0.01828340 0.04471970 0.01182458
v -0.01987685 0.04800095 0.00894694
v -0.02001820 0.04458298 0.00851500
v -0.02112373 0.04800095 0.00535598
v -0.02116829 0.04442868 0.00494587
v -0.02173708 0.04800095 0.00162075
v -0.02171687 0.04432809 0.00129241
v -0.02169649 0.04800095 -0.00222896
v -0.02162556 0.04434421 -0.00237551
v -0.02093141 0.04800095 -0.00610675
v -0.02085963 0.04446579 -0.00613929
v -0.01935609 0.04462106 -0.00995712
v -0.01934743 0.04800095 -0.01004928
v -0.01702901 0.04474118 -0.01356699
v -0.01707155 0.04149020 -0.01348671
v -0.01696376 0.04800095 -0.01369784
v -0.01393574 0.04484714 -0.01673034
v -0.01403529 0.04172604 -0.01662388
v -0.01032881 0.04192868 -0.01913572
v -0.01044502 0.03904294 -0.01907753
v -0.01408937 0.03870358 -0.01658360
v -0.00632729 0.03929636 -0.02079120
v -0.00645009 0.03667673 -0.02076029
v -0.01049159 0.03630514 -0.01906177
v -0.00217506 0.03693405 -0.02164187
v -0.00232649 0.03456833 -0.02162070
v -0.00650948 0.03425973 -0.02072775
v 0.00191271 0.03469333 -0.02165327
v 0.00171721 0.03267624 -0.02167975
v -0.00242763 0.03254294 -0.02161744
v 0.00153691 0.03076706 -0.02168592
v -0.00250130 0.03064938 -0.02161615
v 0.00134776 0.02899899 -0.02168055
v -0.00255647 0.02886276 -0.02161766
v 0.00117748 0.02738913 -0.02170119
v -0.00257948 0.02723239 -0.02161583
v 0.00103081 0.02599704 -0.02172648
v -0.00258687 0.02577194 -0.02161236
v 0.00091716 0.02459225 -0.02173976
v -0.00257307 0.02433493 -0.02162466
v 0.00078331 0.02306198 -0.02175567
v -0.00253566 0.02283054 -0.02164529
v 0.00064220 0.02177927 -0.02209128
v -0.00256233 0.02165915 -0.02210061
v -0.00575978 0.02101071 -0.02160849
v -0.00279811 0.02161179 -0.02337436
v -0.00615010 0.02087888 -0.02294751
v -0.00303688 0.02155417 -0.02479248
v -0.00651466 0.02075778 -0.02434135
v -0.00980061 0.01941647 -0.02357324
v -0.00687190 0.02063229 -0.02578598
v -0.01024892 0.01917917 -0.02505144
v -0.01334993 0.01711667 -0.02414258
v -0.01070808 0.01891940 -0.02668754
v -0.01388087 0.01672214 -0.02599022
v -0.01113948 0.01868259 -0.02852756
v -0.01433351 0.01637057 -0.02791703
v -0.01151717 0.01847067 -0.03040556
v -0.01473354 0.01600046 -0.02993724
v -0.01187562 0.01824509 -0.03239835
v -0.01507460 0.01568552 -0.03202117
v -0.01219728 0.01802927 -0.03465099
v -0.01538032 0.01540378 -0.03442467
v -0.01247206 0.01783688 -0.03703660
v -0.01561067 0.01513571 -0.03688728
v -0.01580507 0.01489255 -0.03948746
v -0.00846956 0.02004489 -0.03479410
v -0.00819148 0.02016452 -0.03270843
v -0.00414998 0.02134811 -0.03287628
v -0.00788405 0.02029489 -0.03072477
v -0.00393288 0.02139499 -0.03096334
v 0.00018108 0.02178659 -0.03103068
v -0.00370424 0.02140817 -0.02922329
v 0.00027666 0.02176559 -0.02927288
v 0.00421593 0.02134616 -0.02902832
v 0.00035790 0.02176462 -0.02762583
v 0.00414446 0.02136374 -0.02736332
v 0.00773918 0.02034323 -0.02676484
v 0.00407494 0.02137936 -0.02586660
v 0.00751177 0.02043600 -0.02520674
v 0.00400530 0.02139304 -0.02446311
v 0.00728801 0.02051462 -0.02373291
v 0.01028648 0.01919040 -0.02257695
v 0.00696819 0.02063083 -0.02212308
v 0.00983043 0.01946091 -0.02094564
v 0.01241979 0.01788962 -0.01947362
v 0.00959831 0.02001511 -0.01955818
v 0.01218993 0.01870700 -0.01806020
v 0.01442076 0.01710251 -0.01631505
v 0.01282091 0.02017819 -0.01756510
v 0.01514391 0.01868845 -0.01561474
v 0.01626518 0.01531882 -0.01448205
v 0.01705199 0.01698044 -0.01352662
v 0.01787743 0.01341550 -0.01246488
v 0.01864061 0.01515622 -0.01124051
v 0.01987291 0.01331247 -0.00891935
v 0.01935167 0.01708884 -0.00994197
v 0.02048460 0.01536813 -0.00734723
v 0.02122344 0.01368112 -0.00477058
v 0.02103355 0.01762302 -0.00559667
v 0.02158507 0.01594089 -0.00278500
v 0.02180022 0.01409763 -0.00035084
v 0.02178771 0.01827243 -0.00060525
v 0.02169786 0.01632663 0.00185550
v 0.02139232 0.01404929 0.00401755
v 0.02130907 0.01846481 0.00436881
v 0.02081212 0.01583688 0.00632157
v 0.02096672 0.01166940 0.00592698
v 0.02022203 0.01340280 0.00803699
v 0.01992363 0.01739206 0.00872822
v 0.01924431 0.01511130 0.01017447
v 0.01849950 0.01307956 0.01150537
v 0.01957335 0.01123776 0.00955580
v 0.01715032 0.01491061 0.01344599
v 0.01792918 0.01686130 0.01234812
v 0.01624950 0.01853366 0.01447359
v 0.01548375 0.01663522 0.01535371
v 0.01424864 0.01998141 0.01645444
v 0.01488084 0.02183786 0.01585831
v 0.01253508 0.02304489 0.01775406
v 0.01306310 0.02485886 0.01737445
v 0.01032524 0.02578854 0.01917316
v 0.01075829 0.02762253 0.01893423
v 0.00764165 0.02825973 0.02039090
v 0.00730327 0.02651657 0.02050792
v 0.00794756 0.03014157 0.02027312
v 0.00448760 0.03044040 0.02129405
v 0.00427129 0.02862253 0.02133809
v 0.00469945 0.03237253 0.02125226
v 0.00823875 0.03211520 0.02014350
v 0.00490721 0.03443552 0.02120293
v 0.00850121 0.03427048 0.02002310
v 0.00512236 0.03680807 0.02116189
v 0.00129167 0.03683249 0.02173977
v 0.00874986 0.03669235 0.01991670
v 0.00534599 0.03937497 0.02110077
v 0.00147130 0.03938571 0.02171824
v 0.00166600 0.04210934 0.02169505
v -0.00233900 0.04207419 0.02162386
v -0.00250142 0.03931833 0.02161035
v -0.00214632 0.04500876 0.02167400
v -0.00610310 0.04497067 0.02091832
v -0.00626637 0.04199704 0.02082713
v -0.00590895 0.04800095 0.02099317
v -0.00962062 0.04800095 0.01956385
v -0.00980727 0.04492331 0.01944489
v -0.00775185 0.04800095 0.01612570
v -0.01058375 0.04800095 0.01441382
v -0.01297169 0.04800095 0.01751779
v -0.00839308 0.04800095 0.01140010
v -0.01060731 0.04800095 0.00967860
v -0.01303322 0.04800095 0.01241171
v -0.01505531 0.04800095 0.01020269
v -0.01249074 0.04800095 0.00788486
v -0.00860670 0.04800095 0.00686756
v -0.01058278 0.04800095 0.00526752
v -0.00707716 0.04800095 0.00417612
v -0.00925972 0.04800095 0.00264257
v -0.01157844 0.04800095 0.00116825
v -0.00805910 0.04800095 0.00000169
v -0.01070131 0.04800095 -0.00161945
v -0.01455934 0.04800095 -0.00023825
v -0.01377364 0.04800095 -0.00326072
v -0.01796522 0.04800095 -0.00139520
v -0.01813271 0.04800095 0.00196267
v -0.01718074 0.04800095 -0.00478226
v -0.01244728 0.04800095 -0.00619701
v -0.01574977 0.04800095 -0.00808870
v -0.01367531 0.04800095 -0.01122445
v -0.01057057 0.04800095 -0.00897440
v -0.01099123 0.04800095 -0.01399242
v -0.01379109 0.04800095 -0.01689287
v -0.00820167 0.04800095 -0.01140087
v -0.00771376 0.04800095 -0.01619414
v -0.00991011 0.04800095 -0.01940973
v -0.00558284 0.04800095 -0.02105763
v -0.00588771 0.04501266 -0.02094251
v -0.01014699 0.04494333 -0.01925749
v -0.00143996 0.04506638 -0.02171492
v -0.00173848 0.04218649 -0.02167098
v -0.00613936 0.04208102 -0.02083601
v 0.00262944 0.04225388 -0.02157704
v 0.00237511 0.03956589 -0.02160589
v -0.00198103 0.03947360 -0.02165569
v 0.00655870 0.03958591 -0.02072294
v 0.00630834 0.03703415 -0.02081055
v 0.00213652 0.03704977 -0.02163710
v 0.01022301 0.03695212 -0.01924004
v 0.00991802 0.03453024 -0.01938471
v 0.00602873 0.03463864 -0.02087329
v 0.00959465 0.03239352 -0.01954393
v 0.00575688 0.03259714 -0.02097529
v 0.00924461 0.03036667 -0.01971503
v 0.00548241 0.03065427 -0.02105103
v 0.00885021 0.02849020 -0.01987777
v 0.00520207 0.02884811 -0.02109966
v 0.00844426 0.02676657 -0.02003949
v 0.00492485 0.02724948 -0.02116321
v 0.00805711 0.02525583 -0.02019870
v 0.00464433 0.02581638 -0.02122902
v 0.00764928 0.02378610 -0.02036632
v 0.00434575 0.02440622 -0.02130854
v 0.00718193 0.02231638 -0.02054691
v 0.00401549 0.02285007 -0.02138799
v 0.00675865 0.02099167 -0.02069676
v 0.00375908 0.02145163 -0.02167530
v 0.00389897 0.02141208 -0.02299147
v 0.00059734 0.02177927 -0.02338422
v 0.00051946 0.02178122 -0.02481287
v 0.00043285 0.02177536 -0.02619584
v -0.00324495 0.02150681 -0.02619021
v -0.00346150 0.02145016 -0.02757075
v -0.00720442 0.02051120 -0.02721504
v -0.00756068 0.02040085 -0.02895483
v 0.01013268 0.02138181 -0.01926650
v 0.01068645 0.02289011 -0.01892473
v 0.01343852 0.02174802 -0.01707637
v 0.01120262 0.02444089 -0.01859452
v 0.01402019 0.02340329 -0.01657300
v 0.01583879 0.02038913 -0.01486820
v 0.01648857 0.02217429 -0.01413665
v 0.01779222 0.01879440 -0.01250929
v 0.01848229 0.02073727 -0.01142838
v 0.02000884 0.01919772 -0.00852047
v 0.01911821 0.02296628 -0.01039422
v 0.02056847 0.02158200 -0.00709604
v 0.02149822 0.02001755 -0.00356015
v 0.02106780 0.02412155 -0.00548540
v 0.01965605 0.02532956 -0.00934620
v 0.01769762 0.02636813 -0.01267504
v 0.01818456 0.02868893 -0.01196020
v 0.02012084 0.02779489 -0.00826343
v 0.01713841 0.02422946 -0.01337980
v 0.01462425 0.02529489 -0.01603681
v 0.01519322 0.02728903 -0.01555564
v 0.01220134 0.02801071 -0.01799794
v 0.01265819 0.02996628 -0.01768480
v 0.01568401 0.02941452 -0.01506510
v 0.01171306 0.02610593 -0.01828956
v 0.01305998 0.03205661 -0.01737843
v 0.01609294 0.03163864 -0.01462128
v 0.01858623 0.03110690 -0.01130134
v 0.01645897 0.03410348 -0.01421359
v 0.01891551 0.03363473 -0.01075929
v 0.02044426 0.03038278 -0.00743384
v 0.02064989 0.03303659 -0.00679802
v 0.02158275 0.02946139 -0.00290725
v 0.02163634 0.03231735 -0.00239152
v 0.02165501 0.03519626 -0.00209773
v 0.02163200 0.03482077 0.00224903
v 0.02163506 0.03172556 0.00231103
v 0.02077788 0.03202048 0.00648495
v 0.02084422 0.03511032 0.00611028
v 0.01931249 0.03269919 0.01007125
v 0.02062853 0.02921139 0.00695587
v 0.01906773 0.02992819 0.01055323
v 0.01728783 0.03321530 0.01320695
v 0.01697710 0.03059958 0.01361321
v 0.01868651 0.02743259 0.01116891
v 0.01655119 0.02826706 0.01412924
v 0.01819676 0.02495749 0.01194136
v 0.01990367 0.02387595 0.00882733
v 0.01606657 0.02599753 0.01465573
v 0.01761986 0.02267233 0.01276003
v 0.01933928 0.02132077 0.00995549
v 0.02055052 0.01997995 0.00715409
v 0.01864421 0.01898190 0.01121043
v 0.01695567 0.02051266 0.01362749
v 0.01551372 0.02384860 0.01522615
v 0.01402794 0.02894626 0.01662269
v 0.01356279 0.02681735 0.01700098
v 0.01441734 0.03123483 0.01630184
v 0.01150133 0.03169675 0.01850360
v 0.01115141 0.02958786 0.01871472
v 0.01181731 0.03399802 0.01830410
v 0.01476274 0.03364255 0.01600990
v 0.01207848 0.03645163 0.01813391
v 0.01500816 0.03616891 0.01579218
v 0.01229204 0.03919235 0.01797447
v 0.00898485 0.03930954 0.01980783
v 0.01517644 0.03902731 0.01561405
v 0.01245714 0.04203220 0.01785437
v 0.00919389 0.04210544 0.01971730
v 0.00938493 0.04502341 0.01965129
v 0.00575829 0.04502487 0.02100019
v 0.00555541 0.04212399 0.02103226
v 0.00595738 0.04800095 0.02098200
v 0.00208464 0.04800095 0.02172447
v 0.00187267 0.04503171 0.02169963
v 0.00225279 0.04800095 0.01863269
v -0.00120888 0.04800095 0.01827583
v -0.00193349 0.04800095 0.02173170
v -0.00017763 0.04800095 0.01514254
v -0.00312379 0.04800095 0.01417748
v -0.00456941 0.04800095 0.01743894
v -0.00163710 0.04800095 0.01116255
v -0.00414455 0.04800095 0.00987400
v -0.00588661 0.04800095 0.01289830
v -0.00265016 0.04800095 0.00710786
v -0.00647841 0.04800095 0.00843138
v -0.00491151 0.04800095 0.00568663
v -0.00128346 0.04800095 0.00451364
v -0.00352064 0.04800095 0.00308388
v -0.00572365 0.04800095 0.00158331
v -0.00213911 0.04800095 0.00062812
v -0.00436031 0.04800095 -0.00093692
v -0.00669057 0.04800095 -0.00255047
v -0.00279823 0.04800095 -0.00329073
v -0.00507704 0.04800095 -0.00497985
v -0.00939040 0.04800095 -0.00432998
v -0.00766176 0.04800095 -0.00685061
v -0.00549489 0.04800095 -0.00909018
v -0.00309938 0.04800095 -0.00719386
v -0.00292708 0.04800095 -0.01099614
v -0.00535792 0.04800095 -0.01332583
v -0.00073274 0.04800095 -0.00921154
v 0.00185735 0.04800095 -0.01131360
v 0.00132958 0.04800095 -0.00760844
v 0.00398119 0.04800095 -0.00989637
v 0.00422514 0.04800095 -0.01388132
v 0.00676048 0.04800095 -0.01255967
v 0.00596324 0.04800095 -0.01709876
v 0.00903697 0.04800095 -0.01570453
v 0.00717455 0.04800095 -0.02056985
v 0.00320824 0.04800095 -0.02154613
v -0.00109718 0.04800095 -0.02175557
v 0.00700450 0.04511325 -0.02061602
v 0.00291020 0.04509665 -0.02156916
v 0.01079979 0.04511520 -0.01889595
v 0.01065990 0.04227097 -0.01895923
v 0.00678880 0.04227634 -0.02065143
v 0.01413237 0.04224606 -0.01651842
v 0.01396312 0.03948679 -0.01665518
v 0.01046684 0.03954782 -0.01907567
v 0.01694786 0.03933591 -0.01358207
v 0.01675304 0.03667380 -0.01387602
v 0.01373106 0.03685495 -0.01687475
v 0.01342192 0.03438571 -0.01710838
v 0.01913695 0.03632712 -0.01032593
v 0.01928191 0.03910104 -0.01000491
v 0.02075438 0.03583786 -0.00634561
v 0.02083586 0.03874411 -0.00603767
v 0.02090807 0.04176511 -0.00583865
v 0.02166826 0.04143454 -0.00173258
v 0.02166112 0.03827829 -0.00186477
v 0.02162389 0.04131540 0.00214694
v 0.02162126 0.03804977 0.00216223
v 0.02088243 0.03825290 0.00592246
v 0.02090495 0.04147067 0.00587223
v 0.01955882 0.03858737 0.00949771
v 0.01947850 0.03559616 0.00970484
v 0.01960460 0.04172018 0.00942928
v 0.01762816 0.03883835 0.01277727
v 0.01751219 0.03592380 0.01295326
v 0.01768523 0.04185886 0.01269339
v 0.01527641 0.04195651 0.01551828
v 0.01960497 0.04484128 0.00947441
v 0.01768694 0.04490085 0.01271958
v 0.01531706 0.04496042 0.01550298
v 0.01764287 0.04800095 0.01280463
v 0.01531133 0.04800095 0.01554363
v 0.01267259 0.04800095 0.01774250
v 0.01257872 0.04500339 0.01778454
v 0.01310521 0.04800095 0.01384600
v 0.01113756 0.04800095 0.01602522
v 0.00955565 0.04800095 0.01959642
v 0.01484142 0.04800095 0.01131732
v 0.01201842 0.04800095 0.01010949
v 0.01070165 0.04800095 0.01254675
v 0.00909154 0.04800095 0.00906614
v 0.00792845 0.04800095 0.01147184
v 0.00625096 0.04800095 0.00806147
v 0.00510509 0.04800095 0.01052256
v 0.00393327 0.04800095 0.01307141
v 0.00288841 0.04800095 0.01578747
v 0.00235838 0.04800095 0.00953150
v 0.00107750 0.04800095 0.01222148
v 0.00357506 0.04800095 0.00699690
v 0.00102666 0.04800095 0.00583436
v -0.00022682 0.04800095 0.00838821
v 0.00460484 0.04800095 0.00469368
v 0.00219322 0.04800095 0.00348464
v 0.00001335 0.04800095 0.00211341
v 0.00348363 0.04800095 0.00124476
v 0.00142357 0.04800095 -0.00017178
v -0.00059840 0.04800095 -0.00166894
v 0.00302934 0.04800095 -0.00229974
v 0.00121019 0.04800095 -0.00386615
v -0.00088704 0.04800095 -0.00550088
v 0.00332726 0.04800095 -0.00602588
v 0.00516057 0.04800095 -0.00443770
v 0.00601109 0.04800095 -0.00832450
v 0.00788768 0.04800095 -0.00663088
v 0.00896153 0.04800095 -0.01087217
v 0.01095897 0.04800095 -0.00877727
v 0.01181706 0.04800095 -0.01359391
v 0.01424168 0.04800095 -0.01102121
v 0.01721361 0.04800095 -0.01336621
v 0.01430058 0.04800095 -0.01644259
v 0.01717839 0.04508298 -0.01337788
v 0.01424052 0.04510641 -0.01646110
v 0.01090404 0.04800095 -0.01886346
v 0.01949754 0.04800095 -0.00973996
v 0.01946526 0.04500192 -0.00973990
v 0.01938957 0.04206247 -0.00981422
v 0.01709978 0.04220212 -0.01343121
v 0.02103203 0.04800095 -0.00572054
v 0.02098045 0.04485348 -0.00573806
v 0.02173741 0.04800095 -0.00167545
v 0.02167595 0.04472067 -0.00168515
v 0.02164513 0.04466501 0.00219604
v 0.02169634 0.04800095 0.00227344
v 0.02093456 0.04473776 0.00593333
v 0.02094829 0.04800095 0.00607205
v 0.01956554 0.04800095 0.00961360
v 0.01743053 0.04800095 0.00539564
v 0.01633104 0.04800095 0.00849308
v 0.01411278 0.04800095 0.00485935
v 0.01320110 0.04800095 0.00754644
v 0.01097289 0.04800095 0.00435984
v 0.01011516 0.04800095 0.00672108
v 0.00813426 0.04800095 0.00353327
v 0.00721837 0.04800095 0.00580132
v 0.00554417 0.04800095 0.00248779
v 0.00653026 0.04800095 0.00060015
v 0.00483550 0.04800095 -0.00073637
v 0.00690428 0.04800095 -0.00277049
v 0.00953429 0.04800095 -0.00470534
v 0.01270958 0.04800095 -0.00647264
v 0.01392491 0.04800095 -0.00378405
v 0.01614116 0.04800095 -0.00809188
v 0.01738640 0.04800095 -0.00479049
v 0.01805834 0.04800095 -0.00132447
v 0.01459789 0.04800095 -0.00085799
v 0.01803905 0.04800095 0.00212780
v 0.01463854 0.04800095 0.00207863
v 0.00568163 0.04800095 0.01846916
v -0.00402663 0.04800095 -0.01763683
v -0.01665871 -0.01400687 -0.04207690
v -0.01397658 -0.01668314 -0.04217685
v -0.01650508 -0.01418900 -0.03921682
v -0.01380061 -0.01683499 -0.03936165
v -0.01632844 -0.01440335 -0.03640621
v -0.01359431 -0.01700198 -0.03664641
v -0.01334962 -0.01719241 -0.03420380
v -0.01033278 -0.01915579 -0.03689178
v -0.01012428 -0.01927347 -0.03452727
v -0.00988185 -0.01939896 -0.03231431
v -0.00643562 -0.02075833 -0.03471522
v -0.00628364 -0.02081009 -0.03266095
v -0.00611122 -0.02088089 -0.03073172
v -0.00240730 -0.02162552 -0.03284641
v -0.00233498 -0.02163968 -0.03094824
v -0.00227272 -0.02164944 -0.02920556
v 0.00148485 -0.02167777 -0.02918425
v 0.00140093 -0.02168704 -0.02755634
v -0.00221999 -0.02165482 -0.02755111
v 0.00501952 -0.02115140 -0.02727653
v 0.00479955 -0.02120120 -0.02584308
v 0.00132359 -0.02170902 -0.02612849
v 0.00811931 -0.02018167 -0.02520854
v 0.00773271 -0.02034183 -0.02370383
v 0.00455168 -0.02126810 -0.02442572
v 0.01067241 -0.01894290 -0.02272451
v 0.01014781 -0.01926810 -0.02120521
v 0.00730803 -0.02051566 -0.02222487
v 0.01273485 -0.01764114 -0.01993905
v 0.01213432 -0.01811234 -0.01846888
v 0.00966173 -0.01954007 -0.01986152
v 0.01424394 -0.01648978 -0.01686749
v 0.01475102 -0.01809378 -0.01598946
v 0.01256407 -0.01967435 -0.01776630
v 0.01662267 -0.01631058 -0.01405707
v 0.01732488 -0.01813724 -0.01314916
v 0.01543309 -0.01981497 -0.01532410
v 0.01821526 -0.01448099 -0.01193585
v 0.01886620 -0.01637991 -0.01079912
v 0.01948979 -0.01845609 -0.00962620
v 0.02005034 -0.01466556 -0.00836988
v 0.02060875 -0.01690726 -0.00689675
v 0.02093419 -0.01305081 -0.00588810
v 0.02134416 -0.01538236 -0.00423045
v 0.02146971 -0.01146878 -0.00345221
v 0.02170458 -0.01382620 -0.00163950
v 0.02174046 -0.00980374 -0.00114284
v 0.02177983 -0.01217728 0.00075937
v 0.02157677 -0.01039505 0.00292305
v 0.02122295 -0.01286527 0.00490398
v 0.02069725 -0.01087405 0.00680592
v 0.01993755 -0.01327396 0.00876655
v 0.02061736 -0.01536771 0.00700926
v 0.01924522 -0.01132474 0.01025535
v 0.01810979 -0.01348587 0.01214952
v 0.01890477 -0.01547269 0.01082028
v 0.01660814 -0.01556839 0.01410862
v 0.01748253 -0.01754202 0.01297291
v 0.01475249 -0.01760696 0.01601566
v 0.01558244 -0.01949808 0.01518087
v 0.01248656 -0.01945316 0.01784452
v 0.01316722 -0.02124368 0.01730992
v 0.01226494 -0.01800882 0.01895990
v 0.00946813 -0.01962308 0.02027684
v 0.00973717 -0.02106497 0.01948468
v 0.01000334 -0.01934329 0.02188038
v 0.00682518 -0.02066361 0.02281395
v 0.00643315 -0.02080374 0.02126700
v 0.00721239 -0.02051175 0.02445321
v 0.00366460 -0.02143265 0.02491255
v 0.00348735 -0.02148001 0.02327874
v 0.00382524 -0.02138919 0.02653092
v 0.00003038 -0.02177200 0.02654920
v 0.00003813 -0.02178421 0.02493328
v 0.00001451 -0.02176126 0.02814388
v -0.00385341 -0.02137112 0.02787213
v -0.00366927 -0.02142532 0.02623677
v -0.00405617 -0.02135355 0.02975342
v -0.00784633 -0.02028519 0.02924768
v -0.00424257 -0.02133548 0.03177399
v -0.00818373 -0.02017191 0.03135210
v -0.01171242 -0.01833694 0.03074206
v -0.00849879 -0.02003763 0.03355338
v -0.01214735 -0.01805374 0.03305068
v -0.00880067 -0.01990530 0.03610882
v -0.01253267 -0.01778958 0.03576844
v -0.00906630 -0.01977737 0.03885847
v -0.01285445 -0.01754202 0.03861235
v -0.01602681 -0.01466068 0.03829828
v -0.01313295 -0.01730374 0.04160554
v -0.01632289 -0.01434622 0.04143446
v -0.01876582 -0.01095120 0.04116714
v -0.01658992 -0.01410208 0.04470568
v -0.01900038 -0.01062112 0.04457974
v -0.02043147 -0.00745804 0.04087225
v -0.02056630 -0.00711917 0.04445549
v -0.02135109 -0.00394730 0.04080604
v -0.02144923 -0.00360306 0.04442645
v -0.02177388 0.00003171 0.04451863
v -0.02154567 -0.00325345 0.04800860
v -0.02180147 0.00030173 0.04800860
v -0.02143989 0.00396823 0.04800860
v -0.02039687 0.00767575 0.04800860
v -0.01786781 0.00635544 0.04800860
v -0.01599574 0.00940427 0.04800860
v -0.01571864 0.00473679 0.04800860
v -0.01381789 0.00724704 0.04800860
v -0.01154152 0.00959763 0.04800860
v -0.01198329 0.00487985 0.04800860
v -0.00983473 0.00687009 0.04800860
v -0.00742262 0.00841598 0.04800860
v -0.00843526 0.00414792 0.04800860
v -0.00628743 0.00523776 0.04800860
v -0.00553621 0.00216891 0.04800860
v -0.00344417 0.00248923 0.04800860
v -0.00318025 -0.00118069 0.04800860
v -0.00519105 -0.00122757 0.04800860
v -0.00536635 -0.00481155 0.04800860
v -0.00320338 -0.00500638 0.04800860
v -0.00599989 -0.00838724 0.04800860
v -0.00344398 -0.00891507 0.04800860
v -0.00693349 -0.01212112 0.04800860
v -0.00392738 -0.01301859 0.04800860
v -0.00820167 -0.01575101 0.04800860
v -0.00460060 -0.01699710 0.04800860
v -0.00975301 -0.01949124 0.04800860
v -0.00535628 -0.02112161 0.04800860
v -0.00064790 -0.02178616 0.04800860
v -0.00518989 -0.02114456 0.04491914
v -0.00051942 -0.02176956 0.04496777
v 0.00422405 -0.02135941 0.04500230
v -0.00039094 -0.02175540 0.04199699
v 0.00429594 -0.02133060 0.04205493
v 0.00880510 -0.01989798 0.04204890
v 0.00432848 -0.02131937 0.03921807
v 0.00877837 -0.01991361 0.03920016
v 0.01282292 -0.01759280 0.03907847
v 0.01623296 -0.01449661 0.03887298
v 0.01267656 -0.01770364 0.03630462
v 0.01607286 -0.01468851 0.03597869
v 0.01873961 -0.01108353 0.03567777
v 0.01583714 -0.01494046 0.03334770
v 0.01246526 -0.01784964 0.03373912
v 0.01550011 -0.01526859 0.03081909
v 0.01219438 -0.01803958 0.03140014
v 0.01508757 -0.01567191 0.02853683
v 0.01184972 -0.01825980 0.02921060
v 0.01461559 -0.01606986 0.02636170
v 0.01145647 -0.01849417 0.02723023
v 0.01406981 -0.01656204 0.02428403
v 0.01670519 -0.01391361 0.02308488
v 0.01100719 -0.01877249 0.02531268
v 0.01350359 -0.01703421 0.02244400
v 0.01605583 -0.01463480 0.02107251
v 0.01811369 -0.01204300 0.01951800
v 0.01537059 -0.01540140 0.01917884
v 0.01738011 -0.01310111 0.01747518
v 0.01897582 -0.01060794 0.01577216
v 0.01657866 -0.01412943 0.01557180
v 0.01823662 -0.01192630 0.01379281
v 0.01953197 -0.00961917 0.01205698
v 0.01460466 -0.01614749 0.01736354
v 0.01289885 -0.01751224 0.02066430
v 0.01052947 -0.01903665 0.02357573
v 0.00785393 -0.02024466 0.02788278
v 0.00753111 -0.02037747 0.02607765
v 0.00813500 -0.02015775 0.02978443
v 0.00410143 -0.02134573 0.03002597
v 0.00396300 -0.02134818 0.02813674
v 0.00421422 -0.02134232 0.03200983
v -0.00005037 -0.02178958 0.03199288
v -0.00002180 -0.02177444 0.02998968
v -0.00010652 -0.02178079 0.03412123
v -0.00442348 -0.02128714 0.03393889
v -0.00018709 -0.02177786 0.03653291
v -0.00462166 -0.02125003 0.03637908
v -0.00028194 -0.02177689 0.03916868
v -0.00481111 -0.02120804 0.03904590
v -0.00500038 -0.02114652 0.04189752
v -0.00931221 -0.01963821 0.04176152
v -0.00955135 -0.01956400 0.04485711
v -0.01340883 -0.01714944 0.04478642
v -0.01364882 -0.01700589 0.04800860
v -0.01682887 -0.01387894 0.04800860
v -0.01157814 -0.01370755 0.04800860
v -0.01438606 -0.01112405 0.04800860
v -0.01920528 -0.01034183 0.04800860
v -0.01657094 -0.00824075 0.04800860
v -0.02071748 -0.00677786 0.04800860
v -0.01815333 -0.00526126 0.04800860
v -0.01439101 -0.00600247 0.04800860
v -0.01600197 -0.00353616 0.04800860
v -0.01919966 -0.00240530 0.04800860
v -0.01251271 -0.00367777 0.04800860
v -0.01411476 -0.00151273 0.04800860
v -0.01233729 0.00057663 0.04800860
v -0.01045723 0.00259079 0.04800860
v -0.01389656 0.00271774 0.04800860
v -0.01058388 -0.00575980 0.04800860
v -0.00836586 -0.00739359 0.04800860
v -0.00736879 -0.00434280 0.04800860
v -0.01232851 -0.00843509 0.04800860
v -0.00981404 -0.01053519 0.04800860
v 0.00433086 -0.02131302 0.03658191
v 0.00870372 -0.01994632 0.03653229
v 0.00429356 -0.02131741 0.03415261
v 0.00856548 -0.02000052 0.03396861
v 0.00836675 -0.02008450 0.03179668
v -0.00742720 0.00165134 0.04800860
v 0.02010075 -0.00899564 0.00845468
v 0.02129649 -0.00851712 0.00494212
v 0.02174602 -0.00805277 0.00104874
v 0.02114562 -0.00925931 -0.00521043
v 0.02044298 -0.01090286 -0.00745869
v 0.01990642 -0.00893607 -0.00894613
v 0.01947435 -0.01263040 -0.00970907
v 0.01892912 -0.01082718 -0.01107046
v 0.01959563 -0.00951761 -0.01282372
v 0.02020476 -0.00807962 -0.01476503
v 0.01766832 -0.01276224 -0.01310888
v 0.01839873 -0.01165726 -0.01479735
v 0.01909795 -0.01043265 -0.01667583
v 0.01756847 -0.01282962 -0.01847873
v 0.01825182 -0.01179788 -0.02041269
v 0.01683543 -0.01381253 -0.01667218
v 0.01565221 -0.01507425 -0.02011972
v 0.01629033 -0.01435599 -0.02191538
v 0.01692986 -0.01364310 -0.02394362
v 0.01389519 -0.01669534 -0.02318821
v 0.01447105 -0.01617630 -0.02504704
v 0.01503154 -0.01570511 -0.02707932
v 0.01162126 -0.01834915 -0.02590092
v 0.01209392 -0.01807669 -0.02786177
v 0.01252251 -0.01779105 -0.02981490
v 0.00880827 -0.01990237 -0.02845437
v 0.00913969 -0.01977152 -0.03030269
v 0.00943327 -0.01963089 -0.03234263
v 0.00542864 -0.02107571 -0.03070919
v 0.00561076 -0.02102444 -0.03265159
v 0.00577422 -0.02095902 -0.03468157
v 0.00161363 -0.02169534 -0.03284584
v 0.00166808 -0.02168509 -0.03482452
v 0.00171361 -0.02168021 -0.03717231
v -0.00246211 -0.02161282 -0.03482684
v -0.00252370 -0.02161331 -0.03717395
v -0.00658949 -0.02072562 -0.03707909
v -0.00673079 -0.02067191 -0.03961501
v -0.01051839 -0.01904007 -0.03951933
v -0.01068654 -0.01895169 -0.04225391
v 0.00156798 -0.02169241 -0.03094187
v 0.00523491 -0.02110501 -0.02891930
v 0.00845354 -0.02004446 -0.02670627
v 0.01116222 -0.01862552 -0.02430528
v 0.01332768 -0.01717337 -0.02151857
v 0.01495720 -0.01579739 -0.01842276
v 0.01609605 -0.01468362 -0.01506972
v -0.00338173 0.01746384 0.04800860
v -0.00852309 0.02007516 0.04800860
v -0.00849141 0.02005514 0.04505947
v -0.01246406 0.01785593 0.04501809
v -0.01236623 0.01790671 0.04205787
v -0.01573561 0.01503317 0.04193116
v -0.01558406 0.01518942 0.03899855
v -0.01827174 0.01181442 0.03876956
v -0.01811183 0.01207272 0.03578939
v -0.01989552 0.00874948 0.03244421
v -0.02106404 0.00539987 0.02875604
v -0.01986037 -0.00886527 -0.01906148
v -0.02097713 -0.00572806 -0.01798809
v -0.01930501 -0.01000833 -0.01659456
v -0.01774202 -0.01258939 -0.01822810
v -0.01704469 -0.01355862 -0.01610331
v -0.01861616 -0.01127249 -0.01426009
v -0.01517531 -0.01560794 -0.01778465
v -0.01583632 -0.01489700 -0.01979609
v -0.01306428 -0.01739554 -0.01930320
v -0.01270839 -0.01824222 -0.01767722
v -0.01032814 -0.01967093 -0.01917426
v -0.00814046 -0.02217239 -0.02019006
v -0.01092543 -0.02115091 -0.01879306
v -0.00550185 -0.02438284 -0.02103946
v -0.00861500 -0.02370609 -0.01996448
v -0.00233662 -0.02608060 -0.02159103
v -0.00578902 -0.02583841 -0.02094138
v -0.00245076 -0.02748978 -0.02156440
v -0.00603273 -0.02727298 -0.02085582
v 0.00117735 -0.02748148 -0.02170073
v 0.00118578 -0.02907083 -0.02169322
v -0.00256764 -0.02909818 -0.02154683
v 0.00504900 -0.03064993 -0.02111767
v 0.00119200 -0.03083548 -0.02171787
v 0.00870104 -0.03022611 -0.01993532
v 0.00890855 -0.03224564 -0.01983654
v 0.00514641 -0.03255862 -0.02111263
v 0.01256096 -0.03408694 -0.01777755
v 0.00906517 -0.03440140 -0.01976380
v 0.01438915 -0.00344046 0.04800860
v -0.02164302 0.00253268 0.02443903
v -0.02054799 -0.02815579 0.00710495
v -0.01900667 -0.02858206 0.01060827
v -0.02023903 -0.02544486 0.00795408
v -0.01930446 -0.03117093 0.01004953
v -0.01724043 -0.03150394 0.01327983
v -0.01748061 -0.03402982 0.01294668
v -0.01493385 -0.03426663 0.01584358
v -0.01514894 -0.03678226 0.01564660
v -0.01216298 -0.03689017 0.01807432
v -0.01234596 -0.03954691 0.01793278
v -0.00897816 -0.03955765 0.01983432
v -0.00922066 -0.04229349 0.01972313
v -0.00545515 -0.04224515 0.02106902
v -0.00588478 -0.04510452 0.02096906
v -0.00154103 -0.04505472 0.02172221
v -0.00205965 -0.04799905 0.02172551
v 0.00283708 -0.04799905 0.02161838
v 0.02083244 0.00637106 0.02890436
f 1 2 3
f 1 4 2
f 1 5 4
f 1 3 6
f 1 6 7
f 8 9 10
f 8 11 9
f 8 12 13
f 14 15 16
f 14 17 15
f 14 18 17
f 19 20 21
f 19 21 22
f 19 23 24
f 19 25 23
f 19 26 25
f 27 28 29
f 27 30 28
f 27 31 30
f 27 32 31
f 27 33 32
f 34 35 36
f 34 37 35
f 34 38 39
f 34 40 38
f 34 41 40
f 42 43 44
f 42 45 43
f 42 46 47
f 42 48 49
f 42 49 46
f 50 51 52
f 50 52 53
f 50 54 51
f 50 55 54
f 50 56 55
f 57 58 59
f 57 60 58
f 57 61 62
f 63 64 65
f 63 66 67
f 63 68 66
f 69 70 71
f 69 72 70
f 69 71 73
f 74 75 76
f 74 76 77
f 74 78 79
f 80 81 82
f 80 83 84
f 80 84 85
f 86 87 88
f 86 88 89
f 86 90 91
f 92 93 94
f 92 95 93
f 92 96 97
f 98 99 100
f 98 101 99
f 98 102 101
f 103 104 105
f 103 105 106
f 103 107 108
f 109 110 111
f 109 112 113
f 109 114 112
f 115 116 117
f 115 117 118
f 115 119 120
f 121 122 123
f 121 124 125
f 121 126 124
f 127 128 129
f 127 130 131
f 127 131 128
f 132 133 134
f 132 135 136
f 132 137 138
f 139 140 141
f 139 142 140
f 139 141 143
f 139 144 145
f 139 146 144
f 147 148 149
f 147 150 148
f 147 151 150
f 147 152 153
f 153 154 151
f 153 152 155
f 153 155 156
f 156 157 154
f 156 155 158
f 156 158 159
f 159 160 157
f 159 158 161
f 159 161 162
f 162 163 160
f 162 161 164
f 162 164 165
f 165 166 163
f 165 164 167
f 165 167 168
f 168 169 166
f 168 167 170
f 168 170 171
f 171 172 169
f 171 170 173
f 171 173 174
f 174 175 172
f 174 173 43
f 174 43 176
f 177 178 179
f 177 179 180
f 177 175 181
f 181 182 178
f 181 175 183
f 181 183 184
f 184 185 182
f 184 183 186
f 184 186 187
f 187 188 185
f 187 186 189
f 187 189 190
f 190 191 188
f 190 189 192
f 190 192 193
f 193 194 191
f 193 192 195
f 193 195 196
f 196 197 194
f 196 195 198
f 196 198 199
f 199 200 197
f 199 198 201
f 199 201 202
f 202 203 200
f 202 201 204
f 202 204 205
f 205 206 203
f 205 204 207
f 205 207 208
f 208 209 206
f 208 207 210
f 208 210 211
f 211 212 209
f 211 210 213
f 211 213 214
f 214 215 212
f 214 213 216
f 214 216 217
f 217 218 219
f 217 216 220
f 217 220 218
f 221 222 223
f 221 220 224
f 221 225 222
f 226 227 228
f 226 225 229
f 226 230 227
f 231 232 233
f 231 230 234
f 231 235 232
f 236 237 238
f 236 235 239
f 236 240 237
f 241 242 243
f 241 240 135
f 241 138 242
f 244 245 242
f 244 138 137
f 244 246 247
f 247 248 245
f 247 246 249
f 247 249 250
f 250 251 248
f 250 249 252
f 250 252 253
f 253 254 251
f 253 252 255
f 253 255 254
f 256 257 258
f 256 255 259
f 256 259 257
f 260 261 262
f 260 263 264
f 260 259 261
f 265 266 267
f 265 259 268
f 265 269 266
f 270 271 272
f 270 269 273
f 270 274 271
f 275 276 277
f 275 274 278
f 275 279 276
f 280 281 282
f 280 279 283
f 280 284 281
f 285 286 287
f 285 284 288
f 285 289 286
f 290 291 292
f 290 289 293
f 290 294 291
f 295 296 82
f 295 82 81
f 295 294 297
f 297 298 296
f 297 294 299
f 297 299 300
f 300 301 298
f 300 299 302
f 300 302 303
f 303 304 301
f 303 302 305
f 303 305 306
f 306 307 304
f 306 305 308
f 306 308 309
f 309 310 307
f 309 308 311
f 309 311 312
f 312 313 314
f 312 134 310
f 312 311 313
f 315 316 313
f 315 311 317
f 315 318 316
f 319 320 316
f 319 318 321
f 319 321 273
f 321 322 278
f 321 278 274
f 323 283 279
f 323 322 324
f 323 324 283
f 325 288 284
f 325 324 110
f 325 110 288
f 324 326 111
f 326 322 318
f 326 317 327
f 320 268 328
f 320 273 269
f 316 328 329
f 313 329 314
f 330 136 331
f 330 331 332
f 330 310 133
f 331 239 234
f 331 234 333
f 333 234 229
f 333 229 334
f 333 335 332
f 334 229 224
f 334 224 336
f 334 337 335
f 336 224 338
f 336 338 339
f 336 340 337
f 339 338 341
f 339 341 342
f 339 343 340
f 342 341 344
f 342 344 345
f 342 83 343
f 327 305 114
f 299 293 112
f 293 289 113
f 292 85 346
f 292 346 286
f 292 291 85
f 346 347 348
f 346 348 349
f 349 348 350
f 349 350 351
f 349 282 281
f 351 350 352
f 351 352 353
f 351 277 276
f 353 352 354
f 353 354 355
f 353 272 277
f 355 354 356
f 355 356 357
f 355 267 272
f 357 356 358
f 357 358 359
f 357 262 261
f 359 358 47
f 359 47 46
f 359 360 263
f 360 46 361
f 360 362 263
f 362 361 363
f 362 363 364
f 364 363 365
f 364 365 366
f 364 258 257
f 366 365 367
f 366 367 368
f 366 369 258
f 368 367 370
f 368 370 371
f 368 372 369
f 371 370 373
f 371 373 374
f 371 375 372
f 374 373 376
f 374 376 377
f 374 378 375
f 377 376 379
f 377 380 243
f 377 243 242
f 381 380 382
f 381 383 238
f 381 238 237
f 384 383 385
f 384 386 233
f 384 233 232
f 387 386 94
f 387 388 228
f 387 228 227
f 389 388 390
f 389 391 223
f 389 223 222
f 392 391 393
f 392 394 219
f 392 219 218
f 395 394 396
f 395 397 398
f 395 399 215
f 398 397 400
f 398 400 401
f 398 402 399
f 401 400 403
f 401 403 404
f 401 405 402
f 404 403 406
f 404 406 407
f 404 408 405
f 407 406 409
f 407 409 410
f 407 411 408
f 410 409 412
f 410 412 413
f 410 414 411
f 413 412 415
f 413 415 416
f 413 417 414
f 416 415 418
f 416 418 419
f 416 420 417
f 419 418 421
f 419 421 422
f 419 423 420
f 422 421 424
f 422 424 425
f 422 426 423
f 425 424 427
f 425 427 428
f 425 429 426
f 428 427 430
f 428 430 431
f 428 432 429
f 431 430 433
f 431 433 434
f 431 435 432
f 434 433 436
f 434 436 437
f 434 438 435
f 438 437 439
f 438 440 179
f 440 439 441
f 440 442 180
f 441 439 443
f 441 443 444
f 441 445 442
f 444 443 446
f 444 446 447
f 444 448 445
f 447 446 449
f 447 449 450
f 447 451 448
f 450 449 452
f 450 452 453
f 450 454 451
f 453 455 456
f 453 457 454
f 453 452 455
f 458 459 460
f 458 452 461
f 458 462 459
f 463 464 459
f 463 462 465
f 463 466 467
f 467 468 464
f 467 466 469
f 467 469 470
f 470 471 468
f 470 469 472
f 470 472 473
f 473 474 471
f 473 472 475
f 473 475 476
f 476 477 474
f 476 475 478
f 476 478 479
f 479 480 477
f 479 478 481
f 479 481 482
f 482 483 480
f 482 481 484
f 482 484 485
f 485 486 487
f 485 484 488
f 485 488 486
f 489 490 491
f 489 488 492
f 489 493 490
f 494 495 496
f 494 493 497
f 494 498 495
f 499 500 501
f 499 498 502
f 499 503 500
f 504 505 500
f 504 503 506
f 504 507 505
f 507 506 508
f 507 509 118
f 509 508 510
f 509 511 119
f 511 510 512
f 511 513 120
f 514 513 515
f 514 516 517
f 514 517 116
f 517 518 519
f 517 519 520
f 519 521 522
f 519 522 523
f 523 524 520
f 523 522 525
f 523 525 526
f 526 525 527
f 526 527 528
f 526 529 524
f 528 527 530
f 528 530 531
f 528 501 529
f 531 530 532
f 531 533 496
f 531 496 495
f 534 533 535
f 534 536 491
f 534 491 490
f 537 536 538
f 537 539 487
f 537 487 486
f 540 539 541
f 540 542 543
f 540 544 483
f 543 542 545
f 543 545 546
f 543 547 544
f 546 545 548
f 546 548 549
f 546 550 547
f 549 548 551
f 549 551 552
f 549 553 550
f 552 551 554
f 552 554 555
f 552 556 553
f 555 554 557
f 555 557 558
f 555 559 556
f 558 557 560
f 558 560 561
f 558 562 559
f 561 560 563
f 561 563 564
f 561 460 562
f 564 563 565
f 564 565 566
f 564 456 455
f 565 567 568
f 565 568 566
f 568 569 570
f 568 570 571
f 570 572 573
f 570 573 574
f 574 573 575
f 574 575 576
f 574 577 571
f 577 576 578
f 577 578 579
f 578 580 581
f 578 581 582
f 582 581 583
f 582 583 584
f 582 585 579
f 585 584 586
f 585 587 588
f 588 152 149
f 588 587 589
f 588 589 590
f 589 591 592
f 589 592 593
f 593 594 590
f 593 592 595
f 593 595 596
f 596 597 594
f 596 595 598
f 596 598 599
f 599 600 597
f 599 598 601
f 599 601 602
f 602 603 600
f 602 601 604
f 602 605 603
f 606 607 603
f 606 605 608
f 606 609 607
f 610 611 607
f 610 609 612
f 610 612 613
f 613 44 611
f 613 612 614
f 613 614 48
f 614 615 616
f 614 616 617
f 616 618 619
f 616 619 620
f 620 619 621
f 620 621 622
f 620 623 617
f 623 622 624
f 623 625 49
f 624 622 626
f 624 626 627
f 624 628 625
f 627 626 629
f 627 629 630
f 627 631 628
f 630 629 632
f 630 632 633
f 630 634 631
f 633 632 635
f 633 635 636
f 633 637 634
f 636 635 638
f 636 638 639
f 636 640 637
f 639 638 641
f 639 641 642
f 639 379 640
f 642 641 643
f 642 643 644
f 642 382 379
f 644 643 97
f 644 97 385
f 644 385 383
f 645 646 647
f 645 647 95
f 645 643 648
f 647 649 650
f 647 650 651
f 650 652 653
f 650 653 654
f 654 653 393
f 654 393 391
f 654 390 651
f 655 656 396
f 655 396 394
f 655 653 657
f 658 656 659
f 658 660 661
f 658 661 397
f 662 660 663
f 662 664 665
f 662 666 661
f 665 664 667
f 665 667 668
f 665 669 666
f 668 667 670
f 668 670 671
f 668 671 669
f 672 670 673
f 672 674 675
f 672 676 671
f 675 674 677
f 675 677 678
f 675 679 676
f 678 677 680
f 678 680 681
f 678 682 679
f 681 680 683
f 681 683 684
f 681 685 682
f 684 683 686
f 684 686 687
f 684 688 685
f 687 686 689
f 687 689 690
f 687 691 688
f 690 689 692
f 690 692 693
f 690 694 691
f 693 692 695
f 693 695 696
f 693 697 694
f 696 695 698
f 696 698 699
f 696 700 697
f 699 698 701
f 699 702 703
f 699 703 700
f 703 704 705
f 703 706 436
f 706 705 707
f 706 708 437
f 707 705 709
f 707 709 710
f 707 711 708
f 710 709 712
f 710 713 714
f 710 715 711
f 714 465 462
f 714 461 715
f 714 713 716
f 716 717 465
f 716 713 718
f 716 718 719
f 719 720 717
f 719 718 721
f 719 721 722
f 722 723 720
f 722 721 724
f 722 724 725
f 725 726 723
f 725 724 727
f 725 727 728
f 728 729 726
f 728 727 730
f 728 730 731
f 731 732 729
f 731 730 733
f 731 733 734
f 734 735 732
f 734 733 736
f 734 736 737
f 737 492 735
f 737 736 738
f 737 738 492
f 739 497 493
f 739 738 740
f 739 741 497
f 742 502 498
f 742 741 743
f 742 744 502
f 745 506 503
f 745 744 746
f 745 747 506
f 747 746 748
f 747 749 508
f 749 748 750
f 749 751 510
f 751 750 752
f 751 753 512
f 754 515 513
f 754 753 91
f 754 91 515
f 755 753 752
f 755 756 757
f 755 757 87
f 757 758 759
f 757 759 760
f 759 761 762
f 759 762 763
f 763 764 760
f 763 762 765
f 763 765 766
f 766 767 764
f 766 765 768
f 766 768 769
f 769 770 767
f 769 768 771
f 769 771 772
f 772 773 770
f 772 771 774
f 772 774 775
f 775 776 773
f 775 774 777
f 775 777 778
f 778 777 779
f 778 779 780
f 778 781 776
f 780 779 782
f 780 782 783
f 780 532 781
f 783 782 784
f 783 785 535
f 783 535 533
f 786 785 787
f 786 788 538
f 786 538 536
f 789 788 790
f 789 791 541
f 789 541 539
f 792 791 793
f 792 794 795
f 792 795 542
f 796 794 797
f 796 797 798
f 796 799 795
f 798 797 800
f 798 800 801
f 798 802 799
f 801 800 803
f 801 803 804
f 801 805 802
f 804 803 806
f 804 806 807
f 804 808 805
f 807 806 809
f 807 809 810
f 807 811 808
f 810 809 812
f 810 812 813
f 810 814 811
f 813 812 815
f 813 815 569
f 813 567 814
f 815 816 817
f 815 817 572
f 817 818 819
f 817 819 820
f 819 821 822
f 819 822 823
f 823 822 824
f 823 824 825
f 823 826 820
f 825 824 827
f 825 827 828
f 825 829 826
f 829 828 830
f 829 831 575
f 831 830 832
f 831 832 580
f 832 833 834
f 832 834 835
f 834 836 837
f 834 837 838
f 838 837 839
f 838 839 840
f 838 841 835
f 840 839 842
f 840 842 843
f 840 844 841
f 844 843 845
f 844 846 583
f 846 845 847
f 846 848 584
f 848 847 849
f 848 850 586
f 851 591 587
f 851 850 852
f 851 853 591
f 853 852 854
f 853 855 856
f 857 858 592
f 857 855 859
f 857 860 858
f 861 862 858
f 861 860 863
f 861 864 862
f 865 866 862
f 865 864 142
f 865 145 867
f 867 604 866
f 867 145 144
f 867 868 604
f 869 868 870
f 869 871 608
f 869 608 605
f 872 871 873
f 872 873 874
f 872 875 609
f 874 873 876
f 874 876 618
f 874 615 875
f 876 877 878
f 876 878 879
f 878 880 881
f 878 881 882
f 882 881 883
f 882 883 884
f 882 885 879
f 884 883 886
f 884 886 887
f 884 888 885
f 888 887 889
f 888 890 621
f 889 887 891
f 889 891 892
f 889 893 890
f 892 891 894
f 892 894 895
f 892 896 893
f 895 894 897
f 895 897 898
f 895 899 896
f 898 897 900
f 898 900 901
f 898 902 899
f 901 900 903
f 901 903 904
f 901 905 902
f 904 903 906
f 904 906 646
f 904 648 905
f 906 907 908
f 906 908 649
f 908 909 910
f 908 910 652
f 910 911 912
f 910 912 657
f 912 913 659
f 912 659 656
f 914 915 39
f 914 663 660
f 914 913 915
f 916 917 918
f 916 913 911
f 916 919 917
f 920 921 922
f 920 919 923
f 920 924 921
f 925 926 927
f 925 924 928
f 925 929 926
f 930 931 932
f 930 929 933
f 930 933 934
f 934 935 931
f 934 933 936
f 934 937 938
f 938 939 935
f 938 937 940
f 938 940 941
f 941 942 939
f 941 940 943
f 941 943 944
f 944 945 942
f 944 943 946
f 944 946 947
f 947 948 945
f 947 946 949
f 947 949 950
f 950 951 948
f 950 949 952
f 950 952 953
f 953 954 951
f 953 952 955
f 953 955 956
f 956 957 958
f 956 955 959
f 956 959 957
f 960 961 962
f 960 959 963
f 960 964 961
f 965 966 967
f 965 964 968
f 965 969 966
f 970 971 972
f 970 969 143
f 970 973 971
f 974 975 976
f 974 973 977
f 974 978 975
f 979 978 980
f 979 981 982
f 979 982 983
f 983 984 985
f 983 986 975
f 983 982 984
f 987 982 988
f 987 989 990
f 987 990 991
f 991 992 993
f 991 994 984
f 991 990 992
f 995 996 997
f 995 990 998
f 995 999 996
f 1000 999 1001
f 1000 1002 1003
f 1000 1003 1004
f 1004 1003 1005
f 1004 1005 1006
f 1004 1007 996
f 1007 1006 1008
f 1007 1009 997
f 1010 993 992
f 1010 1009 1011
f 1010 1012 993
f 1013 1012 1014
f 1013 1015 1016
f 1013 1016 993
f 1016 1017 1018
f 1016 1018 994
f 1018 1019 1020
f 1018 1020 985
f 1020 1021 1022
f 1020 1022 986
f 1022 1023 972
f 1022 972 971
f 1024 1023 1025
f 1024 1026 967
f 1024 967 966
f 1027 1026 1028
f 1027 1029 962
f 1027 962 961
f 1030 1029 1031
f 1030 1032 958
f 1030 958 957
f 1033 1032 1034
f 1033 1035 1036
f 1033 1037 958
f 1036 1035 1038
f 1036 1038 1039
f 1036 1040 1037
f 1039 1038 1041
f 1039 1041 1042
f 1039 1043 1040
f 1042 1041 1044
f 1042 1044 1045
f 1042 1046 1043
f 1045 1044 1047
f 1045 1047 1048
f 1045 1049 1046
f 1048 1047 1050
f 1048 1050 1051
f 1048 1052 1049
f 1051 1050 1053
f 1051 1053 1054
f 1051 1055 1052
f 1054 1053 1056
f 1054 1056 932
f 1054 932 931
f 1057 1056 1058
f 1057 1059 927
f 1057 927 926
f 1060 1059 1061
f 1060 1062 922
f 1060 922 921
f 1063 1062 1064
f 1063 1065 918
f 1063 918 917
f 1064 1066 1067
f 1064 1068 1065
f 1064 1062 1066
f 1068 1067 1069
f 1068 1070 35
f 1070 1069 1071
f 1070 1072 36
f 1073 1072 1074
f 1073 1074 1075
f 1073 1075 41
f 1075 1076 1077
f 1075 1077 1078
f 1077 1079 1080
f 1077 1080 673
f 1080 1081 1082
f 1080 1082 674
f 1083 1081 1084
f 1083 1084 1085
f 1083 1086 1082
f 1085 1084 1087
f 1085 1087 1088
f 1085 1089 1086
f 1088 1087 1090
f 1088 1090 1091
f 1088 1092 1089
f 1091 1090 1093
f 1091 1093 1094
f 1091 1095 1092
f 1094 1093 1096
f 1094 1096 1097
f 1094 1098 1095
f 1097 1096 1099
f 1097 1099 1100
f 1097 1101 1098
f 1100 1099 1102
f 1100 1103 1104
f 1100 1104 1101
f 1105 1103 1106
f 1105 1107 701
f 1105 701 698
f 1108 1107 1109
f 1108 1110 1111
f 1108 1111 702
f 1110 1109 1112
f 1110 1113 32
f 1113 1112 1114
f 1113 1115 1116
f 1117 1115 1118
f 1117 1119 1120
f 1117 1120 31
f 1120 1121 1122
f 1120 1122 1123
f 1122 1124 1125
f 1122 1126 1124
f 1127 1128 1129
f 1127 1126 1130
f 1127 1131 1128
f 1132 1133 1128
f 1132 1131 1134
f 1132 1135 1136
f 1136 1137 1133
f 1136 1135 1138
f 1136 1138 1139
f 1139 1140 1137
f 1139 1138 1141
f 1139 1141 1142
f 1142 1143 1140
f 1142 1141 1144
f 1142 1144 1145
f 1145 1146 1143
f 1145 1144 1147
f 1145 1147 1148
f 1148 1149 1150
f 1148 1147 1151
f 1148 1152 1149
f 1153 750 748
f 1153 1152 1154
f 1153 1155 750
f 1155 1154 1156
f 1155 1156 756
f 1156 1157 1158
f 1156 1158 758
f 1158 1159 1160
f 1158 1160 761
f 1160 1161 1162
f 1160 1163 1164
f 1163 1162 1165
f 1163 1166 1164
f 1167 1168 1164
f 1167 1166 1169
f 1167 1170 1168
f 1171 1172 1168
f 1171 1170 1173
f 1171 1174 1172
f 1175 1176 1172
f 1175 1174 1177
f 1175 1178 1179
f 1179 1180 1176
f 1179 1178 1181
f 1179 1181 1182
f 1182 1183 774
f 1182 1181 1184
f 1182 1184 1183
f 1185 1186 777
f 1185 1184 1187
f 1185 1187 1186
f 1188 1189 1186
f 1188 1187 24
f 1188 23 1189
f 1187 1190 24
f 1191 1190 1192
f 1191 1193 1194
f 1191 1194 20
f 1194 1195 1196
f 1194 1196 1197
f 1196 1198 1199
f 1196 1199 1200
f 1200 1201 1197
f 1200 1199 1202
f 1200 1202 1203
f 1203 1204 1201
f 1203 1202 1205
f 1203 1205 1206
f 1206 1207 1204
f 1206 1205 1208
f 1206 1208 1209
f 1209 1210 1207
f 1209 1208 1211
f 1209 1211 1212
f 1212 1213 1210
f 1212 1211 1214
f 1212 1214 1215
f 1215 1216 1213
f 1215 1214 1217
f 1215 1217 1216
f 1218 1219 1220
f 1218 1217 1221
f 1218 1222 1219
f 1223 1224 1225
f 1223 1222 1226
f 1223 1227 1224
f 1228 1229 1230
f 1228 1227 1231
f 1228 1232 1229
f 1233 1234 1235
f 1233 1232 1236
f 1233 1236 1237
f 1237 5 1234
f 1237 1236 1238
f 1237 1238 1239
f 1238 1240 1241
f 1238 1241 1242
f 1242 1243 1239
f 1242 1241 1244
f 1242 1244 1245
f 1245 1246 1243
f 1245 1244 1247
f 1245 1247 1248
f 1248 1249 1246
f 1248 1247 1250
f 1248 1250 1251
f 1251 1252 1249
f 1251 1250 1253
f 1251 1253 1254
f 1254 1255 1252
f 1254 1253 1256
f 1254 1256 1257
f 1257 1258 1255
f 1257 1256 1259
f 1257 1259 1260
f 1260 1261 1262
f 1260 1259 1263
f 1260 1264 1261
f 1265 1266 1267
f 1265 1264 1268
f 1265 1269 1266
f 1270 1271 1272
f 1270 1269 1273
f 1270 1274 1271
f 1274 1273 1275
f 1274 1276 1277
f 1276 1275 1278
f 1276 1279 76
f 1279 1278 1015
f 1279 1014 77
f 1280 1014 1012
f 1280 1011 1281
f 1280 1281 78
f 1281 1282 1283
f 1281 1283 78
f 1283 1284 1285
f 1283 1286 79
f 1287 1286 1288
f 1287 1289 1290
f 1287 1290 75
f 1290 1291 1271
f 1290 1271 1277
f 1291 1289 1292
f 1291 1293 1272
f 1294 1293 1295
f 1294 1296 1267
f 1294 1267 1266
f 1297 1296 1298
f 1297 1298 1299
f 1297 1262 1261
f 1299 1298 1300
f 1299 1300 1301
f 1299 1302 1262
f 1301 1300 1303
f 1301 1303 1304
f 1301 1305 1302
f 1304 1303 1306
f 1304 1306 1307
f 1304 1308 1305
f 1307 1306 1309
f 1307 1309 1310
f 1307 1311 1308
f 1310 1309 1312
f 1310 1313 1314
f 1310 1314 1311
f 1313 1312 1315
f 1313 1316 1317
f 1316 1315 1318
f 1316 1318 1319
f 1318 1320 1321
f 1318 1322 1320
f 1323 1324 1325
f 1323 1322 1326
f 1323 1327 1324
f 1328 1329 1330
f 1328 1327 1331
f 1328 1332 1329
f 1333 1334 1335
f 1333 1332 1336
f 1333 1336 1334
f 1337 1338 1339
f 1337 1336 1340
f 1337 1341 1338
f 1342 1343 1344
f 1342 1341 1345
f 1342 1345 1343
f 1346 1347 1348
f 1346 1345 1349
f 1346 1350 1347
f 1351 1352 1353
f 1351 1350 1354
f 1351 1355 1352
f 1356 1357 1358
f 1356 1355 1359
f 1356 1360 1357
f 1361 1362 1363
f 1361 1360 1364
f 1361 1365 1362
f 1366 1006 1005
f 1366 1365 1367
f 1366 1368 1006
f 1368 1367 1285
f 1368 1284 1008
f 1367 1365 1369
f 1367 1369 1370
f 1370 1369 1371
f 1370 1371 1288
f 1370 1288 1286
f 1372 1371 1373
f 1372 1373 1292
f 1372 1292 1289
f 1374 1373 1375
f 1374 1375 1376
f 1374 1295 1293
f 1376 1375 1377
f 1376 1377 1378
f 1376 1379 1295
f 1378 1377 1380
f 1378 1380 1381
f 1378 1382 1379
f 1381 1380 1383
f 1381 1383 1384
f 1381 1385 1382
f 1384 1383 1386
f 1384 1386 1387
f 1384 1388 1385
f 1387 1386 1389
f 1387 1390 1391
f 1387 1391 1306
f 1392 1390 1393
f 1392 1394 1312
f 1392 1312 1309
f 1394 1393 1326
f 1394 1326 1322
f 1395 1331 1327
f 1395 1393 1396
f 1395 1396 1331
f 1397 1398 1332
f 1397 1396 1399
f 1397 1399 1400
f 1400 1340 1398
f 1400 1399 1401
f 1400 1401 1402
f 1402 1403 1340
f 1402 1401 1404
f 1402 1404 1405
f 1405 1349 1403
f 1405 1404 1406
f 1405 1406 1407
f 1407 1354 1350
f 1407 1406 1408
f 1407 1408 1354
f 1409 1359 1355
f 1409 1408 1410
f 1409 1411 1359
f 1412 1364 1360
f 1412 1411 1413
f 1412 1414 1364
f 1413 1411 1415
f 1413 1415 1416
f 1413 1417 1414
f 1416 1415 1418
f 1416 1418 1419
f 1416 1420 1417
f 1419 1418 1421
f 1419 1421 1422
f 1419 1423 1420
f 1422 1421 1424
f 1422 1424 1425
f 1422 1426 1423
f 1425 1424 1427
f 1425 1427 1428
f 1425 1429 1426
f 1428 1427 1430
f 1428 1430 1431
f 1428 1432 1429
f 1431 1430 101
f 1431 1433 1389
f 1431 1389 1432
f 1433 1434 1435
f 1433 101 1436
f 1427 1437 99
f 1437 1438 100
f 1437 1424 1439
f 1440 1441 1442
f 1440 1442 102
f 1440 1438 1443
f 1443 1444 1441
f 1443 1438 13
f 1443 13 12
f 1444 1445 1446
f 1444 12 10
f 1442 1447 1448
f 1442 1448 1436
f 1441 1446 1447
f 1439 1421 11
f 1415 1410 9
f 1410 1408 10
f 1448 1399 1434
f 1435 1393 1390
f 1363 1449 73
f 1363 1450 1357
f 1363 1362 1449
f 1450 73 71
f 1450 1451 1358
f 1452 1451 1453
f 1452 1454 1353
f 1452 1353 1352
f 1455 1454 1456
f 1455 1457 1348
f 1455 1348 1347
f 1458 1457 1459
f 1458 1460 1344
f 1458 1344 1343
f 1461 1460 1462
f 1461 1463 1339
f 1461 1339 1338
f 1464 1463 1465
f 1464 1466 1335
f 1464 1335 1334
f 1467 1466 1468
f 1467 1469 1330
f 1467 1330 1329
f 1470 1469 1471
f 1470 1472 1325
f 1470 1325 1330
f 1473 1472 1474
f 1473 1474 1475
f 1473 1321 1320
f 1475 1474 1476
f 1475 1476 1477
f 1475 3 1321
f 1476 1478 1479
f 1476 1479 1480
f 1480 1479 1481
f 1480 1481 1482
f 1480 1483 1477
f 1483 1482 1484
f 1483 1485 6
f 1485 1484 1235
f 1485 1235 7
f 1486 1484 1487
f 1486 1488 1230
f 1486 1230 1229
f 1489 1488 1490
f 1489 1491 1225
f 1489 1225 1224
f 1492 1491 1493
f 1492 1494 1220
f 1492 1220 1219
f 1495 1494 1496
f 1495 1497 1498
f 1495 1498 1216
f 1499 1497 1500
f 1499 1500 1501
f 1499 1502 1498
f 1501 1500 1503
f 1501 1503 1504
f 1501 1505 1502
f 1504 1503 1506
f 1504 1506 1507
f 1504 1508 1505
f 1507 1506 1509
f 1507 1509 22
f 1507 1510 1508
f 1509 1511 1512
f 1509 1512 26
f 1512 1513 1514
f 1512 1514 1515
f 1514 1516 1517
f 1514 1517 1518
f 1518 1517 1519
f 1518 1519 787
f 1518 1520 1515
f 1520 787 785
f 1520 784 25
f 1519 1521 790
f 1519 790 788
f 1522 1521 1523
f 1522 1524 793
f 1522 793 791
f 1525 1524 1526
f 1525 1526 1527
f 1525 1528 794
f 1527 1526 1529
f 1527 1529 1530
f 1527 1531 1528
f 1530 1529 1532
f 1530 1532 1533
f 1530 1534 1531
f 1533 1532 1535
f 1533 1535 1536
f 1533 1537 1534
f 1536 1535 1538
f 1536 1538 1539
f 1536 1540 1537
f 1539 1538 1541
f 1539 1541 1542
f 1539 1543 1540
f 1542 1541 1544
f 1542 1544 818
f 1542 816 1543
f 1544 1545 1546
f 1544 1546 821
f 1546 1547 1548
f 1546 1548 1549
f 1548 1550 1551
f 1548 1551 1552
f 1552 1551 1553
f 1552 1553 1554
f 1552 1555 1549
f 1554 1553 1556
f 1554 1556 1557
f 1554 1558 1555
f 1557 1556 1559
f 1557 1559 1560
f 1557 1561 1558
f 1561 1560 1562
f 1561 1563 827
f 1563 1562 1564
f 1563 1565 828
f 1565 1564 1566
f 1565 1567 830
f 1567 1566 1568
f 1567 1568 836
f 1568 1569 1570
f 1568 1570 1571
f 1570 1572 1573
f 1570 1573 1574
f 1574 1573 1575
f 1574 1575 1576
f 1574 1577 1571
f 1576 1575 1578
f 1576 1578 1579
f 1576 1580 1577
f 1579 1578 1581
f 1579 1581 1582
f 1579 1583 1580
f 1583 1582 1584
f 1583 1585 842
f 1585 1584 1586
f 1585 1587 843
f 1587 1586 1588
f 1587 1589 845
f 1589 1588 1590
f 1589 1591 847
f 1591 1590 1592
f 1591 1593 849
f 1594 852 850
f 1594 1593 1595
f 1594 1596 852
f 1596 1595 1597
f 1596 1598 854
f 1599 859 855
f 1599 1598 1600
f 1599 1601 859
f 1602 863 860
f 1602 1601 1603
f 1602 1604 863
f 1604 1603 1605
f 1604 1606 1607
f 1606 1605 1608
f 1606 1609 1610
f 1609 1608 1611
f 1609 1612 1613
f 1613 977 1610
f 1613 1612 980
f 1613 980 978
f 1614 1612 1611
f 1614 1615 1616
f 1614 1616 981
f 1616 1617 1618
f 1616 1618 988
f 1618 1619 1620
f 1618 1620 989
f 1620 1621 1622
f 1620 1622 998
f 1622 1623 1001
f 1622 1001 999
f 1624 1623 1625
f 1624 1625 1626
f 1624 70 1002
f 1625 1627 1628
f 1625 1628 1453
f 1628 1629 1456
f 1628 1456 1454
f 1630 1629 1631
f 1630 1632 1459
f 1630 1459 1457
f 1633 1632 1634
f 1633 1635 1462
f 1633 1462 1460
f 1636 1635 1637
f 1636 1638 1465
f 1636 1465 1463
f 1639 1638 1640
f 1639 1641 1468
f 1639 1468 1466
f 1642 1641 1643
f 1642 1644 1471
f 1642 1471 1469
f 1645 1644 1646
f 1645 1647 1648
f 1645 1648 1472
f 1649 1647 1650
f 1649 1651 1652
f 1649 1478 1648
f 1651 1650 1653
f 1651 1654 1652
f 1655 1654 1656
f 1655 1657 1658
f 1655 1658 1652
f 1659 1657 1660
f 1659 1661 1662
f 1659 1662 1481
f 1662 1663 1664
f 1662 1664 1482
f 1664 1665 1487
f 1664 1487 1484
f 1666 1665 1667
f 1666 1668 1490
f 1666 1490 1488
f 1669 1668 1670
f 1669 1671 1493
f 1669 1493 1491
f 1672 1671 1673
f 1672 1674 1496
f 1672 1496 1494
f 1675 1674 1676
f 1675 1677 1678
f 1675 1679 1496
f 1678 1677 1680
f 1678 1680 1681
f 1678 1682 1679
f 1681 1680 1683
f 1681 1683 1684
f 1681 1685 1682
f 1684 1683 1686
f 1684 1686 1513
f 1684 1511 1685
f 1686 1687 1688
f 1686 1688 1516
f 1688 1689 1690
f 1688 1690 1691
f 1690 1692 1693
f 1690 1693 1523
f 1693 1694 1695
f 1693 1696 1524
f 1695 1694 1697
f 1695 1698 1699
f 1695 1699 1696
f 1700 1698 1701
f 1700 1702 1703
f 1700 1704 1699
f 1703 1702 1705
f 1703 1706 1707
f 1703 1708 1704
f 1707 1706 1709
f 1707 1709 1710
f 1707 1711 1708
f 1710 1709 1712
f 1710 1712 1713
f 1710 1714 1711
f 1713 1712 1715
f 1713 1715 1547
f 1713 1545 1714
f 1715 1716 1717
f 1715 1717 1550
f 1717 1718 1719
f 1717 1719 1720
f 1719 1721 1722
f 1719 1722 1723
f 1723 1722 1724
f 1723 1724 1725
f 1723 1726 1720
f 1725 1724 1727
f 1725 1727 1728
f 1725 1729 1726
f 1728 1727 1730
f 1728 1730 1731
f 1728 1732 1729
f 1731 1730 1733
f 1731 1733 1734
f 1731 1735 1732
f 1735 1734 1736
f 1735 1737 1559
f 1737 1736 1738
f 1737 1739 1560
f 1739 1738 1740
f 1739 1741 1562
f 1741 1740 1742
f 1741 1743 1564
f 1743 1742 1744
f 1743 1745 1569
f 1745 1744 1746
f 1745 1746 1572
f 1746 1747 1748
f 1746 1748 1749
f 1748 1750 1751
f 1748 1751 1752
f 1752 1751 1753
f 1752 1753 1754
f 1752 1755 1749
f 1754 1753 1756
f 1754 1756 1757
f 1754 1758 1755
f 1757 1756 1759
f 1757 1759 1760
f 1757 1761 1758
f 1760 1759 1762
f 1760 1762 1763
f 1760 1764 1761
f 1764 1763 1765
f 1764 1766 1581
f 1766 1765 1767
f 1766 1768 1582
f 1768 1767 1769
f 1768 1770 1584
f 1770 1769 1771
f 1770 1772 1586
f 1772 1771 1773
f 1772 1774 1588
f 1774 1773 1775
f 1774 1776 1590
f 1776 1775 1777
f 1776 1778 1592
f 1779 1595 1593
f 1779 1778 1780
f 1779 1781 1595
f 1781 1780 1782
f 1781 1783 1597
f 1784 1600 1598
f 1784 1783 1785
f 1784 1786 1600
f 1787 1603 1601
f 1787 1786 1788
f 1787 1789 1603
f 1789 1788 1790
f 1789 1791 1605
f 1791 1790 1792
f 1791 1793 1608
f 1793 1792 1794
f 1793 1795 1611
f 1795 1794 1796
f 1795 1797 1615
f 1797 1796 1798
f 1797 1799 1617
f 1799 1798 1631
f 1799 1800 1619
f 1800 1631 1629
f 1800 1627 1621
f 1798 1796 1634
f 1798 1634 1632
f 1801 1796 1794
f 1801 1802 1637
f 1801 1637 1635
f 1803 1802 1804
f 1803 1805 1640
f 1803 1640 1638
f 1806 1805 1807
f 1806 1808 1643
f 1806 1643 1641
f 1809 1808 1810
f 1809 1811 1646
f 1809 1646 1644
f 1812 1811 1813
f 1812 1814 1650
f 1812 1650 1647
f 1814 1813 1815
f 1814 1816 1653
f 1817 1816 1818
f 1817 1819 1656
f 1817 1656 1654
f 1820 1819 1821
f 1820 1822 1660
f 1820 1660 1657
f 1823 1822 1824
f 1823 1825 1826
f 1823 1826 1661
f 1826 1827 1828
f 1826 1828 1663
f 1828 1829 1667
f 1828 1667 1665
f 1830 1829 1831
f 1830 1832 1670
f 1830 1670 1668
f 1833 1832 1834
f 1833 1835 1673
f 1833 1673 1671
f 1836 1835 1837
f 1836 1838 1676
f 1836 1676 1674
f 1839 1838 1840
f 1839 1841 1842
f 1839 1842 1676
f 1843 1841 1844
f 1843 1845 1846
f 1843 1847 1842
f 1846 1845 1848
f 1846 1848 1689
f 1846 1687 1847
f 1848 1849 1850
f 1848 1851 1692
f 1851 1850 1697
f 1851 1697 1694
f 1852 1850 1853
f 1852 1853 1854
f 1852 1701 1698
f 1854 1853 1855
f 1854 1855 1856
f 1854 1705 1701
f 1856 1855 1857
f 1856 1857 1858
f 1856 1859 1705
f 1858 1857 1860
f 1858 1860 1861
f 1858 1862 1859
f 1861 1860 1863
f 1861 1863 1718
f 1861 1716 1862
f 1863 1864 1865
f 1863 1865 1721
f 1865 1866 1867
f 1865 1867 1868
f 1867 1869 1870
f 1867 1870 1871
f 1871 1870 1872
f 1871 1872 1873
f 1871 1874 1868
f 1873 1872 1875
f 1873 1875 1876
f 1873 1877 1874
f 1876 1875 1878
f 1876 1878 1879
f 1876 1880 1877
f 1879 1878 1881
f 1879 1881 1882
f 1879 1883 1880
f 1882 1881 1884
f 1882 1884 1885
f 1882 1886 1883
f 1886 1885 1887
f 1886 1887 1733
f 1887 1888 61
f 1887 59 1734
f 1888 1885 1889
f 1888 1890 61
f 1890 1889 1891
f 1890 1892 62
f 1893 1892 1894
f 1893 1895 1896
f 1893 1896 60
f 1896 1897 1898
f 1896 1898 1899
f 1898 1900 1742
f 1898 1742 1740
f 1900 1897 1901
f 1900 1902 1744
f 1902 1901 1903
f 1902 1903 1750
f 1903 1904 1905
f 1903 1905 1906
f 1905 1907 1908
f 1905 1908 1909
f 1909 1908 1910
f 1909 1910 1911
f 1909 1912 1906
f 1911 1910 1913
f 1911 1913 1914
f 1911 1915 1912
f 1914 1913 1916
f 1914 1916 1917
f 1914 1918 1915
f 1917 1916 1919
f 1917 1919 1920
f 1917 1921 1918
f 1920 1919 1922
f 1920 1922 1923
f 1920 1924 1921
f 1924 1923 1925
f 1924 1926 1762
f 1926 1925 1927
f 1926 1928 1763
f 1928 1927 1929
f 1928 1930 1765
f 1930 1929 1931
f 1930 1932 1767
f 1932 1931 1933
f 1932 1934 1769
f 1934 1933 1935
f 1934 1936 1771
f 1936 1935 1937
f 1936 1938 1773
f 1938 1937 1939
f 1938 1940 1775
f 1940 1939 1818
f 1940 1941 1777
f 1942 1780 1778
f 1942 1941 1815
f 1942 1943 1780
f 1943 1815 1813
f 1943 1944 1782
f 1945 1785 1783
f 1945 1944 1810
f 1945 1946 1785
f 1947 1788 1786
f 1947 1946 1807
f 1947 1948 1788
f 1948 1807 1805
f 1948 1804 1790
f 1946 1810 1808
f 1944 1813 1811
f 1941 1818 1816
f 1939 1937 1821
f 1939 1821 1819
f 1949 1937 1935
f 1949 1950 1824
f 1949 1824 1822
f 1951 1950 1952
f 1951 1953 1954
f 1951 1954 1825
f 1954 1955 1956
f 1954 1956 1827
f 1956 1957 1831
f 1956 1831 1829
f 1958 1957 1959
f 1958 1960 1834
f 1958 1834 1832
f 1961 1960 1962
f 1961 56 1837
f 1961 1837 1835
f 1960 1959 1963
f 1963 1964 1965
f 1963 1966 1962
f 1963 1959 1964
f 1967 1968 1969
f 1967 1959 1957
f 1967 1955 1968
f 1969 1970 1971
f 1969 1972 1964
f 1969 1968 1970
f 1973 1931 1929
f 1973 1968 1953
f 1973 1952 1931
f 1972 1971 1974
f 1972 1975 1965
f 1976 1975 1977
f 1976 1978 1979
f 1976 1979 1966
f 1979 1980 1981
f 1979 1981 55
f 1982 1980 1983
f 1982 1983 1984
f 1982 1985 1981
f 1985 1984 1986
f 1985 1986 54
f 1986 1987 1988
f 1986 1988 1989
f 1990 1988 1991
f 1990 1992 1993
f 1990 1993 51
f 1993 1994 1995
f 1993 1995 1996
f 1995 1997 1998
f 1995 1998 1999
f 1999 2000 1996
f 1999 1998 2001
f 1999 2001 1844
f 2001 2002 1849
f 2001 1849 1845
f 2000 1840 52
f 2000 1844 1841
f 1998 2003 2002
f 1997 1994 2004
f 1997 2005 2003
f 2004 1994 2006
f 2004 2006 2007
f 2004 2008 2005
f 2007 2006 2009
f 2007 2009 1866
f 2007 1864 2008
f 2009 2010 2011
f 2009 2011 1869
f 2011 2012 2013
f 2011 2013 2014
f 2013 2015 2016
f 2013 2016 2017
f 2017 2016 2018
f 2017 2018 2019
f 2017 2020 2014
f 2019 2018 2021
f 2019 2021 2022
f 2019 2023 2020
f 2022 2021 2024
f 2022 2024 2025
f 2022 2026 2023
f 2025 2024 2027
f 2025 2027 2028
f 2025 2029 2026
f 2028 2027 2030
f 2028 2030 2031
f 2028 2032 2029
f 2031 2030 2033
f 2031 2033 2034
f 2031 2034 2032
f 2034 2035 1889
f 2034 1889 1885
f 2035 2033 2036
f 2035 2037 1891
f 2038 2037 2039
f 2038 2040 1894
f 2038 1894 1892
f 2041 2040 2042
f 2041 2043 2044
f 2041 2044 1895
f 2044 2045 1904
f 2044 1901 1897
f 2045 2043 2046
f 2045 2046 1907
f 2046 2047 2048
f 2046 2048 2049
f 2048 2050 67
f 2048 67 66
f 2051 2050 2052
f 2051 2053 2054
f 2051 2054 64
f 2054 2055 2056
f 2054 2056 65
f 2056 2057 2058
f 2056 2058 65
f 2059 2060 68
f 2059 2058 2061
f 2059 2062 2060
f 2061 2058 2063
f 2061 2063 2064
f 2061 2065 2062
f 2064 2063 2066
f 2064 2066 2067
f 2064 2068 2065
f 2067 2066 2069
f 2067 2069 2070
f 2067 2071 2068
f 2071 2070 1977
f 2071 2072 1922
f 2072 1977 1975
f 2072 1974 1923
f 2070 2069 2073
f 2070 2073 1978
f 2073 2074 2075
f 2073 2075 1980
f 2076 2074 2077
f 2076 2077 2078
f 2076 2079 2075
f 2079 2078 2080
f 2079 2081 1983
f 2081 2080 2082
f 2081 2082 1987
f 2082 2083 2084
f 2082 2084 2085
f 2084 2086 2087
f 2084 2087 2088
f 2088 2087 2015
f 2088 2012 1991
f 2088 1991 1988
f 2087 2089 2090
f 2089 2086 2091
f 2089 2092 2090
f 2093 2092 2094
f 2093 2095 2096
f 2093 2097 2090
f 2096 2095 2098
f 2096 2099 131
f 2096 2100 2097
f 2098 2101 2102
f 2098 2103 2099
f 2098 2095 2101
f 2103 2102 2104
f 2103 2105 128
f 2105 2104 2106
f 2105 2107 129
f 2108 2109 130
f 2108 2107 2110
f 2108 2111 2109
f 2110 2107 2112
f 2110 2112 2113
f 2110 2114 2111
f 2113 2112 2115
f 2113 2116 2036
f 2113 2036 2033
f 2117 2116 2118
f 2117 2119 2039
f 2117 2039 2037
f 2120 2119 2121
f 2120 2122 2123
f 2120 2042 2040
f 2123 2122 2052
f 2123 2052 2050
f 2123 2047 2042
f 2124 2122 2121
f 2124 2125 2126
f 2124 2126 2053
f 2126 2127 2128
f 2126 2128 2055
f 2128 2129 2130
f 2128 2130 2057
f 2130 2131 2132
f 2130 2133 2057
f 2133 2132 2134
f 2133 2135 2136
f 2134 2132 2137
f 2134 2138 2139
f 2134 2140 2135
f 2138 2137 2141
f 2138 2142 2139
f 2142 2141 2143
f 2142 2144 2077
f 2144 2143 2145
f 2144 2145 2078
f 2145 2146 2147
f 2145 2147 2083
f 2147 2148 2091
f 2147 2091 2086
f 2149 2148 2150
f 2149 2151 2094
f 2149 2094 2092
f 2151 2150 2152
f 2151 2153 2101
f 2153 2152 2154
f 2153 2155 2102
f 2155 2154 2156
f 2155 2157 2104
f 2157 2156 2158
f 2157 2115 2106
f 2158 2156 124
f 2158 2159 2118
f 2158 2118 2116
f 2160 2159 126
f 2160 2161 2125
f 2160 2121 2119
f 2161 126 2162
f 2161 2162 2127
f 2162 123 2163
f 2162 2163 2129
f 2163 2164 2165
f 2163 2165 2131
f 2165 2166 2137
f 2165 2137 2132
f 2166 2164 2167
f 2166 2167 2141
f 2167 2168 2169
f 2167 2169 2146
f 2169 2170 2150
f 2169 2150 2148
f 2170 2168 122
f 2170 125 2152
f 2168 2164 122
f 2156 2154 124
f 2139 2074 2140
f 2109 2024 2171
f 2021 2100 2171
f 2010 2006 1992
f 1974 1971 1925
f 1971 1970 1927
f 1952 1950 1933
f 2060 1910 2172
f 1908 2049 2172
f 1840 1838 53
f 1804 1802 1792
f 1740 1738 1899
f 1738 1736 58
f 1523 1521 1691
f 1453 1451 1626
f 1282 1011 1009
f 1278 1275 2173
f 1278 2173 1017
f 2173 2174 2175
f 2173 2175 1019
f 2175 2176 2177
f 2175 2177 1021
f 2177 2178 1025
f 2177 1025 1023
f 2179 2178 2180
f 2179 2181 1028
f 2179 1028 1026
f 2182 2181 2183
f 2182 2184 1031
f 2182 1031 1029
f 2185 2184 2186
f 2185 2187 1034
f 2185 1034 1032
f 2188 2187 2189
f 2188 2189 2190
f 2188 2191 1034
f 2190 2189 2192
f 2190 2192 2193
f 2190 2194 2191
f 2193 2192 2195
f 2193 2195 2196
f 2193 2197 2194
f 2196 2195 2198
f 2196 2198 2199
f 2196 2200 2197
f 2199 2198 2201
f 2199 2201 2202
f 2199 2203 2200
f 2202 2201 2204
f 2202 2204 2205
f 2202 2206 2203
f 2205 2204 2207
f 2205 2207 2208
f 2205 2209 2206
f 2208 2207 2210
f 2208 2211 1058
f 2208 1058 2209
f 2212 2211 2213
f 2212 2214 1061
f 2212 1061 1059
f 2214 2213 2215
f 2214 2216 1066
f 2216 2215 2217
f 2216 2218 1067
f 2218 2217 2219
f 2218 2220 1069
f 2220 2219 2221
f 2220 2221 2222
f 2222 2221 2223
f 2222 2223 2224
f 2222 2225 1071
f 2224 2223 2226
f 2224 2226 2227
f 2224 2228 2225
f 2228 2227 2229
f 2228 2230 1076
f 2230 2229 2231
f 2230 2232 1079
f 2232 2231 2233
f 2232 2234 1081
f 2233 2231 2235
f 2233 2235 2236
f 2233 2237 2234
f 2236 2235 2238
f 2236 2238 2239
f 2236 2240 2237
f 2239 2238 2241
f 2239 2241 2242
f 2239 2243 2240
f 2242 2241 2244
f 2242 2244 2245
f 2242 2246 2243
f 2245 2244 2247
f 2245 2247 2248
f 2245 2249 2246
f 2248 2247 2250
f 2248 2250 1102
f 2248 1102 2249
f 2251 2250 2252
f 2251 2253 1106
f 2251 1106 1103
f 2254 2253 2255
f 2254 2256 1109
f 2254 1109 1107
f 2256 2255 2257
f 2256 2258 1112
f 2258 2257 2259
f 2258 2260 1114
f 2261 2260 2262
f 2261 2263 1118
f 2261 1118 1115
f 2264 2263 2265
f 2264 2266 2267
f 2264 2267 1119
f 2267 2268 2269
f 2267 2269 1121
f 2269 2270 1130
f 2269 1130 1126
f 2271 1134 1131
f 2271 2270 2272
f 2271 2273 1134
f 2274 2275 1135
f 2274 2273 104
f 2274 108 2276
f 2276 2277 2275
f 2276 108 2278
f 2276 2278 2279
f 2279 2280 2277
f 2279 2278 2281
f 2279 2281 2282
f 2282 2283 2280
f 2282 2281 2284
f 2282 2284 2285
f 2285 1151 2283
f 2285 2284 2286
f 2285 2286 2287
f 2287 1154 1152
f 2287 2286 2288
f 2287 2288 1157
f 2288 2289 2290
f 2288 2291 1159
f 2291 2290 2292
f 2291 2293 1159
f 2293 2292 2294
f 2293 2295 1161
f 2295 2294 2296
f 2295 2297 1162
f 2297 2296 2298
f 2297 2299 1165
f 2300 1169 1166
f 2300 2299 2301
f 2300 2302 1169
f 2303 1173 1170
f 2303 2302 2304
f 2303 2305 1173
f 2306 1177 1174
f 2306 2305 2307
f 2306 2308 2309
f 2309 2310 1177
f 2309 2308 2311
f 2309 2311 2312
f 2312 2313 2310
f 2312 2311 2314
f 2312 2314 1192
f 2314 2315 2316
f 2314 2316 1193
f 2316 2317 2318
f 2316 2318 1195
f 2318 2319 2320
f 2318 2320 1198
f 2320 2321 2322
f 2320 2322 2323
f 2322 2324 2325
f 2322 2325 2326
f 2326 2327 2323
f 2326 2325 2328
f 2326 2328 2329
f 2329 2330 2327
f 2329 2328 2331
f 2329 2331 2332
f 2332 2333 2330
f 2332 2331 2227
f 2332 2227 2226
f 2331 2334 2229
f 2328 2335 2334
f 2325 2336 2335
f 2324 2321 2337
f 2324 2338 2336
f 2337 2321 2339
f 2337 2339 2340
f 2337 2341 2338
f 2340 2339 2342
f 2340 2342 2343
f 2340 2344 2341
f 2343 2342 2345
f 2343 2345 2252
f 2343 2252 2344
f 2346 2345 2347
f 2346 2348 2255
f 2346 2255 2253
f 2348 2347 2349
f 2348 2350 2257
f 2350 2349 2304
f 2350 2351 2259
f 2352 2351 2301
f 2352 2353 2262
f 2352 2262 2260
f 2354 2353 2298
f 2354 2355 2265
f 2354 2265 2263
f 2356 2355 2357
f 2356 2358 2359
f 2356 2359 2266
f 2359 2360 2361
f 2359 2361 2268
f 2361 2362 2272
f 2361 2272 2270
f 2362 2360 2363
f 2362 2364 2365
f 2364 2363 2366
f 2364 2367 105
f 2367 2368 106
f 2367 2366 16
f 2368 2369 2370
f 2368 16 15
f 2366 2363 2371
f 2366 2371 18
f 2371 2372 2373
f 2371 2374 2372
f 2375 2294 2292
f 2375 2374 2358
f 2375 2357 2294
f 2372 2292 2290
f 2374 2363 2360
f 2357 2355 2296
f 2353 2301 2299
f 2351 2304 2302
f 2349 2307 2305
f 2349 2347 2307
f 2376 2377 2307
f 2376 2347 2378
f 2376 2378 2379
f 2379 2315 2377
f 2379 2378 2380
f 2379 2380 2317
f 2380 2339 2319
f 2290 2289 2373
f 2289 2286 2381
f 2284 2369 2381
f 2370 2278 107
f 2273 2272 2365
f 2226 2382 2333
f 2223 2383 2382
f 2221 2384 2383
f 2219 1221 1217
f 2219 2217 1221
f 2385 1226 1222
f 2385 2217 2215
f 2385 2386 1226
f 2387 1231 1227
f 2387 2386 2388
f 2387 2389 1231
f 2390 2391 1232
f 2390 2389 2392
f 2390 2393 2394
f 2394 1240 2391
f 2394 2393 2395
f 2394 2395 2396
f 2395 2397 2398
f 2395 2398 2399
f 2399 2400 2396
f 2399 2398 2401
f 2399 2401 2402
f 2402 2403 2400
f 2402 2401 2404
f 2402 2404 2405
f 2405 2406 2403
f 2405 2404 2407
f 2405 2407 2408
f 2408 2409 2406
f 2408 2407 2410
f 2408 2410 2411
f 2411 2412 2409
f 2411 2410 2413
f 2411 2413 2414
f 2414 2415 2412
f 2414 2413 2186
f 2414 2416 2415
f 2417 1263 1259
f 2417 2416 2183
f 2417 2418 1263
f 2419 1268 1264
f 2419 2418 2180
f 2419 2420 1268
f 2421 1273 1269
f 2421 2420 2176
f 2421 2174 1273
f 2420 2180 2178
f 2418 2183 2181
f 2416 2186 2184
f 2413 2422 2187
f 2410 2423 2422
f 2407 2424 2423
f 2404 2425 2424
f 2401 2426 2425
f 2398 2427 2426
f 2397 2393 2392
f 2397 2428 2427
f 2392 2389 2210
f 2392 2210 2428
f 2388 2386 2213
f 2388 2213 2211
f 1314 1317 4
f 1510 22 21
f 1192 1190 2313
f 1150 746 744
f 1150 743 1146
f 1150 1149 746
f 2429 743 741
f 2429 740 2430
f 2430 740 2431
f 2430 2431 2432
f 2432 2431 2433
f 2432 2433 2434
f 2434 2433 2435
f 2434 2435 2436
f 2436 2435 2437
f 2436 2437 1129
f 1129 2437 2438
f 1129 2438 1125
f 1125 2438 2439
f 1125 2439 30
f 1449 1003 72
f 977 973 141
f 969 968 146
f 968 964 2440
f 968 2440 2441
f 2440 963 2442
f 2440 2442 870
f 2442 2443 2444
f 2442 2445 871
f 2444 2443 2446
f 2444 2446 880
f 2444 877 2445
f 2446 2447 2448
f 2446 2448 2449
f 2443 963 2447
f 2448 952 2450
f 2450 949 2451
f 2450 2452 2449
f 2451 946 2453
f 2451 2454 2452
f 2453 943 2455
f 2453 2456 2454
f 2456 2455 2457
f 2456 2458 886
f 2457 2455 2459
f 2457 2459 2460
f 2457 2461 2458
f 2460 2459 936
f 2460 936 2462
f 2460 2463 2461
f 2462 936 2464
f 2462 2464 2465
f 2462 2466 2463
f 2465 2464 928
f 2465 928 2467
f 2465 2468 2466
f 2467 928 924
f 2467 923 909
f 2467 907 2468
f 923 919 909
f 918 37 915
f 870 868 2441
f 864 863 1607
f 784 782 1189
f 2469 518 89
f 2469 89 88
f 2469 767 521
f 2439 721 2470
f 718 712 2470
f 712 709 28
f 705 704 33
f 704 702 1111
f 673 670 1078
f 664 663 39
f 524 505 117
f 516 515 90
f 456 566 457
f 390 388 93
f 386 385 96
f 2471 2472 2473
f 2471 2473 45
f 2471 358 2474
f 2474 2475 2472
f 2474 356 2476
f 2476 2477 2475
f 2476 354 2478
f 2478 2479 2477
f 2478 352 2480
f 2480 2481 2479
f 2480 350 2482
f 2482 2483 2481
f 2482 348 2484
f 2484 2485 2483
f 2484 347 2486
f 2486 2487 2485
f 2486 347 84
f 2486 84 345
f 314 246 137
f 240 239 135
f 344 210 2487
f 2473 183 176
f 2 1319 3
f 4 1317 2
f 5 1239 4
f 3 1477 6
f 1 7 5
f 8 10 12
f 11 1418 9
f 8 13 11
f 14 16 18
f 17 2381 15
f 18 2373 17
f 20 1197 21
f 19 22 26
f 19 24 20
f 25 2488 23
f 26 1515 25
f 27 29 33
f 30 2470 28
f 31 1123 30
f 32 1116 31
f 33 1111 32
f 34 36 41
f 37 1065 35
f 34 39 37
f 40 667 38
f 41 1078 40
f 42 44 48
f 45 176 43
f 42 47 45
f 48 617 49
f 49 361 46
f 51 1996 52
f 50 53 56
f 54 1989 51
f 55 1981 54
f 56 1962 55
f 57 59 61
f 60 1899 58
f 57 62 60
f 63 65 68
f 63 67 64
f 68 2172 66
f 70 1626 71
f 72 1002 70
f 69 73 72
f 75 1277 76
f 74 77 78
f 74 79 75
f 80 82 83
f 83 345 84
f 80 85 81
f 87 760 88
f 86 89 90
f 86 91 87
f 92 94 96
f 95 651 93
f 92 97 95
f 98 100 102
f 101 1430 99
f 102 1436 101
f 104 2365 105
f 103 106 107
f 103 108 104
f 109 111 114
f 109 113 110
f 114 302 112
f 116 520 117
f 115 118 119
f 115 120 116
f 121 123 126
f 121 125 122
f 126 2159 124
f 127 129 130
f 130 2171 131
f 131 2099 128
f 132 134 137
f 132 136 133
f 132 138 135
f 140 1610 141
f 142 1607 140
f 139 143 146
f 139 145 142
f 146 2441 144
f 148 579 149
f 150 571 148
f 151 566 150
f 147 153 151
f 154 457 151
f 152 590 155
f 153 156 154
f 157 454 154
f 155 594 158
f 156 159 157
f 160 451 157
f 158 597 161
f 159 162 160
f 163 448 160
f 161 600 164
f 162 165 163
f 166 445 163
f 164 603 167
f 165 168 166
f 169 442 166
f 167 607 170
f 168 171 169
f 172 180 169
f 170 611 173
f 171 174 172
f 175 177 172
f 173 44 43
f 174 176 175
f 178 435 179
f 177 180 172
f 177 181 178
f 182 432 178
f 175 176 183
f 181 184 182
f 185 429 182
f 183 2473 186
f 184 187 185
f 188 426 185
f 186 2472 189
f 187 190 188
f 191 423 188
f 189 2475 192
f 190 193 191
f 194 420 191
f 192 2477 195
f 193 196 194
f 197 417 194
f 195 2479 198
f 196 199 197
f 200 414 197
f 198 2481 201
f 199 202 200
f 203 411 200
f 201 2483 204
f 202 205 203
f 206 408 203
f 204 2485 207
f 205 208 206
f 209 405 206
f 207 2487 210
f 208 211 209
f 212 402 209
f 210 344 213
f 211 214 212
f 215 399 212
f 213 341 216
f 214 217 215
f 217 219 215
f 216 338 220
f 220 221 218
f 221 223 218
f 221 224 225
f 225 226 222
f 226 228 222
f 226 229 230
f 230 231 227
f 231 233 227
f 231 234 235
f 235 236 232
f 236 238 232
f 236 239 240
f 240 241 237
f 241 243 237
f 241 135 138
f 138 244 242
f 245 378 242
f 244 137 246
f 244 247 245
f 248 375 245
f 246 314 249
f 247 250 248
f 251 372 248
f 249 329 252
f 250 253 251
f 254 369 251
f 252 328 255
f 255 256 254
f 256 258 254
f 255 268 259
f 259 260 257
f 260 262 263
f 260 264 257
f 259 265 261
f 265 267 261
f 265 268 269
f 269 270 266
f 270 272 266
f 270 273 274
f 274 275 271
f 275 277 271
f 275 278 279
f 279 280 276
f 280 282 276
f 280 283 284
f 284 285 281
f 285 287 281
f 285 288 289
f 289 290 286
f 290 292 286
f 290 293 294
f 294 295 291
f 296 343 82
f 295 81 291
f 295 297 296
f 298 340 296
f 294 293 299
f 297 300 298
f 301 337 298
f 299 112 302
f 300 303 301
f 304 335 301
f 302 114 305
f 303 306 304
f 307 332 304
f 305 327 308
f 306 309 307
f 310 330 307
f 308 317 311
f 309 312 310
f 312 314 134
f 134 133 310
f 311 315 313
f 316 329 313
f 315 317 318
f 318 319 316
f 320 328 316
f 318 322 321
f 319 273 320
f 322 323 278
f 321 274 273
f 323 279 278
f 322 326 324
f 324 325 283
f 325 284 283
f 324 111 110
f 110 113 288
f 326 327 111
f 326 318 317
f 317 308 327
f 268 255 328
f 320 269 268
f 328 252 329
f 329 249 314
f 136 239 331
f 330 332 307
f 330 133 136
f 239 235 234
f 331 333 332
f 234 230 229
f 333 334 335
f 335 304 332
f 229 225 224
f 334 336 337
f 337 301 335
f 224 220 338
f 336 339 340
f 340 298 337
f 338 216 341
f 339 342 343
f 343 296 340
f 341 213 344
f 342 345 83
f 83 82 343
f 327 114 111
f 293 113 112
f 289 288 113
f 85 347 346
f 346 287 286
f 291 81 85
f 347 2484 348
f 346 349 287
f 348 2482 350
f 349 351 282
f 349 281 287
f 350 2480 352
f 351 353 277
f 351 276 282
f 352 2478 354
f 353 355 272
f 272 271 277
f 354 2476 356
f 355 357 267
f 267 266 272
f 356 2474 358
f 357 359 262
f 357 261 267
f 358 2471 47
f 359 46 360
f 359 263 262
f 360 361 362
f 362 264 263
f 361 625 363
f 362 364 264
f 363 628 365
f 364 366 258
f 364 257 264
f 365 631 367
f 366 368 369
f 369 254 258
f 367 634 370
f 368 371 372
f 372 251 369
f 370 637 373
f 371 374 375
f 375 248 372
f 373 640 376
f 374 377 378
f 378 245 375
f 377 379 380
f 380 381 243
f 377 242 378
f 381 382 383
f 383 384 238
f 381 237 243
f 384 385 386
f 386 387 233
f 384 232 238
f 387 94 388
f 388 389 228
f 387 227 233
f 389 390 391
f 391 392 223
f 389 222 228
f 392 393 394
f 394 395 219
f 392 218 223
f 395 396 397
f 395 398 399
f 395 215 219
f 397 661 400
f 398 401 402
f 402 212 399
f 400 666 403
f 401 404 405
f 405 209 402
f 403 669 406
f 404 407 408
f 408 206 405
f 406 671 409
f 407 410 411
f 411 203 408
f 409 676 412
f 410 413 414
f 414 200 411
f 412 679 415
f 413 416 417
f 417 197 414
f 415 682 418
f 416 419 420
f 420 194 417
f 418 685 421
f 419 422 423
f 423 191 420
f 421 688 424
f 422 425 426
f 426 188 423
f 424 691 427
f 425 428 429
f 429 185 426
f 427 694 430
f 428 431 432
f 432 182 429
f 430 697 433
f 431 434 435
f 435 178 432
f 433 700 436
f 434 437 438
f 438 179 435
f 438 439 440
f 440 180 179
f 440 441 442
f 442 169 180
f 439 708 443
f 441 444 445
f 445 166 442
f 443 711 446
f 444 447 448
f 448 163 445
f 446 715 449
f 447 450 451
f 451 160 448
f 449 461 452
f 450 453 454
f 454 157 451
f 453 456 457
f 457 154 454
f 452 458 455
f 458 460 455
f 458 461 462
f 462 463 459
f 464 562 459
f 463 465 466
f 463 467 464
f 468 559 464
f 466 717 469
f 467 470 468
f 471 556 468
f 469 720 472
f 470 473 471
f 474 553 471
f 472 723 475
f 473 476 474
f 477 550 474
f 475 726 478
f 476 479 477
f 480 547 477
f 478 729 481
f 479 482 480
f 483 544 480
f 481 732 484
f 482 485 483
f 485 487 483
f 484 735 488
f 488 489 486
f 489 491 486
f 489 492 493
f 493 494 490
f 494 496 490
f 494 497 498
f 498 499 495
f 499 501 495
f 499 502 503
f 503 504 500
f 505 529 500
f 504 506 507
f 507 118 505
f 507 508 509
f 509 119 118
f 509 510 511
f 511 120 119
f 511 512 513
f 513 514 120
f 514 515 516
f 516 518 517
f 514 116 120
f 518 521 519
f 517 520 116
f 521 770 522
f 519 523 520
f 524 117 520
f 522 773 525
f 523 526 524
f 525 776 527
f 526 528 529
f 529 505 524
f 527 781 530
f 528 531 501
f 501 500 529
f 531 532 533
f 533 534 496
f 531 495 501
f 534 535 536
f 536 537 491
f 534 490 496
f 537 538 539
f 539 540 487
f 537 486 491
f 540 541 542
f 540 543 544
f 540 483 487
f 542 795 545
f 543 546 547
f 547 480 544
f 545 799 548
f 546 549 550
f 550 477 547
f 548 802 551
f 549 552 553
f 553 474 550
f 551 805 554
f 552 555 556
f 556 471 553
f 554 808 557
f 555 558 559
f 559 468 556
f 557 811 560
f 558 561 562
f 562 464 559
f 560 814 563
f 561 564 460
f 460 459 562
f 563 567 565
f 564 566 456
f 564 455 460
f 567 569 568
f 568 150 566
f 569 572 570
f 568 571 150
f 572 820 573
f 570 574 571
f 573 826 575
f 574 576 577
f 577 148 571
f 576 580 578
f 577 579 148
f 580 835 581
f 578 582 579
f 581 841 583
f 582 584 585
f 585 149 579
f 585 586 587
f 585 588 149
f 152 147 149
f 587 591 589
f 588 590 152
f 591 856 592
f 589 593 590
f 594 155 590
f 592 858 595
f 593 596 594
f 597 158 594
f 595 862 598
f 596 599 597
f 600 161 597
f 598 866 601
f 599 602 600
f 603 164 600
f 602 604 605
f 605 606 603
f 607 167 603
f 606 608 609
f 609 610 607
f 611 170 607
f 609 875 612
f 610 613 611
f 44 173 611
f 612 615 614
f 613 48 44
f 615 618 616
f 614 617 48
f 618 879 619
f 616 620 617
f 619 885 621
f 620 622 623
f 623 49 617
f 623 624 625
f 625 361 49
f 622 890 626
f 624 627 628
f 628 363 625
f 626 893 629
f 627 630 631
f 631 365 628
f 629 896 632
f 630 633 634
f 634 367 631
f 632 899 635
f 633 636 637
f 637 370 634
f 635 902 638
f 636 639 640
f 640 373 637
f 638 905 641
f 639 642 379
f 379 376 640
f 641 648 643
f 642 644 382
f 382 380 379
f 643 645 97
f 97 96 385
f 644 383 382
f 646 649 647
f 645 95 97
f 645 648 646
f 649 652 650
f 647 651 95
f 652 657 653
f 650 654 651
f 653 655 393
f 654 391 390
f 390 93 651
f 656 658 396
f 655 394 393
f 655 657 656
f 658 659 660
f 660 662 661
f 658 397 396
f 662 663 664
f 662 665 666
f 666 400 661
f 664 38 667
f 665 668 669
f 669 403 666
f 667 40 670
f 670 672 671
f 671 406 669
f 672 673 674
f 672 675 676
f 676 409 671
f 674 1082 677
f 675 678 679
f 679 412 676
f 677 1086 680
f 678 681 682
f 682 415 679
f 680 1089 683
f 681 684 685
f 685 418 682
f 683 1092 686
f 684 687 688
f 688 421 685
f 686 1095 689
f 687 690 691
f 691 424 688
f 689 1098 692
f 690 693 694
f 694 427 691
f 692 1101 695
f 693 696 697
f 697 430 694
f 695 1104 698
f 696 699 700
f 700 433 697
f 699 701 702
f 702 704 703
f 703 436 700
f 703 705 706
f 706 437 436
f 706 707 708
f 708 439 437
f 705 29 709
f 707 710 711
f 711 443 708
f 710 712 713
f 710 714 715
f 715 446 711
f 714 462 461
f 461 449 715
f 714 716 465
f 717 466 465
f 713 712 718
f 716 719 717
f 720 469 717
f 718 2470 721
f 719 722 720
f 723 472 720
f 721 2439 724
f 722 725 723
f 726 475 723
f 724 2438 727
f 725 728 726
f 729 478 726
f 727 2437 730
f 728 731 729
f 732 481 729
f 730 2435 733
f 731 734 732
f 735 484 732
f 733 2433 736
f 734 737 735
f 492 488 735
f 736 2431 738
f 738 739 492
f 739 493 492
f 739 740 741
f 741 742 497
f 742 498 497
f 742 743 744
f 744 745 502
f 745 503 502
f 745 746 747
f 747 508 506
f 747 748 749
f 749 510 508
f 749 750 751
f 751 512 510
f 751 752 753
f 753 754 512
f 754 513 512
f 753 755 91
f 91 90 515
f 755 752 756
f 756 758 757
f 755 87 91
f 758 761 759
f 757 760 87
f 761 1164 762
f 759 763 760
f 764 88 760
f 762 1168 765
f 763 766 764
f 767 2469 764
f 765 1172 768
f 766 769 767
f 770 521 767
f 768 1176 771
f 769 772 770
f 773 522 770
f 771 1180 774
f 772 775 773
f 776 525 773
f 774 1183 777
f 775 778 776
f 777 1186 779
f 778 780 781
f 781 527 776
f 779 1189 782
f 780 783 532
f 532 530 781
f 783 784 785
f 785 786 535
f 783 533 532
f 786 787 788
f 788 789 538
f 786 536 535
f 789 790 791
f 791 792 541
f 789 539 538
f 792 793 794
f 794 796 795
f 792 542 541
f 794 1528 797
f 796 798 799
f 799 545 795
f 797 1531 800
f 798 801 802
f 802 548 799
f 800 1534 803
f 801 804 805
f 805 551 802
f 803 1537 806
f 804 807 808
f 808 554 805
f 806 1540 809
f 807 810 811
f 811 557 808
f 809 1543 812
f 810 813 814
f 814 560 811
f 812 816 815
f 813 569 567
f 567 563 814
f 816 818 817
f 815 572 569
f 818 821 819
f 817 820 572
f 821 1549 822
f 819 823 820
f 822 1555 824
f 823 825 826
f 826 573 820
f 824 1558 827
f 825 828 829
f 829 575 826
f 829 830 831
f 831 576 575
f 830 833 832
f 831 580 576
f 833 836 834
f 832 835 580
f 836 1571 837
f 834 838 835
f 837 1577 839
f 838 840 841
f 841 581 835
f 839 1580 842
f 840 843 844
f 844 583 841
f 844 845 846
f 846 584 583
f 846 847 848
f 848 586 584
f 848 849 850
f 850 851 586
f 851 587 586
f 851 852 853
f 853 856 591
f 853 854 855
f 855 857 856
f 857 592 856
f 857 859 860
f 860 861 858
f 862 595 858
f 861 863 864
f 864 865 862
f 866 598 862
f 865 142 145
f 865 867 866
f 604 601 866
f 867 144 868
f 868 869 604
f 869 870 871
f 871 872 608
f 869 605 604
f 871 2445 873
f 872 874 875
f 872 609 608
f 873 877 876
f 874 618 615
f 615 612 875
f 877 880 878
f 876 879 618
f 880 2449 881
f 878 882 879
f 881 2452 883
f 882 884 885
f 885 619 879
f 883 2454 886
f 884 887 888
f 888 621 885
f 888 889 890
f 890 622 621
f 887 2458 891
f 889 892 893
f 893 626 890
f 891 2461 894
f 892 895 896
f 896 629 893
f 894 2463 897
f 895 898 899
f 899 632 896
f 897 2466 900
f 898 901 902
f 902 635 899
f 900 2468 903
f 901 904 905
f 905 638 902
f 903 907 906
f 904 646 648
f 648 641 905
f 907 909 908
f 906 649 646
f 909 911 910
f 908 652 649
f 911 913 912
f 910 657 652
f 913 914 659
f 912 656 657
f 914 39 663
f 914 660 659
f 913 916 915
f 916 918 915
f 916 911 919
f 919 920 917
f 920 922 917
f 920 923 924
f 924 925 921
f 925 927 921
f 925 928 929
f 929 930 926
f 930 932 926
f 929 2464 933
f 930 934 931
f 935 1055 931
f 934 936 937
f 934 938 935
f 939 1052 935
f 937 2459 940
f 938 941 939
f 942 1049 939
f 940 2455 943
f 941 944 942
f 945 1046 942
f 943 2453 946
f 944 947 945
f 948 1043 945
f 946 2451 949
f 947 950 948
f 951 1040 948
f 949 2450 952
f 950 953 951
f 954 1037 951
f 952 2448 955
f 953 956 954
f 956 958 954
f 955 2447 959
f 959 960 957
f 960 962 957
f 960 963 964
f 964 965 961
f 965 967 961
f 965 968 969
f 969 970 966
f 970 972 966
f 970 143 973
f 973 974 971
f 974 976 971
f 974 977 978
f 978 979 975
f 979 980 981
f 981 988 982
f 979 983 975
f 983 985 986
f 986 976 975
f 982 987 984
f 987 988 989
f 989 998 990
f 987 991 984
f 991 993 994
f 994 985 984
f 990 995 992
f 995 997 992
f 995 998 999
f 999 1000 996
f 1000 1001 1002
f 1002 72 1003
f 1000 1004 996
f 1003 1449 1005
f 1004 1006 1007
f 1007 997 996
f 1007 1008 1009
f 1009 1010 997
f 1010 992 997
f 1010 1011 1012
f 1012 1013 993
f 1013 1014 1015
f 1015 1017 1016
f 1016 994 993
f 1017 1019 1018
f 1018 985 994
f 1019 1021 1020
f 1020 986 985
f 1021 1023 1022
f 1022 976 986
f 1023 1024 972
f 1022 971 976
f 1024 1025 1026
f 1026 1027 967
f 1024 966 972
f 1027 1028 1029
f 1029 1030 962
f 1027 961 967
f 1030 1031 1032
f 1032 1033 958
f 1030 957 962
f 1033 1034 1035
f 1033 1036 1037
f 1037 954 958
f 1035 2191 1038
f 1036 1039 1040
f 1040 951 1037
f 1038 2194 1041
f 1039 1042 1043
f 1043 948 1040
f 1041 2197 1044
f 1042 1045 1046
f 1046 945 1043
f 1044 2200 1047
f 1045 1048 1049
f 1049 942 1046
f 1047 2203 1050
f 1048 1051 1052
f 1052 939 1049
f 1050 2206 1053
f 1051 1054 1055
f 1055 935 1052
f 1053 2209 1056
f 1056 1057 932
f 1054 931 1055
f 1057 1058 1059
f 1059 1060 927
f 1057 926 932
f 1060 1061 1062
f 1062 1063 922
f 1060 921 927
f 1063 1064 1065
f 1065 37 918
f 1063 917 922
f 1064 1067 1068
f 1068 35 1065
f 1062 1061 1066
f 1068 1069 1070
f 1070 36 35
f 1070 1071 1072
f 1072 1073 36
f 1072 2225 1074
f 1074 1076 1075
f 1073 41 36
f 1076 1079 1077
f 1075 1078 41
f 1079 1081 1080
f 1077 673 1078
f 1081 1083 1082
f 1080 674 673
f 1081 2234 1084
f 1083 1085 1086
f 1086 677 1082
f 1084 2237 1087
f 1085 1088 1089
f 1089 680 1086
f 1087 2240 1090
f 1088 1091 1092
f 1092 683 1089
f 1090 2243 1093
f 1091 1094 1095
f 1095 686 1092
f 1093 2246 1096
f 1094 1097 1098
f 1098 689 1095
f 1096 2249 1099
f 1097 1100 1101
f 1101 692 1098
f 1100 1102 1103
f 1103 1105 1104
f 1104 695 1101
f 1105 1106 1107
f 1107 1108 701
f 1105 698 1104
f 1108 1109 1110
f 1110 32 1111
f 1108 702 701
f 1110 1112 1113
f 1113 1116 32
f 1113 1114 1115
f 1115 1117 1116
f 1117 1118 1119
f 1119 1121 1120
f 1117 31 1116
f 1121 1126 1122
f 1120 1123 31
f 1122 1125 1123
f 1126 1127 1124
f 1127 1129 1124
f 1127 1130 1131
f 1131 1132 1128
f 1133 2436 1128
f 1132 1134 1135
f 1132 1136 1133
f 1137 2434 1133
f 1135 2275 1138
f 1136 1139 1137
f 1140 2432 1137
f 1138 2277 1141
f 1139 1142 1140
f 1143 2430 1140
f 1141 2280 1144
f 1142 1145 1143
f 1146 2429 1143
f 1144 2283 1147
f 1145 1148 1146
f 1148 1150 1146
f 1148 1151 1152
f 1152 1153 1149
f 1153 748 1149
f 1153 1154 1155
f 1155 752 750
f 1154 1157 1156
f 1155 756 752
f 1157 1159 1158
f 1156 758 756
f 1159 1161 1160
f 1158 761 758
f 1160 1162 1163
f 1160 1164 761
f 1163 1165 1166
f 1166 1167 1164
f 1168 762 1164
f 1167 1169 1170
f 1170 1171 1168
f 1172 765 1168
f 1171 1173 1174
f 1174 1175 1172
f 1176 768 1172
f 1175 1177 1178
f 1175 1179 1176
f 1180 771 1176
f 1178 2310 1181
f 1179 1182 1180
f 1182 774 1180
f 1181 2313 1184
f 1184 1185 1183
f 1185 777 1183
f 1184 1190 1187
f 1187 1188 1186
f 1189 779 1186
f 1188 24 23
f 23 2488 1189
f 1190 1191 24
f 1191 1192 1193
f 1193 1195 1194
f 1191 20 24
f 1195 1198 1196
f 1194 1197 20
f 1198 2323 1199
f 1196 1200 1197
f 1201 21 1197
f 1199 2327 1202
f 1200 1203 1201
f 1204 1510 1201
f 1202 2330 1205
f 1203 1206 1204
f 1207 1508 1204
f 1205 2333 1208
f 1206 1209 1207
f 1210 1505 1207
f 1208 2382 1211
f 1209 1212 1210
f 1213 1502 1210
f 1211 2383 1214
f 1212 1215 1213
f 1216 1498 1213
f 1214 2384 1217
f 1217 1218 1216
f 1218 1220 1216
f 1218 1221 1222
f 1222 1223 1219
f 1223 1225 1219
f 1223 1226 1227
f 1227 1228 1224
f 1228 1230 1224
f 1228 1231 1232
f 1232 1233 1229
f 1233 1235 1229
f 1232 2391 1236
f 1233 1237 1234
f 5 7 1234
f 1236 1240 1238
f 1237 1239 5
f 1240 2396 1241
f 1238 1242 1239
f 1243 4 1239
f 1241 2400 1244
f 1242 1245 1243
f 1246 1314 1243
f 1244 2403 1247
f 1245 1248 1246
f 1249 1311 1246
f 1247 2406 1250
f 1248 1251 1249
f 1252 1308 1249
f 1250 2409 1253
f 1251 1254 1252
f 1255 1305 1252
f 1253 2412 1256
f 1254 1257 1255
f 1258 1302 1255
f 1256 2415 1259
f 1257 1260 1258
f 1260 1262 1258
f 1260 1263 1264
f 1264 1265 1261
f 1265 1267 1261
f 1265 1268 1269
f 1269 1270 1266
f 1270 1272 1266
f 1270 1273 1274
f 1274 1277 1271
f 1274 1275 1276
f 1276 76 1277
f 1276 1278 1279
f 1279 77 76
f 1279 1015 1014
f 1014 1280 77
f 1280 1012 1011
f 1011 1282 1281
f 1280 78 77
f 1282 1284 1283
f 1283 79 78
f 1283 1285 1286
f 1286 1287 79
f 1287 1288 1289
f 1289 1291 1290
f 1287 75 79
f 1291 1272 1271
f 1290 1277 75
f 1291 1292 1293
f 1293 1294 1272
f 1294 1295 1296
f 1296 1297 1267
f 1294 1266 1272
f 1296 1379 1298
f 1297 1299 1262
f 1297 1261 1267
f 1298 1382 1300
f 1299 1301 1302
f 1302 1258 1262
f 1300 1385 1303
f 1301 1304 1305
f 1305 1255 1302
f 1303 1388 1306
f 1304 1307 1308
f 1308 1252 1305
f 1306 1391 1309
f 1307 1310 1311
f 1311 1249 1308
f 1310 1312 1313
f 1313 1317 1314
f 1314 1246 1311
f 1313 1315 1316
f 1316 2 1317
f 1315 1322 1318
f 1316 1319 2
f 1318 1321 1319
f 1322 1323 1320
f 1323 1325 1320
f 1323 1326 1327
f 1327 1328 1324
f 1328 1330 1324
f 1328 1331 1332
f 1332 1333 1329
f 1333 1335 1329
f 1332 1398 1336
f 1336 1337 1334
f 1337 1339 1334
f 1337 1340 1341
f 1341 1342 1338
f 1342 1344 1338
f 1341 1403 1345
f 1345 1346 1343
f 1346 1348 1343
f 1346 1349 1350
f 1350 1351 1347
f 1351 1353 1347
f 1351 1354 1355
f 1355 1356 1352
f 1356 1358 1352
f 1356 1359 1360
f 1360 1361 1357
f 1361 1363 1357
f 1361 1364 1365
f 1365 1366 1362
f 1366 1005 1362
f 1366 1367 1368
f 1368 1008 1006
f 1368 1285 1284
f 1284 1282 1008
f 1365 1364 1369
f 1367 1370 1285
f 1369 1414 1371
f 1371 1372 1288
f 1370 1286 1285
f 1371 1417 1373
f 1373 1374 1292
f 1372 1289 1288
f 1373 1420 1375
f 1374 1376 1295
f 1374 1293 1292
f 1375 1423 1377
f 1376 1378 1379
f 1379 1296 1295
f 1377 1426 1380
f 1378 1381 1382
f 1382 1298 1379
f 1380 1429 1383
f 1381 1384 1385
f 1385 1300 1382
f 1383 1432 1386
f 1384 1387 1388
f 1388 1303 1385
f 1387 1389 1390
f 1390 1392 1391
f 1387 1306 1388
f 1392 1393 1394
f 1394 1315 1312
f 1392 1309 1391
f 1393 1395 1326
f 1394 1322 1315
f 1395 1327 1326
f 1393 1435 1396
f 1396 1397 1331
f 1397 1332 1331
f 1396 1434 1399
f 1397 1400 1398
f 1340 1336 1398
f 1399 1448 1401
f 1400 1402 1340
f 1403 1341 1340
f 1401 1447 1404
f 1402 1405 1403
f 1349 1345 1403
f 1404 1446 1406
f 1405 1407 1349
f 1407 1350 1349
f 1406 1445 1408
f 1408 1409 1354
f 1409 1355 1354
f 1409 1410 1411
f 1411 1412 1359
f 1412 1360 1359
f 1412 1413 1414
f 1414 1369 1364
f 1411 1410 1415
f 1413 1416 1417
f 1417 1371 1414
f 1415 9 1418
f 1416 1419 1420
f 1420 1373 1417
f 1418 11 1421
f 1419 1422 1423
f 1423 1375 1420
f 1421 1439 1424
f 1422 1425 1426
f 1426 1377 1423
f 1424 1437 1427
f 1425 1428 1429
f 1429 1380 1426
f 1427 99 1430
f 1428 1431 1432
f 1432 1383 1429
f 1431 101 1433
f 1433 1435 1389
f 1389 1386 1432
f 1434 1396 1435
f 1433 1436 1434
f 1437 100 99
f 1438 1440 100
f 1437 1439 1438
f 1441 1447 1442
f 1440 102 100
f 1440 1443 1441
f 1444 1446 1441
f 1438 1439 13
f 1443 12 1444
f 1445 1406 1446
f 1444 10 1445
f 1447 1401 1448
f 1442 1436 102
f 1446 1404 1447
f 1439 11 13
f 1410 10 9
f 1408 1445 10
f 1448 1434 1436
f 1435 1390 1389
f 1363 73 1450
f 1450 1358 1357
f 1362 1005 1449
f 1450 71 1451
f 1451 1452 1358
f 1452 1453 1454
f 1454 1455 1353
f 1452 1352 1358
f 1455 1456 1457
f 1457 1458 1348
f 1455 1347 1353
f 1458 1459 1460
f 1460 1461 1344
f 1458 1343 1348
f 1461 1462 1463
f 1463 1464 1339
f 1461 1338 1344
f 1464 1465 1466
f 1466 1467 1335
f 1464 1334 1339
f 1467 1468 1469
f 1469 1470 1330
f 1467 1329 1335
f 1470 1471 1472
f 1472 1473 1325
f 1325 1324 1330
f 1472 1648 1474
f 1473 1475 1321
f 1473 1320 1325
f 1474 1478 1476
f 1475 1477 3
f 3 1319 1321
f 1478 1652 1479
f 1476 1480 1477
f 1479 1658 1481
f 1480 1482 1483
f 1483 6 1477
f 1483 1484 1485
f 1485 7 6
f 1484 1486 1235
f 1235 1234 7
f 1486 1487 1488
f 1488 1489 1230
f 1486 1229 1235
f 1489 1490 1491
f 1491 1492 1225
f 1489 1224 1230
f 1492 1493 1494
f 1494 1495 1220
f 1492 1219 1225
f 1495 1496 1497
f 1497 1499 1498
f 1495 1216 1220
f 1497 1679 1500
f 1499 1501 1502
f 1502 1213 1498
f 1500 1682 1503
f 1501 1504 1505
f 1505 1210 1502
f 1503 1685 1506
f 1504 1507 1508
f 1508 1207 1505
f 1506 1511 1509
f 1507 22 1510
f 1510 1204 1508
f 1511 1513 1512
f 1509 26 22
f 1513 1516 1514
f 1512 1515 26
f 1516 1691 1517
f 1514 1518 1515
f 1517 1521 1519
f 1518 787 1520
f 1520 25 1515
f 1520 785 784
f 784 2488 25
f 1521 1522 790
f 1519 788 787
f 1522 1523 1524
f 1524 1525 793
f 1522 791 790
f 1524 1696 1526
f 1525 1527 1528
f 1525 794 793
f 1526 1699 1529
f 1527 1530 1531
f 1531 797 1528
f 1529 1704 1532
f 1530 1533 1534
f 1534 800 1531
f 1532 1708 1535
f 1533 1536 1537
f 1537 803 1534
f 1535 1711 1538
f 1536 1539 1540
f 1540 806 1537
f 1538 1714 1541
f 1539 1542 1543
f 1543 809 1540
f 1541 1545 1544
f 1542 818 816
f 816 812 1543
f 1545 1547 1546
f 1544 821 818
f 1547 1550 1548
f 1546 1549 821
f 1550 1720 1551
f 1548 1552 1549
f 1551 1726 1553
f 1552 1554 1555
f 1555 822 1549
f 1553 1729 1556
f 1554 1557 1558
f 1558 824 1555
f 1556 1732 1559
f 1557 1560 1561
f 1561 827 1558
f 1561 1562 1563
f 1563 828 827
f 1563 1564 1565
f 1565 830 828
f 1565 1566 1567
f 1567 833 830
f 1566 1569 1568
f 1567 836 833
f 1569 1572 1570
f 1568 1571 836
f 1572 1749 1573
f 1570 1574 1571
f 1573 1755 1575
f 1574 1576 1577
f 1577 837 1571
f 1575 1758 1578
f 1576 1579 1580
f 1580 839 1577
f 1578 1761 1581
f 1579 1582 1583
f 1583 842 1580
f 1583 1584 1585
f 1585 843 842
f 1585 1586 1587
f 1587 845 843
f 1587 1588 1589
f 1589 847 845
f 1589 1590 1591
f 1591 849 847
f 1591 1592 1593
f 1593 1594 849
f 1594 850 849
f 1594 1595 1596
f 1596 854 852
f 1596 1597 1598
f 1598 1599 854
f 1599 855 854
f 1599 1600 1601
f 1601 1602 859
f 1602 860 859
f 1602 1603 1604
f 1604 1607 863
f 1604 1605 1606
f 1606 140 1607
f 1606 1608 1609
f 1606 1610 140
f 1609 1611 1612
f 1609 1613 1610
f 977 141 1610
f 1612 1614 980
f 1613 978 977
f 1614 1611 1615
f 1615 1617 1616
f 1614 981 980
f 1617 1619 1618
f 1616 988 981
f 1619 1621 1620
f 1618 989 988
f 1621 1623 1622
f 1620 998 989
f 1623 1624 1001
f 1622 999 998
f 1623 1627 1625
f 1624 1626 70
f 1624 1002 1001
f 1627 1629 1628
f 1625 1453 1626
f 1629 1630 1456
f 1628 1454 1453
f 1630 1631 1632
f 1632 1633 1459
f 1630 1457 1456
f 1633 1634 1635
f 1635 1636 1462
f 1633 1460 1459
f 1636 1637 1638
f 1638 1639 1465
f 1636 1463 1462
f 1639 1640 1641
f 1641 1642 1468
f 1639 1466 1465
f 1642 1643 1644
f 1644 1645 1471
f 1642 1469 1468
f 1645 1646 1647
f 1647 1649 1648
f 1645 1472 1471
f 1649 1650 1651
f 1649 1652 1478
f 1478 1474 1648
f 1651 1653 1654
f 1654 1655 1652
f 1655 1656 1657
f 1657 1659 1658
f 1658 1479 1652
f 1659 1660 1661
f 1661 1663 1662
f 1659 1481 1658
f 1663 1665 1664
f 1662 1482 1481
f 1665 1666 1487
f 1664 1484 1482
f 1666 1667 1668
f 1668 1669 1490
f 1666 1488 1487
f 1669 1670 1671
f 1671 1672 1493
f 1669 1491 1490
f 1672 1673 1674
f 1674 1675 1496
f 1672 1494 1493
f 1675 1676 1677
f 1675 1678 1679
f 1679 1497 1496
f 1677 1842 1680
f 1678 1681 1682
f 1682 1500 1679
f 1680 1847 1683
f 1681 1684 1685
f 1685 1503 1682
f 1683 1687 1686
f 1684 1513 1511
f 1511 1506 1685
f 1687 1689 1688
f 1686 1516 1513
f 1689 1692 1690
f 1688 1691 1516
f 1692 1694 1693
f 1690 1523 1691
f 1693 1695 1696
f 1693 1524 1523
f 1695 1697 1698
f 1698 1700 1699
f 1699 1526 1696
f 1700 1701 1702
f 1700 1703 1704
f 1704 1529 1699
f 1703 1705 1706
f 1703 1707 1708
f 1708 1532 1704
f 1706 1859 1709
f 1707 1710 1711
f 1711 1535 1708
f 1709 1862 1712
f 1710 1713 1714
f 1714 1538 1711
f 1712 1716 1715
f 1713 1547 1545
f 1545 1541 1714
f 1716 1718 1717
f 1715 1550 1547
f 1718 1721 1719
f 1717 1720 1550
f 1721 1868 1722
f 1719 1723 1720
f 1722 1874 1724
f 1723 1725 1726
f 1726 1551 1720
f 1724 1877 1727
f 1725 1728 1729
f 1729 1553 1726
f 1727 1880 1730
f 1728 1731 1732
f 1732 1556 1729
f 1730 1883 1733
f 1731 1734 1735
f 1735 1559 1732
f 1735 1736 1737
f 1737 1560 1559
f 1737 1738 1739
f 1739 1562 1560
f 1739 1740 1741
f 1741 1564 1562
f 1741 1742 1743
f 1743 1566 1564
f 1743 1744 1745
f 1743 1569 1566
f 1744 1747 1746
f 1745 1572 1569
f 1747 1750 1748
f 1746 1749 1572
f 1750 1906 1751
f 1748 1752 1749
f 1751 1912 1753
f 1752 1754 1755
f 1755 1573 1749
f 1753 1915 1756
f 1754 1757 1758
f 1758 1575 1755
f 1756 1918 1759
f 1757 1760 1761
f 1761 1578 1758
f 1759 1921 1762
f 1760 1763 1764
f 1764 1581 1761
f 1764 1765 1766
f 1766 1582 1581
f 1766 1767 1768
f 1768 1584 1582
f 1768 1769 1770
f 1770 1586 1584
f 1770 1771 1772
f 1772 1588 1586
f 1772 1773 1774
f 1774 1590 1588
f 1774 1775 1776
f 1776 1592 1590
f 1776 1777 1778
f 1778 1779 1592
f 1779 1593 1592
f 1779 1780 1781
f 1781 1597 1595
f 1781 1782 1783
f 1783 1784 1597
f 1784 1598 1597
f 1784 1785 1786
f 1786 1787 1600
f 1787 1601 1600
f 1787 1788 1789
f 1789 1605 1603
f 1789 1790 1791
f 1791 1608 1605
f 1791 1792 1793
f 1793 1611 1608
f 1793 1794 1795
f 1795 1615 1611
f 1795 1796 1797
f 1797 1617 1615
f 1797 1798 1799
f 1799 1619 1617
f 1799 1631 1800
f 1800 1621 1619
f 1800 1629 1627
f 1627 1623 1621
f 1796 1801 1634
f 1798 1632 1631
f 1801 1794 1802
f 1802 1803 1637
f 1801 1635 1634
f 1803 1804 1805
f 1805 1806 1640
f 1803 1638 1637
f 1806 1807 1808
f 1808 1809 1643
f 1806 1641 1640
f 1809 1810 1811
f 1811 1812 1646
f 1809 1644 1643
f 1812 1813 1814
f 1814 1653 1650
f 1812 1647 1646
f 1814 1815 1816
f 1816 1817 1653
f 1817 1818 1819
f 1819 1820 1656
f 1817 1654 1653
f 1820 1821 1822
f 1822 1823 1660
f 1820 1657 1656
f 1823 1824 1825
f 1825 1827 1826
f 1823 1661 1660
f 1827 1829 1828
f 1826 1663 1661
f 1829 1830 1667
f 1828 1665 1663
f 1830 1831 1832
f 1832 1833 1670
f 1830 1668 1667
f 1833 1834 1835
f 1835 1836 1673
f 1833 1671 1670
f 1836 1837 1838
f 1838 1839 1676
f 1836 1674 1673
f 1839 1840 1841
f 1841 1843 1842
f 1842 1677 1676
f 1843 1844 1845
f 1843 1846 1847
f 1847 1680 1842
f 1845 1849 1848
f 1846 1689 1687
f 1687 1683 1847
f 1848 1850 1851
f 1848 1692 1689
f 1850 1852 1697
f 1851 1694 1692
f 1850 2002 1853
f 1852 1854 1701
f 1852 1698 1697
f 1853 2003 1855
f 1854 1856 1705
f 1705 1702 1701
f 1855 2005 1857
f 1856 1858 1859
f 1859 1706 1705
f 1857 2008 1860
f 1858 1861 1862
f 1862 1709 1859
f 1860 1864 1863
f 1861 1718 1716
f 1716 1712 1862
f 1864 1866 1865
f 1863 1721 1718
f 1866 1869 1867
f 1865 1868 1721
f 1869 2014 1870
f 1867 1871 1868
f 1870 2020 1872
f 1871 1873 1874
f 1874 1722 1868
f 1872 2023 1875
f 1873 1876 1877
f 1877 1724 1874
f 1875 2026 1878
f 1876 1879 1880
f 1880 1727 1877
f 1878 2029 1881
f 1879 1882 1883
f 1883 1730 1880
f 1881 2032 1884
f 1882 1885 1886
f 1886 1733 1883
f 1885 1888 1887
f 1887 1734 1733
f 1887 61 59
f 59 1736 1734
f 1888 1889 1890
f 1890 62 61
f 1890 1891 1892
f 1892 1893 62
f 1893 1894 1895
f 1895 1897 1896
f 1893 60 62
f 1897 1900 1898
f 1896 1899 60
f 1900 1744 1742
f 1898 1740 1899
f 1900 1901 1902
f 1902 1747 1744
f 1901 1904 1903
f 1902 1750 1747
f 1904 1907 1905
f 1903 1906 1750
f 1907 2049 1908
f 1905 1909 1906
f 1908 2172 1910
f 1909 1911 1912
f 1912 1751 1906
f 1910 2060 1913
f 1911 1914 1915
f 1915 1753 1912
f 1913 2062 1916
f 1914 1917 1918
f 1918 1756 1915
f 1916 2065 1919
f 1917 1920 1921
f 1921 1759 1918
f 1919 2068 1922
f 1920 1923 1924
f 1924 1762 1921
f 1924 1925 1926
f 1926 1763 1762
f 1926 1927 1928
f 1928 1765 1763
f 1928 1929 1930
f 1930 1767 1765
f 1930 1931 1932
f 1932 1769 1767
f 1932 1933 1934
f 1934 1771 1769
f 1934 1935 1936
f 1936 1773 1771
f 1936 1937 1938
f 1938 1775 1773
f 1938 1939 1940
f 1940 1777 1775
f 1940 1818 1941
f 1941 1942 1777
f 1942 1778 1777
f 1942 1815 1943
f 1943 1782 1780
f 1943 1813 1944
f 1944 1945 1782
f 1945 1783 1782
f 1945 1810 1946
f 1946 1947 1785
f 1947 1786 1785
f 1947 1807 1948
f 1948 1790 1788
f 1948 1805 1804
f 1804 1792 1790
f 1946 1808 1807
f 1944 1811 1810
f 1941 1816 1815
f 1937 1949 1821
f 1939 1819 1818
f 1949 1935 1950
f 1950 1951 1824
f 1949 1822 1821
f 1951 1952 1953
f 1953 1955 1954
f 1951 1825 1824
f 1955 1957 1956
f 1954 1827 1825
f 1957 1958 1831
f 1956 1829 1827
f 1958 1959 1960
f 1960 1961 1834
f 1958 1832 1831
f 1961 1962 56
f 56 53 1837
f 1961 1835 1834
f 1960 1963 1962
f 1963 1965 1966
f 1966 55 1962
f 1959 1967 1964
f 1967 1969 1964
f 1967 1957 1955
f 1955 1953 1968
f 1969 1971 1972
f 1972 1965 1964
f 1968 1973 1970
f 1973 1929 1970
f 1973 1953 1952
f 1952 1933 1931
f 1972 1974 1975
f 1975 1976 1965
f 1976 1977 1978
f 1978 1980 1979
f 1976 1966 1965
f 1980 1982 1981
f 1979 55 1966
f 1980 2075 1983
f 1982 1984 1985
f 1985 54 1981
f 1984 1987 1986
f 1986 1989 54
f 1987 2085 1988
f 1988 1990 1989
f 1990 1991 1992
f 1992 1994 1993
f 1990 51 1989
f 1994 1997 1995
f 1993 1996 51
f 1997 2003 1998
f 1995 1999 1996
f 2000 52 1996
f 1998 2002 2001
f 1999 1844 2000
f 2002 1850 1849
f 2001 1845 1844
f 1840 53 52
f 2000 1841 1840
f 2003 1853 2002
f 1997 2004 2005
f 2005 1855 2003
f 1994 1992 2006
f 2004 2007 2008
f 2008 1857 2005
f 2006 2010 2009
f 2007 1866 1864
f 1864 1860 2008
f 2010 2012 2011
f 2009 1869 1866
f 2012 2015 2013
f 2011 2014 1869
f 2015 2090 2016
f 2013 2017 2014
f 2016 2097 2018
f 2017 2019 2020
f 2020 1870 2014
f 2018 2100 2021
f 2019 2022 2023
f 2023 1872 2020
f 2021 2171 2024
f 2022 2025 2026
f 2026 1875 2023
f 2024 2109 2027
f 2025 2028 2029
f 2029 1878 2026
f 2027 2111 2030
f 2028 2031 2032
f 2032 1881 2029
f 2030 2114 2033
f 2033 2035 2034
f 2034 1884 2032
f 2035 1891 1889
f 2034 1885 1884
f 2035 2036 2037
f 2037 2038 1891
f 2038 2039 2040
f 2040 2041 1894
f 2038 1892 1891
f 2041 2042 2043
f 2043 2045 2044
f 2041 1895 1894
f 2044 1904 1901
f 2044 1897 1895
f 2043 2047 2046
f 2045 1907 1904
f 2047 2050 2048
f 2046 2049 1907
f 2050 2051 67
f 2048 66 2049
f 2051 2052 2053
f 2053 2055 2054
f 2051 64 67
f 2055 2057 2056
f 2054 65 64
f 2057 2136 2058
f 2058 2059 65
f 2059 68 65
f 2059 2061 2062
f 2062 1913 2060
f 2058 2136 2063
f 2061 2064 2065
f 2065 1916 2062
f 2063 2135 2066
f 2064 2067 2068
f 2068 1919 2065
f 2066 2140 2069
f 2067 2070 2071
f 2071 1922 2068
f 2071 1977 2072
f 2072 1923 1922
f 2072 1975 1974
f 1974 1925 1923
f 2069 2074 2073
f 2070 1978 1977
f 2074 2076 2075
f 2073 1980 1978
f 2074 2139 2077
f 2076 2078 2079
f 2079 1983 2075
f 2079 2080 2081
f 2081 1984 1983
f 2080 2083 2082
f 2081 1987 1984
f 2083 2086 2084
f 2082 2085 1987
f 2086 2089 2087
f 2084 2088 2085
f 2088 2015 2012
f 2012 2010 1991
f 2088 1988 2085
f 2087 2090 2015
f 2089 2091 2092
f 2092 2093 2090
f 2093 2094 2095
f 2093 2096 2097
f 2097 2016 2090
f 2096 2098 2099
f 2096 131 2100
f 2100 2018 2097
f 2098 2102 2103
f 2103 128 2099
f 2095 2094 2101
f 2103 2104 2105
f 2105 129 128
f 2105 2106 2107
f 2107 2108 129
f 2108 130 129
f 2108 2110 2111
f 2111 2027 2109
f 2107 2106 2112
f 2110 2113 2114
f 2114 2030 2111
f 2113 2115 2116
f 2116 2117 2036
f 2113 2033 2114
f 2117 2118 2119
f 2119 2120 2039
f 2117 2037 2036
f 2120 2121 2122
f 2120 2123 2042
f 2120 2040 2039
f 2122 2124 2052
f 2123 2050 2047
f 2047 2043 2042
f 2124 2121 2125
f 2125 2127 2126
f 2124 2053 2052
f 2127 2129 2128
f 2126 2055 2053
f 2129 2131 2130
f 2128 2057 2055
f 2130 2132 2133
f 2133 2136 2057
f 2133 2134 2135
f 2135 2063 2136
f 2134 2137 2138
f 2134 2139 2140
f 2140 2066 2135
f 2138 2141 2142
f 2142 2077 2139
f 2142 2143 2144
f 2144 2078 2077
f 2143 2146 2145
f 2145 2080 2078
f 2146 2148 2147
f 2145 2083 2080
f 2148 2149 2091
f 2147 2086 2083
f 2149 2150 2151
f 2151 2101 2094
f 2149 2092 2091
f 2151 2152 2153
f 2153 2102 2101
f 2153 2154 2155
f 2155 2104 2102
f 2155 2156 2157
f 2157 2106 2104
f 2157 2158 2115
f 2115 2112 2106
f 2158 124 2159
f 2159 2160 2118
f 2158 2116 2115
f 2160 126 2161
f 2160 2125 2121
f 2160 2119 2118
f 126 123 2162
f 2161 2127 2125
f 123 2164 2163
f 2162 2129 2127
f 2164 2166 2165
f 2163 2131 2129
f 2166 2141 2137
f 2165 2132 2131
f 2164 2168 2167
f 2167 2143 2141
f 2168 2170 2169
f 2167 2146 2143
f 2170 2152 2150
f 2169 2148 2146
f 2170 122 125
f 125 2154 2152
f 2164 123 122
f 2154 125 124
f 2074 2069 2140
f 2109 2171 130
f 2100 131 2171
f 2010 1992 1991
f 1971 1927 1925
f 1970 1929 1927
f 1950 1935 1933
f 2060 2172 68
f 2049 66 2172
f 1838 1837 53
f 1802 1794 1792
f 1738 58 1899
f 1736 59 58
f 1521 1517 1691
f 1451 71 1626
f 1282 1009 1008
f 1275 2174 2173
f 1278 1017 1015
f 2174 2176 2175
f 2173 1019 1017
f 2176 2178 2177
f 2175 1021 1019
f 2178 2179 1025
f 2177 1023 1021
f 2179 2180 2181
f 2181 2182 1028
f 2179 1026 1025
f 2182 2183 2184
f 2184 2185 1031
f 2182 1029 1028
f 2185 2186 2187
f 2187 2188 1034
f 2185 1032 1031
f 2187 2422 2189
f 2188 2190 2191
f 2191 1035 1034
f 2189 2423 2192
f 2190 2193 2194
f 2194 1038 2191
f 2192 2424 2195
f 2193 2196 2197
f 2197 1041 2194
f 2195 2425 2198
f 2196 2199 2200
f 2200 1044 2197
f 2198 2426 2201
f 2199 2202 2203
f 2203 1047 2200
f 2201 2427 2204
f 2202 2205 2206
f 2206 1050 2203
f 2204 2428 2207
f 2205 2208 2209
f 2209 1053 2206
f 2208 2210 2211
f 2211 2212 1058
f 1058 1056 2209
f 2212 2213 2214
f 2214 1066 1061
f 2212 1059 1058
f 2214 2215 2216
f 2216 1067 1066
f 2216 2217 2218
f 2218 1069 1067
f 2218 2219 2220
f 2220 1071 1069
f 2219 2384 2221
f 2220 2222 1071
f 2221 2383 2223
f 2222 2224 2225
f 2225 1072 1071
f 2223 2382 2226
f 2224 2227 2228
f 2228 1074 2225
f 2228 2229 2230
f 2228 1076 1074
f 2230 2231 2232
f 2230 1079 1076
f 2232 2233 2234
f 2232 1081 1079
f 2231 2334 2235
f 2233 2236 2237
f 2237 1084 2234
f 2235 2335 2238
f 2236 2239 2240
f 2240 1087 2237
f 2238 2336 2241
f 2239 2242 2243
f 2243 1090 2240
f 2241 2338 2244
f 2242 2245 2246
f 2246 1093 2243
f 2244 2341 2247
f 2245 2248 2249
f 2249 1096 2246
f 2247 2344 2250
f 2250 2251 1102
f 1102 1099 2249
f 2251 2252 2253
f 2253 2254 1106
f 2251 1103 1102
f 2254 2255 2256
f 2256 1112 1109
f 2254 1107 1106
f 2256 2257 2258
f 2258 1114 1112
f 2258 2259 2260
f 2260 2261 1114
f 2261 2262 2263
f 2263 2264 1118
f 2261 1115 1114
f 2264 2265 2266
f 2266 2268 2267
f 2264 1119 1118
f 2268 2270 2269
f 2267 1121 1119
f 2270 2271 1130
f 2269 1126 1121
f 2271 1131 1130
f 2271 2272 2273
f 2273 2274 1134
f 2274 1135 1134
f 2274 104 108
f 2274 2276 2275
f 2277 1138 2275
f 108 107 2278
f 2276 2279 2277
f 2280 1141 2277
f 2278 2370 2281
f 2279 2282 2280
f 2283 1144 2280
f 2281 2369 2284
f 2282 2285 2283
f 1151 1147 2283
f 2284 2381 2286
f 2285 2287 1151
f 2287 1152 1151
f 2286 2289 2288
f 2287 1157 1154
f 2288 2290 2291
f 2288 1159 1157
f 2291 2292 2293
f 2293 1161 1159
f 2293 2294 2295
f 2295 1162 1161
f 2295 2296 2297
f 2297 1165 1162
f 2297 2298 2299
f 2299 2300 1165
f 2300 1166 1165
f 2300 2301 2302
f 2302 2303 1169
f 2303 1170 1169
f 2303 2304 2305
f 2305 2306 1173
f 2306 1174 1173
f 2306 2307 2308
f 2306 2309 1177
f 2310 1178 1177
f 2308 2377 2311
f 2309 2312 2310
f 2313 1181 2310
f 2311 2315 2314
f 2312 1192 2313
f 2315 2317 2316
f 2314 1193 1192
f 2317 2319 2318
f 2316 1195 1193
f 2319 2321 2320
f 2318 1198 1195
f 2321 2324 2322
f 2320 2323 1198
f 2324 2336 2325
f 2322 2326 2323
f 2327 1199 2323
f 2325 2335 2328
f 2326 2329 2327
f 2330 1202 2327
f 2328 2334 2331
f 2329 2332 2330
f 2333 1205 2330
f 2331 2229 2227
f 2332 2226 2333
f 2334 2231 2229
f 2335 2235 2334
f 2336 2238 2335
f 2324 2337 2338
f 2338 2241 2336
f 2321 2319 2339
f 2337 2340 2341
f 2341 2244 2338
f 2339 2380 2342
f 2340 2343 2344
f 2344 2247 2341
f 2342 2378 2345
f 2345 2346 2252
f 2252 2250 2344
f 2346 2347 2348
f 2348 2257 2255
f 2346 2253 2252
f 2348 2349 2350
f 2350 2259 2257
f 2350 2304 2351
f 2351 2352 2259
f 2352 2301 2353
f 2353 2354 2262
f 2352 2260 2259
f 2354 2298 2355
f 2355 2356 2265
f 2354 2263 2262
f 2356 2357 2358
f 2358 2360 2359
f 2356 2266 2265
f 2360 2362 2361
f 2359 2268 2266
f 2362 2365 2272
f 2361 2270 2268
f 2362 2363 2364
f 2364 105 2365
f 2364 2366 2367
f 2367 106 105
f 2368 2370 106
f 2367 16 2368
f 2369 2281 2370
f 2368 15 2369
f 2363 2374 2371
f 2366 18 16
f 2371 2373 18
f 2374 2375 2372
f 2375 2292 2372
f 2375 2358 2357
f 2357 2296 2294
f 2372 2290 2373
f 2374 2360 2358
f 2355 2298 2296
f 2353 2299 2298
f 2351 2302 2301
f 2349 2305 2304
f 2347 2376 2307
f 2377 2308 2307
f 2347 2345 2378
f 2376 2379 2377
f 2315 2311 2377
f 2378 2342 2380
f 2379 2317 2315
f 2380 2319 2317
f 2289 17 2373
f 2289 2381 17
f 2369 15 2381
f 2370 107 106
f 2273 2365 104
f 2382 1208 2333
f 2383 1211 2382
f 2384 1214 2383
f 2219 1217 2384
f 2217 2385 1221
f 2385 1222 1221
f 2385 2215 2386
f 2386 2387 1226
f 2387 1227 1226
f 2387 2388 2389
f 2389 2390 1231
f 2390 1232 1231
f 2390 2392 2393
f 2390 2394 2391
f 1240 1236 2391
f 2393 2397 2395
f 2394 2396 1240
f 2397 2427 2398
f 2395 2399 2396
f 2400 1241 2396
f 2398 2426 2401
f 2399 2402 2400
f 2403 1244 2400
f 2401 2425 2404
f 2402 2405 2403
f 2406 1247 2403
f 2404 2424 2407
f 2405 2408 2406
f 2409 1250 2406
f 2407 2423 2410
f 2408 2411 2409
f 2412 1253 2409
f 2410 2422 2413
f 2411 2414 2412
f 2415 1256 2412
f 2414 2186 2416
f 2416 2417 2415
f 2417 1259 2415
f 2417 2183 2418
f 2418 2419 1263
f 2419 1264 1263
f 2419 2180 2420
f 2420 2421 1268
f 2421 1269 1268
f 2421 2176 2174
f 2174 1275 1273
f 2420 2178 2176
f 2418 2181 2180
f 2416 2184 2183
f 2413 2187 2186
f 2423 2189 2422
f 2424 2192 2423
f 2425 2195 2424
f 2426 2198 2425
f 2427 2201 2426
f 2397 2392 2428
f 2428 2204 2427
f 2389 2388 2210
f 2210 2207 2428
f 2386 2215 2213
f 2388 2211 2210
f 1314 4 1243
f 1510 21 1201
f 1190 1184 2313
f 1150 744 743
f 743 2429 1146
f 1149 748 746
f 2429 741 740
f 2429 2430 1143
f 740 738 2431
f 2430 2432 1140
f 2431 736 2433
f 2432 2434 1137
f 2433 733 2435
f 2434 2436 1133
f 2435 730 2437
f 2436 1129 1128
f 2437 727 2438
f 1129 1125 1124
f 2438 724 2439
f 1125 30 1123
f 1449 72 73
f 973 143 141
f 969 146 143
f 964 963 2440
f 968 2441 146
f 963 2443 2442
f 2440 870 2441
f 2442 2444 2445
f 2442 871 870
f 2443 2447 2446
f 2444 880 877
f 877 873 2445
f 2447 955 2448
f 2446 2449 880
f 963 959 2447
f 2448 2450 2449
f 2450 2451 2452
f 2452 881 2449
f 2451 2453 2454
f 2454 883 2452
f 2453 2455 2456
f 2456 886 2454
f 2456 2457 2458
f 2458 887 886
f 2455 940 2459
f 2457 2460 2461
f 2461 891 2458
f 2459 937 936
f 2460 2462 2463
f 2463 894 2461
f 936 933 2464
f 2462 2465 2466
f 2466 897 2463
f 2464 929 928
f 2465 2467 2468
f 2468 900 2466
f 2467 924 923
f 2467 909 907
f 907 903 2468
f 919 911 909
f 37 39 915
f 868 144 2441
f 864 1607 142
f 784 1189 2488
f 518 516 89
f 2469 88 764
f 2469 521 518
f 2439 2470 30
f 712 28 2470
f 709 29 28
f 705 33 29
f 704 1111 33
f 670 40 1078
f 664 39 38
f 505 118 117
f 516 90 89
f 566 151 457
f 388 94 93
f 386 96 94
f 2472 186 2473
f 2471 45 47
f 2471 2474 2472
f 2475 189 2472
f 2474 2476 2475
f 2477 192 2475
f 2476 2478 2477
f 2479 195 2477
f 2478 2480 2479
f 2481 198 2479
f 2480 2482 2481
f 2483 201 2481
f 2482 2484 2483
f 2485 204 2483
f 2484 2486 2485
f 2487 207 2485
f 347 85 84
f 2486 345 2487
f 314 137 134
f 239 136 135
f 344 2487 345
f 2473 176 45

