{
  "name": "BTG_1",
  "source_file": "BTG_1.stl",
  "canonical_scale_factor": 79.52852376053454,
  "source_unit_scale": 0.001,
  "centroid_offset": [
    54.70945232698241,
    70.78320745271544,
    68.59726829946992
  ],
  "original_bbox": [
    97.8352279663086,
    132.7399139404297,
    107.15856170654297
  ],
  "normalised_bbox": [
    1.2301904189859818,
    1.6690856017913527,
    1.3474229954173955
  ],
  "export_bbox": [
    0.08101999811524997,
    0.1099255125257704,
    0.08874090292391218
  ],
  "export_bbox_scale_factor": 0.06585972127959909,
  "export_bbox_target_size": 0.1099255125257704,
  "export_bbox_target_axis": "max",
  "volume_m3": 224274.915921215,
  "surface_area_m2": 26095.035867911825,
  "export_volume_m3": 0.00012737130688346933,
  "export_surface_area_m2": 0.017895829483578318,
  "n_faces": 5120,
  "n_vertices": 2562,
  "is_watertight": true,
  "mass_kg": 0.05,
  "inertia": {
    "ixx": 5.336280881440005e-05,
    "iyy": 3.345051934072383e-05,
    "izz": 4.505759993608589e-05,
    "ixy": -6.964661641021523e-06,
    "ixz": -1.0658084374922758e-05,
    "iyz": 5.554787518464438e-06
  },
  "point_cloud_counts": [
    100,
    1024
  ],
  "point_cloud_space": "unit_sphere",
  "urdf_file": "BTG_1.urdf"
}