# https://github.com/mikedh/trimesh

o Stage1_2Dcross_NEW_Rescaled_14.stl
v 0.02497974 0.00317779 -0.02623619
v 0.02438721 0.00636041 -0.02327978
v 0.02504883 0.00271880 -0.02096396
v 0.02346998 0.00913091 -0.02765187
v 0.02500135 0.00304839 -0.02987644
v 0.02493897 -0.00355903 -0.02759674
v 0.02522046 -0.00048871 -0.02290201
v -0.02522668 0.00083892 -0.02446501
v -0.02484289 0.00430084 -0.02095325
v -0.02423553 0.00683599 -0.02589283
v -0.02521484 0.00074420 -0.02846160
v -0.02466717 -0.00511518 -0.02588273
v -0.02512182 -0.00214496 -0.02138402
v -0.02520013 0.00130084 -0.01916653
v -0.02512457 0.00229839 0.02475843
v -0.02509051 0.00246392 0.02823648
v -0.02361096 0.00876568 0.02616075
v -0.02451800 0.00587505 0.02161531
v -0.02514532 0.00213580 0.01934595
v -0.02493194 -0.00360004 0.02589636
v -0.02506768 -0.00267133 0.02855047
v -0.02518634 -0.00129633 0.02145465
v 0.02504847 -0.00271528 0.02564633
v 0.02501172 0.00292730 0.02704709
v 0.02501722 -0.00298090 0.02949950
v 0.02519043 0.00083209 0.02214035
v 0.02456983 -0.00559467 0.02239906
v 0.02511744 -0.00212592 0.01999578
v 0.02373169 -0.00839643 0.02709618
v 0.02505860 -0.02569135 0.00247216
v 0.02492041 -0.02698627 -0.00359376
v 0.02518091 -0.02220795 -0.00116191
v 0.02511121 -0.02008442 0.00204748
v 0.02458106 -0.02255024 0.00553057
v 0.02375312 -0.02727094 0.00838083
v 0.02504932 -0.02951801 0.00263211
v -0.02462243 -0.02747455 0.00542144
v -0.02379834 -0.02431049 0.00829506
v -0.02474188 -0.02198969 0.00491566
v -0.02241650 -0.02920112 0.01150129
v -0.02448907 -0.03180854 0.00600885
v -0.02517474 -0.02407026 0.00182547
v -0.02521441 -0.02910932 -0.00054351
v -0.02517846 -0.03238080 0.00079328
v -0.02486645 0.02586480 0.00423478
v -0.02469958 0.02975152 0.00489744
v -0.02520068 0.03004546 -0.00019677
v -0.02302825 0.02752056 0.01023677
v -0.02419537 0.02259185 0.00702030
v -0.02516235 0.02696783 -0.00153296
v -0.02523004 0.02210211 0.00051517
v -0.02497717 0.01985699 0.00349059
v 0.02518213 0.02493072 -0.00148650
v 0.02515955 0.02888140 -0.00166819
v 0.02496326 0.02933355 0.00333540
v 0.02482471 0.02179791 -0.00432602
v 0.02412891 0.02639996 -0.00713797
v 0.02482215 0.02608746 0.00423893
v 0.02513636 0.02122906 0.00199125
v 0.02520313 0.01944683 -0.00087464
v -0.00449914 0.00251226 -0.04800859
v -0.00549194 0.00087164 -0.04800859
v -0.00777697 0.00347955 -0.04800859
v -0.00564636 0.00499517 -0.04800859
v -0.00338183 0.00595757 -0.04800859
v -0.00281396 0.00224029 -0.04800859
v 0.01653125 0.04799566 0.00881686
v 0.01807862 0.04799566 0.00960834
v 0.01888941 0.04799566 0.00593754
v 0.01637824 0.04799566 0.00616832
v 0.01379395 0.04799566 0.00670742
v 0.01482618 0.04799566 0.00989674
v 0.01618659 0.04799566 0.01189589
v -0.01803723 0.04799566 0.00035701
v -0.02104882 0.04799566 -0.00035352
v -0.02082879 0.04799566 0.00318479
v -0.01704553 0.04799566 0.00265889
v -0.01456884 0.04799566 0.00017595
v -0.01686547 0.04799566 -0.00239229
v 0.01384583 -0.04800434 -0.01174243
v 0.01458332 -0.04800434 -0.00925771
v 0.01108118 -0.04800434 -0.00951097
v 0.01110871 -0.04800434 -0.01307547
v 0.01576471 -0.04800434 -0.01404053
v 0.01803516 -0.04800434 -0.01096496
v -0.00250598 0.04799566 0.01552299
v -0.00328161 0.04799566 0.01786204
v -0.00035809 0.04799566 0.01809660
v -0.00397839 0.04799566 0.01399926
v -0.00611773 0.04799566 0.01660132
v -0.00049499 0.04799566 0.01488927
v -0.00163903 0.04799566 0.01225357
v 0.01223963 0.04799566 -0.01590280
v 0.00942609 0.04799566 -0.01639999
v 0.00989075 0.04799566 -0.01334280
v 0.01333838 0.04799566 -0.01390550
v 0.01348987 0.04799566 -0.01752691
v -0.01728784 -0.04800434 0.00046062
v -0.01632519 -0.04800434 0.00291838
v -0.02053418 -0.04800434 0.00356809
v -0.02069152 -0.04800434 -0.00034781
v -0.01612817 -0.04800434 -0.00226376
v -0.01385711 -0.04800434 0.00041625
v -0.01049743 0.00307086 0.04799141
v -0.01055041 0.00126959 0.04799141
v -0.00855828 0.00122808 0.04799141
v -0.00904443 0.00364996 0.04799141
v -0.01053271 0.00623589 0.04799141
v -0.01220202 0.00459673 0.04799141
v -0.01299310 0.00231402 0.04799141
v 0.00220258 0.00089898 0.04799141
v 0.00272278 0.00267584 0.04799141
v 0.00090662 0.00312066 0.04799141
v 0.00087537 0.00059088 0.04799141
v 0.00322815 -0.00052094 0.04799141
v 0.00461725 0.00140630 0.04799141
v -0.01636834 -0.00854780 0.04799141
v -0.01784350 -0.00963715 0.04799141
v -0.01447229 -0.00974018 0.04799141
v -0.01402209 -0.00731782 0.04799141
v -0.01660437 -0.00653950 0.04799141
v -0.01897021 -0.00695649 0.04799141
v 0.01654566 0.00630816 -0.04800859
v 0.01947315 0.00801568 -0.04800859
v 0.02056360 0.00450347 -0.04800859
v 0.01463172 0.00851031 -0.04800859
v 0.01636561 0.00354351 -0.04800859
v 0.01337781 0.00485357 -0.04800859
v 0.00091199 -0.04800434 0.00585344
v 0.00269507 -0.04800434 0.00580072
v 0.00175977 -0.04800434 0.00843180
v -0.00043011 -0.04800434 0.00757777
v -0.00239892 -0.04800434 0.00561763
v -0.00004736 -0.04800434 0.00398873
v 0.00221424 -0.04800434 0.00301379
v 0.00801032 -0.01360053 -0.04800859
v 0.00921692 -0.01584125 -0.04800859
v 0.00620020 -0.01710737 -0.04800859
v 0.00924225 -0.01148969 -0.04800859
v 0.01198169 -0.01362885 -0.04800859
v 0.00580042 -0.01376362 -0.04800859
v 0.00642066 -0.01088618 -0.04800859
v -0.02074963 -0.00367036 -0.04800859
v -0.01944879 -0.00565668 -0.04800859
v -0.02258752 -0.00387836 -0.04800859
v -0.01992944 -0.00124995 -0.04800859
v -0.01754486 -0.00329731 -0.04800859
v 0.01001917 -0.04800434 0.01864433
v 0.01082380 -0.04800434 0.02017570
v 0.00795789 -0.04800434 0.01893633
v 0.00935621 -0.04800434 0.01555880
v 0.01189551 -0.04800434 0.01615622
v 0.02148426 0.00364117 0.04799141
v 0.02100983 0.00134576 0.04799141
v 0.02487195 0.00425152 0.04799141
v 0.02021912 0.00559039 0.04799141
v 0.01839570 0.00308941 0.04799141
v 0.02398890 0.00783453 0.04799141
v 0.02483509 0.00434234 0.04448606
v 0.02386335 0.00809625 0.04459616
v 0.02249262 0.01144390 0.04799141
v 0.01907148 0.00866900 0.04799141
v 0.01724280 0.01191412 0.04799141
v 0.01479493 0.00860211 0.04799141
v 0.01661139 0.00562847 0.04799141
v 0.01296985 0.00539996 0.04799141
v 0.01503943 0.00266656 0.04799141
v 0.01747193 0.00015875 0.04799141
v 0.01378894 -0.00034858 0.04799141
v 0.01664686 -0.00306000 0.04799141
v 0.02090064 -0.00185883 0.04799141
v 0.02024176 -0.00546284 0.04799141
v 0.02502832 -0.00320600 0.04799141
v 0.02522901 0.00057720 0.04799141
v 0.02421326 -0.00716401 0.04799141
v 0.02499427 -0.00329584 0.04430957
v 0.02519971 0.00053716 0.04438142
v 0.02515882 0.00056890 0.04076361
v 0.02476954 0.00454351 0.04100758
v 0.02468958 0.00485064 0.03753587
v 0.02373951 0.00839703 0.04122634
v 0.02357465 0.00885894 0.03791606
v 0.02205420 0.01212896 0.04147284
v 0.02228693 0.01175689 0.04471177
v 0.02176905 0.01259918 0.03829584
v 0.01962378 0.01575787 0.04165394
v 0.01990394 0.01545611 0.04479929
v 0.01673945 0.01886089 0.04485526
v 0.01698572 0.01864996 0.04799141
v 0.02015198 0.01517437 0.04799141
v 0.01305921 0.02158306 0.04799141
v 0.01124823 0.01762945 0.04799141
v 0.01460547 0.01499078 0.04799141
v 0.00965076 0.01386871 0.04799141
v 0.01251978 0.01144195 0.04799141
v 0.00822400 0.01021832 0.04799141
v 0.01076819 0.00798980 0.04799141
v 0.00700800 0.00684722 0.04799141
v 0.00934296 0.00480572 0.04799141
v 0.01150708 0.00231109 0.04799141
v 0.00799341 0.00186187 0.04799141
v 0.01010639 -0.00053608 0.04799141
v 0.01251185 -0.00333393 0.04799141
v 0.00857886 -0.00311030 0.04799141
v 0.01095118 -0.00616303 0.04799141
v 0.01544629 -0.00634614 0.04799141
v 0.01371058 -0.00928315 0.04799141
v 0.01885437 -0.00884028 0.04799141
v 0.01686170 -0.01236616 0.04799141
v 0.02261609 -0.01119184 0.04799141
v 0.02020337 -0.01511420 0.04799141
v 0.02017231 -0.01512348 0.04454856
v 0.02256983 -0.01123090 0.04440399
v 0.02416175 -0.00722993 0.04431823
v 0.02010437 -0.01520063 0.04117085
v 0.02251081 -0.01131879 0.04088186
v 0.02412024 -0.00727778 0.04067439
v 0.02243335 -0.01148481 0.03747148
v 0.02409864 -0.00731196 0.03707189
v 0.02496656 -0.00331391 0.04062058
v 0.02497998 -0.00319184 0.03691843
v 0.02407081 -0.00744037 0.03355557
v 0.02500452 -0.00305659 0.03317318
v 0.02511756 0.00116607 0.03354551
v 0.02513489 0.00076763 0.03714693
v 0.02510840 0.00185943 0.03012464
v 0.02458411 0.00545611 0.03427600
v 0.02439637 0.00628423 0.03110716
v 0.02335193 0.00946441 0.03480848
v 0.02305896 0.01020953 0.03179323
v 0.02145002 0.01319976 0.03530207
v 0.02105225 0.01384527 0.03249610
v 0.01889136 0.01665679 0.03576804
v 0.01929047 0.01617388 0.03862859
v 0.01842194 0.01716021 0.03308039
v 0.01569080 0.01973150 0.03616874
v 0.01609192 0.01939947 0.03889436
v 0.01223499 0.02204156 0.03911797
v 0.01255152 0.02182574 0.04190422
v 0.01643805 0.01908404 0.04177150
v 0.00806958 0.02384088 0.04204395
v 0.00829560 0.02379058 0.04497131
v 0.01283637 0.02169927 0.04490168
v 0.00329352 0.02499713 0.04503344
v 0.00342475 0.02499615 0.04799141
v 0.00849067 0.02375543 0.04799141
v 0.00300220 0.02097027 0.04799141
v 0.00734772 0.01980572 0.04799141
v 0.00258704 0.01691314 0.04799141
v 0.00629517 0.01586871 0.04799141
v 0.00209760 0.01288287 0.04799141
v 0.00528821 0.01187505 0.04799141
v 0.00166791 0.00926714 0.04799141
v 0.00440711 0.00842486 0.04799141
v 0.00124573 0.00603765 0.04799141
v 0.00356849 0.00533795 0.04799141
v 0.00584046 0.00388287 0.04799141
v 0.00653162 -0.00054340 0.04799141
v 0.00486292 -0.00265131 0.04799141
v 0.00674225 -0.00537543 0.04799141
v 0.00303748 -0.00422993 0.04799141
v 0.00461695 -0.00715912 0.04799141
v 0.00896106 -0.00862836 0.04799141
v 0.00644080 -0.01063862 0.04799141
v 0.01136957 -0.01195649 0.04799141
v 0.00846302 -0.01425873 0.04799141
v 0.01407618 -0.01535297 0.04799141
v 0.01064801 -0.01792621 0.04799141
v 0.01695044 -0.01869086 0.04799141
v 0.01292139 -0.02167426 0.04799141
v 0.01299115 -0.02160883 0.04485958
v 0.01696912 -0.01864887 0.04468750
v 0.01297773 -0.02160883 0.04177041
v 0.01690998 -0.01868989 0.04147142
v 0.01289747 -0.02167133 0.03886119
v 0.01678089 -0.01881245 0.03840743
v 0.01998694 -0.01535688 0.03792925
v 0.01656678 -0.01901069 0.03558152
v 0.01978785 -0.01562641 0.03488767
v 0.02231684 -0.01172748 0.03417768
v 0.01950104 -0.01598139 0.03209706
v 0.02211799 -0.01208735 0.03118149
v 0.02174555 -0.01270844 0.02844622
v 0.02395600 -0.00775141 0.03024882
v 0.01910462 -0.01643793 0.02965305
v 0.02120411 -0.01359125 0.02590283
v 0.02322290 -0.00975678 0.02421437
v 0.01858448 -0.01699604 0.02734917
v 0.02054804 -0.01454780 0.02356397
v 0.02256714 -0.01116450 0.02163501
v 0.02180213 -0.01260932 0.01931950
v 0.02325605 -0.00965766 0.01710366
v 0.02396332 -0.00770991 0.01958010
v 0.02426136 -0.00682319 0.01489351
v 0.02476160 -0.00463618 0.01749610
v 0.02485401 -0.00410346 0.01258409
v 0.02512403 -0.00184321 0.01489089
v 0.02520337 0.00064068 0.01707996
v 0.02519153 0.00075445 0.01215387
v 0.02499061 0.00317535 0.01418905
v 0.02494727 0.00347271 0.01903130
v 0.02451795 0.00578326 0.01602665
v 0.02427869 0.00676470 0.02065852
v 0.02471827 0.00487603 0.02381216
v 0.02367688 0.00862115 0.01780462
v 0.02312684 0.01001470 0.02219094
v 0.02369654 0.00855132 0.02502683
v 0.02210840 0.01212994 0.02622690
v 0.02263800 0.01114507 0.02887719
v 0.02412403 0.00730035 0.02798422
v 0.02055439 0.01456158 0.02989626
v 0.01996235 0.01537457 0.02740976
v 0.01792505 0.01770220 0.03073702
v 0.01732526 0.01824810 0.02852360
v 0.01473951 0.02043023 0.03150414
v 0.01521863 0.02005377 0.03364854
v 0.01421265 0.02079351 0.02951963
v 0.01107679 0.02263873 0.03222018
v 0.01149018 0.02243365 0.03424641
v 0.00726368 0.02413384 0.03470884
v 0.00755024 0.02403033 0.03682940
v 0.01188337 0.02223785 0.03651876
v 0.00285120 0.02504839 0.03703308
v 0.00299604 0.02504205 0.03948227
v 0.00781720 0.02394976 0.03932892
v -0.00204150 0.02513189 0.03953563
v -0.00200500 0.02511675 0.04221043
v 0.00314203 0.02499810 0.04215998
v -0.00710827 0.02417437 0.04218073
v -0.00710009 0.02418804 0.04504667
v -0.00193328 0.02514019 0.04506145
v -0.00705487 0.02424224 0.04799141
v -0.00185223 0.02516851 0.04799141
v -0.00599047 0.02049078 0.04799141
v -0.00151141 0.02116754 0.04799141
v -0.00508569 0.01665679 0.04799141
v -0.00129431 0.01710748 0.04799141
v -0.00119409 0.01328130 0.04799141
v -0.00432360 0.01291461 0.04799141
v -0.00109344 0.00951129 0.04799141
v -0.00375146 0.00928277 0.04799141
v -0.00102893 0.00615875 0.04799141
v -0.00329296 0.00584429 0.04799141
v -0.00096856 0.00309234 0.04799141
v -0.00292016 0.00278765 0.04799141
v -0.00073211 0.00028375 0.04799141
v -0.00252502 -0.00007563 0.04799141
v -0.00197839 -0.00288715 0.04799141
v -0.00002514 -0.00240668 0.04799141
v -0.00128588 -0.00586323 0.04799141
v 0.00097883 -0.00527680 0.04799141
v -0.00044104 -0.00912641 0.04799141
v 0.00217243 -0.00838618 0.04799141
v 0.00050055 -0.01285248 0.04799141
v 0.00355787 -0.01204829 0.04799141
v 0.00143213 -0.01682075 0.04799141
v 0.00508027 -0.01592573 0.04799141
v 0.00232837 -0.02089252 0.04799141
v 0.00662946 -0.01981098 0.04799141
v 0.00319263 -0.02503852 0.04799141
v 0.00827320 -0.02384125 0.04799141
v 0.00335914 -0.02498969 0.04505325
v 0.00838434 -0.02377192 0.04497607
v 0.00349457 -0.02495502 0.04218049
v 0.00843720 -0.02374506 0.04201794
v 0.00358985 -0.02494282 0.03947529
v 0.00843757 -0.02375141 0.03922342
v 0.00364466 -0.02491205 0.03698204
v 0.00836567 -0.02374799 0.03665065
v 0.01272998 -0.02176704 0.03616605
v 0.00824665 -0.02379829 0.03449925
v 0.01248603 -0.02188813 0.03381585
v 0.01626801 -0.01926411 0.03301320
v 0.01218811 -0.02206440 0.03168563
v 0.01589289 -0.01957563 0.03070223
v 0.01184705 -0.02223969 0.02983007
v 0.01542627 -0.01992719 0.02863036
v 0.01146644 -0.02244135 0.02806812
v 0.01493262 -0.02030366 0.02668201
v 0.01798285 -0.01763129 0.02516726
v 0.01104242 -0.02266254 0.02641056
v 0.01439844 -0.02068842 0.02490580
v 0.01735279 -0.01826020 0.02323297
v 0.01379377 -0.02112641 0.02311779
v 0.01664454 -0.01893696 0.02126282
v 0.01904346 -0.01649262 0.01931150
v 0.01981842 -0.01552192 0.02141614
v 0.01603809 -0.01985981 0.01949376
v 0.01836835 -0.01767133 0.01728239
v 0.02100544 -0.01394916 0.01716125
v 0.02023352 -0.01533539 0.01506085
v 0.02178186 -0.01294721 0.01273894
v 0.02250666 -0.01132172 0.01487117
v 0.02298865 -0.01045161 0.01051957
v 0.02365314 -0.00874897 0.01258789
v 0.02399695 -0.00803852 0.00815268
v 0.02452247 -0.00619184 0.01027954
v 0.02499305 -0.00361909 0.00787005
v 0.02515638 -0.00146870 0.01004166
v 0.02516993 -0.00104731 0.00533640
v 0.02515845 0.00108257 0.00740748
v 0.02500037 0.00325494 0.00942371
v 0.02506934 0.00366558 0.00475797
v 0.02481238 0.00574371 0.00678960
v 0.02461158 0.00553961 0.01138237
v 0.02430567 0.00784136 0.00883514
v 0.02395520 0.00793755 0.01329953
v 0.02327948 0.00983599 0.01086560
v 0.02296778 0.01042584 0.01526919
v 0.02216822 0.01207281 0.01302086
v 0.02162946 0.01293560 0.01729103
v 0.02242170 0.01149713 0.01960170
v 0.02076197 0.01434673 0.01521477
v 0.01992157 0.01541900 0.01930607
v 0.02071088 0.01431353 0.02140477
v 0.01857624 0.01693755 0.02308450
v 0.01930646 0.01613775 0.02517585
v 0.02146161 0.01313970 0.02374038
v 0.01667066 0.01879839 0.02643391
v 0.01603608 0.01938189 0.02459037
v 0.01364667 0.02114800 0.02763043
v 0.01309314 0.02150689 0.02596872
v 0.01023194 0.02302984 0.02874755
v 0.01064978 0.02284234 0.03041581
v 0.00977942 0.02323443 0.02713251
v 0.00642908 0.02437359 0.02952929
v 0.00671137 0.02430132 0.03114126
v 0.00246790 0.02506939 0.03155410
v 0.00256653 0.02508355 0.03314180
v 0.00698609 0.02423443 0.03281613
v -0.00196478 0.02512310 0.03162737
v -0.00202349 0.02512408 0.03320036
v -0.00205682 0.02511578 0.03509507
v 0.00270081 0.02507623 0.03502531
v -0.00662677 0.02432867 0.03290783
v -0.00681756 0.02425591 0.03485262
v -0.00695489 0.02421539 0.03695532
v -0.00205658 0.02510699 0.03706616
v -0.01136468 0.02250543 0.03436449
v -0.01161584 0.02238384 0.03669793
v -0.00705865 0.02420025 0.03946701
v -0.01180493 0.02227935 0.03928047
v -0.01581085 0.01964068 0.03630181
v -0.01603949 0.01945318 0.03901136
v -0.01191217 0.02221441 0.04208028
v -0.01616497 0.01933697 0.04191217
v -0.01621752 0.01931255 0.04492515
v -0.01194818 0.02221050 0.04500021
v -0.01620221 0.01937017 0.04799141
v -0.01192926 0.02226714 0.04799141
v -0.01388281 0.01667828 0.04799141
v -0.01014770 0.01893707 0.04799141
v -0.00859814 0.01548638 0.04799141
v -0.01186016 0.01367681 0.04799141
v -0.00730517 0.01199615 0.04799141
v -0.01010791 0.01068707 0.04799141
v -0.00624462 0.00856548 0.04799141
v -0.00853686 0.00754498 0.04799141
v -0.00541693 0.00523589 0.04799141
v -0.00738800 0.00447613 0.04799141
v -0.00486779 0.00231500 0.04799141
v -0.00675750 0.00171099 0.04799141
v -0.00444189 -0.00044965 0.04799141
v -0.00647265 -0.00073969 0.04799141
v -0.00626959 -0.00336176 0.04799141
v -0.00405633 -0.00320795 0.04799141
v -0.00607586 -0.00621674 0.04799141
v -0.00361950 -0.00617377 0.04799141
v -0.00592388 -0.00933393 0.04799141
v -0.00316009 -0.00943207 0.04799141
v -0.00586987 -0.01286176 0.04799141
v -0.00266027 -0.01312495 0.04799141
v -0.00601245 -0.01647358 0.04799141
v -0.00229095 -0.01701508 0.04799141
v -0.00638018 -0.02039399 0.04799141
v -0.00204248 -0.02110346 0.04799141
v -0.00701556 -0.02426069 0.04799141
v -0.00201068 -0.02516889 0.04799141
v -0.00680426 -0.02427875 0.04506720
v -0.00179992 -0.02516205 0.04508149
v -0.00656317 -0.02432026 0.04221727
v -0.00159594 -0.02515815 0.04225527
v -0.00630499 -0.02440180 0.03956590
v -0.00140496 -0.02517963 0.03959358
v -0.00602453 -0.02445258 0.03713203
v -0.00122399 -0.02516254 0.03715112
v -0.00574963 -0.02452192 0.03505620
v -0.00106884 -0.02517719 0.03515366
v 0.00366462 -0.02492475 0.03497742
v -0.00092950 -0.02519086 0.03326949
v 0.00363880 -0.02494330 0.03307371
v 0.00806403 -0.02388373 0.03250272
v 0.00360053 -0.02494526 0.03150407
v 0.00786536 -0.02394721 0.03086612
v 0.00355353 -0.02495502 0.02986770
v 0.00764679 -0.02401069 0.02920018
v 0.00347901 -0.02498286 0.02831694
v 0.00738538 -0.02410297 0.02759774
v 0.00339167 -0.02501166 0.02678397
v 0.00709845 -0.02420014 0.02601697
v 0.01057142 -0.02289155 0.02478515
v 0.00680921 -0.02429487 0.02460551
v 0.01012085 -0.02310395 0.02334594
v 0.01324231 -0.02171186 0.02146275
v 0.01056897 -0.02467426 0.02288653
v 0.01382941 -0.02328998 0.02106408
v 0.01670356 -0.02154243 0.01885116
v 0.01440827 -0.02502045 0.02059967
v 0.01736829 -0.02339692 0.01819886
v 0.01914612 -0.01951215 0.01635463
v 0.01986268 -0.02153120 0.01542305
v 0.02184681 -0.01945600 0.01253700
v 0.02105591 -0.01728657 0.01384936
v 0.02255225 -0.01497944 0.01125384
v 0.02328498 -0.01724409 0.00960287
v 0.02365522 -0.01261664 0.00873408
v 0.02426111 -0.01499360 0.00681003
v 0.02451380 -0.01028412 0.00622283
v 0.02484436 -0.01263129 0.00412757
v 0.02513855 -0.01009125 0.00154846
v 0.02497132 -0.00785102 0.00369045
v 0.02517359 -0.00751118 -0.00092263
v 0.02518873 -0.00532661 0.00118244
v 0.02479090 -0.00567914 0.00575421
v 0.02510242 -0.00315912 0.00325607
v 0.02519349 -0.00275141 -0.00135441
v 0.02522254 -0.00057563 0.00069365
v 0.02519031 0.00156548 0.00273259
v 0.02519544 0.00199664 -0.00187821
v 0.02522254 0.00421636 0.00015780
v 0.02514417 0.00636578 0.00221289
v 0.02512134 0.00679400 -0.00237530
v 0.02521424 0.00911529 -0.00030541
v 0.02493250 0.00837066 0.00433307
v 0.02513843 0.01123296 0.00188984
v 0.02484949 0.01306597 0.00425522
v 0.02452027 0.01029205 0.00656348
v 0.02424463 0.01487798 0.00684802
v 0.02361188 0.01221490 0.00880847
v 0.02326477 0.01672076 0.00959906
v 0.02254700 0.01423345 0.01124399
v 0.02193152 0.01866802 0.01240909
v 0.02116199 0.01635992 0.01371701
v 0.01940638 0.01838726 0.01609419
v 0.01906287 0.01651129 0.01733791
v 0.02017402 0.02062213 0.01506056
v 0.01732929 0.02024468 0.01828433
v 0.01702704 0.01859039 0.01935751
v 0.01463221 0.02052838 0.02118919
v 0.01536445 0.01993463 0.02284919
v 0.01785535 0.01776324 0.02116375
v 0.01250263 0.02187457 0.02432955
v 0.01189240 0.02224175 0.02279753
v 0.00928968 0.02345562 0.02554759
v 0.00882892 0.02365630 0.02411010
v 0.00581092 0.02455132 0.02642697
v 0.00612989 0.02445269 0.02797235
v 0.00552167 0.02461675 0.02500586
v 0.00211573 0.02511920 0.02691416
v 0.00222925 0.02510406 0.02843232
v -0.00173925 0.02514898 0.02694603
v -0.00183209 0.02513677 0.02848295
v -0.00190399 0.02512505 0.03001567
v 0.00235175 0.02507623 0.02997420
v -0.00591027 0.02451031 0.02807590
v -0.00616857 0.02443804 0.02965108
v -0.00642492 0.02437505 0.03130195
v -0.01030181 0.02298101 0.02883345
v -0.01070416 0.02279205 0.03055049
v -0.01104565 0.02265240 0.03231510
v -0.01467083 0.02049078 0.02958133
v -0.01513116 0.02016461 0.03160969
v -0.01551013 0.01988677 0.03382265
v -0.01873162 0.01685552 0.03080199
v -0.01911248 0.01644097 0.03320577
v -0.01939117 0.01610992 0.03579924
v -0.02203875 0.01225347 0.03257756
v -0.02221826 0.01194488 0.03535433
v -0.01958703 0.01587701 0.03869905
v -0.02230224 0.01173150 0.03838502
v -0.01969451 0.01573150 0.04169626
v -0.02237298 0.01160308 0.04149648
v -0.02242138 0.01155230 0.04473275
v -0.01975262 0.01568170 0.04482950
v -0.02245568 0.01154546 0.04799141
v -0.01976092 0.01571734 0.04799141
v -0.01722839 0.01362457 0.04799141
v -0.01968444 0.00998345 0.04799141
v -0.01477014 0.01130767 0.04799141
v -0.01693432 0.00828961 0.04799141
v -0.01252764 0.00886675 0.04799141
v -0.01439971 0.00641900 0.04799141
v -0.01828833 0.00496490 0.04799141
v -0.01561694 0.00366461 0.04799141
v -0.01900964 0.00173638 0.04799141
v -0.01622009 0.00094537 0.04799141
v -0.01345941 0.00005035 0.04799141
v -0.01654199 -0.00176264 0.04799141
v -0.01371521 -0.00240717 0.04799141
v -0.01086846 -0.00061713 0.04799141
v -0.01107281 -0.00297944 0.04799141
v -0.00853057 -0.00085981 0.04799141
v -0.00859082 -0.00329731 0.04799141
v -0.01122680 -0.00547846 0.04799141
v -0.00863061 -0.00595795 0.04799141
v -0.01146691 -0.00819330 0.04799141
v -0.00871667 -0.00888129 0.04799141
v -0.01191442 -0.01107465 0.04799141
v -0.00891662 -0.01220844 0.04799141
v -0.01279205 -0.01397455 0.04799141
v -0.00951202 -0.01560151 0.04799141
v -0.01405572 -0.01696918 0.04799141
v -0.01042883 -0.01897407 0.04799141
v -0.01572241 -0.01976264 0.04799141
v -0.01163977 -0.02241450 0.04799141
v -0.01553155 -0.01989155 0.04498993
v -0.01143768 -0.02248920 0.04502801
v -0.01528131 -0.02004584 0.04205000
v -0.01118310 -0.02257758 0.04212939
v -0.01499041 -0.02027045 0.03928942
v -0.01090106 -0.02273530 0.03944358
v -0.01464508 -0.02052094 0.03669963
v -0.01056439 -0.02288715 0.03694461
v -0.01422094 -0.02080024 0.03426207
v -0.01019207 -0.02305366 0.03472546
v -0.01379083 -0.02111713 0.03225846
v -0.00981054 -0.02324653 0.03279841
v -0.00546038 -0.02461030 0.03314007
v -0.00941027 -0.02340620 0.03107828
v -0.00519067 -0.02466694 0.03158285
v -0.00081420 -0.02518793 0.03171993
v -0.00491693 -0.02471577 0.02996567
v -0.00068493 -0.02519135 0.03010181
v -0.00463354 -0.02478022 0.02843615
v -0.00057043 -0.02520991 0.02858210
v -0.00431976 -0.02484565 0.02692058
v -0.00047235 -0.02522748 0.02706215
v -0.00401342 -0.02490620 0.02544867
v -0.00036212 -0.02524311 0.02567915
v 0.00329377 -0.02503754 0.02540294
v -0.00028289 -0.02640864 0.02523517
v 0.00346479 -0.02631049 0.02498701
v 0.00710791 -0.02571918 0.02418589
v 0.00369239 -0.02790082 0.02493057
v 0.00747089 -0.02735541 0.02406688
v 0.01107496 -0.02637348 0.02264846
v 0.00780927 -0.02896821 0.02395320
v 0.01152344 -0.02803120 0.02242342
v 0.01492438 -0.02677289 0.02021493
v 0.01193262 -0.02978364 0.02220372
v 0.01542060 -0.02872748 0.01987059
v 0.01797840 -0.02532123 0.01756058
v 0.01856019 -0.02755414 0.01699198
v 0.02054871 -0.02371039 0.01450231
v 0.02119861 -0.02611176 0.01361421
v 0.02260975 -0.02186176 0.01111503
v 0.02324781 -0.02447016 0.00973644
v 0.02398005 -0.01978364 0.00766550
v 0.02476160 -0.01759809 0.00462292
v 0.02511536 -0.01499897 0.00184209
v 0.02519141 -0.01722504 -0.00069397
v 0.02518409 -0.01230952 -0.00073288
v 0.02499231 -0.01437836 -0.00320940
v 0.02501502 -0.00963764 -0.00314748
v 0.02460498 -0.01166547 -0.00552940
v 0.02477295 -0.00708442 -0.00550812
v 0.02506470 -0.00492084 -0.00340874
v 0.02487183 -0.00475434 -0.00793464
v 0.02511597 -0.00247553 -0.00594031
v 0.02521863 -0.00023188 -0.00392587
v 0.02521387 -0.00008735 -0.00856623
v 0.02514978 0.00219781 -0.00648038
v 0.02503150 0.00446539 -0.00440437
v 0.02487757 0.00458013 -0.00898131
v 0.02464759 0.00678130 -0.00689323
v 0.02482215 0.00920709 -0.00490819
v 0.02404981 0.00901129 -0.00931891
v 0.02421644 0.01133160 -0.00743923
v 0.02505335 0.01174420 -0.00287037
v 0.02459302 0.01400933 -0.00552491
v 0.02521058 0.01419000 -0.00067388
v 0.02496717 0.01688433 -0.00341485
v 0.02514576 0.01619732 0.00179964
v 0.02476014 0.01784722 0.00461675
v 0.02444288 0.02266265 0.00614550
v 0.02392188 0.01949078 0.00789508
v 0.02320368 0.02403228 0.00978806
v 0.02262189 0.02117925 0.01105624
v 0.02147284 0.02544634 0.01317648
v 0.02088672 0.02290826 0.01406182
v 0.01925379 0.02677300 0.01622116
v 0.01867310 0.02445806 0.01687342
v 0.01806507 0.02236773 0.01752336
v 0.01609009 0.02590045 0.01937756
v 0.01555823 0.02399761 0.01981899
v 0.01266443 0.02548541 0.02178250
v 0.01215534 0.02373589 0.02208758
v 0.01493445 0.02210455 0.02029656
v 0.00904920 0.02504546 0.02354907
v 0.00945087 0.02673980 0.02336243
v 0.00567725 0.02596295 0.02456374
v 0.00594642 0.02761529 0.02448946
v 0.00219666 0.02804254 0.02510551
v 0.00207367 0.02643072 0.02512168
v 0.00200562 0.02513433 0.02551484
v -0.00170184 0.02804351 0.02513704
v -0.00165496 0.02642095 0.02514743
v -0.00164685 0.02515728 0.02555512
v -0.00541485 0.02591851 0.02461625
v -0.00531738 0.02465582 0.02508360
v -0.00561468 0.02458892 0.02653265
v -0.00891992 0.02362554 0.02416895
v -0.00939392 0.02341021 0.02562058
v -0.00986023 0.02319683 0.02720777
v -0.01299780 0.02158941 0.02426510
v -0.01358776 0.02122857 0.02592582
v -0.01414910 0.02084673 0.02766655
v -0.01694262 0.01865142 0.02444309
v -0.01763098 0.01799273 0.02644519
v -0.01823254 0.01740533 0.02852558
v -0.02058557 0.01450494 0.02505152
v -0.02122570 0.01353668 0.02740228
v -0.02169989 0.01276568 0.02989896
v -0.02388061 0.00799615 0.02899058
v -0.02403204 0.00755523 0.03189384
v -0.02506543 0.00260211 0.03130684
v -0.02503747 0.00267486 0.03463694
v -0.02411340 0.00731500 0.03497781
v -0.02502130 0.00274468 0.03797467
v -0.02412170 0.00725347 0.03813311
v -0.02502270 0.00283746 0.04131070
v -0.02414715 0.00721392 0.04136467
v -0.02505352 0.00286187 0.04464999
v -0.02418438 0.00718414 0.04467083
v -0.02422442 0.00715533 0.04799141
v -0.02509094 0.00285015 0.04799141
v -0.02118396 0.00617242 0.04799141
v -0.02198376 0.00241168 0.04799141
v -0.02521044 -0.00119184 0.04799141
v -0.02233075 -0.00117963 0.04799141
v -0.01937451 -0.00129926 0.04799141
v -0.01942443 -0.00425434 0.04799141
v -0.01664172 -0.00431684 0.04799141
v -0.01384021 -0.00482807 0.04799141
v -0.02210595 -0.00453412 0.04799141
v -0.02124890 -0.00793305 0.04799141
v -0.02472961 -0.00514741 0.04799141
v -0.02360406 -0.00895014 0.04799141
v -0.01970385 -0.01118305 0.04799141
v -0.02177331 -0.01276801 0.04799141
v -0.01723883 -0.01434370 0.04799141
v -0.01563311 -0.01205805 0.04799141
v -0.01911383 -0.01649555 0.04799141
v -0.02163085 -0.01294965 0.04490081
v -0.01894122 -0.01665131 0.04496100
v -0.02144525 -0.01317670 0.04184455
v -0.01870983 -0.01684418 0.04195855
v -0.02121759 -0.01351411 0.03883068
v -0.01844335 -0.01712495 0.03912365
v -0.02097216 -0.01396967 0.03603247
v -0.01813476 -0.01750971 0.03640152
v -0.02063031 -0.01446430 0.03342834
v -0.01774139 -0.01791303 0.03388102
v -0.02020111 -0.01504780 0.03094923
v -0.01729418 -0.01833100 0.03164848
v -0.01973638 -0.01566645 0.02869857
v -0.01678570 -0.01881049 0.02954999
v -0.01332476 -0.02141059 0.03036949
v -0.01622882 -0.01924213 0.02760522
v -0.01280975 -0.02172211 0.02856808
v -0.00899853 -0.02355121 0.02944405
v -0.01228210 -0.02203120 0.02696176
v -0.00856176 -0.02371625 0.02788385
v -0.01171038 -0.02236811 0.02537470
v -0.00810717 -0.02387934 0.02635691
v -0.01107049 -0.02268598 0.02378300
v -0.00760736 -0.02404682 0.02483065
v -0.01088732 -0.02361664 0.02274531
v -0.00754010 -0.02508637 0.02405558
v -0.00397949 -0.02600043 0.02489837
v -0.00781378 -0.02675092 0.02396067
v -0.00407244 -0.02766889 0.02487543
v -0.00019592 -0.02801606 0.02522678
v -0.00412408 -0.02925532 0.02485785
v -0.00009936 -0.02958637 0.02521467
v 0.00390735 -0.02946821 0.02488124
v -0.00000457 -0.03122455 0.02521030
v 0.00412684 -0.03109614 0.02483181
v 0.00810486 -0.03059516 0.02385369
v 0.00432569 -0.03272358 0.02480419
v 0.00838477 -0.03230366 0.02376101
v 0.01228882 -0.03164155 0.02200066
v 0.00865278 -0.03428071 0.02364667
v 0.01259333 -0.03376313 0.02180008
v 0.01587879 -0.03082709 0.01955871
v 0.01623829 -0.03306830 0.01924665
v 0.01907117 -0.02987739 0.01646027
v 0.01944715 -0.03233149 0.01602680
v 0.02171827 -0.02866791 0.01278905
v 0.02207813 -0.03142084 0.01216658
v 0.02398352 -0.03037153 0.00771148
v 0.02228876 -0.03437202 0.01175830
v 0.02409510 -0.03368891 0.00736900
v 0.02412159 -0.03710883 0.00721939
v 0.02500428 -0.03682172 0.00271685
v 0.02503406 -0.03318110 0.00265535
v 0.02511585 -0.03702778 -0.00162021
v 0.02509449 -0.03352778 -0.00202284
v 0.02429187 -0.03427094 -0.00661821
v 0.02505201 -0.03004194 -0.00265704
v 0.02442469 -0.03755170 -0.00612619
v 0.02291773 -0.03801850 -0.01046682
v 0.02514515 -0.04069672 -0.00140509
v 0.02451978 -0.04098041 -0.00576738
v 0.02310157 -0.04127289 -0.01005111
v 0.02087415 -0.04152289 -0.01413221
v 0.02327186 -0.04462250 -0.00973669
v 0.02110370 -0.04473627 -0.01381051
v 0.01801502 -0.04484321 -0.01765216
v 0.02129908 -0.04800434 -0.01354491
v 0.01825098 -0.04800434 -0.01743896
v 0.01411634 -0.04800434 -0.02094997
v 0.01222767 -0.04800434 -0.01699688
v 0.01389368 -0.04494868 -0.02105303
v 0.00884064 -0.04503120 -0.02360826
v 0.01364203 -0.04197065 -0.02120038
v 0.01774079 -0.04174750 -0.01791364
v 0.00900007 -0.04800434 -0.02358560
v 0.00313929 -0.04800434 -0.02505090
v 0.00781989 -0.04800434 -0.01919073
v 0.00285071 -0.04800434 -0.02034111
v -0.00227429 -0.04800434 -0.02021589
v 0.00294098 -0.04800434 -0.01580965
v -0.00131860 -0.04800434 -0.01561216
v -0.00543249 -0.04800434 -0.01440927
v -0.00013934 -0.04800434 -0.01116362
v -0.00365368 -0.04800434 -0.01004358
v -0.00693408 -0.04800434 -0.00817631
v -0.00920324 -0.04800434 -0.01230452
v -0.00202386 -0.04800434 -0.00612388
v -0.00492535 -0.04800434 -0.00456842
v -0.00755493 -0.04800434 -0.00228880
v -0.00964727 -0.04800434 -0.00572299
v -0.00039636 -0.04800434 -0.00273686
v -0.00315637 -0.04800434 -0.00126239
v -0.00576178 -0.04800434 0.00071720
v -0.00825244 -0.04800434 0.00297031
v -0.00990686 -0.04800434 0.00027182
v -0.00159179 -0.04800434 0.00150683
v -0.00412329 -0.04800434 0.00325936
v -0.00659582 -0.04800434 0.00551166
v -0.00926306 -0.04800434 0.00809684
v -0.01091998 -0.04800434 0.00559018
v -0.00471130 -0.04800434 0.00782462
v -0.00714959 -0.04800434 0.01045147
v -0.00986242 -0.04800434 0.01337872
v -0.01224865 -0.04800434 0.01091449
v -0.00469458 -0.04800434 0.01246457
v -0.00696557 -0.04800434 0.01548214
v -0.00938525 -0.04800434 0.01871940
v -0.00374401 -0.04800434 0.01704366
v -0.00560064 -0.04800434 0.02039587
v -0.00754773 -0.04800434 0.02409208
v -0.00173413 -0.04800434 0.02139016
v -0.00296484 -0.04800434 0.02506127
v -0.00336584 -0.04490620 0.02497512
v 0.00150769 -0.04800434 0.02518023
v 0.00115082 -0.04493500 0.02518039
v 0.00084479 -0.04197260 0.02518270
v 0.00525281 -0.04491743 0.02465413
v 0.00507727 -0.04193256 0.02466363
v 0.00491205 -0.03918500 0.02471927
v 0.00901166 -0.04487006 0.02352362
v 0.00906311 -0.04181684 0.02346923
v 0.00901606 -0.03901948 0.02351758
v 0.00885505 -0.03644575 0.02356542
v 0.01298859 -0.04167133 0.02156883
v 0.01298963 -0.03877192 0.02159916
v 0.01283387 -0.03609028 0.02166837
v 0.01667395 -0.03848774 0.01888932
v 0.01651654 -0.03567377 0.01901274
v 0.01984107 -0.03814106 0.01545909
v 0.01970905 -0.03511079 0.01569242
v 0.01988788 -0.04132368 0.01539231
v 0.02241095 -0.04100922 0.01144244
v 0.02236506 -0.03763422 0.01152330
v 0.02239881 -0.04449506 0.01152979
v 0.02412696 -0.04435004 0.00730542
v 0.02413575 -0.04068500 0.00718360
v 0.02503406 -0.04430317 0.00296297
v 0.02501380 -0.04057416 0.00284107
v 0.02517078 -0.04434516 -0.00130584
v 0.02458899 -0.04447309 -0.00557811
v 0.02519556 -0.04800434 -0.00126971
v 0.02463782 -0.04800434 -0.00547334
v 0.02339954 -0.04800434 -0.00949456
v 0.02079822 -0.04800434 -0.00103071
v 0.02030341 -0.04800434 -0.00462443
v 0.01941163 -0.04800434 -0.00798707
v 0.01611243 -0.04800434 -0.00405726
v 0.01537330 -0.04800434 -0.00697783
v 0.01217859 -0.04800434 -0.00390205
v 0.01151154 -0.04800434 -0.00687915
v 0.00793372 -0.04800434 -0.00719792
v 0.00863648 -0.04800434 -0.00400075
v 0.00546412 -0.04800434 -0.00399984
v 0.00924415 -0.04800434 -0.00086248
v 0.00629041 -0.04800434 -0.00079071
v 0.00358997 -0.04800434 -0.00045176
v 0.00683216 -0.04800434 0.00239110
v 0.00442835 -0.04800434 0.00256483
v 0.00687049 -0.04800434 0.00565378
v 0.00456360 -0.04800434 0.00570980
v 0.00624634 -0.04800434 0.00877608
v 0.00378656 -0.04800434 0.00865664
v 0.00520343 -0.04800434 0.01188890
v 0.00264307 -0.04800434 0.01156182
v 0.00013501 -0.04800434 0.01090182
v -0.00178942 -0.04800434 0.01387758
v -0.00242895 -0.04800434 0.00969394
v 0.00112641 -0.04800434 0.01470584
v -0.00037799 -0.04800434 0.01799601
v 0.00394977 -0.04800434 0.01512708
v 0.00279615 -0.04800434 0.01847815
v 0.00198169 -0.04800434 0.02175515
v 0.00565625 -0.04800434 0.01871466
v 0.00531287 -0.04800434 0.02169481
v 0.00542640 -0.04800434 0.02464305
v 0.00797492 -0.04800434 0.02134871
v 0.00884095 -0.04800434 0.02362535
v 0.01250623 -0.04800434 0.02191022
v 0.01283594 -0.04479047 0.02170230
v 0.01638257 -0.04800434 0.01919255
v 0.01660578 -0.04472016 0.01897469
v 0.01973389 -0.04800434 0.01573391
v 0.01985340 -0.04463520 0.01551070
v 0.01669165 -0.04151166 0.01883676
v 0.01682196 -0.04800434 0.01400902
v 0.01885914 -0.04800434 0.01033484
v 0.02235340 -0.04800434 0.01173344
v 0.02412146 -0.04800434 0.00745977
v 0.02017872 -0.04800434 0.00652244
v 0.02079566 -0.04800434 0.00271416
v 0.01635370 -0.04800434 0.00595330
v 0.01667084 -0.04800434 0.00250158
v 0.01656684 -0.04800434 -0.00085579
v 0.01283960 -0.04800434 0.00241374
v 0.01265210 -0.04800434 0.00570076
v 0.00957563 -0.04800434 0.00236110
v 0.01266718 -0.04800434 -0.00082641
v 0.00946857 -0.04800434 0.00563846
v 0.01201807 -0.04800434 0.00899198
v 0.00889856 -0.04800434 0.00885082
v 0.01088282 -0.04800434 0.01224926
v 0.00791517 -0.04800434 0.01203913
v 0.00669733 -0.04800434 0.01532165
v 0.01394996 -0.04800434 0.01283863
v 0.01546607 -0.04800434 0.00943526
v 0.01411310 -0.04800434 0.01735227
v 0.02504810 -0.04800434 0.00305967
v 0.00101868 -0.04800434 0.00018730
v 0.00244959 -0.04800434 -0.00361287
v 0.00121387 -0.04800434 -0.00711344
v 0.00449732 -0.04800434 -0.00746248
v 0.00359607 -0.04800434 -0.01139048
v 0.00729834 -0.04800434 -0.01076799
v 0.00718519 -0.04800434 -0.01488820
v 0.00471943 -0.03665571 0.02475276
v 0.00452253 -0.03462153 0.02478339
v 0.00040619 -0.03670405 0.02519136
v 0.00060779 -0.03922797 0.02520280
v 0.00024878 -0.03472309 0.02520511
v -0.00406793 -0.03651996 0.02483947
v -0.00392150 -0.03910004 0.02488163
v -0.00841998 -0.03879682 0.02374427
v -0.00822857 -0.04172309 0.02380666
v -0.00368951 -0.04190571 0.02491369
v -0.01256091 -0.04143354 0.02184304
v -0.01229541 -0.04468696 0.02199990
v -0.00792895 -0.04481879 0.02391458
v -0.01624987 -0.04451362 0.01927278
v -0.01592602 -0.04800434 0.01959897
v -0.01193298 -0.04800434 0.02226049
v -0.01930944 -0.04800434 0.01626635
v -0.01566070 -0.04800434 0.01366262
v -0.01275939 -0.04800434 0.01643285
v -0.01799768 -0.04800434 0.01055918
v -0.01421130 -0.04800434 0.00825914
v -0.01558642 -0.04800434 0.00551785
v -0.01228686 -0.04800434 0.00301596
v -0.01184533 -0.04800434 -0.00263339
v -0.01463549 -0.04800434 -0.00608511
v -0.01235931 -0.04800434 -0.00943348
v -0.01819909 -0.04800434 -0.00919818
v -0.01540307 -0.04800434 -0.01316265
v -0.01168328 -0.04800434 -0.01647093
v -0.01880523 -0.04800434 -0.01683972
v -0.01435668 -0.04800434 -0.02078007
v -0.00722192 -0.04800434 -0.01887731
v -0.00898547 -0.04800434 -0.02359485
v -0.01422613 -0.04490180 -0.02085283
v -0.00891265 -0.04499799 -0.02358684
v -0.00300933 -0.04800434 -0.02507184
v -0.00300933 -0.04507416 -0.02504764
v -0.00876837 -0.04207172 -0.02360504
v -0.00296875 -0.04222260 -0.02502984
v 0.00299469 -0.04224262 -0.02502034
v 0.00307373 -0.04508491 -0.02503359
v 0.00291834 -0.03958442 -0.02503679
v 0.00845136 -0.03940034 -0.02374874
v 0.00865717 -0.04213959 -0.02366682
v 0.00821570 -0.03687641 -0.02380687
v 0.01302253 -0.03646137 -0.02159573
v 0.01335419 -0.03911371 -0.02139617
v 0.01705280 -0.03595942 -0.01858043
v 0.01741687 -0.03875922 -0.01823380
v 0.02027277 -0.03539985 -0.01500074
v 0.02059491 -0.03839155 -0.01453339
v 0.01987708 -0.03264448 -0.01551028
v 0.02237494 -0.03193061 -0.01158178
v 0.02268946 -0.03485444 -0.01098504
v 0.02195685 -0.02914155 -0.01236564
v 0.02377015 -0.02805317 -0.00828702
v 0.02410950 -0.03111274 -0.00732069
v 0.02331971 -0.02524409 -0.00954354
v 0.02460364 -0.02388227 -0.00545626
v 0.02141822 -0.02654780 -0.01326827
v 0.02274469 -0.02253559 -0.01082454
v 0.02412891 -0.02089057 -0.00729223
v 0.02351246 -0.01817963 -0.00902594
v 0.02447205 -0.01628315 -0.00596884
v 0.02491700 -0.01916938 -0.00373181
v 0.02390198 -0.01367866 -0.00805786
v 0.02279346 -0.01576557 -0.01069263
v 0.02323212 -0.01137006 -0.00986364
v 0.02413477 -0.00919868 -0.00762973
v 0.02207349 -0.01358100 -0.01223005
v 0.02224964 -0.01187543 -0.01410844
v 0.02338990 -0.00940473 -0.01196299
v 0.02426685 -0.00703950 -0.00991693
v 0.02402674 -0.00754291 -0.01436770
v 0.02473670 -0.00491401 -0.01245498
v 0.02509119 -0.00241889 -0.01054656
v 0.02505933 -0.00263715 -0.01520818
v 0.02519654 -0.00002241 -0.01326333
v 0.02509534 0.00232916 -0.01115552
v 0.02508582 0.00246295 -0.01598354
v 0.02474439 0.00481890 -0.01366845
v 0.02438086 0.00696050 -0.01139900
v 0.02406641 0.00744146 -0.01598921
v 0.02340674 0.00933550 -0.01368527
v 0.02268415 0.01103082 -0.01164437
v 0.02318946 0.01329009 -0.00994080
v 0.02220398 0.01193023 -0.01593837
v 0.02137030 0.01339996 -0.01399885
v 0.02188685 0.01545123 -0.01252457
v 0.02257984 0.01783990 -0.01117206
v 0.02380756 0.01585894 -0.00827201
v 0.01968195 0.01579449 -0.01634282
v 0.02019147 0.01778716 -0.01508606
v 0.02088746 0.01994634 -0.01407741
v 0.02149518 0.02226324 -0.01308937
v 0.02319568 0.02044439 -0.00976609
v 0.01803388 0.01996246 -0.01762128
v 0.01868201 0.02201714 -0.01686780
v 0.01924445 0.02406695 -0.01619887
v 0.01979700 0.02643365 -0.01557171
v 0.02206147 0.02488970 -0.01219975
v 0.01598700 0.02386627 -0.01943985
v 0.01646888 0.02572759 -0.01898844
v 0.01695588 0.02782769 -0.01857308
v 0.01738721 0.03006451 -0.01824345
v 0.02022797 0.02893414 -0.01501942
v 0.01319495 0.02723199 -0.02145185
v 0.01357410 0.02907671 -0.02122425
v 0.01393116 0.03108062 -0.02102062
v 0.01424012 0.03328570 -0.02079118
v 0.01773005 0.03245269 -0.01792184
v 0.00963581 0.03021734 -0.02327563
v 0.00989234 0.03198394 -0.02319605
v 0.01013630 0.03398736 -0.02310468
v 0.01034467 0.03626080 -0.02299988
v 0.01450110 0.03576568 -0.02061019
v 0.00533979 0.03270220 -0.02463739
v 0.00546180 0.03458453 -0.02460850
v 0.00556244 0.03662603 -0.02457429
v 0.00567542 0.03915240 -0.02458918
v 0.01052039 0.03885552 -0.02291224
v 0.00038471 0.03487750 -0.02521704
v 0.00036823 0.03687164 -0.02521755
v 0.00035590 0.03934136 -0.02523107
v 0.00034998 0.04204449 -0.02520090
v 0.00576832 0.04193365 -0.02454579
v -0.00496337 0.03688775 -0.02469899
v -0.00510754 0.03936334 -0.02470141
v -0.00521545 0.04208306 -0.02466548
v -0.00527771 0.04498052 -0.02465972
v 0.00036225 0.04496295 -0.02521883
v -0.01032830 0.03923736 -0.02298223
v -0.01052276 0.04202105 -0.02288515
v -0.01065496 0.04495562 -0.02285122
v -0.01070843 0.04799566 -0.02285916
v -0.00530084 0.04799566 -0.02469448
v -0.01524810 0.04189410 -0.02007350
v -0.01540985 0.04491607 -0.01996659
v -0.01550073 0.04799566 -0.01993161
v -0.01267474 0.04799566 -0.01593484
v -0.00863140 0.04799566 -0.01846174
v -0.01934655 0.04483209 -0.01619799
v -0.01948700 0.04799566 -0.01608760
v -0.01606384 0.04799566 -0.01271908
v -0.01295105 0.04799566 -0.00931327
v -0.01000097 0.04799566 -0.01208805
v -0.02249005 0.04799566 -0.01148552
v -0.01867956 0.04799566 -0.00891417
v -0.01523803 0.04799566 -0.00603209
v -0.01244909 0.04799566 -0.00289232
v -0.01017932 0.04799566 -0.00578378
v -0.02037744 0.04799566 -0.00466514
v -0.00791534 0.04799566 -0.00252225
v -0.00523828 0.04799566 -0.00467981
v -0.00750708 0.04799566 -0.00825247
v -0.01041564 0.04799566 -0.00004085
v -0.00863855 0.04799566 0.00261524
v -0.00600878 0.04799566 0.00040949
v -0.01295996 0.04799566 0.00260762
v -0.01150036 0.04799566 0.00503894
v -0.00990625 0.04799566 0.00752723
v -0.00692132 0.04799566 0.00515464
v -0.01617443 0.04799566 0.00495256
v -0.01487939 0.04799566 0.00751818
v -0.01320599 0.04799566 0.01007057
v -0.01106982 0.04799566 0.01251271
v -0.01677960 0.04799566 0.01252692
v -0.01427490 0.04799566 0.01532351
v -0.01138012 0.04799566 0.01773374
v -0.01755798 0.04799566 0.01813738
v -0.01405871 0.04799566 0.02098389
v -0.01002941 0.04799566 0.02316314
v -0.01427417 0.04475396 0.02077633
v -0.01024462 0.04484478 0.02302474
v -0.00581848 0.04490289 0.02452250
v -0.01040124 0.04176763 0.02293738
v -0.00599603 0.04193511 0.02447097
v -0.00141992 0.04201324 0.02515554
v -0.00610870 0.03914654 0.02446386
v -0.00156256 0.03929009 0.02514899
v 0.00294550 0.03927935 0.02503762
v -0.00165106 0.03681402 0.02513033
v 0.00279059 0.03679546 0.02503518
v 0.00701673 0.03662115 0.02416858
v 0.00266181 0.03477300 0.02505371
v 0.00682435 0.03449566 0.02423761
v 0.01072577 0.03401812 0.02278188
v 0.00661756 0.03254400 0.02430130
v 0.01043995 0.03195464 0.02292430
v 0.01392341 0.03112701 0.02100408
v 0.01427753 0.03341216 0.02076580
v 0.00642041 0.03089410 0.02434743
v 0.01015033 0.03017046 0.02304732
v 0.01353425 0.02913140 0.02124369
v 0.01659394 0.02799517 0.01895506
v 0.01704511 0.03022711 0.01856700
v 0.00981849 0.02842877 0.02318955
v 0.01311554 0.02724127 0.02149962
v 0.00619123 0.02923834 0.02441236
v 0.00241565 0.03124566 0.02506407
v 0.00230787 0.02963482 0.02508125
v -0.00173968 0.03122222 0.02512107
v -0.00172790 0.02963775 0.02512774
v -0.00592230 0.03083013 0.02448716
v -0.00578845 0.02919732 0.02451917
v -0.00562408 0.02757232 0.02456439
v -0.00973114 0.02830425 0.02322902
v -0.00943432 0.02661187 0.02336389
v -0.00907354 0.02493707 0.02354104
v -0.01300097 0.02522369 0.02157095
v -0.01251660 0.02343560 0.02185330
v -0.01235583 0.02198541 0.02267987
v -0.01558258 0.02149175 0.01980672
v -0.01540649 0.01997711 0.02078810
v -0.01622351 0.01930230 0.02259820
v -0.01811529 0.01756890 0.01873660
v -0.01898352 0.01655279 0.02074239
v -0.01980658 0.01554791 0.02279977
v -0.02124206 0.01354595 0.01862439
v -0.02211224 0.01205865 0.02087654
v -0.02292315 0.01043902 0.02337925
v -0.02374316 0.00836431 0.01875316
v -0.02289856 0.01045611 0.01638496
v -0.02408819 0.00749908 0.01415271
v -0.02471606 0.00501275 0.01669608
v -0.02477575 0.00474468 0.01195716
v -0.02514398 0.00217632 0.01439826
v -0.02521276 -0.00068403 0.01666808
v -0.02521820 -0.00041254 0.01183822
v -0.02502606 -0.00316059 0.01387608
v -0.02491119 -0.00379389 0.01846424
v -0.02446136 -0.00603364 0.01569070
v -0.02412506 -0.00729731 0.02006378
v -0.02461120 -0.00546430 0.02292572
v -0.02350189 -0.00911762 0.01748201
v -0.02284155 -0.01068207 0.02161792
v -0.02342315 -0.00936518 0.02414021
v -0.02385449 -0.00812543 0.02679397
v -0.02156951 -0.01304243 0.02535176
v -0.02211456 -0.01215034 0.02774642
v -0.02253277 -0.01136713 0.03014905
v -0.01917797 -0.01631684 0.02656053
v -0.02095446 -0.01396821 0.02308019
v -0.01850408 -0.01702485 0.02448471
v -0.01562573 -0.01972993 0.02579854
v -0.01785534 -0.01775580 0.02260386
v -0.01499078 -0.02024164 0.02408952
v -0.01712805 -0.01847797 0.02076017
v -0.01430926 -0.02077582 0.02239460
v -0.01653204 -0.01952875 0.01905214
v -0.01394397 -0.02172016 0.02104848
v -0.01725219 -0.02141254 0.01834109
v -0.01450238 -0.02346381 0.02062873
v -0.01134222 -0.02530952 0.02251360
v -0.01505377 -0.02534614 0.02020340
v -0.01172180 -0.02703705 0.02230616
v -0.00804327 -0.02841596 0.02387964
v -0.01205560 -0.02886909 0.02211418
v -0.00824017 -0.03014204 0.02380618
v -0.00417291 -0.03093110 0.02484111
v -0.00836932 -0.03188129 0.02376625
v -0.00416040 -0.03257954 0.02485775
v 0.00011445 -0.03281879 0.02521070
v -0.00413763 -0.03449848 0.02485200
v -0.00848852 -0.03393207 0.02371041
v -0.01257092 -0.03304145 0.02182940
v -0.01270306 -0.03550043 0.02177049
v -0.00849517 -0.03609223 0.02368544
v -0.01650891 -0.03472993 0.01905558
v -0.01657098 -0.03773774 0.01899623
v -0.01269909 -0.03834516 0.02177786
v -0.01989691 -0.03708051 0.01548059
v -0.01979931 -0.04064301 0.01559333
v -0.01647662 -0.04105366 0.01906442
v -0.02241027 -0.04025043 0.01152239
v -0.02223382 -0.04412983 0.01191305
v -0.01960028 -0.04431391 0.01586747
v -0.02406060 -0.04402436 0.00756277
v -0.02389843 -0.04800434 0.00811435
v -0.02198846 -0.04800434 0.01239628
v -0.02499896 -0.04800434 0.00346612
v -0.01968652 -0.04800434 0.00713930
v -0.02503393 -0.04406733 0.00294802
v -0.02519293 -0.04800434 -0.00155181
v -0.02511999 -0.04425532 -0.00202846
v -0.02431427 -0.04800434 -0.00680973
v -0.01996142 -0.04800434 -0.00479253
v -0.02416449 -0.04446967 -0.00723489
v -0.02219781 -0.04800434 -0.01206415
v -0.02199035 -0.04467670 -0.01234505
v -0.01863324 -0.04480903 -0.01700102
v -0.02172216 -0.04139838 -0.01272567
v -0.01836431 -0.04167914 -0.01722215
v -0.01402148 -0.04187836 -0.02097103
v -0.01804248 -0.03871674 -0.01758011
v -0.01372564 -0.03907465 -0.02116970
v -0.00857696 -0.03938325 -0.02369860
v -0.01335015 -0.03645698 -0.02139028
v -0.00832556 -0.03689985 -0.02377537
v -0.00290399 -0.03957954 -0.02504215
v -0.00281103 -0.03714057 -0.02503597
v -0.00804663 -0.03477387 -0.02387443
v -0.00270831 -0.03516157 -0.02505985
v 0.00283368 -0.03712983 -0.02502992
v 0.00274848 -0.03515473 -0.02505319
v -0.00260241 -0.03329291 -0.02507375
v 0.00266407 -0.03326459 -0.02506734
v 0.00770319 -0.03282221 -0.02401214
v 0.00796338 -0.03475190 -0.02390129
v 0.01224292 -0.03205121 -0.02203268
v 0.01263971 -0.03411762 -0.02180644
v 0.01616431 -0.03112153 -0.01935807
v 0.01662781 -0.03342231 -0.01896189
v 0.01563794 -0.02905414 -0.01976527
v 0.01884650 -0.02780024 -0.01671720
v 0.01941230 -0.03017084 -0.01608180
v 0.01826227 -0.02568940 -0.01733409
v 0.02079639 -0.02415082 -0.01420509
v 0.01510401 -0.02712250 -0.02017381
v 0.01761145 -0.02375825 -0.01801072
v 0.02009052 -0.02200239 -0.01516057
v 0.01936811 -0.02003217 -0.01611240
v 0.02133783 -0.01789643 -0.01340288
v 0.02207740 -0.02009028 -0.01211997
v 0.02053699 -0.01593207 -0.01464962
v 0.01859766 -0.01813032 -0.01702985
v 0.02070789 -0.01440131 -0.01636178
v 0.01881086 -0.01677192 -0.01860458
v 0.02148346 -0.01316450 -0.01847727
v 0.02298346 -0.01029389 -0.01636367
v 0.02216004 -0.01193696 -0.02068947
v 0.02362763 -0.00869184 -0.01878486
v 0.02457129 -0.00550385 -0.01701492
v 0.02416846 -0.00704340 -0.02157632
v 0.02498475 -0.00324164 -0.01985398
v 0.02520130 -0.00012934 -0.01802401
v 0.02461329 0.00527203 -0.01858664
v 0.02372937 0.00841558 -0.02059313
v 0.02297297 0.01030132 -0.01811026
v 0.02217762 0.01196148 -0.02245676
v 0.02139576 0.01326861 -0.02019597
v 0.02056788 0.01454302 -0.01816431
v 0.01917994 0.01630425 -0.02216917
v 0.01837726 0.01724468 -0.02028750
v 0.01756592 0.01811285 -0.01858710
v 0.01571839 0.01971783 -0.02224687
v 0.01495813 0.02030328 -0.02067760
v 0.01541480 0.02199420 -0.01992700
v 0.01195765 0.02221490 -0.02256051
v 0.01232294 0.02381793 -0.02199276
v 0.01279084 0.02554107 -0.02171382
v 0.00873127 0.02528130 -0.02366955
v 0.00908393 0.02691705 -0.02351383
v 0.00937250 0.02855328 -0.02338795
v 0.00494696 0.02790582 -0.02471775
v 0.00508136 0.02947125 -0.02468165
v 0.00521961 0.03108355 -0.02465329
v 0.00045429 0.02988824 -0.02520899
v 0.00044001 0.03146392 -0.02520813
v 0.00041413 0.03302691 -0.02521223
v -0.00446490 0.03135601 -0.02480494
v -0.00463787 0.03295953 -0.02477843
v -0.00481451 0.03484478 -0.02473197
v -0.00950103 0.03248638 -0.02335444
v -0.00981176 0.03446099 -0.02321482
v -0.01009216 0.03669293 -0.02309038
v -0.01432012 0.03390630 -0.02075924
v -0.01469616 0.03633697 -0.02050228
v -0.01500451 0.03900152 -0.02027429
v -0.01855395 0.03586089 -0.01708866
v -0.01889447 0.03869976 -0.01670772
v -0.01915301 0.04170953 -0.01639456
v -0.02188061 0.03838433 -0.01250433
v -0.02213665 0.04151031 -0.01207066
v -0.02232934 0.04472515 -0.01173913
v -0.02410351 0.04119781 -0.00737145
v -0.02426446 0.04455963 -0.00693036
v -0.02438391 0.04799566 -0.00653193
v -0.02512878 0.04435699 -0.00212292
v -0.02518908 0.04799566 -0.00163076
v -0.02509741 0.04424175 0.00239985
v -0.02507208 0.04799566 0.00297344
v -0.02434582 0.04429546 0.00655413
v -0.02422943 0.04799566 0.00713144
v -0.02005285 0.04799566 0.00638195
v -0.01869256 0.04799566 0.00952275
v -0.02269763 0.04799566 0.01102943
v -0.02048474 0.04799566 0.01473670
v -0.02288708 0.04443609 0.01054621
v -0.02068621 0.04457525 0.01440925
v -0.01779589 0.04466363 0.01788630
v -0.02083905 0.04116656 0.01412978
v -0.01794268 0.04135308 0.01766340
v -0.01442474 0.04156548 0.02062853
v -0.01801178 0.03826226 0.01759942
v -0.01449572 0.03858648 0.02061548
v -0.01047991 0.03889214 0.02291743
v -0.01445611 0.03580523 0.02063491
v -0.01047296 0.03625347 0.02293624
v -0.00614325 0.03660943 0.02442817
v -0.01037664 0.03392779 0.02298619
v -0.00611132 0.03451714 0.02444183
v -0.00169928 0.03480425 0.02512619
v -0.00602679 0.03254009 0.02446712
v -0.00172705 0.03290142 0.02512371
v 0.00252582 0.03288433 0.02506858
v -0.01020202 0.03186822 0.02304638
v -0.00997747 0.03003277 0.02312406
v -0.01410180 0.03100005 0.02089708
v -0.01377508 0.02891314 0.02108123
v -0.01341326 0.02701617 0.02129850
v -0.01717974 0.02766168 0.01836355
v -0.01670050 0.02546392 0.01877309
v -0.01620343 0.02347857 0.01924261
v -0.01955645 0.02367584 0.01582238
v -0.01893951 0.02144879 0.01659063
v -0.01824218 0.01927154 0.01741429
v -0.02115539 0.01915972 0.01366057
v -0.02035070 0.01683648 0.01488032
v -0.02031750 0.01493658 0.01655122
v -0.02199578 0.01428570 0.01236882
v -0.02204071 0.01226373 0.01419172
v -0.02320764 0.01180474 0.00991224
v -0.02333117 0.00960992 0.01189569
v -0.02411969 0.00931646 0.00749299
v -0.02432116 0.00706646 0.00963344
v -0.02483776 0.00684332 0.00515841
v -0.02489233 0.00450689 0.00733927
v -0.02515777 0.00212213 0.00961554
v -0.02518096 0.00201421 0.00498323
v -0.02520825 -0.00037006 0.00719227
v -0.02505902 -0.00284223 0.00931237
v -0.02511901 -0.00276118 0.00477245
v -0.02482403 -0.00515473 0.00689509
v -0.02462622 -0.00544428 0.01129322
v -0.02418158 -0.00754633 0.00893332
v -0.02388525 -0.00811909 0.01320104
v -0.02319708 -0.00997700 0.01094216
v -0.02280438 -0.01078510 0.01511165
v -0.02202374 -0.01237104 0.01295740
v -0.02133978 -0.01345112 0.01703387
v -0.02211871 -0.01208637 0.01923749
v -0.02048565 -0.01475336 0.01499482
v -0.01945605 -0.01605073 0.01887950
v -0.02023590 -0.01498090 0.02098494
v -0.01868988 -0.01725678 0.01694335
v -0.02126916 -0.01687690 0.01353708
v -0.01948162 -0.01929291 0.01599874
v -0.02211358 -0.01910395 0.01205506
v -0.02029388 -0.02142621 0.01489096
v -0.01792523 -0.02344672 0.01769305
v -0.01858410 -0.02569868 0.01698162
v -0.01552465 -0.02736127 0.01984439
v -0.01914532 -0.02806196 0.01637643
v -0.01595257 -0.02952973 0.01951750
v -0.01959643 -0.03077045 0.01584345
v -0.01631091 -0.03201411 0.01922583
v -0.01234869 -0.03086225 0.02196863
v -0.02182293 -0.02637299 0.01259900
v -0.02256494 -0.03274555 0.01120954
v -0.01984100 -0.03376899 0.01555687
v -0.02111505 -0.02380512 0.01371611
v -0.02298638 -0.02157563 0.01028286
v -0.02334942 -0.01680414 0.00945359
v -0.02411547 -0.01943793 0.00733310
v -0.02422161 -0.01453461 0.00704545
v -0.02476495 -0.01705854 0.00475424
v -0.02514306 -0.01926850 0.00219770
v -0.02512341 -0.01446723 0.00237053
v -0.02522406 -0.01666498 -0.00021746
v -0.02521600 -0.02135493 -0.00082866
v -0.02502398 -0.01868500 -0.00313659
v -0.02478741 -0.02322260 -0.00453766
v -0.02508026 -0.02610932 -0.00250250
v -0.02438006 -0.02048676 -0.00643840
v -0.02372882 -0.02478657 -0.00851030
v -0.02421063 -0.02748627 -0.00702129
v -0.02254071 -0.02883637 -0.01135772
v -0.02303778 -0.03156293 -0.01029187
v -0.02457098 -0.03050434 -0.00556228
v -0.02342596 -0.03447895 -0.00932035
v -0.02479351 -0.03360200 -0.00435446
v -0.02372601 -0.03762495 -0.00847538
v -0.02492120 -0.03695649 -0.00339515
v -0.02511731 -0.03618500 0.00170050
v -0.02433056 -0.03593696 0.00651535
v -0.02503454 -0.04055610 -0.00263205
v -0.02506854 -0.04011079 0.00237709
v -0.02419232 -0.03999604 0.00702629
v -0.02396923 -0.04099946 -0.00777327
v -0.02139166 -0.03824116 -0.01324974
v -0.02102008 -0.03523481 -0.01391690
v -0.01762616 -0.03593549 -0.01801707
v -0.02051892 -0.03255610 -0.01462008
v -0.01713262 -0.03334760 -0.01846830
v -0.01293145 -0.03409809 -0.02162280
v -0.01661492 -0.03118110 -0.01893255
v -0.01250598 -0.03213569 -0.02188972
v -0.00776507 -0.03289789 -0.02399640
v -0.01204968 -0.03033246 -0.02216115
v -0.00747619 -0.03131977 -0.02407927
v -0.00249835 -0.03174604 -0.02507224
v -0.00716119 -0.02973090 -0.02417400
v -0.00237988 -0.03025385 -0.02508602
v 0.00258509 -0.03171528 -0.02507502
v 0.00250080 -0.03021577 -0.02508479
v 0.00717432 -0.02962739 -0.02416637
v 0.00745075 -0.03123969 -0.02408341
v 0.01182953 -0.03022260 -0.02225409
v 0.01140949 -0.02851704 -0.02247075
v 0.00689502 -0.02812006 -0.02425731
v 0.01098133 -0.02696039 -0.02269169
v 0.01457013 -0.02543793 -0.02057197
v 0.00661158 -0.02665375 -0.02435380
v 0.01051069 -0.02542768 -0.02292095
v 0.01397315 -0.02378998 -0.02099558
v 0.01001044 -0.02394575 -0.02315444
v 0.01334235 -0.02219965 -0.02141707
v 0.01620246 -0.02022065 -0.01935934
v 0.01692566 -0.02194868 -0.01867658
v 0.01637812 -0.01917963 -0.02071585
v 0.01343232 -0.02133930 -0.02254877
v 0.01701209 -0.01856684 -0.02248292
v 0.01951691 -0.01591010 -0.02054744
v 0.01400452 -0.02093110 -0.02421808
v 0.01760041 -0.01798139 -0.02430344
v 0.02014051 -0.01505854 -0.02256292
v 0.01815558 -0.01740229 -0.02627686
v 0.02077454 -0.01423676 -0.02480997
v 0.02278168 -0.01076362 -0.02317502
v 0.02130127 -0.01346674 -0.02718619
v 0.02328321 -0.00957661 -0.02587454
v 0.02172742 -0.01276459 -0.02968985
v 0.02369373 -0.00855219 -0.02865615
v 0.02460767 -0.00527680 -0.02452115
v 0.02207880 -0.01217719 -0.03244543
v 0.02395246 -0.00779780 -0.03163153
v 0.02231415 -0.01169477 -0.03532302
v 0.02411670 -0.00722700 -0.03471155
v 0.02506434 -0.00236323 -0.03392763
v 0.02507032 -0.00219526 -0.03731633
v 0.02502784 0.00251470 -0.03694044
v 0.02501404 0.00277984 -0.03334830
v 0.02503846 -0.00278461 -0.03065386
v 0.02416663 0.00703033 -0.03721855
v 0.02401990 0.00758502 -0.03376868
v 0.02243018 0.01144732 -0.03777113
v 0.02216040 0.01204156 -0.03454542
v 0.02381562 0.00824420 -0.03054778
v 0.02177619 0.01271099 -0.03157693
v 0.02127009 0.01347271 -0.02892609
v 0.01939850 0.01608648 -0.03524850
v 0.01893360 0.01663677 -0.03250257
v 0.01840064 0.01721050 -0.03007416
v 0.01779450 0.01784039 -0.02786234
v 0.02064710 0.01441265 -0.02645091
v 0.01535059 0.01999420 -0.03336810
v 0.01484644 0.02036431 -0.03113471
v 0.01430451 0.02073492 -0.02915222
v 0.01374140 0.02111724 -0.02729715
v 0.01711762 0.01847759 -0.02578985
v 0.01066633 0.02282867 -0.03204521
v 0.01025751 0.02300494 -0.03028436
v 0.00984321 0.02317877 -0.02862042
v 0.00939710 0.02338189 -0.02701874
v 0.01316889 0.02148101 -0.02563375
v 0.00571705 0.02453570 -0.03106606
v 0.00546210 0.02458648 -0.02945856
v 0.00518909 0.02465582 -0.02790472
v 0.00490516 0.02472076 -0.02635385
v 0.00891639 0.02359722 -0.02546616
v 0.00078205 0.02519244 -0.02974840
v 0.00069452 0.02520367 -0.02820578
v 0.00062397 0.02521734 -0.02662286
v 0.00053132 0.02550933 -0.02523755
v 0.00458924 0.02479498 -0.02480820
v -0.00384930 0.02491607 -0.02791556
v -0.00372668 0.02494586 -0.02629676
v -0.00365466 0.02533502 -0.02497642
v -0.00386853 0.02668511 -0.02493092
v 0.00052442 0.02685650 -0.02523107
v -0.00782428 0.02396295 -0.02535239
v -0.00765429 0.02448931 -0.02403441
v -0.00805902 0.02593365 -0.02389440
v -0.00845159 0.02749078 -0.02375413
v -0.00407641 0.02820904 -0.02488509
v -0.01137597 0.02311724 -0.02255140
v -0.01191186 0.02462896 -0.02224767
v -0.01244232 0.02624468 -0.02193729
v -0.01293823 0.02792388 -0.02163599
v -0.00882629 0.02907281 -0.02361226
v -0.01529150 0.02294586 -0.02004738
v -0.01593725 0.02472027 -0.01953568
v -0.01652105 0.02656988 -0.01903836
v -0.01710992 0.02860796 -0.01852737
v -0.01342193 0.02973345 -0.02133843
v -0.01881646 0.02306060 -0.01672260
v -0.01951739 0.02516656 -0.01592561
v -0.02012268 0.02742730 -0.01518771
v -0.02070233 0.02988189 -0.01440074
v -0.01766931 0.03084039 -0.01800714
v -0.02184765 0.02361871 -0.01259285
v -0.02244848 0.02615972 -0.01147969
v -0.02296460 0.02883843 -0.01042456
v -0.02336370 0.03180718 -0.00944198
v -0.02118975 0.03254254 -0.01367633
v -0.02403558 0.02488189 -0.00758095
v -0.02444751 0.02788482 -0.00618067
v -0.02471106 0.03101812 -0.00495225
v -0.02487738 0.03410943 -0.00399632
v -0.02367419 0.03481207 -0.00864762
v -0.02517901 0.03328619 0.00072945
v -0.02512353 0.03682867 0.00137223
v -0.02496142 0.03731597 -0.00325218
v -0.02461596 0.03319488 0.00531101
v -0.02452325 0.03684234 0.00559092
v -0.02312536 0.03733697 0.00995662
v -0.02445465 0.04056011 0.00601685
v -0.02510009 0.04051812 0.00186197
v -0.02318914 0.03389996 0.00988665
v -0.02093158 0.03466363 0.01404716
v -0.02315948 0.03065972 0.00994777
v -0.02080914 0.03162115 0.01422440
v -0.01784204 0.03248345 0.01780434
v -0.02056994 0.02887310 0.01456781
v -0.01757702 0.03001421 0.01805425
v -0.02013964 0.02623101 0.01510699
v -0.02251519 0.02454791 0.01131433
v -0.02187860 0.02166802 0.01248471
v -0.02351763 0.01952203 0.00897969
v -0.02276538 0.01676714 0.01079803
v -0.02447485 0.01714703 0.00598358
v -0.02386694 0.01434185 0.00806835
v -0.02501312 0.01435894 0.00328725
v -0.02461682 0.01181500 0.00548554
v -0.02521167 0.01161529 0.00072360
v -0.02505963 0.00923101 0.00298996
v -0.02516845 0.00892437 -0.00169078
v -0.02520990 0.00667242 0.00056319
v -0.02511578 0.00435211 0.00276280
v -0.02518737 0.00416314 -0.00183088
v -0.02524694 0.00190923 0.00036620
v -0.02523376 -0.00040571 0.00257975
v -0.02523211 -0.00047309 -0.00206880
v -0.02524639 -0.00275776 0.00019358
v -0.02516589 -0.00509174 0.00243303
v -0.02517401 -0.00502289 -0.00215411
v -0.02522131 -0.00737543 0.00011345
v -0.02487866 -0.00743891 0.00462911
v -0.02512756 -0.00975873 0.00236363
v -0.02443530 -0.00978315 0.00685202
v -0.02478857 -0.01217133 0.00467143
v -0.02356366 -0.01213422 0.00900798
v -0.02256817 -0.01449848 0.01121944
v -0.02523071 -0.01199164 0.00002436
v -0.02512298 -0.00955805 -0.00223067
v -0.02509845 -0.01409955 -0.00252190
v -0.02480084 -0.01161518 -0.00466515
v -0.02465997 -0.01604047 -0.00526642
v -0.02417828 -0.01363178 -0.00727049
v -0.02381347 -0.01796186 -0.00825473
v -0.02317822 -0.01573530 -0.00998137
v -0.02248284 -0.01997162 -0.01140583
v -0.02317034 -0.02227680 -0.00994917
v -0.02173541 -0.01795405 -0.01277853
v -0.02054882 -0.02201362 -0.01454152
v -0.02128192 -0.02410395 -0.01346401
v -0.01867395 -0.02579536 -0.01684456
v -0.01935809 -0.02783002 -0.01613465
v -0.02192877 -0.02632514 -0.01246707
v -0.01603704 -0.02915766 -0.01943397
v -0.01997406 -0.03009223 -0.01534842
v -0.01541064 -0.02726850 -0.01987922
v -0.01157519 -0.02865864 -0.02241694
v -0.01482244 -0.02564838 -0.02031082
v -0.01109716 -0.02714301 -0.02265469
v -0.00684594 -0.02824457 -0.02427476
v -0.01059838 -0.02565766 -0.02289325
v -0.00651648 -0.02680121 -0.02438319
v -0.00225933 -0.02879584 -0.02510898
v -0.00214355 -0.02735541 -0.02512406
v 0.00240894 -0.02874653 -0.02510152
v 0.00233509 -0.02729780 -0.02511024
v -0.00201434 -0.02591157 -0.02514113
v 0.00223352 -0.02586079 -0.02512761
v 0.00630439 -0.02519819 -0.02445479
v 0.00223304 -0.02512641 -0.02586633
v 0.00630372 -0.02444916 -0.02527376
v 0.01006177 -0.02312836 -0.02413034
v 0.01051075 -0.02292231 -0.02564757
v 0.00657679 -0.02435932 -0.02674258
v 0.01088434 -0.02274213 -0.02719040
v 0.01448682 -0.02055707 -0.02585860
v 0.00682984 -0.02427094 -0.02820862
v 0.01123279 -0.02257026 -0.02876086
v 0.01492933 -0.02023432 -0.02755288
v 0.01536817 -0.01993745 -0.02950172
v 0.01865180 -0.01694575 -0.02839291
v 0.01576935 -0.01965961 -0.03154276
v 0.01908399 -0.01645795 -0.03069544
v 0.01610206 -0.01938373 -0.03371749
v 0.01943580 -0.01605170 -0.03313278
v 0.01638227 -0.01915717 -0.03628903
v 0.01971143 -0.01570209 -0.03585331
v 0.01656196 -0.01899653 -0.03898852
v 0.01987098 -0.01542280 -0.03871943
v 0.02245020 -0.01135297 -0.03829269
v 0.02253095 -0.01119916 -0.04149648
v 0.02425293 -0.00679487 -0.04122352
v 0.02419336 -0.00688569 -0.03782255
v 0.02427186 -0.00683002 -0.04460762
v 0.02510682 -0.00228217 -0.04442158
v 0.02507618 -0.00220600 -0.04086706
v 0.02512952 0.00205718 -0.04431565
v 0.02508643 0.00227496 -0.04061036
v 0.02443299 0.00626324 -0.04437896
v 0.02432557 0.00660650 -0.04073977
v 0.02285169 0.01062652 -0.04452728
v 0.02265772 0.01098687 -0.04108514
v 0.02031769 0.01492046 -0.04464390
v 0.02007129 0.01523345 -0.04136974
v 0.01978254 0.01561627 -0.03822317
v 0.01651813 0.01902349 -0.04160675
v 0.01620368 0.01930572 -0.03862231
v 0.01580921 0.01963677 -0.03587906
v 0.01180622 0.02226324 -0.03896499
v 0.01145612 0.02244439 -0.03636947
v 0.01107172 0.02262554 -0.03405372
v 0.00649030 0.02432818 -0.03667522
v 0.00623603 0.02440972 -0.03456904
v 0.00597309 0.02448345 -0.03267880
v 0.00105872 0.02519390 -0.03478595
v 0.00094983 0.02519293 -0.03292163
v 0.00085968 0.02518414 -0.03132454
v -0.00412402 0.02485552 -0.03273301
v -0.00404834 0.02485796 -0.03109131
v -0.00395434 0.02488775 -0.02947438
v -0.00872528 0.02363384 -0.03031891
v -0.00845825 0.02372466 -0.02864768
v -0.00816571 0.02384332 -0.02701769
v -0.01252423 0.02187994 -0.02729874
v -0.01208087 0.02214019 -0.02562662
v -0.01158624 0.02243365 -0.02395547
v -0.01548339 0.01984820 -0.02385340
v -0.01487316 0.02033013 -0.02209010
v -0.01458996 0.02128423 -0.02058906
v -0.01757727 0.01807427 -0.01988912
v -0.01731396 0.01921783 -0.01835286
v -0.01809991 0.02109136 -0.01754773
v -0.01957659 0.01713384 -0.01595243
v -0.02037872 0.01911578 -0.01483557
v -0.02113708 0.02126031 -0.01373179
v -0.02216357 0.01701421 -0.01202369
v -0.02286413 0.01936968 -0.01056430
v -0.02350952 0.02198638 -0.00906295
v -0.02406787 0.01751031 -0.00744285
v -0.02459216 0.02042388 -0.00553988
v -0.02480499 0.01569390 -0.00444309
v -0.02512054 0.01878375 -0.00217840
v -0.02494165 0.02366558 -0.00353829
v -0.02516259 0.01380718 -0.00171894
v -0.02521429 0.01678863 0.00076139
v -0.02491113 0.01099566 -0.00404135
v -0.02438177 0.01296880 -0.00655000
v -0.02461560 0.00843511 -0.00626233
v -0.02499182 0.00632232 -0.00403236
v -0.02501348 0.00389410 -0.00647967
v -0.02519891 0.00172906 -0.00430769
v -0.02520214 -0.00060737 -0.00683527
v -0.02513452 -0.00276459 -0.00449112
v -0.02488781 -0.00502387 -0.00675110
v -0.02495507 -0.00719477 -0.00446042
v -0.02453912 -0.00933051 -0.00678881
v -0.02443866 -0.00730024 -0.00887750
v -0.02366058 -0.01145698 -0.00910450
v -0.02340673 -0.00952729 -0.01096177
v -0.02246685 -0.01372895 -0.01150890
v -0.02218786 -0.01205512 -0.01320551
v -0.02094293 -0.01610297 -0.01409120
v -0.02060955 -0.01457172 -0.01554972
v -0.01898931 -0.01842182 -0.01659102
v -0.01979950 -0.02017133 -0.01557161
v -0.01864587 -0.01698920 -0.01793106
v -0.01656927 -0.02058930 -0.01901061
v -0.01731146 -0.02222846 -0.01829316
v -0.01423211 -0.02408100 -0.02078230
v -0.01799023 -0.02390131 -0.01759160
v -0.01355212 -0.02252045 -0.02127708
v -0.01003881 -0.02416743 -0.02314876
v -0.01330645 -0.02144184 -0.02215332
v -0.00987023 -0.02321772 -0.02393327
v -0.00616162 -0.02533686 -0.02449710
v -0.00607159 -0.02451704 -0.02520758
v -0.00196765 -0.02514496 -0.02584991
v -0.00630346 -0.02443354 -0.02668358
v -0.00203918 -0.02513422 -0.02733338
v 0.00234314 -0.02510883 -0.02732480
v -0.00208032 -0.02512299 -0.02872857
v 0.00244324 -0.02508881 -0.02874176
v -0.00212451 -0.02510493 -0.03019064
v 0.00253852 -0.02506635 -0.03020936
v 0.00705658 -0.02418989 -0.02970679
v -0.00216235 -0.02510395 -0.03176103
v 0.00263184 -0.02505610 -0.03177671
v 0.00726990 -0.02413227 -0.03128361
v 0.00272010 -0.02505414 -0.03331230
v 0.00747205 -0.02407319 -0.03291542
v 0.01156604 -0.02241645 -0.03048936
v 0.01187085 -0.02226118 -0.03228430
v 0.00767609 -0.02398823 -0.03486348
v 0.01216468 -0.02209028 -0.03434751
v 0.00783527 -0.02393452 -0.03694727
v 0.01238910 -0.02196235 -0.03663448
v 0.00797681 -0.02390424 -0.03943620
v 0.01255683 -0.02186518 -0.03921683
v 0.00808069 -0.02384907 -0.04213268
v 0.01265522 -0.02177827 -0.04200930
v 0.01665918 -0.01888666 -0.04185787
v 0.01670240 -0.01890522 -0.04489229
v 0.02001288 -0.01532661 -0.04482856
v 0.01997870 -0.01529194 -0.04173311
v 0.01998053 -0.01541401 -0.04800859
v 0.02254450 -0.01134272 -0.04800859
v 0.02256373 -0.01123237 -0.04474871
v 0.01900684 -0.00969135 -0.04800859
v 0.02040589 -0.00595893 -0.04800859
v 0.02426453 -0.00695893 -0.04800859
v 0.02099463 -0.00219868 -0.04800859
v 0.02513611 -0.00247504 -0.04800859
v 0.02104035 0.00131353 -0.04800859
v 0.02516761 0.00182525 -0.04800859
v 0.02451270 0.00595953 -0.04800859
v 0.02301764 0.01033355 -0.04800859
v 0.01743116 0.01180328 -0.04800859
v 0.02051960 0.01467877 -0.04800859
v 0.01448304 0.01525787 -0.04800859
v 0.01695166 0.01868121 -0.04800859
v 0.01677118 0.01881353 -0.04477532
v 0.01246436 0.02193951 -0.04800859
v 0.01231043 0.02199078 -0.04486619
v 0.01208722 0.02209088 -0.04181634
v 0.00715650 0.02417046 -0.04492600
v 0.00697101 0.02421246 -0.04195806
v 0.00674506 0.02428228 -0.03918860
v 0.00141883 0.02514214 -0.04200566
v 0.00129120 0.02517925 -0.03926124
v 0.00116681 0.02518170 -0.03678502
v -0.00424713 0.02484576 -0.03915422
v -0.00422699 0.02481695 -0.03660733
v -0.00418634 0.02484283 -0.03459529
v -0.00935583 0.02338677 -0.03621923
v -0.00918481 0.02347173 -0.03406027
v -0.00895636 0.02356646 -0.03203462
v -0.01367614 0.02118218 -0.03328520
v -0.01332775 0.02140923 -0.03110022
v -0.01294104 0.02163189 -0.02910227
v -0.01706762 0.01854986 -0.02997297
v -0.01656494 0.01892437 -0.02775644
v -0.01602331 0.01939507 -0.02568708
v -0.01959722 0.01581695 -0.02625233
v -0.01894354 0.01653179 -0.02389374
v -0.01831378 0.01726226 -0.02188308
v -0.02128515 0.01342486 -0.02193236
v -0.02057391 0.01454009 -0.01970369
v -0.01977795 0.01566558 -0.01761339
v -0.02232391 0.01168414 -0.01741887
v -0.02152795 0.01312945 -0.01521003
v -0.02138592 0.01487798 -0.01339625
v -0.02286340 0.01069146 -0.01283204
v -0.02275280 0.01263921 -0.01088771
v -0.02344390 0.01496783 -0.00923838
v -0.02403228 0.01054742 -0.00859170
v -0.02402771 0.00839263 -0.01070398
v -0.02358807 0.00891754 -0.01521550
v -0.02445617 0.00624468 -0.01316680
v -0.02465918 0.00610650 -0.00859964
v -0.02494232 0.00382379 -0.01119467
v -0.02491027 0.00391949 -0.01600290
v -0.02517553 0.00150836 -0.01405900
v -0.02519708 -0.00080854 -0.01175097
v -0.02516156 0.00156939 -0.00908497
v -0.02498138 -0.00335981 -0.01389753
v -0.02467730 -0.00534955 -0.01124340
v -0.02506195 -0.00295112 -0.00923661
v -0.02443524 -0.00622944 -0.01568317
v -0.02394744 -0.00794575 -0.01317853
v -0.02339465 -0.00929194 -0.01756567
v -0.02281243 -0.01070698 -0.01526415
v -0.02129400 -0.01351264 -0.01750189
v -0.02191857 -0.01245258 -0.01962473
v -0.01931823 -0.01618598 -0.01974452
v -0.01990802 -0.01542231 -0.02168765
v -0.01682562 -0.01878071 -0.02184600
v -0.01625036 -0.01931782 -0.02012916
v -0.01735913 -0.01826752 -0.02362562
v -0.01379925 -0.02111762 -0.02374624
v -0.01425732 -0.02078657 -0.02541744
v -0.01025738 -0.02303803 -0.02543316
v -0.01061169 -0.02286225 -0.02698788
v -0.00651141 -0.02435541 -0.02815079
v -0.01092303 -0.02270795 -0.02859174
v -0.00669683 -0.02429047 -0.02965827
v -0.01121484 -0.02256635 -0.03028613
v -0.00686407 -0.02424457 -0.03127899
v -0.01147625 -0.02245307 -0.03206688
v -0.00700524 -0.02420991 -0.03288136
v -0.00218884 -0.02511518 -0.03334111
v -0.00713647 -0.02415668 -0.03477854
v -0.00220581 -0.02511274 -0.03514685
v 0.00282074 -0.02503705 -0.03517307
v -0.00220788 -0.02510932 -0.03713476
v 0.00290491 -0.02502534 -0.03715343
v -0.00218969 -0.02512446 -0.03954207
v 0.00299518 -0.02504829 -0.03957334
v -0.00214007 -0.02511030 -0.04219927
v 0.00308851 -0.02502094 -0.04222714
v -0.00206176 -0.02512983 -0.04505345
v 0.00316730 -0.02501557 -0.04506679
v 0.00814240 -0.02386371 -0.04502607
v 0.00323700 -0.02503217 -0.04800859
v 0.00815064 -0.02388520 -0.04800859
v 0.01267243 -0.02182368 -0.04800859
v 0.01269709 -0.02178022 -0.04496604
v 0.00706409 -0.02049311 -0.04800859
v 0.01086255 -0.01879536 -0.04800859
v 0.01421979 -0.01626020 -0.04800859
v 0.01665473 -0.01895893 -0.04800859
v 0.01689185 -0.01321284 -0.04800859
v 0.01385376 -0.01106147 -0.04800859
v 0.01061365 -0.00919037 -0.04800859
v 0.01547168 -0.00807465 -0.04800859
v 0.01170606 -0.00655268 -0.04800859
v 0.01646259 -0.00481293 -0.04800859
v 0.01249866 -0.00364545 -0.04800859
v 0.01684504 -0.00163032 -0.04800859
v 0.01284894 -0.00071870 -0.04800859
v 0.01670368 0.00137701 -0.04800859
v 0.01297522 0.00219586 -0.04800859
v 0.00952649 0.00030084 -0.04800859
v 0.00995435 0.00341363 -0.04800859
v 0.01064063 0.00686773 -0.04800859
v 0.01216260 0.01129839 -0.04800859
v 0.00712915 0.00469927 -0.04800859
v 0.00786695 0.00869879 -0.04800859
v 0.00907563 0.01330132 -0.04800859
v 0.01060328 0.01763336 -0.04800859
v 0.00483564 0.01013336 -0.04800859
v 0.00547986 0.01479351 -0.04800859
v 0.00628687 0.01950103 -0.04800859
v 0.00728852 0.02418121 -0.04800859
v 0.00164637 0.01559136 -0.04800859
v 0.00160907 0.02042974 -0.04800859
v 0.00165967 0.02517730 -0.04800859
v 0.00154676 0.02515386 -0.04494833
v -0.00319445 0.02021539 -0.04800859
v -0.00406848 0.02490142 -0.04800859
v -0.00416326 0.02486236 -0.04491243
v -0.00422308 0.02485064 -0.04193478
v -0.00954608 0.02338189 -0.04800859
v -0.00958850 0.02330914 -0.04482221
v -0.00956805 0.02328668 -0.04173108
v -0.00949963 0.02334185 -0.03886962
v -0.01440081 0.02069586 -0.04470898
v -0.01432165 0.02071197 -0.04148064
v -0.01417730 0.02084185 -0.03849275
v -0.01396191 0.02098980 -0.03571187
v -0.01809051 0.01751812 -0.03809835
v -0.01785144 0.01779839 -0.03512820
v -0.01748376 0.01814166 -0.03238952
v -0.02093518 0.01404546 -0.03441805
v -0.02056170 0.01456109 -0.03136601
v -0.02012475 0.01515630 -0.02873749
v -0.02291009 0.01054400 -0.03027916
v -0.02252136 0.01132720 -0.02732445
v -0.02197357 0.01235455 -0.02453340
v -0.02369952 0.00855230 -0.02270956
v -0.02303747 0.01017046 -0.01985913
v -0.02423187 0.00687457 -0.01785399
v -0.02318530 0.00990142 -0.03356004
v -0.02459729 0.00542779 -0.03273165
v -0.02465130 0.00500103 -0.03644177
v -0.02516052 0.00054742 -0.03611357
v -0.02519146 0.00066998 -0.03225500
v -0.02447668 0.00598589 -0.02919885
v -0.02488232 -0.00399360 -0.03269180
v -0.02480072 -0.00440473 -0.02910100
v -0.02488793 -0.00378022 -0.03638386
v -0.02377124 -0.00839106 -0.03355374
v -0.02359387 -0.00885444 -0.03027935
v -0.02168457 -0.01288325 -0.03135153
v -0.02134436 -0.01337983 -0.02863003
v -0.02332495 -0.00953266 -0.02726473
v -0.02094317 -0.01401362 -0.02607961
v -0.02296276 -0.01042573 -0.02445919
v -0.02435559 -0.00654096 -0.02292521
v -0.02044757 -0.01471186 -0.02375516
v -0.02248339 -0.01138325 -0.02190816
v -0.02393237 -0.00791645 -0.02011479
v -0.02483056 -0.00427875 -0.01846580
v -0.02518566 -0.00121137 -0.01675865
v -0.01785607 -0.01777778 -0.02547516
v -0.01831872 -0.01731391 -0.02760459
v -0.01465759 -0.02050727 -0.02711122
v -0.01504827 -0.02022993 -0.02898833
v -0.01870324 -0.01690131 -0.02987068
v -0.01540148 -0.01996772 -0.03103149
v -0.01904040 -0.01653412 -0.03234167
v -0.01571398 -0.01974067 -0.03327481
v -0.01171447 -0.02233198 -0.03410791
v -0.01596490 -0.01953364 -0.03584648
v -0.01190448 -0.02222944 -0.03644027
v -0.00722979 -0.02412397 -0.03687443
v -0.01202520 -0.02215717 -0.03903168
v -0.00729235 -0.02412836 -0.03935164
v -0.01208093 -0.02210883 -0.04187194
v -0.00730365 -0.02411176 -0.04206710
v -0.01207922 -0.02214057 -0.04490368
v -0.00727172 -0.02414448 -0.04498660
v -0.01201226 -0.02222602 -0.04800859
v -0.00717224 -0.02422114 -0.04800859
v -0.00195355 -0.02517182 -0.04800859
v -0.00595068 -0.02063959 -0.04800859
v -0.00147235 -0.02147260 -0.04800859
v 0.00291138 -0.02136664 -0.04800859
v -0.00087426 -0.01775336 -0.04800859
v 0.00283820 -0.01771918 -0.04800859
v -0.00009753 -0.01407319 -0.04800859
v 0.00298548 -0.01407075 -0.04800859
v 0.00080201 -0.01065180 -0.04800859
v 0.00365247 -0.01071625 -0.04800859
v 0.00176423 -0.00749555 -0.04800859
v 0.00456788 -0.00775678 -0.04800859
v 0.00741175 -0.00823334 -0.04800859
v 0.00837738 -0.00551166 -0.04800859
v 0.00540802 -0.00490082 -0.04800859
v 0.00610071 -0.00193549 -0.04800859
v 0.00262568 -0.00452387 -0.04800859
v 0.00337342 -0.00146772 -0.04800859
v 0.00394361 0.00180670 -0.04800859
v 0.00661921 0.00115630 -0.04800859
v 0.00087751 -0.00117670 -0.04800859
v 0.00143311 0.00220074 -0.04800859
v 0.00170154 0.00621148 -0.04800859
v 0.00440351 0.00564410 -0.04800859
v -0.00088330 0.00231011 -0.04800859
v -0.00094128 0.00633843 -0.04800859
v -0.00153710 0.01091705 -0.04800859
v 0.00171924 0.01081158 -0.04800859
v -0.00461169 0.01021978 -0.04800859
v -0.00611731 0.01451861 -0.04800859
v -0.00232244 0.01552300 -0.04800859
v -0.00751220 0.00886529 -0.04800859
v -0.00959899 0.01283453 -0.04800859
v -0.01186877 0.01687115 -0.04800859
v -0.01256970 0.01043707 -0.04800859
v -0.01532165 0.01387164 -0.04800859
v -0.01842926 0.01724175 -0.04800859
v -0.01815753 0.01073150 -0.04800859
v -0.02151055 0.01319781 -0.04800859
v -0.02145123 0.01323687 -0.04446879
v -0.02363586 0.00885308 -0.04800859
v -0.02356890 0.00893316 -0.04429826
v -0.02347381 0.00909576 -0.04061498
v -0.02131799 0.01335894 -0.04096572
v -0.02480096 0.00452154 -0.04413081
v -0.02472662 0.00469683 -0.04026959
v -0.02335510 0.00940386 -0.03703691
v -0.02517773 0.00042437 -0.04008045
v -0.02521014 0.00031890 -0.04405476
v -0.02490405 -0.00374799 -0.04026897
v -0.02491436 -0.00381537 -0.04415571
v -0.02390741 -0.00796332 -0.04065064
v -0.02383935 -0.00809516 -0.03701646
v -0.02392138 -0.00800629 -0.04431022
v -0.02214740 -0.01204145 -0.04101200
v -0.02206341 -0.01220356 -0.03763373
v -0.01948968 -0.01600825 -0.03814466
v -0.01930188 -0.01622162 -0.03512366
v -0.02192034 -0.01249213 -0.03436369
v -0.01613092 -0.01938715 -0.03861445
v -0.01958691 -0.01587934 -0.04132230
v -0.01622113 -0.01929829 -0.04162563
v -0.01963000 -0.01584711 -0.04464664
v -0.01624932 -0.01929096 -0.04478537
v -0.01962908 -0.01590327 -0.04800859
v -0.01621563 -0.01936713 -0.04800859
v -0.01391235 -0.01650092 -0.04800859
v -0.01011047 -0.01875434 -0.04800859
v -0.01173797 -0.01340912 -0.04800859
v -0.00836462 -0.01548481 -0.04800859
v -0.00467285 -0.01710834 -0.04800859
v -0.00673687 -0.01235004 -0.04800859
v -0.00344091 -0.01367133 -0.04800859
v -0.00518847 -0.00928803 -0.04800859
v -0.00220587 -0.01024604 -0.04800859
v -0.00373315 -0.00640131 -0.04800859
v -0.00101104 -0.00713813 -0.04800859
v -0.00243939 -0.00366840 -0.04800859
v 0.00005140 -0.00418110 -0.04800859
v -0.00478308 -0.00272993 -0.04800859
v -0.00347509 -0.00043403 -0.04800859
v -0.00144824 -0.00091987 -0.04800859
v -0.00637548 -0.00511274 -0.04800859
v -0.00894433 -0.00323286 -0.04800859
v -0.00718658 -0.00102729 -0.04800859
v -0.00804913 -0.00773334 -0.04800859
v -0.01075195 -0.00570844 -0.04800859
v -0.01331408 -0.00331098 -0.04800859
v -0.01264831 -0.00830610 -0.04800859
v -0.01519415 -0.00585834 -0.04800859
v -0.01726196 -0.00829145 -0.04800859
v -0.01470562 -0.01092377 -0.04800859
v -0.01964593 -0.01041254 -0.04800859
v -0.02160687 -0.00724018 -0.04800859
v -0.01705651 -0.01357026 -0.04800859
v -0.02219824 -0.01205903 -0.04800859
v -0.02391095 -0.00809223 -0.04800859
v -0.02492309 -0.00399067 -0.04800859
v -0.02218756 -0.01201215 -0.04449870
v -0.02525878 0.00019927 -0.04800859
v -0.02249218 -0.00018159 -0.04800859
v -0.02485705 0.00442730 -0.04800859
v -0.02160485 0.00344341 -0.04800859
v -0.02021984 0.00713238 -0.04800859
v -0.01692932 0.00478472 -0.04800859
v -0.01857959 0.00162310 -0.04800859
v -0.01408844 0.00195611 -0.04800859
v -0.01582537 -0.00069770 -0.04800859
v -0.01220709 0.00449273 -0.04800859
v -0.00966033 0.00143609 -0.04800859
v -0.01149627 -0.00083149 -0.04800859
v -0.01495831 0.00774224 -0.04800859
v -0.01004943 0.00689361 -0.04800859
v -0.00982885 -0.01052875 -0.04800859
v -0.02115521 0.01363482 -0.03762638
v -0.01826019 0.01731695 -0.04124312
v -0.01838989 0.01725543 -0.04460150
v -0.01440997 0.02072711 -0.04800859
v -0.00780310 0.01900836 -0.04800859
v 0.00905506 -0.00265180 -0.04800859
v -0.01432605 0.03327056 0.02071941
v -0.01799414 0.03530035 0.01764509
v -0.02093194 0.03786041 0.01399643
v -0.02505273 0.04078668 -0.00266195
v -0.02388494 0.03790045 -0.00793022
v -0.02157873 0.03536675 -0.01306328
v -0.01814434 0.03323492 -0.01752049
v -0.01390203 0.03171246 -0.02104923
v -0.00917364 0.03073687 -0.02347124
v -0.00428277 0.02976959 -0.02484342
v 0.00048145 0.02835699 -0.02521983
v 0.00477717 0.02634820 -0.02475974
v 0.00845740 0.02377203 -0.02405553
v 0.01256495 0.02184527 -0.02401644
v 0.01645679 0.01907916 -0.02399247
v 0.01994550 0.01534478 -0.02418379
v -0.02302703 0.04086334 0.01017411
v 0.02286573 0.01060455 -0.02494499
v -0.02253979 -0.03644770 0.01128953
v -0.02416430 -0.00720893 0.02940936
v -0.02435302 -0.00652338 0.03217003
v -0.02285522 -0.01066352 0.03279426
v -0.02310430 -0.01009321 0.03560497
v -0.02445660 -0.00595942 0.03515195
v -0.02454156 -0.00556977 0.03819732
v -0.02510296 -0.00164252 0.03466964
v -0.02510919 -0.00205561 0.03152942
v -0.02325195 -0.00966547 0.03848098
v -0.02339483 -0.00934565 0.04163315
v -0.02462329 -0.00535395 0.04139561
v -0.02468139 -0.00523432 0.04469899
v -0.02512847 -0.00126948 0.04131912
v -0.02511340 -0.00139936 0.03799946
v -0.02351422 -0.00911176 0.04478721
v -0.02518035 -0.00122309 0.04465461
v 0.01973890 0.02928570 0.01562314
v 0.01742225 0.03270513 0.01822425
v 0.02013001 0.03194976 0.01514891
v 0.02041913 0.03486822 0.01479348
v 0.01771033 0.03540582 0.01793745
v 0.01455011 0.03590484 0.02058097
v 0.01789716 0.03834234 0.01774620
v 0.01475446 0.03865875 0.02042861
v 0.01117115 0.03893951 0.02257366
v 0.01096894 0.03631841 0.02266557
v 0.01485529 0.04165338 0.02034841
v 0.01130585 0.04178961 0.02249664
v 0.00737116 0.04192535 0.02407437
v 0.00720740 0.03914459 0.02413929
v 0.00751691 0.04490972 0.02404866
v 0.00329017 0.04494683 0.02498602
v 0.00311176 0.04200543 0.02498223
v 0.00347107 0.04799566 0.02498452
v -0.00098638 0.04799566 0.02520639
v -0.00122827 0.04494195 0.02517145
v -0.00056616 0.04799566 0.02154639
v -0.00437878 0.04799566 0.02106404
v -0.00558404 0.04799566 0.02460636
v -0.00811712 0.04799566 0.01971109
v 0.00304517 0.04799566 0.02128041
v 0.00258265 0.04799566 0.01771707
v 0.00548609 0.04799566 0.01698135
v 0.00188715 0.04799566 0.01427430
v 0.00646717 0.04799566 0.02048760
v 0.00980860 0.04799566 0.01922985
v 0.00763074 0.04799566 0.02405837
v 0.01143140 0.04799566 0.02249476
v 0.01482050 0.04799566 0.02041057
v 0.01285608 0.04799566 0.01765159
v 0.01138813 0.04485406 0.02246888
v 0.01487671 0.04479644 0.02033818
v 0.01795069 0.04469146 0.01770127
v 0.01786725 0.04799566 0.01784515
v 0.01796802 0.04146832 0.01766055
v 0.02062665 0.04124566 0.01446419
v 0.02057258 0.04458355 0.01456247
v 0.02057367 0.03800445 0.01455031
v 0.02272467 0.03757964 0.01084789
v 0.02278486 0.04097027 0.01072466
v 0.02259498 0.03427984 0.01116253
v 0.02415040 0.03361334 0.00718033
v 0.02425342 0.03705328 0.00675093
v 0.02233796 0.03114654 0.01165370
v 0.02396387 0.03027984 0.00776549
v 0.02501307 0.03291802 0.00281734
v 0.02365857 0.02711675 0.00864672
v 0.02197937 0.02823296 0.01235104
v 0.02513794 0.03252984 -0.00167086
v 0.02510633 0.03630670 -0.00177356
v 0.02503296 0.03651324 0.00244638
v 0.02511036 0.04021978 -0.00183397
v 0.02508436 0.04033257 0.00228591
v 0.02432691 0.04064459 0.00659157
v 0.02511451 0.04416168 0.00224920
v 0.02433814 0.04432086 0.00661515
v 0.02275800 0.04447564 0.01081977
v 0.02431324 0.04799566 0.00675232
v 0.02267469 0.04799566 0.01105427
v 0.02043134 0.04799566 0.01479355
v 0.02012897 0.04799566 0.01023764
v 0.01806910 0.04799566 0.01337236
v 0.01567811 0.04799566 0.01568404
v 0.01386811 0.04799566 0.01342939
v 0.01121131 0.04799566 0.01478839
v 0.01238807 0.04799566 0.01072113
v 0.00980652 0.04799566 0.01160341
v 0.00840638 0.04799566 0.01597771
v 0.00713990 0.04799566 0.01255339
v 0.00852399 0.04799566 0.00826881
v 0.00586988 0.04799566 0.00921334
v 0.00448719 0.04799566 0.01346948
v 0.00327247 0.04799566 0.01017238
v 0.00447901 0.04799566 0.00606873
v 0.00182422 0.04799566 0.00717572
v 0.00073664 0.04799566 0.01115322
v -0.00073010 0.04799566 0.00844126
v -0.00332690 0.04799566 0.01000014
v -0.00241980 0.04799566 0.00580168
v -0.00516113 0.04799566 0.00767108
v -0.00598645 0.04799566 0.01205607
v -0.00802264 0.04799566 0.00989883
v -0.00873925 0.04799566 0.01470335
v -0.00419128 0.04799566 0.00316462
v -0.00149572 0.04799566 0.00145904
v -0.00330786 0.04799566 -0.00153435
v -0.00046752 0.04799566 -0.00309890
v -0.00236303 0.04799566 -0.00648195
v 0.00074231 0.04799566 -0.00790129
v -0.00104760 0.04799566 -0.01172143
v -0.00439660 0.04799566 -0.01027803
v -0.00269586 0.04799566 -0.01588424
v -0.00652856 0.04799566 -0.01431446
v -0.00411279 0.04799566 -0.02016030
v 0.00064637 0.04799566 -0.02089363
v 0.00038324 0.04799566 -0.02525264
v 0.00591681 0.04799566 -0.02453739
v 0.00584742 0.04490728 -0.02452963
v 0.01078486 0.04481890 -0.02278064
v 0.01066504 0.04173394 -0.02282864
v 0.01485071 0.04150445 -0.02032813
v 0.01471210 0.03852398 -0.02047495
v 0.01818219 0.03817535 -0.01741389
v 0.01801410 0.03523199 -0.01763011
v 0.02098316 0.03773492 -0.01391265
v 0.02082331 0.03457476 -0.01419739
v 0.02056055 0.03155572 -0.01456010
v 0.02296424 0.03376226 -0.01037398
v 0.02276862 0.03062115 -0.01079792
v 0.02247461 0.02767730 -0.01138783
v 0.02431885 0.02962310 -0.00652470
v 0.02372449 0.02333892 -0.00846237
v 0.02442286 0.03302300 -0.00617836
v 0.02444873 0.03663091 -0.00597892
v 0.02305896 0.03718853 -0.01008142
v 0.02310309 0.04073589 -0.00999411
v 0.02448536 0.04039703 -0.00593990
v 0.02104395 0.04106646 -0.01381601
v 0.02103644 0.04450836 -0.01387996
v 0.02308863 0.04435113 -0.01010232
v 0.01830207 0.04127740 -0.01727092
v 0.01839539 0.04461773 -0.01724854
v 0.01841181 0.04799566 -0.01726154
v 0.02099939 0.04799566 -0.01404477
v 0.01498499 0.04471539 -0.02028335
v 0.01507709 0.04799566 -0.02023742
v 0.01088520 0.04799566 -0.02277024
v 0.00982520 0.04799566 -0.01944220
v 0.01785041 0.04799566 -0.01237774
v 0.01945240 0.04799566 -0.00911816
v 0.02302631 0.04799566 -0.01032806
v 0.02443531 0.04799566 -0.00628175
v 0.02073987 0.04799566 -0.00557397
v 0.02158497 0.04799566 -0.00181356
v 0.01717432 0.04799566 -0.00476570
v 0.01819983 0.04799566 -0.00135287
v 0.01883551 0.04799566 0.00222947
v 0.01487623 0.04799566 -0.00068039
v 0.01577601 0.04799566 0.00267858
v 0.01281031 0.04799566 0.00334185
v 0.01170679 0.04799566 0.00009815
v 0.00996497 0.04799566 0.00414560
v 0.01113306 0.04799566 0.00743056
v 0.00722925 0.04799566 0.00505101
v 0.00866504 0.04799566 0.00096046
v 0.00576294 0.04799566 0.00191628
v 0.00295282 0.04799566 0.00304157
v 0.00418555 0.04799566 -0.00118089
v 0.00128064 0.04799566 0.00000082
v 0.00022095 0.04799566 0.00433292
v 0.00718512 0.04799566 -0.00220440
v 0.00562037 0.04799566 -0.00544134
v 0.00249158 0.04799566 -0.00439952
v 0.00891114 0.04799566 -0.00628354
v 0.00744397 0.04799566 -0.00956161
v 0.00399964 0.04799566 -0.00886814
v 0.00611390 0.04799566 -0.01312947
v 0.00252076 0.04799566 -0.01261674
v 0.00539643 0.04799566 -0.01684922
v 0.00132544 0.04799566 -0.01673343
v 0.00538215 0.04799566 -0.02062323
v 0.01096473 0.04799566 -0.01025935
v 0.01235230 0.04799566 -0.00709108
v 0.01456470 0.04799566 -0.01111009
v 0.01590833 0.04799566 -0.00802421
v 0.01595569 0.04799566 -0.01521618
v 0.01369458 0.04799566 -0.00393312
v 0.01037598 0.04799566 -0.00310035
v 0.02187171 0.04799566 0.00210941
v 0.02147431 0.04799566 0.00616909
v 0.02514551 0.04799566 0.00227452
v 0.02515796 0.04799566 -0.00203537
v 0.02512818 0.04412505 -0.00192251
v 0.02447852 0.04419879 -0.00607681
v 0.02434424 0.01877398 -0.00641982
v 0.00171808 -0.00167670 0.04799141
f 1 2 3
f 1 4 2
f 1 5 4
f 1 6 5
f 1 7 6
f 8 9 10
f 8 10 11
f 8 11 12
f 8 12 13
f 8 13 14
f 15 16 17
f 15 18 19
f 15 20 21
f 15 22 20
f 23 24 25
f 23 26 24
f 23 27 28
f 23 29 27
f 23 25 29
f 30 31 32
f 30 32 33
f 30 34 35
f 30 35 36
f 30 36 31
f 37 38 39
f 37 40 38
f 37 41 40
f 37 42 43
f 37 43 44
f 45 46 47
f 45 48 46
f 45 49 48
f 45 50 51
f 45 51 52
f 53 54 55
f 53 56 57
f 53 57 54
f 53 58 59
f 53 59 60
f 61 62 63
f 61 64 65
f 61 66 62
f 67 68 69
f 67 70 71
f 67 72 73
f 74 75 76
f 74 77 78
f 74 79 75
f 80 81 82
f 80 83 84
f 80 84 85
f 86 87 88
f 86 89 90
f 86 91 92
f 93 94 95
f 93 96 97
f 93 97 94
f 98 99 100
f 98 101 102
f 98 102 103
f 104 105 106
f 104 107 108
f 104 109 110
f 111 112 113
f 111 114 115
f 111 115 116
f 117 118 119
f 117 119 120
f 117 121 122
f 123 124 125
f 123 126 124
f 123 127 128
f 129 130 131
f 129 132 133
f 129 134 135
f 136 137 138
f 136 139 140
f 136 141 142
f 143 144 145
f 143 145 146
f 143 146 147
f 148 149 150
f 148 150 151
f 148 152 149
f 153 154 155
f 153 156 157
f 153 155 156
f 158 155 159
f 158 160 161
f 158 161 162
f 162 161 163
f 162 163 164
f 162 165 156
f 165 164 166
f 165 167 157
f 168 167 169
f 168 170 171
f 168 171 154
f 171 172 173
f 171 173 174
f 173 175 176
f 173 176 177
f 177 176 178
f 177 178 179
f 177 159 174
f 179 178 180
f 179 180 181
f 179 181 160
f 181 182 183
f 181 183 184
f 183 185 186
f 183 186 187
f 187 186 188
f 187 188 189
f 187 190 184
f 189 188 191
f 189 191 192
f 189 193 190
f 193 192 194
f 193 195 163
f 195 194 196
f 195 197 164
f 197 196 198
f 197 199 166
f 200 199 201
f 200 202 169
f 200 169 167
f 203 202 204
f 203 205 206
f 203 206 170
f 206 207 208
f 206 208 172
f 208 209 210
f 208 210 175
f 210 211 212
f 210 213 214
f 213 212 215
f 213 216 214
f 217 216 218
f 217 219 220
f 217 220 214
f 221 219 222
f 221 223 224
f 221 225 220
f 224 223 226
f 224 226 227
f 224 227 180
f 227 228 229
f 227 229 182
f 229 230 231
f 229 231 185
f 231 232 233
f 231 233 234
f 233 235 236
f 233 236 237
f 237 236 238
f 237 238 239
f 237 240 234
f 239 238 241
f 239 241 242
f 239 243 240
f 242 241 244
f 242 244 245
f 242 246 243
f 246 245 247
f 246 248 191
f 248 247 249
f 248 250 192
f 250 249 251
f 250 252 194
f 252 251 253
f 252 254 196
f 254 253 255
f 254 256 198
f 257 201 199
f 257 256 112
f 257 116 201
f 258 116 115
f 258 259 204
f 258 204 202
f 260 259 261
f 260 262 263
f 260 263 205
f 263 264 265
f 263 265 207
f 265 266 267
f 265 267 209
f 267 268 269
f 267 269 211
f 269 270 271
f 269 272 211
f 272 271 273
f 272 274 212
f 274 273 275
f 274 276 215
f 277 276 278
f 277 279 218
f 277 218 216
f 280 279 281
f 280 282 222
f 280 222 219
f 282 281 283
f 282 283 284
f 283 285 286
f 283 286 287
f 286 288 289
f 286 289 290
f 290 289 291
f 290 291 292
f 290 293 287
f 293 292 294
f 293 295 27
f 295 294 296
f 295 297 28
f 298 297 299
f 298 300 301
f 298 301 26
f 301 302 303
f 301 303 304
f 303 305 306
f 303 306 307
f 307 306 308
f 307 308 309
f 307 310 304
f 310 309 230
f 310 228 24
f 309 308 311
f 309 311 232
f 311 312 313
f 311 313 235
f 313 314 315
f 313 315 316
f 315 317 318
f 315 318 319
f 319 318 320
f 319 320 321
f 319 322 316
f 321 320 323
f 321 323 324
f 321 325 322
f 324 323 326
f 324 326 327
f 324 328 325
f 327 326 329
f 327 329 330
f 327 331 328
f 331 330 332
f 331 333 244
f 333 332 334
f 333 335 245
f 335 334 336
f 335 337 247
f 337 336 338
f 337 338 249
f 338 339 340
f 338 340 251
f 340 341 342
f 340 342 253
f 342 343 344
f 342 344 113
f 344 345 346
f 344 346 114
f 346 347 348
f 346 349 114
f 349 348 350
f 349 351 261
f 351 350 352
f 351 353 262
f 353 352 354
f 353 355 264
f 355 354 356
f 355 357 266
f 357 356 358
f 357 359 266
f 359 358 360
f 359 361 268
f 361 360 362
f 361 363 270
f 363 362 364
f 363 365 271
f 365 364 366
f 365 367 273
f 367 366 368
f 367 369 275
f 370 369 371
f 370 372 278
f 370 278 276
f 373 372 374
f 373 375 285
f 373 281 279
f 375 374 376
f 375 377 288
f 377 376 378
f 377 379 380
f 379 378 381
f 379 382 383
f 383 382 384
f 383 385 386
f 383 387 380
f 386 385 388
f 386 389 390
f 386 390 387
f 390 391 392
f 390 393 291
f 393 392 394
f 393 395 292
f 395 394 396
f 395 397 294
f 397 396 398
f 397 398 296
f 399 398 400
f 399 401 299
f 399 299 297
f 402 401 403
f 402 404 405
f 402 405 300
f 405 406 407
f 405 407 302
f 407 408 409
f 407 409 305
f 409 410 411
f 409 411 412
f 411 413 414
f 411 414 415
f 415 414 416
f 415 416 417
f 415 418 412
f 417 416 419
f 417 419 314
f 417 312 418
f 419 420 421
f 419 421 317
f 421 422 423
f 421 423 424
f 423 425 426
f 423 426 427
f 427 426 428
f 427 428 429
f 427 430 424
f 429 428 431
f 429 432 433
f 429 434 430
f 433 432 435
f 433 436 437
f 433 438 434
f 437 436 439
f 437 440 441
f 437 441 438
f 442 440 443
f 442 444 445
f 442 445 329
f 445 446 447
f 445 448 329
f 448 447 449
f 448 450 330
f 450 449 451
f 450 452 332
f 452 451 453
f 452 453 336
f 453 454 455
f 453 455 339
f 455 456 457
f 455 457 341
f 457 458 459
f 457 459 343
f 459 460 461
f 459 461 345
f 461 462 463
f 461 463 347
f 463 464 465
f 463 466 348
f 466 465 467
f 466 468 348
f 468 467 469
f 468 470 350
f 470 469 471
f 470 472 352
f 472 471 473
f 472 474 354
f 474 473 475
f 474 476 356
f 476 475 477
f 476 478 358
f 478 477 479
f 478 480 360
f 480 479 481
f 480 482 362
f 482 481 483
f 482 484 364
f 484 483 485
f 484 486 366
f 486 485 487
f 486 488 368
f 489 488 490
f 489 491 371
f 489 371 369
f 492 491 493
f 492 494 374
f 492 374 372
f 494 493 495
f 494 496 376
f 496 495 497
f 496 498 378
f 498 497 499
f 498 500 381
f 501 500 502
f 501 503 384
f 501 384 382
f 504 503 505
f 504 506 507
f 504 388 385
f 507 506 508
f 507 509 510
f 507 510 388
f 510 511 512
f 510 513 389
f 513 512 514
f 513 514 391
f 514 515 516
f 514 516 392
f 516 517 518
f 516 518 394
f 518 519 520
f 518 521 396
f 521 520 522
f 521 523 524
f 525 523 526
f 525 527 400
f 525 400 398
f 528 527 529
f 528 530 403
f 528 403 401
f 531 530 532
f 531 533 534
f 531 534 404
f 534 535 536
f 534 537 404
f 537 536 538
f 537 539 406
f 539 538 540
f 539 541 410
f 541 540 542
f 541 543 413
f 543 542 544
f 543 544 545
f 544 546 547
f 544 547 548
f 548 547 549
f 548 549 550
f 548 551 545
f 550 549 552
f 550 552 422
f 550 420 551
f 552 553 554
f 552 554 425
f 554 555 556
f 554 556 557
f 556 558 559
f 556 559 560
f 560 559 561
f 560 562 563
f 560 564 557
f 563 562 565
f 563 566 431
f 563 431 564
f 567 566 568
f 567 569 435
f 567 435 432
f 570 569 571
f 570 572 439
f 570 439 436
f 573 572 574
f 573 575 443
f 573 443 440
f 576 575 577
f 576 578 579
f 576 579 444
f 579 580 581
f 579 581 446
f 581 582 583
f 581 584 446
f 584 583 585
f 584 586 447
f 586 585 587
f 586 587 449
f 587 588 589
f 587 589 454
f 589 590 591
f 589 591 456
f 591 592 108
f 591 108 458
f 592 590 593
f 592 594 109
f 594 593 595
f 594 596 110
f 597 596 598
f 597 599 600
f 597 600 105
f 600 601 602
f 600 602 105
f 602 603 464
f 602 464 106
f 603 601 604
f 603 605 465
f 605 604 606
f 605 607 467
f 607 606 608
f 607 609 469
f 609 608 610
f 609 611 471
f 611 610 612
f 611 613 473
f 613 612 614
f 613 615 475
f 615 614 616
f 615 617 477
f 617 616 618
f 617 619 479
f 619 618 620
f 619 621 481
f 621 620 622
f 621 623 483
f 623 622 624
f 623 625 485
f 625 624 626
f 625 627 487
f 628 627 629
f 628 630 490
f 628 490 488
f 631 630 632
f 631 633 493
f 631 493 491
f 633 632 634
f 633 635 495
f 635 634 636
f 635 637 497
f 637 636 638
f 637 639 499
f 640 639 641
f 640 642 502
f 640 502 500
f 643 642 644
f 643 645 505
f 643 505 503
f 646 645 647
f 646 648 508
f 646 508 506
f 649 648 650
f 649 651 652
f 649 652 509
f 652 653 654
f 652 654 511
f 654 655 656
f 654 656 512
f 656 657 658
f 656 658 515
f 658 34 659
f 658 659 517
f 659 33 660
f 659 660 519
f 660 661 662
f 660 662 519
f 662 663 664
f 662 664 520
f 664 665 666
f 664 666 522
f 667 666 668
f 667 669 526
f 667 526 523
f 670 669 671
f 670 672 529
f 670 529 527
f 673 672 674
f 673 675 532
f 673 532 530
f 676 675 677
f 676 678 679
f 676 679 533
f 679 680 681
f 679 681 535
f 681 682 60
f 681 683 535
f 683 60 59
f 683 684 536
f 684 59 685
f 684 686 538
f 686 685 687
f 686 688 540
f 688 687 689
f 688 690 542
f 690 689 691
f 690 692 693
f 692 691 694
f 692 694 695
f 695 694 696
f 695 696 697
f 695 698 693
f 697 696 699
f 697 699 555
f 697 553 698
f 699 700 701
f 699 701 558
f 701 702 703
f 701 704 705
f 704 703 706
f 704 707 705
f 708 707 709
f 708 710 561
f 708 561 559
f 711 710 712
f 711 713 565
f 711 565 562
f 714 713 715
f 714 716 568
f 714 568 566
f 717 716 718
f 717 719 571
f 717 571 569
f 720 719 721
f 720 722 574
f 720 574 572
f 723 722 17
f 723 724 577
f 723 577 575
f 725 724 726
f 725 726 727
f 725 728 577
f 728 727 729
f 728 730 578
f 730 729 731
f 730 732 580
f 732 731 733
f 732 734 582
f 734 733 735
f 734 735 585
f 735 736 737
f 735 737 588
f 737 738 593
f 737 593 590
f 738 736 739
f 738 740 595
f 741 740 742
f 741 742 598
f 741 598 596
f 743 742 122
f 743 121 744
f 743 744 599
f 744 120 604
f 744 604 601
f 742 745 122
f 746 745 747
f 746 748 749
f 746 749 118
f 749 750 751
f 749 751 752
f 751 753 612
f 751 612 610
f 753 750 754
f 753 755 614
f 755 754 756
f 755 757 616
f 757 756 758
f 757 759 618
f 759 758 760
f 759 761 620
f 761 760 762
f 761 763 622
f 763 762 764
f 763 765 624
f 765 764 766
f 765 767 626
f 768 767 769
f 768 770 629
f 768 629 627
f 771 770 772
f 771 773 632
f 771 632 630
f 773 772 774
f 773 775 634
f 775 774 776
f 775 777 636
f 777 776 778
f 777 779 638
f 780 779 781
f 780 782 641
f 780 641 639
f 783 782 784
f 783 785 644
f 783 644 642
f 786 785 787
f 786 788 647
f 786 647 645
f 789 788 790
f 789 791 650
f 789 650 648
f 792 791 793
f 792 794 795
f 792 795 651
f 795 796 797
f 795 797 653
f 797 798 799
f 797 799 655
f 799 800 801
f 799 35 657
f 800 798 802
f 800 802 803
f 803 802 804
f 803 804 805
f 803 806 801
f 806 805 807
f 806 808 36
f 808 809 810
f 808 807 809
f 811 812 809
f 811 807 813
f 811 814 815
f 815 816 812
f 815 814 817
f 815 817 818
f 818 819 816
f 818 817 820
f 818 820 821
f 821 822 819
f 821 820 84
f 821 84 823
f 824 825 826
f 824 826 827
f 824 822 828
f 828 829 825
f 828 822 830
f 828 830 831
f 831 832 829
f 831 830 833
f 831 833 834
f 834 835 832
f 834 833 836
f 834 836 837
f 837 838 839
f 837 836 840
f 837 840 838
f 841 842 843
f 841 840 844
f 841 845 842
f 846 847 848
f 846 845 849
f 846 850 847
f 851 852 853
f 851 850 133
f 851 854 852
f 855 856 857
f 855 854 858
f 855 858 859
f 859 860 856
f 859 858 861
f 859 861 862
f 862 863 860
f 862 861 864
f 862 864 865
f 865 866 863
f 865 864 867
f 865 867 868
f 868 869 866
f 868 867 870
f 868 870 871
f 871 872 869
f 871 870 873
f 871 874 875
f 875 876 872
f 875 874 877
f 875 878 876
f 879 794 876
f 879 878 880
f 879 881 796
f 881 880 882
f 881 883 798
f 882 880 884
f 882 884 885
f 882 886 883
f 885 884 887
f 885 887 888
f 885 889 886
f 889 888 890
f 889 891 804
f 891 813 805
f 891 890 892
f 892 893 814
f 892 890 894
f 892 894 895
f 895 896 893
f 895 894 897
f 895 898 896
f 899 85 896
f 899 898 900
f 899 901 85
f 901 900 902
f 901 903 81
f 903 904 82
f 903 902 905
f 905 906 904
f 905 902 907
f 905 907 908
f 908 909 906
f 908 907 910
f 908 910 911
f 911 135 909
f 911 910 912
f 911 913 135
f 913 912 914
f 913 915 130
f 915 914 916
f 915 917 131
f 918 919 920
f 918 920 132
f 918 917 921
f 921 922 919
f 921 917 923
f 921 923 924
f 924 925 922
f 924 923 926
f 924 926 927
f 927 928 925
f 927 926 929
f 927 929 930
f 930 873 870
f 930 929 149
f 930 931 873
f 932 877 874
f 932 931 933
f 932 934 877
f 934 933 935
f 934 936 937
f 935 933 938
f 935 938 939
f 935 940 936
f 940 941 887
f 940 939 942
f 942 943 941
f 942 939 944
f 942 944 945
f 945 946 897
f 945 944 947
f 945 947 946
f 947 948 949
f 947 949 950
f 951 948 952
f 951 953 912
f 951 912 910
f 953 952 954
f 953 955 914
f 955 954 151
f 955 956 916
f 954 952 957
f 954 957 152
f 957 958 938
f 957 938 959
f 952 948 958
f 946 900 898
f 946 950 900
f 943 897 960
f 941 960 888
f 933 931 959
f 926 956 150
f 961 849 844
f 961 844 962
f 961 135 134
f 962 844 963
f 962 963 964
f 964 963 965
f 964 965 966
f 966 965 967
f 966 967 83
f 937 880 878
f 968 969 970
f 968 970 971
f 968 876 793
f 970 972 973
f 970 973 974
f 974 973 975
f 974 975 976
f 974 977 971
f 976 975 978
f 976 978 979
f 976 980 977
f 979 978 981
f 979 981 982
f 979 983 980
f 982 981 984
f 982 984 985
f 982 986 983
f 985 984 987
f 985 987 988
f 985 857 986
f 988 987 989
f 988 989 853
f 988 853 852
f 990 989 99
f 990 103 848
f 990 848 847
f 991 103 102
f 991 992 843
f 991 843 842
f 993 992 994
f 993 995 839
f 993 839 838
f 996 995 997
f 996 998 999
f 996 999 835
f 1000 998 1001
f 1000 1002 1003
f 1000 1003 999
f 1004 1002 1005
f 1004 1006 1007
f 1004 1008 1003
f 1007 1006 1009
f 1007 1009 1010
f 1007 1011 1008
f 1010 1009 1012
f 1010 1012 1013
f 1010 1014 1011
f 1014 1013 1015
f 1014 1016 826
f 1016 1015 1017
f 1016 1018 827
f 1017 1015 1019
f 1017 1019 1020
f 1017 1021 1018
f 1020 1019 1022
f 1020 1022 1023
f 1020 1024 1021
f 1023 1022 1025
f 1023 1025 1026
f 1023 31 1024
f 1025 1027 1028
f 1025 1028 1029
f 1029 1028 1030
f 1029 1030 1031
f 1029 1032 1026
f 1032 1031 663
f 1032 661 32
f 1031 1030 1033
f 1031 1033 665
f 1033 1034 1035
f 1033 1035 1036
f 1035 1037 1038
f 1035 1039 1036
f 1040 1039 1041
f 1040 1042 668
f 1040 668 666
f 1043 1042 1044
f 1043 1045 671
f 1043 671 669
f 1046 1045 1047
f 1046 1048 1049
f 1046 674 672
f 1049 1048 1050
f 1049 1051 1052
f 1049 677 675
f 1052 1053 677
f 1052 1051 1054
f 1052 1055 1053
f 1056 1057 1058
f 1056 1055 1059
f 1056 1060 1057
f 1061 1062 1063
f 1061 1060 1064
f 1061 1065 1062
f 1066 1067 1068
f 1066 1065 1069
f 1066 1070 1067
f 1071 1072 1073
f 1071 1070 1074
f 1071 1075 1072
f 1076 1077 1078
f 1076 1075 1079
f 1076 1080 1077
f 1081 1082 1083
f 1081 1080 1084
f 1081 1085 1082
f 1086 1087 1088
f 1086 1085 1089
f 1086 1090 1087
f 1091 1092 1093
f 1091 1090 1094
f 1091 1095 1092
f 1096 1097 1098
f 1096 1095 1099
f 1096 1100 1097
f 1101 1102 1103
f 1101 1100 1104
f 1101 1105 1102
f 1106 1107 1108
f 1106 1105 1109
f 1106 1110 1107
f 1111 1112 1113
f 1111 1110 1114
f 1111 1115 1112
f 1116 1117 1118
f 1116 1115 1119
f 1116 79 1117
f 1118 1120 1121
f 1118 1122 1112
f 1118 1117 1120
f 1123 1124 1125
f 1123 1117 78
f 1123 1126 1124
f 1127 1128 1129
f 1127 1126 1130
f 1127 1131 1128
f 1132 1133 1128
f 1132 1131 1134
f 1132 1134 1135
f 1135 1136 1133
f 1135 1134 1137
f 1135 1137 1138
f 1138 1139 1136
f 1138 1137 1140
f 1138 1140 1141
f 1141 1142 1139
f 1141 1140 1143
f 1141 1143 1144
f 1144 1145 1142
f 1144 1143 1146
f 1144 1146 1147
f 1147 1148 1145
f 1147 1146 1149
f 1147 1149 1150
f 1150 1151 1148
f 1150 1149 1152
f 1150 1152 1153
f 1153 1154 1151
f 1153 1152 1155
f 1153 1155 1156
f 1156 1157 1158
f 1156 1155 1159
f 1156 1160 1157
f 1161 1162 1163
f 1161 1160 1164
f 1161 1165 1162
f 1164 1160 1166
f 1164 1166 702
f 1164 700 1165
f 1166 1159 1167
f 1166 1168 702
f 1168 1167 1169
f 1168 1170 703
f 1170 1169 1171
f 1170 1172 706
f 1173 1172 1174
f 1173 1175 709
f 1173 709 707
f 1176 1175 1177
f 1176 1178 712
f 1176 712 710
f 1179 1178 1180
f 1179 1181 715
f 1179 715 713
f 1182 1181 1183
f 1182 1184 718
f 1182 718 716
f 1185 1184 1186
f 1185 1187 721
f 1185 721 719
f 1188 1187 1189
f 1188 18 17
f 1188 17 722
f 1189 1187 1190
f 1189 1190 1191
f 1189 1192 18
f 1192 1191 1193
f 1192 1194 19
f 1195 1194 1196
f 1195 1197 1198
f 1195 1198 22
f 1198 1199 1200
f 1198 1200 1201
f 1200 1202 1203
f 1200 1203 1204
f 1204 1205 1201
f 1204 1203 1206
f 1204 1206 1207
f 1207 1208 1205
f 1207 1206 766
f 1207 766 764
f 1209 1206 1210
f 1209 1211 769
f 1209 769 767
f 1212 1211 1213
f 1212 1214 772
f 1212 772 770
f 1214 1213 1215
f 1214 1216 774
f 1216 1215 1217
f 1216 1218 776
f 1218 1217 1219
f 1218 1220 778
f 1221 1220 1222
f 1221 1223 781
f 1221 781 779
f 1224 1223 1225
f 1224 1226 784
f 1224 784 782
f 1227 1226 1228
f 1227 1229 787
f 1227 787 785
f 1230 1229 1231
f 1230 972 790
f 1230 790 788
f 1229 1228 1232
f 1232 1228 1233
f 1232 1233 1234
f 1232 1235 1231
f 1234 1233 1236
f 1234 1236 1237
f 1234 1238 1235
f 1237 1236 1239
f 1237 1239 1240
f 1237 1241 1238
f 1240 1239 1242
f 1240 1242 1243
f 1240 1244 1241
f 1243 1242 1245
f 1243 1245 1246
f 1243 1247 1244
f 1246 1245 1248
f 1246 1248 100
f 1246 1249 1247
f 1248 1250 1251
f 1248 1251 101
f 1251 1252 1253
f 1251 1253 1254
f 1253 1255 1256
f 1253 1256 994
f 1256 1257 997
f 1256 997 995
f 1258 1257 1259
f 1258 1260 1001
f 1258 1001 998
f 1261 1260 1262
f 1261 1263 1005
f 1261 1005 1002
f 1264 1263 1265
f 1264 1266 1267
f 1264 1267 1006
f 1268 1266 1269
f 1268 1270 1271
f 1268 1271 1009
f 1272 1270 1273
f 1272 1274 1275
f 1272 1276 1271
f 1276 1275 1277
f 1276 1278 1012
f 1278 1277 1279
f 1278 1280 1013
f 1279 1277 1281
f 1279 1281 1282
f 1279 1283 1280
f 1282 1281 1284
f 1282 1284 1285
f 1282 1027 1283
f 1284 1286 1287
f 1284 1287 1288
f 1288 1287 1289
f 1288 1289 1290
f 1288 1291 1285
f 1290 1289 1292
f 1290 1292 1037
f 1290 1034 1291
f 1292 1293 1294
f 1292 1294 1037
f 1294 1295 1296
f 1294 1296 1038
f 1297 1296 1298
f 1297 1299 1041
f 1297 1041 1039
f 1300 1299 1301
f 1300 1302 1044
f 1300 1044 1042
f 1303 1302 7
f 1303 3 1047
f 1303 1047 1045
f 1304 3 2
f 1304 1305 1050
f 1304 1050 1048
f 1306 1054 1051
f 1306 1305 1307
f 1306 1308 1054
f 1309 1059 1055
f 1309 1308 1310
f 1309 1311 1059
f 1312 1064 1060
f 1312 1311 1313
f 1312 1314 1064
f 1315 1069 1065
f 1315 1314 1316
f 1315 1317 1069
f 1318 1074 1070
f 1318 1317 1319
f 1318 1320 1074
f 1321 1079 1075
f 1321 1320 1322
f 1321 1323 1079
f 1324 1084 1080
f 1324 1323 1325
f 1324 1326 1084
f 1327 1089 1085
f 1327 1326 1328
f 1327 1329 1089
f 1330 1094 1090
f 1330 1329 1331
f 1330 1332 1094
f 1333 1099 1095
f 1333 1332 1334
f 1333 1335 1099
f 1336 1104 1100
f 1336 1335 1337
f 1336 1338 1104
f 1339 1109 1105
f 1339 1338 1340
f 1339 1341 1109
f 1342 1114 1110
f 1342 1341 1343
f 1342 1344 1114
f 1345 1119 1115
f 1345 1344 1346
f 1345 1347 1119
f 1347 1346 1348
f 1347 1349 75
f 1349 1348 1350
f 1349 1351 76
f 1352 1353 1130
f 1352 1130 77
f 1352 1351 1354
f 1354 1355 1353
f 1354 1351 1356
f 1354 1356 1357
f 1357 1358 1355
f 1357 1356 1359
f 1357 1359 1360
f 1360 1361 1358
f 1360 1359 1362
f 1360 1362 1363
f 1363 1364 1361
f 1363 1362 1365
f 1363 1365 1366
f 1366 1367 1364
f 1366 1365 1368
f 1366 1368 1369
f 1369 1370 1367
f 1369 1368 1371
f 1369 1371 1372
f 1372 1373 1370
f 1372 1371 1169
f 1372 1169 1167
f 1371 1374 1171
f 1375 1374 1376
f 1375 1377 1174
f 1375 1174 1172
f 1378 1377 1379
f 1378 1380 1177
f 1378 1177 1175
f 1381 1380 1382
f 1381 1383 1180
f 1381 1180 1178
f 1384 1383 1385
f 1384 1386 1183
f 1384 1183 1181
f 1387 1386 1388
f 1387 1389 1186
f 1387 1186 1184
f 1389 1388 1390
f 1389 1391 1190
f 1391 1390 1392
f 1391 1393 1191
f 1393 1392 1394
f 1393 1395 1193
f 1396 1395 1397
f 1396 1398 1196
f 1396 1196 1194
f 1399 1398 1400
f 1399 1401 1402
f 1399 1402 1197
f 1402 1403 1404
f 1402 1404 1199
f 1404 1405 1406
f 1404 1406 1202
f 1406 1407 1408
f 1406 1408 1409
f 1408 1410 1411
f 1408 1411 1412
f 1412 1210 1409
f 1412 1411 1213
f 1412 1213 1211
f 1411 1413 1215
f 1413 1410 1414
f 1413 1415 1217
f 1415 1414 1416
f 1415 1417 1219
f 1418 1417 1419
f 1418 1419 1222
f 1418 1222 1220
f 1420 1419 1421
f 1420 1422 1225
f 1420 1225 1223
f 1422 1421 1423
f 1422 1424 1425
f 1423 1421 1426
f 1423 40 1427
f 1423 1428 1424
f 1421 1419 1429
f 1429 1417 1416
f 1429 1430 1426
f 1430 1416 1431
f 1430 1432 38
f 1432 1431 1433
f 1432 1434 39
f 1435 1434 1436
f 1435 1437 1438
f 1435 1438 42
f 1438 1439 1440
f 1438 1440 1441
f 1440 1442 1443
f 1440 1443 1444
f 1444 1443 1445
f 1444 1445 1446
f 1444 1447 1441
f 1447 1446 1448
f 1447 1449 43
f 1449 1448 1450
f 1449 1451 44
f 1452 1453 41
f 1452 1451 1454
f 1452 1455 1453
f 1455 1454 1252
f 1455 1250 1456
f 1454 1451 1457
f 1454 1457 1255
f 1457 1450 1259
f 1457 1259 1257
f 1458 1450 1448
f 1458 1459 1262
f 1458 1262 1260
f 1460 1459 1461
f 1460 1462 1265
f 1460 1265 1263
f 1463 1462 1464
f 1463 1465 1269
f 1463 1269 1266
f 1466 1465 1467
f 1466 1468 1273
f 1466 1273 1270
f 1469 1468 1470
f 1469 1471 1472
f 1469 1472 1274
f 1472 1473 1474
f 1472 1475 1274
f 1475 1474 1476
f 1475 1476 1275
f 1477 1474 1478
f 1477 1479 1480
f 1477 1286 1476
f 1479 1478 1481
f 1479 1482 1483
f 1483 1482 1484
f 1483 1485 1486
f 1483 1487 1480
f 1486 1485 1488
f 1486 1488 1295
f 1486 1293 1487
f 1488 1489 1490
f 1488 1490 1491
f 1490 1492 1493
f 1490 1493 1491
f 1494 1493 1495
f 1494 1496 1298
f 1494 1298 1296
f 1497 1496 1498
f 1497 1499 1301
f 1497 1301 1299
f 1499 1498 1500
f 1499 1501 1502
f 1501 1500 1503
f 1501 1504 6
f 1504 1503 1505
f 1504 1506 1507
f 1507 1506 1508
f 1507 1508 1509
f 1507 1510 1511
f 1510 1509 1512
f 1510 1513 5
f 1513 1512 1514
f 1513 1515 1516
f 1517 1518 4
f 1517 1515 1519
f 1517 1520 1518
f 1521 1522 1523
f 1521 1520 1524
f 1521 1525 1522
f 1526 1527 1528
f 1526 1525 1529
f 1526 1530 1527
f 1531 1532 1533
f 1531 1530 1534
f 1531 1535 1532
f 1536 1537 1538
f 1536 1535 1539
f 1536 1540 1537
f 1541 1542 1543
f 1541 1540 1544
f 1541 1545 1542
f 1546 1547 1548
f 1546 1545 1549
f 1546 1550 1547
f 1551 1552 1553
f 1551 1550 1554
f 1551 1555 1552
f 1556 1557 1558
f 1556 1555 1559
f 1556 1560 1557
f 1561 1562 1563
f 1561 1560 1564
f 1561 1565 1562
f 1566 1567 1568
f 1566 1565 1569
f 1566 1570 1567
f 1571 1572 1573
f 1571 1570 1574
f 1571 1575 1572
f 1576 1577 1578
f 1576 1575 50
f 1576 47 1577
f 1579 1580 1581
f 1579 47 46
f 1579 1582 1580
f 1583 1584 1585
f 1583 1585 1586
f 1583 1582 1587
f 1587 1588 1584
f 1587 1582 1589
f 1587 1589 1590
f 1590 1591 1588
f 1590 1589 1592
f 1590 1592 1593
f 1593 1376 1591
f 1593 1592 1379
f 1593 1379 1377
f 1594 1592 1595
f 1594 1595 1382
f 1594 1382 1380
f 1596 1595 1597
f 1596 1597 1385
f 1596 1385 1383
f 1598 1597 1599
f 1598 1600 1388
f 1598 1388 1386
f 1600 1599 1601
f 1600 1602 1390
f 1602 1601 1603
f 1602 1604 1392
f 1604 1603 1605
f 1604 1606 1394
f 1607 1606 1608
f 1607 1609 1397
f 1607 1397 1395
f 1610 1609 1611
f 1610 1612 1400
f 1610 1400 1398
f 1613 1612 1614
f 1613 1615 1616
f 1613 1616 1401
f 1616 1617 1618
f 1616 1618 1403
f 1618 1619 1620
f 1618 1620 1405
f 1620 1433 1621
f 1620 1621 1407
f 1621 1431 1414
f 1621 1414 1410
f 1619 1617 1622
f 1619 1436 1433
f 1622 1617 1623
f 1622 1623 1624
f 1622 1624 1437
f 1624 1625 1626
f 1624 1626 1439
f 1626 1627 1628
f 1626 1628 1442
f 1628 1629 1630
f 1628 1630 1631
f 1630 1632 1633
f 1630 1633 1634
f 1634 1633 1635
f 1634 1635 1636
f 1634 1637 1631
f 1636 1635 1638
f 1636 1638 1464
f 1636 1639 1637
f 1639 1464 1462
f 1639 1461 1445
f 1638 1640 1467
f 1638 1467 1465
f 1641 1640 1642
f 1641 1643 1470
f 1641 1470 1468
f 1644 1643 1645
f 1644 1646 1647
f 1644 1647 1471
f 1647 1648 1649
f 1647 1649 1473
f 1649 1650 1478
f 1649 1478 1474
f 1650 1648 1651
f 1650 1652 1481
f 1653 1652 1654
f 1653 1655 1484
f 1653 1484 1482
f 1656 1655 1657
f 1656 1657 1492
f 1656 1489 1484
f 1657 1658 1659
f 1657 1659 1660
f 1659 1661 1662
f 1659 1662 1663
f 1663 1662 1664
f 1663 1664 1495
f 1663 1495 1493
f 1665 1664 1666
f 1665 1667 1498
f 1665 1498 1496
f 1667 1666 1668
f 1667 1669 1500
f 1669 1668 1670
f 1669 1671 1503
f 1671 1670 1672
f 1671 1673 1505
f 1674 1673 1675
f 1674 1675 1676
f 1674 1677 1506
f 1676 1675 1678
f 1676 1678 1679
f 1676 1680 1677
f 1680 1679 1681
f 1680 1682 1508
f 1682 1681 1683
f 1682 1684 1509
f 1684 1683 1685
f 1684 1686 1512
f 1686 1685 1687
f 1686 1688 1514
f 1689 1519 1515
f 1689 1688 1690
f 1689 1691 1519
f 1692 1524 1520
f 1692 1691 1693
f 1692 1694 1524
f 1695 1529 1525
f 1695 1694 1696
f 1695 1697 1529
f 1698 1534 1530
f 1698 1697 1699
f 1698 1700 1534
f 1701 1539 1535
f 1701 1700 1702
f 1701 1703 1539
f 1704 1544 1540
f 1704 1703 1705
f 1704 1706 1544
f 1707 1549 1545
f 1707 1706 1708
f 1707 1709 1549
f 1710 1554 1550
f 1710 1709 1711
f 1710 1712 1554
f 1713 1559 1555
f 1713 1712 1714
f 1713 1715 1559
f 1716 1564 1560
f 1716 1715 1717
f 1716 1718 1564
f 1719 1569 1565
f 1719 1718 1720
f 1719 1721 1569
f 1722 1574 1570
f 1722 1721 1723
f 1722 1724 1574
f 1724 1723 1725
f 1724 1726 1727
f 1726 1725 1728
f 1726 1729 51
f 1729 1728 1601
f 1729 1601 1599
f 1728 1725 1730
f 1728 1730 1603
f 1730 1731 1732
f 1730 1732 1605
f 1733 1732 1734
f 1733 1734 1735
f 1733 1608 1606
f 1735 1734 1736
f 1735 1736 1737
f 1735 1611 1608
f 1737 1736 1738
f 1737 1738 1739
f 1737 1614 1611
f 1739 1738 1740
f 1739 1740 1625
f 1739 1623 1614
f 1740 1741 1742
f 1740 1742 1627
f 1742 1743 1744
f 1742 1744 1629
f 1744 1745 1746
f 1744 1746 1632
f 1746 1747 1748
f 1746 1748 1749
f 1748 1750 1751
f 1748 1751 1752
f 1752 1751 1753
f 1752 1753 1642
f 1752 1754 1749
f 1753 1755 1645
f 1753 1645 1643
f 1756 1755 1757
f 1756 1758 1759
f 1756 1759 1646
f 1759 1760 1651
f 1759 1651 1648
f 1761 1760 1762
f 1761 1763 1654
f 1761 1654 1652
f 1764 1763 1765
f 1764 1766 1661
f 1764 1658 1654
f 1766 1765 1767
f 1766 1768 1769
f 1768 1767 1770
f 1768 1771 1772
f 1772 1771 1773
f 1772 1774 1775
f 1772 1775 1769
f 1776 1774 1777
f 1776 1778 1666
f 1776 1666 1664
f 1778 1777 1779
f 1778 1780 1668
f 1780 1779 1781
f 1780 1782 1670
f 1782 1781 1783
f 1782 1784 1672
f 1785 1784 1786
f 1785 1786 1787
f 1785 1788 1673
f 1787 1786 1789
f 1787 1789 1790
f 1787 1791 1788
f 1790 1789 1792
f 1790 1792 1793
f 1790 1794 1791
f 1794 1793 1795
f 1794 1796 1678
f 1796 1795 1797
f 1796 1798 1679
f 1798 1797 125
f 1798 1799 1681
f 1799 125 124
f 1799 1800 1683
f 1800 124 1801
f 1800 1802 1685
f 1802 1801 1803
f 1802 1804 1687
f 1805 1690 1688
f 1805 1804 1806
f 1805 1807 1690
f 1808 1693 1691
f 1808 1807 1809
f 1808 1810 1693
f 1811 1696 1694
f 1811 1810 1812
f 1811 1813 1696
f 1814 1699 1697
f 1814 1813 1815
f 1814 1816 1699
f 1817 1702 1700
f 1817 1816 1818
f 1817 1819 1702
f 1820 1705 1703
f 1820 1819 1821
f 1820 1822 1705
f 1823 1708 1706
f 1823 1822 1824
f 1823 1825 1708
f 1826 1711 1709
f 1826 1825 1827
f 1826 1828 1711
f 1829 1714 1712
f 1829 1828 1830
f 1829 1831 1714
f 1832 1717 1715
f 1832 1831 1833
f 1832 1834 1717
f 1835 1720 1718
f 1835 1834 1836
f 1835 1837 1720
f 1838 1723 1721
f 1838 1837 1839
f 1838 1731 1723
f 1837 1836 1839
f 1840 1836 1841
f 1840 1842 1843
f 1840 1843 1732
f 1844 1842 1845
f 1844 1846 1847
f 1844 1848 1843
f 1847 1846 1849
f 1847 1849 1850
f 1847 1851 1848
f 1850 1849 1852
f 1850 1853 1743
f 1850 1741 1851
f 1853 1852 1854
f 1853 1855 1745
f 1855 1854 1856
f 1855 1856 1747
f 1856 1857 1858
f 1856 1858 1750
f 1858 1859 1860
f 1858 1860 1861
f 1860 1862 1863
f 1860 1863 1757
f 1863 1864 1865
f 1863 1865 1758
f 1865 1866 1762
f 1865 1762 1760
f 1867 1866 1868
f 1867 1869 1765
f 1867 1765 1763
f 1869 1868 1870
f 1869 1871 1767
f 1871 1870 1872
f 1871 1873 1770
f 1874 1873 1875
f 1874 1876 1773
f 1874 1773 1771
f 1877 1876 1878
f 1877 1879 1777
f 1877 1777 1774
f 1879 1878 1880
f 1879 1881 1779
f 1881 1880 1882
f 1881 1883 1781
f 1883 1882 1884
f 1883 1885 1783
f 1886 1885 1887
f 1886 1888 1889
f 1886 1890 1783
f 1889 1888 1891
f 1889 1892 1893
f 1889 1894 1890
f 1893 1892 137
f 1893 140 1895
f 1893 1895 1894
f 1896 140 139
f 1896 1897 1898
f 1896 1898 1895
f 1898 1899 1900
f 1898 1900 1793
f 1900 1901 1902
f 1900 1902 1795
f 1902 1903 1904
f 1902 1904 1797
f 1904 1905 127
f 1904 127 125
f 1905 1903 1906
f 1905 1907 128
f 1908 1909 126
f 1908 1907 1910
f 1908 1911 1909
f 1912 1913 1803
f 1912 1911 1914
f 1912 1915 1913
f 1916 1917 1806
f 1916 1915 1918
f 1916 1919 1917
f 1920 1921 1809
f 1920 1919 1922
f 1920 1923 1921
f 1924 1925 1812
f 1924 1923 1926
f 1924 1927 1925
f 1928 1929 1815
f 1928 1927 1930
f 1928 1931 1929
f 1932 1933 1818
f 1932 1931 1934
f 1932 1934 1935
f 1935 1936 1933
f 1935 1934 1937
f 1935 1937 1938
f 1938 1939 1936
f 1938 1937 1940
f 1938 1940 1941
f 1941 1942 1939
f 1941 1940 10
f 1941 10 1943
f 1942 1830 1828
f 1942 1943 1944
f 1944 1833 1830
f 1944 1943 1945
f 1944 1945 1841
f 1945 9 1845
f 1945 1845 1842
f 1940 1946 1947
f 1947 1946 1948
f 1947 1948 1949
f 1947 1950 1951
f 1950 1949 1952
f 1950 1952 1953
f 1952 1954 1955
f 1952 1955 1956
f 1956 1955 1957
f 1956 1957 1958
f 1956 1959 1953
f 1959 1958 1960
f 1959 1961 1962
f 1961 1960 1963
f 1961 1964 1965
f 1965 1966 1962
f 1965 1964 1854
f 1965 1854 1852
f 1966 1967 13
f 1966 1852 1849
f 1964 1963 1859
f 1963 1960 1968
f 1963 1968 1862
f 1968 1969 1970
f 1968 1970 1864
f 1970 1971 1868
f 1970 1868 1866
f 1971 1969 1972
f 1971 1973 1870
f 1973 1972 1974
f 1973 1975 1872
f 1976 1975 1977
f 1976 1978 1875
f 1976 1875 1873
f 1979 1978 1980
f 1979 1981 1878
f 1979 1878 1876
f 1981 1980 1982
f 1981 1983 1880
f 1983 1982 1984
f 1983 1985 1882
f 1985 1984 1986
f 1985 1987 1884
f 1988 1987 1989
f 1988 1990 1887
f 1988 1887 1885
f 1991 1990 1992
f 1991 1993 1891
f 1991 1891 1888
f 1993 1992 1994
f 1993 1995 138
f 1995 1994 1996
f 1995 1997 141
f 1997 1996 1998
f 1997 1999 142
f 2000 2001 1897
f 2000 1897 139
f 2000 1999 2002
f 2002 2003 2001
f 2002 1999 2004
f 2002 2004 2005
f 2005 2006 2007
f 2005 2004 2008
f 2005 2008 2009
f 2009 2010 2011
f 2009 2008 2012
f 2009 2012 2010
f 2013 2014 2015
f 2013 2012 65
f 2013 65 2014
f 2016 2017 2018
f 2016 65 2019
f 2016 2019 2020
f 2020 2021 2017
f 2020 2019 2022
f 2020 2022 2023
f 2023 2024 2021
f 2023 2022 2025
f 2023 2025 2026
f 2026 2027 2024
f 2026 2025 2028
f 2026 2028 2029
f 2029 2030 2031
f 2029 2028 2032
f 2029 2032 2030
f 2033 1948 2034
f 2033 2032 2035
f 2033 2035 1948
f 2035 2036 2037
f 2035 2037 1954
f 2037 2038 2039
f 2037 2039 2040
f 2039 2041 2042
f 2039 2042 2043
f 2043 2042 2044
f 2043 2044 2045
f 2043 2046 2040
f 2045 2044 1977
f 2045 1977 1975
f 2045 1974 2046
f 2047 2044 2048
f 2047 2049 1980
f 2047 1980 1978
f 2049 2048 2050
f 2049 2051 1982
f 2051 2050 2052
f 2051 2053 1984
f 2053 2052 2054
f 2053 2054 1986
f 2055 2054 2056
f 2055 2057 2058
f 2055 1989 1987
f 2058 2057 2059
f 2058 2060 1992
f 2058 1992 1990
f 2060 2059 2061
f 2060 2062 1994
f 2062 2061 2063
f 2062 2064 1996
f 2064 2063 2065
f 2064 2066 1998
f 2065 2067 2068
f 2065 2069 2066
f 2065 2063 2067
f 2070 2071 2072
f 2070 2063 2061
f 2070 2073 2074
f 2074 2075 2071
f 2074 2073 2076
f 2074 2076 2077
f 2077 147 2075
f 2077 2076 2078
f 2077 2078 144
f 2078 2079 2080
f 2078 2080 2081
f 2080 2082 2083
f 2080 2083 2081
f 2084 2085 145
f 2084 2083 2086
f 2084 2041 2085
f 2085 2087 2088
f 2085 2038 2087
f 2087 2036 2089
f 2087 2089 2090
f 2090 2089 2091
f 2090 2091 2092
f 2090 2093 2088
f 2093 2092 2094
f 2093 2095 146
f 2094 2092 2096
f 2094 2096 2097
f 2094 2098 2095
f 2097 2096 63
f 2097 63 62
f 2097 2072 2098
f 2096 2099 2100
f 2092 2091 2099
f 2083 2052 2050
f 2079 2076 2101
f 2079 2056 2082
f 2101 2073 2059
f 2101 2059 2056
f 2072 62 2067
f 2050 2048 2086
f 2031 2102 2103
f 2031 2103 2104
f 2031 2030 2102
f 2104 2103 1931
f 2104 1930 2024
f 2105 1930 1927
f 2105 1926 2106
f 2100 2019 64
f 2106 1926 1923
f 2106 1922 2017
f 2018 1922 1919
f 2018 1918 2014
f 2015 1918 1915
f 2015 1914 2010
f 2012 2069 66
f 2011 1914 1911
f 2011 1910 2006
f 2007 1910 1907
f 2007 1906 2003
f 2107 1906 1903
f 2107 1901 2001
f 1974 1972 1957
f 1972 1969 1958
f 2034 1946 1937
f 1939 1827 1824
f 1936 1824 1821
f 1933 1821 1819
f 1929 1818 1816
f 1925 1815 1813
f 1921 1812 1810
f 1917 1809 1807
f 1913 1806 1804
f 1909 1803 1801
f 1892 1891 138
f 1967 1846 14
f 1841 1836 1834
f 1757 1755 1861
f 1642 1640 1754
f 1599 1597 49
f 1591 2108 2109
f 1588 2109 2110
f 1586 1348 1346
f 1586 2111 1580
f 1586 1585 1348
f 2111 1346 1344
f 2111 1343 1581
f 2112 1343 1341
f 2112 1340 1578
f 2112 1578 1577
f 2113 1340 1338
f 2113 1337 1573
f 2113 1573 1572
f 2114 1337 1335
f 2114 1334 1568
f 2114 1568 1567
f 2115 1334 1332
f 2115 1331 1563
f 2115 1563 1562
f 2116 1331 1329
f 2116 1328 1558
f 2116 1558 1557
f 2117 1328 1326
f 2117 1325 1553
f 2117 1553 1552
f 2118 1325 1323
f 2118 1322 1548
f 2118 1548 1547
f 2119 1322 1320
f 2119 1319 1543
f 2119 1543 1542
f 2120 1319 1317
f 2120 1316 1538
f 2120 1538 1537
f 2121 1316 1314
f 2121 1313 1533
f 2121 1533 1532
f 2122 1313 1311
f 2122 1310 1528
f 2122 1528 1527
f 2123 1310 1308
f 2123 1307 1523
f 2123 1523 1522
f 1585 2124 1350
f 1584 2110 2124
f 1575 1574 1727
f 1523 2125 1518
f 1461 1459 1446
f 1453 1456 2126
f 1453 2126 1427
f 1376 1374 2108
f 1307 1305 2125
f 1302 1301 1502
f 2126 1239 1428
f 1425 1228 1226
f 2127 2128 21
f 2127 21 20
f 2127 1208 2129
f 2129 2130 2128
f 2129 1208 762
f 2129 762 760
f 2131 2132 2133
f 2131 2133 2134
f 2131 2130 2135
f 2135 2136 2132
f 2135 2130 758
f 2135 758 756
f 2137 2138 2139
f 2137 2139 2140
f 2137 2136 2141
f 2141 748 2138
f 2141 2136 754
f 2141 754 750
f 2139 2142 731
f 2139 731 729
f 2142 2138 747
f 2142 739 733
f 2133 2140 727
f 2133 727 726
f 2134 726 16
f 1167 1159 1373
f 1163 2143 2144
f 1163 2144 1157
f 1163 1162 691
f 2144 2145 2146
f 2144 2147 1158
f 2148 2147 2149
f 2148 2150 2151
f 2148 2152 1158
f 2151 2150 2153
f 2151 2154 2155
f 2151 2156 2152
f 2155 2154 2157
f 2155 2157 2158
f 2155 2159 2156
f 2158 2157 2160
f 2158 2160 2161
f 2158 2162 2159
f 2161 2160 2163
f 2161 2163 2164
f 2161 2165 2162
f 2164 2163 87
f 2164 87 90
f 2164 2166 2165
f 2163 2167 88
f 2168 2169 2170
f 2168 2170 91
f 2168 2167 2171
f 2171 2172 2169
f 2171 2167 2173
f 2171 2173 2172
f 2174 2175 2176
f 2174 2173 2177
f 2174 2177 2175
f 2178 2179 2180
f 2178 2177 2154
f 2178 2153 2179
f 2181 2182 2183
f 2181 2153 2150
f 2181 2149 2182
f 2184 2185 2186
f 2184 2149 2147
f 2184 2146 2185
f 2187 2188 2189
f 2187 2146 2190
f 2187 2190 2188
f 2191 55 2192
f 2191 2190 2193
f 2191 2193 58
f 2193 2194 687
f 2193 687 685
f 2194 2190 2145
f 2194 2143 689
f 2192 2195 2196
f 2192 2197 2188
f 2192 55 2195
f 2197 2196 2198
f 2197 2199 2189
f 2200 2199 2201
f 2200 2202 2186
f 2200 2186 2185
f 2203 2202 2204
f 2203 2205 2183
f 2203 2183 2182
f 2206 2205 2207
f 2206 2208 2180
f 2206 2180 2179
f 2209 2208 73
f 2209 2210 2176
f 2209 2176 2175
f 2211 2210 2212
f 2211 2213 2214
f 2211 2214 2172
f 2215 2213 2216
f 2215 2217 2218
f 2215 2218 2214
f 2219 2217 2220
f 2219 2221 2222
f 2219 2222 2170
f 2222 2223 92
f 2222 92 91
f 2224 2223 2225
f 2224 2226 2227
f 2224 2227 89
f 2227 2228 2229
f 2227 2229 90
f 2226 2225 1129
f 2226 1129 1128
f 2230 2225 2231
f 2230 2231 1125
f 2230 1125 1124
f 2232 2231 2233
f 2232 2233 1121
f 2232 1121 1120
f 2234 2233 2235
f 2234 2235 2236
f 2234 2237 1122
f 2237 2236 2238
f 2237 2239 1113
f 2239 2238 2240
f 2239 1108 1107
f 2240 2238 2241
f 2240 2241 2242
f 2240 1103 1108
f 2242 2241 2243
f 2242 2243 2244
f 2242 1098 1097
f 2244 2243 2245
f 2244 2245 2246
f 2244 1093 1098
f 2246 2245 2247
f 2246 2247 2248
f 2246 1088 1087
f 2248 2247 2249
f 2248 2249 1083
f 2248 1083 1082
f 2250 2249 2251
f 2250 2252 1078
f 2250 1078 1077
f 2253 2252 2254
f 2253 2255 1073
f 2253 1073 1072
f 2256 2255 2257
f 2256 57 2258
f 2256 1068 1067
f 2255 2254 2259
f 2259 2260 2196
f 2259 2195 2257
f 2259 2254 2260
f 2261 2262 2263
f 2261 2254 2252
f 2261 2251 2262
f 2264 2265 2266
f 2264 2251 2249
f 2264 2267 2265
f 2268 2269 2270
f 2268 2267 2247
f 2268 2271 2272
f 2272 97 2269
f 2272 2271 2273
f 2272 2273 2274
f 2270 2275 2276
f 2270 2277 2265
f 2270 2269 2275
f 2277 2278 2266
f 2277 2276 2279
f 2279 2280 2278
f 2279 2276 2281
f 2279 2281 2282
f 2282 2283 2280
f 2282 2281 2284
f 2282 2284 2285
f 2285 70 69
f 2285 2284 2286
f 2285 2286 71
f 2286 2287 2288
f 2286 2288 2289
f 2289 2212 71
f 2289 2288 2216
f 2289 2216 2213
f 2290 2288 2291
f 2290 2292 2220
f 2290 2220 2217
f 2293 2292 2294
f 2293 2295 2296
f 2293 2296 2221
f 2294 2292 2297
f 2294 2297 2298
f 2294 2299 2295
f 2298 2297 2300
f 2298 2300 2301
f 2298 2302 2299
f 2302 2301 2303
f 2302 2304 2235
f 2304 2303 2305
f 2304 2306 2236
f 2305 2303 94
f 2305 94 2274
f 2305 2307 2306
f 2303 2301 95
f 2308 2309 2310
f 2308 2310 96
f 2308 2301 2300
f 2310 2311 2275
f 2310 2275 2312
f 2309 2313 2311
f 2309 2300 2314
f 2314 2287 2313
f 2314 2297 2291
f 2315 2316 2204
f 2315 2317 2318
f 2315 2283 2316
f 2317 2204 2202
f 2317 2201 2319
f 2319 2201 2199
f 2319 2198 2263
f 2319 2320 2318
f 2316 2207 2205
f 2316 69 2207
f 2320 2263 2262
f 2263 2198 2260
f 2273 2243 2307
f 2296 2225 2223
f 2212 2210 72
f 2208 2207 68
f 2166 90 2229
f 1130 1126 77
f 1068 2258 1063
f 1063 2258 2321
f 1063 2321 1058
f 2321 56 682
f 2321 682 680
f 1058 680 678
f 994 992 1254
f 989 1249 100
f 969 793 791
f 920 854 133
f 850 849 134
f 967 830 823
f 747 745 739
f 610 608 752
f 608 606 119
f 462 460 107
f 460 458 108
f 261 259 2322
f 256 255 113
f 223 222 284
f 1 3 7
f 4 2125 2
f 5 1516 4
f 6 1511 5
f 7 1502 6
f 9 1943 10
f 10 1951 11
f 11 1953 12
f 12 1962 13
f 8 14 9
f 16 724 17
f 15 19 22
f 15 21 16
f 22 1201 20
f 24 226 25
f 26 304 24
f 23 28 26
f 29 287 27
f 25 284 29
f 31 1026 32
f 30 33 34
f 34 657 35
f 35 801 36
f 36 810 31
f 37 39 42
f 40 1426 38
f 41 1427 40
f 42 1441 43
f 37 44 41
f 45 47 50
f 48 1589 46
f 49 1595 48
f 50 1727 51
f 45 52 49
f 53 55 58
f 56 2258 57
f 57 2257 54
f 58 685 59
f 53 60 56
f 61 63 64
f 61 65 66
f 66 2068 62
f 67 69 70
f 67 71 72
f 67 73 68
f 74 76 77
f 74 78 79
f 79 1119 75
f 80 82 83
f 83 823 84
f 80 85 81
f 86 88 91
f 86 90 87
f 86 92 89
f 93 95 96
f 96 2312 97
f 97 2274 94
f 98 100 101
f 101 1254 102
f 98 103 99
f 104 106 107
f 104 108 109
f 104 110 105
f 111 113 114
f 114 2322 115
f 111 116 112
f 118 752 119
f 117 120 121
f 117 122 118
f 123 125 127
f 126 1801 124
f 123 128 126
f 129 131 132
f 129 133 134
f 129 135 130
f 136 138 141
f 136 140 137
f 136 142 139
f 144 2081 145
f 145 2088 146
f 143 147 144
f 149 929 150
f 148 151 152
f 152 959 149
f 154 174 155
f 153 157 154
f 155 158 156
f 158 159 160
f 160 184 161
f 158 162 156
f 161 190 163
f 162 164 165
f 165 157 156
f 165 166 167
f 167 168 157
f 168 169 170
f 170 172 171
f 168 154 157
f 172 175 173
f 171 174 154
f 175 214 176
f 173 177 174
f 176 220 178
f 177 179 159
f 159 155 174
f 178 225 180
f 180 182 181
f 179 160 159
f 182 185 183
f 181 184 160
f 185 234 186
f 183 187 184
f 186 240 188
f 187 189 190
f 190 161 184
f 188 243 191
f 189 192 193
f 193 163 190
f 193 194 195
f 195 164 163
f 195 196 197
f 197 166 164
f 197 198 199
f 199 200 166
f 200 201 202
f 202 203 169
f 200 167 166
f 203 204 205
f 205 207 206
f 203 170 169
f 207 209 208
f 206 172 170
f 209 211 210
f 208 175 172
f 210 212 213
f 210 214 175
f 213 215 216
f 216 217 214
f 217 218 219
f 219 221 220
f 220 176 214
f 221 222 223
f 221 224 225
f 225 178 220
f 223 25 226
f 226 228 227
f 224 180 225
f 228 230 229
f 227 182 180
f 230 232 231
f 229 185 182
f 232 235 233
f 231 234 185
f 235 316 236
f 233 237 234
f 236 322 238
f 237 239 240
f 240 186 234
f 238 325 241
f 239 242 243
f 243 188 240
f 241 328 244
f 242 245 246
f 246 191 243
f 246 247 248
f 248 192 191
f 248 249 250
f 250 194 192
f 250 251 252
f 252 196 194
f 252 253 254
f 254 198 196
f 254 255 256
f 256 257 198
f 257 199 198
f 257 112 116
f 116 258 201
f 258 115 259
f 259 260 204
f 258 202 201
f 260 261 262
f 262 264 263
f 260 205 204
f 264 266 265
f 263 207 205
f 266 268 267
f 265 209 207
f 268 270 269
f 267 211 209
f 269 271 272
f 272 212 211
f 272 273 274
f 274 215 212
f 274 275 276
f 276 277 215
f 277 278 279
f 279 280 218
f 277 216 215
f 280 281 282
f 282 284 222
f 280 219 218
f 281 285 283
f 283 29 284
f 285 288 286
f 283 287 29
f 288 380 289
f 286 290 287
f 289 387 291
f 290 292 293
f 293 27 287
f 293 294 295
f 295 28 27
f 295 296 297
f 297 298 28
f 298 299 300
f 300 302 301
f 298 26 28
f 302 305 303
f 301 304 26
f 305 412 306
f 303 307 304
f 306 418 308
f 307 309 310
f 310 24 304
f 310 230 228
f 228 226 24
f 308 312 311
f 309 232 230
f 312 314 313
f 311 235 232
f 314 317 315
f 313 316 235
f 317 424 318
f 315 319 316
f 318 430 320
f 319 321 322
f 322 236 316
f 320 434 323
f 321 324 325
f 325 238 322
f 323 438 326
f 324 327 328
f 328 241 325
f 326 441 329
f 327 330 331
f 331 244 328
f 331 332 333
f 333 245 244
f 333 334 335
f 335 247 245
f 335 336 337
f 337 249 247
f 336 339 338
f 338 251 249
f 339 341 340
f 340 253 251
f 341 343 342
f 342 255 253
f 343 345 344
f 342 113 255
f 345 347 346
f 344 114 113
f 346 348 349
f 349 2322 114
f 349 350 351
f 349 261 2322
f 351 352 353
f 351 262 261
f 353 354 355
f 353 264 262
f 355 356 357
f 355 266 264
f 357 358 359
f 359 268 266
f 359 360 361
f 361 270 268
f 361 362 363
f 363 271 270
f 363 364 365
f 365 273 271
f 365 366 367
f 367 275 273
f 367 368 369
f 369 370 275
f 370 371 372
f 372 373 278
f 370 276 275
f 373 374 375
f 373 285 281
f 373 279 278
f 375 376 377
f 375 288 285
f 377 378 379
f 377 380 288
f 379 381 382
f 379 383 380
f 383 384 385
f 383 386 387
f 387 289 380
f 386 388 389
f 389 391 390
f 390 291 387
f 390 392 393
f 393 292 291
f 393 394 395
f 395 294 292
f 395 396 397
f 397 296 294
f 396 524 398
f 398 399 296
f 399 400 401
f 401 402 299
f 399 297 296
f 402 403 404
f 404 406 405
f 402 300 299
f 406 408 407
f 405 302 300
f 408 410 409
f 407 305 302
f 410 413 411
f 409 412 305
f 413 545 414
f 411 415 412
f 414 551 416
f 415 417 418
f 418 306 412
f 416 420 419
f 417 314 312
f 312 308 418
f 420 422 421
f 419 317 314
f 422 425 423
f 421 424 317
f 425 557 426
f 423 427 424
f 426 564 428
f 427 429 430
f 430 318 424
f 429 431 432
f 429 433 434
f 434 320 430
f 433 435 436
f 433 437 438
f 438 323 434
f 437 439 440
f 440 442 441
f 441 326 438
f 442 443 444
f 444 446 445
f 442 329 441
f 445 447 448
f 448 330 329
f 448 449 450
f 450 332 330
f 450 451 452
f 452 334 332
f 451 454 453
f 452 336 334
f 454 456 455
f 453 339 336
f 456 458 457
f 455 341 339
f 458 460 459
f 457 343 341
f 460 462 461
f 459 345 343
f 462 464 463
f 461 347 345
f 463 465 466
f 463 348 347
f 466 467 468
f 468 350 348
f 468 469 470
f 470 352 350
f 470 471 472
f 472 354 352
f 472 473 474
f 474 356 354
f 474 475 476
f 476 358 356
f 476 477 478
f 478 360 358
f 478 479 480
f 480 362 360
f 480 481 482
f 482 364 362
f 482 483 484
f 484 366 364
f 484 485 486
f 486 368 366
f 486 487 488
f 488 489 368
f 489 490 491
f 491 492 371
f 489 369 368
f 492 493 494
f 494 376 374
f 492 372 371
f 494 495 496
f 496 378 376
f 496 497 498
f 498 381 378
f 498 499 500
f 500 501 381
f 501 502 503
f 503 504 384
f 501 382 381
f 504 505 506
f 504 507 388
f 504 385 384
f 507 508 509
f 509 511 510
f 510 389 388
f 510 512 513
f 513 391 389
f 512 515 514
f 514 392 391
f 515 517 516
f 516 394 392
f 517 519 518
f 518 396 394
f 518 520 521
f 521 524 396
f 521 522 523
f 523 525 524
f 525 526 527
f 527 528 400
f 525 398 524
f 528 529 530
f 530 531 403
f 528 401 400
f 531 532 533
f 533 535 534
f 531 404 403
f 534 536 537
f 537 406 404
f 537 538 539
f 539 408 406
f 539 540 541
f 539 410 408
f 541 542 543
f 541 413 410
f 542 546 544
f 543 545 413
f 546 693 547
f 544 548 545
f 547 698 549
f 548 550 551
f 551 414 545
f 549 553 552
f 550 422 420
f 420 416 551
f 553 555 554
f 552 425 422
f 555 558 556
f 554 557 425
f 558 705 559
f 556 560 557
f 560 561 562
f 560 563 564
f 564 426 557
f 563 565 566
f 566 567 431
f 431 428 564
f 567 568 569
f 569 570 435
f 567 432 431
f 570 571 572
f 572 573 439
f 570 436 435
f 573 574 575
f 575 576 443
f 573 440 439
f 576 577 578
f 578 580 579
f 576 444 443
f 580 582 581
f 579 446 444
f 581 583 584
f 584 447 446
f 584 585 586
f 586 449 447
f 585 588 587
f 587 451 449
f 588 590 589
f 587 454 451
f 590 592 591
f 589 456 454
f 592 109 108
f 591 458 456
f 592 593 594
f 594 110 109
f 594 595 596
f 596 597 110
f 597 598 599
f 599 601 600
f 597 105 110
f 601 603 602
f 602 106 105
f 603 465 464
f 464 462 106
f 603 604 605
f 605 467 465
f 605 606 607
f 607 469 467
f 607 608 609
f 609 471 469
f 609 610 611
f 611 473 471
f 611 612 613
f 613 475 473
f 613 614 615
f 615 477 475
f 615 616 617
f 617 479 477
f 617 618 619
f 619 481 479
f 619 620 621
f 621 483 481
f 621 622 623
f 623 485 483
f 623 624 625
f 625 487 485
f 625 626 627
f 627 628 487
f 628 629 630
f 630 631 490
f 628 488 487
f 631 632 633
f 633 495 493
f 631 491 490
f 633 634 635
f 635 497 495
f 635 636 637
f 637 499 497
f 637 638 639
f 639 640 499
f 640 641 642
f 642 643 502
f 640 500 499
f 643 644 645
f 645 646 505
f 643 503 502
f 646 647 648
f 648 649 508
f 646 506 505
f 649 650 651
f 651 653 652
f 649 509 508
f 653 655 654
f 652 511 509
f 655 657 656
f 654 512 511
f 657 34 658
f 656 515 512
f 34 33 659
f 658 517 515
f 33 661 660
f 659 519 517
f 661 663 662
f 662 520 519
f 663 665 664
f 664 522 520
f 665 1036 666
f 666 667 522
f 667 668 669
f 669 670 526
f 667 523 522
f 670 671 672
f 672 673 529
f 670 527 526
f 673 674 675
f 675 676 532
f 673 530 529
f 676 677 678
f 678 680 679
f 676 533 532
f 680 682 681
f 679 535 533
f 681 60 683
f 683 536 535
f 683 59 684
f 684 538 536
f 684 685 686
f 686 540 538
f 686 687 688
f 688 542 540
f 688 689 690
f 690 546 542
f 690 691 692
f 690 693 546
f 691 1162 694
f 692 695 693
f 694 1165 696
f 695 697 698
f 698 547 693
f 696 700 699
f 697 555 553
f 553 549 698
f 700 702 701
f 699 558 555
f 701 703 704
f 701 705 558
f 704 706 707
f 707 708 705
f 708 709 710
f 710 711 561
f 708 559 705
f 711 712 713
f 713 714 565
f 711 562 561
f 714 715 716
f 716 717 568
f 714 566 565
f 717 718 719
f 719 720 571
f 717 569 568
f 720 721 722
f 722 723 574
f 720 572 571
f 723 17 724
f 724 725 577
f 723 575 574
f 724 16 726
f 725 727 728
f 728 578 577
f 728 729 730
f 730 580 578
f 730 731 732
f 732 582 580
f 732 733 734
f 734 583 582
f 733 736 735
f 734 585 583
f 736 738 737
f 735 588 585
f 738 595 593
f 737 590 588
f 738 739 740
f 740 741 595
f 740 745 742
f 742 743 598
f 741 596 595
f 743 122 121
f 121 120 744
f 743 599 598
f 120 606 604
f 744 601 599
f 745 746 122
f 746 747 748
f 748 750 749
f 746 118 122
f 750 753 751
f 749 752 118
f 753 614 612
f 751 610 752
f 753 754 755
f 755 616 614
f 755 756 757
f 757 618 616
f 757 758 759
f 759 620 618
f 759 760 761
f 761 622 620
f 761 762 763
f 763 624 622
f 763 764 765
f 765 626 624
f 765 766 767
f 767 768 626
f 768 769 770
f 770 771 629
f 768 627 626
f 771 772 773
f 773 634 632
f 771 630 629
f 773 774 775
f 775 636 634
f 775 776 777
f 777 638 636
f 777 778 779
f 779 780 638
f 780 781 782
f 782 783 641
f 780 639 638
f 783 784 785
f 785 786 644
f 783 642 641
f 786 787 788
f 788 789 647
f 786 645 644
f 789 790 791
f 791 792 650
f 789 648 647
f 792 793 794
f 794 796 795
f 792 651 650
f 796 798 797
f 795 653 651
f 798 800 799
f 797 655 653
f 799 801 35
f 799 657 655
f 798 883 802
f 800 803 801
f 802 886 804
f 803 805 806
f 806 36 801
f 806 807 808
f 808 810 36
f 809 1024 810
f 807 811 809
f 812 1021 809
f 811 813 814
f 811 815 812
f 816 1018 812
f 814 893 817
f 815 818 816
f 819 827 816
f 817 896 820
f 818 821 819
f 822 824 819
f 820 85 84
f 821 823 822
f 825 1011 826
f 824 827 819
f 824 828 825
f 829 1008 825
f 822 823 830
f 828 831 829
f 832 1003 829
f 830 967 833
f 831 834 832
f 835 999 832
f 833 965 836
f 834 837 835
f 837 839 835
f 836 963 840
f 840 841 838
f 841 843 838
f 841 844 845
f 845 846 842
f 846 848 842
f 846 849 850
f 850 851 847
f 851 853 847
f 851 133 854
f 854 855 852
f 855 857 852
f 854 920 858
f 855 859 856
f 860 986 856
f 858 919 861
f 859 862 860
f 863 983 860
f 861 922 864
f 862 865 863
f 866 980 863
f 864 925 867
f 865 868 866
f 869 977 866
f 867 928 870
f 868 871 869
f 872 971 869
f 871 873 874
f 871 875 872
f 876 968 872
f 875 877 878
f 878 879 876
f 794 793 876
f 879 880 881
f 879 796 794
f 881 882 883
f 881 798 796
f 880 937 884
f 882 885 886
f 886 802 883
f 884 936 887
f 885 888 889
f 889 804 886
f 889 890 891
f 891 805 804
f 813 807 805
f 891 892 813
f 892 814 813
f 890 960 894
f 892 895 893
f 896 817 893
f 895 897 898
f 898 899 896
f 85 820 896
f 899 900 901
f 901 81 85
f 901 902 903
f 903 82 81
f 904 966 82
f 903 905 904
f 906 964 904
f 902 950 907
f 905 908 906
f 909 962 906
f 907 949 910
f 908 911 909
f 135 961 909
f 911 912 913
f 913 130 135
f 913 914 915
f 915 131 130
f 915 916 917
f 917 918 131
f 919 858 920
f 918 132 131
f 918 921 919
f 922 861 919
f 917 916 923
f 921 924 922
f 925 864 922
f 923 956 926
f 924 927 925
f 928 867 925
f 926 150 929
f 927 930 928
f 930 870 928
f 930 149 931
f 931 932 873
f 932 874 873
f 932 933 934
f 934 937 877
f 934 935 936
f 936 884 937
f 933 959 938
f 935 939 940
f 940 887 936
f 941 888 887
f 940 942 941
f 943 960 941
f 939 958 944
f 942 945 943
f 945 897 943
f 944 948 947
f 947 950 946
f 948 951 949
f 949 907 950
f 951 952 953
f 953 914 912
f 951 910 949
f 953 954 955
f 955 916 914
f 955 151 956
f 956 923 916
f 952 958 957
f 954 152 151
f 958 939 938
f 957 959 152
f 948 944 958
f 946 898 897
f 950 902 900
f 897 894 960
f 960 890 888
f 931 149 959
f 956 151 150
f 849 845 844
f 961 962 909
f 961 134 849
f 844 840 963
f 962 964 906
f 963 836 965
f 964 966 904
f 965 833 967
f 966 83 82
f 937 878 877
f 969 972 970
f 968 971 872
f 968 793 969
f 972 1231 973
f 970 974 971
f 973 1235 975
f 974 976 977
f 977 869 971
f 975 1238 978
f 976 979 980
f 980 866 977
f 978 1241 981
f 979 982 983
f 983 863 980
f 981 1244 984
f 982 985 986
f 986 860 983
f 984 1247 987
f 985 988 857
f 857 856 986
f 987 1249 989
f 989 990 853
f 988 852 857
f 990 99 103
f 103 991 848
f 990 847 853
f 991 102 992
f 992 993 843
f 991 842 848
f 993 994 995
f 995 996 839
f 993 838 843
f 996 997 998
f 998 1000 999
f 996 835 839
f 1000 1001 1002
f 1002 1004 1003
f 1003 832 999
f 1004 1005 1006
f 1004 1007 1008
f 1008 829 1003
f 1006 1267 1009
f 1007 1010 1011
f 1011 825 1008
f 1009 1271 1012
f 1010 1013 1014
f 1014 826 1011
f 1014 1015 1016
f 1016 827 826
f 1016 1017 1018
f 1018 816 827
f 1015 1280 1019
f 1017 1020 1021
f 1021 812 1018
f 1019 1283 1022
f 1020 1023 1024
f 1024 809 1021
f 1022 1027 1025
f 1023 1026 31
f 31 810 1024
f 1027 1285 1028
f 1025 1029 1026
f 1028 1291 1030
f 1029 1031 1032
f 1032 32 1026
f 1032 663 661
f 661 33 32
f 1030 1034 1033
f 1031 665 663
f 1034 1037 1035
f 1033 1036 665
f 1035 1038 1039
f 1039 1040 1036
f 1040 1041 1042
f 1042 1043 668
f 1040 666 1036
f 1043 1044 1045
f 1045 1046 671
f 1043 669 668
f 1046 1047 1048
f 1046 1049 674
f 1046 672 671
f 1049 1050 1051
f 1049 1052 677
f 1049 675 674
f 1053 678 677
f 1052 1054 1055
f 1055 1056 1053
f 1056 1058 1053
f 1056 1059 1060
f 1060 1061 1057
f 1061 1063 1057
f 1061 1064 1065
f 1065 1066 1062
f 1066 1068 1062
f 1066 1069 1070
f 1070 1071 1067
f 1071 1073 1067
f 1071 1074 1075
f 1075 1076 1072
f 1076 1078 1072
f 1076 1079 1080
f 1080 1081 1077
f 1081 1083 1077
f 1081 1084 1085
f 1085 1086 1082
f 1086 1088 1082
f 1086 1089 1090
f 1090 1091 1087
f 1091 1093 1087
f 1091 1094 1095
f 1095 1096 1092
f 1096 1098 1092
f 1096 1099 1100
f 1100 1101 1097
f 1101 1103 1097
f 1101 1104 1105
f 1105 1106 1102
f 1106 1108 1102
f 1106 1109 1110
f 1110 1111 1107
f 1111 1113 1107
f 1111 1114 1115
f 1115 1116 1112
f 1116 1118 1112
f 1116 1119 79
f 79 78 1117
f 1118 1121 1122
f 1122 1113 1112
f 1117 1123 1120
f 1123 1125 1120
f 1123 78 1126
f 1126 1127 1124
f 1127 1129 1124
f 1127 1130 1131
f 1131 1132 1128
f 1133 2228 1128
f 1131 1353 1134
f 1132 1135 1133
f 1136 2229 1133
f 1134 1355 1137
f 1135 1138 1136
f 1139 2166 1136
f 1137 1358 1140
f 1138 1141 1139
f 1142 2165 1139
f 1140 1361 1143
f 1141 1144 1142
f 1145 2162 1142
f 1143 1364 1146
f 1144 1147 1145
f 1148 2159 1145
f 1146 1367 1149
f 1147 1150 1148
f 1151 2156 1148
f 1149 1370 1152
f 1150 1153 1151
f 1154 2152 1151
f 1152 1373 1155
f 1153 1156 1154
f 1156 1158 1154
f 1156 1159 1160
f 1160 1161 1157
f 1161 1163 1157
f 1161 1164 1165
f 1165 694 1162
f 1160 1159 1166
f 1164 702 700
f 700 696 1165
f 1166 1167 1168
f 1168 703 702
f 1168 1169 1170
f 1170 706 703
f 1170 1171 1172
f 1172 1173 706
f 1173 1174 1175
f 1175 1176 709
f 1173 707 706
f 1176 1177 1178
f 1178 1179 712
f 1176 710 709
f 1179 1180 1181
f 1181 1182 715
f 1179 713 712
f 1182 1183 1184
f 1184 1185 718
f 1182 716 715
f 1185 1186 1187
f 1187 1188 721
f 1185 719 718
f 1188 1189 18
f 18 15 17
f 1188 722 721
f 1187 1186 1190
f 1189 1191 1192
f 1192 19 18
f 1192 1193 1194
f 1194 1195 19
f 1195 1196 1197
f 1197 1199 1198
f 1195 22 19
f 1199 1202 1200
f 1198 1201 22
f 1202 1409 1203
f 1200 1204 1201
f 1205 20 1201
f 1203 1210 1206
f 1204 1207 1205
f 1208 2127 1205
f 1206 1209 766
f 1207 764 1208
f 1209 1210 1211
f 1211 1212 769
f 1209 767 766
f 1212 1213 1214
f 1214 774 772
f 1212 770 769
f 1214 1215 1216
f 1216 776 774
f 1216 1217 1218
f 1218 778 776
f 1218 1219 1220
f 1220 1221 778
f 1221 1222 1223
f 1223 1224 781
f 1221 779 778
f 1224 1225 1226
f 1226 1227 784
f 1224 782 781
f 1227 1228 1229
f 1229 1230 787
f 1227 785 784
f 1230 1231 972
f 972 969 790
f 1230 788 787
f 1229 1232 1231
f 1228 1425 1233
f 1232 1234 1235
f 1235 973 1231
f 1233 1424 1236
f 1234 1237 1238
f 1238 975 1235
f 1236 1428 1239
f 1237 1240 1241
f 1241 978 1238
f 1239 2126 1242
f 1240 1243 1244
f 1244 981 1241
f 1242 1456 1245
f 1243 1246 1247
f 1247 984 1244
f 1245 1250 1248
f 1246 100 1249
f 1249 987 1247
f 1250 1252 1251
f 1248 101 100
f 1252 1255 1253
f 1251 1254 101
f 1255 1257 1256
f 1253 994 1254
f 1257 1258 997
f 1256 995 994
f 1258 1259 1260
f 1260 1261 1001
f 1258 998 997
f 1261 1262 1263
f 1263 1264 1005
f 1261 1002 1001
f 1264 1265 1266
f 1266 1268 1267
f 1264 1006 1005
f 1268 1269 1270
f 1270 1272 1271
f 1268 1009 1267
f 1272 1273 1274
f 1272 1275 1276
f 1276 1012 1271
f 1276 1277 1278
f 1278 1013 1012
f 1278 1279 1280
f 1280 1015 1013
f 1277 1476 1281
f 1279 1282 1283
f 1283 1019 1280
f 1281 1286 1284
f 1282 1285 1027
f 1027 1022 1283
f 1286 1480 1287
f 1284 1288 1285
f 1287 1487 1289
f 1288 1290 1291
f 1291 1028 1285
f 1289 1293 1292
f 1290 1037 1034
f 1034 1030 1291
f 1293 1295 1294
f 1294 1038 1037
f 1295 1491 1296
f 1296 1297 1038
f 1297 1298 1299
f 1299 1300 1041
f 1297 1039 1038
f 1300 1301 1302
f 1302 1303 1044
f 1300 1042 1041
f 1303 7 3
f 3 1304 1047
f 1303 1045 1044
f 1304 2 1305
f 1305 1306 1050
f 1304 1048 1047
f 1306 1051 1050
f 1306 1307 1308
f 1308 1309 1054
f 1309 1055 1054
f 1309 1310 1311
f 1311 1312 1059
f 1312 1060 1059
f 1312 1313 1314
f 1314 1315 1064
f 1315 1065 1064
f 1315 1316 1317
f 1317 1318 1069
f 1318 1070 1069
f 1318 1319 1320
f 1320 1321 1074
f 1321 1075 1074
f 1321 1322 1323
f 1323 1324 1079
f 1324 1080 1079
f 1324 1325 1326
f 1326 1327 1084
f 1327 1085 1084
f 1327 1328 1329
f 1329 1330 1089
f 1330 1090 1089
f 1330 1331 1332
f 1332 1333 1094
f 1333 1095 1094
f 1333 1334 1335
f 1335 1336 1099
f 1336 1100 1099
f 1336 1337 1338
f 1338 1339 1104
f 1339 1105 1104
f 1339 1340 1341
f 1341 1342 1109
f 1342 1110 1109
f 1342 1343 1344
f 1344 1345 1114
f 1345 1115 1114
f 1345 1346 1347
f 1347 75 1119
f 1347 1348 1349
f 1349 76 75
f 1349 1350 1351
f 1351 1352 76
f 1353 1131 1130
f 1352 77 76
f 1352 1354 1353
f 1355 1134 1353
f 1351 1350 1356
f 1354 1357 1355
f 1358 1137 1355
f 1356 2124 1359
f 1357 1360 1358
f 1361 1140 1358
f 1359 2110 1362
f 1360 1363 1361
f 1364 1143 1361
f 1362 2109 1365
f 1363 1366 1364
f 1367 1146 1364
f 1365 2108 1368
f 1366 1369 1367
f 1370 1149 1367
f 1368 1374 1371
f 1369 1372 1370
f 1373 1152 1370
f 1371 1171 1169
f 1372 1167 1373
f 1374 1375 1171
f 1375 1376 1377
f 1377 1378 1174
f 1375 1172 1171
f 1378 1379 1380
f 1380 1381 1177
f 1378 1175 1174
f 1381 1382 1383
f 1383 1384 1180
f 1381 1178 1177
f 1384 1385 1386
f 1386 1387 1183
f 1384 1181 1180
f 1387 1388 1389
f 1389 1190 1186
f 1387 1184 1183
f 1389 1390 1391
f 1391 1191 1190
f 1391 1392 1393
f 1393 1193 1191
f 1393 1394 1395
f 1395 1396 1193
f 1396 1397 1398
f 1398 1399 1196
f 1396 1194 1193
f 1399 1400 1401
f 1401 1403 1402
f 1399 1197 1196
f 1403 1405 1404
f 1402 1199 1197
f 1405 1407 1406
f 1404 1202 1199
f 1407 1410 1408
f 1406 1409 1202
f 1410 1413 1411
f 1408 1412 1409
f 1210 1203 1409
f 1411 1215 1213
f 1412 1211 1210
f 1413 1217 1215
f 1413 1414 1415
f 1415 1219 1217
f 1415 1416 1417
f 1417 1418 1219
f 1417 1429 1419
f 1419 1420 1222
f 1418 1220 1219
f 1420 1421 1422
f 1422 1425 1225
f 1420 1223 1222
f 1422 1423 1424
f 1424 1233 1425
f 1423 1426 40
f 1423 1427 1428
f 1428 1236 1424
f 1421 1429 1426
f 1429 1416 1430
f 1430 38 1426
f 1430 1431 1432
f 1432 39 38
f 1432 1433 1434
f 1434 1435 39
f 1435 1436 1437
f 1437 1439 1438
f 1435 42 39
f 1439 1442 1440
f 1438 1441 42
f 1442 1631 1443
f 1440 1444 1441
f 1443 1637 1445
f 1444 1446 1447
f 1447 43 1441
f 1447 1448 1449
f 1449 44 43
f 1449 1450 1451
f 1451 1452 44
f 1452 41 44
f 1452 1454 1455
f 1455 1456 1453
f 1455 1252 1250
f 1250 1245 1456
f 1451 1450 1457
f 1454 1255 1252
f 1450 1458 1259
f 1457 1257 1255
f 1458 1448 1459
f 1459 1460 1262
f 1458 1260 1259
f 1460 1461 1462
f 1462 1463 1265
f 1460 1263 1262
f 1463 1464 1465
f 1465 1466 1269
f 1463 1266 1265
f 1466 1467 1468
f 1468 1469 1273
f 1466 1270 1269
f 1469 1470 1471
f 1471 1473 1472
f 1469 1274 1273
f 1472 1474 1475
f 1475 1275 1274
f 1474 1477 1476
f 1476 1277 1275
f 1477 1478 1479
f 1477 1480 1286
f 1286 1281 1476
f 1479 1481 1482
f 1479 1483 1480
f 1483 1484 1485
f 1483 1486 1487
f 1487 1287 1480
f 1485 1489 1488
f 1486 1295 1293
f 1293 1289 1487
f 1489 1492 1490
f 1488 1491 1295
f 1492 1660 1493
f 1493 1494 1491
f 1494 1495 1496
f 1496 1497 1298
f 1494 1296 1491
f 1497 1498 1499
f 1499 1502 1301
f 1497 1299 1298
f 1499 1500 1501
f 1501 6 1502
f 1501 1503 1504
f 1504 1511 6
f 1504 1505 1506
f 1504 1507 1511
f 1506 1677 1508
f 1507 1509 1510
f 1510 5 1511
f 1510 1512 1513
f 1513 1516 5
f 1513 1514 1515
f 1515 1517 1516
f 1517 4 1516
f 1517 1519 1520
f 1520 1521 1518
f 1521 1523 1518
f 1521 1524 1525
f 1525 1526 1522
f 1526 1528 1522
f 1526 1529 1530
f 1530 1531 1527
f 1531 1533 1527
f 1531 1534 1535
f 1535 1536 1532
f 1536 1538 1532
f 1536 1539 1540
f 1540 1541 1537
f 1541 1543 1537
f 1541 1544 1545
f 1545 1546 1542
f 1546 1548 1542
f 1546 1549 1550
f 1550 1551 1547
f 1551 1553 1547
f 1551 1554 1555
f 1555 1556 1552
f 1556 1558 1552
f 1556 1559 1560
f 1560 1561 1557
f 1561 1563 1557
f 1561 1564 1565
f 1565 1566 1562
f 1566 1568 1562
f 1566 1569 1570
f 1570 1571 1567
f 1571 1573 1567
f 1571 1574 1575
f 1575 1576 1572
f 1576 1578 1572
f 1576 50 47
f 47 1579 1577
f 1579 1581 1577
f 1579 46 1582
f 1582 1583 1580
f 1584 2124 1585
f 1583 1586 1580
f 1583 1587 1584
f 1588 2110 1584
f 1582 46 1589
f 1587 1590 1588
f 1591 2109 1588
f 1589 48 1592
f 1590 1593 1591
f 1376 2108 1591
f 1592 1594 1379
f 1593 1377 1376
f 1592 48 1595
f 1595 1596 1382
f 1594 1380 1379
f 1595 49 1597
f 1597 1598 1385
f 1596 1383 1382
f 1598 1599 1600
f 1600 1390 1388
f 1598 1386 1385
f 1600 1601 1602
f 1602 1392 1390
f 1602 1603 1604
f 1604 1394 1392
f 1604 1605 1606
f 1606 1607 1394
f 1607 1608 1609
f 1609 1610 1397
f 1607 1395 1394
f 1610 1611 1612
f 1612 1613 1400
f 1610 1398 1397
f 1613 1614 1615
f 1615 1617 1616
f 1613 1401 1400
f 1617 1619 1618
f 1616 1403 1401
f 1619 1433 1620
f 1618 1405 1403
f 1433 1431 1621
f 1620 1407 1405
f 1431 1416 1414
f 1621 1410 1407
f 1619 1622 1436
f 1436 1434 1433
f 1617 1615 1623
f 1623 1625 1624
f 1622 1437 1436
f 1625 1627 1626
f 1624 1439 1437
f 1627 1629 1628
f 1626 1442 1439
f 1629 1632 1630
f 1628 1631 1442
f 1632 1749 1633
f 1630 1634 1631
f 1633 1754 1635
f 1634 1636 1637
f 1637 1443 1631
f 1635 1640 1638
f 1636 1464 1639
f 1639 1445 1637
f 1639 1462 1461
f 1461 1446 1445
f 1640 1641 1467
f 1638 1465 1464
f 1641 1642 1643
f 1643 1644 1470
f 1641 1468 1467
f 1644 1645 1646
f 1646 1648 1647
f 1644 1471 1470
f 1648 1650 1649
f 1647 1473 1471
f 1650 1481 1478
f 1649 1474 1473
f 1650 1651 1652
f 1652 1653 1481
f 1653 1654 1655
f 1655 1656 1484
f 1653 1482 1481
f 1655 1658 1657
f 1656 1492 1489
f 1489 1485 1484
f 1658 1661 1659
f 1657 1660 1492
f 1661 1769 1662
f 1659 1663 1660
f 1662 1775 1664
f 1664 1665 1495
f 1663 1493 1660
f 1665 1666 1667
f 1667 1500 1498
f 1665 1496 1495
f 1667 1668 1669
f 1669 1503 1500
f 1669 1670 1671
f 1671 1505 1503
f 1671 1672 1673
f 1673 1674 1505
f 1673 1788 1675
f 1674 1676 1677
f 1674 1506 1505
f 1675 1791 1678
f 1676 1679 1680
f 1680 1508 1677
f 1680 1681 1682
f 1682 1509 1508
f 1682 1683 1684
f 1684 1512 1509
f 1684 1685 1686
f 1686 1514 1512
f 1686 1687 1688
f 1688 1689 1514
f 1689 1515 1514
f 1689 1690 1691
f 1691 1692 1519
f 1692 1520 1519
f 1692 1693 1694
f 1694 1695 1524
f 1695 1525 1524
f 1695 1696 1697
f 1697 1698 1529
f 1698 1530 1529
f 1698 1699 1700
f 1700 1701 1534
f 1701 1535 1534
f 1701 1702 1703
f 1703 1704 1539
f 1704 1540 1539
f 1704 1705 1706
f 1706 1707 1544
f 1707 1545 1544
f 1707 1708 1709
f 1709 1710 1549
f 1710 1550 1549
f 1710 1711 1712
f 1712 1713 1554
f 1713 1555 1554
f 1713 1714 1715
f 1715 1716 1559
f 1716 1560 1559
f 1716 1717 1718
f 1718 1719 1564
f 1719 1565 1564
f 1719 1720 1721
f 1721 1722 1569
f 1722 1570 1569
f 1722 1723 1724
f 1724 1727 1574
f 1724 1725 1726
f 1726 51 1727
f 1726 1728 1729
f 1729 52 51
f 1728 1603 1601
f 1729 1599 52
f 1725 1731 1730
f 1730 1605 1603
f 1731 1839 1732
f 1732 1733 1605
f 1732 1843 1734
f 1733 1735 1608
f 1733 1606 1605
f 1734 1848 1736
f 1735 1737 1611
f 1611 1609 1608
f 1736 1851 1738
f 1737 1739 1614
f 1614 1612 1611
f 1738 1741 1740
f 1739 1625 1623
f 1623 1615 1614
f 1741 1743 1742
f 1740 1627 1625
f 1743 1745 1744
f 1742 1629 1627
f 1745 1747 1746
f 1744 1632 1629
f 1747 1750 1748
f 1746 1749 1632
f 1750 1861 1751
f 1748 1752 1749
f 1751 1755 1753
f 1752 1642 1754
f 1754 1633 1749
f 1755 1756 1645
f 1753 1643 1642
f 1756 1757 1758
f 1758 1760 1759
f 1756 1646 1645
f 1760 1761 1651
f 1759 1648 1646
f 1761 1762 1763
f 1763 1764 1654
f 1761 1652 1651
f 1764 1765 1766
f 1764 1661 1658
f 1658 1655 1654
f 1766 1767 1768
f 1766 1769 1661
f 1768 1770 1771
f 1768 1772 1769
f 1772 1773 1774
f 1774 1776 1775
f 1775 1662 1769
f 1776 1777 1778
f 1778 1668 1666
f 1776 1664 1775
f 1778 1779 1780
f 1780 1670 1668
f 1780 1781 1782
f 1782 1672 1670
f 1782 1783 1784
f 1784 1785 1672
f 1784 1890 1786
f 1785 1787 1788
f 1785 1673 1672
f 1786 1894 1789
f 1787 1790 1791
f 1791 1675 1788
f 1789 1895 1792
f 1790 1793 1794
f 1794 1678 1791
f 1794 1795 1796
f 1796 1679 1678
f 1796 1797 1798
f 1798 1681 1679
f 1798 125 1799
f 1799 1683 1681
f 1799 124 1800
f 1800 1685 1683
f 1800 1801 1802
f 1802 1687 1685
f 1802 1803 1804
f 1804 1805 1687
f 1805 1688 1687
f 1805 1806 1807
f 1807 1808 1690
f 1808 1691 1690
f 1808 1809 1810
f 1810 1811 1693
f 1811 1694 1693
f 1811 1812 1813
f 1813 1814 1696
f 1814 1697 1696
f 1814 1815 1816
f 1816 1817 1699
f 1817 1700 1699
f 1817 1818 1819
f 1819 1820 1702
f 1820 1703 1702
f 1820 1821 1822
f 1822 1823 1705
f 1823 1706 1705
f 1823 1824 1825
f 1825 1826 1708
f 1826 1709 1708
f 1826 1827 1828
f 1828 1829 1711
f 1829 1712 1711
f 1829 1830 1831
f 1831 1832 1714
f 1832 1715 1714
f 1832 1833 1834
f 1834 1835 1717
f 1835 1718 1717
f 1835 1836 1837
f 1837 1838 1720
f 1838 1721 1720
f 1838 1839 1731
f 1731 1725 1723
f 1836 1840 1839
f 1840 1841 1842
f 1842 1844 1843
f 1840 1732 1839
f 1844 1845 1846
f 1844 1847 1848
f 1848 1734 1843
f 1846 1967 1849
f 1847 1850 1851
f 1851 1736 1848
f 1850 1852 1853
f 1850 1743 1741
f 1741 1738 1851
f 1853 1854 1855
f 1853 1745 1743
f 1854 1857 1856
f 1855 1747 1745
f 1857 1859 1858
f 1856 1750 1747
f 1859 1862 1860
f 1858 1861 1750
f 1862 1864 1863
f 1860 1757 1861
f 1864 1866 1865
f 1863 1758 1757
f 1866 1867 1762
f 1865 1760 1758
f 1867 1868 1869
f 1869 1767 1765
f 1867 1763 1762
f 1869 1870 1871
f 1871 1770 1767
f 1871 1872 1873
f 1873 1874 1770
f 1874 1875 1876
f 1876 1877 1773
f 1874 1771 1770
f 1877 1878 1879
f 1879 1779 1777
f 1877 1774 1773
f 1879 1880 1881
f 1881 1781 1779
f 1881 1882 1883
f 1883 1783 1781
f 1883 1884 1885
f 1885 1886 1783
f 1886 1887 1888
f 1886 1889 1890
f 1890 1784 1783
f 1889 1891 1892
f 1889 1893 1894
f 1894 1786 1890
f 1893 137 140
f 140 1896 1895
f 1895 1789 1894
f 1896 139 1897
f 1897 1899 1898
f 1898 1792 1895
f 1899 1901 1900
f 1898 1793 1792
f 1901 1903 1902
f 1900 1795 1793
f 1903 1905 1904
f 1902 1797 1795
f 1905 128 127
f 1904 125 1797
f 1905 1906 1907
f 1907 1908 128
f 1908 126 128
f 1908 1910 1911
f 1911 1912 1909
f 1912 1803 1909
f 1912 1914 1915
f 1915 1916 1913
f 1916 1806 1913
f 1916 1918 1919
f 1919 1920 1917
f 1920 1809 1917
f 1920 1922 1923
f 1923 1924 1921
f 1924 1812 1921
f 1924 1926 1927
f 1927 1928 1925
f 1928 1815 1925
f 1928 1930 1931
f 1931 1932 1929
f 1932 1818 1929
f 1931 2103 1934
f 1932 1935 1933
f 1936 1821 1933
f 1934 2102 1937
f 1935 1938 1936
f 1939 1824 1936
f 1937 1946 1940
f 1938 1941 1939
f 1942 1827 1939
f 1940 1951 10
f 1941 1943 1942
f 1942 1828 1827
f 1942 1944 1830
f 1833 1831 1830
f 1943 9 1945
f 1944 1841 1833
f 9 14 1845
f 1945 1842 1841
f 1940 1947 1951
f 1946 2034 1948
f 1947 1949 1950
f 1950 11 1951
f 1949 1954 1952
f 1950 1953 11
f 1954 2040 1955
f 1952 1956 1953
f 1955 2046 1957
f 1956 1958 1959
f 1959 12 1953
f 1959 1960 1961
f 1959 1962 12
f 1961 1963 1964
f 1961 1965 1962
f 1966 13 1962
f 1964 1857 1854
f 1965 1852 1966
f 1967 14 13
f 1966 1849 1967
f 1964 1859 1857
f 1960 1969 1968
f 1963 1862 1859
f 1969 1971 1970
f 1968 1864 1862
f 1971 1870 1868
f 1970 1866 1864
f 1971 1972 1973
f 1973 1872 1870
f 1973 1974 1975
f 1975 1976 1872
f 1976 1977 1978
f 1978 1979 1875
f 1976 1873 1872
f 1979 1980 1981
f 1981 1880 1878
f 1979 1876 1875
f 1981 1982 1983
f 1983 1882 1880
f 1983 1984 1985
f 1985 1884 1882
f 1985 1986 1987
f 1987 1988 1884
f 1988 1989 1990
f 1990 1991 1887
f 1988 1885 1884
f 1991 1992 1993
f 1993 138 1891
f 1991 1888 1887
f 1993 1994 1995
f 1995 141 138
f 1995 1996 1997
f 1997 142 141
f 1997 1998 1999
f 1999 2000 142
f 2001 1899 1897
f 2000 139 142
f 2000 2002 2001
f 2003 2107 2001
f 1999 1998 2004
f 2002 2005 2003
f 2005 2007 2003
f 2004 2066 2008
f 2005 2009 2006
f 2009 2011 2006
f 2008 2069 2012
f 2012 2013 2010
f 2013 2015 2010
f 2012 66 65
f 65 2016 2014
f 2016 2018 2014
f 65 64 2019
f 2016 2020 2017
f 2021 2106 2017
f 2019 2100 2022
f 2020 2023 2021
f 2024 2105 2021
f 2022 2099 2025
f 2023 2026 2024
f 2027 2104 2024
f 2025 2091 2028
f 2026 2029 2027
f 2029 2031 2027
f 2028 2089 2032
f 2032 2033 2030
f 2033 2034 2030
f 2032 2036 2035
f 2035 1949 1948
f 2036 2038 2037
f 2035 1954 1949
f 2038 2041 2039
f 2037 2040 1954
f 2041 2086 2042
f 2039 2043 2040
f 2042 2048 2044
f 2043 2045 2046
f 2046 1955 2040
f 2044 2047 1977
f 2045 1975 1974
f 1974 1957 2046
f 2047 2048 2049
f 2049 1982 1980
f 2047 1978 1977
f 2049 2050 2051
f 2051 1984 1982
f 2051 2052 2053
f 2053 1986 1984
f 2052 2082 2054
f 2054 2055 1986
f 2055 2056 2057
f 2055 2058 1989
f 2055 1987 1986
f 2058 2059 2060
f 2060 1994 1992
f 2058 1990 1989
f 2060 2061 2062
f 2062 1996 1994
f 2062 2063 2064
f 2064 1998 1996
f 2064 2065 2066
f 2066 2004 1998
f 2065 2068 2069
f 2069 2008 2066
f 2063 2070 2067
f 2070 2072 2067
f 2070 2061 2073
f 2070 2074 2071
f 2075 2098 2071
f 2073 2101 2076
f 2074 2077 2075
f 147 2095 2075
f 2076 2079 2078
f 2077 144 147
f 2079 2082 2080
f 2078 2081 144
f 2082 2052 2083
f 2083 2084 2081
f 2084 145 2081
f 2084 2086 2041
f 2041 2038 2085
f 2085 2088 145
f 2038 2036 2087
f 2036 2032 2089
f 2087 2090 2088
f 2089 2028 2091
f 2090 2092 2093
f 2093 146 2088
f 2093 2094 2095
f 2095 147 146
f 2092 2099 2096
f 2094 2097 2098
f 2098 2075 2095
f 2096 2100 63
f 2097 62 2072
f 2072 2071 2098
f 2099 2022 2100
f 2091 2025 2099
f 2083 2050 2086
f 2079 2101 2056
f 2056 2054 2082
f 2073 2061 2059
f 2059 2057 2056
f 62 2068 2067
f 2048 2042 2086
f 2102 1934 2103
f 2031 2104 2027
f 2030 2034 2102
f 2104 1931 1930
f 1930 2105 2024
f 2105 1927 1926
f 2105 2106 2021
f 2100 64 63
f 2106 1923 1922
f 1922 2018 2017
f 2018 1919 1918
f 1918 2015 2014
f 2015 1915 1914
f 1914 2011 2010
f 2069 2068 66
f 2011 1911 1910
f 1910 2007 2006
f 2007 1907 1906
f 1906 2107 2003
f 2107 1903 1901
f 1901 1899 2001
f 1972 1958 1957
f 1969 1960 1958
f 2034 1937 2102
f 1827 1825 1824
f 1824 1822 1821
f 1933 1819 1818
f 1929 1816 1815
f 1925 1813 1812
f 1921 1810 1809
f 1917 1807 1806
f 1913 1804 1803
f 1909 1801 126
f 1892 138 137
f 1846 1845 14
f 1841 1834 1833
f 1755 1751 1861
f 1640 1635 1754
f 1599 49 52
f 2108 1365 2109
f 2109 1362 2110
f 1586 1346 2111
f 2111 1581 1580
f 1585 1350 1348
f 2111 1344 1343
f 1343 2112 1581
f 2112 1341 1340
f 1340 2113 1578
f 2112 1577 1581
f 2113 1338 1337
f 1337 2114 1573
f 2113 1572 1578
f 2114 1335 1334
f 1334 2115 1568
f 2114 1567 1573
f 2115 1332 1331
f 1331 2116 1563
f 2115 1562 1568
f 2116 1329 1328
f 1328 2117 1558
f 2116 1557 1563
f 2117 1326 1325
f 1325 2118 1553
f 2117 1552 1558
f 2118 1323 1322
f 1322 2119 1548
f 2118 1547 1553
f 2119 1320 1319
f 1319 2120 1543
f 2119 1542 1548
f 2120 1317 1316
f 1316 2121 1538
f 2120 1537 1543
f 2121 1314 1313
f 1313 2122 1533
f 2121 1532 1538
f 2122 1311 1310
f 1310 2123 1528
f 2122 1527 1533
f 2123 1308 1307
f 1307 2125 1523
f 2123 1522 1528
f 2124 1356 1350
f 2110 1359 2124
f 1575 1727 50
f 2125 4 1518
f 1459 1448 1446
f 1456 1242 2126
f 1453 1427 41
f 1374 1368 2108
f 1305 2 2125
f 1302 1502 7
f 2126 1428 1427
f 1425 1226 1225
f 2128 2134 21
f 2127 20 1205
f 2127 2129 2128
f 2130 2131 2128
f 1208 764 762
f 2129 760 2130
f 2132 2140 2133
f 2131 2134 2128
f 2131 2135 2132
f 2136 2137 2132
f 2130 760 758
f 2135 756 2136
f 2138 2142 2139
f 2137 2140 2132
f 2137 2141 2138
f 748 747 2138
f 2136 756 754
f 2141 750 748
f 2142 733 731
f 2139 729 2140
f 2142 747 739
f 739 736 733
f 2140 729 727
f 2133 726 2134
f 2134 16 21
f 1159 1155 1373
f 2143 2145 2144
f 2144 1158 1157
f 1163 691 2143
f 2144 2146 2147
f 2147 2148 1158
f 2148 2149 2150
f 2148 2151 2152
f 2152 1154 1158
f 2151 2153 2154
f 2151 2155 2156
f 2156 1151 2152
f 2154 2177 2157
f 2155 2158 2159
f 2159 1148 2156
f 2157 2173 2160
f 2158 2161 2162
f 2162 1145 2159
f 2160 2167 2163
f 2161 2164 2165
f 2165 1142 2162
f 2163 88 87
f 2164 90 2166
f 2166 1139 2165
f 2167 2168 88
f 2169 2218 2170
f 2168 91 88
f 2168 2171 2169
f 2172 2214 2169
f 2167 2160 2173
f 2173 2174 2172
f 2174 2176 2172
f 2173 2157 2177
f 2177 2178 2175
f 2178 2180 2175
f 2178 2154 2153
f 2153 2181 2179
f 2181 2183 2179
f 2181 2150 2149
f 2149 2184 2182
f 2184 2186 2182
f 2184 2147 2146
f 2146 2187 2185
f 2187 2189 2185
f 2146 2145 2190
f 2190 2191 2188
f 2191 2192 2188
f 2190 2194 2193
f 2191 58 55
f 2194 689 687
f 2193 685 58
f 2194 2145 2143
f 2143 691 689
f 2192 2196 2197
f 2197 2189 2188
f 55 54 2195
f 2197 2198 2199
f 2199 2200 2189
f 2200 2201 2202
f 2202 2203 2186
f 2200 2185 2189
f 2203 2204 2205
f 2205 2206 2183
f 2203 2182 2186
f 2206 2207 2208
f 2208 2209 2180
f 2206 2179 2183
f 2209 73 2210
f 2210 2211 2176
f 2209 2175 2180
f 2211 2212 2213
f 2213 2215 2214
f 2211 2172 2176
f 2215 2216 2217
f 2217 2219 2218
f 2218 2169 2214
f 2219 2220 2221
f 2221 2223 2222
f 2219 2170 2218
f 2223 2224 92
f 2222 91 2170
f 2224 2225 2226
f 2226 2228 2227
f 2224 89 92
f 2228 1133 2229
f 2227 90 89
f 2225 2230 1129
f 2226 1128 2228
f 2225 2296 2231
f 2231 2232 1125
f 2230 1124 1129
f 2231 2295 2233
f 2233 2234 1121
f 2232 1120 1125
f 2233 2299 2235
f 2234 2236 2237
f 2234 1122 1121
f 2237 2238 2239
f 2237 1113 1122
f 2239 2240 1108
f 2239 1107 1113
f 2238 2306 2241
f 2240 2242 1103
f 1103 1102 1108
f 2241 2307 2243
f 2242 2244 1098
f 2242 1097 1103
f 2243 2273 2245
f 2244 2246 1093
f 1093 1092 1098
f 2245 2271 2247
f 2246 2248 1088
f 2246 1087 1093
f 2247 2267 2249
f 2249 2250 1083
f 2248 1082 1088
f 2250 2251 2252
f 2252 2253 1078
f 2250 1077 1083
f 2253 2254 2255
f 2255 2256 1073
f 2253 1072 1078
f 2256 2257 57
f 2256 2258 1068
f 2256 1067 1073
f 2255 2259 2257
f 2259 2196 2195
f 2195 54 2257
f 2254 2261 2260
f 2261 2263 2260
f 2261 2252 2251
f 2251 2264 2262
f 2264 2266 2262
f 2264 2249 2267
f 2267 2268 2265
f 2268 2270 2265
f 2268 2247 2271
f 2268 2272 2269
f 97 2312 2269
f 2271 2245 2273
f 2272 2274 97
f 2270 2276 2277
f 2277 2266 2265
f 2269 2312 2275
f 2278 2320 2266
f 2277 2279 2278
f 2280 2318 2278
f 2276 2311 2281
f 2279 2282 2280
f 2283 2315 2280
f 2281 2313 2284
f 2282 2285 2283
f 2285 69 2283
f 2284 2287 2286
f 2285 71 70
f 2287 2291 2288
f 2286 2289 71
f 2212 72 71
f 2288 2290 2216
f 2289 2213 2212
f 2290 2291 2292
f 2292 2293 2220
f 2290 2217 2216
f 2293 2294 2295
f 2295 2231 2296
f 2293 2221 2220
f 2292 2291 2297
f 2294 2298 2299
f 2299 2233 2295
f 2297 2314 2300
f 2298 2301 2302
f 2302 2235 2299
f 2302 2303 2304
f 2304 2236 2235
f 2304 2305 2306
f 2306 2238 2236
f 2303 95 94
f 2305 2274 2307
f 2307 2241 2306
f 2301 2308 95
f 2309 2311 2310
f 2308 96 95
f 2308 2300 2309
f 2311 2276 2275
f 2310 2312 96
f 2313 2281 2311
f 2309 2314 2313
f 2287 2284 2313
f 2314 2291 2287
f 2315 2204 2317
f 2315 2318 2280
f 2283 69 2316
f 2317 2202 2201
f 2317 2319 2318
f 2319 2199 2198
f 2319 2263 2320
f 2320 2278 2318
f 2316 2205 2204
f 69 68 2207
f 2320 2262 2266
f 2198 2196 2260
f 2273 2307 2274
f 2296 2223 2221
f 2210 73 72
f 2208 68 73
f 2166 2229 1136
f 1126 78 77
f 1068 1063 1062
f 2258 56 2321
f 1063 1058 1057
f 56 60 682
f 2321 680 1058
f 1058 678 1053
f 992 102 1254
f 989 100 99
f 969 791 790
f 920 133 132
f 850 134 133
f 967 823 83
f 745 740 739
f 608 119 752
f 606 120 119
f 462 107 106
f 460 108 107
f 259 115 2322
f 256 113 112
f 223 284 25

