# https://github.com/mikedh/trimesh

o Stage1_2Dcross_NEW_Rescaled_1.stl
v -0.03643466 -0.01311903 -0.01304187
v -0.03790164 -0.00616712 -0.01113358
v -0.03788767 -0.00590272 -0.01635784
v -0.03788101 -0.01144361 -0.00616663
v -0.03627286 -0.01894459 -0.01235109
v -0.03778317 -0.01675013 -0.00649201
v 0.03549454 0.01475781 -0.01453679
v 0.03589480 0.01337414 -0.01950510
v 0.03276919 0.02012353 -0.01988533
v 0.03747342 0.00838451 -0.01310439
v 0.03748465 0.00795141 -0.01782483
v 0.03754153 0.01360851 -0.00792428
v 0.03585769 0.01984325 -0.01343330
v 0.03750186 0.01823815 -0.00785983
v 0.03703287 0.01159594 0.01186503
v 0.03685110 0.01062231 0.01751706
v 0.03800662 0.00483910 0.01511110
v 0.03808572 0.00453124 0.00978040
v 0.03809610 0.00947411 0.00451419
v 0.03808072 0.01406225 0.00429397
v 0.03420645 0.01740283 0.01797959
v 0.03692679 0.01638903 0.01041589
v -0.03717484 0.01245397 0.01069513
v -0.03671720 0.01118530 0.01596474
v -0.03413474 0.01885046 0.01759081
v -0.03724436 0.01805822 0.00921563
v -0.03827011 0.01624108 0.00170769
v -0.03806619 0.00524584 0.00816954
v -0.03800363 0.00506005 0.01335678
v -0.03827280 0.01109240 0.00193358
v -0.03726456 -0.01010340 0.01269134
v -0.03490177 -0.01588758 0.01770479
v -0.03744889 -0.00820875 0.01825310
v -0.03828769 -0.00191688 0.01238474
v -0.03693668 -0.01527235 0.01066421
v -0.03798044 -0.00788062 0.00635489
v -0.03796335 -0.01281055 0.00545856
v 0.03759671 -0.00868409 0.01004277
v 0.03536184 -0.01484009 0.01621869
v 0.03747024 -0.01440150 0.00830419
v 0.03769082 -0.00703577 0.01608135
v 0.03822842 -0.01259827 0.00269057
v 0.03826870 -0.00177113 0.00906267
v 0.03829471 -0.00119971 0.01450925
v 0.03823538 -0.00751795 0.00334024
v 0.03509793 -0.01543983 -0.01560558
v 0.03740823 -0.00870277 -0.01354499
v 0.03737710 -0.01334046 -0.00892556
v 0.03524551 -0.01496778 -0.02076932
v 0.03725503 -0.00903175 -0.01854939
v 0.03517557 -0.02044654 -0.01517106
v 0.03141849 -0.02197681 -0.02214265
v 0.03715603 -0.01809229 -0.00939248
v -0.03578000 0.01414538 -0.01397973
v -0.03783225 0.00658019 -0.01166925
v -0.03791263 0.01176623 -0.00590223
v -0.03595554 0.01328027 -0.01909399
v -0.03775327 0.00677868 -0.01674858
v -0.03248349 0.02056908 -0.02041647
v -0.03603488 0.01915588 -0.01303092
v -0.03787345 0.01679992 -0.00593096
v 0.02460367 -0.01865784 -0.04796706
v 0.02513614 -0.01590467 -0.04796706
v 0.02933670 -0.01692823 -0.04796706
v 0.02188858 -0.02007471 -0.04796706
v 0.02135769 -0.01624696 -0.04796706
v 0.02728958 -0.02050367 -0.04796706
v 0.02418826 -0.02384852 -0.04796706
v 0.02374490 0.01800622 0.04803294
v 0.02401236 0.01518603 0.04803294
v 0.02742666 0.01581799 0.04803294
v 0.02092056 0.01919238 0.04803294
v 0.02022409 0.01567382 0.04803294
v 0.02585135 0.01936413 0.04803294
v 0.02265017 0.02220129 0.04803294
v 0.02291214 0.04800085 0.02291929
v 0.01895791 0.04800085 0.02438000
v 0.02447073 0.04800085 0.02514857
v 0.02757315 0.04800085 0.02176364
v 0.02423135 0.04800085 0.02024186
v 0.01915146 0.04800085 0.02051575
v -0.00958908 0.00293810 -0.04796706
v -0.01125913 0.00517321 -0.04796706
v -0.00888669 0.00674316 -0.04796706
v -0.00763895 0.00304308 -0.04796706
v -0.00805881 -0.00059779 -0.04796706
v -0.01058408 0.00050024 -0.04796706
v -0.01339829 0.00247692 -0.04796706
v -0.00916880 -0.00314539 0.04803294
v -0.01064719 -0.00534486 0.04803294
v -0.00835221 -0.00691517 0.04803294
v -0.00726212 -0.00330897 0.04803294
v -0.00988291 -0.00094398 0.04803294
v -0.01251547 -0.00308655 0.04803294
v 0.01543655 0.04800085 -0.02375842
v 0.01265640 0.04800085 -0.02428308
v 0.01345096 0.04800085 -0.02094298
v 0.01693350 0.04800085 -0.02149059
v 0.01694864 0.04800085 -0.02594405
v 0.01325442 0.04800085 -0.02775490
v -0.02793112 -0.00505848 -0.04796706
v -0.03054526 -0.00534486 -0.04796706
v -0.02722959 -0.00211341 -0.04796706
v -0.02617301 -0.00731678 -0.04796706
v -0.02931381 -0.00905640 -0.04796706
v -0.02438242 -0.00406605 -0.04796706
v -0.02792490 0.00530920 0.04803294
v -0.03048093 0.00558874 0.04803294
v -0.02725876 0.00262975 0.04803294
v -0.02448435 0.00473596 0.04803294
v -0.02621707 0.00754260 0.04803294
v -0.02937802 0.00930969 0.04803294
v 0.01237076 -0.04799915 0.02616524
v 0.00931839 -0.04799915 0.02639111
v 0.01057919 -0.04799915 0.02311249
v 0.01395291 -0.04799915 0.02832643
v 0.00984549 -0.04799915 0.02961084
v 0.01418118 -0.04799915 0.02381114
v 0.01249228 -0.04799915 -0.03072140
v 0.00953561 -0.04799915 -0.03063007
v 0.00932632 -0.04799915 -0.03385237
v 0.01476425 -0.04799915 -0.02804976
v 0.01105728 -0.04799915 -0.02664240
v 0.01359622 -0.04799915 -0.03282746
v -0.00408994 0.04800085 0.00449849
v -0.00173227 0.04800085 0.00506486
v -0.00423606 0.04800085 0.00246988
v -0.00981034 0.04800085 0.00430143
v -0.00813278 0.04800085 0.00690518
v -0.00581796 0.04800085 0.00898405
v 0.02061087 0.01492223 -0.04796706
v 0.01814206 0.01618591 -0.04796706
v 0.02336905 0.01734765 -0.04796706
v 0.02554239 0.01381872 -0.04796706
v 0.02100918 0.01221386 -0.04796706
v 0.01751004 0.01250671 -0.04796706
v 0.02069925 -0.01500904 0.04803294
v 0.01821158 -0.01626661 0.04803294
v 0.02341067 -0.01753492 0.04803294
v 0.02568350 -0.01402210 0.04803294
v 0.02124112 -0.01229676 0.04803294
v 0.01774527 -0.01253284 0.04803294
v -0.00554672 0.04800085 -0.01143679
v -0.00325400 0.04800085 -0.01200106
v -0.00579380 0.04800085 -0.01480515
v -0.00566574 0.04800085 -0.00941937
v -0.00827121 0.04800085 -0.01293922
v -0.02463870 -0.04799915 -0.00825986
v -0.02414450 -0.04799915 -0.00596598
v -0.02876963 -0.04799915 -0.00574928
v -0.02786734 -0.04799915 -0.00925938
v -0.02633884 -0.04799915 -0.01263079
v -0.02279624 -0.04799915 -0.01007127
v -0.02094675 -0.04799915 -0.00746823
v -0.00286276 -0.04799915 0.01121329
v -0.00342917 -0.04799915 0.00935971
v -0.00037064 -0.04799915 0.01133419
v -0.00146237 -0.04799915 0.01420695
v -0.00442563 -0.04799915 0.01297920
v -0.00629184 -0.04799915 0.01114883
v -0.00882743 -0.04799915 0.01347700
v -0.01077024 -0.04799915 0.01106613
v -0.00755472 -0.04799915 0.00878952
v -0.00394815 -0.04799915 0.00706404
v -0.00455985 -0.04799915 0.00438110
v -0.00011588 -0.04799915 0.00590228
v 0.00006460 -0.04799915 0.00858315
v -0.00843979 -0.04799915 0.00614894
v -0.00925846 -0.04799915 0.00332599
v -0.01215525 -0.04799915 0.00829878
v -0.01322391 -0.04799915 0.00537997
v -0.01408963 -0.04799915 0.00243278
v -0.01726175 -0.04799915 0.00758917
v -0.01825064 -0.04799915 0.00444378
v -0.02269492 -0.04799915 0.00644850
v -0.02349314 -0.04799915 0.00314389
v -0.01895420 -0.04799915 0.00131013
v -0.01485892 -0.04799915 -0.00059711
v -0.01565988 -0.04799915 -0.00368218
v -0.01094065 -0.04799915 -0.00258147
v -0.01006278 -0.04799915 0.00045033
v -0.01951767 -0.04799915 -0.00179864
v -0.02390213 -0.04799915 -0.00021389
v -0.02409018 -0.04799915 -0.00334138
v -0.02013266 -0.04799915 -0.00482110
v -0.01670560 -0.04799915 -0.00675662
v -0.01821909 -0.04799915 -0.00973588
v -0.01336569 -0.04799915 -0.00891753
v -0.01199814 -0.04799915 -0.00572041
v -0.01533646 -0.04799915 -0.01229200
v -0.00997257 -0.04799915 -0.01106307
v -0.00837387 -0.04799915 -0.00769802
v -0.00458451 -0.04799915 -0.00946501
v -0.00318143 -0.04799915 -0.00611189
v -0.00709744 -0.04799915 -0.00445738
v -0.00206320 -0.04799915 -0.00294371
v -0.00607688 -0.04799915 -0.00137603
v -0.00117893 -0.04799915 0.00010235
v -0.00525461 -0.04799915 0.00154419
v 0.00209012 -0.04799915 -0.00421247
v 0.00300442 -0.04799915 -0.00097630
v 0.00361264 -0.04799915 0.00216052
v -0.00053873 -0.04799915 0.00307247
v 0.00737271 -0.04799915 -0.00178464
v 0.00790408 -0.04799915 0.00161716
v 0.00802157 -0.04799915 0.00499624
v 0.00387253 -0.04799915 0.00526638
v 0.00772293 -0.04799915 0.00839628
v 0.00375589 -0.04799915 0.00838750
v 0.00697513 -0.04799915 0.01185103
v 0.00317050 -0.04799915 0.01157314
v 0.00589480 -0.04799915 0.01529786
v 0.00209945 -0.04799915 0.01490072
v 0.00450369 -0.04799915 0.01869890
v 0.00066324 -0.04799915 0.01808752
v -0.00304123 -0.04799915 0.01717615
v -0.00093924 -0.04799915 0.02161332
v -0.00490000 -0.04799915 0.02051726
v -0.00632950 -0.04799915 0.01566519
v -0.00863718 -0.04799915 0.01886519
v -0.00687882 -0.04799915 0.02411342
v -0.01103366 -0.04799915 0.02226289
v -0.01167942 -0.04799915 0.01645077
v -0.01473300 -0.04799915 0.01966554
v -0.01754111 -0.04799915 0.01655695
v -0.01406845 -0.04799915 0.01370065
v -0.01978708 -0.04799915 0.01323284
v -0.01590592 -0.04799915 0.01069803
v -0.02110050 -0.04799915 0.01951717
v -0.02394077 -0.04799915 0.01587783
v -0.02590976 -0.04799915 0.01210995
v -0.02147611 -0.04799915 0.00986397
v -0.03025180 -0.04799915 0.01422312
v -0.03190976 -0.04799915 0.00998085
v -0.02731430 -0.04799915 0.00832316
v -0.03307596 -0.04799915 0.00588205
v -0.02821396 -0.04799915 0.00459093
v -0.03355258 -0.04799915 0.00170311
v -0.02879941 -0.04799915 0.00099457
v -0.03367722 -0.04799915 -0.00231935
v -0.02896604 -0.04799915 -0.00249058
v -0.03323636 -0.04799915 -0.00635327
v -0.03775443 -0.04799915 -0.00690803
v -0.03656906 -0.04799915 -0.01163954
v -0.03214621 -0.04799915 -0.01051096
v -0.03466825 -0.04799915 -0.01639436
v -0.03040012 -0.04799915 -0.01457709
v -0.03203787 -0.04799915 -0.02113599
v -0.02798984 -0.04799903 -0.01874934
v -0.02410007 -0.04799915 -0.01600845
v -0.02481442 -0.04799915 -0.02254628
v -0.02123496 -0.04799915 -0.01931226
v -0.01796421 -0.04799915 -0.01591789
v -0.02066733 -0.04799915 -0.01297916
v -0.01768369 -0.04799915 -0.02241326
v -0.01466233 -0.04799915 -0.01843844
v -0.01209909 -0.04799915 -0.01469328
v -0.01345005 -0.04799915 -0.02485977
v -0.01081980 -0.04799915 -0.02073231
v -0.00842197 -0.04799915 -0.01678205
v -0.00657407 -0.04799915 -0.02259089
v -0.00436838 -0.04799915 -0.01847760
v -0.00630503 -0.04799915 -0.01298531
v -0.00232175 -0.04799915 -0.01458849
v -0.00002622 -0.04799915 -0.01978685
v 0.00196335 -0.04799915 -0.01587141
v -0.00055722 -0.04799915 -0.01096040
v 0.00372842 -0.04799915 -0.01218706
v 0.00091726 -0.04799915 -0.00751445
v 0.00524466 -0.04799915 -0.00864238
v 0.00647140 -0.04799915 -0.00518437
v 0.00984488 -0.04799915 -0.00955691
v 0.01110537 -0.04799915 -0.00594592
v 0.01197757 -0.04799915 -0.00232779
v 0.01600235 -0.04799915 -0.00659983
v 0.01683279 -0.04799915 -0.00276364
v 0.01243875 -0.04799915 0.00127592
v 0.01721304 -0.04799915 0.00107188
v 0.01711416 -0.04799915 0.00495894
v 0.01242141 -0.04799915 0.00489928
v 0.01657095 -0.04799915 0.00882198
v 0.01194339 -0.04799915 0.00855732
v 0.01544461 -0.04799915 0.01258030
v 0.01111978 -0.04799915 0.01215968
v 0.01399112 -0.04799915 0.01623683
v 0.00985257 -0.04799915 0.01568311
v 0.01230447 -0.04799915 0.01968309
v 0.00835989 -0.04799915 0.01915159
v 0.00692117 -0.04799915 0.02273197
v 0.00305899 -0.04799915 0.02230173
v 0.00581900 -0.04799915 0.02647011
v 0.00170260 -0.04799915 0.02618622
v -0.00263205 -0.04799891 0.02541673
v 0.00078024 -0.04799915 0.03034473
v -0.00415879 -0.04799903 0.02949628
v -0.00894565 -0.04799915 0.02800705
v -0.00540445 -0.04799915 0.03368181
v -0.01095493 -0.04799915 0.03207545
v -0.01355405 -0.04799915 0.02585261
v -0.01616526 -0.04799915 0.02962442
v -0.01775217 -0.04799915 0.02297227
v -0.02077280 -0.04799915 0.02632293
v -0.02474021 -0.04799915 0.02253088
v -0.02409366 -0.04799915 0.02992248
v -0.02850827 -0.04799915 0.02570210
v -0.02796463 -0.04799915 0.01846464
v -0.03206150 -0.04799915 0.02116252
v -0.02858579 -0.04412196 0.02559505
v -0.03209128 -0.04372791 0.02104700
v -0.03473026 -0.04799915 0.01632928
v -0.03474674 -0.04340235 0.01622630
v -0.03663272 -0.04799915 0.01152748
v -0.03660227 -0.04306397 0.01142361
v -0.03777732 -0.04799915 0.00681952
v -0.03774381 -0.04274708 0.00680550
v -0.03830301 -0.04799915 0.00222333
v -0.03828025 -0.04255897 0.00237271
v -0.03827512 -0.04254920 -0.00200097
v -0.03829587 -0.04799915 -0.00230194
v -0.03826731 -0.03711365 -0.00179337
v -0.03778238 -0.03743079 -0.00630974
v -0.03775192 -0.04270154 -0.00650652
v -0.03665219 -0.03796473 -0.01107343
v -0.03663962 -0.04295423 -0.01122496
v -0.03477799 -0.03857130 -0.01604017
v -0.03478739 -0.04321473 -0.01606285
v -0.03209433 -0.03929578 -0.02095801
v -0.03213321 -0.04352015 -0.02089839
v -0.02854257 -0.04018323 -0.02557056
v -0.02861258 -0.04391309 -0.02548628
v -0.02849515 -0.04799915 -0.02565072
v -0.02424167 -0.04447547 -0.02967829
v -0.02415744 -0.04799915 -0.02980926
v -0.02083835 -0.04799915 -0.02617261
v -0.01897666 -0.04799915 -0.03331469
v -0.01615415 -0.04799915 -0.02902295
v -0.01318369 -0.04799915 -0.03598859
v -0.01114218 -0.04799915 -0.03146385
v -0.00890647 -0.04799915 -0.02698740
v -0.00579672 -0.04799915 -0.03304968
v -0.00408127 -0.04799915 -0.02842089
v -0.00212253 -0.04799915 -0.02398072
v 0.00074942 -0.04799915 -0.02932748
v 0.00245144 -0.04799915 -0.02493945
v 0.00446231 -0.04799915 -0.02080501
v 0.00691641 -0.04799915 -0.02578750
v 0.00902005 -0.04799915 -0.02170501
v 0.00645895 -0.04799915 -0.01692851
v 0.01113528 -0.04799915 -0.01791301
v 0.00827463 -0.04799915 -0.01320630
v 0.01309537 -0.04799915 -0.01414787
v 0.01474136 -0.04799915 -0.01037570
v 0.01804239 -0.04799915 -0.01516997
v 0.01981643 -0.04799915 -0.01122803
v 0.02112369 -0.04799915 -0.00721389
v 0.02505618 -0.04799915 -0.01218984
v 0.02648514 -0.04799915 -0.00786246
v 0.02195059 -0.04799915 -0.00312189
v 0.02730240 -0.04799915 -0.00350105
v 0.02226626 -0.04799915 0.00098100
v 0.02756228 -0.04799915 0.00092328
v 0.02729580 -0.04799915 0.00537335
v 0.02207193 -0.04799915 0.00511573
v 0.02639590 -0.04799915 0.00981064
v 0.02131906 -0.04799915 0.00922227
v 0.02501309 -0.04799915 0.01413137
v 0.02010843 -0.04799915 0.01321933
v 0.02295559 -0.04799915 0.01829742
v 0.01839200 -0.04799915 0.01705477
v 0.02046493 -0.04799915 0.02220862
v 0.01633890 -0.04799915 0.02065585
v 0.01759573 -0.04799915 0.02565312
v 0.02420877 -0.04799915 0.02416138
v 0.02042129 -0.04799915 0.02788324
v 0.02331167 -0.04799915 0.03048675
v 0.01822983 -0.04799915 0.03381552
v 0.01596829 -0.04799915 0.03097685
v 0.01263547 -0.04799915 0.03624305
v 0.01103531 -0.04799915 0.03297978
v 0.00665646 -0.04799915 0.03781739
v 0.00588907 -0.04799915 0.03392924
v 0.00546463 -0.04799915 0.03040085
v 0.00031796 -0.04799915 0.03433935
v 0.00028451 -0.04799915 0.03841845
v -0.00629618 -0.04799915 0.03787398
v -0.00627414 -0.04653406 0.03787167
v -0.01275510 -0.04799915 0.03620783
v -0.01279019 -0.04617396 0.03618960
v -0.01877573 -0.04799915 0.03350105
v -0.01884146 -0.04543726 0.03344375
v -0.02416635 -0.04466395 0.02982551
v -0.01876944 -0.04310902 0.03348388
v -0.02407028 -0.04157911 0.02990946
v -0.02846756 -0.04046741 0.02573198
v -0.02378391 -0.03922120 0.03012066
v -0.02815872 -0.03745008 0.02606202
v -0.03199698 -0.03966517 0.02119748
v -0.03174851 -0.03605494 0.02155267
v -0.03465433 -0.03895960 0.01637796
v -0.03447360 -0.03488563 0.01678222
v -0.03653568 -0.03819874 0.01154756
v -0.03643607 -0.03365321 0.01198060
v -0.03770664 -0.03753480 0.00694792
v -0.03765897 -0.03251063 0.00731203
v -0.03824704 -0.03714381 0.00256072
v -0.03824613 -0.03185291 0.00280876
v -0.03756253 -0.02782166 0.00782311
v -0.03821225 -0.02678248 0.00318839
v -0.03831198 -0.02647767 -0.00143166
v -0.03829001 -0.03176282 -0.00161958
v -0.03782553 -0.02705225 -0.00619884
v -0.03781748 -0.03221632 -0.00620779
v -0.03657913 -0.02842786 -0.01142032
v -0.03664810 -0.03311842 -0.01115141
v -0.03445487 -0.03033045 -0.01675214
v -0.03467490 -0.03424305 -0.01629996
v -0.03151163 -0.03247291 -0.02182707
v -0.03186228 -0.03553675 -0.02131168
v -0.02783444 -0.03471278 -0.02636232
v -0.02820645 -0.03705006 -0.02594248
v -0.02345139 -0.03693861 -0.03031864
v -0.02384201 -0.03886561 -0.02999934
v -0.02413510 -0.04125587 -0.02976913
v -0.01878464 -0.04088660 -0.03338631
v -0.01896366 -0.04278223 -0.03330743
v -0.01906333 -0.04526917 -0.03325078
v -0.01319235 -0.04412220 -0.03597426
v -0.01323227 -0.04601771 -0.03596576
v -0.00706735 -0.04484864 -0.03765816
v -0.00706955 -0.04639796 -0.03767782
v -0.00704776 -0.04799915 -0.03769659
v -0.00095029 -0.04652613 -0.03831091
v -0.00094950 -0.04799915 -0.03832093
v -0.00037143 -0.04799903 -0.03386275
v 0.00483377 -0.04799915 -0.03802187
v 0.00464401 -0.04799915 -0.03415806
v 0.00527713 -0.04799915 -0.02998501
v 0.01018155 -0.04799915 -0.03695273
v 0.01034701 -0.04623353 -0.03690360
v 0.01540231 -0.04799915 -0.03510452
v 0.00488016 -0.04647913 -0.03800726
v -0.00093979 -0.04509119 -0.03829723
v 0.00492044 -0.04499134 -0.03799104
v 0.01045974 -0.04455335 -0.03685616
v 0.00493844 -0.04355042 -0.03797350
v 0.01050424 -0.04297742 -0.03683043
v 0.01587631 -0.04367493 -0.03485862
v 0.01570675 -0.04578358 -0.03495230
v 0.01588296 -0.04179737 -0.03484110
v 0.02107309 -0.04211903 -0.03201895
v 0.02094815 -0.04498170 -0.03209252
v 0.02571658 -0.04427247 -0.02839259
v 0.02534109 -0.04799915 -0.02875251
v 0.02057840 -0.04799915 -0.03234201
v 0.02162588 -0.04799915 -0.02627789
v 0.01775400 -0.04799915 -0.02985715
v 0.02522940 -0.04799915 -0.02223578
v 0.02056143 -0.04799915 -0.02046152
v 0.01772519 -0.04799915 -0.02433521
v 0.01586526 -0.04799915 -0.01903254
v 0.01344620 -0.04799915 -0.02285914
v 0.02316690 -0.04799915 -0.01639389
v 0.02799612 -0.04799915 -0.01791162
v 0.03034317 -0.04799915 -0.01330610
v 0.03284866 -0.04799915 -0.01974801
v 0.03543081 -0.04799915 -0.01473690
v 0.03181973 -0.04799915 -0.00861896
v 0.03713370 -0.04799915 -0.00952590
v 0.03274856 -0.04799915 -0.00389964
v 0.03811087 -0.04799915 -0.00436178
v 0.03835257 -0.04799915 0.00078329
v 0.03300931 -0.04799915 0.00089294
v 0.03786648 -0.04799915 0.00607560
v 0.03252859 -0.04799915 0.00572292
v 0.03662649 -0.04799915 0.01148580
v 0.03150674 -0.04799915 0.01056906
v 0.03449795 -0.04799915 0.01677568
v 0.02978384 -0.04799915 0.01535664
v 0.03157278 -0.04799915 0.02183215
v 0.02731729 -0.04799915 0.01991124
v 0.03185879 -0.04384632 0.02134608
v 0.02814822 -0.04420924 0.02604023
v 0.02781021 -0.04799915 0.02644891
v 0.02826162 -0.04070667 0.02592438
v 0.02381283 -0.04168067 0.03008571
v 0.02367465 -0.04475855 0.03017909
v 0.01864834 -0.04312830 0.03353876
v 0.01852371 -0.04551771 0.03361539
v 0.01296078 -0.04437171 0.03611539
v 0.01284042 -0.04616883 0.03616375
v 0.00687137 -0.04504615 0.03775545
v 0.00677249 -0.04650928 0.03779092
v 0.00042080 -0.04526014 0.03837771
v 0.00035367 -0.04661817 0.03839976
v 0.00048581 -0.04393897 0.03836474
v -0.00615341 -0.04369984 0.03787218
v -0.00623020 -0.04508228 0.03787014
v -0.01273795 -0.04437830 0.03620260
v -0.01262583 -0.04281605 0.03623144
v -0.01856369 -0.04116297 0.03358141
v -0.01243875 -0.04140577 0.03630282
v -0.01829672 -0.03958424 0.03372867
v -0.02342484 -0.03739417 0.03041012
v -0.01790994 -0.03806812 0.03393529
v -0.02298038 -0.03569752 0.03073883
v -0.02778922 -0.03524866 0.02646547
v -0.02729380 -0.03318800 0.02697209
v -0.03136618 -0.03318275 0.02208393
v -0.03087076 -0.03059791 0.02277643
v -0.03415683 -0.03127662 0.01742601
v -0.03374594 -0.02809034 0.01822645
v -0.03620029 -0.02943262 0.01262189
v -0.03591049 -0.02565577 0.01344807
v -0.03740677 -0.02336829 0.00855935
v -0.03549784 -0.02205738 0.01449673
v -0.03715634 -0.01921241 0.00956029
v -0.03817002 -0.02183436 0.00378407
v -0.03807505 -0.01719154 0.00458153
v -0.03830448 -0.02126429 -0.00119514
v -0.03830576 -0.01623975 -0.00084633
v -0.03781015 -0.02190259 -0.00639346
v -0.03643973 -0.02385108 -0.01187244
v -0.03359311 -0.02313636 -0.01843758
v -0.03409989 -0.02671229 -0.01745238
v -0.03033798 -0.02701539 -0.02343629
v -0.03099344 -0.02964796 -0.02254467
v -0.02660501 -0.03040284 -0.02759791
v -0.02727573 -0.03246143 -0.02691557
v -0.02235056 -0.03338843 -0.03115943
v -0.02295517 -0.03513392 -0.03069119
v -0.01752689 -0.03595777 -0.03407808
v -0.01802249 -0.03751917 -0.03381463
v -0.01844449 -0.03912379 -0.03358807
v -0.01257450 -0.03941590 -0.03621037
v -0.01287888 -0.04092799 -0.03609232
v -0.01308902 -0.04244837 -0.03600341
v -0.00690793 -0.04197852 -0.03767266
v -0.00701547 -0.04336585 -0.03765358
v -0.00087735 -0.04233387 -0.03829000
v -0.00091684 -0.04368323 -0.03828429
v 0.00493680 -0.04216737 -0.03798834
v -0.00082810 -0.04100684 -0.03830696
v 0.00491165 -0.04080872 -0.03800632
v 0.01046481 -0.04146558 -0.03684292
v 0.01035342 -0.03997193 -0.03688493
v 0.01576248 -0.04008594 -0.03490514
v 0.01554788 -0.03849049 -0.03501125
v 0.02077688 -0.03813404 -0.03218490
v 0.02099948 -0.03997547 -0.03203307
v 0.02044638 -0.03638880 -0.03240572
v 0.02539187 -0.03592811 -0.02869831
v 0.02568265 -0.03802711 -0.02843554
v 0.02979812 -0.03629322 -0.02408551
v 0.02992935 -0.03977845 -0.02392899
v 0.02582974 -0.04077943 -0.02829745
v 0.03322830 -0.03894446 -0.01906061
v 0.03312588 -0.04340662 -0.01925148
v 0.02982596 -0.04377186 -0.02404700
v 0.02951053 -0.04799915 -0.02450690
v 0.03556900 -0.04307508 -0.01420873
v 0.03564139 -0.03818568 -0.01398346
v 0.03719681 -0.04278638 -0.00915384
v 0.03722940 -0.03761378 -0.00896456
v 0.03809707 -0.04267054 -0.00425020
v 0.03808096 -0.03735682 -0.00418014
v 0.03830093 -0.03747425 0.00061027
v 0.03832022 -0.04271424 0.00066991
v 0.03787747 -0.03792713 0.00564197
v 0.03787662 -0.04293275 0.00572407
v 0.03670840 -0.03856165 0.01086034
v 0.03670291 -0.04325501 0.01101386
v 0.03474795 -0.03918934 0.01612567
v 0.03469546 -0.04354652 0.01628925
v 0.03469558 -0.03515333 0.01628541
v 0.03184268 -0.03638673 0.02138480
v 0.03194119 -0.03991053 0.02120970
v 0.03158133 -0.03340613 0.02174241
v 0.02791787 -0.03543348 0.02630718
v 0.02814041 -0.03768665 0.02605492
v 0.02352810 -0.03746192 0.03030779
v 0.02371939 -0.03930250 0.03014034
v 0.01853158 -0.03953101 0.03359189
v 0.01864230 -0.04117530 0.03352585
v 0.01298190 -0.04130884 0.03611047
v 0.01301535 -0.04275428 0.03608936
v 0.00695633 -0.04233338 0.03772412
v 0.00693350 -0.04364991 0.03773244
v 0.00692746 -0.04099842 0.03774036
v 0.00061709 -0.04141798 0.03837387
v 0.00055038 -0.04268226 0.03836104
v -0.00586972 -0.04110450 0.03792627
v -0.00603385 -0.04240833 0.03789380
v -0.01216342 -0.03999317 0.03641276
v -0.01185568 -0.03864954 0.03652836
v -0.01749143 -0.03663245 0.03415833
v -0.01150327 -0.03729261 0.03665001
v -0.01700760 -0.03518787 0.03441324
v -0.02246384 -0.03407691 0.03112840
v -0.02188742 -0.03249244 0.03157266
v -0.02670285 -0.03125330 0.02755472
v -0.02603256 -0.02942701 0.02821058
v -0.03027878 -0.02827613 0.02355020
v -0.02955405 -0.02607496 0.02448985
v -0.03320633 -0.02520997 0.01917124
v -0.03252719 -0.02251160 0.02039073
v -0.02956565 -0.02444581 0.02593294
v -0.03249503 -0.02041651 0.02211643
v -0.03496439 -0.01876771 0.01576890
v -0.03336630 -0.01885963 0.02468479
v -0.03570951 -0.01392359 0.02118547
v -0.03043881 -0.02331275 0.02805462
v -0.03408023 -0.01753345 0.02768373
v -0.03628372 -0.01239429 0.02505911
v -0.03662845 -0.01125953 0.02912516
v -0.03785300 -0.00596766 0.02785444
v -0.03774057 -0.00687354 0.02306320
v -0.03829648 -0.00110023 0.02228561
v -0.03828671 -0.00158326 0.01726552
v -0.03834329 -0.00062611 0.02729159
v -0.03807590 0.00464843 0.02268424
v -0.03804318 0.00483923 0.01796096
v -0.03685153 0.01058605 0.02017036
v -0.03697562 0.01017956 0.02446560
v -0.03460050 0.01652319 0.02363588
v -0.03418399 0.01741772 0.02033786
v -0.03488956 0.01590575 0.02717627
v -0.03123245 0.02223840 0.02752561
v -0.03063706 0.02308520 0.02506593
v -0.02625681 0.02796728 0.02938418
v -0.02621182 0.02907824 0.02804274
v -0.03058658 0.02442626 0.02318468
v -0.03144339 0.02674572 0.02194314
v -0.03490274 0.02218749 0.01585295
v -0.02694626 0.03083215 0.02732406
v -0.03210617 0.02938952 0.02097780
v -0.03542905 0.02583752 0.01461501
v -0.03748935 0.02277197 0.00808088
v -0.03580265 0.02963024 0.01373633
v -0.03765238 0.02750097 0.00731002
v -0.03833237 0.02641027 0.00098285
v -0.03772287 0.03246105 0.00687428
v -0.03833328 0.03163512 0.00077265
v -0.03799222 0.03170397 -0.00521542
v -0.03796720 0.02652819 -0.00538946
v -0.03832810 0.03701196 0.00062498
v -0.03798685 0.03706262 -0.00521102
v -0.03668735 0.03759911 -0.01109271
v -0.03666770 0.03263622 -0.01111742
v -0.03834622 0.04249548 0.00054644
v -0.03796982 0.04252392 -0.00540068
v -0.03659287 0.04279052 -0.01138619
v -0.03409506 0.04316320 -0.01748777
v -0.03426059 0.03850280 -0.01717138
v -0.03792935 0.04800085 -0.00572833
v -0.03645560 0.04800085 -0.01195650
v -0.03381101 0.04800085 -0.01817780
v -0.02983603 0.04800085 -0.02413652
v -0.03027298 0.04365575 -0.02350333
v -0.03128299 0.04800085 -0.01097915
v -0.02886569 0.04800085 -0.01648858
v -0.02526755 0.04800085 -0.02171811
v -0.02051486 0.04800085 -0.02638972
v -0.02451041 0.04800085 -0.02952460
v -0.02412625 0.04800085 -0.01493791
v -0.02094248 0.04800085 -0.01952630
v -0.01671652 0.04800085 -0.02351280
v -0.01176602 0.04800085 -0.02669548
v -0.01490048 0.04800085 -0.03026950
v -0.01659482 0.04800085 -0.01728959
v -0.01288376 0.04800085 -0.02061904
v -0.00852237 0.04800085 -0.02303897
v -0.00387961 0.04800085 -0.02456666
v -0.00636997 0.04800085 -0.02875903
v -0.00914597 0.04800085 -0.01774455
v -0.00548703 0.04800085 -0.01958106
v -0.00157443 0.04800085 -0.02071063
v 0.00240042 0.04800085 -0.02121683
v 0.00065890 0.04800085 -0.02528925
v -0.00274802 0.04800085 -0.01614616
v 0.00051626 0.04800085 -0.01697852
v 0.00407705 0.04800085 -0.01738120
v 0.00769546 0.04800085 -0.01754821
v 0.00625027 0.04800085 -0.02130684
v 0.00225046 0.04800085 -0.01344326
v 0.00554861 0.04800085 -0.01383399
v 0.00900882 0.04800085 -0.01411830
v 0.01011563 0.04800085 -0.01081540
v 0.01261673 0.04800085 -0.01442533
v 0.01127023 0.04800085 -0.01775577
v 0.00667691 0.04800085 -0.01053848
v 0.00744046 0.04800085 -0.00741435
v 0.00342544 0.04800085 -0.01023150
v 0.00417972 0.04800085 -0.00723646
v 0.00460440 0.04800085 -0.00441276
v 0.00101004 0.04800085 -0.00709535
v 0.00139969 0.04800085 -0.00446825
v 0.00170047 0.04800085 -0.00190793
v -0.00209915 0.04800085 -0.00449780
v -0.00176828 0.04800085 -0.00205300
v -0.00118833 0.04800085 0.00029847
v -0.00607370 0.04800085 -0.00199789
v -0.00534726 0.04800085 0.00041369
v -0.01098172 0.04800085 0.00152712
v -0.01154642 0.04800085 -0.00158512
v -0.01701181 0.04800085 -0.00102468
v -0.01648593 0.04800085 0.00278506
v -0.01522208 0.04800085 0.00640629
v -0.02061447 0.04800085 0.00846696
v -0.01827933 0.04800085 0.01258638
v -0.01319089 0.04800085 0.00975795
v -0.01490879 0.04800085 0.01613878
v -0.01037363 0.04800085 0.01261714
v -0.01079227 0.04800085 0.01904257
v -0.00688590 0.04800085 0.01490217
v -0.00307059 0.04800085 0.01072207
v -0.00291757 0.04800085 0.01652165
v 0.00017923 0.04800085 0.01200828
v 0.00014773 0.04800085 0.00643433
v 0.00274185 0.04800085 0.00770008
v 0.00420035 0.04800085 0.00410647
v 0.00160159 0.04800085 0.00315784
v 0.00470633 0.04800085 0.00113999
v 0.00185605 0.04800085 0.00065228
v -0.00080796 0.04800085 0.00248652
v 0.00787710 0.04800085 0.00164045
v 0.00806009 0.04800085 -0.00139398
v 0.00478897 0.04800085 -0.00166141
v 0.01158182 0.04800085 -0.00121109
v 0.01142264 0.04800085 -0.00439613
v 0.00790262 0.04800085 -0.00437618
v 0.01523855 0.04800085 -0.00447887
v 0.01469296 0.04800085 -0.00781581
v 0.01092959 0.04800085 -0.00758768
v 0.01873630 0.04800085 -0.00817721
v 0.01770663 0.04800085 -0.01161914
v 0.01379403 0.04800085 -0.01114347
v 0.02191226 0.04800085 -0.01236798
v 0.02049392 0.04800085 -0.01571527
v 0.01640249 0.04800085 -0.01492556
v 0.01871036 0.04800085 -0.01885256
v 0.01492251 0.04800085 -0.01811511
v 0.01000003 0.04800085 -0.02115577
v 0.00909353 0.04800085 -0.02499853
v 0.00496689 0.04800085 -0.02542348
v 0.00912881 0.04800085 -0.02891072
v 0.00432895 0.04800085 -0.02967514
v -0.00085031 0.04800085 -0.02951792
v 0.00397470 0.04800085 -0.03381665
v -0.00211679 0.04800085 -0.03373768
v -0.00852439 0.04800085 -0.03267763
v -0.00319760 0.04800085 -0.03821049
v -0.01067130 0.04800085 -0.03683536
v -0.01797519 0.04800085 -0.03389763
v -0.01096329 0.04614282 -0.03674207
v -0.01840543 0.04539623 -0.03362836
v -0.02500827 0.04440283 -0.02904266
v -0.01865286 0.04289806 -0.03348007
v -0.02522495 0.04096166 -0.02885791
v -0.03048557 0.03954760 -0.02324229
v -0.02515030 0.03821313 -0.02891176
v -0.03041623 0.03594262 -0.02331523
v -0.03425705 0.03412389 -0.01718828
v -0.03016208 0.03311047 -0.02366180
v -0.03406693 0.03026501 -0.01754494
v -0.03654001 0.02791833 -0.01147739
v -0.03370365 0.02671069 -0.01819723
v -0.03631705 0.02353649 -0.01215095
v -0.03792484 0.02154125 -0.00570240
v -0.03830179 0.02128539 0.00130451
v -0.03316605 0.02340600 -0.01918413
v -0.02972409 0.03046508 -0.02418354
v -0.02911881 0.02801867 -0.02491587
v -0.02399008 0.03220385 -0.02988482
v -0.02341104 0.03054345 -0.03035985
v -0.02839926 0.02595727 -0.02574486
v -0.02449808 0.03408422 -0.02945072
v -0.01823630 0.03728649 -0.03370346
v -0.01788449 0.03569738 -0.03389295
v -0.02490427 0.03611340 -0.02911116
v -0.01852689 0.03898583 -0.03354251
v -0.01130631 0.04116772 -0.03661184
v -0.01119211 0.03965136 -0.03665788
v -0.01868741 0.04079919 -0.03344130
v -0.01131040 0.04268920 -0.03660861
v -0.00372983 0.04353832 -0.03812527
v -0.00382694 0.04219543 -0.03812560
v -0.01120096 0.04433556 -0.03664807
v -0.00358762 0.04498791 -0.03814846
v 0.00362246 0.04500976 -0.03814455
v 0.00346597 0.04358495 -0.03814303
v -0.00339591 0.04647924 -0.03818323
v 0.00378604 0.04648193 -0.03815332
v 0.01026742 0.04623644 -0.03692501
v 0.01013424 0.04456762 -0.03694610
v 0.00392801 0.04800085 -0.03815623
v 0.01036447 0.04800085 -0.03690691
v 0.01604373 0.04800085 -0.03480112
v 0.00960745 0.04800085 -0.03289000
v 0.01459421 0.04800085 -0.03125183
v 0.01892294 0.04800085 -0.02890974
v 0.02103720 0.04800085 -0.03206694
v 0.02538638 0.04800085 -0.02871148
v 0.02107968 0.04495593 -0.03201519
v 0.01602560 0.04575988 -0.03480190
v 0.02267752 0.04800085 -0.02594514
v 0.02591409 0.04800085 -0.02260856
v 0.02008719 0.04800085 -0.02342017
v 0.02244229 0.04800085 -0.02049774
v 0.02459183 0.04800085 -0.01706348
v 0.02852701 0.04800085 -0.01876766
v 0.03060415 0.04800085 -0.01464509
v 0.03228091 0.04800085 -0.02069519
v 0.02913150 0.04800085 -0.02492521
v 0.02632242 0.04800085 -0.01335867
v 0.02751468 0.04800085 -0.00946687
v 0.02303531 0.04800085 -0.00872888
v 0.03200479 0.04800085 -0.01037808
v 0.03298514 0.04800085 -0.00600903
v 0.03660306 0.04800085 -0.01148505
v 0.03475674 0.04800085 -0.01616242
v 0.02835635 0.04800085 -0.00544765
v 0.02870511 0.04800085 -0.00136375
v 0.02377377 0.04800085 -0.00499428
v 0.02405911 0.04800085 -0.00118490
v 0.02389566 0.04800085 0.00261612
v 0.02857144 0.04800085 0.00269282
v 0.01960812 0.04800085 -0.00109976
v 0.01938534 0.04800085 0.00251182
v 0.01875540 0.04800085 0.00616740
v 0.02329959 0.04800085 0.00642010
v 0.01541983 0.04800085 -0.00110861
v 0.01519046 0.04800085 0.00234285
v 0.01454019 0.04800085 0.00589317
v 0.01341299 0.04800085 0.00964104
v 0.01775107 0.04800085 0.00986551
v 0.01135916 0.04800085 0.00205928
v 0.01068435 0.04800085 0.00552699
v 0.00946988 0.04800085 0.00926483
v 0.00778262 0.04800085 0.01342716
v 0.01198184 0.04800085 0.01364100
v 0.00717752 0.04800085 0.00495885
v 0.00587637 0.04800085 0.00862898
v 0.00382522 0.04800085 0.01290263
v 0.00139145 0.04800085 0.01751849
v 0.00588113 0.04800085 0.01796378
v 0.00405069 0.04800085 0.02277753
v 0.00907699 0.04800085 0.02259209
v 0.01048794 0.04800085 0.01792189
v 0.01419912 0.04800085 0.02170331
v 0.01521658 0.04800085 0.01758880
v 0.01649917 0.04800085 0.01364646
v 0.02009152 0.04800085 0.01728306
v 0.02123062 0.04800085 0.01375335
v 0.02235916 0.04800085 0.01013962
v 0.02597647 0.04800085 0.01427060
v 0.02708780 0.04800085 0.01060766
v 0.02800332 0.04800085 0.00672383
v 0.03173477 0.04800085 0.01130209
v 0.03274429 0.04800085 0.00710652
v 0.03332449 0.04800085 0.00277362
v 0.03764712 0.04800085 0.00754183
v 0.03824991 0.04800085 0.00287355
v 0.03341519 0.04800085 -0.00160665
v 0.03829495 0.04800085 -0.00189188
v 0.03824466 0.04278710 0.00265038
v 0.03826004 0.04270605 -0.00193983
v 0.03772622 0.04279174 -0.00653093
v 0.03776809 0.04800085 -0.00667249
v 0.03771231 0.03762560 -0.00659070
v 0.03661599 0.03801623 -0.01115622
v 0.03663199 0.04300475 -0.01118928
v 0.03487991 0.03855529 -0.01582127
v 0.03487771 0.04318639 -0.01586091
v 0.03238589 0.03919982 -0.02047117
v 0.03241873 0.04346203 -0.02040818
v 0.02919986 0.03996398 -0.02481227
v 0.02929019 0.04384667 -0.02469466
v 0.02537063 0.04088574 -0.02871230
v 0.02548099 0.04430798 -0.02860159
v 0.02506058 0.03820068 -0.02896937
v 0.02066928 0.04003967 -0.03226014
v 0.02092715 0.04213879 -0.03211945
v 0.01568710 0.04184826 -0.03493153
v 0.01589102 0.04364745 -0.03485237
v 0.00995987 0.04300451 -0.03698280
v 0.00972622 0.04157385 -0.03705364
v 0.00330417 0.04224902 -0.03816016
v 0.00944021 0.04010387 -0.03713248
v 0.00312906 0.04086083 -0.03818653
v -0.00387113 0.04079980 -0.03813705
v 0.00296029 0.03956603 -0.03820440
v -0.00389121 0.03946899 -0.03814930
v -0.01103189 0.03820275 -0.03670837
v -0.00389719 0.03819335 -0.03816083
v -0.01083298 0.03681225 -0.03676771
v -0.01750656 0.03428039 -0.03409932
v -0.01127567 0.03667626 -0.03810910
v -0.01808097 0.03382836 -0.03547355
v -0.02412436 0.02981200 -0.03194803
v -0.01870566 0.03348730 -0.03705032
v -0.02486417 0.02918090 -0.03384731
v -0.02991995 0.02396105 -0.03025374
v -0.02919327 0.02486181 -0.02782960
v -0.03371713 0.01816601 -0.02657783
v -0.03314444 0.01923266 -0.02329261
v -0.03415030 0.01740392 -0.03011843
v -0.03647568 0.01172179 -0.02783935
v -0.03622678 0.01243432 -0.02346265
v -0.03783866 0.00619860 -0.02643181
v -0.03778171 0.00658617 -0.02147780
v -0.03833994 0.00060839 -0.02593558
v -0.03833359 0.00053442 -0.02085713
v -0.03833548 0.00031481 -0.01590260
v -0.03833090 0.00001147 -0.01086191
v -0.03807004 -0.00610145 -0.00554069
v -0.03835562 -0.00033253 -0.00520232
v -0.03810166 0.00571508 -0.00532057
v -0.03835141 -0.00647266 0.00042030
v -0.03837729 -0.00072083 0.00097515
v -0.03833554 0.00526305 0.00144675
v -0.03833451 -0.00132581 0.00705712
v -0.03832682 -0.01144300 -0.00027047
v -0.03797702 -0.00538795 -0.02136548
v -0.03803025 -0.00494532 -0.02637704
v -0.03664206 -0.01120338 -0.02337576
v -0.03639908 -0.01199793 -0.01863716
v -0.03683969 -0.01055274 -0.02787670
v -0.03427402 -0.01712086 -0.02636497
v -0.03367575 -0.01828467 -0.02289251
v -0.03037113 -0.02342908 -0.02677799
v -0.02955973 -0.02472205 -0.02444950
v -0.03294052 -0.01979822 -0.01962995
v -0.02587009 -0.02860474 -0.02830276
v -0.02659360 -0.02764088 -0.03017642
v -0.02231919 -0.03121009 -0.03320104
v -0.02176187 -0.03189283 -0.03159887
v -0.01705503 -0.03461756 -0.03432618
v -0.01749362 -0.03412708 -0.03577981
v -0.01189603 -0.03669727 -0.03647848
v -0.01222360 -0.03796412 -0.03635053
v -0.00654416 -0.03919752 -0.03775272
v -0.00674521 -0.04058497 -0.03771399
v -0.00077017 -0.03968934 -0.03832241
v -0.00634921 -0.03799146 -0.03778680
v -0.00069150 -0.03837305 -0.03833103
v 0.00486288 -0.03945960 -0.03802133
v 0.00481265 -0.03806861 -0.03804409
v 0.01018417 -0.03851270 -0.03693523
v 0.01002255 -0.03721912 -0.03698018
v 0.01525723 -0.03691822 -0.03516987
v 0.01498788 -0.03556324 -0.03528897
v 0.02002279 -0.03470496 -0.03267726
v 0.01958572 -0.03321094 -0.03295387
v 0.02436758 -0.03187855 -0.02958533
v 0.02495413 -0.03388026 -0.02907306
v 0.02380264 -0.03007557 -0.03024112
v 0.02835220 -0.02863990 -0.02576165
v 0.02899246 -0.03105604 -0.02501210
v 0.03253018 -0.02796973 -0.02022993
v 0.03292825 -0.03124793 -0.01958678
v 0.02948050 -0.03359730 -0.02448211
v 0.03551944 -0.02905579 -0.01433936
v 0.03562320 -0.03351490 -0.01402123
v 0.03315994 -0.03484241 -0.01917062
v 0.03725528 -0.03252723 -0.00895300
v 0.03722500 -0.02760071 -0.00912316
v 0.03810159 -0.03213587 -0.00413429
v 0.03810953 -0.02705530 -0.00409604
v 0.03831595 -0.02735023 0.00088792
v 0.03830740 -0.03235950 0.00068568
v 0.03781387 -0.02836842 0.00604016
v 0.03787784 -0.03306031 0.00574074
v 0.03658182 -0.02969886 0.01136955
v 0.03668240 -0.03404627 0.01102296
v 0.03640506 -0.02573853 0.01200299
v 0.03418484 -0.02818970 0.01732500
v 0.03449661 -0.03147425 0.01668344
v 0.03370669 -0.02503492 0.01824355
v 0.03069302 -0.02824598 0.02298692
v 0.03119912 -0.03073890 0.02230081
v 0.02705606 -0.03124403 0.02719188
v 0.02753933 -0.03328419 0.02668935
v 0.02282589 -0.03400050 0.03084630
v 0.02321811 -0.03569886 0.03053584
v 0.01802011 -0.03647156 0.03387531
v 0.01829971 -0.03797217 0.03372444
v 0.01269461 -0.03845154 0.03622877
v 0.01284842 -0.03983485 0.03616395
v 0.01248031 -0.03704529 0.03631582
v 0.00680850 -0.03840040 0.03777344
v 0.00687918 -0.03971229 0.03775938
v 0.00074850 -0.03896058 0.03839045
v 0.00068411 -0.04020277 0.03838713
v -0.00548490 -0.03858375 0.03799252
v -0.00569498 -0.03985560 0.03795816
v -0.00543863 -0.03796546 0.03861715
v -0.01148599 -0.03662098 0.03732719
v -0.01180875 -0.03651099 0.03870453
v -0.01752530 -0.03410731 0.03664710
v -0.01701749 -0.03437440 0.03521457
v -0.02191947 -0.03151771 0.03250803
v -0.02256711 -0.03102686 0.03405830
v -0.02607376 -0.02813966 0.02940899
v -0.02685391 -0.02738087 0.03117402
v -0.02314481 -0.03057899 0.03565249
v -0.02753794 -0.02667640 0.03309218
v -0.03116043 -0.02234998 0.03040053
v -0.02813553 -0.02606238 0.03516006
v -0.03178501 -0.02146644 0.03297968
v -0.03227817 -0.02071290 0.03602904
v -0.03501157 -0.01562012 0.03469700
v -0.03459940 -0.01647388 0.03094947
v -0.03261508 -0.02014161 0.03960074
v -0.03528824 -0.01494654 0.03885282
v -0.03705203 -0.00971973 0.03818423
v -0.03687015 -0.01040003 0.03355237
v -0.03797812 -0.00524634 0.03270393
v -0.03802738 -0.00468055 0.03770584
v -0.03833530 -0.00019984 0.03235759
v -0.03832474 0.00021325 0.03753531
v -0.03806150 0.00473193 0.03260943
v -0.03807389 0.00459789 0.02758139
v -0.03800785 0.00504052 0.03770198
v -0.03702207 0.00989318 0.03350971
v -0.03702799 0.00995190 0.02884130
v -0.03507187 0.01548058 0.03080993
v -0.03516220 0.01529882 0.03479423
v -0.03205503 0.02106408 0.03295028
v -0.03168833 0.02158093 0.03020846
v -0.03224295 0.02077258 0.03611510
v -0.02785819 0.02636083 0.03538643
v -0.02743186 0.02679968 0.03326739
v -0.02213736 0.03131994 0.03623097
v -0.02162320 0.03169164 0.03463580
v -0.02688834 0.02734533 0.03124298
v -0.01540109 0.03513854 0.03752647
v -0.02102909 0.03208019 0.03310541
v -0.01490134 0.03536071 0.03614381
v -0.02095706 0.03293957 0.03216830
v -0.01480258 0.03605785 0.03543159
v -0.02152097 0.03446679 0.03180421
v -0.01516690 0.03747814 0.03527632
v -0.02202011 0.03605615 0.03144520
v -0.02758902 0.03282324 0.02665114
v -0.01546280 0.03888683 0.03512398
v -0.02243344 0.03774450 0.03116241
v -0.02811594 0.03498205 0.02611607
v -0.03259055 0.03230309 0.02019331
v -0.02845981 0.03735485 0.02573783
v -0.03292136 0.03557543 0.01965121
v -0.03601047 0.03386645 0.01319205
v -0.03309268 0.03938842 0.01937653
v -0.03609354 0.03842187 0.01293929
v -0.03773300 0.03753503 0.00663313
v -0.03608463 0.04316955 0.01300004
v -0.03774338 0.04275707 0.00660639
v -0.03777262 0.04800085 0.00685120
v -0.03838748 0.04800085 0.00050360
v -0.03313034 0.04800085 0.00031697
v -0.03264279 0.04800085 -0.00535968
v -0.02776609 0.04800085 -0.00003052
v -0.02746128 0.04800085 -0.00510082
v -0.02627274 0.04800085 -0.01009557
v -0.02220005 0.04800085 -0.00492751
v -0.02119004 0.04800085 -0.00923268
v -0.01935208 0.04800085 -0.01339231
v -0.01603202 0.04800085 -0.00839237
v -0.01457749 0.04800085 -0.01189141
v -0.01231156 0.04800085 -0.01510202
v -0.00989890 0.04800085 -0.01050133
v -0.01094296 0.04800085 -0.00761177
v -0.01148752 0.04800085 -0.00461158
v -0.00635092 0.04800085 -0.00451502
v -0.00611423 0.04800085 -0.00709324
v -0.00224546 0.04800085 -0.00700641
v -0.01684812 0.04800085 -0.00474873
v -0.02244504 0.04800085 -0.00049375
v -0.02203147 0.04800085 0.00404282
v -0.02733048 0.04800085 0.00512613
v -0.03253647 0.04800085 0.00612454
v -0.03080008 0.04800085 0.01190769
v -0.02573923 0.04800085 0.01028977
v -0.02801682 0.04800085 0.01772908
v -0.02318210 0.04800085 0.01528204
v -0.02383817 0.04800085 0.02296130
v -0.01942002 0.04800085 0.01971351
v -0.01850699 0.04800085 0.02735630
v -0.01470529 0.04800085 0.02333259
v -0.01224466 0.04800085 0.03052378
v -0.00929257 0.04800085 0.02587637
v -0.00609940 0.04800085 0.02110580
v -0.00348618 0.04800085 0.02735303
v -0.00111045 0.04800085 0.02233387
v -0.00551718 0.04800085 0.03237749
v 0.00131851 0.04800085 0.03287253
v 0.00249808 0.04800085 0.02775685
v 0.00790378 0.04800085 0.03228315
v 0.00819156 0.04800085 0.02750978
v 0.01400345 0.04800085 0.03079472
v 0.01371939 0.04800085 0.02623880
v 0.01959976 0.04800085 0.02837172
v 0.01497268 0.04800085 0.03537362
v 0.02099893 0.04800085 0.03215582
v 0.02066977 0.04518578 0.03234516
v 0.02558548 0.04448779 0.02857496
v 0.02598599 0.04800085 0.02823398
v 0.02948575 0.04402831 0.02453481
v 0.02982547 0.04800085 0.02418798
v 0.03234878 0.04374108 0.02059694
v 0.03243240 0.04800085 0.02050828
v 0.02894217 0.04800085 0.01882365
v 0.03040042 0.04800085 0.01525238
v 0.02488894 0.04800085 0.01766633
v 0.03460208 0.04800085 0.01655566
v 0.03637625 0.04800085 0.01218482
v 0.03465518 0.04349474 0.01639780
v 0.03643142 0.04322741 0.01192536
v 0.03763650 0.04298229 0.00729610
v 0.03641580 0.03853918 0.01193390
v 0.03763601 0.03800610 0.00717440
v 0.03822110 0.03763097 0.00256278
v 0.03762442 0.03322741 0.00733546
v 0.03823660 0.03259264 0.00260276
v 0.03823758 0.03746520 -0.00203321
v 0.03822452 0.03235449 -0.00213035
v 0.03822049 0.02775256 0.00281259
v 0.03823343 0.02740563 -0.00219652
v 0.03765664 0.02764941 -0.00708051
v 0.03770071 0.03254748 -0.00679496
v 0.03641092 0.02862292 -0.01184637
v 0.03657193 0.03320300 -0.01138920
v 0.03446548 0.03029870 -0.01668071
v 0.03474466 0.03425158 -0.01609452
v 0.03183572 0.03221496 -0.02131993
v 0.03218582 0.03543346 -0.02078492
v 0.02855459 0.03422558 -0.02553921
v 0.02891226 0.03665270 -0.02512608
v 0.02800528 0.03188891 -0.02611620
v 0.02418643 0.03433654 -0.02968478
v 0.02468326 0.03624889 -0.02927774
v 0.01987820 0.03664867 -0.03276145
v 0.02031039 0.03827392 -0.03249316
v 0.01499264 0.03865563 -0.03526350
v 0.01537137 0.04018456 -0.03508388
v 0.01457235 0.03715966 -0.03543907
v 0.00914975 0.03874340 -0.03721615
v 0.01410855 0.03567565 -0.03562705
v 0.00882126 0.03734142 -0.03730483
v 0.00280063 0.03825048 -0.03822911
v 0.00909787 0.03726403 -0.03871575
v 0.00282803 0.03824621 -0.03953422
v -0.00409934 0.03816564 -0.03941221
v 0.00285544 0.03824120 -0.04083206
v -0.00430179 0.03812243 -0.04072619
v -0.01169925 0.03653405 -0.03947364
v -0.00447165 0.03808447 -0.04208079
v -0.01206748 0.03640136 -0.04094583
v -0.01921109 0.03319958 -0.03867260
v -0.01961106 0.03295190 -0.04038233
v -0.02587644 0.02828344 -0.03784883
v -0.02544467 0.02868688 -0.03577776
v -0.03089194 0.02272814 -0.03573072
v -0.03048587 0.02327599 -0.03285871
v -0.03115567 0.02234887 -0.03934169
v -0.03461051 0.01649011 -0.03833843
v -0.03444419 0.01682482 -0.03400162
v -0.03675107 0.01083837 -0.03749194
v -0.03665341 0.01120825 -0.03255196
v -0.03792777 0.00545873 -0.03690529
v -0.03789511 0.00579589 -0.03157842
v -0.03834104 0.00051684 -0.03125742
v -0.03833750 0.00031652 -0.03673586
v -0.03806107 -0.00471155 -0.03156663
v -0.03804550 -0.00476124 -0.03695567
v -0.03696610 -0.01014832 -0.03254146
v -0.03698252 -0.01006812 -0.03753120
v -0.03498282 -0.01565760 -0.03390608
v -0.03470334 -0.01626368 -0.02995526
v -0.03509708 -0.01541273 -0.03826258
v -0.03211923 -0.02097279 -0.03529638
v -0.03170902 -0.02159425 -0.03215454
v -0.02793265 -0.02628480 -0.03446031
v -0.02732852 -0.02689136 -0.03227289
v -0.03111917 -0.02240137 -0.02939027
v -0.02294657 -0.03071668 -0.03497676
v -0.02347922 -0.03030750 -0.03677418
v -0.01801065 -0.03385181 -0.03740370
v -0.01845328 -0.03361475 -0.03902323
v -0.01254727 -0.03625098 -0.03935035
v -0.01219669 -0.03639258 -0.03780545
v -0.01284470 -0.03613587 -0.04086740
v -0.00665610 -0.03775843 -0.04054195
v -0.00648471 -0.03779322 -0.03906561
v -0.00066666 -0.03836011 -0.03963835
v -0.00061930 -0.03834632 -0.04095880
v 0.00505288 -0.03802308 -0.03938496
v 0.00528848 -0.03797730 -0.04071724
v 0.01043332 -0.03689844 -0.03831158
v 0.01088449 -0.03676868 -0.03979645
v 0.01551120 -0.03509266 -0.03666658
v 0.01612039 -0.03479285 -0.03822117
v 0.02022360 -0.03258533 -0.03443725
v 0.02091684 -0.03214149 -0.03606710
v 0.02458011 -0.02942689 -0.03180633
v 0.02530862 -0.02877552 -0.03364890
v 0.02926626 -0.02472523 -0.03099949
v 0.02853641 -0.02558350 -0.02871006
v 0.02771231 -0.02651697 -0.02672256
v 0.03268387 -0.01993738 -0.02814747
v 0.03213821 -0.02086854 -0.02505311
v 0.03544607 -0.01447547 -0.02517352
v 0.03566641 -0.01398975 -0.02928559
v 0.03727762 -0.00875526 -0.02776744
v 0.03725162 -0.00901990 -0.02311159
v 0.03815152 -0.00363380 -0.02702323
v 0.03816311 -0.00351661 -0.02216137
v 0.03817813 -0.00330421 -0.01751056
v 0.03827505 0.00191357 -0.02197237
v 0.03823880 0.00237548 -0.01725215
v 0.03820620 -0.00296558 -0.01270250
v 0.03822342 0.00270446 -0.01252635
v 0.03827224 -0.00257044 -0.00755347
v 0.03784634 -0.00802125 -0.00815620
v 0.03825284 0.00295031 -0.00733420
v 0.03831460 -0.00227601 -0.00200186
v 0.03827029 -0.00754896 -0.00249435
v 0.03819058 -0.01247694 -0.00313846
v 0.03826114 -0.01758204 0.00186343
v 0.03814578 -0.01726624 -0.00371267
v 0.03827493 -0.02249268 0.00123587
v 0.03812784 -0.02209974 -0.00397960
v 0.03716348 -0.02278162 -0.00937111
v 0.03535293 -0.02478175 -0.01474761
v 0.03763638 -0.01914149 0.00729829
v 0.03777517 -0.02375904 0.00654748
v 0.03557962 -0.01813160 0.01428087
v 0.03606863 -0.02187037 0.01297166
v 0.03831631 0.00325024 -0.00171554
v 0.03830569 -0.00203211 0.00361393
v 0.03787466 0.00839477 -0.00750545
v 0.03828506 0.00857739 -0.00166198
v 0.03826870 0.00373107 0.00403036
v 0.03827871 0.01336974 -0.00184583
v 0.03825625 0.01795947 -0.00204989
v 0.03814737 0.01853320 0.00377904
v 0.03716629 0.02037389 0.00938419
v 0.03823892 0.02259008 -0.00217753
v 0.03819107 0.02307153 0.00323427
v 0.03738565 0.02448315 0.00849081
v 0.03579593 0.02660143 0.01369397
v 0.03532364 0.02324096 0.01479140
v 0.03753494 0.02872009 0.00776748
v 0.03609060 0.03015942 0.01286597
v 0.03399051 0.03180480 0.01770907
v 0.03350345 0.02884850 0.01861455
v 0.03632058 0.03420580 0.01224623
v 0.03435306 0.03523132 0.01701766
v 0.03175589 0.03623583 0.02153210
v 0.03456106 0.03916003 0.01657931
v 0.03213223 0.03975524 0.02093717
v 0.02903457 0.04040392 0.02507328
v 0.02846463 0.03742565 0.02570999
v 0.02444534 0.03890075 0.02953981
v 0.02789639 0.03525048 0.02633116
v 0.03124832 0.03348132 0.02223064
v 0.02505923 0.04130456 0.02904967
v 0.02020108 0.04266430 0.03263309
v 0.01973410 0.04080480 0.03289962
v 0.01405362 0.04254943 0.03569248
v 0.01922250 0.03922668 0.03320866
v 0.02391177 0.03719274 0.02998177
v 0.01442026 0.04413476 0.03556446
v 0.00760721 0.04497936 0.03761353
v 0.01473465 0.04598827 0.03545761
v 0.00783108 0.04643847 0.03758935
v 0.00021463 0.04659094 0.03840290
v 0.00802414 0.04800085 0.03755903
v 0.00040164 0.04800085 0.03841270
v -0.00757962 0.04800085 0.03767565
v -0.00779941 0.04640490 0.03759977
v -0.01564505 0.04585680 0.03505816
v -0.00797818 0.04490844 0.03753777
v 0.00002115 0.04523022 0.03838788
v -0.01532077 0.04800085 0.03521900
v -0.02236215 0.04800085 0.03120666
v -0.02273636 0.04490759 0.03092464
v -0.02859586 0.04411071 0.02557966
v -0.02283164 0.04185339 0.03085724
v -0.01580466 0.04380785 0.03496978
v -0.02827823 0.04800085 0.02595595
v -0.03284732 0.04800085 0.01985140
v -0.03597348 0.04800085 0.01337006
v -0.03306485 0.04359753 0.01945012
v -0.02864621 0.04044592 0.02551477
v -0.02268057 0.03952563 0.03095499
v -0.01580966 0.04204272 0.03495217
v -0.01568955 0.04037548 0.03501346
v -0.00814017 0.04206152 0.03750014
v -0.00809390 0.04344640 0.03750879
v -0.00033377 0.04263512 0.03836864
v -0.00016873 0.04388732 0.03837366
v 0.00707626 0.04227490 0.03770345
v 0.00734836 0.04357665 0.03766064
v 0.00676559 0.04097436 0.03776861
v 0.01318185 0.03969640 0.03603838
v 0.01364084 0.04108105 0.03585755
v 0.01272561 0.03841552 0.03621599
v 0.01807260 0.03641992 0.03384735
v 0.01866610 0.03778222 0.03352713
v 0.02262655 0.03408215 0.03098305
v 0.02329464 0.03558776 0.03046508
v 0.02655606 0.03160888 0.02767062
v 0.02727115 0.03337658 0.02697614
v 0.02994558 0.02896484 0.02394638
v 0.03065140 0.03113354 0.02303564
v 0.03290237 0.02619555 0.01967954
v 0.03213308 0.02372436 0.02097651
v 0.02910940 0.02694994 0.02496522
v 0.03159573 0.02172387 0.02260611
v 0.02870620 0.02540478 0.02635118
v 0.03232962 0.02059496 0.02511285
v 0.03479934 0.01604528 0.02130842
v 0.02941299 0.02457348 0.02844374
v 0.03291665 0.01964477 0.02797851
v 0.03525418 0.01500597 0.02505243
v 0.03558120 0.01420812 0.02902608
v 0.03715286 0.00927990 0.02717512
v 0.03699808 0.00988805 0.02229168
v 0.03805411 0.00444909 0.02590850
v 0.03801675 0.00471240 0.02044698
v 0.03831924 -0.00029212 0.02558192
v 0.03831436 -0.00066138 0.02003868
v 0.03785623 -0.00603651 0.02137799
v 0.03796438 -0.00529468 0.02647700
v 0.03651443 -0.01165211 0.02403825
v 0.03604971 -0.01300635 0.01996321
v 0.03682010 -0.01059937 0.02823997
v 0.03439187 -0.01686927 0.02695710
v 0.03369546 -0.01823768 0.02382718
v 0.03077847 -0.02284998 0.02736952
v 0.02989651 -0.02405360 0.02527133
v 0.03284500 -0.01977589 0.02121100
v 0.03304007 -0.02216956 0.01946125
v 0.03002163 -0.02588892 0.02390797
v 0.02638516 -0.02782117 0.02884236
v 0.02644070 -0.02929224 0.02779970
v 0.02238388 -0.03116016 0.03207477
v 0.02233804 -0.03232703 0.03122790
v 0.01775699 -0.03398817 0.03482796
v 0.01765121 -0.03494727 0.03407430
v 0.01841281 -0.03364136 0.03616482
v 0.01312515 -0.03603321 0.03831676
v 0.01260165 -0.03623511 0.03698360
v 0.00725223 -0.03765992 0.03966823
v 0.00692550 -0.03771973 0.03838898
v 0.00095273 -0.03834193 0.04019755
v 0.00083206 -0.03835206 0.03898018
v 0.00107144 -0.03832654 0.04142587
v -0.00560996 -0.03792982 0.04115251
v -0.00554349 -0.03794703 0.03991131
v -0.00566483 -0.03791737 0.04245945
v -0.01231510 -0.03631238 0.04143651
v -0.01207840 -0.03640845 0.04003399
v -0.01837253 -0.03365589 0.03957667
v -0.01796860 -0.03387159 0.03806848
v -0.02364865 -0.03019544 0.03734769
v -0.01869748 -0.03347144 0.04124383
v -0.02403305 -0.02986927 0.03912185
v -0.02440256 -0.02957215 0.04159132
v -0.02898612 -0.02509681 0.04046973
v -0.02859989 -0.02554993 0.03741990
v -0.02923642 -0.02481153 0.04411218
v -0.03283853 -0.01978443 0.04369082
v -0.03290799 -0.01971644 0.04803294
v -0.03558170 -0.01443116 0.04803294
v -0.03546750 -0.01454688 0.04335421
v -0.03718442 -0.00927320 0.04308234
v -0.03727866 -0.00906409 0.04803294
v -0.03808811 -0.00423133 0.04284582
v -0.03820816 -0.00388111 0.04803294
v -0.03834122 0.00067053 0.04276499
v -0.03835453 0.00114221 0.04803294
v -0.03795352 0.00550903 0.04287550
v -0.03787815 0.00610717 0.04803294
v -0.03688895 0.01043017 0.04314742
v -0.03696225 0.01005944 0.03823192
v -0.03677896 0.01106066 0.04803294
v -0.03501462 0.01560961 0.04347875
v -0.03511399 0.01534863 0.03903318
v -0.03228910 0.02070507 0.03982402
v -0.03221140 0.02082702 0.04382735
v -0.02832035 0.02586059 0.04061576
v -0.02813864 0.02605053 0.03763622
v -0.02830661 0.02587011 0.04424334
v -0.02309134 0.03062756 0.04183778
v -0.02286264 0.03077013 0.03965645
v -0.01648093 0.03461120 0.04193178
v -0.01618631 0.03475414 0.04035546
v -0.02256241 0.03101830 0.03792153
v -0.00892240 0.03729040 0.04203113
v -0.01583036 0.03492358 0.03889482
v -0.00866770 0.03736950 0.04070486
v -0.00125498 0.03831152 0.04266540
v -0.00113401 0.03832946 0.04137876
v -0.00837375 0.03745153 0.03945035
v -0.00100852 0.03834350 0.04018862
v -0.00804178 0.03754235 0.03815659
v -0.00086167 0.03835412 0.03894288
v -0.00791782 0.03811315 0.03759851
v -0.00073410 0.03890490 0.03839252
v -0.00803549 0.03944567 0.03755485
v -0.00062009 0.04015051 0.03839063
v -0.00810770 0.04073083 0.03752263
v -0.00048172 0.04137853 0.03837959
v 0.00613174 0.03849426 0.03788452
v 0.00644790 0.03973205 0.03783119
v 0.00598758 0.03787548 0.03851565
v 0.01206936 0.03643920 0.03714253
v 0.01222879 0.03710009 0.03641118
v 0.01725583 0.03424487 0.03507760
v 0.01741635 0.03503112 0.03419386
v 0.02170614 0.03164440 0.03254774
v 0.02190585 0.03262133 0.03154346
v 0.02545511 0.02869311 0.02961793
v 0.02574759 0.02992114 0.02845420
v 0.02606778 0.02810961 0.03142472
v 0.02218094 0.03128747 0.03411498
v 0.02659353 0.02759679 0.03335317
v 0.02999808 0.02383923 0.03076305
v 0.02260714 0.03096740 0.03577092
v 0.02704068 0.02719433 0.03540554
v 0.03047903 0.02325817 0.03328690
v 0.03081912 0.02279284 0.03603975
v 0.03364834 0.01831603 0.03471226
v 0.03335440 0.01889343 0.03112300
v 0.03379580 0.01804199 0.03878502
v 0.03585977 0.01342919 0.03808174
v 0.03577994 0.01365075 0.03340638
v 0.03724405 0.00884924 0.03741662
v 0.03723477 0.00895678 0.03223328
v 0.03805704 0.00433617 0.03691080
v 0.03805630 0.00431054 0.03139367
v 0.03830447 -0.00004847 0.03676242
v 0.03831900 -0.00014490 0.03115145
v 0.03802945 -0.00480091 0.03168561
v 0.03804178 -0.00454163 0.03703955
v 0.03701040 -0.00984315 0.03285309
v 0.03714651 -0.00933570 0.03769805
v 0.03527090 -0.01496155 0.03418130
v 0.03490274 -0.01579664 0.03035383
v 0.03549405 -0.01437965 0.03853616
v 0.03267569 -0.02000892 0.03553022
v 0.03219363 -0.02080665 0.03242797
v 0.02922989 -0.02480042 0.03693950
v 0.02868753 -0.02541761 0.03460074
v 0.03154165 -0.02175989 0.02977399
v 0.02800320 -0.02615662 0.03251770
v 0.02445804 -0.02951722 0.03688489
v 0.02382840 -0.03002503 0.03517279
v 0.02724624 -0.02697071 0.03059172
v 0.02312021 -0.03058594 0.03353338
v 0.01955282 -0.03298170 0.03908473
v 0.01902102 -0.03329468 0.03760892
v 0.01401565 -0.03567396 0.04099623
v 0.01357852 -0.03585596 0.03959249
v 0.00785537 -0.03752332 0.04221728
v 0.00755520 -0.03759730 0.04090175
v 0.00810855 -0.03746668 0.04355617
v 0.00131509 -0.03830750 0.04395034
v 0.00119290 -0.03830921 0.04269567
v 0.00144412 -0.03831141 0.04526919
v -0.00563767 -0.03792457 0.04512726
v -0.00567282 -0.03791260 0.04375021
v -0.01254050 -0.03623902 0.04441600
v -0.01247159 -0.03625196 0.04288663
v -0.01254550 -0.03624280 0.04621782
v -0.01898337 -0.03332972 0.04545700
v -0.01889975 -0.03337867 0.04311985
v -0.01891721 -0.03338245 0.04803294
v -0.02459079 -0.02948377 0.04803294
v -0.02458548 -0.02941480 0.04466915
v -0.02134275 -0.02588172 0.04803294
v -0.02556265 -0.02169813 0.04803294
v -0.02928403 -0.02481238 0.04803294
v -0.01832151 -0.02218677 0.04803294
v -0.02222714 -0.01857166 0.04803294
v -0.02889249 -0.01713074 0.04803294
v -0.02519858 -0.01445985 0.04803294
v -0.03141886 -0.01241956 0.04803294
v -0.02753086 -0.01028553 0.04803294
v -0.03311734 -0.00770643 0.04803294
v -0.02920859 -0.00609949 0.04803294
v -0.03409934 -0.00306373 0.04803294
v -0.03027567 -0.00203773 0.04803294
v -0.03454099 0.00138464 0.04803294
v -0.03086435 0.00167248 0.04803294
v -0.03404380 0.00588415 0.04803294
v -0.03284958 0.01029675 0.04803294
v -0.03095200 0.01458190 0.04803294
v -0.03481583 0.01611645 0.04803294
v -0.02743997 0.01278088 0.04803294
v -0.02819132 0.01884997 0.04803294
v -0.03202664 0.02118847 0.04803294
v -0.02811020 0.02610912 0.04803294
v -0.02446927 0.02296618 0.04803294
v -0.02300192 0.03070007 0.04803294
v -0.02315244 0.03057751 0.04487837
v -0.01983737 0.02676672 0.04803294
v -0.01667966 0.03454418 0.04803294
v -0.01672641 0.03451330 0.04577093
v -0.00934079 0.03719555 0.04638172
v -0.00926303 0.03720910 0.04481271
v -0.01665872 0.03453552 0.04367084
v -0.00154935 0.03831652 0.04662308
v -0.00146567 0.03831323 0.04525308
v -0.00912918 0.03723388 0.04340758
v -0.00136392 0.03830895 0.04393316
v 0.00599832 0.03787035 0.04511201
v 0.00605734 0.03785156 0.04372162
v 0.00607431 0.03784936 0.04240488
v 0.01269021 0.03616967 0.04279912
v 0.01261465 0.03620507 0.04137537
v 0.00606369 0.03785754 0.04108252
v 0.01246499 0.03627453 0.03992034
v 0.00603567 0.03786620 0.03982567
v 0.01228287 0.03635058 0.03853417
v 0.01792898 0.03388293 0.03802785
v 0.01761575 0.03405151 0.03654492
v 0.01821426 0.03372912 0.03958043
v 0.02296206 0.03071069 0.03747168
v 0.01839023 0.03363549 0.04119184
v 0.02322708 0.03047826 0.03931679
v 0.02342141 0.03035510 0.04159681
v 0.02757998 0.02663244 0.04044501
v 0.02733023 0.02688146 0.03753512
v 0.02761636 0.02656237 0.04408877
v 0.03108682 0.02241186 0.04364470
v 0.03104837 0.02245812 0.03956740
v 0.03092923 0.02266772 0.04803294
v 0.03368606 0.01838451 0.04803294
v 0.03380142 0.01804894 0.04331132
v 0.03574161 0.01392638 0.04803294
v 0.03583767 0.01353954 0.04300397
v 0.03717447 0.00939721 0.04803294
v 0.03723184 0.00898437 0.04272784
v 0.03804898 0.00481323 0.04803294
v 0.03803262 0.00450744 0.04247413
v 0.03837881 0.00021764 0.04803294
v 0.03833182 0.00007299 0.04239110
v 0.03811355 -0.00437586 0.04803294
v 0.03807828 -0.00442420 0.04252514
v 0.03721951 -0.00909962 0.04281105
v 0.03725174 -0.00908704 0.04803294
v 0.03564883 -0.01403590 0.04319538
v 0.03572635 -0.01396717 0.04803294
v 0.03325931 -0.01905213 0.04356196
v 0.03304580 -0.01941151 0.03930192
v 0.03335782 -0.01893079 0.04803294
v 0.03012930 -0.02374476 0.04803294
v 0.02999454 -0.02386939 0.04393461
v 0.02969461 -0.02425770 0.04011476
v 0.02580411 -0.02834693 0.04445334
v 0.02545401 -0.02866480 0.04115431
v 0.02494485 -0.02909058 0.03866539
v 0.02002615 -0.03269385 0.04069742
v 0.02042526 -0.03246119 0.04259517
v 0.01440964 -0.03551868 0.04253499
v 0.01471463 -0.03541090 0.04412192
v 0.02075961 -0.03225001 0.04516691
v 0.01495584 -0.03532667 0.04599761
v 0.00849673 -0.03739869 0.04644121
v 0.00832309 -0.03742615 0.04495555
v 0.00863839 -0.03737134 0.04803294
v 0.00168936 -0.03831568 0.04803294
v 0.00157083 -0.03831251 0.04662327
v -0.00547397 -0.03796204 0.04803294
v -0.00556772 -0.03794117 0.04655441
v -0.00427103 -0.03295740 0.04803294
v -0.01041477 -0.03161658 0.04803294
v -0.01245310 -0.03628211 0.04803294
v -0.00848429 -0.02692786 0.04803294
v -0.01366965 -0.02509217 0.04803294
v -0.01621897 -0.02925916 0.04803294
v -0.01117148 -0.02063904 0.04803294
v -0.01531723 -0.01822254 0.04803294
v -0.01264182 -0.01443690 0.04803294
v -0.01881955 -0.01513770 0.04803294
v -0.01580130 -0.01179676 0.04803294
v -0.02165244 -0.01161292 0.04803294
v -0.01834836 -0.00868629 0.04803294
v -0.02380393 -0.00789515 0.04803294
v -0.02033304 -0.00532752 0.04803294
v -0.02539749 -0.00413929 0.04803294
v -0.02187888 -0.00188087 0.04803294
v -0.02651670 -0.00049671 0.04803294
v -0.02317880 0.00153576 0.04803294
v -0.01868790 0.00049523 0.04803294
v -0.02017270 0.00383605 0.04803294
v -0.02192130 0.00708300 0.04803294
v -0.01724619 0.00620788 0.04803294
v -0.01918466 0.00971716 0.04803294
v -0.02431748 0.01012243 0.04803294
v -0.02166922 0.01315160 0.04803294
v -0.01606980 0.01232092 0.04803294
v -0.01846311 0.01609643 0.04803294
v -0.02475022 0.01631542 0.04803294
v -0.02133408 0.01965551 0.04803294
v -0.01466641 0.01879113 0.04803294
v -0.01710855 0.02286120 0.04803294
v -0.01025540 0.02103137 0.04803294
v -0.01218552 0.02553039 0.04803294
v -0.01429068 0.02994177 0.04803294
v -0.00550510 0.02257006 0.04803294
v -0.00675473 0.02752502 0.04803294
v -0.00802274 0.03236559 0.04803294
v -0.00143216 0.03324377 0.04803294
v -0.00162845 0.03832140 0.04803294
v -0.00936746 0.03719579 0.04803294
v 0.00497989 0.03313439 0.04803294
v 0.00581497 0.03791015 0.04803294
v 0.00591580 0.03788867 0.04653630
v 0.01253586 0.03624670 0.04803294
v 0.01265683 0.03619701 0.04619103
v 0.01269772 0.03617736 0.04439746
v 0.01850436 0.03359411 0.04550077
v 0.01848837 0.03359240 0.04310928
v 0.01836545 0.03370214 0.04803294
v 0.02327224 0.03048388 0.04803294
v 0.02344888 0.03032189 0.04472082
v 0.02087094 0.02750597 0.04803294
v 0.02490884 0.02450256 0.04803294
v 0.02745572 0.02680798 0.04803294
v 0.02820547 0.02091699 0.04803294
v 0.03048355 0.01697326 0.04803294
v 0.02816226 0.01223034 0.04803294
v 0.03199905 0.01299499 0.04803295
v 0.02869375 0.00838561 0.04803294
v 0.03294656 0.00879382 0.04803294
v 0.02893008 0.00454211 0.04803294
v 0.03342593 0.00464892 0.04803294
v 0.02898526 0.00065392 0.04803294
v 0.03367019 0.00048620 0.04803294
v 0.02872720 -0.00316981 0.04803294
v 0.03342495 -0.00370057 0.04803294
v 0.03264859 -0.00800208 0.04803294
v 0.02810830 -0.00702100 0.04803294
v 0.03142056 -0.01225208 0.04803294
v 0.02708035 -0.01073353 0.04803294
v 0.02954654 -0.01647059 0.04803294
v 0.02670401 -0.02062073 0.04803294
v 0.02037582 -0.02069593 0.04803294
v 0.02309207 -0.02466993 0.04803294
v 0.02595352 -0.02822962 0.04803294
v 0.01861075 -0.02791834 0.04803294
v 0.02091836 -0.03217029 0.04803294
v 0.01349966 -0.03034193 0.04803294
v 0.01510354 -0.03527796 0.04803294
v 0.01226669 -0.02541285 0.04803294
v 0.00747299 -0.02695606 0.04803294
v 0.00791946 -0.03208289 0.04803294
v 0.00229934 -0.02799696 0.04803294
v 0.00193368 -0.03305982 0.04803294
v 0.00270315 -0.02260364 0.04803294
v -0.00195175 -0.02292029 0.04803294
v -0.00309921 -0.02796155 0.04803294
v -0.00091794 -0.01774427 0.04803294
v -0.00500644 -0.01742054 0.04803294
v -0.00665640 -0.02226893 0.04803294
v -0.00361685 -0.01274073 0.04803294
v -0.00710276 -0.01203004 0.04803294
v -0.00899033 -0.01633021 0.04803294
v -0.00568003 -0.00778358 0.04803294
v -0.01024704 -0.01064368 0.04803294
v -0.01307041 -0.00847974 0.04803294
v -0.01533768 -0.00578370 0.04803294
v -0.01714951 -0.00274769 0.04803294
v -0.01415421 -0.00027454 0.04803294
v -0.01565262 0.00283300 0.04803294
v -0.01116312 0.00186303 0.04803294
v -0.01256546 0.00496362 0.04803294
v -0.01414853 0.00851342 0.04803294
v -0.00935019 0.00672900 0.04803294
v -0.01077103 0.01056603 0.04803294
v -0.01253855 0.01463549 0.04803294
v -0.00718625 0.01216149 0.04803294
v -0.00857981 0.01654015 0.04803294
v -0.00346384 0.01316637 0.04803294
v -0.00444870 0.01779943 0.04803294
v -0.00012985 0.01839135 0.04803294
v -0.00060752 0.02341503 0.04803294
v 0.00418027 0.02334399 0.04803294
v 0.00445633 0.02824279 0.04803294
v -0.00110971 0.02839611 0.04803294
v 0.00963614 0.02746398 0.04803294
v 0.01085904 0.03196911 0.04803294
v 0.01439724 0.02606066 0.04803294
v 0.01616836 0.02996398 0.04803293
v 0.00876394 0.02273132 0.04803294
v 0.01313821 0.02173266 0.04803294
v 0.01877151 0.02423449 0.04803294
v 0.01715384 0.02051721 0.04803294
v 0.01236593 0.01730138 0.04803294
v 0.01632632 0.01643700 0.04803294
v 0.01195517 0.01292297 0.04803294
v 0.01588540 0.01242712 0.04803294
v 0.01990060 0.01197204 0.04803294
v 0.01568564 0.00843932 0.04803294
v 0.01985415 0.00824084 0.04803294
v 0.02409549 0.01178869 0.04803294
v 0.02426040 0.00816100 0.04803294
v 0.01980996 0.00451257 0.04803294
v 0.02434219 0.00445690 0.04803294
v 0.02426199 0.00081249 0.04803294
v 0.01960940 0.00087048 0.04803294
v 0.02390738 -0.00279774 0.04803294
v 0.01925802 -0.00270032 0.04803294
v 0.02327859 -0.00636793 0.04803294
v 0.01877035 -0.00619764 0.04803294
v 0.02238089 -0.00965113 0.04803294
v 0.01813858 -0.00957447 0.04803294
v 0.01446542 -0.01018153 0.04803294
v 0.01473190 -0.00649195 0.04803294
v 0.01102939 -0.00708387 0.04803294
v 0.01507864 -0.00286927 0.04803294
v 0.01125491 -0.00312745 0.04803294
v 0.00765909 -0.00343275 0.04803294
v 0.01147500 0.00074474 0.04803294
v 0.00783365 0.00063610 0.04803294
v 0.00440146 0.00053845 0.04803294
v 0.00793240 0.00473132 0.04803294
v 0.00442459 0.00473766 0.04803294
v 0.00108230 0.00466393 0.04803294
v 0.00798813 0.00897302 0.04803294
v 0.00433578 0.00909338 0.04803294
v 0.00079184 0.00903649 0.04803294
v -0.00266208 0.00871325 0.04803294
v -0.00210538 0.00446227 0.04803294
v 0.00421444 0.01365014 0.04803294
v 0.00036270 0.01362121 0.04803294
v 0.00807852 0.01338952 0.04803294
v 0.00831814 0.01798534 0.04803294
v 0.00413131 0.01839806 0.04803294
v 0.01175992 0.00874670 0.04803294
v 0.01163742 0.00467028 0.04803294
v 0.01556851 0.00459484 0.04803294
v 0.01537259 0.00085143 0.04803294
v -0.00521274 0.00405334 0.04803294
v -0.00476279 0.00030578 0.04803294
v -0.00186276 0.00041564 0.04803294
v 0.00117691 0.00046984 0.04803294
v -0.00605747 0.00796215 0.04803294
v -0.00821799 0.00322131 0.04803294
v -0.00742093 0.00000988 0.04803294
v -0.00201523 -0.00378663 0.04803294
v 0.00101510 -0.00380946 0.04803294
v 0.00060104 -0.00824549 0.04803294
v 0.00397055 -0.00803309 0.04803294
v 0.00425094 -0.00367969 0.04803294
v 0.00744589 -0.00763465 0.04803294
v 0.00357950 -0.01259437 0.04803294
v 0.00725546 -0.01193055 0.04803294
v 0.01086954 -0.01104578 0.04803294
v 0.00712576 -0.01661671 0.04803294
v 0.01091000 -0.01531214 0.04803294
v 0.01444681 -0.01382899 0.04803294
v 0.01137466 -0.02030701 0.04803294
v 0.01512771 -0.01842359 0.04803294
v 0.01665304 -0.02347034 0.04803294
v 0.00722238 -0.02171827 0.04803294
v 0.00315396 -0.01745228 0.04803294
v -0.00005088 -0.01288294 0.04803294
v -0.00260233 -0.00818800 0.04803294
v -0.00488150 -0.00360340 0.04803294
v 0.03474820 0.02010607 0.01618349
v 0.03757803 0.02292700 -0.00748913
v 0.03614712 0.02424487 -0.01255763
v 0.03348269 0.02322497 -0.01854965
v 0.03406265 0.02663830 -0.01745913
v 0.03066128 0.02664867 -0.02297283
v 0.03130887 0.02933447 -0.02204029
v 0.02990787 0.02432324 -0.02403156
v 0.02666079 0.02783752 -0.02755453
v 0.02736026 0.02972375 -0.02682580
v 0.02299307 0.03093163 -0.03066391
v 0.02359506 0.03252429 -0.03017562
v 0.01881820 0.03347375 -0.03343880
v 0.01936496 0.03503210 -0.03308563
v 0.01943625 0.03307543 -0.03494183
v 0.01459256 0.03546630 -0.03711221
v 0.02003451 0.03269946 -0.03653186
v 0.01503183 0.03528173 -0.03859836
v 0.00932901 0.03719592 -0.04007989
v 0.01542026 0.03509716 -0.04012246
v 0.00955063 0.03713354 -0.04155750
v 0.00288412 0.03822509 -0.04221345
v 0.00973129 0.03708129 -0.04301603
v 0.00290231 0.03821825 -0.04356839
v -0.00460361 0.03805322 -0.04345405
v 0.00291372 0.03823046 -0.04498535
v -0.00468485 0.03805798 -0.04491750
v -0.01251602 0.03624584 -0.04412065
v -0.01234256 0.03629308 -0.04247250
v -0.01259317 0.03622607 -0.04601496
v -0.02001541 0.03272192 -0.04508043
v -0.01989084 0.03279980 -0.04242596
v -0.02636850 0.02784362 -0.04416317
v -0.02624314 0.02797131 -0.04064866
v -0.02622751 0.02800219 -0.04796706
v -0.03114749 0.02240197 -0.04796706
v -0.03126358 0.02220031 -0.04349275
v -0.03460556 0.01656078 -0.04796706
v -0.03466385 0.01638635 -0.04303652
v -0.03685092 0.01077319 -0.04796706
v -0.03682419 0.01066552 -0.04267100
v -0.03801847 0.00516161 -0.04796706
v -0.03796952 0.00524255 -0.04241663
v -0.03835599 0.00003014 -0.04232919
v -0.03839603 -0.00029578 -0.04796706
v -0.03802054 -0.00510218 -0.04244347
v -0.03794705 -0.00564124 -0.04796706
v -0.03693027 -0.01029798 -0.04270401
v -0.03682932 -0.01085779 -0.04796706
v -0.03506705 -0.01552833 -0.04305634
v -0.03489432 -0.01594862 -0.04796706
v -0.03235507 -0.02058204 -0.04340314
v -0.03232950 -0.02062684 -0.03905720
v -0.03221335 -0.02087537 -0.04796706
v -0.02878751 -0.02532911 -0.04380621
v -0.02869382 -0.02544971 -0.03997941
v -0.02421811 -0.02974293 -0.04116220
v -0.02388004 -0.02998853 -0.03867438
v -0.02836508 -0.02580921 -0.03682821
v -0.01880039 -0.03340894 -0.04075538
v -0.01899930 -0.03331873 -0.04272007
v -0.01304849 -0.03604871 -0.04238754
v -0.01314627 -0.03602259 -0.04407561
v -0.00684470 -0.03771400 -0.04332847
v -0.00677634 -0.03772633 -0.04193971
v -0.00685910 -0.03772559 -0.04481598
v -0.00049680 -0.03833021 -0.04363855
v -0.00055838 -0.03833253 -0.04230057
v 0.00552310 -0.03793702 -0.04209241
v 0.00572268 -0.03790125 -0.04345622
v 0.01129031 -0.03664136 -0.04121657
v 0.01164334 -0.03652723 -0.04274514
v 0.01663443 -0.03452784 -0.03971292
v 0.01708993 -0.03430018 -0.04135586
v 0.02199887 -0.03140455 -0.03943345
v 0.02153012 -0.03175587 -0.03773330
v 0.02640579 -0.02777552 -0.03770261
v 0.02593973 -0.02823121 -0.03560736
v 0.03027261 -0.02350538 -0.03623374
v 0.02986368 -0.02404163 -0.03350530
v 0.03342483 -0.01870863 -0.03490889
v 0.03313907 -0.01919984 -0.03137745
v 0.03357107 -0.01844263 -0.03893825
v 0.03583584 -0.01353980 -0.03821874
v 0.03581314 -0.01364368 -0.03362866
v 0.03727871 -0.00872779 -0.03766037
v 0.03732815 -0.00862952 -0.03263603
v 0.03808377 -0.00403614 -0.03729775
v 0.03812173 -0.00379273 -0.03205157
v 0.03829397 0.00064294 -0.03713625
v 0.03831143 0.00103808 -0.03187193
v 0.03829666 0.00145861 -0.02682067
v 0.03788833 0.00573974 -0.03205828
v 0.03778372 0.00641039 -0.02712789
v 0.03766385 0.00720922 -0.02235946
v 0.03628811 0.01219811 -0.02386730
v 0.03662979 0.01115270 -0.02811595
v 0.03425174 0.01711999 -0.02625942
v 0.03356192 0.01845861 -0.02287356
v 0.03478323 0.01605224 -0.02979804
v 0.03156863 0.02173803 -0.02893885
v 0.03075064 0.02289294 -0.02633288
v 0.02745706 0.02676611 -0.02946543
v 0.02826932 0.02587231 -0.03161319
v 0.02441495 0.02953332 -0.03414831
v 0.02367709 0.03014648 -0.03231970
v 0.02504934 0.02900878 -0.03600976
v 0.02055349 0.03237280 -0.03814445
v 0.02554654 0.02856701 -0.03794814
v 0.02098959 0.03209081 -0.03982857
v 0.01575619 0.03493469 -0.04174546
v 0.02135806 0.03187377 -0.04195862
v 0.01599734 0.03483679 -0.04357102
v 0.00983493 0.03706262 -0.04455180
v 0.01613284 0.03478466 -0.04569907
v 0.00989157 0.03705395 -0.04622244
v 0.00291769 0.03824633 -0.04645038
v 0.00990616 0.03705541 -0.04796706
v 0.00292135 0.03825671 -0.04796706
v -0.00472513 0.03807482 -0.04796706
v -0.00472275 0.03806713 -0.04640794
v -0.00384409 0.03295959 -0.04796706
v -0.01055509 0.03148888 -0.04796706
v -0.01255008 0.03624902 -0.04796706
v -0.01699649 0.02869347 -0.04796706
v -0.01989554 0.03279772 -0.04796706
v -0.01438632 0.02472241 -0.04796706
v -0.01942282 0.02123888 -0.04796706
v -0.02268698 0.02462292 -0.04796706
v -0.02356601 0.01702355 -0.04796706
v -0.02726279 0.01980529 -0.04796706
v -0.03050205 0.01461364 -0.04796706
v -0.02668491 0.01238928 -0.04796706
v -0.03277664 0.00945666 -0.04796706
v -0.02881174 0.00774352 -0.04796706
v -0.03407785 0.00434692 -0.04796706
v -0.03010947 0.00317980 -0.04796706
v -0.03460758 -0.00056605 -0.04796706
v -0.03095896 -0.00100428 -0.04796706
v -0.03416251 -0.00551380 -0.04796706
v -0.03291098 -0.01014735 -0.04796706
v -0.03096402 -0.01443482 -0.04796706
v -0.02734641 -0.01251136 -0.04796706
v -0.02827323 -0.01848133 -0.04796706
v -0.02469144 -0.01575672 -0.04796706
v -0.02489682 -0.02221546 -0.04796706
v -0.02865109 -0.02551075 -0.04796706
v -0.02149936 -0.01873353 -0.04796706
v -0.02080112 -0.02568909 -0.04796706
v -0.02426975 -0.02975806 -0.04796706
v -0.01902280 -0.03331910 -0.04796706
v -0.01910636 -0.03325867 -0.04523320
v -0.02435489 -0.02963319 -0.04440435
v -0.01317954 -0.03601649 -0.04598093
v -0.01312253 -0.03604249 -0.04796706
v -0.00682797 -0.03774976 -0.04636581
v -0.00677207 -0.03776954 -0.04796706
v -0.00033451 -0.03836610 -0.04648829
v -0.00042118 -0.03834449 -0.04504538
v -0.00024484 -0.03838770 -0.04796706
v 0.00603531 -0.03786951 -0.04638684
v 0.00589132 -0.03788404 -0.04490012
v 0.01191867 -0.03644154 -0.04433573
v 0.01214285 -0.03637830 -0.04608461
v 0.01776700 -0.03398988 -0.04552060
v 0.01748672 -0.03410779 -0.04324756
v 0.02276571 -0.03085255 -0.04471996
v 0.02243722 -0.03109852 -0.04171688
v 0.02709097 -0.02712952 -0.04411296
v 0.02686416 -0.02736817 -0.04056630
v 0.03072696 -0.02290992 -0.04370950
v 0.03059353 -0.02309351 -0.03971546
v 0.03068142 -0.02300025 -0.04796706
v 0.03349820 -0.01869642 -0.04796706
v 0.03361783 -0.01840601 -0.04336319
v 0.03564895 -0.01418384 -0.04796706
v 0.03578372 -0.01374110 -0.04305763
v 0.03713797 -0.00954151 -0.04796706
v 0.03722183 -0.00903553 -0.04281881
v 0.03804788 -0.00481849 -0.04796706
v 0.03805154 -0.00436280 -0.04260360
v 0.03838516 -0.00008631 -0.04796706
v 0.03832498 0.00027868 -0.04251881
v 0.03808438 0.00457470 -0.04796706
v 0.03802286 0.00486865 -0.04256133
v 0.03795828 0.00523205 -0.03722268
v 0.03713455 0.00945287 -0.04272396
v 0.03703164 0.00981457 -0.03755784
v 0.03687332 0.01038659 -0.03269973
v 0.03519729 0.01514538 -0.03376975
v 0.03548074 0.01448242 -0.03816952
v 0.03274637 0.01991711 -0.03501365
v 0.03224002 0.02074694 -0.03176229
v 0.03312369 0.01925964 -0.03893796
v 0.02997378 0.02390637 -0.03969458
v 0.02952151 0.02446459 -0.03632288
v 0.02897232 0.02511157 -0.03383698
v 0.02603335 0.02814233 -0.04065858
v 0.03026101 0.02352514 -0.04365125
v 0.02633536 0.02785192 -0.04416662
v 0.02161899 0.03168530 -0.04485938
v 0.02641250 0.02781518 -0.04796706
v 0.02166269 0.03167748 -0.04796706
v 0.01614706 0.03478600 -0.04796706
v 0.01411612 0.03015026 -0.04796706
v 0.00868789 0.03202038 -0.04796706
v 0.00780533 0.02684667 -0.04796706
v 0.00259561 0.02771423 -0.04796706
v 0.00262625 0.03307043 -0.04796706
v 0.00269656 0.02241198 -0.04796706
v -0.00205698 0.02266174 -0.04796706
v -0.00297678 0.02768566 -0.04796706
v -0.00697067 0.02211999 -0.04796706
v -0.00874448 0.02690270 -0.04796706
v -0.00539279 0.01714343 -0.04796706
v -0.00962454 0.01604784 -0.04796706
v -0.01189102 0.02055566 -0.04796706
v -0.01352158 0.01404321 -0.04796706
v -0.01645084 0.01785449 -0.04796706
v -0.02025315 0.01416772 -0.04796706
v -0.01705649 0.01113842 -0.04796706
v -0.02296518 0.00989953 -0.04796706
v -0.01952072 0.00734850 -0.04796706
v -0.02494858 0.00562219 -0.04796706
v -0.02147922 0.00343224 -0.04796706
v -0.02633921 0.00152770 -0.04796706
v -0.02299430 -0.00042933 -0.04796706
v -0.01829758 0.00121471 -0.04796706
v -0.01998715 -0.00249866 -0.04796706
v -0.02182431 -0.00615613 -0.04796706
v -0.01703855 -0.00459193 -0.04796706
v -0.01905197 -0.00845460 -0.04796706
v -0.02424033 -0.00956849 -0.04796706
v -0.02156583 -0.01225147 -0.04796706
v -0.01602829 -0.01065809 -0.04796706
v -0.01849472 -0.01482520 -0.04796706
v -0.01274344 -0.01261146 -0.04796706
v -0.01501859 -0.01714027 -0.04796706
v -0.00923880 -0.01417615 -0.04796706
v -0.01117893 -0.01906153 -0.04796706
v -0.01350315 -0.02392408 -0.04796706
v -0.00888205 -0.02569019 -0.04796706
v -0.01089994 -0.03082471 -0.04796706
v -0.01609983 -0.02861732 -0.04796706
v -0.01773007 -0.02155250 -0.04796706
v -0.00539249 -0.03217860 -0.04796706
v -0.00407053 -0.02671033 -0.04796706
v 0.00022433 -0.03262366 -0.04796706
v 0.00080032 -0.02697816 -0.04796706
v 0.00575540 -0.03228333 -0.04796706
v 0.00616427 -0.03785657 -0.04796706
v 0.00560953 -0.02657044 -0.04796706
v 0.01105942 -0.03100721 -0.04796706
v 0.01229709 -0.03633033 -0.04796706
v 0.01794809 -0.03393262 -0.04796706
v 0.01594620 -0.02921058 -0.04796706
v 0.02288168 -0.03077186 -0.04796706
v 0.02039248 -0.02668738 -0.04796706
v 0.02714993 -0.02714368 -0.04796706
v 0.01447574 -0.02412855 -0.04796706
v 0.01833548 -0.02221033 -0.04796706
v 0.01360556 -0.01886317 -0.04796706
v 0.01757620 -0.01749696 -0.04796706
v 0.01354269 -0.01404237 -0.04796706
v 0.01750546 -0.01320447 -0.04796706
v 0.02164615 -0.01260194 -0.04796706
v 0.01778018 -0.00907654 -0.04796706
v 0.02221756 -0.00874622 -0.04796706
v 0.02611416 -0.01250330 -0.04796706
v 0.02704287 -0.00870875 -0.04796706
v 0.03088504 -0.01312049 -0.04796706
v 0.03204080 -0.00899976 -0.04796706
v 0.02767691 -0.00477308 -0.04796706
v 0.03279605 -0.00476112 -0.04796706
v 0.02795950 -0.00084266 -0.04796706
v 0.03312185 -0.00050672 -0.04796706
v 0.02798807 0.00301012 -0.04796706
v 0.03304886 0.00369030 -0.04796706
v 0.02757864 0.00684972 -0.04796706
v 0.03232596 0.00798449 -0.04796706
v 0.03721109 0.00925085 -0.04796706
v 0.03126993 0.01217297 -0.04796706
v 0.03571585 0.01399853 -0.04796706
v 0.03565286 0.01408276 -0.04299562
v 0.03335623 0.01885864 -0.04328058
v 0.03345913 0.01876330 -0.04796706
v 0.03035513 0.02344189 -0.04796706
v 0.02700577 0.02046838 -0.04796706
v 0.02336105 0.02437255 -0.04796706
v 0.02045566 0.02078527 -0.04796706
v 0.01679690 0.02326696 -0.04796706
v 0.01901077 0.02755285 -0.04796706
v 0.01506058 0.01828283 -0.04796706
v 0.01133169 0.02012023 -0.04796706
v 0.01251578 0.02521887 -0.04796706
v 0.01063199 0.01518212 -0.04796706
v 0.00686386 0.01639684 -0.04796706
v 0.00720047 0.02156335 -0.04796706
v 0.00676462 0.01170788 -0.04796706
v 0.00311795 0.01228991 -0.04796706
v 0.00288662 0.01718591 -0.04796706
v -0.00052939 0.01254943 -0.04796706
v -0.00122190 0.01745763 -0.04796706
v -0.00002713 0.00784387 -0.04796706
v -0.00321152 0.00780944 -0.04796706
v -0.00411716 0.01241955 -0.04796706
v -0.00619547 0.00750500 -0.04796706
v -0.00767490 0.01177331 -0.04796706
v -0.01099411 0.01042834 -0.04796706
v -0.01395200 0.00804369 -0.04796706
v -0.01635349 0.00483410 -0.04796706
v -0.01527133 -0.00092029 -0.04796706
v -0.01227634 -0.00277430 -0.04796706
v -0.01402976 -0.00656361 -0.04796706
v -0.00935910 -0.00419215 -0.04796706
v -0.01091629 -0.00821473 -0.04796706
v -0.00637454 -0.00512134 -0.04796706
v -0.00762454 -0.00949012 -0.04796706
v -0.00429752 -0.01026893 -0.04796706
v -0.00556107 -0.01524427 -0.04796706
v -0.00178293 -0.01578553 -0.04796706
v -0.00286997 -0.02121302 -0.04796706
v -0.00713535 -0.02045863 -0.04796706
v 0.00140878 -0.02134815 -0.04796706
v 0.00203897 -0.01583778 -0.04796706
v 0.00564236 -0.02094532 -0.04796706
v 0.00588553 -0.01547620 -0.04796706
v 0.00969839 -0.02012952 -0.04796706
v 0.01017764 -0.02566810 -0.04796706
v 0.00971975 -0.01483997 -0.04796706
v 0.00618905 -0.01040906 -0.04796706
v 0.00987643 -0.01001514 -0.04796706
v 0.01370413 -0.00954603 -0.04796706
v 0.01008511 -0.00555469 -0.04796706
v 0.01391531 -0.00532264 -0.04796706
v 0.01809561 -0.00509779 -0.04796706
v 0.01404568 -0.00135120 -0.04796706
v 0.01824142 -0.00126697 -0.04796706
v 0.02268222 -0.00489393 -0.04796706
v 0.02291482 -0.00110828 -0.04796706
v 0.01820364 0.00240759 -0.04796706
v 0.02286490 0.00256213 -0.04796706
v 0.02255349 0.00617272 -0.04796706
v 0.01801071 0.00601049 -0.04796706
v 0.02191226 0.00953417 -0.04796706
v 0.02671536 0.01059606 -0.04796706
v 0.01767129 0.00946813 -0.04796706
v 0.01397323 0.01006896 -0.04796706
v 0.01397848 0.00627343 -0.04796706
v 0.01031009 0.00680431 -0.04796706
v 0.01405789 0.00255578 -0.04796706
v 0.01028555 0.00276037 -0.04796706
v 0.00674057 0.00299304 -0.04796706
v 0.01022018 -0.00134901 -0.04796706
v 0.00665213 -0.00132386 -0.04796706
v 0.00330349 -0.00127674 -0.04796706
v 0.00647091 -0.00572987 -0.04796706
v 0.00303891 -0.00581446 -0.04796706
v -0.00022666 -0.00577259 -0.04796706
v 0.00015994 -0.00122034 -0.04796706
v 0.00261148 -0.01062879 -0.04796706
v -0.00089182 -0.01060731 -0.04796706
v -0.00283335 -0.00114161 -0.04796706
v 0.00021640 0.00327892 -0.04796706
v 0.00338455 0.00318176 -0.04796706
v -0.00276560 0.00328429 -0.04796706
v 0.00330948 0.00765698 -0.04796706
v -0.00541599 0.00319421 -0.04796706
v -0.00556290 -0.00099842 -0.04796706
v -0.00337680 -0.00557581 -0.04796706
v 0.00675705 0.00729430 -0.04796706
v 0.01037051 0.01090441 -0.04796706
v 0.01417715 0.01378552 -0.04796706
v 0.02952762 0.01632067 -0.04796706
v 0.03201394 -0.02481654 -0.02106546
v 0.01938589 0.04800085 -0.00466559
v 0.00036929 0.04800085 -0.00981884
v -0.00083005 0.04800085 -0.01284704
v -0.00240378 0.04800085 -0.00943974
f 1 2 3
f 1 4 2
f 1 5 6
f 7 8 9
f 7 10 11
f 7 12 10
f 7 13 14
f 7 9 13
f 15 16 17
f 15 18 19
f 15 19 20
f 15 21 16
f 15 22 21
f 23 24 25
f 23 26 27
f 23 25 26
f 23 28 29
f 23 30 28
f 31 32 33
f 31 33 34
f 31 35 32
f 31 34 36
f 31 36 37
f 38 39 40
f 38 41 39
f 38 40 42
f 38 43 44
f 38 45 43
f 46 47 48
f 46 49 50
f 46 51 52
f 46 48 53
f 54 55 56
f 54 57 58
f 54 59 57
f 54 60 59
f 54 56 61
f 62 63 64
f 62 65 66
f 62 67 68
f 69 70 71
f 69 72 73
f 69 74 75
f 76 77 78
f 76 78 79
f 76 80 81
f 82 83 84
f 82 85 86
f 82 87 88
f 89 90 91
f 89 92 93
f 89 93 94
f 95 96 97
f 95 98 99
f 95 99 100
f 101 102 103
f 101 104 105
f 101 103 106
f 107 108 109
f 107 109 110
f 107 111 112
f 113 114 115
f 113 116 117
f 113 118 116
f 119 120 121
f 119 122 123
f 119 124 122
f 125 126 127
f 125 127 128
f 125 129 130
f 131 132 133
f 131 133 134
f 131 135 136
f 137 138 139
f 137 139 140
f 137 141 142
f 143 144 145
f 143 146 144
f 143 147 146
f 148 149 150
f 148 151 152
f 148 153 154
f 155 156 157
f 155 157 158
f 155 159 160
f 160 159 161
f 160 161 162
f 160 163 156
f 164 165 166
f 164 166 167
f 164 163 168
f 168 169 165
f 168 163 170
f 168 170 171
f 171 172 169
f 171 170 173
f 171 173 174
f 174 173 175
f 174 175 176
f 174 177 172
f 178 179 180
f 178 180 181
f 178 177 182
f 182 177 183
f 182 183 184
f 182 185 179
f 186 187 188
f 186 188 189
f 186 185 154
f 188 190 191
f 188 191 192
f 192 191 193
f 192 193 194
f 192 195 189
f 195 194 196
f 195 197 180
f 197 196 198
f 197 199 181
f 198 196 200
f 198 201 202
f 198 203 199
f 202 201 204
f 202 205 206
f 202 207 203
f 207 206 208
f 207 209 166
f 209 208 210
f 209 211 167
f 211 210 212
f 211 213 157
f 213 212 214
f 213 215 158
f 216 215 217
f 216 218 219
f 216 219 159
f 220 218 221
f 220 222 223
f 220 223 161
f 223 224 225
f 223 226 161
f 226 225 227
f 226 228 162
f 227 225 229
f 227 230 231
f 227 232 228
f 231 230 233
f 231 233 234
f 231 235 232
f 235 234 236
f 235 237 175
f 237 236 238
f 237 239 176
f 239 238 240
f 239 241 183
f 241 240 242
f 241 150 184
f 242 240 243
f 242 243 244
f 242 245 150
f 245 244 246
f 245 247 151
f 247 246 248
f 247 249 152
f 250 249 251
f 250 252 253
f 250 254 152
f 254 253 190
f 254 187 153
f 253 252 255
f 253 256 257
f 256 255 258
f 256 259 257
f 260 259 261
f 260 262 263
f 260 263 191
f 264 262 265
f 264 266 267
f 264 267 193
f 267 268 269
f 267 269 194
f 269 270 200
f 269 200 196
f 271 270 272
f 271 273 204
f 271 204 201
f 274 273 275
f 274 276 277
f 274 277 205
f 277 278 279
f 277 280 205
f 280 279 281
f 280 282 206
f 282 281 283
f 282 284 208
f 284 283 285
f 284 286 210
f 286 285 287
f 286 288 212
f 288 287 115
f 288 289 214
f 290 289 291
f 290 292 217
f 290 217 215
f 293 292 294
f 293 295 221
f 293 221 218
f 296 295 297
f 296 298 299
f 296 299 222
f 299 300 301
f 299 301 224
f 301 302 229
f 301 229 224
f 303 302 304
f 303 305 306
f 303 306 230
f 307 305 308
f 307 309 310
f 307 310 306
f 310 311 312
f 310 312 233
f 312 313 314
f 312 314 234
f 314 315 316
f 314 316 236
f 316 317 318
f 316 319 238
f 318 317 320
f 318 320 321
f 318 322 319
f 322 321 323
f 322 324 243
f 324 323 325
f 324 326 244
f 326 325 327
f 326 328 246
f 328 327 329
f 328 330 248
f 331 330 332
f 331 333 251
f 331 251 249
f 334 333 335
f 334 336 255
f 334 255 252
f 336 335 337
f 336 338 258
f 339 338 340
f 339 341 261
f 339 261 259
f 342 341 343
f 342 344 265
f 342 265 262
f 345 344 346
f 345 347 348
f 345 348 266
f 348 349 350
f 348 350 268
f 350 351 272
f 350 272 270
f 352 351 353
f 352 354 275
f 352 275 273
f 355 354 356
f 355 357 358
f 355 358 276
f 358 359 360
f 358 360 278
f 360 361 362
f 360 363 278
f 363 362 364
f 363 365 279
f 365 364 366
f 365 367 281
f 367 366 368
f 367 369 283
f 369 368 370
f 369 371 285
f 371 370 372
f 371 118 287
f 370 368 373
f 370 373 374
f 374 373 375
f 374 375 376
f 374 377 372
f 377 376 378
f 377 379 116
f 379 378 380
f 379 381 117
f 382 381 294
f 382 294 292
f 382 291 117
f 383 381 384
f 383 384 297
f 383 297 295
f 385 384 386
f 385 386 387
f 385 387 298
f 387 388 389
f 387 389 300
f 389 390 304
f 389 304 302
f 391 390 392
f 391 393 308
f 391 308 305
f 394 393 395
f 394 396 397
f 394 397 309
f 397 398 399
f 397 399 311
f 399 400 401
f 399 401 313
f 401 402 403
f 401 403 315
f 403 404 405
f 403 405 317
f 406 404 407
f 406 408 409
f 406 410 405
f 410 409 411
f 410 412 320
f 412 411 413
f 412 414 321
f 414 413 415
f 414 416 323
f 416 415 417
f 416 418 325
f 418 417 419
f 418 420 327
f 420 419 421
f 420 422 329
f 423 422 424
f 423 425 332
f 423 332 330
f 426 425 427
f 426 428 335
f 426 335 333
f 428 427 429
f 428 430 337
f 431 430 432
f 431 433 340
f 431 340 338
f 434 433 435
f 434 436 343
f 434 343 341
f 437 436 121
f 437 120 346
f 437 346 344
f 436 435 121
f 438 439 440
f 438 440 124
f 438 435 441
f 441 432 442
f 441 443 439
f 441 435 432
f 444 443 445
f 444 446 447
f 444 447 448
f 447 449 450
f 447 450 451
f 451 450 452
f 451 452 453
f 451 454 448
f 454 453 455
f 454 456 440
f 455 453 457
f 455 457 458
f 455 459 456
f 459 458 460
f 459 461 122
f 461 460 349
f 461 347 123
f 460 458 353
f 460 353 351
f 462 458 457
f 462 463 356
f 462 356 354
f 464 463 465
f 464 466 467
f 464 467 357
f 467 468 469
f 467 469 359
f 469 470 471
f 469 472 361
f 472 471 473
f 472 474 361
f 474 473 475
f 474 476 362
f 476 475 477
f 476 478 364
f 478 477 479
f 478 480 366
f 479 477 481
f 479 481 482
f 479 483 480
f 482 481 484
f 482 484 485
f 482 486 483
f 486 485 487
f 486 488 375
f 488 487 489
f 488 490 376
f 490 489 491
f 490 492 378
f 492 491 493
f 492 494 380
f 493 491 495
f 493 495 496
f 493 497 494
f 497 496 498
f 497 498 388
f 498 499 392
f 498 392 390
f 500 499 501
f 500 502 395
f 500 395 393
f 503 502 504
f 503 505 506
f 503 506 396
f 506 507 508
f 506 508 398
f 508 509 510
f 508 510 400
f 510 511 512
f 510 512 402
f 512 513 407
f 512 407 404
f 514 513 515
f 514 516 517
f 514 517 408
f 517 518 519
f 517 519 409
f 519 520 6
f 519 521 409
f 521 6 5
f 521 522 411
f 522 5 523
f 522 524 413
f 524 523 525
f 524 526 415
f 526 525 527
f 526 528 417
f 528 527 529
f 528 530 419
f 530 529 531
f 530 532 421
f 533 532 534
f 533 535 424
f 533 424 422
f 536 535 537
f 536 538 427
f 536 427 425
f 538 537 539
f 538 540 429
f 540 539 445
f 540 445 443
f 541 539 542
f 541 543 544
f 541 544 446
f 544 545 546
f 544 546 449
f 546 547 548
f 546 548 549
f 548 550 551
f 548 551 552
f 552 551 553
f 552 553 554
f 552 555 549
f 554 553 556
f 554 556 557
f 554 558 555
f 558 557 465
f 558 559 452
f 557 556 560
f 557 560 466
f 560 561 562
f 560 562 468
f 562 563 564
f 562 564 470
f 564 565 566
f 564 567 470
f 567 566 568
f 567 569 471
f 569 568 570
f 569 571 473
f 571 570 572
f 571 573 475
f 572 570 574
f 572 574 575
f 572 576 573
f 575 574 577
f 575 577 578
f 575 579 576
f 579 578 580
f 579 581 484
f 581 580 582
f 581 583 485
f 583 582 584
f 583 585 487
f 585 584 586
f 585 587 489
f 586 584 588
f 586 588 589
f 586 590 587
f 590 589 591
f 590 592 495
f 592 591 593
f 592 501 499
f 593 591 594
f 593 594 504
f 593 504 502
f 595 594 596
f 595 597 598
f 595 598 505
f 598 599 600
f 598 600 507
f 600 601 602
f 600 602 509
f 602 603 604
f 602 604 511
f 604 605 515
f 604 515 513
f 605 603 606
f 605 607 608
f 607 606 609
f 607 609 610
f 609 611 612
f 609 612 613
f 613 612 614
f 613 614 615
f 613 616 610
f 616 615 617
f 616 617 618
f 617 619 620
f 617 620 621
f 621 620 622
f 621 622 24
f 621 29 618
f 622 623 624
f 622 624 625
f 624 626 627
f 624 627 628
f 628 627 629
f 628 629 630
f 628 631 625
f 631 630 632
f 631 632 633
f 632 634 635
f 632 635 636
f 636 637 633
f 636 635 638
f 636 638 639
f 639 640 637
f 639 638 641
f 639 641 642
f 642 643 644
f 642 641 645
f 642 645 643
f 646 647 648
f 646 645 649
f 646 650 647
f 651 652 653
f 651 650 654
f 651 655 652
f 656 657 658
f 656 655 659
f 656 660 657
f 661 662 663
f 661 660 664
f 661 665 662
f 666 667 668
f 666 665 669
f 666 670 667
f 671 672 673
f 671 670 674
f 671 675 672
f 676 677 678
f 676 675 679
f 676 680 677
f 681 682 683
f 681 680 684
f 681 685 682
f 686 687 688
f 686 688 689
f 686 685 690
f 690 691 687
f 690 685 692
f 690 692 693
f 693 694 691
f 693 692 695
f 693 695 696
f 696 697 694
f 696 695 698
f 696 698 699
f 699 700 697
f 699 698 701
f 699 701 702
f 702 701 703
f 702 703 128
f 702 127 700
f 703 704 705
f 703 706 707
f 707 706 708
f 707 708 709
f 707 710 128
f 710 709 711
f 710 712 129
f 712 711 713
f 712 714 130
f 715 714 716
f 715 717 718
f 715 718 126
f 718 719 720
f 718 721 126
f 721 720 722
f 721 723 724
f 722 720 725
f 722 725 726
f 722 727 723
f 726 725 728
f 726 728 729
f 726 730 727
f 729 728 731
f 729 731 732
f 729 733 730
f 732 731 734
f 732 734 735
f 732 736 733
f 735 734 737
f 735 737 738
f 735 739 736
f 739 738 740
f 739 741 688
f 741 740 98
f 741 97 689
f 742 97 96
f 742 743 683
f 742 683 682
f 744 743 745
f 744 746 678
f 744 678 677
f 747 746 748
f 747 749 673
f 747 673 672
f 750 749 751
f 750 752 668
f 750 668 667
f 753 752 754
f 753 755 663
f 753 663 662
f 756 755 757
f 756 758 658
f 756 658 657
f 759 758 760
f 759 761 653
f 759 653 652
f 762 761 763
f 762 764 648
f 762 648 647
f 765 764 766
f 765 767 644
f 765 644 643
f 768 767 60
f 768 61 769
f 768 769 640
f 767 766 770
f 766 771 772
f 766 764 771
f 772 773 774
f 772 775 770
f 772 771 773
f 776 777 778
f 776 771 763
f 776 779 777
f 780 781 782
f 780 779 760
f 780 783 781
f 784 785 786
f 784 783 757
f 784 787 785
f 788 789 790
f 788 787 754
f 788 791 789
f 792 793 794
f 792 791 751
f 792 795 793
f 796 797 793
f 796 795 748
f 796 798 797
f 799 800 801
f 799 798 745
f 799 100 800
f 801 802 803
f 801 803 804
f 801 800 805
f 805 806 802
f 805 800 807
f 805 807 808
f 808 809 806
f 808 807 740
f 808 740 738
f 810 811 812
f 810 812 813
f 810 809 814
f 814 815 811
f 814 809 737
f 814 737 816
f 817 818 819
f 817 819 820
f 817 815 821
f 821 822 818
f 821 815 823
f 821 823 824
f 824 825 826
f 824 823 827
f 824 827 825
f 828 829 830
f 828 827 831
f 828 832 829
f 833 834 835
f 833 832 836
f 833 837 834
f 838 839 840
f 838 837 841
f 838 842 839
f 843 717 844
f 843 844 845
f 843 842 719
f 845 844 846
f 845 846 847
f 845 848 839
f 848 847 849
f 848 850 840
f 851 850 852
f 851 853 835
f 851 835 834
f 854 853 855
f 854 856 830
f 854 830 829
f 857 856 858
f 857 859 826
f 857 826 825
f 860 859 861
f 860 862 863
f 860 863 822
f 864 862 865
f 864 866 867
f 864 868 863
f 867 866 869
f 867 869 870
f 867 871 868
f 871 870 872
f 871 873 819
f 873 872 874
f 873 875 820
f 875 874 876
f 875 877 812
f 877 876 878
f 877 879 813
f 878 876 880
f 878 880 881
f 878 882 879
f 882 881 883
f 882 884 803
f 884 883 885
f 884 794 804
f 885 883 886
f 885 886 790
f 885 790 789
f 887 886 888
f 887 889 786
f 887 786 785
f 890 889 891
f 890 892 782
f 890 782 781
f 893 892 894
f 893 895 778
f 893 778 777
f 896 895 897
f 896 898 774
f 896 774 773
f 899 898 900
f 899 901 902
f 899 903 775
f 903 902 904
f 903 905 775
f 904 902 906
f 904 906 907
f 904 908 905
f 908 907 909
f 908 910 57
f 910 909 911
f 910 912 58
f 913 912 3
f 913 3 2
f 913 914 55
f 914 2 915
f 914 916 917
f 916 915 918
f 916 919 920
f 919 918 921
f 919 921 920
f 918 915 922
f 918 922 36
f 922 4 520
f 922 520 37
f 923 912 911
f 923 924 925
f 923 925 926
f 925 927 928
f 925 928 929
f 929 928 930
f 929 930 931
f 929 932 926
f 932 931 523
f 932 523 5
f 931 930 933
f 931 933 525
f 933 934 935
f 933 936 527
f 936 935 937
f 936 937 529
f 937 938 939
f 937 939 531
f 940 939 941
f 940 941 942
f 940 534 532
f 942 941 542
f 942 542 539
f 942 537 535
f 943 941 944
f 943 945 946
f 943 946 543
f 946 947 948
f 946 948 545
f 948 949 950
f 948 950 547
f 950 951 952
f 950 952 550
f 952 953 954
f 952 954 955
f 954 956 957
f 954 957 958
f 958 957 959
f 958 959 960
f 958 961 955
f 960 959 962
f 960 962 963
f 960 964 961
f 963 962 965
f 963 965 563
f 963 561 964
f 965 966 967
f 965 967 565
f 967 968 969
f 967 970 565
f 970 969 971
f 970 972 566
f 972 971 973
f 972 974 568
f 973 971 975
f 973 975 976
f 973 977 974
f 976 975 978
f 976 978 979
f 976 980 977
f 980 979 981
f 980 982 577
f 982 981 983
f 982 984 578
f 984 983 985
f 984 986 580
f 986 985 987
f 986 988 582
f 987 985 989
f 987 989 990
f 987 991 988
f 991 990 992
f 991 993 588
f 993 992 994
f 993 995 589
f 994 992 996
f 994 996 997
f 994 596 995
f 997 996 998
f 997 998 999
f 997 1000 596
f 1000 999 1001
f 1000 1001 599
f 1001 1002 1003
f 1001 1003 601
f 1003 1004 606
f 1003 606 603
f 1004 1002 1005
f 1004 1006 1007
f 1006 1005 1008
f 1006 1008 1009
f 1009 1008 1010
f 1009 1010 1011
f 1009 1012 1007
f 1011 1010 1013
f 1011 1014 1015
f 1011 1016 1012
f 1016 1015 1017
f 1016 1017 614
f 1017 1018 1019
f 1017 1019 619
f 1019 1020 1021
f 1019 1021 1022
f 1021 1023 1024
f 1021 1024 1025
f 1025 1024 1026
f 1025 1026 626
f 1025 623 1022
f 1026 1027 1028
f 1026 1028 1029
f 1028 1030 1031
f 1028 1031 1032
f 1032 1031 1033
f 1032 1033 1034
f 1032 1035 1029
f 1034 1033 1036
f 1034 1036 1037
f 1034 1037 1035
f 1037 1038 1039
f 1037 1039 629
f 1039 1040 1041
f 1039 1041 634
f 1041 1042 1043
f 1041 1043 1044
f 1043 1045 1046
f 1043 1046 1047
f 1047 1048 1044
f 1047 1046 1049
f 1047 1049 1050
f 1050 1051 1048
f 1050 1049 1052
f 1050 1052 1053
f 1053 1054 1051
f 1053 1052 1055
f 1053 1055 1056
f 1056 649 1054
f 1056 1055 1057
f 1056 1057 1058
f 1058 654 650
f 1058 1057 1059
f 1058 1059 654
f 1060 659 655
f 1060 1059 1061
f 1060 1062 659
f 1063 664 660
f 1063 1062 1064
f 1063 1065 664
f 1066 669 665
f 1066 1065 1067
f 1066 1068 669
f 1069 674 670
f 1069 1068 1070
f 1069 147 674
f 1068 1067 1071
f 1071 1067 1072
f 1071 1072 1073
f 1071 1074 1070
f 1074 1073 698
f 1074 1075 146
f 1072 1076 704
f 1072 704 1073
f 1076 1067 1065
f 1076 1064 705
f 1077 1064 1062
f 1077 1061 1078
f 1077 1078 706
f 1079 1061 1059
f 1079 1080 1081
f 1079 1082 1078
f 1082 1081 1083
f 1082 1084 708
f 1084 1083 1085
f 1084 1086 709
f 1086 1085 1087
f 1086 1088 711
f 1088 1087 1089
f 1088 1090 713
f 1091 1090 1092
f 1091 1093 716
f 1091 716 714
f 1092 1090 1094
f 1092 1094 1095
f 1092 1096 1093
f 1096 1095 1097
f 1096 1098 846
f 1098 1097 1099
f 1098 1100 847
f 1100 1099 1101
f 1100 77 849
f 1099 1097 1102
f 1099 1102 1103
f 1103 1102 1104
f 1103 1104 1105
f 1103 1106 1101
f 1106 1105 1107
f 1106 1108 78
f 1108 1107 1109
f 1108 1110 79
f 1111 1110 1112
f 1111 1112 855
f 1111 1113 79
f 1113 855 853
f 1113 852 80
f 1112 1114 858
f 1112 858 856
f 1115 1114 1116
f 1115 1117 861
f 1115 861 859
f 1118 1117 1119
f 1118 1120 865
f 1118 865 862
f 1121 1120 1122
f 1121 1123 1124
f 1121 1124 866
f 1125 1123 1126
f 1125 1127 1128
f 1125 1129 1124
f 1129 1128 1130
f 1129 1131 869
f 1131 1130 1132
f 1131 1133 870
f 1133 1132 1134
f 1133 1135 872
f 1135 1134 1136
f 1135 1137 874
f 1136 1134 1138
f 1136 1138 1139
f 1136 1140 1137
f 1140 1139 1141
f 1140 1142 880
f 1142 1141 1143
f 1142 1144 881
f 1143 1141 1145
f 1143 1145 888
f 1143 888 1144
f 1146 1145 1147
f 1146 1148 891
f 1146 891 889
f 1149 1148 1150
f 1149 1151 894
f 1149 894 892
f 1152 1151 1153
f 1152 1154 897
f 1152 897 895
f 1155 1154 1156
f 1155 1157 900
f 1155 900 898
f 1158 1157 1159
f 1158 1159 1160
f 1158 1161 900
f 1161 1160 1162
f 1161 1163 901
f 1162 1160 1164
f 1162 1164 1165
f 1162 1166 1163
f 1166 1165 1167
f 1166 1168 906
f 1168 1167 1169
f 1168 1170 907
f 1170 1169 1171
f 1170 1171 909
f 1171 1172 1173
f 1171 1173 924
f 1173 1174 1175
f 1173 1175 927
f 1175 1176 1177
f 1175 1177 1178
f 1177 1179 1180
f 1177 1180 1181
f 1181 1180 1182
f 1181 1182 1183
f 1181 1184 1178
f 1183 1182 1185
f 1183 1185 935
f 1183 934 1184
f 1185 1186 1187
f 1185 1187 938
f 1187 1188 1189
f 1187 1189 1190
f 1189 1191 1192
f 1189 1192 1193
f 1193 1192 1194
f 1193 1194 945
f 1193 944 1190
f 1194 1195 1196
f 1194 1196 947
f 1196 1197 1198
f 1196 1198 949
f 1198 1199 1200
f 1198 1200 951
f 1200 1201 1202
f 1200 1202 953
f 1202 1203 1204
f 1202 1204 956
f 1204 1205 1206
f 1204 1207 1208
f 1207 1206 1209
f 1207 1210 1208
f 1210 1209 1211
f 1210 49 52
f 1211 1209 1212
f 1211 1212 1213
f 1211 1214 49
f 1214 1213 1215
f 1214 1216 50
f 1217 1216 1218
f 1217 1219 1220
f 1217 1220 47
f 1220 1221 1222
f 1220 1222 1223
f 1222 1224 1225
f 1222 1225 1226
f 1226 1227 1223
f 1226 1225 45
f 1226 45 42
f 1227 42 1228
f 1227 1229 48
f 1229 1228 1230
f 1229 1231 53
f 1232 1233 51
f 1232 1231 968
f 1232 966 1233
f 1231 1230 968
f 1230 1228 1234
f 1230 1235 969
f 1234 1228 40
f 1234 40 1236
f 1234 1237 1235
f 1225 1238 1239
f 1238 1224 1240
f 1238 1241 1242
f 1241 1240 1243
f 1241 1243 19
f 1243 12 1244
f 1243 1244 20
f 1245 1246 22
f 1245 1244 1247
f 1245 1248 1246
f 1249 1250 1251
f 1249 1248 1126
f 1249 1252 1250
f 1253 1254 1255
f 1253 1252 1122
f 1253 1256 1254
f 1257 1258 1254
f 1257 1256 1119
f 1257 1259 1260
f 1260 1261 1258
f 1260 1259 1116
f 1260 1109 1107
f 1262 1263 1264
f 1262 1264 1265
f 1262 1261 1266
f 1266 1267 1263
f 1266 1261 1105
f 1266 1105 1104
f 1268 1269 1270
f 1268 1270 1271
f 1268 1267 1272
f 1272 1273 1269
f 1272 1267 1274
f 1272 1274 1275
f 1275 1276 1273
f 1275 1274 1277
f 1275 1277 1278
f 1278 1279 1276
f 1278 1277 1095
f 1278 1095 1094
f 1280 1281 1282
f 1280 1282 1283
f 1280 1279 1284
f 1284 1285 1281
f 1284 1279 1089
f 1284 1089 1087
f 1286 1287 1288
f 1286 1288 1289
f 1286 1285 1290
f 1290 1291 1287
f 1290 1285 1085
f 1290 1085 1083
f 1291 1292 1293
f 1291 1083 1081
f 1288 1294 1295
f 1288 1295 1296
f 1296 1295 1297
f 1296 1297 1298
f 1296 1299 1289
f 1299 1298 1300
f 1299 1301 1282
f 1301 1300 1302
f 1301 1303 1283
f 1302 1300 1304
f 1302 1304 1305
f 1302 1306 1303
f 1305 1304 1307
f 1305 1307 1308
f 1305 1309 1306
f 1309 1308 1310
f 1309 1311 1270
f 1311 1310 1312
f 1311 1313 1271
f 1313 1312 1314
f 1313 1315 1264
f 1315 1314 1316
f 1315 1255 1265
f 1316 1314 1317
f 1316 1317 1251
f 1316 1251 1250
f 1317 1318 1319
f 1317 1319 21
f 1319 1320 1321
f 1319 1321 1322
f 1321 1323 1324
f 1321 1324 1325
f 1325 1324 1326
f 1325 1326 1327
f 1325 1328 1322
f 1328 1327 1329
f 1328 1330 16
f 1330 1329 1331
f 1330 1332 17
f 1332 1331 1333
f 1332 1333 41
f 1333 1334 1335
f 1333 1335 1336
f 1335 1337 1338
f 1335 1338 1339
f 1339 1338 1340
f 1339 1340 1341
f 1339 1342 1336
f 1342 1341 1343
f 1342 1343 1236
f 1343 1344 978
f 1343 978 1237
f 1344 1341 1345
f 1344 1346 979
f 1346 1345 1347
f 1346 1348 981
f 1348 1347 1349
f 1348 1350 983
f 1349 1347 1351
f 1349 1351 1352
f 1349 1353 1350
f 1353 1352 1354
f 1353 1355 989
f 1355 1354 1356
f 1355 1357 990
f 1356 1354 1358
f 1356 1358 1359
f 1356 1360 1357
f 1359 1358 1361
f 1359 1361 1362
f 1359 1363 1360
f 1363 1362 1364
f 1363 1365 998
f 1365 1364 1366
f 1365 1005 999
f 1364 1362 1367
f 1364 1367 1368
f 1368 1367 1369
f 1368 1369 1370
f 1368 1371 1366
f 1370 1369 1372
f 1370 1372 1373
f 1370 1013 1010
f 1373 1372 1374
f 1373 1374 1375
f 1373 1376 1014
f 1376 1375 1377
f 1376 1377 1015
f 1377 1378 1379
f 1377 1379 1018
f 1379 1380 1381
f 1379 1381 1020
f 1381 1382 1383
f 1381 1383 1023
f 1383 1384 1385
f 1383 1385 1386
f 1385 1387 1388
f 1385 1388 1389
f 1389 1388 1390
f 1389 1390 1030
f 1389 1027 1386
f 1390 1391 1392
f 1390 1392 1393
f 1392 1394 1395
f 1392 1395 1396
f 1396 1395 1397
f 1396 1397 1398
f 1396 1399 1393
f 1398 1397 1400
f 1398 1400 1401
f 1398 1401 1399
f 1402 1400 1403
f 1402 1404 1405
f 1402 1405 1036
f 1405 1406 1407
f 1405 1407 1038
f 1407 1408 1409
f 1407 1409 1040
f 1409 1410 1411
f 1409 1411 1042
f 1411 1412 1413
f 1411 1413 1045
f 1413 1414 1298
f 1413 1298 1297
f 1412 1410 1415
f 1412 1416 1414
f 1415 1410 1417
f 1415 1417 1418
f 1415 1419 1416
f 1419 1418 1420
f 1419 1421 1307
f 1421 1420 1422
f 1421 1423 1308
f 1423 1422 1424
f 1423 1425 1310
f 1425 1424 1320
f 1425 1318 1312
f 1424 1422 1426
f 1424 1426 1323
f 1426 1427 1428
f 1426 1428 1429
f 1428 1430 1431
f 1428 1431 1432
f 1432 1431 1433
f 1432 1433 1434
f 1432 1435 1429
f 1434 1433 1436
f 1434 1436 1437
f 1434 1438 1435
f 1438 1437 1439
f 1438 1440 1326
f 1440 1439 1441
f 1440 1442 1327
f 1442 1441 1443
f 1442 1444 1329
f 1444 1443 1445
f 1444 1445 1334
f 1445 1446 1447
f 1445 1447 1337
f 1447 1448 1449
f 1447 1449 1450
f 1449 1451 1452
f 1449 1452 1453
f 1453 1452 1454
f 1453 1455 1456
f 1453 1456 1450
f 1457 1455 1458
f 1457 1459 1460
f 1457 1460 1340
f 1460 1461 1345
f 1460 1345 1341
f 1459 1458 1462
f 1459 1463 1461
f 1463 1462 1464
f 1463 1465 1351
f 1465 1464 1466
f 1465 1467 1352
f 1466 1464 1468
f 1466 1468 1469
f 1466 1470 1467
f 1469 1468 1471
f 1469 1471 1472
f 1469 1473 1470
f 1473 1472 1474
f 1473 1475 1361
f 1474 1472 1476
f 1474 1476 1477
f 1474 1478 1475
f 1477 1476 1479
f 1477 1479 1480
f 1477 1481 1478
f 1480 1479 1482
f 1480 1482 1483
f 1480 1484 1481
f 1483 1482 1485
f 1483 1486 1487
f 1483 1487 1374
f 1487 1488 1489
f 1487 1489 1375
f 1489 1490 1491
f 1489 1491 1378
f 1491 1492 1493
f 1491 1493 1380
f 1493 1494 1495
f 1493 1495 1382
f 1495 1496 1497
f 1495 1497 1384
f 1497 108 1498
f 1497 1498 1387
f 1498 112 1499
f 1498 1499 1500
f 1499 1501 1502
f 1499 1502 1503
f 1503 1502 1504
f 1503 1504 1394
f 1503 1391 1500
f 1504 1505 1506
f 1504 1506 1507
f 1506 1508 1509
f 1506 1509 1510
f 1510 1509 1511
f 1510 1511 1512
f 1510 1513 1507
f 1512 1511 1514
f 1512 1515 1516
f 1512 1516 1513
f 1517 1515 1518
f 1517 1519 1403
f 1517 1403 1400
f 1520 1519 1521
f 1520 1522 1523
f 1520 1523 1404
f 1523 1524 1525
f 1523 1525 1406
f 1525 1526 1417
f 1525 1417 1408
f 1526 1524 1527
f 1526 1528 1418
f 1528 1527 1430
f 1528 1427 1420
f 1527 1524 1529
f 1527 1529 1530
f 1529 1522 1531
f 1529 1531 1532
f 1532 1531 1533
f 1532 1533 1534
f 1532 1535 1530
f 1534 1533 1536
f 1534 1536 1537
f 1534 1538 1535
f 1537 1536 1539
f 1537 1539 1540
f 1537 1541 1538
f 1541 1540 1542
f 1541 1543 1436
f 1543 1542 1544
f 1543 1545 1437
f 1545 1544 1546
f 1545 1547 1439
f 1547 1546 1548
f 1547 1549 1441
f 1549 1548 1550
f 1549 1551 1446
f 1551 1550 1552
f 1551 1552 1448
f 1552 1553 1554
f 1552 1554 1451
f 1554 1555 1556
f 1554 1556 1557
f 1556 1558 1559
f 1556 1560 1557
f 1561 1560 1562
f 1561 1563 1454
f 1561 1454 1452
f 1564 1563 1565
f 1564 1565 1458
f 1564 1458 1455
f 1565 1566 1567
f 1565 1567 1462
f 1568 1566 1569
f 1568 1570 1571
f 1568 1572 1567
f 1571 1570 1573
f 1571 1573 1574
f 1571 1575 1572
f 1575 1574 1576
f 1575 1577 1471
f 1576 1574 1578
f 1576 1578 1579
f 1576 1580 1577
f 1579 1578 1581
f 1579 1581 1582
f 1579 1583 1580
f 1582 1581 1584
f 1582 1584 1585
f 1582 1485 1583
f 1585 1584 1586
f 1585 1586 1587
f 1585 1587 1486
f 1587 1588 1589
f 1587 1589 1488
f 1589 1590 1591
f 1589 1591 1490
f 1591 1592 1593
f 1591 1593 1492
f 1593 1594 1595
f 1593 1595 1494
f 1595 1596 109
f 1595 109 1496
f 1596 1594 1597
f 1596 1598 110
f 1599 1598 1600
f 1599 1601 1602
f 1599 1602 111
f 1602 1603 1501
f 1602 1501 112
f 1603 1601 1604
f 1603 1605 1606
f 1607 1605 1608
f 1607 1609 1508
f 1607 1505 1606
f 1609 1608 1610
f 1609 1611 1612
f 1611 1610 1613
f 1611 1614 1612
f 1615 1614 1616
f 1615 1616 1617
f 1615 1618 1612
f 1617 1616 1619
f 1617 1620 1514
f 1617 1514 1511
f 1621 1620 1622
f 1621 1623 1518
f 1621 1518 1515
f 1624 1623 1625
f 1624 1626 1521
f 1624 1521 1519
f 1625 1623 1627
f 1625 1627 1628
f 1625 1629 1626
f 1628 1627 1630
f 1628 1630 1631
f 1628 1632 1629
f 1631 1630 75
f 1631 75 74
f 1631 1633 1632
f 1633 74 71
f 1633 1634 1539
f 1634 71 1635
f 1634 1636 1540
f 1636 1635 1637
f 1636 1638 1542
f 1638 1637 1639
f 1638 1640 1544
f 1640 1639 1641
f 1640 1642 1546
f 1642 1641 1643
f 1642 1644 1548
f 1644 1643 1645
f 1644 1645 1550
f 1645 1646 1647
f 1645 1647 1553
f 1647 1648 140
f 1647 1649 1555
f 1649 140 139
f 1649 1650 1558
f 1650 139 1651
f 1650 1652 1559
f 1653 1652 1654
f 1653 1655 1562
f 1653 1562 1560
f 1655 1654 1656
f 1655 1657 1569
f 1656 1654 1658
f 1656 1658 1659
f 1656 1660 1657
f 1660 1659 1661
f 1660 1662 1573
f 1661 1659 1663
f 1661 1663 1664
f 1661 1665 1662
f 1664 1663 1666
f 1664 1666 1667
f 1664 1668 1665
f 1667 1666 1669
f 1667 1669 1670
f 1667 1671 1668
f 1670 1669 1672
f 1670 1672 91
f 1670 1673 1671
f 1673 91 1674
f 1673 1674 1588
f 1674 90 1675
f 1674 1675 1590
f 1675 94 1676
f 1675 1676 1592
f 1676 1677 1597
f 1676 1597 1594
f 1678 1677 1679
f 1678 1680 1600
f 1678 1600 1598
f 1681 1680 1682
f 1681 1683 1604
f 1681 1604 1601
f 1684 1683 1685
f 1684 1686 1608
f 1684 1608 1605
f 1686 1685 1687
f 1686 1688 1610
f 1688 1687 1689
f 1688 1689 1690
f 1690 1689 1691
f 1690 1691 1692
f 1690 1693 1613
f 1692 1691 1694
f 1692 1694 1619
f 1692 1619 1693
f 1695 1694 1696
f 1695 1697 1622
f 1695 1622 1620
f 1696 1694 1698
f 1696 1699 1700
f 1696 1700 1697
f 1701 1699 1702
f 1701 1703 72
f 1701 72 1700
f 1703 1702 1704
f 1703 1705 73
f 1706 1705 1707
f 1706 1708 1709
f 1706 1709 70
f 1709 1710 1635
f 1709 1635 70
f 1710 1708 1711
f 1710 1712 1637
f 1712 1711 1713
f 1712 1713 1639
f 1713 1714 1715
f 1713 1715 1643
f 1715 1716 1717
f 1715 1717 1646
f 1717 1718 1719
f 1717 1719 1648
f 1719 1720 141
f 1719 141 140
f 1720 1721 142
f 1720 1718 1722
f 1722 1723 1721
f 1722 1718 1724
f 1722 1724 1725
f 1725 1726 1723
f 1725 1724 1727
f 1725 1727 1728
f 1728 1729 1726
f 1728 1727 1730
f 1728 1730 1731
f 1731 1732 1729
f 1731 1730 1733
f 1731 1734 1732
f 1735 1736 1737
f 1735 1734 1738
f 1735 1739 1736
f 1738 1734 1740
f 1738 1740 1741
f 1738 1742 1739
f 1741 1740 1702
f 1741 1702 1699
f 1741 1698 1742
f 1740 1733 1704
f 1743 1733 1730
f 1743 1744 1707
f 1743 1707 1705
f 1745 1744 1746
f 1745 1746 1714
f 1745 1711 1708
f 1737 1747 1748
f 1737 1749 1750
f 1737 1736 1751
f 1751 1682 1747
f 1751 1736 1685
f 1751 1685 1683
f 1752 1679 1753
f 1752 1753 1748
f 1752 1682 1680
f 1749 1748 1754
f 1749 1754 1755
f 1755 1754 1756
f 1755 1756 1757
f 1755 1758 1750
f 1757 1759 1758
f 1757 1756 1760
f 1757 1760 1761
f 1761 1762 1759
f 1761 1760 1763
f 1761 1763 1764
f 1764 1765 1762
f 1764 1763 1766
f 1764 1766 1767
f 1767 138 1765
f 1767 1766 1768
f 1767 1768 1651
f 1766 1769 1658
f 1763 1770 1769
f 1760 1771 1770
f 1756 1772 1771
f 1754 1773 1772
f 1773 92 1672
f 1773 1748 92
f 1746 1724 1716
f 1679 1677 93
f 1768 1654 1652
f 1569 1566 1562
f 1287 1293 1294
f 1259 1119 1117
f 1256 1122 1120
f 1252 1126 1123
f 1251 1774 1246
f 1248 1247 1127
f 1247 1244 14
f 1247 1775 1127
f 1775 14 13
f 1775 1776 1128
f 1776 13 1777
f 1776 1778 1130
f 1778 1777 1779
f 1778 1780 1132
f 1779 1777 1781
f 1779 1781 1782
f 1779 1783 1780
f 1783 1782 1784
f 1783 1785 1138
f 1785 1784 1786
f 1785 1787 1139
f 1786 1784 1788
f 1786 1788 1789
f 1786 1147 1787
f 1789 1788 1790
f 1789 1791 1150
f 1789 1150 1148
f 1792 1791 1793
f 1792 1794 1153
f 1792 1153 1151
f 1795 1794 1796
f 1795 1797 1156
f 1795 1156 1154
f 1798 1797 1799
f 1798 1800 1801
f 1798 1802 1157
f 1801 1800 1803
f 1801 1803 1804
f 1801 1805 1802
f 1805 1804 1806
f 1805 1807 1159
f 1806 1804 1808
f 1806 1808 1809
f 1806 1810 1807
f 1810 1809 1811
f 1810 1812 1164
f 1812 1811 1813
f 1812 1814 1165
f 1814 1813 1815
f 1814 1816 1167
f 1816 1815 1817
f 1816 1817 1172
f 1817 1818 1819
f 1817 1819 1174
f 1819 1820 1821
f 1819 1821 1176
f 1821 1822 1823
f 1821 1823 1179
f 1823 1824 1825
f 1823 1825 1826
f 1825 1827 1828
f 1825 1828 1829
f 1829 1828 1830
f 1829 1830 1831
f 1829 1832 1826
f 1831 1830 1833
f 1831 1833 1188
f 1831 1186 1832
f 1833 1834 1835
f 1833 1835 1191
f 1835 1836 1837
f 1835 1837 1838
f 1837 1839 1840
f 1837 1840 1841
f 1841 1840 1842
f 1841 1842 1197
f 1841 1195 1838
f 1842 1843 1844
f 1842 1844 1199
f 1844 1845 1846
f 1844 1846 1201
f 1846 1847 1848
f 1846 1849 1203
f 1849 1848 1850
f 1849 1851 1205
f 1851 1850 1852
f 1851 1853 1205
f 1853 1852 1854
f 1853 1855 1206
f 1854 1852 1856
f 1854 1856 1857
f 1854 1858 1855
f 1858 1857 1859
f 1858 1860 1212
f 1860 1859 1861
f 1860 1862 1213
f 1862 1861 1863
f 1862 1864 1215
f 1865 1864 1866
f 1865 1867 1218
f 1865 1218 1216
f 1868 1867 1869
f 1868 1869 8
f 1868 11 1219
f 1869 1870 1871
f 1869 1871 1872
f 1871 1873 1874
f 1871 1874 1875
f 1875 1874 1876
f 1875 1876 1781
f 1875 1781 1872
f 1876 1877 1878
f 1876 1879 1782
f 1878 1877 1880
f 1878 1880 1881
f 1878 1790 1879
f 1881 1880 1882
f 1881 1883 1793
f 1881 1793 1791
f 1884 1883 1885
f 1884 1886 1796
f 1884 1796 1794
f 1887 1886 1888
f 1887 1889 1799
f 1887 1799 1797
f 1890 1889 1891
f 1890 1892 1893
f 1890 1894 1800
f 1893 1892 1895
f 1893 1895 1896
f 1893 1897 1894
f 1897 1896 1898
f 1897 1899 1803
f 1898 1896 1900
f 1898 1900 1901
f 1898 1902 1899
f 1902 1901 1903
f 1902 1904 1808
f 1904 1903 1905
f 1904 1905 1809
f 1905 1906 1907
f 1905 1907 1811
f 1907 1908 1909
f 1907 1909 1815
f 1909 1910 1911
f 1909 1911 1818
f 1911 1912 1913
f 1911 1913 1820
f 1913 102 1914
f 1913 1914 1822
f 1914 105 1915
f 1914 1915 1824
f 1915 1916 1917
f 1915 1917 1827
f 1917 1918 1919
f 1917 1919 1920
f 1919 1921 1922
f 1919 1922 1923
f 1923 1922 1924
f 1923 1924 1925
f 1923 1926 1920
f 1925 1924 1927
f 1925 1927 1836
f 1925 1834 1926
f 1927 1928 1929
f 1927 1929 1839
f 1929 1930 1931
f 1929 1931 1932
f 1931 1933 1934
f 1931 1934 1935
f 1935 1934 1936
f 1935 1936 1845
f 1935 1843 1932
f 1936 1937 1938
f 1936 1939 1847
f 1939 1938 1940
f 1939 1941 1847
f 1941 1940 1942
f 1941 1943 1848
f 1943 1942 1944
f 1943 1945 1850
f 1944 1942 1946
f 1944 1946 1947
f 1944 1948 1945
f 1948 1947 1949
f 1948 1950 1856
f 1950 1949 1951
f 1950 1952 1857
f 1952 1951 1953
f 1952 1954 1859
f 1954 1953 1955
f 1954 1956 1861
f 1956 1955 1957
f 1956 1958 1863
f 1959 1958 1960
f 1959 1961 1866
f 1959 1866 1864
f 1962 1961 1963
f 1962 1963 1873
f 1962 1870 1866
f 1963 1964 1965
f 1963 1965 1966
f 1965 1967 1968
f 1965 1969 1966
f 1969 1968 1882
f 1969 1882 1970
f 1971 1968 1972
f 1971 1973 1885
f 1971 1885 1883
f 1974 1973 1975
f 1974 1976 1888
f 1974 1888 1886
f 1977 1976 1978
f 1977 1978 1979
f 1977 1891 1889
f 1979 1978 1980
f 1979 1980 1981
f 1979 1982 1891
f 1981 1980 1983
f 1981 1983 1984
f 1981 1985 1982
f 1985 1984 1986
f 1985 1987 1895
f 1986 1984 1988
f 1986 1988 1989
f 1986 1990 1987
f 1990 1989 1991
f 1990 1992 1900
f 1992 1991 1993
f 1992 1993 1901
f 1993 1994 1995
f 1993 1995 1906
f 1995 1996 1997
f 1995 1997 1908
f 1997 1998 1999
f 1997 1999 1910
f 1999 2000 103
f 1999 103 1912
f 2000 1998 2001
f 2000 2002 106
f 2003 2002 2004
f 2003 2005 2006
f 2003 2006 104
f 2006 2007 1916
f 2006 1916 105
f 2007 2005 2008
f 2007 2009 1918
f 2009 2008 2010
f 2009 2011 1921
f 2011 2010 2012
f 2011 2013 2014
f 2014 2013 2015
f 2014 2015 2016
f 2014 2017 2018
f 2016 2015 2019
f 2016 2019 1930
f 2016 1928 2017
f 2019 2020 2021
f 2019 2021 1933
f 2021 2022 2023
f 2021 2023 2024
f 2023 2025 2026
f 2023 2026 2027
f 2027 2026 2028
f 2027 2028 1938
f 2027 1937 2024
f 2028 2029 2030
f 2028 2030 1938
f 2030 2031 2032
f 2030 2032 1940
f 2031 2029 2033
f 2031 2034 68
f 2034 2033 2035
f 2034 2036 65
f 2036 2035 2037
f 2036 2038 66
f 2039 2038 2040
f 2039 2041 2042
f 2039 2042 63
f 2042 2043 2044
f 2042 2044 64
f 2044 2045 1949
f 2044 1949 1947
f 2045 2043 2046
f 2045 2047 1951
f 2047 2046 2048
f 2047 2049 1953
f 2049 2048 2050
f 2049 2051 1955
f 2051 2050 2052
f 2051 2053 1957
f 2054 2053 2055
f 2054 2056 1960
f 2054 1960 1958
f 2057 2056 2058
f 2057 2058 1967
f 2057 1964 1960
f 2058 2059 1972
f 2058 1972 1967
f 2060 2059 2061
f 2060 2061 2062
f 2060 1975 1973
f 2062 2061 2063
f 2062 2063 2064
f 2062 2065 1975
f 2064 2063 2066
f 2064 2066 2067
f 2064 2068 2065
f 2067 2066 2069
f 2067 2069 2070
f 2067 2071 2068
f 2070 2069 2072
f 2070 2072 2073
f 2070 2074 2071
f 2074 2073 2075
f 2074 2076 1983
f 2075 2073 2077
f 2075 2077 2078
f 2075 2079 2076
f 2079 2078 2080
f 2079 2081 1988
f 2081 2080 84
f 2081 2082 1989
f 2082 84 2083
f 2082 2083 1991
f 2083 83 2084
f 2083 2084 1996
f 2084 88 2001
f 2084 2001 1998
f 2085 88 87
f 2085 2086 2004
f 2085 2004 2002
f 2087 2086 2088
f 2087 2089 2008
f 2087 2008 2005
f 2089 2088 2090
f 2089 2091 2010
f 2091 2090 2092
f 2091 2092 2093
f 2093 2092 2094
f 2093 2094 2095
f 2093 2096 2012
f 2095 2094 2097
f 2095 2097 2022
f 2095 2020 2096
f 2097 2098 2099
f 2097 2099 2025
f 2099 2100 2101
f 2099 2101 2102
f 2101 2103 2035
f 2101 2035 2033
f 2103 2100 2104
f 2103 2105 2037
f 2106 2105 2107
f 2106 2108 2040
f 2106 2040 2038
f 2109 2108 2110
f 2109 2111 2112
f 2109 2112 2041
f 2112 2113 2046
f 2112 2046 2043
f 2113 2111 2114
f 2113 2115 2048
f 2115 2114 2116
f 2115 2116 2050
f 2116 2117 2118
f 2116 2118 2119
f 2119 2118 134
f 2119 134 2055
f 2119 2055 2053
f 2118 2120 135
f 2120 2121 136
f 2120 2117 2122
f 2122 2123 2121
f 2122 2117 2124
f 2122 2124 2125
f 2125 2126 2123
f 2125 2124 2127
f 2125 2127 2128
f 2128 2129 2126
f 2128 2127 2107
f 2128 2130 2129
f 2131 2132 2133
f 2131 2130 2104
f 2131 2134 2132
f 2134 2104 2100
f 2134 2098 2135
f 2133 2136 2137
f 2133 2137 2138
f 2133 2132 2136
f 2137 2139 2077
f 2137 2077 2140
f 2139 2141 2078
f 2139 2136 2141
f 2142 86 85
f 2142 2136 2143
f 2142 2090 86
f 2141 85 2080
f 2132 2135 2143
f 2130 2107 2105
f 2138 2140 2144
f 2127 2110 2108
f 2144 2140 2072
f 2144 2072 2145
f 2124 2114 2110
f 2121 2145 2146
f 2088 2086 86
f 2146 2066 132
f 2061 2147 133
f 2147 2059 2056
f 2033 2029 2102
f 1947 1946 64
f 1946 2032 68
f 1970 1877 1966
f 1224 1221 1240
f 1221 1219 10
f 1116 1114 1109
f 1081 1080 1292
f 1233 959 2148
f 957 1208 2148
f 852 850 81
f 842 841 720
f 837 836 725
f 832 831 728
f 827 2149 831
f 823 816 2149
f 798 748 746
f 795 751 749
f 791 754 752
f 787 757 755
f 783 760 758
f 779 763 761
f 745 743 100
f 1075 695 2150
f 2150 692 684
f 2150 2151 2152
f 2151 684 680
f 2151 679 144
f 679 675 145
f 769 27 26
f 518 516 35
f 516 515 608
f 465 463 559
f 442 432 430
f 291 289 114
f 185 184 149
f 61 56 27
f 56 917 30
f 1239 1242 43
f 44 43 18
f 921 34 28
f 1 3 926
f 4 915 2
f 1 6 4
f 8 1872 9
f 7 11 8
f 12 1240 10
f 7 14 12
f 9 1777 13
f 15 17 18
f 18 1242 19
f 15 20 22
f 21 1322 16
f 22 1774 21
f 24 625 25
f 23 27 30
f 25 633 26
f 23 29 24
f 30 920 28
f 32 610 33
f 33 618 34
f 35 608 32
f 34 921 36
f 31 37 35
f 39 1236 40
f 41 1336 39
f 38 42 45
f 38 44 41
f 45 1239 43
f 47 1223 48
f 46 50 47
f 51 2148 52
f 46 53 51
f 55 917 56
f 54 58 55
f 59 905 57
f 60 770 59
f 54 61 60
f 62 64 67
f 62 66 63
f 62 68 65
f 69 71 74
f 69 73 70
f 69 75 72
f 77 1101 78
f 76 79 80
f 76 81 77
f 82 84 85
f 82 86 87
f 82 88 83
f 89 91 92
f 92 1753 93
f 89 94 90
f 95 97 98
f 98 807 99
f 95 100 96
f 102 1912 103
f 101 105 102
f 101 106 104
f 108 1496 109
f 107 110 111
f 107 112 108
f 113 115 118
f 113 117 114
f 118 372 116
f 119 121 124
f 119 123 120
f 124 456 122
f 126 724 127
f 125 128 129
f 125 130 126
f 132 2063 133
f 131 134 135
f 131 136 132
f 138 1651 139
f 137 140 141
f 137 142 138
f 143 145 147
f 146 2152 144
f 147 1070 146
f 148 150 151
f 148 152 153
f 148 154 149
f 156 167 157
f 155 158 159
f 155 160 156
f 159 219 161
f 160 162 163
f 163 164 156
f 165 203 166
f 164 167 156
f 164 168 165
f 169 199 165
f 163 162 170
f 168 171 169
f 172 181 169
f 170 228 173
f 171 174 172
f 173 232 175
f 174 176 177
f 177 178 172
f 179 189 180
f 178 181 172
f 178 182 179
f 177 176 183
f 182 184 185
f 185 186 179
f 187 190 188
f 186 189 179
f 186 154 187
f 190 257 191
f 188 192 189
f 191 263 193
f 192 194 195
f 195 180 189
f 195 196 197
f 197 181 180
f 197 198 199
f 199 169 181
f 198 200 201
f 198 202 203
f 203 165 199
f 202 204 205
f 202 206 207
f 207 166 203
f 207 208 209
f 209 167 166
f 209 210 211
f 211 157 167
f 211 212 213
f 213 158 157
f 213 214 215
f 215 216 158
f 216 217 218
f 218 220 219
f 216 159 158
f 220 221 222
f 222 224 223
f 220 161 219
f 223 225 226
f 226 162 161
f 226 227 228
f 228 170 162
f 227 229 230
f 227 231 232
f 232 173 228
f 230 306 233
f 231 234 235
f 235 175 232
f 235 236 237
f 237 176 175
f 237 238 239
f 239 183 176
f 239 240 241
f 241 184 183
f 241 242 150
f 150 149 184
f 240 319 243
f 242 244 245
f 245 151 150
f 245 246 247
f 247 152 151
f 247 248 249
f 249 250 152
f 250 251 252
f 250 253 254
f 254 153 152
f 254 190 187
f 187 154 153
f 253 255 256
f 253 257 190
f 256 258 259
f 259 260 257
f 260 261 262
f 262 264 263
f 260 191 257
f 264 265 266
f 266 268 267
f 264 193 263
f 268 270 269
f 267 194 193
f 270 271 200
f 269 196 194
f 271 272 273
f 273 274 204
f 271 201 200
f 274 275 276
f 276 278 277
f 274 205 204
f 277 279 280
f 280 206 205
f 280 281 282
f 282 208 206
f 282 283 284
f 284 210 208
f 284 285 286
f 286 212 210
f 286 287 288
f 288 214 212
f 288 115 289
f 289 290 214
f 290 291 292
f 292 293 217
f 290 215 214
f 293 294 295
f 295 296 221
f 293 218 217
f 296 297 298
f 298 300 299
f 296 222 221
f 300 302 301
f 299 224 222
f 302 303 229
f 229 225 224
f 303 304 305
f 305 307 306
f 303 230 229
f 307 308 309
f 309 311 310
f 310 233 306
f 311 313 312
f 312 234 233
f 313 315 314
f 314 236 234
f 315 317 316
f 316 238 236
f 316 318 319
f 319 240 238
f 317 405 320
f 318 321 322
f 322 243 319
f 322 323 324
f 324 244 243
f 324 325 326
f 326 246 244
f 326 327 328
f 328 248 246
f 328 329 330
f 330 331 248
f 331 332 333
f 333 334 251
f 331 249 248
f 334 335 336
f 336 258 255
f 334 252 251
f 336 337 338
f 338 339 258
f 339 340 341
f 341 342 261
f 339 259 258
f 342 343 344
f 344 345 265
f 342 262 261
f 345 346 347
f 347 349 348
f 345 266 265
f 349 351 350
f 348 268 266
f 351 352 272
f 350 270 268
f 352 353 354
f 354 355 275
f 352 273 272
f 355 356 357
f 357 359 358
f 355 276 275
f 359 361 360
f 358 278 276
f 360 362 363
f 363 279 278
f 363 364 365
f 365 281 279
f 365 366 367
f 367 283 281
f 367 368 369
f 369 285 283
f 369 370 371
f 371 287 285
f 371 372 118
f 118 115 287
f 368 480 373
f 370 374 372
f 373 483 375
f 374 376 377
f 377 116 372
f 377 378 379
f 379 117 116
f 379 380 381
f 381 382 117
f 381 383 294
f 382 292 291
f 291 114 117
f 381 380 384
f 384 385 297
f 383 295 294
f 384 494 386
f 386 388 387
f 385 298 297
f 388 390 389
f 387 300 298
f 390 391 304
f 389 302 300
f 391 392 393
f 393 394 308
f 391 305 304
f 394 395 396
f 396 398 397
f 394 309 308
f 398 400 399
f 397 311 309
f 400 402 401
f 399 313 311
f 402 404 403
f 401 315 313
f 404 406 405
f 403 317 315
f 406 407 408
f 406 409 410
f 410 320 405
f 410 411 412
f 412 321 320
f 412 413 414
f 414 323 321
f 414 415 416
f 416 325 323
f 416 417 418
f 418 327 325
f 418 419 420
f 420 329 327
f 420 421 422
f 422 423 329
f 423 424 425
f 425 426 332
f 423 330 329
f 426 427 428
f 428 337 335
f 426 333 332
f 428 429 430
f 430 431 337
f 431 432 433
f 433 434 340
f 431 338 337
f 434 435 436
f 436 437 343
f 434 341 340
f 437 121 120
f 120 123 346
f 437 344 343
f 435 438 121
f 439 448 440
f 438 124 121
f 438 441 439
f 441 442 443
f 443 444 439
f 435 433 432
f 444 445 446
f 446 449 447
f 444 448 439
f 449 549 450
f 447 451 448
f 450 555 452
f 451 453 454
f 454 440 448
f 454 455 456
f 456 124 440
f 453 559 457
f 455 458 459
f 459 122 456
f 459 460 461
f 461 123 122
f 461 349 347
f 347 346 123
f 458 462 353
f 460 351 349
f 462 457 463
f 463 464 356
f 462 354 353
f 464 465 466
f 466 468 467
f 464 357 356
f 468 470 469
f 467 359 357
f 469 471 472
f 469 361 359
f 472 473 474
f 474 362 361
f 474 475 476
f 476 364 362
f 476 477 478
f 478 366 364
f 478 479 480
f 480 368 366
f 477 573 481
f 479 482 483
f 483 373 480
f 481 576 484
f 482 485 486
f 486 375 483
f 486 487 488
f 488 376 375
f 488 489 490
f 490 378 376
f 490 491 492
f 492 380 378
f 492 493 494
f 494 384 380
f 491 587 495
f 493 496 497
f 497 386 494
f 496 499 498
f 497 388 386
f 499 500 392
f 498 390 388
f 500 501 502
f 502 503 395
f 500 393 392
f 503 504 505
f 505 507 506
f 503 396 395
f 507 509 508
f 506 398 396
f 509 511 510
f 508 400 398
f 511 513 512
f 510 402 400
f 513 514 407
f 512 404 402
f 514 515 516
f 516 518 517
f 514 408 407
f 518 520 519
f 517 409 408
f 519 6 521
f 521 411 409
f 521 5 522
f 522 413 411
f 522 523 524
f 524 415 413
f 524 525 526
f 526 417 415
f 526 527 528
f 528 419 417
f 528 529 530
f 530 421 419
f 530 531 532
f 532 533 421
f 533 534 535
f 535 536 424
f 533 422 421
f 536 537 538
f 538 429 427
f 536 425 424
f 538 539 540
f 540 442 429
f 539 541 445
f 540 443 442
f 541 542 543
f 543 545 544
f 541 446 445
f 545 547 546
f 544 449 446
f 547 550 548
f 546 549 449
f 550 955 551
f 548 552 549
f 551 961 553
f 552 554 555
f 555 450 549
f 553 964 556
f 554 557 558
f 558 452 555
f 558 465 559
f 559 453 452
f 556 561 560
f 557 466 465
f 561 563 562
f 560 468 466
f 563 565 564
f 562 470 468
f 564 566 567
f 567 471 470
f 567 568 569
f 569 473 471
f 569 570 571
f 571 475 473
f 571 572 573
f 573 477 475
f 570 974 574
f 572 575 576
f 576 481 573
f 574 977 577
f 575 578 579
f 579 484 576
f 579 580 581
f 581 485 484
f 581 582 583
f 583 487 485
f 583 584 585
f 585 489 487
f 585 586 587
f 587 491 489
f 584 988 588
f 586 589 590
f 590 495 587
f 590 591 592
f 592 496 495
f 592 593 501
f 592 499 496
f 591 995 594
f 594 595 504
f 593 502 501
f 595 596 597
f 597 599 598
f 595 505 504
f 599 601 600
f 598 507 505
f 601 603 602
f 600 509 507
f 603 605 604
f 602 511 509
f 605 608 515
f 604 513 511
f 605 606 607
f 607 32 608
f 606 611 609
f 607 610 32
f 611 1007 612
f 609 613 610
f 612 1012 614
f 613 615 616
f 616 33 610
f 615 619 617
f 616 618 33
f 619 1022 620
f 617 621 618
f 620 623 622
f 621 24 29
f 29 34 618
f 623 626 624
f 622 625 24
f 626 1029 627
f 624 628 625
f 627 1035 629
f 628 630 631
f 631 25 625
f 630 634 632
f 631 633 25
f 634 1044 635
f 632 636 633
f 637 26 633
f 635 1048 638
f 636 639 637
f 640 769 637
f 638 1051 641
f 639 642 640
f 642 644 640
f 641 1054 645
f 645 646 643
f 646 648 643
f 646 649 650
f 650 651 647
f 651 653 647
f 651 654 655
f 655 656 652
f 656 658 652
f 656 659 660
f 660 661 657
f 661 663 657
f 661 664 665
f 665 666 662
f 666 668 662
f 666 669 670
f 670 671 667
f 671 673 667
f 671 674 675
f 675 676 672
f 676 678 672
f 676 679 680
f 680 681 677
f 681 683 677
f 681 684 685
f 685 686 682
f 687 736 688
f 686 689 682
f 686 690 687
f 691 733 687
f 685 684 692
f 690 693 691
f 694 730 691
f 692 2150 695
f 693 696 694
f 697 727 694
f 695 1075 698
f 696 699 697
f 700 723 697
f 698 1073 701
f 699 702 700
f 701 704 703
f 702 128 127
f 127 724 700
f 703 705 706
f 703 707 128
f 706 1078 708
f 707 709 710
f 710 129 128
f 710 711 712
f 712 130 129
f 712 713 714
f 714 715 130
f 715 716 717
f 717 719 718
f 715 126 130
f 718 720 721
f 721 724 126
f 721 722 723
f 723 700 724
f 720 841 725
f 722 726 727
f 727 697 723
f 725 836 728
f 726 729 730
f 730 694 727
f 728 831 731
f 729 732 733
f 733 691 730
f 731 2149 734
f 732 735 736
f 736 687 733
f 734 816 737
f 735 738 739
f 739 688 736
f 739 740 741
f 741 689 688
f 741 98 97
f 97 742 689
f 742 96 743
f 743 744 683
f 742 682 689
f 744 745 746
f 746 747 678
f 744 677 683
f 747 748 749
f 749 750 673
f 747 672 678
f 750 751 752
f 752 753 668
f 750 667 673
f 753 754 755
f 755 756 663
f 753 662 668
f 756 757 758
f 758 759 658
f 756 657 663
f 759 760 761
f 761 762 653
f 759 652 658
f 762 763 764
f 764 765 648
f 762 647 653
f 765 766 767
f 767 768 644
f 765 643 648
f 768 60 61
f 61 27 769
f 768 640 644
f 767 770 60
f 766 772 770
f 764 763 771
f 772 774 775
f 775 59 770
f 771 776 773
f 776 778 773
f 776 763 779
f 779 780 777
f 780 782 777
f 780 760 783
f 783 784 781
f 784 786 781
f 784 757 787
f 787 788 785
f 788 790 785
f 788 754 791
f 791 792 789
f 792 794 789
f 792 751 795
f 795 796 793
f 797 804 793
f 796 748 798
f 798 799 797
f 799 801 797
f 799 745 100
f 100 99 800
f 802 879 803
f 801 804 797
f 801 805 802
f 806 813 802
f 800 99 807
f 805 808 806
f 809 810 806
f 807 98 740
f 808 738 809
f 811 820 812
f 810 813 806
f 810 814 811
f 815 817 811
f 809 738 737
f 814 816 815
f 818 868 819
f 817 820 811
f 817 821 818
f 822 863 818
f 815 816 823
f 821 824 822
f 824 826 822
f 823 2149 827
f 827 828 825
f 828 830 825
f 828 831 832
f 832 833 829
f 833 835 829
f 833 836 837
f 837 838 834
f 838 840 834
f 838 841 842
f 842 843 839
f 717 716 844
f 843 845 839
f 843 719 717
f 844 1093 846
f 845 847 848
f 848 840 839
f 848 849 850
f 850 851 840
f 851 852 853
f 853 854 835
f 851 834 840
f 854 855 856
f 856 857 830
f 854 829 835
f 857 858 859
f 859 860 826
f 857 825 830
f 860 861 862
f 862 864 863
f 860 822 826
f 864 865 866
f 864 867 868
f 868 818 863
f 866 1124 869
f 867 870 871
f 871 819 868
f 871 872 873
f 873 820 819
f 873 874 875
f 875 812 820
f 875 876 877
f 877 813 812
f 877 878 879
f 879 802 813
f 876 1137 880
f 878 881 882
f 882 803 879
f 882 883 884
f 884 804 803
f 884 885 794
f 794 793 804
f 883 1144 886
f 886 887 790
f 885 789 794
f 887 888 889
f 889 890 786
f 887 785 790
f 890 891 892
f 892 893 782
f 890 781 786
f 893 894 895
f 895 896 778
f 893 777 782
f 896 897 898
f 898 899 774
f 896 773 778
f 899 900 901
f 899 902 903
f 899 775 774
f 903 904 905
f 905 59 775
f 902 1163 906
f 904 907 908
f 908 57 905
f 908 909 910
f 910 58 57
f 910 911 912
f 912 913 58
f 912 923 3
f 913 2 914
f 913 55 58
f 914 915 916
f 914 917 55
f 916 918 919
f 916 920 917
f 918 36 921
f 921 28 920
f 915 4 922
f 922 37 36
f 4 6 520
f 520 518 37
f 923 911 924
f 924 927 925
f 923 926 3
f 927 1178 928
f 925 929 926
f 928 1184 930
f 929 931 932
f 932 1 926
f 931 525 523
f 932 5 1
f 930 934 933
f 933 527 525
f 933 935 936
f 936 529 527
f 935 938 937
f 937 531 529
f 938 1190 939
f 939 940 531
f 939 944 941
f 940 942 534
f 940 532 531
f 941 943 542
f 942 539 537
f 942 535 534
f 943 944 945
f 945 947 946
f 943 543 542
f 947 949 948
f 946 545 543
f 949 951 950
f 948 547 545
f 951 953 952
f 950 550 547
f 953 956 954
f 952 955 550
f 956 1208 957
f 954 958 955
f 957 2148 959
f 958 960 961
f 961 551 955
f 959 1233 962
f 960 963 964
f 964 553 961
f 962 966 965
f 963 563 561
f 561 556 964
f 966 968 967
f 965 565 563
f 967 969 970
f 970 566 565
f 970 971 972
f 972 568 566
f 972 973 974
f 974 570 568
f 971 1235 975
f 973 976 977
f 977 574 974
f 975 1237 978
f 976 979 980
f 980 577 977
f 980 981 982
f 982 578 577
f 982 983 984
f 984 580 578
f 984 985 986
f 986 582 580
f 986 987 988
f 988 584 582
f 985 1350 989
f 987 990 991
f 991 588 988
f 991 992 993
f 993 589 588
f 993 994 995
f 995 591 589
f 992 1357 996
f 994 997 596
f 596 594 995
f 996 1360 998
f 997 999 1000
f 1000 597 596
f 999 1002 1001
f 1000 599 597
f 1002 1004 1003
f 1001 601 599
f 1004 611 606
f 1003 603 601
f 1004 1005 1006
f 1004 1007 611
f 1005 1366 1008
f 1006 1009 1007
f 1008 1371 1010
f 1009 1011 1012
f 1012 612 1007
f 1011 1013 1014
f 1011 1015 1016
f 1016 614 1012
f 1015 1018 1017
f 1017 615 614
f 1018 1020 1019
f 1017 619 615
f 1020 1023 1021
f 1019 1022 619
f 1023 1386 1024
f 1021 1025 1022
f 1024 1027 1026
f 1025 626 623
f 623 620 1022
f 1027 1030 1028
f 1026 1029 626
f 1030 1393 1031
f 1028 1032 1029
f 1031 1399 1033
f 1032 1034 1035
f 1035 627 1029
f 1033 1401 1036
f 1036 1038 1037
f 1037 629 1035
f 1038 1040 1039
f 1039 630 629
f 1040 1042 1041
f 1039 634 630
f 1042 1045 1043
f 1041 1044 634
f 1045 1297 1046
f 1043 1047 1044
f 1048 635 1044
f 1046 1295 1049
f 1047 1050 1048
f 1051 638 1048
f 1049 1294 1052
f 1050 1053 1051
f 1054 641 1051
f 1052 1293 1055
f 1053 1056 1054
f 649 645 1054
f 1055 1292 1057
f 1056 1058 649
f 1058 650 649
f 1057 1080 1059
f 1059 1060 654
f 1060 655 654
f 1060 1061 1062
f 1062 1063 659
f 1063 660 659
f 1063 1064 1065
f 1065 1066 664
f 1066 665 664
f 1066 1067 1068
f 1068 1069 669
f 1069 670 669
f 1069 1070 147
f 147 145 674
f 1068 1071 1070
f 1067 1076 1072
f 1071 1073 1074
f 1074 146 1070
f 1074 698 1075
f 1075 2152 146
f 1076 705 704
f 704 701 1073
f 1076 1065 1064
f 1064 1077 705
f 1077 1062 1061
f 1061 1079 1078
f 1077 706 705
f 1079 1059 1080
f 1079 1081 1082
f 1082 708 1078
f 1082 1083 1084
f 1084 709 708
f 1084 1085 1086
f 1086 711 709
f 1086 1087 1088
f 1088 713 711
f 1088 1089 1090
f 1090 1091 713
f 1091 1092 1093
f 1093 844 716
f 1091 714 713
f 1090 1089 1094
f 1092 1095 1096
f 1096 846 1093
f 1096 1097 1098
f 1098 847 846
f 1098 1099 1100
f 1100 849 847
f 1100 1101 77
f 77 81 849
f 1097 1277 1102
f 1099 1103 1101
f 1102 1274 1104
f 1103 1105 1106
f 1106 78 1101
f 1106 1107 1108
f 1108 79 78
f 1108 1109 1110
f 1110 1111 79
f 1110 1114 1112
f 1111 855 1113
f 1113 80 79
f 1113 853 852
f 852 81 80
f 1114 1115 858
f 1112 856 855
f 1115 1116 1117
f 1117 1118 861
f 1115 859 858
f 1118 1119 1120
f 1120 1121 865
f 1118 862 861
f 1121 1122 1123
f 1123 1125 1124
f 1121 866 865
f 1125 1126 1127
f 1125 1128 1129
f 1129 869 1124
f 1129 1130 1131
f 1131 870 869
f 1131 1132 1133
f 1133 872 870
f 1133 1134 1135
f 1135 874 872
f 1135 1136 1137
f 1137 876 874
f 1134 1780 1138
f 1136 1139 1140
f 1140 880 1137
f 1140 1141 1142
f 1142 881 880
f 1142 1143 1144
f 1144 883 881
f 1141 1787 1145
f 1145 1146 888
f 888 886 1144
f 1146 1147 1148
f 1148 1149 891
f 1146 889 888
f 1149 1150 1151
f 1151 1152 894
f 1149 892 891
f 1152 1153 1154
f 1154 1155 897
f 1152 895 894
f 1155 1156 1157
f 1157 1158 900
f 1155 898 897
f 1157 1802 1159
f 1158 1160 1161
f 1161 901 900
f 1161 1162 1163
f 1163 902 901
f 1160 1807 1164
f 1162 1165 1166
f 1166 906 1163
f 1166 1167 1168
f 1168 907 906
f 1168 1169 1170
f 1170 909 907
f 1169 1172 1171
f 1171 911 909
f 1172 1174 1173
f 1171 924 911
f 1174 1176 1175
f 1173 927 924
f 1176 1179 1177
f 1175 1178 927
f 1179 1826 1180
f 1177 1181 1178
f 1180 1832 1182
f 1181 1183 1184
f 1184 928 1178
f 1182 1186 1185
f 1183 935 934
f 934 930 1184
f 1186 1188 1187
f 1185 938 935
f 1188 1191 1189
f 1187 1190 938
f 1191 1838 1192
f 1189 1193 1190
f 1192 1195 1194
f 1193 945 944
f 944 939 1190
f 1195 1197 1196
f 1194 947 945
f 1197 1199 1198
f 1196 949 947
f 1199 1201 1200
f 1198 951 949
f 1201 1203 1202
f 1200 953 951
f 1203 1205 1204
f 1202 956 953
f 1204 1206 1207
f 1204 1208 956
f 1207 1209 1210
f 1210 52 1208
f 1210 1211 49
f 49 46 52
f 1209 1855 1212
f 1211 1213 1214
f 1214 50 49
f 1214 1215 1216
f 1216 1217 50
f 1217 1218 1219
f 1219 1221 1220
f 1217 47 50
f 1221 1224 1222
f 1220 1223 47
f 1224 1238 1225
f 1222 1226 1223
f 1227 48 1223
f 1225 1239 45
f 1226 42 1227
f 1227 1228 1229
f 1229 53 48
f 1229 1230 1231
f 1231 1232 53
f 1232 51 53
f 1232 968 966
f 966 962 1233
f 1230 969 968
f 1230 1234 1235
f 1235 971 969
f 1228 42 40
f 1234 1236 1237
f 1237 975 1235
f 1238 1242 1239
f 1238 1240 1241
f 1241 19 1242
f 1240 12 1243
f 1243 20 19
f 12 14 1244
f 1244 1245 20
f 1245 22 20
f 1245 1247 1248
f 1248 1249 1246
f 1249 1251 1246
f 1249 1126 1252
f 1252 1253 1250
f 1253 1255 1250
f 1253 1122 1256
f 1256 1257 1254
f 1258 1265 1254
f 1257 1119 1259
f 1257 1260 1258
f 1261 1262 1258
f 1260 1116 1109
f 1260 1107 1261
f 1263 1271 1264
f 1262 1265 1258
f 1262 1266 1263
f 1267 1268 1263
f 1261 1107 1105
f 1266 1104 1267
f 1269 1306 1270
f 1268 1271 1263
f 1268 1272 1269
f 1273 1303 1269
f 1267 1104 1274
f 1272 1275 1273
f 1276 1283 1273
f 1274 1102 1277
f 1275 1278 1276
f 1279 1280 1276
f 1277 1097 1095
f 1278 1094 1279
f 1281 1289 1282
f 1280 1283 1276
f 1280 1284 1281
f 1285 1286 1281
f 1279 1094 1089
f 1284 1087 1285
f 1287 1294 1288
f 1286 1289 1281
f 1286 1290 1287
f 1291 1293 1287
f 1285 1087 1085
f 1290 1083 1291
f 1292 1055 1293
f 1291 1081 1292
f 1294 1049 1295
f 1288 1296 1289
f 1295 1046 1297
f 1296 1298 1299
f 1299 1282 1289
f 1299 1300 1301
f 1301 1283 1282
f 1301 1302 1303
f 1303 1273 1283
f 1300 1414 1304
f 1302 1305 1306
f 1306 1269 1303
f 1304 1416 1307
f 1305 1308 1309
f 1309 1270 1306
f 1309 1310 1311
f 1311 1271 1270
f 1311 1312 1313
f 1313 1264 1271
f 1313 1314 1315
f 1315 1265 1264
f 1315 1316 1255
f 1255 1254 1265
f 1314 1318 1317
f 1317 1774 1251
f 1316 1250 1255
f 1318 1320 1319
f 1317 21 1774
f 1320 1323 1321
f 1319 1322 21
f 1323 1429 1324
f 1321 1325 1322
f 1324 1435 1326
f 1325 1327 1328
f 1328 16 1322
f 1328 1329 1330
f 1330 17 16
f 1330 1331 1332
f 1332 44 17
f 1331 1334 1333
f 1332 41 44
f 1334 1337 1335
f 1333 1336 41
f 1337 1450 1338
f 1335 1339 1336
f 1338 1456 1340
f 1339 1341 1342
f 1342 39 1336
f 1341 1344 1343
f 1342 1236 39
f 1344 979 978
f 1343 1237 1236
f 1344 1345 1346
f 1346 981 979
f 1346 1347 1348
f 1348 983 981
f 1348 1349 1350
f 1350 985 983
f 1347 1461 1351
f 1349 1352 1353
f 1353 989 1350
f 1353 1354 1355
f 1355 990 989
f 1355 1356 1357
f 1357 992 990
f 1354 1467 1358
f 1356 1359 1360
f 1360 996 1357
f 1358 1470 1361
f 1359 1362 1363
f 1363 998 1360
f 1363 1364 1365
f 1365 999 998
f 1365 1366 1005
f 1005 1002 999
f 1362 1475 1367
f 1364 1368 1366
f 1367 1478 1369
f 1368 1370 1371
f 1371 1008 1366
f 1369 1481 1372
f 1370 1373 1013
f 1370 1010 1371
f 1372 1484 1374
f 1373 1375 1376
f 1373 1014 1013
f 1375 1378 1377
f 1376 1015 1014
f 1378 1380 1379
f 1377 1018 1015
f 1380 1382 1381
f 1379 1020 1018
f 1382 1384 1383
f 1381 1023 1020
f 1384 1387 1385
f 1383 1386 1023
f 1387 1500 1388
f 1385 1389 1386
f 1388 1391 1390
f 1389 1030 1027
f 1027 1024 1386
f 1391 1394 1392
f 1390 1393 1030
f 1394 1507 1395
f 1392 1396 1393
f 1395 1513 1397
f 1396 1398 1399
f 1399 1031 1393
f 1397 1516 1400
f 1400 1402 1401
f 1401 1033 1399
f 1402 1403 1404
f 1404 1406 1405
f 1402 1036 1401
f 1406 1408 1407
f 1405 1038 1036
f 1408 1410 1409
f 1407 1040 1038
f 1410 1412 1411
f 1409 1042 1040
f 1412 1414 1413
f 1411 1045 1042
f 1414 1300 1298
f 1413 1297 1045
f 1412 1415 1416
f 1416 1304 1414
f 1410 1408 1417
f 1415 1418 1419
f 1419 1307 1416
f 1419 1420 1421
f 1421 1308 1307
f 1421 1422 1423
f 1423 1310 1308
f 1423 1424 1425
f 1425 1312 1310
f 1425 1320 1318
f 1318 1314 1312
f 1422 1427 1426
f 1424 1323 1320
f 1427 1430 1428
f 1426 1429 1323
f 1430 1530 1431
f 1428 1432 1429
f 1431 1535 1433
f 1432 1434 1435
f 1435 1324 1429
f 1433 1538 1436
f 1434 1437 1438
f 1438 1326 1435
f 1438 1439 1440
f 1440 1327 1326
f 1440 1441 1442
f 1442 1329 1327
f 1442 1443 1444
f 1444 1331 1329
f 1443 1446 1445
f 1444 1334 1331
f 1446 1448 1447
f 1445 1337 1334
f 1448 1451 1449
f 1447 1450 1337
f 1451 1557 1452
f 1449 1453 1450
f 1453 1454 1455
f 1455 1457 1456
f 1456 1338 1450
f 1457 1458 1459
f 1459 1461 1460
f 1457 1340 1456
f 1461 1347 1345
f 1460 1341 1340
f 1459 1462 1463
f 1463 1351 1461
f 1463 1464 1465
f 1465 1352 1351
f 1465 1466 1467
f 1467 1354 1352
f 1464 1567 1468
f 1466 1469 1470
f 1470 1358 1467
f 1468 1572 1471
f 1469 1472 1473
f 1473 1361 1470
f 1473 1474 1475
f 1475 1362 1361
f 1472 1577 1476
f 1474 1477 1478
f 1478 1367 1475
f 1476 1580 1479
f 1477 1480 1481
f 1481 1369 1478
f 1479 1583 1482
f 1480 1483 1484
f 1484 1372 1481
f 1483 1485 1486
f 1486 1488 1487
f 1483 1374 1484
f 1488 1490 1489
f 1487 1375 1374
f 1490 1492 1491
f 1489 1378 1375
f 1492 1494 1493
f 1491 1380 1378
f 1494 1496 1495
f 1493 1382 1380
f 1496 108 1497
f 1495 1384 1382
f 108 112 1498
f 1497 1387 1384
f 112 1501 1499
f 1498 1500 1387
f 1501 1606 1502
f 1499 1503 1500
f 1502 1505 1504
f 1503 1394 1391
f 1391 1388 1500
f 1505 1508 1506
f 1504 1507 1394
f 1508 1612 1509
f 1506 1510 1507
f 1509 1618 1511
f 1510 1512 1513
f 1513 1395 1507
f 1512 1514 1515
f 1515 1517 1516
f 1516 1397 1513
f 1517 1518 1519
f 1519 1520 1403
f 1517 1400 1516
f 1520 1521 1522
f 1522 1524 1523
f 1520 1404 1403
f 1524 1526 1525
f 1523 1406 1404
f 1526 1418 1417
f 1525 1408 1406
f 1526 1527 1528
f 1528 1420 1418
f 1528 1430 1427
f 1427 1422 1420
f 1524 1522 1529
f 1527 1530 1430
f 1522 1521 1531
f 1529 1532 1530
f 1531 1626 1533
f 1532 1534 1535
f 1535 1431 1530
f 1533 1629 1536
f 1534 1537 1538
f 1538 1433 1535
f 1536 1632 1539
f 1537 1540 1541
f 1541 1436 1538
f 1541 1542 1543
f 1543 1437 1436
f 1543 1544 1545
f 1545 1439 1437
f 1545 1546 1547
f 1547 1441 1439
f 1547 1548 1549
f 1549 1443 1441
f 1549 1550 1551
f 1549 1446 1443
f 1550 1553 1552
f 1551 1448 1446
f 1553 1555 1554
f 1552 1451 1448
f 1555 1558 1556
f 1554 1557 1451
f 1556 1559 1560
f 1560 1561 1557
f 1561 1562 1563
f 1563 1564 1454
f 1561 1452 1557
f 1563 1566 1565
f 1565 1462 1458
f 1564 1455 1454
f 1566 1568 1567
f 1567 1464 1462
f 1568 1569 1570
f 1568 1571 1572
f 1572 1468 1567
f 1570 1657 1573
f 1571 1574 1575
f 1575 1471 1572
f 1575 1576 1577
f 1577 1472 1471
f 1574 1662 1578
f 1576 1579 1580
f 1580 1476 1577
f 1578 1665 1581
f 1579 1582 1583
f 1583 1479 1580
f 1581 1668 1584
f 1582 1585 1485
f 1485 1482 1583
f 1584 1671 1586
f 1586 1588 1587
f 1585 1486 1485
f 1588 1590 1589
f 1587 1488 1486
f 1590 1592 1591
f 1589 1490 1488
f 1592 1594 1593
f 1591 1492 1490
f 1594 1596 1595
f 1593 1494 1492
f 1596 110 109
f 1595 1496 1494
f 1596 1597 1598
f 1598 1599 110
f 1599 1600 1601
f 1601 1603 1602
f 1599 111 110
f 1603 1606 1501
f 1602 112 111
f 1603 1604 1605
f 1605 1607 1606
f 1607 1608 1609
f 1607 1508 1505
f 1505 1502 1606
f 1609 1610 1611
f 1609 1612 1508
f 1611 1613 1614
f 1614 1615 1612
f 1614 1693 1616
f 1615 1617 1618
f 1618 1509 1612
f 1617 1619 1620
f 1620 1621 1514
f 1617 1511 1618
f 1621 1622 1623
f 1623 1624 1518
f 1621 1515 1514
f 1624 1625 1626
f 1626 1531 1521
f 1624 1519 1518
f 1623 1622 1627
f 1625 1628 1629
f 1629 1533 1626
f 1627 1697 1630
f 1628 1631 1632
f 1632 1536 1629
f 1630 1700 75
f 1631 74 1633
f 1633 1539 1632
f 1633 71 1634
f 1634 1540 1539
f 1634 1635 1636
f 1636 1542 1540
f 1636 1637 1638
f 1638 1544 1542
f 1638 1639 1640
f 1640 1546 1544
f 1640 1641 1642
f 1642 1548 1546
f 1642 1643 1644
f 1644 1550 1548
f 1643 1646 1645
f 1645 1553 1550
f 1646 1648 1647
f 1647 1555 1553
f 1647 140 1649
f 1649 1558 1555
f 1649 139 1650
f 1650 1559 1558
f 1650 1651 1652
f 1652 1653 1559
f 1653 1654 1655
f 1655 1569 1562
f 1653 1560 1559
f 1655 1656 1657
f 1657 1570 1569
f 1654 1768 1658
f 1656 1659 1660
f 1660 1573 1657
f 1660 1661 1662
f 1662 1574 1573
f 1659 1769 1663
f 1661 1664 1665
f 1665 1578 1662
f 1663 1770 1666
f 1664 1667 1668
f 1668 1581 1665
f 1666 1771 1669
f 1667 1670 1671
f 1671 1584 1668
f 1669 1772 1672
f 1670 91 1673
f 1673 1586 1671
f 91 90 1674
f 1673 1588 1586
f 90 94 1675
f 1674 1590 1588
f 94 1677 1676
f 1675 1592 1590
f 1677 1678 1597
f 1676 1594 1592
f 1678 1679 1680
f 1680 1681 1600
f 1678 1598 1597
f 1681 1682 1683
f 1683 1684 1604
f 1681 1601 1600
f 1684 1685 1686
f 1686 1610 1608
f 1684 1605 1604
f 1686 1687 1688
f 1688 1613 1610
f 1687 1739 1689
f 1688 1690 1613
f 1689 1742 1691
f 1690 1692 1693
f 1693 1614 1613
f 1691 1698 1694
f 1694 1695 1619
f 1619 1616 1693
f 1695 1696 1697
f 1697 1627 1622
f 1695 1620 1619
f 1696 1698 1699
f 1699 1701 1700
f 1700 1630 1697
f 1701 1702 1703
f 1703 73 72
f 72 75 1700
f 1703 1704 1705
f 1705 1706 73
f 1706 1707 1708
f 1708 1710 1709
f 1706 70 73
f 1710 1637 1635
f 1635 71 70
f 1710 1711 1712
f 1712 1639 1637
f 1711 1714 1713
f 1713 1641 1639
f 1714 1716 1715
f 1713 1643 1641
f 1716 1718 1717
f 1715 1646 1643
f 1718 1720 1719
f 1717 1648 1646
f 1720 142 141
f 1719 140 1648
f 1721 1765 142
f 1720 1722 1721
f 1723 1762 1721
f 1718 1716 1724
f 1722 1725 1723
f 1726 1759 1723
f 1724 1746 1727
f 1725 1728 1726
f 1729 1758 1726
f 1727 1744 1730
f 1728 1731 1729
f 1732 1750 1729
f 1731 1733 1734
f 1734 1735 1732
f 1735 1737 1732
f 1735 1738 1739
f 1739 1687 1736
f 1734 1733 1740
f 1738 1741 1742
f 1742 1689 1739
f 1740 1704 1702
f 1741 1699 1698
f 1698 1691 1742
f 1733 1743 1704
f 1743 1730 1744
f 1744 1745 1707
f 1743 1705 1704
f 1744 1727 1746
f 1745 1714 1711
f 1745 1708 1707
f 1737 1748 1749
f 1737 1750 1732
f 1737 1751 1747
f 1682 1752 1747
f 1736 1687 1685
f 1751 1683 1682
f 1679 93 1753
f 1752 1748 1747
f 1752 1680 1679
f 1748 1773 1754
f 1749 1755 1750
f 1754 1772 1756
f 1755 1757 1758
f 1758 1729 1750
f 1759 1726 1758
f 1756 1771 1760
f 1757 1761 1759
f 1762 1723 1759
f 1760 1770 1763
f 1761 1764 1762
f 1765 1721 1762
f 1763 1769 1766
f 1764 1767 1765
f 138 142 1765
f 1766 1658 1768
f 1767 1651 138
f 1769 1659 1658
f 1770 1663 1769
f 1771 1666 1770
f 1772 1669 1771
f 1773 1672 1772
f 92 91 1672
f 1748 1753 92
f 1746 1716 1714
f 1677 94 93
f 1768 1652 1651
f 1566 1563 1562
f 1293 1052 1294
f 1259 1117 1116
f 1256 1120 1119
f 1252 1123 1122
f 1774 22 1246
f 1248 1127 1126
f 1247 14 1775
f 1775 1128 1127
f 1775 13 1776
f 1776 1130 1128
f 1776 1777 1778
f 1778 1132 1130
f 1778 1779 1780
f 1780 1134 1132
f 1777 9 1781
f 1779 1782 1783
f 1783 1138 1780
f 1783 1784 1785
f 1785 1139 1138
f 1785 1786 1787
f 1787 1141 1139
f 1784 1879 1788
f 1786 1789 1147
f 1147 1145 1787
f 1789 1790 1791
f 1791 1792 1150
f 1789 1148 1147
f 1792 1793 1794
f 1794 1795 1153
f 1792 1151 1150
f 1795 1796 1797
f 1797 1798 1156
f 1795 1154 1153
f 1798 1799 1800
f 1798 1801 1802
f 1798 1157 1156
f 1800 1894 1803
f 1801 1804 1805
f 1805 1159 1802
f 1805 1806 1807
f 1807 1160 1159
f 1804 1899 1808
f 1806 1809 1810
f 1810 1164 1807
f 1810 1811 1812
f 1812 1165 1164
f 1812 1813 1814
f 1814 1167 1165
f 1814 1815 1816
f 1816 1169 1167
f 1815 1818 1817
f 1816 1172 1169
f 1818 1820 1819
f 1817 1174 1172
f 1820 1822 1821
f 1819 1176 1174
f 1822 1824 1823
f 1821 1179 1176
f 1824 1827 1825
f 1823 1826 1179
f 1827 1920 1828
f 1825 1829 1826
f 1828 1926 1830
f 1829 1831 1832
f 1832 1180 1826
f 1830 1834 1833
f 1831 1188 1186
f 1186 1182 1832
f 1834 1836 1835
f 1833 1191 1188
f 1836 1839 1837
f 1835 1838 1191
f 1839 1932 1840
f 1837 1841 1838
f 1840 1843 1842
f 1841 1197 1195
f 1195 1192 1838
f 1843 1845 1844
f 1842 1199 1197
f 1845 1847 1846
f 1844 1201 1199
f 1846 1848 1849
f 1846 1203 1201
f 1849 1850 1851
f 1849 1205 1203
f 1851 1852 1853
f 1853 1206 1205
f 1853 1854 1855
f 1855 1209 1206
f 1852 1945 1856
f 1854 1857 1858
f 1858 1212 1855
f 1858 1859 1860
f 1860 1213 1212
f 1860 1861 1862
f 1862 1215 1213
f 1862 1863 1864
f 1864 1865 1215
f 1865 1866 1867
f 1867 1868 1218
f 1865 1216 1215
f 1867 1870 1869
f 1868 8 11
f 1868 1219 1218
f 1870 1873 1871
f 1869 1872 8
f 1873 1966 1874
f 1871 1875 1872
f 1874 1877 1876
f 1876 1782 1781
f 1781 9 1872
f 1876 1878 1879
f 1879 1784 1782
f 1877 1970 1880
f 1878 1881 1790
f 1790 1788 1879
f 1881 1882 1883
f 1883 1884 1793
f 1881 1791 1790
f 1884 1885 1886
f 1886 1887 1796
f 1884 1794 1793
f 1887 1888 1889
f 1889 1890 1799
f 1887 1797 1796
f 1890 1891 1892
f 1890 1893 1894
f 1890 1800 1799
f 1892 1982 1895
f 1893 1896 1897
f 1897 1803 1894
f 1897 1898 1899
f 1899 1804 1803
f 1896 1987 1900
f 1898 1901 1902
f 1902 1808 1899
f 1902 1903 1904
f 1904 1809 1808
f 1903 1906 1905
f 1905 1811 1809
f 1906 1908 1907
f 1907 1813 1811
f 1908 1910 1909
f 1907 1815 1813
f 1910 1912 1911
f 1909 1818 1815
f 1912 102 1913
f 1911 1820 1818
f 102 105 1914
f 1913 1822 1820
f 105 1916 1915
f 1914 1824 1822
f 1916 1918 1917
f 1915 1827 1824
f 1918 1921 1919
f 1917 1920 1827
f 1921 2018 1922
f 1919 1923 1920
f 1922 2017 1924
f 1923 1925 1926
f 1926 1828 1920
f 1924 1928 1927
f 1925 1836 1834
f 1834 1830 1926
f 1928 1930 1929
f 1927 1839 1836
f 1930 1933 1931
f 1929 1932 1839
f 1933 2024 1934
f 1931 1935 1932
f 1934 1937 1936
f 1935 1845 1843
f 1843 1840 1932
f 1936 1938 1939
f 1936 1847 1845
f 1939 1940 1941
f 1941 1848 1847
f 1941 1942 1943
f 1943 1850 1848
f 1943 1944 1945
f 1945 1852 1850
f 1942 2032 1946
f 1944 1947 1948
f 1948 1856 1945
f 1948 1949 1950
f 1950 1857 1856
f 1950 1951 1952
f 1952 1859 1857
f 1952 1953 1954
f 1954 1861 1859
f 1954 1955 1956
f 1956 1863 1861
f 1956 1957 1958
f 1958 1959 1863
f 1959 1960 1961
f 1961 1962 1866
f 1959 1864 1863
f 1961 1964 1963
f 1962 1873 1870
f 1870 1867 1866
f 1964 1967 1965
f 1963 1966 1873
f 1965 1968 1969
f 1969 1970 1966
f 1968 1971 1882
f 1882 1880 1970
f 1971 1972 1973
f 1973 1974 1885
f 1971 1883 1882
f 1974 1975 1976
f 1976 1977 1888
f 1974 1886 1885
f 1976 2065 1978
f 1977 1979 1891
f 1977 1889 1888
f 1978 2068 1980
f 1979 1981 1982
f 1982 1892 1891
f 1980 2071 1983
f 1981 1984 1985
f 1985 1895 1982
f 1985 1986 1987
f 1987 1896 1895
f 1984 2076 1988
f 1986 1989 1990
f 1990 1900 1987
f 1990 1991 1992
f 1992 1901 1900
f 1991 1994 1993
f 1993 1903 1901
f 1994 1996 1995
f 1993 1906 1903
f 1996 1998 1997
f 1995 1908 1906
f 1998 2000 1999
f 1997 1910 1908
f 2000 106 103
f 1999 1912 1910
f 2000 2001 2002
f 2002 2003 106
f 2003 2004 2005
f 2005 2007 2006
f 2003 104 106
f 2007 1918 1916
f 2006 105 104
f 2007 2008 2009
f 2009 1921 1918
f 2009 2010 2011
f 2011 2018 1921
f 2011 2012 2013
f 2011 2014 2018
f 2013 2096 2015
f 2014 2016 2017
f 2017 1922 2018
f 2015 2020 2019
f 2016 1930 1928
f 1928 1924 2017
f 2020 2022 2021
f 2019 1933 1930
f 2022 2025 2023
f 2021 2024 1933
f 2025 2102 2026
f 2023 2027 2024
f 2026 2029 2028
f 2027 1938 1937
f 1937 1934 2024
f 2029 2031 2030
f 2030 1940 1938
f 2031 68 2032
f 2032 1942 1940
f 2031 2033 2034
f 2034 65 68
f 2034 2035 2036
f 2036 66 65
f 2036 2037 2038
f 2038 2039 66
f 2039 2040 2041
f 2041 2043 2042
f 2039 63 66
f 2043 2045 2044
f 2042 64 63
f 2045 1951 1949
f 2044 1947 64
f 2045 2046 2047
f 2047 1953 1951
f 2047 2048 2049
f 2049 1955 1953
f 2049 2050 2051
f 2051 1957 1955
f 2051 2052 2053
f 2053 2054 1957
f 2054 2055 2056
f 2056 2057 1960
f 2054 1958 1957
f 2056 2059 2058
f 2057 1967 1964
f 1964 1961 1960
f 2059 2060 1972
f 1972 1968 1967
f 2059 2147 2061
f 2060 2062 1975
f 2060 1973 1972
f 2061 133 2063
f 2062 2064 2065
f 2065 1976 1975
f 2063 132 2066
f 2064 2067 2068
f 2068 1978 2065
f 2066 2146 2069
f 2067 2070 2071
f 2071 1980 2068
f 2069 2145 2072
f 2070 2073 2074
f 2074 1983 2071
f 2074 2075 2076
f 2076 1984 1983
f 2073 2140 2077
f 2075 2078 2079
f 2079 1988 2076
f 2079 2080 2081
f 2081 1989 1988
f 2081 84 2082
f 2082 1991 1989
f 84 83 2083
f 2083 1994 1991
f 83 88 2084
f 2083 1996 1994
f 88 2085 2001
f 2084 1998 1996
f 2085 87 2086
f 2086 2087 2004
f 2085 2002 2001
f 2087 2088 2089
f 2089 2010 2008
f 2087 2005 2004
f 2089 2090 2091
f 2091 2012 2010
f 2090 2143 2092
f 2091 2093 2012
f 2092 2135 2094
f 2093 2095 2096
f 2096 2013 2012
f 2094 2098 2097
f 2095 2022 2020
f 2020 2015 2096
f 2098 2100 2099
f 2097 2025 2022
f 2100 2103 2101
f 2099 2102 2025
f 2103 2037 2035
f 2101 2033 2102
f 2103 2104 2105
f 2105 2106 2037
f 2106 2107 2108
f 2108 2109 2040
f 2106 2038 2037
f 2109 2110 2111
f 2111 2113 2112
f 2109 2041 2040
f 2113 2048 2046
f 2112 2043 2041
f 2113 2114 2115
f 2115 2050 2048
f 2114 2117 2116
f 2116 2052 2050
f 2117 2120 2118
f 2116 2119 2052
f 2118 135 134
f 134 2147 2055
f 2119 2053 2052
f 2120 136 135
f 2121 2146 136
f 2120 2122 2121
f 2123 2145 2121
f 2117 2114 2124
f 2122 2125 2123
f 2126 2144 2123
f 2124 2110 2127
f 2125 2128 2126
f 2129 2138 2126
f 2128 2107 2130
f 2130 2131 2129
f 2131 2133 2129
f 2131 2104 2134
f 2134 2135 2132
f 2134 2100 2098
f 2098 2094 2135
f 2136 2139 2137
f 2133 2138 2129
f 2132 2143 2136
f 2139 2078 2077
f 2137 2140 2138
f 2141 2080 2078
f 2136 2142 2141
f 2142 85 2141
f 2142 2143 2090
f 2090 2088 86
f 85 84 2080
f 2135 2092 2143
f 2130 2105 2104
f 2138 2144 2126
f 2127 2108 2107
f 2140 2073 2072
f 2144 2145 2123
f 2114 2111 2110
f 2145 2069 2146
f 2086 87 86
f 2146 132 136
f 2147 134 133
f 2147 2056 2055
f 2029 2026 2102
f 1946 67 64
f 1946 68 67
f 1877 1874 1966
f 1221 10 1240
f 1219 11 10
f 1114 1110 1109
f 1080 1057 1292
f 1233 2148 51
f 1208 52 2148
f 850 849 81
f 842 720 719
f 837 725 841
f 832 728 836
f 2149 731 831
f 816 734 2149
f 798 746 745
f 795 749 748
f 791 752 751
f 787 755 754
f 783 758 757
f 779 761 760
f 743 96 100
f 1075 2150 2152
f 2150 684 2151
f 2151 144 2152
f 2151 680 679
f 679 145 144
f 675 674 145
f 769 26 637
f 518 35 37
f 516 608 35
f 463 457 559
f 442 430 429
f 289 115 114
f 185 149 154
f 56 30 27
f 917 920 30
f 1242 18 43
f 44 18 17
f 34 29 28

