# https://github.com/mikedh/trimesh

o Stage1_2Dcross_NEW_Rescaled_4.stl
v 0.03312149 -0.01112062 -0.01020492
v 0.03403482 -0.00422096 -0.00687723
v 0.03412076 -0.00989699 -0.00270954
v 0.03285257 -0.00976857 -0.01516638
v 0.03401895 -0.00381642 -0.01226393
v 0.03401346 -0.01449293 -0.00373690
v 0.02997806 -0.01679713 -0.01655480
v 0.03284989 -0.01599171 -0.00972621
v -0.03223416 -0.01181080 -0.01277560
v -0.02952469 -0.01733864 -0.01761641
v -0.03231515 -0.01720070 -0.01127978
v -0.03409213 -0.00313722 -0.01196610
v -0.03262167 -0.01025343 -0.01719670
v -0.03372977 -0.00993336 -0.00679026
v -0.03374899 -0.01590944 -0.00571183
v -0.03144638 0.01355980 0.01531502
v -0.03081991 0.01773387 0.01491082
v -0.03293466 0.01495848 0.00948254
v -0.03369882 0.00613744 0.01394257
v -0.03342813 0.00733788 0.01845225
v -0.03334366 0.01028661 0.00937506
v 0.03230814 0.01197704 0.01222887
v 0.02949747 0.01739012 0.01762683
v 0.03286783 0.00957225 0.01730079
v 0.03394937 0.01111840 0.00452088
v 0.03388553 0.01555370 0.00479928
v 0.03400687 0.00402904 0.01024582
v 0.03232816 0.01696923 0.01114984
v 0.03324564 0.00947899 -0.01121396
v 0.03322452 0.00819066 -0.01703159
v 0.03087491 0.01478148 -0.01641165
v 0.03413870 0.00248143 -0.01091971
v 0.03310782 0.01395287 -0.00896344
v 0.03408243 0.00723290 -0.00373756
v -0.03159952 0.01321019 -0.01396015
v -0.02821609 0.01941918 -0.01962161
v -0.03206161 0.01186058 -0.01834688
v -0.03390213 0.00473754 -0.01635681
v -0.03145645 0.01859398 -0.01343397
v -0.03386575 0.00505004 -0.01236983
v -0.03333475 0.01167772 -0.00857532
v -0.03311844 0.01674462 -0.00864690
v -0.00523959 0.00477245 0.04800113
v -0.00335519 0.00565575 0.04800113
v -0.00662918 0.00808861 0.04800113
v -0.00500894 0.00306395 0.04800113
v -0.00829587 0.00600975 0.04800113
v -0.00938351 0.00370702 0.04800113
v 0.01700125 -0.04799415 0.02117730
v 0.01855789 -0.04799415 0.02235003
v 0.01578238 -0.04799415 0.02433004
v 0.01793942 -0.04799415 0.01785818
v 0.01484598 -0.04799415 0.02201738
v 0.01497476 -0.04799415 0.01788267
v -0.00203708 -0.01127223 -0.04799887
v 0.00012174 -0.01173829 -0.04799887
v -0.00210318 -0.01441554 -0.04799887
v -0.00248373 -0.00949196 -0.04799887
v 0.00064597 -0.00944996 -0.04799887
v -0.00443527 -0.01289479 -0.04799887
v 0.01691495 0.04800585 -0.02180863
v 0.01872672 0.04800585 -0.02385446
v 0.01393277 0.04800585 -0.02267369
v 0.01816532 0.04800585 -0.01925804
v 0.01420236 0.04800585 -0.01908939
v -0.00509164 -0.04799415 0.02130971
v -0.00679275 -0.04799415 0.01900851
v -0.00393576 -0.04799415 0.01754012
v -0.00282901 -0.04799415 0.02098012
v -0.00319479 -0.04799415 0.02397104
v -0.00632260 -0.04799415 0.02331809
v 0.01485684 -0.04799415 -0.02308883
v 0.01638834 -0.04799415 -0.02075207
v 0.01251358 -0.04799415 -0.02000566
v 0.01178189 -0.04799415 -0.02361391
v 0.01636832 -0.04799415 -0.02542644
v 0.01210452 0.02097631 -0.04799887
v 0.00943594 0.02127098 -0.04799887
v 0.00988028 0.02496044 -0.04799887
v 0.01359732 0.01875121 -0.04799887
v 0.01031534 0.01807323 -0.04799887
v 0.01359219 0.02332030 -0.04799887
v 0.01264517 -0.02064796 0.04800113
v 0.01003531 -0.02102491 0.04800113
v 0.01094376 -0.02447999 0.04800113
v 0.01427481 -0.01819264 0.04800113
v 0.01112088 -0.01758741 0.04800113
v 0.01445987 -0.02284010 0.04800113
v -0.02199399 -0.04799415 -0.00597670
v -0.02155166 -0.04799415 -0.00345412
v -0.02554855 -0.04799415 -0.00369202
v -0.02472415 -0.04799415 -0.00733291
v -0.01986972 -0.04799415 -0.00818599
v -0.01806039 -0.04799415 -0.00529541
v 0.03421329 0.00032567 0.01637347
v 0.03418692 0.00095092 0.02106146
v 0.03331766 -0.00782081 0.01988849
v 0.03312711 0.00839818 0.02112867
v 0.03385904 -0.00491285 0.01317842
v 0.03420572 -0.00133644 0.00816926
v -0.03417398 -0.01584181 0.00113665
v -0.03309250 -0.01978492 0.00872418
v -0.03378818 -0.01230543 0.00555474
v -0.03420853 -0.02100099 0.00095881
v -0.03417496 -0.00877931 -0.00179934
v -0.03385812 -0.02029908 -0.00494304
v -0.00677243 0.01153661 -0.04799887
v -0.00447098 0.01196532 -0.04799887
v -0.00705588 0.00958885 -0.04799887
v -0.01132437 0.01139134 -0.04799887
v -0.00952743 0.01384056 -0.04799887
v -0.00662668 0.01565990 -0.04799887
v 0.00900382 -0.02444703 -0.04799887
v 0.00983573 -0.02645802 -0.04799887
v 0.00647360 -0.02427345 -0.04799887
v 0.01082218 -0.02254518 -0.04799887
v 0.00784049 -0.02137257 -0.04799887
v -0.00677304 -0.01155861 0.04800113
v -0.00460428 -0.01178761 0.04800113
v -0.00712668 -0.00978419 0.04800113
v -0.01115427 -0.01190333 0.04800113
v -0.00924222 -0.01388331 0.04800113
v -0.00669131 -0.01539454 0.04800113
v 0.00861612 0.02563671 0.04800113
v 0.00921536 0.02887938 0.04800113
v 0.00554483 0.02551952 0.04800113
v 0.01089902 0.02369139 0.04800113
v 0.01316666 0.02711083 0.04800113
v 0.00735428 0.02232494 0.04800113
v 0.01277762 0.04800585 0.02182615
v 0.01453787 0.04800585 0.02340695
v 0.01430008 0.04800585 0.01880115
v 0.01024259 0.04800585 0.02227633
v 0.01115372 0.04800585 0.02514415
v 0.01091788 0.04800585 0.01821449
v -0.01221835 0.04800585 0.02118328
v -0.00967502 0.04800585 0.02138344
v -0.01005899 0.04800585 0.01788031
v -0.01393246 0.04800585 0.02312921
v -0.01054819 0.04800585 0.02463813
v -0.01343027 0.04800585 0.01876216
v -0.01860873 0.04800585 -0.01353532
v -0.01885483 0.04800585 -0.01107790
v -0.01498123 0.04800585 -0.01167815
v -0.01596866 0.04800585 -0.01481435
v -0.01799649 0.04800585 -0.01828967
v -0.02099966 0.04800585 -0.01530424
v -0.02273190 0.04800585 -0.01208763
v -0.02366775 0.04800585 -0.00880193
v -0.01913907 0.04800585 -0.00830200
v -0.02653195 0.04800585 -0.01374029
v -0.02802328 0.04800585 -0.00982954
v -0.02887851 0.04800585 -0.00586434
v -0.02415988 0.04800585 -0.00528806
v -0.03046908 0.04800585 -0.01567640
v -0.03237509 0.04800585 -0.01117226
v -0.03362686 0.04800585 -0.00669817
v -0.03417746 0.04800585 -0.00225436
v -0.03236709 0.04328099 -0.01108189
v -0.03356125 0.04314916 -0.00673035
v -0.03412790 0.04309447 -0.00245472
v -0.03416061 0.04311327 0.00184331
v -0.03409488 0.03824828 -0.00269711
v -0.03412100 0.03829003 0.00150072
v -0.03367056 0.03843578 0.00582110
v -0.03414444 0.03362792 0.00123009
v -0.03373172 0.03395262 0.00555575
v -0.03268790 0.03440673 0.01001992
v -0.03378525 0.02961522 0.00536772
v -0.03275479 0.03031664 0.00984418
v -0.03081467 0.03149706 0.01483761
v -0.03279056 0.02634520 0.00973511
v -0.03083664 0.02803197 0.01480836
v -0.02773056 0.03026805 0.02007472
v -0.03079068 0.02467064 0.01483078
v -0.02751694 0.02767308 0.02034123
v -0.02328769 0.03053075 0.02508640
v -0.02721182 0.02512963 0.02075349
v -0.02281882 0.02859789 0.02552861
v -0.01808938 0.03134569 0.02906194
v -0.02226456 0.02679271 0.02605319
v -0.01756576 0.02985424 0.02940791
v -0.01274496 0.03211327 0.03178242
v -0.01789377 0.02920189 0.03067920
v -0.01298483 0.03168676 0.03300129
v -0.00793802 0.03332933 0.03450856
v -0.00780038 0.03361498 0.03336197
v -0.01844351 0.02883910 0.03233066
v -0.01335702 0.03153368 0.03448344
v -0.00810733 0.03328392 0.03586031
v -0.00283340 0.03412792 0.03654245
v -0.00282333 0.03413695 0.03525731
v -0.01364871 0.03140428 0.03591671
v -0.00823196 0.03324877 0.03716707
v -0.00279733 0.03412548 0.03781021
v 0.00253275 0.03414623 0.03784380
v 0.00232865 0.03416210 0.03658967
v -0.00831845 0.03323143 0.03853096
v -0.00272549 0.03413134 0.03909768
v 0.00275229 0.03412938 0.03912800
v 0.00803891 0.03330150 0.03864025
v 0.00769376 0.03337645 0.03733070
v -0.00262411 0.03412718 0.04043461
v 0.00298136 0.03410179 0.04046862
v 0.00837857 0.03321337 0.04005127
v 0.01347818 0.03148632 0.03918227
v 0.01308176 0.03165941 0.03774608
v 0.00326059 0.03408519 0.04221920
v 0.00874887 0.03311986 0.04179653
v 0.01392276 0.03129393 0.04121518
v 0.01873618 0.02864623 0.04068464
v 0.01826114 0.02893480 0.03819909
v 0.00918924 0.03299730 0.04443699
v 0.01435648 0.03108104 0.04423969
v 0.01908304 0.02840453 0.04404988
v 0.02335819 0.02499437 0.04388914
v 0.02309750 0.02522777 0.04021474
v 0.01467844 0.03094384 0.04800113
v 0.01927188 0.02834569 0.04800113
v 0.02340048 0.02501122 0.04800113
v 0.02705069 0.02101464 0.04800113
v 0.02005692 0.02201659 0.04800113
v 0.02294180 0.01848290 0.04800113
v 0.02545072 0.01445775 0.04800113
v 0.01875723 0.01621019 0.04800113
v 0.02090970 0.01266844 0.04800113
v 0.02268753 0.00877928 0.04800113
v 0.01642630 0.01105663 0.04800113
v 0.01805527 0.00757396 0.04800113
v 0.01917020 0.00391771 0.04800113
v 0.01373941 0.00644725 0.04800113
v 0.01478427 0.00313036 0.04800113
v 0.01532999 -0.00033912 0.04800113
v 0.01079880 0.00235936 0.04800113
v 0.01131278 -0.00081886 0.04800113
v 0.01139200 -0.00403737 0.04800113
v 0.01535141 -0.00386989 0.04800113
v 0.00722910 0.00158544 0.04800113
v 0.00769498 -0.00127199 0.04800113
v 0.00781632 -0.00426124 0.04800113
v 0.00759256 -0.00731642 0.04800113
v 0.01105594 -0.00733693 0.04800113
v 0.00437247 -0.00175172 0.04800113
v 0.00453323 -0.00447706 0.04800113
v 0.00443063 -0.00731178 0.04800113
v 0.00396207 -0.01037574 0.04800113
v 0.00702615 -0.01054225 0.04800113
v 0.00140531 -0.00469533 0.04800113
v 0.00135941 -0.00731837 0.04800113
v 0.00100461 -0.01011818 0.04800113
v 0.00035697 -0.01322145 0.04800113
v 0.00324600 -0.01362721 0.04800113
v -0.00160702 -0.00730324 0.04800113
v -0.00172470 -0.00967604 0.04800113
v -0.00231717 -0.01258986 0.04800113
v -0.00378067 -0.01638673 0.04800113
v -0.00077225 -0.01699220 0.04800113
v -0.00212082 -0.02104591 0.04800113
v 0.00134696 -0.02136378 0.04800113
v 0.00231644 -0.01732741 0.04800113
v 0.00458414 -0.02144557 0.04800113
v 0.00539194 -0.01745704 0.04800113
v 0.00625211 -0.01386940 0.04800113
v 0.00833658 -0.01750880 0.04800113
v 0.00934378 -0.01405812 0.04800113
v 0.01032163 -0.01069069 0.04800113
v 0.01258109 -0.01438160 0.04800113
v 0.01393466 -0.01096974 0.04800113
v 0.01487918 -0.00745314 0.04800113
v 0.01791727 -0.01153468 0.04800113
v 0.01907633 -0.00773243 0.04800113
v 0.01969827 -0.00379738 0.04800113
v 0.02351798 -0.00822731 0.04800113
v 0.02427445 -0.00386915 0.04800113
v 0.01972476 0.00011278 0.04800113
v 0.02440592 0.00049950 0.04800113
v 0.02899503 -0.00411647 0.04800113
v 0.02922318 0.00077196 0.04800113
v 0.02869754 0.00551537 0.04800113
v 0.02386905 0.00473534 0.04800113
v 0.03369156 0.00624193 0.04800113
v 0.03225748 0.01149413 0.04800113
v 0.02742044 0.01007933 0.04800113
v 0.03225736 0.01132836 0.04327840
v 0.03008914 0.01631542 0.04346882
v 0.03004459 0.01648509 0.04800113
v 0.02998441 0.01646337 0.03921052
v 0.02691177 0.02114647 0.03972491
v 0.02707803 0.02093505 0.04370321
v 0.02975333 0.01692089 0.03531865
v 0.02659378 0.02157030 0.03630153
v 0.02267264 0.02562084 0.03720611
v 0.02611014 0.02213402 0.03349708
v 0.02218717 0.02605809 0.03505871
v 0.01782877 0.02922801 0.03654152
v 0.02163565 0.02651976 0.03314052
v 0.01731040 0.02952880 0.03492647
v 0.01263791 0.03182567 0.03633637
v 0.01674704 0.02985790 0.03344048
v 0.01215408 0.03201586 0.03500090
v 0.00731912 0.03347191 0.03606505
v 0.01161112 0.03222338 0.03363608
v 0.00693381 0.03356151 0.03476019
v 0.00211966 0.03417601 0.03529938
v 0.00661136 0.03381615 0.03361509
v 0.00193680 0.03437865 0.03418227
v -0.00286490 0.03435839 0.03413266
v 0.00185538 0.03543602 0.03418616
v -0.00303238 0.03538622 0.03412011
v -0.00809720 0.03470555 0.03328190
v -0.00322647 0.03659716 0.03409562
v -0.00838022 0.03595165 0.03320691
v -0.01314346 0.03336571 0.03161087
v -0.01352292 0.03476683 0.03143210
v -0.00862472 0.03722948 0.03314013
v -0.01383322 0.03613695 0.03130644
v -0.01891061 0.03456249 0.02851004
v -0.01853964 0.03291869 0.02875614
v -0.01922220 0.03629247 0.02830842
v -0.02391775 0.03468993 0.02451309
v -0.02363022 0.03251903 0.02477875
v -0.02407937 0.03715746 0.02434964
v -0.02795041 0.03624486 0.01978056
v -0.02785983 0.03302294 0.01988887
v -0.02789206 0.03978075 0.01982408
v -0.03070468 0.03921117 0.01503056
v -0.03077481 0.03522875 0.01491282
v -0.03055099 0.04351927 0.01541668
v -0.03248440 0.04331908 0.01072166
v -0.03256662 0.03869066 0.01028404
v -0.03230118 0.04800585 0.01138099
v -0.03360788 0.04800585 0.00677614
v -0.03364212 0.04319261 0.00623954
v -0.02850998 0.04800585 0.00626967
v -0.02910983 0.04800585 0.00217093
v -0.03417850 0.04800585 0.00223534
v -0.02409280 0.04800585 0.00197783
v -0.02429159 0.04800585 -0.00170288
v -0.02922482 0.04800585 -0.00186627
v -0.01927792 0.04800585 -0.00179000
v -0.01930307 0.04800585 -0.00510697
v -0.01433963 0.04800585 -0.00215201
v -0.01448221 0.04800585 -0.00541519
v -0.01459311 0.04800585 -0.00857372
v -0.00991025 0.04800585 -0.00603088
v -0.01032272 0.04800585 -0.00939334
v -0.01105514 0.04800585 -0.01296674
v -0.01224997 0.04800585 -0.01667626
v -0.00608627 0.04800585 -0.01030572
v -0.00692831 0.04800585 -0.01415300
v -0.00809927 0.04800585 -0.01823183
v -0.00963034 0.04800585 -0.02257082
v -0.00365414 0.04800585 -0.01931134
v -0.00485116 0.04800585 -0.02386029
v -0.00608682 0.04800585 -0.02851031
v 0.00006827 0.04800585 -0.02447155
v -0.00056998 0.04800585 -0.02921972
v -0.00095828 0.04800585 -0.03423763
v 0.00491934 0.04800585 -0.02904975
v 0.00531571 0.04800585 -0.03382909
v 0.00538999 0.04461107 -0.03381072
v -0.00087839 0.04470116 -0.03422643
v 0.01121982 0.04800585 -0.03235392
v 0.01128122 0.04437401 -0.03232771
v 0.01655252 0.04800585 -0.03000069
v 0.01659830 0.04420507 -0.02993711
v 0.01118283 0.04147753 -0.03236295
v 0.00538339 0.04206200 -0.03381360
v -0.00079489 0.04227977 -0.03422048
v 0.00534763 0.04036327 -0.03380985
v -0.00072098 0.04065331 -0.03421627
v -0.00690884 0.04017211 -0.03353931
v -0.00065304 0.03924510 -0.03423200
v -0.00673178 0.03882250 -0.03357513
v -0.01266147 0.03780223 -0.03179520
v -0.00652530 0.03749486 -0.03361017
v -0.01234561 0.03641844 -0.03191627
v -0.01774112 0.03481444 -0.02923907
v -0.01199020 0.03505516 -0.03205859
v -0.01727261 0.03324462 -0.02953020
v -0.02195230 0.03090184 -0.02626151
v -0.02247696 0.03278026 -0.02581128
v -0.01673971 0.03171654 -0.02986565
v -0.02130203 0.02902758 -0.02680192
v -0.02530264 0.02593456 -0.02304422
v -0.02593527 0.02821263 -0.02230297
v -0.01615658 0.03024095 -0.03020793
v -0.02068649 0.02730345 -0.02751758
v -0.02464297 0.02380565 -0.02402418
v -0.02872464 0.02235326 -0.01861771
v -0.02546579 0.02286449 -0.02592448
v -0.02903604 0.01809545 -0.02210398
v -0.02134286 0.02677538 -0.02909689
v -0.02617935 0.02202001 -0.02811842
v -0.02969308 0.01695800 -0.02498217
v -0.03236081 0.01097386 -0.02208818
v -0.03018320 0.01610717 -0.02802294
v -0.03263168 0.01025414 -0.02585592
v -0.03395694 0.00411229 -0.02459849
v -0.03279263 0.00973021 -0.02980244
v -0.03399490 0.00390428 -0.02889438
v -0.03415964 -0.00197975 -0.02857585
v -0.03398666 0.00378807 -0.03339021
v -0.03415976 -0.00173073 -0.03311672
v -0.03349161 -0.00708009 -0.03344183
v -0.03416214 -0.00154200 -0.03792776
v -0.03353116 -0.00675514 -0.03808054
v -0.03201932 -0.01195241 -0.03854811
v -0.03191269 -0.01231984 -0.03428175
v -0.03357132 -0.00665846 -0.04300977
v -0.03208523 -0.01188136 -0.04320021
v -0.02963901 -0.01711036 -0.04345146
v -0.02960544 -0.01716188 -0.03921167
v -0.03361282 -0.00674952 -0.04799887
v -0.03203628 -0.01211451 -0.04799887
v -0.02951095 -0.01737257 -0.04799887
v -0.02597195 -0.02233375 -0.04799887
v -0.02617795 -0.02205348 -0.04370418
v -0.02728219 -0.01061891 -0.04799887
v -0.02507944 -0.01532863 -0.04799887
v -0.02203940 -0.01974659 -0.04799887
v -0.01812295 -0.02359767 -0.04799887
v -0.02146615 -0.02670997 -0.04799887
v -0.02081344 -0.01341163 -0.04799887
v -0.01823080 -0.01731642 -0.04799887
v -0.01482492 -0.02070070 -0.04799887
v -0.01071609 -0.02335475 -0.04799887
v -0.01354587 -0.02673732 -0.04799887
v -0.01430191 -0.01493385 -0.04799887
v -0.01137350 -0.01794386 -0.04799887
v -0.00785391 -0.02029249 -0.04799887
v -0.00417856 -0.02187355 -0.04799887
v -0.00649167 -0.02530714 -0.04799887
v -0.00781161 -0.01525050 -0.04799887
v -0.00491171 -0.01728395 -0.04799887
v -0.00175290 -0.01865651 -0.04799887
v 0.00145377 -0.01969825 -0.04799887
v -0.00050790 -0.02301515 -0.04799887
v 0.00050845 -0.01560206 -0.04799887
v 0.00340750 -0.01659279 -0.04799887
v 0.00645780 -0.01753859 -0.04799887
v 0.00469467 -0.02053248 -0.04799887
v 0.00220645 -0.01264918 -0.04799887
v 0.00493527 -0.01361915 -0.04799887
v 0.00804715 -0.01459279 -0.04799887
v 0.00935007 -0.01163331 -0.04799887
v 0.01141617 -0.01567872 -0.04799887
v 0.00963553 -0.01859254 -0.04799887
v 0.00603555 -0.01076515 -0.04799887
v 0.00668436 -0.00806642 -0.04799887
v 0.00309012 -0.00997926 -0.04799887
v 0.00341068 -0.00754542 -0.04799887
v 0.00344528 -0.00508107 -0.04799887
v 0.00703702 -0.00541847 -0.04799887
v 0.00031009 -0.00730226 -0.04799887
v -0.00012326 -0.00494703 -0.04799887
v -0.00044015 -0.00253273 -0.04799887
v 0.00339981 -0.00258180 -0.04799887
v -0.00340158 -0.00752736 -0.04799887
v -0.00413095 -0.00514406 -0.04799887
v -0.00456723 -0.00267018 -0.04799887
v -0.00473910 -0.00015138 -0.04799887
v -0.00059335 -0.00008302 -0.04799887
v -0.00863278 -0.00581617 -0.04799887
v -0.00918527 -0.00306642 -0.04799887
v -0.00933725 -0.00026344 -0.04799887
v -0.01423654 -0.00042067 -0.04799887
v -0.01410733 0.00280028 -0.04799887
v -0.00914804 0.00251854 -0.04799887
v -0.00462314 0.00238866 -0.04799887
v -0.00435861 0.00485350 -0.04799887
v -0.00061258 0.00239623 -0.04799887
v -0.00867416 0.00516405 -0.04799887
v -0.01351041 0.00586156 -0.04799887
v -0.01260129 0.00878173 -0.04799887
v -0.00792843 0.00759081 -0.04799887
v -0.00401572 0.00725731 -0.04799887
v -0.00381094 0.00940917 -0.04799887
v -0.00069284 0.00745433 -0.04799887
v -0.00060214 0.00489891 -0.04799887
v -0.00102475 0.01001415 -0.04799887
v 0.00212027 0.01071410 -0.04799887
v 0.00272220 0.00783519 -0.04799887
v 0.00304245 0.00513304 -0.04799887
v 0.00624729 0.00826317 -0.04799887
v 0.00677133 0.00540624 -0.04799887
v 0.00323190 0.00248314 -0.04799887
v 0.00707041 0.00262206 -0.04799887
v 0.00332346 -0.00007130 -0.04799887
v 0.00721243 -0.00009205 -0.04799887
v 0.00718900 -0.00276124 -0.04799887
v 0.01120505 -0.00011525 -0.04799887
v 0.01111362 -0.00301539 -0.04799887
v 0.01082236 -0.00586940 -0.04799887
v 0.01487540 -0.00638136 -0.04799887
v 0.01407047 -0.00953053 -0.04799887
v 0.01024625 -0.00874855 -0.04799887
v 0.01821829 -0.01040333 -0.04799887
v 0.01681046 -0.01374025 -0.04799887
v 0.01293112 -0.01260280 -0.04799887
v 0.02079831 -0.01506544 -0.04799887
v 0.01862058 -0.01858351 -0.04799887
v 0.01499967 -0.01699049 -0.04799887
v 0.01600693 -0.02181495 -0.04799887
v 0.01288052 -0.02000465 -0.04799887
v 0.01310739 -0.02447511 -0.04799887
v 0.01887125 -0.02394484 -0.04799887
v 0.01514847 -0.02684279 -0.04799887
v 0.01721854 -0.02959694 -0.04799887
v 0.01223496 -0.03198561 -0.04799887
v 0.01096762 -0.02911427 -0.04799887
v 0.00690195 -0.03356715 -0.04799887
v 0.00631864 -0.03027125 -0.04799887
v 0.00153629 -0.03065602 -0.04799887
v 0.00202786 -0.02728126 -0.04799887
v -0.00212808 -0.02658473 -0.04799887
v 0.00312729 -0.02379616 -0.04799887
v 0.00609049 -0.02723536 -0.04799887
v -0.00341098 -0.03013453 -0.04799887
v -0.00857504 -0.02891237 -0.04799887
v -0.00448892 -0.03394777 -0.04799887
v -0.01041672 -0.03263820 -0.04799887
v -0.01618997 -0.03021608 -0.04799887
v -0.01068783 -0.03253126 -0.04434756
v -0.01646683 -0.03000660 -0.04412233
v -0.02172189 -0.02645070 -0.04392712
v -0.01651639 -0.02996730 -0.04083690
v -0.02175436 -0.02641725 -0.04032339
v -0.02616629 -0.02206837 -0.03980382
v -0.02153110 -0.02655324 -0.03741508
v -0.02594949 -0.02232350 -0.03631351
v -0.02943106 -0.01747926 -0.03526820
v -0.02560904 -0.02270436 -0.03359509
v -0.02912302 -0.01797194 -0.03183260
v -0.03168216 -0.01285866 -0.03024633
v -0.02868808 -0.01866798 -0.02889569
v -0.03137558 -0.01360768 -0.02661797
v -0.03336703 -0.00756276 -0.02903740
v -0.03319540 -0.00821705 -0.02490092
v -0.03090646 -0.01459913 -0.02329288
v -0.03295376 -0.00914406 -0.02083518
v -0.03411929 -0.00265260 -0.01997345
v -0.03415201 -0.00228785 -0.02420346
v -0.03409701 -0.00299904 -0.01587679
v -0.03393741 0.00439281 -0.02043301
v -0.03029703 -0.01588405 -0.02021379
v -0.02812771 -0.01947072 -0.02626444
v -0.02742380 -0.02048219 -0.02384074
v -0.02395480 -0.02445045 -0.02715241
v -0.02323483 -0.02515870 -0.02539905
v -0.02664773 -0.02156251 -0.02178934
v -0.02460556 -0.02377101 -0.02915861
v -0.02040005 -0.02745656 -0.03176101
v -0.01986105 -0.02788893 -0.03004130
v -0.02514181 -0.02321071 -0.03127269
v -0.02086343 -0.02710573 -0.03353211
v -0.01590323 -0.03028444 -0.03543257
v -0.01555728 -0.03047267 -0.03390159
v -0.02125119 -0.02679933 -0.03541099
v -0.01618814 -0.03014259 -0.03697046
v -0.01058914 -0.03256862 -0.03820961
v -0.01041714 -0.03261598 -0.03683612
v -0.01637448 -0.03001075 -0.03856035
v -0.01071042 -0.03252369 -0.03964490
v -0.00477157 -0.03388771 -0.04030763
v -0.00474002 -0.03390358 -0.03898154
v -0.01075857 -0.03251075 -0.04151270
v -0.00476773 -0.03389357 -0.04206870
v 0.00116745 -0.03420509 -0.04224783
v 0.00111331 -0.03420241 -0.04053305
v -0.00469009 -0.03390870 -0.04460964
v 0.00124106 -0.03420826 -0.04469375
v 0.00694132 -0.03353590 -0.04452356
v 0.00132761 -0.03421437 -0.04799887
v 0.00688809 -0.03354738 -0.04187307
v 0.01233841 -0.03193385 -0.04128387
v 0.00679324 -0.03355372 -0.04016418
v 0.01237418 -0.03191871 -0.04426828
v 0.01742355 -0.02944899 -0.04407242
v 0.01743082 -0.02945143 -0.04068616
v 0.02202725 -0.02618849 -0.04022159
v 0.01724790 -0.02953785 -0.03833982
v 0.01219333 -0.03198268 -0.03932491
v 0.02198947 -0.02622633 -0.04388620
v 0.02595426 -0.02230763 -0.04368160
v 0.02174625 -0.02649879 -0.04799887
v 0.02566922 -0.02266212 -0.04799887
v 0.02891507 -0.01835792 -0.04799887
v 0.02212473 -0.02044850 -0.04799887
v 0.02479398 -0.01658937 -0.04799887
v 0.02687540 -0.01246901 -0.04799887
v 0.02249222 -0.01139601 -0.04799887
v 0.03139261 -0.01370851 -0.04799887
v 0.03307071 -0.00889308 -0.04799887
v 0.03158975 -0.01313868 -0.04304699
v 0.02916605 -0.01788917 -0.04337095
v 0.02831729 -0.00824074 -0.04799887
v 0.02913162 -0.00400099 -0.04799887
v 0.02371964 -0.00758253 -0.04799887
v 0.02440885 -0.00381593 -0.04799887
v 0.02459195 -0.00002443 -0.04799887
v 0.01974094 -0.00356691 -0.04799887
v 0.01991556 -0.00012379 -0.04799887
v 0.01969657 0.00332860 -0.04799887
v 0.02431094 0.00377806 -0.04799887
v 0.01542764 -0.00013209 -0.04799887
v 0.01523929 0.00301024 -0.04799887
v 0.01473062 0.00614989 -0.04799887
v 0.01909372 0.00672020 -0.04799887
v 0.01104532 0.00278221 -0.04799887
v 0.01062485 0.00573387 -0.04799887
v 0.00994235 0.00871385 -0.04799887
v 0.01390018 0.00927684 -0.04799887
v 0.01282425 0.01232494 -0.04799887
v 0.01686844 0.01331298 -0.04799887
v 0.01813297 0.01007665 -0.04799887
v 0.00906833 0.01172386 -0.04799887
v 0.00806668 0.01472313 -0.04799887
v 0.01155728 0.01521532 -0.04799887
v 0.00550980 0.01125218 -0.04799887
v 0.00463345 0.01431151 -0.04799887
v 0.00363498 0.01779027 -0.04799887
v 0.00709805 0.01796459 -0.04799887
v 0.00129532 0.01378954 -0.04799887
v 0.00009488 0.01744164 -0.04799887
v -0.00334030 0.01678881 -0.04799887
v -0.00128708 0.02132860 -0.04799887
v 0.00264334 0.02164403 -0.04799887
v -0.00180533 0.01298168 -0.04799887
v 0.00176309 0.02585594 -0.04799887
v 0.00604526 0.02570262 -0.04799887
v 0.00629495 0.02165184 -0.04799887
v 0.00623221 0.02964281 -0.04799887
v 0.01101810 0.02843016 -0.04799887
v 0.01225711 0.03198973 -0.04799887
v 0.01733640 0.02953783 -0.04799887
v 0.01548184 0.02635399 -0.04799887
v 0.02186685 0.02640135 -0.04799887
v 0.01939353 0.02345897 -0.04799887
v 0.01675821 0.02080565 -0.04799887
v 0.02232169 0.02015843 -0.04799887
v 0.01895462 0.01807274 -0.04799887
v 0.02092722 0.01473021 -0.04799887
v 0.01526236 0.01635668 -0.04799887
v 0.02482437 0.01647167 -0.04799887
v 0.02248111 0.01117845 -0.04799887
v 0.02677408 0.01256249 -0.04799887
v 0.02360959 0.00751219 -0.04799887
v 0.02817667 0.00850804 -0.04799887
v 0.02900577 0.00440380 -0.04799887
v 0.03384952 0.00517699 -0.04799887
v 0.03425284 0.00062450 -0.04799887
v 0.02933658 0.00021044 -0.04799887
v 0.03418472 0.00087963 -0.04245267
v 0.03400821 -0.00363795 -0.04257496
v 0.03401407 -0.00405616 -0.04799887
v 0.03400650 -0.00331032 -0.03718687
v 0.03320853 -0.00799513 -0.03764935
v 0.03318314 -0.00830885 -0.04278113
v 0.03327432 -0.00800416 -0.03276750
v 0.03161563 -0.01301417 -0.03394352
v 0.03161246 -0.01291456 -0.03833093
v 0.02913321 -0.01792311 -0.03518089
v 0.02922647 -0.01778517 -0.03906861
v 0.02583133 -0.02245167 -0.03627504
v 0.02599259 -0.02225490 -0.03971999
v 0.02554959 -0.02276417 -0.03354319
v 0.02153861 -0.02657203 -0.03523530
v 0.02180509 -0.02633375 -0.03725790
v 0.02116525 -0.02686915 -0.03332749
v 0.01670474 -0.02985109 -0.03511499
v 0.01702194 -0.02968068 -0.03672340
v 0.01181345 -0.03211989 -0.03652016
v 0.01203317 -0.03204127 -0.03792407
v 0.00655905 -0.03359791 -0.03747146
v 0.00668808 -0.03357618 -0.03879612
v 0.00103403 -0.03421339 -0.03786891
v 0.00107285 -0.03421193 -0.03918613
v -0.00467856 -0.03391261 -0.03765884
v 0.00100424 -0.03421998 -0.03663505
v -0.00459726 -0.03392848 -0.03642047
v -0.01020676 -0.03268483 -0.03548887
v -0.00450894 -0.03394728 -0.03520862
v -0.00997000 -0.03276124 -0.03418779
v -0.01516421 -0.03068409 -0.03244065
v -0.00972885 -0.03283351 -0.03301567
v -0.01475638 -0.03090333 -0.03112089
v -0.01930386 -0.02830958 -0.02854402
v -0.01521084 -0.03224806 -0.03067850
v -0.01989865 -0.02987867 -0.02787788
v -0.02395828 -0.02701466 -0.02445008
v -0.02467258 -0.02905446 -0.02370332
v -0.02806833 -0.02624879 -0.01953714
v -0.02737002 -0.02374098 -0.02055637
v -0.03072653 -0.02345289 -0.01501780
v -0.03014950 -0.02016432 -0.01620074
v -0.03118625 -0.02675612 -0.01406160
v -0.03293020 -0.02530641 -0.00924852
v -0.03265054 -0.02122780 -0.01020814
v -0.03391653 -0.02473805 -0.00432918
v -0.03312588 -0.02945778 -0.00850973
v -0.03401010 -0.02909962 -0.00375744
v -0.03421017 -0.02516554 0.00111367
v -0.03419864 -0.02948585 0.00142024
v -0.03345944 -0.02681862 0.00724959
v -0.03336905 -0.02331056 0.00765859
v -0.03351962 -0.03066603 0.00703428
v -0.03161606 -0.02879030 0.01304364
v -0.03131045 -0.02575221 0.01378001
v -0.02851254 -0.02818483 0.01893487
v -0.02798990 -0.02594557 0.01967670
v -0.03086044 -0.02296827 0.01476856
v -0.02736160 -0.02385792 0.02057519
v -0.03021597 -0.02042140 0.01606731
v -0.03242898 -0.01653761 0.01100023
v -0.02667172 -0.02203859 0.02153409
v -0.02942843 -0.01820851 0.01750496
v -0.03161008 -0.01390968 0.01321145
v -0.03338998 -0.00923634 0.00941100
v -0.03203549 -0.01210817 0.01595740
v -0.03352994 -0.00711305 0.01281643
v -0.03416415 -0.00176051 0.01050729
v -0.03407852 -0.00396779 0.00642359
v -0.03378061 -0.00546510 0.01646183
v -0.03423001 -0.00001759 0.01463347
v -0.03400302 0.00424584 0.00952897
v -0.03396646 -0.00411061 0.02039827
v -0.03420883 0.00135936 0.01887980
v -0.03415439 0.00227538 0.02334652
v -0.03332883 0.00787230 0.02324539
v -0.03140964 0.01356688 0.02475676
v -0.03138638 0.01363817 0.02033978
v -0.03410440 0.00282128 0.02794681
v -0.03326718 0.00813109 0.02798336
v -0.03144314 0.01348754 0.02912313
v -0.02840243 0.01912767 0.03126879
v -0.02809921 0.01952831 0.02815224
v -0.03321231 0.00826268 0.03283634
v -0.03146658 0.01345604 0.03362619
v -0.02857303 0.01888085 0.03490950
v -0.02445859 0.02397020 0.03630732
v -0.02420016 0.02424217 0.03369649
v -0.03139987 0.01356444 0.03823421
v -0.02856430 0.01887767 0.03893156
v -0.02456351 0.02385692 0.03969561
v -0.01961502 0.02803026 0.04040526
v -0.01947641 0.02811620 0.03770419
v -0.02841592 0.01909593 0.04335059
v -0.02443198 0.02397850 0.04365188
v -0.01950162 0.02811473 0.04391420
v -0.01396976 0.03126097 0.04419666
v -0.01409671 0.03121190 0.04108993
v -0.02404483 0.02443212 0.04800113
v -0.01913046 0.02845433 0.04800113
v -0.01357480 0.03146801 0.04800113
v -0.00769943 0.03338011 0.04800113
v -0.00810654 0.03327489 0.04447040
v -0.01564804 0.02487572 0.04800113
v -0.01084628 0.02740966 0.04800113
v -0.00577121 0.02903661 0.04800113
v -0.00065280 0.02981200 0.04800113
v -0.00175247 0.03420580 0.04800113
v -0.00790610 0.02340526 0.04800113
v -0.00340854 0.02474047 0.04800113
v 0.00094608 0.02550707 0.04800113
v 0.00440933 0.02986522 0.04800113
v -0.00070468 0.02076097 0.04800113
v 0.00338657 0.02153661 0.04800113
v 0.00195792 0.01735985 0.04800113
v 0.00575638 0.01842406 0.04800113
v 0.00962528 0.01963866 0.04800113
v 0.01196475 0.01716649 0.04800113
v 0.01342679 0.02186815 0.04800113
v 0.00808011 0.01559447 0.04800113
v 0.01030472 0.01270677 0.04800113
v 0.00445096 0.01427635 0.04800113
v 0.00664029 0.01134130 0.04800113
v 0.00847647 0.00838915 0.04800113
v 0.00336124 0.01002367 0.04800113
v 0.00513407 0.00717577 0.04800113
v 0.00639578 0.00438011 0.04800113
v 0.00223380 0.00590209 0.04800113
v 0.00326261 0.00340209 0.04800113
v 0.00396036 0.00084227 0.04800113
v -0.00015805 0.00464354 0.04800113
v 0.00056693 0.00249974 0.04800113
v 0.00098258 0.00018334 0.04800113
v 0.00126608 -0.00223414 0.04800113
v -0.00213119 0.00170018 0.04800113
v -0.00205502 -0.00042384 0.04800113
v -0.00190640 -0.00264601 0.04800113
v -0.00172201 -0.00492604 0.04800113
v -0.00554294 -0.00089308 0.04800113
v -0.00531149 -0.00307179 0.04800113
v -0.00493344 -0.00524025 0.04800113
v -0.00448776 -0.00736720 0.04800113
v -0.00894113 -0.00592408 0.04800113
v -0.00810477 -0.00803199 0.04800113
v -0.01255093 -0.00960573 0.04800113
v -0.01360702 -0.00697999 0.04800113
v -0.01693893 -0.01139357 0.04800113
v -0.01503915 -0.01435060 0.04800113
v -0.01873300 -0.01684767 0.04800113
v -0.01554562 -0.02002516 0.04800113
v -0.01240256 -0.01699171 0.04800113
v -0.01181326 -0.02267238 0.04800113
v -0.00918960 -0.01916676 0.04800113
v -0.00763577 -0.02424904 0.04800113
v -0.00562741 -0.02038331 0.04800113
v -0.00970700 -0.02820118 0.04800113
v -0.00490488 -0.02947804 0.04800113
v -0.00352005 -0.02521779 0.04800113
v -0.00024411 -0.02988380 0.04800113
v 0.00042404 -0.02567042 0.04800113
v 0.00416580 -0.02977809 0.04800113
v 0.00422000 -0.02565016 0.04800113
v 0.00848306 -0.02922462 0.04800113
v 0.00768485 -0.02538429 0.04800113
v 0.00758353 -0.02134840 0.04800113
v 0.01256571 -0.02777223 0.04800113
v 0.00946811 -0.03292433 0.04800113
v 0.01438284 -0.03107155 0.04800113
v 0.01680728 -0.02552907 0.04800113
v 0.01918576 -0.02839747 0.04800113
v 0.02078897 -0.02221632 0.04800113
v 0.01771390 -0.01994630 0.04800113
v 0.02365292 -0.02477076 0.04800113
v 0.02378543 -0.01819777 0.04800113
v 0.02012528 -0.01645167 0.04800113
v 0.02211099 -0.01246437 0.04800113
v 0.01625546 -0.01514259 0.04800113
v 0.02628287 -0.01371681 0.04800113
v 0.02803824 -0.00897169 0.04800113
v 0.03059317 -0.01539821 0.04800113
v 0.03277115 -0.01004640 0.04800113
v 0.03394095 -0.00454908 0.04800113
v 0.03276138 -0.00984230 0.04363448
v 0.03393936 -0.00431569 0.04337120
v 0.03424051 0.00087596 0.04800113
v 0.03418948 0.00102391 0.04319928
v 0.03393375 -0.00426027 0.03885864
v 0.03413944 0.00113329 0.03844799
v 0.03362943 0.00623754 0.04319484
v 0.03358072 0.00635936 0.03840050
v 0.03413809 0.00123973 0.03381562
v 0.03354349 0.00664940 0.03387417
v 0.03216715 0.01146385 0.03868680
v 0.03206900 0.01187157 0.03440596
v 0.03184378 0.01248314 0.03037500
v 0.02935806 0.01755834 0.03184607
v 0.02889139 0.01834838 0.02884498
v 0.02554044 0.02278856 0.03109662
v 0.02489835 0.02347240 0.02900647
v 0.02101743 0.02700487 0.03142840
v 0.02411954 0.02430004 0.02707760
v 0.02029642 0.02758397 0.02977676
v 0.01609262 0.03022435 0.03192894
v 0.01955844 0.02815966 0.02833953
v 0.01546213 0.03075438 0.03055095
v 0.01113791 0.03261888 0.03239967
v 0.01580246 0.03214061 0.03036112
v 0.01129337 0.03383739 0.03233455
v 0.00662705 0.03492333 0.03360856
v 0.01146164 0.03519481 0.03226651
v 0.00665665 0.03618285 0.03359424
v 0.00177835 0.03665648 0.03418773
v 0.00666727 0.03747606 0.03358614
v 0.00169125 0.03788329 0.03418902
v -0.00340988 0.03781566 0.03407606
v 0.00160025 0.03920360 0.03419239
v -0.00358407 0.03913426 0.03405303
v -0.00884622 0.03856566 0.03308532
v -0.00373556 0.04047924 0.03402942
v -0.00902865 0.03996971 0.03303362
v -0.01429440 0.03903905 0.03109813
v -0.01410641 0.03759081 0.03118997
v -0.01443411 0.04113378 0.03104483
v -0.01952896 0.04064794 0.02811388
v -0.01938943 0.03801854 0.02815848
v -0.01941263 0.04409960 0.02819756
v -0.02395059 0.04393993 0.02447718
v -0.02410348 0.04026195 0.02432233
v -0.02356711 0.04800585 0.02486029
v -0.02731473 0.04800585 0.02066098
v -0.02769009 0.04374413 0.02013087
v -0.02326742 0.04800585 0.01860428
v -0.02565195 0.04800585 0.01455740
v -0.03026822 0.04800585 0.01610334
v -0.02118631 0.04800585 0.01320800
v -0.02257913 0.04800585 0.00946653
v -0.02739145 0.04800585 0.01040523
v -0.01779617 0.04800585 0.00853857
v -0.01857315 0.04800585 0.00507335
v -0.02353610 0.04800585 0.00571129
v -0.01363284 0.04800585 0.00443799
v -0.01407632 0.04800585 0.00113774
v -0.01904928 0.04800585 0.00162750
v -0.00927719 0.04800585 0.00059585
v -0.00959567 0.04800585 -0.00270256
v -0.00466537 0.04800585 0.00009598
v -0.00505075 0.04800585 -0.00327179
v -0.00550516 0.04800585 -0.00673319
v -0.00114047 0.04800585 -0.00731496
v -0.00179977 0.04800585 -0.01103831
v -0.00262582 0.04800585 -0.01502639
v 0.00255740 0.04800585 -0.01147662
v 0.00175388 0.04800585 -0.01552661
v 0.00089328 0.04800585 -0.01985045
v 0.00618338 0.04800585 -0.01567858
v 0.00548850 0.04800585 -0.01988354
v 0.00500998 0.04800585 -0.02440953
v 0.00994644 0.04800585 -0.01952152
v 0.00969132 0.04800585 -0.02375406
v 0.01014871 0.04800585 -0.02806829
v 0.01481156 0.04800585 -0.02634093
v 0.01062509 0.04800585 -0.01556467
v 0.01507395 0.04800585 -0.01550873
v 0.01145902 0.04800585 -0.01174331
v 0.01614713 0.04800585 -0.01189201
v 0.01966226 0.04800585 -0.01601186
v 0.02108389 0.04800585 -0.01238550
v 0.02413883 0.04800585 -0.01726912
v 0.02174698 0.04800585 -0.02082652
v 0.02603775 0.04800585 -0.01332066
v 0.02841605 0.04800585 -0.01916701
v 0.02513785 0.04800585 -0.02325326
v 0.02120212 0.04800585 -0.02690698
v 0.02524222 0.04391820 -0.02311307
v 0.02127036 0.04406005 -0.02681552
v 0.02115134 0.04052733 -0.02690382
v 0.01646835 0.04091551 -0.02999605
v 0.02515775 0.04020384 -0.02320513
v 0.02489444 0.03703612 -0.02347992
v 0.02085404 0.03778002 -0.02708680
v 0.01622092 0.03867455 -0.03009105
v 0.01105435 0.03967137 -0.03240555
v 0.01599692 0.03715941 -0.03024065
v 0.01089163 0.03822924 -0.03247551
v 0.00529233 0.03900292 -0.03382234
v 0.01068344 0.03686449 -0.03253129
v 0.00521787 0.03768578 -0.03383269
v -0.00058279 0.03792235 -0.03423114
v 0.00513712 0.03642406 -0.03384771
v -0.00051016 0.03668944 -0.03424494
v -0.00630325 0.03623705 -0.03365441
v -0.00044278 0.03550170 -0.03425728
v -0.00606839 0.03500731 -0.03369834
v -0.01160196 0.03374120 -0.03221275
v -0.00583395 0.03393700 -0.03373898
v -0.01120791 0.03254784 -0.03237296
v -0.01145639 0.03227782 -0.03366965
v -0.01666641 0.02991014 -0.03173412
v -0.01712283 0.02962767 -0.03328652
v -0.02196896 0.02625341 -0.03090330
v -0.01172922 0.03216991 -0.03508428
v -0.01750192 0.02939061 -0.03487315
v -0.02247079 0.02582201 -0.03278844
v -0.02673544 0.02137792 -0.03045380
v -0.02289114 0.02543993 -0.03484531
v -0.02718198 0.02080931 -0.03307882
v -0.03051919 0.01545897 -0.03129948
v -0.02751987 0.02036229 -0.03610408
v -0.03074917 0.01497582 -0.03495637
v -0.03288333 0.00939208 -0.03401172
v -0.03086722 0.01471288 -0.03901585
v -0.03290652 0.00923558 -0.03843268
v -0.03396365 0.00378514 -0.03804732
v -0.03291531 0.00932640 -0.04316076
v -0.03399441 0.00393334 -0.04301020
v -0.03418466 -0.00139943 -0.04294401
v -0.03399850 0.00420653 -0.04799887
v -0.03422470 -0.00128712 -0.04799887
v -0.02928866 -0.00099049 -0.04799887
v -0.02863620 -0.00580250 -0.04799887
v -0.02431161 -0.00075563 -0.04799887
v -0.02393448 -0.00502345 -0.04799887
v -0.02269424 -0.00928468 -0.04799887
v -0.01889242 -0.00431764 -0.04799887
v -0.01800119 -0.00800245 -0.04799887
v -0.01645389 -0.01158204 -0.04799887
v -0.01328610 -0.00682863 -0.04799887
v -0.01207260 -0.00989259 -0.04799887
v -0.01026547 -0.01273292 -0.04799887
v -0.00768149 -0.00846876 -0.04799887
v -0.00632687 -0.01084547 -0.04799887
v -0.01399020 -0.00364601 -0.04799887
v -0.01931454 -0.00055983 -0.04799887
v -0.02411386 0.00346776 -0.04799887
v -0.01911252 0.00312596 -0.04799887
v -0.02336081 0.00770555 -0.04799887
v -0.01846628 0.00675218 -0.04799887
v -0.02185763 0.01189745 -0.04799887
v -0.01722201 0.01028148 -0.04799887
v -0.01940732 0.01583031 -0.04799887
v -0.01544430 0.01357469 -0.04799887
v -0.01623300 0.01961717 -0.04799887
v -0.01291446 0.01679784 -0.04799887
v -0.01206576 0.02252660 -0.04799887
v -0.00920596 0.01898265 -0.04799887
v -0.00736044 0.02431249 -0.04799887
v -0.00525107 0.02049559 -0.04799887
v -0.00958194 0.02823607 -0.04799887
v -0.00414047 0.02954906 -0.04799887
v -0.00270151 0.02543114 -0.04799887
v -0.00548312 0.03381200 -0.04799887
v 0.00073099 0.03425560 -0.04799887
v 0.00115250 0.02996239 -0.04799887
v 0.00043601 0.03424315 -0.04466481
v 0.00646652 0.03363866 -0.04452352
v 0.00671243 0.03362621 -0.04799887
v 0.00618149 0.03368285 -0.04185367
v 0.01180966 0.03214598 -0.04126278
v 0.01208817 0.03203490 -0.04425169
v 0.01695889 0.02974144 -0.04065211
v 0.01722214 0.02958104 -0.04403371
v 0.02152158 0.02661132 -0.04010196
v 0.02178177 0.02640868 -0.04381150
v 0.02543387 0.02291112 -0.03956679
v 0.02564212 0.02267528 -0.04357325
v 0.02567081 0.02267211 -0.04799887
v 0.02878201 0.01850878 -0.04328709
v 0.02878958 0.01857909 -0.04799887
v 0.03114749 0.01423827 -0.04799887
v 0.03116568 0.01414427 -0.04299606
v 0.03285782 0.00975487 -0.04799887
v 0.03281058 0.00964647 -0.04272254
v 0.03103531 0.01436254 -0.03820508
v 0.03271427 0.00985155 -0.03759337
v 0.03381302 0.00520775 -0.04250085
v 0.03377261 0.00544896 -0.03709167
v 0.03257803 0.01032762 -0.03272983
v 0.03371988 0.00585448 -0.03188890
v 0.03418253 0.00138890 -0.03160591
v 0.03415958 0.00112548 -0.03695581
v 0.03418033 0.00172679 -0.02642018
v 0.03407279 -0.00316676 -0.02685446
v 0.03404678 -0.00316505 -0.03195729
v 0.03406778 -0.00327247 -0.02193315
v 0.03313089 -0.00850490 -0.02358219
v 0.03321256 -0.00818458 -0.02809277
v 0.03128323 -0.01377858 -0.02607456
v 0.03149393 -0.01329713 -0.02985305
v 0.02857926 -0.01881666 -0.02872925
v 0.02891422 -0.01828199 -0.03172740
v 0.02810611 -0.01947242 -0.02605563
v 0.02464713 -0.02372291 -0.02901769
v 0.02514078 -0.02320167 -0.03118009
v 0.02403739 -0.02436598 -0.02700940
v 0.02017917 -0.02765675 -0.02982090
v 0.02071719 -0.02722609 -0.03152812
v 0.01592154 -0.03029347 -0.03209081
v 0.01634659 -0.03004542 -0.03360475
v 0.01127744 -0.03233400 -0.03381032
v 0.01156235 -0.03222072 -0.03515949
v 0.00625015 -0.03366383 -0.03487336
v 0.00641806 -0.03362843 -0.03619429
v 0.00097061 -0.03422609 -0.03536559
v 0.00094235 -0.03440651 -0.03423372
v -0.00438718 -0.03398170 -0.03397264
v -0.00455252 -0.03520314 -0.03394487
v -0.01002414 -0.03405397 -0.03274940
v -0.00469375 -0.03641603 -0.03391878
v -0.01037405 -0.03542653 -0.03263579
v -0.01573813 -0.03379323 -0.03039746
v -0.01067276 -0.03675758 -0.03253813
v -0.01618039 -0.03528102 -0.03016616
v -0.02054288 -0.03161232 -0.02737556
v -0.02108993 -0.03335255 -0.02695206
v -0.01657199 -0.03683302 -0.02994598
v -0.02157846 -0.03522682 -0.02656939
v -0.02578787 -0.03357277 -0.02249753
v -0.02525680 -0.03116334 -0.02308900
v -0.02910232 -0.03188917 -0.01799185
v -0.02864908 -0.02886647 -0.01873037
v -0.02949856 -0.03533204 -0.01735364
v -0.03181998 -0.03439991 -0.01253903
v -0.03153152 -0.03042653 -0.01326151
v -0.03328165 -0.03380421 -0.00784009
v -0.03200027 -0.03864283 -0.01192865
v -0.03339279 -0.03833766 -0.00723186
v -0.03403976 -0.03362990 -0.00317884
v -0.03406052 -0.03828834 -0.00263311
v -0.03417233 -0.03391700 0.00168432
v -0.03413797 -0.03849269 0.00207922
v -0.03351041 -0.03473243 0.00699994
v -0.03345987 -0.03899757 0.00713401
v -0.03191580 -0.03568458 0.01231424
v -0.03180679 -0.03206398 0.01257731
v -0.03192093 -0.03959962 0.01225882
v -0.02945102 -0.03650416 0.01744127
v -0.02922732 -0.03326320 0.01777349
v -0.02583432 -0.03456056 0.02245227
v -0.02547635 -0.03238649 0.02286639
v -0.02893692 -0.03060158 0.01826877
v -0.02138431 -0.03426222 0.02673845
v -0.02099234 -0.03270680 0.02703029
v -0.02504239 -0.03051735 0.02331235
v -0.02054458 -0.03120118 0.02737988
v -0.02454666 -0.02871705 0.02383940
v -0.02003708 -0.02974708 0.02778293
v -0.02395651 -0.02699196 0.02445342
v -0.01953006 -0.02845411 0.02817572
v -0.02331656 -0.02546852 0.02508696
v -0.02382059 -0.02458449 0.02662584
v -0.02716684 -0.02083864 0.02333837
v -0.02989108 -0.01666530 0.01966011
v -0.02782272 -0.01988844 0.02541681
v -0.03052615 -0.01542750 0.02221927
v -0.03252316 -0.01059449 0.01915271
v -0.03101572 -0.01440699 0.02497704
v -0.03291177 -0.00933693 0.02244863
v -0.03316098 -0.00836769 0.02611307
v -0.03408206 -0.00311378 0.02446508
v -0.03142587 -0.01349586 0.02797226
v -0.03333377 -0.00761451 0.02998882
v -0.03413101 -0.00240114 0.02876229
v -0.03411972 -0.00186061 0.03325369
v -0.03408029 0.00319017 0.03269768
v -0.03403995 0.00343358 0.03768185
v -0.03315884 0.00839794 0.03777090
v -0.03403378 0.00363256 0.04281509
v -0.03308987 0.00868163 0.04284453
v -0.03126987 0.01386742 0.04306327
v -0.03301346 0.00915380 0.04800113
v -0.03106241 0.01442870 0.04800113
v -0.02807760 0.01963671 0.04800113
v -0.02628671 0.01280809 0.04800113
v -0.02353067 0.01733153 0.04800113
v -0.02001706 0.02151049 0.04800113
v -0.01919052 0.01504393 0.04800113
v -0.01598190 0.01855907 0.04800113
v -0.01210721 0.02134081 0.04800113
v -0.01186838 0.01554051 0.04800113
v -0.00844430 0.01782836 0.04800113
v -0.00472385 0.01953905 0.04800113
v -0.00501156 0.01458129 0.04800113
v -0.00165573 0.01611498 0.04800113
v -0.00199942 0.01154784 0.04800113
v 0.00110147 0.01297899 0.04800113
v -0.00449643 0.00991283 0.04800113
v -0.00175851 0.00711522 0.04800113
v 0.00048062 0.00861986 0.04800113
v -0.00801401 0.01269945 0.04800113
v -0.01059170 0.01042357 0.04800113
v -0.01481528 0.01271361 0.04800113
v -0.01259823 0.00773046 0.04800113
v -0.01709897 0.00946361 0.04800113
v -0.01393027 0.00479857 0.04800113
v -0.01864126 0.00594530 0.04800113
v -0.01459317 0.00178368 0.04800113
v -0.00985177 0.00131981 0.04800113
v -0.01468710 -0.00120851 0.04800113
v -0.00986600 -0.00112037 0.04800113
v -0.00540622 0.00119408 0.04800113
v -0.01432028 -0.00418605 0.04800113
v -0.00952792 -0.00360206 0.04800113
v -0.01916757 -0.00479860 0.04800113
v -0.01829806 -0.00818458 0.04800113
v -0.01957175 -0.00125685 0.04800113
v -0.02395993 -0.00541481 0.04800113
v -0.02290817 -0.00940284 0.04800113
v -0.02740518 -0.01068068 0.04800113
v -0.02532919 -0.01516310 0.04800113
v -0.02119345 -0.01326637 0.04800113
v -0.02962765 -0.01717750 0.04800113
v -0.02627469 -0.02199977 0.04800113
v -0.02240152 -0.01935719 0.04800113
v -0.02203976 -0.02623732 0.04800113
v -0.01870114 -0.02303785 0.04800113
v -0.01710428 -0.02966847 0.04800113
v -0.01443704 -0.02610158 0.04800113
v -0.01732992 -0.02949830 0.04430239
v -0.01200082 -0.03206373 0.04450047
v -0.01174448 -0.03216334 0.04800113
v -0.00651816 -0.03361989 0.04476301
v -0.00627536 -0.03368287 0.04800113
v -0.00108591 -0.03421534 0.04491198
v -0.00086691 -0.03423707 0.04800113
v 0.00420511 -0.03397438 0.04484887
v 0.00439719 -0.03396046 0.04800113
v 0.00932578 -0.03294850 0.04465873
v 0.00909458 -0.03301588 0.04204686
v 0.01406339 -0.03121827 0.04154042
v 0.01430545 -0.03109352 0.04447699
v 0.01888382 -0.02853639 0.04107677
v 0.01912235 -0.02836915 0.04432895
v 0.02339884 -0.02495656 0.04075630
v 0.02362949 -0.02475978 0.04421534
v 0.02735709 -0.02055519 0.04043165
v 0.02752774 -0.02033449 0.04406556
v 0.02751798 -0.02037330 0.04800113
v 0.03050760 -0.01544923 0.03998930
v 0.03061490 -0.01527882 0.04386477
v 0.03272513 -0.00988331 0.03947138
v 0.03029386 -0.01588380 0.03643909
v 0.03263956 -0.01023439 0.03548961
v 0.03392508 -0.00443312 0.03444175
v 0.03244766 -0.01085548 0.03186591
v 0.03390311 -0.00477028 0.03037664
v 0.03419168 0.00130712 0.02943465
v 0.03381851 -0.00532887 0.02654613
v 0.03419913 0.00121190 0.02515906
v 0.03346085 0.00706810 0.02946550
v 0.03334451 0.00761254 0.02525083
v 0.03106009 0.01431639 0.02327074
v 0.03152664 0.01326317 0.02665423
v 0.03038895 0.01572924 0.02013282
v 0.02747928 0.02040453 0.02381826
v 0.02826663 0.01924657 0.02620771
v 0.02660159 0.02161766 0.02190015
v 0.02325552 0.02514598 0.02541566
v 0.02718778 0.02391991 0.02080695
v 0.02381528 0.02710741 0.02458523
v 0.01999735 0.02985668 0.02779847
v 0.02438089 0.02924388 0.02400589
v 0.02045584 0.03170311 0.02742125
v 0.01611203 0.03370800 0.03017521
v 0.02081027 0.03352806 0.02714837
v 0.01635001 0.03527269 0.03004675
v 0.01159744 0.03659545 0.03221238
v 0.01652670 0.03687352 0.02996264
v 0.01167050 0.03801366 0.03219533
v 0.00666428 0.03881346 0.03358796
v 0.01167661 0.03954247 0.03218976
v 0.00661923 0.04019481 0.03359115
v 0.00149045 0.04056468 0.03419656
v 0.00651407 0.04184374 0.03361726
v 0.00135703 0.04222948 0.03420302
v -0.00387924 0.04218187 0.03401638
v 0.00117685 0.04472191 0.03421911
v -0.00402115 0.04463426 0.03400245
v -0.00924783 0.04443944 0.03297735
v -0.00916672 0.04174364 0.03300325
v -0.00918130 0.04800585 0.03300435
v -0.01417453 0.04800585 0.03117972
v -0.01441525 0.04424120 0.03104364
v -0.01214572 0.04800585 0.02782679
v -0.01636441 0.04800585 0.02559975
v -0.01907687 0.04800585 0.02848919
v -0.01688107 0.04800585 0.02034029
v -0.02022446 0.04800585 0.02236422
v -0.00799332 0.04800585 0.02915563
v -0.00707559 0.04800585 0.02542921
v -0.00336117 0.04800585 0.02587327
v -0.00655142 0.04800585 0.02149293
v -0.00371469 0.04800585 0.02987263
v 0.00066886 0.04800585 0.03010937
v 0.00051346 0.04800585 0.02609266
v -0.00409341 0.04800585 0.03401342
v 0.00094766 0.04800585 0.03424017
v 0.00589969 0.04800585 0.03374473
v 0.00493961 0.04800585 0.02990859
v 0.00627170 0.04456688 0.03366703
v 0.01126022 0.04431493 0.03233751
v 0.01065048 0.04800585 0.03255993
v 0.01156546 0.04131078 0.03222886
v 0.01653269 0.04076683 0.02996106
v 0.01619620 0.04411132 0.03015220
v 0.01659116 0.03853636 0.02990055
v 0.02122501 0.03747631 0.02679811
v 0.02126358 0.04029613 0.02681353
v 0.02108927 0.03546703 0.02692929
v 0.02515823 0.03376659 0.02321502
v 0.02537760 0.03645726 0.02297268
v 0.02480008 0.03142406 0.02356884
v 0.02823160 0.02915966 0.01936626
v 0.02856595 0.03203783 0.01888273
v 0.02777884 0.02647264 0.01997088
v 0.03053055 0.02354930 0.01538424
v 0.03088992 0.02696068 0.01466277
v 0.03278995 0.02511083 0.00973899
v 0.03292825 0.02924193 0.00927953
v 0.03112503 0.03051781 0.01416163
v 0.03258206 0.02105907 0.01034785
v 0.03387821 0.01983153 0.00477192
v 0.03389102 0.02417967 0.00460880
v 0.03003507 0.02032030 0.01637131
v 0.03420426 0.02431615 -0.00080345
v 0.03394266 0.02858251 0.00444068
v 0.03419217 0.02007152 -0.00122094
v 0.03354093 0.02130052 -0.00676180
v 0.03414420 0.01592137 -0.00181717
v 0.03333597 0.01744701 -0.00773695
v 0.03162576 0.02011425 -0.01297183
v 0.03105399 0.01719408 -0.01435232
v 0.03205960 0.02337157 -0.01186245
v 0.02983768 0.02580004 -0.01668772
v 0.03236319 0.02680175 -0.01104930
v 0.03369217 0.02524510 -0.00598800
v 0.02926883 0.02316234 -0.01768618
v 0.02636490 0.02597948 -0.02180716
v 0.02853641 0.02073314 -0.01891966
v 0.02560086 0.02393651 -0.02271437
v 0.02233304 0.02678588 -0.02598273
v 0.02853873 0.01893309 -0.02074441
v 0.02579337 0.02249388 -0.02439349
v 0.02263608 0.02570433 -0.02745979
v 0.01896890 0.02849535 -0.03007679
v 0.01860849 0.02927294 -0.02873917
v 0.02659537 0.02153026 -0.02663081
v 0.02336038 0.02501073 -0.02938510
v 0.01962009 0.02804149 -0.03177865
v 0.01537003 0.03058080 -0.03378023
v 0.01485782 0.03085082 -0.03227448
v 0.02399375 0.02441600 -0.03139960
v 0.02018515 0.02761400 -0.03352191
v 0.01582791 0.03033397 -0.03528629
v 0.01093619 0.03245067 -0.03664613
v 0.01623966 0.03012450 -0.03681151
v 0.01124906 0.03235497 -0.03801692
v 0.00578189 0.03374706 -0.03884643
v 0.01153708 0.03224413 -0.03948389
v 0.00597635 0.03370873 -0.04018996
v 0.00005979 0.03424242 -0.04051570
v 0.00020657 0.03423973 -0.04221492
v -0.00004922 0.03424755 -0.03917358
v -0.00609634 0.03369432 -0.03884422
v -0.00014755 0.03424999 -0.03784586
v 0.00557181 0.03378392 -0.03753794
v -0.00608761 0.03368968 -0.04019607
v -0.01222415 0.03198363 -0.03931115
v -0.00602713 0.03371141 -0.04191546
v -0.01226144 0.03197850 -0.04131675
v -0.01817178 0.02899999 -0.04068530
v -0.01211337 0.03202831 -0.04427906
v -0.01807840 0.02907396 -0.04407346
v -0.02336203 0.02503246 -0.04389713
v -0.01772226 0.02930956 -0.04799887
v -0.02306357 0.02532152 -0.04799887
v -0.02745303 0.02047924 -0.04799887
v -0.01963766 0.02245873 -0.04799887
v -0.02333505 0.01811864 -0.04799887
v -0.02629483 0.01355467 -0.04799887
v -0.03071561 0.01516210 -0.04799887
v -0.03287460 0.00970848 -0.04799887
v -0.03086441 0.01479344 -0.04340115
v -0.02767563 0.02015502 -0.04367671
v -0.02811478 0.00869774 -0.04799887
v -0.02903097 0.00378661 -0.04799887
v -0.01485135 0.02582445 -0.04799887
v -0.02769821 0.02010057 -0.03964243
v -0.02341031 0.02498705 -0.04018875
v -0.01172641 0.03218138 -0.04799887
v -0.02321695 0.02514305 -0.03712010
v -0.01801895 0.02905907 -0.03818611
v -0.00584244 0.03374852 -0.04455876
v -0.01782767 0.02920116 -0.03653600
v -0.01212497 0.03201805 -0.03789431
v -0.01195096 0.03208007 -0.03647557
v -0.00606015 0.03369945 -0.03749880
v -0.00022427 0.03426024 -0.03663252
v 0.00536276 0.03381884 -0.03630696
v 0.00513425 0.03385765 -0.03498761
v 0.01023313 0.03269945 -0.03394170
v 0.01059873 0.03257469 -0.03529602
v 0.00996726 0.03306664 -0.03277173
v 0.01451596 0.03141161 -0.03102453
v 0.01493051 0.03273168 -0.03080200
v 0.01919150 0.03080419 -0.02833787
v 0.01971140 0.03242406 -0.02795987
v 0.02360465 0.03038549 -0.02477265
v 0.02300595 0.02851952 -0.02534866
v 0.02411734 0.03236840 -0.02429841
v 0.02750211 0.03053099 -0.02036758
v 0.02698636 0.02819237 -0.02100543
v 0.02792825 0.03313524 -0.01978258
v 0.03061746 0.03178832 -0.01524528
v 0.03029288 0.02862621 -0.01589329
v 0.03084683 0.03531786 -0.01474345
v 0.03271304 0.03446776 -0.00991608
v 0.03257266 0.03052733 -0.01038476
v 0.03379678 0.03378759 -0.00511560
v 0.03376529 0.02945409 -0.00547112
v 0.03419803 0.03324999 -0.00032512
v 0.03421304 0.02872191 -0.00053411
v 0.03418411 0.03805712 -0.00027209
v 0.03393326 0.03799706 0.00428907
v 0.03395621 0.03319945 0.00434200
v 0.03299552 0.03364965 0.00898631
v 0.03300443 0.03824510 0.00888647
v 0.03127127 0.03450658 0.01381672
v 0.03130802 0.03873583 0.01366646
v 0.02877921 0.03545336 0.01855069
v 0.02882242 0.03929369 0.01844006
v 0.02543924 0.03984423 0.02289975
v 0.02872354 0.04350829 0.01859396
v 0.02526785 0.04375682 0.02308156
v 0.02100314 0.04394774 0.02703073
v 0.02485733 0.04800585 0.02356480
v 0.02042044 0.04800585 0.02748900
v 0.01553323 0.04800585 0.03053469
v 0.01741544 0.04800585 0.02520910
v 0.01305295 0.04800585 0.02785098
v 0.00910294 0.04800585 0.02919407
v 0.00789444 0.04800585 0.02585697
v 0.00427774 0.04800585 0.02609996
v 0.00737393 0.04800585 0.02212881
v 0.00403348 0.04800585 0.02198632
v 0.00051456 0.04800585 0.02184990
v 0.00062198 0.04800585 0.01760201
v -0.00305118 0.04800585 0.02166454
v 0.00418619 0.04800585 0.01773742
v 0.00447214 0.04800585 0.01375852
v 0.00067801 0.04800585 0.01364907
v 0.00763175 0.04800585 0.01792133
v 0.00823001 0.04800585 0.01396602
v 0.00875449 0.04800585 0.01018822
v 0.00468570 0.04800585 0.01002149
v 0.01200021 0.04800585 0.01432689
v 0.01290189 0.04800585 0.01051241
v 0.01346958 0.04800585 0.00674936
v 0.00903482 0.04800585 0.00653074
v 0.01602286 0.04800585 0.01494511
v 0.01729569 0.04800585 0.01105530
v 0.01813260 0.04800585 0.00713194
v 0.01849283 0.04800585 0.00325735
v 0.01364530 0.04800585 0.00305121
v 0.02184641 0.04800585 0.01184881
v 0.02295987 0.04800585 0.00771228
v 0.02353128 0.04800585 0.00358171
v 0.02358048 0.04800585 -0.00051393
v 0.02786746 0.04800585 0.00845253
v 0.02868131 0.04800585 0.00398449
v 0.02885306 0.04800585 -0.00046052
v 0.02843314 0.04800585 -0.00483564
v 0.03426529 0.04800585 -0.00036476
v 0.03383841 0.04800585 -0.00524468
v 0.03276883 0.04800585 -0.01005766
v 0.03384317 0.04314794 -0.00499260
v 0.03280045 0.04330614 -0.00970849
v 0.03104434 0.04350048 -0.01440767
v 0.03276102 0.03870604 -0.00965466
v 0.03098795 0.03921337 -0.01438860
v 0.02846488 0.03974413 -0.01899182
v 0.02827481 0.03624242 -0.01932261
v 0.02851431 0.04373583 -0.01893431
v 0.03379556 0.03830956 -0.00492176
v 0.03091544 0.04800585 -0.01472187
v 0.03421732 0.04301122 -0.00029252
v 0.03393900 0.04297264 0.00432437
v 0.03395682 0.04800585 0.00444854
v 0.03299954 0.04308837 0.00898019
v 0.03296109 0.04800585 0.00933772
v 0.03129288 0.04328881 0.01383559
v 0.03112613 0.04800585 0.01427868
v 0.02849014 0.04800585 0.01906940
v 0.02641458 0.04800585 0.01291253
v 0.02426492 0.04800585 0.01727944
v 0.02129044 0.04800585 0.02149633
v 0.02016544 0.04800585 0.01592484
v 0.01783438 0.04800585 0.01986615
v 0.02748294 0.04800585 -0.00912936
v 0.02228946 0.04800585 -0.00849686
v 0.02314041 0.04800585 -0.00455812
v 0.01715531 0.04800585 -0.00815408
v 0.01792020 0.04800585 -0.00439962
v 0.01299844 0.04800585 -0.00432225
v 0.01346317 0.04800585 -0.00063130
v 0.01838687 0.04800585 -0.00056374
v 0.00879709 0.04800585 -0.00063592
v 0.00904263 0.04800585 0.00294027
v 0.00457285 0.04800585 0.00295588
v 0.00471713 0.04800585 0.00645076
v 0.00044345 0.04800585 0.00651658
v 0.00061612 0.04800585 0.00999132
v -0.00348410 0.04800585 0.01012986
v -0.00316568 0.04800585 0.01366028
v -0.00707510 0.04800585 0.01388880
v -0.00659213 0.04800585 0.01757280
v -0.00297861 0.04800585 0.01752035
v -0.01104361 0.04800585 0.01443924
v -0.01210068 0.04800585 0.01108252
v -0.01513663 0.04800585 0.01545399
v -0.00773465 0.04800585 0.01047062
v -0.01664615 0.04800585 0.01201400
v -0.01931796 0.04800585 0.01686525
v -0.01298666 0.04800585 0.00775845
v -0.00835403 0.04800585 0.00715570
v -0.00886996 0.04800585 0.00386516
v -0.00387503 0.04800585 0.00674147
v -0.00427304 0.04800585 0.00341301
v 0.00016763 0.04800585 0.00311480
v -0.00018405 0.04800585 -0.00029611
v -0.00061319 0.04800585 -0.00374964
v 0.00426193 0.04800585 -0.00053527
v 0.00381424 0.04800585 -0.00407308
v 0.00324088 0.04800585 -0.00771573
v 0.00833707 0.04800585 -0.00424152
v 0.00770023 0.04800585 -0.00791787
v 0.00696481 0.04800585 -0.01167871
v 0.01230185 0.04800585 -0.00801859
v 0.02455191 0.03451659 -0.02385031
v 0.02055594 0.03588280 -0.02733997
v 0.02016477 0.03413304 -0.02762355
v 0.01568350 0.03564647 -0.03040415
v 0.01533048 0.03417723 -0.03058969
v 0.01045706 0.03553441 -0.03261117
v 0.01020413 0.03422557 -0.03269746
v 0.00504056 0.03520214 -0.03386538
v 0.00495560 0.03412255 -0.03388001
v -0.00036252 0.03445848 -0.03426509
v -0.00029599 0.03427196 -0.03533799
v -0.00589822 0.03373363 -0.03489930
v -0.00599686 0.03371532 -0.03624293
v 0.01659958 0.02990453 -0.03843917
v 0.02069797 0.02724071 -0.03535444
v 0.02109836 0.02690526 -0.03730646
v 0.02503385 0.02334032 -0.03617540
v 0.02455972 0.02385594 -0.03360543
v 0.02828433 0.01930809 -0.03499603
v 0.02861600 0.01878685 -0.03889441
v 0.02782657 0.01993700 -0.03176740
v 0.03079910 0.01487572 -0.03384245
v 0.03043570 0.01561766 -0.02994202
v 0.03236514 0.01106005 -0.02815358
v 0.02993509 0.01652611 -0.02655007
v 0.03203775 0.01195775 -0.02399782
v 0.03364005 0.00632347 -0.02680590
v 0.03345291 0.00715038 -0.02197613
v 0.03154019 0.01318090 -0.02010911
v 0.03413004 0.00210228 -0.02128312
v 0.02933084 0.01760936 -0.02348633
v 0.02724356 0.02069896 -0.02904711
v 0.03366593 -0.00626393 0.02302349
v 0.03214163 -0.01169533 0.02854915
v 0.03172611 -0.01278761 0.02562500
v 0.02891812 -0.01828224 0.02809636
v 0.03112015 -0.01417091 0.02302911
v 0.02950052 -0.01732545 0.03047199
v 0.02607474 -0.02218678 0.03227739
v 0.02995889 -0.01652321 0.03313533
v 0.02659036 -0.02155641 0.03437004
v 0.02256729 -0.02573268 0.03581552
v 0.02705118 -0.02096559 0.03721724
v 0.02303122 -0.02532301 0.03790513
v 0.01847141 -0.02879103 0.03861216
v 0.01813321 -0.02902443 0.03713540
v 0.01343930 -0.03149537 0.03822203
v 0.01771378 -0.02928712 0.03568154
v 0.02206931 -0.02616139 0.03406151
v 0.01372714 -0.03136549 0.03945862
v 0.00884342 -0.03307716 0.04030137
v 0.00861972 -0.03313917 0.03908239
v 0.00371079 -0.03402809 0.03956604
v 0.00838742 -0.03319606 0.03790025
v 0.01310184 -0.03163258 0.03697314
v 0.00384769 -0.03400343 0.04073294
v -0.00131552 -0.03419337 0.04089823
v 0.00400552 -0.03399391 0.04241739
v -0.00123251 -0.03420533 0.04255017
v -0.00661520 -0.03360011 0.04220334
v -0.00662137 -0.03358278 0.04054385
v -0.01197659 -0.03208375 0.03981582
v -0.00658188 -0.03359572 0.03930846
v -0.00134805 -0.03420070 0.03969284
v -0.01205374 -0.03205397 0.04169117
v -0.01733389 -0.02948878 0.04112361
v -0.01714767 -0.02957765 0.03877143
v -0.02197092 -0.02619972 0.03786555
v -0.01695566 -0.02972169 0.03725123
v -0.01185190 -0.03213136 0.03848594
v -0.02218875 -0.02603444 0.04069664
v -0.02638089 -0.02181105 0.04022394
v -0.02221561 -0.02601686 0.04412707
v -0.02642758 -0.02175709 0.04391864
v -0.02973501 -0.01693507 0.04369087
v -0.02967819 -0.01700685 0.03961480
v -0.03201126 -0.01188942 0.03903368
v -0.02951285 -0.01732863 0.03598187
v -0.02616604 -0.02207863 0.03698677
v -0.03207760 -0.01185035 0.04345144
v -0.03356003 -0.00664552 0.04320394
v -0.03204660 -0.01208595 0.04800113
v -0.03359085 -0.00683717 0.04800113
v -0.03421438 -0.00149562 0.04800113
v -0.02870785 -0.00605079 0.04800113
v -0.02926523 -0.00138478 0.04800113
v -0.02909335 0.00332909 0.04800113
v -0.02443210 -0.00131251 0.04800113
v -0.02427890 0.00284130 0.04800113
v -0.02340768 0.00703734 0.04800113
v -0.02813730 0.00805272 0.04800113
v -0.01944412 0.00232152 0.04800113
v -0.02171335 0.01117650 0.04800113
v -0.03405368 0.00383446 0.04800113
v -0.03417618 -0.00142262 0.04297361
v -0.03412161 -0.00151954 0.03801851
v -0.03351608 -0.00668849 0.03851994
v -0.03345987 -0.00703370 0.03414309
v -0.03194186 -0.01222194 0.03502060
v -0.02920987 -0.01780421 0.03277004
v -0.02584207 -0.02243239 0.03434372
v -0.02544070 -0.02289845 0.03208471
v -0.02135196 -0.02674879 0.03409067
v -0.02169919 -0.02645289 0.03584523
v -0.02094711 -0.02705226 0.03250380
v -0.01638614 -0.03004371 0.03449964
v -0.01670346 -0.02986793 0.03587697
v -0.01147171 -0.03226222 0.03601724
v -0.01168271 -0.03218849 0.03723535
v -0.00638956 -0.03363014 0.03699571
v -0.00650699 -0.03360914 0.03813885
v -0.00138254 -0.03420021 0.03740882
v -0.00136453 -0.03420094 0.03852599
v 0.00344315 -0.03406617 0.03733313
v 0.00357749 -0.03404835 0.03842088
v 0.00330130 -0.03408619 0.03626120
v 0.00787436 -0.03332960 0.03566945
v 0.00813443 -0.03326222 0.03676389
v 0.01232865 -0.03193263 0.03460536
v 0.01272189 -0.03177516 0.03576636
v 0.01674075 -0.02985426 0.03308991
v 0.01725528 -0.02954860 0.03434468
v 0.02094083 -0.02706349 0.03109662
v 0.02153702 -0.02659523 0.03252285
v 0.02481363 -0.02355006 0.02868616
v 0.02546976 -0.02285133 0.03038993
v 0.02406156 -0.02434034 0.02708333
v 0.02744119 -0.02044899 0.02405000
v 0.02824368 -0.01929957 0.02597735
v 0.02657413 -0.02162550 0.02241187
v 0.02937625 -0.01757130 0.01873143
v 0.03032034 -0.01584059 0.02072261
v 0.03158975 -0.01322731 0.01464429
v 0.03255631 -0.01061378 0.01702097
v 0.03164786 -0.01617579 0.01306739
v 0.03328653 -0.01308204 0.00842823
v 0.03333280 -0.00919117 0.01036441
v 0.03407303 -0.01072145 0.00336079
v 0.03396951 -0.00610035 0.00552492
v 0.03423490 -0.00462843 -0.00050905
v 0.03425467 0.00046434 0.00163081
v 0.03420450 0.00164257 -0.00490746
v 0.03414676 0.00559301 0.00331150
v 0.03412418 0.01167064 -0.00265631
v 0.03413065 -0.01508278 0.00196742
v 0.03347293 -0.01694240 0.00709763
v 0.03419376 -0.01947535 0.00118072
v 0.03396109 -0.01894215 -0.00408219
v 0.03397904 -0.02352955 -0.00410373
v 0.03291910 -0.02005568 -0.00931973
v 0.03306436 -0.02437770 -0.00887463
v 0.03096109 -0.02279493 -0.01454154
v 0.03054288 -0.01953444 -0.01543852
v 0.03126907 -0.02631495 -0.01387664
v 0.02814249 -0.02600050 -0.01944920
v 0.02752579 -0.02356080 -0.02034149
v 0.02408096 -0.02694508 -0.02432870
v 0.02328470 -0.02511647 -0.02512031
v 0.02677579 -0.02139161 -0.02140633
v 0.02750162 -0.02036403 -0.02356875
v 0.03053226 -0.01544630 -0.01931347
v 0.01956723 -0.02814454 -0.02815972
v 0.02024631 -0.02974489 -0.02761757
v 0.01598276 -0.03195485 -0.03027676
v 0.01548367 -0.03053370 -0.03072511
v 0.01136081 -0.03377443 -0.03231297
v 0.01095957 -0.03247999 -0.03247099
v 0.00631735 -0.03495436 -0.03365741
v 0.00611795 -0.03388136 -0.03369238
v 0.00653031 -0.03619362 -0.03361384
v 0.00101474 -0.03665748 -0.03422472
v 0.00097690 -0.03546852 -0.03423092
v 0.00104801 -0.03790114 -0.03421864
v -0.00482681 -0.03766554 -0.03389460
v -0.00494675 -0.03900905 -0.03387855
v -0.01094681 -0.03813527 -0.03246113
v -0.01117319 -0.03963624 -0.03237217
v -0.01687906 -0.03845118 -0.02974766
v -0.01721066 -0.04080348 -0.02956218
v -0.02197317 -0.03732228 -0.02620347
v -0.02235013 -0.04025758 -0.02589766
v -0.02622873 -0.03633619 -0.02200161
v -0.02658615 -0.03974440 -0.02156103
v -0.02256332 -0.04389699 -0.02571756
v -0.02678512 -0.04368947 -0.02130227
v -0.02979916 -0.03917116 -0.01682067
v -0.03000503 -0.04345289 -0.01648746
v -0.03218606 -0.04325831 -0.01154112
v -0.03009097 -0.04799415 -0.01640926
v -0.03230771 -0.04799415 -0.01136051
v -0.03354526 -0.04313575 -0.00672693
v -0.03368698 -0.04799415 -0.00630007
v -0.03415140 -0.04311769 -0.00207029
v -0.03421591 -0.04799415 -0.00147095
v -0.03412045 -0.04322511 0.00260619
v -0.03412912 -0.04799415 0.00323948
v -0.03340298 -0.04347365 0.00744515
v -0.03329416 -0.04799415 0.00802857
v -0.03185788 -0.04371608 0.01245568
v -0.03175241 -0.04799415 0.01291482
v -0.02950198 -0.04390284 0.01737142
v -0.02953342 -0.04008522 0.01729128
v -0.02933334 -0.04799415 0.01767571
v -0.02627719 -0.04407472 0.02194928
v -0.02627048 -0.04045875 0.02194487
v -0.02218844 -0.04081080 0.02607068
v -0.02197836 -0.03800538 0.02621724
v -0.02612784 -0.03726368 0.02213279
v -0.01720663 -0.03881154 0.02954899
v -0.01701034 -0.03731544 0.02969439
v -0.02172140 -0.03600099 0.02645273
v -0.01195401 -0.03848805 0.03209900
v -0.01176596 -0.03725026 0.03216398
v -0.01675564 -0.03595314 0.02984547
v -0.01153793 -0.03604152 0.03224423
v -0.01643564 -0.03459181 0.03002389
v -0.01127579 -0.03487135 0.03234196
v -0.01607101 -0.03328737 0.03023192
v -0.01565579 -0.03201417 0.03045488
v -0.01096872 -0.03372902 0.03246415
v -0.01525491 -0.03089528 0.03066222
v -0.01067898 -0.03274464 0.03257861
v -0.01558621 -0.03048366 0.03183976
v -0.01994498 -0.02784694 0.02949446
v -0.01092758 -0.03247316 0.03361931
v -0.01602255 -0.03025050 0.03318924
v -0.02048410 -0.02741749 0.03099485
v -0.02446176 -0.02393214 0.02837137
v -0.02498697 -0.02336647 0.03017557
v -0.01122653 -0.03235353 0.03483803
v -0.00609769 -0.03368947 0.03474303
v -0.00624911 -0.03366139 0.03588273
v -0.00139261 -0.03420387 0.03527619
v -0.00139187 -0.03420216 0.03632316
v -0.00138614 -0.03421364 0.03421259
v 0.00305124 -0.03411525 0.03429833
v 0.00316159 -0.03410597 0.03519449
v 0.00735385 -0.03347438 0.03366925
v 0.00760947 -0.03340431 0.03460183
v 0.01151328 -0.03225074 0.03247413
v 0.01192069 -0.03209327 0.03347871
v 0.01558414 -0.03048463 0.03076187
v 0.01615744 -0.03017848 0.03184627
v 0.01959506 -0.02811891 0.02847774
v 0.02027426 -0.02759230 0.02970911
v 0.01980686 -0.02947975 0.02795093
v 0.02348013 -0.02673488 0.02491340
v 0.02324448 -0.02514161 0.02566225
v 0.02395615 -0.02858815 0.02444164
v 0.02725638 -0.02573585 0.02068034
v 0.02673990 -0.02350758 0.02139539
v 0.02997415 -0.02257448 0.01648085
v 0.02946695 -0.01990822 0.01741234
v 0.03035770 -0.02547682 0.01572287
v 0.03238004 -0.02297658 0.01105449
v 0.03206314 -0.01943043 0.01196060
v 0.03365030 -0.02091090 0.00618286
v 0.03257596 -0.02658253 0.01045091
v 0.03375113 -0.02507228 0.00559656
v 0.03378555 -0.02937330 0.00528046
v 0.03421768 -0.02845997 0.00056479
v 0.03420499 -0.02389210 0.00075692
v 0.03418851 -0.03309376 0.00049553
v 0.03400931 -0.03292238 -0.00388189
v 0.03400333 -0.02817701 -0.00398881
v 0.03315115 -0.02877443 -0.00851895
v 0.03320474 -0.03337086 -0.00826562
v 0.03149356 -0.03011671 -0.01335060
v 0.03166654 -0.03425953 -0.01293251
v 0.02903433 -0.03176271 -0.01809094
v 0.02864420 -0.02871168 -0.01873141
v 0.02931864 -0.03525172 -0.01763796
v 0.02579483 -0.03344191 -0.02249062
v 0.02530618 -0.03105104 -0.02303521
v 0.02141043 -0.03318995 -0.02670342
v 0.02087033 -0.03143824 -0.02711825
v 0.02475174 -0.02893776 -0.02361656
v 0.01699149 -0.03502784 -0.02970387
v 0.01652646 -0.03349879 -0.02997629
v 0.01207749 -0.03646583 -0.03203943
v 0.01173367 -0.03510499 -0.03216952
v 0.01239316 -0.03785841 -0.03192458
v 0.00692374 -0.03879176 -0.03353944
v 0.00672867 -0.03746241 -0.03357333
v 0.00709653 -0.04016945 -0.03350053
v 0.00114615 -0.04063649 -0.03420445
v 0.00109610 -0.03923073 -0.03421504
v 0.00120633 -0.04226930 -0.03420793
v -0.00509604 -0.04206398 -0.03385528
v -0.00503140 -0.04035743 -0.03385904
v -0.00512491 -0.04460060 -0.03385063
v -0.01151022 -0.04432863 -0.03224782
v -0.01135928 -0.04146168 -0.03230666
v -0.01147446 -0.04799415 -0.03226464
v -0.01741379 -0.04799415 -0.02948751
v -0.01742306 -0.04408522 -0.02944603
v -0.02258212 -0.04799415 -0.02575069
v -0.01925107 -0.04799415 -0.02190502
v -0.02682461 -0.04799415 -0.02131953
v -0.02314548 -0.04799415 -0.01813292
v -0.02621969 -0.04799415 -0.01390764
v -0.01987411 -0.04799415 -0.01484832
v -0.02277511 -0.04799415 -0.01123735
v -0.02838742 -0.04799415 -0.00938702
v -0.02955099 -0.04799415 -0.00493497
v -0.02984280 -0.04799415 -0.00083736
v -0.02553049 -0.04799415 -0.00047822
v -0.02949216 -0.04799415 0.00319629
v -0.02496347 -0.04799415 0.00283915
v -0.02857211 -0.04799415 0.00733052
v -0.02397580 -0.04799415 0.00638644
v -0.02710104 -0.04799415 0.01149849
v -0.02259048 -0.04799415 0.00999992
v -0.02496579 -0.04799415 0.01565429
v -0.02074032 -0.04799415 0.01366355
v -0.02224948 -0.04799415 0.01956781
v -0.02611972 -0.04799415 0.02217763
v -0.01845724 -0.04799415 0.01720182
v -0.01884775 -0.04799415 0.02320044
v -0.02206070 -0.04799415 0.02622561
v -0.01725302 -0.04799415 0.02958611
v -0.01743423 -0.04434767 0.02944360
v -0.02221615 -0.04422389 0.02604550
v -0.01219333 -0.04450148 0.03200114
v -0.01220492 -0.04170192 0.03200601
v -0.01740982 -0.04117726 0.02945178
v -0.00688235 -0.04217872 0.03356157
v -0.00683639 -0.04050026 0.03355303
v -0.01208798 -0.03973781 0.03204668
v -0.00165622 -0.04088844 0.03418821
v -0.00163553 -0.03965602 0.03419024
v -0.00675229 -0.03927247 0.03357281
v -0.00160538 -0.03850294 0.03419333
v -0.00663010 -0.03811281 0.03359438
v -0.00648373 -0.03698854 0.03362045
v -0.00156113 -0.03738649 0.03419732
v -0.00631363 -0.03588380 0.03365662
v -0.00151150 -0.03631178 0.03420329
v -0.00614548 -0.03481617 0.03368853
v -0.00145175 -0.03526320 0.03420809
v -0.00597824 -0.03385670 0.03371809
v 0.00310501 -0.03624904 0.03410658
v 0.00305783 -0.03510792 0.03411997
v 0.00756625 -0.03567189 0.03341523
v 0.00743344 -0.03451246 0.03345676
v 0.01188260 -0.03462159 0.03211514
v 0.01166879 -0.03336574 0.03219672
v 0.01609018 -0.03311574 0.03021900
v 0.01576743 -0.03169459 0.03039227
v 0.01634128 -0.03450245 0.03007347
v 0.02050516 -0.03265797 0.02740266
v 0.02019309 -0.03108400 0.02764447
v 0.02073746 -0.03429152 0.02723866
v 0.02459122 -0.03241896 0.02381707
v 0.02431033 -0.03044825 0.02407233
v 0.02794974 -0.03043165 0.01976923
v 0.02765799 -0.02802125 0.02014940
v 0.02814969 -0.03314015 0.01945865
v 0.03079752 -0.03165724 0.01489007
v 0.03063052 -0.02840944 0.01524937
v 0.03088699 -0.03533864 0.01469780
v 0.03273319 -0.03449025 0.00988121
v 0.03268411 -0.03041896 0.01007188
v 0.03269705 -0.03876051 0.00989514
v 0.03375699 -0.03832496 0.00516360
v 0.03378397 -0.03376222 0.00513638
v 0.03377652 -0.04313331 0.00542483
v 0.03419791 -0.04295216 0.00074873
v 0.03417447 -0.03797120 0.00056466
v 0.03401749 -0.04290382 -0.00369789
v 0.03400137 -0.03786866 -0.00376474
v 0.03322305 -0.03810695 -0.00811587
v 0.03321951 -0.04299855 -0.00814248
v 0.03173660 -0.03860939 -0.01271138
v 0.03174149 -0.04320900 -0.01272411
v 0.02947305 -0.03917555 -0.01738202
v 0.02952408 -0.04345704 -0.01732212
v 0.02642569 -0.03970607 -0.02176223
v 0.02616251 -0.03619240 -0.02207888
v 0.02652957 -0.04366578 -0.02163642
v 0.02261990 -0.04019142 -0.02568487
v 0.02226163 -0.03721534 -0.02597596
v 0.01808438 -0.04066969 -0.02904299
v 0.01772757 -0.03827809 -0.02924498
v 0.02188059 -0.03509401 -0.02632431
v 0.01294888 -0.04128663 -0.03171023
v 0.01264719 -0.03926246 -0.03181618
v 0.01741055 -0.03662355 -0.02946551
v 0.01320523 -0.04427955 -0.03159664
v 0.00745719 -0.04452687 -0.03342221
v 0.00727640 -0.04189503 -0.03346232
v 0.00756900 -0.04799415 -0.03340469
v 0.00139310 -0.04799415 -0.03421602
v 0.00129453 -0.04469240 -0.03421015
v 0.00164102 -0.04799415 -0.02917445
v -0.00396310 -0.04799415 -0.02874393
v -0.00505099 -0.04799415 -0.03386911
v -0.00260043 -0.04799415 -0.02390492
v -0.00748935 -0.04799415 -0.02269151
v -0.00946957 -0.04799415 -0.02736663
v -0.01211337 -0.04799415 -0.02071689
v -0.01464261 -0.04799415 -0.02504115
v -0.00971384 -0.04799415 -0.01641217
v -0.01627109 -0.04799415 -0.01807092
v -0.01356003 -0.04799415 -0.01410250
v -0.01695212 -0.04799415 -0.01132090
v -0.01132455 -0.04799415 -0.01028483
v -0.01477920 -0.04799415 -0.00787559
v -0.00954043 -0.04799415 -0.00664757
v -0.01320212 -0.04799415 -0.00460940
v -0.01690439 -0.04799415 -0.00253472
v -0.01192831 -0.04799415 -0.00142678
v -0.01595474 -0.04799415 0.00035489
v -0.02104562 -0.04799415 -0.00093015
v -0.02033639 -0.04799415 0.00190522
v -0.01491287 -0.04799415 0.00343044
v -0.01937521 -0.04799415 0.00505025
v -0.01809183 -0.04799415 0.00835862
v -0.01371310 -0.04799415 0.00659231
v -0.01651858 -0.04799415 0.01167392
v -0.01233212 -0.04799415 0.00975895
v -0.01462009 -0.04799415 0.01496533
v -0.01074075 -0.04799415 0.01291784
v -0.01240671 -0.04799415 0.01807771
v -0.01569443 -0.04799415 0.02052358
v -0.00888797 -0.04799415 0.01599026
v -0.00968198 -0.04799415 0.02100168
v -0.01235141 -0.04799415 0.02347803
v -0.00826962 -0.04799415 0.02580200
v -0.01013351 -0.04799415 0.02872358
v -0.01478720 -0.04799415 0.02634323
v -0.00536471 -0.04799415 0.03013183
v -0.00663437 -0.04799415 0.03363650
v -0.01197043 -0.04799415 0.03208944
v -0.00149484 -0.04799415 0.03421354
v -0.00161691 -0.04490236 0.03419823
v -0.00684134 -0.04475197 0.03356508
v 0.00326108 -0.04482057 0.03409150
v 0.00323868 -0.04254176 0.03408304
v -0.00166244 -0.04254249 0.03419202
v 0.00789395 -0.04467335 0.03332236
v 0.00791098 -0.04210841 0.03331644
v 0.00322196 -0.04081959 0.03407702
v 0.00788168 -0.04042262 0.03332113
v 0.00319986 -0.03961403 0.03408731
v 0.00783701 -0.03915651 0.03334383
v 0.00316721 -0.03843580 0.03409495
v 0.00776053 -0.03795411 0.03336061
v 0.00313718 -0.03730372 0.03409634
v 0.00767056 -0.03679811 0.03338341
v 0.01219663 -0.03710231 0.03199960
v 0.01205521 -0.03585573 0.03204892
v 0.01229447 -0.03832936 0.03196495
v 0.01665909 -0.03735304 0.02989319
v 0.01652213 -0.03589845 0.02997371
v 0.01669559 -0.03878395 0.02984912
v 0.02095755 -0.03794020 0.02704442
v 0.02091000 -0.03604811 0.02710694
v 0.02488370 -0.03723268 0.02349752
v 0.02478885 -0.03463185 0.02360456
v 0.02480289 -0.04031593 0.02358699
v 0.02820511 -0.03980177 0.01935094
v 0.02827506 -0.03629176 0.01930755
v 0.02797135 -0.04376783 0.01972579
v 0.03070206 -0.04354298 0.01509313
v 0.03084281 -0.03928517 0.01472664
v 0.03042923 -0.04799415 0.01575202
v 0.03249259 -0.04799415 0.01083211
v 0.03262283 -0.04335133 0.01022561
v 0.02806802 -0.04799415 0.01013543
v 0.02896329 -0.04799415 0.00562313
v 0.03374490 -0.04799415 0.00587776
v 0.02924295 -0.04799415 0.00121590
v 0.03423355 -0.04799415 0.00101160
v 0.02896317 -0.04799415 -0.00313568
v 0.03407010 -0.04799415 -0.00368259
v 0.03321073 -0.04799415 -0.00833893
v 0.02814786 -0.04799415 -0.00740860
v 0.03169840 -0.04799415 -0.01304957
v 0.02679190 -0.04799415 -0.01161743
v 0.02942386 -0.04799415 -0.01751406
v 0.02489334 -0.04799415 -0.01567033
v 0.02646561 -0.04799415 -0.02178818
v 0.02253336 -0.04799415 -0.01942977
v 0.02277731 -0.04799415 -0.02556925
v 0.02279111 -0.04388331 -0.02553311
v 0.01969595 -0.04799415 -0.02275912
v 0.01843564 -0.04799415 -0.02887195
v 0.01833841 -0.04407374 -0.02888019
v 0.01213370 -0.04799415 -0.02750669
v 0.01331882 -0.04799415 -0.03157976
v 0.02027646 -0.04799415 -0.01416154
v 0.01837796 -0.04799415 -0.01764238
v 0.01557095 -0.04799415 -0.01309128
v 0.01392838 -0.04799415 -0.01659009
v 0.01097605 -0.04799415 -0.01236510
v 0.00950760 -0.04799415 -0.01604528
v 0.00818088 -0.04799415 -0.01992645
v 0.00504770 -0.04799415 -0.01560194
v 0.00361673 -0.04799415 -0.01978459
v 0.00727725 -0.04799415 -0.02426355
v 0.00241422 -0.04799415 -0.02438657
v 0.00706387 -0.04799415 -0.02876836
v 0.00063846 -0.04799415 -0.01492799
v -0.00100461 -0.04799415 -0.01923758
v -0.00360385 -0.04799415 -0.01384381
v -0.00549551 -0.04799415 -0.01814160
v -0.00189279 -0.04799415 -0.00987146
v -0.00578708 -0.04799415 -0.00842449
v -0.00758865 -0.04799415 -0.01229016
v -0.00428000 -0.04799415 -0.00483394
v -0.00809189 -0.04799415 -0.00321530
v -0.00296420 -0.04799415 -0.00140293
v -0.00683261 -0.04799415 0.00006570
v -0.01078500 -0.04799415 0.00171113
v -0.00562485 -0.04799415 0.00331357
v -0.00958774 -0.04799415 0.00488187
v -0.00443930 -0.04799415 0.00653713
v -0.00832132 -0.04799415 0.00804032
v -0.00695492 -0.04799415 0.01118071
v -0.00325992 -0.04799415 0.00977562
v -0.00543222 -0.04799415 0.01432174
v -0.00213046 -0.04799415 0.01307396
v -0.00105063 -0.04799415 0.01648121
v 0.00211429 -0.04799415 0.01562552
v 0.00261289 -0.04799415 0.01957071
v -0.00030734 -0.04799415 0.02024326
v 0.00133219 -0.04799415 0.01205492
v 0.00473538 -0.04799415 0.01127215
v 0.00530289 -0.04799415 0.01498398
v 0.00037491 -0.04799415 0.00863941
v 0.00402323 -0.04799415 0.00771032
v 0.00775577 -0.04799415 0.00695577
v 0.00831333 -0.04799415 0.01061026
v 0.00314841 -0.04799415 0.00423910
v 0.00700772 -0.04799415 0.00339226
v 0.01104483 -0.04799415 0.00269877
v 0.00608280 -0.04799415 -0.00012533
v 0.01021793 -0.04799415 -0.00089151
v 0.01458017 -0.04799415 -0.00152166
v 0.00916324 -0.04799415 -0.00446967
v 0.01361759 -0.04799415 -0.00515942
v 0.01832132 -0.04799415 -0.00582969
v 0.01238809 -0.04799415 -0.00876170
v 0.01708573 -0.04799415 -0.00950530
v 0.02192667 -0.04799415 -0.01043464
v 0.02320279 -0.04799415 -0.00656225
v 0.02404019 -0.04799415 -0.00260828
v 0.01921964 -0.04799415 -0.00209078
v 0.02444083 -0.04799415 0.00144185
v 0.01972550 -0.04799415 0.00175866
v 0.02437320 -0.04799415 0.00553680
v 0.01989517 -0.04799415 0.00564614
v 0.01524625 -0.04799415 0.00216875
v 0.01562973 -0.04799415 0.00592595
v 0.01965238 -0.04799415 0.00963838
v 0.01570645 -0.04799415 0.00976878
v 0.01159683 -0.04799415 0.00636290
v 0.01189151 -0.04799415 0.01011617
v 0.01544718 -0.04799415 0.01373935
v 0.01195798 -0.04799415 0.01400957
v 0.00862247 -0.04799415 0.01443609
v 0.01191647 -0.04799415 0.01811979
v 0.00877353 -0.04799415 0.01851722
v 0.00567630 -0.04799415 0.01900520
v 0.00908713 -0.04799415 0.02255993
v 0.00593485 -0.04799415 0.02304865
v 0.00279160 -0.04799415 0.02354313
v 0.00635367 -0.04799415 0.02667811
v 0.00283511 -0.04799415 0.02711990
v -0.00026211 -0.04799415 0.02393319
v -0.00065549 -0.04799415 0.02729928
v 0.00297147 -0.04799415 0.03054211
v -0.00111520 -0.04799415 0.03062627
v -0.00417331 -0.04799415 0.02700707
v 0.00695133 -0.04799415 0.02998202
v 0.00326853 -0.04799415 0.03412615
v 0.00777774 -0.04799415 0.03335465
v 0.01072836 -0.04799415 0.02907400
v 0.01199014 -0.04799415 0.03208057
v 0.01227280 -0.04447999 0.03197075
v 0.01595731 -0.04799415 0.03033411
v 0.01641202 -0.04431251 0.03003255
v 0.01237766 -0.04163746 0.03193948
v 0.01665634 -0.04115992 0.02988888
v 0.01235654 -0.03964796 0.03193555
v 0.02045249 -0.04414528 0.02742383
v 0.02083713 -0.04074025 0.02713746
v 0.01974875 -0.04799415 0.02798718
v 0.02387357 -0.04799415 0.02457792
v 0.02447366 -0.04397804 0.02392386
v 0.02102042 -0.04799415 0.02325160
v 0.02414713 -0.04799415 0.01909826
v 0.02751480 -0.04799415 0.02038424
v 0.02103879 -0.04799415 0.01826868
v 0.02275034 -0.04799415 0.01397638
v 0.02649796 -0.04799415 0.01463530
v 0.01897391 -0.04799415 0.01370822
v 0.02380716 -0.04799415 0.00975773
v 0.01749783 -0.04799415 0.02615479
v 0.01425064 -0.04799415 0.02784668
v 0.01293259 -0.04799415 0.02531446
v 0.00973587 -0.04799415 0.02603985
v 0.01210648 -0.04799415 0.02220614
v 0.00790756 -0.04799415 -0.00806745
v 0.00651383 -0.04799415 -0.01174655
v 0.00366910 -0.04799415 -0.00724227
v 0.00221976 -0.04799415 -0.01095741
v 0.00496121 -0.04799415 -0.00365879
v 0.00092374 -0.04799415 -0.00265597
v -0.00039560 -0.04799415 -0.00618490
v 0.00211356 -0.04799415 0.00081513
v -0.00176553 -0.04799415 0.00196233
v -0.00065756 -0.04799415 0.00529202
v -0.02839004 -0.01908229 0.02763909
v -0.02885019 -0.01841969 0.03001564
v -0.03172043 -0.01278761 0.03129181
v 0.03096402 -0.01447780 -0.02254053
v 0.03297025 -0.00902296 -0.01921965
v 0.03404300 -0.00349220 -0.01710033
v 0.03412467 0.00241991 -0.01613967
v -0.00412167 -0.00935011 0.04800113
v -0.00232156 0.00367015 0.04800113
v 0.00985843 0.00539720 0.04800113
v 0.01222232 0.00965331 0.04800113
v 0.01434232 0.01427489 0.04800113
v 0.01617679 0.01929344 0.04800113
v 0.01661087 0.02499681 0.04800113
v 0.00406973 0.03402074 0.04800113
v 0.00363870 0.03405321 0.04461300
v -0.00216904 0.03417284 0.04467431
v -0.00245975 0.03414110 0.04214982
v -0.00829666 0.03323143 0.04172127
v -0.00834915 0.03322191 0.03997395
v -0.01402536 0.03123973 0.03889824
v -0.01389535 0.03130321 0.03744844
v -0.01926706 0.02829442 0.03584350
v -0.01889249 0.02854564 0.03403527
v -0.02377798 0.02462303 0.03142211
v -0.02326059 0.02510692 0.02932171
v -0.02771237 0.02007274 0.02519211
v -0.02259476 0.02574803 0.02732799
v -0.02715768 0.02087279 0.02232182
v -0.02683700 0.02265453 0.02130310
v 0.00961820 0.03289867 0.04800113
v -0.03419455 0.00229540 0.00516844
v -0.03426590 0.00034154 0.00095473
v -0.03418777 -0.00660450 0.00230666
v -0.03423868 0.00673876 0.00039353
v -0.03408218 0.00567186 -0.00397186
v -0.03422836 -0.00125221 -0.00321882
v -0.03398215 0.00831786 0.00487453
v -0.03386917 0.01335717 0.00489281
v -0.03422519 0.01220116 0.00029746
v -0.03421365 0.01668114 0.00038044
v -0.03395920 0.01626366 -0.00424758
v -0.03398410 0.01154247 -0.00424203
v -0.03385171 0.01742626 0.00499381
v -0.03283566 0.01865990 0.00957980
v -0.03385068 0.02135668 0.00510622
v -0.03421170 0.02080760 0.00054561
v -0.03421347 0.02496044 0.00075767
v -0.03403561 0.02479076 -0.00366683
v -0.03399301 0.02056322 -0.00401272
v -0.03315964 0.02102465 -0.00834392
v -0.03327164 0.02524169 -0.00791482
v -0.03164175 0.02264696 -0.01293818
v -0.03189389 0.02644359 -0.01238446
v -0.02920706 0.02536498 -0.01779511
v -0.02960629 0.02834471 -0.01714614
v -0.02645743 0.03054833 -0.02172548
v -0.02990994 0.03158812 -0.01657942
v -0.02688919 0.03309447 -0.02118743
v -0.02293179 0.03481005 -0.02539665
v -0.02724423 0.03611937 -0.02072407
v -0.02331784 0.03708837 -0.02504428
v -0.01845724 0.03812401 -0.02876494
v -0.01814902 0.03642528 -0.02899544
v -0.01879263 0.04063866 -0.02859631
v -0.01318716 0.04123949 -0.03159116
v -0.01291104 0.03920604 -0.03168544
v -0.01896274 0.04407225 -0.02849639
v -0.01338174 0.04427513 -0.03151009
v -0.00709274 0.04190795 -0.03350721
v -0.00725241 0.04454344 -0.03347008
v -0.01340567 0.04800585 -0.03154108
v -0.00732291 0.04800585 -0.03346759
v -0.01894998 0.04800585 -0.02856673
v -0.01630612 0.04800585 -0.02455936
v -0.01140280 0.04800585 -0.02692459
v -0.02061093 0.04800585 -0.02148173
v -0.01409122 0.04800585 -0.02069735
v -0.02373190 0.04800585 -0.02470869
v -0.02409195 0.04800585 -0.01774261
v -0.02759408 0.04800585 -0.02028208
v -0.02377621 0.04389061 -0.02462766
v -0.02760922 0.04368456 -0.02023039
v -0.03046939 0.04344017 -0.01562134
v -0.02748715 0.03967552 -0.02039731
v -0.03033908 0.03918309 -0.01578743
v -0.03227865 0.03869359 -0.01117699
v -0.03350992 0.03838158 -0.00687805
v -0.03017752 0.03522948 -0.01612548
v -0.03220682 0.03441478 -0.01149660
v -0.03347116 0.03380883 -0.00717031
v -0.03409274 0.03354735 -0.00299672
v -0.03206613 0.03031566 -0.01187787
v -0.03338083 0.02947435 -0.00750993
v -0.03407333 0.02911327 -0.00332447
v -0.03420907 0.02921508 0.00099970
v -0.02362936 0.04018553 -0.02477164
v -0.03382541 0.02542870 0.00521765
v -0.03280594 0.02245800 0.00967100
v -0.03077682 0.02121312 0.01491282
v -0.03396310 0.00515258 -0.00819648
v -0.03417508 -0.00233302 -0.00744597
v 0.01529874 -0.00329347 -0.04799887
v 0.01919095 -0.00696803 -0.04799887
f 1 2 3
f 1 4 5
f 1 3 6
f 1 7 4
f 1 8 7
f 9 10 11
f 9 12 13
f 9 13 10
f 9 14 12
f 9 11 15
f 16 17 18
f 16 19 20
f 16 21 19
f 22 23 24
f 22 25 26
f 22 24 27
f 22 28 23
f 29 30 31
f 29 32 30
f 29 31 33
f 29 33 34
f 29 34 32
f 35 36 37
f 35 37 38
f 35 39 36
f 35 40 41
f 35 41 42
f 43 44 45
f 43 46 44
f 43 47 48
f 49 50 51
f 49 52 50
f 49 53 54
f 55 56 57
f 55 58 59
f 55 60 58
f 61 62 63
f 61 64 62
f 61 63 65
f 66 67 68
f 66 69 70
f 66 71 67
f 72 73 74
f 72 75 76
f 72 76 73
f 77 78 79
f 77 80 81
f 77 82 80
f 83 84 85
f 83 86 87
f 83 88 86
f 89 90 91
f 89 92 93
f 89 93 94
f 95 96 97
f 95 24 98
f 95 97 99
f 95 99 100
f 101 102 103
f 101 104 102
f 101 103 105
f 101 105 15
f 101 15 106
f 107 108 109
f 107 109 110
f 107 111 112
f 113 114 115
f 113 116 114
f 113 115 117
f 118 119 120
f 118 120 121
f 118 122 123
f 124 125 126
f 124 127 128
f 124 126 129
f 130 131 132
f 130 133 134
f 130 132 135
f 136 137 138
f 136 139 140
f 136 141 139
f 142 143 144
f 142 145 146
f 142 147 148
f 148 149 150
f 148 147 151
f 148 151 149
f 152 153 154
f 152 151 155
f 152 156 153
f 157 158 153
f 157 156 159
f 157 160 161
f 161 162 158
f 161 160 163
f 161 163 164
f 164 165 162
f 164 163 166
f 164 166 167
f 167 168 165
f 167 166 169
f 167 169 170
f 170 171 168
f 170 169 172
f 170 172 173
f 173 174 171
f 173 172 175
f 173 175 176
f 176 177 174
f 176 175 178
f 176 178 179
f 179 180 177
f 179 178 181
f 179 181 182
f 182 183 180
f 182 181 184
f 182 184 183
f 185 186 187
f 185 184 188
f 185 189 186
f 190 191 192
f 190 189 193
f 190 194 191
f 195 196 197
f 195 194 198
f 195 199 196
f 200 201 202
f 200 199 203
f 200 204 201
f 205 206 207
f 205 204 208
f 205 209 206
f 210 211 212
f 210 209 213
f 210 214 211
f 215 216 217
f 215 214 218
f 215 219 216
f 220 221 216
f 220 219 222
f 220 222 223
f 223 224 221
f 223 222 225
f 223 225 226
f 226 227 224
f 226 225 228
f 226 228 229
f 229 230 227
f 229 228 231
f 229 231 232
f 232 233 230
f 232 231 234
f 232 234 235
f 235 236 237
f 235 234 238
f 235 239 236
f 240 241 242
f 240 239 243
f 240 244 241
f 245 246 247
f 245 244 248
f 245 249 246
f 250 251 252
f 250 249 253
f 250 254 251
f 255 256 257
f 255 254 119
f 255 119 256
f 257 256 258
f 257 258 259
f 257 260 251
f 260 259 261
f 260 262 252
f 263 262 264
f 263 265 247
f 263 247 246
f 266 265 267
f 266 268 242
f 266 242 241
f 269 268 270
f 269 271 237
f 269 237 236
f 272 271 273
f 272 274 275
f 272 275 233
f 276 274 277
f 276 278 279
f 276 280 275
f 279 278 281
f 279 281 282
f 279 283 280
f 282 281 284
f 282 284 285
f 282 286 283
f 285 284 287
f 285 287 288
f 285 289 286
f 288 287 290
f 288 291 217
f 288 217 216
f 292 291 293
f 292 294 212
f 292 212 211
f 295 294 296
f 295 297 207
f 295 207 206
f 298 297 299
f 298 300 202
f 298 202 201
f 301 300 302
f 301 303 197
f 301 197 196
f 304 303 305
f 304 306 192
f 304 192 191
f 307 306 308
f 307 309 187
f 307 187 186
f 310 309 311
f 310 312 313
f 310 313 183
f 314 312 315
f 314 316 317
f 314 318 313
f 317 316 319
f 317 319 320
f 317 321 318
f 320 319 322
f 320 322 323
f 320 324 321
f 323 322 325
f 323 325 326
f 323 327 324
f 326 325 328
f 326 328 329
f 326 330 327
f 329 328 331
f 329 331 332
f 329 333 330
f 332 331 334
f 332 334 335
f 332 336 333
f 335 334 337
f 335 337 338
f 335 339 336
f 338 337 340
f 338 340 154
f 338 154 339
f 341 150 149
f 341 340 342
f 341 343 150
f 344 144 143
f 344 343 345
f 344 346 144
f 347 348 145
f 347 346 349
f 347 350 348
f 351 352 348
f 351 350 353
f 351 353 354
f 354 355 352
f 354 353 356
f 354 356 357
f 357 358 355
f 357 356 359
f 357 359 360
f 360 361 362
f 360 359 363
f 360 363 361
f 364 363 365
f 364 366 367
f 364 367 368
f 368 369 361
f 368 367 370
f 368 370 371
f 371 372 369
f 371 370 373
f 371 373 374
f 374 375 372
f 374 373 376
f 374 376 377
f 377 378 375
f 377 376 379
f 377 379 380
f 380 381 382
f 380 379 383
f 380 383 381
f 384 385 386
f 384 383 387
f 384 388 385
f 389 36 390
f 389 388 391
f 389 391 392
f 391 393 394
f 391 394 395
f 395 396 392
f 395 394 397
f 395 397 398
f 398 399 396
f 398 397 400
f 398 400 401
f 401 402 399
f 401 400 403
f 401 403 404
f 404 405 402
f 404 403 406
f 404 406 407
f 407 408 409
f 407 406 410
f 407 410 408
f 411 412 413
f 411 410 414
f 411 415 412
f 416 417 418
f 416 415 419
f 416 420 417
f 421 422 423
f 421 420 424
f 421 425 422
f 426 427 428
f 426 425 429
f 426 430 427
f 431 432 433
f 431 430 434
f 431 435 432
f 436 437 438
f 436 435 57
f 436 439 437
f 440 441 442
f 440 439 443
f 440 444 441
f 445 446 447
f 445 447 448
f 445 444 449
f 449 450 446
f 449 444 451
f 449 451 450
f 452 453 454
f 452 451 59
f 452 455 453
f 456 457 458
f 456 455 459
f 456 460 457
f 461 462 463
f 461 460 464
f 461 465 462
f 466 465 467
f 466 467 468
f 466 469 462
f 470 471 472
f 470 472 463
f 470 469 473
f 473 469 474
f 473 474 475
f 473 476 471
f 477 478 479
f 477 479 480
f 477 476 109
f 479 481 482
f 479 483 484
f 484 483 485
f 484 486 487
f 484 487 480
f 487 488 489
f 487 489 463
f 489 490 458
f 489 458 457
f 491 490 492
f 491 493 454
f 491 454 453
f 494 493 495
f 494 495 496
f 494 497 454
f 496 495 498
f 496 498 499
f 496 500 497
f 499 498 501
f 499 501 502
f 499 503 500
f 503 502 504
f 503 505 447
f 505 504 506
f 505 116 448
f 504 502 507
f 504 507 508
f 508 507 509
f 508 509 510
f 508 511 506
f 511 510 512
f 511 513 114
f 513 512 514
f 513 514 515
f 515 514 516
f 515 516 438
f 515 517 518
f 517 438 437
f 517 442 115
f 516 519 433
f 516 433 432
f 520 519 521
f 520 522 428
f 520 428 427
f 523 522 524
f 523 525 423
f 523 423 422
f 526 525 527
f 526 528 418
f 526 418 417
f 529 528 530
f 529 531 413
f 529 413 412
f 532 531 533
f 532 534 409
f 532 409 408
f 535 534 536
f 535 537 538
f 535 538 405
f 539 537 540
f 539 541 542
f 539 543 538
f 542 541 544
f 542 544 38
f 542 545 543
f 541 540 546
f 540 547 548
f 540 537 547
f 548 549 550
f 548 551 546
f 548 547 549
f 552 553 554
f 552 547 536
f 552 555 553
f 556 557 558
f 556 555 533
f 556 559 557
f 560 561 562
f 560 559 530
f 560 563 561
f 564 565 566
f 564 563 527
f 564 567 565
f 568 569 570
f 568 567 524
f 568 571 569
f 572 573 569
f 572 571 521
f 572 574 512
f 575 576 577
f 575 577 570
f 575 573 578
f 578 579 576
f 578 573 510
f 578 510 509
f 580 581 582
f 580 582 583
f 580 579 584
f 584 585 581
f 584 579 586
f 584 586 587
f 587 588 585
f 587 586 589
f 587 589 590
f 590 591 588
f 590 589 501
f 590 501 592
f 593 594 595
f 593 595 596
f 593 591 597
f 597 598 594
f 597 591 599
f 597 599 600
f 600 601 598
f 600 599 602
f 600 602 603
f 603 604 605
f 603 602 606
f 603 606 604
f 607 608 609
f 607 606 492
f 607 610 608
f 611 612 613
f 611 610 488
f 611 486 612
f 613 614 615
f 613 616 608
f 613 612 614
f 617 618 619
f 617 612 485
f 617 620 618
f 621 622 623
f 621 620 482
f 621 624 622
f 625 626 627
f 625 627 628
f 625 624 629
f 629 108 626
f 629 624 481
f 629 481 108
f 628 627 630
f 628 630 631
f 628 632 622
f 632 631 79
f 632 78 623
f 631 630 633
f 631 633 634
f 634 633 635
f 634 635 636
f 634 637 82
f 637 636 638
f 637 639 640
f 639 638 641
f 639 641 642
f 642 641 643
f 642 643 615
f 642 644 640
f 644 615 614
f 644 619 80
f 643 645 646
f 643 646 616
f 646 647 648
f 646 648 609
f 648 649 605
f 648 605 604
f 650 649 651
f 650 651 652
f 650 653 605
f 652 651 654
f 652 654 655
f 652 656 653
f 655 654 657
f 655 657 658
f 655 659 656
f 658 657 660
f 658 660 661
f 658 662 659
f 662 661 663
f 662 664 595
f 664 663 665
f 664 666 596
f 665 663 667
f 665 667 668
f 665 669 666
f 668 667 670
f 668 670 671
f 668 672 669
f 672 671 673
f 672 674 582
f 674 673 675
f 674 676 583
f 676 675 677
f 676 678 577
f 678 677 566
f 678 566 565
f 679 677 680
f 679 681 562
f 679 562 561
f 682 681 683
f 682 684 558
f 682 558 557
f 685 684 686
f 685 687 554
f 685 554 553
f 688 687 689
f 688 690 550
f 688 550 549
f 691 690 692
f 691 692 693
f 691 694 550
f 694 693 695
f 694 696 551
f 695 693 697
f 695 697 698
f 695 699 696
f 699 698 106
f 699 106 15
f 700 698 701
f 700 702 703
f 700 703 104
f 703 704 705
f 703 705 706
f 705 707 708
f 705 708 709
f 709 708 710
f 709 710 711
f 709 712 706
f 712 711 713
f 712 714 715
f 714 713 716
f 714 717 718
f 718 719 715
f 718 717 720
f 718 720 721
f 721 722 723
f 721 720 724
f 721 724 722
f 725 19 726
f 725 724 727
f 725 728 19
f 728 727 729
f 728 729 20
f 730 731 732
f 730 729 733
f 730 734 731
f 735 736 737
f 735 734 738
f 735 739 736
f 740 741 742
f 740 739 743
f 740 744 741
f 745 746 747
f 745 744 748
f 745 749 746
f 750 751 752
f 750 749 753
f 750 754 751
f 755 756 757
f 755 754 758
f 755 759 756
f 760 761 762
f 760 759 763
f 760 764 761
f 765 126 766
f 765 764 767
f 765 768 126
f 768 767 769
f 768 770 129
f 771 772 773
f 771 773 127
f 771 770 774
f 774 775 772
f 774 770 776
f 774 776 777
f 777 778 775
f 777 776 779
f 777 779 780
f 780 781 778
f 780 779 782
f 780 782 783
f 783 784 781
f 783 782 785
f 783 786 784
f 787 788 243
f 787 786 789
f 787 790 788
f 791 792 248
f 791 790 793
f 791 794 795
f 795 796 792
f 795 794 797
f 795 797 798
f 798 797 799
f 798 799 121
f 798 120 796
f 799 800 801
f 799 801 802
f 802 801 803
f 802 803 804
f 802 805 121
f 805 804 806
f 805 807 122
f 807 806 808
f 807 809 123
f 808 806 810
f 808 810 811
f 808 812 809
f 812 811 813
f 812 814 258
f 814 813 815
f 814 816 259
f 816 815 817
f 816 818 261
f 819 818 85
f 819 84 264
f 819 264 262
f 818 817 85
f 820 817 821
f 820 822 823
f 820 823 88
f 823 824 825
f 823 825 826
f 825 827 828
f 825 828 829
f 829 828 830
f 829 830 270
f 829 831 826
f 831 270 268
f 831 267 86
f 830 832 273
f 830 273 271
f 833 832 834
f 833 835 277
f 833 277 274
f 836 835 837
f 836 838 839
f 836 839 278
f 840 838 841
f 840 842 843
f 840 843 281
f 844 842 845
f 844 846 847
f 844 847 843
f 848 846 849
f 848 849 850
f 848 290 847
f 850 849 851
f 850 851 852
f 850 293 291
f 852 851 853
f 852 853 296
f 852 296 294
f 854 853 855
f 854 856 299
f 854 299 297
f 857 856 858
f 857 859 302
f 857 302 300
f 860 859 861
f 860 862 305
f 860 305 303
f 863 862 864
f 863 865 308
f 863 308 306
f 866 865 867
f 866 868 311
f 866 311 309
f 869 868 870
f 869 871 315
f 869 315 312
f 872 871 873
f 872 874 875
f 872 876 316
f 875 874 877
f 875 877 878
f 875 879 876
f 878 877 880
f 878 880 881
f 878 882 879
f 881 880 883
f 881 883 884
f 881 885 882
f 884 883 886
f 884 886 887
f 884 888 885
f 887 886 889
f 887 889 890
f 887 891 888
f 890 889 892
f 890 892 893
f 890 894 891
f 893 892 895
f 893 895 896
f 893 897 894
f 896 342 340
f 896 895 898
f 896 898 342
f 899 345 343
f 899 898 900
f 899 901 345
f 902 349 346
f 902 901 903
f 902 903 904
f 904 905 349
f 904 903 906
f 904 906 907
f 907 908 905
f 907 906 909
f 907 909 910
f 910 911 908
f 910 909 912
f 910 912 913
f 913 914 911
f 913 912 63
f 913 63 915
f 912 916 65
f 917 916 918
f 917 919 920
f 917 920 64
f 920 921 922
f 920 922 923
f 922 924 925
f 922 925 926
f 926 927 923
f 926 925 928
f 926 928 929
f 929 366 927
f 929 928 930
f 929 930 931
f 930 932 933
f 930 934 931
f 935 936 931
f 935 934 937
f 935 937 938
f 938 939 936
f 938 937 940
f 938 940 941
f 941 942 939
f 941 940 943
f 941 943 944
f 944 945 942
f 944 943 946
f 944 946 947
f 947 948 945
f 947 946 949
f 947 949 950
f 950 387 948
f 950 949 951
f 950 951 952
f 952 393 387
f 952 951 953
f 952 953 954
f 953 955 956
f 953 956 957
f 957 958 954
f 957 956 959
f 957 959 960
f 960 961 958
f 960 959 962
f 960 962 963
f 963 964 961
f 963 962 965
f 963 965 966
f 966 967 964
f 966 965 968
f 966 968 969
f 969 970 967
f 969 968 971
f 969 971 972
f 972 414 410
f 972 971 973
f 972 973 974
f 974 419 415
f 974 973 975
f 974 976 419
f 977 424 420
f 977 976 978
f 977 979 424
f 980 429 425
f 980 979 981
f 980 982 429
f 983 434 430
f 983 982 984
f 983 985 434
f 984 982 464
f 984 464 460
f 984 459 985
f 981 979 986
f 981 986 465
f 978 976 987
f 978 987 467
f 987 975 988
f 987 989 467
f 989 988 990
f 989 991 468
f 991 990 992
f 991 993 474
f 993 992 994
f 993 995 475
f 995 994 996
f 995 997 110
f 997 996 998
f 997 999 111
f 999 998 1000
f 999 1001 112
f 1000 998 1002
f 1000 1002 1003
f 1000 1004 1001
f 1003 1002 1005
f 1003 1005 1006
f 1003 1007 1004
f 1006 1005 1008
f 1006 1008 1009
f 1006 1010 1007
f 1009 1008 1011
f 1009 1011 1012
f 1009 1013 1010
f 1013 1012 1014
f 1013 1015 635
f 1015 1014 1016
f 1015 1017 636
f 1017 1016 1018
f 1017 1019 1020
f 1019 1018 1021
f 1019 1021 1022
f 1022 1021 1023
f 1022 1023 647
f 1022 645 1020
f 1023 1024 1025
f 1023 1025 649
f 1026 1024 1027
f 1026 1028 1029
f 1026 1029 651
f 1030 1028 1031
f 1030 1032 1033
f 1030 1034 1029
f 1033 1032 1035
f 1033 1035 1036
f 1033 1037 1034
f 1036 1035 1038
f 1036 1038 1039
f 1036 1040 1037
f 1040 1039 1041
f 1040 1042 660
f 1042 1041 1043
f 1042 1044 661
f 1043 1041 1045
f 1043 1045 1046
f 1043 1047 1044
f 1046 1045 1048
f 1046 1048 1049
f 1046 1050 1047
f 1050 1049 1051
f 1050 1052 670
f 1052 1051 1053
f 1052 1054 671
f 1054 1053 1055
f 1054 1056 673
f 1056 1055 1057
f 1056 680 675
f 1057 1055 1058
f 1057 1058 1059
f 1057 683 681
f 1059 1058 1060
f 1059 1060 686
f 1059 686 684
f 1061 1060 1062
f 1061 1063 689
f 1061 689 687
f 1064 1063 1065
f 1064 1066 1067
f 1064 1067 690
f 1068 1066 1069
f 1068 1070 1071
f 1068 1072 1067
f 1072 1071 1073
f 1072 1074 692
f 1073 1071 1075
f 1073 1075 1076
f 1073 1077 1074
f 1077 1076 701
f 1077 701 697
f 1078 1076 1079
f 1078 1080 1081
f 1078 1081 702
f 1081 1082 1083
f 1081 1083 704
f 1083 1084 1085
f 1083 1085 707
f 1085 1086 1087
f 1085 1087 1088
f 1087 1089 1090
f 1087 1090 1091
f 1091 1090 1092
f 1091 1092 1093
f 1091 1094 1088
f 1093 1092 1095
f 1093 1095 1096
f 1093 1097 1094
f 1097 1096 1098
f 1097 1099 710
f 1099 1098 1100
f 1099 1101 711
f 1101 1100 1102
f 1101 1103 713
f 1103 1102 1104
f 1103 1104 1105
f 1105 1106 716
f 1105 1104 1107
f 1105 1107 1108
f 1108 1109 1106
f 1108 1107 1110
f 1108 1110 1111
f 1111 727 1109
f 1111 1110 1112
f 1111 1112 1113
f 1112 1114 1115
f 1112 1115 1116
f 1116 733 1113
f 1116 1115 1117
f 1116 1117 1118
f 1118 738 734
f 1118 1117 1119
f 1118 1119 738
f 1120 743 739
f 1120 1119 1121
f 1120 1122 743
f 1123 748 744
f 1123 1122 1124
f 1123 1125 748
f 1126 753 749
f 1126 1125 1127
f 1126 1128 753
f 1129 758 754
f 1129 1128 1130
f 1129 1131 758
f 1132 763 759
f 1132 1131 1133
f 1132 1134 763
f 1135 767 764
f 1135 1134 1136
f 1135 1137 767
f 1137 1136 1138
f 1137 1139 769
f 1138 1136 1140
f 1138 1140 1141
f 1138 1142 1139
f 1141 785 1142
f 1141 1140 44
f 1141 44 785
f 1140 1143 45
f 1144 1143 1133
f 1144 1145 1146
f 1144 1146 47
f 1146 1147 1148
f 1146 1148 48
f 1148 1149 1150
f 1148 1150 1151
f 1151 1150 1152
f 1151 1153 793
f 1151 1154 48
f 1154 793 790
f 1154 789 46
f 1153 1152 1155
f 1153 1156 793
f 1155 1152 1157
f 1155 1157 1158
f 1155 800 1156
f 1157 1159 1160
f 1157 1160 1161
f 1161 1160 1162
f 1161 1162 1163
f 1161 1164 1158
f 1163 1162 1165
f 1163 1165 1166
f 1163 1167 1164
f 1167 1166 1168
f 1167 1169 803
f 1169 1168 1170
f 1169 1171 804
f 1170 1168 1172
f 1170 1172 1173
f 1170 1174 1171
f 1174 1173 1175
f 1174 1176 810
f 1176 1175 1177
f 1176 1178 811
f 1178 1177 1179
f 1178 1180 813
f 1180 1179 1181
f 1180 821 815
f 1181 1179 1182
f 1181 1182 1183
f 1181 1184 821
f 1184 1183 1185
f 1184 1186 822
f 1186 1185 1187
f 1186 1188 827
f 1188 1187 1189
f 1188 1190 1191
f 1190 1189 1192
f 1190 1193 834
f 1193 1192 837
f 1193 837 835
f 1194 1192 1195
f 1194 1196 841
f 1194 841 838
f 1197 1196 1198
f 1197 1199 845
f 1197 845 842
f 1200 1199 1201
f 1200 1202 1203
f 1200 1203 846
f 1204 1202 96
f 1204 98 1205
f 1204 1206 1203
f 1205 98 24
f 1205 1207 1208
f 1205 1209 1206
f 1208 1207 23
f 1208 1210 855
f 1208 855 853
f 1211 1210 1212
f 1211 1213 858
f 1211 858 856
f 1214 1213 1215
f 1214 1216 861
f 1214 861 859
f 1217 1216 1218
f 1217 1219 864
f 1217 864 862
f 1220 1219 1221
f 1220 1222 867
f 1220 867 865
f 1223 1222 1224
f 1223 1225 870
f 1223 870 868
f 1226 1225 1227
f 1226 1228 873
f 1226 873 871
f 1229 1228 1230
f 1229 1231 1232
f 1229 1233 873
f 1232 1231 1234
f 1232 1234 1235
f 1232 1236 1233
f 1235 1234 1237
f 1235 1237 1238
f 1235 1239 1236
f 1238 1237 139
f 1238 139 1240
f 1238 1241 1239
f 1237 1242 140
f 1243 1244 1245
f 1243 1245 137
f 1243 1242 1246
f 1246 1247 1248
f 1246 1242 1249
f 1246 1249 1247
f 1250 1251 1252
f 1250 1249 1231
f 1250 1230 1251
f 1253 1254 1255
f 1253 1230 1228
f 1253 1227 1254
f 1256 1257 1258
f 1256 1227 1225
f 1256 1224 1257
f 1259 1260 1261
f 1259 1224 1222
f 1259 1221 1260
f 1262 1263 1264
f 1262 1221 1219
f 1262 1218 1263
f 1265 1266 1267
f 1265 1218 1216
f 1265 1215 1266
f 1268 1269 1270
f 1268 1215 1213
f 1268 1212 1269
f 1270 1271 1272
f 1270 1273 1266
f 1270 1269 1271
f 1274 1275 1276
f 1274 1269 1277
f 1274 28 1275
f 1276 1278 1279
f 1276 1279 1271
f 1276 1275 1280
f 1280 1281 1278
f 1280 1275 26
f 1280 1282 1283
f 1283 1284 1281
f 1283 1282 33
f 1283 33 1285
f 1286 1287 1288
f 1286 1288 1289
f 1286 1284 1290
f 1290 1291 1287
f 1290 1284 1292
f 1290 1292 1293
f 1293 1294 1291
f 1293 1292 1295
f 1293 1296 1294
f 1297 1298 1299
f 1297 1296 1300
f 1297 1301 1298
f 1302 1303 1304
f 1302 1301 1305
f 1302 1306 1307
f 1307 1308 1303
f 1307 1306 1309
f 1307 1309 1310
f 1310 1311 1308
f 1310 1309 1312
f 1310 1312 1313
f 1313 1314 1311
f 1313 1312 1011
f 1313 1011 1315
f 1316 1317 1318
f 1316 1318 1319
f 1316 1314 1320
f 1320 1321 1317
f 1320 1314 1322
f 1320 1322 1323
f 1323 1324 1321
f 1323 1322 1325
f 1323 1325 1326
f 1326 1327 1324
f 1326 1325 1328
f 1326 1328 1329
f 1329 1330 1327
f 1329 1328 1331
f 1329 1331 1332
f 1332 1333 1330
f 1332 1331 994
f 1332 994 992
f 1334 1335 1336
f 1334 1336 1337
f 1334 1333 1338
f 1338 1339 1335
f 1338 1333 990
f 1338 990 988
f 1331 1340 996
f 1337 1336 1341
f 1337 1341 1342
f 1328 1343 1340
f 1342 1341 1344
f 1342 1344 1345
f 1325 1346 1343
f 1345 1344 1347
f 1345 1347 1348
f 1322 1315 1346
f 1348 1347 1349
f 1348 1349 1350
f 1318 1350 1351
f 1318 1351 1352
f 1352 1351 1353
f 1352 1353 1354
f 1352 1355 1319
f 1354 1353 1356
f 1354 1356 1357
f 1354 1304 1355
f 1357 1356 1358
f 1357 1358 1359
f 1357 1299 1304
f 1359 1358 1360
f 1359 1360 1361
f 1359 1362 1299
f 1361 1360 1363
f 1361 1363 1364
f 1361 1365 1362
f 1364 1363 1366
f 1364 1366 1367
f 1364 1368 1365
f 1367 1366 1369
f 1367 1369 1370
f 1367 1371 1368
f 1371 1370 1372
f 1371 1373 1288
f 1373 1372 1374
f 1373 1375 1289
f 1374 1372 1376
f 1374 1376 1377
f 1374 1378 1375
f 1378 1377 1379
f 1378 1379 1272
f 1379 1380 1381
f 1379 1381 1273
f 1381 1382 1383
f 1381 1383 1267
f 1383 1384 1264
f 1383 1264 1263
f 1385 1384 1386
f 1385 1387 1261
f 1385 1261 1260
f 1388 1387 1389
f 1388 1390 1258
f 1388 1258 1257
f 1391 1390 1392
f 1391 1393 1255
f 1391 1255 1254
f 1394 1393 134
f 1394 1395 1252
f 1394 1252 1251
f 1396 1395 1397
f 1396 1398 1248
f 1396 1248 1247
f 1399 1400 1401
f 1399 1401 1244
f 1399 1398 1402
f 1402 1403 1404
f 1402 1398 1397
f 1402 1405 1403
f 1406 1407 1408
f 1406 1405 135
f 1406 1409 1407
f 1410 1411 1412
f 1410 1409 1413
f 1410 1414 1411
f 1415 1416 1417
f 1415 1414 1418
f 1415 1419 1416
f 1420 1421 1416
f 1420 1419 1422
f 1420 1423 1424
f 1424 1425 1421
f 1424 1423 1426
f 1424 1426 1427
f 1427 1428 1425
f 1427 1426 1429
f 1427 1429 1430
f 1430 1431 1428
f 1430 1429 1432
f 1430 1432 1433
f 1433 1434 1431
f 1433 1432 1369
f 1433 1369 1435
f 1434 932 1436
f 1434 1435 933
f 1432 1437 1370
f 1431 1436 1438
f 1429 1439 1437
f 1439 1426 1440
f 1439 1440 1376
f 1440 1441 1442
f 1440 1442 1380
f 1442 1443 1444
f 1442 1444 1382
f 1444 1445 1386
f 1444 1386 1384
f 1446 1445 1447
f 1446 1448 1389
f 1446 1389 1387
f 1449 1448 1450
f 1449 1451 1392
f 1449 1392 1390
f 1450 1418 1414
f 1450 1413 1451
f 1450 1448 1418
f 1447 1422 1419
f 1447 1445 1422
f 1443 1441 1423
f 1452 924 1453
f 1452 1453 1454
f 1452 1428 1438
f 1453 921 1455
f 1453 1455 1456
f 1456 1455 1457
f 1456 1457 1458
f 1456 1459 1454
f 1458 1457 1460
f 1458 1460 1461
f 1458 1417 1459
f 1461 1460 1462
f 1461 1462 1463
f 1461 1412 1417
f 1463 1462 1464
f 1463 1464 1465
f 1463 1408 1407
f 1465 1464 1466
f 1465 1466 1467
f 1465 1404 1403
f 1467 1466 1468
f 1467 1468 1469
f 1467 1470 1404
f 1469 1468 138
f 1469 138 137
f 1469 1245 1470
f 1471 1472 1473
f 1471 1473 141
f 1471 1468 1474
f 1473 1475 1476
f 1473 1476 1240
f 1472 1477 1475
f 1472 1474 1478
f 1478 1479 1477
f 1478 1474 1480
f 1478 1480 1481
f 1481 900 1479
f 1481 1480 1482
f 1481 1482 1483
f 1483 1484 900
f 1483 1482 1485
f 1483 1485 1486
f 1486 1487 1484
f 1486 1485 1488
f 1486 1488 1489
f 1489 1490 1487
f 1489 1488 1491
f 1489 1491 918
f 1491 1455 919
f 1413 1409 132
f 1405 1397 133
f 1397 1395 133
f 1393 1392 131
f 1435 1366 1492
f 1492 1493 934
f 1492 1363 1494
f 1494 1495 1493
f 1494 1360 1496
f 1496 1497 1495
f 1496 1358 1498
f 1498 1499 1497
f 1498 1356 1500
f 1500 1501 1499
f 1500 1353 1502
f 1502 1503 1501
f 1502 1351 1504
f 1504 955 1503
f 1504 1350 1349
f 1312 1505 1012
f 1505 1309 1506
f 1505 1507 1014
f 1507 1506 1508
f 1507 1508 1016
f 1508 1509 1510
f 1508 1510 1511
f 1510 1512 1513
f 1510 1513 1027
f 1513 1514 1031
f 1513 1031 1028
f 1515 1514 1516
f 1515 1517 1518
f 1515 1518 1032
f 1519 1517 1520
f 1519 30 1521
f 1519 1521 1518
f 1517 1516 1522
f 1522 1300 1296
f 1522 1295 1520
f 1522 1516 1300
f 1523 1305 1301
f 1523 1516 1514
f 1523 1512 1305
f 1509 1506 1306
f 1295 1292 31
f 1282 26 25
f 1212 1210 1277
f 1202 1201 1524
f 1201 1525 1526
f 1201 1199 1525
f 1526 1527 1528
f 1526 1528 97
f 1526 1525 1529
f 1529 1530 1527
f 1529 1525 1531
f 1529 1531 1532
f 1532 1533 1530
f 1532 1531 1534
f 1532 1534 1535
f 1535 1536 1533
f 1535 1534 1187
f 1535 1187 1185
f 1537 1538 1539
f 1537 1539 1540
f 1537 1536 1541
f 1541 1542 1538
f 1541 1536 1183
f 1541 1183 1182
f 1543 1544 1545
f 1543 1545 1546
f 1543 1542 1547
f 1547 1548 1544
f 1547 1542 1549
f 1547 1549 1550
f 1550 1551 1548
f 1550 1549 1177
f 1550 1177 1175
f 1552 1553 1554
f 1552 1554 1555
f 1552 1551 1556
f 1556 1557 1553
f 1556 1551 1173
f 1556 1173 1172
f 1558 1559 1560
f 1558 1560 1561
f 1558 1557 1562
f 1562 1563 1559
f 1562 1557 1564
f 1562 1564 1565
f 1565 1566 1563
f 1565 1564 1166
f 1565 1166 1165
f 1567 1568 1569
f 1567 1569 1570
f 1567 1566 1571
f 1571 1572 1568
f 1571 1566 1573
f 1571 1573 1574
f 1574 1575 1572
f 1574 1573 1576
f 1574 1576 1577
f 1577 1578 1575
f 1577 1576 1579
f 1577 1579 1580
f 1580 1581 1582
f 1580 1579 1583
f 1580 1583 1581
f 1582 1127 1125
f 1582 1124 1578
f 1582 1581 1127
f 1584 1130 1128
f 1584 1581 1149
f 1584 1147 1130
f 1585 1124 1122
f 1585 1121 1586
f 1586 1121 1587
f 1586 1587 1588
f 1588 1587 1589
f 1588 1589 1590
f 1569 1590 1591
f 1569 1591 1592
f 1592 1591 1593
f 1592 1593 1594
f 1592 1595 1570
f 1594 1593 1596
f 1594 1596 1597
f 1594 1598 1595
f 1598 1597 1599
f 1598 1600 1560
f 1600 1599 1601
f 1600 1602 1561
f 1602 1601 1603
f 1602 1604 1554
f 1604 1603 1605
f 1604 1606 1555
f 1605 1603 1607
f 1605 1607 1608
f 1605 1609 1606
f 1609 1608 1610
f 1609 1611 1545
f 1611 1610 1612
f 1611 1613 1546
f 1613 1612 1614
f 1613 1615 1539
f 1615 1614 1616
f 1615 1617 1540
f 1616 1614 1618
f 1616 1618 1619
f 1616 1620 1617
f 1619 1618 1621
f 1619 1621 1622
f 1619 1623 1620
f 1623 1622 1624
f 1623 1625 1528
f 1624 1622 1626
f 1624 1626 1627
f 1624 1628 1625
f 1628 1627 1629
f 1628 1630 99
f 1630 1629 1631
f 1630 1631 1632
f 1632 1631 1633
f 1632 1633 34
f 1632 1634 100
f 1634 34 1635
f 1634 25 27
f 1629 1627 1636
f 1629 1636 3
f 1636 1637 1638
f 1636 1638 6
f 1639 1638 1640
f 1639 1640 1641
f 1639 1641 8
f 1641 1642 1643
f 1641 1643 1644
f 1643 1645 1646
f 1643 1646 1647
f 1647 1646 1648
f 1647 1648 1649
f 1647 1650 1644
f 1650 1649 1651
f 1650 1651 1652
f 1649 1648 1653
f 1649 1653 1048
f 1653 1654 1655
f 1653 1656 1049
f 1656 1655 1657
f 1656 1658 1051
f 1658 1657 1659
f 1658 1660 1053
f 1659 1657 1661
f 1659 1661 1662
f 1659 1663 1660
f 1662 1661 1664
f 1662 1664 1665
f 1662 1062 1663
f 1665 1664 1666
f 1665 1666 1065
f 1665 1065 1063
f 1667 1666 1668
f 1667 1668 1669
f 1667 1069 1066
f 1669 1668 1670
f 1669 1670 1671
f 1669 1671 1070
f 1671 1672 1673
f 1671 1673 1071
f 1674 1672 1675
f 1674 1676 1677
f 1674 1677 1075
f 1677 1678 1079
f 1677 1079 1076
f 1679 1678 1680
f 1679 1681 1682
f 1679 1682 1080
f 1682 1683 1684
f 1682 1684 1082
f 1684 1685 1686
f 1684 1686 1084
f 1686 1687 1688
f 1686 1688 1086
f 1688 1689 1690
f 1688 1690 1089
f 1690 1691 1692
f 1690 1692 1693
f 1692 1694 1695
f 1692 1695 1696
f 1696 1695 1697
f 1696 1697 1698
f 1696 1699 1693
f 1698 1697 1700
f 1698 1700 1701
f 1698 1702 1699
f 1701 1700 1703
f 1701 1703 1704
f 1701 1705 1702
f 1705 1704 1706
f 1705 1707 1095
f 1707 1706 1708
f 1707 1709 1096
f 1709 1708 1710
f 1709 1710 1098
f 1710 1711 1712
f 1710 1712 1100
f 1712 1713 1714
f 1712 1714 1715
f 1714 1716 1717
f 1714 1717 1718
f 1718 1719 1715
f 1718 1717 1596
f 1718 1596 1720
f 1717 1721 1597
f 1721 1716 1722
f 1721 1723 1599
f 1723 1722 1724
f 1723 1725 1601
f 1724 1722 1726
f 1724 1726 1727
f 1724 1728 1725
f 1728 1727 1729
f 1728 1730 1607
f 1730 1729 1731
f 1730 1732 1608
f 1732 1731 1733
f 1732 1734 1610
f 1734 1733 1735
f 1734 1736 1612
f 1735 1733 1737
f 1735 1737 1738
f 1735 1739 1736
f 1738 1737 1740
f 1738 1740 1741
f 1738 1742 1739
f 1742 1741 1743
f 1742 1744 1621
f 1743 1741 1745
f 1743 1745 1746
f 1743 1747 1744
f 1747 1746 1748
f 1747 1637 1626
f 1746 1745 1749
f 1746 1749 1750
f 1750 1749 1751
f 1750 1751 1752
f 1750 1753 1748
f 1752 1751 1754
f 1752 1754 1755
f 1752 1756 1753
f 1756 1755 1757
f 1756 1757 1642
f 1757 1758 1759
f 1757 1759 1645
f 1759 1760 1761
f 1759 1761 1762
f 1761 1763 1764
f 1761 1764 1765
f 1765 1764 1766
f 1765 1766 1767
f 1765 1768 1762
f 1767 1766 1769
f 1767 1770 1654
f 1767 1654 1768
f 1770 1769 1771
f 1770 1772 1655
f 1771 1769 1773
f 1771 1773 1774
f 1771 1775 1772
f 1774 1773 1776
f 1774 1776 1777
f 1774 1778 1775
f 1777 1776 1779
f 1777 1779 1780
f 1777 1781 1778
f 1780 1779 1782
f 1780 1782 1783
f 1780 1784 1781
f 1783 1782 1785
f 1783 1785 1786
f 1783 1787 1784
f 1787 1786 1788
f 1787 1675 1672
f 1788 1786 1789
f 1788 1789 1790
f 1788 1790 1675
f 1790 1791 1680
f 1790 1680 1676
f 1792 1791 1793
f 1792 1794 1795
f 1792 1795 1681
f 1795 92 1796
f 1795 1796 1683
f 1796 91 1797
f 1796 1797 1685
f 1797 1798 1799
f 1797 1799 1687
f 1799 1800 1801
f 1799 1801 1689
f 1801 1802 1803
f 1801 1803 1691
f 1803 1804 1805
f 1803 1805 1694
f 1805 1806 1807
f 1805 1807 1808
f 1807 1809 1810
f 1807 1810 1811
f 1811 1810 1812
f 1811 1812 1813
f 1811 1814 1808
f 1813 1812 1815
f 1813 1815 1816
f 1813 1817 1814
f 1816 1815 1818
f 1816 1818 1819
f 1816 1820 1817
f 1819 1818 1821
f 1819 1821 1822
f 1819 1823 1820
f 1823 1822 1824
f 1823 1825 1703
f 1825 1824 1826
f 1825 1826 1704
f 1826 1827 1828
f 1826 1828 1708
f 1828 1829 1830
f 1828 1830 1711
f 1830 1831 1832
f 1830 1832 1713
f 1831 1829 1833
f 1831 1834 1726
f 1834 1833 1835
f 1834 1836 1727
f 1836 1835 1837
f 1836 1838 1729
f 1838 1837 1839
f 1838 1840 1731
f 1839 1837 1841
f 1839 1841 1842
f 1839 1843 1840
f 1842 1841 1844
f 1842 1844 1845
f 1842 1846 1843
f 1846 1845 1847
f 1846 1848 1740
f 1847 1845 1849
f 1847 1849 1850
f 1847 1851 1848
f 1850 1849 1852
f 1850 1852 1853
f 1850 1854 1851
f 1853 1852 1855
f 1853 1855 1856
f 1853 1857 1854
f 1856 1855 1858
f 1856 1858 1859
f 1856 1860 1857
f 1860 1859 1861
f 1860 1862 1754
f 1862 1861 1863
f 1862 1863 1758
f 1863 1864 1865
f 1863 1865 1760
f 1865 1866 1867
f 1865 1867 1763
f 1867 1868 1869
f 1867 1869 1870
f 1869 1871 1872
f 1869 1872 1873
f 1873 1872 1874
f 1873 1875 1876
f 1873 1876 1870
f 1875 1874 1877
f 1875 1878 1879
f 1877 1874 1880
f 1877 1880 1881
f 1877 1882 1878
f 1881 1880 1883
f 1881 1883 1884
f 1881 1885 1882
f 1884 1883 1886
f 1884 1886 1887
f 1884 1888 1885
f 1887 1886 1889
f 1887 1889 1890
f 1887 1891 1888
f 1891 1890 1892
f 1891 1893 1785
f 1892 1890 1894
f 1892 1894 1895
f 1892 1895 1893
f 1895 1896 1793
f 1895 1793 1791
f 1897 1896 1898
f 1897 1899 93
f 1897 93 1794
f 1899 1898 1900
f 1899 1901 94
f 1902 1901 1903
f 1902 1904 1905
f 1902 1905 90
f 1905 1906 1800
f 1905 1798 90
f 1906 1904 1907
f 1906 1908 1802
f 1908 1907 1909
f 1908 1909 1804
f 1909 1910 1911
f 1909 1911 1806
f 1911 1912 1913
f 1911 1913 1809
f 1913 1914 1915
f 1913 1915 1916
f 1915 1917 1918
f 1915 1918 1919
f 1919 1918 1920
f 1919 1920 1921
f 1919 1922 1916
f 1921 1920 1923
f 1921 1923 1924
f 1921 1925 1922
f 1924 1923 1926
f 1924 1926 1927
f 1924 1928 1925
f 1927 1926 1929
f 1927 1929 1930
f 1927 1931 1928
f 1930 1929 1932
f 1930 1933 1934
f 1930 1934 1821
f 1934 1935 1936
f 1934 1936 1822
f 1936 1937 1938
f 1936 1938 1824
f 1938 1939 1940
f 1938 1940 1827
f 1940 1941 1833
f 1940 1833 1829
f 1941 1939 1942
f 1941 1943 1835
f 1942 1939 1944
f 1942 1944 1945
f 1942 1946 1943
f 1945 1944 1947
f 1945 1947 1948
f 1945 1949 1946
f 1949 1948 1950
f 1949 1951 1844
f 1950 1948 1952
f 1950 1952 1953
f 1950 1954 1951
f 1953 1952 1955
f 1953 1955 1956
f 1953 1957 1954
f 1956 1955 1958
f 1956 1958 1959
f 1956 1960 1957
f 1959 1958 1961
f 1959 1961 1962
f 1959 1963 1960
f 1963 1962 1964
f 1963 1965 1858
f 1965 1964 1966
f 1965 1967 1859
f 1967 1966 1968
f 1967 1968 1864
f 1968 1969 1970
f 1968 1970 1866
f 1970 1971 1972
f 1970 1972 1868
f 1972 1973 1974
f 1972 1974 1871
f 1974 1975 1976
f 1974 1976 1977
f 1976 1978 1979
f 1976 1979 1980
f 1979 76 1981
f 1979 1982 1980
f 1975 1973 1983
f 1975 1984 1978
f 1984 1983 1985
f 1984 1986 73
f 1986 1985 1987
f 1986 1988 74
f 1989 1988 1990
f 1989 1991 1992
f 1989 1992 75
f 1992 1993 1994
f 1992 1994 1981
f 1991 1990 1995
f 1991 1996 1993
f 1996 1995 1997
f 1996 1998 1889
f 1997 1995 1999
f 1997 1999 2000
f 1997 2001 1998
f 2001 2000 1898
f 2001 1898 1896
f 2000 1999 2002
f 2000 2002 1900
f 2003 2002 2004
f 2003 2005 1903
f 2003 1903 1901
f 2006 2005 2007
f 2006 2008 1907
f 2006 1907 1904
f 2008 2007 2009
f 2008 2010 1910
f 2010 2009 2011
f 2010 2011 1914
f 2011 2012 2013
f 2011 2013 1917
f 2013 2014 68
f 2013 68 67
f 2015 2016 2017
f 2015 2018 68
f 2015 2014 2016
f 2019 2020 2021
f 2019 2014 2022
f 2019 2022 2020
f 2023 2024 2025
f 2023 2022 2026
f 2023 2026 2027
f 2027 2028 2024
f 2027 2026 2029
f 2027 2029 2030
f 2030 2031 2028
f 2030 2029 2032
f 2030 2032 2033
f 2033 2034 2031
f 2033 2032 2035
f 2033 2035 2036
f 2036 2037 2034
f 2036 2035 1985
f 2036 1985 1983
f 2038 1969 2039
f 2038 2039 2040
f 2038 2037 1971
f 2039 1966 2041
f 2039 2041 2042
f 2042 2041 2043
f 2042 2044 2045
f 2042 2045 2040
f 2046 2044 2047
f 2046 2048 2049
f 2046 2049 2045
f 2050 2048 2051
f 2050 2052 2025
f 2050 2025 2024
f 2053 2052 2054
f 2053 2055 2021
f 2053 2021 2020
f 2056 2055 2057
f 2056 2058 2017
f 2056 2017 2016
f 2059 2058 2060
f 2059 2061 2062
f 2059 2062 2018
f 2062 70 69
f 2062 2063 70
f 2063 2061 2064
f 2063 2065 2066
f 2064 2061 2067
f 2064 2067 2068
f 2064 2068 2065
f 2069 2067 2070
f 2069 2071 1932
f 2069 1932 1929
f 2072 2071 2073
f 2072 2074 2075
f 2072 2075 1933
f 2075 2076 2077
f 2075 2077 1935
f 2076 2074 2078
f 2076 2079 1947
f 2078 2074 2080
f 2078 2080 2081
f 2078 2082 2079
f 2081 2080 2083
f 2081 2083 2084
f 2081 2085 2082
f 2084 2083 2086
f 2084 2086 2087
f 2084 2088 2085
f 2087 2086 2089
f 2087 2089 2047
f 2087 2090 2088
f 2090 2047 2044
f 2090 2043 1961
f 2089 52 2051
f 2089 2051 2048
f 2083 2091 50
f 2091 2092 51
f 2091 2080 2073
f 2093 2094 2095
f 2093 2095 53
f 2093 2092 2070
f 2095 2057 2055
f 2095 2054 53
f 2094 2060 2058
f 2094 2070 2067
f 2092 2073 2071
f 2054 2052 54
f 2043 2041 1962
f 2037 1983 1973
f 2035 2096 1987
f 2097 2096 2098
f 2097 2099 1990
f 2097 1990 1988
f 2098 2096 2100
f 2098 2100 2101
f 2098 2102 2099
f 2101 2100 2103
f 2101 2103 2104
f 2101 2004 2102
f 2104 2103 2105
f 2104 2105 2009
f 2104 2007 2005
f 2105 2022 2012
f 2077 1944 1937
f 2066 1920 71
f 1994 1883 1982
f 1980 1874 1872
f 1879 1769 1876
f 1832 1722 1716
f 1720 2106 1719
f 1720 1593 2107
f 2107 1114 2106
f 2107 1591 2108
f 1590 1589 2108
f 1534 1195 1189
f 1531 1198 1195
f 1159 1152 1150
f 1145 1133 1131
f 1143 1136 1134
f 1651 1045 2109
f 2109 2110 1652
f 2109 1041 1039
f 2110 2111 4
f 2110 1039 1038
f 2111 2112 5
f 2111 1038 1521
f 1027 1024 1511
f 988 975 1339
f 927 365 915
f 918 916 1490
f 1476 886 1241
f 834 832 1191
f 796 2113 253
f 792 253 249
f 789 786 2114
f 788 248 244
f 784 243 239
f 781 238 2115
f 778 2115 2116
f 775 2116 2117
f 773 2118 2119
f 773 2119 128
f 772 2117 2118
f 762 2120 2121
f 762 2122 756
f 762 761 2120
f 2122 2121 208
f 2122 2123 757
f 2124 2123 203
f 2124 2125 752
f 2124 752 751
f 2126 2125 198
f 2126 2127 747
f 2126 747 746
f 2128 2127 193
f 2128 2129 742
f 2128 742 741
f 2130 2129 188
f 2130 2131 737
f 2130 737 736
f 2132 2131 2133
f 2132 2134 732
f 2132 732 731
f 2134 2133 2135
f 2134 2135 17
f 2131 188 184
f 2129 193 189
f 2127 198 194
f 2125 203 199
f 2123 208 204
f 2121 213 209
f 2121 2120 213
f 2136 218 214
f 2136 2120 766
f 2136 125 218
f 723 2137 2138
f 723 2139 719
f 723 722 2137
f 2138 2140 2141
f 2138 2142 2139
f 2138 2137 2140
f 2143 2144 2145
f 2143 2137 726
f 2143 21 2144
f 2145 2146 2147
f 2145 2148 2140
f 2145 2144 2146
f 2149 2150 2151
f 2149 2151 2152
f 2149 2144 18
f 2152 2151 2153
f 2152 2153 2154
f 2152 2155 2146
f 2155 2154 2156
f 2155 2156 42
f 2156 2157 2158
f 2156 2158 39
f 2158 2159 2160
f 2158 2160 390
f 2160 2161 386
f 2160 386 385
f 2162 2161 2163
f 2162 2164 382
f 2162 382 381
f 2165 2164 2166
f 2165 2167 2168
f 2165 2169 378
f 2168 2167 2170
f 2168 2170 2171
f 2168 2172 2169
f 2171 2170 2173
f 2171 2174 2175
f 2171 2175 372
f 2176 2174 2177
f 2176 2178 358
f 2176 362 2175
f 2177 2179 2180
f 2177 2181 2178
f 2177 2174 2179
f 2180 2179 2182
f 2180 2182 146
f 2180 2183 2181
f 2182 2184 2185
f 2182 2185 146
f 2186 155 151
f 2186 2184 2187
f 2186 2188 155
f 2189 159 156
f 2189 2188 2190
f 2189 2191 159
f 2192 2193 160
f 2192 2191 2194
f 2192 2195 2193
f 2196 2197 2193
f 2196 2195 2198
f 2196 2199 2200
f 2200 2201 2197
f 2200 2199 2157
f 2200 2154 2153
f 2199 2198 2159
f 2198 2195 2163
f 2198 2163 2161
f 2194 2191 2166
f 2194 2166 2164
f 2190 2188 2202
f 2190 2202 2167
f 2187 2184 2173
f 2187 2173 2202
f 2153 2203 2201
f 2151 2204 2203
f 2150 2205 2204
f 2150 18 17
f 2148 2147 41
f 2148 41 2206
f 2142 2141 2206
f 2142 2207 105
f 623 81 618
f 620 485 483
f 610 492 490
f 606 2208 492
f 602 2209 2208
f 599 592 2209
f 571 524 522
f 567 527 525
f 563 530 528
f 559 533 531
f 555 536 534
f 521 519 574
f 476 475 110
f 459 455 58
f 451 443 56
f 448 117 441
f 443 439 56
f 435 434 60
f 545 38 37
f 365 363 914
f 2183 146 348
f 267 265 87
f 2119 219 128
f 2135 178 2205
f 2206 40 2207
f 40 38 544
f 1633 2 32
f 2 1631 3
f 1 5 2
f 1 6 8
f 7 1652 4
f 8 1644 7
f 10 696 11
f 12 544 13
f 13 546 10
f 14 2207 12
f 9 15 14
f 16 18 21
f 16 20 732
f 21 726 19
f 23 1207 24
f 22 26 28
f 24 95 27
f 28 1277 23
f 30 1520 31
f 32 2112 30
f 31 1285 33
f 33 1635 34
f 34 1633 32
f 36 392 37
f 35 38 40
f 39 390 36
f 40 2206 41
f 35 42 39
f 43 45 47
f 46 2114 44
f 43 48 46
f 49 51 53
f 52 2086 50
f 49 54 52
f 55 57 60
f 55 59 56
f 60 985 58
f 62 915 63
f 64 923 62
f 61 65 64
f 66 68 69
f 66 70 71
f 71 1918 67
f 72 74 75
f 75 1981 76
f 76 1978 73
f 77 79 82
f 77 81 78
f 82 640 80
f 83 85 88
f 83 87 84
f 88 826 86
f 89 91 92
f 92 1794 93
f 89 94 90
f 96 1524 97
f 95 98 96
f 97 1625 99
f 95 100 27
f 102 715 103
f 104 706 102
f 103 2139 105
f 105 14 15
f 101 106 104
f 108 478 109
f 107 110 111
f 107 112 108
f 114 518 115
f 116 506 114
f 113 117 116
f 119 2113 120
f 118 121 122
f 118 123 119
f 125 766 126
f 124 128 125
f 124 129 127
f 131 1451 132
f 130 134 131
f 130 135 133
f 136 138 141
f 136 140 137
f 141 1240 139
f 142 144 145
f 142 146 147
f 142 148 143
f 148 150 143
f 147 2185 151
f 151 152 149
f 152 154 149
f 152 155 156
f 156 157 153
f 158 339 153
f 157 159 160
f 157 161 158
f 162 336 158
f 160 2193 163
f 161 164 162
f 165 333 162
f 163 2197 166
f 164 167 165
f 168 330 165
f 166 2201 169
f 167 170 168
f 171 327 168
f 169 2203 172
f 170 173 171
f 174 324 171
f 172 2204 175
f 173 176 174
f 177 321 174
f 175 2205 178
f 176 179 177
f 180 318 177
f 178 2135 181
f 179 182 180
f 183 313 180
f 181 2133 184
f 184 185 183
f 185 187 183
f 185 188 189
f 189 190 186
f 190 192 186
f 190 193 194
f 194 195 191
f 195 197 191
f 195 198 199
f 199 200 196
f 200 202 196
f 200 203 204
f 204 205 201
f 205 207 201
f 205 208 209
f 209 210 206
f 210 212 206
f 210 213 214
f 214 215 211
f 215 217 211
f 215 218 219
f 219 220 216
f 221 289 216
f 219 2119 222
f 220 223 221
f 224 286 221
f 222 2118 225
f 223 226 224
f 227 283 224
f 225 2117 228
f 226 229 227
f 230 280 227
f 228 2116 231
f 229 232 230
f 233 275 230
f 231 2115 234
f 232 235 233
f 235 237 233
f 235 238 239
f 239 240 236
f 240 242 236
f 240 243 244
f 244 245 241
f 245 247 241
f 245 248 249
f 249 250 246
f 250 252 246
f 250 253 254
f 254 255 251
f 255 257 251
f 254 2113 119
f 119 123 256
f 256 809 258
f 257 259 260
f 260 252 251
f 260 261 262
f 262 263 252
f 263 264 265
f 265 266 247
f 263 246 252
f 266 267 268
f 268 269 242
f 266 241 247
f 269 270 271
f 271 272 237
f 269 236 242
f 272 273 274
f 274 276 275
f 272 233 237
f 276 277 278
f 276 279 280
f 280 230 275
f 278 839 281
f 279 282 283
f 283 227 280
f 281 843 284
f 282 285 286
f 286 224 283
f 284 847 287
f 285 288 289
f 289 221 286
f 288 290 291
f 291 292 217
f 288 216 289
f 292 293 294
f 294 295 212
f 292 211 217
f 295 296 297
f 297 298 207
f 295 206 212
f 298 299 300
f 300 301 202
f 298 201 207
f 301 302 303
f 303 304 197
f 301 196 202
f 304 305 306
f 306 307 192
f 304 191 197
f 307 308 309
f 309 310 187
f 307 186 192
f 310 311 312
f 312 314 313
f 310 183 187
f 314 315 316
f 314 317 318
f 318 180 313
f 316 876 319
f 317 320 321
f 321 177 318
f 319 879 322
f 320 323 324
f 324 174 321
f 322 882 325
f 323 326 327
f 327 171 324
f 325 885 328
f 326 329 330
f 330 168 327
f 328 888 331
f 329 332 333
f 333 165 330
f 331 891 334
f 332 335 336
f 336 162 333
f 334 894 337
f 335 338 339
f 339 158 336
f 337 897 340
f 340 341 154
f 154 153 339
f 341 149 154
f 341 342 343
f 343 344 150
f 344 143 150
f 344 345 346
f 346 347 144
f 347 145 144
f 347 349 350
f 350 351 348
f 352 2183 348
f 350 905 353
f 351 354 352
f 355 2181 352
f 353 908 356
f 354 357 355
f 358 2178 355
f 356 911 359
f 357 360 358
f 360 362 358
f 359 914 363
f 363 364 361
f 364 365 366
f 366 931 367
f 364 368 361
f 369 362 361
f 367 936 370
f 368 371 369
f 372 2175 369
f 370 939 373
f 371 374 372
f 375 2172 372
f 373 942 376
f 374 377 375
f 378 2169 375
f 376 945 379
f 377 380 378
f 380 382 378
f 379 948 383
f 383 384 381
f 384 386 381
f 384 387 388
f 388 389 385
f 389 390 385
f 388 393 391
f 389 392 36
f 393 954 394
f 391 395 392
f 396 37 392
f 394 958 397
f 395 398 396
f 399 545 396
f 397 961 400
f 398 401 399
f 402 543 399
f 400 964 403
f 401 404 402
f 405 538 402
f 403 967 406
f 404 407 405
f 407 409 405
f 406 970 410
f 410 411 408
f 411 413 408
f 411 414 415
f 415 416 412
f 416 418 412
f 416 419 420
f 420 421 417
f 421 423 417
f 421 424 425
f 425 426 422
f 426 428 422
f 426 429 430
f 430 431 427
f 431 433 427
f 431 434 435
f 435 436 432
f 436 438 432
f 436 57 439
f 439 440 437
f 440 442 437
f 440 443 444
f 444 445 441
f 446 500 447
f 445 448 441
f 445 449 446
f 450 497 446
f 444 443 451
f 451 452 450
f 452 454 450
f 452 59 455
f 455 456 453
f 456 458 453
f 456 459 460
f 460 461 457
f 461 463 457
f 461 464 465
f 465 466 462
f 465 986 467
f 466 468 469
f 469 470 462
f 471 480 472
f 470 463 462
f 470 473 471
f 469 468 474
f 473 475 476
f 476 477 471
f 478 481 479
f 477 480 471
f 477 109 478
f 479 482 483
f 479 484 480
f 484 485 486
f 486 488 487
f 487 472 480
f 488 490 489
f 487 463 472
f 490 491 458
f 489 457 463
f 491 492 493
f 493 494 454
f 491 453 458
f 493 2208 495
f 494 496 497
f 497 450 454
f 495 2209 498
f 496 499 500
f 500 446 497
f 498 592 501
f 499 502 503
f 503 447 500
f 503 504 505
f 505 448 447
f 505 506 116
f 116 117 448
f 502 589 507
f 504 508 506
f 507 586 509
f 508 510 511
f 511 114 506
f 511 512 513
f 513 518 114
f 512 574 514
f 513 515 518
f 514 519 516
f 515 438 517
f 517 115 518
f 517 437 442
f 442 117 115
f 519 520 433
f 516 432 438
f 520 521 522
f 522 523 428
f 520 427 433
f 523 524 525
f 525 526 423
f 523 422 428
f 526 527 528
f 528 529 418
f 526 417 423
f 529 530 531
f 531 532 413
f 529 412 418
f 532 533 534
f 534 535 409
f 532 408 413
f 535 536 537
f 537 539 538
f 535 405 409
f 539 540 541
f 539 542 543
f 543 402 538
f 541 13 544
f 542 38 545
f 545 399 543
f 541 546 13
f 540 548 546
f 537 536 547
f 548 550 551
f 551 10 546
f 547 552 549
f 552 554 549
f 552 536 555
f 555 556 553
f 556 558 553
f 556 533 559
f 559 560 557
f 560 562 557
f 560 530 563
f 563 564 561
f 564 566 561
f 564 527 567
f 567 568 565
f 568 570 565
f 568 524 571
f 571 572 569
f 573 575 569
f 572 521 574
f 572 512 573
f 576 583 577
f 575 570 569
f 575 578 576
f 579 580 576
f 573 512 510
f 578 509 579
f 581 669 582
f 580 583 576
f 580 584 581
f 585 666 581
f 579 509 586
f 584 587 585
f 588 596 585
f 586 507 589
f 587 590 588
f 591 593 588
f 589 502 501
f 590 592 591
f 594 659 595
f 593 596 588
f 593 597 594
f 598 656 594
f 591 592 599
f 597 600 598
f 601 653 598
f 599 2209 602
f 600 603 601
f 603 605 601
f 602 2208 606
f 606 607 604
f 607 609 604
f 607 492 610
f 610 611 608
f 611 613 608
f 611 488 486
f 486 485 612
f 613 615 616
f 616 609 608
f 612 617 614
f 617 619 614
f 617 485 620
f 620 621 618
f 621 623 618
f 621 482 624
f 624 625 622
f 626 1001 627
f 625 628 622
f 625 629 626
f 108 112 626
f 624 482 481
f 481 478 108
f 627 1004 630
f 628 631 632
f 632 623 622
f 632 79 78
f 78 81 623
f 630 1007 633
f 631 634 79
f 633 1010 635
f 634 636 637
f 634 82 79
f 637 638 639
f 637 640 82
f 638 1020 641
f 639 642 640
f 641 645 643
f 642 615 644
f 644 80 640
f 644 614 619
f 619 81 80
f 645 647 646
f 643 616 615
f 647 649 648
f 646 609 616
f 649 650 605
f 648 604 609
f 649 1025 651
f 650 652 653
f 653 601 605
f 651 1029 654
f 652 655 656
f 656 598 653
f 654 1034 657
f 655 658 659
f 659 594 656
f 657 1037 660
f 658 661 662
f 662 595 659
f 662 663 664
f 664 596 595
f 664 665 666
f 666 585 596
f 663 1044 667
f 665 668 669
f 669 581 666
f 667 1047 670
f 668 671 672
f 672 582 669
f 672 673 674
f 674 583 582
f 674 675 676
f 676 577 583
f 676 677 678
f 678 570 577
f 677 679 566
f 678 565 570
f 679 680 681
f 681 682 562
f 679 561 566
f 682 683 684
f 684 685 558
f 682 557 562
f 685 686 687
f 687 688 554
f 685 553 558
f 688 689 690
f 690 691 550
f 688 549 554
f 690 1067 692
f 691 693 694
f 694 551 550
f 694 695 696
f 696 10 551
f 693 1074 697
f 695 698 699
f 699 11 696
f 698 700 106
f 699 15 11
f 700 701 702
f 702 704 703
f 700 104 106
f 704 707 705
f 703 706 104
f 707 1088 708
f 705 709 706
f 708 1094 710
f 709 711 712
f 712 102 706
f 712 713 714
f 712 715 102
f 714 716 717
f 714 718 715
f 719 103 715
f 717 1106 720
f 718 721 719
f 721 723 719
f 720 1109 724
f 724 725 722
f 725 726 722
f 725 727 728
f 728 20 19
f 727 1113 729
f 729 730 20
f 730 732 20
f 730 733 734
f 734 735 731
f 735 737 731
f 735 738 739
f 739 740 736
f 740 742 736
f 740 743 744
f 744 745 741
f 745 747 741
f 745 748 749
f 749 750 746
f 750 752 746
f 750 753 754
f 754 755 751
f 755 757 751
f 755 758 759
f 759 760 756
f 760 762 756
f 760 763 764
f 764 765 761
f 765 766 761
f 765 767 768
f 768 129 126
f 768 769 770
f 770 771 129
f 772 2118 773
f 771 127 129
f 771 774 772
f 775 2117 772
f 770 769 776
f 774 777 775
f 778 2116 775
f 776 1139 779
f 777 780 778
f 781 2115 778
f 779 1142 782
f 780 783 781
f 784 238 781
f 783 785 786
f 786 787 784
f 787 243 784
f 787 789 790
f 790 791 788
f 791 248 788
f 791 793 794
f 791 795 792
f 796 253 792
f 794 1156 797
f 795 798 796
f 797 800 799
f 798 121 120
f 120 2113 796
f 800 1158 801
f 799 802 121
f 801 1164 803
f 802 804 805
f 805 122 121
f 805 806 807
f 807 123 122
f 807 808 809
f 809 256 123
f 806 1171 810
f 808 811 812
f 812 258 809
f 812 813 814
f 814 259 258
f 814 815 816
f 816 261 259
f 816 817 818
f 818 819 261
f 819 85 84
f 84 87 264
f 819 262 261
f 817 820 85
f 820 821 822
f 822 824 823
f 820 88 85
f 824 827 825
f 823 826 88
f 827 1191 828
f 825 829 826
f 828 832 830
f 829 270 831
f 831 86 826
f 831 268 267
f 267 87 86
f 832 833 273
f 830 271 270
f 833 834 835
f 835 836 277
f 833 274 273
f 836 837 838
f 838 840 839
f 836 278 277
f 840 841 842
f 842 844 843
f 840 281 839
f 844 845 846
f 846 848 847
f 847 284 843
f 846 1203 849
f 848 850 290
f 290 287 847
f 849 1206 851
f 850 852 293
f 850 291 290
f 851 1209 853
f 853 854 296
f 852 294 293
f 854 855 856
f 856 857 299
f 854 297 296
f 857 858 859
f 859 860 302
f 857 300 299
f 860 861 862
f 862 863 305
f 860 303 302
f 863 864 865
f 865 866 308
f 863 306 305
f 866 867 868
f 868 869 311
f 866 309 308
f 869 870 871
f 871 872 315
f 869 312 311
f 872 873 874
f 872 875 876
f 872 316 315
f 874 1233 877
f 875 878 879
f 879 319 876
f 877 1236 880
f 878 881 882
f 882 322 879
f 880 1239 883
f 881 884 885
f 885 325 882
f 883 1241 886
f 884 887 888
f 888 328 885
f 886 1476 889
f 887 890 891
f 891 331 888
f 889 1475 892
f 890 893 894
f 894 334 891
f 892 1477 895
f 893 896 897
f 897 337 894
f 896 340 897
f 895 1479 898
f 898 899 342
f 899 343 342
f 899 900 901
f 901 902 345
f 902 346 345
f 901 1484 903
f 902 904 349
f 905 350 349
f 903 1487 906
f 904 907 905
f 908 353 905
f 906 1490 909
f 907 910 908
f 911 356 908
f 909 916 912
f 910 913 911
f 914 359 911
f 912 65 63
f 913 915 914
f 916 917 65
f 917 918 919
f 919 921 920
f 917 64 65
f 921 924 922
f 920 923 64
f 924 1438 925
f 922 926 923
f 927 62 923
f 925 1436 928
f 926 929 927
f 366 365 927
f 928 932 930
f 929 931 366
f 930 933 934
f 934 935 931
f 936 367 931
f 934 1493 937
f 935 938 936
f 939 370 936
f 937 1495 940
f 938 941 939
f 942 373 939
f 940 1497 943
f 941 944 942
f 945 376 942
f 943 1499 946
f 944 947 945
f 948 379 945
f 946 1501 949
f 947 950 948
f 387 383 948
f 949 1503 951
f 950 952 387
f 393 388 387
f 951 955 953
f 952 954 393
f 955 1349 956
f 953 957 954
f 958 394 954
f 956 1347 959
f 957 960 958
f 961 397 958
f 959 1344 962
f 960 963 961
f 964 400 961
f 962 1341 965
f 963 966 964
f 967 403 964
f 965 1336 968
f 966 969 967
f 970 406 967
f 968 1335 971
f 969 972 970
f 972 410 970
f 971 1339 973
f 972 974 414
f 974 415 414
f 974 975 976
f 976 977 419
f 977 420 419
f 977 978 979
f 979 980 424
f 980 425 424
f 980 981 982
f 982 983 429
f 983 430 429
f 983 984 985
f 985 60 434
f 982 981 464
f 984 460 459
f 459 58 985
f 979 978 986
f 981 465 464
f 976 975 987
f 978 467 986
f 987 988 989
f 989 468 467
f 989 990 991
f 991 474 468
f 991 992 993
f 993 475 474
f 993 994 995
f 995 110 475
f 995 996 997
f 997 111 110
f 997 998 999
f 999 112 111
f 999 1000 1001
f 1001 626 112
f 998 1340 1002
f 1000 1003 1004
f 1004 627 1001
f 1002 1343 1005
f 1003 1006 1007
f 1007 630 1004
f 1005 1346 1008
f 1006 1009 1010
f 1010 633 1007
f 1008 1315 1011
f 1009 1012 1013
f 1013 635 1010
f 1013 1014 1015
f 1015 636 635
f 1015 1016 1017
f 1017 638 636
f 1017 1018 1019
f 1017 1020 638
f 1018 1511 1021
f 1019 1022 1020
f 1021 1024 1023
f 1022 647 645
f 645 641 1020
f 1024 1026 1025
f 1023 649 647
f 1026 1027 1028
f 1028 1030 1029
f 1026 651 1025
f 1030 1031 1032
f 1030 1033 1034
f 1034 654 1029
f 1032 1518 1035
f 1033 1036 1037
f 1037 657 1034
f 1035 1521 1038
f 1036 1039 1040
f 1040 660 1037
f 1040 1041 1042
f 1042 661 660
f 1042 1043 1044
f 1044 663 661
f 1041 2109 1045
f 1043 1046 1047
f 1047 667 1044
f 1045 1651 1048
f 1046 1049 1050
f 1050 670 1047
f 1050 1051 1052
f 1052 671 670
f 1052 1053 1054
f 1054 673 671
f 1054 1055 1056
f 1056 675 673
f 1056 1057 680
f 680 677 675
f 1055 1660 1058
f 1057 1059 683
f 1057 681 680
f 1058 1663 1060
f 1060 1061 686
f 1059 684 683
f 1061 1062 1063
f 1063 1064 689
f 1061 687 686
f 1064 1065 1066
f 1066 1068 1067
f 1064 690 689
f 1068 1069 1070
f 1068 1071 1072
f 1072 692 1067
f 1072 1073 1074
f 1074 693 692
f 1071 1673 1075
f 1073 1076 1077
f 1077 697 1074
f 1076 1078 701
f 701 698 697
f 1078 1079 1080
f 1080 1082 1081
f 1078 702 701
f 1082 1084 1083
f 1081 704 702
f 1084 1086 1085
f 1083 707 704
f 1086 1089 1087
f 1085 1088 707
f 1089 1693 1090
f 1087 1091 1088
f 1090 1699 1092
f 1091 1093 1094
f 1094 708 1088
f 1092 1702 1095
f 1093 1096 1097
f 1097 710 1094
f 1097 1098 1099
f 1099 711 710
f 1099 1100 1101
f 1101 713 711
f 1101 1102 1103
f 1103 716 713
f 1102 1715 1104
f 1103 1105 716
f 1106 717 716
f 1104 1719 1107
f 1105 1108 1106
f 1109 720 1106
f 1107 2106 1110
f 1108 1111 1109
f 727 724 1109
f 1110 1114 1112
f 1111 1113 727
f 1114 2108 1115
f 1112 1116 1113
f 733 729 1113
f 1115 1589 1117
f 1116 1118 733
f 1118 734 733
f 1117 1587 1119
f 1119 1120 738
f 1120 739 738
f 1120 1121 1122
f 1122 1123 743
f 1123 744 743
f 1123 1124 1125
f 1125 1126 748
f 1126 749 748
f 1126 1127 1128
f 1128 1129 753
f 1129 754 753
f 1129 1130 1131
f 1131 1132 758
f 1132 759 758
f 1132 1133 1134
f 1134 1135 763
f 1135 764 763
f 1135 1136 1137
f 1137 769 767
f 1137 1138 1139
f 1139 776 769
f 1136 1143 1140
f 1138 1141 1142
f 1142 779 1139
f 785 782 1142
f 1140 45 44
f 44 2114 785
f 1143 1144 45
f 1144 1133 1145
f 1145 1147 1146
f 1144 47 45
f 1147 1149 1148
f 1146 48 47
f 1149 1583 1150
f 1148 1151 48
f 1151 1152 1153
f 1151 793 1154
f 1154 46 48
f 1154 790 789
f 789 2114 46
f 1153 1155 1156
f 1156 794 793
f 1152 1159 1157
f 1155 1158 800
f 800 797 1156
f 1159 1579 1160
f 1157 1161 1158
f 1160 1576 1162
f 1161 1163 1164
f 1164 801 1158
f 1162 1573 1165
f 1163 1166 1167
f 1167 803 1164
f 1167 1168 1169
f 1169 804 803
f 1169 1170 1171
f 1171 806 804
f 1168 1564 1172
f 1170 1173 1174
f 1174 810 1171
f 1174 1175 1176
f 1176 811 810
f 1176 1177 1178
f 1178 813 811
f 1178 1179 1180
f 1180 815 813
f 1180 1181 821
f 821 817 815
f 1179 1549 1182
f 1181 1183 1184
f 1184 822 821
f 1184 1185 1186
f 1186 824 822
f 1186 1187 1188
f 1186 827 824
f 1188 1189 1190
f 1188 1191 827
f 1190 1192 1193
f 1190 834 1191
f 1192 1194 837
f 1193 835 834
f 1194 1195 1196
f 1196 1197 841
f 1194 838 837
f 1197 1198 1199
f 1199 1200 845
f 1197 842 841
f 1200 1201 1202
f 1202 1204 1203
f 1200 846 845
f 1204 96 98
f 1204 1205 1206
f 1206 849 1203
f 1205 24 1207
f 1205 1208 1209
f 1209 851 1206
f 1208 23 1210
f 1210 1211 855
f 1208 853 1209
f 1211 1212 1213
f 1213 1214 858
f 1211 856 855
f 1214 1215 1216
f 1216 1217 861
f 1214 859 858
f 1217 1218 1219
f 1219 1220 864
f 1217 862 861
f 1220 1221 1222
f 1222 1223 867
f 1220 865 864
f 1223 1224 1225
f 1225 1226 870
f 1223 868 867
f 1226 1227 1228
f 1228 1229 873
f 1226 871 870
f 1229 1230 1231
f 1229 1232 1233
f 1233 874 873
f 1231 1249 1234
f 1232 1235 1236
f 1236 877 1233
f 1234 1242 1237
f 1235 1238 1239
f 1239 880 1236
f 1237 140 139
f 1238 1240 1241
f 1241 883 1239
f 1242 1243 140
f 1244 1401 1245
f 1243 137 140
f 1243 1246 1244
f 1246 1248 1244
f 1242 1234 1249
f 1249 1250 1247
f 1250 1252 1247
f 1250 1231 1230
f 1230 1253 1251
f 1253 1255 1251
f 1253 1228 1227
f 1227 1256 1254
f 1256 1258 1254
f 1256 1225 1224
f 1224 1259 1257
f 1259 1261 1257
f 1259 1222 1221
f 1221 1262 1260
f 1262 1264 1260
f 1262 1219 1218
f 1218 1265 1263
f 1265 1267 1263
f 1265 1216 1215
f 1215 1268 1266
f 1268 1270 1266
f 1268 1213 1212
f 1212 1277 1269
f 1270 1272 1273
f 1273 1267 1266
f 1269 1274 1271
f 1274 1276 1271
f 1274 1277 28
f 28 26 1275
f 1278 1375 1279
f 1279 1272 1271
f 1276 1280 1278
f 1281 1289 1278
f 1280 26 1282
f 1280 1283 1281
f 1284 1286 1281
f 1282 1635 33
f 1283 1285 1284
f 1287 1368 1288
f 1286 1289 1281
f 1286 1290 1287
f 1291 1365 1287
f 1284 1285 1292
f 1290 1293 1291
f 1294 1362 1291
f 1293 1295 1296
f 1296 1297 1294
f 1297 1299 1294
f 1297 1300 1301
f 1301 1302 1298
f 1302 1304 1298
f 1302 1305 1306
f 1302 1307 1303
f 1308 1355 1303
f 1306 1506 1309
f 1307 1310 1308
f 1311 1319 1308
f 1309 1505 1312
f 1310 1313 1311
f 1314 1316 1311
f 1312 1012 1011
f 1313 1315 1314
f 1317 1350 1318
f 1316 1319 1311
f 1316 1320 1317
f 1321 1348 1317
f 1314 1315 1322
f 1320 1323 1321
f 1324 1345 1321
f 1322 1346 1325
f 1323 1326 1324
f 1327 1342 1324
f 1325 1343 1328
f 1326 1329 1327
f 1330 1337 1327
f 1328 1340 1331
f 1329 1332 1330
f 1333 1334 1330
f 1331 996 994
f 1332 992 1333
f 1335 968 1336
f 1334 1337 1330
f 1334 1338 1335
f 1339 971 1335
f 1333 992 990
f 1338 988 1339
f 1340 998 996
f 1336 965 1341
f 1337 1342 1327
f 1343 1002 1340
f 1341 962 1344
f 1342 1345 1324
f 1346 1005 1343
f 1344 959 1347
f 1345 1348 1321
f 1315 1008 1346
f 1347 956 1349
f 1348 1350 1317
f 1350 1504 1351
f 1318 1352 1319
f 1351 1502 1353
f 1352 1354 1355
f 1355 1308 1319
f 1353 1500 1356
f 1354 1357 1304
f 1304 1303 1355
f 1356 1498 1358
f 1357 1359 1299
f 1299 1298 1304
f 1358 1496 1360
f 1359 1361 1362
f 1362 1294 1299
f 1360 1494 1363
f 1361 1364 1365
f 1365 1291 1362
f 1363 1492 1366
f 1364 1367 1368
f 1368 1287 1365
f 1366 1435 1369
f 1367 1370 1371
f 1371 1288 1368
f 1371 1372 1373
f 1373 1289 1288
f 1373 1374 1375
f 1375 1278 1289
f 1372 1437 1376
f 1374 1377 1378
f 1378 1279 1375
f 1377 1380 1379
f 1378 1272 1279
f 1380 1382 1381
f 1379 1273 1272
f 1382 1384 1383
f 1381 1267 1273
f 1384 1385 1264
f 1383 1263 1267
f 1385 1386 1387
f 1387 1388 1261
f 1385 1260 1264
f 1388 1389 1390
f 1390 1391 1258
f 1388 1257 1261
f 1391 1392 1393
f 1393 1394 1255
f 1391 1254 1258
f 1394 134 1395
f 1395 1396 1252
f 1394 1251 1255
f 1396 1397 1398
f 1398 1399 1248
f 1396 1247 1252
f 1400 1470 1401
f 1399 1244 1248
f 1399 1402 1400
f 1402 1404 1400
f 1402 1397 1405
f 1405 1406 1403
f 1406 1408 1403
f 1406 135 1409
f 1409 1410 1407
f 1410 1412 1407
f 1410 1413 1414
f 1414 1415 1411
f 1415 1417 1411
f 1415 1418 1419
f 1419 1420 1416
f 1421 1459 1416
f 1420 1422 1423
f 1420 1424 1421
f 1425 1454 1421
f 1423 1441 1426
f 1424 1427 1425
f 1428 1452 1425
f 1426 1439 1429
f 1427 1430 1428
f 1431 1438 1428
f 1429 1437 1432
f 1430 1433 1431
f 1434 1436 1431
f 1432 1370 1369
f 1433 1435 1434
f 932 928 1436
f 1434 933 932
f 1437 1372 1370
f 1436 925 1438
f 1439 1376 1437
f 1426 1441 1440
f 1440 1377 1376
f 1441 1443 1442
f 1440 1380 1377
f 1443 1445 1444
f 1442 1382 1380
f 1445 1446 1386
f 1444 1384 1382
f 1446 1447 1448
f 1448 1449 1389
f 1446 1387 1386
f 1449 1450 1451
f 1451 131 1392
f 1449 1390 1389
f 1450 1414 1413
f 1413 132 1451
f 1448 1447 1418
f 1447 1419 1418
f 1445 1443 1422
f 1443 1423 1422
f 924 921 1453
f 1452 1454 1425
f 1452 1438 924
f 921 919 1455
f 1453 1456 1454
f 1455 1491 1457
f 1456 1458 1459
f 1459 1421 1454
f 1457 1488 1460
f 1458 1461 1417
f 1417 1416 1459
f 1460 1485 1462
f 1461 1463 1412
f 1412 1411 1417
f 1462 1482 1464
f 1463 1465 1408
f 1463 1407 1412
f 1464 1480 1466
f 1465 1467 1404
f 1465 1403 1408
f 1466 1474 1468
f 1467 1469 1470
f 1470 1400 1404
f 1468 1471 138
f 1469 137 1245
f 1245 1401 1470
f 1472 1475 1473
f 1471 141 138
f 1471 1474 1472
f 1475 889 1476
f 1473 1240 141
f 1477 892 1475
f 1472 1478 1477
f 1479 895 1477
f 1474 1466 1480
f 1478 1481 1479
f 900 898 1479
f 1480 1464 1482
f 1481 1483 900
f 1484 901 900
f 1482 1462 1485
f 1483 1486 1484
f 1487 903 1484
f 1485 1460 1488
f 1486 1489 1487
f 1490 906 1487
f 1488 1457 1491
f 1489 918 1490
f 1491 919 918
f 1409 135 132
f 1405 133 135
f 1395 134 133
f 1393 131 134
f 1435 1492 933
f 1492 934 933
f 1492 1494 1493
f 1495 937 1493
f 1494 1496 1495
f 1497 940 1495
f 1496 1498 1497
f 1499 943 1497
f 1498 1500 1499
f 1501 946 1499
f 1500 1502 1501
f 1503 949 1501
f 1502 1504 1503
f 955 951 1503
f 1504 1349 955
f 1505 1014 1012
f 1505 1506 1507
f 1507 1016 1014
f 1506 1509 1508
f 1508 1018 1016
f 1509 1512 1510
f 1508 1511 1018
f 1512 1514 1513
f 1510 1027 1511
f 1514 1515 1031
f 1513 1028 1027
f 1515 1516 1517
f 1517 1519 1518
f 1515 1032 1031
f 1519 1520 30
f 30 2112 1521
f 1521 1035 1518
f 1517 1522 1520
f 1522 1296 1295
f 1295 31 1520
f 1516 1523 1300
f 1523 1301 1300
f 1523 1514 1512
f 1512 1509 1305
f 1509 1306 1305
f 1292 1285 31
f 1282 25 1635
f 1210 23 1277
f 1202 1524 96
f 1201 1526 1524
f 1199 1198 1525
f 1527 1620 1528
f 1526 97 1524
f 1526 1529 1527
f 1530 1617 1527
f 1525 1198 1531
f 1529 1532 1530
f 1533 1540 1530
f 1531 1195 1534
f 1532 1535 1533
f 1536 1537 1533
f 1534 1189 1187
f 1535 1185 1536
f 1538 1546 1539
f 1537 1540 1533
f 1537 1541 1538
f 1542 1543 1538
f 1536 1185 1183
f 1541 1182 1542
f 1544 1606 1545
f 1543 1546 1538
f 1543 1547 1544
f 1548 1555 1544
f 1542 1182 1549
f 1547 1550 1548
f 1551 1552 1548
f 1549 1179 1177
f 1550 1175 1551
f 1553 1561 1554
f 1552 1555 1548
f 1552 1556 1553
f 1557 1558 1553
f 1551 1175 1173
f 1556 1172 1557
f 1559 1595 1560
f 1558 1561 1553
f 1558 1562 1559
f 1563 1570 1559
f 1557 1172 1564
f 1562 1565 1563
f 1566 1567 1563
f 1564 1168 1166
f 1565 1165 1566
f 1568 1590 1569
f 1567 1570 1563
f 1567 1571 1568
f 1572 1588 1568
f 1566 1165 1573
f 1571 1574 1572
f 1575 1586 1572
f 1573 1162 1576
f 1574 1577 1575
f 1578 1585 1575
f 1576 1160 1579
f 1577 1580 1578
f 1580 1582 1578
f 1579 1159 1583
f 1583 1149 1581
f 1582 1125 1124
f 1124 1585 1578
f 1581 1584 1127
f 1584 1128 1127
f 1584 1149 1147
f 1147 1145 1130
f 1585 1122 1121
f 1585 1586 1575
f 1121 1119 1587
f 1586 1588 1572
f 1587 1117 1589
f 1588 1590 1568
f 1590 2108 1591
f 1569 1592 1570
f 1591 2107 1593
f 1592 1594 1595
f 1595 1559 1570
f 1593 1720 1596
f 1594 1597 1598
f 1598 1560 1595
f 1598 1599 1600
f 1600 1561 1560
f 1600 1601 1602
f 1602 1554 1561
f 1602 1603 1604
f 1604 1555 1554
f 1604 1605 1606
f 1606 1544 1555
f 1603 1725 1607
f 1605 1608 1609
f 1609 1545 1606
f 1609 1610 1611
f 1611 1546 1545
f 1611 1612 1613
f 1613 1539 1546
f 1613 1614 1615
f 1615 1540 1539
f 1615 1616 1617
f 1617 1530 1540
f 1614 1736 1618
f 1616 1619 1620
f 1620 1527 1617
f 1618 1739 1621
f 1619 1622 1623
f 1623 1528 1620
f 1623 1624 1625
f 1625 97 1528
f 1622 1744 1626
f 1624 1627 1628
f 1628 99 1625
f 1628 1629 1630
f 1630 100 99
f 1629 3 1631
f 1630 1632 100
f 1631 2 1633
f 1632 34 1634
f 1634 27 100
f 1634 1635 25
f 25 22 27
f 1627 1637 1636
f 1636 6 3
f 1637 1748 1638
f 1638 1639 6
f 1638 1753 1640
f 1640 1642 1641
f 1639 8 6
f 1642 1645 1643
f 1641 1644 8
f 1645 1762 1646
f 1643 1647 1644
f 1646 1768 1648
f 1647 1649 1650
f 1650 7 1644
f 1649 1048 1651
f 1650 1652 7
f 1648 1654 1653
f 1653 1049 1048
f 1653 1655 1656
f 1656 1051 1049
f 1656 1657 1658
f 1658 1053 1051
f 1658 1659 1660
f 1660 1055 1053
f 1657 1772 1661
f 1659 1662 1663
f 1663 1058 1660
f 1661 1775 1664
f 1662 1665 1062
f 1062 1060 1663
f 1664 1778 1666
f 1666 1667 1065
f 1665 1063 1062
f 1666 1781 1668
f 1667 1669 1069
f 1667 1066 1065
f 1668 1784 1670
f 1670 1672 1671
f 1669 1070 1069
f 1672 1674 1673
f 1671 1071 1070
f 1674 1675 1676
f 1676 1678 1677
f 1674 1075 1673
f 1678 1679 1079
f 1677 1076 1075
f 1679 1680 1681
f 1681 1683 1682
f 1679 1080 1079
f 1683 1685 1684
f 1682 1082 1080
f 1685 1687 1686
f 1684 1084 1082
f 1687 1689 1688
f 1686 1086 1084
f 1689 1691 1690
f 1688 1089 1086
f 1691 1694 1692
f 1690 1693 1089
f 1694 1808 1695
f 1692 1696 1693
f 1695 1814 1697
f 1696 1698 1699
f 1699 1090 1693
f 1697 1817 1700
f 1698 1701 1702
f 1702 1092 1699
f 1700 1820 1703
f 1701 1704 1705
f 1705 1095 1702
f 1705 1706 1707
f 1707 1096 1095
f 1707 1708 1709
f 1709 1098 1096
f 1708 1711 1710
f 1710 1100 1098
f 1711 1713 1712
f 1712 1102 1100
f 1713 1716 1714
f 1712 1715 1102
f 1716 1721 1717
f 1714 1718 1715
f 1719 1104 1715
f 1717 1597 1596
f 1718 1720 1719
f 1721 1599 1597
f 1721 1722 1723
f 1723 1601 1599
f 1723 1724 1725
f 1725 1603 1601
f 1722 1832 1726
f 1724 1727 1728
f 1728 1607 1725
f 1728 1729 1730
f 1730 1608 1607
f 1730 1731 1732
f 1732 1610 1608
f 1732 1733 1734
f 1734 1612 1610
f 1734 1735 1736
f 1736 1614 1612
f 1733 1840 1737
f 1735 1738 1739
f 1739 1618 1736
f 1737 1843 1740
f 1738 1741 1742
f 1742 1621 1739
f 1742 1743 1744
f 1744 1622 1621
f 1741 1848 1745
f 1743 1746 1747
f 1747 1626 1744
f 1747 1748 1637
f 1637 1627 1626
f 1745 1851 1749
f 1746 1750 1748
f 1749 1854 1751
f 1750 1752 1753
f 1753 1638 1748
f 1751 1857 1754
f 1752 1755 1756
f 1756 1640 1753
f 1755 1758 1757
f 1756 1642 1640
f 1758 1760 1759
f 1757 1645 1642
f 1760 1763 1761
f 1759 1762 1645
f 1763 1870 1764
f 1761 1765 1762
f 1764 1876 1766
f 1765 1767 1768
f 1768 1646 1762
f 1767 1769 1770
f 1770 1655 1654
f 1654 1648 1768
f 1770 1771 1772
f 1772 1657 1655
f 1769 1879 1773
f 1771 1774 1775
f 1775 1661 1772
f 1773 1878 1776
f 1774 1777 1778
f 1778 1664 1775
f 1776 1882 1779
f 1777 1780 1781
f 1781 1666 1778
f 1779 1885 1782
f 1780 1783 1784
f 1784 1668 1781
f 1782 1888 1785
f 1783 1786 1787
f 1787 1670 1784
f 1787 1788 1675
f 1787 1672 1670
f 1786 1893 1789
f 1789 1791 1790
f 1790 1676 1675
f 1791 1792 1680
f 1680 1678 1676
f 1792 1793 1794
f 1794 92 1795
f 1792 1681 1680
f 92 91 1796
f 1795 1683 1681
f 91 1798 1797
f 1796 1685 1683
f 1798 1800 1799
f 1797 1687 1685
f 1800 1802 1801
f 1799 1689 1687
f 1802 1804 1803
f 1801 1691 1689
f 1804 1806 1805
f 1803 1694 1691
f 1806 1809 1807
f 1805 1808 1694
f 1809 1916 1810
f 1807 1811 1808
f 1810 1922 1812
f 1811 1813 1814
f 1814 1695 1808
f 1812 1925 1815
f 1813 1816 1817
f 1817 1697 1814
f 1815 1928 1818
f 1816 1819 1820
f 1820 1700 1817
f 1818 1931 1821
f 1819 1822 1823
f 1823 1703 1820
f 1823 1824 1825
f 1825 1704 1703
f 1824 1827 1826
f 1826 1706 1704
f 1827 1829 1828
f 1826 1708 1706
f 1829 1831 1830
f 1828 1711 1708
f 1831 1726 1832
f 1830 1713 1711
f 1831 1833 1834
f 1834 1727 1726
f 1834 1835 1836
f 1836 1729 1727
f 1836 1837 1838
f 1838 1731 1729
f 1838 1839 1840
f 1840 1733 1731
f 1837 1943 1841
f 1839 1842 1843
f 1843 1737 1840
f 1841 1946 1844
f 1842 1845 1846
f 1846 1740 1843
f 1846 1847 1848
f 1848 1741 1740
f 1845 1951 1849
f 1847 1850 1851
f 1851 1745 1848
f 1849 1954 1852
f 1850 1853 1854
f 1854 1749 1851
f 1852 1957 1855
f 1853 1856 1857
f 1857 1751 1854
f 1855 1960 1858
f 1856 1859 1860
f 1860 1754 1857
f 1860 1861 1862
f 1862 1755 1754
f 1861 1864 1863
f 1862 1758 1755
f 1864 1866 1865
f 1863 1760 1758
f 1866 1868 1867
f 1865 1763 1760
f 1868 1871 1869
f 1867 1870 1763
f 1871 1977 1872
f 1869 1873 1870
f 1873 1874 1875
f 1875 1879 1876
f 1876 1764 1870
f 1875 1877 1878
f 1878 1773 1879
f 1874 1980 1880
f 1877 1881 1882
f 1882 1776 1878
f 1880 1982 1883
f 1881 1884 1885
f 1885 1779 1882
f 1883 1994 1886
f 1884 1887 1888
f 1888 1782 1885
f 1886 1993 1889
f 1887 1890 1891
f 1891 1785 1888
f 1891 1892 1893
f 1893 1786 1785
f 1890 1998 1894
f 1894 1896 1895
f 1895 1789 1893
f 1896 1897 1793
f 1895 1791 1789
f 1897 1898 1899
f 1899 94 93
f 1897 1794 1793
f 1899 1900 1901
f 1901 1902 94
f 1902 1903 1904
f 1904 1906 1905
f 1902 90 94
f 1905 1800 1798
f 1798 91 90
f 1906 1907 1908
f 1906 1802 1800
f 1907 1910 1909
f 1908 1804 1802
f 1910 1912 1911
f 1909 1806 1804
f 1912 1914 1913
f 1911 1809 1806
f 1914 1917 1915
f 1913 1916 1809
f 1917 67 1918
f 1915 1919 1916
f 1918 71 1920
f 1919 1921 1922
f 1922 1810 1916
f 1920 2066 1923
f 1921 1924 1925
f 1925 1812 1922
f 1923 2065 1926
f 1924 1927 1928
f 1928 1815 1925
f 1926 2068 1929
f 1927 1930 1931
f 1931 1818 1928
f 1930 1932 1933
f 1933 1935 1934
f 1930 1821 1931
f 1935 1937 1936
f 1934 1822 1821
f 1937 1939 1938
f 1936 1824 1822
f 1939 1941 1940
f 1938 1827 1824
f 1941 1835 1833
f 1940 1829 1827
f 1941 1942 1943
f 1943 1837 1835
f 1939 1937 1944
f 1942 1945 1946
f 1946 1841 1943
f 1944 2077 1947
f 1945 1948 1949
f 1949 1844 1946
f 1949 1950 1951
f 1951 1845 1844
f 1948 2079 1952
f 1950 1953 1954
f 1954 1849 1951
f 1952 2082 1955
f 1953 1956 1957
f 1957 1852 1954
f 1955 2085 1958
f 1956 1959 1960
f 1960 1855 1957
f 1958 2088 1961
f 1959 1962 1963
f 1963 1858 1960
f 1963 1964 1965
f 1965 1859 1858
f 1965 1966 1967
f 1967 1861 1859
f 1966 1969 1968
f 1967 1864 1861
f 1969 1971 1970
f 1968 1866 1864
f 1971 1973 1972
f 1970 1868 1866
f 1973 1975 1974
f 1972 1871 1868
f 1975 1978 1976
f 1974 1977 1871
f 1978 76 1979
f 1976 1980 1977
f 1979 1981 1982
f 1982 1880 1980
f 1975 1983 1984
f 1984 73 1978
f 1984 1985 1986
f 1986 74 73
f 1986 1987 1988
f 1988 1989 74
f 1989 1990 1991
f 1991 1993 1992
f 1989 75 74
f 1993 1886 1994
f 1992 1981 75
f 1991 1995 1996
f 1996 1889 1993
f 1996 1997 1998
f 1998 1890 1889
f 1995 2099 1999
f 1997 2000 2001
f 2001 1894 1998
f 2000 1900 1898
f 2001 1896 1894
f 1999 2102 2002
f 2002 2003 1900
f 2003 2004 2005
f 2005 2006 1903
f 2003 1901 1900
f 2006 2007 2008
f 2008 1910 1907
f 2006 1904 1903
f 2008 2009 2010
f 2010 1912 1910
f 2009 2012 2011
f 2010 1914 1912
f 2012 2014 2013
f 2011 1917 1914
f 2014 2015 68
f 2013 67 1917
f 2015 2017 2018
f 2018 69 68
f 2014 2019 2016
f 2019 2021 2016
f 2014 2012 2022
f 2022 2023 2020
f 2023 2025 2020
f 2022 2105 2026
f 2023 2027 2024
f 2028 2049 2024
f 2026 2103 2029
f 2027 2030 2028
f 2031 2045 2028
f 2029 2100 2032
f 2030 2033 2031
f 2034 2040 2031
f 2032 2096 2035
f 2033 2036 2034
f 2037 2038 2034
f 2035 1987 1985
f 2036 1983 2037
f 1969 1966 2039
f 2038 2040 2034
f 2038 1971 1969
f 1966 1964 2041
f 2039 2042 2040
f 2042 2043 2044
f 2044 2046 2045
f 2045 2031 2040
f 2046 2047 2048
f 2048 2050 2049
f 2049 2028 2045
f 2050 2051 2052
f 2052 2053 2025
f 2050 2024 2049
f 2053 2054 2055
f 2055 2056 2021
f 2053 2020 2025
f 2056 2057 2058
f 2058 2059 2017
f 2056 2016 2021
f 2059 2060 2061
f 2061 2063 2062
f 2059 2018 2017
f 2062 69 2018
f 2063 2066 70
f 2063 2064 2065
f 2065 1923 2066
f 2061 2060 2067
f 2067 2069 2068
f 2068 1926 2065
f 2069 2070 2071
f 2071 2072 1932
f 2069 1929 2068
f 2072 2073 2074
f 2074 2076 2075
f 2072 1933 1932
f 2076 1947 2077
f 2075 1935 1933
f 2076 2078 2079
f 2079 1948 1947
f 2074 2073 2080
f 2078 2081 2082
f 2082 1952 2079
f 2080 2091 2083
f 2081 2084 2085
f 2085 1955 2082
f 2083 50 2086
f 2084 2087 2088
f 2088 1958 2085
f 2086 52 2089
f 2087 2047 2090
f 2090 1961 2088
f 2090 2044 2043
f 2043 1962 1961
f 52 54 2051
f 2089 2048 2047
f 2091 51 50
f 2092 2093 51
f 2091 2073 2092
f 2094 2057 2095
f 2093 53 51
f 2093 2070 2094
f 2095 2055 2054
f 2054 54 53
f 2094 2058 2057
f 2094 2067 2060
f 2092 2071 2070
f 2052 2051 54
f 2041 1964 1962
f 2037 1973 1971
f 2096 2097 1987
f 2097 2098 2099
f 2099 1995 1990
f 2097 1988 1987
f 2096 2032 2100
f 2098 2101 2102
f 2102 1999 2099
f 2100 2029 2103
f 2101 2104 2004
f 2004 2002 2102
f 2103 2026 2105
f 2104 2009 2007
f 2104 2005 2004
f 2105 2012 2009
f 2077 1937 1935
f 2066 71 70
f 1994 1982 1981
f 1980 1872 1977
f 1769 1766 1876
f 1832 1716 1713
f 2106 1107 1719
f 1720 2107 2106
f 1114 1110 2106
f 2107 2108 1114
f 1589 1115 2108
f 1195 1192 1189
f 1198 1196 1195
f 1159 1150 1583
f 1145 1131 1130
f 1143 1134 1133
f 1651 2109 1652
f 2110 4 1652
f 2109 1039 2110
f 2111 5 4
f 2110 1038 2111
f 2112 32 5
f 2111 1521 2112
f 1024 1021 1511
f 975 973 1339
f 927 915 62
f 916 909 1490
f 1476 1241 1240
f 832 828 1191
f 2113 254 253
f 792 249 248
f 786 785 2114
f 788 244 243
f 784 239 238
f 238 234 2115
f 2115 231 2116
f 2116 228 2117
f 2118 222 2119
f 773 128 127
f 2117 225 2118
f 762 2121 2122
f 2122 757 756
f 761 766 2120
f 2122 208 2123
f 2123 2124 757
f 2124 203 2125
f 2125 2126 752
f 2124 751 757
f 2126 198 2127
f 2127 2128 747
f 2126 746 752
f 2128 193 2129
f 2129 2130 742
f 2128 741 747
f 2130 188 2131
f 2131 2132 737
f 2130 736 742
f 2132 2133 2134
f 2134 16 732
f 2132 731 737
f 2133 181 2135
f 2134 17 16
f 2131 184 2133
f 2129 189 188
f 2127 194 193
f 2125 199 198
f 2123 204 203
f 2121 209 208
f 2120 2136 213
f 2136 214 213
f 2136 766 125
f 125 128 218
f 723 2138 2139
f 2139 103 719
f 722 726 2137
f 2138 2141 2142
f 2142 105 2139
f 2137 2143 2140
f 2143 2145 2140
f 2143 726 21
f 21 18 2144
f 2145 2147 2148
f 2148 2141 2140
f 2144 2149 2146
f 2150 2204 2151
f 2149 2152 2146
f 2149 18 2150
f 2151 2203 2153
f 2152 2154 2155
f 2155 2147 2146
f 2154 2157 2156
f 2155 42 2147
f 2157 2159 2158
f 2156 39 42
f 2159 2161 2160
f 2158 390 39
f 2161 2162 386
f 2160 385 390
f 2162 2163 2164
f 2164 2165 382
f 2162 381 386
f 2165 2166 2167
f 2165 2168 2169
f 2165 378 382
f 2167 2202 2170
f 2168 2171 2172
f 2172 375 2169
f 2171 2173 2174
f 2174 2176 2175
f 2171 372 2172
f 2176 2177 2178
f 2176 358 362
f 362 369 2175
f 2177 2180 2181
f 2181 355 2178
f 2174 2173 2179
f 2179 2184 2182
f 2180 146 2183
f 2183 352 2181
f 2184 2186 2185
f 2185 147 146
f 2186 151 2185
f 2186 2187 2188
f 2188 2189 155
f 2189 156 155
f 2189 2190 2191
f 2191 2192 159
f 2192 160 159
f 2192 2194 2195
f 2195 2196 2193
f 2197 163 2193
f 2196 2198 2199
f 2196 2200 2197
f 2201 166 2197
f 2200 2157 2154
f 2200 2153 2201
f 2199 2159 2157
f 2195 2194 2163
f 2198 2161 2159
f 2191 2190 2166
f 2194 2164 2163
f 2188 2187 2202
f 2190 2167 2166
f 2184 2179 2173
f 2173 2170 2202
f 2203 169 2201
f 2204 172 2203
f 2205 175 2204
f 2150 17 2205
f 2147 42 41
f 2148 2206 2141
f 2142 2206 2207
f 2207 14 105
f 81 619 618
f 620 483 482
f 610 490 488
f 2208 493 492
f 2209 495 2208
f 592 498 2209
f 571 522 521
f 567 525 524
f 563 528 527
f 559 531 530
f 555 534 533
f 519 514 574
f 476 110 109
f 455 59 58
f 451 56 59
f 117 442 441
f 439 57 56
f 435 60 57
f 545 37 396
f 365 914 915
f 146 145 348
f 265 264 87
f 219 218 128
f 2135 2205 17
f 40 12 2207
f 40 544 12
f 2 5 32

