{
  "name": "BTG_7",
  "source_file": "BTG_7.stl",
  "canonical_scale_factor": 154.41322745658383,
  "source_unit_scale": 0.001,
  "centroid_offset": [
    109.98803143724619,
    152.57911778004942,
    78.14829714168137
  ],
  "original_bbox": [
    188.89874267578125,
    284.2393493652344,
    209.97918701171875
  ],
  "normalised_bbox": [
    1.223332649587249,
    1.8407707296005686,
    1.359852329171465
  ],
  "export_bbox": [
    0.18889874267578127,
    0.28423934936523443,
    0.20997918701171875
  ],
  "export_bbox_scale_factor": 0.15441322745658384,
  "export_bbox_target_size": null,
  "export_bbox_target_axis": null,
  "volume_m3": 1610442.2235329861,
  "surface_area_m2": 103892.55025208519,
  "export_volume_m3": 0.0016104422235329867,
  "export_surface_area_m2": 0.10389255025208521,
  "n_faces": 19200,
  "n_vertices": 9602,
  "is_watertight": true,
  "mass_kg": 0.05,
  "inertia": {
    "ixx": 0.00023251402147531368,
    "iyy": 0.000139405406821338,
    "izz": 0.00022442926132439472,
    "ixy": -1.1801768952764677e-05,
    "ixz": -3.001425935772085e-05,
    "iyz": 1.330747987218452e-05
  },
  "point_cloud_counts": [
    100,
    1024
  ],
  "point_cloud_space": "unit_sphere",
  "urdf_file": "BTG_7.urdf"
}