{
  "name": "BTG_6",
  "source_file": "BTG_6.stl",
  "canonical_scale_factor": 155.31137763731363,
  "source_unit_scale": 0.001,
  "centroid_offset": [
    105.89176905331372,
    142.94062944659342,
    85.55135287934063
  ],
  "original_bbox": [
    175.67771911621094,
    283.8056945800781,
    209.645263671875
  ],
  "normalised_bbox": [
    1.131132321332293,
    1.827333572707256,
    1.3498384140371416
  ],
  "export_bbox": [
    0.08436122217945367,
    0.13628475697835285,
    0.1006725881714911
  ],
  "export_bbox_scale_factor": 0.07458121440654233,
  "export_bbox_target_size": 0.13628475697835285,
  "export_bbox_target_axis": "max",
  "volume_m3": 1880247.353909039,
  "surface_area_m2": 118164.14727974859,
  "export_volume_m3": 0.00020820613502345713,
  "export_surface_area_m2": 0.027248216588333738,
  "n_faces": 20480,
  "n_vertices": 10242,
  "is_watertight": true,
  "mass_kg": 0.05,
  "inertia": {
    "ixx": 5.435795041689916e-05,
    "iyy": 3.2330712432818154e-05,
    "izz": 5.501312829490031e-05,
    "ixy": 5.497354652705628e-08,
    "ixz": -4.966899385198311e-06,
    "iyz": 5.467043501810374e-06
  },
  "point_cloud_counts": [
    100,
    1024
  ],
  "point_cloud_space": "unit_sphere",
  "urdf_file": "BTG_6.urdf"
}