# https://github.com/mikedh/trimesh

o Stage1_3Dcross_NEW_Rescaled_5.stl
v 0.02333583 0.02369737 -0.02346673
v 0.02424086 0.02489195 -0.02247717
v 0.02570424 0.02358629 -0.02315833
v 0.02409316 0.02265343 -0.02441267
v 0.02303163 0.02369615 -0.02584025
v 0.02233876 0.02496202 -0.02436958
v 0.04799672 0.00168907 0.00659442
v 0.04799672 0.00123912 0.00472706
v 0.04799672 0.00493639 0.00739324
v 0.04799672 0.00319078 0.00989024
v 0.04799672 -0.00033119 0.00792102
v -0.02850963 -0.02321571 0.02349781
v -0.02363365 -0.02820033 0.02308901
v -0.02200902 -0.02580214 0.02466158
v -0.02961253 -0.02756849 0.01822712
v -0.03101158 -0.02291444 0.02380324
v -0.03145677 -0.02711146 0.01887926
v -0.02656431 -0.02124135 0.02535167
v -0.03118260 -0.01690443 0.02840683
v -0.02341539 -0.03082484 0.02333626
v -0.01849107 -0.03047499 0.02739542
v -0.02765330 -0.02952724 0.01811184
v -0.02728343 -0.03139076 0.01864680
v -0.02955260 0.02354088 0.02319009
v -0.03197642 0.02299962 0.02375679
v -0.03227220 0.01692784 0.02839572
v -0.02758775 0.02163829 0.02500342
v -0.02403697 0.02596178 0.02266326
v -0.03074010 0.02817735 0.01729795
v -0.03264708 0.02758995 0.01819992
v -0.02601402 0.02749083 0.02038462
v -0.01629222 0.01986217 0.04799749
v -0.01750487 0.01730431 0.04799749
v -0.01412096 0.01665221 0.04799749
v -0.01815208 0.02258873 0.04799749
v -0.02067003 0.01993151 0.04799749
v -0.01356749 0.02046398 0.04799749
v 0.02302077 -0.02368397 0.02901552
v 0.02275197 -0.02396132 0.03119733
v 0.01604506 -0.02888099 0.03158336
v 0.02074208 -0.02573964 0.02728763
v 0.02469997 -0.02336586 0.02340012
v 0.02766274 -0.01807631 0.02985385
v 0.02724831 -0.01868275 0.03165163
v 0.02685744 -0.02147182 0.02514321
v -0.00278282 0.01632384 -0.04800251
v -0.00366661 0.01920983 -0.04800251
v -0.00011729 0.01960631 -0.04800251
v -0.00052598 0.01557262 -0.04800251
v -0.00208702 0.01257555 -0.04800251
v -0.00454454 0.01457604 -0.04800251
v -0.00697410 0.01776232 -0.04800251
v -0.01778917 0.04800768 -0.00096545
v -0.01672960 0.04800768 0.00174079
v -0.01319578 0.04800768 -0.00028431
v -0.01585387 0.04800768 -0.00314061
v -0.02088536 0.04800768 -0.00546087
v -0.02201036 0.04800768 -0.00133262
v -0.02198363 0.04800768 0.00314719
v 0.00068227 -0.04799232 -0.00967388
v 0.00290785 -0.04799232 -0.01231414
v 0.00153603 -0.04799232 -0.00785435
v -0.00187840 -0.04799232 -0.00968070
v -0.00015550 -0.04799232 -0.01353384
v -0.00199486 -0.04799232 -0.00704331
v 0.04799672 -0.00425746 -0.02304915
v 0.04799672 -0.00171620 -0.02226296
v 0.04799672 -0.00377992 -0.01984352
v 0.04799672 -0.00455873 -0.02544700
v 0.04799672 -0.00635780 -0.02172007
v 0.04799672 -0.00537123 -0.01043945
v 0.04799672 -0.00331776 -0.01179476
v 0.04799672 -0.00505775 -0.00864097
v 0.04799672 -0.00763197 -0.01109741
v 0.04799672 -0.00572133 -0.01346931
v -0.04800328 0.00526549 -0.02694356
v -0.04800328 0.00588829 -0.02911011
v -0.04800328 0.00268102 -0.02640052
v -0.04800328 0.00454454 -0.02366869
v -0.04800328 0.00731749 -0.02543653
v -0.04800328 0.00590416 0.00541600
v -0.04800328 0.00382848 0.00655671
v -0.04800328 0.00643175 0.00869997
v -0.04800328 0.00561363 0.00349661
v -0.04800328 0.00846178 0.00625541
v -0.04800328 0.00933019 0.00362030
v -0.02708555 -0.02394716 -0.02276381
v -0.02812230 -0.01931727 -0.02684803
v -0.02360814 -0.02310536 -0.02622817
v -0.02950511 -0.02408485 -0.02260971
v -0.03009117 -0.01962465 -0.02659878
v -0.02999620 -0.02860805 -0.01659701
v -0.02555028 -0.02616371 -0.02102540
v -0.02226561 -0.02542641 -0.02443150
v 0.04799672 0.00300133 0.02557342
v 0.04799672 -0.00009047 0.02478188
v 0.04799672 0.00229869 0.02182202
v 0.04799672 0.00564317 0.02407112
v 0.04799672 0.00359410 0.02847229
v -0.04800328 -0.00154896 0.02572499
v -0.04800328 0.00166271 0.02470082
v -0.04800328 -0.00112807 0.02179485
v -0.04800328 -0.00156459 0.02896180
v -0.04800328 -0.00440199 0.02431710
v -0.04800328 -0.00633461 0.02822108
v 0.02193300 0.04800768 0.00549044
v 0.02454530 0.04800768 0.00604830
v 0.02479128 0.04800768 0.00188176
v 0.02114760 0.04800768 0.00290403
v 0.01779494 0.04800768 0.00467968
v 0.02002785 0.04800768 0.00748945
v 0.02295461 0.04800768 0.00979247
v -0.02209617 0.03069176 0.02456649
v -0.02185191 0.03357164 0.02479193
v -0.02534202 0.03327062 0.02118542
v -0.02005125 0.02826256 0.02626408
v -0.02561424 0.03094811 0.02084688
v 0.03117018 0.02138463 0.02518057
v 0.03385085 0.02039586 0.02598423
v 0.03330971 0.02476158 0.02188833
v 0.02664052 0.02456334 0.02212626
v 0.02542153 0.02279942 0.02392729
v 0.03087135 0.02546080 0.02104193
v 0.03094643 -0.02401356 -0.02270251
v 0.03105104 -0.01936610 -0.02673730
v 0.03329726 -0.02008485 -0.02621332
v 0.02653749 -0.02114784 -0.02543309
v 0.03368141 -0.02448402 -0.02218622
v 0.03319435 -0.02919032 -0.01545913
v 0.02885365 -0.02564149 -0.02082901
v 0.02486330 -0.02289491 -0.02384494
v 0.03092751 -0.02363099 0.02309800
v 0.03342616 -0.02381459 0.02291497
v 0.03372585 -0.01912977 0.02692047
v 0.02842848 -0.02537904 0.02115225
v 0.03266982 -0.02822938 0.01713514
v 0.03177687 -0.01854555 0.02731760
v 0.02389272 0.00094200 -0.04800251
v 0.02617885 0.00106603 -0.04800251
v 0.02268385 -0.00162465 -0.04800251
v 0.02239369 0.00355651 -0.04800251
v 0.02006105 0.00112242 -0.04800251
v -0.02308531 0.02366222 -0.03051861
v -0.01847667 0.02738414 -0.03080170
v -0.01907518 0.02697081 -0.03317106
v -0.02121385 0.02719103 -0.02537145
v -0.02338389 0.02338829 -0.03328919
v -0.02736339 0.01849498 -0.03242487
v -0.02459288 0.02209606 -0.02805668
v -0.02382371 -0.02290785 -0.03160113
v -0.02407530 -0.02263417 -0.03384946
v -0.01813206 -0.02760365 -0.03428871
v -0.02913475 -0.01557020 -0.03305927
v -0.01725584 -0.02815590 -0.03277476
v -0.02112327 -0.02540419 -0.02908238
v 0.02283241 -0.02388368 -0.03078728
v 0.02219216 -0.02447255 -0.03370073
v 0.02619814 -0.02009730 -0.03325616
v 0.01576686 -0.02901967 -0.03311788
v 0.02677419 -0.01931044 -0.03088192
v 0.00529408 -0.00062855 0.04799749
v 0.00331166 -0.00035267 0.04799749
v 0.00641152 -0.00360243 0.04799749
v 0.00888881 -0.00165297 0.04799749
v 0.00661427 0.00131700 0.04799749
v 0.00438661 0.00282164 0.04799749
v 0.02509145 0.00038439 0.04799749
v 0.02379543 0.00329186 0.04799749
v 0.02109413 0.00020690 0.04799749
v 0.02865321 0.00025401 0.04799749
v 0.02804982 0.00528649 0.04799749
v 0.02370595 -0.00287953 0.04799749
v 0.02305007 0.03194444 -0.02369787
v 0.02282973 0.03524401 -0.02387657
v 0.02623280 0.03304112 -0.02005831
v 0.02172133 0.02901940 -0.02489533
v 0.01872279 0.03361901 -0.02720855
v 0.02451113 0.02888878 -0.02216997
v 0.03273183 0.02385900 -0.02289450
v 0.03558486 0.02391905 -0.02279415
v 0.03413100 0.01883580 -0.02714490
v 0.03452223 0.02831481 -0.01701842
v 0.03032924 0.02204064 -0.02462416
v 0.02874916 0.02369689 -0.02302775
v 0.02252980 0.02419664 -0.03293556
v 0.02706178 0.01895372 -0.03422131
v 0.02674086 0.01939586 -0.03629208
v 0.02455531 0.02211119 -0.03051020
v 0.02010048 0.02621520 -0.03083538
v 0.02282240 0.02388976 -0.02896157
v -0.02412242 0.03148741 -0.02260291
v -0.02468077 0.03440587 -0.02196587
v -0.02012437 0.03413829 -0.02619485
v -0.01925767 0.03183067 -0.02682676
v -0.02302330 0.02560753 -0.02371256
v 0.02404311 0.03116588 0.02267449
v 0.02371828 0.03396837 0.02301741
v 0.01879543 0.03322057 0.02715279
v 0.02789784 0.03205821 0.01768089
v 0.02746706 0.03440514 0.01833914
v 0.02270339 0.02866246 0.02399449
v 0.02727394 0.02641515 0.01988083
v 0.01575551 -0.04799232 0.01202756
v 0.01572975 -0.04799232 0.00965744
v 0.01915334 -0.04799232 0.01343505
v 0.01688197 -0.04799232 0.01631017
v 0.01338075 -0.04799232 0.01320812
v 0.01201576 -0.04799232 0.01034996
v -0.04800328 -0.00838881 -0.00939688
v -0.04800328 -0.00614564 -0.01041203
v -0.04800328 -0.00886635 -0.01274477
v -0.04800328 -0.00825819 -0.00728902
v -0.04800328 -0.01106239 -0.01038556
v -0.02627721 -0.00047206 -0.04800251
v -0.02460387 -0.00374721 -0.04800251
v -0.02899266 -0.00092518 -0.04800251
v -0.02524705 0.00231676 -0.04800251
v -0.02212584 -0.00075429 -0.04800251
v -0.02870726 0.00366173 -0.04800251
v -0.02528404 -0.01096962 0.04799749
v -0.02537633 -0.00805824 0.04799749
v -0.02862034 -0.00825184 0.04799749
v -0.02255260 -0.01309291 0.04799749
v -0.02147618 -0.00938905 0.04799749
v -0.02729405 -0.01234047 0.04799749
v -0.00601915 -0.04799232 0.02603873
v -0.00866307 -0.04799232 0.02403135
v -0.00553331 -0.04799232 0.02225244
v -0.00675743 -0.04799232 0.02849594
v -0.00337999 -0.04799232 0.02561458
v -0.01515098 -0.04799232 -0.02192976
v -0.01649559 -0.04799232 -0.01964345
v -0.01673607 -0.04799232 -0.02400258
v -0.01318614 -0.04799232 -0.02594336
v -0.01245262 -0.04799232 -0.02245973
v -0.01310594 -0.04799232 -0.01900765
v -0.00213414 0.04800768 0.02410569
v -0.00256090 0.04800768 0.02640464
v 0.00192250 0.04800768 0.02589578
v 0.00068398 0.04800768 0.02283113
v -0.00154600 0.04800768 0.01965027
v -0.00452464 0.04800768 0.02226022
v 0.00391908 0.04800768 -0.02399895
v 0.00673525 0.04800768 -0.02235189
v 0.00495876 0.04800768 -0.02758998
v 0.00022023 0.04800768 -0.02789872
v 0.00099550 0.04800768 -0.02308532
v 0.00361635 0.04800768 -0.01973422
v 0.00629604 -0.00659974 -0.04800251
v 0.00422621 -0.00594276 -0.04800251
v 0.00779884 -0.00473451 -0.04800251
v 0.00723305 -0.01032387 -0.04800251
v 0.00405641 -0.01113441 -0.04800251
v 0.01023049 -0.00869252 -0.04800251
v 0.01289113 -0.00662587 -0.04800251
v 0.01565273 -0.01056410 -0.04800251
v 0.01252138 -0.01311659 -0.04800251
v 0.01007411 -0.00302235 -0.04800251
v 0.00741591 -0.00061098 -0.04800251
v 0.00970693 0.00181359 -0.04800251
v 0.01249330 -0.00085609 -0.04800251
v 0.01537294 -0.00421205 -0.04800251
v 0.01833766 -0.00768617 -0.04800251
v 0.01773634 -0.00156386 -0.04800251
v 0.02066408 -0.00464564 -0.04800251
v 0.02561940 -0.00319594 -0.04800251
v 0.02392079 -0.00719301 -0.04800251
v 0.02154238 -0.01092885 -0.04800251
v 0.02735231 -0.00915932 -0.04800251
v 0.02494191 -0.01371498 -0.04800251
v 0.01857424 -0.01440809 -0.04800251
v 0.02175893 -0.01786049 -0.04800251
v 0.01500282 -0.01744398 -0.04800251
v 0.01775820 -0.02150429 -0.04800251
v 0.01061672 -0.01995399 -0.04800251
v 0.00878005 -0.01517323 -0.04800251
v 0.01273403 -0.02456337 -0.04800251
v 0.00680580 -0.02663148 -0.04800251
v 0.00555068 -0.02155287 -0.04800251
v 0.00461977 -0.01633510 -0.04800251
v 0.00015785 -0.02190956 -0.04800251
v 0.00019399 -0.01645277 -0.04800251
v 0.00058779 -0.01107020 -0.04800251
v -0.00422862 -0.01557753 -0.04800251
v -0.00302586 -0.01025307 -0.04800251
v -0.00153880 -0.00518934 -0.04800251
v 0.00151857 -0.00578139 -0.04800251
v 0.00018044 -0.00118080 -0.04800251
v 0.00302455 -0.00202626 -0.04800251
v 0.00210939 0.00222008 -0.04800251
v 0.00487843 0.00095983 -0.04800251
v 0.00552101 -0.00290687 -0.04800251
v 0.00416445 0.00539903 -0.04800251
v 0.00698586 0.00380748 -0.04800251
v 0.00628993 0.00860753 -0.04800251
v 0.00924037 0.00673326 -0.04800251
v 0.01208693 0.00443028 -0.04800251
v 0.01489894 0.00159606 -0.04800251
v 0.01457021 0.00727574 -0.04800251
v 0.01737685 0.00427599 -0.04800251
v 0.01999098 0.00696422 -0.04800251
v 0.01720644 0.01031603 -0.04800251
v 0.02296755 0.00960533 -0.04800251
v 0.02518251 0.00546764 -0.04800251
v 0.02008363 0.01345152 -0.04800251
v 0.02619277 0.01190880 -0.04800251
v 0.02834657 0.00683824 -0.04800251
v 0.02933498 0.00134020 -0.04800251
v 0.03206679 0.00805162 -0.04800251
v 0.03302089 0.00162389 -0.04800251
v 0.03270741 -0.00481019 -0.04800251
v 0.03300905 0.00164342 -0.04404637
v 0.03269899 -0.00477455 -0.04401047
v 0.03121828 -0.01079823 -0.04387548
v 0.03124465 -0.01080433 -0.04800251
v 0.03270021 -0.00467592 -0.04102878
v 0.03126161 -0.01068617 -0.04078135
v 0.02880837 -0.01618080 -0.04036622
v 0.02874428 -0.01629945 -0.04381434
v 0.03132521 -0.01050111 -0.03868623
v 0.02890773 -0.01593617 -0.03786478
v 0.02568105 -0.02072255 -0.03722715
v 0.02908144 -0.01566298 -0.03603712
v 0.02587477 -0.02050599 -0.03529058
v 0.02191615 -0.02470766 -0.03537951
v 0.02929091 -0.01525966 -0.03413477
v 0.03140480 -0.01026234 -0.03693650
v 0.03148525 -0.00998427 -0.03524626
v 0.02959853 -0.01468422 -0.03203387
v 0.03162172 -0.00961391 -0.03343141
v 0.03028810 -0.01405238 -0.02993766
v 0.02817177 -0.01823695 -0.02757732
v 0.03199611 -0.00925746 -0.03174202
v 0.03353859 -0.00964931 -0.03161438
v 0.03218385 -0.01473475 -0.02957777
v 0.03525380 -0.01001991 -0.03147908
v 0.03417348 -0.01526967 -0.02929153
v 0.03693715 -0.01031410 -0.03139467
v 0.03605995 -0.01566664 -0.02908582
v 0.03531044 -0.02046840 -0.02590932
v 0.03534670 -0.02468178 -0.02195287
v 0.03788674 -0.01594008 -0.02891052
v 0.03727699 -0.02067372 -0.02572499
v 0.03724819 -0.02481703 -0.02180808
v 0.03805251 -0.02880775 -0.01612304
v 0.03638747 -0.02889369 -0.01601194
v 0.04007448 -0.02087025 -0.02560289
v 0.04010402 -0.02495814 -0.02164812
v 0.04049696 -0.02878529 -0.01623317
v 0.04101113 -0.03164052 -0.00943869
v 0.03911855 -0.03168812 -0.00923125
v 0.04375404 -0.02506605 -0.02153003
v 0.04389467 -0.02877821 -0.01624230
v 0.04401662 -0.03159901 -0.00963012
v 0.04416005 -0.03295985 -0.00238281
v 0.04799672 -0.02884096 -0.01618496
v 0.04799672 -0.03162733 -0.00973196
v 0.04799672 -0.03297059 -0.00254784
v 0.04799672 -0.03272450 0.00467137
v 0.04799672 -0.02771596 -0.00242893
v 0.04799672 -0.02743812 0.00360807
v 0.04799672 -0.02595643 0.00935115
v 0.04799672 -0.02246840 0.00258627
v 0.04799672 -0.02120277 0.00739174
v 0.04799672 -0.01906703 0.01174826
v 0.04799672 -0.01643910 0.00551424
v 0.04799672 -0.01464613 0.00920961
v 0.04799672 -0.01211244 0.01258429
v 0.04799672 -0.01612025 0.01558987
v 0.04799672 -0.01185805 0.00381903
v 0.04799672 -0.01045326 0.00698394
v 0.04799672 -0.00831727 0.00993656
v 0.04799672 -0.00555678 0.01260296
v 0.04799672 -0.00900551 0.01551740
v 0.04799672 -0.00650429 0.00506867
v 0.04799672 -0.00497352 0.00762886
v 0.04799672 -0.00263197 0.01008536
v 0.04799672 0.00071007 0.01238522
v 0.04799672 -0.00220473 0.01497823
v 0.04799672 -0.00205433 0.00582681
v 0.04799672 0.00155406 0.01711495
v 0.04799672 -0.00152821 0.01996944
v 0.04799672 -0.00539564 0.01794451
v 0.04799672 0.00458556 0.01448085
v 0.04799672 0.00731114 0.01172211
v 0.04799672 0.00876451 0.01663250
v 0.04799672 0.00543736 0.01927728
v 0.04799672 0.00942369 0.02187947
v 0.04799672 0.01323326 0.01903407
v 0.04799672 0.01326476 0.02493447
v 0.04799672 0.00845128 0.02729404
v 0.04799672 0.01762462 0.02169791
v 0.04799672 0.01691759 0.02840982
v 0.04799672 0.01091051 0.03121280
v 0.04395863 0.01162364 0.03093232
v 0.04412050 0.00497472 0.03267071
v 0.04799672 0.00455016 0.03274898
v 0.04799672 -0.00191444 0.03300650
v 0.04417738 -0.00169301 0.03300756
v 0.04402004 -0.00819765 0.03200512
v 0.04127052 -0.00148573 0.03301262
v 0.04105837 -0.00803456 0.03203805
v 0.04061000 -0.01419276 0.02982669
v 0.04387416 -0.01428407 0.02978910
v 0.03916750 -0.00785853 0.03208291
v 0.03829140 -0.01400917 0.02989833
v 0.03744032 -0.01948085 0.02666388
v 0.04017482 -0.01960170 0.02660480
v 0.03663429 -0.01377162 0.03002411
v 0.03544325 -0.01931264 0.02679288
v 0.03523195 -0.02388759 0.02280804
v 0.03496242 -0.01344496 0.03017533
v 0.03758595 -0.00764711 0.03213780
v 0.03607179 -0.00739613 0.03219476
v 0.03331398 -0.01302553 0.03036464
v 0.03459767 -0.00711513 0.03228276
v 0.03156300 -0.01249013 0.03060553
v 0.02931215 -0.01765028 0.02792101
v 0.03312685 -0.00679335 0.03237382
v 0.03059645 -0.01249769 0.03167080
v 0.03238747 -0.00672450 0.03310089
v 0.03042043 -0.01288441 0.03332161
v 0.03233351 -0.00689100 0.03456847
v 0.03029201 -0.01316176 0.03497335
v 0.02701222 -0.01902040 0.03352741
v 0.02268276 -0.02405263 0.03305822
v 0.02691774 -0.01914393 0.03532080
v 0.02270619 -0.02400770 0.03492216
v 0.01733351 -0.02813099 0.03607002
v 0.01704250 -0.02830873 0.03445748
v 0.02278578 -0.02392885 0.03694377
v 0.01757863 -0.02795473 0.03774862
v 0.01117507 -0.03107411 0.03890490
v 0.02289150 -0.02382118 0.03986550
v 0.01783742 -0.02781141 0.04030038
v 0.01148549 -0.03097182 0.04092247
v 0.00470180 -0.03269691 0.04132604
v 0.01179067 -0.03086268 0.04402562
v 0.00494911 -0.03266688 0.04420521
v -0.00192979 -0.03298891 0.04425537
v 0.00512538 -0.03265687 0.04799749
v -0.00183848 -0.03300551 0.04799749
v -0.00848009 -0.03195424 0.04799749
v -0.00164793 -0.02741029 0.04799749
v -0.00735069 -0.02670375 0.04799749
v -0.01252696 -0.02477577 0.04799749
v -0.01441331 -0.02975184 0.04799749
v -0.00169688 -0.02190077 0.04799749
v -0.00656212 -0.02117103 0.04799749
v -0.01104149 -0.01978383 0.04799749
v -0.01519700 -0.01772230 0.04799749
v -0.01702513 -0.02245473 0.04799749
v -0.00602476 -0.01575990 0.04799749
v -0.01003648 -0.01459633 0.04799749
v -0.01391173 -0.01299281 0.04799749
v -0.01770677 -0.01116810 0.04799749
v -0.01903502 -0.01542470 0.04799749
v -0.00933104 -0.00949672 0.04799749
v -0.01300426 -0.00831239 0.04799749
v -0.01676036 -0.00694105 0.04799749
v -0.02066099 -0.00554359 0.04799749
v -0.01220189 -0.00380653 0.04799749
v -0.01594066 -0.00277357 0.04799749
v -0.01997227 -0.00159462 0.04799749
v -0.02431077 -0.00046693 0.04799749
v -0.02490916 -0.00446058 0.04799749
v -0.01502452 0.00134337 0.04799749
v -0.01907530 0.00237731 0.04799749
v -0.02349327 0.00358556 0.04799749
v -0.02802257 0.00476940 0.04799749
v -0.02875242 0.00022203 0.04799749
v -0.01794884 0.00626598 0.04799749
v -0.02234312 0.00760948 0.04799749
v -0.02666759 0.00922740 0.04799749
v -0.03120396 0.01095104 0.04799749
v -0.03255748 0.00588072 0.04799749
v -0.02083897 0.01126842 0.04799749
v -0.02506883 0.01331481 0.04799749
v -0.02915831 0.01567858 0.04799749
v -0.02898399 0.01584093 0.04369873
v -0.03114989 0.01106188 0.04393212
v -0.02301720 0.01683434 0.04799749
v -0.02660741 0.01964000 0.04799749
v -0.02636668 0.01989977 0.04347943
v -0.02354564 0.02318736 0.04335665
v -0.02621995 0.02011022 0.03965477
v -0.02894249 0.01592247 0.04029323
v -0.02374058 0.02305162 0.04799749
v -0.02041441 0.02603404 0.04799749
v -0.02030528 0.02607457 0.04342449
v -0.01624144 0.02876183 0.04361167
v -0.01605150 0.02886778 0.04010610
v -0.02020750 0.02615099 0.03959733
v -0.02341978 0.02333605 0.03939418
v -0.01638060 0.02873937 0.04799749
v -0.01153038 0.03099962 0.04799749
v -0.01453502 0.02499059 0.04799749
v -0.01055174 0.02640587 0.04799749
v -0.00590758 0.02743688 0.04799749
v -0.01013060 0.02150084 0.04799749
v -0.00625926 0.02223326 0.04799749
v -0.00186876 0.02261705 0.04799749
v -0.00699962 0.01743785 0.04799749
v -0.00318370 0.01756847 0.04799749
v 0.00065321 0.01728966 0.04799749
v -0.00450694 0.01297106 0.04799749
v -0.00105369 0.01269054 0.04799749
v 0.00234633 0.01204210 0.04799749
v -0.00257310 0.00832555 0.04799749
v 0.00055641 0.00788268 0.04799749
v 0.00354006 0.00710216 0.04799749
v -0.00082847 0.00377867 0.04799749
v 0.00193727 0.00345323 0.04799749
v 0.00097414 -0.00050404 0.04799749
v -0.00173802 -0.00056605 0.04799749
v 0.00095070 -0.00544496 0.04799749
v 0.00376308 -0.00488051 0.04799749
v -0.00208861 -0.00554823 0.04799749
v -0.00208458 -0.01074794 0.04799749
v 0.00146425 -0.01056337 0.04799749
v 0.00492360 -0.00964540 0.04799749
v 0.00645973 -0.01463490 0.04799749
v 0.01028346 -0.01256410 0.04799749
v 0.00820644 -0.00790980 0.04799749
v 0.01355959 -0.00981605 0.04799749
v 0.01116042 -0.00548744 0.04799749
v 0.01635915 -0.00660731 0.04799749
v 0.01378725 -0.00269545 0.04799749
v 0.01138783 0.00084068 0.04799749
v 0.01630409 0.00042198 0.04799749
v 0.01395351 0.00374791 0.04799749
v 0.00889272 0.00375597 0.04799749
v 0.01143813 0.00671276 0.04799749
v 0.00627992 0.00584484 0.04799749
v 0.00866445 0.00915050 0.04799749
v 0.01431825 0.01024059 0.04799749
v 0.01141420 0.01293224 0.04799749
v 0.00810341 0.01503990 0.04799749
v 0.00563088 0.01086998 0.04799749
v 0.01086110 0.01937755 0.04799749
v 0.00684352 0.02122789 0.04799749
v 0.00445021 0.01644249 0.04799749
v 0.00922597 0.02591539 0.04799749
v 0.00433461 0.02734801 0.04799749
v 0.00250893 0.02225426 0.04799749
v 0.00588002 0.03256017 0.04799749
v -0.00016661 0.03310289 0.04799749
v -0.00087096 0.02780675 0.04799749
v 0.00019447 0.03306529 0.04409359
v -0.00576658 0.03255089 0.04401587
v -0.00607725 0.03253185 0.04799749
v -0.00545897 0.03259581 0.04107144
v -0.01103453 0.03114903 0.04065541
v -0.01132225 0.03105919 0.04382822
v -0.01078404 0.03124327 0.03859709
v -0.01582152 0.02899523 0.03767038
v -0.01054051 0.03134215 0.03697988
v -0.01558201 0.02914244 0.03580566
v -0.02005955 0.02626354 0.03664034
v -0.01992503 0.02639269 0.03445678
v -0.02330479 0.02346276 0.03618771
v -0.02321641 0.02355968 0.03372301
v -0.02612340 0.02027550 0.03452091
v -0.02614781 0.02021031 0.03668852
v -0.02900780 0.01583360 0.03603137
v -0.02894493 0.01590172 0.03785068
v -0.03124144 0.01081871 0.03726864
v -0.03117576 0.01093395 0.03884708
v -0.03114989 0.01102696 0.04088685
v -0.03255614 0.00559825 0.03939852
v -0.03254637 0.00571886 0.04129795
v -0.03253538 0.00583263 0.04413501
v -0.03305809 0.00038219 0.04423738
v -0.03308189 0.00051134 0.04799749
v -0.03272728 -0.00472084 0.04799749
v -0.02895311 -0.00414149 0.04799749
v -0.03171336 -0.00947377 0.04799749
v -0.03148302 -0.01007265 0.04396344
v -0.02975816 -0.01441249 0.04799749
v -0.03267161 -0.00498671 0.04415290
v -0.02936278 -0.01513466 0.04371252
v -0.02692686 -0.01919398 0.04799749
v -0.02443150 -0.01629921 0.04799749
v -0.02646068 -0.01976845 0.04347963
v -0.02350755 -0.02329359 0.04799749
v -0.02095250 -0.01947670 0.04799749
v -0.01942113 -0.02675551 0.04799749
v -0.02318870 -0.02352894 0.04336768
v -0.01930199 -0.02679750 0.04350048
v -0.01432603 -0.02974989 0.04376370
v -0.01415196 -0.02982435 0.04049368
v -0.00836900 -0.03195180 0.04109271
v -0.00847056 -0.03194154 0.04405416
v -0.00825963 -0.03197865 0.03918157
v -0.00202574 -0.03297377 0.03958885
v -0.00199315 -0.03297767 0.04145359
v -0.00204014 -0.03297890 0.03821421
v 0.00432204 -0.03275868 0.03813469
v 0.00450881 -0.03271962 0.03950765
v 0.00411257 -0.03278700 0.03678166
v 0.01049355 -0.03133607 0.03601600
v 0.01086232 -0.03121376 0.03741558
v 0.01005885 -0.03149135 0.03467453
v 0.01660964 -0.02855580 0.03292456
v 0.00387978 -0.03283266 0.03549569
v 0.00957045 -0.03164100 0.03337617
v 0.00363527 -0.03287904 0.03422438
v 0.00901393 -0.03180067 0.03222647
v 0.01495314 -0.02947133 0.03025842
v 0.00336659 -0.03291493 0.03312804
v 0.00887843 -0.03297597 0.03184180
v 0.01445107 -0.03081264 0.02972457
v 0.01442629 -0.03265053 0.02973294
v 0.01937489 -0.02995424 0.02677771
v 0.01950685 -0.02757338 0.02669441
v 0.02316969 -0.02830067 0.02354719
v 0.02340798 -0.02586830 0.02332843
v 0.02622487 -0.02903969 0.02011615
v 0.02656606 -0.02668519 0.01970056
v 0.02918520 -0.02963197 0.01554274
v 0.03075331 -0.02874891 0.01632163
v 0.02896462 -0.03142958 0.01591343
v 0.03142238 -0.03192152 0.01037606
v 0.03251161 -0.03132460 0.01060329
v 0.03361403 -0.03270692 0.00470913
v 0.03505251 -0.03268666 0.00481422
v 0.03410231 -0.03115443 0.01100817
v 0.03562343 -0.03102235 0.01130654
v 0.03645473 -0.03266933 0.00488674
v 0.03716029 -0.03094838 0.01152378
v 0.03605849 -0.02786317 0.01770885
v 0.03431252 -0.02795253 0.01757807
v 0.03780898 -0.02777894 0.01779020
v 0.03721144 -0.02391884 0.02277483
v 0.03870668 -0.03087538 0.01165502
v 0.04035011 -0.02779359 0.01784614
v 0.04005312 -0.02398207 0.02272179
v 0.04371156 -0.02404115 0.02264851
v 0.04375697 -0.01962416 0.02657714
v 0.04799672 -0.01959364 0.02662462
v 0.04799672 -0.01425892 0.02982507
v 0.04799672 -0.01610121 0.02252642
v 0.04799672 -0.01159169 0.02541959
v 0.04799672 -0.00828163 0.03200622
v 0.04799672 -0.00659584 0.02749807
v 0.04799672 -0.00138441 0.02856952
v 0.04799672 -0.00862855 0.02147940
v 0.04799672 -0.00439589 0.02349173
v 0.04799672 -0.01258558 0.01883022
v 0.04799672 -0.02006703 0.01889662
v 0.04799672 -0.02414345 0.02258484
v 0.04799672 -0.02797597 0.01762235
v 0.04799672 -0.02342982 0.01450825
v 0.04380458 -0.02784779 0.01778395
v 0.04395546 -0.03088270 0.01173904
v 0.04799672 -0.03097230 0.01155767
v 0.04087966 -0.03085707 0.01174446
v 0.04125160 -0.03266322 0.00494541
v 0.04412978 -0.03268056 0.00486764
v 0.03936086 -0.03265761 0.00495650
v 0.03958290 -0.03297352 -0.00207166
v 0.04129909 -0.03295912 -0.00220767
v 0.03806142 -0.03298598 -0.00192722
v 0.03753639 -0.03177797 -0.00898358
v 0.03606667 -0.03186024 -0.00868264
v 0.03479714 -0.02899257 -0.01582007
v 0.03662538 -0.03299525 -0.00177836
v 0.03464198 -0.03196644 -0.00833183
v 0.03524696 -0.03300624 -0.00162809
v 0.03315895 -0.03210292 -0.00786853
v 0.03142861 -0.02965956 -0.01457335
v 0.03010158 -0.03043275 -0.01372168
v 0.02732326 -0.02689345 -0.01925141
v 0.02700173 -0.02924843 -0.01908201
v 0.02352663 -0.02771107 -0.02319651
v 0.02356398 -0.02530800 -0.02318377
v 0.01959902 -0.02662269 -0.02710423
v 0.02110951 -0.02541420 -0.02857117
v 0.01951357 -0.02892885 -0.02669566
v 0.01420375 -0.03016029 -0.02986333
v 0.01499660 -0.02944374 -0.03125051
v 0.00824111 -0.03199965 -0.03311245
v 0.00855934 -0.03190297 -0.03460960
v 0.00174184 -0.03299965 -0.03525421
v 0.00875575 -0.03184047 -0.03605853
v 0.01600014 -0.02889149 -0.03477592
v 0.00170790 -0.03299818 -0.03663162
v 0.00889552 -0.03180165 -0.03755112
v 0.01607167 -0.02885683 -0.03640284
v 0.01604787 -0.02884218 -0.03810371
v 0.02173378 -0.02487391 -0.03731357
v 0.00896169 -0.03176430 -0.03913427
v 0.01597597 -0.02891444 -0.04051236
v 0.02151637 -0.02505580 -0.04010848
v 0.02554958 -0.02094227 -0.04008639
v 0.02128725 -0.02526088 -0.04374349
v 0.02543324 -0.02109511 -0.04372775
v 0.02539992 -0.02119813 -0.04800251
v 0.02876918 -0.01630141 -0.04800251
v 0.02106435 -0.02552089 -0.04800251
v 0.01576186 -0.02903847 -0.04388974
v 0.01544301 -0.02926210 -0.04800251
v 0.00881020 -0.03183851 -0.04404715
v 0.00850575 -0.03194594 -0.04800251
v 0.00120021 -0.03302406 -0.04419733
v 0.00088002 -0.03305263 -0.04800251
v 0.00037013 -0.02732094 -0.04800251
v -0.00679539 -0.03237587 -0.04800251
v -0.00605492 -0.02657289 -0.04800251
v -0.00524388 -0.02106117 -0.04800251
v -0.01204295 -0.02446034 -0.04800251
v -0.01023289 -0.01916469 -0.04800251
v -0.00841392 -0.01387904 -0.04800251
v -0.01473741 -0.01628432 -0.04800251
v -0.01234886 -0.01136854 -0.04800251
v -0.00660509 -0.00881117 -0.04800251
v -0.01008262 -0.00675551 -0.04800251
v -0.00469566 -0.00405360 -0.04800251
v -0.00791014 -0.00231312 -0.04800251
v -0.00277330 -0.00005263 -0.04800251
v -0.00578819 0.00151695 -0.04800251
v -0.00365221 0.00493614 -0.04800251
v -0.00075218 0.00346593 -0.04800251
v -0.00152537 0.00816002 -0.04800251
v 0.00131850 0.00674986 -0.04800251
v 0.00047963 0.01133043 -0.04800251
v 0.00335292 0.01007433 -0.04800251
v 0.00222231 0.01483800 -0.04800251
v 0.00529457 0.01370714 -0.04800251
v 0.00847072 0.01207213 -0.04800251
v 0.01158522 0.00989269 -0.04800251
v 0.01070107 0.01577794 -0.04800251
v 0.01408229 0.01331774 -0.04800251
v 0.01669484 0.01686901 -0.04800251
v 0.01292116 0.01971642 -0.04800251
v 0.01950893 0.02043492 -0.04800251
v 0.02319008 0.01644859 -0.04800251
v 0.01516066 0.02375426 -0.04800251
v 0.02265285 0.02409679 -0.04800251
v 0.02675209 0.01943590 -0.04800251
v 0.02992543 0.01406017 -0.04800251
v 0.02661611 0.01957701 -0.04322631
v 0.02985903 0.01414586 -0.04354776
v 0.03203847 0.00807823 -0.04384825
v 0.02988722 0.01406407 -0.04008524
v 0.03204848 0.00799108 -0.04077676
v 0.03300722 0.00163097 -0.04110078
v 0.03209096 0.00784459 -0.03884541
v 0.03300966 0.00159947 -0.03923109
v 0.03271718 -0.00459047 -0.03913987
v 0.03213613 0.00764342 -0.03712199
v 0.03301076 0.00155260 -0.03760911
v 0.03273927 -0.00448378 -0.03751603
v 0.03301625 0.00149230 -0.03607480
v 0.03276137 -0.00436757 -0.03594373
v 0.03302248 0.00142491 -0.03457626
v 0.03278871 -0.00423671 -0.03438940
v 0.03303420 0.00130748 -0.03304358
v 0.03282802 -0.00408754 -0.03283138
v 0.03455385 0.00135997 -0.03303182
v 0.03443251 -0.00428773 -0.03278591
v 0.03606593 0.00137169 -0.03302750
v 0.03593410 -0.00444301 -0.03275491
v 0.03760780 0.00136705 -0.03302521
v 0.03750429 -0.00459779 -0.03272843
v 0.03929921 0.00134972 -0.03302412
v 0.03913381 -0.00474599 -0.03270023
v 0.03868141 -0.01057460 -0.03130618
v 0.04106654 -0.00488978 -0.03267814
v 0.04078090 -0.01077406 -0.03123557
v 0.04036501 -0.01617982 -0.02881466
v 0.04388039 -0.01092250 -0.03117971
v 0.04380873 -0.01629310 -0.02875342
v 0.04373720 -0.02098646 -0.02551764
v 0.04799672 -0.02105531 -0.02553530
v 0.04799672 -0.02520302 -0.02142074
v 0.04799672 -0.02154042 -0.01856453
v 0.04799672 -0.02459828 -0.01383730
v 0.04799672 -0.02674721 -0.00836429
v 0.04799672 -0.02048549 -0.01198499
v 0.04799672 -0.02212343 -0.00733954
v 0.04799672 -0.02278383 -0.00242904
v 0.04799672 -0.01746254 -0.00661204
v 0.04799672 -0.01787465 -0.00253282
v 0.04799672 -0.01752479 0.00153420
v 0.04799672 -0.01306630 -0.00285855
v 0.04799672 -0.01271596 0.00047790
v 0.04799672 -0.00811244 -0.00050874
v 0.04799672 -0.00746718 0.00232894
v 0.04799672 -0.00324525 0.00106382
v 0.04799672 -0.00277504 0.00356835
v 0.04799672 0.00125841 0.00249752
v 0.04799672 0.00114635 0.00002920
v 0.04799672 0.00629503 0.00205184
v 0.04799672 0.00594713 0.00476855
v 0.04799672 0.00620348 -0.00081386
v 0.04799672 0.01152135 0.00191436
v 0.04799672 0.01091149 0.00531745
v 0.04799672 0.01604991 0.00609436
v 0.04799672 0.01438072 0.01000001
v 0.04799672 0.00952501 0.00862211
v 0.04799672 0.01185826 0.01357812
v 0.04799672 0.01932823 0.01152809
v 0.04799672 0.01658238 0.01561779
v 0.04799672 0.02129894 0.01782671
v 0.04799672 0.02431188 0.01315888
v 0.04799672 0.02618224 0.02020915
v 0.04799672 0.02205431 0.02463858
v 0.04799672 0.02948717 0.01500023
v 0.04372243 0.02652208 0.01971736
v 0.04371645 0.02272814 0.02398110
v 0.04005177 0.02334166 0.02339312
v 0.04031276 0.01861119 0.02731227
v 0.04382533 0.01782823 0.02783029
v 0.04084242 0.01210509 0.03072631
v 0.03755080 0.01925743 0.02683303
v 0.03858644 0.01241612 0.03058599
v 0.03931447 0.00537657 0.03259239
v 0.03697060 0.01256212 0.03055396
v 0.03784059 0.00542687 0.03258464
v 0.03801296 -0.00123183 0.03302654
v 0.03636379 0.00542613 0.03258293
v 0.03658461 -0.00111659 0.03303385
v 0.03517226 -0.00100526 0.03304169
v 0.03495632 0.00541515 0.03259079
v 0.03379494 -0.00089540 0.03305174
v 0.03350282 0.00524669 0.03262791
v 0.03305434 -0.00083070 0.03369265
v 0.03263722 0.00520714 0.03325338
v 0.03305202 -0.00079677 0.03507221
v 0.03259511 0.00540148 0.03465900
v 0.03304592 -0.00074574 0.03647017
v 0.03228493 -0.00702016 0.03606333
v 0.03255946 0.00557652 0.03610695
v 0.03304384 -0.00069154 0.03791280
v 0.03226320 -0.00710267 0.03755819
v 0.03021706 -0.01334682 0.03662929
v 0.03224758 -0.00714516 0.03913221
v 0.03016017 -0.01343641 0.03830260
v 0.02684682 -0.01918568 0.03736209
v 0.03015712 -0.01344325 0.04057465
v 0.02690114 -0.01913978 0.04003515
v 0.02704335 -0.01894838 0.04364836
v 0.02304250 -0.02366859 0.04358969
v 0.01801283 -0.02768617 0.04378495
v 0.02325197 -0.02353847 0.04799749
v 0.01815505 -0.02765663 0.04799749
v 0.01198000 -0.03082094 0.04799749
v 0.01524623 -0.02258998 0.04799749
v 0.01001869 -0.02526649 0.04799749
v 0.00424648 -0.02689882 0.04799749
v 0.00821217 -0.01993275 0.04799749
v 0.00328688 -0.02138075 0.04799749
v 0.00230898 -0.01587709 0.04799749
v -0.00188829 -0.01618910 0.04799749
v -0.00570042 -0.01034633 0.04799749
v -0.00532970 -0.00524330 0.04799749
v -0.00867515 -0.00465639 0.04799749
v -0.00472606 -0.00041762 0.04799749
v -0.00791514 -0.00005433 0.04799749
v -0.01134923 0.00054918 0.04799749
v -0.01035582 0.00475279 0.04799749
v -0.01398009 0.00535338 0.04799749
v -0.01281200 0.00925963 0.04799749
v -0.01663414 0.00998033 0.04799749
v -0.01527061 0.01348473 0.04799749
v -0.01918822 0.01455065 0.04799749
v -0.01163768 0.01311656 0.04799749
v -0.00922435 0.00888219 0.04799749
v -0.00806163 0.01304088 0.04799749
v -0.01056322 0.01704601 0.04799749
v -0.00696629 0.00433483 0.04799749
v -0.00581419 0.00860900 0.04799749
v -0.00380479 0.00403551 0.04799749
v 0.01266640 -0.01757435 0.04799749
v 0.01976125 -0.01920253 0.04799749
v 0.01643862 -0.01452650 0.04799749
v 0.02323854 -0.01491127 0.04799749
v 0.01960524 -0.01100648 0.04799749
v 0.02607277 -0.01039711 0.04799749
v 0.02194753 -0.00715541 0.04799749
v 0.01880287 -0.00320228 0.04799749
v 0.01897719 0.00364635 0.04799749
v 0.02217641 0.00692906 0.04799749
v 0.01677797 0.00705748 0.04799749
v 0.02010048 0.01052477 0.04799749
v 0.01751149 0.01400694 0.04799749
v 0.02407240 0.01406774 0.04799749
v 0.02115590 0.01789733 0.04799749
v 0.01443141 0.01694103 0.04799749
v 0.01776088 0.02117394 0.04799749
v 0.02142690 0.02520763 0.04799749
v 0.01690663 0.02842003 0.04799749
v 0.01381923 0.02390270 0.04799749
v 0.01720534 0.02819420 0.04348512
v 0.01202419 0.03078380 0.04374208
v 0.01167482 0.03094542 0.04799749
v 0.01219716 0.03071178 0.04054564
v 0.00646230 0.03239733 0.04097985
v 0.00625099 0.03245445 0.04397376
v 0.00655654 0.03237413 0.03916590
v 0.00063173 0.03305162 0.03942528
v 0.00047646 0.03305113 0.04117481
v 0.00075746 0.03305211 0.03791546
v -0.00502623 0.03266442 0.03770045
v -0.00523045 0.03262853 0.03918985
v -0.00481285 0.03270055 0.03624374
v -0.01025596 0.03143712 0.03538961
v -0.00992308 0.03154894 0.03385849
v -0.01528697 0.02929503 0.03397628
v -0.01494139 0.02948522 0.03216662
v -0.01971654 0.02653942 0.03227393
v -0.01944615 0.02674278 0.03015634
v -0.02312486 0.02363561 0.03140624
v -0.02298985 0.02373546 0.02910997
v -0.02619456 0.02015758 0.03018598
v -0.02611790 0.02025231 0.03235672
v -0.02913548 0.01560973 0.03254628
v -0.02906700 0.01572936 0.03424795
v -0.03137242 0.01045421 0.03428639
v -0.03129295 0.01065123 0.03573921
v -0.03263927 0.00516637 0.03527209
v -0.03260618 0.00532945 0.03660050
v -0.03258128 0.00547716 0.03798946
v -0.03306322 0.00008238 0.03823580
v -0.03305687 0.00016197 0.03964746
v -0.03261961 -0.00524013 0.03941756
v -0.03264281 -0.00515321 0.04132704
v -0.03305675 0.00025914 0.04148234
v -0.03136485 -0.01042665 0.04095038
v -0.03129857 -0.01059584 0.03884759
v -0.02914354 -0.01556288 0.04034493
v -0.02902012 -0.01576478 0.03781510
v -0.02615941 -0.02017958 0.03966419
v -0.02598302 -0.02041859 0.03666252
v -0.02296751 -0.02375380 0.03941938
v -0.02280113 -0.02390785 0.03626376
v -0.01889793 -0.02706215 0.03704634
v -0.01912535 -0.02691078 0.03979061
v -0.01868175 -0.02725551 0.03497898
v -0.01374681 -0.03003895 0.03652378
v -0.01394493 -0.02992103 0.03822973
v -0.01346715 -0.03015541 0.03486775
v -0.00795787 -0.03206215 0.03620327
v -0.00812559 -0.03202650 0.03766927
v -0.00776915 -0.03212953 0.03481019
v -0.00205211 -0.03298207 0.03552944
v -0.00204869 -0.03297963 0.03683954
v -0.00204515 -0.03298524 0.03427046
v -0.00754234 -0.03219716 0.03341509
v -0.00205052 -0.03299330 0.03299333
v -0.00737047 -0.03251381 0.03225153
v -0.00215916 -0.03428993 0.03298397
v 0.00331606 -0.03405678 0.03291697
v -0.00764354 -0.03372816 0.03217451
v -0.00228380 -0.03555141 0.03297380
v 0.00330837 -0.03544227 0.03290489
v 0.00326723 -0.03675087 0.03289665
v 0.00890163 -0.03598891 0.03182931
v 0.00890834 -0.03449208 0.03183054
v 0.00884987 -0.03751185 0.03184922
v 0.01425417 -0.03628676 0.02980789
v 0.01434902 -0.03446278 0.02975646
v 0.01911550 -0.03457509 0.02695200
v 0.01924135 -0.03227724 0.02685855
v 0.02289198 -0.03337440 0.02385775
v 0.02307301 -0.03077455 0.02365618
v 0.02588527 -0.03142103 0.02053472
v 0.02569093 -0.03377455 0.02080115
v 0.02877760 -0.03335097 0.01622322
v 0.02860365 -0.03532045 0.01653594
v 0.03114821 -0.03507533 0.01104760
v 0.03127809 -0.03347572 0.01072866
v 0.03104555 -0.03671107 0.01133566
v 0.03258962 -0.03759511 0.00538957
v 0.03262673 -0.03611146 0.00517198
v 0.03266896 -0.03468495 0.00495224
v 0.03303285 -0.03636049 -0.00114437
v 0.03303041 -0.03496181 -0.00124172
v 0.03271523 -0.03327943 0.00471579
v 0.03302858 -0.03357948 -0.00132559
v 0.03219203 -0.03417006 -0.00756487
v 0.03220912 -0.03267299 -0.00752294
v 0.03386830 -0.03301674 -0.00146530
v 0.03216371 -0.03568300 -0.00758466
v 0.03002675 -0.03403676 -0.01377065
v 0.03008840 -0.03217836 -0.01371473
v 0.03002199 -0.03594887 -0.01379084
v 0.02695766 -0.03410023 -0.01911012
v 0.02695351 -0.03168593 -0.01911496
v 0.02360158 -0.03288222 -0.02316236
v 0.02356825 -0.03026063 -0.02316252
v 0.01967580 -0.03140101 -0.02656087
v 0.01979189 -0.03388197 -0.02647834
v 0.01452187 -0.03377919 -0.02968161
v 0.01435243 -0.03190492 -0.02978112
v 0.01466469 -0.03572426 -0.02961533
v 0.00840090 -0.03556508 -0.03197301
v 0.00821987 -0.03400892 -0.03202231
v 0.00188783 -0.03493031 -0.03300243
v 0.00178285 -0.03356947 -0.03300954
v 0.00802480 -0.03255726 -0.03207791
v -0.00425181 -0.03473378 -0.03279248
v -0.00424449 -0.03332387 -0.03279828
v 0.00175221 -0.03300087 -0.03384989
v -0.00444603 -0.03275160 -0.03366678
v -0.00983653 -0.03204994 -0.03159052
v -0.01032762 -0.03142323 -0.03264820
v -0.00476451 -0.03269594 -0.03508294
v -0.01100719 -0.03115614 -0.03415462
v -0.00506688 -0.03263905 -0.03645939
v -0.01160802 -0.03091322 -0.03559717
v -0.00536558 -0.03259047 -0.03788915
v 0.00165761 -0.03299965 -0.03806704
v -0.01212559 -0.03071889 -0.03708085
v -0.00564574 -0.03253578 -0.03931303
v 0.00157692 -0.03300258 -0.03951479
v 0.00143544 -0.03300648 -0.04136063
v 0.00893630 -0.03178114 -0.04105828
v -0.00598021 -0.03248256 -0.04120147
v -0.00639891 -0.03241371 -0.04409876
v -0.01308714 -0.03033217 -0.04075954
v -0.01359788 -0.03011073 -0.04394769
v -0.01403819 -0.02992933 -0.04800251
v -0.01993577 -0.02635243 -0.04378078
v -0.02034984 -0.02606654 -0.04800251
v -0.01733067 -0.02116273 -0.04800251
v -0.02543834 -0.02116322 -0.04800251
v -0.02175767 -0.01692348 -0.04800251
v -0.01862950 -0.01262269 -0.04800251
v -0.02529698 -0.01195302 -0.04800251
v -0.02192711 -0.00836439 -0.04800251
v -0.01585960 -0.00822816 -0.04800251
v -0.01908092 -0.00458729 -0.04800251
v -0.01341270 -0.00403383 -0.04800251
v -0.01661534 -0.00080922 -0.04800251
v -0.01111192 -0.00002992 -0.04800251
v -0.01433751 0.00285729 -0.04800251
v -0.00887804 0.00363487 -0.04800251
v -0.01204527 0.00634606 -0.04800251
v -0.00660509 0.00688609 -0.04800251
v -0.00965221 0.00949327 -0.04800251
v -0.00425938 0.00985875 -0.04800251
v -0.00710435 0.01228990 -0.04800251
v -0.01281590 0.01268883 -0.04800251
v -0.01002806 0.01548888 -0.04800251
v -0.01608702 0.01622862 -0.04800251
v -0.01294884 0.01913585 -0.04800251
v -0.00928807 0.02157164 -0.04800251
v -0.00505186 0.02326988 -0.04800251
v -0.01157176 0.02561925 -0.04800251
v -0.00648643 0.02750963 -0.04800251
v -0.00087657 0.02827916 -0.04800251
v -0.00799486 0.03209093 -0.04800251
v -0.00148448 0.03303844 -0.04800251
v 0.00514455 0.03266954 -0.04800251
v -0.00195408 0.03300426 -0.04397800
v 0.00466579 0.03272740 -0.04389156
v 0.01117629 0.03109899 -0.04363268
v 0.00416286 0.03277916 -0.04075686
v 0.01067543 0.03127037 -0.04034332
v 0.01686940 0.02840904 -0.03955833
v 0.01018508 0.03143639 -0.03827532
v 0.01645436 0.02865660 -0.03692654
v 0.02232643 0.02434581 -0.03571609
v 0.02233949 0.02435924 -0.03895985
v 0.01598927 0.02891344 -0.03486797
v 0.00965627 0.03159410 -0.03642713
v 0.01484218 0.02952623 -0.03305973
v 0.00902113 0.03178990 -0.03470640
v 0.01382985 0.03004967 -0.03135908
v 0.01859535 0.02732994 -0.02913806
v 0.02154421 0.02508580 -0.02721601
v 0.01790944 0.02884484 -0.02777374
v 0.02083254 0.02663829 -0.02568082
v 0.02325551 0.02692540 -0.02346971
v 0.01335231 0.03123766 -0.03027548
v 0.01835939 0.03112950 -0.02745304
v 0.01353981 0.03324376 -0.03015619
v 0.00802712 0.03295323 -0.03207007
v 0.00805007 0.03474181 -0.03205321
v 0.01365724 0.03534654 -0.03008694
v 0.00801344 0.03659264 -0.03204252
v 0.01365492 0.03747936 -0.03008511
v 0.01872536 0.03613072 -0.02720932
v 0.00793068 0.03853063 -0.03207329
v 0.01352284 0.03991783 -0.03014843
v 0.01859779 0.03909606 -0.02729108
v 0.02266335 0.03862462 -0.02405067
v 0.01829799 0.04318468 -0.02751303
v 0.02242336 0.04299401 -0.02424856
v 0.02574135 0.04305651 -0.02071329
v 0.02217763 0.04800768 -0.02452204
v 0.02576454 0.04800768 -0.02076248
v 0.02146083 0.04800768 -0.01746143
v 0.02431593 0.04800768 -0.01338561
v 0.02889321 0.04800768 -0.01610492
v 0.02881996 0.04331066 -0.01617511
v 0.03123110 0.04358409 -0.01077783
v 0.03124660 0.04027355 -0.01071186
v 0.02883315 0.03951378 -0.01610162
v 0.03130983 0.03812535 -0.01057875
v 0.02894496 0.03689342 -0.01591662
v 0.02579640 0.03882115 -0.02062120
v 0.03137770 0.03618468 -0.01034848
v 0.02909572 0.03474059 -0.01563316
v 0.02596486 0.03561315 -0.02039759
v 0.03147328 0.03430455 -0.01008267
v 0.02929604 0.03258043 -0.01527794
v 0.03159328 0.03251012 -0.00977473
v 0.02952699 0.03057457 -0.01485890
v 0.02662221 0.03055138 -0.01953646
v 0.02707521 0.02818224 -0.01899706
v 0.02539321 0.02641246 -0.02120606
v 0.03075160 0.02934996 -0.01522768
v 0.02854250 0.02667516 -0.01953780
v 0.02696791 0.02482994 -0.02184495
v 0.03038637 0.02561168 -0.02086491
v 0.02699269 0.02245470 -0.02425637
v 0.02827260 0.02084899 -0.02564247
v 0.02505129 0.02160558 -0.02541999
v 0.02635976 0.01996202 -0.02675319
v 0.02558205 0.02091393 -0.02852261
v 0.02414931 0.02256212 -0.02718697
v 0.02803529 0.01748448 -0.03042456
v 0.02754360 0.01821984 -0.03221589
v 0.02846571 0.01683824 -0.02878546
v 0.03073329 0.01218590 -0.03104841
v 0.03053932 0.01264733 -0.03249132
v 0.03022926 0.01741930 -0.02808274
v 0.03234694 0.01256041 -0.03058255
v 0.03384718 0.00704918 -0.03231886
v 0.03237624 0.00684972 -0.03258306
v 0.03414455 0.01299986 -0.03037518
v 0.03550368 0.00726256 -0.03224273
v 0.03592592 0.01335289 -0.03023150
v 0.03712599 0.00742858 -0.03219810
v 0.03781056 0.01361095 -0.03010911
v 0.03887294 0.00755528 -0.03217358
v 0.04009645 0.01373033 -0.03005899
v 0.04077541 0.00758824 -0.03216405
v 0.04105812 0.00129650 -0.03301855
v 0.04383132 0.00751891 -0.03218436
v 0.04403981 0.00118395 -0.03303788
v 0.04400050 -0.00503724 -0.03266370
v 0.04799672 0.00100133 -0.03305714
v 0.04799672 -0.00514174 -0.03266408
v 0.04799672 -0.01096010 -0.03119454
v 0.04799672 -0.01628847 -0.02878273
v 0.04799672 -0.00481996 -0.02881610
v 0.04799672 -0.00970399 -0.02757187
v 0.04799672 -0.01410072 -0.02537761
v 0.04799672 -0.01803163 -0.02236457
v 0.04799672 -0.01179213 -0.02242071
v 0.04799672 -0.01502064 -0.01965234
v 0.04799672 -0.01802260 -0.01611564
v 0.04799672 -0.01184974 -0.01726219
v 0.04799672 -0.01439369 -0.01402496
v 0.04799672 -0.01625990 -0.01053174
v 0.04799672 -0.01079286 -0.01240361
v 0.04799672 -0.01224232 -0.00935063
v 0.04799672 -0.01294813 -0.00614438
v 0.04799672 -0.00850111 -0.00865297
v 0.04799672 -0.00872743 -0.00602456
v 0.04799672 -0.00853505 -0.00330176
v 0.04799672 -0.00459193 -0.00647945
v 0.04799672 -0.00412562 -0.00404177
v 0.04799672 -0.00368202 -0.00150103
v 0.04799672 -0.00053187 -0.00756831
v 0.04799672 0.00025450 -0.00510356
v 0.04799672 0.00081261 -0.00254381
v 0.04799672 0.00572228 -0.00370775
v 0.04799672 0.00483116 -0.00653509
v 0.04799672 0.00946080 -0.00827771
v 0.04799672 0.01076061 -0.00498923
v 0.04799672 0.01144762 -0.00154371
v 0.04799672 0.01415245 -0.01029618
v 0.04799672 0.01583873 -0.00641522
v 0.04799672 0.01676134 -0.00228687
v 0.04799672 0.02086998 -0.00799478
v 0.04799672 0.02205919 -0.00306903
v 0.04799672 0.02217027 0.00201412
v 0.04799672 0.01683263 0.00194124
v 0.04799672 0.02745006 0.00206230
v 0.04799672 0.02642442 0.00784505
v 0.04799672 0.02123473 0.00694103
v 0.04799672 0.03186705 0.00888316
v 0.04799672 0.03300670 0.00212894
v 0.04381581 0.03190709 0.00862575
v 0.04376833 0.02964025 0.01462550
v 0.04396669 0.03300157 0.00198752
v 0.04077919 0.03196276 0.00832592
v 0.04043251 0.02982018 0.01422401
v 0.03813393 0.03000939 0.01381596
v 0.03746303 0.02716515 0.01876010
v 0.04013710 0.02686705 0.01925339
v 0.03551369 0.02747765 0.01834271
v 0.03518715 0.02428087 0.02239813
v 0.03718996 0.02384117 0.02287554
v 0.03566274 0.01978453 0.02645050
v 0.03353432 0.02781822 0.01781521
v 0.03438832 0.03040563 0.01292961
v 0.03126088 0.02827648 0.01711563
v 0.03626576 0.03021398 0.01340693
v 0.03243605 0.03065734 0.01237217
v 0.02868886 0.02934264 0.01647380
v 0.03077504 0.03157115 0.01205648
v 0.03053163 0.03357311 0.01261280
v 0.03224538 0.03484435 0.00723844
v 0.03034645 0.03563805 0.01304701
v 0.03233791 0.03308922 0.00699084
v 0.03302150 0.03380602 0.00144897
v 0.03346962 0.03231188 0.00711495
v 0.03397096 0.03303063 0.00148340
v 0.03372231 0.03279308 -0.00429252
v 0.03562807 0.03302306 0.00157324
v 0.03539272 0.03275621 -0.00448473
v 0.03437990 0.03136803 -0.01044600
v 0.03262404 0.03155870 -0.00992322
v 0.03707741 0.03272545 -0.00465294
v 0.03617983 0.03118639 -0.01091071
v 0.03256093 0.02882994 -0.01615946
v 0.03881728 0.03270519 -0.00478210
v 0.03805885 0.03106578 -0.01124724
v 0.03667043 0.02807775 -0.01739289
v 0.04025246 0.03095714 -0.01149214
v 0.03940859 0.02793028 -0.01762594
v 0.03881935 0.02395177 -0.02278496
v 0.04325783 0.02787169 -0.01776576
v 0.04306362 0.02392223 -0.02279350
v 0.04322731 0.01926354 -0.02685386
v 0.03920119 0.01932262 -0.02681258
v 0.04799672 0.02392198 -0.02285117
v 0.04799672 0.01906627 -0.02703224
v 0.04799672 0.01342296 -0.03023275
v 0.04353639 0.01367955 -0.03008297
v 0.04799672 0.01984972 -0.01954462
v 0.04799672 0.01573717 -0.02329336
v 0.04799672 0.01094444 -0.02620342
v 0.04799672 0.00569518 -0.02813328
v 0.04799672 0.00727672 -0.03226676
v 0.04799672 0.01241905 -0.01993133
v 0.04799672 0.00833092 -0.02261370
v 0.04799672 0.00396422 -0.02447904
v 0.04799672 -0.00040736 -0.02544901
v 0.04799672 0.00037950 -0.02901164
v 0.04799672 0.00545690 -0.01930391
v 0.04799672 0.00177892 -0.02109620
v 0.04799672 0.00238707 -0.01634869
v 0.04799672 -0.00074501 -0.01823967
v 0.04799672 -0.00053969 -0.01388359
v 0.04799672 -0.00333876 -0.01578245
v 0.04799672 -0.00624623 -0.01762076
v 0.04799672 -0.00871644 -0.01523449
v 0.04799672 -0.00909926 -0.01976682
v 0.04799672 0.00170201 -0.01169055
v 0.04799672 -0.00167396 -0.00983139
v 0.04799672 0.00526525 -0.01401655
v 0.04799672 0.00351109 -0.00922009
v 0.04799672 0.00762779 -0.01130606
v 0.04799672 0.00886974 -0.01681524
v 0.04799672 0.01178575 -0.01379766
v 0.04799672 0.01589366 -0.01658678
v 0.04799672 0.01874889 -0.01256506
v 0.04799672 0.02322618 -0.01499394
v 0.04799672 0.02579381 -0.00971271
v 0.04799672 0.02789586 -0.01778691
v 0.04799672 0.03094762 -0.01167464
v 0.04799672 0.03271202 -0.00486439
v 0.04799672 0.02725035 -0.00392308
v 0.04387587 0.03268810 -0.00492501
v 0.04359169 0.03092442 -0.01167402
v 0.04081825 0.03268395 -0.00487577
v 0.04095607 0.03299645 0.00185414
v 0.03619716 0.01917003 -0.02691342
v 0.03908156 0.03300768 0.00175210
v 0.03731264 0.03301451 0.00166180
v 0.03698952 0.03210826 0.00777499
v 0.03880629 0.03204161 0.00806413
v 0.03523830 0.03219957 0.00745816
v 0.03278896 0.03361192 -0.00425226
v 0.03275966 0.03527770 -0.00439725
v 0.03273573 0.03699840 -0.00451788
v 0.03301662 0.03545104 0.00149216
v 0.03301137 0.03715489 0.00153556
v 0.03271657 0.03877233 -0.00462785
v 0.03301149 0.03891490 0.00157003
v 0.03213320 0.03858824 0.00767340
v 0.03216957 0.03667784 0.00747339
v 0.03209401 0.04058385 0.00780274
v 0.03011061 0.04011168 0.01359681
v 0.03021217 0.03770567 0.01336663
v 0.02722060 0.03955211 0.01871926
v 0.02731520 0.03676061 0.01853211
v 0.02368373 0.03935729 0.02304341
v 0.02367751 0.03628307 0.02304209
v 0.01930434 0.03689879 0.02680250
v 0.01918044 0.03489977 0.02689536
v 0.01946791 0.03973180 0.02670169
v 0.01391774 0.03819225 0.02994939
v 0.01359218 0.03649401 0.03011441
v 0.00800356 0.03914244 0.03204512
v 0.00771169 0.03755773 0.03212017
v 0.01315798 0.03491222 0.03029598
v 0.00738234 0.03607799 0.03219802
v 0.01267543 0.03339000 0.03050780
v 0.01821266 0.03137633 0.02754605
v 0.00702309 0.03465538 0.03230217
v 0.01205226 0.03185875 0.03077398
v 0.01732485 0.02970836 0.02813139
v 0.02156227 0.02682750 0.02507061
v 0.01669777 0.02855943 0.02924332
v 0.02086354 0.02566808 0.02655323
v 0.02462209 0.02205748 0.02609812
v 0.02109694 0.02543907 0.02869725
v 0.02470375 0.02196495 0.02843202
v 0.02806471 0.01747203 0.03052475
v 0.02806435 0.01748644 0.02832006
v 0.02130751 0.02524791 0.03102217
v 0.02470021 0.02196031 0.03079859
v 0.02800002 0.01755553 0.03275309
v 0.03086244 0.01180162 0.03483923
v 0.03094020 0.01161656 0.03315819
v 0.02467397 0.02199962 0.03347677
v 0.02799257 0.01758141 0.03493022
v 0.03081154 0.01195519 0.03656991
v 0.03252870 0.00572984 0.03759650
v 0.02798866 0.01756554 0.03710079
v 0.03075649 0.01206920 0.03839952
v 0.03250112 0.00586070 0.03918249
v 0.03304176 -0.00063026 0.03943020
v 0.03073659 0.01211412 0.04055077
v 0.03248757 0.00596471 0.04102284
v 0.03303847 -0.00055507 0.04116070
v 0.03225527 -0.00712269 0.04098464
v 0.03305080 -0.00040272 0.04410773
v 0.03229811 -0.00699501 0.04401927
v 0.03023561 -0.01329262 0.04385267
v 0.03239772 -0.00671571 0.04799749
v 0.03044399 -0.01294862 0.04799749
v 0.02733571 -0.01863368 0.04799749
v 0.03308986 -0.00020082 0.04799749
v 0.02795876 -0.00512636 0.04799749
v 0.03247975 0.00607970 0.04399211
v 0.03251271 0.00613780 0.04799749
v 0.03084670 0.01193151 0.04799749
v 0.02641396 0.00984899 0.04799749
v 0.02828298 0.01712804 0.04799749
v 0.03075392 0.01208067 0.04374629
v 0.02808009 0.01738414 0.04348545
v 0.02511647 0.02152623 0.04799749
v 0.02490468 0.02172521 0.04327112
v 0.02800002 0.01753380 0.03983216
v 0.02477760 0.02186192 0.03918458
v 0.02148940 0.02508214 0.04326920
v 0.02152944 0.02504137 0.03924082
v 0.02470436 0.02195763 0.03613785
v 0.02151796 0.02505797 0.03614309
v 0.01732521 0.02813097 0.03718890
v 0.01734779 0.02811510 0.03984905
v 0.01725478 0.02820397 0.03511997
v 0.01217763 0.03073155 0.03659460
v 0.01223427 0.03069933 0.03840966
v 0.01208058 0.03075914 0.03489754
v 0.00657167 0.03238072 0.03603421
v 0.00657924 0.03237706 0.03754426
v 0.00652284 0.03241051 0.03453923
v 0.00096779 0.03305406 0.03509164
v 0.00086904 0.03305333 0.03646569
v 0.00104848 0.03305382 0.03369675
v -0.00434727 0.03278575 0.03344044
v -0.00459312 0.03274156 0.03484764
v -0.00427721 0.03361192 0.03278559
v -0.00963475 0.03263243 0.03163173
v -0.00954198 0.03167540 0.03233924
v -0.01459178 0.02967076 0.03044519
v -0.01504637 0.03085777 0.02943045
v -0.01916868 0.02697521 0.02799384
v -0.02291868 0.02381188 0.02686041
v -0.02281639 0.02393370 0.02491334
v -0.02659422 0.02022081 0.02616574
v -0.02628380 0.02004747 0.02803099
v -0.02962181 0.01538902 0.02926971
v -0.02924290 0.01542418 0.03078457
v -0.03177293 0.01002330 0.03153656
v -0.03147716 0.01020275 0.03281459
v -0.03295091 0.00482433 0.03270342
v -0.03267406 0.00498082 0.03389786
v -0.03309080 -0.00014735 0.03421154
v -0.03307908 -0.00007484 0.03556394
v -0.03261961 -0.00527064 0.03521408
v -0.03261217 -0.00528212 0.03656468
v -0.03306822 0.00000011 0.03685102
v -0.03129722 -0.01062318 0.03564674
v -0.03129503 -0.01065028 0.03723468
v -0.03261558 -0.00527553 0.03799343
v -0.02899730 -0.01584584 0.03591600
v -0.02899693 -0.01584462 0.03403852
v -0.02591344 -0.02052797 0.03432537
v -0.02585411 -0.02058070 0.03207783
v -0.02265953 -0.02405433 0.03392881
v -0.02249400 -0.02421425 0.03148811
v -0.02586192 -0.02057533 0.02971280
v -0.02223582 -0.02444130 0.02905902
v -0.01807896 -0.02766127 0.03102439
v -0.01840123 -0.02744227 0.03297969
v -0.01763743 -0.02795204 0.02905908
v -0.01279063 -0.03048231 0.03172112
v -0.01316514 -0.03029506 0.03331201
v -0.01265538 -0.03102650 0.03054883
v -0.01786961 -0.02882020 0.02781320
v -0.01307335 -0.03238905 0.03035961
v -0.01881187 -0.03206654 0.02716402
v -0.01341283 -0.03384828 0.03018809
v -0.00787169 -0.03502064 0.03210774
v -0.01900780 -0.03374525 0.02702983
v -0.01366136 -0.03532167 0.03007712
v -0.00806261 -0.03636732 0.03204283
v -0.01385728 -0.03685658 0.02999539
v -0.00822874 -0.03777431 0.03200854
v -0.00251268 -0.03821889 0.03295581
v -0.00240306 -0.03683046 0.03296409
v -0.00261265 -0.03964100 0.03293835
v 0.00311855 -0.03955800 0.03290289
v 0.00320290 -0.03813588 0.03290061
v 0.00299928 -0.04140419 0.03291333
v 0.00857655 -0.04106947 0.03190119
v 0.00874843 -0.03910438 0.03185250
v 0.01385915 -0.04048329 0.02996032
v 0.01409718 -0.03812807 0.02985410
v 0.01861635 -0.03973671 0.02727203
v 0.01891469 -0.03683558 0.02705309
v 0.02233656 -0.03925160 0.02433111
v 0.02264784 -0.03599550 0.02404731
v 0.02533400 -0.03932631 0.02121316
v 0.02550514 -0.03628065 0.02099121
v 0.02841982 -0.03733729 0.01679309
v 0.02826418 -0.03988295 0.01707261
v 0.03092555 -0.03847767 0.01159810
v 0.03083473 -0.04055141 0.01184125
v 0.03251442 -0.04099696 0.00581655
v 0.03254897 -0.03912123 0.00559480
v 0.03303322 -0.04108095 -0.00073928
v 0.03303529 -0.03935341 -0.00090010
v 0.03303407 -0.03782118 -0.00102908
v 0.03217287 -0.03892396 -0.00751136
v 0.03216029 -0.03727406 -0.00756865
v 0.03220534 -0.04081581 -0.00737346
v 0.03008498 -0.04021181 -0.01360032
v 0.03003334 -0.03785585 -0.01373546
v 0.02705458 -0.03937660 -0.01891935
v 0.02696510 -0.03652821 -0.01905138
v 0.02370217 -0.03900453 -0.02303111
v 0.02362758 -0.03565736 -0.02311301
v 0.01984938 -0.03624769 -0.02640939
v 0.01988930 -0.03929921 -0.02637537
v 0.01474867 -0.03775453 -0.02956521
v 0.01476015 -0.04010267 -0.02954715
v 0.00863942 -0.03887147 -0.03189038
v 0.00853859 -0.03714760 -0.03193437
v 0.00867104 -0.04077528 -0.03187610
v 0.00212453 -0.03937977 -0.03297937
v 0.00205763 -0.03779921 -0.03298809
v -0.00424156 -0.03923964 -0.03277248
v -0.00425304 -0.03768544 -0.03277884
v 0.00198110 -0.03633632 -0.03299413
v -0.00425706 -0.03620082 -0.03278529
v -0.01006773 -0.03693471 -0.03149828
v -0.01000523 -0.03525404 -0.03151774
v -0.00991807 -0.03363466 -0.03154714
v -0.01509495 -0.03364955 -0.02939226
v -0.01499180 -0.03170570 -0.02945383
v -0.01497020 -0.02984877 -0.02948147
v -0.01926085 -0.02921303 -0.02688273
v -0.01932896 -0.02683217 -0.02739825
v -0.01601658 -0.02891273 -0.03096699
v -0.02245775 -0.02782850 -0.02424439
v -0.02265147 -0.03042030 -0.02406009
v -0.02563450 -0.02861586 -0.02087645
v -0.02887706 -0.03138661 -0.01609006
v -0.02899058 -0.02956654 -0.01594705
v -0.02562767 -0.03111171 -0.02087735
v -0.02878087 -0.03337099 -0.01623999
v -0.03123680 -0.03519765 -0.01081318
v -0.03131724 -0.03359364 -0.01063248
v -0.02562633 -0.03365077 -0.02089138
v -0.02873094 -0.03535951 -0.01633084
v -0.03119102 -0.03684266 -0.01095587
v -0.03267345 -0.03769984 -0.00494195
v -0.03268541 -0.03621278 -0.00487179
v -0.02867198 -0.03740809 -0.01638068
v -0.03113621 -0.03858534 -0.01105895
v -0.03266441 -0.03922182 -0.00499622
v -0.03302244 -0.03941347 0.00146020
v -0.03302537 -0.03789223 0.00141946
v -0.03111534 -0.04067714 -0.01111538
v -0.03266124 -0.04115370 -0.00502702
v -0.03301951 -0.04128432 0.00149927
v -0.03205186 -0.04096034 0.00801194
v -0.03266466 -0.04406801 -0.00504208
v -0.03302037 -0.04417348 0.00153259
v -0.03204466 -0.04401967 0.00808570
v -0.02984740 -0.04379799 0.01414869
v -0.03207359 -0.04799232 0.00804087
v -0.02992149 -0.04799232 0.01407228
v -0.02684532 -0.04799232 0.01930912
v -0.02669945 -0.04799232 0.00671939
v -0.02492674 -0.04799232 0.01189202
v -0.02239622 -0.04799232 0.01650415
v -0.01927672 -0.04799232 0.02047219
v -0.02314671 -0.04799232 0.02364459
v -0.02003490 -0.04799232 0.01004003
v -0.01791331 -0.04799232 0.01414716
v -0.01522960 -0.04799232 0.01784593
v -0.01211949 -0.04799232 0.02112780
v -0.01560875 -0.04799232 0.02386721
v -0.01332835 -0.04799232 0.01224479
v -0.01100731 -0.04799232 0.01573285
v -0.00833324 -0.04799232 0.01901565
v -0.00683372 -0.04799232 0.01406349
v -0.00454918 -0.04799232 0.01744619
v -0.00216197 -0.04799232 0.02094362
v 0.00001039 -0.04799232 0.02475634
v -0.00088096 -0.04799232 0.01608451
v 0.00135268 -0.04799232 0.01971092
v 0.00365004 -0.04799232 0.02364162
v 0.00486342 -0.04799232 0.01831727
v 0.00738905 -0.04799232 0.02221912
v 0.00582741 -0.04799232 0.02777361
v 0.00151186 -0.04799232 0.02875812
v -0.00265782 -0.04799232 0.02908362
v 0.00251479 -0.04799232 0.03297723
v -0.00282567 -0.04799232 0.03296228
v -0.00827989 -0.04799232 0.03200936
v -0.00280235 -0.04424769 0.03293511
v -0.00844017 -0.04411293 0.03195408
v -0.01397520 -0.04391176 0.02992987
v -0.01374596 -0.04799232 0.03007284
v -0.00269969 -0.04139247 0.03293564
v -0.00842540 -0.04113002 0.03194348
v -0.01401939 -0.04065785 0.02989832
v -0.01911827 -0.04008192 0.02692762
v -0.01901427 -0.04368739 0.02700917
v -0.00834886 -0.03924183 0.03195964
v -0.01395262 -0.03841029 0.02992298
v -0.01912352 -0.03742445 0.02690222
v -0.02331663 -0.03681605 0.02344074
v -0.02327696 -0.03973256 0.02346400
v -0.01912425 -0.03549843 0.02693841
v -0.02334080 -0.03459291 0.02342552
v -0.02336644 -0.03261342 0.02340851
v -0.02705321 -0.03333143 0.01897287
v -0.02691685 -0.03516762 0.01916203
v -0.02682249 -0.03728236 0.01923577
v -0.03003184 -0.03648939 0.01378363
v -0.02993431 -0.03820497 0.01394300
v -0.02677928 -0.03991713 0.01932364
v -0.02986912 -0.04048866 0.01408505
v -0.02675694 -0.04360267 0.01936918
v -0.02320335 -0.04354140 0.02352169
v -0.01879539 -0.04799232 0.02722470
v -0.03211888 -0.03747401 0.00777146
v -0.03208421 -0.03905604 0.00790892
v -0.03216258 -0.03594960 0.00759282
v -0.03302818 -0.03645521 0.00136612
v -0.03223350 -0.03447523 0.00738246
v -0.03303306 -0.03506923 0.00131156
v -0.03270372 -0.03480092 -0.00479024
v -0.03303905 -0.03369935 0.00124800
v -0.03272679 -0.03338515 -0.00468265
v -0.03141600 -0.03203578 -0.01041303
v -0.03348643 -0.03270228 -0.00476330
v -0.03225853 -0.03131679 -0.01064222
v -0.03488988 -0.03265980 -0.00498753
v -0.03373826 -0.03114003 -0.01108844
v -0.03629979 -0.03262074 -0.00518403
v -0.03526134 -0.03098207 -0.01148535
v -0.03337327 -0.02804921 -0.01746003
v -0.03529149 -0.02787587 -0.01775359
v -0.03404820 -0.02410805 -0.02259688
v -0.03163426 -0.02413392 -0.02258114
v -0.03165245 -0.02828993 -0.01708383
v -0.03226768 -0.01984657 -0.02642685
v -0.03449547 -0.01993178 -0.02637557
v -0.03415013 -0.01467592 -0.02959535
v -0.03238182 -0.01444301 -0.02973021
v -0.03406102 -0.00881703 -0.03186098
v -0.03258360 -0.00855922 -0.03193214
v -0.03062547 -0.01413124 -0.02989208
v -0.03189146 -0.00868007 -0.03289405
v -0.02965269 -0.01460194 -0.03116669
v -0.03178306 -0.00903163 -0.03441696
v -0.02615929 -0.02018031 -0.02886846
v -0.03292662 -0.00312196 -0.03517730
v -0.03169823 -0.00927138 -0.03591199
v -0.03291148 -0.00316517 -0.03655397
v -0.03166331 -0.00941395 -0.03743473
v -0.02888170 -0.01604310 -0.03633247
v -0.02427208 -0.02239613 -0.03537828
v -0.02891209 -0.01597719 -0.03466537
v -0.02884556 -0.01605873 -0.03809121
v -0.02447154 -0.02218202 -0.03728845
v -0.01901524 -0.02698353 -0.03765194
v -0.02470909 -0.02190565 -0.04009277
v -0.01951671 -0.02667250 -0.04024546
v -0.02501744 -0.02157435 -0.04374554
v -0.02890599 -0.01600892 -0.04047069
v -0.02904576 -0.01576649 -0.04386423
v -0.02933006 -0.01531776 -0.04800251
v -0.03172142 -0.00923671 -0.04400886
v -0.03188512 -0.00878773 -0.04800251
v -0.03295445 -0.00261781 -0.04417468
v -0.03300206 -0.00212147 -0.04800251
v -0.02782933 -0.00646840 -0.04800251
v -0.03286253 0.00362145 -0.04414801
v -0.03282518 0.00407579 -0.04800251
v -0.03169346 0.00934801 -0.04400197
v -0.03167332 0.00963878 -0.04800251
v -0.02737437 0.00803795 -0.04800251
v -0.02527550 0.01229039 -0.04800251
v -0.02133006 0.00939098 -0.04800251
v -0.02347325 0.00576012 -0.04800251
v -0.02957335 0.01481871 -0.04800251
v -0.02672874 0.01947643 -0.04800251
v -0.02263609 0.01627526 -0.04800251
v -0.02961217 0.01468932 -0.04390471
v -0.02668431 0.01950231 -0.04379667
v -0.02674388 0.01943419 -0.04024669
v -0.02330076 0.02345128 -0.04367983
v -0.02329588 0.02351988 -0.04800251
v -0.01902562 0.02706407 -0.04800251
v -0.01955174 0.01986217 -0.04800251
v -0.01924876 0.02686901 -0.04371104
v -0.01421825 0.02983336 -0.04377024
v -0.01936754 0.02678966 -0.04008643
v -0.01434971 0.02975939 -0.04039473
v -0.00857591 0.03189317 -0.04072649
v -0.01433201 0.02975401 -0.03800185
v -0.00865257 0.03187657 -0.03870908
v -0.00252244 0.03295885 -0.03899635
v -0.00862926 0.03189317 -0.03686320
v -0.00267943 0.03295348 -0.03726501
v 0.00346022 0.03288902 -0.03716210
v -0.00281322 0.03295152 -0.03558824
v 0.00308998 0.03293077 -0.03553519
v 0.00271669 0.03296422 -0.03386232
v 0.00837148 0.03197936 -0.03303397
v -0.00292015 0.03295348 -0.03387319
v 0.00245290 0.03377526 -0.03297343
v -0.00312157 0.03370128 -0.03293717
v 0.00228407 0.03543395 -0.03297873
v -0.00348826 0.03535973 -0.03289735
v 0.00209425 0.03714781 -0.03298685
v -0.00385264 0.03706774 -0.03283215
v 0.00187831 0.03891442 -0.03299900
v -0.00420091 0.03885021 -0.03278335
v 0.00160463 0.04084117 -0.03301253
v 0.00772658 0.04053429 -0.03212011
v -0.00453526 0.04074352 -0.03272281
v 0.00115907 0.04392613 -0.03303780
v 0.00731862 0.04371617 -0.03223244
v 0.01314980 0.04346031 -0.03031987
v 0.00667568 0.04800768 -0.03241457
v 0.01254677 0.04800768 -0.03062836
v 0.01777187 0.04800768 -0.02789626
v 0.00981142 0.04800768 -0.02621870
v 0.01425453 0.04800768 -0.02390538
v 0.01068361 0.04800768 -0.02027099
v 0.01424135 0.04800768 -0.01761422
v 0.01812270 0.04800768 -0.02096385
v 0.01048329 0.04800768 -0.01451588
v 0.01346742 0.04800768 -0.01148448
v 0.01738307 0.04800768 -0.01439826
v 0.01602529 0.04800768 -0.00809351
v 0.02006520 0.04800768 -0.01072468
v 0.02223439 0.04800768 -0.00674533
v 0.02657619 0.04800768 -0.00879297
v 0.02811916 0.04800768 -0.00377955
v 0.03271633 0.04800768 -0.00476080
v 0.03127870 0.04800768 -0.01071902
v 0.03302260 0.04800768 0.00157591
v 0.03301064 0.04390026 0.00159496
v 0.03270155 0.04383360 -0.00476972
v 0.03300758 0.04082628 0.00158925
v 0.03269374 0.04068663 -0.00469862
v 0.03210732 0.04800768 0.00788022
v 0.03208266 0.04373619 0.00789538
v 0.03010219 0.04800768 0.01367643
v 0.03006276 0.04356578 0.01369947
v 0.02728883 0.04800768 0.01870224
v 0.02718776 0.04342150 0.01878518
v 0.02378664 0.04800768 0.02298339
v 0.02369985 0.04336046 0.02301638
v 0.01953334 0.04349791 0.02664409
v 0.01956484 0.04800768 0.02664920
v 0.01457460 0.04800768 0.02967785
v 0.01443007 0.04372399 0.02972119
v 0.01419801 0.04040050 0.02982176
v 0.00887196 0.04800768 0.03185939
v 0.00860658 0.04393492 0.03190388
v 0.00828517 0.04099840 0.03196820
v 0.00234572 0.04414879 0.03296809
v 0.00204518 0.04122496 0.03298258
v 0.00185939 0.03954332 0.03299424
v -0.00429649 0.04119396 0.03275891
v -0.00436180 0.03940904 0.03274959
v 0.00168886 0.03800841 0.03300318
v -0.00438072 0.03790221 0.03275666
v 0.00151735 0.03658336 0.03301356
v -0.00437340 0.03643859 0.03276185
v 0.00134828 0.03517687 0.03302475
v -0.00434569 0.03501573 0.03277024
v 0.00117861 0.03381236 0.03303676
v 0.00662367 0.03324083 0.03240302
v -0.01022740 0.03571764 0.03141105
v -0.01000413 0.03419127 0.03149838
v -0.01620421 0.03450206 0.02878919
v -0.01593126 0.03276866 0.02894077
v -0.01629234 0.03619371 0.02874609
v -0.02158446 0.03525890 0.02501799
v -0.02140282 0.03716246 0.02515327
v -0.02503624 0.03704234 0.02155297
v -0.02517540 0.03522618 0.02139852
v -0.02830858 0.03584142 0.01702043
v -0.02823448 0.03768419 0.01711617
v -0.03090111 0.03848668 0.01162954
v -0.03095054 0.03680113 0.01154396
v -0.02494224 0.03995690 0.02167212
v -0.02820567 0.04024669 0.01720880
v -0.03089171 0.04069249 0.01167173
v -0.03262498 0.04105065 0.00525855
v -0.03261326 0.03909996 0.00528394
v -0.02822777 0.04374303 0.01718373
v -0.03093284 0.04386608 0.01163380
v -0.03264354 0.04402379 0.00517385
v -0.03300206 0.04406481 -0.00192000
v -0.03300816 0.04112609 -0.00175240
v -0.03102330 0.04800768 0.01144605
v -0.03268724 0.04800768 0.00499598
v -0.03300438 0.04800768 -0.00208646
v -0.03180809 0.04800768 -0.00910543
v -0.03178038 0.04385509 -0.00905209
v -0.02724425 0.04800768 0.00411648
v -0.02740684 0.04800768 -0.00165357
v -0.02625035 0.04800768 -0.00725449
v -0.02405162 0.04800768 -0.01230600
v -0.01898753 0.04800768 -0.00929519
v -0.01647642 0.04800768 -0.01280373
v -0.01415916 0.04800768 -0.00599577
v -0.01194591 0.04800768 -0.00891753
v -0.00925902 0.04800768 -0.01164288
v -0.01349278 0.04800768 -0.01588274
v -0.00819981 0.04800768 -0.00521808
v -0.00549010 0.04800768 -0.00777717
v -0.00255589 0.04800768 -0.00436661
v -0.00255369 0.04800768 -0.01016625
v -0.00622594 0.04800768 -0.01405297
v -0.00293565 0.04800768 -0.01610026
v -0.00640623 0.04800768 -0.02065870
v -0.01010094 0.04800768 -0.01852110
v 0.00055336 0.04800768 -0.01243597
v 0.00046901 0.04800768 -0.00683035
v 0.00361928 0.04800768 -0.00926888
v 0.00376381 0.04800768 -0.01469631
v 0.00042775 0.04800768 -0.01787738
v -0.00262657 0.04800768 -0.02218462
v -0.00450548 0.04800768 -0.02726377
v -0.00918492 0.04800768 -0.02568424
v -0.01134556 0.04800768 -0.03106053
v -0.01362242 0.04800768 -0.02333929
v -0.01673570 0.04800768 -0.02852132
v -0.02153123 0.04800768 -0.02511386
v -0.01760924 0.04800768 -0.02035146
v -0.02573167 0.04800768 -0.02081553
v -0.02109544 0.04800768 -0.01670789
v -0.02543370 0.04339781 -0.02109365
v -0.02912218 0.04362096 -0.01562289
v -0.02927684 0.04800768 -0.01544036
v -0.02907506 0.04006993 -0.01566956
v -0.03180150 0.04078990 -0.00888580
v -0.03185753 0.03881383 -0.00869682
v -0.03301475 0.03924791 -0.00162198
v -0.03193785 0.03711925 -0.00844016
v -0.03302086 0.03766173 -0.00148732
v -0.03261412 0.03752062 0.00527646
v -0.03303001 0.03613414 -0.00134220
v -0.03261925 0.03594322 0.00524779
v -0.03100816 0.03508434 0.01139254
v -0.03263219 0.03438854 0.00520050
v -0.03109935 0.03334728 0.01120059
v -0.02842760 0.03394225 0.01681873
v -0.02861754 0.03189171 0.01653477
v -0.03120128 0.03165587 0.01096667
v -0.02882982 0.02965758 0.01623971
v -0.03265355 0.03299742 0.00514981
v -0.03400694 0.03260289 0.00543001
v -0.03266856 0.03099010 0.01150539
v -0.03565135 0.03253526 0.00577831
v -0.03444725 0.03073619 0.01214141
v -0.03725291 0.03246910 0.00609763
v -0.03622459 0.03052257 0.01267940
v -0.03472471 0.02720470 0.01876641
v -0.03808751 0.03032140 0.01311540
v -0.03690391 0.02691222 0.01912578
v -0.03422716 0.02280089 0.02393757
v -0.03640416 0.02265563 0.02406780
v -0.03563170 0.01736510 0.02813453
v -0.03383983 0.01722862 0.02820784
v -0.03752183 0.01736876 0.02809391
v -0.03723082 0.01122228 0.03109242
v -0.03572789 0.01104064 0.03115323
v -0.03668638 0.00517882 0.03262619
v -0.03536558 0.00508141 0.03264773
v -0.03431846 0.01078917 0.03125163
v -0.03297764 0.01042467 0.03139516
v -0.03081810 0.01618566 0.02883351
v -0.03408482 0.00494371 0.03267398
v -0.03439683 -0.00032338 0.03307830
v -0.03331871 -0.00022890 0.03308802
v -0.03566991 -0.00040834 0.03306337
v -0.03408641 -0.00552846 0.03257508
v -0.03289512 -0.00522719 0.03263590
v -0.03179429 -0.01042933 0.03140121
v -0.03140538 -0.01041054 0.03258013
v -0.03263243 -0.00522890 0.03380628
v -0.02910875 -0.01568641 0.03032624
v -0.02901988 -0.01581557 0.03219659
v -0.03133543 -0.01054970 0.03413000
v -0.02592064 -0.02051552 0.02737043
v -0.02969383 -0.01597621 0.02896347
v -0.02195946 -0.02470985 0.02684249
v -0.03304137 -0.01100331 0.03117558
v -0.03535460 -0.00583998 0.03251466
v -0.03437657 -0.01146278 0.03099516
v -0.03666649 -0.00612733 0.03245202
v -0.03577794 -0.01184486 0.03084310
v -0.03260057 -0.01736806 0.02810934
v -0.03423192 -0.01768446 0.02790774
v -0.03589879 -0.01787953 0.02779226
v -0.03482469 -0.02272963 0.02397445
v -0.03289708 -0.02279115 0.02395016
v -0.03518919 -0.02666957 0.01949556
v -0.03336949 -0.02682167 0.01929219
v -0.03485362 -0.03005092 0.01370017
v -0.03320677 -0.03022743 0.01332467
v -0.03601463 -0.03214271 0.00763078
v -0.03453783 -0.03221596 0.00740961
v -0.03154161 -0.03046400 0.01283769
v -0.03307249 -0.03229945 0.00715229
v -0.03049473 -0.03148158 0.01278855
v -0.03231431 -0.03301454 0.00713752
v -0.03028721 -0.03314979 0.01321067
v -0.03013499 -0.03480897 0.01353252
v -0.03374596 -0.03302919 0.00122581
v -0.03511290 -0.03302455 0.00124742
v -0.03652049 -0.03302162 0.00126199
v -0.03754246 -0.03209828 0.00781884
v -0.03796312 -0.03301845 0.00127596
v -0.03775389 -0.03259193 -0.00535769
v -0.03954967 -0.03301600 0.00128410
v -0.03925853 -0.03256019 -0.00551330
v -0.03684654 -0.03086635 -0.01181092
v -0.03852464 -0.03074403 -0.01207923
v -0.04114903 -0.03254286 -0.00566419
v -0.04067369 -0.03065419 -0.01231661
v -0.03992674 -0.02759462 -0.01816095
v -0.03725133 -0.02772401 -0.01796092
v -0.03941112 -0.02394862 -0.02275881
v -0.03624327 -0.02403554 -0.02266036
v -0.03666185 -0.01991127 -0.02635571
v -0.03961839 -0.01987269 -0.02638505
v -0.03794469 -0.01489760 -0.02948967
v -0.03600316 -0.01482289 -0.02953227
v -0.04028429 -0.01487538 -0.02949250
v -0.03888231 -0.00929384 -0.03171534
v -0.03719859 -0.00919642 -0.03175633
v -0.03779307 -0.00349794 -0.03287488
v -0.03635802 -0.00337855 -0.03289558
v -0.03561644 -0.00903651 -0.03179412
v -0.03785606 0.00199913 -0.03299260
v -0.03639329 0.00203404 -0.03299208
v -0.03492381 -0.00321425 -0.03292113
v -0.03496495 0.00205870 -0.03299348
v -0.03352391 -0.00304335 -0.03294162
v -0.03357225 0.00208141 -0.03299416
v -0.03294273 -0.00302577 -0.03373363
v -0.03298826 0.00220250 -0.03381523
v -0.03288182 0.00699230 -0.03235231
v -0.03228136 0.00724376 -0.03331663
v -0.03297374 0.00239757 -0.03523101
v -0.03215440 0.00765953 -0.03474865
v -0.03295799 0.00257872 -0.03661142
v -0.03203172 0.00805504 -0.03617218
v -0.03294481 0.00277574 -0.03805430
v -0.03291197 -0.00314100 -0.03799285
v -0.03194920 0.00840709 -0.03764097
v -0.03291783 0.00298229 -0.03948859
v -0.03291148 -0.00307191 -0.03945462
v -0.03162535 -0.00947938 -0.03902870
v -0.03292198 -0.00293129 -0.04127341
v -0.03164720 -0.00944008 -0.04099390
v -0.03289476 0.00323717 -0.04131606
v -0.03184971 0.00871105 -0.03916694
v -0.03177501 0.00900817 -0.04107437
v -0.02981639 0.01419103 -0.03839200
v -0.02970250 0.01447057 -0.04066929
v -0.02997459 0.01390563 -0.03683403
v -0.02682164 0.01928673 -0.03751441
v -0.02695628 0.01911363 -0.03571914
v -0.02339232 0.02336827 -0.03713376
v -0.02333702 0.02340563 -0.04000859
v -0.02341588 0.02334264 -0.03501825
v -0.01922764 0.02687291 -0.03526887
v -0.01932200 0.02680138 -0.03729344
v -0.01421446 0.02982872 -0.03607363
v -0.01398570 0.02994249 -0.03408022
v -0.00855430 0.03191930 -0.03505202
v -0.01362889 0.03014171 -0.03198196
v -0.00840245 0.03197228 -0.03320081
v -0.00851012 0.03281774 -0.03194147
v -0.01356724 0.03117320 -0.03017917
v -0.00909239 0.03456676 -0.03177025
v -0.01439635 0.03320665 -0.02974945
v -0.00962511 0.03640416 -0.03160154
v -0.01509923 0.03528014 -0.02938536
v -0.01011082 0.03830895 -0.03145564
v -0.01563634 0.03733580 -0.02908637
v -0.01054112 0.04042784 -0.03131720
v -0.01609349 0.03986656 -0.02885220
v -0.01097496 0.04367955 -0.03116663
v -0.00502476 0.04387633 -0.03266741
v -0.01647093 0.04349767 -0.02865326
v -0.00549803 0.04800768 -0.03261278
v -0.02099095 0.03939391 -0.02552256
v -0.02129149 0.04335289 -0.02528144
v -0.02061156 0.03648497 -0.02579067
v -0.02496580 0.03652062 -0.02164718
v -0.02519285 0.03942369 -0.02137065
v -0.02916795 0.03578893 -0.01552172
v -0.02907628 0.03768785 -0.01564113
v -0.02931126 0.03397667 -0.01524566
v -0.03202269 0.03552257 -0.00812817
v -0.02976060 0.03222862 -0.01438518
v -0.03214976 0.03397667 -0.00772062
v -0.03304088 0.03461022 -0.00119499
v -0.03228087 0.03256920 -0.00727439
v -0.03305064 0.03334850 -0.00104253
v -0.03367467 0.03227818 -0.00727397
v -0.03438658 0.03305870 -0.00093615
v -0.03537596 0.03222911 -0.00737607
v -0.03598277 0.03305846 -0.00084415
v -0.03706322 0.03220275 -0.00743107
v -0.03754442 0.03305382 -0.00073709
v -0.03881248 0.03219811 -0.00745373
v -0.03917235 0.03305480 -0.00062723
v -0.03895323 0.03240856 0.00639055
v -0.04099632 0.03304698 -0.00050354
v -0.04081163 0.03235655 0.00665481
v -0.04036009 0.03012535 0.01351980
v -0.04389036 0.03231017 0.00698528
v -0.04365147 0.02996764 0.01390247
v -0.03960130 0.02666954 0.01948240
v -0.04341527 0.02642296 0.01982077
v -0.03945335 0.02245763 0.02425466
v -0.04340587 0.02217296 0.02450212
v -0.04010863 0.01729552 0.02814393
v -0.04366637 0.01702379 0.02830388
v -0.04089940 0.01129112 0.03104752
v -0.03885094 0.01130675 0.03103126
v -0.04397276 0.01111852 0.03112510
v -0.04138377 0.00516417 0.03263870
v -0.03948118 0.00522545 0.03261940
v -0.03974937 -0.00071986 0.03303813
v -0.03832030 -0.00060731 0.03305153
v -0.03807786 0.00522472 0.03262127
v -0.03803783 -0.00636854 0.03240657
v -0.03694908 -0.00050014 0.03305008
v -0.03950035 -0.00658388 0.03235575
v -0.03725889 -0.01216347 0.03072664
v -0.03880675 -0.01241640 0.03060857
v -0.04130113 -0.00678480 0.03232834
v -0.04092076 -0.01262855 0.03052489
v -0.04030577 -0.01811171 0.02763184
v -0.03768931 -0.01801552 0.02767585
v -0.03984752 -0.02266859 0.02401277
v -0.03690379 -0.02270424 0.02399194
v -0.03728795 -0.02652772 0.01964251
v -0.03998350 -0.02646132 0.01976102
v -0.03827159 -0.02980897 0.01418864
v -0.03653429 -0.02992836 0.01398876
v -0.04055601 -0.02972719 0.01437136
v -0.03914683 -0.03205726 0.00796578
v -0.04105150 -0.03202577 0.00807688
v -0.04130101 -0.03301015 0.00127449
v -0.04405504 -0.03201600 0.00815586
v -0.04421141 -0.03302333 0.00125638
v -0.04407799 -0.03252504 -0.00581870
v -0.04800328 -0.03303627 0.00120965
v -0.04800328 -0.03254384 -0.00589354
v -0.04382164 -0.03057558 -0.01252442
v -0.04800328 -0.03058436 -0.01264663
v -0.04354137 -0.02748207 -0.01832447
v -0.04800328 -0.02745643 -0.01847510
v -0.04334715 -0.02380141 -0.02289222
v -0.04800328 -0.02366786 -0.02311463
v -0.04343663 -0.01965004 -0.02654751
v -0.04800328 -0.01929091 -0.02685431
v -0.04367393 -0.01469008 -0.02957600
v -0.04800328 -0.01430556 -0.02980810
v -0.04390257 -0.00922182 -0.03173612
v -0.04085875 -0.00931434 -0.03170831
v -0.04800328 -0.00892836 -0.03184927
v -0.04407518 -0.00360170 -0.03286209
v -0.04115465 -0.00363075 -0.03285039
v -0.04409996 0.00183629 -0.03300608
v -0.04119798 0.00191417 -0.03299739
v -0.03932664 -0.00358266 -0.03285755
v -0.03936912 0.00196422 -0.03299398
v -0.04092943 0.00719567 -0.03224902
v -0.03906163 0.00724034 -0.03223917
v -0.03740745 0.00722521 -0.03224939
v -0.03829845 0.01229088 -0.03067629
v -0.03643248 0.01223107 -0.03070688
v -0.03584044 0.00717809 -0.03226558
v -0.03465697 0.01211241 -0.03074475
v -0.03431175 0.00709459 -0.03230590
v -0.03292149 0.01195616 -0.03081031
v -0.03132921 0.01181432 -0.03087771
v -0.03065465 0.01669811 -0.02855247
v -0.02860814 0.01661876 -0.02898476
v -0.03065501 0.01238219 -0.03216399
v -0.02790880 0.01768639 -0.03049862
v -0.03036632 0.01303551 -0.03378116
v -0.03015929 0.01352208 -0.03528514
v -0.02705919 0.01896398 -0.03406537
v -0.02805137 0.02066930 -0.02580044
v -0.02578770 0.02071300 -0.02643490
v -0.02747215 0.02415538 -0.02256427
v -0.02517918 0.02415538 -0.02257260
v -0.02709068 0.02790514 -0.01899651
v -0.02581932 0.02943468 -0.02061198
v -0.02920750 0.02736925 -0.01857644
v -0.03024620 0.03070201 -0.01344361
v -0.03186229 0.03028063 -0.01330878
v -0.03166917 0.02728478 -0.01865556
v -0.03386180 0.03018077 -0.01344972
v -0.03407493 0.02723619 -0.01872453
v -0.03582274 0.03013463 -0.01355673
v -0.03646825 0.02718419 -0.01876431
v -0.03778978 0.03010314 -0.01360403
v -0.03942943 0.02717247 -0.01877150
v -0.04020555 0.03008824 -0.01360090
v -0.04077867 0.03220445 -0.00742185
v -0.04358397 0.03014122 -0.01352607
v -0.04386742 0.03223815 -0.00731349
v -0.04400352 0.03306285 -0.00031759
v -0.04800328 0.03231627 -0.00709437
v -0.04800328 0.03310655 -0.00009894
v -0.04800328 0.03227770 0.00724270
v -0.04800328 0.02818639 0.00017435
v -0.04800328 0.02749230 0.00645674
v -0.04800328 0.02987462 0.01418036
v -0.04800328 0.02535582 0.01245416
v -0.04800328 0.02625939 0.02010480
v -0.04800328 0.02188878 0.01748502
v -0.04800328 0.02180821 0.02486160
v -0.04800328 0.01786901 0.02163761
v -0.04800328 0.01656334 0.02862243
v -0.04800328 0.01326354 0.02486698
v -0.04800328 0.01070885 0.03128480
v -0.04800328 0.00831871 0.02716370
v -0.04800328 0.00464537 0.03273489
v -0.04421178 0.00498326 0.03266893
v -0.04800328 0.00343541 0.02858095
v -0.04800328 -0.00133485 0.03303497
v -0.04431016 -0.00108388 0.03303726
v -0.04419444 -0.00701845 0.03229552
v -0.04150340 -0.00086171 0.03303289
v -0.04800328 -0.00717006 0.03228458
v -0.04398643 -0.01276869 0.03046860
v -0.04800328 -0.01280824 0.03051115
v -0.04800328 -0.01801576 0.02774241
v -0.04376524 -0.01810072 0.02763073
v -0.04800328 -0.02256996 0.02415727
v -0.04358409 -0.02262367 0.02404650
v -0.04800328 -0.02645595 0.01981925
v -0.04364488 -0.02642641 0.01980770
v -0.04384044 -0.02967616 0.01447605
v -0.04800328 -0.02972401 0.01446692
v -0.04800328 -0.03204262 0.00812146
v -0.04800328 -0.02471840 0.01201499
v -0.04800328 -0.02672352 0.00663809
v -0.04800328 -0.02764784 0.00079923
v -0.04800328 -0.02166664 0.00524778
v -0.04800328 -0.02255580 0.00033502
v -0.04800328 -0.02734535 -0.00518317
v -0.04800328 -0.02242592 -0.00465458
v -0.04800328 -0.02579066 -0.01087391
v -0.04800328 -0.02122719 -0.00947098
v -0.04800328 -0.02313685 -0.01593284
v -0.04800328 -0.01900746 -0.01379668
v -0.04800328 -0.01973793 -0.02010880
v -0.04800328 -0.01599037 -0.01744805
v -0.04800328 -0.01590175 -0.02341978
v -0.04800328 -0.01256605 -0.02029378
v -0.04800328 -0.01163099 -0.02600885
v -0.04800328 -0.00881508 -0.02253193
v -0.04800328 -0.00708778 -0.02787416
v -0.04800328 -0.00490224 -0.02423313
v -0.04800328 -0.00247133 -0.02901602
v -0.04800328 -0.00342518 -0.03291863
v -0.04800328 -0.00097450 -0.02548026
v -0.04800328 0.00188268 -0.02945461
v -0.04800328 0.00173570 -0.03302107
v -0.04800328 0.00678404 -0.03239021
v -0.04395128 0.00705870 -0.03229326
v -0.04800328 0.01159166 -0.03097406
v -0.04371617 0.01202233 -0.03078209
v -0.04048241 0.01223351 -0.03069552
v -0.04342601 0.01667931 -0.02851412
v -0.03974998 0.01692442 -0.02835932
v -0.03708604 0.01698473 -0.02832943
v -0.03911278 0.02094615 -0.02554633
v -0.03590208 0.02102989 -0.02547875
v -0.03491026 0.01695592 -0.02837968
v -0.03329466 0.02105846 -0.02547744
v -0.03276097 0.01686681 -0.02843214
v -0.03058824 0.02094542 -0.02556684
v -0.03284349 0.02410558 -0.02264639
v -0.03007017 0.02411998 -0.02259294
v -0.03564549 0.02412096 -0.02260653
v -0.03894078 0.02412755 -0.02261009
v -0.04312608 0.02410118 -0.02261573
v -0.04329539 0.02723009 -0.01870211
v -0.04800328 0.02410143 -0.02265338
v -0.04800328 0.02739025 -0.01858498
v -0.04800328 0.03028063 -0.01332714
v -0.04800328 0.02562682 -0.01132919
v -0.04800328 0.02750865 -0.00589221
v -0.04800328 0.02281871 -0.00488360
v -0.04800328 0.02339635 0.00030654
v -0.04800328 0.01861656 0.00040917
v -0.04800328 0.02267442 0.00562281
v -0.04800328 0.01822081 0.00483874
v -0.04800328 0.02070445 0.01068161
v -0.04800328 0.01637023 0.00910643
v -0.04800328 0.01772350 0.01512720
v -0.04800328 0.01366857 0.01287843
v -0.04800328 0.01404479 0.01870050
v -0.04800328 0.01031749 0.01591506
v -0.04800328 0.00996056 0.02144612
v -0.04800328 0.00655968 0.01830209
v -0.04800328 0.00577330 0.02347769
v -0.04800328 0.00264830 0.02019474
v -0.04800328 0.00334410 0.01547676
v -0.04800328 -0.00033436 0.01747010
v -0.04800328 -0.00400429 0.01968580
v -0.04800328 -0.00326771 0.01489077
v -0.04800328 -0.00711220 0.01727871
v -0.04800328 -0.00771937 0.02260251
v -0.04800328 -0.01103090 0.02026629
v -0.04800328 -0.01063832 0.02641539
v -0.04800328 -0.01467445 0.02377738
v -0.04800328 -0.01436854 0.01731517
v -0.04800328 -0.01848012 0.02052809
v -0.04800328 -0.01736537 0.01381977
v -0.04800328 -0.02187001 0.01663301
v -0.04800328 -0.01988002 0.00979593
v -0.04800328 -0.01507948 0.00777513
v -0.04800328 -0.01665883 0.00389051
v -0.04800328 -0.01183607 0.00260664
v -0.04800328 -0.01255238 -0.00083638
v -0.04800328 -0.01748280 -0.00021317
v -0.04800328 -0.01751234 -0.00430176
v -0.04800328 -0.01271400 -0.00424866
v -0.04800328 -0.01669081 -0.00828285
v -0.04800328 -0.01226527 -0.00752509
v -0.04800328 -0.01493349 -0.01192175
v -0.04800328 -0.01227699 -0.01504092
v -0.04800328 -0.00920253 -0.01739228
v -0.04800328 -0.00607924 -0.01458881
v -0.04800328 -0.00584291 -0.01927483
v -0.04800328 -0.00296254 -0.01617731
v -0.04800328 -0.00233168 -0.02082154
v -0.04800328 0.00037682 -0.01765561
v -0.04800328 0.00120299 -0.02220759
v -0.04800328 0.00381676 -0.01918234
v -0.04800328 0.00720177 -0.02096761
v -0.04800328 0.00646520 -0.01628162
v -0.04800328 0.01003966 -0.01819040
v -0.04800328 0.01040123 -0.02314647
v -0.04800328 0.01361412 -0.02042757
v -0.04800328 0.01337901 -0.02577083
v -0.04800328 0.00963219 -0.02787417
v -0.04800328 0.01700792 -0.02304431
v -0.04800328 0.01619811 -0.02884610
v -0.04800328 0.02040636 -0.02603820
v -0.04800328 0.02026085 -0.01983991
v -0.04319200 0.02073546 -0.02572397
v -0.04800328 0.01650694 -0.01733893
v -0.04800328 0.01910094 -0.01371515
v -0.04800328 0.02316588 -0.01596645
v -0.04800328 0.01496080 -0.01176968
v -0.04800328 0.01676451 -0.00804753
v -0.04800328 0.02121202 -0.00958255
v -0.04800328 0.01240807 -0.00674135
v -0.04800328 0.01342150 -0.00317730
v -0.04800328 0.01798815 -0.00393244
v -0.04800328 0.00904991 -0.00246583
v -0.04800328 0.00947350 0.00060762
v -0.04800328 0.01382262 0.00046252
v -0.04800328 0.01348912 0.00413867
v -0.04800328 0.01222081 0.00759793
v -0.04800328 0.00980821 0.01073606
v -0.04800328 0.00678819 0.01330451
v -0.04800328 0.00366930 0.01082770
v -0.04800328 0.00037047 0.01283047
v -0.04800328 0.00103844 0.00828253
v -0.04800328 -0.00228676 0.01014302
v -0.04800328 -0.00605873 0.01216366
v -0.04800328 -0.00451430 0.00735088
v -0.04800328 -0.00851161 0.00921498
v -0.04800328 -0.01011830 0.01450376
v -0.04800328 -0.01284242 0.01133449
v -0.04800328 -0.00619765 0.00442536
v -0.04800328 -0.01048622 0.00600575
v -0.04800328 -0.00222670 0.00300664
v -0.04800328 -0.00309608 0.00026267
v -0.04800328 -0.00729774 0.00139625
v -0.04800328 -0.00792421 -0.00158414
v -0.04800328 -0.00367958 -0.00249982
v -0.04800328 -0.00822133 -0.00456438
v -0.04800328 -0.00419276 -0.00526762
v -0.04800328 0.00023766 -0.00348158
v -0.04800328 -0.00061488 -0.00622552
v -0.04800328 -0.00184047 -0.00896216
v -0.04800328 -0.00359535 -0.01174489
v -0.04800328 -0.00486244 -0.00792962
v -0.04800328 0.00157652 -0.01025350
v -0.04800328 -0.00042689 -0.01317930
v -0.04800328 0.00294982 -0.01464279
v -0.04800328 0.00513683 -0.01168069
v -0.04800328 0.00888072 -0.01329750
v -0.04800328 0.00688243 -0.00866897
v -0.04800328 0.01088780 -0.01011031
v -0.04800328 0.01267516 -0.01515852
v -0.04800328 0.00305724 -0.00738409
v -0.04800328 0.00414440 -0.00451452
v -0.04800328 0.00817565 -0.00558996
v -0.04800328 0.00088707 -0.00076891
v -0.04800328 0.00489269 -0.00167310
v -0.04800328 0.00534459 0.00104373
v -0.04800328 0.00147716 0.00184324
v -0.04800328 -0.00091298 0.00569117
v -0.04800328 0.00232213 0.00433238
v -0.01792930 0.02903331 -0.02775999
v 0.00058656 0.04800768 -0.03307699
v 0.00694435 0.04800768 -0.01177713
v 0.00709071 0.04800768 -0.01715662
v 0.00629494 0.04800768 -0.00614744
v 0.00975234 0.04800768 -0.00873638
v 0.00860854 0.04800768 -0.00292667
v 0.01219313 0.04800768 -0.00549274
v 0.01424184 0.04800768 -0.00210055
v 0.01811415 0.04800768 -0.00448343
v 0.01062538 0.04800768 0.00038523
v 0.01603188 0.04800768 0.00138488
v 0.01982704 0.04800768 -0.00070202
v 0.02387721 0.04800768 -0.00244588
v 0.01253700 0.04800768 0.00373460
v 0.01466689 0.04800768 0.00704090
v 0.00922585 0.04800768 0.00622646
v 0.01159218 0.04800768 0.00960153
v 0.01734535 0.04800768 0.01020350
v 0.01438967 0.04800768 0.01299931
v 0.02043373 0.04800768 0.01315747
v 0.01739333 0.04800768 0.01630567
v 0.02366786 0.04800768 0.01589006
v 0.02628359 0.04800768 0.01173899
v 0.02808876 0.04800768 0.00687281
v 0.02874196 0.04800768 0.00150598
v 0.02048122 0.04800768 0.01956050
v 0.01401393 0.04800768 0.01922968
v 0.01676894 0.04800768 0.02281285
v 0.01027956 0.04800768 0.02188880
v 0.01248366 0.04800768 0.02562071
v 0.00622731 0.04800768 0.02420081
v 0.00767677 0.04800768 0.02782772
v 0.00245741 0.04800768 0.02917970
v 0.00267030 0.04800768 0.03296959
v -0.00312120 0.04800768 0.02930411
v -0.00380894 0.04800768 0.03285832
v -0.00411632 0.04411608 0.03279591
v -0.01016600 0.04800768 0.03147755
v -0.01041929 0.04396178 0.03135877
v -0.01052293 0.04091612 0.03132509
v -0.01617088 0.04384581 0.02882398
v -0.01632347 0.04041905 0.02874210
v -0.01048900 0.03890441 0.03133118
v -0.01630504 0.03796007 0.02872123
v -0.01038524 0.03727013 0.03137355
v -0.02104332 0.04370152 0.02547278
v -0.02125059 0.04001109 0.02529077
v -0.02489073 0.04366490 0.02173435
v -0.02490098 0.04800768 0.02176117
v -0.02831822 0.04800768 0.01707006
v -0.02371519 0.04800768 0.01430577
v -0.02589635 0.04800768 0.00956513
v -0.01919542 0.04800768 0.01170861
v -0.02096117 0.04800768 0.00755896
v -0.01470030 0.04800768 0.00905573
v -0.01598241 0.04800768 0.00533287
v -0.01046409 0.04800768 0.00644231
v -0.01182017 0.04800768 0.00294865
v -0.00678587 0.04800768 0.00394028
v -0.00860179 0.04800768 0.00061620
v -0.00344017 0.04800768 0.00143850
v -0.00554759 0.04800768 -0.00186571
v -0.01073167 0.04800768 -0.00258178
v -0.00153062 0.04800768 0.00472013
v 0.00184499 0.04800768 0.00217121
v -0.00019749 0.04800768 -0.00109439
v 0.00519008 0.04800768 -0.00038024
v 0.00300649 0.04800768 -0.00361567
v 0.00719167 0.04800768 0.00290663
v 0.00382070 0.04800768 0.00544602
v 0.00595363 0.04800768 0.00875287
v 0.00042494 0.04800768 0.00798944
v 0.00263686 0.04800768 0.01127303
v 0.00843288 0.04800768 0.01216062
v 0.00515761 0.04800768 0.01465948
v 0.00781020 0.04800768 0.01823051
v 0.01120363 0.04800768 0.01569206
v 0.00425453 0.04800768 0.02061405
v 0.00179518 0.04800768 0.01711621
v -0.00075413 0.04800768 0.01382066
v -0.00419664 0.04800768 0.01648603
v -0.00667430 0.04800768 0.01325292
v -0.00751805 0.04800768 0.01927398
v -0.00306529 0.04800768 0.01057090
v -0.00504771 0.04800768 0.00728726
v -0.00874400 0.04800768 0.00990606
v -0.01276109 0.04800768 0.01265705
v -0.01685802 0.04800768 0.01553445
v -0.01396678 0.04800768 0.01903976
v -0.01744615 0.04800768 0.02219062
v -0.01333409 0.04800768 0.02538599
v -0.01056798 0.04800768 0.02222373
v -0.01032066 0.04800768 0.01606233
v -0.00854332 0.04800768 0.02790360
v -0.00678270 0.04800768 0.02490316
v -0.01589964 0.04800768 0.02901736
v -0.02080992 0.04800768 0.02573065
v -0.02084386 0.04800768 0.01853739
v 0.00381459 0.03283751 -0.03889866
v -0.00232164 0.03296642 -0.04087873
v -0.00837645 0.03197521 -0.04385505
v -0.01392601 0.02999767 -0.04800251
v -0.01589512 0.02299742 -0.04800251
v -0.01887437 0.01293273 -0.04800251
v -0.01535069 0.00951695 -0.04800251
v -0.01768126 0.00610118 -0.04800251
v -0.01986558 0.00261705 -0.04800251
v -0.01858507 -0.02730311 -0.03580276
v -0.01256041 -0.03052211 -0.03859404
v -0.01135899 -0.04799232 0.02666629
v 0.00279628 -0.04422304 0.03293615
v 0.00779872 -0.04799232 0.03212824
v 0.00828090 -0.04403578 0.03199160
v 0.01279579 -0.04799232 0.03051912
v 0.01345717 -0.04375917 0.03016133
v 0.01740468 -0.04799232 0.02811138
v 0.01810915 -0.04349965 0.02762653
v 0.02142751 -0.04799232 0.02519689
v 0.02193361 -0.04329555 0.02468673
v 0.02489650 -0.04799232 0.02175884
v 0.02512563 -0.04330531 0.02146361
v 0.02803066 -0.04799232 0.01753901
v 0.02810683 -0.04349525 0.01733125
v 0.03069423 -0.04799232 0.01234736
v 0.03073573 -0.04373891 0.01211730
v 0.03247157 -0.04799232 0.00640606
v 0.03247084 -0.04396449 0.00611440
v 0.03309682 -0.04799232 -0.00007020
v 0.03305055 -0.04405385 -0.00044393
v 0.03242543 -0.04799232 -0.00661522
v 0.03228139 -0.04389979 -0.00708457
v 0.03052248 -0.04799232 -0.01279292
v 0.03023158 -0.04362977 -0.01330530
v 0.02758986 -0.04799232 -0.01827942
v 0.02723732 -0.04332509 -0.01867449
v 0.02397170 -0.04799232 -0.02278421
v 0.02378969 -0.04314003 -0.02290884
v 0.01980007 -0.04327138 -0.02643851
v 0.01964613 -0.04799232 -0.02659397
v 0.01466396 -0.04356996 -0.02959013
v 0.01442592 -0.04799232 -0.02975319
v 0.00864577 -0.04387807 -0.03190358
v 0.00846010 -0.04799232 -0.03196759
v 0.00217946 -0.04406898 -0.03298507
v 0.00216286 -0.04108778 -0.03296925
v 0.00212941 -0.04799232 -0.03300119
v -0.00409996 -0.04799232 -0.03282019
v -0.00417601 -0.04402797 -0.03279325
v -0.00421593 -0.04109315 -0.03277257
v -0.01000072 -0.04381923 -0.03151006
v -0.01008031 -0.04072719 -0.03148776
v -0.01009703 -0.03865370 -0.03148060
v -0.01526292 -0.04011049 -0.02931234
v -0.01527244 -0.03763441 -0.02930301
v -0.01520091 -0.03563588 -0.02933313
v -0.01951268 -0.03649647 -0.02664252
v -0.01952721 -0.03407997 -0.02667187
v -0.02281090 -0.03579115 -0.02390996
v -0.02276488 -0.03314003 -0.02398809
v -0.01943577 -0.03162367 -0.02673532
v -0.02563475 -0.03618422 -0.02085219
v -0.02279906 -0.03908266 -0.02392774
v -0.02569676 -0.03930214 -0.02079476
v -0.02863756 -0.03996254 -0.01644204
v -0.02575316 -0.04327333 -0.02071277
v -0.02864427 -0.04352113 -0.01644158
v -0.03112144 -0.04382118 -0.01114119
v -0.02877159 -0.04799232 -0.01631865
v -0.03116795 -0.04799232 -0.01104670
v -0.03268870 -0.04799232 -0.00499186
v -0.03303075 -0.04799232 0.00154352
v -0.02735460 -0.04799232 -0.00435252
v -0.02755113 -0.04799232 0.00119171
v -0.02231358 -0.04799232 0.00086457
v -0.02152672 -0.04799232 0.00557157
v -0.01728526 -0.04799232 0.00047186
v -0.01653050 -0.04799232 0.00458569
v -0.01517662 -0.04799232 0.00852391
v -0.01178807 -0.04799232 0.00366857
v -0.01053429 -0.04799232 0.00722830
v -0.00887535 -0.04799232 0.01067487
v -0.00619908 -0.04799232 0.00605686
v -0.00473802 -0.04799232 0.00931996
v -0.00296373 -0.04799232 0.01264049
v -0.00081969 -0.04799232 0.00801043
v 0.00073305 -0.04799232 0.01125622
v 0.00265224 -0.04799232 0.01468891
v 0.00432338 -0.04799232 0.00984716
v 0.00594740 -0.04799232 0.01317948
v 0.00809633 -0.04799232 0.01673522
v 0.01089003 -0.04799232 0.02053081
v 0.00912953 -0.04799232 0.01160619
v 0.01103261 -0.04799232 0.01496583
v 0.01409999 -0.04799232 0.01855235
v 0.01761464 -0.04799232 0.02188935
v 0.01405946 -0.04799232 0.02429402
v 0.01005910 -0.04799232 0.02627156
v 0.02079054 -0.04799232 0.01897563
v 0.02355910 -0.04799232 0.01533338
v 0.02073232 -0.04799232 0.00998619
v 0.02570912 -0.04799232 0.01094165
v 0.02168495 -0.04799232 0.00589128
v 0.02701369 -0.04799232 0.00599815
v 0.02193764 -0.04799232 0.00159066
v 0.02743007 -0.04799232 0.00067742
v 0.02150514 -0.04799232 -0.00288397
v 0.02686879 -0.04799232 -0.00474460
v 0.02036781 -0.04799232 -0.00730730
v 0.02537612 -0.04799232 -0.01001102
v 0.01851625 -0.04799232 -0.01146356
v 0.02303249 -0.04799232 -0.01477229
v 0.01598952 -0.04799232 -0.01506819
v 0.01996010 -0.04799232 -0.01882262
v 0.01618483 -0.04799232 -0.02224189
v 0.01272475 -0.04799232 -0.01813814
v 0.01170302 -0.04799232 -0.02499262
v 0.00884914 -0.04799232 -0.02055831
v 0.00657717 -0.04799232 -0.02692278
v 0.00450197 -0.04799232 -0.02223186
v 0.00123024 -0.04799232 -0.02791306
v -0.00002843 -0.04799232 -0.02315963
v -0.00404161 -0.04799232 -0.02800226
v -0.00451073 -0.04799232 -0.02342388
v -0.00895372 -0.04799232 -0.02729622
v -0.00984935 -0.04799232 -0.03159585
v -0.01482970 -0.04799232 -0.02956532
v -0.01510301 -0.04356288 -0.02937910
v -0.01905882 -0.04799232 -0.02703433
v -0.01932677 -0.04331923 -0.02678758
v -0.01946104 -0.03938612 -0.02668025
v -0.02274168 -0.04318837 -0.02395084
v -0.02267613 -0.04799232 -0.02407631
v -0.02585069 -0.04799232 -0.02065511
v -0.02221397 -0.04799232 -0.01821581
v -0.02441978 -0.04799232 -0.01425948
v -0.02623851 -0.04799232 -0.00960250
v -0.02010448 -0.04799232 -0.01277301
v -0.02148717 -0.04799232 -0.00851970
v -0.02228160 -0.04799232 -0.00391626
v -0.01691099 -0.04799232 -0.00787851
v -0.01741624 -0.04799232 -0.00371697
v -0.01290001 -0.04799232 -0.00370382
v -0.01259617 -0.04799232 0.00001195
v -0.00876195 -0.04799232 -0.00379003
v -0.00825926 -0.04799232 -0.00050522
v -0.00737767 -0.04799232 0.00278276
v -0.00422117 -0.04799232 -0.00112748
v -0.00327281 -0.04799232 0.00186230
v -0.00213096 -0.04799232 0.00489051
v 0.00086501 -0.04799232 0.00074650
v 0.00191225 -0.04799232 0.00363217
v 0.00303737 -0.04799232 0.00666734
v 0.00703566 -0.04799232 0.00529231
v 0.00796364 -0.04799232 0.00843386
v 0.01162294 -0.04799232 0.00724008
v 0.01134975 -0.04799232 0.00395600
v 0.01626857 -0.04799232 0.00627040
v 0.01644325 -0.04799232 0.00264948
v 0.01088637 -0.04799232 0.00068584
v 0.01613393 -0.04799232 -0.00107453
v 0.01013222 -0.04799232 -0.00255378
v 0.01526882 -0.04799232 -0.00478904
v 0.00899819 -0.04799232 -0.00560937
v 0.01383266 -0.04799232 -0.00835771
v 0.00745717 -0.04799232 -0.00835251
v 0.01181593 -0.04799232 -0.01151882
v 0.00915834 -0.04799232 -0.01421813
v 0.00540566 -0.04799232 -0.01063237
v 0.00586965 -0.04799232 -0.01631405
v 0.00219521 -0.04799232 -0.01772524
v -0.00167955 -0.04799232 -0.01855655
v -0.00336656 -0.04799232 -0.01429128
v -0.00559740 -0.04799232 -0.01892738
v -0.00693468 -0.04799232 -0.01480042
v -0.00945299 -0.04799232 -0.01894349
v -0.00875804 -0.04799232 -0.02311977
v -0.01064317 -0.04799232 -0.01514867
v -0.01438621 -0.04799232 -0.01557879
v -0.01582518 -0.04799232 -0.01188376
v -0.01833629 -0.04799232 -0.01651877
v -0.01183568 -0.04799232 -0.01135468
v -0.01263866 -0.04799232 -0.00751090
v -0.00808336 -0.04799232 -0.01092460
v -0.00873741 -0.04799232 -0.00723757
v -0.00513841 -0.04799232 -0.00704557
v -0.00486705 -0.04799232 -0.00406361
v -0.00129771 -0.04799232 -0.00453750
v -0.00022081 -0.04799232 -0.00200866
v 0.00290737 -0.04799232 -0.00590559
v 0.00418825 -0.04799232 -0.00342730
v 0.00527089 -0.04799232 -0.00069023
v 0.00618178 -0.04799232 0.00224938
v -0.00468919 -0.04799232 -0.01035369
v -0.01965929 -0.04799232 -0.02148184
v 0.00642458 0.03244957 0.03309911
v 0.01172121 0.03091149 0.03161627
v 0.01192726 0.03082579 0.03324005
v 0.01692067 0.02841002 0.03108805
v 0.01713613 0.02826940 0.03307527
v 0.02148085 0.02511461 0.03364568
v 0.03102870 0.01140367 0.03151261
v 0.03212624 0.01196886 0.03080780
v 0.03372914 0.01279747 0.03045646
v 0.02940883 0.01911070 0.02695965
v 0.03537233 0.01265807 0.03050717
v 0.04799672 -0.00828798 -0.02441632
v 0.03229189 0.00713146 -0.03396237
v 0.03220314 0.00740343 -0.03550942
v 0.03032387 0.01311046 -0.03418395
v 0.03015102 0.01352721 -0.03594529
v 0.02998451 0.01385924 -0.03780936
v 0.03210964 0.01817174 -0.02758148
v 0.02660939 0.01959361 -0.03928083
v 0.02246596 0.02423717 -0.04309695
v 0.01726039 0.02818297 -0.04332026
v 0.01758022 0.02801647 -0.04800251
v 0.01161049 0.03096837 -0.04800251
v 0.01018715 0.02627257 -0.04800251
v 0.00477248 0.02782042 -0.04800251
v 0.00873354 0.02194615 -0.04800251
v 0.00426821 0.02337828 -0.04800251
v 0.00345448 0.01901695 -0.04800251
v -0.00034166 0.02390611 -0.04800251
v 0.00709865 0.01770738 -0.04800251
v 0.03955385 -0.00135536 0.03301976
v 0.04123012 0.00524278 0.03262583
v 0.03790785 -0.03266249 0.00494098
v 0.02893019 -0.00413197 -0.04800251
f 1 2 3
f 1 4 5
f 1 6 2
f 7 8 9
f 7 9 10
f 7 11 8
f 12 13 14
f 12 15 13
f 12 16 17
f 12 18 19
f 12 19 16
f 13 20 21
f 13 22 23
f 13 21 14
f 24 25 26
f 24 27 28
f 24 26 27
f 24 29 30
f 24 31 29
f 32 33 34
f 32 35 36
f 32 37 35
f 38 39 40
f 38 40 41
f 38 41 42
f 38 43 44
f 38 45 43
f 46 47 48
f 46 49 50
f 46 51 52
f 53 54 55
f 53 56 57
f 53 58 59
f 60 61 62
f 60 63 64
f 60 62 65
f 66 67 68
f 66 69 67
f 66 70 69
f 71 72 73
f 71 74 75
f 71 73 74
f 76 77 78
f 76 78 79
f 76 80 77
f 81 82 83
f 81 84 82
f 81 85 86
f 87 88 89
f 87 90 91
f 87 92 90
f 87 93 92
f 87 89 94
f 95 96 97
f 95 98 99
f 95 99 96
f 100 101 102
f 100 103 101
f 100 104 105
f 106 107 108
f 106 109 110
f 106 111 112
f 113 114 115
f 113 28 116
f 113 117 28
f 118 119 120
f 118 121 122
f 118 123 121
f 124 125 126
f 124 127 125
f 124 128 129
f 124 130 131
f 132 133 134
f 132 135 136
f 132 136 133
f 132 45 135
f 132 137 45
f 138 139 140
f 138 141 139
f 138 140 142
f 143 144 145
f 143 146 144
f 143 147 148
f 143 148 149
f 143 149 146
f 150 151 152
f 150 153 151
f 150 154 155
f 150 155 89
f 156 157 158
f 156 159 157
f 156 127 131
f 156 160 127
f 161 162 163
f 161 163 164
f 161 165 166
f 167 168 169
f 167 170 171
f 167 172 170
f 173 174 175
f 173 176 177
f 173 177 174
f 173 175 178
f 173 178 176
f 179 180 181
f 179 182 180
f 179 181 183
f 179 183 184
f 185 186 187
f 185 188 186
f 185 189 190
f 191 192 193
f 191 194 146
f 191 146 195
f 196 197 198
f 196 199 200
f 196 198 201
f 196 201 202
f 203 204 205
f 203 205 206
f 203 207 208
f 209 210 211
f 209 212 210
f 209 213 212
f 214 215 216
f 214 217 218
f 214 216 219
f 220 221 222
f 220 223 224
f 220 225 223
f 226 227 228
f 226 229 227
f 226 230 229
f 231 232 233
f 231 233 234
f 231 235 236
f 237 238 239
f 237 240 241
f 237 242 238
f 243 244 245
f 243 245 246
f 243 247 248
f 249 250 251
f 249 252 253
f 249 251 254
f 254 255 256
f 254 257 252
f 254 251 255
f 258 251 259
f 258 259 260
f 258 261 262
f 262 263 255
f 262 261 264
f 262 264 265
f 265 140 266
f 265 267 263
f 265 264 140
f 268 267 269
f 268 270 271
f 268 271 256
f 271 272 273
f 271 273 257
f 273 274 275
f 273 275 276
f 275 277 278
f 275 279 280
f 280 279 281
f 280 282 253
f 280 253 276
f 283 282 284
f 283 285 286
f 283 287 253
f 287 286 288
f 287 289 250
f 289 288 290
f 289 291 292
f 291 290 293
f 291 294 259
f 294 293 295
f 294 296 260
f 297 298 260
f 297 296 299
f 297 299 300
f 300 142 298
f 300 299 301
f 300 301 141
f 301 302 303
f 301 303 304
f 303 305 306
f 303 306 307
f 307 308 304
f 307 306 309
f 307 309 310
f 310 311 308
f 310 309 312
f 310 312 313
f 313 314 315
f 313 312 316
f 313 316 317
f 317 318 319
f 317 316 320
f 317 320 318
f 321 322 318
f 321 320 323
f 321 323 324
f 324 325 322
f 324 323 158
f 324 158 157
f 326 323 327
f 326 328 329
f 326 329 160
f 329 330 331
f 329 331 332
f 331 333 334
f 331 335 332
f 335 334 336
f 335 337 125
f 337 336 338
f 337 339 126
f 340 341 128
f 340 339 342
f 340 343 341
f 344 345 346
f 344 343 347
f 344 348 345
f 349 350 351
f 349 348 352
f 349 353 350
f 354 355 350
f 354 353 356
f 354 357 358
f 358 359 355
f 358 357 360
f 358 360 361
f 361 362 359
f 361 360 363
f 361 363 364
f 364 365 362
f 364 363 366
f 364 366 365
f 367 368 369
f 367 366 370
f 367 371 368
f 372 373 374
f 372 371 375
f 372 376 373
f 377 378 379
f 377 376 380
f 377 11 378
f 379 381 382
f 379 383 373
f 379 378 381
f 384 385 386
f 384 386 387
f 384 378 10
f 387 386 388
f 387 388 98
f 387 97 381
f 388 389 390
f 388 390 391
f 390 392 393
f 390 393 394
f 394 393 395
f 394 395 396
f 394 397 391
f 397 398 99
f 397 396 399
f 399 400 398
f 399 396 401
f 399 401 402
f 402 403 404
f 402 401 405
f 402 405 403
f 406 407 408
f 406 405 409
f 406 409 407
f 410 411 407
f 410 409 412
f 410 134 133
f 412 409 413
f 412 414 415
f 412 415 137
f 415 416 417
f 415 417 418
f 417 419 420
f 417 420 418
f 420 421 422
f 420 422 43
f 422 423 424
f 422 424 425
f 425 426 39
f 425 424 427
f 425 427 428
f 428 429 430
f 428 427 431
f 428 431 429
f 432 433 429
f 432 431 434
f 432 435 436
f 436 437 433
f 436 435 438
f 436 438 439
f 439 440 437
f 439 438 441
f 439 441 442
f 442 443 440
f 442 441 444
f 442 444 443
f 445 446 447
f 445 444 448
f 445 449 446
f 450 451 452
f 450 449 453
f 450 454 451
f 455 456 457
f 455 454 458
f 455 459 456
f 460 461 224
f 460 459 462
f 460 463 461
f 464 465 466
f 464 463 467
f 464 468 465
f 469 470 471
f 469 468 472
f 469 473 470
f 474 475 476
f 474 473 477
f 474 478 475
f 479 480 481
f 479 478 482
f 479 483 480
f 484 485 486
f 484 486 487
f 484 483 488
f 488 489 485
f 488 483 36
f 488 36 35
f 490 491 492
f 490 493 494
f 490 489 495
f 495 496 491
f 495 489 497
f 495 497 498
f 498 499 496
f 498 497 500
f 498 500 501
f 501 502 499
f 501 500 503
f 501 503 504
f 504 505 502
f 504 503 506
f 504 506 507
f 507 508 505
f 507 506 509
f 507 509 510
f 510 511 508
f 510 509 512
f 510 512 513
f 513 166 511
f 513 512 514
f 513 514 162
f 514 515 516
f 514 516 517
f 516 518 519
f 516 520 521
f 521 520 522
f 521 522 523
f 521 524 517
f 524 523 525
f 524 526 163
f 526 525 527
f 526 528 164
f 529 528 530
f 529 531 532
f 529 532 165
f 532 533 534
f 532 534 165
f 535 533 536
f 535 537 538
f 535 539 534
f 538 537 540
f 538 540 541
f 538 542 539
f 541 540 543
f 541 543 544
f 541 545 542
f 544 543 546
f 544 546 547
f 544 548 545
f 547 546 549
f 547 549 550
f 547 551 548
f 550 549 552
f 550 552 553
f 550 554 551
f 553 552 555
f 553 555 492
f 553 492 554
f 556 555 557
f 556 558 559
f 556 559 493
f 559 560 561
f 559 561 494
f 561 562 563
f 561 564 494
f 564 563 565
f 564 566 486
f 566 565 567
f 566 568 487
f 569 568 570
f 569 571 481
f 569 481 480
f 572 571 573
f 572 573 574
f 572 476 475
f 574 573 575
f 574 575 576
f 574 471 470
f 576 575 222
f 576 222 221
f 576 466 465
f 577 578 579
f 577 579 225
f 577 575 580
f 579 581 582
f 579 582 583
f 582 584 585
f 582 585 586
f 586 585 452
f 586 452 451
f 586 457 583
f 587 585 588
f 587 589 447
f 587 447 446
f 590 589 591
f 590 591 592
f 590 593 447
f 592 591 594
f 592 594 595
f 592 596 593
f 595 594 597
f 595 597 598
f 595 599 596
f 598 597 600
f 598 600 601
f 598 602 599
f 601 600 603
f 601 603 604
f 601 430 602
f 603 605 606
f 603 606 40
f 606 607 608
f 606 608 609
f 608 610 611
f 608 611 612
f 612 611 613
f 612 613 614
f 612 615 609
f 615 614 616
f 615 617 41
f 617 616 618
f 617 619 42
f 619 618 620
f 619 620 621
f 620 622 623
f 620 623 624
f 624 623 625
f 624 625 626
f 624 627 621
f 627 626 628
f 627 628 136
f 628 629 630
f 628 630 631
f 631 411 632
f 631 630 633
f 631 633 634
f 633 635 636
f 633 636 637
f 637 408 634
f 637 636 638
f 637 638 639
f 639 638 640
f 639 640 404
f 639 404 403
f 641 640 642
f 641 643 644
f 641 644 400
f 645 646 398
f 645 643 647
f 645 648 646
f 648 647 383
f 648 382 96
f 647 643 649
f 647 649 374
f 649 642 369
f 649 369 368
f 650 642 640
f 650 651 652
f 650 653 365
f 652 651 654
f 652 654 655
f 652 656 653
f 655 654 657
f 655 657 658
f 655 659 656
f 658 657 660
f 658 660 661
f 658 662 659
f 661 660 663
f 661 663 664
f 661 351 662
f 664 663 665
f 664 665 666
f 664 346 345
f 665 667 668
f 665 668 129
f 668 669 670
f 668 670 671
f 671 670 672
f 671 672 673
f 671 130 129
f 673 672 674
f 673 674 675
f 673 676 130
f 676 675 677
f 676 677 678
f 677 679 680
f 677 680 681
f 681 680 682
f 681 682 683
f 681 159 678
f 683 682 684
f 683 684 685
f 683 685 686
f 685 687 688
f 685 688 689
f 689 325 686
f 689 688 690
f 689 690 691
f 690 692 693
f 690 693 694
f 694 695 691
f 694 693 696
f 694 696 697
f 697 696 698
f 697 698 699
f 697 319 695
f 699 698 272
f 699 270 315
f 699 315 314
f 698 700 274
f 700 696 701
f 700 702 274
f 702 701 703
f 702 704 277
f 704 703 705
f 704 706 278
f 707 706 708
f 707 709 281
f 707 281 279
f 710 709 711
f 710 712 284
f 710 284 282
f 713 712 714
f 713 715 716
f 713 716 285
f 716 717 718
f 716 718 286
f 718 719 720
f 718 720 286
f 720 721 722
f 720 723 288
f 723 722 724
f 723 725 290
f 725 724 726
f 725 727 293
f 727 726 728
f 727 729 295
f 730 731 296
f 730 729 732
f 730 732 733
f 733 302 731
f 733 732 734
f 733 734 305
f 734 735 736
f 734 736 737
f 736 738 739
f 736 739 740
f 740 741 737
f 740 739 742
f 740 742 743
f 743 744 741
f 743 742 745
f 743 745 746
f 746 747 744
f 746 745 748
f 746 748 749
f 749 750 747
f 749 748 751
f 749 752 753
f 753 327 750
f 753 752 754
f 753 755 328
f 755 754 756
f 755 757 330
f 757 756 758
f 757 759 330
f 759 758 760
f 759 761 333
f 761 760 762
f 761 763 334
f 763 762 764
f 763 765 336
f 765 764 766
f 765 767 338
f 768 342 339
f 768 767 769
f 768 770 771
f 771 347 343
f 771 770 772
f 771 773 347
f 774 352 348
f 774 773 775
f 774 775 352
f 776 356 353
f 776 775 777
f 776 777 778
f 778 779 356
f 778 777 780
f 778 780 781
f 781 782 779
f 781 780 783
f 781 783 784
f 784 785 782
f 784 783 786
f 784 786 787
f 787 370 785
f 787 786 788
f 787 788 789
f 789 375 370
f 789 788 790
f 789 790 791
f 791 380 375
f 791 790 792
f 791 792 8
f 792 793 794
f 792 794 795
f 794 796 797
f 794 797 798
f 798 797 799
f 798 799 800
f 798 801 795
f 801 800 802
f 801 385 9
f 800 799 803
f 800 803 804
f 804 803 805
f 804 805 392
f 804 389 802
f 805 806 807
f 805 807 808
f 807 809 810
f 807 810 811
f 811 810 812
f 811 812 813
f 811 814 808
f 813 815 814
f 813 812 816
f 813 816 817
f 817 818 815
f 817 816 819
f 817 819 820
f 820 821 818
f 820 819 822
f 820 822 823
f 823 414 821
f 823 822 824
f 823 824 416
f 824 825 826
f 824 826 419
f 826 827 828
f 826 828 421
f 828 829 830
f 828 830 423
f 830 831 832
f 830 832 833
f 832 834 835
f 832 835 836
f 836 837 833
f 836 835 838
f 836 838 839
f 839 840 837
f 839 838 841
f 839 841 842
f 842 434 840
f 842 841 843
f 842 843 844
f 844 845 434
f 844 843 846
f 844 846 847
f 847 848 845
f 847 846 849
f 847 849 850
f 850 851 848
f 850 849 852
f 850 852 853
f 853 448 851
f 853 852 854
f 853 854 448
f 855 453 449
f 855 854 520
f 855 519 453
f 856 458 454
f 856 519 518
f 856 857 458
f 858 462 459
f 858 857 859
f 858 860 462
f 861 467 463
f 861 860 862
f 861 862 863
f 863 472 467
f 863 862 864
f 863 864 865
f 865 477 472
f 865 864 866
f 865 866 867
f 867 482 477
f 867 866 33
f 867 33 482
f 866 868 34
f 868 864 869
f 868 870 871
f 869 862 872
f 869 873 870
f 872 860 859
f 872 874 873
f 859 857 518
f 859 515 874
f 852 875 522
f 875 849 876
f 875 877 523
f 877 876 878
f 877 879 525
f 879 878 880
f 879 881 527
f 882 881 172
f 882 169 530
f 882 530 528
f 883 169 168
f 883 884 885
f 883 885 531
f 885 886 536
f 885 536 533
f 887 886 888
f 887 889 890
f 887 890 537
f 891 889 892
f 891 892 893
f 891 894 890
f 893 892 895
f 893 895 896
f 893 897 894
f 896 895 898
f 896 898 899
f 896 900 897
f 899 898 901
f 899 901 902
f 899 903 900
f 902 901 904
f 902 904 905
f 902 906 903
f 905 904 907
f 905 907 908
f 905 557 906
f 908 907 909
f 908 909 910
f 908 910 558
f 910 911 912
f 910 912 560
f 912 913 914
f 912 914 562
f 914 915 916
f 914 917 562
f 917 916 918
f 917 919 563
f 919 918 920
f 919 921 565
f 921 920 922
f 921 923 567
f 924 923 925
f 924 925 926
f 924 570 568
f 926 925 927
f 926 927 928
f 926 929 570
f 928 927 930
f 928 930 578
f 928 580 929
f 930 931 932
f 930 932 581
f 932 933 934
f 932 934 584
f 934 935 936
f 934 936 588
f 936 937 938
f 936 939 589
f 938 937 940
f 938 940 941
f 938 942 939
f 941 940 943
f 941 943 944
f 941 945 942
f 944 943 946
f 944 946 947
f 944 948 945
f 947 946 949
f 947 949 607
f 947 605 948
f 949 950 951
f 949 951 610
f 951 952 953
f 951 953 954
f 953 955 956
f 953 956 957
f 957 956 958
f 957 958 959
f 957 960 954
f 959 958 961
f 959 961 962
f 959 963 960
f 963 962 964
f 963 965 613
f 965 964 966
f 965 967 614
f 967 966 968
f 967 968 618
f 968 969 970
f 968 970 622
f 970 971 972
f 970 972 973
f 972 974 975
f 972 976 977
f 977 976 978
f 977 979 980
f 977 980 973
f 981 979 982
f 981 983 984
f 981 984 625
f 982 979 985
f 982 985 986
f 982 987 983
f 986 985 988
f 986 988 989
f 986 990 987
f 990 989 991
f 990 992 674
f 992 991 993
f 992 993 679
f 993 994 995
f 993 995 996
f 995 997 998
f 995 998 999
f 999 998 1000
f 999 1000 1001
f 999 1002 996
f 1001 1000 1003
f 1001 1004 1005
f 1001 1005 1002
f 1006 1004 1007
f 1006 1008 1009
f 1006 1009 684
f 1009 1010 1011
f 1009 1011 687
f 1011 1012 1013
f 1011 1013 1014
f 1013 1015 1016
f 1013 1016 1017
f 1017 692 1014
f 1017 1016 1018
f 1017 1018 1019
f 1018 1020 705
f 1018 705 703
f 1021 1020 1022
f 1021 1023 708
f 1021 708 706
f 1024 1023 1025
f 1024 1026 711
f 1024 711 709
f 1027 1026 1028
f 1027 1029 714
f 1027 714 712
f 1030 1029 1031
f 1030 1032 1033
f 1030 1033 715
f 1033 1034 1035
f 1033 1035 717
f 1035 1036 1037
f 1035 1037 719
f 1037 1038 1039
f 1037 1039 721
f 1039 1040 1041
f 1039 1041 722
f 1041 1042 1043
f 1041 1043 722
f 1043 1044 51
f 1043 50 724
f 1044 1042 1045
f 1044 1046 52
f 1046 1045 1047
f 1046 1048 1049
f 1049 1050 52
f 1049 1048 1051
f 1049 1051 1052
f 1052 1053 1050
f 1052 1051 1054
f 1052 1054 1055
f 1055 1056 1053
f 1055 1054 1057
f 1055 1057 1058
f 1058 1059 1056
f 1058 1057 1060
f 1058 1060 1061
f 1061 1062 1059
f 1061 1060 1063
f 1061 1063 1064
f 1064 1065 1066
f 1064 1063 1067
f 1064 1067 1065
f 1067 1068 1069
f 1067 1069 189
f 1069 1070 1071
f 1069 1071 1072
f 1072 1073 189
f 1072 1071 1074
f 1072 1074 1075
f 1075 6 1073
f 1075 1074 176
f 1075 176 1076
f 1074 1077 1078
f 1079 1077 1080
f 1079 1081 1082
f 1079 1082 177
f 1082 1083 1084
f 1082 1084 1085
f 1084 1086 1087
f 1084 1087 1088
f 1088 1089 1085
f 1088 1087 1090
f 1088 1090 1091
f 1091 1092 1089
f 1091 1090 1093
f 1091 1093 1094
f 1094 1093 1095
f 1094 1095 1096
f 1094 1097 1098
f 1098 1097 1099
f 1098 1099 1100
f 1098 1101 1092
f 1101 1100 1102
f 1101 1103 1104
f 1103 1102 1105
f 1103 1106 1107
f 1106 1105 1108
f 1106 1109 175
f 1109 1108 1110
f 1109 1111 1112
f 1113 1114 178
f 1113 1111 1115
f 1113 1116 1114
f 1117 3 2
f 1117 1116 1118
f 1117 184 3
f 1119 1120 1121
f 1119 1121 4
f 1119 184 183
f 1121 1122 1123
f 1121 1124 4
f 1124 1123 188
f 1124 190 5
f 1123 1125 1126
f 1123 1122 1125
f 1127 1128 1129
f 1127 1122 1130
f 1127 1130 1128
f 1131 1132 1133
f 1131 1130 1134
f 1131 1134 1132
f 1135 762 760
f 1135 1134 1136
f 1135 1137 762
f 1137 1136 1138
f 1137 1139 764
f 1139 1138 1140
f 1139 1141 766
f 1142 769 767
f 1142 1141 1143
f 1142 1144 769
f 1145 772 770
f 1145 1144 1146
f 1145 1147 772
f 1148 1149 772
f 1148 1147 1150
f 1148 1151 1152
f 1152 1153 1149
f 1152 1151 1154
f 1152 1154 1155
f 1155 1156 1153
f 1155 1154 1157
f 1155 1157 1158
f 1158 1159 1156
f 1158 1157 1160
f 1158 1160 1161
f 1161 1162 1159
f 1161 1160 1163
f 1161 1163 1164
f 1164 1165 1162
f 1164 1163 1166
f 1164 1166 1167
f 1167 1168 1165
f 1167 1166 1169
f 1167 1170 1171
f 1171 1170 1172
f 1171 1172 796
f 1171 793 1168
f 1172 1173 1174
f 1172 1175 1176
f 1175 1174 1177
f 1175 1178 1176
f 1179 1178 1180
f 1179 1181 1182
f 1179 1183 1176
f 1182 1181 1184
f 1182 1184 1185
f 1182 1186 1183
f 1185 1184 1187
f 1185 1187 809
f 1185 806 1186
f 1187 1188 1189
f 1187 1189 1190
f 1189 1191 1192
f 1189 1192 1193
f 1193 1192 1194
f 1193 1194 1195
f 1193 1196 1190
f 1195 1194 1197
f 1195 1197 1198
f 1195 1199 1196
f 1198 1197 120
f 1198 120 119
f 1198 1200 1199
f 1201 1202 1203
f 1201 1203 123
f 1201 1197 1204
f 1203 1205 1206
f 1203 1206 202
f 1206 1207 1208
f 1206 199 202
f 1208 1209 1210
f 1208 1210 199
f 1208 1207 1211
f 1211 1212 1209
f 1211 1207 1213
f 1211 1213 1214
f 1214 1215 1212
f 1214 1213 1216
f 1214 1216 1217
f 1217 1218 1219
f 1217 1216 1220
f 1217 1220 1218
f 1221 182 1222
f 1221 1220 1223
f 1221 1224 1225
f 1224 1223 1226
f 1224 1226 1227
f 1227 1228 1225
f 1227 1226 1229
f 1227 1229 1230
f 1230 1231 1232
f 1230 1229 1233
f 1230 1233 1231
f 1234 1235 1236
f 1234 1233 1237
f 1234 1238 1235
f 1239 1240 1241
f 1239 1238 1242
f 1239 1243 1240
f 1244 1245 1246
f 1244 1243 1247
f 1244 1248 1245
f 1248 1247 1249
f 1248 1250 67
f 1250 1249 1251
f 1250 1252 68
f 1253 1254 1255
f 1253 1255 70
f 1253 1252 75
f 1252 1251 72
f 1251 1249 1256
f 1251 1256 1257
f 1256 1258 1259
f 1256 1259 1169
f 1259 1260 1173
f 1259 1173 1170
f 1260 1258 1261
f 1260 1262 1174
f 1262 1261 1242
f 1262 1263 1177
f 1264 1263 1237
f 1264 1265 1180
f 1264 1180 1178
f 1266 1265 1267
f 1266 1268 1269
f 1266 1270 1180
f 1269 1268 1271
f 1269 1271 1191
f 1269 1188 1270
f 1271 1272 1273
f 1271 1273 1274
f 1268 1267 1272
f 1265 1237 1233
f 1263 1242 1238
f 1261 1247 1243
f 1261 1258 1247
f 1246 1150 1147
f 1246 1146 1240
f 1246 1245 1150
f 1241 1146 1144
f 1241 1143 1235
f 1236 1143 1141
f 1236 1140 1231
f 1232 1140 1138
f 1232 1275 1228
f 1273 1223 1276
f 1276 1223 1277
f 1276 1277 1278
f 1276 1279 1274
f 1278 1277 1280
f 1278 1280 1202
f 1278 1204 1279
f 1222 1118 1116
f 1222 1115 1218
f 1222 182 1118
f 1219 1115 1111
f 1219 1110 1215
f 1280 1213 1205
f 1281 1110 1108
f 1281 1282 1212
f 1282 1108 1105
f 1282 1283 1284
f 1285 1283 1286
f 1285 1287 1288
f 1285 1289 1284
f 1288 1287 1290
f 1288 1290 1291
f 1288 1292 1289
f 1292 1291 1293
f 1292 1294 1210
f 1294 1293 1295
f 1294 1296 200
f 1296 1295 1297
f 1296 1297 1298
f 1297 1299 1300
f 1297 1300 1301
f 1301 1300 1302
f 1301 1303 1304
f 1301 1304 198
f 1304 1305 1306
f 1304 1306 1307
f 1306 1308 1309
f 1306 1309 1310
f 1310 1311 1307
f 1310 1309 1312
f 1310 1312 1313
f 1313 1314 1311
f 1313 1312 1315
f 1313 1315 1314
f 1316 1317 1318
f 1316 1315 1319
f 1316 1320 1317
f 1321 1322 1323
f 1321 1320 1324
f 1321 1325 1322
f 1326 1327 834
f 1326 1325 1328
f 1326 1329 1327
f 1330 1331 1327
f 1330 1329 1332
f 1330 1333 1334
f 1334 1335 1331
f 1334 1333 1336
f 1334 1336 1337
f 1337 1338 1335
f 1337 1336 1339
f 1337 1339 1340
f 1340 1341 1338
f 1340 1339 880
f 1340 880 878
f 1339 1342 1343
f 1342 1336 1344
f 1342 1345 170
f 1345 1344 1346
f 1345 1346 1347
f 1347 1346 888
f 1347 888 886
f 1347 884 171
f 1348 1346 1349
f 1348 1350 1351
f 1348 1351 889
f 1352 1350 1353
f 1352 1354 1355
f 1352 1355 892
f 1356 1354 1357
f 1356 1358 1359
f 1356 1360 1355
f 1359 1358 1361
f 1359 1361 1362
f 1359 1363 1360
f 1362 1361 1364
f 1362 1364 1365
f 1362 1366 1363
f 1365 1364 1367
f 1365 1367 1368
f 1365 1369 1366
f 1368 1367 1370
f 1368 1370 1371
f 1368 1372 1369
f 1371 1370 1373
f 1371 1373 1374
f 1371 1375 1372
f 1375 1374 1376
f 1375 1376 911
f 1376 1377 1378
f 1376 1378 913
f 1378 116 1379
f 1378 1379 915
f 1379 1380 1381
f 1379 1382 915
f 1382 1381 1383
f 1382 1384 916
f 1384 1383 1385
f 1384 1386 918
f 1386 1385 1387
f 1386 1388 920
f 1388 1387 1389
f 1388 1389 1390
f 1390 1389 1391
f 1390 1391 1392
f 1390 1393 922
f 1392 1391 1394
f 1392 1394 1395
f 1392 1396 1393
f 1395 1394 1397
f 1395 1397 933
f 1395 931 1396
f 1397 1398 1399
f 1397 1399 935
f 1399 1400 1401
f 1399 1401 937
f 1402 1400 1403
f 1402 1404 1405
f 1402 1406 1401
f 1405 1404 1407
f 1405 1407 1408
f 1405 1409 1406
f 1408 1407 1410
f 1408 1410 952
f 1408 950 1409
f 1410 1411 1412
f 1410 1412 955
f 1412 21 1413
f 1412 1414 1415
f 1414 1413 1416
f 1414 1417 1415
f 1418 1417 1419
f 1418 1420 1421
f 1418 1422 1415
f 1421 1420 1423
f 1421 1423 1424
f 1421 1425 1422
f 1424 1423 1426
f 1424 1426 1427
f 1424 1428 1425
f 1428 1427 1429
f 1428 1430 961
f 1430 1429 1431
f 1430 1432 962
f 1432 1431 1433
f 1432 1434 964
f 1434 1433 1435
f 1434 1436 966
f 1436 1435 1437
f 1436 1437 971
f 1437 1438 1439
f 1437 1439 974
f 1439 1440 1441
f 1439 1442 974
f 1442 1441 1443
f 1442 1444 975
f 1445 1444 1446
f 1445 1447 978
f 1445 978 976
f 1446 1444 1448
f 1446 1448 1449
f 1446 1450 1447
f 1450 1449 1451
f 1450 1452 988
f 1452 1451 1453
f 1452 1454 989
f 1454 1453 1455
f 1454 1455 994
f 1455 1456 1457
f 1455 1457 997
f 1457 1458 1459
f 1457 1459 1460
f 1459 1461 1462
f 1459 1462 1463
f 1463 1462 1464
f 1463 1465 1466
f 1463 1466 1460
f 1467 1465 1468
f 1467 1469 1003
f 1467 1003 1000
f 1470 1469 1471
f 1470 1472 1007
f 1470 1007 1004
f 1473 1472 1474
f 1473 1475 1476
f 1473 1476 1008
f 1475 1474 1477
f 1475 94 155
f 1477 1474 1478
f 1477 1478 1479
f 1477 1479 93
f 1479 1480 1481
f 1479 1482 1480
f 1483 1484 1485
f 1483 1482 1486
f 1483 1487 1484
f 1488 1489 1490
f 1488 1487 1491
f 1488 1492 1489
f 1493 1494 1495
f 1493 1492 1496
f 1493 1497 1494
f 1498 1499 1494
f 1498 1497 1500
f 1498 1501 1502
f 1502 1503 1499
f 1502 1501 1504
f 1502 1504 1505
f 1505 1506 1503
f 1505 1504 1507
f 1505 1508 1506
f 1509 1510 1511
f 1509 1508 1512
f 1509 1513 1510
f 1514 1515 1516
f 1514 1513 1517
f 1514 1518 1515
f 1519 228 227
f 1519 1518 1520
f 1519 1521 228
f 1522 1523 230
f 1522 1521 1524
f 1522 1525 1523
f 1526 1525 1527
f 1526 1528 1529
f 1526 1529 1530
f 1530 1531 1523
f 1530 1529 1532
f 1530 1532 1533
f 1533 1534 229
f 1533 1532 1535
f 1533 1535 1534
f 1536 1537 1538
f 1536 1535 1539
f 1536 1540 1537
f 1541 1542 1543
f 1541 1540 1544
f 1541 1545 1542
f 1546 1547 1548
f 1546 1545 1419
f 1546 1549 1547
f 1550 1549 1416
f 1550 1551 1552
f 1550 1553 1547
f 1554 1553 1555
f 1554 1556 1557
f 1554 1557 1548
f 1557 1558 1559
f 1557 1559 1560
f 1560 1543 1542
f 1560 1559 1511
f 1560 1511 1543
f 1561 1511 1510
f 1561 1516 1538
f 1561 1538 1537
f 1556 1555 1562
f 1556 1563 1558
f 1562 1555 1564
f 1562 1564 1495
f 1562 1495 1563
f 1565 1564 1566
f 1565 1567 1490
f 1565 1490 1489
f 1568 1567 1569
f 1568 1570 1485
f 1568 1485 1484
f 1571 1570 1572
f 1571 1573 1481
f 1571 1481 1480
f 1573 1572 1574
f 1573 1575 92
f 1575 1574 1576
f 1575 1577 1578
f 1578 1577 1579
f 1578 1579 1580
f 1578 1581 1582
f 1581 1580 1583
f 1581 1583 91
f 1583 1584 1585
f 1583 1585 1586
f 1586 1585 1587
f 1586 1587 1588
f 1586 1589 91
f 1589 1588 1590
f 1589 1591 88
f 1591 1590 1592
f 1591 153 1593
f 1592 1590 1594
f 1592 1594 1595
f 1592 1595 153
f 1595 1596 1597
f 1595 1597 1598
f 1598 1599 1600
f 1598 1597 1601
f 1598 1601 1602
f 1602 1603 1599
f 1602 1601 1604
f 1602 1604 1605
f 1605 1022 1603
f 1605 1604 1025
f 1605 1025 1023
f 1606 1604 1607
f 1606 1608 1028
f 1606 1028 1026
f 1609 1608 1610
f 1609 1611 1031
f 1609 1031 1029
f 1611 1610 1612
f 1611 1613 1614
f 1613 1612 1615
f 1613 1616 216
f 1616 1615 1617
f 1616 1618 219
f 1619 1620 1621
f 1619 1622 219
f 1619 1618 1620
f 1623 1624 1625
f 1623 1618 1626
f 1623 1626 1627
f 1627 1626 1628
f 1627 1628 1629
f 1627 1629 1630
f 1630 1631 1632
f 1630 1632 1624
f 1630 1629 1633
f 1633 1634 1631
f 1633 1629 1635
f 1633 1635 1636
f 1636 1637 1634
f 1636 1635 1638
f 1636 1638 1639
f 1639 1640 1637
f 1639 1638 1641
f 1639 1641 1642
f 1642 1643 1640
f 1642 1641 1644
f 1642 1644 1645
f 1645 1070 1643
f 1645 1644 1646
f 1645 1646 1647
f 1646 1648 1649
f 1646 1649 1080
f 1649 1650 1651
f 1649 1651 1081
f 1651 1652 1653
f 1651 1653 1083
f 1653 1654 1655
f 1653 1655 1086
f 1655 1656 1657
f 1655 1657 1658
f 1657 1659 1660
f 1657 1660 1661
f 1661 1662 1658
f 1661 1660 1663
f 1661 1663 1664
f 1664 1665 1662
f 1664 1663 1666
f 1664 1666 1667
f 1667 1666 1668
f 1667 1668 1669
f 1667 1670 1665
f 1669 1668 1671
f 1669 1671 1672
f 1669 1673 1670
f 1673 1672 1674
f 1673 1675 1095
f 1675 1674 1676
f 1675 1676 1677
f 1677 1676 1678
f 1677 1678 1679
f 1677 1680 1096
f 1679 1678 1681
f 1679 1681 1682
f 1679 1683 1680
f 1683 1682 1684
f 1683 1685 1099
f 1685 1684 1287
f 1685 1286 1100
f 1682 1681 1686
f 1682 1687 1684
f 1687 1686 1688
f 1687 1689 1290
f 1689 1688 1690
f 1689 1691 1291
f 1691 1690 1692
f 1691 1693 1293
f 1693 1692 1694
f 1693 1694 1299
f 1694 1695 1696
f 1694 1697 1698
f 1697 1696 1699
f 1697 1700 1698
f 1701 1700 1702
f 1701 1703 1302
f 1701 1302 1300
f 1704 1703 1705
f 1704 1706 1707
f 1704 1707 1303
f 1707 1708 1709
f 1707 1709 1305
f 1709 1710 1711
f 1709 1711 1308
f 1711 1712 1713
f 1711 1713 1714
f 1712 1710 1715
f 1712 1716 1373
f 1716 1715 1717
f 1716 1718 1377
f 1718 1717 114
f 1718 113 116
f 1717 1715 1719
f 1717 1719 1720
f 1720 1719 1721
f 1720 1721 1722
f 1720 1723 114
f 1723 1724 115
f 1723 1722 1724
f 1725 1726 1727
f 1725 1722 1728
f 1725 1729 1726
f 1730 1731 1732
f 1730 1729 1733
f 1730 1734 1731
f 1735 1736 1737
f 1735 1734 1738
f 1735 1739 1736
f 1740 1741 1742
f 1740 1739 1743
f 1740 1744 1745
f 1745 1746 1741
f 1745 1744 58
f 1745 57 1746
f 1747 1748 1746
f 1747 57 1749
f 1747 1749 1750
f 1750 1751 1752
f 1750 1749 1753
f 1750 1753 1751
f 1754 1753 1755
f 1754 1755 1756
f 1754 1756 1757
f 1757 1758 1759
f 1757 1760 1751
f 1757 1756 1758
f 1761 1756 1762
f 1761 1763 1764
f 1761 1764 1765
f 1765 1766 1758
f 1765 1764 248
f 1765 248 247
f 1766 247 246
f 1766 1767 1759
f 1768 1767 1769
f 1768 1769 1770
f 1768 1770 1760
f 1770 1771 1772
f 1770 1773 1752
f 1773 1772 1774
f 1773 1775 1748
f 1774 1772 1776
f 1774 1776 1777
f 1774 1778 1775
f 1777 1776 1779
f 1777 1779 1780
f 1777 1742 1778
f 1780 1779 1781
f 1780 1781 1737
f 1780 1737 1736
f 1782 1781 1783
f 1782 1784 1732
f 1782 1732 1731
f 1785 1784 1786
f 1785 1787 1727
f 1785 1727 1726
f 1788 1787 1789
f 1788 1790 1791
f 1788 1791 1724
f 1792 1790 1793
f 1792 1794 117
f 1792 117 1791
f 1793 1795 1796
f 1793 1797 1794
f 1793 1790 1795
f 1797 1796 1798
f 1797 1799 29
f 1799 1798 1800
f 1799 1801 30
f 1802 1801 1803
f 1802 1804 1805
f 1802 1805 25
f 1805 1806 1807
f 1805 1807 1808
f 1807 1809 1810
f 1807 1810 1811
f 1811 1810 1812
f 1811 1812 1813
f 1811 1814 1808
f 1814 1813 1815
f 1814 1815 1816
f 1815 1817 1385
f 1815 1385 1383
f 1817 1813 1818
f 1817 1818 1819
f 1818 1820 1821
f 1818 1821 1822
f 1822 1821 1823
f 1822 1823 1824
f 1822 1825 1819
f 1824 1823 1826
f 1824 1826 1827
f 1824 1828 1825
f 1827 1826 1403
f 1827 1403 1400
f 1827 1398 1828
f 1829 1826 1830
f 1829 18 1831
f 1829 1831 1404
f 1823 1832 1830
f 1832 1821 1833
f 1832 1834 19
f 1834 1833 1835
f 1834 1836 1837
f 1838 1836 1839
f 1838 1839 1840
f 1838 1841 1837
f 1841 1840 1842
f 1841 1843 16
f 1843 1842 1844
f 1843 1844 17
f 1845 1844 1846
f 1845 1847 1848
f 1845 1848 15
f 1848 1849 1850
f 1848 1850 22
f 1850 1851 1852
f 1850 1852 22
f 1852 1566 1853
f 1852 1853 1552
f 1851 1849 1569
f 1851 1569 1567
f 1854 1849 1847
f 1854 1855 1572
f 1854 1572 1570
f 1855 1847 1846
f 1855 1856 1574
f 1856 1846 1857
f 1856 1858 1576
f 1859 1858 1860
f 1859 1861 1862
f 1859 1862 1577
f 1863 1861 1864
f 1863 1865 1866
f 1863 1867 1862
f 1867 1866 1868
f 1867 1869 1579
f 1869 1868 1870
f 1869 1870 1584
f 1870 1871 1872
f 1870 1872 1873
f 1872 1874 1875
f 1872 1875 1876
f 1876 1875 1877
f 1876 1877 1878
f 1876 1879 1873
f 1878 1877 1880
f 1878 1881 1882
f 1878 1882 1879
f 1882 1883 1884
f 1882 1884 1587
f 1884 1885 1886
f 1884 1886 1588
f 1887 1885 1888
f 1887 1889 1890
f 1887 1890 1594
f 1890 1891 1892
f 1890 1892 1596
f 1892 1893 1894
f 1892 1894 1895
f 1894 1896 1897
f 1894 1897 1898
f 1898 1899 1895
f 1898 1897 1900
f 1898 1900 1901
f 1901 1607 1899
f 1901 1900 1610
f 1901 1610 1608
f 1900 1902 1612
f 1902 1897 1903
f 1902 1904 1615
f 1904 1903 1905
f 1904 1906 1617
f 1905 1903 1907
f 1905 1907 1908
f 1905 1908 1628
f 1908 1909 1910
f 1908 1910 1911
f 1910 1912 1913
f 1910 1914 1911
f 1913 1915 1914
f 1913 1912 147
f 1913 145 1916
f 1916 1917 1915
f 1916 145 144
f 1916 1918 1919
f 1919 1648 1917
f 1919 1918 1920
f 1919 1920 1650
f 1920 1921 1922
f 1920 1922 1652
f 1922 1923 1924
f 1922 1924 1654
f 1924 1925 1926
f 1924 1926 1656
f 1926 1927 1928
f 1926 1928 1659
f 1928 1929 1930
f 1928 1930 1931
f 1930 1932 1769
f 1930 1769 1933
f 1932 1929 1934
f 1932 1935 1771
f 1934 1929 1936
f 1934 1936 1937
f 1934 1938 1935
f 1937 1936 192
f 1937 192 1939
f 1937 1940 1938
f 1939 192 1941
f 1939 1941 1942
f 1939 1783 1940
f 1942 1941 1943
f 1942 1944 1786
f 1942 1786 1784
f 1945 1944 1946
f 1945 1947 1789
f 1945 1789 1787
f 1947 1946 1948
f 1947 1949 1795
f 1949 1948 1950
f 1949 1951 1796
f 1951 1950 1952
f 1951 1953 1798
f 1953 1952 1954
f 1953 1955 1800
f 1956 1955 1957
f 1956 1958 1803
f 1956 1803 1801
f 1959 1958 1960
f 1959 1961 1962
f 1959 1962 1804
f 1962 1963 1964
f 1962 1964 1806
f 1964 1965 1966
f 1964 1966 1809
f 1966 1967 1968
f 1966 1968 1969
f 1968 1970 1971
f 1968 1971 1972
f 1972 1971 1973
f 1972 1973 1974
f 1972 1975 1969
f 1974 1973 1976
f 1974 1976 1835
f 1974 1977 1975
f 1977 1835 1833
f 1977 1820 1812
f 1976 1978 1979
f 1976 1979 1836
f 1980 1978 1981
f 1980 1982 1983
f 1980 1984 1979
f 1984 1983 1985
f 1984 1986 1839
f 1986 1985 1987
f 1986 1987 1842
f 1987 1988 1989
f 1987 1989 1990
f 1989 1991 1992
f 1989 1992 1857
f 1992 1993 1860
f 1992 1860 1858
f 1994 1993 1995
f 1994 1996 1864
f 1994 1864 1861
f 1997 1996 1998
f 1997 1999 2000
f 1997 2000 1865
f 2000 2001 2002
f 2000 2002 1865
f 2002 2003 2004
f 2002 2004 1866
f 2004 2005 2006
f 2004 2006 1871
f 2006 2007 2008
f 2006 2008 1874
f 2008 2009 2010
f 2008 2010 2011
f 2010 2012 2013
f 2010 2013 2014
f 2014 2013 2015
f 2014 2016 2017
f 2014 2017 2011
f 2018 2016 2019
f 2018 2020 1880
f 2018 1880 1877
f 2021 2020 2022
f 2021 2023 2024
f 2021 2024 1881
f 2024 2025 2026
f 2024 2026 1883
f 2026 2027 1888
f 2026 1888 1885
f 2028 2027 2029
f 2028 2030 2031
f 2028 2031 1889
f 2031 2032 2033
f 2031 2033 1891
f 2033 148 2034
f 2033 2034 1893
f 2034 2035 1909
f 2034 1907 1896
f 2030 2029 2036
f 2030 2037 2032
f 2037 2036 2038
f 2037 2039 149
f 2039 2038 2040
f 2039 2040 2041
f 2040 2042 2043
f 2040 2043 1943
f 2043 2044 1946
f 2043 1946 1944
f 2044 2042 2045
f 2044 2046 1948
f 2046 2045 2047
f 2046 2048 1950
f 2048 2047 2049
f 2048 2050 1952
f 2050 2049 2051
f 2050 2052 1954
f 2053 2052 2054
f 2053 2055 1957
f 2053 1957 1955
f 2056 2055 2057
f 2056 2058 1960
f 2056 1960 1958
f 2059 2058 2060
f 2059 2061 2062
f 2059 2062 1961
f 2062 2063 2064
f 2062 2064 1963
f 2064 2065 2066
f 2064 2066 1965
f 2066 2067 2068
f 2066 2068 1967
f 2068 2069 2070
f 2068 2070 1970
f 2070 2071 2072
f 2070 2072 2073
f 2072 2074 2075
f 2072 2075 2076
f 2076 2075 2077
f 2076 2077 1981
f 2076 2078 2073
f 2077 2079 2080
f 2077 2080 1982
f 2080 2081 2082
f 2080 2083 1982
f 2083 2082 2084
f 2083 2085 1983
f 2085 2084 2086
f 2085 2087 1988
f 2087 2086 2088
f 2087 2088 1991
f 2088 2089 1995
f 2088 1995 1993
f 2090 2089 2091
f 2090 2092 1998
f 2090 1998 1996
f 2093 2092 2094
f 2093 2095 2096
f 2093 2096 1999
f 2096 2097 2098
f 2096 2098 2001
f 2098 2099 2100
f 2098 2100 2003
f 2100 2101 2102
f 2100 2102 2005
f 2102 2103 2104
f 2102 2104 2007
f 2104 2105 2106
f 2104 2106 2009
f 2106 2107 2108
f 2106 2108 2012
f 2108 2109 2110
f 2108 2110 2111
f 2110 2112 2113
f 2110 2113 2114
f 2114 2113 77
f 2114 2115 2015
f 2114 2015 2111
f 2116 2115 2117
f 2116 2118 2019
f 2116 2019 2016
f 2119 2118 2120
f 2119 2121 2022
f 2119 2022 2020
f 2122 2121 2123
f 2122 2124 2125
f 2122 2125 2023
f 2125 2126 2127
f 2125 2127 2025
f 2127 2128 2029
f 2127 2029 2027
f 2128 2126 2129
f 2128 2130 2036
f 2130 2129 2045
f 2130 2045 2042
f 2129 2126 2131
f 2129 2131 2047
f 2131 2124 2132
f 2131 2132 2049
f 2132 2123 2133
f 2132 2133 2051
f 2134 2133 2135
f 2134 2136 2054
f 2134 2054 2052
f 2137 2136 2138
f 2137 2138 2057
f 2137 2057 2055
f 2139 2138 2140
f 2139 2140 2060
f 2139 2060 2058
f 2141 2140 2142
f 2141 2142 2143
f 2141 2143 2061
f 2143 2144 2145
f 2143 2145 2063
f 2145 2146 2147
f 2145 2147 2065
f 2147 2148 2149
f 2147 2149 2067
f 2149 2150 2151
f 2149 2151 2069
f 2151 2152 2153
f 2151 2153 2071
f 2153 2154 101
f 2153 101 2074
f 2154 2152 2155
f 2154 2156 102
f 2157 2156 2158
f 2157 2159 2160
f 2157 2160 104
f 2160 2161 2162
f 2160 2162 105
f 2162 2163 2081
f 2162 2081 2079
f 2163 2161 2164
f 2163 2165 2082
f 2165 2164 2166
f 2165 2167 2084
f 2167 2166 2168
f 2167 2091 2086
f 2168 2166 2169
f 2168 2169 2170
f 2168 2094 2091
f 2170 2169 2171
f 2170 2171 2172
f 2170 2173 2094
f 2173 2172 2174
f 2173 2174 2097
f 2174 2175 2176
f 2174 2176 2099
f 2176 2177 2178
f 2176 2178 2101
f 2178 213 2179
f 2178 2179 2103
f 2179 211 2180
f 2179 2180 2105
f 2180 2181 2182
f 2180 2182 2107
f 2182 2183 2184
f 2182 2184 2109
f 2184 2185 2186
f 2184 2186 2112
f 2186 2187 79
f 2186 79 78
f 2188 2187 2189
f 2188 2190 2191
f 2188 2191 80
f 2191 2192 2193
f 2191 2193 2194
f 2193 2195 2196
f 2193 2196 2117
f 2196 2197 2120
f 2196 2120 2118
f 2197 2195 2198
f 2197 2135 2199
f 2198 2195 2200
f 2198 2200 2201
f 2198 2202 2135
f 2201 2200 2203
f 2201 2203 2204
f 2201 2205 2202
f 2204 2203 2206
f 2204 2206 2207
f 2204 2208 2205
f 2207 2206 2209
f 2207 2209 2210
f 2207 2211 2208
f 2211 2210 2212
f 2211 2212 2144
f 2212 86 2213
f 2212 2213 2146
f 2213 85 2214
f 2213 2214 2148
f 2214 83 2215
f 2214 2215 2150
f 2215 2216 2155
f 2215 2155 2152
f 2217 2216 2218
f 2217 2219 2158
f 2217 2158 2156
f 2220 2219 2221
f 2220 2222 2223
f 2220 2223 2159
f 2223 2224 2164
f 2223 2164 2161
f 2222 2221 2225
f 2222 2226 2224
f 2225 2221 2227
f 2225 2227 2228
f 2225 2229 2226
f 2229 2228 2230
f 2229 2230 2172
f 2230 2231 2232
f 2230 2232 2175
f 2232 2233 212
f 2232 212 2177
f 2233 2231 2234
f 2233 2235 2236
f 2236 2237 2238
f 2236 2235 2239
f 2236 2239 2240
f 2240 2183 2237
f 2240 2239 2241
f 2240 2241 2185
f 2241 2242 2189
f 2241 2189 2187
f 2243 2242 2244
f 2243 2245 2246
f 2243 2246 2190
f 2244 2242 2247
f 2244 2247 2248
f 2244 2249 2245
f 2248 2247 2234
f 2248 2234 2250
f 2248 2251 2249
f 2251 2250 2252
f 2251 2252 2209
f 2252 2253 84
f 2252 84 86
f 2253 2250 2228
f 2253 2227 2254
f 2250 2234 2231
f 2237 2181 210
f 2254 2218 2255
f 2254 2221 2219
f 2218 2216 82
f 2246 2200 2192
f 2199 2123 2121
f 2117 2115 2194
f 2079 2075 103
f 1981 1978 2078
f 1943 1941 2041
f 1936 1927 193
f 1925 1923 194
f 1923 1921 2256
f 1921 1918 2256
f 1912 1909 2035
f 1857 1846 1990
f 1933 2257 1931
f 1933 1767 246
f 1764 2258 2259
f 2258 1763 2260
f 2258 2261 1671
f 2261 2260 2262
f 2261 2263 1672
f 2263 2262 2264
f 2263 2264 2265
f 2264 2266 2267
f 2264 2267 2268
f 2268 2267 109
f 2268 109 108
f 2268 2269 2265
f 2267 2270 110
f 2271 2270 2272
f 2271 2273 2274
f 2271 2274 111
f 2274 2275 2276
f 2274 2276 112
f 2276 2277 2278
f 2276 2278 2279
f 2279 2280 112
f 2279 2278 1688
f 2279 1688 1686
f 2280 2281 108
f 2280 1686 2281
f 2278 2282 1690
f 2282 2277 2283
f 2282 2284 1692
f 2284 2283 2285
f 2284 2286 1695
f 2286 2285 2287
f 2286 2288 1696
f 2288 2287 239
f 2288 2289 1699
f 2290 2289 2291
f 2290 2292 1702
f 2290 1702 1700
f 2293 2292 2294
f 2293 2295 1705
f 2293 1705 1703
f 2296 2295 2297
f 2296 2298 2299
f 2296 2299 1706
f 2299 2300 2301
f 2299 2301 1708
f 2298 2297 2302
f 2298 2303 2300
f 2303 2302 2304
f 2303 1728 1721
f 2304 1733 1729
f 2304 2302 2305
f 2304 2305 1733
f 2306 1738 1734
f 2306 2305 2307
f 2306 2307 1738
f 2308 1743 1739
f 2308 2307 2309
f 2308 2310 1743
f 2310 2309 2311
f 2310 2312 59
f 2312 2311 2313
f 2312 2314 54
f 2314 2313 2315
f 2314 2316 55
f 2316 2315 2317
f 2316 2318 2319
f 2317 2315 2320
f 2317 2320 2321
f 2317 2322 2318
f 2322 2321 2323
f 2322 2324 1755
f 2324 2323 2262
f 2324 2260 1763
f 2323 2321 2325
f 2323 2325 2266
f 2325 2326 2272
f 2325 2272 2270
f 2327 2326 2328
f 2327 2329 2330
f 2327 2330 2273
f 2330 2331 2332
f 2330 2333 2275
f 2333 2332 2285
f 2333 2283 2277
f 2332 2331 2334
f 2332 2334 2285
f 2334 2335 240
f 2334 240 2287
f 2335 2336 241
f 2335 2331 2329
f 2337 2338 2339
f 2337 2339 242
f 2337 2336 2338
f 2340 2341 2342
f 2340 2336 2329
f 2340 2328 2341
f 2342 2313 2311
f 2342 2343 2338
f 2342 2341 2313
f 2343 2311 2309
f 2343 2344 2345
f 2345 2344 2346
f 2345 2346 2347
f 2345 2348 2349
f 2348 2347 2350
f 2348 2351 2339
f 2350 2347 2294
f 2350 2294 2292
f 2350 2291 2351
f 2352 2353 2297
f 2352 2297 2295
f 2352 2347 2346
f 2346 2354 2353
f 2344 2309 2307
f 2328 2326 2320
f 2291 2289 238
f 2319 1749 56
f 1744 1743 59
f 2301 1715 1710
f 2281 1678 2269
f 2259 1668 244
f 1663 2257 245
f 1643 1068 2355
f 1640 2355 2356
f 1637 2356 2357
f 1634 2357 2358
f 1632 2359 1048
f 1632 1047 1625
f 2360 1047 1045
f 2360 2361 1621
f 2360 1621 1620
f 2362 2361 1040
f 2362 1038 2363
f 2362 2363 1622
f 2363 1036 218
f 2363 218 217
f 2361 1045 1042
f 1631 2358 2359
f 2364 1015 152
f 2364 152 151
f 2364 1603 2365
f 1853 1555 1553
f 1552 1551 20
f 1551 1416 1413
f 1549 1419 1417
f 1545 1544 1420
f 1540 1539 1423
f 1538 2366 1534
f 1535 2367 1539
f 2367 1532 2368
f 2367 2369 1426
f 2369 2368 2370
f 2369 2371 1427
f 2371 2370 2372
f 2371 2373 1429
f 2373 2372 2374
f 2373 2375 1431
f 2375 2374 2376
f 2375 2377 1433
f 2377 2376 2378
f 2377 2379 1435
f 2379 2378 2380
f 2379 2381 1438
f 2381 2380 2382
f 2381 2383 1440
f 2383 2382 2384
f 2383 2385 1441
f 2385 2384 2386
f 2385 2387 1443
f 2387 2386 2388
f 2387 2389 1448
f 2389 2388 2390
f 2389 2391 1449
f 2391 2390 2392
f 2391 2393 1451
f 2393 2392 2394
f 2393 2394 1456
f 2394 2395 2396
f 2394 2396 1458
f 2396 2397 2398
f 2396 2398 1461
f 2398 2399 2400
f 2398 2400 2401
f 2400 2402 2403
f 2400 2404 2401
f 2405 2404 2406
f 2405 2407 1464
f 2405 1464 1462
f 2408 2407 2409
f 2408 2410 1468
f 2408 1468 1465
f 2411 2410 2412
f 2411 2413 1471
f 2411 1471 1469
f 2413 2412 2414
f 2413 2415 2416
f 2415 2414 1486
f 2415 1486 1482
f 2417 1491 1487
f 2417 2414 2418
f 2417 2419 1491
f 2420 1496 1492
f 2420 2419 2421
f 2420 2422 1496
f 2423 1500 1497
f 2423 2422 2424
f 2423 2425 1500
f 2426 2427 1501
f 2426 2425 2428
f 2426 2428 2429
f 2429 1507 2427
f 2429 2428 2430
f 2429 2430 1507
f 2431 1512 1508
f 2431 2430 2432
f 2431 2433 1512
f 2434 1517 1513
f 2434 2433 2435
f 2434 2436 1517
f 2437 1520 1518
f 2437 2436 2438
f 2437 2439 1520
f 2440 1524 1521
f 2440 2439 2441
f 2440 2442 1524
f 2443 1527 1525
f 2443 2442 2444
f 2443 2445 1527
f 2446 2447 1528
f 2446 2445 2448
f 2446 2449 2447
f 2450 2449 207
f 2450 206 2451
f 2450 2451 2452
f 2452 2453 2447
f 2452 2451 2372
f 2452 2372 2370
f 2451 2454 2374
f 2454 206 205
f 2454 2455 2376
f 2455 205 2456
f 2455 2457 2378
f 2457 2456 2458
f 2457 2459 2380
f 2459 2458 2460
f 2459 2461 2382
f 2461 2460 2462
f 2461 2463 2384
f 2463 2462 2464
f 2463 2465 2386
f 2465 2464 2466
f 2465 2467 2388
f 2467 2466 2468
f 2467 2469 2390
f 2469 2468 2470
f 2469 2470 2395
f 2470 2471 2472
f 2470 2472 2397
f 2472 2473 2474
f 2472 2474 2399
f 2474 2475 2476
f 2474 2476 2402
f 2476 2477 2478
f 2476 2478 2403
f 2478 2479 2480
f 2478 2480 2481
f 2481 2480 2482
f 2481 2482 2406
f 2481 2406 2404
f 2483 2482 2484
f 2483 2485 2409
f 2483 2409 2407
f 2486 2485 2487
f 2486 2418 2412
f 2486 2412 2410
f 2487 2421 2419
f 2487 2485 2488
f 2487 2488 2421
f 2489 2424 2422
f 2489 2488 2490
f 2489 2490 2491
f 2491 2492 2424
f 2491 2490 2493
f 2491 2493 2494
f 2494 2495 2492
f 2494 2493 2496
f 2494 2496 2497
f 2497 2432 2495
f 2497 2496 2498
f 2497 2498 2432
f 2499 2435 2433
f 2499 2498 2500
f 2499 2501 2435
f 2502 2438 2436
f 2502 2501 2503
f 2502 2504 2438
f 2505 2441 2439
f 2505 2504 2506
f 2505 2507 2441
f 2508 2444 2442
f 2508 2507 2509
f 2508 2509 2510
f 2510 2448 2444
f 2510 2509 2511
f 2510 2511 208
f 2511 2512 2513
f 2511 2513 204
f 2513 2514 2458
f 2513 2458 2456
f 2514 2512 2515
f 2514 2516 2460
f 2516 2515 2517
f 2516 2518 2462
f 2518 2517 2519
f 2518 2520 2464
f 2520 2519 2521
f 2520 2522 2466
f 2522 2521 2523
f 2522 2523 2471
f 2523 2524 2525
f 2523 2525 2473
f 2525 61 2526
f 2525 2526 2475
f 2526 64 2527
f 2526 2527 2477
f 2527 2528 2529
f 2527 2529 2479
f 2529 2530 2531
f 2529 2531 2532
f 2531 2533 236
f 2531 236 235
f 2534 2535 2536
f 2534 2536 232
f 2534 2533 2537
f 2537 2538 2535
f 2537 2533 2539
f 2537 2539 2540
f 2540 2500 2538
f 2540 2539 2541
f 2540 2541 2500
f 2542 2503 2501
f 2542 2541 65
f 2542 2543 2503
f 2544 2506 2504
f 2544 2543 2545
f 2544 2546 2506
f 2547 2548 2507
f 2547 2546 2517
f 2547 2517 2515
f 2546 2545 2521
f 2545 2543 62
f 2545 62 2524
f 2541 2549 63
f 2549 2539 2530
f 2549 2528 63
f 2515 2512 2548
f 2536 2490 2550
f 2488 2484 2550
f 2484 2482 233
f 2480 2532 234
f 2449 2448 207
f 2370 2368 2453
f 1516 1515 2366
f 2416 1474 1472
f 1407 1831 1411
f 1383 1381 1816
f 1381 1380 27
f 1713 1370 2551
f 2551 2552 1714
f 2551 1367 2553
f 2553 2554 2552
f 2553 1364 2555
f 2555 1319 2554
f 2555 1361 2556
f 2556 1324 1319
f 2556 1358 1324
f 1357 1328 1325
f 1357 1354 1328
f 1353 1332 1329
f 1353 1350 1332
f 1349 1344 1333
f 1323 831 829
f 1323 2557 1317
f 1323 1322 831
f 2557 829 827
f 2557 2558 1318
f 2558 827 825
f 2558 2559 2560
f 2559 825 2561
f 2559 2561 119
f 1318 2560 1314
f 1311 122 121
f 1286 1283 1102
f 1169 1166 1257
f 1160 1254 74
f 1255 1154 2562
f 1151 1150 69
f 1138 1136 1275
f 1136 1134 181
f 1133 758 756
f 1133 2563 1128
f 1133 1132 758
f 2563 756 754
f 2563 2564 1129
f 2565 2564 751
f 2565 2566 1126
f 2565 1126 1125
f 2566 751 2567
f 2566 2567 187
f 2564 754 752
f 1130 1120 2568
f 1114 2 1076
f 1104 1107 174
f 1080 1077 1647
f 1066 2569 2570
f 1066 2570 2571
f 1066 1065 187
f 2571 2570 2572
f 2571 2572 2573
f 2573 2572 2574
f 2573 2574 2575
f 2574 738 2576
f 2574 2576 2577
f 2577 2576 2578
f 2577 2578 48
f 2577 2579 2575
f 2578 2580 729
f 2578 728 49
f 2576 735 2580
f 2579 48 47
f 1034 1032 215
f 1032 1031 1614
f 1022 1020 2365
f 1012 1010 154
f 1010 1008 1476
f 881 880 1343
f 878 876 1341
f 2561 819 1200
f 821 413 2581
f 818 2581 2582
f 815 2582 395
f 2567 745 2569
f 728 726 49
f 703 701 1019
f 984 669 626
f 669 667 629
f 667 663 2583
f 660 635 2583
f 871 500 37
f 466 221 461
f 457 456 223
f 430 604 426
f 346 666 341
f 315 269 311
f 2584 269 267
f 2584 266 308
f 1 3 4
f 1 5 6
f 6 1076 2
f 8 795 9
f 7 10 11
f 11 380 8
f 12 14 18
f 15 22 13
f 12 17 15
f 18 1830 19
f 19 1837 16
f 20 1413 21
f 13 23 20
f 21 1411 14
f 25 1808 26
f 24 28 31
f 26 1816 27
f 24 30 25
f 31 1794 29
f 32 34 37
f 32 36 33
f 37 497 35
f 39 604 40
f 40 609 41
f 38 42 45
f 38 44 39
f 45 418 43
f 46 48 49
f 46 50 51
f 46 52 47
f 53 55 56
f 53 57 58
f 53 59 54
f 61 2524 62
f 60 64 61
f 60 65 63
f 66 68 70
f 69 1245 67
f 70 2562 69
f 72 1257 73
f 71 75 72
f 73 1163 74
f 77 2113 78
f 76 79 80
f 80 2194 77
f 81 83 85
f 84 2255 82
f 81 86 84
f 88 1593 89
f 87 91 88
f 92 1582 90
f 93 1481 92
f 87 94 93
f 95 97 98
f 98 391 99
f 99 646 96
f 100 102 104
f 103 2074 101
f 100 105 103
f 106 108 109
f 106 110 111
f 106 112 107
f 113 115 117
f 28 1380 116
f 117 31 28
f 118 120 123
f 118 122 2560
f 123 202 121
f 124 126 128
f 127 332 125
f 128 666 129
f 124 131 127
f 132 134 137
f 135 621 136
f 136 632 133
f 45 42 135
f 137 418 45
f 139 266 140
f 141 304 139
f 138 142 141
f 143 145 147
f 146 2256 144
f 147 2035 148
f 148 2032 149
f 149 195 146
f 150 152 154
f 153 1600 151
f 154 1476 155
f 150 89 1593
f 156 158 160
f 159 686 157
f 156 131 678
f 160 332 127
f 162 517 163
f 161 164 165
f 161 166 162
f 167 169 172
f 167 171 168
f 172 1343 170
f 174 1107 175
f 176 1078 177
f 177 1085 174
f 175 1112 178
f 178 1076 176
f 180 1275 181
f 182 1225 180
f 181 2568 183
f 179 184 1118
f 185 187 1065
f 188 1126 186
f 185 190 188
f 191 193 194
f 194 2256 146
f 191 195 2041
f 197 1298 198
f 196 200 197
f 198 1307 201
f 201 121 202
f 204 2456 205
f 203 206 207
f 203 208 204
f 209 211 213
f 212 2238 210
f 213 2177 212
f 215 1614 216
f 214 218 215
f 214 219 217
f 220 222 225
f 220 224 221
f 225 583 223
f 226 228 230
f 229 2366 227
f 230 1531 229
f 232 2550 233
f 231 234 235
f 231 236 232
f 237 239 240
f 237 241 242
f 242 2351 238
f 244 1666 245
f 243 246 247
f 243 248 244
f 250 292 251
f 249 253 250
f 249 254 252
f 254 256 257
f 257 276 252
f 251 258 255
f 251 292 259
f 258 260 261
f 258 262 255
f 263 256 255
f 261 298 264
f 262 265 263
f 265 266 267
f 267 268 263
f 264 142 140
f 268 269 270
f 270 272 271
f 268 256 263
f 272 274 273
f 271 257 256
f 274 277 275
f 273 276 257
f 275 278 279
f 275 280 276
f 280 281 282
f 282 283 253
f 253 252 276
f 283 284 285
f 283 286 287
f 287 250 253
f 287 288 289
f 289 292 250
f 289 290 291
f 291 259 292
f 291 293 294
f 294 260 259
f 294 295 296
f 296 297 260
f 298 261 260
f 296 731 299
f 297 300 298
f 142 264 298
f 299 302 301
f 300 141 142
f 302 305 303
f 301 304 141
f 305 737 306
f 303 307 304
f 308 139 304
f 306 741 309
f 307 310 308
f 311 2584 308
f 309 744 312
f 310 313 311
f 313 315 311
f 312 747 316
f 313 317 314
f 317 319 314
f 316 750 320
f 320 321 318
f 322 695 318
f 320 327 323
f 321 324 322
f 325 691 322
f 323 326 158
f 324 157 325
f 326 327 328
f 328 330 329
f 326 160 158
f 330 333 331
f 329 332 160
f 331 334 335
f 335 125 332
f 335 336 337
f 337 126 125
f 337 338 339
f 339 340 126
f 340 128 126
f 340 342 343
f 343 344 341
f 344 346 341
f 344 347 348
f 348 349 345
f 349 351 345
f 349 352 353
f 353 354 350
f 355 662 350
f 354 356 357
f 354 358 355
f 359 659 355
f 357 779 360
f 358 361 359
f 362 656 359
f 360 782 363
f 361 364 362
f 365 653 362
f 363 785 366
f 366 367 365
f 367 369 365
f 367 370 371
f 371 372 368
f 372 374 368
f 372 375 376
f 376 377 373
f 377 379 373
f 377 380 11
f 11 10 378
f 379 382 383
f 383 374 373
f 378 384 381
f 385 802 386
f 384 387 381
f 384 10 385
f 386 389 388
f 387 98 97
f 97 382 381
f 389 392 390
f 388 391 98
f 392 808 393
f 390 394 391
f 393 814 395
f 394 396 397
f 397 99 391
f 398 646 99
f 397 399 398
f 400 644 398
f 396 2582 401
f 399 402 400
f 402 404 400
f 401 2581 405
f 405 406 403
f 406 408 403
f 405 413 409
f 409 410 407
f 411 634 407
f 410 412 134
f 410 133 411
f 412 413 414
f 414 416 415
f 412 137 134
f 416 419 417
f 415 418 137
f 419 421 420
f 420 43 418
f 421 423 422
f 422 44 43
f 423 833 424
f 422 425 44
f 425 39 44
f 424 837 427
f 425 428 426
f 428 430 426
f 427 840 431
f 431 432 429
f 433 602 429
f 432 434 435
f 432 436 433
f 437 599 433
f 435 845 438
f 436 439 437
f 440 596 437
f 438 848 441
f 439 442 440
f 443 593 440
f 441 851 444
f 444 445 443
f 445 447 443
f 445 448 449
f 449 450 446
f 450 452 446
f 450 453 454
f 454 455 451
f 455 457 451
f 455 458 459
f 459 460 456
f 460 224 456
f 460 462 463
f 463 464 461
f 464 466 461
f 464 467 468
f 468 469 465
f 469 471 465
f 469 472 473
f 473 474 470
f 474 476 470
f 474 477 478
f 478 479 475
f 479 481 475
f 479 482 483
f 483 484 480
f 485 494 486
f 484 487 480
f 484 488 485
f 489 490 485
f 483 482 36
f 488 35 489
f 490 492 493
f 490 494 485
f 490 495 491
f 496 554 491
f 489 35 497
f 495 498 496
f 499 551 496
f 497 37 500
f 498 501 499
f 502 548 499
f 500 871 503
f 501 504 502
f 505 545 502
f 503 870 506
f 504 507 505
f 508 542 505
f 506 873 509
f 507 510 508
f 511 539 508
f 509 874 512
f 510 513 511
f 166 534 511
f 512 515 514
f 513 162 166
f 515 518 516
f 514 517 162
f 516 519 520
f 516 521 517
f 520 854 522
f 521 523 524
f 524 163 517
f 524 525 526
f 526 164 163
f 526 527 528
f 528 529 164
f 529 530 531
f 531 533 532
f 529 165 164
f 533 535 534
f 534 166 165
f 535 536 537
f 535 538 539
f 539 511 534
f 537 890 540
f 538 541 542
f 542 508 539
f 540 894 543
f 541 544 545
f 545 505 542
f 543 897 546
f 544 547 548
f 548 502 545
f 546 900 549
f 547 550 551
f 551 499 548
f 549 903 552
f 550 553 554
f 554 496 551
f 552 906 555
f 555 556 492
f 492 491 554
f 556 557 558
f 558 560 559
f 556 493 492
f 560 562 561
f 559 494 493
f 561 563 564
f 564 486 494
f 564 565 566
f 566 487 486
f 566 567 568
f 568 569 487
f 569 570 571
f 571 572 481
f 569 480 487
f 571 929 573
f 572 574 476
f 572 475 481
f 573 580 575
f 574 576 471
f 574 470 476
f 575 577 222
f 576 221 466
f 576 465 471
f 578 581 579
f 577 225 222
f 577 580 578
f 581 584 582
f 579 583 225
f 584 588 585
f 582 586 583
f 585 587 452
f 586 451 457
f 457 223 583
f 587 588 589
f 589 590 447
f 587 446 452
f 589 939 591
f 590 592 593
f 593 443 447
f 591 942 594
f 592 595 596
f 596 440 593
f 594 945 597
f 595 598 599
f 599 437 596
f 597 948 600
f 598 601 602
f 602 433 599
f 600 605 603
f 601 604 430
f 430 429 602
f 605 607 606
f 603 40 604
f 607 610 608
f 606 609 40
f 610 954 611
f 608 612 609
f 611 960 613
f 612 614 615
f 615 41 609
f 615 616 617
f 617 42 41
f 617 618 619
f 619 135 42
f 618 622 620
f 619 621 135
f 622 973 623
f 620 624 621
f 623 980 625
f 624 626 627
f 627 136 621
f 626 629 628
f 628 632 136
f 629 2583 630
f 628 631 632
f 411 133 632
f 630 635 633
f 631 634 411
f 635 657 636
f 633 637 634
f 408 407 634
f 636 654 638
f 637 639 408
f 638 651 640
f 640 641 404
f 639 403 408
f 641 642 643
f 643 645 644
f 641 400 404
f 645 398 644
f 645 647 648
f 648 96 646
f 648 383 382
f 382 97 96
f 643 642 649
f 647 374 383
f 642 650 369
f 649 368 374
f 650 640 651
f 650 652 653
f 650 365 369
f 651 638 654
f 652 655 656
f 656 362 653
f 654 636 657
f 655 658 659
f 659 359 656
f 657 635 660
f 658 661 662
f 662 355 659
f 660 2583 663
f 661 664 351
f 351 350 662
f 663 667 665
f 664 666 346
f 664 345 351
f 667 669 668
f 665 129 666
f 669 984 670
f 668 671 129
f 670 983 672
f 671 673 130
f 130 124 129
f 672 987 674
f 673 675 676
f 676 131 130
f 675 679 677
f 676 678 131
f 679 996 680
f 677 681 678
f 680 1002 682
f 681 683 159
f 159 156 678
f 682 1005 684
f 684 687 685
f 683 686 159
f 687 1014 688
f 685 689 686
f 325 157 686
f 688 692 690
f 689 691 325
f 692 1019 693
f 690 694 691
f 695 322 691
f 693 701 696
f 694 697 695
f 696 700 698
f 697 699 319
f 319 318 695
f 699 272 270
f 270 269 315
f 699 314 319
f 698 274 272
f 700 701 702
f 702 277 274
f 702 703 704
f 704 278 277
f 704 705 706
f 706 707 278
f 707 708 709
f 709 710 281
f 707 279 278
f 710 711 712
f 712 713 284
f 710 282 281
f 713 714 715
f 715 717 716
f 713 285 284
f 717 719 718
f 716 286 285
f 719 721 720
f 720 288 286
f 720 722 723
f 723 290 288
f 723 724 725
f 725 293 290
f 725 726 727
f 727 295 293
f 727 728 729
f 729 730 295
f 730 296 295
f 729 2580 732
f 730 733 731
f 302 299 731
f 732 735 734
f 733 305 302
f 735 738 736
f 734 737 305
f 738 2572 739
f 736 740 737
f 741 306 737
f 739 2570 742
f 740 743 741
f 744 309 741
f 742 2569 745
f 743 746 744
f 747 312 744
f 745 2567 748
f 746 749 747
f 750 316 747
f 749 751 752
f 749 753 750
f 327 320 750
f 753 754 755
f 753 328 327
f 755 756 757
f 755 330 328
f 757 758 759
f 759 333 330
f 759 760 761
f 761 334 333
f 761 762 763
f 763 336 334
f 763 764 765
f 765 338 336
f 765 766 767
f 767 768 338
f 768 339 338
f 768 769 770
f 768 771 342
f 771 343 342
f 771 772 773
f 773 774 347
f 774 348 347
f 773 1149 775
f 775 776 352
f 776 353 352
f 775 1153 777
f 776 778 356
f 779 357 356
f 777 1156 780
f 778 781 779
f 782 360 779
f 780 1159 783
f 781 784 782
f 785 363 782
f 783 1162 786
f 784 787 785
f 370 366 785
f 786 1165 788
f 787 789 370
f 375 371 370
f 788 1168 790
f 789 791 375
f 380 376 375
f 790 793 792
f 791 8 380
f 793 796 794
f 792 795 8
f 796 1176 797
f 794 798 795
f 797 1183 799
f 798 800 801
f 801 9 795
f 801 802 385
f 385 10 9
f 799 1186 803
f 800 804 802
f 803 806 805
f 804 392 389
f 389 386 802
f 806 809 807
f 805 808 392
f 809 1190 810
f 807 811 808
f 810 1196 812
f 811 813 814
f 814 393 808
f 815 395 814
f 812 1199 816
f 813 817 815
f 818 2582 815
f 816 1200 819
f 817 820 818
f 821 2581 818
f 819 2561 822
f 820 823 821
f 414 413 821
f 822 825 824
f 823 416 414
f 825 827 826
f 824 419 416
f 827 829 828
f 826 421 419
f 829 831 830
f 828 423 421
f 831 834 832
f 830 833 423
f 834 1327 835
f 832 836 833
f 837 424 833
f 835 1331 838
f 836 839 837
f 840 427 837
f 838 1335 841
f 839 842 840
f 434 431 840
f 841 1338 843
f 842 844 434
f 845 435 434
f 843 1341 846
f 844 847 845
f 848 438 845
f 846 876 849
f 847 850 848
f 851 441 848
f 849 875 852
f 850 853 851
f 448 444 851
f 852 522 854
f 854 855 448
f 855 449 448
f 855 520 519
f 519 856 453
f 856 454 453
f 856 518 857
f 857 858 458
f 858 459 458
f 858 859 860
f 860 861 462
f 861 463 462
f 860 872 862
f 861 863 467
f 472 468 467
f 862 869 864
f 863 865 472
f 477 473 472
f 864 868 866
f 865 867 477
f 482 478 477
f 866 34 33
f 33 36 482
f 868 871 34
f 868 869 870
f 870 503 871
f 869 872 873
f 873 506 870
f 872 859 874
f 874 509 873
f 859 518 515
f 515 512 874
f 875 523 522
f 875 876 877
f 877 525 523
f 877 878 879
f 879 527 525
f 879 880 881
f 881 882 527
f 882 172 169
f 169 883 530
f 882 528 527
f 883 168 884
f 884 886 885
f 883 531 530
f 886 887 536
f 885 533 531
f 887 888 889
f 889 891 890
f 887 537 536
f 889 1351 892
f 891 893 894
f 894 540 890
f 892 1355 895
f 893 896 897
f 897 543 894
f 895 1360 898
f 896 899 900
f 900 546 897
f 898 1363 901
f 899 902 903
f 903 549 900
f 901 1366 904
f 902 905 906
f 906 552 903
f 904 1369 907
f 905 908 557
f 557 555 906
f 907 1372 909
f 909 911 910
f 908 558 557
f 911 913 912
f 910 560 558
f 913 915 914
f 912 562 560
f 914 916 917
f 917 563 562
f 917 918 919
f 919 565 563
f 919 920 921
f 921 567 565
f 921 922 923
f 923 924 567
f 923 1393 925
f 924 926 570
f 924 568 567
f 925 1396 927
f 926 928 929
f 929 571 570
f 927 931 930
f 928 578 580
f 580 573 929
f 931 933 932
f 930 581 578
f 933 935 934
f 932 584 581
f 935 937 936
f 934 588 584
f 936 938 939
f 936 589 588
f 937 1401 940
f 938 941 942
f 942 591 939
f 940 1406 943
f 941 944 945
f 945 594 942
f 943 1409 946
f 944 947 948
f 948 597 945
f 946 950 949
f 947 607 605
f 605 600 948
f 950 952 951
f 949 610 607
f 952 955 953
f 951 954 610
f 955 1415 956
f 953 957 954
f 956 1422 958
f 957 959 960
f 960 611 954
f 958 1425 961
f 959 962 963
f 963 613 960
f 963 964 965
f 965 614 613
f 965 966 967
f 967 616 614
f 966 969 968
f 967 618 616
f 969 971 970
f 968 622 618
f 971 974 972
f 970 973 622
f 972 975 976
f 972 977 973
f 977 978 979
f 979 981 980
f 980 623 973
f 981 982 983
f 983 670 984
f 981 625 980
f 979 978 985
f 982 986 987
f 987 672 983
f 985 1447 988
f 986 989 990
f 990 674 987
f 990 991 992
f 992 675 674
f 991 994 993
f 992 679 675
f 994 997 995
f 993 996 679
f 997 1460 998
f 995 999 996
f 998 1466 1000
f 999 1001 1002
f 1002 680 996
f 1001 1003 1004
f 1004 1006 1005
f 1005 682 1002
f 1006 1007 1008
f 1008 1010 1009
f 1006 684 1005
f 1010 1012 1011
f 1009 687 684
f 1012 1015 1013
f 1011 1014 687
f 1015 2365 1016
f 1013 1017 1014
f 692 688 1014
f 1016 1020 1018
f 1017 1019 692
f 1020 1021 705
f 1018 703 1019
f 1021 1022 1023
f 1023 1024 708
f 1021 706 705
f 1024 1025 1026
f 1026 1027 711
f 1024 709 708
f 1027 1028 1029
f 1029 1030 714
f 1027 712 711
f 1030 1031 1032
f 1032 1034 1033
f 1030 715 714
f 1034 1036 1035
f 1033 717 715
f 1036 1038 1037
f 1035 719 717
f 1038 1040 1039
f 1037 721 719
f 1040 1042 1041
f 1039 722 721
f 1042 1044 1043
f 1043 724 722
f 1043 51 50
f 50 726 724
f 1044 1045 1046
f 1044 52 51
f 1046 1047 1048
f 1046 1049 52
f 1050 47 52
f 1048 2359 1051
f 1049 1052 1050
f 1053 2579 1050
f 1051 2358 1054
f 1052 1055 1053
f 1056 2575 1053
f 1054 2357 1057
f 1055 1058 1056
f 1059 2573 1056
f 1057 2356 1060
f 1058 1061 1059
f 1062 2571 1059
f 1060 2355 1063
f 1061 1064 1062
f 1064 1066 1062
f 1063 1068 1067
f 1067 185 1065
f 1068 1070 1069
f 1067 189 185
f 1070 1647 1071
f 1069 1072 189
f 1073 190 189
f 1071 1077 1074
f 1072 1075 1073
f 6 5 1073
f 1074 1078 176
f 1075 1076 6
f 1077 1079 1078
f 1079 1080 1081
f 1081 1083 1082
f 1079 177 1078
f 1083 1086 1084
f 1082 1085 177
f 1086 1658 1087
f 1084 1088 1085
f 1089 174 1085
f 1087 1662 1090
f 1088 1091 1089
f 1092 1104 1089
f 1090 1665 1093
f 1091 1094 1092
f 1093 1670 1095
f 1094 1096 1097
f 1094 1098 1092
f 1097 1680 1099
f 1098 1100 1101
f 1101 1104 1092
f 1101 1102 1103
f 1103 1107 1104
f 1103 1105 1106
f 1106 175 1107
f 1106 1108 1109
f 1109 1112 175
f 1109 1110 1111
f 1111 1113 1112
f 1113 178 1112
f 1113 1115 1116
f 1116 1117 1114
f 1117 2 1114
f 1117 1118 184
f 184 1119 3
f 1120 1122 1121
f 1119 4 3
f 1119 183 1120
f 1121 1123 1124
f 1124 5 4
f 1124 188 190
f 190 1073 5
f 1123 1126 188
f 1122 1127 1125
f 1127 1129 1125
f 1122 1120 1130
f 1130 1131 1128
f 1131 1133 1128
f 1130 2568 1134
f 1134 1135 1132
f 1135 760 1132
f 1135 1136 1137
f 1137 764 762
f 1137 1138 1139
f 1139 766 764
f 1139 1140 1141
f 1141 1142 766
f 1142 767 766
f 1142 1143 1144
f 1144 1145 769
f 1145 770 769
f 1145 1146 1147
f 1147 1148 772
f 1149 773 772
f 1148 1150 1151
f 1148 1152 1149
f 1153 775 1149
f 1151 2562 1154
f 1152 1155 1153
f 1156 777 1153
f 1154 1255 1157
f 1155 1158 1156
f 1159 780 1156
f 1157 1254 1160
f 1158 1161 1159
f 1162 783 1159
f 1160 74 1163
f 1161 1164 1162
f 1165 786 1162
f 1163 73 1166
f 1164 1167 1165
f 1168 788 1165
f 1167 1169 1170
f 1167 1171 1168
f 1170 1173 1172
f 1171 796 793
f 793 790 1168
f 1172 1174 1175
f 1172 1176 796
f 1175 1177 1178
f 1178 1179 1176
f 1179 1180 1181
f 1179 1182 1183
f 1183 797 1176
f 1181 1270 1184
f 1182 1185 1186
f 1186 799 1183
f 1184 1188 1187
f 1185 809 806
f 806 803 1186
f 1188 1191 1189
f 1187 1190 809
f 1191 1274 1192
f 1189 1193 1190
f 1192 1279 1194
f 1193 1195 1196
f 1196 810 1190
f 1194 1204 1197
f 1195 1198 1199
f 1199 812 1196
f 1197 1201 120
f 1198 119 1200
f 1200 816 1199
f 1202 1205 1203
f 1201 123 120
f 1201 1204 1202
f 1205 1207 1206
f 1203 202 123
f 1206 1208 199
f 199 196 202
f 1209 1289 1210
f 1210 200 199
f 1208 1211 1209
f 1212 1284 1209
f 1207 1205 1213
f 1211 1214 1212
f 1215 1281 1212
f 1213 1280 1216
f 1214 1217 1215
f 1217 1219 1215
f 1216 1277 1220
f 1220 1221 1218
f 1221 1222 1218
f 1221 1223 1224
f 1221 1225 182
f 1223 1273 1226
f 1224 1227 1225
f 1228 180 1225
f 1226 1272 1229
f 1227 1230 1228
f 1230 1232 1228
f 1229 1267 1233
f 1233 1234 1231
f 1234 1236 1231
f 1234 1237 1238
f 1238 1239 1235
f 1239 1241 1235
f 1239 1242 1243
f 1243 1244 1240
f 1244 1246 1240
f 1244 1247 1248
f 1248 67 1245
f 1248 1249 1250
f 1250 68 67
f 1250 1251 1252
f 1252 1253 68
f 1254 1157 1255
f 1253 70 68
f 1253 75 1254
f 1252 72 75
f 1249 1258 1256
f 1251 1257 72
f 1258 1260 1259
f 1256 1169 1257
f 1260 1174 1173
f 1259 1170 1169
f 1260 1261 1262
f 1262 1177 1174
f 1262 1242 1263
f 1263 1264 1177
f 1264 1237 1265
f 1265 1266 1180
f 1264 1178 1177
f 1266 1267 1268
f 1266 1269 1270
f 1270 1181 1180
f 1268 1272 1271
f 1269 1191 1188
f 1188 1184 1270
f 1272 1226 1273
f 1271 1274 1191
f 1267 1229 1272
f 1265 1233 1267
f 1263 1238 1237
f 1261 1243 1242
f 1258 1249 1247
f 1246 1147 1146
f 1146 1241 1240
f 1245 69 1150
f 1241 1144 1143
f 1143 1236 1235
f 1236 1141 1140
f 1140 1232 1231
f 1232 1138 1275
f 1275 180 1228
f 1273 1276 1274
f 1223 1220 1277
f 1276 1278 1279
f 1279 1192 1274
f 1277 1216 1280
f 1278 1202 1204
f 1204 1194 1279
f 1222 1116 1115
f 1115 1219 1218
f 182 179 1118
f 1219 1111 1110
f 1110 1281 1215
f 1280 1205 1202
f 1281 1108 1282
f 1282 1284 1212
f 1282 1105 1283
f 1283 1285 1284
f 1285 1286 1287
f 1285 1288 1289
f 1289 1209 1284
f 1287 1684 1290
f 1288 1291 1292
f 1292 1210 1289
f 1292 1293 1294
f 1294 200 1210
f 1294 1295 1296
f 1296 197 200
f 1295 1299 1297
f 1296 1298 197
f 1299 1698 1300
f 1297 1301 1298
f 1301 1302 1303
f 1303 1305 1304
f 1301 198 1298
f 1305 1308 1306
f 1304 1307 198
f 1308 1714 1309
f 1306 1310 1307
f 1311 201 1307
f 1309 2552 1312
f 1310 1313 1311
f 1314 122 1311
f 1312 2554 1315
f 1315 1316 1314
f 1316 1318 1314
f 1316 1319 1320
f 1320 1321 1317
f 1321 1323 1317
f 1321 1324 1325
f 1325 1326 1322
f 1326 834 1322
f 1326 1328 1329
f 1329 1330 1327
f 1331 835 1327
f 1330 1332 1333
f 1330 1334 1331
f 1335 838 1331
f 1333 1344 1336
f 1334 1337 1335
f 1338 841 1335
f 1336 1342 1339
f 1337 1340 1338
f 1341 843 1338
f 1339 1343 880
f 1340 878 1341
f 1342 170 1343
f 1342 1344 1345
f 1345 171 170
f 1344 1349 1346
f 1345 1347 171
f 1346 1348 888
f 1347 886 884
f 884 168 171
f 1348 1349 1350
f 1350 1352 1351
f 1348 889 888
f 1352 1353 1354
f 1354 1356 1355
f 1352 892 1351
f 1356 1357 1358
f 1356 1359 1360
f 1360 895 1355
f 1358 2556 1361
f 1359 1362 1363
f 1363 898 1360
f 1361 2555 1364
f 1362 1365 1366
f 1366 901 1363
f 1364 2553 1367
f 1365 1368 1369
f 1369 904 1366
f 1367 2551 1370
f 1368 1371 1372
f 1372 907 1369
f 1370 1713 1373
f 1371 1374 1375
f 1375 909 1372
f 1374 1377 1376
f 1375 911 909
f 1377 116 1378
f 1376 913 911
f 116 1380 1379
f 1378 915 913
f 1379 1381 1382
f 1382 916 915
f 1382 1383 1384
f 1384 918 916
f 1384 1385 1386
f 1386 920 918
f 1386 1387 1388
f 1388 922 920
f 1387 1819 1389
f 1388 1390 922
f 1389 1825 1391
f 1390 1392 1393
f 1393 923 922
f 1391 1828 1394
f 1392 1395 1396
f 1396 925 1393
f 1394 1398 1397
f 1395 933 931
f 931 927 1396
f 1398 1400 1399
f 1397 935 933
f 1400 1402 1401
f 1399 937 935
f 1402 1403 1404
f 1402 1405 1406
f 1406 940 1401
f 1404 1831 1407
f 1405 1408 1409
f 1409 943 1406
f 1407 1411 1410
f 1408 952 950
f 950 946 1409
f 1411 21 1412
f 1410 955 952
f 1412 1413 1414
f 1412 1415 955
f 1414 1416 1417
f 1417 1418 1415
f 1418 1419 1420
f 1418 1421 1422
f 1422 956 1415
f 1420 1544 1423
f 1421 1424 1425
f 1425 958 1422
f 1423 1539 1426
f 1424 1427 1428
f 1428 961 1425
f 1428 1429 1430
f 1430 962 961
f 1430 1431 1432
f 1432 964 962
f 1432 1433 1434
f 1434 966 964
f 1434 1435 1436
f 1436 969 966
f 1435 1438 1437
f 1436 971 969
f 1438 1440 1439
f 1437 974 971
f 1439 1441 1442
f 1442 975 974
f 1442 1443 1444
f 1444 1445 975
f 1445 1446 1447
f 1447 985 978
f 1445 976 975
f 1444 1443 1448
f 1446 1449 1450
f 1450 988 1447
f 1450 1451 1452
f 1452 989 988
f 1452 1453 1454
f 1454 991 989
f 1453 1456 1455
f 1454 994 991
f 1456 1458 1457
f 1455 997 994
f 1458 1461 1459
f 1457 1460 997
f 1461 2401 1462
f 1459 1463 1460
f 1463 1464 1465
f 1465 1467 1466
f 1466 998 1460
f 1467 1468 1469
f 1469 1470 1003
f 1467 1000 1466
f 1470 1471 1472
f 1472 1473 1007
f 1470 1004 1003
f 1473 1474 1475
f 1475 155 1476
f 1473 1008 1007
f 1475 1477 94
f 94 89 155
f 1474 2416 1478
f 1478 1482 1479
f 1477 93 94
f 1479 1481 93
f 1482 1483 1480
f 1483 1485 1480
f 1483 1486 1487
f 1487 1488 1484
f 1488 1490 1484
f 1488 1491 1492
f 1492 1493 1489
f 1493 1495 1489
f 1493 1496 1497
f 1497 1498 1494
f 1499 1563 1494
f 1498 1500 1501
f 1498 1502 1499
f 1503 1558 1499
f 1501 2427 1504
f 1502 1505 1503
f 1506 1559 1503
f 1505 1507 1508
f 1508 1509 1506
f 1509 1511 1506
f 1509 1512 1513
f 1513 1514 1510
f 1514 1516 1510
f 1514 1517 1518
f 1518 1519 1515
f 1519 227 1515
f 1519 1520 1521
f 1521 1522 228
f 1522 230 228
f 1522 1524 1525
f 1525 1526 1523
f 1526 1527 1528
f 1528 2453 1529
f 1526 1530 1523
f 1531 230 1523
f 1529 2368 1532
f 1530 1533 1531
f 1533 229 1531
f 1532 2367 1535
f 1535 1536 1534
f 1536 1538 1534
f 1536 1539 1540
f 1540 1541 1537
f 1541 1543 1537
f 1541 1544 1545
f 1545 1546 1542
f 1546 1548 1542
f 1546 1419 1549
f 1549 1550 1547
f 1550 1416 1551
f 1550 1552 1553
f 1553 1554 1547
f 1554 1555 1556
f 1556 1558 1557
f 1554 1548 1547
f 1558 1503 1559
f 1557 1560 1548
f 1560 1542 1548
f 1559 1506 1511
f 1511 1561 1543
f 1561 1510 1516
f 1516 2366 1538
f 1561 1537 1543
f 1556 1562 1563
f 1563 1499 1558
f 1555 1853 1564
f 1564 1565 1495
f 1495 1494 1563
f 1565 1566 1567
f 1567 1568 1490
f 1565 1489 1495
f 1568 1569 1570
f 1570 1571 1485
f 1568 1484 1490
f 1571 1572 1573
f 1573 92 1481
f 1571 1480 1485
f 1573 1574 1575
f 1575 1582 92
f 1575 1576 1577
f 1575 1578 1582
f 1577 1862 1579
f 1578 1580 1581
f 1581 90 1582
f 1580 1584 1583
f 1581 91 90
f 1584 1873 1585
f 1583 1586 91
f 1585 1879 1587
f 1586 1588 1589
f 1589 88 91
f 1589 1590 1591
f 1591 1593 88
f 1591 1592 153
f 153 150 1593
f 1590 1886 1594
f 1594 1596 1595
f 1595 1600 153
f 1596 1895 1597
f 1595 1598 1600
f 1599 151 1600
f 1597 1899 1601
f 1598 1602 1599
f 1603 2364 1599
f 1601 1607 1604
f 1602 1605 1603
f 1022 2365 1603
f 1604 1606 1025
f 1605 1023 1022
f 1606 1607 1608
f 1608 1609 1028
f 1606 1026 1025
f 1609 1610 1611
f 1611 1614 1031
f 1609 1029 1028
f 1611 1612 1613
f 1613 216 1614
f 1613 1615 1616
f 1616 219 216
f 1616 1617 1618
f 1618 1619 219
f 1619 1621 1622
f 1622 217 219
f 1618 1623 1620
f 1623 1625 1620
f 1618 1617 1626
f 1623 1627 1624
f 1626 1906 1628
f 1628 1911 1629
f 1627 1630 1624
f 1631 2359 1632
f 1632 1625 1624
f 1630 1633 1631
f 1634 2358 1631
f 1629 1911 1635
f 1633 1636 1634
f 1637 2357 1634
f 1635 1914 1638
f 1636 1639 1637
f 1640 2356 1637
f 1638 1915 1641
f 1639 1642 1640
f 1643 2355 1640
f 1641 1917 1644
f 1642 1645 1643
f 1070 1068 1643
f 1644 1648 1646
f 1645 1647 1070
f 1648 1650 1649
f 1646 1080 1647
f 1650 1652 1651
f 1649 1081 1080
f 1652 1654 1653
f 1651 1083 1081
f 1654 1656 1655
f 1653 1086 1083
f 1656 1659 1657
f 1655 1658 1086
f 1659 1931 1660
f 1657 1661 1658
f 1662 1087 1658
f 1660 2257 1663
f 1661 1664 1662
f 1665 1090 1662
f 1663 245 1666
f 1664 1667 1665
f 1666 244 1668
f 1667 1669 1670
f 1670 1093 1665
f 1668 2259 1671
f 1669 1672 1673
f 1673 1095 1670
f 1673 1674 1675
f 1675 1096 1095
f 1674 2265 1676
f 1675 1677 1096
f 1676 2269 1678
f 1677 1679 1680
f 1680 1097 1096
f 1678 2281 1681
f 1679 1682 1683
f 1683 1099 1680
f 1683 1684 1685
f 1685 1100 1099
f 1685 1287 1286
f 1286 1102 1100
f 1682 1686 1687
f 1687 1290 1684
f 1687 1688 1689
f 1689 1291 1290
f 1689 1690 1691
f 1691 1293 1291
f 1691 1692 1693
f 1693 1295 1293
f 1692 1695 1694
f 1693 1299 1295
f 1694 1696 1697
f 1694 1698 1299
f 1697 1699 1700
f 1700 1701 1698
f 1701 1702 1703
f 1703 1704 1302
f 1701 1300 1698
f 1704 1705 1706
f 1706 1708 1707
f 1704 1303 1302
f 1708 1710 1709
f 1707 1305 1303
f 1710 1712 1711
f 1709 1308 1305
f 1712 1373 1713
f 1711 1714 1308
f 1712 1715 1716
f 1716 1374 1373
f 1716 1717 1718
f 1716 1377 1374
f 1718 114 113
f 1718 116 1377
f 1715 2301 1719
f 1717 1720 114
f 1719 2300 1721
f 1720 1722 1723
f 1723 115 114
f 1724 1791 115
f 1722 1725 1724
f 1725 1727 1724
f 1725 1728 1729
f 1729 1730 1726
f 1730 1732 1726
f 1730 1733 1734
f 1734 1735 1731
f 1735 1737 1731
f 1735 1738 1739
f 1739 1740 1736
f 1740 1742 1736
f 1740 1743 1744
f 1740 1745 1741
f 1746 1778 1741
f 1745 58 57
f 57 1747 1746
f 1748 1775 1746
f 57 56 1749
f 1747 1750 1748
f 1750 1752 1748
f 1749 2319 1753
f 1753 1754 1751
f 1753 2318 1755
f 1755 1762 1756
f 1754 1757 1751
f 1757 1759 1760
f 1760 1752 1751
f 1756 1761 1758
f 1761 1762 1763
f 1763 2258 1764
f 1761 1765 1758
f 1766 1759 1758
f 1764 2259 248
f 1765 247 1766
f 1766 246 1767
f 1767 1768 1759
f 1767 1933 1769
f 1769 1771 1770
f 1768 1760 1759
f 1770 1772 1773
f 1770 1752 1760
f 1773 1774 1775
f 1773 1748 1752
f 1772 1935 1776
f 1774 1777 1778
f 1778 1746 1775
f 1776 1938 1779
f 1777 1780 1742
f 1742 1741 1778
f 1779 1940 1781
f 1781 1782 1737
f 1780 1736 1742
f 1782 1783 1784
f 1784 1785 1732
f 1782 1731 1737
f 1785 1786 1787
f 1787 1788 1727
f 1785 1726 1732
f 1788 1789 1790
f 1790 1792 1791
f 1788 1724 1727
f 1792 1793 1794
f 1794 31 117
f 117 115 1791
f 1793 1796 1797
f 1797 29 1794
f 1790 1789 1795
f 1797 1798 1799
f 1799 30 29
f 1799 1800 1801
f 1801 1802 30
f 1802 1803 1804
f 1804 1806 1805
f 1802 25 30
f 1806 1809 1807
f 1805 1808 25
f 1809 1969 1810
f 1807 1811 1808
f 1810 1975 1812
f 1811 1813 1814
f 1814 26 1808
f 1813 1817 1815
f 1814 1816 26
f 1817 1387 1385
f 1815 1383 1816
f 1813 1820 1818
f 1817 1819 1387
f 1820 1833 1821
f 1818 1822 1819
f 1821 1832 1823
f 1822 1824 1825
f 1825 1389 1819
f 1823 1830 1826
f 1824 1827 1828
f 1828 1391 1825
f 1826 1829 1403
f 1827 1400 1398
f 1398 1394 1828
f 1829 1830 18
f 18 14 1831
f 1829 1404 1403
f 1832 19 1830
f 1832 1833 1834
f 1834 1837 19
f 1834 1835 1836
f 1836 1838 1837
f 1836 1979 1839
f 1838 1840 1841
f 1841 16 1837
f 1841 1842 1843
f 1843 17 16
f 1842 1990 1844
f 1844 1845 17
f 1845 1846 1847
f 1847 1849 1848
f 1845 15 17
f 1849 1851 1850
f 1848 22 15
f 1851 1566 1852
f 1852 23 22
f 1566 1564 1853
f 1852 1552 23
f 1849 1854 1569
f 1851 1567 1566
f 1854 1847 1855
f 1855 1574 1572
f 1854 1570 1569
f 1855 1846 1856
f 1856 1576 1574
f 1856 1857 1858
f 1858 1859 1576
f 1859 1860 1861
f 1861 1863 1862
f 1859 1577 1576
f 1863 1864 1865
f 1863 1866 1867
f 1867 1579 1862
f 1867 1868 1869
f 1869 1580 1579
f 1868 1871 1870
f 1869 1584 1580
f 1871 1874 1872
f 1870 1873 1584
f 1874 2011 1875
f 1872 1876 1873
f 1875 2017 1877
f 1876 1878 1879
f 1879 1585 1873
f 1878 1880 1881
f 1881 1883 1882
f 1882 1587 1879
f 1883 1885 1884
f 1884 1588 1587
f 1885 1887 1886
f 1886 1590 1588
f 1887 1888 1889
f 1889 1891 1890
f 1887 1594 1886
f 1891 1893 1892
f 1890 1596 1594
f 1893 1896 1894
f 1892 1895 1596
f 1896 1903 1897
f 1894 1898 1895
f 1899 1597 1895
f 1897 1902 1900
f 1898 1901 1899
f 1607 1601 1899
f 1900 1612 1610
f 1901 1608 1607
f 1902 1615 1612
f 1902 1903 1904
f 1904 1617 1615
f 1904 1905 1906
f 1906 1626 1617
f 1903 1896 1907
f 1907 1909 1908
f 1905 1628 1906
f 1909 1912 1910
f 1908 1911 1628
f 1910 1913 1914
f 1914 1635 1911
f 1915 1638 1914
f 1913 147 145
f 1913 1916 1915
f 1917 1641 1915
f 1916 144 1918
f 1916 1919 1917
f 1648 1644 1917
f 1918 1921 1920
f 1919 1650 1648
f 1921 1923 1922
f 1920 1652 1650
f 1923 1925 1924
f 1922 1654 1652
f 1925 1927 1926
f 1924 1656 1654
f 1927 1929 1928
f 1926 1659 1656
f 1929 1932 1930
f 1928 1931 1659
f 1932 1771 1769
f 1930 1933 1931
f 1932 1934 1935
f 1935 1772 1771
f 1929 1927 1936
f 1934 1937 1938
f 1938 1776 1935
f 1936 193 192
f 1937 1939 1940
f 1940 1779 1938
f 192 191 1941
f 1939 1942 1783
f 1783 1781 1940
f 1942 1943 1944
f 1944 1945 1786
f 1942 1784 1783
f 1945 1946 1947
f 1947 1795 1789
f 1945 1787 1786
f 1947 1948 1949
f 1949 1796 1795
f 1949 1950 1951
f 1951 1798 1796
f 1951 1952 1953
f 1953 1800 1798
f 1953 1954 1955
f 1955 1956 1800
f 1956 1957 1958
f 1958 1959 1803
f 1956 1801 1800
f 1959 1960 1961
f 1961 1963 1962
f 1959 1804 1803
f 1963 1965 1964
f 1962 1806 1804
f 1965 1967 1966
f 1964 1809 1806
f 1967 1970 1968
f 1966 1969 1809
f 1970 2073 1971
f 1968 1972 1969
f 1971 2078 1973
f 1972 1974 1975
f 1975 1810 1969
f 1973 1978 1976
f 1974 1835 1977
f 1977 1812 1975
f 1977 1833 1820
f 1820 1813 1812
f 1978 1980 1979
f 1976 1836 1835
f 1980 1981 1982
f 1980 1983 1984
f 1984 1839 1979
f 1984 1985 1986
f 1986 1840 1839
f 1985 1988 1987
f 1986 1842 1840
f 1988 1991 1989
f 1987 1990 1842
f 1991 1993 1992
f 1989 1857 1990
f 1993 1994 1860
f 1992 1858 1857
f 1994 1995 1996
f 1996 1997 1864
f 1994 1861 1860
f 1997 1998 1999
f 1999 2001 2000
f 1997 1865 1864
f 2001 2003 2002
f 2002 1866 1865
f 2003 2005 2004
f 2004 1868 1866
f 2005 2007 2006
f 2004 1871 1868
f 2007 2009 2008
f 2006 1874 1871
f 2009 2012 2010
f 2008 2011 1874
f 2012 2111 2013
f 2010 2014 2011
f 2014 2015 2016
f 2016 2018 2017
f 2017 1875 2011
f 2018 2019 2020
f 2020 2021 1880
f 2018 1877 2017
f 2021 2022 2023
f 2023 2025 2024
f 2021 1881 1880
f 2025 2027 2026
f 2024 1883 1881
f 2027 2028 1888
f 2026 1885 1883
f 2028 2029 2030
f 2030 2032 2031
f 2028 1889 1888
f 2032 148 2033
f 2031 1891 1889
f 148 2035 2034
f 2033 1893 1891
f 2034 1909 1907
f 2034 1896 1893
f 2030 2036 2037
f 2037 149 2032
f 2037 2038 2039
f 2039 195 149
f 2038 2042 2040
f 2039 2041 195
f 2042 2044 2043
f 2040 1943 2041
f 2044 1948 1946
f 2043 1944 1943
f 2044 2045 2046
f 2046 1950 1948
f 2046 2047 2048
f 2048 1952 1950
f 2048 2049 2050
f 2050 1954 1952
f 2050 2051 2052
f 2052 2053 1954
f 2053 2054 2055
f 2055 2056 1957
f 2053 1955 1954
f 2056 2057 2058
f 2058 2059 1960
f 2056 1958 1957
f 2059 2060 2061
f 2061 2063 2062
f 2059 1961 1960
f 2063 2065 2064
f 2062 1963 1961
f 2065 2067 2066
f 2064 1965 1963
f 2067 2069 2068
f 2066 1967 1965
f 2069 2071 2070
f 2068 1970 1967
f 2071 2074 2072
f 2070 2073 1970
f 2074 103 2075
f 2072 2076 2073
f 2075 2079 2077
f 2076 1981 2078
f 2078 1971 2073
f 2079 2081 2080
f 2077 1982 1981
f 2080 2082 2083
f 2083 1983 1982
f 2083 2084 2085
f 2085 1985 1983
f 2085 2086 2087
f 2085 1988 1985
f 2086 2089 2088
f 2087 1991 1988
f 2089 2090 1995
f 2088 1993 1991
f 2090 2091 2092
f 2092 2093 1998
f 2090 1996 1995
f 2093 2094 2095
f 2095 2097 2096
f 2093 1999 1998
f 2097 2099 2098
f 2096 2001 1999
f 2099 2101 2100
f 2098 2003 2001
f 2101 2103 2102
f 2100 2005 2003
f 2103 2105 2104
f 2102 2007 2005
f 2105 2107 2106
f 2104 2009 2007
f 2107 2109 2108
f 2106 2012 2009
f 2109 2112 2110
f 2108 2111 2012
f 2112 78 2113
f 2110 2114 2111
f 2114 77 2115
f 2115 2116 2015
f 2015 2013 2111
f 2116 2117 2118
f 2118 2119 2019
f 2116 2016 2015
f 2119 2120 2121
f 2121 2122 2022
f 2119 2020 2019
f 2122 2123 2124
f 2124 2126 2125
f 2122 2023 2022
f 2126 2128 2127
f 2125 2025 2023
f 2128 2036 2029
f 2127 2027 2025
f 2128 2129 2130
f 2130 2038 2036
f 2129 2047 2045
f 2130 2042 2038
f 2126 2124 2131
f 2131 2049 2047
f 2124 2123 2132
f 2132 2051 2049
f 2123 2199 2133
f 2133 2134 2051
f 2134 2135 2136
f 2136 2137 2054
f 2134 2052 2051
f 2136 2202 2138
f 2138 2139 2057
f 2137 2055 2054
f 2138 2205 2140
f 2140 2141 2060
f 2139 2058 2057
f 2140 2208 2142
f 2142 2144 2143
f 2141 2061 2060
f 2144 2146 2145
f 2143 2063 2061
f 2146 2148 2147
f 2145 2065 2063
f 2148 2150 2149
f 2147 2067 2065
f 2150 2152 2151
f 2149 2069 2067
f 2152 2154 2153
f 2151 2071 2069
f 2154 102 101
f 2153 2074 2071
f 2154 2155 2156
f 2156 2157 102
f 2157 2158 2159
f 2159 2161 2160
f 2157 104 102
f 2161 2163 2162
f 2160 105 104
f 2163 2082 2081
f 2162 2079 105
f 2163 2164 2165
f 2165 2084 2082
f 2165 2166 2167
f 2167 2086 2084
f 2167 2168 2091
f 2091 2089 2086
f 2166 2224 2169
f 2168 2170 2094
f 2094 2092 2091
f 2169 2226 2171
f 2170 2172 2173
f 2173 2095 2094
f 2172 2175 2174
f 2173 2097 2095
f 2175 2177 2176
f 2174 2099 2097
f 2177 213 2178
f 2176 2101 2099
f 213 211 2179
f 2178 2103 2101
f 211 2181 2180
f 2179 2105 2103
f 2181 2183 2182
f 2180 2107 2105
f 2183 2185 2184
f 2182 2109 2107
f 2185 2187 2186
f 2184 2112 2109
f 2187 2188 79
f 2186 78 2112
f 2188 2189 2190
f 2190 2192 2191
f 2188 80 79
f 2192 2195 2193
f 2191 2194 80
f 2195 2197 2196
f 2193 2117 2194
f 2197 2199 2120
f 2196 2118 2117
f 2197 2198 2135
f 2135 2133 2199
f 2195 2192 2200
f 2198 2201 2202
f 2202 2136 2135
f 2200 2246 2203
f 2201 2204 2205
f 2205 2138 2202
f 2203 2245 2206
f 2204 2207 2208
f 2208 2140 2205
f 2206 2249 2209
f 2207 2210 2211
f 2211 2142 2208
f 2210 86 2212
f 2211 2144 2142
f 86 85 2213
f 2212 2146 2144
f 85 83 2214
f 2213 2148 2146
f 83 2216 2215
f 2214 2150 2148
f 2216 2217 2155
f 2215 2152 2150
f 2217 2218 2219
f 2219 2220 2158
f 2217 2156 2155
f 2220 2221 2222
f 2222 2224 2223
f 2220 2159 2158
f 2224 2166 2164
f 2223 2161 2159
f 2222 2225 2226
f 2226 2169 2224
f 2221 2254 2227
f 2225 2228 2229
f 2229 2171 2226
f 2228 2231 2230
f 2229 2172 2171
f 2231 2233 2232
f 2230 2175 2172
f 2233 2238 212
f 2232 2177 2175
f 2233 2234 2235
f 2233 2236 2238
f 2237 210 2238
f 2235 2247 2239
f 2236 2240 2237
f 2183 2181 2237
f 2239 2242 2241
f 2240 2185 2183
f 2242 2243 2189
f 2241 2187 2185
f 2243 2244 2245
f 2245 2203 2246
f 2243 2190 2189
f 2242 2239 2247
f 2244 2248 2249
f 2249 2206 2245
f 2247 2235 2234
f 2248 2250 2251
f 2251 2209 2249
f 2250 2253 2252
f 2252 2210 2209
f 2253 2255 84
f 2252 86 2210
f 2253 2228 2227
f 2253 2254 2255
f 2250 2231 2228
f 2181 211 210
f 2218 82 2255
f 2254 2219 2218
f 2216 83 82
f 2246 2192 2190
f 2199 2121 2120
f 2115 77 2194
f 2079 103 105
f 1978 1973 2078
f 1941 191 2041
f 1927 1925 193
f 1925 194 193
f 1923 2256 194
f 1918 144 2256
f 1912 2035 147
f 1846 1844 1990
f 2257 1660 1931
f 1933 246 2257
f 2258 1671 2259
f 2258 2260 2261
f 2261 1672 1671
f 2261 2262 2263
f 2263 1674 1672
f 2262 2266 2264
f 2263 2265 1674
f 2266 2270 2267
f 2264 2268 2265
f 2267 110 109
f 2268 108 2269
f 2269 1676 2265
f 2270 2271 110
f 2271 2272 2273
f 2273 2275 2274
f 2271 111 110
f 2275 2277 2276
f 2274 112 111
f 2277 2282 2278
f 2276 2279 112
f 2280 107 112
f 2278 1690 1688
f 2279 1686 2280
f 2280 108 107
f 1686 1681 2281
f 2282 1692 1690
f 2282 2283 2284
f 2284 1695 1692
f 2284 2285 2286
f 2286 1696 1695
f 2286 2287 2288
f 2288 1699 1696
f 2288 239 2289
f 2289 2290 1699
f 2290 2291 2292
f 2292 2293 1702
f 2290 1700 1699
f 2293 2294 2295
f 2295 2296 1705
f 2293 1703 1702
f 2296 2297 2298
f 2298 2300 2299
f 2296 1706 1705
f 2300 1719 2301
f 2299 1708 1706
f 2298 2302 2303
f 2303 1721 2300
f 2303 2304 1728
f 1728 1722 1721
f 2304 1729 1728
f 2302 2353 2305
f 2305 2306 1733
f 2306 1734 1733
f 2305 2354 2307
f 2307 2308 1738
f 2308 1739 1738
f 2308 2309 2310
f 2310 59 1743
f 2310 2311 2312
f 2312 54 59
f 2312 2313 2314
f 2314 55 54
f 2314 2315 2316
f 2316 2319 55
f 2316 2317 2318
f 2318 1753 2319
f 2315 2341 2320
f 2317 2321 2322
f 2322 1755 2318
f 2322 2323 2324
f 2324 1762 1755
f 2324 2262 2260
f 2324 1763 1762
f 2321 2326 2325
f 2323 2266 2262
f 2326 2327 2272
f 2325 2270 2266
f 2327 2328 2329
f 2329 2331 2330
f 2327 2273 2272
f 2330 2332 2333
f 2330 2275 2273
f 2333 2285 2283
f 2333 2277 2275
f 2331 2335 2334
f 2334 2287 2285
f 2335 241 240
f 240 239 2287
f 2336 2337 241
f 2335 2329 2336
f 2338 2349 2339
f 2337 242 241
f 2336 2340 2338
f 2340 2342 2338
f 2340 2329 2328
f 2328 2320 2341
f 2342 2311 2343
f 2343 2349 2338
f 2341 2315 2313
f 2343 2309 2344
f 2343 2345 2349
f 2344 2354 2346
f 2345 2347 2348
f 2348 2339 2349
f 2348 2350 2351
f 2351 242 2339
f 2347 2352 2294
f 2350 2292 2291
f 2291 238 2351
f 2353 2302 2297
f 2352 2295 2294
f 2352 2346 2353
f 2354 2305 2353
f 2344 2307 2354
f 2326 2321 2320
f 2289 239 238
f 2319 56 55
f 1744 59 58
f 2301 1710 1708
f 2281 2269 108
f 2259 244 248
f 2257 246 245
f 1068 1063 2355
f 2355 1060 2356
f 2356 1057 2357
f 2357 1054 2358
f 1632 1048 1047
f 1047 2360 1625
f 2360 1045 2361
f 2361 2362 1621
f 2360 1620 1625
f 2362 1040 1038
f 1038 1036 2363
f 2362 1622 1621
f 1036 1034 218
f 2363 217 1622
f 2361 1042 1040
f 2358 1051 2359
f 1015 1012 152
f 2364 151 1599
f 2364 2365 1015
f 1853 1553 1552
f 1552 20 23
f 1551 1413 20
f 1549 1417 1416
f 1545 1420 1419
f 1540 1423 1544
f 2366 229 1534
f 2367 1426 1539
f 2367 2368 2369
f 2369 1427 1426
f 2369 2370 2371
f 2371 1429 1427
f 2371 2372 2373
f 2373 1431 1429
f 2373 2374 2375
f 2375 1433 1431
f 2375 2376 2377
f 2377 1435 1433
f 2377 2378 2379
f 2379 1438 1435
f 2379 2380 2381
f 2381 1440 1438
f 2381 2382 2383
f 2383 1441 1440
f 2383 2384 2385
f 2385 1443 1441
f 2385 2386 2387
f 2387 1448 1443
f 2387 2388 2389
f 2389 1449 1448
f 2389 2390 2391
f 2391 1451 1449
f 2391 2392 2393
f 2393 1453 1451
f 2392 2395 2394
f 2393 1456 1453
f 2395 2397 2396
f 2394 1458 1456
f 2397 2399 2398
f 2396 1461 1458
f 2399 2402 2400
f 2398 2401 1461
f 2400 2403 2404
f 2404 2405 2401
f 2405 2406 2407
f 2407 2408 1464
f 2405 1462 2401
f 2408 2409 2410
f 2410 2411 1468
f 2408 1465 1464
f 2411 2412 2413
f 2413 2416 1471
f 2411 1469 1468
f 2413 2414 2415
f 2415 1478 2416
f 2414 2417 1486
f 2415 1482 1478
f 2417 1487 1486
f 2417 2418 2419
f 2419 2420 1491
f 2420 1492 1491
f 2420 2421 2422
f 2422 2423 1496
f 2423 1497 1496
f 2423 2424 2425
f 2425 2426 1500
f 2426 1501 1500
f 2425 2492 2428
f 2426 2429 2427
f 1507 1504 2427
f 2428 2495 2430
f 2430 2431 1507
f 2431 1508 1507
f 2431 2432 2433
f 2433 2434 1512
f 2434 1513 1512
f 2434 2435 2436
f 2436 2437 1517
f 2437 1518 1517
f 2437 2438 2439
f 2439 2440 1520
f 2440 1521 1520
f 2440 2441 2442
f 2442 2443 1524
f 2443 1525 1524
f 2443 2444 2445
f 2445 2446 1527
f 2446 1528 1527
f 2446 2448 2449
f 2449 2450 2447
f 2450 207 206
f 206 2454 2451
f 2450 2452 2447
f 2453 1528 2447
f 2451 2374 2372
f 2452 2370 2453
f 2454 2376 2374
f 2454 205 2455
f 2455 2378 2376
f 2455 2456 2457
f 2457 2380 2378
f 2457 2458 2459
f 2459 2382 2380
f 2459 2460 2461
f 2461 2384 2382
f 2461 2462 2463
f 2463 2386 2384
f 2463 2464 2465
f 2465 2388 2386
f 2465 2466 2467
f 2467 2390 2388
f 2467 2468 2469
f 2469 2392 2390
f 2468 2471 2470
f 2469 2395 2392
f 2471 2473 2472
f 2470 2397 2395
f 2473 2475 2474
f 2472 2399 2397
f 2475 2477 2476
f 2474 2402 2399
f 2477 2479 2478
f 2476 2403 2402
f 2479 2532 2480
f 2478 2481 2403
f 2480 234 2482
f 2482 2483 2406
f 2481 2404 2403
f 2483 2484 2485
f 2485 2486 2409
f 2483 2407 2406
f 2486 2487 2418
f 2418 2414 2412
f 2486 2410 2409
f 2487 2419 2418
f 2485 2484 2488
f 2488 2489 2421
f 2489 2422 2421
f 2488 2550 2490
f 2489 2491 2424
f 2492 2425 2424
f 2490 2536 2493
f 2491 2494 2492
f 2495 2428 2492
f 2493 2535 2496
f 2494 2497 2495
f 2432 2430 2495
f 2496 2538 2498
f 2498 2499 2432
f 2499 2433 2432
f 2499 2500 2501
f 2501 2502 2435
f 2502 2436 2435
f 2502 2503 2504
f 2504 2505 2438
f 2505 2439 2438
f 2505 2506 2507
f 2507 2508 2441
f 2508 2442 2441
f 2507 2548 2509
f 2508 2510 2444
f 2448 2445 2444
f 2509 2512 2511
f 2510 208 2448
f 2512 2514 2513
f 2511 204 208
f 2514 2460 2458
f 2513 2456 204
f 2514 2515 2516
f 2516 2462 2460
f 2516 2517 2518
f 2518 2464 2462
f 2518 2519 2520
f 2520 2466 2464
f 2520 2521 2522
f 2522 2468 2466
f 2521 2524 2523
f 2522 2471 2468
f 2524 61 2525
f 2523 2473 2471
f 61 64 2526
f 2525 2475 2473
f 64 2528 2527
f 2526 2477 2475
f 2528 2530 2529
f 2527 2479 2477
f 2530 2533 2531
f 2529 2532 2479
f 2533 2534 236
f 2531 235 2532
f 2535 2493 2536
f 2534 232 236
f 2534 2537 2535
f 2538 2496 2535
f 2533 2530 2539
f 2537 2540 2538
f 2500 2498 2538
f 2539 2549 2541
f 2541 2542 2500
f 2542 2501 2500
f 2542 65 2543
f 2543 2544 2503
f 2544 2504 2503
f 2544 2545 2546
f 2546 2547 2506
f 2547 2507 2506
f 2546 2519 2517
f 2547 2515 2548
f 2546 2521 2519
f 2543 65 62
f 2545 2524 2521
f 2541 63 65
f 2549 2530 2528
f 2528 64 63
f 2512 2509 2548
f 2536 2550 232
f 2484 233 2550
f 2482 234 233
f 2532 235 234
f 2448 208 207
f 2368 1529 2453
f 1515 227 2366
f 2416 1472 1471
f 1831 14 1411
f 1381 27 1816
f 1380 28 27
f 1713 2551 1714
f 2552 1309 1714
f 2551 2553 2552
f 2554 1312 2552
f 2553 2555 2554
f 1319 1315 2554
f 2555 2556 1319
f 1324 1320 1319
f 1358 1357 1324
f 1357 1325 1324
f 1354 1353 1328
f 1353 1329 1328
f 1350 1349 1332
f 1349 1333 1332
f 1323 829 2557
f 2557 1318 1317
f 1322 834 831
f 2557 827 2558
f 2558 2560 1318
f 2558 825 2559
f 2559 118 2560
f 825 822 2561
f 2559 119 118
f 2560 122 1314
f 1311 121 201
f 1283 1105 1102
f 1166 73 1257
f 1254 75 74
f 1255 2562 70
f 1151 69 2562
f 1136 181 1275
f 1134 2568 181
f 1133 756 2563
f 2563 1129 1128
f 1132 760 758
f 2563 754 2564
f 2564 2565 1129
f 2565 751 2566
f 2566 186 1126
f 2565 1125 1129
f 751 748 2567
f 2566 187 186
f 2564 752 751
f 1120 183 2568
f 1114 1076 178
f 1104 174 1089
f 1077 1071 1647
f 2569 742 2570
f 1066 2571 1062
f 1066 187 2569
f 2570 739 2572
f 2571 2573 1059
f 2572 738 2574
f 2573 2575 1056
f 738 735 2576
f 2574 2577 2575
f 2576 2580 2578
f 2577 48 2579
f 2579 1053 2575
f 2578 729 728
f 2578 49 48
f 735 732 2580
f 2579 47 1050
f 1034 215 218
f 1032 1614 215
f 1020 1016 2365
f 1012 154 152
f 1010 1476 154
f 881 1343 172
f 876 846 1341
f 2561 1200 119
f 413 405 2581
f 2581 401 2582
f 2582 396 395
f 2567 2569 187
f 726 50 49
f 701 693 1019
f 984 626 625
f 669 629 626
f 667 2583 629
f 635 630 2583
f 871 37 34
f 221 224 461
f 456 224 223
f 604 39 426
f 666 128 341
f 269 2584 311
f 2584 267 266
f 266 139 308

