# https://github.com/mikedh/trimesh

o Stage1_2Dcross_NEW_Rescaled_16.stl
v -0.02394857 0.00085461 -0.02378319
v -0.02300698 0.00654015 -0.02535597
v -0.02393429 0.00102599 -0.02732624
v -0.02361764 0.00388097 -0.02066119
v -0.02366574 -0.00361610 -0.02765667
v -0.02384030 -0.00222401 -0.02025377
v -0.02394113 0.00077160 -0.01843895
v -0.02350155 -0.00447108 -0.02476492
v 0.02370389 -0.00337293 -0.02512975
v 0.02377860 0.00271008 -0.02619739
v 0.02398673 -0.00007459 -0.02181671
v 0.02372281 -0.00321424 -0.02850320
v 0.02371232 -0.00338514 -0.01979252
v 0.02303702 -0.00648084 -0.02207673
v 0.02227231 -0.00872889 -0.02648328
v 0.00323197 0.04800939 -0.00859643
v 0.00097220 0.04800939 -0.00856966
v 0.00087894 0.04800939 -0.00633740
v 0.00391324 0.04800939 -0.00690348
v 0.00575370 0.04800939 -0.01058039
v 0.00309684 0.04800939 -0.01189521
v -0.02348843 -0.00459412 0.02667206
v -0.02271438 -0.00756971 0.02397135
v -0.02156686 -0.01045496 0.02837557
v -0.02344491 -0.00482069 0.03029458
v -0.02393899 0.00043420 0.03062622
v -0.02393899 -0.00089832 0.02321263
v -0.02358132 -0.00411170 0.02138639
v -0.02391592 0.00148888 0.02767714
v 0.02347251 -0.02648182 0.00476873
v 0.02267698 -0.02351600 0.00773088
v 0.02165525 -0.02809022 0.01029569
v 0.02347660 -0.03023670 0.00473709
v 0.02393760 -0.02759070 -0.00096238
v 0.02389255 -0.02294080 0.00160053
v 0.02349088 -0.02098914 0.00470157
v -0.02395394 -0.02402723 -0.00067719
v -0.02382583 -0.02069373 0.00257204
v -0.02395767 -0.01903504 -0.00070738
v -0.02339395 -0.02494520 0.00515229
v -0.02360281 -0.02109315 -0.00400014
v -0.02298312 -0.02554139 -0.00668379
v -0.02394503 -0.02751990 -0.00069473
v -0.02354190 -0.02777869 0.00434355
v -0.02335537 0.02682043 0.00520566
v -0.02391232 0.02776623 -0.00098737
v -0.02392227 0.02304064 0.00145497
v -0.02331301 0.03040588 0.00541278
v -0.02393551 0.03086437 0.00001631
v -0.02353390 0.02129357 0.00446063
v -0.02137875 0.02845226 0.01079996
v -0.02258169 0.02408068 0.00791309
v 0.01993693 0.00058605 -0.04798555
v 0.01917887 -0.00135975 -0.04798555
v 0.01709415 0.00074230 -0.04798555
v 0.01885306 0.00259387 -0.04798555
v 0.02160453 0.00071056 -0.04798555
v -0.01993112 -0.00065955 -0.04798555
v -0.01919796 0.00121935 -0.04798555
v -0.01708816 -0.00084510 -0.04798555
v -0.01884896 -0.00264100 -0.04798555
v -0.02158712 -0.00085145 -0.04798555
v -0.02147634 0.00201818 -0.04798555
v -0.00483151 0.00312707 0.04801445
v -0.00326425 0.00294787 0.04801445
v -0.00542874 0.00595275 0.04801445
v -0.00748715 0.00444982 0.04801445
v -0.00584939 0.00140930 0.04801445
v -0.00421041 0.00031701 0.04801445
v 0.02396689 0.02446496 -0.00074090
v 0.02337790 0.02559826 0.00511929
v 0.02383921 0.02121301 0.00236662
v 0.02395438 0.01938342 -0.00081100
v 0.02394810 0.02854064 -0.00094603
v 0.02355112 0.02891662 0.00422758
v 0.02281913 0.02624279 -0.00713673
v 0.02358036 0.02136486 -0.00416610
v 0.02396567 0.00048058 0.02437741
v 0.02395310 0.00071105 0.02784857
v 0.02354374 -0.00428944 0.02799477
v 0.02278892 0.00736926 0.02591502
v 0.02336435 -0.00521424 0.02523152
v 0.02380619 -0.00267078 0.02136103
v 0.02393772 0.00107287 0.01934075
v -0.00870053 0.00810510 -0.04798555
v -0.00678903 0.00807580 -0.04798555
v -0.00955868 0.00602355 -0.04798555
v -0.00982095 0.01030041 -0.04798555
v -0.00740805 0.01142248 -0.04798555
v -0.01168557 0.00820568 -0.04798555
v 0.00860709 -0.00812537 -0.04798555
v 0.00666819 -0.00804774 -0.04798555
v 0.00949705 -0.00604334 -0.04798555
v 0.00959305 -0.01044520 -0.04798555
v 0.00702384 -0.01140711 -0.04798555
v 0.01154728 -0.00840613 -0.04798555
v -0.00540792 0.04800939 0.01507347
v -0.00337826 0.04800939 0.01490693
v -0.00463644 0.04800939 0.01245152
v -0.00695346 0.04800939 0.01348516
v -0.00606722 0.04800939 0.01690158
v -0.01888839 -0.00156678 0.04801445
v -0.01804128 0.00070763 0.04801445
v -0.02106698 -0.00153455 0.04801445
v -0.02046139 -0.00475086 0.04801445
v -0.01787667 -0.00352039 0.04801445
v -0.01595815 -0.00137049 0.04801445
v 0.00395109 -0.00905653 0.04801445
v 0.00507865 -0.00740223 0.04801445
v 0.00317106 -0.00610975 0.04801445
v 0.00227152 -0.00880555 0.04801445
v 0.00240726 -0.01236951 0.04801445
v 0.00479874 -0.01156385 0.04801445
v 0.00705680 -0.01027186 0.04801445
v -0.01194332 0.04800939 -0.01450228
v -0.01287857 0.04800939 -0.01263115
v -0.01025570 0.04800939 -0.01241308
v -0.01325826 0.04800939 -0.01609665
v -0.00992916 0.04800939 -0.01503174
v -0.00588412 -0.04799061 -0.01863766
v -0.00650607 -0.04799061 -0.02034367
v -0.00333090 -0.04799061 -0.01836312
v -0.00445266 -0.04799061 -0.01583279
v -0.00743563 -0.04799061 -0.01705831
v 0.01333890 -0.04799061 -0.00895478
v 0.01520499 -0.04799061 -0.00983810
v 0.01619584 -0.04799061 -0.00712806
v 0.01129313 -0.04799061 -0.00995331
v 0.01302237 -0.04799061 -0.01213317
v 0.01327909 -0.04799061 -0.00703576
v 0.01020572 -0.04799061 -0.00756697
v 0.01846189 0.00094055 0.04801445
v 0.01766569 -0.00123963 0.04801445
v 0.02051688 -0.00211268 0.04801445
v 0.01737345 0.00299084 0.04801445
v 0.01536893 0.00075451 0.04801445
v 0.02079520 0.00110168 0.04801445
v 0.02011979 0.00437853 0.04801445
v -0.01105221 -0.04799061 0.00669072
v -0.00919461 -0.04799061 0.00783146
v -0.01194259 -0.04799061 0.01026106
v -0.01365658 -0.04799061 0.00787561
v -0.01465444 -0.04799061 0.00535108
v -0.01079275 -0.04799061 0.00487967
v 0.00665030 0.04800939 0.00817199
v 0.00875596 0.04800939 0.00942794
v 0.00990275 0.04800939 0.00725056
v 0.00662534 0.04800939 0.00644287
v 0.00480106 0.04800939 0.00885019
v 0.00682340 0.04800939 0.01115925
v 0.00503837 -0.04799061 0.01836001
v 0.00551468 -0.04799061 0.02026400
v 0.00265201 -0.04799061 0.01794206
v 0.00416654 -0.04799061 0.01544894
v 0.00682047 -0.04799061 0.01688894
v 0.00878971 -0.04799061 0.01892153
v 0.01034104 -0.04799061 0.02164237
v 0.00917386 -0.04799061 0.01460516
v 0.01179111 -0.04799061 0.01675082
v 0.01418778 -0.04799061 0.01933922
v 0.01419309 -0.04478016 0.01932456
v 0.01029471 -0.04484412 0.02164683
v 0.01457181 -0.04799061 0.01392703
v 0.01760062 -0.04799061 0.01629418
v 0.01760959 -0.04471961 0.01624623
v 0.02040995 -0.04799061 0.01259621
v 0.02040677 -0.04463514 0.01255133
v 0.01752384 -0.04150233 0.01626918
v 0.01409147 -0.04164686 0.01934098
v 0.01737095 -0.03843397 0.01643812
v 0.01393448 -0.03868397 0.01949011
v 0.01017246 -0.04176893 0.02166290
v 0.01000345 -0.03890467 0.02177118
v 0.00587839 -0.04187977 0.02318242
v 0.00602262 -0.04489051 0.02319260
v 0.00612595 -0.04799061 0.02319264
v 0.00151645 -0.04493934 0.02391961
v 0.00166288 -0.04799061 0.02393295
v 0.00188657 -0.04799061 0.02071766
v -0.00291470 -0.04799061 0.02381489
v -0.00193948 -0.04799061 0.02033848
v -0.00061398 -0.04799061 0.01714059
v -0.00576888 -0.04799061 0.01927017
v -0.00390560 -0.04799061 0.01598546
v -0.00698544 -0.04799061 0.01440299
v -0.00464913 -0.04799061 0.01141570
v -0.00189016 -0.04799061 0.01296067
v 0.00112516 -0.04799061 0.01425160
v 0.00008518 -0.04799061 0.01014295
v 0.00302329 -0.04799061 0.01151685
v 0.00610270 -0.04799061 0.01290618
v 0.00488157 -0.04799061 0.00884410
v 0.00806046 -0.04799061 0.01027946
v 0.01142893 -0.04799061 0.01196276
v 0.00983555 -0.04799061 0.00749887
v 0.01340244 -0.04799061 0.00901653
v 0.01689774 -0.04799061 0.01068023
v 0.01492875 -0.04799061 0.00581239
v 0.01862687 -0.04799061 0.00707556
v 0.02244004 -0.04799061 0.00846377
v 0.02241147 -0.04451258 0.00846170
v 0.02362320 -0.04799061 0.00415407
v 0.02358372 -0.04442762 0.00420222
v 0.02395157 -0.04445594 -0.00007009
v 0.02390964 -0.04093983 0.00005200
v 0.02353989 -0.04084608 0.00428117
v 0.02237040 -0.04101697 0.00853002
v 0.02228928 -0.03756385 0.00872085
v 0.02020963 -0.03803895 0.01277291
v 0.02033671 -0.04130067 0.01257774
v 0.02001035 -0.03491199 0.01316046
v 0.01713419 -0.03551600 0.01674164
v 0.01966910 -0.03203065 0.01365705
v 0.01676194 -0.03273914 0.01711022
v 0.01367936 -0.03592029 0.01966472
v 0.01332847 -0.03333533 0.01990232
v 0.00976987 -0.03625819 0.02187847
v 0.00948002 -0.03388319 0.02200421
v 0.00552671 -0.03651697 0.02328650
v 0.00571988 -0.03909363 0.02325556
v 0.00532291 -0.03429432 0.02333589
v 0.00109476 -0.03667029 0.02392067
v 0.00122861 -0.03920203 0.02393099
v 0.00136582 -0.04196082 0.02388316
v -0.00332260 -0.03922596 0.02371726
v -0.00321939 -0.04200281 0.02372883
v -0.00307803 -0.04495887 0.02375627
v -0.00769229 -0.04198768 0.02267040
v -0.00757742 -0.04495203 0.02272296
v -0.00742507 -0.04799061 0.02281565
v -0.01178121 -0.04492127 0.02086440
v -0.01164401 -0.04799061 0.02098008
v -0.00933425 -0.04799061 0.01757130
v -0.01541372 -0.04799061 0.01839255
v -0.01250894 -0.04799061 0.01534067
v -0.00968234 -0.04799061 0.01247581
v -0.01514828 -0.04799061 0.01269796
v -0.01856954 -0.04799061 0.01521125
v -0.01722579 -0.04799061 0.00964833
v -0.02103652 -0.04799061 0.01153762
v -0.01863699 -0.04799061 0.00636198
v -0.02275039 -0.04799061 0.00757433
v -0.01937850 -0.04799061 0.00292980
v -0.01510922 -0.04799061 0.00259471
v -0.01084536 -0.04799061 0.00268543
v -0.01509609 -0.04799061 -0.00027043
v -0.01075387 -0.04799061 0.00020480
v -0.00666525 -0.04799061 0.00101373
v -0.01037362 -0.04799061 -0.00242234
v -0.00631008 -0.04799061 -0.00146979
v -0.00255941 -0.04799061 -0.00036763
v -0.00574508 -0.04799061 -0.00405579
v -0.00203256 -0.04799061 -0.00292882
v 0.00149930 -0.04799061 -0.00175738
v -0.00130776 -0.04799061 -0.00554262
v 0.00210575 -0.04799061 -0.00439024
v 0.00556559 -0.04799061 -0.00324803
v 0.00292106 -0.04799061 -0.00706296
v 0.00619571 -0.04799061 -0.00592994
v 0.00955973 -0.04799061 -0.00494960
v 0.00403190 -0.04799061 -0.00980959
v 0.00711258 -0.04799061 -0.00860993
v 0.00545841 -0.04799061 -0.01266745
v 0.00846805 -0.04799061 -0.01134010
v 0.00711222 -0.04799061 -0.01556947
v 0.01023008 -0.04799061 -0.01402297
v 0.00877152 -0.04799061 -0.01845222
v 0.01218210 -0.04799061 -0.01654383
v 0.01513370 -0.04799061 -0.01413840
v 0.01759012 -0.04799061 -0.01112774
v 0.01432786 -0.04799061 -0.01920646
v 0.01763297 -0.04799061 -0.01622961
v 0.02034525 -0.04799061 -0.01267528
v 0.01775803 -0.04487928 -0.01606807
v 0.02041715 -0.04480604 -0.01252327
v 0.02235276 -0.04799061 -0.00867869
v 0.01917008 -0.04799061 -0.00769120
v 0.01993058 -0.04799061 -0.00416925
v 0.01653055 -0.04799061 -0.00408509
v 0.01643278 -0.04799061 -0.00086345
v 0.01274894 -0.04799061 -0.00143695
v 0.01306162 -0.04799061 -0.00432465
v 0.00910343 -0.04799061 -0.00224676
v 0.01219156 -0.04799061 0.00158706
v 0.00856156 -0.04799061 0.00056149
v 0.00773319 -0.04799061 0.00337322
v 0.00434128 -0.04799061 0.00211583
v 0.00502115 -0.04799061 -0.00056518
v 0.00648905 -0.04799061 0.00613445
v 0.00331827 -0.04799061 0.00476622
v 0.00017289 -0.04799061 0.00341189
v 0.00093693 -0.04799061 0.00084363
v 0.00186258 -0.04799061 0.00742291
v -0.00095754 -0.04799061 0.00596996
v -0.00391677 -0.04799061 0.00455291
v -0.00309432 -0.04799061 0.00212191
v -0.00261959 -0.04799061 0.00865402
v -0.00520297 -0.04799061 0.00704592
v -0.00766323 -0.04799061 0.00562267
v -0.00700131 -0.04799061 0.00338816
v -0.00707253 -0.04799061 0.00965160
v 0.01125486 -0.04799061 0.00459045
v 0.01593326 -0.04799061 0.00247965
v 0.01966935 -0.04799061 0.00329651
v 0.02010081 -0.04799061 -0.00047263
v 0.02399277 -0.04799061 -0.00021265
v 0.02357096 -0.04799061 -0.00447765
v 0.02356504 -0.04455897 -0.00434069
v 0.02237931 -0.04468738 -0.00854144
v 0.02237797 -0.04141981 -0.00848811
v 0.02355265 -0.04114832 -0.00426790
v 0.02234293 -0.03821766 -0.00856044
v 0.02353318 -0.03779529 -0.00431047
v 0.02390476 -0.03742908 0.00010451
v 0.02350528 -0.03458387 -0.00446911
v 0.02391117 -0.03397645 0.00003211
v 0.02349064 -0.03729529 0.00439658
v 0.02348581 -0.03373768 0.00457627
v 0.02393693 -0.03061951 -0.00024543
v 0.02198972 -0.03100574 0.00954643
v 0.02218088 -0.03421082 0.00904685
v 0.02343760 -0.03139539 -0.00489631
v 0.02213065 -0.03212879 -0.00912011
v 0.02325596 -0.02849842 -0.00560977
v 0.02188639 -0.02925770 -0.00967557
v 0.02299997 -0.02560731 -0.00662785
v 0.02381663 -0.02451307 -0.00251596
v 0.02154691 -0.02662440 -0.01035549
v 0.02264072 -0.02280994 -0.00779448
v 0.02357059 -0.02147645 -0.00421296
v 0.02319687 -0.01867518 -0.00588038
v 0.02378354 -0.01710096 -0.00282837
v 0.02394651 -0.01996229 -0.00077073
v 0.02395566 -0.01531873 -0.00000686
v 0.02385001 -0.01806580 0.00224363
v 0.02383140 -0.01326746 0.00251907
v 0.02347733 -0.01592420 0.00477481
v 0.02283487 -0.01856190 0.00719623
v 0.02210782 -0.01612000 0.00921944
v 0.02183829 -0.02080555 0.00983271
v 0.02094779 -0.01840760 0.01160320
v 0.02014683 -0.02282459 0.01288667
v 0.02094773 -0.02532069 0.01164482
v 0.01927225 -0.02053455 0.01416627
v 0.01784281 -0.02450135 0.01588721
v 0.01858060 -0.02683338 0.01510439
v 0.01920719 -0.02937440 0.01427364
v 0.01574228 -0.02802137 0.01802593
v 0.01630301 -0.03033387 0.01754859
v 0.01291593 -0.03110291 0.02017270
v 0.01244840 -0.02902283 0.02041878
v 0.00915030 -0.03174256 0.02214467
v 0.00879496 -0.02985291 0.02226120
v 0.00508951 -0.03223817 0.02340711
v 0.00485666 -0.03044520 0.02345706
v 0.00086118 -0.03247010 0.02395348
v 0.00097593 -0.03450379 0.02393261
v 0.00075992 -0.03071570 0.02395228
v -0.00341982 -0.03250672 0.02371430
v -0.00342294 -0.03450623 0.02369629
v -0.00338955 -0.03667420 0.02369107
v -0.00770565 -0.03428309 0.02266294
v -0.00775564 -0.03657020 0.02263995
v -0.00775399 -0.03916541 0.02266219
v -0.01183053 -0.03635194 0.02083678
v -0.01188052 -0.03902723 0.02080028
v -0.01186593 -0.04191004 0.02080431
v -0.01553817 -0.03880506 0.01823335
v -0.01555465 -0.04177576 0.01820960
v -0.01551156 -0.04486170 0.01826491
v -0.01864437 -0.04161365 0.01502828
v -0.01862844 -0.04478602 0.01508004
v -0.02106253 -0.04470447 0.01144165
v -0.02105355 -0.04143299 0.01141567
v -0.02275656 -0.04459119 0.00749229
v -0.02273635 -0.04122791 0.00747537
v -0.02370535 -0.04449158 0.00338121
v -0.02372543 -0.04799061 0.00341217
v -0.02368197 -0.04099207 0.00340302
v -0.02393136 -0.04447547 -0.00062012
v -0.02396182 -0.04799061 -0.00068258
v -0.01948019 -0.04799061 -0.00054307
v -0.02347976 -0.04455555 -0.00472623
v -0.02349862 -0.04799061 -0.00481257
v -0.01900967 -0.04799061 -0.00403698
v -0.01464205 -0.04799061 -0.00325315
v -0.02226486 -0.04799061 -0.00890246
v -0.01799270 -0.04799061 -0.00747888
v -0.01376663 -0.04799061 -0.00624268
v -0.00965835 -0.04799061 -0.00513502
v -0.01644992 -0.04799061 -0.01079163
v -0.01252084 -0.04799061 -0.00920560
v -0.00861605 -0.04799061 -0.00787201
v -0.00491830 -0.04799061 -0.00669119
v -0.01096749 -0.04799061 -0.01203434
v -0.00731063 -0.04799061 -0.01058368
v -0.00376937 -0.04799061 -0.00938338
v -0.00034115 -0.04799061 -0.00822348
v -0.00586019 -0.04799061 -0.01324110
v -0.00244137 -0.04799061 -0.01209649
v 0.00086930 -0.04799061 -0.01098253
v -0.00106869 -0.04799061 -0.01484878
v 0.00228238 -0.04799061 -0.01383674
v 0.00018131 -0.04799061 -0.01773509
v 0.00372642 -0.04799061 -0.01680934
v 0.00112851 -0.04799061 -0.02069677
v 0.00505008 -0.04799061 -0.01985221
v 0.00179575 -0.04799061 -0.02389753
v 0.00628898 -0.04799061 -0.02312291
v 0.01050229 -0.04799061 -0.02153720
v 0.00646067 -0.04504237 -0.02304124
v 0.01067600 -0.04501112 -0.02142679
v 0.01448667 -0.04494373 -0.01906225
v 0.01079923 -0.04209803 -0.02135635
v 0.01457694 -0.04195643 -0.01897496
v 0.01782773 -0.04179725 -0.01596822
v 0.01459977 -0.03907557 -0.01897363
v 0.01782169 -0.03882557 -0.01597349
v 0.02044657 -0.04164344 -0.01245644
v 0.02042081 -0.03856287 -0.01249541
v 0.01773234 -0.03592762 -0.01609386
v 0.02034513 -0.03551112 -0.01263446
v 0.01754416 -0.03332264 -0.01629704
v 0.02017814 -0.03275135 -0.01290001
v 0.01728611 -0.03090711 -0.01654807
v 0.01989890 -0.03007459 -0.01329354
v 0.01953110 -0.02761512 -0.01383023
v 0.01695334 -0.02856385 -0.01687732
v 0.01909488 -0.02531629 -0.01438262
v 0.02113566 -0.02407801 -0.01121872
v 0.01654453 -0.02649842 -0.01726001
v 0.01857535 -0.02313319 -0.01505472
v 0.02060911 -0.02163465 -0.01213055
v 0.01999021 -0.01947791 -0.01312460
v 0.02155167 -0.01777528 -0.01033317
v 0.02213444 -0.02017469 -0.00908033
v 0.02090647 -0.01556385 -0.01160854
v 0.02212613 -0.01372303 -0.00914926
v 0.02271811 -0.01610535 -0.00754208
v 0.02302402 -0.01193543 -0.00662741
v 0.02346970 -0.01441932 -0.00477437
v 0.02358439 -0.01013172 -0.00411545
v 0.02384440 -0.01265955 -0.00212145
v 0.02387736 -0.00823817 -0.00168777
v 0.02395640 -0.01072401 0.00036995
v 0.02381388 -0.00864930 0.00269725
v 0.02348527 -0.01114100 0.00478675
v 0.02292545 -0.01366590 0.00697265
v 0.02297556 -0.00904822 0.00689243
v 0.02227042 -0.01153455 0.00888514
v 0.02132480 -0.01397352 0.01092967
v 0.02195560 -0.00965320 0.01078391
v 0.02073734 -0.01202479 0.01260227
v 0.02142008 -0.01067029 0.01469141
v 0.01995493 -0.01324061 0.01647290
v 0.01923832 -0.01429725 0.01454553
v 0.02006803 -0.01626551 0.01310041
v 0.01752945 -0.01671229 0.01636391
v 0.01841562 -0.01851502 0.01531951
v 0.01554203 -0.01880115 0.01826514
v 0.01632828 -0.02052186 0.01749934
v 0.01708372 -0.02240223 0.01673180
v 0.01314182 -0.02074012 0.02007985
v 0.01379654 -0.02231873 0.01957728
v 0.01447587 -0.02408729 0.01904287
v 0.01510148 -0.02588563 0.01853467
v 0.01143039 -0.02545399 0.02099144
v 0.01193186 -0.02712195 0.02070440
v 0.00842508 -0.02811756 0.02239914
v 0.00805729 -0.02655604 0.02254975
v 0.00463663 -0.02880848 0.02350161
v 0.00440500 -0.02730457 0.02354857
v 0.00066263 -0.02912098 0.02395757
v 0.00057578 -0.02763465 0.02397017
v -0.00335763 -0.02904871 0.02372481
v -0.00339120 -0.03069080 0.02371542
v -0.00330245 -0.02755115 0.02374616
v -0.00726736 -0.02860145 0.02281295
v -0.00744338 -0.03034510 0.02276667
v -0.00760397 -0.03223719 0.02272752
v -0.01124966 -0.02971326 0.02114597
v -0.01150106 -0.03171863 0.02101242
v -0.01169869 -0.03386805 0.02090122
v -0.01500692 -0.03104725 0.01868299
v -0.01525558 -0.03340272 0.01847827
v -0.01543881 -0.03597742 0.01832918
v -0.01830563 -0.03284119 0.01544777
v -0.01850167 -0.03551600 0.01521866
v -0.01860897 -0.03853162 0.01507443
v -0.02093118 -0.03510926 0.01166676
v -0.02100625 -0.03824207 0.01149726
v -0.02270455 -0.03790418 0.00757073
v -0.02263790 -0.03467371 0.00779323
v -0.02365493 -0.03752820 0.00348647
v -0.02365176 -0.03412537 0.00365192
v -0.02389999 -0.03745789 -0.00057930
v -0.02389474 -0.04092322 -0.00057525
v -0.02390982 -0.03398475 -0.00063522
v -0.02339126 -0.03450770 -0.00498697
v -0.02342727 -0.03772840 -0.00474695
v -0.02344949 -0.04112147 -0.00471090
v -0.02217367 -0.03811610 -0.00894079
v -0.02224246 -0.04140076 -0.00879564
v -0.02226669 -0.04469178 -0.00880874
v -0.02027877 -0.04165760 -0.01264313
v -0.02031527 -0.04480701 -0.01266463
v -0.02029141 -0.04799061 -0.01275186
v -0.01767648 -0.04486854 -0.01613604
v -0.01765176 -0.04799061 -0.01620021
v -0.01441952 -0.04799061 -0.01388746
v -0.01449417 -0.04799061 -0.01907725
v -0.01203439 -0.04799061 -0.01661689
v -0.00920944 -0.04799061 -0.01468132
v -0.00946371 -0.04799061 -0.01881927
v -0.01103573 -0.04799061 -0.02128120
v -0.01450045 -0.04492176 -0.01905963
v -0.01092806 -0.04495985 -0.02131199
v -0.00711630 -0.04799061 -0.02289726
v -0.00692117 -0.04500135 -0.02292889
v -0.00274258 -0.04799061 -0.02381152
v -0.00279910 -0.04799061 -0.02092149
v -0.00254257 -0.04503748 -0.02379049
v 0.00198533 -0.04505311 -0.02385044
v -0.00234310 -0.04216297 -0.02379962
v 0.00216349 -0.04219276 -0.02382307
v 0.00660483 -0.04217127 -0.02298741
v 0.00231492 -0.03948670 -0.02382009
v 0.00670591 -0.03942713 -0.02296905
v 0.01085959 -0.03928846 -0.02133058
v 0.00676487 -0.03688758 -0.02294933
v 0.01085129 -0.03668250 -0.02133126
v 0.01454117 -0.03635145 -0.01902003
v 0.01076731 -0.03426258 -0.02138252
v 0.01439414 -0.03383729 -0.01913676
v 0.01062790 -0.03221522 -0.02145670
v 0.01417338 -0.03158094 -0.01928590
v 0.01042954 -0.03029188 -0.02152791
v 0.01389481 -0.02948133 -0.01948997
v 0.01019059 -0.02847694 -0.02163019
v 0.01356211 -0.02755115 -0.01970903
v 0.00992808 -0.02685682 -0.02176193
v 0.01318912 -0.02576844 -0.01996410
v 0.00966123 -0.02536610 -0.02189199
v 0.01280301 -0.02414344 -0.02022216
v 0.01608140 -0.02453113 -0.01767596
v 0.01559519 -0.02273865 -0.01812076
v 0.01235190 -0.02253699 -0.02050125
v 0.01502079 -0.02096229 -0.01864027
v 0.01799576 -0.02117322 -0.01575419
v 0.01735282 -0.01927039 -0.01649925
v 0.01446079 -0.01938612 -0.01909887
v 0.01671903 -0.01754481 -0.01717978
v 0.01931888 -0.01746717 -0.01412069
v 0.01861966 -0.01559949 -0.01511473
v 0.01738627 -0.01647254 -0.01890918
v 0.01927952 -0.01418983 -0.01692133
v 0.02018766 -0.01358240 -0.01290606
v 0.02074344 -0.01197498 -0.01477060
v 0.02185837 -0.00982947 -0.01254519
v 0.02147245 -0.01158533 -0.01064721
v 0.02269694 -0.00771766 -0.01029014
v 0.02248350 -0.00969031 -0.00833201
v 0.02343735 -0.00563221 -0.00801947
v 0.02340507 -0.00781287 -0.00603351
v 0.02378171 -0.00356385 -0.00572455
v 0.02377213 -0.00585877 -0.00368487
v 0.02394034 -0.00150037 -0.00342238
v 0.02393345 -0.00385096 -0.00135730
v 0.02396036 -0.00623475 0.00066243
v 0.02396421 -0.00179920 0.00094079
v 0.02383536 -0.00419959 0.00297693
v 0.02354850 -0.00661854 0.00495201
v 0.02387449 -0.00222352 0.00531473
v 0.02355405 -0.00468885 0.00725550
v 0.02288407 -0.00715272 0.00903775
v 0.02378489 -0.00278309 0.00972233
v 0.02331998 -0.00539832 0.01142619
v 0.02255753 -0.00805360 0.01302203
v 0.02366166 -0.00354774 0.01411702
v 0.02307206 -0.00636707 0.01555719
v 0.02204709 -0.00928309 0.01705867
v 0.02350028 -0.00459852 0.01841725
v 0.02259763 -0.00782752 0.01959370
v 0.02303928 -0.00652235 0.02238612
v 0.02173166 -0.00997596 0.02343598
v 0.02123917 -0.01096570 0.02090349
v 0.02063553 -0.01210340 0.01864226
v 0.01942057 -0.01394178 0.02233425
v 0.01882517 -0.01473572 0.02028330
v 0.01812638 -0.01562684 0.01825639
v 0.01657297 -0.01723963 0.02186148
v 0.01594144 -0.01784852 0.01998899
v 0.01336063 -0.01989979 0.02153957
v 0.01391654 -0.01948182 0.02326828
v 0.01044071 -0.02155750 0.02291061
v 0.01031846 -0.02233045 0.02163407
v 0.01088718 -0.02384901 0.02133290
v 0.00722703 -0.02354237 0.02285068
v 0.00766086 -0.02504481 0.02269676
v 0.00417783 -0.02582264 0.02359468
v 0.00391215 -0.02434070 0.02365035
v 0.00050364 -0.02614539 0.02398014
v 0.00042850 -0.02470301 0.02398660
v -0.00323251 -0.02605506 0.02377015
v -0.00315194 -0.02458143 0.02379076
v -0.00687466 -0.02553309 0.02295108
v -0.00708370 -0.02707264 0.02288057
v -0.00662155 -0.02399354 0.02303268
v -0.01029409 -0.02457264 0.02162035
v -0.01063302 -0.02619569 0.02145848
v -0.01094808 -0.02782996 0.02129964
v -0.01386801 -0.02497449 0.01952534
v -0.01430459 -0.02681776 0.01920307
v -0.01468026 -0.02887244 0.01892337
v -0.01671267 -0.02363172 0.01711409
v -0.01722683 -0.02570496 0.01658451
v -0.01765463 -0.02788807 0.01617298
v -0.01801681 -0.03028553 0.01575218
v -0.01966873 -0.02440809 0.01362279
v -0.02010794 -0.02686219 0.01295481
v -0.02046108 -0.02942860 0.01238639
v -0.02076101 -0.03221424 0.01195207
v -0.02200149 -0.02585194 0.00941252
v -0.02230764 -0.02859070 0.00865048
v -0.02250271 -0.03158729 0.00814868
v -0.02361520 -0.03088123 0.00392490
v -0.02393661 -0.03064002 -0.00068444
v -0.02318899 -0.02839490 -0.00584945
v -0.02331460 -0.03131971 -0.00536592
v -0.02191799 -0.03214197 -0.00966099
v -0.02208792 -0.03511024 -0.00921858
v -0.02001736 -0.03562342 -0.01308889
v -0.02017153 -0.03855506 -0.01278470
v -0.01749923 -0.03887440 -0.01625363
v -0.01761849 -0.04180750 -0.01613404
v -0.01441531 -0.04190760 -0.01906583
v -0.01427535 -0.03906776 -0.01919326
v -0.01077780 -0.04199744 -0.02135630
v -0.01059701 -0.03923621 -0.02146114
v -0.00671719 -0.04208729 -0.02294788
v -0.00650930 -0.03937684 -0.02301836
v -0.00215365 -0.03947303 -0.02383449
v -0.00627957 -0.03686268 -0.02307035
v -0.00197549 -0.03699354 -0.02384780
v 0.00243522 -0.03698377 -0.02379668
v -0.00181100 -0.03484608 -0.02385874
v 0.00251090 -0.03485389 -0.02379166
v 0.00676237 -0.03462049 -0.02295179
v 0.00256974 -0.03291151 -0.02379120
v 0.00671360 -0.03267518 -0.02299004
v 0.00261045 -0.03116834 -0.02378976
v 0.00663498 -0.03086414 -0.02300436
v 0.00261991 -0.02952723 -0.02379061
v 0.00650541 -0.02912928 -0.02303371
v 0.00261197 -0.02811756 -0.02380212
v 0.00637284 -0.02765125 -0.02307626
v 0.00259385 -0.02672645 -0.02380912
v 0.00622788 -0.02624647 -0.02312250
v 0.00254923 -0.02529529 -0.02382453
v 0.00605344 -0.02476551 -0.02318627
v 0.00934720 -0.02384901 -0.02203434
v 0.00589127 -0.02347498 -0.02324170
v 0.00901639 -0.02243153 -0.02219608
v 0.01187931 -0.02103651 -0.02079906
v 0.00953605 -0.02193885 -0.02366843
v 0.01247867 -0.02041004 -0.02231224
v 0.01511954 -0.01857508 -0.02068699
v 0.01312845 -0.01998133 -0.02392654
v 0.01586460 -0.01787781 -0.02249794
v 0.01818674 -0.01553162 -0.02081909
v 0.01655131 -0.01721863 -0.02429719
v 0.01892490 -0.01457264 -0.02280483
v 0.02011204 -0.01294324 -0.01893943
v 0.02089579 -0.01165369 -0.02115417
v 0.02152836 -0.01044617 -0.01690196
v 0.02230668 -0.00861365 -0.01931476
v 0.02254606 -0.00803602 -0.01474768
v 0.02319144 -0.00593934 -0.01729593
v 0.02370017 -0.00346033 -0.01486223
v 0.02326865 -0.00570887 -0.01252937
v 0.02392698 -0.00117762 -0.01236116
v 0.02371659 -0.00345301 -0.01016847
v 0.02393284 0.00100353 -0.00996236
v 0.02393381 -0.00131043 -0.00783823
v 0.02379764 0.00309826 -0.00760533
v 0.02395212 0.00079943 -0.00551780
v 0.02388492 0.00290246 -0.00325212
v 0.02397642 0.00058263 -0.00115119
v 0.02363401 0.00515051 -0.00536503
v 0.02394419 0.00509875 -0.00104097
v 0.02395713 0.00268908 0.00108090
v 0.02396268 0.00023986 0.00321812
v 0.02384446 0.00477306 0.00325880
v 0.02387205 0.00225012 0.00543863
v 0.02392826 -0.00023914 0.00764281
v 0.02368149 0.00426037 0.00758223
v 0.02386667 0.00177551 0.00988050
v 0.02393741 -0.00080311 0.01219051
v 0.02362363 0.00393273 0.01201841
v 0.02390415 0.00139709 0.01450090
v 0.02389292 -0.00147694 0.01690052
v 0.02360721 0.00393957 0.01659804
v 0.02308768 0.00641906 0.01406031
v 0.02286429 0.00711730 0.01857151
v 0.02353092 0.00446447 0.02132637
v 0.02139341 0.01075597 0.02053706
v 0.02213468 0.00917346 0.02309120
v 0.02210758 0.00923888 0.01613436
v 0.02059507 0.01221789 0.01831962
v 0.01851871 0.01515295 0.02044802
v 0.01923777 0.01417590 0.02245983
v 0.02130741 0.01096594 0.01395124
v 0.01974906 0.01357873 0.01630548
v 0.01774375 0.01607726 0.01853822
v 0.01514463 0.01857482 0.02058087
v 0.01586680 0.01789660 0.02236800
v 0.01910837 0.01508556 0.01448661
v 0.01711789 0.01728039 0.01681440
v 0.01459043 0.01944885 0.01902910
v 0.01168094 0.02147131 0.02093901
v 0.01208359 0.02066125 0.02234751
v 0.01773374 0.01915490 0.01609310
v 0.01519620 0.02115246 0.01853122
v 0.01219108 0.02303722 0.02062054
v 0.00871598 0.02457189 0.02233017
v 0.00835892 0.02308703 0.02249901
v 0.01577170 0.02299133 0.01798429
v 0.01266782 0.02472082 0.02033210
v 0.00907468 0.02614904 0.02215867
v 0.00512406 0.02710412 0.02340061
v 0.00490445 0.02559435 0.02346346
v 0.01309855 0.02644494 0.02005290
v 0.00939713 0.02778820 0.02202105
v 0.00530454 0.02863439 0.02335731
v 0.00097507 0.02901769 0.02395015
v 0.00094236 0.02751769 0.02395116
v 0.00969730 0.02957189 0.02189755
v 0.00547153 0.03031017 0.02332123
v 0.00101615 0.03067638 0.02394821
v -0.00347647 0.03055334 0.02369643
v 0.00562583 0.03216857 0.02329682
v 0.00104600 0.03247277 0.02394922
v -0.00357363 0.03237072 0.02369022
v -0.00801589 0.03190490 0.02257415
v -0.00365414 0.03437853 0.02367037
v -0.00820877 0.03398742 0.02250829
v -0.01240328 0.03350451 0.02047643
v -0.00836648 0.03632043 0.02244656
v -0.01262637 0.03600109 0.02035456
v -0.01637942 0.03561388 0.01744622
v -0.01611263 0.03290002 0.01768812
v -0.01276962 0.03876769 0.02026460
v -0.01655020 0.03851476 0.01728763
v -0.01965786 0.03813293 0.01363568
v -0.01661972 0.04153576 0.01720448
v -0.01974050 0.04136144 0.01351895
v -0.02199203 0.04105334 0.00939685
v -0.01975741 0.04466857 0.01354853
v -0.02202767 0.04451672 0.00937697
v -0.02340634 0.04440881 0.00507799
v -0.02205685 0.04800939 0.00943635
v -0.02345053 0.04800939 0.00503354
v -0.02396908 0.04800939 0.00056298
v -0.02393270 0.04447717 0.00071312
v -0.01853744 0.04800939 0.00805548
v -0.01966433 0.04800939 0.00417649
v -0.02006698 0.04800939 0.00023373
v -0.01979257 0.04800939 -0.00371746
v -0.02365194 0.04800939 -0.00387880
v -0.01611105 0.04800939 0.00343115
v -0.01641513 0.04800939 -0.00007393
v -0.01614913 0.04800939 -0.00353978
v -0.01536080 0.04800939 -0.00688588
v -0.01888827 0.04800939 -0.00740429
v -0.01297677 0.04800939 -0.00038703
v -0.01277102 0.04800939 -0.00355308
v -0.01212802 0.04800939 -0.00660228
v -0.01117190 0.04800939 -0.00956950
v -0.01423147 0.04800939 -0.00998981
v -0.00947915 0.04800939 -0.00360919
v -0.00900064 0.04800939 -0.00647271
v -0.00826254 0.04800939 -0.00941964
v -0.00748715 0.04800939 -0.01253670
v -0.00619204 0.04800939 -0.00642453
v -0.00559469 0.04800939 -0.00935769
v -0.00474166 0.04800939 -0.01269835
v -0.00405148 0.04800939 -0.01628884
v -0.00710897 0.04800939 -0.01577844
v -0.00302127 0.04800939 -0.00925179
v -0.00200375 0.04800939 -0.01270027
v -0.00087680 0.04800939 -0.01640132
v 0.00238511 0.04800939 -0.01602529
v 0.00003397 0.04800939 -0.02008807
v -0.00382070 0.04800939 -0.01988079
v 0.00059611 0.04800939 -0.01248139
v -0.00097140 0.04800939 -0.00893619
v -0.00131576 0.04800939 -0.00629091
v -0.00351406 0.04800939 -0.00636033
v -0.00360238 0.04800939 -0.00385221
v -0.00108956 0.04800939 -0.00398169
v 0.00148704 0.04800939 -0.00419707
v 0.00218314 0.04800939 -0.00202646
v 0.00520756 0.04800939 -0.00486501
v -0.00077926 0.04800939 -0.00168793
v -0.00357308 0.04800939 -0.00140220
v -0.00043685 0.04800939 0.00057151
v 0.00272123 0.04800939 0.00017024
v 0.00312284 0.04800939 0.00239033
v 0.00656778 0.04800939 -0.00023621
v 0.00607670 0.04800939 -0.00261419
v -0.00001888 0.04800939 0.00283621
v -0.00289315 0.04800939 0.00340550
v -0.00213766 0.04800939 0.00582569
v 0.00057389 0.04800939 0.00510890
v 0.00338737 0.04800939 0.00458944
v 0.00377158 0.04800939 0.00666827
v 0.00675382 0.04800939 0.00441054
v 0.00140128 0.04800939 0.00739645
v -0.00104574 0.04800939 0.00827366
v 0.00031412 0.04800939 0.01088038
v 0.00263993 0.04800939 0.00989283
v 0.00181656 0.04800939 0.01370054
v 0.00439206 0.04800939 0.01260509
v 0.00337382 0.04800939 0.01677814
v 0.00640873 0.04800939 0.01548837
v 0.00928379 0.04800939 0.01365013
v 0.00838914 0.04800939 0.01842401
v 0.01180173 0.04800939 0.01626670
v 0.01174729 0.04800939 0.01133320
v 0.01475040 0.04800939 0.01348735
v 0.01352823 0.04800939 0.00854379
v 0.01706699 0.04800939 0.01016131
v 0.01461814 0.04800939 0.00549504
v 0.01060190 0.04800939 0.00471303
v 0.01089371 0.04800939 0.00210179
v 0.00676883 0.04800939 0.00213601
v 0.01515897 0.04800939 0.00239000
v 0.01084067 0.04800939 -0.00058037
v 0.01521329 0.04800939 -0.00090662
v 0.01469462 0.04800939 -0.00414997
v 0.01036600 0.04800939 -0.00332258
v 0.01354606 0.04800939 -0.00743439
v 0.00942130 0.04800939 -0.00602737
v 0.01167374 0.04800939 -0.01048421
v 0.00793058 0.04800939 -0.00848378
v 0.01509202 0.04800939 -0.01268065
v 0.01188425 0.04800939 -0.01584232
v 0.00894010 0.04800939 -0.01316021
v 0.00806016 0.04800939 -0.01818467
v 0.00565714 0.04800939 -0.01504241
v 0.01041495 0.04800939 -0.02157854
v 0.00560782 0.04800939 -0.02329353
v 0.00402720 0.04800939 -0.01956789
v 0.00599296 0.04491564 -0.02318571
v 0.00114872 0.04498449 -0.02389992
v 0.00077659 0.04800939 -0.02394759
v -0.00352926 0.04501525 -0.02367696
v -0.00384677 0.04800939 -0.02364775
v -0.00788497 0.04501818 -0.02257778
v -0.00812997 0.04800939 -0.02253453
v -0.00740170 0.04800939 -0.01908039
v -0.01193276 0.04800939 -0.02077818
v -0.01059762 0.04800939 -0.01779737
v -0.01180416 0.04500549 -0.02082035
v -0.01521633 0.04497717 -0.01849659
v -0.01524032 0.04800939 -0.01852077
v -0.01815982 0.04800939 -0.01563965
v -0.01554159 0.04800939 -0.01379112
v -0.01818856 0.04492931 -0.01557346
v -0.02062734 0.04800939 -0.01219144
v -0.01741561 0.04800939 -0.01086342
v -0.02251895 0.04800939 -0.00819224
v -0.02066812 0.04486974 -0.01209495
v -0.02252975 0.04476086 -0.00808317
v -0.02364431 0.04462658 -0.00373224
v -0.02252224 0.04156164 -0.00808367
v -0.02362649 0.04126183 -0.00370791
v -0.02390316 0.04090734 0.00077050
v -0.02360189 0.03795763 -0.00384516
v -0.02389083 0.03745666 0.00072200
v -0.02335116 0.04077697 0.00513214
v -0.02331735 0.03721740 0.00520088
v -0.02392611 0.03404943 0.00051052
v -0.02331088 0.03373596 0.00531491
v -0.02184670 0.03431115 0.00981241
v -0.02193405 0.03758654 0.00954431
v -0.02165573 0.03124035 0.01021580
v -0.01921578 0.03220861 0.01426026
v -0.01949441 0.03507043 0.01390351
v -0.01885562 0.02961779 0.01473791
v -0.01576553 0.03054650 0.01799803
v -0.01835189 0.02715832 0.01536439
v -0.01533315 0.02824767 0.01836888
v -0.01214211 0.03126867 0.02065339
v -0.01180197 0.02921594 0.02082010
v -0.01481295 0.02612560 0.01874082
v -0.01142074 0.02733654 0.02102001
v -0.00755691 0.02829943 0.02270905
v -0.00779959 0.03002990 0.02263375
v -0.00731002 0.02673400 0.02279964
v -0.00325778 0.02738830 0.02375027
v -0.00336617 0.02888097 0.02372251
v -0.00313662 0.02587902 0.02378269
v 0.00092014 0.02601476 0.02395576
v 0.00087211 0.02456506 0.02396088
v 0.00469468 0.02409875 0.02350800
v 0.00089133 0.02395226 0.02492662
v 0.00480692 0.02347814 0.02456591
v 0.00859965 0.02239318 0.02372410
v 0.00508188 0.02341857 0.02610900
v 0.00905369 0.02217931 0.02525660
v 0.01269529 0.02027013 0.02397119
v 0.00947159 0.02198498 0.02679109
v 0.01323136 0.01990881 0.02558157
v 0.01652903 0.01725939 0.02417685
v 0.01376725 0.01951428 0.02737140
v 0.01719004 0.01663488 0.02620764
v 0.01997788 0.01319738 0.02476409
v 0.01775797 0.01608068 0.02838801
v 0.02059122 0.01225988 0.02718936
v 0.01823484 0.01552746 0.03068643
v 0.02102939 0.01150695 0.02970375
v 0.01863614 0.01504992 0.03319046
v 0.02134366 0.01089465 0.03246224
v 0.02301548 0.00662560 0.02871826
v 0.02314139 0.00617443 0.03164658
v 0.02319297 0.00582433 0.03475324
v 0.02386338 0.00110021 0.03420803
v 0.02392051 0.00098498 0.03092572
v 0.02371073 -0.00327576 0.03425663
v 0.02365677 -0.00370057 0.03103062
v 0.02280692 -0.00726942 0.03474426
v 0.02263840 -0.00772498 0.03168851
v 0.02242417 -0.00831971 0.02873732
v 0.02213688 -0.00910389 0.02607211
v 0.02105588 -0.01141444 0.03229294
v 0.02075284 -0.01190028 0.02953547
v 0.02038578 -0.01251844 0.02702896
v 0.01995145 -0.01319959 0.02458959
v 0.01848997 -0.01520545 0.03036376
v 0.01809641 -0.01565613 0.02796296
v 0.01764158 -0.01611805 0.02579951
v 0.01712418 -0.01668543 0.02374681
v 0.01527799 -0.01843250 0.02888315
v 0.01486698 -0.01873914 0.02690730
v 0.01440330 -0.01909754 0.02501544
v 0.01130247 -0.02108533 0.02617458
v 0.01091013 -0.02130799 0.02457577
v 0.01166984 -0.02088758 0.02787125
v 0.00783530 -0.02260975 0.02709378
v 0.00759244 -0.02269031 0.02556691
v 0.00727634 -0.02280653 0.02396383
v 0.00402634 -0.02359949 0.02612705
v 0.00389139 -0.02362733 0.02461267
v 0.00035831 -0.02396815 0.02482285
v 0.00030668 -0.02396619 0.02629827
v -0.00322689 -0.02375281 0.02459751
v -0.00344863 -0.02370740 0.02605002
v -0.00666934 -0.02299549 0.02388528
v -0.00708389 -0.02285731 0.02538632
v -0.00988314 -0.02179285 0.02273171
v -0.00987857 -0.02293543 0.02182867
v -0.01046273 -0.02148475 0.02428215
v -0.01282980 -0.02022547 0.02118928
v -0.01287167 -0.02151356 0.02023307
v -0.01340438 -0.02324940 0.01985583
v -0.01553463 -0.01984510 0.01825734
v -0.01616134 -0.02172596 0.01765478
v -0.01851644 -0.02001404 0.01516365
v -0.01911782 -0.02211317 0.01437637
v -0.02039712 -0.01823621 0.01250157
v -0.02103939 -0.02051063 0.01137443
v -0.02156918 -0.02309656 0.01031503
v -0.02247604 -0.01900672 0.00819017
v -0.02298367 -0.02187879 0.00675341
v -0.02185928 -0.01648084 0.00970478
v -0.02294979 -0.01483631 0.00687637
v -0.02345577 -0.01763953 0.00488570
v -0.02360189 -0.01330848 0.00404020
v -0.02390164 -0.01620154 0.00188838
v -0.02392245 -0.01160926 0.00148265
v -0.02394729 -0.01421326 -0.00075730
v -0.02370205 -0.01649988 -0.00332956
v -0.02308035 -0.01839002 -0.00631273
v -0.02374423 -0.01185291 -0.00316112
v -0.02327694 -0.01393934 -0.00558840
v -0.02246353 -0.01591199 -0.00830639
v -0.02282119 -0.01165028 -0.00765397
v -0.02175259 -0.01374256 -0.01003774
v -0.02115768 -0.01794959 -0.01117753
v -0.02186471 -0.02022205 -0.00972759
v -0.02247177 -0.02276160 -0.00826394
v -0.02008102 -0.02199744 -0.01294802
v -0.02071377 -0.02432557 -0.01195927
v -0.02127468 -0.02678113 -0.01099942
v -0.01844540 -0.02574403 -0.01521896
v -0.01897274 -0.02796033 -0.01456927
v -0.01940451 -0.03029920 -0.01397511
v -0.01621737 -0.02892615 -0.01759277
v -0.01666604 -0.03112195 -0.01717416
v -0.01702914 -0.03344813 -0.01681834
v -0.01341000 -0.03176453 -0.01980534
v -0.01375015 -0.03385682 -0.01955889
v -0.01405813 -0.03638953 -0.01934790
v -0.01006478 -0.03430799 -0.02169707
v -0.01034909 -0.03664442 -0.02157802
v -0.00604519 -0.03464149 -0.02312149
v -0.00975826 -0.03229090 -0.02184496
v -0.00580197 -0.03270008 -0.02320696
v -0.00164767 -0.03291395 -0.02387741
v -0.00554843 -0.03091932 -0.02327389
v -0.00149838 -0.03117908 -0.02387847
v -0.00528781 -0.02928406 -0.02333305
v -0.00136367 -0.02957654 -0.02388183
v -0.00503707 -0.02787879 -0.02339337
v -0.00123336 -0.02816639 -0.02389777
v -0.00479757 -0.02649744 -0.02344205
v -0.00111465 -0.02680018 -0.02391181
v -0.00451895 -0.02505945 -0.02350130
v -0.00099270 -0.02539246 -0.02392250
v -0.00423611 -0.02378309 -0.02356277
v -0.00085330 -0.02395594 -0.02393390
v 0.00252482 -0.02385242 -0.02383248
v -0.00083828 -0.02393641 -0.02536706
v 0.00273331 -0.02381190 -0.02525158
v 0.00622098 -0.02313758 -0.02460572
v 0.00296995 -0.02377479 -0.02665540
v 0.00660312 -0.02301160 -0.02608297
v 0.01004392 -0.02170154 -0.02517475
v 0.00695896 -0.02289344 -0.02750799
v 0.01051291 -0.02147645 -0.02668201
v 0.01370151 -0.01955018 -0.02554812
v 0.01097538 -0.02124549 -0.02823341
v 0.01429191 -0.01912147 -0.02733994
v 0.01722812 -0.01658289 -0.02632795
v 0.01486936 -0.01873133 -0.02930449
v 0.01781681 -0.01600135 -0.02847827
v 0.01967045 -0.01362098 -0.02512610
v 0.02028025 -0.01271131 -0.02752575
v 0.02161313 -0.01029334 -0.02370520
v 0.01834171 -0.01539149 -0.03076944
v 0.02075205 -0.01194910 -0.02996262
v 0.01879264 -0.01483631 -0.03328679
v 0.02110666 -0.01131287 -0.03270740
v 0.02259012 -0.00792567 -0.02908185
v 0.02278367 -0.00734852 -0.03195124
v 0.02137766 -0.01074354 -0.03553061
v 0.02292344 -0.00685389 -0.03499578
v 0.02374357 -0.00300526 -0.03147502
v 0.02374485 -0.00279822 -0.03464312
v 0.02388737 0.00165197 -0.03180903
v 0.02384397 0.00203527 -0.02893287
v 0.02389304 0.00142297 -0.03481661
v 0.02312339 0.00621789 -0.03249724
v 0.02295182 0.00676379 -0.02978356
v 0.02153104 0.01050402 -0.03320464
v 0.02126078 0.01103820 -0.03060163
v 0.02272123 0.00754699 -0.02709990
v 0.02092856 0.01169543 -0.02811860
v 0.02235972 0.00858654 -0.02457625
v 0.02355131 0.00431457 -0.02334392
v 0.02047880 0.01244640 -0.02579641
v 0.02188804 0.00968859 -0.02211040
v 0.02320279 0.00593176 -0.02062758
v 0.02385135 0.00225549 -0.01897491
v 0.02274900 0.00745715 -0.01809770
v 0.02356601 0.00425353 -0.01636374
v 0.02392808 0.00135656 -0.01447310
v 0.02318436 0.00612902 -0.01391073
v 0.02371311 0.00345226 -0.01198095
v 0.02344571 0.00543762 -0.00965220
v 0.02278434 0.00787756 -0.01165493
v 0.02222635 0.00944640 -0.00950388
v 0.02319547 0.00737219 -0.00747488
v 0.02344394 0.00954211 -0.00539596
v 0.02380485 0.00738537 -0.00318689
v 0.02281278 0.01164269 -0.00772776
v 0.02326932 0.01396154 -0.00569936
v 0.02374070 0.01196105 -0.00324907
v 0.02394584 0.00973205 -0.00099627
v 0.02393082 0.00729650 0.00114328
v 0.02392344 0.01201965 0.00128790
v 0.02373252 0.00933361 0.00337591
v 0.02357773 0.00674426 0.00540401
v 0.02333933 0.01113146 0.00568225
v 0.02309623 0.00864367 0.00758623
v 0.02322788 0.00632824 0.00966907
v 0.02194785 0.01053527 0.00970278
v 0.02253141 0.00860803 0.01175092
v 0.02072062 0.01266174 0.01208982
v 0.02253611 0.01289953 0.00813169
v 0.02139329 0.01484191 0.01078408
v 0.01981266 0.01702111 0.01348102
v 0.02200315 0.01721008 0.00941663
v 0.02047403 0.01918810 0.01240634
v 0.01837412 0.02119299 0.01533786
v 0.02108744 0.02153478 0.01130454
v 0.01898215 0.02333117 0.01456621
v 0.01629471 0.02493176 0.01750682
v 0.01950785 0.02568859 0.01386075
v 0.01679984 0.02711681 0.01704373
v 0.01350309 0.02840832 0.01978224
v 0.01721750 0.02946545 0.01662124
v 0.01386912 0.03053674 0.01953884
v 0.00995987 0.03150549 0.02178752
v 0.01417771 0.03293176 0.01931738
v 0.01018137 0.03364758 0.02167380
v 0.00575492 0.03416271 0.02325076
v 0.00107407 0.03446203 0.02394968
v 0.01035569 0.03607140 0.02158469
v 0.00585538 0.03646154 0.02321969
v 0.00108219 0.03663635 0.02394243
v -0.00373226 0.03657287 0.02364681
v 0.00591178 0.03901867 0.02321437
v 0.00108860 0.03914513 0.02393683
v -0.00377951 0.03911584 0.02364900
v -0.00846127 0.03896252 0.02241487
v 0.00107157 0.04192150 0.02391262
v -0.00380612 0.04188830 0.02362333
v -0.00850131 0.04180529 0.02237929
v -0.01282107 0.04168469 0.02020559
v -0.00847750 0.04486974 0.02242478
v -0.01280349 0.04481506 0.02024832
v -0.01661923 0.04475744 0.01725775
v -0.01272152 0.04800939 0.02033428
v -0.01655001 0.04800939 0.01736266
v -0.01973318 0.04800939 0.01364228
v -0.01401998 0.04800939 0.01500704
v -0.01665353 0.04800939 0.01172259
v -0.01367806 0.04800939 0.01007123
v -0.01519430 0.04800939 0.00686141
v -0.01182400 0.04800939 0.00579594
v -0.01264761 0.04800939 0.00275158
v -0.00935519 0.04800939 0.00211798
v -0.00962728 0.04800939 -0.00072594
v -0.00627474 0.04800939 0.00155205
v -0.00648532 0.04800939 -0.00109606
v -0.00648147 0.04800939 -0.00368422
v -0.00335574 0.04800939 0.00102324
v -0.00862612 0.04800939 0.00488549
v -0.00568637 0.04800939 0.00409281
v -0.00752413 0.04800939 0.00754682
v -0.00478036 0.04800939 0.00665742
v -0.00616580 0.04800939 0.01009033
v -0.00362374 0.04800939 0.00917063
v -0.00222164 0.04800939 0.01170810
v -0.00084689 0.04800939 0.01447571
v -0.00301083 0.04800939 0.01760801
v 0.00017295 0.04800939 0.01751845
v -0.00321719 0.04800939 0.02051663
v 0.00071158 0.04800939 0.02061392
v 0.00465476 0.04800939 0.01988237
v 0.00102042 0.04800939 0.02396451
v 0.00578562 0.04800939 0.02327787
v 0.01033982 0.04800939 0.02164294
v 0.00586497 0.04488586 0.02322979
v 0.01044608 0.04481164 0.02155729
v 0.01443809 0.04800939 0.01915354
v 0.01455912 0.04470715 0.01903224
v 0.01795981 0.04800939 0.01589784
v 0.01805301 0.04458019 0.01575982
v 0.02075931 0.04800939 0.01201328
v 0.02080485 0.04444201 0.01189682
v 0.02270719 0.04800939 0.00771719
v 0.01861350 0.04800939 0.00653515
v 0.02271177 0.04426037 0.00765066
v 0.02376334 0.04800939 0.00320972
v 0.01940330 0.04800939 0.00277252
v 0.01952945 0.04800939 -0.00113935
v 0.02393522 0.04800939 -0.00138590
v 0.02318851 0.04800939 -0.00608202
v 0.01889945 0.04800939 -0.00505361
v 0.02142930 0.04800939 -0.01075100
v 0.01744828 0.04800939 -0.00897620
v 0.02148838 0.04441369 -0.01054411
v 0.01875797 0.04459289 -0.01487004
v 0.01862809 0.04800939 -0.01511406
v 0.01511881 0.04471056 -0.01858361
v 0.01486759 0.04800939 -0.01880613
v 0.01525809 0.04144689 -0.01840727
v 0.01099302 0.04170471 -0.02124621
v 0.01074448 0.04481799 -0.02138996
v 0.01112021 0.03875646 -0.02121026
v 0.00650724 0.03907531 -0.02301957
v 0.00630216 0.04188537 -0.02306318
v 0.00172684 0.03930578 -0.02384410
v 0.00147477 0.04202990 -0.02385598
v -0.00296047 0.03939318 -0.02374086
v -0.00322732 0.04209045 -0.02368582
v -0.00737283 0.03936486 -0.02274007
v -0.00762783 0.04210119 -0.02264582
v -0.01141690 0.03928088 -0.02102365
v -0.01162844 0.04207092 -0.02089775
v -0.01497085 0.03911584 -0.01867855
v -0.01513449 0.04199621 -0.01854238
v -0.01803994 0.03891711 -0.01572178
v -0.01815042 0.04187316 -0.01559099
v -0.02056722 0.03868615 -0.01222757
v -0.02065127 0.04174474 -0.01209197
v -0.02246395 0.03834777 -0.00821000
v -0.02233804 0.03533312 -0.00857013
v -0.02354788 0.03474621 -0.00420347
v -0.02344284 0.03167931 -0.00483690
v -0.02212118 0.03233947 -0.00913733
v -0.02323318 0.02862023 -0.00578051
v -0.02183065 0.02939806 -0.00983181
v -0.02288003 0.02559533 -0.00698503
v -0.02373940 0.02446594 -0.00290236
v -0.02141635 0.02668469 -0.01068427
v -0.02245364 0.02269592 -0.00827582
v -0.02345962 0.02131506 -0.00476870
v -0.02301779 0.01840637 -0.00648942
v -0.02368148 0.01682531 -0.00344887
v -0.02391128 0.01980383 -0.00124917
v -0.02394393 0.01513244 -0.00059474
v -0.02390274 0.01804748 0.00179672
v -0.02386477 0.01328576 0.00196701
v -0.02356991 0.01616467 0.00429048
v -0.02291903 0.01912658 0.00685831
v -0.02221377 0.01660070 0.00887493
v -0.02104952 0.01889318 0.01137670
v -0.02185964 0.02145519 0.00974821
v -0.02012417 0.02327697 0.01292057
v -0.02079983 0.02579357 0.01188695
v -0.01935165 0.02090002 0.01404616
v -0.01772250 0.02481457 0.01601294
v -0.01707260 0.02267150 0.01673326
v -0.01430789 0.02430822 0.01914801
v -0.01373599 0.02249621 0.01960906
v -0.01059939 0.02404211 0.02147418
v -0.01103317 0.02565539 0.02122417
v -0.01012484 0.02247326 0.02172045
v -0.00674044 0.02370568 0.02299386
v -0.00704312 0.02520666 0.02288497
v -0.00688088 0.02294640 0.02409963
v -0.00308206 0.02379748 0.02478112
v -0.00301327 0.02444201 0.02381549
v -0.00326205 0.02375939 0.02626815
v 0.00093070 0.02394787 0.02643029
v 0.00095572 0.02394543 0.02789350
v 0.00531534 0.02336047 0.02755461
v 0.00097867 0.02393762 0.02935908
v 0.00552622 0.02330480 0.02904570
v 0.00984434 0.02180334 0.02831752
v 0.00573197 0.02325744 0.03069812
v 0.01023282 0.02164074 0.03014211
v 0.01428013 0.01919396 0.02936045
v 0.01057261 0.02150353 0.03209919
v 0.01473179 0.01887951 0.03147634
v 0.01086558 0.02135265 0.03416220
v 0.01510038 0.01859387 0.03368247
v 0.01112797 0.02123596 0.03655147
v 0.01541153 0.01833263 0.03626148
v 0.01892655 0.01466711 0.03587353
v 0.01564548 0.01809240 0.03899817
v 0.01912668 0.01432678 0.03873989
v 0.02154502 0.01043664 0.03535472
v 0.02169010 0.01008556 0.03829095
v 0.01929404 0.01412853 0.04175062
v 0.02178879 0.00989465 0.04152259
v 0.02329178 0.00549865 0.04125087
v 0.02323649 0.00560070 0.03791309
v 0.02386930 0.00116857 0.04104327
v 0.02387436 0.00111047 0.03760226
v 0.02376975 -0.00282117 0.04107736
v 0.02374582 -0.00299061 0.03764913
v 0.02289756 -0.00694910 0.03797568
v 0.02296592 -0.00675379 0.04127915
v 0.02138236 -0.01076258 0.03831026
v 0.02124637 -0.01103699 0.03518411
v 0.01920402 -0.01429139 0.03858049
v 0.01904337 -0.01452528 0.03559078
v 0.01879880 -0.01483338 0.03288665
v 0.01620072 -0.01764246 0.03603282
v 0.01594810 -0.01787195 0.03346311
v 0.01564554 -0.01812684 0.03109813
v 0.01256821 -0.02038367 0.03392336
v 0.01230735 -0.02053651 0.03171686
v 0.01200315 -0.02070936 0.02974262
v 0.00852360 -0.02237244 0.03226893
v 0.00832010 -0.02243201 0.03038197
v 0.00431150 -0.02353846 0.03075897
v 0.00421750 -0.02355848 0.02911373
v 0.00412113 -0.02358289 0.02760903
v 0.00807554 -0.02251307 0.02861779
v 0.00018278 -0.02394129 0.02925315
v 0.00023734 -0.02395447 0.02778409
v -0.00366494 -0.02366248 0.02752940
v -0.00387185 -0.02361951 0.02901246
v -0.00744662 -0.02273865 0.02688177
v -0.00780313 -0.02261707 0.02839653
v -0.01097976 -0.02122840 0.02586540
v -0.01146060 -0.02096033 0.02745550
v -0.01417623 -0.01920838 0.02450997
v -0.01352017 -0.01972645 0.02280208
v -0.01480490 -0.01872205 0.02633026
v -0.01694253 -0.01685145 0.02292134
v -0.01620114 -0.01759022 0.02108057
v -0.01540151 -0.01836072 0.01932560
v -0.01845010 -0.01523475 0.01910427
v -0.01755233 -0.01629139 0.01727626
v -0.01780764 -0.01801063 0.01600897
v -0.01931253 -0.01417518 0.01502738
v -0.01967178 -0.01603846 0.01367867
v -0.02071395 -0.01205897 0.01270882
v -0.02118777 -0.01410047 0.01117173
v -0.02178091 -0.01003211 0.01034135
v -0.02236611 -0.01229139 0.00860865
v -0.02268954 -0.00825037 0.00780786
v -0.02318667 -0.01062244 0.00602940
v -0.02351809 -0.00646180 0.00549079
v -0.02372421 -0.00894422 0.00354762
v -0.02385836 -0.00460242 0.00313925
v -0.02393478 -0.00708533 0.00115540
v -0.02393862 -0.00956629 -0.00092851
v -0.02377798 -0.00738807 -0.00328035
v -0.02343978 -0.00957215 -0.00539981
v -0.02362264 -0.00527772 -0.00560885
v -0.02319302 -0.00748475 -0.00759174
v -0.02220053 -0.00961805 -0.00940259
v -0.02339059 -0.00560194 -0.00996382
v -0.02267770 -0.00797938 -0.01182210
v -0.02100332 -0.01187195 -0.01157911
v -0.02155935 -0.01037391 -0.01372848
v -0.01958303 -0.01415906 -0.01381994
v -0.02038845 -0.01594276 -0.01254422
v -0.02018429 -0.01290174 -0.01581312
v -0.01785977 -0.01636121 -0.01596249
v -0.01862301 -0.01805115 -0.01503769
v -0.01938577 -0.01996326 -0.01400094
v -0.01651498 -0.02002869 -0.01729739
v -0.01718399 -0.02176307 -0.01659451
v -0.01780471 -0.02361121 -0.01589462
v -0.01458285 -0.02337537 -0.01893595
v -0.01514224 -0.02501844 -0.01847746
v -0.01571414 -0.02692127 -0.01797414
v -0.01207803 -0.02622059 -0.02057650
v -0.01255319 -0.02789588 -0.02030755
v -0.01300173 -0.02974012 -0.02006573
v -0.00905062 -0.02869129 -0.02211654
v -0.00940420 -0.03039490 -0.02199435
v -0.00870181 -0.02721180 -0.02225949
v -0.01161019 -0.02471912 -0.02087930
v -0.00832546 -0.02577576 -0.02242496
v -0.01107418 -0.02322449 -0.02121845
v -0.00790017 -0.02433436 -0.02259861
v -0.01055831 -0.02187000 -0.02150597
v -0.00750027 -0.02301844 -0.02273991
v -0.01088491 -0.02134656 -0.02296424
v -0.00773251 -0.02265223 -0.02415877
v -0.00434762 -0.02354285 -0.02494441
v -0.00806039 -0.02252283 -0.02575907
v -0.00449288 -0.02350867 -0.02649313
v -0.00077340 -0.02393738 -0.02678199
v -0.00458627 -0.02348914 -0.02789598
v -0.00071139 -0.02393983 -0.02819141
v 0.00318339 -0.02373279 -0.02806231
v -0.00064651 -0.02393543 -0.02959476
v 0.00339518 -0.02368885 -0.02945614
v 0.00731516 -0.02276893 -0.02899380
v 0.00363102 -0.02365076 -0.03109757
v 0.00767307 -0.02266151 -0.03067371
v 0.01146238 -0.02101453 -0.03004519
v 0.00802353 -0.02255067 -0.03246970
v 0.01190470 -0.02076649 -0.03197806
v 0.01538456 -0.01832508 -0.03144142
v 0.01232078 -0.02050770 -0.03408858
v 0.01582071 -0.01793445 -0.03369931
v 0.01272562 -0.02028211 -0.03653457
v 0.01623404 -0.01758826 -0.03627148
v 0.01914823 -0.01436610 -0.03596309
v 0.01657773 -0.01724012 -0.03902022
v 0.01942252 -0.01391444 -0.03878117
v 0.02157126 -0.01029188 -0.03846395
v 0.01968223 -0.01359461 -0.04179724
v 0.02170719 -0.00996619 -0.04161183
v 0.02302860 -0.00647889 -0.03810674
v 0.02312217 -0.00626502 -0.04137583
v 0.02374997 -0.00262488 -0.03793396
v 0.02377549 -0.00255213 -0.04126391
v 0.02388773 0.00130676 -0.03805986
v 0.02388419 0.00124279 -0.04133328
v 0.02329062 0.00551330 -0.03841780
v 0.02322312 0.00581457 -0.03540399
v 0.02336564 0.00531115 -0.04155467
v 0.02194596 0.00954260 -0.04181733
v 0.02184440 0.00976721 -0.03882553
v 0.02171903 0.01008849 -0.03595325
v 0.01956101 0.01382287 -0.03912093
v 0.01937382 0.01409875 -0.03634217
v 0.01911472 0.01445666 -0.03377388
v 0.01620133 0.01766076 -0.03668949
v 0.01592197 0.01791515 -0.03423764
v 0.01877567 0.01486633 -0.03132370
v 0.01559336 0.01819592 -0.03198288
v 0.01837351 0.01535754 -0.02904588
v 0.01519053 0.01853185 -0.02984805
v 0.01790226 0.01586730 -0.02693612
v 0.01475504 0.01885998 -0.02797570
v 0.01738340 0.01642101 -0.02491702
v 0.01995469 0.01322375 -0.02360385
v 0.01426011 0.01923644 -0.02612966
v 0.01681601 0.01701721 -0.02310268
v 0.01935007 0.01404992 -0.02154230
v 0.02134611 0.01083312 -0.01982180
v 0.01871128 0.01492590 -0.01965330
v 0.02071934 0.01202306 -0.01772255
v 0.02217661 0.00896740 -0.01579051
v 0.02002653 0.01317931 -0.01575387
v 0.02155729 0.01041760 -0.01364713
v 0.02098466 0.01189465 -0.01163128
v 0.01951035 0.01446447 -0.01392334
v 0.02170853 0.01383508 -0.01015040
v 0.02028745 0.01627502 -0.01272909
v 0.02237949 0.01606262 -0.00849926
v 0.02101847 0.01833410 -0.01143599
v 0.02171207 0.02066320 -0.01007668
v 0.02300944 0.01856994 -0.00652051
v 0.02370719 0.01662512 -0.00338926
v 0.02394486 0.01455822 -0.00095584
v 0.02390574 0.01680383 0.00164666
v 0.02366892 0.01386877 0.00372271
v 0.02351139 0.01829308 0.00450709
v 0.02307389 0.01548742 0.00639998
v 0.02256528 0.01981799 0.00798015
v 0.02304282 0.02262560 0.00657653
v 0.02160459 0.02410803 0.01033100
v 0.02200431 0.02692150 0.00942295
v 0.01996354 0.02827599 0.01321976
v 0.02230875 0.03000158 0.00867966
v 0.02032511 0.03106457 0.01270019
v 0.01757334 0.03206115 0.01628040
v 0.02057712 0.03413244 0.01228733
v 0.01784928 0.03487951 0.01599939
v 0.01440976 0.03552209 0.01914846
v 0.01800400 0.03794201 0.01580475
v 0.01455552 0.03838537 0.01904160
v 0.01047318 0.03876037 0.02154507
v 0.01460087 0.04147961 0.01898727
v 0.01049161 0.04170471 0.02152352
v 0.00590909 0.04182971 0.02318992
v 0.00105070 0.04492492 0.02393344
v -0.00379281 0.04491369 0.02365858
v -0.00375320 0.04800939 0.02369052
v -0.00839584 0.04800939 0.02246833
v -0.00715133 0.04800939 0.01951419
v -0.01080111 0.04800939 0.01764428
v -0.00899117 0.04800939 0.01534165
v 0.01807389 0.04120226 0.01571728
v 0.02079972 0.04089611 0.01187567
v 0.02072703 0.03745568 0.01199597
v 0.02269285 0.04053869 0.00764308
v 0.02262241 0.03687072 0.00779933
v 0.02370127 0.04021056 0.00321563
v 0.02374253 0.04410705 0.00319647
v 0.02366593 0.03631408 0.00337346
v 0.02390195 0.03616613 -0.00117703
v 0.02388712 0.04014172 -0.00124802
v 0.02389432 0.04407775 -0.00130602
v 0.02322678 0.04040783 -0.00584327
v 0.02322184 0.04419055 -0.00592818
v 0.02319968 0.03659826 -0.00588093
v 0.02148643 0.03731408 -0.01048282
v 0.02149009 0.04084094 -0.01040680
v 0.01881797 0.03794543 -0.01473375
v 0.01883109 0.04118078 -0.01471309
v 0.01870841 0.03483752 -0.01493409
v 0.01524418 0.03549572 -0.01845185
v 0.01529575 0.03839758 -0.01838978
v 0.01505723 0.03279064 -0.01860533
v 0.01106156 0.03360412 -0.02124064
v 0.01114042 0.03601037 -0.02120577
v 0.00663248 0.03421496 -0.02296617
v 0.00660813 0.03649377 -0.02296957
v 0.00204081 0.03463244 -0.02382002
v 0.00191379 0.03683849 -0.02383055
v -0.00250918 0.03475597 -0.02379478
v -0.00271621 0.03692834 -0.02376812
v -0.00684152 0.03460656 -0.02289608
v -0.00710592 0.03686193 -0.02281868
v -0.01084890 0.03426818 -0.02132846
v -0.01115017 0.03667834 -0.02117886
v -0.01443588 0.03390441 -0.01909996
v -0.01473037 0.03639904 -0.01886626
v -0.01754208 0.03345226 -0.01629158
v -0.01784585 0.03605578 -0.01596380
v -0.02015902 0.03291515 -0.01292288
v -0.02041195 0.03573400 -0.01250857
v -0.01979641 0.03020080 -0.01345814
v -0.01716317 0.03100207 -0.01666959
v -0.01933029 0.02774572 -0.01411132
v -0.01672238 0.02866760 -0.01709448
v -0.01879562 0.02543469 -0.01478417
v -0.02091647 0.02408849 -0.01165744
v -0.01621304 0.02660314 -0.01756164
v -0.01818893 0.02326232 -0.01549415
v -0.02030319 0.02169689 -0.01262077
v -0.01962472 0.01958068 -0.01367370
v -0.02127285 0.01769299 -0.01095701
v -0.02189529 0.02002599 -0.00961422
v -0.02059573 0.01557580 -0.01220968
v -0.02187704 0.01352551 -0.00971057
v -0.02248147 0.01587121 -0.00816934
v -0.02295242 0.01166808 -0.00722776
v -0.02334567 0.01409826 -0.00538402
v -0.02353536 0.00982043 -0.00474520
v -0.02378951 0.01237219 -0.00272414
v -0.02385507 0.00798498 -0.00230887
v -0.02392086 0.01057678 -0.00022585
v -0.02383785 0.00867394 0.00209500
v -0.02358004 0.01132922 0.00423674
v -0.02322244 0.00925500 0.00637128
v -0.02243368 0.01183166 0.00838760
v -0.02305032 0.01402306 0.00649114
v -0.02192855 0.00973840 0.01018701
v -0.02078878 0.01224767 0.01196877
v -0.02151101 0.01434924 0.01052398
v -0.01944711 0.01455041 0.01402575
v -0.02025918 0.01661584 0.01278507
v -0.01775625 0.01678430 0.01609812
v -0.01857290 0.01875012 0.01511283
v -0.01569491 0.01888342 0.01811455
v -0.01641470 0.02071594 0.01740876
v -0.01609426 0.01772180 0.01967382
v -0.01343978 0.01985998 0.02140911
v -0.01317214 0.02084777 0.02005085
v -0.01410427 0.01935217 0.02309548
v -0.01089749 0.02133117 0.02454145
v -0.01032247 0.02162560 0.02291912
v -0.01140444 0.02104846 0.02611436
v -0.00760049 0.02270471 0.02715583
v -0.00727035 0.02281506 0.02565719
v -0.00792306 0.02258801 0.02865924
v -0.00358425 0.02368957 0.02923009
v -0.00342922 0.02372375 0.02775049
v -0.00375387 0.02366174 0.03089455
v 0.00099460 0.02393762 0.03094179
v 0.00100980 0.02394201 0.03273437
v 0.00592631 0.02320959 0.03254514
v 0.00101444 0.02392394 0.03471891
v 0.00608744 0.02313830 0.03454781
v 0.00100406 0.02392248 0.03688584
v 0.00622037 0.02311242 0.03677017
v 0.00098374 0.02393664 0.03940077
v 0.00633982 0.02309045 0.03933008
v 0.01133512 0.02112658 0.03917694
v 0.00641410 0.02304992 0.04205670
v 0.01148661 0.02103039 0.04197549
v 0.01581809 0.01793957 0.04187989
v 0.01158140 0.02099963 0.04496112
v 0.01595237 0.01788683 0.04492491
v 0.01941581 0.01403039 0.04487384
v 0.01600730 0.01785705 0.04801445
v 0.01948118 0.01398742 0.04801445
v 0.02186838 0.00977160 0.04476004
v 0.02192594 0.00972472 0.04801445
v 0.02334214 0.00540637 0.04462670
v 0.02337150 0.00537560 0.04801445
v 0.02394291 0.00125158 0.04801445
v 0.02391355 0.00120861 0.04453248
v 0.02383768 -0.00268494 0.04801445
v 0.02380778 -0.00272938 0.04454201
v 0.02305570 -0.00661707 0.04801445
v 0.02301908 -0.00665516 0.04463563
v 0.02156376 -0.01047156 0.04801445
v 0.02153153 -0.01049695 0.04473217
v 0.02146958 -0.01058875 0.04149200
v 0.01936954 -0.01409070 0.04481516
v 0.01930668 -0.01414979 0.04164920
v 0.01648289 -0.01735633 0.04180519
v 0.01637400 -0.01747303 0.03883163
v 0.01300223 -0.02009803 0.04196503
v 0.01291276 -0.02016395 0.03907501
v 0.01276725 -0.02025526 0.03638977
v 0.00890024 -0.02221766 0.03925399
v 0.00880625 -0.02224695 0.03664867
v 0.00868314 -0.02229285 0.03430184
v 0.00443564 -0.02352186 0.03457287
v 0.00438712 -0.02353602 0.03257798
v 0.00446305 -0.02351649 0.03678371
v -0.00002493 -0.02394959 0.03465267
v 0.00005478 -0.02395496 0.03267285
v 0.00012760 -0.02394520 0.03088503
v -0.00430013 -0.02355067 0.03245632
v -0.00408901 -0.02357508 0.03064115
v -0.00817208 -0.02248572 0.03011988
v -0.00851455 -0.02237879 0.03200239
v -0.01197946 -0.02067664 0.02934263
v -0.01243923 -0.02044520 0.03138486
v -0.01540328 -0.01828748 0.02841716
v -0.01595431 -0.01780897 0.03062062
v -0.01840402 -0.01528602 0.02723921
v -0.01768588 -0.01603309 0.02501416
v -0.01899093 -0.01453162 0.02964962
v -0.02087539 -0.01173426 0.02576375
v -0.02012802 -0.01289832 0.02339317
v -0.01928634 -0.01409901 0.02112329
v -0.02194528 -0.00955897 0.02146178
v -0.02107400 -0.01132703 0.01906249
v -0.02021054 -0.01283045 0.01694776
v -0.02229074 -0.00876502 0.01683540
v -0.02151516 -0.01050184 0.01469326
v -0.02309231 -0.00629578 0.01445214
v -0.02248281 -0.00832166 0.01229225
v -0.02359963 -0.00395838 0.01191819
v -0.02315512 -0.00616444 0.00982992
v -0.02387063 -0.00179237 0.00947705
v -0.02368051 -0.00414686 0.00747047
v -0.02388467 -0.00216883 0.00511193
v -0.02395040 0.00027599 0.00706360
v -0.02396047 -0.00021326 0.00275191
v -0.02396194 -0.00266199 0.00077653
v -0.02393222 -0.00507654 -0.00122020
v -0.02395516 -0.00068494 -0.00160881
v -0.02384841 -0.00302381 -0.00360941
v -0.02393551 0.00128527 -0.00401382
v -0.02392690 -0.00101600 -0.00608806
v -0.02376870 -0.00328162 -0.00807496
v -0.02391104 0.00102844 -0.00860153
v -0.02391494 -0.00126990 -0.01074702
v -0.02366842 -0.00366981 -0.01260141
v -0.02311416 -0.00625477 -0.01434271
v -0.02392929 0.00092248 -0.01340101
v -0.02389742 -0.00158729 -0.01551429
v -0.02352859 -0.00437195 -0.01714794
v -0.02317446 -0.00601258 -0.02159287
v -0.02272012 -0.00750233 -0.01867044
v -0.02216348 -0.00895301 -0.01609153
v -0.02143875 -0.01061317 -0.02026981
v -0.02085165 -0.01175965 -0.01795275
v -0.01906021 -0.01443641 -0.01987182
v -0.01838064 -0.01534266 -0.01783477
v -0.01969094 -0.01355555 -0.02194804
v -0.01691232 -0.01690320 -0.02157271
v -0.01625491 -0.01755262 -0.01967290
v -0.01577920 -0.01844080 -0.01801909
v -0.01376504 -0.01959266 -0.02145043
v -0.01336886 -0.02030506 -0.01988921
v -0.01398397 -0.02177869 -0.01940864
v -0.01432144 -0.01917029 -0.02316241
v -0.01134860 -0.02107020 -0.02459000
v -0.01481362 -0.01877381 -0.02487017
v -0.01174929 -0.02084412 -0.02617389
v -0.00830520 -0.02243104 -0.02720676
v -0.01212564 -0.02062488 -0.02784559
v -0.00854470 -0.02233631 -0.02873112
v -0.00468142 -0.02346375 -0.02934794
v -0.00879391 -0.02224549 -0.03050706
v -0.00477670 -0.02344764 -0.03101904
v -0.00056771 -0.02394031 -0.03124235
v -0.00482894 -0.02343983 -0.03278065
v -0.00048251 -0.02395252 -0.03295515
v 0.00385825 -0.02362244 -0.03283608
v -0.00038284 -0.02394471 -0.03490004
v 0.00408787 -0.02355799 -0.03480436
v 0.00837668 -0.02242371 -0.03449441
v 0.00434141 -0.02351209 -0.03698126
v 0.00872324 -0.02228113 -0.03677081
v 0.00460062 -0.02347352 -0.03944176
v 0.00904703 -0.02215662 -0.03932208
v 0.01308921 -0.02004285 -0.03919968
v 0.00934519 -0.02201063 -0.04205784
v 0.01339902 -0.01981873 -0.04198133
v 0.01687162 -0.01695203 -0.04190912
v 0.01367685 -0.01965613 -0.04495543
v 0.01711558 -0.01674207 -0.04492567
v 0.01987845 -0.01335487 -0.04487694
v 0.01733829 -0.01655994 -0.04798555
v 0.02006247 -0.01315174 -0.04798555
v 0.02185673 -0.00976014 -0.04478398
v 0.02198075 -0.00959022 -0.04798555
v 0.02317985 -0.00610535 -0.04466124
v 0.02320933 -0.00600379 -0.04798555
v 0.02382090 -0.00253504 -0.04461343
v 0.02385764 -0.00255067 -0.04798555
v 0.02395298 0.00104748 -0.04798555
v 0.02390220 0.00114806 -0.04465346
v 0.02345969 0.00502306 -0.04798555
v 0.02342820 0.00513928 -0.04476889
v 0.02214469 0.00926183 -0.04798555
v 0.02204349 0.00938342 -0.04487505
v 0.01991733 0.01340002 -0.04798555
v 0.01982584 0.01347961 -0.04498531
v 0.01970322 0.01361486 -0.04201066
v 0.01669132 0.01720226 -0.04504564
v 0.01657993 0.01728283 -0.04214704
v 0.01642081 0.01744347 -0.03933116
v 0.01265330 0.02032580 -0.04224271
v 0.01251420 0.02042736 -0.03951024
v 0.01232029 0.02055431 -0.03698287
v 0.00799296 0.02255920 -0.03961055
v 0.00785624 0.02261096 -0.03715339
v 0.01205851 0.02069787 -0.03460842
v 0.00767655 0.02266857 -0.03491463
v 0.01176926 0.02085851 -0.03254163
v 0.00747031 0.02274426 -0.03295636
v 0.01142740 0.02105334 -0.03060124
v 0.00723032 0.02282287 -0.03116084
v 0.01106235 0.02123596 -0.02886306
v 0.00697342 0.02290588 -0.02948510
v 0.01066245 0.02144006 -0.02723019
v 0.00669822 0.02299328 -0.02800523
v 0.01025211 0.02163928 -0.02574735
v 0.01375846 0.01960314 -0.02451730
v 0.00641349 0.02308849 -0.02658770
v 0.00982334 0.02183898 -0.02428991
v 0.01321952 0.01998742 -0.02296003
v 0.01621824 0.01760021 -0.02139568
v 0.01261564 0.02038537 -0.02140625
v 0.01554276 0.01825158 -0.01965965
v 0.01800590 0.01579406 -0.01779466
v 0.01535367 0.01929015 -0.01840905
v 0.01767429 0.01695617 -0.01616646
v 0.01840665 0.01871056 -0.01529808
v 0.01598588 0.02095861 -0.01780194
v 0.01908787 0.02064318 -0.01437455
v 0.01659781 0.02275305 -0.01720228
v 0.01974418 0.02276818 -0.01348787
v 0.01715391 0.02463781 -0.01661284
v 0.02033927 0.02524181 -0.01262861
v 0.01769120 0.02691174 -0.01608228
v 0.02083713 0.02787609 -0.01181205
v 0.02230558 0.02333703 -0.00866210
v 0.01814628 0.02931847 -0.01561203
v 0.02116593 0.03081799 -0.01118883
v 0.02302378 0.02952990 -0.00647458
v 0.01848234 0.03185754 -0.01522372
v 0.02137308 0.03394006 -0.01076967
v 0.02314725 0.03296838 -0.00609814
v 0.02392325 0.03235363 -0.00109636
v 0.02365207 0.03252306 0.00367313
v 0.02252353 0.03331262 0.00815502
v 0.01442197 0.02827306 -0.01903639
v 0.01478971 0.03045959 -0.01881058
v 0.01065061 0.02942492 -0.02142050
v 0.01088791 0.03138732 -0.02131907
v 0.00649759 0.03034435 -0.02301821
v 0.00659507 0.03215392 -0.02299455
v 0.00215690 0.03092297 -0.02381211
v 0.00212516 0.03267834 -0.02381905
v -0.00215890 0.03103430 -0.02382980
v -0.00232669 0.03277160 -0.02382685
v -0.00630612 0.03079162 -0.02307182
v -0.00657553 0.03260803 -0.02299628
v -0.01016824 0.03029992 -0.02165586
v -0.01052194 0.03222814 -0.02149809
v -0.01364199 0.02955773 -0.01966072
v -0.01406503 0.03163537 -0.01935734
v -0.01319528 0.02764123 -0.01995599
v -0.00977877 0.02852990 -0.02182660
v -0.01271762 0.02590539 -0.02026420
v -0.01565481 0.02465295 -0.01806435
v -0.00940274 0.02699719 -0.02199285
v -0.01222219 0.02430431 -0.02057455
v -0.01509493 0.02288537 -0.01854291
v -0.01444680 0.02114660 -0.01906087
v -0.01685543 0.01938879 -0.01700277
v -0.01756002 0.02132482 -0.01622013
v -0.01388442 0.01953820 -0.01980730
v -0.01622543 0.01764269 -0.01791739
v -0.01817886 0.01580871 -0.01561683
v -0.01889944 0.01762267 -0.01470002
v -0.01892312 0.01469543 -0.01747438
v -0.01988027 0.01371691 -0.01341498
v -0.02058023 0.01224279 -0.01536406
v -0.02122384 0.01148791 -0.01113225
v -0.02186776 0.00981701 -0.01316901
v -0.02258187 0.00943566 -0.00897142
v -0.02290707 0.00753820 -0.01103325
v -0.02350491 0.00534191 -0.00879402
v -0.02337319 0.00748937 -0.00670271
v -0.02379757 0.00327648 -0.00642855
v -0.02373452 0.00556457 -0.00432644
v -0.02391409 0.00365246 -0.00196069
v -0.02396762 0.00173010 0.00039620
v -0.02387667 0.00419445 0.00237043
v -0.02390603 0.00224816 0.00469803
v -0.02361190 0.00473937 0.00656902
v -0.02366909 0.00669933 0.00434081
v -0.02392446 0.00612219 0.00004412
v -0.02379867 0.00276623 0.00891389
v -0.02335580 0.00534338 0.01063755
v -0.02289572 0.00720031 0.00837004
v -0.02373599 0.00327404 0.01315807
v -0.02316580 0.00604797 0.01473606
v -0.02259176 0.00797521 0.01232783
v -0.02219937 0.00895422 0.01634956
v -0.02148391 0.01056457 0.01406062
v -0.02084231 0.01173693 0.01803680
v -0.02005722 0.01309972 0.01591547
v -0.01908792 0.01441613 0.01980100
v -0.01825649 0.01550256 0.01779412
v -0.01983706 0.01336535 0.02184159
v -0.01754824 0.01624963 0.02339591
v -0.01686471 0.01696935 0.02150790
v -0.01821408 0.01550597 0.02546209
v -0.01533908 0.01836877 0.02669396
v -0.01472360 0.01886047 0.02480468
v -0.01587539 0.01792687 0.02870319
v -0.01234915 0.02052062 0.02965255
v -0.01188833 0.02078625 0.02777512
v -0.01279666 0.02025158 0.03165492
v -0.00860031 0.02236291 0.03229817
v -0.00827139 0.02246887 0.03041914
v -0.00891268 0.02222375 0.03433995
v -0.00408669 0.02359582 0.03465114
v -0.00391561 0.02364025 0.03266014
v -0.00424935 0.02356847 0.03684070
v -0.00921878 0.02210949 0.03666748
v -0.00440805 0.02354650 0.03937321
v -0.00948709 0.02198937 0.03925848
v -0.00456033 0.02350842 0.04212331
v 0.00095084 0.02390197 0.04210758
v 0.00090781 0.02394201 0.04502400
v 0.00645518 0.02307433 0.04499883
v 0.00646268 0.02310314 0.04801445
v 0.01162369 0.02099181 0.04801445
v 0.00534366 0.01901379 0.04801445
v 0.00974247 0.01727990 0.04801443
v 0.01345463 0.01449230 0.04801445
v 0.00803544 0.01354357 0.04801445
v 0.01127524 0.01129308 0.04801445
v 0.01666025 0.01135949 0.04801445
v 0.01392612 0.00861291 0.04801445
v 0.01881363 0.00786877 0.04801445
v 0.01594205 0.00571301 0.04801445
v 0.01150809 0.00560021 0.04801445
v 0.01356730 0.00310510 0.04801445
v 0.00957877 0.00276428 0.04801445
v 0.01171030 0.00053967 0.04801445
v 0.01399698 -0.00170643 0.04801445
v 0.01665165 -0.00378260 0.04801445
v 0.01006382 -0.00190028 0.04801445
v 0.01249796 -0.00420643 0.04801445
v 0.01523319 -0.00653944 0.04801445
v 0.01825748 -0.00861561 0.04801445
v 0.01968900 -0.00537195 0.04801445
v 0.01080106 -0.00653065 0.04801445
v 0.01344663 -0.00912098 0.04801445
v 0.01630192 -0.01163319 0.04801445
v 0.01939036 -0.01409119 0.04801445
v 0.01134098 -0.01144227 0.04801445
v 0.01384012 -0.01434559 0.04801445
v 0.01655192 -0.01734412 0.04801445
v 0.01654203 -0.01732166 0.04489237
v 0.01090281 -0.01669764 0.04801445
v 0.01306809 -0.02010731 0.04801445
v 0.01305173 -0.02008192 0.04495948
v 0.00897275 -0.02219910 0.04500008
v 0.00895225 -0.02219178 0.04206389
v 0.00445884 -0.02350819 0.04209638
v 0.00447117 -0.02351990 0.03933036
v -0.00019564 -0.02395252 0.03932341
v -0.00010897 -0.02394666 0.03679581
v -0.00028054 -0.02392713 0.04206678
v -0.00487393 -0.02342274 0.03921693
v -0.00469540 -0.02345740 0.03666533
v -0.00450350 -0.02350428 0.03445675
v -0.00911440 -0.02213856 0.03640177
v -0.00882382 -0.02224695 0.03407124
v -0.01283242 -0.02018934 0.03353755
v -0.01319735 -0.01997547 0.03606890
v -0.01639633 -0.01740906 0.03294596
v -0.01677615 -0.01706336 0.03565937
v -0.01942263 -0.01395301 0.03225367
v -0.01975045 -0.01350916 0.03505176
v -0.02202236 -0.00940028 0.03436665
v -0.02185592 -0.00980506 0.03127066
v -0.02209353 -0.00915028 0.03768029
v -0.02340414 -0.00484217 0.03731401
v -0.02342874 -0.00484217 0.03375037
v -0.02389663 -0.00063123 0.03736582
v -0.02391659 -0.00021912 0.03393470
v -0.02359255 0.00387267 0.03772357
v -0.02352151 0.00440685 0.03456349
v -0.02338479 0.00519689 0.03141442
v -0.02224813 0.00881310 0.03504174
v -0.02196041 0.00951525 0.03208176
v -0.02310909 0.00622033 0.02846574
v -0.02157095 0.01038586 0.02924224
v -0.02271896 0.00752355 0.02564462
v -0.02372457 0.00340490 0.02461913
v -0.02109487 0.01132922 0.02663912
v -0.02220516 0.00892150 0.02286120
v -0.02334683 0.00534582 0.02158254
v -0.02391537 0.00174963 0.02026256
v -0.02284823 0.00715295 0.01883757
v -0.02361544 0.00394250 0.01740969
v -0.02393875 0.00104162 0.01581001
v -0.02390866 -0.00143885 0.01852237
v -0.02359017 -0.00399598 0.01657927
v -0.02389627 -0.00159901 0.01393389
v -0.02394833 0.00064318 0.01140774
v -0.02300210 -0.00665467 0.01926400
v -0.02157022 0.01033166 0.02026823
v -0.02052639 0.01227746 0.02414471
v -0.01933633 0.01409875 0.03008981
v -0.01880722 0.01478283 0.02766123
v -0.01981222 0.01346203 0.03272312
v -0.01687576 0.01700744 0.03332724
v -0.01640328 0.01745910 0.03092475
v -0.01728848 0.01658556 0.03588729
v -0.01361892 0.01971301 0.03632725
v -0.01322061 0.01997619 0.03386399
v -0.01395968 0.01946252 0.03904486
v -0.01763601 0.01619592 0.03876908
v -0.01426486 0.01923449 0.04193688
v -0.00974142 0.02187219 0.04205913
v -0.01793514 0.01585949 0.04176390
v -0.01451534 0.01905773 0.04494563
v -0.00996108 0.02178430 0.04500363
v -0.01015408 0.02172277 0.04801445
v -0.00482107 0.02351281 0.04801445
v -0.00469491 0.02349328 0.04502833
v -0.00422756 0.01934875 0.04801445
v 0.00054264 0.01965881 0.04801445
v 0.00085081 0.02396740 0.04801445
v 0.00028806 0.01566369 0.04801444
v 0.00427640 0.01503527 0.04801445
v 0.00317924 0.01094689 0.04801445
v 0.00631992 0.00978332 0.04801445
v 0.00473722 0.00623351 0.04801445
v 0.00912845 0.00787463 0.04801445
v 0.00725864 0.00476379 0.04801445
v 0.00324344 0.00277990 0.04801445
v 0.00554557 0.00172082 0.04801445
v 0.00782468 0.00012414 0.04801445
v 0.00395743 -0.00104920 0.04801445
v 0.00610715 -0.00229041 0.04801445
v 0.00835557 -0.00414002 0.04801445
v 0.00664847 -0.00595838 0.04801445
v 0.00893863 -0.00856385 0.04801445
v 0.00889701 -0.01343885 0.04801445
v 0.00609440 -0.01507264 0.04801445
v 0.00755143 -0.01872254 0.04801445
v 0.00897434 -0.02224012 0.04801445
v 0.00300113 -0.01606678 0.04801445
v 0.00370847 -0.01984315 0.04801445
v 0.00437766 -0.02357508 0.04801445
v 0.00442350 -0.02352283 0.04501329
v -0.00044668 -0.02396863 0.04801445
v -0.00036508 -0.02394129 0.04499765
v -0.00515389 -0.02337147 0.04495494
v -0.00502706 -0.02336072 0.04197795
v -0.00525173 -0.02338563 0.04801445
v -0.00971298 -0.02189832 0.04489671
v -0.00957192 -0.02193397 0.04185359
v -0.00936599 -0.02202918 0.03903440
v -0.01368966 -0.01961903 0.04171661
v -0.01347805 -0.01978211 0.03880210
v -0.01705178 -0.01675574 0.03853578
v -0.01722714 -0.01656190 0.04157886
v -0.01995443 -0.01314783 0.03814844
v -0.02008676 -0.01295643 0.04138720
v -0.01734860 -0.01649207 0.04477212
v -0.02016805 -0.01289051 0.04467965
v -0.02218734 -0.00899012 0.04453929
v -0.02215353 -0.00901258 0.04108782
v -0.02340566 -0.00508778 0.04445394
v -0.02341012 -0.00491932 0.04088691
v -0.02391073 -0.00109559 0.04446588
v -0.02387631 -0.00085145 0.04089480
v -0.02375289 0.00305529 0.04453865
v -0.02367672 0.00343127 0.04108489
v -0.02278726 0.00739953 0.04465405
v -0.02263424 0.00777648 0.04137084
v -0.02245864 0.00825744 0.03813739
v -0.02072341 0.01198254 0.04157670
v -0.02047714 0.01241174 0.03849246
v -0.02018563 0.01290490 0.03544895
v -0.02094473 0.01164025 0.04477770
v -0.01819436 0.01558947 0.04486547
v -0.02115200 0.01133996 0.04801445
v -0.01842336 0.01537267 0.04801445
v -0.01571176 0.01226672 0.04801445
v -0.01256655 0.01530969 0.04801445
v -0.01473782 0.01892004 0.04801445
v -0.01068807 0.01171594 0.04801445
v -0.00749172 0.01395861 0.04801445
v -0.00871932 0.01792346 0.04801445
v -0.00646713 0.01000842 0.04801445
v -0.00327731 0.01103332 0.04801445
v -0.00371615 0.01522717 0.04801445
v -0.00293771 0.00699670 0.04801445
v -0.00052261 0.00721838 0.04801445
v -0.00004019 0.01135949 0.04801445
v -0.00128372 0.00321496 0.04801445
v 0.00094425 0.00323107 0.04801445
v 0.00213456 0.00703478 0.04801445
v -0.00029232 -0.00001356 0.04801445
v 0.00182273 -0.00033631 0.04801445
v 0.00055729 -0.00303992 0.04801445
v 0.00258048 -0.00337244 0.04801445
v 0.00136637 -0.00581824 0.04801445
v 0.00454899 -0.00412000 0.04801445
v -0.00063418 -0.00561317 0.04801445
v 0.00037565 -0.00894959 0.04801445
v -0.00014987 -0.01257606 0.04801445
v -0.00179110 -0.00885487 0.04801445
v -0.00277419 -0.01227674 0.04801445
v -0.00367721 -0.01593201 0.04801445
v -0.00031674 -0.01625916 0.04801444
v -0.00408859 -0.00830653 0.04801445
v -0.00543539 -0.01139686 0.04801445
v -0.00693899 -0.01491151 0.04801445
v -0.00835861 -0.01823133 0.04801445
v -0.00995211 -0.01312733 0.04801445
v -0.01190011 -0.01630164 0.04801445
v -0.01391610 -0.01951063 0.04801445
v -0.01495028 -0.01366346 0.04801445
v -0.01741781 -0.01646375 0.04801445
v -0.02022030 -0.01287586 0.04801445
v -0.01742037 -0.01081678 0.04801445
v -0.02222000 -0.00903309 0.04801445
v -0.01924545 -0.00756092 0.04801445
v -0.02339456 -0.00523279 0.04801445
v -0.02392910 -0.00135389 0.04801445
v -0.02069631 0.00185314 0.04801445
v -0.02382473 0.00273791 0.04801445
v -0.01973678 0.00536340 0.04801445
v -0.02293160 0.00706359 0.04801445
v -0.01694418 0.00342541 0.04801445
v -0.01537704 0.00636144 0.04801445
v -0.01807870 0.00890392 0.04801445
v -0.01294619 0.00356310 0.04801445
v -0.01120022 0.00586340 0.04801445
v -0.01332809 0.00914416 0.04801445
v -0.00924276 0.00269982 0.04801445
v -0.00903463 0.00805529 0.04801445
v -0.01081338 0.00085510 0.04801445
v -0.00727609 0.00004601 0.04801445
v -0.00879965 -0.00151893 0.04801445
v -0.00678170 -0.00330213 0.04801445
v -0.00539071 -0.00152088 0.04801445
v -0.00473989 -0.00442420 0.04801445
v -0.00350436 -0.00230750 0.04801445
v -0.00267379 -0.00518836 0.04801445
v -0.00149752 -0.00273035 0.04801445
v -0.00234182 0.00007287 0.04801445
v -0.00640389 -0.00720936 0.04801445
v -0.00807955 -0.01006629 0.04801445
v -0.00856027 -0.00565711 0.04801445
v -0.01048409 -0.00815125 0.04801445
v -0.01260031 -0.01090125 0.04801445
v -0.01251376 -0.00600526 0.04801445
v -0.01482900 -0.00850477 0.04801445
v -0.01657394 -0.00587928 0.04801445
v -0.01432174 -0.00365711 0.04801445
v -0.01058370 -0.00364246 0.04801445
v -0.01248385 -0.00135535 0.04801445
v -0.01447347 0.00110363 0.04801445
v -0.01383566 -0.01955555 0.04483435
v -0.00979885 -0.02187147 0.04801445
v -0.00445413 -0.01960731 0.04801445
v -0.00036764 -0.02008533 0.04801445
v -0.02373788 0.00318469 -0.01105650
v -0.02332162 0.00551818 -0.01332816
v -0.02370065 0.00335412 -0.01584704
v -0.02311166 0.00619543 -0.01790231
v -0.02196926 0.00944738 -0.01983071
v -0.02253280 0.00805871 -0.02242711
v -0.02251919 0.00816076 -0.01541288
v -0.02130184 0.01090685 -0.01749132
v -0.01964535 0.01366613 -0.01949662
v -0.02030001 0.01262512 -0.02161827
v -0.01816250 0.01552844 -0.02324953
v -0.01875009 0.01486340 -0.02543490
v -0.02089681 0.01169592 -0.02403247
v -0.01756417 0.01622180 -0.02134692
v -0.01507803 0.01857092 -0.02298036
v -0.01558358 0.01810217 -0.02468206
v -0.01689602 0.01698058 -0.01949480
v -0.01449490 0.01904015 -0.02132150
v -0.01171292 0.02088293 -0.02289400
v -0.01121639 0.02119836 -0.02147816
v -0.00823825 0.02253283 -0.02280942
v -0.01168051 0.02270568 -0.02089712
v -0.00857614 0.02393176 -0.02236640
v -0.00515994 0.02474963 -0.02338921
v -0.00900930 0.02548351 -0.02216456
v -0.00547665 0.02627355 -0.02330177
v -0.00172750 0.02662463 -0.02387729
v -0.00575997 0.02770226 -0.02322939
v -0.00186642 0.02798400 -0.02385852
v 0.00216489 0.02784387 -0.02382248
v -0.00200442 0.02941662 -0.02383865
v 0.00216434 0.02929113 -0.02381469
v 0.00636210 0.02871838 -0.02305720
v 0.00621079 0.02723644 -0.02311104
v 0.01007615 0.02612365 -0.02169078
v 0.00601999 0.02577795 -0.02318187
v 0.00213553 0.02646838 -0.02383897
v 0.01038151 0.02769103 -0.02154212
v 0.01398948 0.02628234 -0.01933017
v 0.01355546 0.02456603 -0.01965939
v 0.01309311 0.02296008 -0.02002187
v 0.00974650 0.02459484 -0.02184064
v 0.01253519 0.02135803 -0.02039704
v 0.00935215 0.02307971 -0.02203048
v 0.00934409 0.02206701 -0.02285914
v 0.00578281 0.02329553 -0.02385667
v 0.00580399 0.02430920 -0.02326011
v 0.00210776 0.02388097 -0.02429174
v 0.00209025 0.02496252 -0.02385170
v -0.00148922 0.02391613 -0.02423985
v -0.00158706 0.02508947 -0.02388737
v -0.00152902 0.02390588 -0.02555054
v -0.00512734 0.02341760 -0.02503127
v -0.00495242 0.02345471 -0.02373401
v -0.00535751 0.02334826 -0.02647626
v -0.00893868 0.02220666 -0.02557810
v -0.00857186 0.02238390 -0.02411791
v -0.00926254 0.02206115 -0.02704695
v -0.01263528 0.02029211 -0.02597435
v -0.01219052 0.02058312 -0.02440702
v -0.00956350 0.02194055 -0.02860114
v -0.01307266 0.02001574 -0.02768664
v -0.01611898 0.01763049 -0.02663966
v -0.01346353 0.01977990 -0.02956672
v -0.01660269 0.01724426 -0.02869718
v -0.01922860 0.01427599 -0.02772013
v -0.01700686 0.01685558 -0.03095560
v -0.01962582 0.01371349 -0.03011954
v -0.02138546 0.01077404 -0.02658869
v -0.02171981 0.01011633 -0.02916812
v -0.02193698 0.00962170 -0.03201168
v -0.02327676 0.00555529 -0.03112503
v -0.02330599 0.00531945 -0.03433057
v -0.02389535 0.00131652 -0.03388567
v -0.02391610 0.00115148 -0.03050051
v -0.02319937 0.00589074 -0.02818023
v -0.02378640 -0.00252528 -0.03405059
v -0.02374026 -0.00298182 -0.03078334
v -0.02305148 -0.00640076 -0.03459534
v -0.02289492 -0.00696033 -0.03149475
v -0.02268978 -0.00760291 -0.02850976
v -0.02238381 -0.00846278 -0.02569350
v -0.02142129 -0.01068397 -0.03218175
v -0.02112234 -0.01127430 -0.02934965
v -0.02073648 -0.01198182 -0.02677998
v -0.02025961 -0.01273621 -0.02427369
v -0.02196267 -0.00948670 -0.02290517
v -0.01890164 -0.01465565 -0.03023131
v -0.01849240 -0.01516492 -0.02781314
v -0.01802084 -0.01571082 -0.02558644
v -0.01746652 -0.01632020 -0.02348027
v -0.01572549 -0.01804041 -0.02878166
v -0.01530587 -0.01838221 -0.02676231
v -0.01247830 -0.02041590 -0.02973433
v -0.01279385 -0.02023182 -0.03174663
v -0.00898367 -0.02217908 -0.03237459
v -0.01305630 -0.02006727 -0.03395515
v -0.00913174 -0.02209803 -0.03442094
v -0.00485360 -0.02341004 -0.03474366
v -0.00924758 -0.02204725 -0.03675855
v -0.00484768 -0.02341395 -0.03697188
v -0.00025430 -0.02394324 -0.03706758
v -0.00481375 -0.02342322 -0.03944703
v -0.00009579 -0.02394959 -0.03949735
v -0.00471670 -0.02341932 -0.04213186
v 0.00009513 -0.02392860 -0.04216740
v 0.00485703 -0.02340174 -0.04212788
v 0.00030936 -0.02392860 -0.04503484
v 0.00512467 -0.02339881 -0.04502008
v 0.00962974 -0.02192029 -0.04499074
v 0.00537363 -0.02335731 -0.04798555
v 0.00988016 -0.02183729 -0.04798555
v 0.01392637 -0.01950916 -0.04798555
v 0.00880210 -0.01820643 -0.04798555
v 0.01225443 -0.01632654 -0.04798555
v 0.01525602 -0.01370936 -0.04798555
v 0.01077067 -0.01320643 -0.04798555
v 0.01336820 -0.01103651 -0.04798555
v 0.01753397 -0.01093934 -0.04798555
v 0.01520743 -0.00862147 -0.04798555
v 0.01928794 -0.00796326 -0.04798555
v 0.01675187 -0.00606922 -0.04798555
v 0.02060587 -0.00508924 -0.04798555
v 0.01806211 -0.00356238 -0.04798555
v 0.02145957 -0.00232947 -0.04798555
v 0.01433249 -0.00386072 -0.04798555
v 0.01566862 -0.00151990 -0.04798555
v 0.01194730 -0.00156190 -0.04798555
v 0.01341312 0.00086877 -0.04798555
v 0.01508805 0.00326965 -0.04798555
v 0.01106669 0.00315246 -0.04798555
v 0.01280436 0.00582678 -0.04798555
v 0.01705710 0.00553332 -0.04798555
v 0.01483744 0.00847131 -0.04798555
v 0.01938688 0.00750012 -0.04798555
v 0.02088633 0.00399035 -0.04798555
v 0.01716672 0.01095812 -0.04798555
v 0.01212388 0.01116369 -0.04798555
v 0.01425742 0.01413439 -0.04798555
v 0.01675968 0.01717443 -0.04798555
v 0.01071738 0.01679113 -0.04798555
v 0.01277073 0.02030431 -0.04798555
v 0.01273917 0.02029357 -0.04508325
v 0.00811777 0.02252404 -0.04510056
v 0.00808445 0.02252111 -0.04228114
v 0.00313016 0.02375158 -0.04509701
v 0.00315122 0.02371740 -0.04226908
v 0.00313614 0.02374035 -0.03965053
v -0.00184591 0.02385754 -0.04222735
v -0.00178543 0.02386193 -0.03959365
v 0.00308640 0.02375500 -0.03723455
v -0.00173892 0.02386584 -0.03719012
v 0.00301359 0.02376672 -0.03506858
v -0.00169320 0.02387072 -0.03500079
v 0.00291941 0.02379308 -0.03315065
v -0.00165853 0.02387853 -0.03308722
v 0.00280552 0.02379943 -0.03142725
v -0.00164462 0.02387951 -0.03138623
v 0.00266746 0.02380431 -0.02976421
v -0.00161160 0.02388488 -0.02972955
v 0.00255204 0.02382287 -0.02838716
v -0.00157644 0.02389123 -0.02835001
v 0.00241160 0.02384582 -0.02698514
v -0.00155752 0.02389709 -0.02696407
v 0.00224558 0.02387023 -0.02561749
v 0.00610386 0.02319006 -0.02519388
v -0.00573379 0.02325597 -0.02932711
v -0.00555490 0.02329846 -0.02788385
v -0.00591506 0.02320861 -0.03096177
v -0.00986929 0.02181506 -0.03030780
v -0.01016299 0.02170568 -0.03218866
v -0.01382107 0.01952111 -0.03161732
v -0.01040579 0.02158703 -0.03426237
v -0.01413674 0.01929601 -0.03376297
v -0.01733511 0.01649816 -0.03332895
v -0.01439450 0.01910949 -0.03632378
v -0.01762875 0.01621642 -0.03597908
v -0.01995248 0.01324816 -0.03274689
v -0.02016793 0.01288293 -0.03552705
v -0.01780978 0.01593615 -0.03880488
v -0.02031906 0.01256408 -0.03847620
v -0.02216256 0.00897082 -0.03804940
v -0.02208267 0.00923400 -0.03496145
v -0.02224539 0.00878185 -0.04131298
v -0.02334030 0.00520666 -0.04104378
v -0.02331881 0.00520129 -0.03760497
v -0.02384622 0.00164709 -0.04087015
v -0.02385897 0.00147765 -0.03734000
v -0.02383865 -0.00191248 -0.04091412
v -0.02382095 -0.00218690 -0.03745208
v -0.02324905 -0.00567420 -0.04115431
v -0.02315493 -0.00596717 -0.03778215
v -0.02194454 -0.00950770 -0.04140774
v -0.02180636 -0.00981873 -0.03818207
v -0.02164871 -0.01021912 -0.03513674
v -0.01974197 -0.01353699 -0.03855800
v -0.01955465 -0.01383289 -0.03556113
v -0.01928573 -0.01420692 -0.03284516
v -0.01671121 -0.01713709 -0.03599224
v -0.01645925 -0.01738904 -0.03344694
v -0.01326364 -0.01993787 -0.03642039
v -0.01612399 -0.01768836 -0.03102708
v -0.01341799 -0.01982557 -0.03910266
v -0.00931881 -0.02201990 -0.03929974
v -0.01350350 -0.01975672 -0.04196019
v -0.00932992 -0.02201453 -0.04207059
v -0.01353768 -0.01975086 -0.04494234
v -0.00928164 -0.02205653 -0.04499465
v -0.00458444 -0.02350135 -0.04502547
v -0.00919717 -0.02215613 -0.04798555
v -0.00441268 -0.02356922 -0.04798555
v 0.00053617 -0.02396473 -0.04798555
v -0.00347573 -0.01965906 -0.04798555
v 0.00073990 -0.01991639 -0.04798555
v 0.00489652 -0.01945887 -0.04798555
v 0.00107822 -0.01603260 -0.04798555
v 0.00455552 -0.01571717 -0.04798555
v 0.00776645 -0.01476795 -0.04798555
v 0.00430106 -0.01198279 -0.04798555
v 0.00146665 -0.01211561 -0.04798555
v 0.00193851 -0.00815272 -0.04798555
v 0.00445261 -0.00810145 -0.04798555
v 0.00261564 -0.00423719 -0.04798555
v 0.00502799 -0.00448084 -0.04798555
v 0.00352842 -0.00046815 -0.04798555
v 0.00591953 -0.00114979 -0.04798555
v 0.00722263 -0.00481092 -0.04798555
v 0.00821854 -0.00225819 -0.04798555
v 0.01064383 -0.00384705 -0.04798555
v 0.00955350 0.00044933 -0.04798555
v 0.00712040 0.00204162 -0.04798555
v 0.00855472 0.00510803 -0.04798555
v 0.00453263 0.00321838 -0.04798555
v 0.00588028 0.00661584 -0.04798555
v 0.01022306 0.00815002 -0.04798555
v 0.00731437 0.01015344 -0.04798555
v 0.00892447 0.01342590 -0.04798555
v 0.00424882 0.01130138 -0.04798555
v 0.00542795 0.01506506 -0.04798555
v 0.00671976 0.01875353 -0.04798555
v 0.00241080 0.01984826 -0.04798555
v 0.00307804 0.02378674 -0.04798555
v 0.00811350 0.02256750 -0.04798555
v -0.00199893 0.02391076 -0.04798555
v -0.00191647 0.02386926 -0.04506858
v -0.00673471 0.02300549 -0.04502242
v -0.00662063 0.02299181 -0.04213053
v -0.01097811 0.02127453 -0.04201365
v -0.01082253 0.02136291 -0.03923809
v -0.00650515 0.02304015 -0.03943407
v -0.01063241 0.02147375 -0.03661980
v -0.00637228 0.02306750 -0.03695648
v -0.00621536 0.02310656 -0.03469606
v -0.00606576 0.02316515 -0.03273867
v -0.01461532 0.01894982 -0.03903604
v -0.01477896 0.01880041 -0.04188959
v -0.01797451 0.01577013 -0.04177690
v -0.01493148 0.01874767 -0.04491383
v -0.01810830 0.01567736 -0.04486211
v -0.02045645 0.01237072 -0.04160710
v -0.02056607 0.01226818 -0.04476426
v -0.01820370 0.01561535 -0.04798555
v -0.02063064 0.01220959 -0.04798555
v -0.02233340 0.00873498 -0.04798555
v -0.02229159 0.00871252 -0.04465705
v -0.02338137 0.00530431 -0.04798555
v -0.02337588 0.00524621 -0.04453197
v -0.02389535 0.00206017 -0.04798555
v -0.02386794 0.00183459 -0.04442289
v -0.02392990 -0.00133729 -0.04798555
v -0.02389236 -0.00161951 -0.04443022
v -0.02342581 -0.00510828 -0.04798555
v -0.02334237 -0.00539002 -0.04454767
v -0.02219540 -0.00910242 -0.04798555
v -0.02206600 -0.00928699 -0.04468044
v -0.02009683 -0.01308143 -0.04798555
v -0.02000717 -0.01317322 -0.04478964
v -0.01989010 -0.01331727 -0.04162276
v -0.01714285 -0.01672449 -0.04487146
v -0.01705203 -0.01679774 -0.04180348
v -0.01691775 -0.01694080 -0.03882419
v -0.01718795 -0.01671717 -0.04798555
v -0.01351864 -0.01980555 -0.04798555
v -0.01133297 -0.01643201 -0.04798555
v -0.00750314 -0.01859608 -0.04798555
v -0.00605905 -0.01479627 -0.04798555
v -0.00253878 -0.01575526 -0.04798555
v -0.00470858 -0.01122254 -0.04798555
v -0.00162100 -0.01185584 -0.04798555
v -0.00344503 -0.00752283 -0.04798555
v -0.00073251 -0.00797840 -0.04798555
v -0.00235775 -0.00367274 -0.04798555
v 0.00016532 -0.00402528 -0.04798555
v -0.00132955 0.00018029 -0.04798555
v 0.00111332 -0.00009705 -0.04798555
v -0.00042483 0.00410412 -0.04798555
v 0.00204569 0.00382971 -0.04798555
v 0.00033610 0.00812512 -0.04798555
v 0.00311539 0.00768273 -0.04798555
v 0.00106632 0.01203430 -0.04798555
v -0.00194802 0.01221496 -0.04798555
v -0.00187466 0.01606408 -0.04798555
v 0.00175803 0.01596838 -0.04798555
v -0.00529757 0.01559826 -0.04798555
v -0.00601998 0.01930822 -0.04798555
v -0.00188211 0.01996301 -0.04798555
v -0.00982247 0.01781750 -0.04798555
v -0.01122586 0.02121545 -0.04798555
v -0.00683340 0.02300793 -0.04798555
v -0.01504141 0.01869592 -0.04798555
v -0.01111373 0.02123010 -0.04496945
v -0.01312008 0.01566613 -0.04798555
v -0.01583364 0.01304064 -0.04798555
v -0.01127816 0.01282287 -0.04798555
v -0.01371511 0.01060412 -0.04798555
v -0.01799099 0.01028088 -0.04798555
v -0.01549545 0.00821935 -0.04798555
v -0.01957235 0.00739806 -0.04798555
v -0.01691171 0.00569250 -0.04798555
v -0.02069284 0.00451476 -0.04798555
v -0.01814938 0.00326574 -0.04798555
v -0.01442233 0.00364513 -0.04798555
v -0.01571267 0.00133263 -0.04798555
v -0.01201925 0.00146642 -0.04798555
v -0.01346432 -0.00099354 -0.04798555
v -0.01515719 -0.00333729 -0.04798555
v -0.01713369 -0.00553016 -0.04798555
v -0.01121542 -0.00314295 -0.04798555
v -0.01297335 -0.00580360 -0.04798555
v -0.01502896 -0.00838026 -0.04798555
v -0.01737863 -0.01076795 -0.04798555
v -0.01946334 -0.00742567 -0.04798555
v -0.01048593 -0.00803065 -0.04798555
v -0.01245242 -0.01097352 -0.04798555
v -0.00772238 -0.00993787 -0.04798555
v -0.00942599 -0.01316492 -0.04798555
v -0.01465219 -0.01384022 -0.04798555
v -0.00617929 -0.00645936 -0.04798555
v -0.00877389 -0.00501893 -0.04798555
v -0.00486654 -0.00302576 -0.04798555
v -0.00731472 -0.00194764 -0.04798555
v -0.00374569 0.00056213 -0.04798555
v -0.00610519 0.00122961 -0.04798555
v -0.00522482 0.00453869 -0.04798555
v -0.00286190 0.00428283 -0.04798555
v -0.00473031 0.00813732 -0.04798555
v -0.00229672 0.00822082 -0.04798555
v -0.00484359 0.01190637 -0.04798555
v -0.00732015 0.00486974 -0.04798555
v -0.00836935 0.00233752 -0.04798555
v -0.00969222 -0.00042664 -0.04798555
v -0.01072482 0.00378478 -0.04798555
v -0.01309164 0.00598400 -0.04798555
v -0.02088076 -0.00402381 -0.04798555
v -0.00845498 0.01451721 -0.04798555
v 0.01294864 -0.00620252 -0.04798555
v -0.00603097 0.02916369 -0.02314845
v -0.00884909 0.04800939 0.01131207
v -0.01057809 0.04800939 0.00865593
v -0.01155606 0.04800939 0.01300074
v 0.02395151 -0.00086951 -0.01705007
v -0.01731491 -0.03605945 -0.01651717
v -0.01977114 -0.03291297 -0.01347825
v -0.02166104 -0.02936072 -0.01024004
v 0.02227134 -0.03510682 -0.00874743
f 1 2 3
f 1 4 2
f 1 3 5
f 1 6 7
f 1 8 6
f 9 10 11
f 9 12 10
f 9 11 13
f 9 14 15
f 9 15 12
f 16 17 18
f 16 19 20
f 16 20 21
f 22 23 24
f 22 24 25
f 22 25 26
f 22 27 28
f 22 29 27
f 30 31 32
f 30 32 33
f 30 33 34
f 30 35 36
f 30 34 35
f 37 38 39
f 37 40 38
f 37 41 42
f 37 42 43
f 37 43 44
f 45 46 47
f 45 48 49
f 45 47 50
f 45 51 48
f 45 52 51
f 53 54 55
f 53 56 57
f 53 57 54
f 58 59 60
f 58 61 62
f 58 62 63
f 64 65 66
f 64 66 67
f 64 68 69
f 70 71 72
f 70 72 73
f 70 74 75
f 70 76 74
f 70 77 76
f 78 79 80
f 78 81 79
f 78 82 83
f 78 83 84
f 85 86 87
f 85 88 89
f 85 87 90
f 91 92 93
f 91 94 95
f 91 93 96
f 97 98 99
f 97 100 101
f 97 101 98
f 102 103 104
f 102 104 105
f 102 106 107
f 108 109 110
f 108 111 112
f 108 113 114
f 115 116 117
f 115 118 116
f 115 119 118
f 120 121 122
f 120 122 123
f 120 124 121
f 125 126 127
f 125 128 129
f 125 130 131
f 132 133 134
f 132 135 136
f 132 137 138
f 139 140 141
f 139 142 143
f 139 144 140
f 145 146 147
f 145 148 149
f 145 149 150
f 151 152 153
f 151 153 154
f 151 155 152
f 156 157 152
f 156 155 158
f 156 159 157
f 160 161 162
f 160 159 163
f 160 164 161
f 165 164 166
f 165 167 168
f 165 168 161
f 169 168 170
f 169 171 172
f 169 172 162
f 172 173 174
f 172 174 175
f 175 176 162
f 175 174 177
f 175 177 178
f 178 179 176
f 178 177 180
f 178 180 181
f 181 182 179
f 181 180 183
f 181 183 184
f 184 183 185
f 184 185 186
f 184 187 182
f 188 154 153
f 188 187 189
f 188 190 154
f 191 158 155
f 191 190 192
f 191 193 158
f 194 163 159
f 194 193 195
f 194 196 163
f 197 166 164
f 197 196 198
f 197 199 166
f 200 201 167
f 200 199 202
f 200 202 201
f 203 202 204
f 203 204 205
f 203 206 207
f 207 206 208
f 207 208 209
f 207 210 201
f 209 208 211
f 209 211 170
f 209 170 168
f 212 211 213
f 212 214 215
f 212 215 171
f 215 216 217
f 215 217 173
f 217 218 219
f 217 219 220
f 219 221 222
f 219 222 223
f 223 224 220
f 223 222 225
f 223 225 226
f 226 227 224
f 226 225 228
f 226 228 229
f 229 230 227
f 229 228 231
f 229 231 232
f 232 233 230
f 232 231 234
f 232 234 235
f 235 236 233
f 235 234 237
f 235 237 141
f 237 238 239
f 237 239 142
f 239 240 241
f 239 241 143
f 241 242 243
f 241 243 244
f 244 245 143
f 244 243 246
f 244 246 247
f 247 248 245
f 247 246 249
f 247 249 250
f 250 251 248
f 250 249 252
f 250 252 253
f 253 254 251
f 253 252 255
f 253 255 256
f 256 257 254
f 256 255 258
f 256 258 259
f 259 260 257
f 259 258 261
f 259 262 131
f 262 261 263
f 262 264 131
f 264 263 265
f 264 266 128
f 266 265 267
f 266 268 129
f 269 270 126
f 269 268 271
f 269 272 270
f 273 272 274
f 273 275 276
f 273 276 277
f 277 276 278
f 277 278 279
f 277 127 270
f 279 278 280
f 279 280 281
f 279 282 127
f 282 281 283
f 282 260 130
f 281 280 284
f 281 284 285
f 285 284 286
f 285 286 287
f 285 288 283
f 287 286 289
f 287 290 291
f 287 292 288
f 291 290 293
f 291 294 295
f 291 296 292
f 295 294 297
f 295 298 299
f 295 300 296
f 298 297 186
f 298 301 140
f 301 186 185
f 301 236 140
f 297 189 187
f 297 294 189
f 293 192 190
f 293 290 192
f 289 195 193
f 289 286 195
f 302 198 196
f 302 284 198
f 303 304 199
f 303 280 305
f 305 306 304
f 305 278 307
f 307 308 306
f 307 276 309
f 308 309 310
f 308 311 204
f 311 310 312
f 311 313 205
f 314 313 315
f 314 316 317
f 314 317 206
f 318 316 319
f 318 33 320
f 318 321 317
f 316 315 322
f 322 315 323
f 322 323 324
f 322 324 34
f 324 325 326
f 324 326 327
f 326 328 329
f 326 329 330
f 330 329 331
f 330 331 332
f 330 333 327
f 333 332 334
f 333 335 35
f 335 334 336
f 335 337 36
f 338 337 339
f 338 339 340
f 338 340 31
f 340 341 342
f 340 342 343
f 342 344 345
f 342 345 346
f 346 347 343
f 346 345 348
f 346 348 349
f 349 214 347
f 349 348 350
f 349 350 216
f 350 351 352
f 350 352 218
f 352 353 354
f 352 354 221
f 354 355 356
f 354 356 357
f 356 358 359
f 356 359 360
f 360 361 357
f 360 359 362
f 360 362 363
f 363 364 361
f 363 362 365
f 363 365 366
f 366 367 364
f 366 365 368
f 366 368 369
f 369 370 367
f 369 368 371
f 369 371 372
f 372 238 370
f 372 371 373
f 372 373 240
f 373 374 375
f 373 375 242
f 375 376 377
f 375 377 378
f 377 379 380
f 377 380 378
f 381 382 378
f 381 380 383
f 381 384 382
f 385 386 246
f 385 384 387
f 385 388 386
f 389 390 249
f 389 388 391
f 389 392 390
f 393 394 252
f 393 392 395
f 393 396 394
f 397 398 255
f 397 396 399
f 397 400 398
f 401 261 258
f 401 400 402
f 401 403 261
f 403 402 404
f 403 405 263
f 405 404 406
f 405 407 265
f 407 406 408
f 407 409 267
f 410 271 268
f 410 409 411
f 410 412 271
f 413 412 414
f 413 415 274
f 413 274 272
f 416 415 417
f 416 418 419
f 416 419 275
f 419 420 310
f 419 310 309
f 420 418 421
f 420 422 312
f 422 421 423
f 422 424 323
f 424 423 425
f 424 426 325
f 426 425 427
f 426 427 328
f 427 428 429
f 427 429 430
f 429 431 432
f 429 432 433
f 433 432 434
f 433 434 435
f 433 436 430
f 435 434 437
f 435 437 438
f 435 439 436
f 439 438 440
f 439 441 331
f 441 440 442
f 441 443 332
f 443 442 444
f 443 445 334
f 445 444 446
f 445 446 447
f 447 448 336
f 447 446 449
f 447 449 450
f 450 451 448
f 450 449 452
f 450 452 453
f 453 452 454
f 453 454 455
f 453 456 451
f 457 341 339
f 457 456 458
f 457 459 344
f 459 458 460
f 459 461 462
f 461 460 463
f 461 464 465
f 465 466 462
f 465 464 467
f 465 467 468
f 468 351 466
f 468 467 469
f 468 469 353
f 469 470 471
f 469 471 355
f 471 472 473
f 471 473 358
f 473 474 475
f 473 475 476
f 475 477 478
f 475 478 479
f 479 480 476
f 479 478 481
f 479 481 482
f 482 483 480
f 482 481 484
f 482 484 485
f 485 486 483
f 485 484 487
f 485 487 488
f 488 489 486
f 488 487 490
f 488 490 491
f 491 374 489
f 491 490 492
f 491 492 376
f 492 493 494
f 492 494 379
f 494 495 496
f 494 496 497
f 496 498 499
f 496 500 497
f 501 383 380
f 501 500 502
f 501 503 383
f 504 387 384
f 504 503 505
f 504 506 387
f 507 391 388
f 507 506 508
f 507 509 391
f 510 395 392
f 510 509 511
f 510 512 395
f 513 399 396
f 513 512 514
f 513 124 399
f 512 511 515
f 515 511 516
f 515 517 518
f 515 518 121
f 518 519 520
f 518 520 521
f 520 522 408
f 520 408 406
f 523 522 524
f 523 525 411
f 523 411 409
f 526 525 527
f 526 528 414
f 526 414 412
f 529 528 530
f 529 531 417
f 529 417 415
f 532 531 533
f 532 534 421
f 532 421 418
f 534 533 535
f 534 536 423
f 536 535 537
f 536 538 425
f 538 537 539
f 538 540 428
f 540 539 541
f 540 542 431
f 542 541 543
f 542 544 545
f 546 544 547
f 546 548 549
f 546 549 432
f 550 548 551
f 550 552 553
f 550 553 549
f 554 552 555
f 554 556 557
f 554 557 553
f 557 558 559
f 557 560 437
f 560 559 561
f 560 562 438
f 562 561 563
f 562 564 440
f 564 563 565
f 564 566 442
f 566 565 567
f 566 568 569
f 568 567 570
f 568 570 571
f 571 572 569
f 571 570 573
f 571 573 574
f 574 575 572
f 574 573 576
f 574 576 577
f 577 578 575
f 577 576 579
f 577 579 580
f 580 581 578
f 580 579 582
f 580 582 583
f 583 582 584
f 583 584 585
f 583 586 581
f 587 455 454
f 587 586 588
f 587 589 455
f 590 458 456
f 590 589 591
f 590 592 460
f 592 591 593
f 592 593 463
f 593 594 595
f 593 595 596
f 596 597 463
f 596 595 598
f 596 598 599
f 599 470 597
f 599 598 600
f 599 600 472
f 600 601 602
f 600 602 474
f 602 603 604
f 602 604 477
f 604 605 606
f 604 606 607
f 606 608 609
f 606 609 610
f 610 611 607
f 610 609 612
f 610 612 613
f 613 614 611
f 613 612 615
f 613 616 617
f 617 618 614
f 617 616 619
f 617 620 618
f 621 622 487
f 621 620 623
f 621 624 622
f 625 493 622
f 625 624 626
f 625 626 495
f 626 44 43
f 626 627 498
f 627 43 628
f 627 629 498
f 629 628 630
f 629 630 499
f 631 502 500
f 631 630 632
f 631 632 502
f 633 505 503
f 633 632 634
f 633 634 635
f 635 508 506
f 635 634 636
f 635 636 516
f 636 637 638
f 636 638 517
f 638 639 640
f 638 640 519
f 640 641 524
f 640 524 522
f 642 641 643
f 642 644 527
f 642 527 525
f 645 644 646
f 645 647 530
f 645 530 528
f 648 647 649
f 648 650 533
f 648 533 531
f 650 649 651
f 650 652 535
f 652 651 653
f 652 654 537
f 654 653 655
f 654 656 539
f 656 655 657
f 656 658 541
f 658 657 659
f 658 660 543
f 661 660 662
f 661 663 547
f 661 547 544
f 664 663 665
f 664 666 551
f 664 551 548
f 667 666 668
f 667 669 555
f 667 555 552
f 670 669 671
f 670 672 673
f 670 673 556
f 673 674 675
f 673 675 558
f 675 676 677
f 675 677 558
f 677 678 679
f 677 680 559
f 680 679 681
f 680 682 561
f 682 681 683
f 682 684 563
f 684 683 685
f 684 686 565
f 686 685 687
f 686 687 688
f 687 689 690
f 687 690 691
f 691 692 688
f 691 690 693
f 691 693 694
f 694 695 692
f 694 693 696
f 694 696 697
f 697 698 576
f 697 696 699
f 697 699 700
f 700 701 698
f 700 699 702
f 700 702 84
f 702 703 704
f 702 704 705
f 704 706 707
f 704 708 706
f 709 710 711
f 709 708 712
f 709 713 710
f 714 715 716
f 714 713 717
f 714 718 715
f 719 720 721
f 719 718 722
f 719 723 720
f 724 725 726
f 724 723 727
f 724 728 725
f 729 730 731
f 729 728 732
f 729 733 730
f 734 735 736
f 734 733 737
f 734 738 735
f 739 740 735
f 739 738 741
f 739 742 743
f 743 744 740
f 743 742 745
f 743 745 746
f 746 747 744
f 746 745 748
f 746 748 747
f 749 750 751
f 749 748 752
f 749 752 750
f 753 754 750
f 753 752 755
f 753 755 756
f 756 757 754
f 756 755 758
f 756 758 759
f 759 760 757
f 759 758 761
f 759 761 762
f 762 763 764
f 762 761 765
f 762 766 763
f 767 768 769
f 767 766 770
f 767 771 768
f 772 773 774
f 772 771 775
f 772 776 773
f 777 778 779
f 777 776 780
f 777 781 778
f 782 783 117
f 782 781 784
f 782 785 783
f 786 787 788
f 786 785 789
f 786 790 787
f 791 792 793
f 791 793 794
f 791 790 795
f 795 21 792
f 795 790 796
f 795 796 17
f 796 789 797
f 796 797 18
f 797 798 799
f 797 800 18
f 801 802 803
f 801 803 19
f 801 800 804
f 804 800 799
f 804 805 806
f 804 806 802
f 807 808 809
f 807 809 810
f 807 806 811
f 811 806 812
f 811 812 813
f 811 814 808
f 815 816 148
f 815 817 808
f 815 814 818
f 818 814 819
f 818 819 820
f 818 821 816
f 821 820 822
f 821 823 149
f 823 822 824
f 823 825 150
f 826 825 827
f 826 828 829
f 826 829 146
f 829 830 831
f 829 831 147
f 831 832 833
f 831 833 834
f 834 833 835
f 834 835 836
f 834 817 147
f 835 837 838
f 835 838 836
f 838 839 840
f 838 841 809
f 841 840 842
f 841 843 810
f 843 842 844
f 843 845 803
f 844 842 846
f 844 846 847
f 844 848 845
f 848 847 849
f 848 850 20
f 849 847 851
f 849 851 852
f 849 853 850
f 852 851 854
f 852 854 855
f 852 856 853
f 856 855 857
f 856 858 793
f 858 857 859
f 858 860 794
f 861 860 862
f 861 863 788
f 861 788 787
f 862 860 864
f 862 864 865
f 862 866 863
f 866 865 867
f 866 867 868
f 867 869 870
f 867 870 871
f 871 870 774
f 871 774 773
f 871 779 868
f 872 870 873
f 872 874 769
f 872 769 768
f 875 874 876
f 875 877 764
f 875 764 763
f 878 877 879
f 878 880 881
f 878 881 760
f 882 880 883
f 882 884 885
f 882 886 881
f 885 884 887
f 885 887 888
f 885 889 886
f 888 887 51
f 888 890 751
f 888 751 750
f 891 890 892
f 891 893 894
f 891 894 747
f 895 893 896
f 895 897 898
f 895 899 894
f 898 897 900
f 898 900 901
f 898 902 899
f 901 900 903
f 901 903 736
f 901 736 902
f 904 903 905
f 904 905 731
f 904 731 730
f 906 905 907
f 906 908 726
f 906 726 725
f 909 908 910
f 909 911 721
f 909 721 720
f 912 911 913
f 912 914 716
f 912 716 715
f 915 914 916
f 915 917 711
f 915 711 710
f 918 917 919
f 918 920 707
f 918 707 706
f 920 919 921
f 920 922 81
f 922 921 923
f 922 924 925
f 926 924 927
f 926 927 928
f 926 929 925
f 929 928 930
f 929 931 79
f 931 930 932
f 931 933 80
f 934 935 82
f 934 933 936
f 934 937 935
f 938 939 585
f 938 937 940
f 938 941 939
f 942 943 588
f 942 941 944
f 942 945 943
f 946 594 591
f 946 945 947
f 946 947 948
f 947 949 950
f 947 950 951
f 951 952 948
f 951 950 953
f 951 953 954
f 954 601 952
f 954 953 955
f 954 955 603
f 955 956 957
f 955 957 605
f 957 958 959
f 957 959 608
f 959 960 961
f 959 961 962
f 961 963 964
f 961 964 965
f 965 966 962
f 965 964 967
f 965 967 968
f 968 615 966
f 968 967 969
f 968 969 970
f 970 619 616
f 970 969 971
f 970 972 619
f 973 623 620
f 973 972 974
f 973 975 623
f 974 972 976
f 974 976 977
f 974 978 975
f 978 977 979
f 978 980 38
f 980 979 981
f 980 982 39
f 983 984 41
f 983 982 985
f 983 986 984
f 987 986 988
f 987 989 990
f 987 990 991
f 991 992 984
f 991 990 993
f 991 993 994
f 994 995 992
f 994 993 996
f 994 996 997
f 997 998 995
f 997 996 999
f 997 999 1000
f 1000 1001 998
f 1000 999 1002
f 1000 1002 1003
f 1003 1004 1001
f 1003 1002 1005
f 1003 1005 1006
f 1006 639 1004
f 1006 1005 643
f 1006 643 641
f 1007 1005 1008
f 1007 1009 646
f 1007 646 644
f 1010 1009 1011
f 1010 1012 649
f 1010 649 647
f 1012 1011 1013
f 1012 1014 651
f 1014 1013 1015
f 1014 1016 653
f 1016 1015 1017
f 1016 1018 655
f 1018 1017 1019
f 1018 1020 657
f 1020 1019 1021
f 1020 1022 659
f 1023 1022 1024
f 1023 1025 662
f 1023 662 660
f 1026 1025 1027
f 1026 1028 665
f 1026 665 663
f 1029 1028 1030
f 1029 1031 668
f 1029 668 666
f 1032 1031 1033
f 1032 1034 671
f 1032 671 669
f 1035 1034 1036
f 1035 1037 1038
f 1035 1038 672
f 1038 1039 1040
f 1038 1040 674
f 1039 1037 1041
f 1039 1042 15
f 1042 1041 1043
f 1042 1044 1045
f 1046 1044 1047
f 1046 1048 1049
f 1046 1049 12
f 1049 1050 1051
f 1049 1051 1052
f 1051 1053 1054
f 1051 1054 1052
f 1055 1054 1056
f 1055 1057 1058
f 1055 1058 10
f 1058 1059 1060
f 1058 1060 1061
f 1060 1062 1063
f 1060 1063 1064
f 1064 1065 1061
f 1064 1063 1066
f 1064 1066 1067
f 1067 1068 1065
f 1067 1066 1069
f 1067 1069 1070
f 1070 683 1068
f 1070 1069 1071
f 1070 1071 685
f 1071 1072 1073
f 1071 1074 689
f 1074 1073 1075
f 1074 1075 1076
f 1075 1077 1078
f 1075 1079 1080
f 1080 1081 1076
f 1080 1079 1082
f 1080 1082 1083
f 1083 1084 1081
f 1083 1082 1085
f 1083 1085 1086
f 1086 1087 1084
f 1086 1085 1088
f 1086 1088 1089
f 1089 712 708
f 1089 703 1087
f 1089 1088 712
f 1090 717 713
f 1090 1088 1091
f 1090 1092 717
f 1093 722 718
f 1093 1092 1094
f 1093 1095 722
f 1096 727 723
f 1096 1095 1097
f 1096 1098 727
f 1099 732 728
f 1099 1098 1100
f 1099 1101 732
f 1102 737 733
f 1102 1101 1103
f 1102 1104 737
f 1105 741 738
f 1105 1104 1106
f 1105 1107 741
f 1108 1109 742
f 1108 1107 1110
f 1108 1111 1109
f 1112 1113 745
f 1112 1111 1114
f 1112 1115 1116
f 1116 1117 1113
f 1116 1115 1118
f 1116 1119 1120
f 1120 1121 1117
f 1120 1119 1122
f 1120 1122 1123
f 1123 1124 1121
f 1123 1122 1125
f 1123 1125 1126
f 1126 1127 1124
f 1126 1125 1128
f 1126 1128 1129
f 1129 765 1127
f 1129 1128 1130
f 1129 1130 1131
f 1131 770 766
f 1131 1130 1132
f 1131 1132 1133
f 1133 775 771
f 1133 1132 1134
f 1133 1134 775
f 1135 780 776
f 1135 1134 1136
f 1135 1137 780
f 1138 784 781
f 1138 1137 805
f 1138 799 784
f 1137 1136 1139
f 1136 1134 1140
f 1136 1141 1139
f 1141 1140 1142
f 1141 1143 812
f 1143 1142 1144
f 1143 1145 813
f 1145 1144 99
f 1145 1146 819
f 1146 99 98
f 1146 1147 820
f 1147 98 1148
f 1147 1149 822
f 1149 1148 1150
f 1149 1151 824
f 1152 1151 1153
f 1152 1154 827
f 1152 827 825
f 1155 1154 1156
f 1155 1157 1158
f 1155 1158 828
f 1158 1159 1160
f 1158 1160 830
f 1160 1161 1162
f 1160 1162 832
f 1162 1163 1164
f 1162 1164 1165
f 1164 1166 1167
f 1164 1167 1168
f 1168 1167 1169
f 1168 1169 839
f 1168 837 1165
f 1169 1170 1171
f 1169 1172 839
f 1172 1171 1173
f 1172 1174 840
f 1173 1171 1175
f 1173 1175 1176
f 1173 1177 1174
f 1177 1176 1178
f 1177 1179 846
f 1178 1176 1180
f 1178 1180 1181
f 1178 1182 1179
f 1181 1180 1183
f 1181 1183 1184
f 1181 1185 1182
f 1185 1184 1186
f 1185 1187 854
f 1187 1186 1188
f 1187 1189 855
f 1189 1188 1190
f 1189 1191 857
f 1191 1190 1192
f 1191 1193 859
f 1193 1192 1194
f 1193 1195 864
f 1195 1194 1196
f 1195 1197 865
f 1197 1196 1198
f 1197 1199 873
f 1199 1198 876
f 1199 876 874
f 1200 1198 1201
f 1200 1201 1202
f 1200 879 877
f 1202 1201 1203
f 1202 1203 49
f 1202 883 880
f 1203 1204 1205
f 1203 1205 46
f 1205 1206 1207
f 1205 1207 1208
f 1207 1209 1210
f 1207 1210 1211
f 1211 1210 1212
f 1211 1212 1213
f 1211 1214 1208
f 1214 1213 1215
f 1214 1216 47
f 1216 1215 1217
f 1216 1218 50
f 1219 1218 1220
f 1219 1220 1221
f 1219 1222 52
f 1222 1221 1223
f 1222 1223 1224
f 1223 1225 1226
f 1223 1226 892
f 1226 1227 896
f 1226 896 893
f 1228 1227 1229
f 1228 1229 1230
f 1228 1231 896
f 1230 1229 1232
f 1230 1232 1233
f 1230 1234 1231
f 1233 1232 1235
f 1233 1235 1236
f 1233 1237 1234
f 1236 1235 1238
f 1236 1238 1239
f 1236 907 1237
f 1239 1238 1240
f 1239 1240 910
f 1239 910 908
f 1241 1240 1242
f 1241 1243 913
f 1241 913 911
f 1244 1243 1245
f 1244 1246 916
f 1244 916 914
f 1247 1246 1248
f 1247 1249 919
f 1247 919 917
f 1249 1248 1250
f 1249 1251 921
f 1251 1250 1252
f 1251 1253 923
f 1254 1253 1255
f 1254 1256 1257
f 1254 1257 924
f 1258 1256 1259
f 1258 1260 1261
f 1258 1262 1257
f 1262 1261 1263
f 1262 1264 927
f 1264 1263 1265
f 1264 1266 928
f 1266 1265 1267
f 1266 1267 932
f 1267 1268 1269
f 1267 1269 932
f 1270 936 933
f 1270 1269 1271
f 1270 1272 936
f 1273 940 937
f 1273 1272 1274
f 1273 1275 940
f 1276 944 941
f 1276 1275 1277
f 1276 1278 944
f 1279 949 944
f 1279 1278 1280
f 1279 1281 949
f 1281 1280 1282
f 1281 1282 1283
f 1283 1284 1285
f 1283 1282 1286
f 1283 1286 1287
f 1287 956 1284
f 1287 1286 1288
f 1287 1288 958
f 1288 1289 1290
f 1288 1290 960
f 1290 1291 1292
f 1290 1292 963
f 1292 1293 1294
f 1292 1294 1295
f 1294 1296 1297
f 1294 1297 1298
f 1298 1299 1295
f 1298 1297 1300
f 1298 1300 1301
f 1301 1302 1299
f 1301 1300 1303
f 1301 1303 1304
f 1304 971 1302
f 1304 1303 1305
f 1304 1306 971
f 1306 1305 1307
f 1306 1308 976
f 1308 1307 1309
f 1308 1310 977
f 1310 1309 1311
f 1310 1312 979
f 1312 1311 1313
f 1312 1314 1315
f 1315 985 982
f 1315 1314 1316
f 1315 1316 985
f 1317 988 986
f 1317 1316 1318
f 1317 1319 988
f 1320 1319 1321
f 1320 1322 1323
f 1320 1323 989
f 1323 1324 1325
f 1323 1325 1326
f 1325 1327 1328
f 1325 1328 1329
f 1329 1330 1326
f 1329 1328 1331
f 1329 1331 1332
f 1332 1333 1330
f 1332 1331 1334
f 1332 1334 1335
f 1335 1336 1333
f 1335 1334 1337
f 1335 1337 1338
f 1338 1339 1336
f 1338 1337 1340
f 1338 1340 1341
f 1341 1008 1339
f 1341 1340 1011
f 1341 1011 1009
f 1340 1342 1013
f 1342 1337 1343
f 1342 1344 1015
f 1344 1343 1345
f 1344 1346 1017
f 1346 1345 1347
f 1346 1348 1019
f 1348 1347 1349
f 1348 1350 1021
f 1351 1350 1352
f 1351 1353 1024
f 1351 1024 1022
f 1354 1353 1355
f 1354 1356 1027
f 1354 1027 1025
f 1357 1356 1358
f 1357 1359 1030
f 1357 1030 1028
f 1360 1359 1361
f 1360 1362 1033
f 1360 1033 1031
f 1363 1362 1364
f 1363 1365 1036
f 1363 1036 1034
f 1366 1365 1367
f 1366 1368 1041
f 1366 1041 1037
f 1368 1367 1369
f 1368 1370 1043
f 1371 1370 1372
f 1371 1373 1047
f 1371 1047 1044
f 1374 1373 1375
f 1374 1376 1377
f 1374 1377 1048
f 1377 1378 1379
f 1377 1379 1050
f 1379 1380 1381
f 1379 1381 1053
f 1381 1382 1383
f 1381 1383 1384
f 1383 1385 1386
f 1383 1387 1384
f 1388 1387 1389
f 1388 1390 1056
f 1388 1056 1054
f 1391 1390 1392
f 1391 1393 1394
f 1391 1394 1057
f 1394 1395 1396
f 1394 1396 1059
f 1396 1397 1398
f 1396 1398 1062
f 1398 1399 1400
f 1398 1400 1401
f 1400 1402 1403
f 1400 1403 1404
f 1404 1405 1401
f 1404 1403 1406
f 1404 1406 1407
f 1407 1408 1405
f 1407 1406 1409
f 1407 1409 1410
f 1410 1072 1408
f 1410 1409 1411
f 1410 1411 1073
f 1411 1412 1413
f 1411 1413 1077
f 1413 1414 1415
f 1413 1415 1077
f 1415 1416 1417
f 1415 1418 1078
f 1419 1420 1079
f 1419 1418 77
f 1419 73 1420
f 1421 1422 1420
f 1421 73 72
f 1421 1423 1422
f 1424 1094 1091
f 1424 1091 1085
f 1424 1423 1425
f 1425 1097 1094
f 1425 1423 1426
f 1425 1426 1427
f 1427 1100 1098
f 1427 1426 1428
f 1427 1428 1100
f 1429 1103 1101
f 1429 1428 1430
f 1429 1431 1103
f 1432 1106 1104
f 1432 1431 1433
f 1432 1434 1106
f 1435 1110 1107
f 1435 1434 1436
f 1435 1437 1110
f 1438 1114 1111
f 1438 1437 1439
f 1438 1440 1114
f 1441 1118 1115
f 1441 1440 1157
f 1441 1156 1118
f 1442 1443 1118
f 1442 1156 1154
f 1442 1153 1444
f 1444 1445 1443
f 1444 1153 1151
f 1444 1150 1446
f 1446 1447 1445
f 1446 1150 1148
f 1446 101 1448
f 1440 1439 1159
f 1439 1437 1449
f 1439 1449 1161
f 1449 1436 1450
f 1449 1450 1163
f 1450 1451 1452
f 1450 1452 1166
f 1452 1453 1454
f 1452 1454 1455
f 1454 1456 1457
f 1454 1458 1459
f 1459 1458 1460
f 1459 1461 1170
f 1459 1170 1167
f 1460 1458 1462
f 1460 1462 1463
f 1460 1464 1461
f 1464 1463 1465
f 1464 1466 1175
f 1465 1463 1467
f 1465 1467 1468
f 1465 1469 1466
f 1468 1467 1470
f 1468 1470 1471
f 1468 1472 1469
f 1472 1471 1473
f 1472 1474 1183
f 1474 1473 1475
f 1474 1476 1184
f 1476 1475 1477
f 1476 1478 1186
f 1478 1477 1479
f 1478 1480 1188
f 1480 1479 1481
f 1480 1482 1190
f 1482 1481 1483
f 1482 1484 1192
f 1484 1483 1485
f 1484 1486 1194
f 1486 1485 1487
f 1486 1488 1196
f 1487 1485 1489
f 1487 1489 1206
f 1487 1204 1488
f 1489 1490 1491
f 1489 1491 1209
f 1491 1492 1493
f 1491 1493 1494
f 1493 1495 1496
f 1493 1496 1497
f 1497 1496 1498
f 1497 1498 1499
f 1497 1500 1494
f 1499 1498 1501
f 1499 1501 1502
f 1499 1503 1500
f 1503 1502 1504
f 1503 1505 1212
f 1505 1504 1506
f 1505 1507 1213
f 1507 1506 1508
f 1507 1509 1215
f 1509 1508 1510
f 1509 1510 1511
f 1511 1510 1512
f 1511 1512 1513
f 1511 1514 1217
f 1513 1512 1515
f 1513 1515 1516
f 1513 1517 1514
f 1517 1516 1518
f 1517 1519 1220
f 1519 1518 1520
f 1519 1521 1221
f 1521 1520 1522
f 1521 1523 1225
f 1522 1520 1524
f 1522 1524 1525
f 1522 1526 1523
f 1525 1524 1527
f 1525 1527 1528
f 1525 1529 1526
f 1528 1527 1530
f 1528 1530 1531
f 1528 1532 1529
f 1531 1530 1533
f 1531 1533 1534
f 1531 1535 1532
f 1534 1533 1536
f 1534 1536 1537
f 1534 1242 1535
f 1537 1536 1538
f 1537 1538 1245
f 1537 1245 1243
f 1539 1538 1540
f 1539 1541 1248
f 1539 1248 1246
f 1541 1540 1542
f 1541 1543 1250
f 1543 1542 1544
f 1543 1545 1252
f 1546 1545 1547
f 1546 1548 1255
f 1546 1255 1253
f 1549 1548 1550
f 1549 1551 1259
f 1549 1259 1256
f 1552 1551 1553
f 1552 1554 1555
f 1552 1555 1260
f 1555 1556 1557
f 1555 1557 1260
f 1557 1558 1559
f 1557 1560 1261
f 1560 1559 1561
f 1560 1562 1263
f 1562 1561 1563
f 1562 1564 1268
f 1564 1563 1565
f 1564 1566 1567
f 1566 1565 1568
f 1566 1568 1567
f 1569 1271 1269
f 1569 1568 1570
f 1569 1570 1271
f 1571 1274 1272
f 1571 1570 1572
f 1571 1573 1274
f 1574 1277 1275
f 1574 1573 1575
f 1574 1576 1277
f 1577 1280 1278
f 1577 1576 1578
f 1577 1578 1579
f 1578 1580 1581
f 1578 1581 1582
f 1582 1583 1579
f 1582 1581 1584
f 1582 1584 1585
f 1585 1289 1583
f 1585 1584 1586
f 1585 1586 1291
f 1586 1587 1588
f 1586 1588 1293
f 1588 1589 1590
f 1588 1590 1296
f 1590 1591 1592
f 1590 1592 1593
f 1592 1594 1595
f 1592 1595 1596
f 1596 1597 1593
f 1596 1595 1598
f 1596 1598 1599
f 1599 1600 1597
f 1599 1598 1601
f 1599 1601 1602
f 1602 1305 1303
f 1602 1601 1603
f 1602 1604 1305
f 1604 1603 1605
f 1604 1606 1307
f 1606 1605 1607
f 1606 1608 1309
f 1608 1607 1609
f 1608 1609 1311
f 1609 1610 1611
f 1609 1611 1612
f 1612 1613 1313
f 1612 1611 1614
f 1612 1614 1615
f 1615 1318 1316
f 1615 1614 1616
f 1615 1617 1318
f 1618 1321 1319
f 1618 1617 1619
f 1618 1620 1321
f 1621 1622 1321
f 1621 1620 1623
f 1621 1624 1625
f 1625 1624 6
f 1625 6 1626
f 1625 1627 1622
f 1628 1324 1322
f 1628 1627 1629
f 1628 1630 1327
f 1630 1629 1631
f 1630 1631 1632
f 1631 1633 1634
f 1631 1634 1635
f 1635 1636 1632
f 1635 1634 1637
f 1635 1637 1638
f 1638 1639 1636
f 1638 1637 1347
f 1638 1347 1345
f 1637 1640 1349
f 1641 1640 1642
f 1641 1643 1352
f 1641 1352 1350
f 1644 1643 1645
f 1644 1646 1355
f 1644 1355 1353
f 1647 1646 1648
f 1647 1649 1358
f 1647 1358 1356
f 1650 1649 1651
f 1650 1652 1361
f 1650 1361 1359
f 1653 1652 1654
f 1653 1655 1364
f 1653 1364 1362
f 1656 1655 1657
f 1656 1658 1367
f 1656 1367 1365
f 1658 1657 1659
f 1658 1660 1369
f 1661 1660 1662
f 1661 1663 1372
f 1661 1372 1370
f 1664 1663 1665
f 1664 1666 1375
f 1664 1375 1373
f 1667 1666 1668
f 1667 1669 1670
f 1667 1670 1376
f 1670 1671 1672
f 1670 1672 1378
f 1672 1673 1674
f 1672 1674 1380
f 1674 1675 1676
f 1674 1677 1382
f 1677 1676 1678
f 1677 1679 1382
f 1679 1678 1680
f 1679 1681 1385
f 1681 1680 1682
f 1681 1683 1386
f 1684 1683 1685
f 1684 1686 1389
f 1684 1389 1387
f 1687 1686 1688
f 1687 1689 1392
f 1687 1392 1390
f 1690 1689 1691
f 1690 1692 1693
f 1690 1693 1393
f 1693 1694 1695
f 1693 1695 1395
f 1695 1696 1697
f 1695 1697 1397
f 1697 1698 1699
f 1697 1699 1399
f 1699 1700 1701
f 1699 1701 1402
f 1701 1702 1703
f 1701 1703 1704
f 1703 1705 1706
f 1703 1706 1707
f 1707 1708 1704
f 1707 1706 1709
f 1707 1709 1710
f 1710 1711 1708
f 1710 1709 1712
f 1710 1712 1713
f 1713 1412 1711
f 1713 1712 1714
f 1713 1714 1414
f 1714 1715 1716
f 1714 1716 1416
f 1716 1717 1718
f 1716 1718 1417
f 1718 1719 1720
f 1718 1720 1417
f 1720 1721 1722
f 1720 1722 1723
f 1722 1724 1725
f 1722 1725 1726
f 1725 1727 1728
f 1725 1728 1729
f 1729 1730 1726
f 1729 1728 1462
f 1729 1462 1457
f 1730 1731 74
f 1730 1457 1456
f 1731 1732 1430
f 1731 1456 1732
f 1732 1433 1431
f 1732 1453 1433
f 1724 1721 1733
f 1724 1734 1727
f 1734 1733 1735
f 1734 1736 1470
f 1736 1735 1737
f 1736 1738 1471
f 1738 1737 1739
f 1738 1740 1473
f 1740 1739 1741
f 1740 1742 1475
f 1742 1741 1743
f 1742 1744 1477
f 1744 1743 1745
f 1744 1746 1479
f 1746 1745 1747
f 1746 1748 1481
f 1748 1747 1492
f 1748 1490 1483
f 1747 1745 1749
f 1747 1749 1495
f 1749 1750 1751
f 1749 1751 1752
f 1751 1753 1754
f 1751 1754 1755
f 1755 1754 1756
f 1755 1756 1757
f 1755 1758 1752
f 1757 1756 1759
f 1757 1760 1761
f 1757 1762 1758
f 1761 1760 1763
f 1761 1763 1764
f 1761 1764 1501
f 1764 1765 1766
f 1764 1766 1502
f 1766 1767 1768
f 1766 1768 1502
f 1768 1769 1770
f 1768 1771 1504
f 1771 1770 1772
f 1771 1773 1506
f 1773 1772 1616
f 1773 1774 1508
f 1774 1616 1614
f 1774 1775 1776
f 1776 1775 1777
f 1776 1777 1778
f 1776 1779 1780
f 1778 1777 1781
f 1778 1781 1782
f 1778 1783 1779
f 1782 1781 1784
f 1782 1784 1785
f 1782 1786 1783
f 1786 1785 1787
f 1786 1788 1515
f 1788 1787 1789
f 1788 1790 1516
f 1790 1789 1791
f 1790 1792 1518
f 1791 1789 1793
f 1791 1793 1794
f 1791 1795 1792
f 1794 1793 1796
f 1794 1796 1797
f 1794 1798 1795
f 1797 1796 1799
f 1797 1799 1800
f 1797 1801 1798
f 1800 1799 1802
f 1800 1802 1803
f 1800 1804 1801
f 1803 1802 1805
f 1803 1805 1806
f 1803 1807 1804
f 1806 1805 1808
f 1806 1808 1542
f 1806 1540 1807
f 1808 1809 1810
f 1808 1810 1544
f 1810 1811 1812
f 1810 1812 1813
f 1813 1812 1814
f 1813 1814 1815
f 1813 1547 1544
f 1815 1814 1816
f 1815 1816 1550
f 1815 1550 1548
f 1817 1816 1818
f 1817 1819 1553
f 1817 1553 1551
f 1820 1819 1821
f 1820 1822 1823
f 1820 1823 1554
f 1823 1824 1825
f 1823 1825 1556
f 1825 1826 138
f 1825 138 1558
f 1826 1824 1827
f 1826 1828 135
f 1828 1827 1829
f 1828 1830 136
f 1831 1832 133
f 1831 1830 1833
f 1831 1834 1832
f 1835 1836 1837
f 1835 1834 1838
f 1835 1839 1836
f 1840 1841 1565
f 1840 1839 1842
f 1840 1843 1841
f 1844 1845 1841
f 1844 1843 1846
f 1844 1847 1848
f 1848 1572 1845
f 1848 1847 1849
f 1848 1849 1850
f 1850 1575 1572
f 1850 1849 1851
f 1850 1851 1852
f 1852 1580 1575
f 1852 1851 1853
f 1852 1853 1854
f 1853 1855 1856
f 1853 1856 1857
f 1857 1858 1854
f 1857 1856 1859
f 1857 1859 1860
f 1860 1587 1858
f 1860 1859 1861
f 1860 1861 1589
f 1861 1862 1863
f 1861 1863 1591
f 1863 1864 1865
f 1863 1865 1594
f 1865 1866 1867
f 1865 1868 24
f 1867 1866 1869
f 1867 1869 1870
f 1867 1871 1868
f 1871 1870 1872
f 1871 1873 25
f 1873 1872 1874
f 1873 1875 26
f 1876 1875 1877
f 1876 1878 1879
f 1876 1879 29
f 1879 1880 1881
f 1879 1881 1882
f 1881 1883 1884
f 1881 1884 1885
f 1885 1886 1882
f 1885 1884 1887
f 1885 1887 1888
f 1888 1889 1886
f 1888 1887 1785
f 1888 1785 1784
f 1890 1891 28
f 1890 28 27
f 1890 1889 1892
f 1892 1605 1891
f 1892 1889 1893
f 1892 1893 1607
f 1891 1603 1894
f 1887 1895 1787
f 1884 1896 1895
f 1883 1880 1897
f 1883 1898 1896
f 1897 1880 1899
f 1897 1899 1900
f 1897 1901 1898
f 1900 1899 1902
f 1900 1902 1903
f 1900 1904 1901
f 1903 1902 1905
f 1903 1905 1811
f 1903 1809 1904
f 1905 1906 1907
f 1905 1907 1908
f 1907 1909 1910
f 1907 1910 1911
f 1911 1910 1912
f 1911 1912 1913
f 1911 1914 1908
f 1913 1912 1915
f 1913 1915 1916
f 1913 1917 1914
f 1916 1915 1918
f 1916 1918 1919
f 1916 1818 1917
f 1919 1918 1920
f 1919 1920 1821
f 1919 1821 1819
f 1921 1920 1922
f 1921 1922 1923
f 1921 1923 1822
f 1923 1924 1827
f 1923 1827 1824
f 1924 1922 1925
f 1924 1926 1829
f 1927 1926 1928
f 1927 1929 1833
f 1927 1833 1830
f 1930 1838 1834
f 1930 1929 1931
f 1930 1931 1838
f 1932 1842 1839
f 1932 1931 109
f 1932 114 1842
f 1933 1846 1843
f 1933 114 113
f 1933 1934 1846
f 1935 1936 1847
f 1935 1934 1937
f 1935 1938 1936
f 1939 1940 1936
f 1939 1938 1941
f 1939 1941 1942
f 1942 1855 1940
f 1942 1941 1943
f 1942 1943 1944
f 1943 1945 1946
f 1943 1946 1947
f 1947 1948 1944
f 1947 1946 1949
f 1947 1949 1950
f 1950 1862 1948
f 1950 1949 1951
f 1950 1951 1864
f 1951 1952 1953
f 1951 1953 1866
f 1954 1952 1955
f 1954 1956 1957
f 1954 1958 1953
f 1958 1957 1959
f 1958 1960 1869
f 1960 1959 1961
f 1960 1962 1870
f 1962 1961 1963
f 1962 1964 1872
f 1964 1963 1965
f 1964 1966 1874
f 1967 1966 1968
f 1967 1969 1877
f 1967 1877 1875
f 1969 1968 1909
f 1969 1906 1970
f 1968 1966 1971
f 1968 1971 1972
f 1971 1965 1973
f 1971 1973 1974
f 1974 1973 1975
f 1974 1975 1976
f 1974 1977 1972
f 1976 1975 1978
f 1976 1978 1979
f 1976 1980 1977
f 1979 1978 1981
f 1979 1981 1982
f 1979 1983 1980
f 1982 1981 1984
f 1982 1984 1985
f 1982 1986 1983
f 1985 1984 1987
f 1985 1987 1988
f 1985 1989 1986
f 1988 1987 1990
f 1988 1990 1991
f 1988 1925 1989
f 1991 1990 1992
f 1991 1992 1993
f 1991 1928 1925
f 1993 1992 1994
f 1993 1994 110
f 1993 1995 1928
f 1994 1996 1997
f 1994 1997 111
f 1997 1998 112
f 1997 1999 1998
f 2000 2001 2002
f 2000 1999 2003
f 2000 2004 2001
f 2005 2006 2001
f 2005 2004 2007
f 2005 2007 2008
f 2008 2009 2006
f 2008 2007 2010
f 2008 2010 2011
f 2011 1955 2009
f 2011 2010 2012
f 2011 2012 1956
f 2012 2013 2014
f 2012 2014 1956
f 2014 2015 105
f 2014 2016 1957
f 2016 105 104
f 2016 2017 1959
f 2017 104 2018
f 2017 2019 1961
f 2019 2018 2020
f 2019 2021 1963
f 2020 2018 2022
f 2020 2022 2023
f 2020 2024 2021
f 2023 2022 2025
f 2023 2025 2026
f 2023 2027 2024
f 2026 2025 2028
f 2026 2028 67
f 2026 2029 2027
f 2028 2030 2031
f 2028 2031 68
f 2031 2032 2033
f 2031 2034 68
f 2034 2033 2035
f 2034 2036 69
f 2036 2035 2037
f 2036 2038 2039
f 2037 2003 1999
f 2037 1996 2038
f 2037 2035 2003
f 2040 2041 2004
f 2040 2035 2033
f 2040 2042 2043
f 2043 2044 2041
f 2043 2042 2045
f 2043 2045 2046
f 2046 2013 2044
f 2046 2045 2047
f 2046 2047 2015
f 2047 2048 106
f 2047 106 105
f 2048 2045 2049
f 2048 2050 107
f 2050 2049 2032
f 2050 2030 2051
f 2049 2042 2033
f 2051 2022 103
f 2009 2052 2053
f 2054 1945 2055
f 2054 2055 2001
f 2054 2006 2053
f 2002 2055 1937
f 2002 1937 1998
f 2039 1987 65
f 1981 2029 66
f 1955 1952 2052
f 1937 1934 112
f 1931 1995 109
f 1970 1899 1878
f 1837 1563 1561
f 1837 134 1832
f 1837 1836 1563
f 1893 1781 1610
f 1772 1619 1617
f 1772 1770 1619
f 2056 1623 1620
f 2056 1770 1769
f 2056 2057 1623
f 2058 7 1624
f 2058 2057 2059
f 2058 2059 4
f 2059 2060 2061
f 2059 2062 2060
f 2063 2064 2065
f 2063 2062 1767
f 2063 1765 2064
f 2065 2066 2067
f 2065 2068 2060
f 2065 2064 2066
f 2069 2070 2071
f 2069 2064 2072
f 2069 2072 2073
f 2073 2074 2070
f 2073 2072 1759
f 2073 1759 2075
f 2075 2076 2074
f 2075 1759 2077
f 2075 2077 2078
f 2078 2079 2076
f 2078 2077 2080
f 2078 2080 2081
f 2081 2082 2079
f 2081 2080 2083
f 2081 2083 2084
f 2084 2085 2082
f 2084 2083 2086
f 2084 2086 2087
f 2087 2088 2085
f 2087 2086 1739
f 2087 1739 1737
f 2089 2090 2091
f 2089 2091 2092
f 2089 2088 2093
f 2093 2094 2090
f 2093 2088 1735
f 2093 1735 1733
f 2095 1717 2096
f 2095 2096 2097
f 2095 2094 1719
f 2096 1715 2098
f 2096 2098 2099
f 2099 2098 2100
f 2099 2100 2101
f 2099 2102 2097
f 2102 2101 2103
f 2102 2104 2091
f 2104 2103 2105
f 2104 2106 2092
f 2105 2103 2107
f 2105 2107 2108
f 2105 2109 2106
f 2108 2107 2110
f 2108 2110 2111
f 2108 2112 2109
f 2111 2110 2113
f 2111 2113 2114
f 2111 2115 2112
f 2114 2113 2116
f 2114 2117 2071
f 2114 2071 2115
f 2118 2117 2119
f 2118 2120 2067
f 2118 2067 2066
f 2121 2120 2122
f 2121 2123 2124
f 2121 2124 2068
f 2124 2125 2
f 2124 2 2061
f 2125 2123 2126
f 2125 2126 2127
f 2127 2126 2128
f 2127 2128 2129
f 2127 2130 2131
f 2130 2129 2132
f 2130 2133 3
f 2133 2132 2134
f 2133 2135 5
f 2136 2137 8
f 2136 2135 2138
f 2136 2139 2137
f 2140 2141 2142
f 2140 2139 2143
f 2140 2144 2141
f 2145 2146 1633
f 2145 2144 2147
f 2145 2148 2146
f 2148 2147 1645
f 2148 1645 1643
f 2149 2147 2150
f 2149 2150 1648
f 2149 1648 1646
f 2151 2150 2152
f 2151 2153 1651
f 2151 1651 1649
f 2154 2153 2155
f 2154 2156 1654
f 2154 1654 1652
f 2157 2156 2158
f 2157 2159 1657
f 2157 1657 1655
f 2159 2158 2160
f 2159 2161 1659
f 2162 2161 2163
f 2162 2164 1662
f 2162 1662 1660
f 2165 2164 2166
f 2165 2167 1665
f 2165 1665 1663
f 2168 2167 2169
f 2168 2170 1668
f 2168 1668 1666
f 2171 2170 2172
f 2171 2173 2174
f 2171 2174 1669
f 2174 2175 2176
f 2174 2176 1671
f 2176 2177 2178
f 2176 2178 1673
f 2178 2179 2180
f 2178 2180 1673
f 2179 2177 2181
f 2179 2182 54
f 2182 2181 2183
f 2182 2184 55
f 2185 2184 2186
f 2185 2187 2188
f 2185 2188 56
f 2188 2189 2190
f 2188 2190 2191
f 2190 2192 1680
f 2190 1680 1678
f 2192 2189 2193
f 2192 2194 1682
f 2195 2194 2196
f 2195 2197 1685
f 2195 1685 1683
f 2198 2197 2199
f 2198 2199 1688
f 2198 1688 1686
f 2200 2199 2201
f 2200 2202 1691
f 2200 1691 1689
f 2203 2202 2204
f 2203 2205 2206
f 2203 2206 1692
f 2206 2207 2208
f 2206 2208 1694
f 2208 2209 2210
f 2208 2210 1696
f 2210 2211 2212
f 2210 2212 1698
f 2212 2213 2214
f 2212 2214 1700
f 2214 2215 2216
f 2214 2216 1702
f 2216 2217 2218
f 2216 2218 1705
f 2218 2219 2220
f 2218 2220 2221
f 2217 2215 2222
f 2217 2223 2219
f 2222 2215 2224
f 2222 2224 2225
f 2222 2116 2223
f 2225 2224 2226
f 2225 2226 2119
f 2225 2119 2117
f 2227 2226 2228
f 2227 2229 2122
f 2227 2122 2120
f 2230 2229 2231
f 2230 2232 2233
f 2230 2233 2123
f 2234 2232 2235
f 2234 2236 2237
f 2234 2238 2233
f 2237 2236 2239
f 2237 2239 2240
f 2237 2241 2238
f 2241 2240 2242
f 2241 2243 2128
f 2243 2242 2244
f 2243 2245 2129
f 2245 2244 2246
f 2245 2247 2132
f 2247 2246 2248
f 2247 2249 2134
f 2250 2138 2135
f 2250 2249 2251
f 2250 2252 2138
f 2253 2143 2139
f 2253 2252 2254
f 2253 2255 2143
f 2255 2254 2256
f 2255 2152 2257
f 2256 2254 2258
f 2256 2258 2155
f 2256 2155 2153
f 2259 2258 2260
f 2259 2261 2158
f 2259 2158 2156
f 2261 2260 2262
f 2261 2263 2160
f 2264 2263 2265
f 2264 2266 2163
f 2264 2163 2161
f 2267 2266 2268
f 2267 2269 2166
f 2267 2166 2164
f 2270 2269 2271
f 2270 2272 2169
f 2270 2169 2167
f 2273 2272 2274
f 2273 95 2172
f 2273 2172 2170
f 2274 2272 2275
f 2274 2275 2276
f 2274 2277 95
f 2277 2276 2278
f 2277 2279 92
f 2279 2278 2280
f 2279 2281 2282
f 2283 2284 2282
f 2283 2281 2285
f 2283 2285 2183
f 2285 2286 2186
f 2285 2186 2184
f 2287 2286 2288
f 2287 2289 2290
f 2287 2290 2187
f 2290 2291 2193
f 2290 2193 2189
f 2292 2291 2293
f 2292 2294 2196
f 2292 2196 2194
f 2295 2294 2296
f 2295 2296 2297
f 2295 2298 2197
f 2297 2296 2299
f 2297 2299 2300
f 2297 2201 2298
f 2300 2299 2301
f 2300 2301 2302
f 2300 2204 2201
f 2302 2301 2303
f 2302 2303 2304
f 2302 2305 2204
f 2305 2304 2306
f 2305 2307 2207
f 2307 2306 2228
f 2307 2308 2209
f 2308 2228 2309
f 2308 2309 2211
f 2306 2304 2231
f 2306 2231 2229
f 2310 2304 2303
f 2310 2311 2235
f 2310 2235 2232
f 2312 2311 2313
f 2312 2314 2315
f 2312 2315 2236
f 2316 2314 2317
f 2316 2318 2319
f 2316 2320 2315
f 2320 2319 2321
f 2320 2322 2239
f 2322 2321 2323
f 2322 2324 2240
f 2324 2323 2325
f 2324 2326 2242
f 2326 2325 2327
f 2326 2328 2244
f 2328 2327 2329
f 2328 2330 2246
f 2330 2329 2331
f 2330 2332 2248
f 2333 2251 2249
f 2333 2332 2334
f 2333 2335 2251
f 2335 2334 2260
f 2335 2260 2336
f 2334 2332 2337
f 2334 2337 2262
f 2338 2337 2339
f 2338 2339 2265
f 2338 2265 2263
f 2340 2339 2341
f 2340 2341 2268
f 2340 2268 2266
f 2342 2341 2343
f 2342 2344 2271
f 2342 2271 2269
f 2344 2343 2345
f 2344 2346 2275
f 2346 2345 2347
f 2346 2348 2276
f 2348 2347 2349
f 2348 2350 2278
f 2350 2349 2351
f 2350 2352 2280
f 2352 2351 2353
f 2352 2354 2288
f 2354 2353 2355
f 2354 2293 2291
f 2355 2353 2356
f 2355 2356 2357
f 2355 2358 2293
f 2357 2356 2359
f 2357 2359 2360
f 2357 2361 2358
f 2360 2359 2362
f 2360 2362 2363
f 2360 2364 2361
f 2363 2362 2365
f 2363 2365 2313
f 2363 2366 2364
f 2365 2367 2317
f 2365 2317 2314
f 2368 2367 2369
f 2368 2370 2371
f 2368 2371 2318
f 2371 2372 2373
f 2371 2373 2319
f 2373 2374 2375
f 2373 2375 2321
f 2375 2376 63
f 2375 63 2321
f 2376 2374 2377
f 2376 2378 59
f 2378 2377 2379
f 2378 2380 60
f 2381 2382 61
f 2381 2380 2383
f 2381 2384 2382
f 2385 2386 2387
f 2385 2384 2388
f 2385 2389 2386
f 2389 2388 2390
f 2389 2391 2392
f 2390 2388 2393
f 2390 2393 2345
f 2390 2343 2391
f 2393 2394 2395
f 2393 2395 2345
f 2395 2396 2397
f 2395 2397 2347
f 2397 2398 2399
f 2397 2400 2349
f 2400 2399 2401
f 2400 2402 2351
f 2401 2399 86
f 2401 86 89
f 2401 2403 2402
f 2399 2398 2404
f 2405 2406 2379
f 2405 2407 2404
f 2405 2398 2406
f 2407 2379 2377
f 2407 2408 87
f 2408 2377 2374
f 2408 2372 90
f 2406 2383 2380
f 2406 2396 2383
f 2394 2388 2384
f 2387 2329 2327
f 2387 2409 2382
f 2387 2386 2329
f 2386 2392 2331
f 2370 2369 88
f 2369 2410 89
f 2369 2367 2410
f 2410 2359 2403
f 2327 2325 2409
f 2325 2323 62
f 2313 2311 2366
f 2288 2286 2280
f 2284 2411 93
f 2284 2183 2181
f 2411 2175 96
f 2411 2181 2177
f 2336 2254 2252
f 2309 2224 2213
f 2173 2172 94
f 2257 2147 2144
f 2142 1629 1627
f 2142 1626 2137
f 2142 2141 1629
f 2220 2103 2101
f 2101 2100 2221
f 2094 1733 1721
f 2086 2412 1741
f 2412 2083 1753
f 2412 1750 1743
f 2062 2057 1769
f 1678 1676 2191
f 1676 1675 57
f 1642 1640 2146
f 1894 1598 23
f 1561 1559 134
f 1559 1558 138
f 1451 1436 1434
f 1430 1428 71
f 1418 1417 1723
f 1345 1343 1639
f 1144 1142 2413
f 1144 2413 100
f 2413 2414 2415
f 2413 2415 1448
f 1142 1140 2414
f 2415 1128 1447
f 2416 679 13
f 2416 13 11
f 2416 1068 681
f 1004 637 2417
f 1001 2417 2418
f 998 2418 2419
f 995 2419 42
f 943 591 589
f 939 588 586
f 935 585 584
f 892 890 1224
f 884 883 49
f 798 789 785
f 788 119 783
f 779 778 116
f 707 81 705
f 678 676 14
f 676 674 1040
f 624 623 40
f 582 701 83
f 516 511 509
f 406 404 521
f 404 402 122
f 402 400 123
f 347 213 32
f 2420 315 313
f 300 299 144
f 213 211 320
f 2 2131 3
f 4 2061 2
f 1 5 8
f 1 7 4
f 8 1626 6
f 10 1061 11
f 12 1052 10
f 9 13 14
f 14 1040 15
f 15 1045 12
f 16 18 19
f 19 845 20
f 16 21 17
f 23 1595 24
f 24 1868 25
f 22 26 29
f 22 28 23
f 29 1882 27
f 31 343 32
f 32 320 33
f 33 319 34
f 30 36 31
f 34 327 35
f 37 39 41
f 40 975 38
f 41 992 42
f 42 628 43
f 37 44 40
f 46 1208 47
f 45 49 46
f 45 50 52
f 51 887 48
f 52 1224 51
f 53 55 56
f 56 2191 57
f 57 2180 54
f 58 60 61
f 61 2409 62
f 58 63 59
f 65 1984 66
f 64 67 68
f 64 69 65
f 71 1426 72
f 70 73 77
f 70 75 71
f 76 1726 74
f 77 1723 76
f 78 80 82
f 81 925 79
f 82 584 83
f 78 84 705
f 86 2404 87
f 85 89 86
f 85 90 88
f 92 2282 93
f 91 95 92
f 91 96 94
f 97 99 100
f 100 1448 101
f 101 1148 98
f 103 2018 104
f 102 105 106
f 102 107 103
f 108 110 111
f 108 112 113
f 108 114 109
f 115 117 119
f 118 868 116
f 119 863 118
f 121 521 122
f 120 123 124
f 124 514 121
f 125 127 130
f 125 129 126
f 125 131 128
f 132 134 137
f 132 136 133
f 132 138 135
f 139 141 142
f 139 143 144
f 144 299 140
f 145 147 148
f 148 816 149
f 145 150 146
f 152 179 153
f 151 154 155
f 155 156 152
f 157 176 152
f 156 158 159
f 159 160 157
f 160 162 157
f 160 163 164
f 164 165 161
f 165 166 167
f 167 210 168
f 168 169 161
f 169 170 171
f 171 173 172
f 169 162 161
f 173 220 174
f 172 175 162
f 176 157 162
f 174 224 177
f 175 178 176
f 179 152 176
f 177 227 180
f 178 181 179
f 182 153 179
f 180 230 183
f 181 184 182
f 183 233 185
f 184 186 187
f 187 188 182
f 188 153 182
f 188 189 190
f 190 191 154
f 191 155 154
f 191 192 193
f 193 194 158
f 194 159 158
f 194 195 196
f 196 197 163
f 197 164 163
f 197 198 199
f 199 200 166
f 200 167 166
f 199 304 202
f 202 203 201
f 202 306 204
f 203 205 206
f 203 207 201
f 206 317 208
f 207 209 210
f 210 167 201
f 208 321 211
f 211 212 170
f 209 168 210
f 212 213 214
f 214 216 215
f 212 171 170
f 216 218 217
f 215 173 171
f 218 221 219
f 217 220 173
f 221 357 222
f 219 223 220
f 224 174 220
f 222 361 225
f 223 226 224
f 227 177 224
f 225 364 228
f 226 229 227
f 230 180 227
f 228 367 231
f 229 232 230
f 233 183 230
f 231 370 234
f 232 235 233
f 236 185 233
f 234 238 237
f 235 141 236
f 238 240 239
f 237 142 141
f 240 242 241
f 239 143 142
f 242 378 243
f 241 244 143
f 245 144 143
f 243 382 246
f 244 247 245
f 248 300 245
f 246 386 249
f 247 250 248
f 251 296 248
f 249 390 252
f 250 253 251
f 254 292 251
f 252 394 255
f 253 256 254
f 257 288 254
f 255 398 258
f 256 259 257
f 260 283 257
f 259 261 262
f 259 131 260
f 262 263 264
f 264 128 131
f 264 265 266
f 266 129 128
f 266 267 268
f 268 269 129
f 269 126 129
f 269 271 272
f 272 273 270
f 273 274 275
f 275 309 276
f 273 277 270
f 276 307 278
f 277 279 127
f 127 126 270
f 278 305 280
f 279 281 282
f 282 130 127
f 282 283 260
f 260 131 130
f 280 303 284
f 281 285 283
f 284 302 286
f 285 287 288
f 288 257 283
f 287 289 290
f 287 291 292
f 292 254 288
f 291 293 294
f 291 295 296
f 296 251 292
f 295 297 298
f 295 299 300
f 300 248 296
f 298 186 301
f 298 140 299
f 301 185 236
f 236 141 140
f 297 187 186
f 294 293 189
f 293 190 189
f 290 289 192
f 289 193 192
f 286 302 195
f 302 196 195
f 284 303 198
f 303 199 198
f 303 305 304
f 306 202 304
f 305 307 306
f 308 204 306
f 307 309 308
f 308 310 311
f 311 205 204
f 311 312 313
f 313 314 205
f 314 315 316
f 316 318 317
f 314 206 205
f 318 319 33
f 318 320 321
f 321 208 317
f 316 322 319
f 315 2420 323
f 323 325 324
f 322 34 319
f 325 328 326
f 324 327 34
f 328 430 329
f 326 330 327
f 329 436 331
f 330 332 333
f 333 35 327
f 333 334 335
f 335 36 35
f 335 336 337
f 337 338 36
f 337 448 339
f 339 341 340
f 338 31 36
f 341 344 342
f 340 343 31
f 344 462 345
f 342 346 343
f 347 32 343
f 345 466 348
f 346 349 347
f 214 213 347
f 348 351 350
f 349 216 214
f 351 353 352
f 350 218 216
f 353 355 354
f 352 221 218
f 355 358 356
f 354 357 221
f 358 476 359
f 356 360 357
f 361 222 357
f 359 480 362
f 360 363 361
f 364 225 361
f 362 483 365
f 363 366 364
f 367 228 364
f 365 486 368
f 366 369 367
f 370 231 367
f 368 489 371
f 369 372 370
f 238 234 370
f 371 374 373
f 372 240 238
f 374 376 375
f 373 242 240
f 376 379 377
f 375 378 242
f 379 497 380
f 380 381 378
f 382 243 378
f 381 383 384
f 384 385 382
f 385 246 382
f 385 387 388
f 388 389 386
f 389 249 386
f 389 391 392
f 392 393 390
f 393 252 390
f 393 395 396
f 396 397 394
f 397 255 394
f 397 399 400
f 400 401 398
f 401 258 398
f 401 402 403
f 403 263 261
f 403 404 405
f 405 265 263
f 405 406 407
f 407 267 265
f 407 408 409
f 409 410 267
f 410 268 267
f 410 411 412
f 412 413 271
f 413 414 415
f 415 416 274
f 413 272 271
f 416 417 418
f 418 420 419
f 416 275 274
f 420 312 310
f 419 309 275
f 420 421 422
f 422 2420 312
f 422 423 424
f 422 323 2420
f 424 425 426
f 424 325 323
f 425 428 427
f 426 328 325
f 428 431 429
f 427 430 328
f 431 545 432
f 429 433 430
f 432 549 434
f 433 435 436
f 436 329 430
f 434 553 437
f 435 438 439
f 439 331 436
f 439 440 441
f 441 332 331
f 441 442 443
f 443 334 332
f 443 444 445
f 445 336 334
f 444 569 446
f 445 447 336
f 448 337 336
f 446 572 449
f 447 450 448
f 451 339 448
f 449 575 452
f 450 453 451
f 452 578 454
f 453 455 456
f 456 457 451
f 457 339 451
f 457 458 459
f 457 344 341
f 459 460 461
f 459 462 344
f 461 463 464
f 461 465 462
f 466 345 462
f 464 597 467
f 465 468 466
f 351 348 466
f 467 470 469
f 468 353 351
f 470 472 471
f 469 355 353
f 472 474 473
f 471 358 355
f 474 477 475
f 473 476 358
f 477 607 478
f 475 479 476
f 480 359 476
f 478 611 481
f 479 482 480
f 483 362 480
f 481 614 484
f 482 485 483
f 486 365 483
f 484 618 487
f 485 488 486
f 489 368 486
f 487 622 490
f 488 491 489
f 374 371 489
f 490 493 492
f 491 376 374
f 493 495 494
f 492 379 376
f 495 498 496
f 494 497 379
f 496 499 500
f 500 501 497
f 501 380 497
f 501 502 503
f 503 504 383
f 504 384 383
f 504 505 506
f 506 507 387
f 507 388 387
f 507 508 509
f 509 510 391
f 510 392 391
f 510 511 512
f 512 513 395
f 513 396 395
f 513 514 124
f 124 123 399
f 512 515 514
f 515 516 517
f 517 519 518
f 515 121 514
f 519 522 520
f 518 521 121
f 522 523 408
f 520 406 521
f 523 524 525
f 525 526 411
f 523 409 408
f 526 527 528
f 528 529 414
f 526 412 411
f 529 530 531
f 531 532 417
f 529 415 414
f 532 533 534
f 534 423 421
f 532 418 417
f 534 535 536
f 536 425 423
f 536 537 538
f 538 428 425
f 538 539 540
f 540 431 428
f 540 541 542
f 542 545 431
f 542 543 544
f 544 546 545
f 546 547 548
f 548 550 549
f 546 432 545
f 550 551 552
f 552 554 553
f 553 434 549
f 554 555 556
f 556 558 557
f 557 437 553
f 557 559 560
f 560 438 437
f 560 561 562
f 562 440 438
f 562 563 564
f 564 442 440
f 564 565 566
f 566 444 442
f 566 567 568
f 566 569 444
f 567 688 570
f 568 571 569
f 572 446 569
f 570 692 573
f 571 574 572
f 575 449 572
f 573 695 576
f 574 577 575
f 578 452 575
f 576 698 579
f 577 580 578
f 581 454 578
f 579 701 582
f 580 583 581
f 582 83 584
f 583 585 586
f 586 587 581
f 587 454 581
f 587 588 589
f 589 590 455
f 590 456 455
f 590 591 592
f 590 460 458
f 591 594 593
f 592 463 460
f 594 948 595
f 593 596 463
f 597 464 463
f 595 952 598
f 596 599 597
f 470 467 597
f 598 601 600
f 599 472 470
f 601 603 602
f 600 474 472
f 603 605 604
f 602 477 474
f 605 608 606
f 604 607 477
f 608 962 609
f 606 610 607
f 611 478 607
f 609 966 612
f 610 613 611
f 614 481 611
f 613 615 616
f 613 617 614
f 618 484 614
f 617 619 620
f 620 621 618
f 621 487 618
f 621 623 624
f 624 625 622
f 493 490 622
f 624 44 626
f 625 495 493
f 626 43 627
f 626 498 495
f 627 628 629
f 629 499 498
f 628 2419 630
f 630 631 499
f 631 500 499
f 630 2418 632
f 632 633 502
f 633 503 502
f 632 2417 634
f 633 635 505
f 635 506 505
f 634 637 636
f 635 516 508
f 637 639 638
f 636 517 516
f 639 641 640
f 638 519 517
f 641 642 524
f 640 522 519
f 642 643 644
f 644 645 527
f 642 525 524
f 645 646 647
f 647 648 530
f 645 528 527
f 648 649 650
f 650 535 533
f 648 531 530
f 650 651 652
f 652 537 535
f 652 653 654
f 654 539 537
f 654 655 656
f 656 541 539
f 656 657 658
f 658 543 541
f 658 659 660
f 660 661 543
f 661 662 663
f 663 664 547
f 661 544 543
f 664 665 666
f 666 667 551
f 664 548 547
f 667 668 669
f 669 670 555
f 667 552 551
f 670 671 672
f 672 674 673
f 670 556 555
f 674 676 675
f 673 558 556
f 676 678 677
f 677 559 558
f 677 679 680
f 680 561 559
f 680 681 682
f 682 563 561
f 682 683 684
f 684 565 563
f 684 685 686
f 686 567 565
f 685 689 687
f 686 688 567
f 689 1076 690
f 687 691 688
f 692 570 688
f 690 1081 693
f 691 694 692
f 695 573 692
f 693 1084 696
f 694 697 695
f 697 576 695
f 696 1087 699
f 697 700 698
f 701 579 698
f 699 703 702
f 700 84 701
f 703 708 704
f 702 705 84
f 704 707 705
f 708 709 706
f 709 711 706
f 709 712 713
f 713 714 710
f 714 716 710
f 714 717 718
f 718 719 715
f 719 721 715
f 719 722 723
f 723 724 720
f 724 726 720
f 724 727 728
f 728 729 725
f 729 731 725
f 729 732 733
f 733 734 730
f 734 736 730
f 734 737 738
f 738 739 735
f 740 902 735
f 739 741 742
f 739 743 740
f 744 899 740
f 742 1109 745
f 743 746 744
f 747 894 744
f 745 1113 748
f 748 749 747
f 749 751 747
f 748 1117 752
f 752 753 750
f 754 889 750
f 752 1121 755
f 753 756 754
f 757 886 754
f 755 1124 758
f 756 759 757
f 760 881 757
f 758 1127 761
f 759 762 760
f 762 764 760
f 762 765 766
f 766 767 763
f 767 769 763
f 767 770 771
f 771 772 768
f 772 774 768
f 772 775 776
f 776 777 773
f 777 779 773
f 777 780 781
f 781 782 778
f 782 117 778
f 782 784 785
f 785 786 783
f 786 788 783
f 786 789 790
f 790 791 787
f 792 853 793
f 791 794 787
f 791 795 792
f 21 850 792
f 790 789 796
f 795 17 21
f 789 798 797
f 796 18 17
f 797 799 800
f 800 801 18
f 802 810 803
f 801 19 18
f 801 804 802
f 804 799 805
f 805 1139 806
f 806 807 802
f 808 836 809
f 807 810 802
f 807 811 808
f 806 1139 812
f 811 813 814
f 814 815 808
f 815 148 817
f 817 836 808
f 815 818 816
f 814 813 819
f 818 820 821
f 821 149 816
f 821 822 823
f 823 150 149
f 823 824 825
f 825 826 150
f 826 827 828
f 828 830 829
f 826 146 150
f 830 832 831
f 829 147 146
f 832 1165 833
f 831 834 147
f 833 837 835
f 834 836 817
f 817 148 147
f 837 839 838
f 838 809 836
f 838 840 841
f 841 810 809
f 841 842 843
f 843 803 810
f 843 844 845
f 845 19 803
f 842 1174 846
f 844 847 848
f 848 20 845
f 848 849 850
f 850 21 20
f 847 1179 851
f 849 852 853
f 853 792 850
f 851 1182 854
f 852 855 856
f 856 793 853
f 856 857 858
f 858 794 793
f 858 859 860
f 860 861 794
f 861 862 863
f 863 119 788
f 861 787 794
f 860 859 864
f 862 865 866
f 866 118 863
f 865 869 867
f 866 868 118
f 869 873 870
f 867 871 868
f 870 872 774
f 871 773 779
f 779 116 868
f 872 873 874
f 874 875 769
f 872 768 774
f 875 876 877
f 877 878 764
f 875 763 769
f 878 879 880
f 880 882 881
f 878 760 764
f 882 883 884
f 882 885 886
f 886 757 881
f 884 48 887
f 885 888 889
f 889 754 886
f 888 51 890
f 890 891 751
f 888 750 889
f 891 892 893
f 893 895 894
f 891 747 751
f 895 896 897
f 895 898 899
f 899 744 894
f 897 1231 900
f 898 901 902
f 902 740 899
f 900 1234 903
f 903 904 736
f 736 735 902
f 903 1237 905
f 905 906 731
f 904 730 736
f 906 907 908
f 908 909 726
f 906 725 731
f 909 910 911
f 911 912 721
f 909 720 726
f 912 913 914
f 914 915 716
f 912 715 721
f 915 916 917
f 917 918 711
f 915 710 716
f 918 919 920
f 920 81 707
f 918 706 711
f 920 921 922
f 922 925 81
f 922 923 924
f 924 926 925
f 924 1257 927
f 926 928 929
f 929 79 925
f 929 930 931
f 931 80 79
f 931 932 933
f 933 934 80
f 934 82 80
f 934 936 937
f 937 938 935
f 938 585 935
f 938 940 941
f 941 942 939
f 942 588 939
f 942 944 945
f 945 946 943
f 946 591 943
f 945 949 947
f 946 948 594
f 949 1285 950
f 947 951 948
f 952 595 948
f 950 1284 953
f 951 954 952
f 601 598 952
f 953 956 955
f 954 603 601
f 956 958 957
f 955 605 603
f 958 960 959
f 957 608 605
f 960 963 961
f 959 962 608
f 963 1295 964
f 961 965 962
f 966 609 962
f 964 1299 967
f 965 968 966
f 615 612 966
f 967 1302 969
f 968 970 615
f 970 616 615
f 970 971 972
f 972 973 619
f 973 620 619
f 973 974 975
f 975 40 623
f 972 971 976
f 974 977 978
f 978 38 975
f 978 979 980
f 980 39 38
f 980 981 982
f 982 983 39
f 983 41 39
f 983 985 986
f 986 987 984
f 987 988 989
f 989 1326 990
f 987 991 984
f 992 41 984
f 990 1330 993
f 991 994 992
f 995 42 992
f 993 1333 996
f 994 997 995
f 998 2419 995
f 996 1336 999
f 997 1000 998
f 1001 2418 998
f 999 1339 1002
f 1000 1003 1001
f 1004 2417 1001
f 1002 1008 1005
f 1003 1006 1004
f 639 637 1004
f 1005 1007 643
f 1006 641 639
f 1007 1008 1009
f 1009 1010 646
f 1007 644 643
f 1010 1011 1012
f 1012 651 649
f 1010 647 646
f 1012 1013 1014
f 1014 653 651
f 1014 1015 1016
f 1016 655 653
f 1016 1017 1018
f 1018 657 655
f 1018 1019 1020
f 1020 659 657
f 1020 1021 1022
f 1022 1023 659
f 1023 1024 1025
f 1025 1026 662
f 1023 660 659
f 1026 1027 1028
f 1028 1029 665
f 1026 663 662
f 1029 1030 1031
f 1031 1032 668
f 1029 666 665
f 1032 1033 1034
f 1034 1035 671
f 1032 669 668
f 1035 1036 1037
f 1037 1039 1038
f 1035 672 671
f 1039 15 1040
f 1038 674 672
f 1039 1041 1042
f 1042 1045 15
f 1042 1043 1044
f 1044 1046 1045
f 1046 1047 1048
f 1048 1050 1049
f 1046 12 1045
f 1050 1053 1051
f 1049 1052 12
f 1053 1384 1054
f 1054 1055 1052
f 1055 1056 1057
f 1057 1059 1058
f 1055 10 1052
f 1059 1062 1060
f 1058 1061 10
f 1062 1401 1063
f 1060 1064 1061
f 1065 11 1061
f 1063 1405 1066
f 1064 1067 1065
f 1068 2416 1065
f 1066 1408 1069
f 1067 1070 1068
f 683 681 1068
f 1069 1072 1071
f 1070 685 683
f 1071 1073 1074
f 1071 689 685
f 1073 1077 1075
f 1074 1076 689
f 1075 1078 1079
f 1075 1080 1076
f 1081 690 1076
f 1079 1420 1082
f 1080 1083 1081
f 1084 693 1081
f 1082 1422 1085
f 1083 1086 1084
f 1087 696 1084
f 1085 1091 1088
f 1086 1089 1087
f 1089 708 703
f 703 699 1087
f 1088 1090 712
f 1090 713 712
f 1090 1091 1092
f 1092 1093 717
f 1093 718 717
f 1093 1094 1095
f 1095 1096 722
f 1096 723 722
f 1096 1097 1098
f 1098 1099 727
f 1099 728 727
f 1099 1100 1101
f 1101 1102 732
f 1102 733 732
f 1102 1103 1104
f 1104 1105 737
f 1105 738 737
f 1105 1106 1107
f 1107 1108 741
f 1108 742 741
f 1108 1110 1111
f 1111 1112 1109
f 1112 745 1109
f 1112 1114 1115
f 1112 1116 1113
f 1117 748 1113
f 1116 1118 1119
f 1116 1120 1117
f 1121 752 1117
f 1119 1443 1122
f 1120 1123 1121
f 1124 755 1121
f 1122 1445 1125
f 1123 1126 1124
f 1127 758 1124
f 1125 1447 1128
f 1126 1129 1127
f 765 761 1127
f 1128 2415 1130
f 1129 1131 765
f 1131 766 765
f 1130 2414 1132
f 1131 1133 770
f 1133 771 770
f 1132 1140 1134
f 1134 1135 775
f 1135 776 775
f 1135 1136 1137
f 1137 1138 780
f 1138 781 780
f 1138 805 799
f 799 798 784
f 1137 1139 805
f 1136 1140 1141
f 1141 812 1139
f 1141 1142 1143
f 1143 813 812
f 1143 1144 1145
f 1145 819 813
f 1145 99 1146
f 1146 820 819
f 1146 98 1147
f 1147 822 820
f 1147 1148 1149
f 1149 824 822
f 1149 1150 1151
f 1151 1152 824
f 1152 1153 1154
f 1154 1155 827
f 1152 825 824
f 1155 1156 1157
f 1157 1159 1158
f 1155 828 827
f 1159 1161 1160
f 1158 830 828
f 1161 1163 1162
f 1160 832 830
f 1163 1166 1164
f 1162 1165 832
f 1166 1455 1167
f 1164 1168 1165
f 1167 1170 1169
f 1168 839 837
f 837 833 1165
f 1169 1171 1172
f 1172 840 839
f 1172 1173 1174
f 1174 842 840
f 1171 1461 1175
f 1173 1176 1177
f 1177 846 1174
f 1177 1178 1179
f 1179 847 846
f 1176 1466 1180
f 1178 1181 1182
f 1182 851 1179
f 1180 1469 1183
f 1181 1184 1185
f 1185 854 1182
f 1185 1186 1187
f 1187 855 854
f 1187 1188 1189
f 1189 857 855
f 1189 1190 1191
f 1191 859 857
f 1191 1192 1193
f 1193 864 859
f 1193 1194 1195
f 1195 865 864
f 1195 1196 1197
f 1197 869 865
f 1197 1198 1199
f 1197 873 869
f 1198 1200 876
f 1199 874 873
f 1198 1488 1201
f 1200 1202 879
f 1200 877 876
f 1201 1204 1203
f 1202 49 883
f 1202 880 879
f 1204 1206 1205
f 1203 46 49
f 1206 1209 1207
f 1205 1208 46
f 1209 1494 1210
f 1207 1211 1208
f 1210 1500 1212
f 1211 1213 1214
f 1214 47 1208
f 1214 1215 1216
f 1216 50 47
f 1216 1217 1218
f 1218 1219 50
f 1218 1514 1220
f 1219 1221 1222
f 1219 52 50
f 1221 1225 1223
f 1222 1224 52
f 1225 1227 1226
f 1223 892 1224
f 1227 1228 896
f 1226 893 892
f 1227 1523 1229
f 1228 1230 1231
f 1231 897 896
f 1229 1526 1232
f 1230 1233 1234
f 1234 900 1231
f 1232 1529 1235
f 1233 1236 1237
f 1237 903 1234
f 1235 1532 1238
f 1236 1239 907
f 907 905 1237
f 1238 1535 1240
f 1240 1241 910
f 1239 908 907
f 1241 1242 1243
f 1243 1244 913
f 1241 911 910
f 1244 1245 1246
f 1246 1247 916
f 1244 914 913
f 1247 1248 1249
f 1249 921 919
f 1247 917 916
f 1249 1250 1251
f 1251 923 921
f 1251 1252 1253
f 1253 1254 923
f 1254 1255 1256
f 1256 1258 1257
f 1254 924 923
f 1258 1259 1260
f 1258 1261 1262
f 1262 927 1257
f 1262 1263 1264
f 1264 928 927
f 1264 1265 1266
f 1266 930 928
f 1265 1268 1267
f 1266 932 930
f 1268 1567 1269
f 1269 1270 932
f 1270 933 932
f 1270 1271 1272
f 1272 1273 936
f 1273 937 936
f 1273 1274 1275
f 1275 1276 940
f 1276 941 940
f 1276 1277 1278
f 1278 1279 944
f 949 945 944
f 1279 1280 1281
f 1281 1285 949
f 1280 1579 1282
f 1281 1283 1285
f 1284 950 1285
f 1282 1583 1286
f 1283 1287 1284
f 956 953 1284
f 1286 1289 1288
f 1287 958 956
f 1289 1291 1290
f 1288 960 958
f 1291 1293 1292
f 1290 963 960
f 1293 1296 1294
f 1292 1295 963
f 1296 1593 1297
f 1294 1298 1295
f 1299 964 1295
f 1297 1597 1300
f 1298 1301 1299
f 1302 967 1299
f 1300 1600 1303
f 1301 1304 1302
f 971 969 1302
f 1304 1305 1306
f 1306 976 971
f 1306 1307 1308
f 1308 977 976
f 1308 1309 1310
f 1310 979 977
f 1310 1311 1312
f 1312 981 979
f 1312 1313 1314
f 1312 1315 981
f 1315 982 981
f 1314 1613 1316
f 1316 1317 985
f 1317 986 985
f 1317 1318 1319
f 1319 1320 988
f 1320 1321 1322
f 1322 1324 1323
f 1320 989 988
f 1324 1327 1325
f 1323 1326 989
f 1327 1632 1328
f 1325 1329 1326
f 1330 990 1326
f 1328 1636 1331
f 1329 1332 1330
f 1333 993 1330
f 1331 1639 1334
f 1332 1335 1333
f 1336 996 1333
f 1334 1343 1337
f 1335 1338 1336
f 1339 999 1336
f 1337 1342 1340
f 1338 1341 1339
f 1008 1002 1339
f 1340 1013 1011
f 1341 1009 1008
f 1342 1015 1013
f 1342 1343 1344
f 1344 1017 1015
f 1344 1345 1346
f 1346 1019 1017
f 1346 1347 1348
f 1348 1021 1019
f 1348 1349 1350
f 1350 1351 1021
f 1351 1352 1353
f 1353 1354 1024
f 1351 1022 1021
f 1354 1355 1356
f 1356 1357 1027
f 1354 1025 1024
f 1357 1358 1359
f 1359 1360 1030
f 1357 1028 1027
f 1360 1361 1362
f 1362 1363 1033
f 1360 1031 1030
f 1363 1364 1365
f 1365 1366 1036
f 1363 1034 1033
f 1366 1367 1368
f 1368 1043 1041
f 1366 1037 1036
f 1368 1369 1370
f 1370 1371 1043
f 1371 1372 1373
f 1373 1374 1047
f 1371 1044 1043
f 1374 1375 1376
f 1376 1378 1377
f 1374 1048 1047
f 1378 1380 1379
f 1377 1050 1048
f 1380 1382 1381
f 1379 1053 1050
f 1382 1385 1383
f 1381 1384 1053
f 1383 1386 1387
f 1387 1388 1384
f 1388 1389 1390
f 1390 1391 1056
f 1388 1054 1384
f 1391 1392 1393
f 1393 1395 1394
f 1391 1057 1056
f 1395 1397 1396
f 1394 1059 1057
f 1397 1399 1398
f 1396 1062 1059
f 1399 1402 1400
f 1398 1401 1062
f 1402 1704 1403
f 1400 1404 1401
f 1405 1063 1401
f 1403 1708 1406
f 1404 1407 1405
f 1408 1066 1405
f 1406 1711 1409
f 1407 1410 1408
f 1072 1069 1408
f 1409 1412 1411
f 1410 1073 1072
f 1412 1414 1413
f 1411 1077 1073
f 1414 1416 1415
f 1415 1078 1077
f 1415 1417 1418
f 1418 1419 1078
f 1419 1079 1078
f 1419 77 73
f 73 1421 1420
f 1422 1082 1420
f 1421 72 1423
f 1423 1424 1422
f 1094 1092 1091
f 1424 1085 1422
f 1424 1425 1094
f 1097 1095 1094
f 1423 72 1426
f 1425 1427 1097
f 1427 1098 1097
f 1426 71 1428
f 1428 1429 1100
f 1429 1101 1100
f 1429 1430 1431
f 1431 1432 1103
f 1432 1104 1103
f 1432 1433 1434
f 1434 1435 1106
f 1435 1107 1106
f 1435 1436 1437
f 1437 1438 1110
f 1438 1111 1110
f 1438 1439 1440
f 1440 1441 1114
f 1441 1115 1114
f 1441 1157 1156
f 1156 1442 1118
f 1443 1119 1118
f 1442 1154 1153
f 1442 1444 1443
f 1445 1122 1443
f 1444 1151 1150
f 1444 1446 1445
f 1447 1125 1445
f 1446 1148 101
f 1446 1448 1447
f 1440 1159 1157
f 1437 1436 1449
f 1439 1161 1159
f 1436 1451 1450
f 1449 1163 1161
f 1451 1453 1452
f 1450 1166 1163
f 1453 1456 1454
f 1452 1455 1166
f 1454 1457 1458
f 1454 1459 1455
f 1459 1460 1461
f 1461 1171 1170
f 1459 1167 1455
f 1458 1457 1462
f 1460 1463 1464
f 1464 1175 1461
f 1464 1465 1466
f 1466 1176 1175
f 1463 1728 1467
f 1465 1468 1469
f 1469 1180 1466
f 1467 1727 1470
f 1468 1471 1472
f 1472 1183 1469
f 1472 1473 1474
f 1474 1184 1183
f 1474 1475 1476
f 1476 1186 1184
f 1476 1477 1478
f 1478 1188 1186
f 1478 1479 1480
f 1480 1190 1188
f 1480 1481 1482
f 1482 1192 1190
f 1482 1483 1484
f 1484 1194 1192
f 1484 1485 1486
f 1486 1196 1194
f 1486 1487 1488
f 1488 1198 1196
f 1485 1490 1489
f 1487 1206 1204
f 1204 1201 1488
f 1490 1492 1491
f 1489 1209 1206
f 1492 1495 1493
f 1491 1494 1209
f 1495 1752 1496
f 1493 1497 1494
f 1496 1758 1498
f 1497 1499 1500
f 1500 1210 1494
f 1498 1762 1501
f 1499 1502 1503
f 1503 1212 1500
f 1503 1504 1505
f 1505 1213 1212
f 1505 1506 1507
f 1507 1215 1213
f 1507 1508 1509
f 1509 1217 1215
f 1508 1780 1510
f 1509 1511 1217
f 1510 1779 1512
f 1511 1513 1514
f 1514 1218 1217
f 1512 1783 1515
f 1513 1516 1517
f 1517 1220 1514
f 1517 1518 1519
f 1519 1221 1220
f 1519 1520 1521
f 1521 1225 1221
f 1521 1522 1523
f 1523 1227 1225
f 1520 1792 1524
f 1522 1525 1526
f 1526 1229 1523
f 1524 1795 1527
f 1525 1528 1529
f 1529 1232 1526
f 1527 1798 1530
f 1528 1531 1532
f 1532 1235 1529
f 1530 1801 1533
f 1531 1534 1535
f 1535 1238 1532
f 1533 1804 1536
f 1534 1537 1242
f 1242 1240 1535
f 1536 1807 1538
f 1538 1539 1245
f 1537 1243 1242
f 1539 1540 1541
f 1541 1250 1248
f 1539 1246 1245
f 1541 1542 1543
f 1543 1252 1250
f 1543 1544 1545
f 1545 1546 1252
f 1546 1547 1548
f 1548 1549 1255
f 1546 1253 1252
f 1549 1550 1551
f 1551 1552 1259
f 1549 1256 1255
f 1552 1553 1554
f 1554 1556 1555
f 1552 1260 1259
f 1556 1558 1557
f 1557 1261 1260
f 1557 1559 1560
f 1560 1263 1261
f 1560 1561 1562
f 1562 1265 1263
f 1562 1563 1564
f 1562 1268 1265
f 1564 1565 1566
f 1564 1567 1268
f 1565 1841 1568
f 1568 1569 1567
f 1569 1269 1567
f 1568 1845 1570
f 1570 1571 1271
f 1571 1272 1271
f 1571 1572 1573
f 1573 1574 1274
f 1574 1275 1274
f 1574 1575 1576
f 1576 1577 1277
f 1577 1278 1277
f 1576 1580 1578
f 1577 1579 1280
f 1580 1854 1581
f 1578 1582 1579
f 1583 1282 1579
f 1581 1858 1584
f 1582 1585 1583
f 1289 1286 1583
f 1584 1587 1586
f 1585 1291 1289
f 1587 1589 1588
f 1586 1293 1291
f 1589 1591 1590
f 1588 1296 1293
f 1591 1594 1592
f 1590 1593 1296
f 1594 24 1595
f 1592 1596 1593
f 1597 1297 1593
f 1595 23 1598
f 1596 1599 1597
f 1600 1300 1597
f 1598 1894 1601
f 1599 1602 1600
f 1602 1303 1600
f 1602 1603 1604
f 1604 1307 1305
f 1604 1605 1606
f 1606 1309 1307
f 1606 1607 1608
f 1608 1311 1309
f 1607 1610 1609
f 1609 1313 1311
f 1610 1777 1611
f 1609 1612 1313
f 1613 1314 1313
f 1611 1775 1614
f 1612 1615 1613
f 1615 1316 1613
f 1615 1616 1617
f 1617 1618 1318
f 1618 1319 1318
f 1618 1619 1620
f 1620 1621 1321
f 1622 1322 1321
f 1621 1623 1624
f 1621 1625 1622
f 1624 7 6
f 1625 1626 1627
f 1627 1628 1622
f 1628 1322 1622
f 1628 1629 1630
f 1628 1327 1324
f 1629 1633 1631
f 1630 1632 1327
f 1633 2146 1634
f 1631 1635 1632
f 1636 1328 1632
f 1634 1640 1637
f 1635 1638 1636
f 1639 1331 1636
f 1637 1349 1347
f 1638 1345 1639
f 1640 1641 1349
f 1641 1642 1643
f 1643 1644 1352
f 1641 1350 1349
f 1644 1645 1646
f 1646 1647 1355
f 1644 1353 1352
f 1647 1648 1649
f 1649 1650 1358
f 1647 1356 1355
f 1650 1651 1652
f 1652 1653 1361
f 1650 1359 1358
f 1653 1654 1655
f 1655 1656 1364
f 1653 1362 1361
f 1656 1657 1658
f 1658 1369 1367
f 1656 1365 1364
f 1658 1659 1660
f 1660 1661 1369
f 1661 1662 1663
f 1663 1664 1372
f 1661 1370 1369
f 1664 1665 1666
f 1666 1667 1375
f 1664 1373 1372
f 1667 1668 1669
f 1669 1671 1670
f 1667 1376 1375
f 1671 1673 1672
f 1670 1378 1376
f 1673 1675 1674
f 1672 1380 1378
f 1674 1676 1677
f 1674 1382 1380
f 1677 1678 1679
f 1679 1385 1382
f 1679 1680 1681
f 1681 1386 1385
f 1681 1682 1683
f 1683 1684 1386
f 1684 1685 1686
f 1686 1687 1389
f 1684 1387 1386
f 1687 1688 1689
f 1689 1690 1392
f 1687 1390 1389
f 1690 1691 1692
f 1692 1694 1693
f 1690 1393 1392
f 1694 1696 1695
f 1693 1395 1393
f 1696 1698 1697
f 1695 1397 1395
f 1698 1700 1699
f 1697 1399 1397
f 1700 1702 1701
f 1699 1402 1399
f 1702 1705 1703
f 1701 1704 1402
f 1705 2221 1706
f 1703 1707 1704
f 1708 1403 1704
f 1706 2100 1709
f 1707 1710 1708
f 1711 1406 1708
f 1709 2098 1712
f 1710 1713 1711
f 1412 1409 1711
f 1712 1715 1714
f 1713 1414 1412
f 1715 1717 1716
f 1714 1416 1414
f 1717 1719 1718
f 1716 1417 1416
f 1719 1721 1720
f 1720 1723 1417
f 1721 1724 1722
f 1722 76 1723
f 1724 1727 1725
f 1722 1726 76
f 1727 1467 1728
f 1725 1729 1726
f 1730 74 1726
f 1728 1463 1462
f 1729 1457 1730
f 1731 75 74
f 1730 1456 1731
f 1731 1430 75
f 1456 1453 1732
f 1732 1431 1430
f 1453 1451 1433
f 1724 1733 1734
f 1734 1470 1727
f 1734 1735 1736
f 1736 1471 1470
f 1736 1737 1738
f 1738 1473 1471
f 1738 1739 1740
f 1740 1475 1473
f 1740 1741 1742
f 1742 1477 1475
f 1742 1743 1744
f 1744 1479 1477
f 1744 1745 1746
f 1746 1481 1479
f 1746 1747 1748
f 1748 1483 1481
f 1748 1492 1490
f 1490 1485 1483
f 1745 1750 1749
f 1747 1495 1492
f 1750 1753 1751
f 1749 1752 1495
f 1753 2080 1754
f 1751 1755 1752
f 1754 2077 1756
f 1755 1757 1758
f 1758 1496 1752
f 1757 1759 1760
f 1757 1761 1762
f 1762 1498 1758
f 1760 2072 1763
f 1763 1765 1764
f 1761 1501 1762
f 1765 1767 1766
f 1764 1502 1501
f 1767 1769 1768
f 1768 1504 1502
f 1768 1770 1771
f 1771 1506 1504
f 1771 1772 1773
f 1773 1508 1506
f 1773 1616 1774
f 1774 1780 1508
f 1774 1614 1775
f 1774 1776 1780
f 1775 1611 1777
f 1776 1778 1779
f 1779 1510 1780
f 1777 1610 1781
f 1778 1782 1783
f 1783 1512 1779
f 1781 1893 1784
f 1782 1785 1786
f 1786 1515 1783
f 1786 1787 1788
f 1788 1516 1515
f 1788 1789 1790
f 1790 1518 1516
f 1790 1791 1792
f 1792 1520 1518
f 1789 1895 1793
f 1791 1794 1795
f 1795 1524 1792
f 1793 1896 1796
f 1794 1797 1798
f 1798 1527 1795
f 1796 1898 1799
f 1797 1800 1801
f 1801 1530 1798
f 1799 1901 1802
f 1800 1803 1804
f 1804 1533 1801
f 1802 1904 1805
f 1803 1806 1807
f 1807 1536 1804
f 1805 1809 1808
f 1806 1542 1540
f 1540 1538 1807
f 1809 1811 1810
f 1808 1544 1542
f 1811 1908 1812
f 1810 1813 1544
f 1812 1914 1814
f 1813 1815 1547
f 1547 1545 1544
f 1814 1917 1816
f 1816 1817 1550
f 1815 1548 1547
f 1817 1818 1819
f 1819 1820 1553
f 1817 1551 1550
f 1820 1821 1822
f 1822 1824 1823
f 1820 1554 1553
f 1824 1826 1825
f 1823 1556 1554
f 1826 135 138
f 1825 1558 1556
f 1826 1827 1828
f 1828 136 135
f 1828 1829 1830
f 1830 1831 136
f 1831 133 136
f 1831 1833 1834
f 1834 1835 1832
f 1835 1837 1832
f 1835 1838 1839
f 1839 1840 1836
f 1840 1565 1836
f 1840 1842 1843
f 1843 1844 1841
f 1845 1568 1841
f 1844 1846 1847
f 1844 1848 1845
f 1572 1570 1845
f 1847 1936 1849
f 1848 1850 1572
f 1575 1573 1572
f 1849 1940 1851
f 1850 1852 1575
f 1580 1576 1575
f 1851 1855 1853
f 1852 1854 1580
f 1855 1944 1856
f 1853 1857 1854
f 1858 1581 1854
f 1856 1948 1859
f 1857 1860 1858
f 1587 1584 1858
f 1859 1862 1861
f 1860 1589 1587
f 1862 1864 1863
f 1861 1591 1589
f 1864 1866 1865
f 1863 1594 1591
f 1865 1867 1868
f 1865 24 1594
f 1866 1953 1869
f 1867 1870 1871
f 1871 25 1868
f 1871 1872 1873
f 1873 26 25
f 1873 1874 1875
f 1875 1876 26
f 1876 1877 1878
f 1878 1880 1879
f 1876 29 26
f 1880 1883 1881
f 1879 1882 29
f 1883 1896 1884
f 1881 1885 1882
f 1886 27 1882
f 1884 1895 1887
f 1885 1888 1886
f 1889 1890 1886
f 1887 1787 1785
f 1888 1784 1889
f 1891 1894 28
f 1890 27 1886
f 1890 1892 1891
f 1605 1603 1891
f 1889 1784 1893
f 1892 1607 1605
f 1603 1601 1894
f 1895 1789 1787
f 1896 1793 1895
f 1883 1897 1898
f 1898 1796 1896
f 1880 1878 1899
f 1897 1900 1901
f 1901 1799 1898
f 1899 1970 1902
f 1900 1903 1904
f 1904 1802 1901
f 1902 1906 1905
f 1903 1811 1809
f 1809 1805 1904
f 1906 1909 1907
f 1905 1908 1811
f 1909 1972 1910
f 1907 1911 1908
f 1910 1977 1912
f 1911 1913 1914
f 1914 1812 1908
f 1912 1980 1915
f 1913 1916 1917
f 1917 1814 1914
f 1915 1983 1918
f 1916 1919 1818
f 1818 1816 1917
f 1918 1986 1920
f 1920 1921 1821
f 1919 1819 1818
f 1920 1989 1922
f 1922 1924 1923
f 1921 1822 1821
f 1924 1829 1827
f 1923 1824 1822
f 1924 1925 1926
f 1926 1927 1829
f 1927 1928 1929
f 1929 1930 1833
f 1927 1830 1829
f 1930 1834 1833
f 1929 1995 1931
f 1931 1932 1838
f 1932 1839 1838
f 1932 109 114
f 114 1933 1842
f 1933 1843 1842
f 1933 113 1934
f 1934 1935 1846
f 1935 1847 1846
f 1935 1937 1938
f 1938 1939 1936
f 1940 1849 1936
f 1938 2055 1941
f 1939 1942 1940
f 1855 1851 1940
f 1941 1945 1943
f 1942 1944 1855
f 1945 2053 1946
f 1943 1947 1944
f 1948 1856 1944
f 1946 2052 1949
f 1947 1950 1948
f 1862 1859 1948
f 1949 1952 1951
f 1950 1864 1862
f 1952 1954 1953
f 1951 1866 1864
f 1954 1955 1956
f 1954 1957 1958
f 1958 1869 1953
f 1958 1959 1960
f 1960 1870 1869
f 1960 1961 1962
f 1962 1872 1870
f 1962 1963 1964
f 1964 1874 1872
f 1964 1965 1966
f 1966 1967 1874
f 1967 1968 1969
f 1969 1970 1877
f 1967 1875 1874
f 1969 1909 1906
f 1906 1902 1970
f 1966 1965 1971
f 1968 1972 1909
f 1965 2021 1973
f 1971 1974 1972
f 1973 2024 1975
f 1974 1976 1977
f 1977 1910 1972
f 1975 2027 1978
f 1976 1979 1980
f 1980 1912 1977
f 1978 2029 1981
f 1979 1982 1983
f 1983 1915 1980
f 1981 66 1984
f 1982 1985 1986
f 1986 1918 1983
f 1984 65 1987
f 1985 1988 1989
f 1989 1920 1986
f 1987 2039 1990
f 1988 1991 1925
f 1925 1922 1989
f 1990 2038 1992
f 1991 1993 1928
f 1928 1926 1925
f 1992 1996 1994
f 1993 110 1995
f 1995 1929 1928
f 1996 1999 1997
f 1994 111 110
f 1997 112 111
f 1999 2000 1998
f 2000 2002 1998
f 2000 2003 2004
f 2004 2005 2001
f 2006 2054 2001
f 2004 2041 2007
f 2005 2008 2006
f 2009 2053 2006
f 2007 2044 2010
f 2008 2011 2009
f 1955 2052 2009
f 2010 2013 2012
f 2011 1956 1955
f 2013 2015 2014
f 2014 1957 1956
f 2014 105 2016
f 2016 1959 1957
f 2016 104 2017
f 2017 1961 1959
f 2017 2018 2019
f 2019 1963 1961
f 2019 2020 2021
f 2021 1965 1963
f 2018 103 2022
f 2020 2023 2024
f 2024 1973 2021
f 2022 2051 2025
f 2023 2026 2027
f 2027 1975 2024
f 2025 2030 2028
f 2026 67 2029
f 2029 1978 2027
f 2030 2032 2031
f 2028 68 67
f 2031 2033 2034
f 2034 69 68
f 2034 2035 2036
f 2036 2039 69
f 2036 2037 2038
f 2038 1990 2039
f 2037 1999 1996
f 1996 1992 2038
f 2035 2040 2003
f 2040 2004 2003
f 2040 2033 2042
f 2040 2043 2041
f 2044 2007 2041
f 2042 2049 2045
f 2043 2046 2044
f 2013 2010 2044
f 2045 2048 2047
f 2046 2015 2013
f 2048 107 106
f 2047 105 2015
f 2048 2049 2050
f 2050 2051 107
f 2050 2032 2030
f 2030 2025 2051
f 2049 2033 2032
f 2051 103 107
f 2052 1946 2053
f 1945 1941 2055
f 2055 2002 2001
f 2054 2053 1945
f 2055 1938 1937
f 1937 112 1998
f 2039 65 69
f 2029 67 66
f 1952 1949 2052
f 1934 113 112
f 1995 110 109
f 1970 1878 1877
f 1837 1561 134
f 134 133 1832
f 1836 1565 1563
f 1893 1610 1607
f 1772 1617 1616
f 1770 2056 1619
f 2056 1620 1619
f 2056 1769 2057
f 2057 2058 1623
f 2058 1624 1623
f 2057 2062 2059
f 2058 4 7
f 2059 2061 4
f 2062 2063 2060
f 2063 2065 2060
f 2063 1767 1765
f 1765 1763 2064
f 2065 2067 2068
f 2068 2061 2060
f 2064 2069 2066
f 2069 2071 2066
f 2064 1763 2072
f 2069 2073 2070
f 2074 2115 2070
f 2072 1760 1759
f 2073 2075 2074
f 2076 2112 2074
f 1759 1756 2077
f 2075 2078 2076
f 2079 2109 2076
f 2077 1754 2080
f 2078 2081 2079
f 2082 2106 2079
f 2080 1753 2083
f 2081 2084 2082
f 2085 2092 2082
f 2083 2412 2086
f 2084 2087 2085
f 2088 2089 2085
f 2086 1741 1739
f 2087 1737 2088
f 2090 2097 2091
f 2089 2092 2085
f 2089 2093 2090
f 2094 2095 2090
f 2088 1737 1735
f 2093 1733 2094
f 1717 1715 2096
f 2095 2097 2090
f 2095 1719 1717
f 1715 1712 2098
f 2096 2099 2097
f 2098 1709 2100
f 2099 2101 2102
f 2102 2091 2097
f 2102 2103 2104
f 2104 2092 2091
f 2104 2105 2106
f 2106 2082 2092
f 2103 2220 2107
f 2105 2108 2109
f 2109 2079 2106
f 2107 2219 2110
f 2108 2111 2112
f 2112 2076 2109
f 2110 2223 2113
f 2111 2114 2115
f 2115 2074 2112
f 2114 2116 2117
f 2117 2118 2071
f 2071 2070 2115
f 2118 2119 2120
f 2120 2121 2067
f 2118 2066 2071
f 2121 2122 2123
f 2123 2125 2124
f 2121 2068 2067
f 2125 2131 2
f 2124 2061 2068
f 2123 2233 2126
f 2125 2127 2131
f 2126 2238 2128
f 2127 2129 2130
f 2130 3 2131
f 2130 2132 2133
f 2133 5 3
f 2133 2134 2135
f 2135 2136 5
f 2136 8 5
f 2136 2138 2139
f 2139 2140 2137
f 2140 2142 2137
f 2140 2143 2144
f 2144 2145 2141
f 2145 1633 2141
f 2145 2147 2148
f 2148 1642 2146
f 2147 2149 1645
f 2148 1643 1642
f 2147 2257 2150
f 2150 2151 1648
f 2149 1646 1645
f 2151 2152 2153
f 2153 2154 1651
f 2151 1649 1648
f 2154 2155 2156
f 2156 2157 1654
f 2154 1652 1651
f 2157 2158 2159
f 2159 1659 1657
f 2157 1655 1654
f 2159 2160 2161
f 2161 2162 1659
f 2162 2163 2164
f 2164 2165 1662
f 2162 1660 1659
f 2165 2166 2167
f 2167 2168 1665
f 2165 1663 1662
f 2168 2169 2170
f 2170 2171 1668
f 2168 1666 1665
f 2171 2172 2173
f 2173 2175 2174
f 2171 1669 1668
f 2175 2177 2176
f 2174 1671 1669
f 2177 2179 2178
f 2176 1673 1671
f 2179 54 2180
f 2180 1675 1673
f 2179 2181 2182
f 2182 55 54
f 2182 2183 2184
f 2184 2185 55
f 2185 2186 2187
f 2187 2189 2188
f 2185 56 55
f 2189 2192 2190
f 2188 2191 56
f 2192 1682 1680
f 2190 1678 2191
f 2192 2193 2194
f 2194 2195 1682
f 2195 2196 2197
f 2197 2198 1685
f 2195 1683 1682
f 2197 2298 2199
f 2199 2200 1688
f 2198 1686 1685
f 2200 2201 2202
f 2202 2203 1691
f 2200 1689 1688
f 2203 2204 2205
f 2205 2207 2206
f 2203 1692 1691
f 2207 2209 2208
f 2206 1694 1692
f 2209 2211 2210
f 2208 1696 1694
f 2211 2213 2212
f 2210 1698 1696
f 2213 2215 2214
f 2212 1700 1698
f 2215 2217 2216
f 2214 1702 1700
f 2217 2219 2218
f 2216 1705 1702
f 2219 2107 2220
f 2218 2221 1705
f 2217 2222 2223
f 2223 2110 2219
f 2215 2213 2224
f 2222 2225 2116
f 2116 2113 2223
f 2224 2309 2226
f 2226 2227 2119
f 2225 2117 2116
f 2227 2228 2229
f 2229 2230 2122
f 2227 2120 2119
f 2230 2231 2232
f 2232 2234 2233
f 2230 2123 2122
f 2234 2235 2236
f 2234 2237 2238
f 2238 2126 2233
f 2236 2315 2239
f 2237 2240 2241
f 2241 2128 2238
f 2241 2242 2243
f 2243 2129 2128
f 2243 2244 2245
f 2245 2132 2129
f 2245 2246 2247
f 2247 2134 2132
f 2247 2248 2249
f 2249 2250 2134
f 2250 2135 2134
f 2250 2251 2252
f 2252 2253 2138
f 2253 2139 2138
f 2253 2254 2255
f 2255 2257 2143
f 2255 2256 2152
f 2152 2150 2257
f 2254 2336 2258
f 2258 2259 2155
f 2256 2153 2152
f 2259 2260 2261
f 2261 2160 2158
f 2259 2156 2155
f 2261 2262 2263
f 2263 2264 2160
f 2264 2265 2266
f 2266 2267 2163
f 2264 2161 2160
f 2267 2268 2269
f 2269 2270 2166
f 2267 2164 2163
f 2270 2271 2272
f 2272 2273 2169
f 2270 2167 2166
f 2273 2274 95
f 95 94 2172
f 2273 2170 2169
f 2272 2271 2275
f 2274 2276 2277
f 2277 92 95
f 2277 2278 2279
f 2279 2282 92
f 2279 2280 2281
f 2281 2283 2282
f 2284 93 2282
f 2281 2286 2285
f 2283 2183 2284
f 2286 2287 2186
f 2285 2184 2183
f 2287 2288 2289
f 2289 2291 2290
f 2287 2187 2186
f 2291 2292 2193
f 2290 2189 2187
f 2292 2293 2294
f 2294 2295 2196
f 2292 2194 2193
f 2294 2358 2296
f 2295 2297 2298
f 2295 2197 2196
f 2296 2361 2299
f 2297 2300 2201
f 2201 2199 2298
f 2299 2364 2301
f 2300 2302 2204
f 2204 2202 2201
f 2301 2366 2303
f 2302 2304 2305
f 2305 2205 2204
f 2305 2306 2307
f 2305 2207 2205
f 2307 2228 2308
f 2307 2209 2207
f 2228 2226 2309
f 2308 2211 2209
f 2304 2310 2231
f 2306 2229 2228
f 2310 2303 2311
f 2311 2312 2235
f 2310 2232 2231
f 2312 2313 2314
f 2314 2316 2315
f 2312 2236 2235
f 2316 2317 2318
f 2316 2319 2320
f 2320 2239 2315
f 2320 2321 2322
f 2322 2240 2239
f 2322 2323 2324
f 2324 2242 2240
f 2324 2325 2326
f 2326 2244 2242
f 2326 2327 2328
f 2328 2246 2244
f 2328 2329 2330
f 2330 2248 2246
f 2330 2331 2332
f 2332 2333 2248
f 2333 2249 2248
f 2333 2334 2335
f 2335 2336 2251
f 2334 2262 2260
f 2260 2258 2336
f 2332 2331 2337
f 2337 2338 2262
f 2337 2392 2339
f 2339 2340 2265
f 2338 2263 2262
f 2339 2391 2341
f 2341 2342 2268
f 2340 2266 2265
f 2342 2343 2344
f 2344 2275 2271
f 2342 2269 2268
f 2344 2345 2346
f 2346 2276 2275
f 2346 2347 2348
f 2348 2278 2276
f 2348 2349 2350
f 2350 2280 2278
f 2350 2351 2352
f 2352 2288 2280
f 2352 2353 2354
f 2354 2289 2288
f 2354 2355 2293
f 2354 2291 2289
f 2353 2402 2356
f 2355 2357 2358
f 2358 2294 2293
f 2356 2403 2359
f 2357 2360 2361
f 2361 2296 2358
f 2359 2410 2362
f 2360 2363 2364
f 2364 2299 2361
f 2362 2367 2365
f 2363 2313 2366
f 2366 2301 2364
f 2367 2368 2317
f 2365 2314 2313
f 2368 2369 2370
f 2370 2372 2371
f 2368 2318 2317
f 2372 2374 2373
f 2371 2319 2318
f 2374 2376 2375
f 2373 2321 2319
f 2376 59 63
f 63 2323 2321
f 2376 2377 2378
f 2378 60 59
f 2378 2379 2380
f 2380 2381 60
f 2381 61 60
f 2381 2383 2384
f 2384 2385 2382
f 2385 2387 2382
f 2385 2388 2389
f 2389 2392 2386
f 2389 2390 2391
f 2391 2339 2392
f 2388 2394 2393
f 2390 2345 2343
f 2343 2341 2391
f 2394 2396 2395
f 2395 2347 2345
f 2396 2398 2397
f 2397 2349 2347
f 2397 2399 2400
f 2400 2351 2349
f 2400 2401 2402
f 2402 2353 2351
f 2399 2404 86
f 2401 89 2403
f 2403 2356 2402
f 2398 2405 2404
f 2405 2379 2407
f 2407 87 2404
f 2398 2396 2406
f 2407 2377 2408
f 2408 90 87
f 2408 2374 2372
f 2372 2370 90
f 2406 2380 2379
f 2396 2394 2383
f 2394 2384 2383
f 2387 2327 2409
f 2409 61 2382
f 2386 2331 2329
f 2392 2337 2331
f 2370 88 90
f 2369 89 88
f 2367 2362 2410
f 2410 2403 89
f 2325 62 2409
f 2323 63 62
f 2311 2303 2366
f 2286 2281 2280
f 2411 96 93
f 2284 2181 2411
f 2175 2173 96
f 2411 2177 2175
f 2336 2252 2251
f 2309 2213 2211
f 2173 94 96
f 2257 2144 2143
f 2142 1627 1626
f 1626 8 2137
f 2141 1633 1629
f 2220 2101 2221
f 2100 1706 2221
f 2094 1721 1719
f 2412 1743 1741
f 2412 1753 1750
f 1750 1745 1743
f 2062 1769 1767
f 1676 57 2191
f 1675 2180 57
f 1640 1634 2146
f 1894 23 28
f 1559 137 134
f 1559 138 137
f 1451 1434 1433
f 1430 71 75
f 1418 1723 77
f 1343 1334 1639
f 1142 2414 2413
f 1144 100 99
f 2414 1130 2415
f 2413 1448 100
f 1140 1132 2414
f 2415 1447 1448
f 679 678 13
f 2416 11 1065
f 2416 681 679
f 637 634 2417
f 2417 632 2418
f 2418 630 2419
f 2419 628 42
f 943 589 588
f 939 586 585
f 935 584 82
f 890 51 1224
f 884 49 48
f 798 785 784
f 119 117 783
f 778 117 116
f 81 78 705
f 678 14 13
f 676 1040 14
f 624 40 44
f 701 84 83
f 516 509 508
f 404 122 521
f 402 123 122
f 400 399 123
f 213 320 32
f 2420 313 312
f 300 144 245
f 211 321 320

