{
  "name": "BTG_13",
  "source_file": "BTG_13.stl",
  "canonical_scale_factor": 144.58179934024926,
  "source_unit_scale": 0.001,
  "centroid_offset": [
    140.3686202979577,
    140.889470433955,
    87.36684251098775
  ],
  "original_bbox": [
    280.7994384765625,
    281.97540283203125,
    129.30572509765625
  ],
  "normalised_bbox": [
    1.942149286825153,
    1.9502828441666364,
    0.8943430341004174
  ],
  "export_bbox": [
    0.21611556517318542,
    0.21702063892505785,
    0.09951935805577124
  ],
  "export_bbox_scale_factor": 0.111276494880819,
  "export_bbox_target_size": 0.21702063892505788,
  "export_bbox_target_axis": "max",
  "volume_m3": 2614542.214854861,
  "surface_area_m2": 154864.87393486092,
  "export_volume_m3": 0.0011919693668521604,
  "export_surface_area_m2": 0.09173446812898729,
  "n_faces": 32000,
  "n_vertices": 16002,
  "is_watertight": true,
  "mass_kg": 0.05,
  "inertia": {
    "ixx": 9.773534178504556e-05,
    "iyy": 0.00014634228755977852,
    "izz": 0.0002083031707012367,
    "ixy": 3.3669391534773247e-09,
    "ixz": -1.4723720785714392e-07,
    "iyz": -3.596380025368743e-06
  },
  "point_cloud_counts": [
    100,
    1024
  ],
  "point_cloud_space": "unit_sphere",
  "urdf_file": "BTG_13.urdf"
}