{
  "name": "BTG_13",
  "source_file": "BTG_13.stl",
  "canonical_scale_factor": 144.58179934024926,
  "source_unit_scale": 0.001,
  "centroid_offset": [
    140.3686202979577,
    140.889470433955,
    87.36684251098775
  ],
  "original_bbox": [
    280.7994384765625,
    281.97540283203125,
    129.30572509765625
  ],
  "normalised_bbox": [
    1.942149286825153,
    1.9502828441666364,
    0.8943430341004174
  ],
  "export_bbox": [
    0.15143169186980834,
    0.15206587501808444,
    0.0697329910138862
  ],
  "export_bbox_scale_factor": 0.07797119042138874,
  "export_bbox_target_size": 0.15206587501808447,
  "export_bbox_target_axis": "max",
  "volume_m3": 2614542.214854861,
  "surface_area_m2": 154864.87393486092,
  "export_volume_m3": 0.0004100693190428848,
  "export_surface_area_m2": 0.04503954581926578,
  "n_faces": 32000,
  "n_vertices": 16002,
  "is_watertight": true,
  "mass_kg": 0.05,
  "inertia": {
    "ixx": 4.798583884848603e-05,
    "iyy": 7.185074814601833e-05,
    "izz": 0.00010227213818806783,
    "ixy": 1.6530908541429541e-09,
    "ixz": -7.229013373967607e-08,
    "iyz": -1.765741124789971e-06
  },
  "point_cloud_counts": [
    100,
    1024
  ],
  "point_cloud_space": "unit_sphere",
  "urdf_file": "BTG_13.urdf"
}