# https://github.com/mikedh/trimesh

o Stage1_3Dcross_NEW_Rescaled_3.stl
v -0.02508580 0.02517057 0.02538458
v -0.02615428 0.02399821 0.02682143
v -0.02384740 0.02629728 0.02676026
v -0.02612718 0.02613615 0.02407393
v -0.02792467 0.02465446 0.02549601
v -0.02483885 0.02831339 0.02535379
v -0.02535521 -0.02493905 0.02545736
v -0.02637340 -0.02574300 0.02449145
v -0.02509447 -0.02732674 0.02512838
v -0.02640257 -0.02378304 0.02688510
v -0.02799803 -0.02438973 0.02579827
v -0.02440514 -0.02582821 0.02650898
v 0.02568227 -0.02560824 -0.02465493
v 0.02662636 -0.02439803 -0.02582034
v 0.02923793 -0.02602132 -0.02416651
v 0.02770924 -0.02713241 -0.02298740
v 0.02674147 -0.02897689 -0.02336081
v 0.02474843 -0.02689999 -0.02545063
v 0.02498854 -0.02523080 -0.02741719
v -0.02513902 0.02511686 -0.02543446
v -0.02634886 0.02594694 -0.02422334
v -0.02478282 0.02825919 -0.02540762
v -0.02620873 0.02393815 -0.02690542
v -0.02798290 0.02452164 -0.02562327
v -0.02385338 0.02629069 -0.02678157
v 0.02494972 -0.02533089 0.02539863
v 0.02582057 -0.02652718 0.02436897
v 0.02755702 -0.02528793 0.02493428
v 0.02593202 -0.02427572 0.02646823
v 0.02376234 -0.02640487 0.02691563
v 0.02438832 -0.02813705 0.02576792
v 0.02506410 0.02517960 0.02521264
v 0.02626393 0.02386808 0.02670227
v 0.02850734 0.02510245 0.02506277
v 0.02626637 0.02659757 0.02389236
v 0.02496998 0.02869181 0.02520874
v 0.02363344 0.02649943 0.02653698
v 0.02494179 0.02521354 0.02882216
v -0.02492186 -0.02540072 -0.02534967
v -0.02583922 -0.02439095 -0.02651874
v -0.02450804 -0.02570101 -0.02856576
v -0.02585924 -0.02660287 -0.02434371
v -0.02743431 -0.02515536 -0.02507953
v -0.02354625 -0.02691341 -0.02660153
v 0.02517128 0.02507413 -0.02520860
v 0.02665333 0.02624723 -0.02389419
v 0.02866774 0.02498087 -0.02518446
v 0.02645082 0.02367643 -0.02648414
v 0.02508998 0.02506705 -0.02875385
v 0.02380141 0.02632536 -0.02669284
v 0.02500246 0.02857706 -0.02517594
v -0.04800890 0.00086710 0.00927995
v -0.04800890 0.00331095 0.00931298
v -0.04800890 0.00022501 0.00740329
v -0.04800890 -0.00118221 0.01162728
v -0.04800890 0.00179191 0.01271784
v -0.04800890 -0.00348592 0.00990298
v -0.04800890 -0.00070712 -0.00838425
v -0.04800890 -0.00340609 -0.00817514
v -0.04800890 0.00001408 -0.00638996
v -0.04800890 0.00113761 -0.01012317
v -0.04800890 -0.00213119 -0.01104837
v -0.00419090 -0.04802450 0.00920270
v -0.00674303 -0.04802450 0.00946697
v -0.00365221 -0.04802450 0.00720369
v -0.00211876 -0.04802450 0.01080741
v -0.00513243 -0.04802450 0.01207930
v -0.02282872 0.04797550 0.00866340
v -0.02564696 0.04797550 0.00950137
v -0.02383470 0.04797550 0.01313302
v -0.02227232 0.04797550 0.00566789
v -0.02621874 0.04797550 0.00504743
v -0.02081554 0.04797550 0.01071170
v -0.01901500 0.04797550 0.00724122
v 0.04799110 0.00060245 -0.00709380
v 0.04799110 -0.00180428 -0.00761481
v 0.04799110 0.00118449 -0.01127453
v 0.04799110 0.00090641 -0.00502082
v 0.04799110 0.00401627 -0.00938203
v -0.02937682 -0.00476962 0.04800043
v -0.03167870 -0.00492342 0.04800043
v -0.02820665 -0.00712484 0.04800043
v -0.02838390 -0.00139852 0.04800043
v -0.02592882 -0.00357699 0.04800043
v -0.04800890 -0.01429769 -0.02388371
v -0.04800890 -0.01602352 -0.02149032
v -0.04800890 -0.01154452 -0.02106411
v -0.04800890 -0.01053158 -0.02481458
v -0.04800890 -0.01566781 -0.02680646
v -0.04800890 -0.01924007 -0.02423791
v -0.00109544 -0.01165414 -0.04799957
v -0.00287975 -0.00947445 -0.04799957
v -0.00066210 -0.00760555 -0.04799957
v -0.00191380 -0.01399715 -0.04799957
v -0.00510680 -0.01216903 -0.04799957
v 0.00090883 -0.01107772 -0.04799957
v 0.00100233 -0.01446468 -0.04799957
v 0.02400636 -0.00988802 0.04800043
v 0.02795058 -0.01167977 0.04800043
v 0.02431288 -0.00594833 0.04800043
v 0.01986220 -0.00804256 0.04800043
v 0.02151198 -0.01225082 0.04800043
v -0.03391417 0.02610123 0.02403629
v -0.03505711 0.02128434 0.02840169
v -0.03139452 0.02398551 0.02613934
v -0.02948387 0.02598038 0.02415278
v -0.03664940 0.02630875 0.02378325
v -0.03704076 0.02190763 0.02791343
v -0.03404369 0.02563224 -0.02456292
v -0.03673839 0.02549454 -0.02468178
v -0.03803856 0.03032560 -0.01840015
v -0.03150328 0.02794059 -0.02186728
v -0.02960411 0.02579362 -0.02434925
v -0.03163939 0.02357096 -0.02651051
v -0.03579711 0.01943937 -0.02967258
v -0.03414745 -0.02538900 -0.02486622
v -0.03554491 -0.02021102 -0.02918819
v -0.03195189 -0.02324398 -0.02684048
v -0.03043419 -0.02520809 -0.02500221
v -0.03677806 -0.02553890 -0.02467679
v -0.03756871 -0.02088216 -0.02868546
v -0.03588976 -0.02984139 -0.01923805
v -0.03395299 -0.02539828 0.02485899
v -0.03666087 -0.02543783 0.02479577
v -0.03576439 -0.02987338 0.01918926
v -0.03142125 -0.02715829 0.02288110
v -0.02964049 -0.02546932 0.02473883
v -0.03157665 -0.02352084 0.02659725
v -0.03554881 -0.02012069 0.02925129
v 0.04799110 -0.01140438 -0.01740762
v 0.04799110 -0.01298568 -0.01514182
v 0.04799110 -0.01544247 -0.01758874
v 0.04799110 -0.01210848 -0.01999067
v 0.04799110 -0.00834652 -0.01742445
v 0.04799110 -0.00945663 -0.01404604
v 0.04799110 0.00987931 0.01999383
v 0.04799110 0.01198746 0.02277051
v 0.04799110 0.00776994 0.02446885
v 0.04799110 0.01214860 0.01710965
v 0.04799110 0.00680314 0.02011880
v 0.04799110 0.00815641 0.01590200
v 0.00614955 0.04797550 -0.02411645
v 0.00812245 0.04797550 -0.02834922
v 0.00205958 0.04797550 -0.02946303
v 0.00972548 0.04797550 -0.02187192
v 0.00210756 0.04797550 -0.02379493
v 0.00471559 0.04797550 -0.01959946
v 0.00259437 0.04797550 0.00165960
v 0.00135536 0.04797550 -0.00074369
v -0.00125084 0.04797550 0.00083035
v 0.00608473 0.04797550 0.00186097
v 0.00580788 0.04797550 -0.00180727
v 0.00114638 0.04797550 0.00343459
v 0.00541652 0.04797550 0.00502543
v 0.00247365 -0.04802450 -0.02781937
v -0.00075023 -0.04802450 -0.02704836
v -0.00147875 -0.04802450 -0.03096169
v 0.00593959 -0.04802450 -0.02601960
v 0.00229384 -0.04802450 -0.02378912
v 0.00344386 -0.04802450 -0.03079029
v -0.00809020 -0.04802450 -0.00786412
v -0.00508800 -0.04802450 -0.00871726
v -0.00811253 -0.04802450 -0.00587400
v -0.01159532 -0.04802450 -0.00694831
v -0.01025780 -0.04802450 -0.00924153
v -0.00716844 -0.04802450 -0.01128062
v 0.02454286 0.02563541 0.03367582
v 0.02914699 0.02021159 0.03496901
v 0.02676149 0.02328629 0.03077433
v 0.02426063 0.02586246 0.03654100
v 0.02870180 0.02081242 0.03705902
v 0.01745070 0.03088932 0.03591181
v 0.02245802 0.02745670 0.03097770
v -0.02501866 0.02520182 0.03353992
v -0.02000328 0.02929826 0.03501652
v -0.02306285 0.02696305 0.03073331
v -0.02495702 0.02521403 0.02883223
v -0.02514928 0.02506339 0.03641695
v -0.02663292 0.02344450 0.03089130
v -0.02905589 0.02037223 0.03517095
v -0.02620299 -0.02399862 0.03348689
v -0.02738841 -0.02262093 0.03104216
v -0.02432897 -0.02586166 0.03032563
v -0.02310582 -0.02696175 0.03401335
v -0.02367857 -0.02646298 0.03639943
v 0.02404823 -0.02614266 0.03357461
v 0.02247377 -0.02749911 0.03122115
v 0.02474452 -0.02545297 0.02872660
v 0.02608754 -0.02407284 0.03030077
v 0.02757826 -0.02236434 0.03412608
v 0.02708461 -0.02293148 0.03657890
v 0.02531740 -0.03419711 0.02490462
v 0.02511598 -0.03679452 0.02510073
v 0.03008229 -0.03813021 0.01882074
v 0.03051185 -0.03620345 0.01814060
v 0.02758668 -0.03174300 0.02233371
v 0.02553822 -0.02984994 0.02463002
v 0.02327370 -0.03183895 0.02677791
v 0.01850368 -0.03618173 0.03029718
v -0.02567931 -0.03404403 0.02454744
v -0.02120921 -0.03510287 0.02847926
v -0.02354942 -0.03163583 0.02656734
v -0.02513707 -0.03019027 0.02505918
v -0.02607189 -0.03676156 0.02407728
v -0.02196715 -0.03707821 0.02789280
v -0.02397447 -0.03356771 -0.02618737
v -0.02754173 -0.03435873 -0.02241606
v -0.02600255 -0.03055673 -0.02415708
v -0.02454649 -0.02876180 -0.02563854
v -0.02352013 -0.03647958 -0.02657704
v -0.02710912 -0.03674862 -0.02291384
v 0.02434621 -0.03361947 -0.02584432
v 0.02435878 -0.03649667 -0.02581538
v 0.01866884 -0.03537045 -0.03018262
v 0.02200929 -0.03059994 -0.02784605
v 0.02375441 -0.02868734 -0.02637820
v 0.02590834 -0.03101351 -0.02423984
v 0.02875258 -0.03517782 -0.02080135
v -0.02469029 0.03319913 0.02552988
v -0.02457286 0.03623063 0.02560300
v -0.02834825 0.03436320 0.02132247
v -0.01970116 0.03497965 0.02950691
v -0.02288732 0.03039176 0.02712836
v -0.02632799 0.03014713 0.02381965
v -0.04800890 0.01253776 0.02144972
v -0.04800890 0.00976432 0.02171776
v -0.04800890 0.01373380 0.02375515
v -0.04800890 0.01417252 0.01917422
v -0.04800890 0.01080241 0.01822777
v 0.03341920 0.02506095 0.02514532
v 0.03633925 0.02492716 0.02524595
v 0.03513100 0.02964860 0.01944677
v 0.03053078 0.02309660 0.02692141
v 0.03514149 0.01944108 0.02966016
v 0.03048610 0.02693912 0.02306885
v 0.03414149 -0.02723129 -0.02276341
v 0.03060963 -0.02436923 -0.02581980
v 0.03419154 -0.02270980 -0.02726482
v 0.03662453 -0.02373910 -0.02638542
v 0.03240724 -0.02898446 -0.02048320
v 0.03360841 -0.02428939 0.02592518
v 0.03098610 -0.02588656 0.02430243
v 0.03487904 -0.02829281 0.02142127
v 0.03648842 -0.02426669 0.02589945
v 0.03095936 -0.02207455 0.02780243
v 0.02910084 -0.02409530 0.02608991
v 0.02004396 -0.01483309 -0.04799957
v 0.02048573 -0.01206893 -0.04799957
v 0.02409132 -0.01283700 -0.04799957
v 0.02206227 -0.01656307 -0.04799957
v 0.01777907 -0.01611800 -0.04799957
v 0.01706251 -0.01267977 -0.04799957
v -0.02513243 0.02508170 -0.03364810
v -0.02299974 0.02700529 -0.03080965
v -0.01936351 0.02971110 -0.03524571
v -0.02524230 0.02494327 -0.03647962
v -0.02982652 0.01920402 -0.03565286
v -0.02686400 0.02317228 -0.03108278
v -0.02501683 0.02515543 -0.02883319
v -0.02390917 -0.02627035 -0.03346999
v -0.02591234 -0.02428036 -0.03038930
v -0.02737987 -0.02258089 -0.03421742
v -0.02701512 -0.02304256 -0.03652232
v -0.02209996 -0.02779281 -0.03097634
v 0.02648817 -0.02363998 -0.03357826
v 0.02451027 -0.02567587 -0.03079287
v 0.02262306 -0.02733163 -0.03418537
v 0.02325941 -0.02681796 -0.03638914
v 0.02814345 -0.02163290 -0.03107244
v 0.02622731 -0.02393832 -0.02900485
v 0.02485280 0.03352897 -0.02536285
v 0.02467042 0.03644620 -0.02549619
v 0.02966603 0.03515934 -0.01944009
v 0.01837526 0.03553287 -0.03034035
v 0.02275856 0.03070695 -0.02722216
v 0.02689491 0.03057536 -0.02313675
v 0.03356898 0.02480802 -0.02539242
v 0.03070277 0.02682340 -0.02320358
v 0.03514784 0.02962345 -0.01948421
v 0.03643751 0.02463663 -0.02551307
v 0.03566749 0.01813932 -0.03047806
v 0.03084218 0.02273380 -0.02723245
v 0.02521486 0.02498185 -0.03365329
v 0.02531850 0.02484049 -0.03652184
v 0.01881862 0.03004655 -0.03545680
v 0.03036207 0.01831388 -0.03560305
v 0.02717128 0.02279655 -0.03087119
v 0.02291994 0.02705851 -0.03087122
v -0.02452220 0.03324821 -0.02569074
v -0.02629039 0.02998991 -0.02385758
v -0.02838622 0.03436686 -0.02127225
v -0.02434508 0.03631705 -0.02581227
v -0.01887206 0.03528629 -0.03004539
v -0.02267870 0.03046525 -0.02730680
v 0.02459743 0.03364420 0.02561058
v 0.02681923 0.03069083 0.02323052
v 0.02955910 0.03511124 0.01960284
v 0.02920106 0.03723185 0.02014204
v 0.02429469 0.03652579 0.02584425
v 0.01724562 0.03597306 0.03101390
v 0.02247890 0.03103165 0.02744881
v 0.04799110 -0.01585018 0.00914896
v 0.04799110 -0.01346444 0.01033394
v 0.04799110 -0.01576058 0.01414302
v 0.04799110 -0.01604159 0.00675299
v 0.04799110 -0.01251571 0.00715551
v 0.04799110 -0.01837923 0.01128029
v 0.04799110 -0.02010287 0.00814399
v 0.00968739 0.01050455 -0.04799957
v 0.00702223 0.01083146 -0.04799957
v 0.01169716 0.01471036 -0.04799957
v 0.01479909 0.01182682 -0.04799957
v 0.01078090 0.00781022 -0.04799957
v 0.00747584 0.00663151 -0.04799957
v -0.02805357 -0.00054574 -0.04799957
v -0.03105553 -0.00067049 -0.04799957
v -0.02669750 0.00264811 -0.04799957
v -0.02374291 -0.00085140 -0.04799957
v -0.02668150 -0.00391561 -0.04799957
v -0.01335191 -0.00969393 0.04800043
v -0.01412169 -0.01233553 0.04800043
v -0.01083995 -0.00958065 0.04800043
v -0.01135753 -0.00635604 0.04800043
v -0.01437010 -0.00758407 0.04800043
v -0.01637340 -0.01035214 0.04800043
v 0.00501820 0.01066080 0.04800043
v 0.00751478 0.01543351 0.04800043
v 0.00337331 0.01688663 0.04800043
v 0.00700148 0.00831486 0.04800043
v 0.01124318 0.01287077 0.04800043
v 0.00231239 0.01020133 0.04800043
v -0.01053929 -0.04802450 0.02201021
v -0.01222325 -0.04802450 0.02004754
v -0.00888609 -0.04802450 0.01907850
v -0.01143834 -0.04802450 0.02475713
v -0.01468248 -0.04802450 0.02288544
v -0.00752879 -0.04802450 0.02226023
v -0.00374596 0.04797550 0.01891684
v -0.00099547 0.04797550 0.01758400
v -0.00352965 0.04797550 0.01488287
v -0.00306737 0.04797550 0.02202915
v -0.00611278 0.04797550 0.01748048
v -0.00724156 0.04797550 0.02121691
v -0.01038805 0.04797550 0.01970767
v -0.01193126 0.04797550 0.02370160
v -0.00758544 0.04797550 0.02546581
v -0.00843346 0.04797550 0.01585640
v -0.00609996 0.04797550 0.01254802
v -0.01103600 0.04797550 0.01376140
v -0.01339293 0.04797550 0.01762940
v -0.01609837 0.04797550 0.01525653
v -0.01876463 0.04797550 0.01884398
v -0.01564000 0.04797550 0.02147323
v -0.01364147 0.04797550 0.01152465
v -0.00877477 0.04797550 0.01035625
v -0.01152379 0.04797550 0.00811690
v -0.01633165 0.04797550 0.00926855
v -0.01859764 0.04797550 0.01292132
v -0.02151903 0.04797550 0.01619709
v -0.02734581 0.04797550 0.01522753
v -0.02463683 0.04797550 0.01902877
v -0.02157689 0.04797550 0.02227855
v -0.02803002 0.04797550 0.02183341
v -0.02457274 0.04797550 0.02566571
v -0.01793260 0.04797550 0.02522422
v -0.02039269 0.04797550 0.02909645
v -0.01346178 0.04797550 0.02778856
v -0.01508458 0.04797550 0.03215464
v -0.00783482 0.04797550 0.02983994
v -0.00844542 0.04797550 0.03449707
v -0.00101012 0.04797550 0.03063146
v -0.00190465 0.04797550 0.02626469
v -0.00032701 0.04797550 0.03554037
v 0.00628468 0.04797550 0.02966755
v 0.00412147 0.04797550 0.02538868
v 0.00993312 0.04797550 0.02309952
v 0.00646510 0.04797550 0.01929207
v 0.00174660 0.04797550 0.02129125
v 0.01082069 0.04797550 0.01627738
v 0.00641774 0.04797550 0.01315992
v 0.00285487 0.04797550 0.01568677
v 0.00207143 0.04797550 0.01026137
v -0.00069640 0.04797550 0.01260933
v -0.00169090 0.04797550 0.00759483
v -0.00375877 0.04797550 0.01001244
v -0.00671251 0.04797550 0.00755262
v -0.00481163 0.04797550 0.00496135
v -0.00959386 0.04797550 0.00499080
v -0.00765404 0.04797550 0.00220946
v -0.01260240 0.04797550 0.00247026
v -0.01441832 0.04797550 0.00581805
v -0.01068126 0.04797550 -0.00062913
v -0.01609544 0.04797550 -0.00008870
v -0.01766564 0.04797550 0.00356475
v -0.02148595 0.04797550 0.00163744
v -0.02022032 0.04797550 -0.00260057
v -0.02597862 0.04797550 0.00006995
v -0.02481029 0.04797550 -0.00485038
v -0.03054295 0.04797550 -0.00097735
v -0.03050939 0.04797550 0.00500185
v -0.02950292 0.04797550 0.01059169
v -0.03513561 0.04797550 0.00522238
v -0.03354649 0.04797550 0.01168245
v -0.03106859 0.04797550 0.01725767
v -0.03356651 0.04482462 0.01158625
v -0.03105309 0.04393424 0.01722499
v -0.02792076 0.04336564 0.02192029
v -0.03362608 0.04223209 0.01138757
v -0.03113146 0.04076310 0.01706637
v -0.02796068 0.03955460 0.02182998
v -0.02455101 0.03919108 0.02564508
v -0.02455626 0.04323502 0.02563985
v -0.03123448 0.03840470 0.01685163
v -0.02806712 0.03675577 0.02169011
v -0.03371178 0.04001017 0.01112122
v -0.03382689 0.03798014 0.01079659
v -0.03142833 0.03621256 0.01649755
v -0.03397057 0.03599992 0.01039450
v -0.03166905 0.03408732 0.01604713
v -0.03408165 0.03431681 0.01002559
v -0.03192772 0.03218473 0.01556881
v -0.02883275 0.03190250 0.02068300
v -0.02927477 0.02957145 0.02016858
v -0.02724071 0.02760416 0.02284745
v -0.03384239 0.03144498 0.01643301
v -0.03142223 0.02817423 0.02156202
v -0.03588329 0.03393449 0.01040910
v -0.03793895 0.03376334 0.01088912
v -0.03596227 0.03087125 0.01748625
v -0.03809239 0.03064591 0.01787613
v -0.03994029 0.03365494 0.01119137
v -0.04064818 0.03059196 0.01796466
v -0.03952648 0.02656046 0.02348343
v -0.03976732 0.02224821 0.02763955
v -0.04332396 0.02671818 0.02329643
v -0.04343321 0.02244279 0.02747747
v -0.04800890 0.02262174 0.02740340
v -0.04407262 0.01732316 0.03098150
v -0.04105638 0.01698698 0.03118152
v -0.03888316 0.01658170 0.03138045
v -0.04251561 0.01099259 0.03374144
v -0.04055650 0.01060636 0.03386143
v -0.03876158 0.01013273 0.03401194
v -0.03702086 0.01601286 0.03168760
v -0.04342784 0.00460001 0.03519323
v -0.04146373 0.00428825 0.03522480
v -0.03967101 0.00396183 0.03528537
v -0.03797667 0.00361124 0.03534295
v -0.03701647 0.00960221 0.03417131
v -0.04158263 -0.00214852 0.03542149
v -0.03977062 -0.00225448 0.03542391
v -0.03805797 -0.00234994 0.03542339
v -0.03631798 -0.00242977 0.03542334
v -0.03625377 0.00324308 0.03537790
v -0.03910350 -0.00836263 0.03450541
v -0.03738536 -0.00818612 0.03456278
v -0.03562560 -0.00789266 0.03465210
v -0.03465733 -0.00790682 0.03552861
v -0.03542259 -0.00260677 0.03623951
v -0.03407005 -0.01326473 0.03295359
v -0.03303844 -0.01306649 0.03393099
v -0.03288463 -0.01343514 0.03577758
v -0.03067418 -0.01796517 0.03154017
v -0.03035143 -0.01846127 0.03349582
v -0.03004613 -0.01892757 0.03570192
v -0.02813670 -0.02169857 0.02896565
v -0.03185350 -0.01837631 0.03040132
v -0.02966197 -0.02226400 0.02767377
v -0.02555333 -0.02466146 0.02864015
v -0.03362462 -0.01932357 0.02978766
v -0.03276793 -0.01371395 0.03766389
v -0.03269884 -0.01386898 0.03967649
v -0.03445726 -0.00859164 0.03901239
v -0.03454906 -0.00827279 0.03728316
v -0.03009447 -0.01885653 0.03801134
v -0.03022704 -0.01863705 0.04049701
v -0.02676207 -0.02335702 0.03645240
v -0.02713500 -0.02288558 0.03953675
v -0.02756407 -0.02240023 0.04341365
v -0.02411681 -0.02606478 0.03937378
v -0.02448741 -0.02569564 0.04327858
v -0.02089745 -0.02870028 0.04354990
v -0.02109532 -0.02859945 0.04800043
v -0.02491991 -0.02537508 0.04800043
v -0.02809020 -0.02177645 0.04800043
v -0.02515404 -0.01835311 0.04800043
v -0.03074095 -0.01782821 0.04800043
v -0.03040404 -0.01836996 0.04385009
v -0.02223351 -0.02154745 0.04800043
v -0.01863854 -0.02450570 0.04800043
v -0.01664293 -0.02039071 0.04800043
v -0.01995494 -0.01774447 0.04800043
v -0.02255650 -0.01487801 0.04800043
v -0.02471056 -0.01201644 0.04800043
v -0.02754344 -0.01501009 0.04800043
v -0.01801122 -0.01396786 0.04800043
v -0.02026097 -0.01139388 0.04800043
v -0.02213878 -0.00875326 0.04800043
v -0.01799986 -0.00805355 0.04800043
v -0.01959825 -0.00543636 0.04800043
v -0.02394322 -0.00609896 0.04800043
v -0.02662267 -0.00934506 0.04800043
v -0.03084935 -0.00874911 0.04800043
v -0.02951085 -0.01168807 0.04800043
v -0.03422484 -0.00958163 0.04800043
v -0.03279210 -0.01377010 0.04800043
v -0.03426134 -0.00938192 0.04521734
v -0.03268126 -0.01394442 0.04450422
v -0.03431627 -0.00912679 0.04287923
v -0.03267687 -0.01393465 0.04184325
v -0.03528636 -0.00415560 0.04561434
v -0.03531481 -0.00378817 0.04347568
v -0.03437535 -0.00888534 0.04089772
v -0.03533885 -0.00346078 0.04151015
v -0.03542833 0.00226578 0.04351048
v -0.03539708 0.00254484 0.04150707
v -0.03537328 -0.00315878 0.03968375
v -0.03539684 0.00275138 0.03968422
v -0.03540416 -0.00288094 0.03795018
v -0.03540013 0.00290299 0.03792280
v -0.03539867 0.00300870 0.03619748
v -0.03438316 0.00885172 0.03709546
v -0.03441844 0.00874894 0.03527887
v -0.03533055 0.00901334 0.03433850
v -0.03253282 0.01431681 0.03340842
v -0.03353246 0.01460758 0.03238862
v -0.03525804 0.01537589 0.03200096
v -0.03126488 0.01945402 0.02968571
v -0.03309728 0.02042252 0.02901122
v -0.02992845 0.01909415 0.03090718
v -0.02759618 0.02234977 0.02861216
v -0.02934496 0.02277824 0.02722545
v -0.02946800 0.01978287 0.03294676
v -0.03235509 0.01464933 0.03530280
v -0.03224083 0.01488053 0.03725871
v -0.03437340 0.00886149 0.03890971
v -0.03438817 0.00878434 0.04082198
v -0.03220958 0.01492765 0.03928394
v -0.03225060 0.01483952 0.04154747
v -0.02899913 0.02040250 0.04004451
v -0.02889635 0.02055241 0.03741149
v -0.03443529 0.00859733 0.04284772
v -0.03452074 0.00828556 0.04530455
v -0.03238109 0.01456901 0.04441025
v -0.03545726 0.00191056 0.04568800
v -0.03548985 0.00149601 0.04800043
v -0.03465294 0.00782291 0.04800043
v -0.03524217 -0.00452914 0.04800043
v -0.03157774 0.00019157 0.04800043
v -0.03055443 0.00580704 0.04800043
v -0.02853624 0.01111588 0.04800042
v -0.03263268 0.01405802 0.04800043
v -0.02573668 0.01614640 0.04800043
v -0.02959947 0.01968351 0.04800043
v -0.02920519 0.02013175 0.04360070
v -0.02573070 0.02447672 0.04800043
v -0.02544896 0.02470402 0.04322726
v -0.02528026 0.02491764 0.03928642
v -0.02074278 0.02874943 0.03986131
v -0.02049767 0.02893009 0.03715426
v -0.02092882 0.02863322 0.04347876
v -0.01483397 0.03223380 0.04136953
v -0.01454210 0.03236735 0.03909009
v -0.00747069 0.03466984 0.04059991
v -0.00723155 0.03473258 0.03861535
v -0.01412645 0.03256046 0.03703054
v -0.00695714 0.03480631 0.03672586
v -0.01357726 0.03279362 0.03505594
v -0.01912779 0.02988468 0.03276508
v -0.01303038 0.03301334 0.03333616
v -0.01822472 0.03046964 0.03083201
v -0.02184581 0.02798429 0.02848667
v -0.01892503 0.03261857 0.03002640
v -0.01349498 0.03492326 0.03285186
v -0.00669090 0.03486979 0.03489512
v -0.00701878 0.03668839 0.03482106
v -0.01401781 0.03702897 0.03262808
v -0.00735668 0.03859391 0.03473018
v -0.01439855 0.03912955 0.03245070
v -0.02005052 0.03727067 0.02927842
v -0.00766942 0.04058268 0.03464892
v -0.01470604 0.04137174 0.03231367
v -0.02021593 0.03989494 0.02916409
v -0.02034068 0.04353629 0.02909889
v -0.01495653 0.04427116 0.03220612
v -0.00796800 0.04273502 0.03458493
v -0.00823534 0.04513956 0.03453040
v -0.00009593 0.04546183 0.03550771
v 0.00012013 0.04317789 0.03549150
v 0.00873439 0.04503629 0.03440441
v 0.00836964 0.04797550 0.03451159
v 0.00891493 0.04243693 0.03435024
v 0.01706361 0.04396867 0.03112648
v 0.01656898 0.04797550 0.03144417
v 0.02340333 0.04797550 0.02670929
v 0.01932472 0.04797550 0.02318478
v 0.01319740 0.04797550 0.02702913
v 0.02414381 0.04797550 0.01774114
v 0.01932594 0.04797550 0.01510398
v 0.01526259 0.04797550 0.01974797
v 0.02216078 0.04797550 0.00942096
v 0.01658607 0.04797550 0.00801181
v 0.01436598 0.04797550 0.01258766
v 0.01074086 0.04797550 0.00635313
v 0.00899306 0.04797550 0.01004532
v 0.00417055 0.04797550 0.00779173
v -0.00009630 0.04797550 0.00542284
v -0.00302831 0.04797550 0.00270276
v -0.00561388 0.04797550 -0.00022787
v -0.00305846 0.04797550 -0.00228418
v -0.00844457 0.04797550 -0.00346699
v -0.00556065 0.04797550 -0.00582594
v -0.00869322 0.04797550 -0.00945401
v -0.01175414 0.04797550 -0.00678476
v -0.01416124 0.04797550 -0.00359033
v -0.01240074 0.04797550 -0.01341071
v -0.01568395 0.04797550 -0.01033689
v -0.01831285 0.04797550 -0.00668512
v -0.02274767 0.04797550 -0.00968964
v -0.01987926 0.04797550 -0.01397360
v -0.02720397 0.04797550 -0.01262645
v -0.02942296 0.04797550 -0.00696271
v -0.02408153 0.04797550 -0.01756701
v -0.03189403 0.04797550 -0.01564417
v -0.03437218 0.04797550 -0.00896854
v -0.03547398 0.04797550 -0.00184169
v -0.03427098 0.04500162 -0.00931440
v -0.03544859 0.04547623 -0.00209051
v -0.03514940 0.04541056 0.00505504
v -0.03542467 0.04318864 -0.00230089
v -0.03517027 0.04309928 0.00484527
v -0.03519957 0.04097282 0.00461543
v -0.03540831 0.04107462 -0.00245388
v -0.03525047 0.03903532 0.00438308
v -0.03541649 0.03911784 -0.00255952
v -0.03530028 0.03714469 0.00413406
v -0.03541771 0.03721549 -0.00262443
v -0.03534544 0.03550504 0.00389517
v -0.03542052 0.03539371 -0.00268503
v -0.03703478 0.03529264 0.00394274
v -0.03720140 0.03536784 -0.00294728
v -0.03902391 0.03525993 0.00403764
v -0.03907604 0.03533781 -0.00322770
v -0.04099388 0.03523161 0.00409173
v -0.04103624 0.03530582 -0.00348333
v -0.04313341 0.03522868 0.00411910
v -0.04218712 0.03358805 0.01139875
v -0.04315636 0.03528654 -0.00370542
v -0.04544884 0.03524992 0.00409465
v -0.04483019 0.03356217 0.01149765
v -0.04386791 0.03058683 0.01797987
v -0.04800890 0.03359122 0.01146480
v -0.04800890 0.03065250 0.01789568
v -0.04800890 0.02691837 0.02315448
v -0.04800890 0.02651652 0.01547977
v -0.04800890 0.02341691 0.02021788
v -0.04800890 0.01980900 0.02403208
v -0.04800890 0.02247306 0.01355529
v -0.04800890 0.02004777 0.01773658
v -0.04800890 0.01817594 0.01204034
v -0.04800890 0.01627970 0.01583359
v -0.04800890 0.01715372 0.02118284
v -0.04800890 0.01395060 0.01101542
v -0.04800890 0.01237516 0.01467711
v -0.04800890 0.00999943 0.01034344
v -0.04800890 0.00867863 0.01396495
v -0.04800890 0.00724259 0.01776497
v -0.04800890 0.00597477 0.02182669
v -0.04800890 0.00514298 0.01339425
v -0.04800890 0.00349796 0.01728498
v -0.04800890 0.00176652 0.02151796
v -0.04800890 0.00028825 0.02616747
v -0.04800890 0.00516129 0.02618814
v -0.04800890 -0.00028207 0.01658032
v -0.04800890 -0.00255087 0.02088465
v -0.04800890 -0.00464559 0.02531635
v -0.04800890 -0.00655624 0.02991509
v -0.04800890 -0.00073641 0.03062139
v -0.04800890 -0.00687313 0.01943195
v -0.04800890 -0.00960604 0.02360663
v -0.04800890 -0.01224130 0.02788821
v -0.04800890 -0.01481649 0.03228875
v -0.04800890 -0.00830404 0.03453636
v -0.04800890 -0.01420467 0.02086541
v -0.04800890 -0.01742049 0.02475713
v -0.04800890 -0.02070589 0.02887581
v -0.04360961 -0.02078475 0.02876886
v -0.04442113 -0.01495663 0.03221679
v -0.04800890 -0.02166439 0.02074443
v -0.04800890 -0.02568832 0.02456559
v -0.04333165 -0.02555990 0.02464512
v -0.03946434 -0.02549398 0.02474554
v -0.04007042 -0.02073739 0.02879334
v -0.04374571 -0.02964462 0.01956427
v -0.04036192 -0.02958309 0.01963866
v -0.03782518 -0.02963558 0.01956115
v -0.04196703 -0.03298519 0.01317007
v -0.03984361 -0.03302670 0.01304458
v -0.03794982 -0.03313314 0.01279131
v -0.04120372 -0.03498153 0.00607714
v -0.03936473 -0.03500277 0.00599589
v -0.03764549 -0.03503671 0.00586485
v -0.03975047 -0.03550350 -0.00086432
v -0.03801878 -0.03550961 -0.00074831
v -0.03635387 -0.03554256 -0.00064210
v -0.03747337 -0.03481942 -0.00710095
v -0.03577184 -0.03490194 -0.00672790
v -0.03490331 -0.03580087 -0.00662726
v -0.03433873 -0.03330575 -0.01238204
v -0.03334557 -0.03430160 -0.01223890
v -0.03320128 -0.03609628 -0.01260104
v -0.03108153 -0.03208749 -0.01723608
v -0.03075243 -0.03406918 -0.01774445
v -0.03049693 -0.03603402 -0.01819295
v -0.02810582 -0.03200301 -0.02169110
v -0.02866429 -0.02981625 -0.02098336
v -0.03221800 -0.03095419 -0.01748441
v -0.03008910 -0.02833944 -0.02141466
v -0.02692247 -0.02805184 -0.02319443
v -0.02860167 -0.02641390 -0.02375260
v -0.03193382 -0.02729525 -0.02270758
v -0.02872191 -0.02376180 -0.02640377
v -0.02995848 -0.02178524 -0.02804425
v -0.02687840 -0.02326644 -0.02793866
v -0.02843260 -0.02129110 -0.02962489
v -0.03076817 -0.01780770 -0.03179461
v -0.02789391 -0.02196175 -0.03182739
v -0.03192418 -0.01818368 -0.03052486
v -0.03400743 -0.01337020 -0.03291189
v -0.03365770 -0.01919564 -0.02986981
v -0.03571117 -0.01413729 -0.03259555
v -0.03729527 -0.00841097 -0.03450250
v -0.03744249 -0.01485653 -0.03226468
v -0.03898595 -0.00892855 -0.03435897
v -0.03971483 -0.00228866 -0.03542122
v -0.04078124 -0.00943319 -0.03421874
v -0.04151781 -0.00260726 -0.03538872
v -0.04132189 0.00485734 -0.03514853
v -0.04350023 -0.00295321 -0.03537587
v -0.04333116 0.00469523 -0.03517461
v -0.04214073 0.01253239 -0.03320074
v -0.04555882 0.00443107 -0.03522592
v -0.04480223 0.01234684 -0.03328037
v -0.04374645 0.01956681 -0.02960253
v -0.04800890 0.01194303 -0.03343507
v -0.04800890 0.01920231 -0.02987874
v -0.04800890 0.02518522 -0.02506617
v -0.04800890 0.01600333 -0.02607868
v -0.04800890 0.02116642 -0.02163995
v -0.04800890 0.02530607 -0.01637230
v -0.04800890 0.01740006 -0.01853770
v -0.04800890 0.02102775 -0.01389508
v -0.04800890 0.02366202 -0.00860371
v -0.04800890 0.01673820 -0.01151547
v -0.04800890 0.01901774 -0.00697825
v -0.04800890 0.02034611 -0.00211999
v -0.04800890 0.01446207 -0.00536893
v -0.04800890 0.01561173 -0.00124834
v -0.04800890 0.01585831 0.00294990
v -0.04800890 0.02054923 0.00286444
v -0.04800890 0.01101310 -0.00036843
v -0.04800890 0.01131535 0.00315282
v -0.04800890 0.01095255 0.00672635
v -0.04800890 0.01523673 0.00709172
v -0.04800890 0.00667594 0.00058226
v -0.04800890 0.00709952 0.00356739
v -0.04800890 0.00705241 0.00655416
v -0.04800890 0.00638810 0.00981620
v -0.04800890 0.00318571 0.00421104
v -0.04800890 0.00361124 0.00664303
v -0.04800890 0.00249650 0.00158307
v -0.04800890 -0.00082064 0.00533766
v -0.04800890 -0.00519784 0.00756755
v -0.04800890 -0.00186630 0.00294168
v -0.04800890 -0.00654696 0.00483810
v -0.04800890 -0.01128524 0.00727417
v -0.04800890 -0.00752743 0.00195648
v -0.04800890 -0.01257772 0.00386055
v -0.04800890 -0.01768929 0.00599186
v -0.04800890 -0.01323739 0.00022677
v -0.04800890 -0.01861141 0.00161442
v -0.04800890 -0.02404232 0.00305775
v -0.04800890 -0.01855453 -0.00283910
v -0.04800890 -0.02415780 -0.00224588
v -0.04800890 -0.02973251 -0.00176353
v -0.04800890 -0.02323934 -0.00733804
v -0.04800890 -0.02882626 -0.00771701
v -0.04800890 -0.03450448 -0.00850239
v -0.04800890 -0.02703817 -0.01306048
v -0.04800890 -0.03233968 -0.01473487
v -0.04446202 -0.03241146 -0.01456137
v -0.04533092 -0.03453524 -0.00831397
v -0.04800890 -0.02937093 -0.02004580
v -0.04371336 -0.02936312 -0.01995829
v -0.04037084 -0.02942709 -0.01985488
v -0.04176390 -0.03253329 -0.01428056
v -0.04800890 -0.02589095 -0.02434144
v -0.04337572 -0.02575839 -0.02440986
v -0.03954332 -0.02566781 -0.02454453
v -0.03785875 -0.02956942 -0.01965501
v -0.04355516 -0.02164828 -0.02813148
v -0.04000829 -0.02129525 -0.02839398
v -0.04136961 -0.01600619 -0.03171330
v -0.03927330 -0.01546664 -0.03197309
v -0.04420543 -0.01654183 -0.03143250
v -0.04510484 -0.01042464 -0.03395781
v -0.04800890 -0.01703109 -0.03120937
v -0.04800890 -0.01088436 -0.03383145
v -0.04800890 -0.00372176 -0.03535247
v -0.04800890 -0.01035677 -0.02915320
v -0.04800890 -0.00418148 -0.03042939
v -0.04800890 0.00256437 -0.03056682
v -0.04800890 -0.00504208 -0.02592646
v -0.04800890 0.00092423 -0.02621261
v -0.04800890 0.00703654 -0.02503345
v -0.04800890 -0.00103915 -0.02181028
v -0.04800890 0.00455216 -0.02120666
v -0.04800890 0.00975651 -0.01911661
v -0.04800890 0.00193351 -0.01731256
v -0.04800890 0.00648453 -0.01553609
v -0.04800890 0.00996012 -0.01268973
v -0.04800890 0.00358634 -0.01256947
v -0.04800890 0.00647916 -0.01013171
v -0.04800890 0.00855241 -0.00711652
v -0.04800890 0.00327335 -0.00801881
v -0.04800890 0.00473844 -0.00530807
v -0.04800890 0.00586832 -0.00241520
v -0.04800890 0.00087296 -0.00375406
v -0.04800890 0.00170573 -0.00107405
v -0.04800890 -0.00339120 -0.00240171
v -0.04800890 -0.00274227 0.00033607
v -0.04800890 -0.00808749 -0.00112627
v -0.04800890 -0.00364047 -0.00533116
v -0.04800890 -0.00810287 -0.00439992
v -0.04800890 -0.01312264 -0.00356722
v -0.04800890 -0.00751107 -0.00776781
v -0.04800890 -0.01230184 -0.00740366
v -0.04800890 -0.01761385 -0.00722570
v -0.04800890 -0.01098446 -0.01109283
v -0.04800890 -0.01617098 -0.01121043
v -0.04800890 -0.02168807 -0.01183255
v -0.04800890 -0.01452645 -0.01477565
v -0.04800890 -0.01978109 -0.01575102
v -0.04800890 -0.02473006 -0.01756487
v -0.04800890 -0.01783871 -0.01894927
v -0.04800890 -0.02215829 -0.02124155
v -0.04800890 -0.01288046 -0.01800423
v -0.04800890 -0.00949032 -0.01453386
v -0.04800890 -0.00790389 -0.01801179
v -0.04800890 -0.00294686 -0.01800115
v -0.04800890 -0.00638143 -0.02167342
v -0.04800890 -0.00477792 -0.01447727
v -0.04800890 -0.00031478 -0.01400591
v -0.04800890 -0.00630770 -0.01117241
v -0.04800890 0.01007194 -0.00381242
v -0.04800890 0.01256388 -0.00921562
v -0.04800890 0.01369840 -0.01552177
v -0.04800890 0.01277433 -0.02245603
v -0.04800890 0.00957438 -0.02921762
v -0.04800890 0.00406779 -0.03529389
v -0.04562425 -0.00333065 -0.03536845
v -0.04800890 -0.02201034 -0.02790728
v -0.04277623 -0.00993026 -0.03407827
v -0.03967186 -0.03266561 -0.01395691
v -0.04104344 -0.03464266 -0.00777128
v -0.04303734 -0.03458700 -0.00805893
v -0.04354613 -0.03549691 -0.00116102
v -0.04568431 -0.03550057 -0.00133484
v -0.04546483 -0.03500521 0.00602688
v -0.04800890 -0.03505282 0.00588514
v -0.04800890 -0.03550619 -0.00150363
v -0.04800890 -0.03307894 0.01303270
v -0.04800890 -0.02784579 0.01053903
v -0.04800890 -0.02943173 0.00447417
v -0.04800890 -0.02517538 0.01601880
v -0.04800890 -0.02065170 0.01297551
v -0.04800890 -0.02280843 0.00824656
v -0.04800890 -0.01773666 0.01717566
v -0.04800890 -0.01365048 0.01369351
v -0.04800890 -0.01599960 0.01005378
v -0.04800890 -0.01060458 0.01687135
v -0.04800890 -0.00946639 0.01043681
v -0.04800890 -0.00705477 0.01320066
v -0.04800890 -0.00392587 0.01526844
v -0.04800890 -0.02981673 0.01937257
v -0.04468736 -0.03299496 0.01319475
v -0.04315367 -0.03498544 0.00608464
v -0.04155907 -0.03548812 -0.00100137
v -0.03922972 -0.03472909 -0.00744834
v -0.03782494 -0.03284847 -0.01352317
v -0.03606029 -0.03306551 -0.01299355
v -0.03398680 -0.03041293 -0.01835723
v -0.04800890 0.01971159 0.00770979
v -0.04800890 0.02433073 0.00861344
v -0.04800890 0.02534171 0.00299694
v -0.04800890 0.02885612 0.00981778
v -0.04800890 0.03011759 0.00339228
v -0.04800890 0.03000089 -0.00347918
v -0.04800890 0.02515226 -0.00287027
v -0.04800890 0.03528043 -0.00402024
v -0.04800890 0.03340861 -0.01197443
v -0.04800890 0.02833781 -0.01022710
v -0.04480467 0.03345475 -0.01181652
v -0.04800890 0.02989640 -0.01915680
v -0.04376805 0.02994425 -0.01901759
v -0.04216771 0.03354923 -0.01151028
v -0.04041124 0.03010734 -0.01875004
v -0.04334142 0.02528458 -0.02487538
v -0.03949071 0.02541715 -0.02477400
v -0.03783006 0.01979679 -0.02943003
v -0.04035497 0.01975773 -0.02946414
v -0.03995116 0.03368766 -0.01109509
v -0.03801537 0.03386564 -0.01058458
v -0.03594347 0.03072501 -0.01774236
v -0.03610545 0.03406559 -0.00993517
v -0.03393334 0.03137736 -0.01656303
v -0.03224461 0.03191935 -0.01551646
v -0.02956407 0.02918961 -0.02025294
v -0.02883910 0.03176578 -0.02068174
v -0.02758116 0.02712516 -0.02294415
v -0.03185155 0.03405314 -0.01569023
v -0.03424376 0.03609830 -0.00941376
v -0.03169640 0.03630851 -0.01597675
v -0.03453063 0.03423576 -0.00933123
v -0.03419945 0.03819669 -0.00954974
v -0.03160924 0.03852994 -0.01615527
v -0.02814806 0.03677506 -0.02158627
v -0.03417980 0.04024113 -0.00958303
v -0.03161644 0.04097135 -0.01615894
v -0.02812499 0.03962321 -0.02162059
v -0.02822533 0.04336784 -0.02153284
v -0.02420665 0.04320255 -0.02597140
v -0.02425328 0.03926359 -0.02592575
v -0.01916210 0.04022135 -0.02985397
v -0.01913243 0.03766544 -0.02986825
v -0.01913060 0.04364518 -0.02989952
v -0.01264440 0.04191276 -0.03316883
v -0.01250169 0.03961002 -0.03321870
v -0.00496068 0.04087809 -0.03514588
v -0.00484264 0.03889640 -0.03517096
v -0.01226244 0.03750602 -0.03331581
v -0.00469676 0.03701798 -0.03520280
v -0.01187779 0.03541740 -0.03347290
v -0.01818724 0.03296329 -0.03049669
v -0.01156273 0.03357511 -0.03381832
v -0.01758104 0.03087467 -0.03122004
v -0.02170812 0.02808366 -0.02863447
v -0.01848473 0.03028336 -0.03309811
v -0.01207408 0.03337321 -0.03549115
v -0.00472569 0.03517496 -0.03692061
v -0.00491881 0.03513444 -0.03887911
v -0.01259252 0.03316569 -0.03743135
v -0.01298656 0.03300065 -0.03945338
v -0.01984093 0.02938908 -0.03734433
v -0.00508898 0.03510245 -0.04085948
v -0.01325597 0.03290226 -0.04167601
v -0.02010814 0.02921061 -0.03998660
v -0.02534252 0.02485050 -0.03934547
v -0.02027013 0.02912369 -0.04359259
v -0.02548461 0.02469474 -0.04334304
v -0.02970592 0.01940739 -0.04376450
v -0.02961437 0.01951359 -0.04028102
v -0.02034032 0.02911051 -0.04799957
v -0.02568834 0.02452360 -0.04799957
v -0.02993590 0.01912247 -0.04799957
v -0.02173668 0.01981339 -0.04799957
v -0.02555650 0.01523112 -0.04799957
v -0.03311937 0.01285099 -0.04799957
v -0.03304186 0.01300773 -0.04470154
v -0.03499852 0.00595109 -0.04547872
v -0.03500267 0.00587858 -0.04318641
v -0.03302916 0.01299088 -0.04209231
v -0.03502147 0.00574943 -0.04125006
v -0.03308104 0.01283927 -0.03992807
v -0.03506358 0.00554728 -0.03941920
v -0.03319237 0.01256705 -0.03797875
v -0.02962193 0.01948283 -0.03785796
v -0.03510655 0.00531022 -0.03770690
v -0.03335191 0.01217570 -0.03615917
v -0.03515831 0.00502189 -0.03597377
v -0.03353294 0.01172379 -0.03438766
v -0.03024193 0.01856242 -0.03359751
v -0.03072386 0.01782951 -0.03170168
v -0.02788829 0.02195744 -0.02898442
v -0.03449388 0.01172965 -0.03352103
v -0.03197630 0.01799259 -0.03061593
v -0.02962328 0.02229142 -0.02761367
v -0.03383482 0.01877238 -0.03011088
v -0.03628185 0.01210123 -0.03337044
v -0.03601854 0.00491837 -0.03516552
v -0.03778124 0.00496134 -0.03515204
v -0.03807482 0.01239396 -0.03324874
v -0.03948558 0.00494450 -0.03514745
v -0.03998192 0.01254752 -0.03318806
v -0.03632103 -0.00172225 -0.03546058
v -0.03800890 -0.00199789 -0.03544082
v -0.03547948 -0.00154745 -0.03629769
v -0.03472630 -0.00763534 -0.03557536
v -0.03559239 -0.00786605 -0.03465840
v -0.03467772 -0.00771908 -0.03735165
v -0.03292186 -0.01333480 -0.03585064
v -0.03303941 -0.01306210 -0.03395850
v -0.03283446 -0.01354134 -0.03773758
v -0.03025829 -0.01856307 -0.03584435
v -0.03050450 -0.01819051 -0.03376655
v -0.03008763 -0.01881991 -0.03800755
v -0.03276720 -0.01368050 -0.03969982
v -0.03004418 -0.01890536 -0.04044584
v -0.02683348 -0.02326131 -0.03945101
v -0.02676927 -0.02333431 -0.04333385
v -0.02314269 -0.02693758 -0.03946999
v -0.02347447 -0.02663924 -0.03645637
v -0.02294127 -0.02711678 -0.04336966
v -0.01799303 -0.03063168 -0.04062456
v -0.01805150 -0.03058505 -0.03800252
v -0.01789952 -0.03067391 -0.03574658
v -0.01179332 -0.03350033 -0.03985866
v -0.01163475 -0.03356185 -0.03777442
v -0.01130040 -0.03370589 -0.03579891
v -0.00532140 -0.03512069 -0.03893635
v -0.00531090 -0.03512972 -0.03706288
v -0.00526219 -0.03514217 -0.03540988
v 0.00079896 -0.03551815 -0.03736265
v 0.00054762 -0.03554916 -0.03580476
v 0.00033192 -0.03724789 -0.03551234
v 0.00637086 -0.03496029 -0.03525495
v 0.00634059 -0.03673397 -0.03493251
v 0.00634083 -0.03880209 -0.03491754
v 0.01223207 -0.03529964 -0.03333228
v 0.01257497 -0.03743124 -0.03319150
v 0.01270485 -0.03960091 -0.03313231
v 0.01900783 -0.03771346 -0.02997743
v 0.01775758 -0.03304427 -0.03075262
v 0.01199818 -0.03345028 -0.03382468
v 0.01719240 -0.03112093 -0.03172049
v 0.02117604 -0.02851131 -0.02971816
v 0.01781752 -0.03072811 -0.03362077
v 0.02188881 -0.02793881 -0.03192490
v 0.02347682 -0.02666293 -0.02847255
v 0.01260683 -0.03321298 -0.03550106
v 0.01320924 -0.03297274 -0.03741609
v 0.01843422 -0.03033163 -0.03564647
v 0.01374208 -0.03274862 -0.03938461
v 0.01896144 -0.02999276 -0.03777332
v 0.01935158 -0.02974203 -0.04015980
v 0.02369203 -0.02644515 -0.03931763
v 0.01977809 -0.02948763 -0.04359461
v 0.02402028 -0.02614535 -0.04326425
v 0.02742360 -0.02251669 -0.03944410
v 0.02706532 -0.02296151 -0.03643574
v 0.03095534 -0.01738290 -0.04067997
v 0.03088454 -0.01749789 -0.03818941
v 0.02768104 -0.02222030 -0.04336746
v 0.03106435 -0.01719491 -0.04396843
v 0.03369911 -0.01115511 -0.04488186
v 0.03365211 -0.01128646 -0.04224228
v 0.02804811 -0.02180941 -0.04799957
v 0.03132619 -0.01682211 -0.04799957
v 0.03382399 -0.01088119 -0.04799957
v 0.03530397 -0.00399130 -0.04799957
v 0.03526417 -0.00417977 -0.04545257
v 0.02758693 -0.01460360 -0.04799957
v 0.02944044 -0.00939291 -0.04799957
v 0.03035109 -0.00346346 -0.04799957
v 0.03009059 0.00285172 -0.04799957
v 0.02568190 -0.00349862 -0.04799957
v 0.02519581 0.00175968 -0.04799957
v 0.02383070 0.00685587 -0.04799957
v 0.02026247 0.00022941 -0.04799957
v 0.01903358 0.00439542 -0.04799957
v 0.01724831 0.00835319 -0.04799957
v 0.01421474 0.00202677 -0.04799957
v 0.01259267 0.00522379 -0.04799957
v 0.00991249 0.00025968 -0.04799957
v 0.00855397 0.00348991 -0.04799957
v 0.00635145 -0.00074056 -0.04799957
v 0.00505629 0.00285343 -0.04799957
v 0.00398707 0.00670988 -0.04799957
v 0.00032777 0.00656998 -0.04799957
v 0.00321474 0.01176774 -0.04799957
v 0.00165419 0.00232633 -0.04799957
v -0.00158898 0.00135001 -0.04799957
v 0.00311330 -0.00153060 -0.04799957
v 0.00011720 -0.00254867 -0.04799957
v -0.00270787 -0.00416415 -0.04799957
v -0.00475719 -0.00048495 -0.04799957
v 0.00176759 -0.00631698 -0.04799957
v 0.00450355 -0.00529061 -0.04799957
v 0.00574916 -0.00910165 -0.04799957
v 0.00309242 -0.01013119 -0.04799957
v 0.00667348 -0.01289828 -0.04799957
v 0.00373500 -0.01393026 -0.04799957
v 0.00378334 -0.01778451 -0.04799957
v 0.00723817 -0.01680550 -0.04799957
v 0.00766188 -0.02097274 -0.04799957
v 0.01056813 -0.01547909 -0.04799957
v 0.01140199 -0.01951571 -0.04799957
v 0.01244386 -0.02370760 -0.04799957
v 0.01479188 -0.01783822 -0.04799957
v 0.01620131 -0.02176962 -0.04799957
v 0.01796767 -0.02549032 -0.04799957
v 0.01949574 -0.01936141 -0.04799957
v 0.02176478 -0.02257967 -0.04799957
v 0.02435451 -0.02587142 -0.04799957
v 0.02492006 -0.01906014 -0.04799957
v 0.02007716 -0.02934139 -0.04799957
v 0.01495570 -0.03223129 -0.04799957
v 0.01359230 -0.02785702 -0.04799957
v 0.01461952 -0.03237826 -0.04428915
v 0.00901613 -0.03437362 -0.04799957
v 0.00851552 -0.02968465 -0.04799957
v 0.00272279 -0.03070589 -0.04799957
v 0.00319984 -0.02629159 -0.04799957
v 0.00810622 -0.02530721 -0.04799957
v -0.00215465 -0.02623910 -0.04799957
v -0.00089671 -0.02206600 -0.04799957
v 0.00354848 -0.02195882 -0.04799957
v -0.00540062 -0.02101937 -0.04799957
v -0.00359386 -0.01732870 -0.04799957
v 0.00024159 -0.01809774 -0.04799957
v -0.00729112 -0.01541122 -0.04799957
v -0.00959105 -0.01899081 -0.04799957
v -0.01327892 -0.01624423 -0.04799957
v -0.01061034 -0.01276498 -0.04799957
v -0.00805065 -0.00949642 -0.04799957
v -0.01354515 -0.00950082 -0.04799957
v -0.01072569 -0.00621981 -0.04799957
v -0.00540770 -0.00649178 -0.04799957
v -0.00783190 -0.00310287 -0.04799957
v -0.01318053 -0.00244735 -0.04799957
v -0.01010533 0.00072550 -0.04799957
v -0.00681017 0.00349137 -0.04799957
v -0.01245787 0.00507267 -0.04799957
v -0.00898094 0.00806827 -0.04799957
v -0.00329491 0.00554215 -0.04799957
v -0.00511009 0.01035856 -0.04799957
v -0.01139977 0.01322282 -0.04799957
v -0.00704906 0.01577384 -0.04799957
v -0.00094225 0.01167326 -0.04799957
v -0.00215196 0.01735685 -0.04799957
v -0.00904173 0.02138444 -0.04799957
v -0.00326354 0.02314786 -0.04799957
v 0.00287257 0.02354948 -0.04799957
v 0.00290419 0.01768815 -0.04799957
v 0.00885499 0.02244401 -0.04799957
v 0.00767995 0.01672013 -0.04799957
v 0.01035133 0.02782096 -0.04799957
v 0.01676710 0.02469279 -0.04799957
v 0.01414979 0.01992228 -0.04799957
v 0.02190309 0.02030802 -0.04799957
v 0.01842421 0.01623307 -0.04799957
v 0.02581898 0.01504240 -0.04799957
v 0.02162306 0.01174894 -0.04799957
v 0.03035304 0.01839689 -0.04799957
v 0.03365956 0.01129166 -0.04799957
v 0.02856190 0.00913859 -0.04799957
v 0.03360023 0.01140421 -0.04483312
v 0.03532521 0.00353190 -0.04545933
v 0.03535194 0.00361930 -0.04799957
v 0.03532570 0.00339811 -0.04316789
v 0.03522694 -0.00431405 -0.04312907
v 0.03533571 0.00321696 -0.04101251
v 0.03521242 -0.00440780 -0.04096249
v 0.03363966 -0.01130599 -0.03993410
v 0.03522108 -0.00449227 -0.03900081
v 0.03365932 -0.01126498 -0.03779933
v 0.03084804 -0.01756210 -0.03581433
v 0.03376405 -0.01105038 -0.03568028
v 0.03125587 -0.01683871 -0.03354862
v 0.03411391 -0.01091219 -0.03383874
v 0.03195717 -0.01642782 -0.03149796
v 0.02959730 -0.02067757 -0.02890829
v 0.03372938 -0.01724935 -0.03104407
v 0.03179823 -0.02160214 -0.02816749
v 0.02791237 -0.02312753 -0.02699951
v 0.03571400 -0.01160165 -0.03358188
v 0.03759816 -0.01233993 -0.03329119
v 0.03569569 -0.01811923 -0.03052148
v 0.03953749 -0.01300326 -0.03302470
v 0.03781874 -0.01893978 -0.03000169
v 0.04173195 -0.01363168 -0.03278510
v 0.04016493 -0.01957992 -0.02959108
v 0.03943202 -0.02453817 -0.02567723
v 0.04359962 -0.02029598 -0.02914050
v 0.04335426 -0.02520345 -0.02502944
v 0.04012184 -0.02903988 -0.02044436
v 0.03715626 -0.02838705 -0.02129870
v 0.04189894 -0.03286507 -0.01347004
v 0.03964052 -0.03275546 -0.01372954
v 0.04372694 -0.02947030 -0.01981493
v 0.04466872 -0.03298592 -0.01321487
v 0.04547108 -0.03504501 -0.00580525
v 0.04314882 -0.03502303 -0.00587790
v 0.04799110 -0.02996224 -0.01912862
v 0.04799110 -0.03317049 -0.01277649
v 0.04799110 -0.03508968 -0.00563581
v 0.04799110 -0.03549349 0.00175950
v 0.04563930 -0.03547762 0.00182144
v 0.04799110 -0.02896444 -0.01059719
v 0.04799110 -0.03034969 -0.00463648
v 0.04799110 -0.03064559 0.00140776
v 0.04799110 -0.02983163 0.00728880
v 0.04799110 -0.02589925 -0.00372229
v 0.04799110 -0.02609213 0.00117377
v 0.04799110 -0.02552328 0.00582007
v 0.04799110 -0.02405477 0.01037146
v 0.04799110 -0.02106307 0.00478714
v 0.04799110 -0.02143343 0.00109722
v 0.04799110 -0.01680257 0.00120912
v 0.04799110 -0.01651791 0.00434327
v 0.04799110 -0.01252767 0.00166674
v 0.04799110 -0.01243636 0.00464173
v 0.04799110 -0.00881820 0.00233894
v 0.04799110 -0.00889193 0.00542157
v 0.04799110 -0.00930746 0.00846647
v 0.04799110 -0.01043099 0.01222473
v 0.04799110 -0.00543295 0.00622106
v 0.04799110 -0.00594491 0.00975072
v 0.04799110 -0.00696298 0.01377616
v 0.04799110 -0.00325790 0.01478484
v 0.04799110 -0.00444979 0.01950591
v 0.04799110 -0.00851400 0.01833374
v 0.04799110 -0.01236166 0.01649612
v 0.04799110 -0.00225301 0.01048259
v 0.04799110 -0.00169711 0.00676037
v 0.04799110 0.00168497 0.01089568
v 0.04799110 0.00062736 0.01520993
v 0.04799110 0.00448771 0.01540940
v 0.04799110 0.00349064 0.02019620
v 0.04799110 -0.00033920 0.02007361
v 0.04799110 0.00586100 0.01121950
v 0.04799110 0.00241398 0.00706573
v 0.04799110 0.00715055 0.00729747
v 0.04799110 0.01046452 0.01181152
v 0.04799110 0.01231779 0.00779004
v 0.04799110 0.01539738 0.01316073
v 0.04799110 0.01779703 0.00865862
v 0.04799110 0.02012150 0.01519927
v 0.04799110 0.01627604 0.01955515
v 0.04799110 0.02304972 0.00986449
v 0.04799110 0.02445475 0.01760909
v 0.04799110 0.02016520 0.02252726
v 0.04799110 0.01526847 0.02625682
v 0.04799110 0.02423649 0.02594023
v 0.04799110 0.01874528 0.03015355
v 0.04357533 0.01927164 0.02978434
v 0.04457509 0.01295451 0.03305269
v 0.04799110 0.01249625 0.03323797
v 0.04799110 0.00992887 0.02875275
v 0.04799110 0.00580558 0.03503688
v 0.04799110 0.00443327 0.03002242
v 0.04799110 0.00354777 0.02521889
v 0.04799110 -0.00107870 0.03022186
v 0.04799110 -0.00085458 0.02518346
v 0.04799110 -0.00669711 0.02942048
v 0.04799110 -0.00563656 0.02444700
v 0.04799110 -0.01213534 0.02768325
v 0.04799110 -0.01030160 0.02300214
v 0.04799110 -0.01708944 0.02507982
v 0.04799110 -0.01463046 0.02081884
v 0.04799110 -0.02134286 0.02177952
v 0.04799110 -0.01844027 0.01801720
v 0.04799110 -0.02496590 0.01771708
v 0.04799110 -0.02164559 0.01450388
v 0.04799110 -0.02788461 0.01282439
v 0.04799110 -0.02860629 0.02107760
v 0.04799110 -0.03196102 0.01553610
v 0.04420875 -0.03176595 0.01590784
v 0.04516810 -0.03430721 0.00923630
v 0.04799110 -0.03438094 0.00899709
v 0.04273378 -0.03426254 0.00935408
v 0.04347511 -0.03546444 0.00186753
v 0.04150014 -0.03546078 0.00189172
v 0.04119350 -0.03501351 -0.00590564
v 0.03966530 -0.03546346 0.00188981
v 0.03932020 -0.03501815 -0.00591427
v 0.03741505 -0.03259066 -0.01414778
v 0.03569459 -0.03291390 -0.01337222
v 0.03760744 -0.03505624 -0.00574395
v 0.03585670 -0.03508846 -0.00557631
v 0.03392482 -0.03312411 -0.01285686
v 0.03075990 -0.02985824 -0.01923676
v 0.03303761 -0.03404696 -0.01299684
v 0.02973390 -0.03125643 -0.01938840
v 0.03279140 -0.03578182 -0.01360107
v 0.02919191 -0.03315096 -0.02017379
v 0.03499867 -0.03760238 -0.00588641
v 0.03260512 -0.03756210 -0.01404798
v 0.03504652 -0.03586923 -0.00562847
v 0.03543886 -0.03624007 0.00195042
v 0.03624342 -0.03547591 0.00188460
v 0.03520460 -0.03434042 0.00912183
v 0.03792628 -0.03547054 0.00189465
v 0.03697096 -0.03429989 0.00925483
v 0.03497499 -0.03177230 0.01587159
v 0.03881129 -0.03426839 0.00934466
v 0.03693886 -0.03168783 0.01603114
v 0.03894899 -0.03163583 0.01613340
v 0.03711842 -0.02811825 0.02163835
v 0.04069362 -0.03424813 0.00939586
v 0.04125343 -0.03167172 0.01609169
v 0.03984657 -0.02817367 0.02158574
v 0.03937819 -0.02430990 0.02589052
v 0.04352357 -0.02833309 0.02140661
v 0.04329811 -0.02441366 0.02578680
v 0.04364711 -0.01970174 0.02953595
v 0.04015993 -0.01948666 0.02965203
v 0.04799110 -0.02456698 0.02568505
v 0.04799110 -0.01979794 0.02954915
v 0.04799110 -0.01415414 0.03260206
v 0.04445119 -0.01406307 0.03261876
v 0.04522706 -0.00770174 0.03464901
v 0.04284975 -0.00752255 0.03468590
v 0.04166737 -0.01381478 0.03271450
v 0.04799110 -0.00780062 0.03466248
v 0.04799110 -0.00105721 0.03550525
v 0.04549806 -0.00089266 0.03548387
v 0.04530885 0.00609269 0.03496399
v 0.04326222 -0.00073055 0.03548021
v 0.04295387 0.00627189 0.03492217
v 0.04114296 -0.00057845 0.03547762
v 0.04069911 -0.00727743 0.03474085
v 0.03872963 -0.00697494 0.03481278
v 0.03943507 -0.01351131 0.03282610
v 0.03737770 -0.01307552 0.03301403
v 0.03766273 -0.01925131 0.02979999
v 0.03539796 -0.01879720 0.03010188
v 0.03319655 -0.01779720 0.03074028
v 0.03529811 -0.01247787 0.03325184
v 0.03119850 -0.01700912 0.03156966
v 0.02879677 -0.02081551 0.02929525
v 0.02821290 -0.02155404 0.03160885
v 0.02704347 -0.02307162 0.02770332
v 0.03086146 -0.01756136 0.03353132
v 0.03327589 -0.01238754 0.03547094
v 0.03054213 -0.01810482 0.03566210
v 0.03343861 -0.01197543 0.03373334
v 0.03310805 -0.01280282 0.03745929
v 0.03025990 -0.01856185 0.03789569
v 0.03296437 -0.01313876 0.03950203
v 0.03008852 -0.01882797 0.04028835
v 0.02680018 -0.02324007 0.03934957
v 0.02659889 -0.02347689 0.04325058
v 0.02306117 -0.02697445 0.03947143
v 0.02356935 -0.02656869 0.03653014
v 0.01765382 -0.03082748 0.04084639
v 0.01779677 -0.03073714 0.03832174
v 0.02273964 -0.02726693 0.04335547
v 0.01743056 -0.03095199 0.04402732
v 0.01076491 -0.03385677 0.04501511
v 0.01077614 -0.03384237 0.04246258
v 0.02240456 -0.02761507 0.04800043
v 0.01710780 -0.03116830 0.04800043
v 0.01061659 -0.03394051 0.04800043
v 0.00336574 -0.03541439 0.04800043
v 0.00338563 -0.03538631 0.04560440
v 0.01413307 -0.02609286 0.04800043
v 0.00863441 -0.02836459 0.04800043
v 0.00263954 -0.02960653 0.04800043
v -0.00339610 -0.02973226 0.04800043
v -0.00383531 -0.03535824 0.04800043
v 0.00190541 -0.02411385 0.04800043
v -0.00321861 -0.02439022 0.04800043
v -0.00814378 -0.02383651 0.04800043
v -0.00913609 -0.02881991 0.04800043
v -0.00325084 -0.01914266 0.04800043
v -0.00753746 -0.01888534 0.04800043
v -0.01146752 -0.01799471 0.04800043
v -0.01262132 -0.02250839 0.04800043
v -0.00352989 -0.01413485 0.04800043
v -0.00731481 -0.01409237 0.04800043
v -0.00403026 -0.00948666 0.04800043
v -0.00749828 -0.00962045 0.04800043
v -0.01085875 -0.01357919 0.04800043
v -0.00482433 -0.00524300 0.04800043
v -0.00811705 -0.00572006 0.04800043
v -0.00596861 -0.00112972 0.04800043
v -0.00915746 -0.00192147 0.04800043
v -0.01232005 -0.00312801 0.04800043
v -0.01538915 -0.00519979 0.04800043
v -0.01384996 0.00032267 0.04800043
v -0.01686961 -0.00224545 0.04800043
v -0.01881419 0.00094059 0.04800043
v -0.02143846 -0.00254891 0.04800043
v -0.01594872 0.00396305 0.04800043
v -0.02136937 0.00463029 0.04800043
v -0.02380797 0.00054703 0.04800043
v -0.02681383 0.00353922 0.04800043
v -0.02470824 0.00807804 0.04800043
v -0.01869689 0.00813859 0.04800043
v -0.02202013 0.01222916 0.04800043
v -0.01562950 0.01095695 0.04800043
v -0.01874376 0.01566276 0.04800043
v -0.02215721 0.02030045 0.04800043
v -0.01500719 0.01864909 0.04800043
v -0.01790489 0.02365568 0.04800043
v -0.02103844 0.02859293 0.04800043
v -0.01278746 0.02660001 0.04800043
v -0.01510741 0.03211881 0.04800043
v -0.01504869 0.03214005 0.04425229
v -0.00675023 0.02864811 0.04800043
v -0.00785533 0.03462003 0.04800043
v -0.00779540 0.03460099 0.04517349
v 0.00049745 0.03550651 0.04800043
v 0.00057240 0.03548185 0.04547870
v -0.00765953 0.03462858 0.04276935
v 0.00063844 0.03545695 0.04317656
v 0.00939247 0.03421574 0.04499515
v 0.00943666 0.03418400 0.04238240
v 0.00066054 0.03544987 0.04107167
v 0.00936623 0.03420744 0.04022213
v 0.00065114 0.03546036 0.03911796
v 0.00914491 0.03427091 0.03822607
v 0.00061684 0.03547819 0.03722450
v 0.00876491 0.03438200 0.03618132
v 0.00841347 0.03461808 0.03450618
v 0.00055250 0.03550602 0.03553617
v 0.00867311 0.03632755 0.03443081
v 0.00050209 0.03726676 0.03550587
v 0.00889271 0.03826823 0.03436198
v 0.00041566 0.03911246 0.03549044
v 0.00898573 0.04032560 0.03433360
v 0.00029506 0.04107853 0.03548452
v 0.01745521 0.03823209 0.03089971
v 0.01735377 0.04066032 0.03096251
v 0.01656727 0.03377848 0.03138775
v 0.01591237 0.03193644 0.03174319
v 0.01665187 0.03132975 0.03367036
v 0.02123524 0.02880241 0.02845995
v 0.01774684 0.03072037 0.03808858
v 0.01773097 0.03072745 0.04065583
v 0.01751491 0.03085343 0.04389662
v 0.02377357 0.02628873 0.04323665
v 0.02401869 0.02608585 0.03936464
v 0.02841054 0.02121378 0.04343586
v 0.02848622 0.02110148 0.03976674
v 0.03229494 0.01470133 0.04138929
v 0.03244569 0.01436906 0.03911377
v 0.03472633 0.00725895 0.04067160
v 0.03266383 0.01387907 0.03710583
v 0.03480336 0.00693522 0.03869538
v 0.03293703 0.01322013 0.03516564
v 0.02984218 0.01918302 0.03275384
v 0.03488173 0.00657120 0.03682508
v 0.03320241 0.01254386 0.03350744
v 0.03050990 0.01815275 0.03083054
v 0.02791273 0.02192692 0.02838827
v 0.03274904 0.01878117 0.03009774
v 0.03514662 0.01280192 0.03311043
v 0.03495192 0.00620084 0.03523488
v 0.03673915 0.00626481 0.03494354
v 0.03730055 0.01311442 0.03298198
v 0.03876735 0.00634708 0.03491534
v 0.03945900 0.01321305 0.03292347
v 0.03752589 0.01964664 0.02951429
v 0.04076698 0.00634660 0.03490456
v 0.04178541 0.01317081 0.03294817
v 0.04011183 0.01954948 0.02957870
v 0.03925258 0.02478898 0.02538990
v 0.04327663 0.02455070 0.02561259
v 0.03997060 0.02918278 0.02014226
v 0.03727772 0.02934855 0.01989695
v 0.04360463 0.02908244 0.02031941
v 0.04799110 0.02901456 0.02046091
v 0.04455958 0.03297843 0.01310583
v 0.04176161 0.03303751 0.01290402
v 0.04303456 0.03518107 0.00451030
v 0.04089052 0.03519791 0.00437949
v 0.03952931 0.03312052 0.01267620
v 0.03892897 0.03523698 0.00422948
v 0.03748317 0.03326017 0.01233448
v 0.03704567 0.03527726 0.00406269
v 0.03550477 0.03344645 0.01187243
v 0.03284462 0.03018839 0.01862626
v 0.03534035 0.03532047 0.00387989
v 0.03366347 0.03363419 0.01140801
v 0.03071718 0.03094620 0.01784344
v 0.02793849 0.02835123 0.02191354
v 0.03345021 0.03548698 0.01190425
v 0.03013844 0.03293131 0.01872562
v 0.03529542 0.03703068 0.00403792
v 0.03326613 0.03744108 0.01236010
v 0.03525783 0.03890519 0.00417749
v 0.03312257 0.03947208 0.01271029
v 0.03522121 0.04086320 0.00429438
v 0.03304176 0.04169620 0.01293263
v 0.02900539 0.03992887 0.02043983
v 0.02404982 0.03941642 0.02610311
v 0.02889894 0.04352604 0.02059207
v 0.03299940 0.04452702 0.01309151
v 0.02887123 0.04797550 0.02067536
v 0.02374623 0.04331486 0.02636625
v 0.03302357 0.04797550 0.01309395
v 0.03521998 0.04533146 0.00442952
v 0.03523842 0.04797550 0.00441011
v 0.02936854 0.04797550 0.00376763
v 0.02758644 0.04797550 0.01110126
v 0.03521706 0.04797550 -0.00455332
v 0.02901283 0.04797550 -0.00375110
v 0.02344191 0.04797550 0.00316768
v 0.02305434 0.04797550 -0.00314838
v 0.01734572 0.04797550 0.00265911
v 0.01704506 0.04797550 -0.00270949
v 0.01148207 0.04797550 0.00215764
v 0.01116566 0.04797550 -0.00235456
v 0.01539503 0.04797550 -0.00773870
v 0.00961195 0.04797550 -0.00659503
v 0.00443349 0.04797550 -0.00550183
v 0.00697743 0.04797550 -0.01057591
v 0.00219850 0.04797550 -0.00923342
v 0.00012306 0.04797550 -0.00406176
v -0.00209911 0.04797550 -0.00772965
v -0.00077501 0.04797550 -0.01311712
v -0.00502757 0.04797550 -0.01155343
v -0.00416734 0.04797550 -0.01751662
v -0.00850914 0.04797550 -0.01580389
v -0.00745274 0.04797550 -0.02256217
v -0.01214964 0.04797550 -0.02044700
v -0.01633482 0.04797550 -0.01756978
v -0.01558421 0.04797550 -0.02517509
v -0.02022691 0.04797550 -0.02174788
v -0.01894017 0.04797550 -0.03005578
v -0.02418724 0.04797550 -0.02601417
v -0.02842955 0.04797550 -0.02129410
v -0.01250939 0.04797550 -0.03324437
v -0.01266539 0.04462003 -0.03317782
v -0.01016551 0.04797550 -0.02780185
v -0.00505736 0.04797550 -0.03515201
v -0.00509606 0.04535368 -0.03513452
v 0.00287672 0.04797550 -0.03541336
v 0.00299428 0.04542277 -0.03538092
v -0.00504393 0.04292814 -0.03513292
v 0.00307582 0.04310978 -0.03535907
v 0.01106618 0.04483536 -0.03372651
v 0.01117653 0.04209513 -0.03368504
v 0.00311073 0.04098453 -0.03535235
v 0.01116908 0.03985001 -0.03368286
v 0.00308717 0.03901261 -0.03536972
v 0.01100600 0.03779630 -0.03374325
v 0.00301039 0.03711051 -0.03538776
v 0.01067177 0.03571159 -0.03388276
v 0.00296254 0.03538248 -0.03539563
v -0.00454369 0.03538566 -0.03523309
v 0.01040102 0.03394474 -0.03416920
v 0.00311659 0.03535831 -0.03713881
v 0.01092433 0.03377653 -0.03584866
v 0.00329201 0.03533219 -0.03900054
v 0.01142665 0.03357682 -0.03772951
v 0.01180629 0.03344059 -0.03975754
v 0.00342653 0.03530802 -0.04098457
v 0.01207362 0.03334660 -0.04200084
v 0.00351539 0.03530558 -0.04309540
v -0.00521752 0.03507999 -0.04298093
v 0.01222719 0.03330411 -0.04469143
v 0.00356666 0.03531950 -0.04541516
v -0.00530003 0.03507633 -0.04532570
v -0.01346141 0.03284171 -0.04444983
v -0.00532140 0.03508878 -0.04799957
v -0.01351097 0.03286198 -0.04799957
v -0.01117113 0.02699796 -0.04799957
v -0.01700157 0.02380997 -0.04799957
v -0.01407225 0.01853654 -0.04799957
v -0.01825816 0.01495377 -0.04799957
v -0.02171361 0.01094157 -0.04799957
v -0.01514794 0.00995744 -0.04799957
v -0.01836998 0.00629142 -0.04799957
v -0.02119273 0.00261515 -0.04799957
v -0.02452464 0.00678361 -0.04799957
v -0.01562230 0.00174625 -0.04799957
v -0.01855956 -0.00164364 -0.04799957
v -0.02153209 -0.00495443 -0.04799957
v -0.01612071 -0.00573104 -0.04799957
v -0.01917369 -0.00910799 -0.04799957
v -0.02255541 -0.01256649 -0.04799957
v -0.02484508 -0.00821249 -0.04799957
v -0.01646788 -0.01294393 -0.04799957
v -0.01968224 -0.01654012 -0.04799957
v -0.02314342 -0.02001937 -0.04799957
v -0.02620506 -0.01584383 -0.04799957
v -0.01616905 -0.01989779 -0.04799957
v -0.01930309 -0.02356844 -0.04799957
v -0.02272130 -0.02736776 -0.04799957
v -0.01470641 -0.02673959 -0.04799957
v -0.01759789 -0.03088534 -0.04799957
v -0.01786815 -0.03069711 -0.04389247
v -0.01148668 -0.03363534 -0.04799957
v -0.01175646 -0.03352889 -0.04482025
v -0.01184068 -0.03348519 -0.04212050
v -0.00496788 -0.03517904 -0.04543428
v -0.00515978 -0.03514217 -0.04300378
v -0.00527953 -0.03512362 -0.04094910
v 0.00165517 -0.03547396 -0.04326996
v 0.00135109 -0.03548080 -0.04118320
v 0.00106801 -0.03549935 -0.03923158
v 0.00781300 -0.03463412 -0.04067074
v 0.00734511 -0.03475179 -0.03871647
v 0.00684364 -0.03487045 -0.03683341
v 0.00824831 -0.03453768 -0.04275652
v 0.00197328 -0.03546957 -0.04553266
v 0.00865724 -0.03444881 -0.04512943
v 0.01418678 -0.03256796 -0.04153675
v -0.00467638 -0.03523348 -0.04799957
v 0.00229567 -0.03546688 -0.04799957
v -0.00932933 -0.02916464 -0.04799957
v -0.00339708 -0.03054379 -0.04799957
v -0.01208482 -0.02280477 -0.04799957
v -0.00732787 -0.02501229 -0.04799957
v -0.02682482 -0.02331844 -0.04799957
v -0.03005956 -0.01891756 -0.04374381
v -0.03022618 -0.01868710 -0.04799957
v -0.03292418 -0.01344589 -0.04799957
v -0.03279820 -0.01367489 -0.04454199
v -0.03466502 -0.00767757 -0.04535559
v -0.03275401 -0.01373763 -0.04192538
v -0.03463939 -0.00777450 -0.04308432
v -0.03548119 -0.00117928 -0.04353685
v -0.03462621 -0.00779769 -0.04102225
v -0.03546593 -0.00126278 -0.04155210
v -0.03547350 -0.00135555 -0.03972181
v -0.03464830 -0.00776888 -0.03913788
v -0.03547704 -0.00144808 -0.03799096
v -0.03549754 -0.00110018 -0.04567067
v -0.03551610 -0.00101009 -0.04799957
v -0.03474657 -0.00749862 -0.04799957
v -0.03502538 0.00593986 -0.04799957
v -0.03046861 0.00474430 -0.04799957
v -0.03048241 -0.00605087 -0.04799957
v -0.02872264 -0.01116024 -0.04799957
v -0.02853990 0.01017252 -0.04799957
v -0.00430333 0.02895255 -0.04799957
v 0.00357252 0.03534562 -0.04799957
v 0.00308656 0.02929630 -0.04799957
v 0.01222401 0.03331632 -0.04799957
v 0.01982643 0.02947843 -0.04799957
v 0.01975966 0.02945133 -0.04367357
v 0.02555104 0.02460587 -0.04328901
v 0.02574769 0.02443839 -0.04799957
v 0.01958217 0.02954313 -0.04011870
v 0.02541603 0.02475431 -0.03935110
v 0.03010377 0.01873453 -0.04039629
v 0.03016749 0.01866154 -0.04372163
v 0.03013747 0.01867033 -0.03787347
v 0.03368373 0.01112638 -0.03989397
v 0.03361635 0.01133659 -0.04219004
v 0.03380421 0.01078800 -0.03788424
v 0.03536769 0.00298307 -0.03906558
v 0.03398146 0.01027360 -0.03582138
v 0.03539516 0.00269254 -0.03705904
v 0.03522365 -0.00453329 -0.03696204
v 0.03562880 0.00242594 -0.03542277
v 0.03543178 -0.00460824 -0.03522513
v 0.03720412 0.00229606 -0.03542438
v 0.03705287 -0.00506796 -0.03514577
v 0.03907716 0.00214445 -0.03542652
v 0.03887453 -0.00552963 -0.03506469
v 0.04105775 0.00192350 -0.03543492
v 0.04080531 -0.00601034 -0.03497309
v 0.04319948 0.00162614 -0.03545105
v 0.04293239 -0.00650716 -0.03488655
v 0.04547230 0.00124039 -0.03547732
v 0.04524379 -0.00701302 -0.03480813
v 0.04437074 -0.01426424 -0.03252686
v 0.04799110 -0.00748397 -0.03474088
v 0.04799110 -0.01485360 -0.03227039
v 0.04799110 -0.02094564 -0.02869704
v 0.04799110 -0.01366512 -0.02784367
v 0.04799110 -0.01897982 -0.02464114
v 0.04799110 -0.02587533 -0.02435838
v 0.04799110 -0.02314828 -0.02072196
v 0.04799110 -0.02651205 -0.01603398
v 0.04799110 -0.02055184 -0.01755650
v 0.04799110 -0.02316415 -0.01335797
v 0.04799110 -0.02493661 -0.00871025
v 0.04799110 -0.01955257 -0.01107740
v 0.04799110 -0.02072860 -0.00706217
v 0.04799110 -0.02132601 -0.00291093
v 0.04799110 -0.01639706 -0.00570610
v 0.04799110 -0.01677767 -0.00214016
v 0.04799110 -0.01226791 -0.00459961
v 0.04799110 -0.01252157 -0.00140153
v 0.04799110 -0.00864657 -0.00366766
v 0.04799110 -0.00881673 -0.00066594
v 0.04799110 -0.00539144 -0.00290952
v 0.04799110 -0.00535458 -0.00005815
v 0.04799110 -0.00528671 0.00296289
v 0.04799110 -0.00167489 0.00032480
v 0.04799110 -0.00152987 0.00340430
v 0.04799110 0.00266154 0.00035245
v 0.04799110 0.00279191 0.00359540
v 0.04799110 0.00780827 0.00362048
v 0.04799110 0.00788175 -0.00000825
v 0.04799110 0.01335538 0.00356372
v 0.04799110 0.01350040 -0.00076152
v 0.04799110 0.01900895 0.00362437
v 0.04799110 0.01905192 -0.00162885
v 0.04799110 0.02445719 0.00377985
v 0.04799110 0.02441959 -0.00254120
v 0.04799110 0.02965519 0.00409223
v 0.04799110 0.02786564 0.01132278
v 0.04799110 0.02963322 -0.00339111
v 0.04799110 0.03518522 0.00466184
v 0.04799110 0.03297404 0.01318897
v 0.04799110 0.03525236 -0.00420922
v 0.04535365 0.03518229 0.00461370
v 0.04535805 0.03522477 -0.00429224
v 0.04799110 0.03314103 -0.01272235
v 0.04457216 0.03308903 -0.01282372
v 0.04304542 0.03520499 -0.00429154
v 0.04180080 0.03309684 -0.01275323
v 0.04089503 0.03521500 -0.00422739
v 0.03954042 0.03316422 -0.01256618
v 0.03893227 0.03524943 -0.00412714
v 0.03749281 0.03329313 -0.01224783
v 0.03696840 0.03528849 -0.00397947
v 0.03552052 0.03347721 -0.01179100
v 0.03533131 0.03553483 -0.00387132
v 0.03368568 0.03368204 -0.01131777
v 0.03349074 0.03552677 -0.01179519
v 0.03529835 0.03704435 -0.00401629
v 0.03330299 0.03749430 -0.01225956
v 0.03525856 0.03891911 -0.00417866
v 0.03316395 0.03954020 -0.01260297
v 0.03522169 0.04088029 -0.00431628
v 0.03308229 0.04176359 -0.01282684
v 0.03520680 0.04302335 -0.00443247
v 0.03520778 0.04301090 0.00438366
v 0.03302772 0.04455656 -0.01301791
v 0.03521181 0.04534049 -0.00451992
v 0.03302699 0.04797550 -0.01308379
v 0.02908485 0.04797550 -0.02038641
v 0.02709645 0.04797550 -0.01091417
v 0.02371889 0.04797550 -0.01711686
v 0.02130067 0.04797550 -0.00916101
v 0.01822169 0.04797550 -0.01440193
v 0.01246486 0.04797550 -0.01222426
v 0.01425026 0.04797550 -0.01866318
v 0.00866798 0.04797550 -0.01606126
v 0.00365712 0.04797550 -0.01442959
v 0.00028310 0.04797550 -0.01858690
v -0.00257335 0.04797550 -0.02367627
v -0.00413927 0.04797550 -0.02931351
v 0.01933375 0.04797550 -0.02209645
v 0.01404152 0.04797550 -0.02590124
v 0.02406715 0.04797550 -0.02610685
v 0.01794240 0.04797550 -0.03064315
v 0.01836940 0.04378385 -0.03035971
v 0.01075856 0.04797550 -0.03386442
v 0.02431325 0.04327335 -0.02585247
v 0.01857081 0.04036051 -0.03022770
v 0.02451613 0.03933146 -0.02566400
v 0.01862318 0.03784293 -0.03018599
v 0.02918446 0.03998063 -0.02016433
v 0.02935145 0.03730021 -0.01991333
v 0.02910329 0.04359806 -0.02031123
v 0.03021205 0.03294083 -0.01860644
v 0.03081642 0.03079142 -0.01771679
v 0.03294423 0.03017496 -0.01864484
v 0.02835206 0.02794327 -0.02188690
v 0.03727357 0.02932120 -0.01993781
v 0.03995253 0.02918497 -0.02013736
v 0.04358058 0.02915910 -0.02021094
v 0.04330678 0.02425993 -0.02588657
v 0.03934376 0.02448551 -0.02567712
v 0.04054640 0.01825040 -0.03042263
v 0.03790602 0.01835856 -0.03034932
v 0.04387855 0.01791691 -0.03062332
v 0.04236037 0.01019523 -0.03398630
v 0.04005678 0.01032438 -0.03394779
v 0.03800099 0.01027702 -0.03397466
v 0.03598988 0.01005827 -0.03404945
v 0.03431727 0.00980753 -0.03412455
v 0.03347633 0.01747599 -0.03089805
v 0.03155751 0.01673136 -0.03132366
v 0.02835622 0.02141544 -0.02832031
v 0.03088344 0.01749039 -0.03330559
v 0.04495924 0.00987638 -0.03409816
v 0.04799110 0.01736588 -0.03097949
v 0.04799110 0.00936832 -0.03425669
v 0.04799110 0.00080289 -0.03551449
v 0.04799110 0.00707243 -0.02941531
v 0.04799110 -0.00021200 -0.03044330
v 0.04799110 -0.00726034 -0.02989709
v 0.04799110 -0.00132919 -0.02592181
v 0.04799110 -0.00728671 -0.02555163
v 0.04799110 -0.01278085 -0.02378856
v 0.04799110 -0.00762460 -0.02133062
v 0.04799110 -0.01730135 -0.02089981
v 0.04799110 -0.01774569 -0.01472741
v 0.04799110 -0.01435506 -0.01247840
v 0.04799110 -0.01557528 -0.00920560
v 0.04799110 -0.01062899 -0.01100229
v 0.04799110 -0.01164315 -0.00783630
v 0.04799110 -0.00813924 -0.00671635
v 0.04799110 -0.00713387 -0.00990815
v 0.04799110 -0.00413436 -0.00881809
v 0.04799110 -0.00510897 -0.00567755
v 0.04799110 -0.00250375 -0.00497624
v 0.04799110 -0.00211752 -0.00246402
v 0.04799110 0.00195499 -0.00254008
v 0.04799110 0.00610099 -0.00674364
v 0.04799110 0.00737101 -0.00354224
v 0.04799110 0.01103068 -0.00908454
v 0.04799110 0.01280070 -0.00509107
v 0.04799110 0.01564249 -0.01170957
v 0.04799110 0.01800797 -0.00686410
v 0.04799110 0.02014957 -0.01441061
v 0.04799110 0.02301286 -0.00876198
v 0.04799110 0.02453312 -0.01716951
v 0.04799110 0.02788712 -0.01066919
v 0.04799110 0.02919987 -0.02021079
v 0.04799110 0.02397282 -0.02617847
v 0.04799110 0.01988908 -0.02252786
v 0.04799110 0.01399845 -0.02670738
v 0.04799110 0.01607120 -0.01916619
v 0.04799110 0.01087003 -0.02278040
v 0.04799110 0.00484537 -0.02503076
v 0.04799110 0.00773966 -0.01884151
v 0.04799110 0.00247013 -0.02069918
v 0.04799110 -0.00269247 -0.02149312
v 0.04799110 0.00013517 -0.01654799
v 0.04799110 -0.00427694 -0.01723864
v 0.04799110 -0.00222494 -0.01259621
v 0.04799110 -0.00569149 -0.01346712
v 0.04799110 0.00449039 -0.01501646
v 0.04799110 0.00822550 -0.01250000
v 0.04799110 0.01219840 -0.01579443
v 0.01932826 0.02970597 -0.03758718
v 0.01792897 0.03061759 -0.03333859
v 0.01705006 0.03114713 -0.03148088
v 0.01765541 0.03319035 -0.03080259
v 0.02160548 0.02815055 -0.02861256
v 0.03730141 -0.00032040 0.03551312
v 0.03918825 -0.00043710 0.03549031
v 0.03553737 -0.00019686 0.03557129
v 0.03495009 -0.00630526 0.03495906
v 0.03679237 -0.00664266 0.03488698
v 0.03489772 -0.00652694 0.03683065
v 0.03550978 -0.00013143 0.03733355
v 0.03484657 -0.00673617 0.03876100
v 0.03548817 -0.00005355 0.03919793
v 0.03480177 -0.00690487 0.04071861
v 0.03548073 0.00001603 0.04115962
v 0.03478126 -0.00704452 0.04289334
v 0.03288124 -0.01337020 0.04170646
v 0.03548488 0.00006681 0.04327113
v 0.03477064 -0.00713802 0.04524797
v 0.03281581 -0.01358382 0.04444051
v 0.03281679 -0.01368026 0.04800043
v 0.02994032 -0.01913436 0.04800043
v 0.02996022 -0.01903890 0.04367707
v 0.02545558 -0.01621932 0.04800043
v 0.02652492 -0.02362997 0.04800043
v 0.02242055 -0.02005941 0.04800043
v 0.01871779 -0.02316854 0.04800043
v 0.01564308 -0.01841830 0.04800043
v 0.01169813 -0.02097079 0.04800043
v 0.00701967 -0.02295101 0.04800043
v 0.00965040 -0.01572567 0.04800043
v 0.00556056 -0.01759506 0.04800043
v 0.00117995 -0.01871957 0.04800043
v 0.00432228 -0.01257040 0.04800043
v 0.00040199 -0.01366830 0.04800043
v -0.00045909 -0.00903402 0.04800043
v 0.00311720 -0.00804501 0.04800043
v 0.00174599 -0.00391537 0.04800043
v -0.00153673 -0.00472714 0.04800043
v 0.00015456 0.00010026 0.04800043
v -0.00287438 -0.00051766 0.04800043
v -0.00161827 0.00459757 0.04800043
v -0.00455541 0.00408317 0.04800043
v -0.00761229 0.00326652 0.04800043
v -0.01075084 0.00207120 0.04800043
v -0.00652733 0.00960807 0.04800043
v -0.00975023 0.00821036 0.04800043
v -0.01289745 0.00631339 0.04800043
v -0.01227770 0.01345158 0.04800043
v -0.00859898 0.01540910 0.04800043
v -0.01070567 0.02110050 0.04800043
v -0.00473216 0.01668156 0.04800043
v -0.00578819 0.02280949 0.04800043
v -0.00058605 0.01719327 0.04800043
v -0.00033495 0.02351017 0.04800043
v 0.00009169 0.02941154 0.04800043
v 0.00535597 0.02307828 0.04800043
v 0.00727724 0.02872379 0.04800043
v 0.00919545 0.03427994 0.04800043
v 0.01387514 0.02597404 0.04800043
v 0.01715626 0.03109025 0.04800043
v 0.01936293 0.02221427 0.04800043
v 0.02352809 0.02657120 0.04800043
v 0.02367738 0.01754069 0.04800043
v 0.02845863 0.02120646 0.04800043
v 0.03222572 0.01488126 0.04800043
v 0.03221510 0.01489127 0.04427651
v 0.02689210 0.01196305 0.04800043
v 0.03467372 0.00766911 0.04800043
v 0.03464528 0.00763077 0.04519208
v 0.03550465 0.00010514 0.04550870
v 0.03467311 0.00749577 0.04281302
v 0.03553883 0.00013517 0.04800043
v 0.02899293 0.00599161 0.04800043
v 0.03016566 -0.00005453 0.04800043
v 0.03481007 -0.00717416 0.04800043
v 0.02352479 0.00370744 0.04800043
v 0.02448622 -0.00125765 0.04800043
v 0.02984950 -0.00618221 0.04800043
v 0.01834047 0.00083854 0.04800043
v 0.01926405 -0.00383138 0.04800043
v 0.01394227 -0.00197054 0.04800043
v 0.01520985 -0.00636825 0.04800043
v 0.01655971 -0.01072006 0.04800043
v 0.01329787 -0.01332723 0.04800043
v 0.01878114 -0.01565194 0.04800043
v 0.01168776 -0.00876595 0.04800043
v 0.00809267 -0.01090731 0.04800043
v 0.01016054 -0.00446468 0.04800043
v 0.00663991 -0.00650790 0.04800043
v 0.00500477 -0.00259090 0.04800043
v 0.00834804 -0.00064437 0.04800043
v 0.00601625 0.00260734 0.04800043
v 0.00314784 0.00106559 0.04800043
v 0.00364931 0.00573869 0.04800043
v 0.00126454 0.00500773 0.04800043
v -0.00028941 0.01055827 0.04800043
v -0.00336400 0.01036539 0.04800043
v 0.01218703 0.00203263 0.04800043
v 0.00984059 0.00555363 0.04800043
v 0.01674769 0.00541593 0.04800043
v 0.01437111 0.00956950 0.04800043
v 0.02174220 0.00885685 0.04800043
v 0.01903554 0.01371867 0.04800043
v 0.01538124 0.01773258 0.04800043
v 0.01071742 0.02094205 0.04800043
v -0.01424620 -0.02702010 0.04800043
v -0.01510558 -0.01626522 0.04800043
v -0.01622801 -0.03163778 0.04800043
v -0.01047276 -0.03399813 0.04800043
v -0.01048949 -0.03395809 0.04507202
v -0.00387071 -0.03532748 0.04560292
v -0.00388414 -0.03530819 0.04344166
v 0.00336073 -0.03536825 0.04342662
v 0.00329042 -0.03536361 0.04143655
v 0.01071644 -0.03385922 0.04038111
v 0.00316127 -0.03538607 0.03961342
v 0.01053371 -0.03392489 0.03848491
v 0.01773866 -0.03077450 0.03618474
v 0.01023659 -0.03402279 0.03665187
v 0.01720631 -0.03107455 0.03407626
v 0.00987562 -0.03413436 0.03490449
v 0.01663808 -0.03139535 0.03219781
v 0.02144203 -0.02832235 0.02917016
v 0.01694008 -0.03250839 0.03121457
v 0.02193739 -0.02989877 0.02789758
v 0.01781740 -0.03430160 0.03069525
v 0.00991945 -0.03503988 0.03409826
v 0.01030580 -0.03677450 0.03397843
v 0.00266139 -0.03795174 0.03540548
v 0.01056496 -0.03855038 0.03389213
v 0.00268935 -0.03624813 0.03540783
v -0.00403246 -0.03617123 0.03531368
v 0.00279469 -0.03542660 0.03617664
v -0.00386400 -0.03536190 0.03612140
v -0.00971959 -0.03418099 0.03505133
v -0.00386913 -0.03534359 0.03784020
v -0.00994432 -0.03410848 0.03684005
v -0.01518456 -0.03213534 0.03513968
v -0.01014256 -0.03404354 0.03867452
v -0.01552696 -0.03196493 0.03707595
v -0.01992955 -0.02939706 0.03528648
v -0.01581053 -0.03181942 0.03907499
v -0.02029894 -0.02911556 0.03748922
v -0.02061669 -0.02888509 0.04005932
v -0.01601219 -0.03172689 0.04128943
v -0.01029820 -0.03398617 0.04054091
v -0.01041844 -0.03395712 0.04265695
v -0.01618565 -0.03163461 0.04421195
v -0.00387096 -0.03532504 0.03959747
v -0.00388109 -0.03530380 0.04140974
v -0.01943797 -0.02972958 0.03318642
v -0.02237853 -0.02758212 0.03152915
v -0.01887950 -0.03009750 0.03116884
v -0.01482103 -0.03232308 0.03328513
v -0.02161839 -0.02819320 0.02932484
v -0.01922411 -0.03136166 0.02985175
v -0.01505150 -0.03338216 0.03218328
v -0.01578539 -0.03508846 0.03181385
v -0.01050755 -0.03685409 0.03392569
v -0.00991319 -0.03510482 0.03410460
v -0.01107396 -0.03853866 0.03372605
v -0.00473351 -0.03957235 0.03518786
v -0.00437804 -0.03789047 0.03525074
v -0.00511669 -0.04138143 0.03512143
v 0.00244313 -0.04148006 0.03539949
v 0.00258461 -0.03967245 0.03540259
v 0.00220656 -0.04347323 0.03542598
v 0.01063100 -0.04256381 0.03386724
v 0.01068593 -0.04041097 0.03384504
v 0.01873463 -0.04055770 0.03013995
v 0.01878737 -0.03812289 0.03010691
v 0.01844057 -0.04395614 0.03033276
v 0.02469533 -0.04341390 0.02546435
v 0.02491823 -0.03954647 0.02528237
v 0.02985487 -0.04047860 0.01918425
v 0.02969679 -0.04381796 0.01943120
v 0.03365358 -0.04233968 0.01125666
v 0.03375746 -0.04032259 0.01093251
v 0.03539479 -0.04142147 0.00239534
v 0.03391334 -0.03853304 0.01046781
v 0.03541359 -0.03961923 0.00225140
v 0.03408131 -0.03678060 0.00991501
v 0.03114284 -0.03431844 0.01703856
v 0.03542531 -0.03790902 0.00211086
v 0.03425368 -0.03512777 0.00931939
v 0.03170143 -0.03268954 0.01596614
v 0.02878078 -0.02991048 0.02081389
v 0.03299977 -0.03189462 0.01564817
v 0.03057045 -0.02897030 0.02057734
v 0.02882020 -0.02669906 0.02344579
v 0.03269801 -0.02859335 0.02100780
v 0.02683400 -0.02793832 0.02327167
v 0.03491164 -0.04111044 -0.00626449
v 0.03495082 -0.03928426 -0.00609214
v 0.03489332 -0.04313387 -0.00639732
v 0.03234682 -0.04159969 -0.01461446
v 0.03243861 -0.03943954 -0.01440113
v 0.02833314 -0.03987997 -0.02133377
v 0.02845729 -0.03720077 -0.02117274
v 0.02829359 -0.04351888 -0.02137918
v 0.02394337 -0.04328231 -0.02618653
v 0.02419411 -0.03933724 -0.02597782
v 0.01896352 -0.04021371 -0.02999184
v 0.01868642 -0.04373177 -0.03017271
v 0.01265748 -0.04191781 -0.03315703
v 0.01239418 -0.04468514 -0.03326872
v 0.00604030 -0.04292831 -0.03496441
v 0.00624159 -0.04082113 -0.03492459
v 0.00571718 -0.04538436 -0.03503300
v -0.00041637 -0.04330673 -0.03548639
v -0.00013915 -0.04119515 -0.03548570
v -0.00629344 -0.04084432 -0.03491796
v -0.00598644 -0.03889974 -0.03498298
v 0.00011012 -0.03924252 -0.03549551
v -0.01223436 -0.03982284 -0.03332424
v -0.01197240 -0.03771737 -0.03342424
v -0.01144017 -0.03563778 -0.03363684
v -0.00560399 -0.03689291 -0.03505727
v -0.01721483 -0.03355990 -0.03105438
v -0.01643138 -0.03151766 -0.03155215
v -0.01095604 -0.03384774 -0.03406212
v -0.02091979 -0.02883920 -0.02872050
v -0.01715367 -0.03111556 -0.03356714
v -0.02211595 -0.03106942 -0.02776750
v -0.01802294 -0.03572298 -0.03058998
v -0.01822398 -0.03803060 -0.03046898
v -0.01821422 -0.04050277 -0.03047096
v -0.02314195 -0.03940194 -0.02687827
v -0.01251317 -0.04197396 -0.03322020
v -0.01261717 -0.04470614 -0.03319515
v -0.01812950 -0.04382528 -0.03052824
v -0.00657042 -0.04297762 -0.03487207
v -0.00677342 -0.04534432 -0.03485579
v -0.00689903 -0.04802450 -0.03487881
v -0.01255748 -0.04802450 -0.03322711
v -0.00072337 -0.04557919 -0.03550400
v -0.00103758 -0.04802450 -0.03550459
v 0.00526344 -0.04802450 -0.03511879
v 0.01188551 -0.04802450 -0.03346128
v 0.00912550 -0.04802450 -0.02935672
v 0.01816383 -0.04802450 -0.03051042
v 0.01457228 -0.04802450 -0.02669469
v 0.01939809 -0.04802450 -0.02299123
v 0.01502968 -0.04802450 -0.02005946
v 0.01065663 -0.04802450 -0.02343394
v 0.02362550 -0.04802450 -0.02650716
v 0.02829628 -0.04802450 -0.02144987
v 0.02359193 -0.04802450 -0.01830796
v 0.02701662 -0.04802450 -0.01238769
v 0.02187111 -0.04802450 -0.01057317
v 0.01884303 -0.04802450 -0.01577461
v 0.03229152 -0.04802450 -0.01476610
v 0.03493019 -0.04802450 -0.00648669
v 0.03229457 -0.04442123 -0.01474659
v 0.03489528 -0.04540267 -0.00647532
v 0.03540687 -0.04560506 0.00259508
v 0.03539699 -0.04341146 0.00250874
v 0.03541518 -0.04802450 0.00267821
v 0.03353664 -0.04802450 0.01166056
v 0.02957313 -0.04802450 0.00228449
v 0.02920436 -0.04802450 -0.00534589
v 0.03356666 -0.04493783 0.01153129
v 0.02803517 -0.04802450 0.00987397
v 0.02413612 -0.04802450 0.00191934
v 0.02376405 -0.04802450 -0.00454334
v 0.01863515 -0.04802450 0.00143483
v 0.01823561 -0.04802450 -0.00404099
v 0.01653407 -0.04802450 -0.00918512
v 0.01270314 -0.04802450 -0.00374802
v 0.01119105 -0.04802450 -0.00815013
v 0.01378529 -0.04802450 -0.01375254
v 0.00868947 -0.04802450 -0.01220430
v 0.01028383 -0.04802450 -0.01763977
v 0.00550392 -0.04802450 -0.01578597
v 0.00633949 -0.04802450 -0.02087683
v 0.00208900 -0.04802450 -0.01903722
v -0.00120604 -0.04802450 -0.02229923
v -0.00194029 -0.04802450 -0.01751875
v -0.00495909 -0.04802450 -0.02085490
v -0.00390807 -0.04802450 -0.02609333
v -0.00783959 -0.04802450 -0.02464252
v -0.00572130 -0.04802450 -0.03033000
v -0.01035411 -0.04802450 -0.02882928
v -0.01186339 -0.04802450 -0.02272705
v -0.01485118 -0.04802450 -0.02661373
v -0.01788011 -0.04802450 -0.03069118
v -0.01908849 -0.04802450 -0.02373635
v -0.02264586 -0.04802450 -0.02741121
v -0.02291148 -0.04332797 -0.02708152
v -0.02666979 -0.04802450 -0.02346481
v -0.02670787 -0.04333798 -0.02339050
v -0.02685765 -0.03947469 -0.02319227
v -0.03015807 -0.04052279 -0.01872454
v -0.03027220 -0.03818514 -0.01853818
v -0.03297911 -0.03987289 -0.01312524
v -0.03307738 -0.03794759 -0.01289902
v -0.03293395 -0.04198446 -0.01325839
v -0.03479137 -0.04115096 -0.00702800
v -0.03482164 -0.03929427 -0.00692884
v -0.03549571 -0.03977474 -0.00046239
v -0.03550060 -0.03806478 -0.00050941
v -0.03486046 -0.03750448 -0.00678682
v -0.03500292 -0.03765170 0.00596381
v -0.03504991 -0.03594344 0.00571658
v -0.03553014 -0.03636605 -0.00055827
v -0.03332323 -0.03627279 0.01227529
v -0.03348290 -0.03452059 0.01187906
v -0.03438768 -0.03349276 0.01189484
v -0.03594554 -0.03507015 0.00568782
v -0.03091026 -0.03217611 0.01753963
v -0.03189110 -0.03092782 0.01754651
v -0.03613463 -0.03330160 0.01237531
v -0.02808568 -0.02989144 0.02171746
v -0.02938597 -0.02822494 0.02157288
v -0.03372044 -0.03039803 0.01838528
v -0.02762499 -0.02662948 0.02351817
v -0.02623497 -0.02839950 0.02392346
v -0.02721117 -0.03184286 0.02278965
v -0.02385411 -0.02848348 0.02630201
v -0.02210961 -0.02969222 0.02778544
v -0.02335350 -0.02679842 0.02784210
v -0.03052062 -0.03404916 0.01816163
v -0.03013878 -0.03602938 0.01877426
v -0.03317980 -0.03807723 0.01262457
v -0.03309215 -0.03998959 0.01283930
v -0.03004442 -0.03815853 0.01891916
v -0.03495360 -0.03939755 0.00617193
v -0.03491625 -0.04122836 0.00633471
v -0.03490013 -0.04326107 0.00646187
v -0.03305455 -0.04207089 0.01295279
v -0.03548839 -0.04156869 -0.00042105
v -0.03550206 -0.04359994 -0.00037813
v -0.03552318 -0.04570272 -0.00032878
v -0.03490648 -0.04548519 0.00652510
v -0.03478636 -0.04318612 -0.00708007
v -0.03479942 -0.04543758 -0.00708109
v -0.03486546 -0.04802450 -0.00699931
v -0.03292211 -0.04469613 -0.01333810
v -0.03298375 -0.04802450 -0.01325482
v -0.02843993 -0.04802450 -0.01120704
v -0.03015148 -0.04802450 -0.01878690
v -0.02599999 -0.04802450 -0.01613481
v -0.02211424 -0.04802450 -0.01358857
v -0.02282274 -0.04802450 -0.02029701
v -0.01924815 -0.04802450 -0.01724119
v -0.01584984 -0.04802450 -0.01428867
v -0.01834581 -0.04802450 -0.01109436
v -0.01573290 -0.04802450 -0.02028869
v -0.01254601 -0.04802450 -0.01699021
v -0.00965782 -0.04802450 -0.01397502
v -0.01281224 -0.04802450 -0.01155337
v -0.00884898 -0.04802450 -0.01913330
v -0.00595946 -0.04802450 -0.01591413
v -0.00327965 -0.04802450 -0.01291268
v 0.00100685 -0.04802450 -0.01432635
v 0.00374403 -0.04802450 -0.01099459
v -0.00090526 -0.04802450 -0.00987828
v 0.00101637 -0.04802450 -0.00672091
v -0.00353038 -0.04802450 -0.00605759
v 0.00591701 -0.04802450 -0.00739995
v 0.00731898 -0.04802450 -0.00359938
v 0.00223854 -0.04802450 -0.00343087
v 0.00267445 -0.04802450 -0.00020803
v -0.00234776 -0.04802450 -0.00061328
v -0.00265660 -0.04802450 -0.00333720
v 0.00783241 -0.04802450 0.00027991
v 0.00740810 -0.04802450 0.00412848
v 0.00237758 -0.04802450 0.00296062
v 0.01314125 -0.04802450 0.00087548
v 0.01247621 -0.04802450 0.00551132
v 0.01063649 -0.04802450 0.00972223
v 0.01771730 -0.04802450 0.00690004
v 0.01537489 -0.04802450 0.01197531
v 0.01186708 -0.04802450 0.01616462
v 0.02011623 -0.04802450 0.01428241
v 0.01602809 -0.04802450 0.01916681
v 0.01094215 -0.04802450 0.02297208
v 0.02012282 -0.04802450 0.02228721
v 0.01435292 -0.04802450 0.02658509
v 0.00758339 -0.04802450 0.02958724
v 0.01789442 -0.04802450 0.03067278
v 0.00999086 -0.04802450 0.03410553
v 0.00148915 -0.04802450 0.03548239
v 0.01039613 -0.04507040 0.03395648
v 0.00188246 -0.04563241 0.03544944
v -0.00596214 -0.04550350 0.03499316
v -0.00551451 -0.04325033 0.03506486
v -0.00641625 -0.04802450 0.03495130
v -0.01318834 -0.04802450 0.03300227
v -0.00642711 -0.04802450 0.03040912
v 0.00035194 -0.04802450 0.03085572
v -0.01266271 -0.04481551 0.03318003
v -0.01825279 -0.04397665 0.03045778
v -0.01212889 -0.04234139 0.03336177
v -0.01771849 -0.04095809 0.03077609
v -0.02247044 -0.03981381 0.02747884
v -0.01717552 -0.03872616 0.03108902
v -0.01161412 -0.04035311 0.03353618
v -0.01651183 -0.03686532 0.03144751
v -0.02288841 -0.04346713 0.02713437
v -0.02667857 -0.04341024 0.02338504
v -0.02328221 -0.04802450 0.02683527
v -0.01875585 -0.04802450 0.03016712
v -0.02642223 -0.03960384 0.02368371
v -0.03009288 -0.04054427 0.01884247
v -0.03017894 -0.04389657 0.01870444
v -0.03035814 -0.04802450 0.01844288
v -0.02701976 -0.04802450 0.02307973
v -0.03305223 -0.04475814 0.01300803
v -0.03310729 -0.04802450 0.01290982
v -0.02849767 -0.04802450 0.01106883
v -0.02622411 -0.04802450 0.01589905
v -0.03494200 -0.04802450 0.00652789
v -0.03005296 -0.04802450 0.00557293
v -0.02546715 -0.04802450 0.00482557
v -0.03057079 -0.04802450 -0.00016558
v -0.02589549 -0.04802450 -0.00000060
v -0.02123253 -0.04802450 0.00030848
v -0.02543504 -0.04802450 -0.00473445
v -0.02091478 -0.04802450 -0.00368240
v -0.01653063 -0.04802450 -0.00260965
v -0.01998863 -0.04802450 -0.00751756
v -0.01594872 -0.04802450 -0.00583660
v -0.01192748 -0.04802450 -0.00449679
v -0.01482250 -0.04802450 -0.00879968
v -0.01209447 -0.04802450 -0.00172370
v -0.00742784 -0.04802450 -0.00103331
v -0.01211437 -0.04802450 0.00108508
v -0.01667076 -0.04802450 0.00067035
v -0.00768810 -0.04802450 -0.00359690
v -0.00732640 -0.04802450 0.00155847
v -0.01187706 -0.04802450 0.00403999
v -0.01638805 -0.04802450 0.00406965
v -0.01551988 -0.04802450 0.00746231
v -0.01983128 -0.04802450 0.00835912
v -0.02090172 -0.04802450 0.00432882
v -0.01819676 -0.04802450 0.01200338
v -0.02224413 -0.04802450 0.01372829
v -0.02415807 -0.04802450 0.00952779
v -0.02000939 -0.04802450 0.01733346
v -0.02352733 -0.04802450 0.01995766
v -0.01757836 -0.04802450 0.02035048
v -0.02045043 -0.04802450 0.02337938
v -0.01680895 -0.04802450 0.02630063
v -0.01226549 -0.04802450 0.02872805
v -0.01418028 -0.04802450 0.01792003
v -0.01623314 -0.04802450 0.01522325
v -0.01050414 -0.04802450 0.01649418
v -0.01234374 -0.04802450 0.01375177
v -0.00858067 -0.04802450 0.01284341
v -0.01409813 -0.04802450 0.01073874
v -0.01016783 -0.04802450 0.00993729
v -0.01129784 -0.04802450 0.00694034
v -0.00737340 -0.04802450 0.00682692
v -0.00670885 -0.04802450 0.01568209
v -0.00287291 -0.04802450 0.01482889
v -0.00468175 -0.04802450 0.01878244
v -0.00023326 -0.04802450 0.01804941
v -0.00270824 -0.04802450 0.02255867
v 0.00252992 -0.04802450 0.02174810
v -0.00096105 -0.04802450 0.02668786
v -0.00674742 -0.04802450 0.02626516
v 0.00515773 -0.04802450 0.02560346
v 0.00400856 -0.04802450 0.01619877
v 0.00747267 -0.04802450 0.01951958
v 0.00071290 -0.04802450 0.01323446
v 0.00370448 -0.04802450 0.01078286
v 0.00772255 -0.04802450 0.01333818
v -0.00002232 -0.04802450 0.00865166
v 0.00142421 -0.04802450 0.00596253
v 0.00600307 -0.04802450 0.00766105
v -0.00300084 -0.04802450 0.00477362
v -0.00249413 -0.04802450 0.00212559
v -0.00738207 -0.04802450 0.00422184
v -0.02418077 -0.04802450 -0.00932014
v -0.02997398 -0.04802450 -0.00585207
v -0.03555150 -0.04802450 -0.00026120
v 0.02441041 -0.04802450 0.02579665
v 0.02473793 -0.04802450 0.01673511
v 0.02966383 -0.04802450 0.01957164
v 0.02290675 -0.04802450 0.00836135
v -0.03010033 -0.04382870 -0.01882415
v -0.02021678 -0.03319027 0.02917723
v 0.00298524 -0.03541244 0.03787115
v 0.01383143 -0.01400301 -0.04799957
v 0.00975319 -0.01167538 -0.04799957
v 0.01307851 -0.01030868 -0.04799957
v 0.01680287 -0.00905135 -0.04799957
v 0.01630897 -0.00528329 -0.04799957
v 0.02095216 -0.00827450 -0.04799957
v 0.01227162 -0.00667587 -0.04799957
v 0.01119801 -0.00314047 -0.04799957
v 0.00880397 -0.00794442 -0.04799957
v 0.00766200 -0.00432845 -0.04799957
v 0.01544789 -0.00154305 -0.04799957
v 0.02090333 -0.00410799 -0.04799957
v 0.02530311 -0.00843514 -0.04799957
v -0.03169786 0.04406168 -0.01601484
v -0.03420177 0.04241886 -0.00950154
v -0.04800890 0.03528043 0.00402092
v -0.04544627 0.03528239 -0.00388089
v -0.03758702 -0.02059286 0.02889225
v -0.03946507 -0.01468441 0.03233080
v -0.04162206 -0.01489193 0.03224175
v -0.04094396 -0.00849081 0.03445845
v -0.04290953 -0.00852499 0.03445696
v -0.04531163 -0.00848202 0.03447709
v -0.04355248 -0.00200008 0.03543667
v -0.04569969 -0.00181258 0.03545448
v -0.04800890 -0.00159139 0.03547902
v -0.04560472 0.00489225 0.03516175
v -0.04800890 0.00514494 0.03513491
v -0.04800890 0.00497452 0.03052089
v -0.04800890 0.01165763 0.03353804
v -0.04800890 0.01051481 0.02933222
v -0.04800890 0.01754777 0.03087117
v -0.04800890 0.01554703 0.02709696
v -0.04800890 0.00973038 0.02545111
v -0.04500621 0.01138102 0.03361685
v -0.03759960 -0.01435018 0.03249188
v -0.03582787 -0.01388509 0.03269651
f 1 2 3
f 1 4 5
f 1 3 6
f 7 8 9
f 7 10 11
f 7 12 10
f 13 14 15
f 13 16 17
f 13 18 19
f 20 21 22
f 20 23 24
f 20 25 23
f 26 27 28
f 26 29 30
f 26 30 31
f 32 33 34
f 32 35 36
f 32 37 38
f 39 40 41
f 39 42 43
f 39 44 42
f 45 46 47
f 45 48 49
f 45 50 51
f 52 53 54
f 52 55 56
f 52 54 57
f 58 59 60
f 58 60 61
f 58 61 62
f 63 64 65
f 63 65 66
f 63 66 67
f 68 69 70
f 68 71 72
f 68 73 74
f 75 76 77
f 75 78 76
f 75 79 78
f 80 81 82
f 80 83 81
f 80 82 84
f 85 86 87
f 85 88 89
f 85 89 90
f 91 92 93
f 91 94 95
f 91 96 97
f 98 99 100
f 98 100 101
f 98 102 99
f 103 104 105
f 103 105 106
f 103 107 108
f 109 110 111
f 109 112 113
f 109 114 115
f 109 115 110
f 116 117 118
f 116 118 119
f 116 120 121
f 116 122 120
f 123 124 125
f 123 126 127
f 123 125 126
f 123 128 129
f 123 129 124
f 130 131 132
f 130 133 134
f 130 134 135
f 136 137 138
f 136 139 137
f 136 140 141
f 142 143 144
f 142 145 143
f 142 146 147
f 148 149 150
f 148 151 152
f 148 153 154
f 155 156 157
f 155 158 159
f 155 160 158
f 161 162 163
f 161 163 164
f 161 165 166
f 167 168 169
f 167 169 38
f 167 170 171
f 167 172 170
f 167 173 172
f 174 175 176
f 174 176 177
f 174 178 175
f 174 179 180
f 174 180 178
f 181 182 183
f 181 183 184
f 181 184 185
f 186 187 188
f 186 189 190
f 186 190 191
f 192 193 194
f 192 195 196
f 192 196 197
f 192 198 199
f 192 199 193
f 200 201 202
f 200 202 203
f 200 204 205
f 206 207 208
f 206 208 209
f 206 210 211
f 212 213 214
f 212 215 216
f 212 217 218
f 212 218 213
f 219 220 221
f 219 222 220
f 219 223 222
f 219 221 224
f 219 224 223
f 225 226 227
f 225 227 228
f 225 228 229
f 230 231 232
f 230 233 234
f 230 234 231
f 230 232 235
f 230 235 34
f 236 237 238
f 236 238 239
f 236 240 15
f 241 242 243
f 241 243 244
f 241 245 246
f 247 248 249
f 247 250 251
f 247 251 252
f 253 254 255
f 253 255 256
f 253 256 257
f 253 257 258
f 253 258 259
f 260 261 262
f 260 262 263
f 260 264 41
f 265 266 267
f 265 267 268
f 265 269 270
f 271 272 273
f 271 274 272
f 271 275 274
f 271 273 276
f 271 276 51
f 277 278 279
f 277 279 280
f 277 280 281
f 277 281 282
f 277 282 47
f 283 284 285
f 283 286 284
f 283 287 286
f 283 285 288
f 283 288 49
f 289 290 291
f 289 291 292
f 289 292 293
f 289 294 22
f 295 296 297
f 295 297 298
f 295 299 300
f 295 300 301
f 295 301 36
f 302 303 304
f 302 305 306
f 302 307 308
f 309 310 311
f 309 311 312
f 309 313 314
f 315 316 317
f 315 317 318
f 315 319 316
f 320 321 322
f 320 322 323
f 320 324 325
f 326 327 328
f 326 329 330
f 326 331 329
f 332 333 334
f 332 335 336
f 332 337 335
f 338 339 340
f 338 341 339
f 338 342 343
f 343 344 345
f 343 346 341
f 343 342 344
f 347 342 348
f 347 348 349
f 347 349 350
f 350 351 352
f 350 353 344
f 350 349 351
f 354 349 355
f 354 356 357
f 354 357 358
f 358 73 70
f 358 359 351
f 358 357 73
f 359 70 360
f 359 361 352
f 362 361 363
f 362 364 365
f 362 365 353
f 365 366 367
f 365 367 345
f 367 368 369
f 367 369 346
f 369 370 371
f 369 371 372
f 371 373 374
f 371 374 375
f 375 374 376
f 375 376 377
f 375 378 372
f 377 376 379
f 377 379 380
f 377 381 378
f 381 380 382
f 381 383 339
f 383 382 384
f 383 385 340
f 385 384 386
f 385 386 355
f 386 387 388
f 386 388 356
f 388 389 390
f 388 390 391
f 390 392 393
f 390 393 394
f 394 74 391
f 394 393 395
f 394 395 71
f 395 396 397
f 395 397 72
f 397 398 399
f 397 399 400
f 400 401 72
f 400 399 402
f 400 402 403
f 403 404 401
f 403 402 405
f 403 405 404
f 406 407 363
f 406 405 408
f 406 409 407
f 410 411 412
f 410 409 413
f 410 414 411
f 413 409 415
f 413 415 416
f 413 417 414
f 417 416 418
f 417 419 221
f 419 418 420
f 419 421 422
f 423 424 224
f 423 421 425
f 423 426 424
f 425 421 427
f 425 427 428
f 425 429 426
f 429 428 430
f 429 430 107
f 430 431 432
f 430 432 433
f 433 434 107
f 433 432 435
f 433 435 436
f 436 435 437
f 436 437 438
f 436 438 439
f 439 440 434
f 439 438 441
f 439 441 442
f 442 443 444
f 442 441 445
f 442 446 443
f 447 448 449
f 447 446 450
f 447 451 448
f 452 453 454
f 452 451 455
f 452 456 453
f 457 458 459
f 457 456 460
f 457 460 461
f 461 462 458
f 461 460 463
f 461 463 464
f 464 465 462
f 464 463 182
f 464 182 465
f 466 463 467
f 466 468 10
f 466 10 469
f 468 467 470
f 468 128 11
f 471 472 473
f 471 473 474
f 471 465 475
f 475 476 472
f 475 465 477
f 475 477 478
f 478 479 476
f 478 477 480
f 478 480 481
f 481 480 482
f 481 482 483
f 481 484 479
f 485 486 487
f 485 487 488
f 485 484 489
f 489 484 490
f 489 490 491
f 489 492 486
f 493 494 495
f 493 492 496
f 493 497 494
f 498 497 499
f 498 500 501
f 498 501 502
f 502 82 503
f 502 504 494
f 502 501 82
f 504 503 505
f 504 506 495
f 506 505 507
f 506 508 487
f 508 507 509
f 508 510 488
f 509 507 511
f 509 512 513
f 509 513 510
f 514 512 515
f 514 516 517
f 514 517 473
f 517 518 519
f 517 519 474
f 519 520 459
f 519 459 458
f 521 520 522
f 521 523 454
f 521 454 453
f 524 523 525
f 524 526 449
f 524 449 448
f 527 526 528
f 527 529 444
f 527 444 443
f 528 530 531
f 528 532 529
f 528 526 530
f 532 531 2
f 532 5 105
f 531 179 177
f 531 530 533
f 530 525 533
f 534 535 180
f 534 525 523
f 534 522 535
f 536 537 538
f 536 522 520
f 536 518 537
f 538 539 540
f 538 541 535
f 538 537 539
f 542 543 544
f 542 537 516
f 542 515 543
f 545 546 547
f 545 515 512
f 545 511 546
f 548 81 549
f 548 511 507
f 548 505 81
f 547 550 551
f 547 552 543
f 547 546 550
f 552 551 553
f 552 554 544
f 555 554 556
f 555 557 540
f 555 540 539
f 558 557 559
f 558 559 560
f 558 178 541
f 559 561 562
f 559 562 563
f 563 562 564
f 563 564 565
f 563 566 560
f 566 565 567
f 566 568 569
f 568 567 570
f 568 570 571
f 571 572 569
f 571 570 573
f 571 573 572
f 574 570 575
f 574 576 577
f 574 577 222
f 577 578 579
f 577 579 580
f 579 581 582
f 579 582 583
f 583 411 580
f 583 582 584
f 583 584 412
f 584 585 366
f 584 366 364
f 585 582 586
f 585 587 368
f 587 586 588
f 587 588 373
f 588 589 590
f 588 590 591
f 590 592 593
f 590 593 594
f 594 593 595
f 594 595 596
f 594 597 591
f 596 595 598
f 596 598 599
f 596 600 597
f 599 598 601
f 599 601 602
f 599 603 600
f 603 602 604
f 603 605 379
f 605 604 154
f 605 606 380
f 606 154 153
f 606 607 382
f 607 153 608
f 607 608 387
f 608 150 609
f 608 609 389
f 609 610 611
f 609 611 392
f 611 612 613
f 611 614 615
f 614 613 616
f 614 617 618
f 618 396 615
f 618 617 619
f 618 619 398
f 619 620 621
f 619 621 622
f 621 623 624
f 621 624 625
f 625 626 622
f 625 624 627
f 625 627 628
f 628 629 626
f 628 627 630
f 628 630 631
f 631 408 405
f 631 630 632
f 631 632 408
f 632 633 634
f 632 634 415
f 634 635 636
f 634 636 418
f 636 637 638
f 636 638 420
f 638 639 640
f 638 640 427
f 640 641 642
f 640 642 428
f 642 643 644
f 642 644 431
f 644 645 646
f 644 646 647
f 646 648 649
f 646 649 650
f 650 651 647
f 650 649 652
f 650 652 653
f 653 654 651
f 653 652 655
f 653 655 656
f 656 657 654
f 656 655 658
f 656 659 657
f 659 658 660
f 659 661 662
f 661 660 663
f 661 664 228
f 664 663 665
f 664 666 229
f 667 668 226
f 667 666 669
f 667 670 668
f 671 672 673
f 671 670 674
f 671 675 672
f 676 677 678
f 676 675 679
f 676 680 677
f 681 682 683
f 681 680 684
f 681 685 682
f 686 687 688
f 686 685 689
f 686 690 687
f 691 692 693
f 691 690 694
f 691 694 695
f 695 696 692
f 695 694 697
f 695 697 698
f 698 699 696
f 698 697 700
f 698 700 701
f 701 702 699
f 701 700 703
f 701 703 704
f 704 705 702
f 704 703 706
f 704 706 707
f 707 708 705
f 707 706 709
f 707 709 710
f 710 711 708
f 710 709 712
f 710 712 713
f 713 714 711
f 713 712 715
f 713 715 207
f 716 712 717
f 716 718 719
f 716 719 208
f 719 720 42
f 719 42 209
f 720 718 721
f 720 119 43
f 722 723 724
f 722 724 40
f 722 119 118
f 724 725 261
f 724 261 41
f 725 726 727
f 725 723 728
f 728 729 726
f 728 723 730
f 728 730 731
f 731 732 729
f 731 730 733
f 731 733 734
f 734 735 732
f 734 733 736
f 734 736 737
f 737 738 735
f 737 736 739
f 737 739 740
f 740 741 738
f 740 739 742
f 740 742 743
f 743 744 741
f 743 742 745
f 743 745 746
f 746 747 744
f 746 745 748
f 746 748 749
f 749 750 747
f 749 748 751
f 749 751 752
f 752 753 750
f 752 751 754
f 752 754 755
f 755 756 753
f 755 754 757
f 755 757 758
f 758 759 760
f 758 757 761
f 758 761 759
f 762 763 764
f 762 761 765
f 762 766 763
f 767 768 665
f 767 766 769
f 767 770 768
f 769 766 771
f 769 771 772
f 769 772 54
f 772 773 57
f 772 774 773
f 775 776 773
f 775 774 777
f 775 777 778
f 778 779 776
f 778 777 780
f 778 780 781
f 781 782 779
f 781 780 783
f 781 783 784
f 784 785 782
f 784 783 786
f 784 786 787
f 787 788 785
f 787 786 789
f 787 789 790
f 790 791 792
f 790 789 793
f 790 793 791
f 794 795 796
f 794 793 797
f 794 798 795
f 799 120 800
f 799 798 801
f 799 802 120
f 802 803 804
f 802 801 803
f 805 806 803
f 805 801 807
f 805 807 808
f 808 809 806
f 808 807 810
f 808 810 811
f 811 812 809
f 811 810 813
f 811 813 814
f 814 815 812
f 814 813 816
f 814 816 817
f 817 818 815
f 817 816 819
f 817 819 820
f 820 821 818
f 820 819 822
f 820 822 823
f 823 824 821
f 823 822 825
f 823 825 826
f 826 827 824
f 826 825 60
f 826 828 827
f 829 771 827
f 829 828 830
f 829 831 774
f 830 832 831
f 830 828 833
f 830 833 834
f 834 835 832
f 834 833 836
f 834 836 837
f 837 838 835
f 837 836 839
f 837 839 840
f 840 841 838
f 840 839 842
f 840 842 843
f 843 844 841
f 843 842 845
f 843 845 846
f 846 797 844
f 846 845 90
f 846 90 797
f 845 847 86
f 847 842 848
f 847 849 87
f 849 850 851
f 849 848 852
f 852 853 850
f 852 848 854
f 852 854 62
f 854 836 59
f 827 765 761
f 824 855 856
f 822 853 61
f 821 856 857
f 818 857 858
f 851 813 88
f 815 858 859
f 812 859 860
f 809 860 861
f 807 862 89
f 862 801 798
f 806 861 863
f 803 863 804
f 796 864 865
f 796 866 791
f 796 795 864
f 866 865 867
f 866 867 868
f 868 867 869
f 868 869 870
f 868 871 792
f 870 869 872
f 870 872 873
f 870 874 871
f 873 872 875
f 873 875 876
f 873 877 874
f 876 875 878
f 876 878 879
f 876 880 877
f 879 878 881
f 879 881 882
f 879 882 880
f 883 881 679
f 883 884 57
f 883 57 773
f 884 679 675
f 884 674 55
f 881 684 680
f 878 689 684
f 875 885 689
f 872 886 885
f 869 887 886
f 867 888 887
f 865 889 888
f 865 864 890
f 890 891 889
f 890 864 800
f 890 122 892
f 892 717 891
f 892 122 721
f 892 721 718
f 768 669 666
f 768 53 669
f 764 663 660
f 764 893 759
f 764 763 663
f 893 660 658
f 893 894 760
f 895 894 896
f 895 897 898
f 895 899 756
f 898 897 900
f 898 900 901
f 898 902 899
f 901 900 903
f 901 903 904
f 901 904 902
f 905 903 906
f 905 907 908
f 905 908 904
f 909 907 111
f 909 110 910
f 909 911 908
f 907 906 912
f 912 645 913
f 912 913 914
f 912 906 648
f 913 643 915
f 913 915 916
f 916 915 917
f 916 917 918
f 916 112 914
f 918 917 919
f 918 919 290
f 918 920 112
f 920 290 22
f 920 21 113
f 921 922 923
f 921 923 291
f 921 917 924
f 923 925 926
f 923 926 927
f 926 928 929
f 926 929 930
f 930 929 931
f 930 931 932
f 930 933 927
f 933 932 934
f 933 934 935
f 934 936 937
f 934 937 938
f 938 937 939
f 938 939 940
f 938 941 935
f 941 940 942
f 941 943 293
f 944 294 293
f 944 943 945
f 944 946 947
f 947 25 294
f 947 946 948
f 947 254 25
f 946 945 949
f 949 945 950
f 949 950 951
f 949 952 948
f 952 951 953
f 952 953 954
f 953 955 956
f 953 956 957
f 957 958 954
f 957 956 959
f 957 959 960
f 960 961 962
f 960 959 963
f 960 964 961
f 965 964 966
f 965 967 968
f 965 968 969
f 969 968 970
f 969 970 971
f 969 972 961
f 972 971 973
f 972 974 962
f 974 973 975
f 974 976 977
f 976 975 978
f 976 979 257
f 979 978 980
f 979 981 982
f 983 984 982
f 983 981 985
f 983 986 984
f 987 24 23
f 987 986 988
f 987 114 24
f 986 985 989
f 989 985 990
f 989 991 992
f 989 992 115
f 992 993 994
f 992 994 910
f 991 990 995
f 991 996 993
f 995 990 997
f 995 997 998
f 995 999 996
f 998 997 1000
f 998 1000 1001
f 998 1002 999
f 1001 1000 1003
f 1001 1003 1004
f 1001 1005 1002
f 1004 1003 1006
f 1004 1006 263
f 1004 262 1005
f 1006 1007 1008
f 1006 1008 1009
f 1009 1008 1010
f 1009 1010 1011
f 1009 1011 1012
f 1011 1013 1014
f 1011 1014 1015
f 1015 1016 1012
f 1015 1014 1017
f 1015 1017 1018
f 1018 1019 1016
f 1018 1017 1020
f 1018 1020 1021
f 1021 1022 1019
f 1021 1020 1023
f 1021 1023 1024
f 1024 1025 1022
f 1024 1023 1026
f 1024 1026 1027
f 1027 1028 1025
f 1027 1026 1029
f 1027 1029 1030
f 1030 1031 1028
f 1030 1029 214
f 1030 214 1032
f 1033 1029 1034
f 1033 1035 1036
f 1033 215 214
f 1036 1035 1037
f 1036 1038 1039
f 1036 1039 216
f 1039 266 19
f 1039 19 18
f 1037 1035 1040
f 1037 1040 1041
f 1037 1042 1038
f 1042 1041 1043
f 1042 1044 267
f 1044 1043 1045
f 1044 1045 1046
f 1046 1045 1047
f 1046 1048 1049
f 1046 1049 1050
f 1049 1051 1052
f 1049 1053 1051
f 1054 1055 1056
f 1054 1053 1057
f 1054 1058 1055
f 1059 1060 1061
f 1059 1058 1062
f 1059 1063 1060
f 1064 1065 1060
f 1064 1063 1066
f 1064 1066 1067
f 1067 1068 1065
f 1067 1066 1069
f 1067 1069 1070
f 1070 1071 1068
f 1070 1069 1072
f 1070 1072 1073
f 1073 313 1071
f 1073 1072 1074
f 1073 1075 313
f 1075 1074 1076
f 1075 1077 314
f 1078 1079 1080
f 1078 1080 310
f 1078 1077 1081
f 1081 1082 1079
f 1081 1077 1083
f 1081 1083 1084
f 1084 1085 1086
f 1084 1083 1087
f 1084 1087 1085
f 1087 1088 1089
f 1087 1090 93
f 1090 1089 1091
f 1090 1092 96
f 1092 1093 97
f 1092 1091 1094
f 1094 1095 1093
f 1094 1091 1096
f 1094 1096 1097
f 1097 1098 1095
f 1097 1096 1099
f 1097 1099 1100
f 1100 1101 1098
f 1100 1099 1102
f 1100 1102 1103
f 1103 1104 1101
f 1103 1102 1105
f 1103 1105 1057
f 1105 1062 1058
f 1105 250 1062
f 1106 1047 1107
f 1106 1107 1108
f 1106 1104 1048
f 1107 1109 1110
f 1107 1110 1111
f 1111 1110 1112
f 1111 1112 1113
f 1111 1114 1108
f 1113 1112 1115
f 1113 1115 1116
f 1113 1117 1114
f 1116 1115 1118
f 1116 1118 1119
f 1116 1120 1117
f 1119 1118 1121
f 1119 1121 95
f 1119 94 1120
f 1121 1122 1123
f 1121 1124 95
f 1125 1124 1126
f 1125 1127 1128
f 1125 1128 92
f 1128 1129 1085
f 1128 1085 93
f 1129 1127 1130
f 1129 1131 1086
f 1132 1131 1133
f 1132 1134 1135
f 1132 1135 1082
f 1136 1134 1137
f 1136 1138 1139
f 1136 1139 1135
f 1140 1138 1141
f 1140 1142 1143
f 1140 1144 1139
f 1144 1143 1145
f 1144 1146 1080
f 1145 1143 1147
f 1145 1147 1148
f 1145 1149 1146
f 1149 1148 1150
f 1149 1151 311
f 1151 1150 1152
f 1151 1153 312
f 1152 1150 1154
f 1152 1154 1155
f 1152 1156 1153
f 1155 1154 1157
f 1155 1157 1158
f 1155 1159 1156
f 1158 1157 1160
f 1158 1160 1061
f 1158 1061 1060
f 1161 1160 1162
f 1161 1163 1056
f 1161 1056 1055
f 1164 1163 1165
f 1164 1166 1052
f 1164 1052 1051
f 1167 1166 1168
f 1167 1169 269
f 1167 265 1050
f 1169 1168 1170
f 1169 1171 1172
f 1172 1171 1173
f 1172 1174 1175
f 1172 1175 269
f 1175 237 14
f 1175 14 270
f 1173 1176 1177
f 1173 1178 1174
f 1173 1171 1176
f 1178 1177 1179
f 1178 1180 238
f 1180 1179 1181
f 1180 1182 239
f 1183 1182 1184
f 1183 1185 1186
f 1183 1186 1187
f 1186 1188 1189
f 1186 1190 1188
f 1191 1192 1193
f 1191 1190 1194
f 1191 1195 1192
f 1196 1197 1198
f 1196 1195 1199
f 1196 1200 1197
f 1201 1202 1197
f 1201 1200 1203
f 1201 1204 1205
f 1205 1206 1202
f 1205 1204 1207
f 1205 1207 308
f 1207 1208 1209
f 1207 1210 308
f 1210 1209 1211
f 1210 1212 305
f 1212 1211 1213
f 1212 1214 306
f 1215 1216 303
f 1215 1214 1217
f 1215 1218 1216
f 1219 1220 1221
f 1219 1222 1223
f 1219 1218 1220
f 1224 1218 1225
f 1224 1225 1226
f 1224 1226 1227
f 1227 1228 1229
f 1227 1230 1220
f 1227 1226 1228
f 1231 1226 1232
f 1231 1233 1234
f 1231 1234 141
f 1234 1235 1236
f 1234 1236 139
f 1236 1237 1238
f 1236 1238 1239
f 1238 1240 1241
f 1238 1241 1242
f 1242 1243 1239
f 1242 1241 1244
f 1242 1244 1245
f 1245 1244 1246
f 1245 1246 1247
f 1245 1248 1243
f 1249 1248 1250
f 1249 1251 138
f 1249 138 137
f 1252 1251 1253
f 1252 1254 1230
f 1252 1229 138
f 1254 1253 1255
f 1254 1256 1221
f 1256 1255 1257
f 1256 1258 1222
f 1258 1257 1259
f 1258 1260 1222
f 1260 1259 1261
f 1260 1262 1223
f 1262 1261 1263
f 1262 1264 304
f 1264 1263 1265
f 1264 1206 307
f 1263 1261 1266
f 1263 1266 1267
f 1267 1266 1268
f 1267 1268 1269
f 1267 1270 1265
f 1269 1268 1271
f 1269 1271 1272
f 1269 1198 1270
f 1272 1271 1273
f 1272 1273 1193
f 1272 1193 1192
f 1274 1273 1275
f 1274 1276 1189
f 1274 1189 1188
f 1277 1276 1278
f 1277 1278 240
f 1277 236 1187
f 1278 1279 1280
f 1278 1281 1282
f 1282 1281 1283
f 1282 1284 17
f 1282 16 240
f 1284 1283 1285
f 1284 1286 17
f 1285 1287 1288
f 1285 1288 218
f 1285 1283 1287
f 1289 1290 1287
f 1289 1283 1281
f 1289 1280 1291
f 1291 1292 1290
f 1291 1280 1279
f 1291 1293 1294
f 1294 1295 1292
f 1294 1293 1296
f 1294 1296 1297
f 1297 243 1295
f 1297 1296 1298
f 1297 1298 1299
f 1298 1300 1301
f 1298 1301 1302
f 1302 1303 1299
f 1302 1301 1304
f 1302 1304 1305
f 1305 1306 1307
f 1305 1304 1308
f 1305 1308 1306
f 1309 1310 1311
f 1309 1308 1259
f 1309 1259 1257
f 1311 1312 1313
f 1311 1314 1306
f 1311 1310 1312
f 1315 1316 1312
f 1315 1310 1255
f 1315 1255 1253
f 1317 1318 1319
f 1317 1319 1313
f 1317 1316 1250
f 1319 1320 1321
f 1319 1321 1322
f 1322 1321 1323
f 1322 1323 1324
f 1322 1324 1314
f 1324 1325 1326
f 1324 1326 1307
f 1326 1327 244
f 1326 244 1303
f 1327 1325 1328
f 1327 1328 245
f 1328 1329 1330
f 1328 1330 1331
f 1331 1330 1332
f 1331 1332 1333
f 1331 1333 245
f 1333 189 188
f 1333 29 246
f 1334 1335 1336
f 1334 1336 1332
f 1334 1330 1337
f 1336 1338 1339
f 1336 1339 190
f 1339 1340 1341
f 1339 1341 1342
f 1342 1341 1343
f 1342 1343 1344
f 1342 1344 1345
f 1344 1346 1347
f 1344 1348 1346
f 1349 1350 1351
f 1349 1348 1352
f 1349 1353 1350
f 1354 1355 1356
f 1354 1353 1357
f 1354 1358 1355
f 1359 1360 1361
f 1359 1358 1362
f 1359 1362 1360
f 1363 1364 1365
f 1363 1362 1366
f 1363 1366 1364
f 1367 1368 1369
f 1367 1366 1370
f 1367 1371 1368
f 1371 1370 1372
f 1371 1373 1374
f 1373 1372 1375
f 1373 1376 322
f 1376 1375 1377
f 1376 1378 1379
f 1379 1380 323
f 1379 1378 1381
f 1379 1381 1382
f 1382 500 1380
f 1382 1381 1383
f 1382 1383 1384
f 1383 1385 1386
f 1383 1386 1387
f 1387 84 1384
f 1387 1386 1388
f 1387 1388 83
f 1388 1389 550
f 1388 550 549
f 1389 1386 1390
f 1389 1391 551
f 1391 1390 1392
f 1391 1393 553
f 1394 1393 1395
f 1394 1396 556
f 1394 556 554
f 1397 1396 1398
f 1397 1399 1400
f 1397 561 557
f 1399 1398 1401
f 1399 1402 1403
f 1403 1402 1404
f 1403 1405 1406
f 1403 1406 1400
f 1407 1405 1408
f 1407 1409 1410
f 1407 1410 1406
f 1410 1411 1412
f 1410 1412 564
f 1412 1413 1414
f 1412 1414 567
f 1414 1415 1416
f 1414 1417 567
f 1417 1416 1418
f 1417 1419 575
f 1419 1418 1420
f 1419 1421 576
f 1421 1420 1422
f 1421 1423 578
f 1423 1422 592
f 1423 589 581
f 1422 1420 1424
f 1422 1424 1425
f 1420 1418 300
f 1418 1416 1426
f 1427 1416 1415
f 1427 1428 1429
f 1427 1429 1426
f 1429 173 37
f 1429 37 301
f 1415 1413 1428
f 1413 1411 1430
f 1411 1409 1431
f 1431 1409 1432
f 1431 1432 1433
f 1431 1434 1430
f 1434 1433 1435
f 1434 1436 170
f 1436 1435 1437
f 1436 1437 1438
f 1438 1437 1439
f 1438 1439 1440
f 1438 1440 168
f 1440 1441 1442
f 1440 1442 1443
f 1442 1444 1445
f 1442 1445 1446
f 1446 1447 1443
f 1446 1445 1448
f 1446 1448 1447
f 1449 1445 1450
f 1449 1451 1452
f 1449 1452 234
f 1452 1453 1454
f 1452 1454 1455
f 1454 1456 1457
f 1454 1457 1458
f 1458 1459 1455
f 1458 1457 1246
f 1458 1246 1460
f 1459 1461 1462
f 1459 1460 1461
f 1463 1460 1464
f 1463 1464 1465
f 1463 1465 1466
f 1466 1465 1467
f 1466 1467 1468
f 1466 1469 1461
f 1469 1468 1470
f 1469 1471 1462
f 1471 1470 1472
f 1471 1473 1474
f 1473 1472 1475
f 1473 1476 1474
f 1477 1478 1474
f 1477 1476 1479
f 1477 1480 1478
f 1479 1476 1475
f 1479 1481 1482
f 1479 1482 1480
f 1482 1483 1484
f 1482 1484 298
f 1484 1485 1486
f 1484 1486 1487
f 1487 1488 299
f 1487 1486 1489
f 1487 1489 1488
f 1489 1490 1491
f 1489 1491 1492
f 1493 1490 1494
f 1493 1495 1496
f 1493 1497 1491
f 1496 1495 1498
f 1496 1499 1500
f 1496 1500 1497
f 1500 1501 1502
f 1500 1502 601
f 1502 1503 1504
f 1502 1504 604
f 1504 1505 151
f 1504 151 604
f 1505 1503 1506
f 1505 1507 152
f 1508 1507 1509
f 1508 1510 1511
f 1508 1511 149
f 1511 1512 610
f 1511 610 149
f 1512 1510 1513
f 1512 1514 612
f 1514 1513 1515
f 1514 1516 613
f 1516 1515 1517
f 1516 1518 616
f 1519 620 617
f 1519 1518 1520
f 1519 1521 623
f 1521 1520 1522
f 1521 1523 1524
f 1523 1522 936
f 1523 932 931
f 1522 1520 1525
f 1522 1525 1526
f 1525 1527 1528
f 1525 1528 1529
f 1529 1528 1530
f 1529 1531 1532
f 1529 1532 1526
f 1533 1531 1534
f 1533 1535 1536
f 1533 1536 939
f 1536 1537 1538
f 1536 1538 940
f 1538 1539 1540
f 1538 1540 942
f 1540 1541 1542
f 1540 1542 1543
f 1542 1544 1545
f 1542 1545 950
f 1545 1546 1547
f 1545 1547 951
f 1547 1548 1549
f 1547 1550 955
f 1550 1549 1551
f 1550 1552 1553
f 1552 1551 1554
f 1552 1555 1556
f 1556 1557 1553
f 1556 1555 1558
f 1556 1558 1559
f 1559 963 1557
f 1559 1558 1560
f 1559 1560 963
f 1561 966 964
f 1561 1560 1141
f 1561 1562 966
f 1563 1564 967
f 1563 1562 1137
f 1563 1565 1564
f 1566 1567 1568
f 1566 1565 1133
f 1566 1569 1567
f 1570 1571 318
f 1570 1569 1130
f 1570 1572 1571
f 1573 1574 1575
f 1573 1572 1126
f 1573 1576 1574
f 1577 1578 1579
f 1577 1576 1123
f 1577 1580 1578
f 1581 1582 1578
f 1581 1580 1583
f 1581 1583 1584
f 1584 1585 1582
f 1584 1583 1586
f 1584 1586 1587
f 1587 1588 1585
f 1587 1586 1589
f 1587 1589 1590
f 1590 1591 1588
f 1590 1589 1592
f 1590 1592 1593
f 1593 1594 1591
f 1593 1592 1595
f 1593 1595 1596
f 1596 1597 1594
f 1596 1595 1041
f 1596 1041 1040
f 1595 1598 1043
f 1598 1592 1599
f 1598 1600 1601
f 1599 1589 1602
f 1599 1603 1600
f 1602 1586 1604
f 1602 1605 1603
f 1604 1583 1606
f 1604 1607 1605
f 1606 1580 1122
f 1606 1122 1607
f 1608 1010 1609
f 1608 1610 1578
f 1608 1582 1013
f 1610 1611 1579
f 1610 1609 1612
f 1612 1613 1611
f 1612 1609 1614
f 1612 1614 1615
f 1615 1616 1613
f 1615 1614 1617
f 1615 1617 1618
f 1618 973 1616
f 1618 1617 1619
f 1618 1619 975
f 1619 1620 1621
f 1619 1621 978
f 1617 1007 1620
f 1622 970 1623
f 1622 1623 1624
f 1622 1616 970
f 1623 1625 1626
f 1623 316 1627
f 1624 1627 1628
f 1628 1627 1575
f 1628 1575 1574
f 1576 1126 1124
f 1575 319 1571
f 1572 1130 1127
f 1569 1133 1131
f 1568 317 1626
f 1568 1629 1564
f 1568 1567 317
f 1565 1137 1134
f 1562 1141 1138
f 1560 1630 1142
f 1630 1558 1631
f 1630 1632 1142
f 1631 1555 1633
f 1631 1633 1632
f 1633 1554 1634
f 1633 1634 1147
f 1634 1635 1636
f 1634 1637 1148
f 1636 1635 1638
f 1636 1639 1640
f 1636 1641 1637
f 1640 1639 1642
f 1640 1642 1643
f 1640 1644 1641
f 1643 1642 1645
f 1643 1645 1162
f 1643 1162 1644
f 1646 1645 1647
f 1646 1648 1165
f 1646 1165 1163
f 1649 1648 1650
f 1649 1651 1168
f 1649 1168 1166
f 1651 1650 1652
f 1651 1653 1170
f 1653 1652 1654
f 1653 1655 1176
f 1655 1654 1656
f 1655 1657 1177
f 1657 1656 1658
f 1657 1659 1179
f 1659 1658 1660
f 1659 1661 1181
f 1662 1661 1663
f 1662 1664 1184
f 1662 1184 1182
f 1665 1664 1666
f 1665 1667 1668
f 1665 1668 1185
f 1668 1194 1190
f 1668 1669 1194
f 1670 1199 1195
f 1670 1669 1671
f 1670 1672 1199
f 1673 1203 1200
f 1673 1672 1674
f 1673 1675 1203
f 1676 1208 1204
f 1676 1675 1677
f 1676 1678 1208
f 1678 1677 1679
f 1678 1680 1209
f 1680 1679 1681
f 1680 1682 1211
f 1682 1681 1683
f 1682 1684 1213
f 1685 1217 1214
f 1685 1684 1686
f 1685 1687 1217
f 1687 1686 1688
f 1687 1689 1232
f 1689 1688 1690
f 1689 1690 1233
f 1690 1691 1692
f 1690 1692 1235
f 1692 1693 1694
f 1692 1694 1237
f 1694 1695 1696
f 1694 1696 1240
f 1696 1697 1698
f 1696 1698 1699
f 1698 1700 1701
f 1698 1701 1702
f 1701 1703 1704
f 1701 1704 1702
f 1705 1703 1706
f 1705 1707 1708
f 1705 1708 1467
f 1708 1709 1710
f 1708 1710 1468
f 1710 1711 1712
f 1710 1712 1470
f 1712 1713 1714
f 1712 1714 1472
f 1714 1715 1716
f 1714 1716 1475
f 1716 1717 1718
f 1716 1719 1481
f 1719 1718 1720
f 1719 1721 1483
f 1721 1720 1722
f 1721 1723 1485
f 1723 1722 1724
f 1723 1725 1726
f 1725 1724 1727
f 1725 1728 1494
f 1728 1727 1729
f 1728 1498 1495
f 1729 1727 1730
f 1729 1730 1731
f 1729 1731 1499
f 1731 1732 1733
f 1731 1733 1501
f 1733 1734 1506
f 1733 1506 1503
f 1735 1734 1736
f 1735 1737 1509
f 1735 1509 1507
f 1738 1737 147
f 1738 1739 1513
f 1738 1513 1510
f 1739 147 146
f 1739 1740 1515
f 1740 146 144
f 1740 1741 1517
f 1737 1736 145
f 1736 1734 1742
f 1736 1742 1743
f 1742 1732 1744
f 1742 1744 1745
f 1745 1744 1746
f 1745 1746 1534
f 1745 1747 1743
f 1747 1530 143
f 1747 1534 1531
f 1746 1748 1749
f 1746 1749 1535
f 1749 1750 1751
f 1749 1751 1537
f 1750 1748 1752
f 1750 1752 1753
f 1752 1724 1722
f 1752 1754 1724
f 1748 1744 1730
f 1722 1720 1753
f 1720 1718 1755
f 1718 1717 1756
f 1756 1717 1715
f 1756 1757 1758
f 1756 1758 1755
f 1758 278 46
f 1758 46 276
f 1715 1713 1757
f 1713 1711 1759
f 1711 1709 1760
f 1760 1709 1761
f 1760 1761 1762
f 1760 1763 1759
f 1763 1762 1764
f 1763 1764 1765
f 1764 1766 1767
f 1764 1767 1768
f 1768 1767 1656
f 1768 1656 1654
f 1768 1769 1765
f 1769 1654 1652
f 1769 1770 281
f 1770 1652 1650
f 1770 1771 1772
f 1773 1774 1772
f 1773 1771 1647
f 1773 1775 1774
f 1774 48 282
f 1774 287 48
f 1771 1650 1648
f 1767 1776 1658
f 1776 1766 1777
f 1776 1778 1660
f 1779 1778 1780
f 1779 1781 1663
f 1779 1663 1661
f 1782 1781 1783
f 1782 1784 1666
f 1782 1666 1664
f 1785 1784 1786
f 1785 133 1787
f 1785 1787 1667
f 1787 132 1671
f 1787 1671 1669
f 1788 1674 1672
f 1788 132 131
f 1788 1789 1674
f 1790 1677 1675
f 1790 1789 1791
f 1790 1792 1677
f 1792 1791 1793
f 1792 1793 1679
f 1793 1794 1795
f 1793 1796 1681
f 1796 1795 76
f 1796 1797 1683
f 1798 1686 1684
f 1798 1797 78
f 1798 1799 1686
f 1799 78 1800
f 1799 1801 1688
f 1801 1800 1802
f 1801 1803 1693
f 1803 1802 1804
f 1803 1805 1695
f 1805 1804 1806
f 1805 1807 1697
f 1807 1806 1808
f 1807 1809 1700
f 1809 1808 1810
f 1809 1706 1703
f 1810 1808 1811
f 1810 1811 1762
f 1810 1761 1707
f 1811 1812 1777
f 1811 1777 1766
f 1813 1812 1814
f 1813 1815 1780
f 1813 1780 1778
f 1816 1815 1817
f 1816 1818 1783
f 1816 1783 1781
f 1819 1818 1820
f 1819 1821 1786
f 1819 1786 1784
f 1821 1820 1822
f 1821 1823 134
f 1823 1822 1795
f 1823 1794 135
f 1822 77 76
f 1822 1820 77
f 1824 1825 79
f 1824 1820 1818
f 1824 1817 1825
f 1826 1804 1802
f 1826 1817 1815
f 1826 1814 1804
f 1825 1802 1800
f 1814 1812 1806
f 1791 1789 131
f 1647 1645 1775
f 1639 1638 1827
f 1638 1551 1549
f 1638 1635 1551
f 1549 1548 1827
f 1548 1546 1828
f 1546 1544 1829
f 1829 1544 1830
f 1829 1830 1831
f 1829 1831 1828
f 1831 275 50
f 1831 50 288
f 1541 1539 274
f 1539 1537 1751
f 1530 1528 144
f 1527 1520 1518
f 1494 1490 1726
f 1488 1425 1424
f 1488 1492 1425
f 1478 35 235
f 1478 296 35
f 1702 1464 1699
f 1457 1320 1247
f 1453 1451 1832
f 1453 1833 1456
f 1832 1451 1834
f 1832 1834 1835
f 1832 1836 1833
f 1836 1835 1337
f 1836 1329 1323
f 1835 1834 1837
f 1835 1837 1335
f 1837 1838 1839
f 1837 1839 1338
f 1839 1840 1841
f 1839 1841 1340
f 1841 1842 1843
f 1841 1843 1844
f 1843 1845 1846
f 1843 1846 1847
f 1847 1846 1848
f 1847 1848 1849
f 1847 1850 1844
f 1849 1848 99
f 1849 1851 1852
f 1849 1852 1850
f 1852 1352 1348
f 1852 1853 1352
f 1854 1357 1353
f 1854 1853 1855
f 1854 1855 1856
f 1856 1857 1357
f 1856 1855 1858
f 1856 1858 1859
f 1859 1860 1857
f 1859 1858 1861
f 1859 1861 1862
f 1862 1370 1860
f 1862 1861 1863
f 1862 1863 1370
f 1863 1864 1865
f 1863 1866 1372
f 1866 1865 1867
f 1866 1868 1375
f 1868 1867 1869
f 1868 1870 1377
f 1871 1872 1378
f 1871 1870 1873
f 1871 1874 1875
f 1875 1385 1872
f 1875 1874 1392
f 1875 1392 1390
f 1876 1874 1873
f 1876 1877 1395
f 1876 1395 1393
f 1878 1877 1879
f 1878 1880 1398
f 1878 1398 1396
f 1880 1879 1881
f 1880 1882 1401
f 1883 1882 1884
f 1883 1885 1404
f 1883 1404 1402
f 1886 1885 1887
f 1886 1888 1408
f 1886 1408 1405
f 1888 1887 1889
f 1888 1890 1432
f 1890 1889 1891
f 1890 1892 1433
f 1892 1891 1893
f 1892 1893 1894
f 1893 1895 1896
f 1893 1896 1897
f 1897 1896 1898
f 1897 1898 1845
f 1897 1899 1894
f 1900 1896 1901
f 1900 1902 1903
f 1900 1903 1898
f 1902 1901 1904
f 1902 1905 1906
f 1905 1904 1907
f 1905 1908 100
f 1908 1907 1909
f 1908 1910 101
f 1911 1912 1913
f 1911 1913 102
f 1911 1910 1914
f 1914 1915 1912
f 1914 1910 1916
f 1914 1916 1917
f 1917 1864 1915
f 1917 1916 1918
f 1917 1918 1865
f 1918 1919 1920
f 1918 1921 1865
f 1921 1920 1922
f 1921 1923 1867
f 1923 1922 331
f 1923 1924 1869
f 1925 1873 1870
f 1925 1924 1881
f 1925 1879 1877
f 1924 331 328
f 1920 1919 1926
f 1920 1927 329
f 1927 1926 1928
f 1927 1929 330
f 1929 1928 1930
f 1929 1931 330
f 1932 1933 330
f 1932 1931 1891
f 1932 1889 1887
f 1933 1884 327
f 1933 1887 1885
f 1931 1930 1895
f 1930 1928 1904
f 1930 1904 1901
f 1928 1926 1907
f 1926 1919 1909
f 1884 1882 328
f 1913 1853 1851
f 1848 1903 1906
f 1845 1842 1439
f 1842 1840 1441
f 1840 1838 1444
f 1838 1834 1450
f 1447 33 169
f 1447 233 33
f 1380 499 324
f 1369 491 490
f 1369 1934 1364
f 1369 1368 491
f 1935 496 492
f 1935 1368 1374
f 1935 321 496
f 1934 490 483
f 1934 1936 1365
f 1937 1936 1938
f 1937 1938 1939
f 1937 1361 1360
f 1939 1938 1940
f 1939 1940 1941
f 1939 1356 1361
f 1941 1940 1942
f 1941 1942 1351
f 1941 1351 1350
f 1943 1942 1944
f 1943 1945 1347
f 1943 1347 1346
f 1946 1945 1947
f 1946 1948 187
f 1946 186 1345
f 1948 1947 1949
f 1948 1950 1951
f 1951 1950 1952
f 1951 1953 30
f 1951 30 188
f 1953 1952 1954
f 1953 198 31
f 1952 1955 1956
f 1952 1950 1955
f 1956 1957 1958
f 1956 1958 1954
f 1956 1955 1959
f 1959 1960 1957
f 1959 1955 1961
f 1959 1961 1962
f 1962 1963 1960
f 1962 1961 1964
f 1962 1964 1965
f 1965 1966 1963
f 1965 1964 1967
f 1965 1967 1968
f 1968 1969 1966
f 1968 1967 1970
f 1968 1970 1971
f 1971 185 1969
f 1971 1970 1972
f 1971 1972 480
f 1973 1970 1974
f 1973 1975 1976
f 1973 1976 482
f 1974 1967 1977
f 1974 1978 1975
f 1979 1980 1981
f 1979 1981 1982
f 1979 1969 184
f 1981 1983 1984
f 1981 1984 1985
f 1985 1984 1986
f 1985 1986 1987
f 1985 1988 1982
f 1987 1986 1989
f 1987 1989 1990
f 1987 1991 1988
f 1990 1989 1992
f 1990 1992 1993
f 1990 1994 1991
f 1993 1992 1995
f 1993 1995 1996
f 1993 1997 1994
f 1997 1996 1998
f 1997 1999 1958
f 1998 1996 2000
f 1998 2000 2001
f 1998 2002 1999
f 2002 2001 2003
f 2002 2003 194
f 2003 2004 2005
f 2003 2005 2006
f 2006 2005 2007
f 2006 2007 2008
f 2006 2008 195
f 2008 2009 2010
f 2008 2010 2011
f 2010 2012 2013
f 2010 2013 2014
f 2014 2015 2011
f 2014 2013 2016
f 2014 2016 2017
f 2017 2018 2015
f 2017 2016 2019
f 2017 2019 242
f 2020 27 197
f 2020 197 196
f 2020 2018 27
f 2018 242 28
f 2009 2007 2021
f 2009 2022 2012
f 2021 2007 2023
f 2021 2023 2024
f 2021 2025 2022
f 2025 2024 2026
f 2025 2027 1288
f 2026 2024 2028
f 2026 2028 2029
f 2026 2030 2027
f 2030 2029 2031
f 2030 2031 1032
f 2031 2032 2033
f 2031 2033 1031
f 2033 2034 2035
f 2033 2035 2036
f 2035 2037 2038
f 2035 2038 2039
f 2039 2038 2040
f 2039 2040 2041
f 2039 2042 2036
f 2041 2040 2043
f 2041 2044 2045
f 2041 2046 2042
f 2045 2044 2047
f 2045 2047 2048
f 2045 2049 2046
f 2048 2047 2050
f 2048 2050 2051
f 2048 2051 2049
f 2050 2052 44
f 2050 44 264
f 2047 2053 2052
f 2053 2054 210
f 2053 2044 2054
f 2054 2055 2056
f 2054 2043 2055
f 2057 2058 2059
f 2057 2043 2040
f 2057 2060 2058
f 2061 2062 2063
f 2061 2060 2064
f 2061 2064 2065
f 2065 157 2062
f 2065 2064 2066
f 2065 2066 160
f 2066 2037 2067
f 2066 2067 2068
f 2067 2034 2069
f 2067 2069 2070
f 2070 2071 2072
f 2070 2073 2068
f 2070 2069 2071
f 2074 2075 2076
f 2074 2069 2032
f 2074 2029 2075
f 2076 2077 2078
f 2076 2079 2071
f 2076 2075 2077
f 2080 2081 2077
f 2080 2075 2082
f 2080 2082 2083
f 2083 2084 2081
f 2083 2082 2023
f 2083 2023 2085
f 2086 2087 2088
f 2086 2088 2089
f 2086 2084 2090
f 2088 2091 2092
f 2088 2092 2089
f 2093 2092 2094
f 2093 2095 2078
f 2093 2078 2077
f 2096 2095 2097
f 2096 2098 2099
f 2096 2099 2079
f 2099 2100 2101
f 2099 2101 2072
f 2101 2102 2103
f 2101 2103 2073
f 2103 2104 159
f 2103 159 158
f 2105 2104 2106
f 2105 2107 2108
f 2105 2108 156
f 2108 2109 2110
f 2108 2110 157
f 2111 2109 2112
f 2111 2113 2063
f 2111 2063 2062
f 2114 2113 2115
f 2114 2116 2059
f 2114 2059 2058
f 2117 2116 2118
f 2117 2119 2056
f 2117 2056 2055
f 2120 2119 2121
f 2120 2121 2122
f 2120 211 210
f 2122 2121 2123
f 2122 2123 2124
f 2122 714 211
f 2123 2125 2126
f 2123 2126 2127
f 2127 2126 2128
f 2127 2128 2129
f 2127 2130 2124
f 2129 2128 2131
f 2129 2131 2132
f 2129 2133 2130
f 2132 2131 2134
f 2132 2135 2136
f 2132 2137 2133
f 2136 2135 2138
f 2136 2139 2140
f 2136 2140 2137
f 2139 2138 2141
f 2139 2142 2143
f 2142 2141 2144
f 2142 2144 126
f 2144 2145 8
f 2144 8 11
f 2145 203 9
f 2145 2141 2146
f 2147 203 202
f 2147 2148 2149
f 2147 2149 12
f 2149 1983 183
f 2149 183 469
f 2141 2138 2150
f 2150 2151 2146
f 2150 2138 2135
f 2150 2134 2151
f 2152 2153 2154
f 2152 2134 2131
f 2152 2155 2153
f 2156 2157 2158
f 2156 2155 2159
f 2156 2159 2157
f 2160 2161 2162
f 2160 2159 2163
f 2160 2163 2164
f 2164 2165 2161
f 2164 2163 2166
f 2164 2166 2167
f 2167 2168 2165
f 2167 2166 2169
f 2167 2169 2170
f 2170 2171 2168
f 2170 2169 2118
f 2170 2172 2171
f 2173 2174 2175
f 2173 2172 2115
f 2173 2176 2174
f 2177 2178 2179
f 2177 2176 2112
f 2177 2180 2178
f 2181 2182 166
f 2181 2180 2107
f 2181 2106 2182
f 2183 2184 2185
f 2183 2106 2104
f 2183 2102 2184
f 2185 2186 2187
f 2185 162 2182
f 2185 2184 2186
f 2188 2189 2190
f 2188 2184 2100
f 2188 2098 2189
f 2190 2191 2192
f 2190 2193 2186
f 2190 2189 2191
f 2194 2195 2196
f 2194 2189 2097
f 2194 2197 2195
f 2198 2199 2195
f 2198 2197 2094
f 2198 2200 2201
f 2201 2202 2199
f 2201 2200 2203
f 2201 2203 2204
f 2204 2205 2202
f 2204 2203 2206
f 2204 2206 2207
f 2207 2208 2205
f 2207 2206 2209
f 2207 2209 2210
f 2210 2211 2208
f 2210 2209 2212
f 2210 2212 2213
f 2213 2214 2211
f 2213 2212 1995
f 2213 1995 2215
f 2216 2217 2218
f 2216 2218 2219
f 2216 2214 2220
f 2220 2221 2217
f 2220 2214 2222
f 2220 2222 2223
f 2223 2224 2221
f 2223 2222 2225
f 2223 2225 205
f 2225 2226 2227
f 2225 2227 201
f 2228 2229 2230
f 2228 2230 2231
f 2228 2224 2232
f 2232 2224 204
f 2232 204 2154
f 2232 2233 2229
f 2234 2235 2236
f 2234 2233 2158
f 2234 2237 2235
f 2238 2239 2240
f 2238 2237 2162
f 2238 2241 2239
f 2242 2243 2239
f 2242 2241 2244
f 2242 2244 2245
f 2245 2246 2243
f 2245 2244 2247
f 2245 2247 2248
f 2248 2249 2246
f 2248 2247 2250
f 2248 2250 2251
f 2251 2252 2249
f 2251 2250 2253
f 2251 2253 164
f 2253 2175 2179
f 2253 2179 165
f 2254 2255 2256
f 2254 2256 2257
f 2254 2252 2258
f 2258 2252 163
f 2258 163 2187
f 2258 2193 2255
f 2256 2259 2260
f 2256 2260 2261
f 2261 2260 2262
f 2261 2262 2263
f 2261 2264 2257
f 2263 2262 2265
f 2263 2265 2266
f 2263 2267 2264
f 2266 2265 2268
f 2266 2268 2269
f 2266 2240 2267
f 2269 2268 2270
f 2269 2271 2236
f 2269 2236 2235
f 2271 2270 336
f 2271 2272 2230
f 2272 336 335
f 2272 2273 2231
f 2270 2274 336
f 2270 2268 2275
f 2274 2276 333
f 2274 2275 2277
f 2277 2278 2276
f 2277 2275 2279
f 2277 2279 2280
f 2280 64 2278
f 2280 2279 2281
f 2280 2281 2282
f 2283 2278 67
f 2283 2284 2285
f 2283 2285 334
f 2285 2286 2287
f 2285 2287 337
f 2287 2288 2289
f 2287 2289 2290
f 2289 2291 2219
f 2289 2219 2218
f 2288 2286 2292
f 2288 2293 2291
f 2292 2286 2294
f 2292 2294 2295
f 2292 2296 2293
f 2295 2294 2297
f 2295 2297 2298
f 2295 2299 2296
f 2298 2297 2300
f 2298 2300 2301
f 2298 2196 2299
f 2301 2300 2302
f 2301 2259 2192
f 2301 2192 2191
f 2300 65 2302
f 2294 2284 66
f 2281 2260 2302
f 2250 2303 2175
f 2247 2304 2303
f 2244 2305 2304
f 2241 2162 2161
f 2237 2158 2157
f 2233 2154 2153
f 2222 2215 2226
f 2218 2273 2290
f 2209 2306 2000
f 2306 2206 2307
f 2306 2308 2001
f 2308 2307 2091
f 2308 2087 2090
f 2307 2203 2309
f 2200 2094 2092
f 2197 2097 2095
f 2180 2112 2109
f 2179 2178 165
f 2176 2115 2113
f 2172 2118 2116
f 2169 2310 2118
f 2166 2125 2310
f 2154 204 2151
f 2084 2085 2090
f 2227 1986 2311
f 1984 2148 2311
f 1977 1964 2312
f 1977 1944 1978
f 2312 1961 1947
f 2312 1947 1945
f 1976 1936 483
f 1318 1250 1248
f 1316 1253 1251
f 1296 1275 1300
f 1293 1279 1275
f 1229 1228 140
f 1223 304 1216
f 1109 1047 1601
f 1104 1057 1053
f 1099 2313 251
f 2313 1096 2314
f 2313 2315 252
f 2316 2317 2318
f 2316 2318 248
f 2316 2315 2319
f 2319 2320 2317
f 2319 2315 2321
f 2319 2321 2322
f 2322 1076 1074
f 2322 2321 1088
f 2322 1088 1076
f 2321 2314 1089
f 2320 1074 2323
f 2318 2324 2325
f 2318 2325 249
f 2317 2323 2324
f 2325 1063 249
f 1040 1034 1597
f 2051 264 1016
f 1621 997 980
f 990 985 980
f 984 23 258
f 1625 968 1629
f 962 977 958
f 1543 945 943
f 931 2326 1524
f 929 2327 2326
f 928 633 2327
f 928 925 635
f 925 922 637
f 922 924 639
f 924 915 641
f 906 903 648
f 900 2328 2329
f 897 896 2328
f 894 658 655
f 911 910 994
f 804 733 117
f 2140 2143 699
f 693 2330 2331
f 693 2332 687
f 693 692 2330
f 2332 2331 2333
f 2332 2334 688
f 2335 2334 2336
f 2335 2337 683
f 2335 683 682
f 2338 2337 2339
f 2338 2340 678
f 2338 678 677
f 2341 2340 2342
f 2341 2343 673
f 2341 673 672
f 2343 2342 2344
f 2343 2345 2346
f 2345 2344 437
f 2345 657 227
f 2342 2347 438
f 2342 2340 2347
f 2339 445 441
f 2339 2337 445
f 2336 450 446
f 2336 2334 450
f 2333 455 451
f 2333 2331 455
f 2348 2349 456
f 2348 2331 2330
f 2348 129 470
f 674 670 56
f 673 2346 668
f 572 3 176
f 572 223 3
f 499 497 325
f 467 460 2349
f 444 104 440
f 424 4 6
f 424 106 4
f 412 364 407
f 404 363 360
f 401 360 69
f 217 216 17
f 2 177 3
f 1 5 2
f 1 6 4
f 7 9 12
f 7 11 8
f 12 469 10
f 13 15 16
f 13 17 18
f 13 19 14
f 20 22 25
f 20 24 21
f 25 259 23
f 26 28 29
f 29 188 30
f 26 31 27
f 32 34 35
f 32 36 37
f 32 38 33
f 39 41 44
f 39 43 40
f 44 209 42
f 45 47 48
f 45 49 50
f 45 51 46
f 53 770 54
f 52 56 53
f 52 57 55
f 59 833 60
f 60 825 61
f 58 62 59
f 64 2282 65
f 65 2297 66
f 63 67 64
f 68 70 73
f 68 72 69
f 68 74 71
f 75 77 79
f 78 1797 76
f 79 1800 78
f 81 503 82
f 83 549 81
f 80 84 83
f 85 87 88
f 88 810 89
f 85 90 86
f 91 93 96
f 91 95 92
f 91 97 94
f 99 1906 100
f 98 101 102
f 102 1851 99
f 104 529 105
f 103 106 426
f 103 108 104
f 109 111 914
f 109 113 114
f 114 988 115
f 115 910 110
f 117 730 118
f 116 119 721
f 116 121 117
f 122 800 120
f 124 696 125
f 123 127 128
f 125 2143 126
f 128 470 129
f 129 2330 124
f 130 132 133
f 133 1786 134
f 130 135 131
f 136 138 140
f 139 1239 137
f 136 141 139
f 142 144 146
f 145 1743 143
f 142 147 145
f 148 150 153
f 148 152 149
f 148 154 151
f 155 157 160
f 155 159 156
f 160 2068 158
f 162 2187 163
f 161 164 165
f 161 166 162
f 168 1443 169
f 167 38 173
f 167 171 168
f 172 1430 170
f 173 1428 172
f 175 569 176
f 174 177 179
f 178 560 175
f 179 533 180
f 180 541 178
f 182 469 183
f 183 1980 184
f 181 185 477
f 186 188 189
f 189 1332 190
f 186 191 1345
f 192 194 195
f 195 2011 196
f 192 197 198
f 198 1954 199
f 199 1999 193
f 201 2311 202
f 200 203 2146
f 200 205 201
f 207 715 208
f 206 209 2052
f 206 211 207
f 213 1032 214
f 212 216 217
f 217 1286 218
f 218 2027 213
f 220 414 221
f 222 580 220
f 223 573 222
f 221 422 224
f 224 6 223
f 226 2346 227
f 227 662 228
f 225 229 226
f 231 1462 232
f 233 1448 234
f 234 1455 231
f 232 1474 235
f 230 34 233
f 237 1174 238
f 236 239 1187
f 236 15 237
f 242 2019 243
f 243 1299 244
f 241 246 242
f 247 249 250
f 250 1102 251
f 247 252 248
f 254 948 255
f 255 954 256
f 256 977 257
f 257 982 258
f 253 259 254
f 261 727 262
f 260 263 1012
f 260 41 261
f 266 1038 267
f 265 268 1050
f 265 270 266
f 272 1753 273
f 274 1751 272
f 275 1830 274
f 273 1755 276
f 271 51 275
f 278 1757 279
f 279 1759 280
f 280 1765 281
f 281 1772 282
f 277 47 278
f 284 1827 285
f 286 1642 284
f 287 1775 286
f 285 1828 288
f 283 49 287
f 290 919 291
f 291 927 292
f 292 935 293
f 289 22 290
f 296 1480 297
f 295 298 299
f 299 1424 300
f 300 1426 301
f 295 36 296
f 302 304 307
f 302 306 303
f 302 308 305
f 310 1146 311
f 309 312 313
f 309 314 310
f 316 1626 317
f 315 318 319
f 319 1627 316
f 321 1374 322
f 320 323 324
f 320 325 321
f 326 328 331
f 326 330 327
f 331 1922 329
f 332 334 337
f 332 336 333
f 337 2290 335
f 338 340 342
f 341 378 339
f 338 343 341
f 343 345 346
f 346 372 341
f 342 347 344
f 342 340 348
f 348 355 349
f 347 350 344
f 350 352 353
f 353 345 344
f 349 354 351
f 354 355 356
f 356 391 357
f 354 358 351
f 358 70 359
f 359 352 351
f 357 74 73
f 359 360 361
f 361 362 352
f 362 363 364
f 364 366 365
f 362 353 352
f 366 368 367
f 365 345 353
f 368 370 369
f 367 346 345
f 370 373 371
f 369 372 346
f 373 591 374
f 371 375 372
f 374 597 376
f 375 377 378
f 378 341 372
f 376 600 379
f 377 380 381
f 381 339 378
f 381 382 383
f 383 340 339
f 383 384 385
f 385 348 340
f 384 387 386
f 385 355 348
f 387 389 388
f 386 356 355
f 389 392 390
f 388 391 356
f 392 615 393
f 390 394 391
f 74 357 391
f 393 396 395
f 394 71 74
f 396 398 397
f 395 72 71
f 398 622 399
f 397 400 72
f 401 69 72
f 399 626 402
f 400 403 401
f 404 360 401
f 402 629 405
f 405 406 404
f 406 363 404
f 406 408 409
f 409 410 407
f 410 412 407
f 410 413 414
f 414 220 411
f 409 408 415
f 413 416 417
f 417 221 414
f 417 418 419
f 419 422 221
f 419 420 421
f 421 423 422
f 423 224 422
f 423 425 426
f 426 106 424
f 421 420 427
f 425 428 429
f 429 103 426
f 428 431 430
f 429 107 103
f 431 647 432
f 430 433 107
f 434 108 107
f 432 651 435
f 433 436 434
f 435 654 437
f 437 2344 438
f 436 439 434
f 440 108 434
f 438 2347 441
f 439 442 440
f 442 444 440
f 442 445 446
f 446 447 443
f 447 449 443
f 447 450 451
f 451 452 448
f 452 454 448
f 452 455 456
f 456 457 453
f 457 459 453
f 456 2349 460
f 457 461 458
f 462 474 458
f 460 467 463
f 461 464 462
f 465 471 462
f 463 466 182
f 182 181 465
f 466 467 468
f 468 11 10
f 466 469 182
f 468 470 128
f 128 127 11
f 472 513 473
f 471 474 462
f 471 475 472
f 476 510 472
f 465 181 477
f 475 478 476
f 479 488 476
f 477 185 480
f 478 481 479
f 480 1972 482
f 481 483 484
f 484 485 479
f 486 495 487
f 485 488 479
f 485 489 486
f 484 483 490
f 489 491 492
f 492 493 486
f 493 495 486
f 493 496 497
f 497 498 494
f 498 499 500
f 500 1384 501
f 498 502 494
f 502 503 504
f 504 495 494
f 501 84 82
f 504 505 506
f 506 487 495
f 506 507 508
f 508 488 487
f 508 509 510
f 510 476 488
f 509 511 512
f 512 514 513
f 513 472 510
f 514 515 516
f 516 518 517
f 514 473 513
f 518 520 519
f 517 474 473
f 520 521 459
f 519 458 474
f 521 522 523
f 523 524 454
f 521 453 459
f 524 525 526
f 526 527 449
f 524 448 454
f 527 528 529
f 529 104 444
f 527 443 449
f 528 531 532
f 532 105 529
f 526 525 530
f 532 2 5
f 5 106 105
f 531 177 2
f 531 533 179
f 525 534 533
f 534 180 533
f 534 523 522
f 522 536 535
f 536 538 535
f 536 520 518
f 518 516 537
f 538 540 541
f 541 180 535
f 537 542 539
f 542 544 539
f 542 516 515
f 515 545 543
f 545 547 543
f 545 512 511
f 511 548 546
f 548 549 546
f 548 507 505
f 505 503 81
f 547 551 552
f 552 544 543
f 546 549 550
f 552 553 554
f 554 555 544
f 555 556 557
f 557 558 540
f 555 539 544
f 557 561 559
f 558 560 178
f 558 541 540
f 561 1400 562
f 559 563 560
f 562 1406 564
f 563 565 566
f 566 175 560
f 566 567 568
f 566 569 175
f 567 575 570
f 568 571 569
f 572 176 569
f 570 574 573
f 573 223 572
f 574 575 576
f 576 578 577
f 574 222 573
f 578 581 579
f 577 580 222
f 581 586 582
f 579 583 580
f 411 220 580
f 582 585 584
f 583 412 411
f 585 368 366
f 584 364 412
f 585 586 587
f 587 370 368
f 586 589 588
f 587 373 370
f 589 592 590
f 588 591 373
f 592 1425 593
f 590 594 591
f 593 1492 595
f 594 596 597
f 597 374 591
f 595 1491 598
f 596 599 600
f 600 376 597
f 598 1497 601
f 599 602 603
f 603 379 600
f 603 604 605
f 605 380 379
f 605 154 606
f 606 382 380
f 606 153 607
f 607 384 382
f 153 150 608
f 607 387 384
f 150 610 609
f 608 389 387
f 610 612 611
f 609 392 389
f 611 613 614
f 611 615 392
f 614 616 617
f 614 618 615
f 396 393 615
f 617 620 619
f 618 398 396
f 620 623 621
f 619 622 398
f 623 1524 624
f 621 625 622
f 626 399 622
f 624 2326 627
f 625 628 626
f 629 402 626
f 627 2327 630
f 628 631 629
f 631 405 629
f 630 633 632
f 632 415 408
f 633 635 634
f 634 416 415
f 635 637 636
f 634 418 416
f 637 639 638
f 636 420 418
f 639 641 640
f 638 427 420
f 641 643 642
f 640 428 427
f 643 645 644
f 642 431 428
f 645 648 646
f 644 647 431
f 648 2329 649
f 646 650 647
f 651 432 647
f 649 2328 652
f 650 653 651
f 654 435 651
f 652 896 655
f 653 656 654
f 657 437 654
f 656 658 659
f 659 662 657
f 659 660 661
f 661 228 662
f 661 663 664
f 664 229 228
f 664 665 666
f 666 667 229
f 667 226 229
f 667 669 670
f 670 671 668
f 671 673 668
f 671 674 675
f 675 676 672
f 676 678 672
f 676 679 680
f 680 681 677
f 681 683 677
f 681 684 685
f 685 686 682
f 686 688 682
f 686 689 690
f 690 691 687
f 691 693 687
f 690 885 694
f 691 695 692
f 696 124 692
f 694 886 697
f 695 698 696
f 699 125 696
f 697 887 700
f 698 701 699
f 702 2140 699
f 700 888 703
f 701 704 702
f 705 2137 702
f 703 889 706
f 704 707 705
f 708 2133 705
f 706 891 709
f 707 710 708
f 711 2130 708
f 709 717 712
f 710 713 711
f 714 2124 711
f 712 716 715
f 713 207 714
f 716 717 718
f 718 720 719
f 716 208 715
f 720 43 42
f 719 209 208
f 720 721 119
f 119 722 43
f 723 725 724
f 722 40 43
f 722 118 723
f 725 727 261
f 724 41 40
f 726 1005 727
f 725 728 726
f 729 1002 726
f 723 118 730
f 728 731 729
f 732 999 729
f 730 117 733
f 731 734 732
f 735 996 732
f 733 804 736
f 734 737 735
f 738 993 735
f 736 863 739
f 737 740 738
f 741 994 738
f 739 861 742
f 740 743 741
f 744 911 741
f 742 860 745
f 743 746 744
f 747 908 744
f 745 859 748
f 746 749 747
f 750 904 747
f 748 858 751
f 749 752 750
f 753 902 750
f 751 857 754
f 752 755 753
f 756 899 753
f 754 856 757
f 755 758 756
f 758 760 756
f 757 855 761
f 761 762 759
f 762 764 759
f 762 765 766
f 766 767 763
f 767 665 763
f 767 769 770
f 770 53 768
f 766 765 771
f 771 774 772
f 769 54 770
f 772 57 54
f 774 775 773
f 776 882 773
f 774 831 777
f 775 778 776
f 779 880 776
f 777 832 780
f 778 781 779
f 782 877 779
f 780 835 783
f 781 784 782
f 785 874 782
f 783 838 786
f 784 787 785
f 788 871 785
f 786 841 789
f 787 790 788
f 790 792 788
f 789 844 793
f 793 794 791
f 794 796 791
f 794 797 798
f 798 799 795
f 799 800 795
f 799 801 802
f 802 121 120
f 802 804 121
f 801 805 803
f 806 863 803
f 801 862 807
f 805 808 806
f 809 861 806
f 807 89 810
f 808 811 809
f 812 860 809
f 810 88 813
f 811 814 812
f 815 859 812
f 813 851 816
f 814 817 815
f 818 858 815
f 816 850 819
f 817 820 818
f 821 857 818
f 819 853 822
f 820 823 821
f 824 856 821
f 822 61 825
f 823 826 824
f 827 855 824
f 826 60 828
f 828 829 827
f 771 765 827
f 829 830 831
f 829 774 771
f 832 777 831
f 828 60 833
f 830 834 832
f 835 780 832
f 833 59 836
f 834 837 835
f 838 783 835
f 836 854 839
f 837 840 838
f 841 786 838
f 839 848 842
f 840 843 841
f 844 789 841
f 842 847 845
f 843 846 844
f 797 793 844
f 845 86 90
f 90 862 797
f 847 87 86
f 847 848 849
f 849 851 87
f 850 816 851
f 849 852 850
f 853 819 850
f 848 839 854
f 852 62 853
f 854 59 62
f 827 761 855
f 855 757 856
f 853 62 61
f 856 754 857
f 857 751 858
f 851 88 87
f 858 748 859
f 859 745 860
f 860 742 861
f 862 90 89
f 862 798 797
f 861 739 863
f 863 736 804
f 796 865 866
f 866 792 791
f 795 800 864
f 865 888 867
f 866 868 792
f 867 887 869
f 868 870 871
f 871 788 792
f 869 886 872
f 870 873 874
f 874 785 871
f 872 885 875
f 873 876 877
f 877 782 874
f 875 689 878
f 876 879 880
f 880 779 877
f 878 684 881
f 881 883 882
f 882 776 880
f 883 679 884
f 884 55 57
f 883 773 882
f 884 675 674
f 674 56 55
f 881 680 679
f 689 685 684
f 885 690 689
f 886 694 885
f 887 697 886
f 888 700 887
f 889 703 888
f 865 890 889
f 891 706 889
f 890 800 122
f 890 892 891
f 717 709 891
f 122 116 721
f 892 718 717
f 768 666 665
f 53 56 669
f 764 660 893
f 893 760 759
f 763 665 663
f 893 658 894
f 894 895 760
f 895 896 897
f 895 898 899
f 895 756 760
f 897 2328 900
f 898 901 902
f 902 753 899
f 900 2329 903
f 903 905 904
f 904 750 902
f 905 906 907
f 907 909 908
f 908 747 904
f 909 111 110
f 909 910 911
f 911 744 908
f 907 912 111
f 645 643 913
f 912 914 111
f 912 648 645
f 643 641 915
f 913 916 914
f 915 924 917
f 916 918 112
f 112 109 914
f 917 921 919
f 918 290 920
f 920 113 112
f 920 22 21
f 21 24 113
f 922 925 923
f 921 291 919
f 921 924 922
f 925 928 926
f 923 927 291
f 928 2327 929
f 926 930 927
f 929 2326 931
f 930 932 933
f 933 292 927
f 932 936 934
f 933 935 292
f 936 1526 937
f 934 938 935
f 937 1532 939
f 938 940 941
f 941 293 935
f 941 942 943
f 943 944 293
f 294 289 293
f 944 945 946
f 944 947 294
f 25 22 294
f 947 948 254
f 254 259 25
f 946 949 948
f 945 1543 950
f 949 951 952
f 952 255 948
f 951 955 953
f 952 954 255
f 955 1553 956
f 953 957 954
f 958 256 954
f 956 1557 959
f 957 960 958
f 960 962 958
f 960 963 964
f 964 965 961
f 965 966 967
f 967 1629 968
f 965 969 961
f 968 1625 970
f 969 971 972
f 972 962 961
f 972 973 974
f 974 977 962
f 974 975 976
f 976 257 977
f 976 978 979
f 979 982 257
f 979 980 981
f 981 983 982
f 984 258 982
f 983 985 986
f 986 987 984
f 987 23 984
f 987 988 114
f 114 113 24
f 986 989 988
f 989 990 991
f 991 993 992
f 989 115 988
f 993 738 994
f 992 910 115
f 991 995 996
f 996 735 993
f 990 980 997
f 995 998 999
f 999 732 996
f 997 1621 1000
f 998 1001 1002
f 1002 729 999
f 1000 1620 1003
f 1001 1004 1005
f 1005 726 1002
f 1003 1007 1006
f 1004 263 262
f 262 727 1005
f 1007 1614 1008
f 1006 1009 263
f 1008 1609 1010
f 1010 1013 1011
f 1009 1012 263
f 1013 1585 1014
f 1011 1015 1012
f 1016 260 1012
f 1014 1588 1017
f 1015 1018 1016
f 1019 2051 1016
f 1017 1591 1020
f 1018 1021 1019
f 1022 2049 1019
f 1020 1594 1023
f 1021 1024 1022
f 1025 2046 1022
f 1023 1597 1026
f 1024 1027 1025
f 1028 2042 1025
f 1026 1034 1029
f 1027 1030 1028
f 1031 2036 1028
f 1029 1033 214
f 1030 1032 1031
f 1033 1034 1035
f 1033 1036 215
f 215 212 214
f 1036 1037 1038
f 1038 266 1039
f 1036 216 215
f 266 270 19
f 1039 18 216
f 1035 1034 1040
f 1037 1041 1042
f 1042 267 1038
f 1042 1043 1044
f 1044 268 267
f 1043 1601 1045
f 1044 1046 268
f 1046 1047 1048
f 1048 1053 1049
f 1046 1050 268
f 1049 1052 1050
f 1053 1054 1051
f 1054 1056 1051
f 1054 1057 1058
f 1058 1059 1055
f 1059 1061 1055
f 1059 1062 1063
f 1063 1064 1060
f 1065 1159 1060
f 1063 2325 1066
f 1064 1067 1065
f 1068 1156 1065
f 1066 2324 1069
f 1067 1070 1068
f 1071 1153 1068
f 1069 2323 1072
f 1070 1073 1071
f 313 312 1071
f 1073 1074 1075
f 1075 314 313
f 1075 1076 1077
f 1077 1078 314
f 1079 1139 1080
f 1078 310 314
f 1078 1081 1079
f 1082 1135 1079
f 1077 1076 1083
f 1081 1084 1082
f 1084 1086 1082
f 1083 1088 1087
f 1087 93 1085
f 1087 1089 1090
f 1090 96 93
f 1090 1091 1092
f 1092 97 96
f 1093 1120 97
f 1092 1094 1093
f 1095 1117 1093
f 1091 2314 1096
f 1094 1097 1095
f 1098 1114 1095
f 1096 2313 1099
f 1097 1100 1098
f 1101 1108 1098
f 1099 251 1102
f 1100 1103 1101
f 1104 1106 1101
f 1102 250 1105
f 1103 1057 1104
f 1105 1058 1057
f 250 249 1062
f 1047 1109 1107
f 1106 1108 1101
f 1106 1048 1047
f 1109 1600 1110
f 1107 1111 1108
f 1110 1603 1112
f 1111 1113 1114
f 1114 1098 1108
f 1112 1605 1115
f 1113 1116 1117
f 1117 1095 1114
f 1115 1607 1118
f 1116 1119 1120
f 1120 1093 1117
f 1118 1122 1121
f 1119 95 94
f 94 97 1120
f 1121 1123 1124
f 1124 1125 95
f 1125 1126 1127
f 1127 1129 1128
f 1125 92 95
f 1129 1086 1085
f 1128 93 92
f 1129 1130 1131
f 1131 1132 1086
f 1132 1133 1134
f 1134 1136 1135
f 1132 1082 1086
f 1136 1137 1138
f 1138 1140 1139
f 1139 1079 1135
f 1140 1141 1142
f 1140 1143 1144
f 1144 1080 1139
f 1144 1145 1146
f 1146 310 1080
f 1143 1632 1147
f 1145 1148 1149
f 1149 311 1146
f 1149 1150 1151
f 1151 312 311
f 1151 1152 1153
f 1153 1071 312
f 1150 1637 1154
f 1152 1155 1156
f 1156 1068 1153
f 1154 1641 1157
f 1155 1158 1159
f 1159 1065 1156
f 1157 1644 1160
f 1160 1161 1061
f 1158 1060 1159
f 1161 1162 1163
f 1163 1164 1056
f 1161 1055 1061
f 1164 1165 1166
f 1166 1167 1052
f 1164 1051 1056
f 1167 1168 1169
f 1167 269 265
f 1167 1050 1052
f 1169 1170 1171
f 1169 1172 269
f 1172 1173 1174
f 1174 237 1175
f 1175 270 269
f 237 15 14
f 14 19 270
f 1173 1177 1178
f 1178 238 1174
f 1171 1170 1176
f 1178 1179 1180
f 1180 239 238
f 1180 1181 1182
f 1182 1183 239
f 1183 1184 1185
f 1185 1190 1186
f 1183 1187 239
f 1186 1189 1187
f 1190 1191 1188
f 1191 1193 1188
f 1191 1194 1195
f 1195 1196 1192
f 1196 1198 1192
f 1196 1199 1200
f 1200 1201 1197
f 1202 1270 1197
f 1201 1203 1204
f 1201 1205 1202
f 1206 1265 1202
f 1204 1208 1207
f 1205 308 1206
f 1207 1209 1210
f 1210 305 308
f 1210 1211 1212
f 1212 306 305
f 1212 1213 1214
f 1214 1215 306
f 1215 303 306
f 1215 1217 1218
f 1218 1219 1216
f 1219 1221 1222
f 1219 1223 1216
f 1218 1224 1220
f 1218 1217 1225
f 1225 1232 1226
f 1224 1227 1220
f 1227 1229 1230
f 1230 1221 1220
f 1226 1231 1228
f 1231 1232 1233
f 1233 1235 1234
f 1231 141 1228
f 1235 1237 1236
f 1234 139 141
f 1237 1240 1238
f 1236 1239 139
f 1240 1699 1241
f 1238 1242 1239
f 1243 137 1239
f 1241 1464 1244
f 1242 1245 1243
f 1244 1460 1246
f 1245 1247 1248
f 1248 1249 1243
f 1249 1250 1251
f 1251 1252 138
f 1249 137 1243
f 1252 1253 1254
f 1252 1230 1229
f 1229 140 138
f 1254 1255 1256
f 1254 1221 1230
f 1256 1257 1258
f 1256 1222 1221
f 1258 1259 1260
f 1260 1223 1222
f 1260 1261 1262
f 1262 304 1223
f 1262 1263 1264
f 1264 307 304
f 1264 1265 1206
f 1206 308 307
f 1261 1308 1266
f 1263 1267 1265
f 1266 1304 1268
f 1267 1269 1270
f 1270 1202 1265
f 1268 1301 1271
f 1269 1272 1198
f 1198 1197 1270
f 1271 1300 1273
f 1273 1274 1193
f 1272 1192 1198
f 1274 1275 1276
f 1276 1277 1189
f 1274 1188 1193
f 1276 1279 1278
f 1277 240 236
f 1277 1187 1189
f 1278 1280 1281
f 1278 1282 240
f 1282 1283 1284
f 1282 17 16
f 16 15 240
f 1284 1285 1286
f 1286 217 17
f 1287 2022 1288
f 1285 218 1286
f 1283 1289 1287
f 1290 2012 1287
f 1289 1281 1280
f 1289 1291 1290
f 1292 2013 1290
f 1291 1279 1293
f 1291 1294 1292
f 1295 2016 1292
f 1293 1275 1296
f 1294 1297 1295
f 243 2019 1295
f 1296 1300 1298
f 1297 1299 243
f 1300 1271 1301
f 1298 1302 1299
f 1303 244 1299
f 1301 1268 1304
f 1302 1305 1303
f 1305 1307 1303
f 1304 1266 1308
f 1308 1309 1306
f 1309 1311 1306
f 1308 1261 1259
f 1309 1257 1310
f 1311 1313 1314
f 1314 1307 1306
f 1310 1315 1312
f 1316 1317 1312
f 1310 1257 1255
f 1315 1253 1316
f 1318 1320 1319
f 1317 1313 1312
f 1317 1250 1318
f 1320 1456 1321
f 1319 1322 1313
f 1321 1833 1323
f 1323 1325 1324
f 1322 1314 1313
f 1325 1327 1326
f 1324 1307 1314
f 1327 241 244
f 1326 1303 1307
f 1325 1329 1328
f 1327 245 241
f 1329 1337 1330
f 1328 1331 245
f 1330 1334 1332
f 1332 189 1333
f 1333 246 245
f 1333 188 29
f 29 28 246
f 1335 1338 1336
f 1336 190 1332
f 1334 1337 1335
f 1338 1340 1339
f 1339 191 190
f 1340 1844 1341
f 1339 1342 191
f 1341 1850 1343
f 1343 1348 1344
f 1342 1345 191
f 1344 1347 1345
f 1348 1349 1346
f 1349 1351 1346
f 1349 1352 1353
f 1353 1354 1350
f 1354 1356 1350
f 1354 1357 1358
f 1358 1359 1355
f 1359 1361 1355
f 1358 1857 1362
f 1362 1363 1360
f 1363 1365 1360
f 1362 1860 1366
f 1366 1367 1364
f 1367 1369 1364
f 1367 1370 1371
f 1371 1374 1368
f 1371 1372 1373
f 1373 322 1374
f 1373 1375 1376
f 1376 323 322
f 1376 1377 1378
f 1376 1379 323
f 1380 324 323
f 1378 1872 1381
f 1379 1382 1380
f 500 499 1380
f 1381 1385 1383
f 1382 1384 500
f 1385 1390 1386
f 1383 1387 1384
f 84 501 1384
f 1386 1389 1388
f 1387 83 84
f 1389 551 550
f 1388 549 83
f 1389 1390 1391
f 1391 553 551
f 1391 1392 1393
f 1393 1394 553
f 1394 1395 1396
f 1396 1397 556
f 1394 554 553
f 1397 1398 1399
f 1397 1400 561
f 1397 557 556
f 1399 1401 1402
f 1399 1403 1400
f 1403 1404 1405
f 1405 1407 1406
f 1406 562 1400
f 1407 1408 1409
f 1409 1411 1410
f 1410 564 1406
f 1411 1413 1412
f 1412 565 564
f 1413 1415 1414
f 1412 567 565
f 1414 1416 1417
f 1417 575 567
f 1417 1418 1419
f 1419 576 575
f 1419 1420 1421
f 1421 578 576
f 1421 1422 1423
f 1423 581 578
f 1423 592 589
f 589 586 581
f 1420 300 1424
f 1422 1425 592
f 1418 1426 300
f 1416 1427 1426
f 1427 1415 1428
f 1428 173 1429
f 1429 301 1426
f 173 38 37
f 37 36 301
f 1413 172 1428
f 1413 1430 172
f 1411 1431 1430
f 1409 1408 1432
f 1431 1433 1434
f 1434 170 1430
f 1434 1435 1436
f 1436 171 170
f 1435 1894 1437
f 1436 1438 171
f 1437 1899 1439
f 1439 1441 1440
f 1438 168 171
f 1441 1444 1442
f 1440 1443 168
f 1444 1450 1445
f 1442 1446 1443
f 1447 169 1443
f 1445 1449 1448
f 1448 233 1447
f 1449 1450 1451
f 1451 1453 1452
f 1449 234 1448
f 1453 1456 1454
f 1452 1455 234
f 1456 1320 1457
f 1454 1458 1455
f 1459 231 1455
f 1457 1247 1246
f 1458 1460 1459
f 1459 1462 231
f 1460 1463 1461
f 1460 1244 1464
f 1464 1702 1465
f 1463 1466 1461
f 1465 1704 1467
f 1466 1468 1469
f 1469 1462 1461
f 1469 1470 1471
f 1471 232 1462
f 1471 1472 1473
f 1471 1474 232
f 1473 1475 1476
f 1476 1477 1474
f 1478 235 1474
f 1477 1479 1480
f 1480 296 1478
f 1479 1475 1481
f 1481 1483 1482
f 1482 297 1480
f 1483 1485 1484
f 1482 298 297
f 1485 1726 1486
f 1484 1487 298
f 1487 299 298
f 1486 1490 1489
f 1489 1492 1488
f 1490 1493 1491
f 1491 595 1492
f 1493 1494 1495
f 1493 1496 1497
f 1497 598 1491
f 1496 1498 1499
f 1499 1501 1500
f 1500 601 1497
f 1501 1503 1502
f 1502 602 601
f 1503 1505 1504
f 1502 604 602
f 1505 152 151
f 151 154 604
f 1505 1506 1507
f 1507 1508 152
f 1508 1509 1510
f 1510 1512 1511
f 1508 149 152
f 1512 612 610
f 610 150 149
f 1512 1513 1514
f 1514 613 612
f 1514 1515 1516
f 1516 616 613
f 1516 1517 1518
f 1518 1519 616
f 1519 617 616
f 1519 1520 1521
f 1519 623 620
f 1521 1522 1523
f 1521 1524 623
f 1523 936 932
f 1523 931 1524
f 1520 1527 1525
f 1522 1526 936
f 1527 1741 1528
f 1525 1529 1526
f 1529 1530 1531
f 1531 1533 1532
f 1532 937 1526
f 1533 1534 1535
f 1535 1537 1536
f 1533 939 1532
f 1537 1539 1538
f 1536 940 939
f 1539 1541 1540
f 1538 942 940
f 1541 1544 1542
f 1540 1543 942
f 1544 1546 1545
f 1542 950 1543
f 1546 1548 1547
f 1545 951 950
f 1547 1549 1550
f 1547 955 951
f 1550 1551 1552
f 1550 1553 955
f 1552 1554 1555
f 1552 1556 1553
f 1557 956 1553
f 1555 1631 1558
f 1556 1559 1557
f 963 959 1557
f 1558 1630 1560
f 1560 1561 963
f 1561 964 963
f 1561 1141 1562
f 1562 1563 966
f 1563 967 966
f 1563 1137 1565
f 1565 1566 1564
f 1566 1568 1564
f 1566 1133 1569
f 1569 1570 1567
f 1570 318 1567
f 1570 1130 1572
f 1572 1573 1571
f 1573 1575 1571
f 1573 1126 1576
f 1576 1577 1574
f 1577 1579 1574
f 1577 1123 1580
f 1580 1581 1578
f 1582 1608 1578
f 1580 1606 1583
f 1581 1584 1582
f 1585 1013 1582
f 1583 1604 1586
f 1584 1587 1585
f 1588 1014 1585
f 1586 1602 1589
f 1587 1590 1588
f 1591 1017 1588
f 1589 1599 1592
f 1590 1593 1591
f 1594 1020 1591
f 1592 1598 1595
f 1593 1596 1594
f 1597 1023 1594
f 1595 1043 1041
f 1596 1040 1597
f 1598 1601 1043
f 1598 1599 1600
f 1600 1109 1601
f 1599 1602 1603
f 1603 1110 1600
f 1602 1604 1605
f 1605 1112 1603
f 1604 1606 1607
f 1607 1115 1605
f 1580 1123 1122
f 1122 1118 1607
f 1608 1609 1610
f 1610 1579 1578
f 1608 1013 1010
f 1611 1628 1579
f 1610 1612 1611
f 1613 1624 1611
f 1609 1008 1614
f 1612 1615 1613
f 1616 1622 1613
f 1614 1007 1617
f 1615 1618 1616
f 973 971 1616
f 1617 1620 1619
f 1618 975 973
f 1620 1000 1621
f 1619 978 975
f 1007 1003 1620
f 970 1625 1623
f 1622 1624 1613
f 1616 971 970
f 1623 1626 316
f 1623 1627 1624
f 1624 1628 1611
f 1627 319 1575
f 1628 1574 1579
f 1576 1124 1123
f 319 318 1571
f 1572 1127 1126
f 1569 1131 1130
f 1568 1626 1629
f 1629 967 1564
f 1567 318 317
f 1565 1134 1133
f 1562 1138 1137
f 1560 1142 1141
f 1630 1631 1632
f 1632 1143 1142
f 1555 1554 1633
f 1633 1147 1632
f 1554 1635 1634
f 1634 1148 1147
f 1634 1636 1637
f 1637 1150 1148
f 1636 1638 1639
f 1636 1640 1641
f 1641 1154 1637
f 1639 284 1642
f 1640 1643 1644
f 1644 1157 1641
f 1642 286 1645
f 1645 1646 1162
f 1162 1160 1644
f 1646 1647 1648
f 1648 1649 1165
f 1646 1163 1162
f 1649 1650 1651
f 1651 1170 1168
f 1649 1166 1165
f 1651 1652 1653
f 1653 1176 1170
f 1653 1654 1655
f 1655 1177 1176
f 1655 1656 1657
f 1657 1179 1177
f 1657 1658 1659
f 1659 1181 1179
f 1659 1660 1661
f 1661 1662 1181
f 1662 1663 1664
f 1664 1665 1184
f 1662 1182 1181
f 1665 1666 1667
f 1667 1669 1668
f 1665 1185 1184
f 1668 1190 1185
f 1669 1670 1194
f 1670 1195 1194
f 1670 1671 1672
f 1672 1673 1199
f 1673 1200 1199
f 1673 1674 1675
f 1675 1676 1203
f 1676 1204 1203
f 1676 1677 1678
f 1678 1209 1208
f 1678 1679 1680
f 1680 1211 1209
f 1680 1681 1682
f 1682 1213 1211
f 1682 1683 1684
f 1684 1685 1213
f 1685 1214 1213
f 1685 1686 1687
f 1687 1225 1217
f 1687 1688 1689
f 1687 1232 1225
f 1688 1691 1690
f 1689 1233 1232
f 1691 1693 1692
f 1690 1235 1233
f 1693 1695 1694
f 1692 1237 1235
f 1695 1697 1696
f 1694 1240 1237
f 1697 1700 1698
f 1696 1699 1240
f 1700 1703 1701
f 1698 1702 1699
f 1703 1705 1704
f 1704 1465 1702
f 1705 1706 1707
f 1707 1709 1708
f 1705 1467 1704
f 1709 1711 1710
f 1708 1468 1467
f 1711 1713 1712
f 1710 1470 1468
f 1713 1715 1714
f 1712 1472 1470
f 1715 1717 1716
f 1714 1475 1472
f 1716 1718 1719
f 1716 1481 1475
f 1719 1720 1721
f 1719 1483 1481
f 1721 1722 1723
f 1721 1485 1483
f 1723 1724 1725
f 1723 1726 1485
f 1725 1727 1728
f 1725 1494 1726
f 1728 1729 1498
f 1728 1495 1494
f 1727 1754 1730
f 1730 1732 1731
f 1729 1499 1498
f 1732 1734 1733
f 1731 1501 1499
f 1734 1735 1506
f 1733 1503 1501
f 1735 1736 1737
f 1737 1738 1509
f 1735 1507 1506
f 1738 147 1739
f 1739 1515 1513
f 1738 1510 1509
f 1739 146 1740
f 1740 1517 1515
f 1740 144 1741
f 1741 1527 1517
f 1737 145 147
f 1734 1732 1742
f 1736 1743 145
f 1732 1730 1744
f 1742 1745 1743
f 1744 1748 1746
f 1745 1534 1747
f 1747 143 1743
f 1530 144 143
f 1747 1531 1530
f 1748 1750 1749
f 1746 1535 1534
f 1750 272 1751
f 1749 1537 1535
f 1748 1754 1752
f 1750 1753 272
f 1752 1722 1753
f 1754 1727 1724
f 1748 1730 1754
f 1720 273 1753
f 1720 1755 273
f 1718 1756 1755
f 1756 1715 1757
f 1757 278 1758
f 1758 276 1755
f 278 47 46
f 46 51 276
f 1713 279 1757
f 1713 1759 279
f 1711 1760 1759
f 1709 1707 1761
f 1760 1762 1763
f 1763 280 1759
f 1762 1766 1764
f 1763 1765 280
f 1766 1776 1767
f 1764 1768 1765
f 1767 1658 1656
f 1768 1654 1769
f 1769 281 1765
f 1769 1652 1770
f 1770 1772 281
f 1770 1650 1771
f 1771 1773 1772
f 1774 282 1772
f 1773 1647 1775
f 1775 287 1774
f 48 47 282
f 287 49 48
f 1771 1648 1647
f 1776 1660 1658
f 1776 1777 1778
f 1778 1779 1660
f 1779 1780 1781
f 1781 1782 1663
f 1779 1661 1660
f 1782 1783 1784
f 1784 1785 1666
f 1782 1664 1663
f 1785 1786 133
f 133 132 1787
f 1785 1667 1666
f 132 1788 1671
f 1787 1669 1667
f 1788 1672 1671
f 1788 131 1789
f 1789 1790 1674
f 1790 1675 1674
f 1790 1791 1792
f 1792 1679 1677
f 1791 1794 1793
f 1793 1681 1679
f 1793 1795 1796
f 1796 1683 1681
f 1796 76 1797
f 1797 1798 1683
f 1798 1684 1683
f 1798 78 1799
f 1799 1688 1686
f 1799 1800 1801
f 1801 1691 1688
f 1801 1802 1803
f 1801 1693 1691
f 1803 1804 1805
f 1803 1695 1693
f 1805 1806 1807
f 1805 1697 1695
f 1807 1808 1809
f 1807 1700 1697
f 1809 1810 1706
f 1809 1703 1700
f 1808 1812 1811
f 1810 1762 1761
f 1810 1707 1706
f 1812 1813 1777
f 1811 1766 1762
f 1813 1814 1815
f 1815 1816 1780
f 1813 1778 1777
f 1816 1817 1818
f 1818 1819 1783
f 1816 1781 1780
f 1819 1820 1821
f 1821 134 1786
f 1819 1784 1783
f 1821 1822 1823
f 1823 135 134
f 1823 1795 1794
f 1794 1791 135
f 1822 76 1795
f 1820 1824 77
f 1824 79 77
f 1824 1818 1817
f 1817 1826 1825
f 1826 1802 1825
f 1826 1815 1814
f 1814 1806 1804
f 1825 1800 79
f 1812 1808 1806
f 1791 131 135
f 1645 286 1775
f 1639 1827 284
f 1638 1549 1827
f 1635 1554 1551
f 1548 285 1827
f 1548 1828 285
f 1546 1829 1828
f 1544 1541 1830
f 1830 275 1831
f 1831 288 1828
f 275 51 50
f 50 49 288
f 1541 274 1830
f 1539 1751 274
f 1528 1741 144
f 1527 1518 1517
f 1490 1486 1726
f 1488 1424 299
f 1492 593 1425
f 35 34 235
f 296 36 35
f 1464 1241 1699
f 1320 1318 1247
f 1453 1832 1833
f 1833 1321 1456
f 1451 1450 1834
f 1832 1835 1836
f 1836 1323 1833
f 1836 1337 1329
f 1329 1325 1323
f 1834 1838 1837
f 1835 1335 1337
f 1838 1840 1839
f 1837 1338 1335
f 1840 1842 1841
f 1839 1340 1338
f 1842 1845 1843
f 1841 1844 1340
f 1845 1898 1846
f 1843 1847 1844
f 1846 1903 1848
f 1847 1849 1850
f 1850 1341 1844
f 1849 99 1851
f 1851 1853 1852
f 1852 1343 1850
f 1852 1348 1343
f 1853 1854 1352
f 1854 1353 1352
f 1853 1913 1855
f 1854 1856 1357
f 1857 1358 1357
f 1855 1912 1858
f 1856 1859 1857
f 1860 1362 1857
f 1858 1915 1861
f 1859 1862 1860
f 1370 1366 1860
f 1861 1864 1863
f 1863 1372 1370
f 1863 1865 1866
f 1866 1375 1372
f 1866 1867 1868
f 1868 1377 1375
f 1868 1869 1870
f 1870 1871 1377
f 1871 1378 1377
f 1871 1873 1874
f 1871 1875 1872
f 1385 1381 1872
f 1874 1876 1392
f 1875 1390 1385
f 1876 1873 1877
f 1877 1878 1395
f 1876 1393 1392
f 1878 1879 1880
f 1880 1401 1398
f 1878 1396 1395
f 1880 1881 1882
f 1882 1883 1401
f 1883 1884 1885
f 1885 1886 1404
f 1883 1402 1401
f 1886 1887 1888
f 1888 1432 1408
f 1886 1405 1404
f 1888 1889 1890
f 1890 1433 1432
f 1890 1891 1892
f 1892 1435 1433
f 1891 1895 1893
f 1892 1894 1435
f 1895 1901 1896
f 1893 1897 1894
f 1896 1900 1898
f 1897 1845 1899
f 1899 1437 1894
f 1900 1901 1902
f 1902 1906 1903
f 1903 1846 1898
f 1902 1904 1905
f 1905 100 1906
f 1905 1907 1908
f 1908 101 100
f 1908 1909 1910
f 1910 1911 101
f 1912 1855 1913
f 1911 102 101
f 1911 1914 1912
f 1915 1858 1912
f 1910 1909 1916
f 1914 1917 1915
f 1864 1861 1915
f 1916 1919 1918
f 1917 1865 1864
f 1918 1920 1921
f 1921 1867 1865
f 1921 1922 1923
f 1923 1869 1867
f 1923 331 1924
f 1924 1925 1869
f 1925 1870 1869
f 1925 1881 1879
f 1925 1877 1873
f 1924 328 1881
f 1920 1926 1927
f 1920 329 1922
f 1927 1928 1929
f 1927 330 329
f 1929 1930 1931
f 1931 1932 330
f 1933 327 330
f 1932 1891 1889
f 1932 1887 1933
f 1884 328 327
f 1933 1885 1884
f 1931 1895 1891
f 1928 1907 1904
f 1930 1901 1895
f 1926 1909 1907
f 1919 1916 1909
f 1882 1881 328
f 1913 1851 102
f 1848 1906 99
f 1845 1439 1899
f 1842 1441 1439
f 1840 1444 1441
f 1838 1450 1444
f 33 38 169
f 233 34 33
f 499 325 324
f 1369 490 1934
f 1934 1365 1364
f 1368 1935 491
f 1935 492 491
f 1935 1374 321
f 321 325 496
f 1934 483 1936
f 1936 1937 1365
f 1936 1976 1938
f 1937 1939 1361
f 1937 1360 1365
f 1938 1975 1940
f 1939 1941 1356
f 1356 1355 1361
f 1940 1978 1942
f 1942 1943 1351
f 1941 1350 1356
f 1943 1944 1945
f 1945 1946 1347
f 1943 1346 1351
f 1946 1947 1948
f 1946 187 186
f 1946 1345 1347
f 1948 1949 1950
f 1948 1951 187
f 1951 1952 1953
f 1953 31 30
f 1951 188 187
f 1953 1954 198
f 198 197 31
f 1952 1956 1954
f 1950 1949 1955
f 1957 1994 1958
f 1958 199 1954
f 1956 1959 1957
f 1960 1991 1957
f 1955 1949 1961
f 1959 1962 1960
f 1963 1988 1960
f 1961 2312 1964
f 1962 1965 1963
f 1966 1982 1963
f 1964 1977 1967
f 1965 1968 1966
f 1969 1979 1966
f 1967 1974 1970
f 1968 1971 1969
f 185 184 1969
f 1970 1973 1972
f 1971 480 185
f 1973 1974 1975
f 1975 1938 1976
f 1973 482 1972
f 1974 1977 1978
f 1978 1940 1975
f 1980 1983 1981
f 1979 1982 1966
f 1979 184 1980
f 1983 2148 1984
f 1981 1985 1982
f 1984 2311 1986
f 1985 1987 1988
f 1988 1963 1982
f 1986 2227 1989
f 1987 1990 1991
f 1991 1960 1988
f 1989 2226 1992
f 1990 1993 1994
f 1994 1957 1991
f 1992 2215 1995
f 1993 1996 1997
f 1997 1958 1994
f 1997 1998 1999
f 1999 199 1958
f 1996 2212 2000
f 1998 2001 2002
f 2002 193 1999
f 2001 2004 2003
f 2002 194 193
f 2004 2090 2005
f 2003 2006 194
f 2005 2085 2007
f 2007 2009 2008
f 2006 195 194
f 2009 2012 2010
f 2008 2011 195
f 2012 1290 2013
f 2010 2014 2011
f 2015 196 2011
f 2013 1292 2016
f 2014 2017 2015
f 2018 2020 2015
f 2016 1295 2019
f 2017 242 2018
f 27 31 197
f 2020 196 2015
f 2018 28 27
f 242 246 28
f 2009 2021 2022
f 2022 1287 2012
f 2007 2085 2023
f 2021 2024 2025
f 2025 1288 2022
f 2025 2026 2027
f 2027 218 1288
f 2024 2082 2028
f 2026 2029 2030
f 2030 213 2027
f 2029 2032 2031
f 2030 1032 213
f 2032 2034 2033
f 2031 1031 1032
f 2034 2037 2035
f 2033 2036 1031
f 2037 2064 2038
f 2035 2039 2036
f 2038 2060 2040
f 2039 2041 2042
f 2042 1028 2036
f 2041 2043 2044
f 2041 2045 2046
f 2046 1025 2042
f 2044 2053 2047
f 2045 2048 2049
f 2049 1022 2046
f 2047 2052 2050
f 2050 264 2051
f 2051 1019 2049
f 2052 209 44
f 44 41 264
f 2053 206 2052
f 2053 210 206
f 2044 2043 2054
f 2054 2056 210
f 2043 2057 2055
f 2057 2059 2055
f 2057 2040 2060
f 2060 2061 2058
f 2061 2063 2058
f 2060 2038 2064
f 2061 2065 2062
f 157 2110 2062
f 2064 2037 2066
f 2065 160 157
f 2037 2034 2067
f 2066 2068 160
f 2034 2032 2069
f 2067 2070 2068
f 2070 2072 2073
f 2073 158 2068
f 2069 2074 2071
f 2074 2076 2071
f 2074 2032 2029
f 2029 2028 2075
f 2076 2078 2079
f 2079 2072 2071
f 2075 2080 2077
f 2081 2089 2077
f 2075 2028 2082
f 2080 2083 2081
f 2084 2086 2081
f 2082 2024 2023
f 2083 2085 2084
f 2087 2091 2088
f 2086 2089 2081
f 2086 2090 2087
f 2091 2309 2092
f 2092 2093 2089
f 2093 2094 2095
f 2095 2096 2078
f 2093 2077 2089
f 2096 2097 2098
f 2098 2100 2099
f 2096 2079 2078
f 2100 2102 2101
f 2099 2072 2079
f 2102 2104 2103
f 2101 2073 2072
f 2104 2105 159
f 2103 158 2073
f 2105 2106 2107
f 2107 2109 2108
f 2105 156 159
f 2109 2111 2110
f 2108 157 156
f 2111 2112 2113
f 2113 2114 2063
f 2111 2062 2110
f 2114 2115 2116
f 2116 2117 2059
f 2114 2058 2063
f 2117 2118 2119
f 2119 2120 2056
f 2117 2055 2059
f 2119 2310 2121
f 2120 2122 211
f 2120 210 2056
f 2121 2125 2123
f 2122 2124 714
f 714 207 211
f 2125 2163 2126
f 2123 2127 2124
f 2126 2159 2128
f 2127 2129 2130
f 2130 711 2124
f 2128 2155 2131
f 2129 2132 2133
f 2133 708 2130
f 2132 2134 2135
f 2132 2136 2137
f 2137 705 2133
f 2136 2138 2139
f 2139 2143 2140
f 2140 702 2137
f 2139 2141 2142
f 2142 126 2143
f 2141 2145 2144
f 2144 127 126
f 2145 9 8
f 2144 11 127
f 203 2147 9
f 2145 2146 203
f 2147 202 2148
f 2148 1983 2149
f 2147 12 9
f 1983 1980 183
f 2149 469 12
f 2141 2150 2146
f 2151 200 2146
f 2150 2135 2134
f 2134 2152 2151
f 2152 2154 2151
f 2152 2131 2155
f 2155 2156 2153
f 2156 2158 2153
f 2155 2128 2159
f 2159 2160 2157
f 2160 2162 2157
f 2159 2126 2163
f 2160 2164 2161
f 2165 2305 2161
f 2163 2125 2166
f 2164 2167 2165
f 2168 2304 2165
f 2166 2310 2169
f 2167 2170 2168
f 2171 2303 2168
f 2170 2118 2172
f 2172 2173 2171
f 2173 2175 2171
f 2173 2115 2176
f 2176 2177 2174
f 2177 2179 2174
f 2177 2112 2180
f 2180 2181 2178
f 2181 166 2178
f 2181 2107 2106
f 2106 2183 2182
f 2183 2185 2182
f 2183 2104 2102
f 2102 2100 2184
f 2185 2187 162
f 162 166 2182
f 2184 2188 2186
f 2188 2190 2186
f 2188 2100 2098
f 2098 2097 2189
f 2190 2192 2193
f 2193 2187 2186
f 2189 2194 2191
f 2194 2196 2191
f 2194 2097 2197
f 2197 2198 2195
f 2199 2299 2195
f 2198 2094 2200
f 2198 2201 2199
f 2202 2296 2199
f 2200 2309 2203
f 2201 2204 2202
f 2205 2293 2202
f 2203 2307 2206
f 2204 2207 2205
f 2208 2291 2205
f 2206 2306 2209
f 2207 2210 2208
f 2211 2219 2208
f 2209 2000 2212
f 2210 2213 2211
f 2214 2216 2211
f 2212 1996 1995
f 2213 2215 2214
f 2217 2273 2218
f 2216 2219 2211
f 2216 2220 2217
f 2221 2231 2217
f 2214 2215 2222
f 2220 2223 2221
f 2224 2228 2221
f 2222 2226 2225
f 2223 205 2224
f 2226 1989 2227
f 2225 201 205
f 2229 2236 2230
f 2228 2231 2221
f 2228 2232 2229
f 2224 205 204
f 2232 2154 2233
f 2233 2234 2229
f 2234 2236 2229
f 2234 2158 2237
f 2237 2238 2235
f 2238 2240 2235
f 2238 2162 2241
f 2241 2242 2239
f 2243 2267 2239
f 2241 2305 2244
f 2242 2245 2243
f 2246 2264 2243
f 2244 2304 2247
f 2245 2248 2246
f 2249 2257 2246
f 2247 2303 2250
f 2248 2251 2249
f 2252 2254 2249
f 2250 2175 2253
f 2251 164 2252
f 2175 2174 2179
f 2253 165 164
f 2255 2259 2256
f 2254 2257 2249
f 2254 2258 2255
f 2252 164 163
f 2258 2187 2193
f 2193 2192 2255
f 2259 2302 2260
f 2256 2261 2257
f 2260 2281 2262
f 2261 2263 2264
f 2264 2246 2257
f 2262 2279 2265
f 2263 2266 2267
f 2267 2243 2264
f 2265 2275 2268
f 2266 2269 2240
f 2240 2239 2267
f 2269 2270 2271
f 2271 2230 2236
f 2269 2235 2240
f 2271 336 2272
f 2272 2231 2230
f 2272 335 2273
f 2273 2217 2231
f 2274 333 336
f 2270 2275 2274
f 2276 334 333
f 2274 2277 2276
f 2278 2283 2276
f 2275 2265 2279
f 2277 2280 2278
f 64 67 2278
f 2279 2262 2281
f 2280 2282 64
f 2283 67 2284
f 2284 2286 2285
f 2283 334 2276
f 2286 2288 2287
f 2285 337 334
f 2288 2291 2289
f 2287 2290 337
f 2291 2208 2219
f 2289 2218 2290
f 2288 2292 2293
f 2293 2205 2291
f 2286 2284 2294
f 2292 2295 2296
f 2296 2202 2293
f 2294 66 2297
f 2295 2298 2299
f 2299 2199 2296
f 2297 65 2300
f 2298 2301 2196
f 2196 2195 2299
f 2301 2302 2259
f 2259 2255 2192
f 2301 2191 2196
f 65 2282 2302
f 2284 67 66
f 2281 2302 2282
f 2303 2171 2175
f 2304 2168 2303
f 2305 2165 2304
f 2241 2161 2305
f 2237 2157 2162
f 2233 2153 2158
f 2215 1992 2226
f 2273 335 2290
f 2306 2001 2000
f 2306 2307 2308
f 2308 2004 2001
f 2308 2091 2087
f 2308 2090 2004
f 2307 2309 2091
f 2200 2092 2309
f 2197 2095 2094
f 2180 2109 2107
f 2178 166 165
f 2176 2113 2112
f 2172 2116 2115
f 2310 2119 2118
f 2125 2121 2310
f 204 200 2151
f 2085 2005 2090
f 2227 2311 201
f 2148 202 2311
f 1977 2312 1944
f 1944 1942 1978
f 1961 1949 1947
f 2312 1945 1944
f 1976 483 482
f 1318 1248 1247
f 1316 1251 1250
f 1275 1273 1300
f 1279 1276 1275
f 1228 141 140
f 304 303 1216
f 1047 1045 1601
f 1104 1053 1048
f 2313 252 251
f 2313 2314 2315
f 2315 2316 252
f 2317 2324 2318
f 2316 248 252
f 2316 2319 2317
f 2320 2323 2317
f 2315 2314 2321
f 2319 2322 2320
f 2322 1074 2320
f 2321 1089 1088
f 1088 1083 1076
f 2314 1091 1089
f 1074 1072 2323
f 2324 1066 2325
f 2318 249 248
f 2323 1069 2324
f 1063 1062 249
f 1034 1026 1597
f 264 260 1016
f 1621 980 978
f 985 981 980
f 23 259 258
f 1625 1629 1626
f 977 256 958
f 1543 943 942
f 2326 624 1524
f 2327 627 2326
f 633 630 2327
f 928 635 633
f 925 637 635
f 922 639 637
f 924 641 639
f 903 2329 648
f 2328 649 2329
f 896 652 2328
f 894 655 896
f 911 994 741
f 804 117 121
f 2143 125 699
f 693 2331 2332
f 2332 688 687
f 692 124 2330
f 2332 2333 2334
f 2334 2335 688
f 2335 2336 2337
f 2337 2338 683
f 2335 682 688
f 2338 2339 2340
f 2340 2341 678
f 2338 677 683
f 2341 2342 2343
f 2343 2346 673
f 2341 672 678
f 2343 2344 2345
f 2345 227 2346
f 2345 437 657
f 657 662 227
f 2342 438 2344
f 2340 2339 2347
f 2339 441 2347
f 2337 2336 445
f 2336 446 445
f 2334 2333 450
f 2333 451 450
f 2331 2348 455
f 2348 456 455
f 2348 2330 129
f 2348 470 2349
f 670 669 56
f 2346 226 668
f 3 177 176
f 223 6 3
f 497 496 325
f 467 2349 470
f 104 108 440
f 424 6 224
f 106 5 4
f 364 363 407
f 363 361 360
f 360 70 69
f 216 18 17

