# https://github.com/mikedh/trimesh

o Stage1_2Dcross_NEW_Rescaled_10.stl
v 0.02814478 0.00180565 -0.02498312
v 0.02784497 -0.00423316 -0.02608012
v 0.02795850 -0.00328956 -0.02917396
v 0.02813038 -0.00179273 -0.02130736
v 0.02811304 0.00189062 -0.02888520
v 0.02705518 0.00778856 -0.02670723
v 0.02770740 0.00511229 -0.02181169
v 0.02815467 0.00158520 -0.01946279
v -0.01984716 -0.01207398 -0.04800684
v -0.02179870 -0.01300831 -0.04800684
v -0.02002758 -0.00928736 -0.04800684
v -0.01755493 -0.01362940 -0.04800684
v -0.01929650 -0.01608912 -0.04800684
v -0.01666272 -0.01025147 -0.04800684
v 0.02779407 -0.00452638 0.02704958
v 0.02715015 -0.00760206 0.02394199
v 0.02788465 -0.00413478 0.02113731
v 0.02633863 -0.00999513 0.02877229
v 0.02818396 -0.00094386 0.02302656
v 0.02807923 0.00196874 0.02823680
v 0.02784156 -0.00433741 0.03149405
v 0.02766358 -0.02663966 -0.00540974
v 0.02813880 -0.02305787 -0.00178388
v 0.02810987 -0.02759840 0.00122342
v 0.02767884 -0.03034303 -0.00529020
v 0.02564063 -0.02825587 -0.01167596
v 0.02675122 -0.02351490 -0.00892829
v 0.02766053 -0.02112135 -0.00547199
v -0.02802520 0.02501513 0.00255580
v -0.02802258 0.02912279 0.00267586
v -0.02809704 0.02921947 -0.00249820
v -0.02669079 0.02683446 0.00901453
v -0.02752673 0.02161742 0.00600023
v -0.02800390 0.02599926 -0.00331529
v -0.02818017 0.02102392 -0.00077238
v -0.02804162 0.01887963 0.00254485
v 0.02816382 0.02584936 -0.00112125
v 0.02716578 0.02737841 -0.00741925
v 0.02816748 0.03043261 -0.00089153
v 0.02780689 0.02264721 -0.00455026
v 0.02803724 0.02247997 0.00277071
v 0.02817957 0.02035277 -0.00094348
v 0.02748914 0.02769628 0.00604128
v -0.02811938 -0.00225099 -0.02599051
v -0.02807147 -0.00270436 -0.03054584
v -0.02663366 -0.00915968 -0.02831737
v -0.02762616 -0.00552980 -0.02302266
v -0.02815246 -0.00146632 -0.02025326
v -0.02778027 0.00460546 -0.02720661
v -0.02796911 0.00327733 -0.03084695
v -0.02809649 0.00203417 -0.02212671
v 0.00306153 -0.04799195 0.02266721
v 0.00321302 -0.04799195 0.02488432
v 0.00080951 -0.04799195 0.02194781
v 0.00507752 -0.04799195 0.02153728
v 0.00279236 -0.04799195 0.01983965
v 0.01329822 -0.04799195 -0.00092133
v 0.01261029 -0.04799195 0.00092437
v 0.01006702 -0.04799195 -0.00034565
v 0.01611585 -0.04799195 -0.00167985
v 0.01636036 -0.04799195 0.00118816
v 0.01176587 -0.04799195 -0.00241737
v 0.01494300 -0.04799195 -0.00453140
v -0.00432336 -0.04799195 0.00816900
v -0.00732360 -0.04799195 0.00872671
v -0.00419628 -0.04799195 0.00635453
v -0.00150952 -0.04799195 0.00707731
v -0.00259045 -0.04799195 0.00906591
v -0.00590789 -0.04799195 0.01070678
v -0.00662072 -0.04799195 -0.02282834
v -0.00810046 -0.04799195 -0.02704996
v -0.00332775 -0.04799195 -0.02802286
v -0.00323205 -0.04799195 -0.02278756
v -0.00510217 -0.04799195 -0.01866869
v -0.00935150 -0.04799195 -0.02091614
v -0.00182092 0.04800805 0.00364636
v -0.00383435 0.04800805 0.00385477
v -0.00251184 0.04800805 0.00653606
v -0.00122662 0.04800805 0.00206028
v -0.00399395 0.04800805 0.00150932
v -0.00021417 0.04800805 0.00534448
v 0.00148499 0.04800805 0.00381109
v 0.01544947 0.01142357 -0.04800684
v 0.01580243 0.00904369 -0.04800684
v 0.01264380 0.00914745 -0.04800684
v 0.01721497 0.01318871 -0.04800684
v 0.01882996 0.01027562 -0.04800684
v 0.01313996 0.01238915 -0.04800684
v 0.01458313 0.01540697 -0.04800684
v -0.02050537 -0.01019508 0.04799316
v -0.02257104 -0.01119361 0.04799316
v -0.02036608 -0.01440113 0.04799316
v -0.01827996 -0.01186988 0.04799316
v -0.01752819 -0.00887330 0.04799316
v -0.02061981 -0.00775855 0.04799316
v 0.01608924 -0.01133131 0.04799316
v 0.01639527 -0.00910792 0.04799316
v 0.01363703 -0.00932398 0.04799316
v 0.01779065 -0.01267091 0.04799316
v 0.01928009 -0.00973219 0.04799316
v 0.01414380 -0.01220484 0.04799316
v -0.00575634 0.04800805 -0.02230365
v -0.00297729 0.04800805 -0.02200278
v -0.00254553 0.04800805 -0.02496761
v -0.00778186 0.04800805 -0.02066151
v -0.00453991 0.04800805 -0.01923485
v -0.00649627 0.04800805 -0.02440960
v -0.00585400 0.04800805 0.02196325
v -0.00671252 0.04800805 0.02398470
v -0.00298321 0.04800805 0.02470381
v -0.00318658 0.04800805 0.02172889
v -0.00545007 0.04800805 0.01862146
v -0.00837194 0.04800805 0.01995960
v -0.02815869 0.00089672 0.02028474
v -0.02736511 0.00678393 0.02184575
v -0.02785083 0.00439623 0.01703234
v -0.02815850 0.00094823 0.01485684
v -0.02755896 -0.00596290 0.02232313
v -0.02816461 0.00052196 0.02415478
v -0.02763952 0.00557787 0.02491571
v -0.02816461 -0.02032667 0.00068891
v -0.02788836 -0.01703541 0.00411063
v -0.02817767 -0.01462672 0.00054381
v -0.02738098 -0.02205201 0.00668058
v -0.02747503 -0.02245191 -0.00636514
v -0.02816668 -0.02420924 0.00039013
v 0.01372864 0.00372094 0.04799316
v 0.01198511 0.00502709 0.04799316
v 0.01109790 0.00222265 0.04799316
v 0.01606031 0.00520214 0.04799316
v 0.01353016 0.00165770 0.04799316
v 0.01673340 0.00239354 0.04799316
v -0.01517297 0.01151952 0.04799316
v -0.01679492 0.01337792 0.04799316
v -0.01853784 0.01058910 0.04799316
v -0.01264086 0.01232934 0.04799316
v -0.01564874 0.00927343 0.04799316
v -0.01227160 0.00901903 0.04799316
v -0.00757067 0.00325878 -0.04800684
v -0.00778802 0.00110277 -0.04800684
v -0.01152587 0.00264989 -0.04800684
v -0.00577179 0.00384081 -0.04800684
v -0.00524157 0.00083812 -0.04800684
v -0.01002209 0.00543114 -0.04800684
v -0.00807775 0.00752440 -0.04800684
v 0.01354047 0.04800805 -0.00667294
v 0.01322059 0.04800805 -0.00460637
v 0.01654340 0.04800805 -0.00439850
v 0.01178211 0.04800805 -0.00792838
v 0.01031617 0.04800805 -0.00562451
v 0.01572059 0.04800805 -0.00743882
v 0.01408350 0.04800805 -0.00997618
v 0.01749732 -0.00523756 -0.04800684
v 0.01577564 -0.00671119 -0.04800684
v 0.01443567 -0.00418507 -0.04800684
v 0.01977039 -0.00649269 -0.04800684
v 0.01720533 -0.00321339 -0.04800684
v 0.02053174 -0.00370899 -0.04800684
v 0.02074768 -0.00086207 -0.04800684
v 0.02439331 -0.00114112 -0.04800684
v 0.02399768 -0.00460816 -0.04800684
v 0.01703150 -0.00100221 -0.04800684
v 0.01677039 0.00147143 -0.04800684
v 0.02058515 0.00190111 -0.04800684
v 0.01368152 -0.00175563 -0.04800684
v 0.01319019 0.00090014 -0.04800684
v 0.01002356 0.00034960 -0.04800684
v 0.00968006 0.00342992 -0.04800684
v 0.01290381 0.00370336 -0.04800684
v 0.01644056 0.00415160 -0.04800684
v 0.01610779 0.00664379 -0.04800684
v 0.02015613 0.00480297 -0.04800684
v 0.01275336 0.00650731 -0.04800684
v 0.00961963 0.00662645 -0.04800684
v 0.00980945 0.00993725 -0.04800684
v 0.00671534 0.01074608 -0.04800684
v 0.01034967 0.01353246 -0.04800684
v 0.00659729 0.00697045 -0.04800684
v 0.00365924 0.00720336 -0.04800684
v 0.00672706 0.00331273 -0.04800684
v 0.00399439 0.00311791 -0.04800684
v 0.00148658 0.00275292 -0.04800684
v 0.00718262 -0.00023097 -0.04800684
v 0.00450965 -0.00074635 -0.04800684
v 0.00203345 -0.00123658 -0.04800684
v 0.00265278 -0.00520680 -0.04800684
v -0.00038476 -0.00169801 -0.04800684
v -0.00085022 0.00215404 -0.04800684
v 0.00528101 -0.00456666 -0.04800684
v 0.00634986 -0.00846266 -0.04800684
v 0.00795569 -0.00372413 -0.04800684
v 0.00907618 -0.00724635 -0.04800684
v 0.01072565 -0.01092896 -0.04800684
v 0.01179114 -0.00573731 -0.04800684
v 0.01343848 -0.00892848 -0.04800684
v 0.01572724 -0.01226881 -0.04800684
v 0.01812568 -0.00949586 -0.04800684
v 0.01276453 -0.01470387 -0.04800684
v 0.01507227 -0.01832984 -0.04800684
v 0.00930072 -0.01668409 -0.04800684
v 0.00771747 -0.01255250 -0.04800684
v 0.01837433 -0.01537330 -0.04800684
v 0.02139545 -0.01838087 -0.04800684
v 0.02101532 -0.01196900 -0.04800684
v 0.02429175 -0.01432130 -0.04800684
v 0.02417078 -0.01445851 -0.04442404
v 0.02637537 -0.00999317 -0.04800684
v 0.02626685 -0.01018995 -0.04428914
v 0.02611573 -0.01049024 -0.04063015
v 0.02756214 -0.00594874 -0.04418735
v 0.02746094 -0.00622682 -0.04041202
v 0.02734461 -0.00662721 -0.03673208
v 0.02807471 -0.00200855 -0.04028620
v 0.02804737 -0.00226979 -0.03642191
v 0.02802539 -0.00270777 -0.03271382
v 0.02807581 0.00185985 -0.03634220
v 0.02810425 0.00183495 -0.03256945
v 0.02739344 0.00651098 -0.03317885
v 0.02729175 0.00697558 -0.02984948
v 0.02743799 0.00624511 -0.03668592
v 0.02608777 0.01057030 -0.03718037
v 0.02593409 0.01101098 -0.03390601
v 0.02807996 0.00207323 -0.04027499
v 0.02748340 0.00619457 -0.04040404
v 0.02621033 0.01029564 -0.04063717
v 0.02427674 0.01429833 -0.04093572
v 0.02750525 0.00626708 -0.04419988
v 0.02629126 0.01018212 -0.04428627
v 0.02444153 0.01404345 -0.04441934
v 0.02180304 0.01788158 -0.04458295
v 0.02456482 0.01388207 -0.04800684
v 0.02199140 0.01769970 -0.04800684
v 0.01848224 0.02131884 -0.04800684
v 0.01947925 0.01546508 -0.04800684
v 0.01646027 0.01852465 -0.04800684
v 0.01263941 0.02097094 -0.04800684
v 0.01129963 0.01723168 -0.04800684
v 0.00755933 0.01864232 -0.04800684
v 0.00703211 0.01466381 -0.04800684
v 0.00823670 0.02258129 -0.04800684
v 0.00334693 0.02362230 -0.04800684
v 0.00915235 0.02668578 -0.04800684
v 0.01418653 0.02438500 -0.04800684
v 0.00330323 0.01955053 -0.04800684
v -0.00124023 0.01961547 -0.04800684
v 0.00330542 0.01544701 -0.04800684
v -0.00054412 0.01549584 -0.04800684
v -0.00428723 0.01461791 -0.04800684
v 0.00018970 0.01129760 -0.04800684
v -0.00288879 0.01054735 -0.04800684
v -0.00568359 0.00918676 -0.04800684
v -0.00768676 0.01302025 -0.04800684
v 0.00088153 0.00703759 -0.04800684
v -0.00167834 0.00630541 -0.04800684
v -0.00394897 0.00511010 -0.04800684
v -0.00311157 0.00135668 -0.04800684
v -0.00287915 -0.00203688 -0.04800684
v -0.00548638 -0.00210060 -0.04800684
v -0.00581042 -0.00557960 -0.04800684
v -0.00902667 -0.00498365 -0.04800684
v -0.00853320 -0.00162818 -0.04800684
v -0.00280761 -0.00580494 -0.04800684
v -0.00274206 -0.00991041 -0.04800684
v -0.00602233 -0.00956471 -0.04800684
v -0.00004113 -0.00565357 -0.04800684
v 0.00039258 -0.00983570 -0.04800684
v 0.00093622 -0.01421510 -0.04800684
v -0.00267968 -0.01426979 -0.04800684
v 0.00344245 -0.00935133 -0.04800684
v 0.00439612 -0.01366188 -0.04800684
v 0.00551288 -0.01804664 -0.04800684
v 0.00145008 -0.01878297 -0.04800684
v 0.00196302 -0.02333912 -0.04800684
v -0.00284118 -0.02332691 -0.04800684
v -0.00266626 -0.01879762 -0.04800684
v 0.00667420 -0.02246949 -0.04800684
v 0.00798487 -0.02706471 -0.04800684
v 0.00246344 -0.02810646 -0.04800684
v 0.01110608 -0.02077125 -0.04800684
v 0.01314240 -0.02497315 -0.04800684
v 0.01305689 -0.02497462 -0.04465359
v 0.01764313 -0.02201881 -0.04800684
v 0.01753614 -0.02205323 -0.04457318
v 0.01734839 -0.02217555 -0.04133065
v 0.02128467 -0.01847511 -0.04451074
v 0.02105274 -0.01864552 -0.04112563
v 0.02080231 -0.01899562 -0.03801845
v 0.02397223 -0.01470143 -0.04090216
v 0.02374122 -0.01510133 -0.03763098
v 0.02345588 -0.01560401 -0.03459600
v 0.02592627 -0.01092604 -0.03717839
v 0.02570826 -0.01152882 -0.03391482
v 0.02536548 -0.01223121 -0.03089606
v 0.02721790 -0.00722486 -0.03329658
v 0.02698816 -0.00798487 -0.03006920
v 0.02670594 -0.00897511 -0.02707498
v 0.02495850 -0.01304347 -0.02820586
v 0.02442090 -0.01401490 -0.02569379
v 0.02258472 -0.01682789 -0.02943083
v 0.02304029 -0.01618336 -0.03179704
v 0.02625733 -0.01025855 -0.02414919
v 0.02567066 -0.01160816 -0.02147916
v 0.02748145 -0.00617652 -0.02276784
v 0.02700940 -0.00799293 -0.01978890
v 0.02640149 -0.00983644 -0.01711160
v 0.02783216 -0.00439601 -0.01808818
v 0.02739148 -0.00665064 -0.01525182
v 0.02691883 -0.00881422 -0.01271110
v 0.02793457 -0.00370021 -0.01337373
v 0.02756885 -0.00608888 -0.01071396
v 0.02797583 -0.00349146 -0.00868300
v 0.02766651 -0.00589063 -0.00607502
v 0.02734607 -0.00839576 -0.00822882
v 0.02666309 -0.01092604 -0.01037476
v 0.02703431 -0.01331349 -0.00814560
v 0.02531226 -0.01348585 -0.01245383
v 0.02569581 -0.01163868 -0.01465105
v 0.02761914 -0.01078248 -0.00579011
v 0.02799256 -0.00826856 -0.00355590
v 0.02802283 -0.01314015 -0.00321545
v 0.02759058 -0.01587232 -0.00567712
v 0.02690638 -0.01837916 -0.00831026
v 0.02807703 -0.01818580 -0.00270559
v 0.02818616 -0.01518678 -0.00035130
v 0.02819727 -0.01991627 0.00074757
v 0.02803577 -0.01708619 0.00291047
v 0.02778150 -0.02149464 0.00481480
v 0.02803113 -0.02444264 0.00299332
v 0.02740955 -0.01886573 0.00653693
v 0.02673438 -0.02295338 0.00896277
v 0.02712598 -0.02559010 0.00766883
v 0.02739209 -0.02832154 0.00652653
v 0.02555542 -0.02673365 0.01189178
v 0.02591932 -0.02919996 0.01105749
v 0.02620520 -0.03191554 0.01036835
v 0.02380414 -0.03019215 0.01504793
v 0.02411866 -0.03262208 0.01450614
v 0.02437134 -0.03528785 0.01411542
v 0.02151105 -0.03322926 0.01816999
v 0.02177442 -0.03578590 0.01787161
v 0.02193006 -0.03859205 0.01764335
v 0.01867292 -0.03617701 0.02107158
v 0.01884095 -0.03879054 0.02094217
v 0.01888331 -0.04165724 0.02086639
v 0.02198743 -0.04153858 0.01755652
v 0.01532386 -0.03898707 0.02366377
v 0.01538239 -0.04173609 0.02360362
v 0.01532996 -0.04479566 0.02365744
v 0.01883857 -0.04475465 0.02095258
v 0.01146991 -0.03921388 0.02573244
v 0.01154181 -0.04186378 0.02568299
v 0.01152417 -0.04482398 0.02570397
v 0.01140241 -0.04799195 0.02579739
v 0.01518445 -0.04799195 0.02377183
v 0.00749836 -0.04195655 0.02714047
v 0.00753907 -0.04484840 0.02714329
v 0.00751520 -0.04799195 0.02718362
v 0.00659449 -0.04799195 0.02420783
v 0.00973865 -0.04799195 0.02286829
v 0.00354920 -0.04799195 0.02797675
v 0.00344288 -0.04486256 0.02797002
v -0.00052673 -0.04799195 0.02820251
v -0.00012085 -0.04799195 0.02492358
v -0.00076013 -0.04488893 0.02816447
v -0.00469995 -0.04799195 0.02780563
v -0.00344897 -0.04799195 0.02438765
v -0.00184253 -0.04799195 0.02122268
v -0.00707940 -0.04799195 0.02335244
v -0.00483911 -0.04799195 0.02017465
v -0.00237829 -0.04799195 0.01735464
v -0.00799633 -0.04799195 0.01876408
v -0.00498779 -0.04799195 0.01605306
v -0.00194738 -0.04799195 0.01372900
v -0.00756781 -0.04799195 0.01439674
v -0.00410754 -0.04799195 0.01232909
v -0.00120361 -0.04799195 0.01023038
v -0.00989807 -0.04799195 0.01214674
v -0.01104065 -0.04799195 0.01668038
v -0.01400244 -0.04799195 0.01397770
v -0.01166357 -0.04799195 0.00954193
v -0.01615307 -0.04799195 0.01069944
v -0.01264843 -0.04799195 0.00644755
v -0.00819909 -0.04799195 0.00605771
v -0.01741430 -0.04799195 0.00710171
v -0.01316626 -0.04799195 0.00315961
v -0.00837634 -0.04799195 0.00331642
v -0.00432128 -0.04799195 0.00379169
v -0.00812695 -0.04799195 0.00043134
v -0.00400256 -0.04799195 0.00113633
v -0.00062243 -0.04799195 0.00211273
v -0.00735949 -0.04799195 -0.00250550
v -0.00324585 -0.04799195 -0.00152912
v 0.00014563 -0.04799195 -0.00041553
v 0.00305433 -0.04799195 0.00090077
v -0.00199920 -0.04799195 -0.00422642
v 0.00131250 -0.04799195 -0.00296856
v 0.00421723 -0.04799195 -0.00152390
v 0.00679541 -0.04799195 -0.00000781
v 0.00291785 -0.04799195 -0.00561182
v 0.00569104 -0.04799195 -0.00397199
v 0.00799994 -0.04799195 -0.00208704
v 0.01006580 -0.04799195 -0.00456785
v 0.00779554 -0.04799195 -0.00667267
v 0.01052893 -0.04799195 -0.00969118
v 0.01300635 -0.04799195 -0.00721368
v 0.01379114 -0.04799195 -0.01275939
v 0.01645252 -0.04799195 -0.00984696
v 0.01853125 -0.04799195 -0.00650607
v 0.02011365 -0.04799195 -0.01222640
v 0.02228211 -0.04799195 -0.00825149
v 0.02366541 -0.04799195 -0.00393096
v 0.01986390 -0.04799195 -0.00288834
v 0.02411231 -0.04799195 0.00054783
v 0.02022998 -0.04799195 0.00090014
v 0.02381665 -0.04799195 0.00490536
v 0.01986213 -0.04799195 0.00459084
v 0.01586939 -0.04799195 0.00393689
v 0.01215479 -0.04799195 0.00292170
v 0.01866443 -0.04799195 0.00787665
v 0.01488733 -0.04799195 0.00666449
v 0.01131482 -0.04799195 0.00523860
v 0.00835010 -0.04799195 0.00375388
v 0.01350409 -0.04799195 0.00923141
v 0.01021778 -0.04799195 0.00756138
v 0.00730335 -0.04799195 0.00600573
v 0.00474482 -0.04799195 0.00459573
v 0.00875556 -0.04799195 0.00989245
v 0.00605835 -0.04799195 0.00826999
v 0.00366602 -0.04799195 0.00685712
v 0.00137836 -0.04799195 0.00567215
v 0.00445923 -0.04799195 0.01053072
v 0.00233960 -0.04799195 0.00916001
v 0.00040107 -0.04799195 0.00798274
v 0.00050678 -0.04799195 0.01147874
v 0.00249939 -0.04799195 0.01279474
v 0.00489246 -0.04799195 0.01435701
v 0.00263031 -0.04799195 0.01645086
v 0.00026117 -0.04799195 0.01502408
v 0.00506885 -0.04799195 0.01802460
v 0.00029645 -0.04799195 0.01855061
v 0.00748963 -0.04799195 0.01613224
v 0.00754029 -0.04799195 0.02012031
v 0.01014447 -0.04799195 0.01834302
v 0.01286853 -0.04799195 0.02090380
v 0.01272266 -0.04799195 0.01616141
v 0.01576197 -0.04799195 0.01856544
v 0.01866724 -0.04799195 0.02113641
v 0.01846314 -0.04799195 0.01572819
v 0.02180433 -0.04799195 0.01793124
v 0.02195319 -0.04473023 0.01768942
v 0.02441077 -0.04799195 0.01412411
v 0.02451807 -0.04468165 0.01387269
v 0.02455408 -0.04138502 0.01375363
v 0.02647120 -0.04457398 0.00961934
v 0.02649488 -0.04116773 0.00951355
v 0.02449707 -0.03824830 0.01383647
v 0.02645911 -0.03786451 0.00959563
v 0.02771717 -0.04100807 0.00487997
v 0.02767115 -0.03756910 0.00490073
v 0.02765320 -0.03437574 0.00516167
v 0.02636365 -0.03480885 0.00988512
v 0.02813038 -0.03737647 -0.00003380
v 0.02813843 -0.03393165 0.00012545
v 0.02814185 -0.03062916 0.00051076
v 0.02757972 -0.03127589 0.00571809
v 0.02769727 -0.03727369 -0.00500809
v 0.02768799 -0.03369898 -0.00512614
v 0.02634180 -0.03746949 -0.00998222
v 0.02623682 -0.03415943 -0.01028053
v 0.02399958 -0.03789967 -0.01477201
v 0.02378644 -0.03489234 -0.01512299
v 0.02601050 -0.03109205 -0.01081998
v 0.02345142 -0.03213697 -0.01563458
v 0.02052301 -0.03559449 -0.01932970
v 0.02017255 -0.03314161 -0.01968944
v 0.02297419 -0.02961402 -0.01632169
v 0.01972791 -0.03087232 -0.02014599
v 0.02234461 -0.02729371 -0.01714664
v 0.02487439 -0.02552076 -0.01322601
v 0.01921918 -0.02891944 -0.02060391
v 0.02166193 -0.02513795 -0.01799978
v 0.02403577 -0.02302369 -0.01471207
v 0.02318769 -0.02081642 -0.01600959
v 0.02491321 -0.01833839 -0.01319001
v 0.02581141 -0.02071852 -0.01132249
v 0.02612671 -0.01573243 -0.01061061
v 0.02232349 -0.01874855 -0.01722248
v 0.02403516 -0.01620851 -0.01474972
v 0.02239216 -0.01710499 -0.01903893
v 0.02425342 -0.01437721 -0.01679410
v 0.02312500 -0.01606007 -0.02109902
v 0.02498499 -0.01302857 -0.01905112
v 0.02078693 -0.01897828 -0.02318997
v 0.02145252 -0.01817921 -0.02516114
v 0.02378888 -0.01500343 -0.02330709
v 0.01856134 -0.02118629 -0.02695161
v 0.01910871 -0.02069923 -0.02876189
v 0.02206305 -0.01747560 -0.02726309
v 0.01551667 -0.02349610 -0.03014527
v 0.01593921 -0.02322120 -0.03179857
v 0.01958832 -0.02026710 -0.03063323
v 0.01636396 -0.02290138 -0.03368240
v 0.02005048 -0.01978614 -0.03274328
v 0.01672113 -0.02263600 -0.03570622
v 0.02044758 -0.01934547 -0.03519185
v 0.01237256 -0.02531178 -0.03634436
v 0.01267011 -0.02518580 -0.03874770
v 0.01707996 -0.02240187 -0.03838410
v 0.00765461 -0.02708570 -0.03901051
v 0.00781360 -0.02706935 -0.04169725
v 0.01289344 -0.02504664 -0.04152720
v 0.00235621 -0.02808302 -0.04175214
v 0.00241364 -0.02808424 -0.04473802
v 0.00792279 -0.02704786 -0.04471617
v -0.00324450 -0.02800050 -0.04474626
v -0.00323150 -0.02802247 -0.04800684
v -0.00867620 -0.02683912 -0.04800684
v -0.00755096 -0.02245411 -0.04800684
v -0.01370428 -0.02465602 -0.04800684
v -0.01199987 -0.02081202 -0.04800684
v -0.00676342 -0.01816749 -0.04800684
v -0.01070629 -0.01695509 -0.04800684
v -0.00626904 -0.01382276 -0.04800684
v -0.00986682 -0.01288990 -0.04800684
v -0.00937957 -0.00885255 -0.04800684
v -0.01336608 -0.01163404 -0.04800684
v -0.01276391 -0.00782105 -0.04800684
v -0.01251745 -0.00401100 -0.04800684
v -0.01630761 -0.00654713 -0.04800684
v -0.01622845 -0.00278858 -0.04800684
v -0.01219854 -0.00050611 -0.04800684
v -0.01586450 0.00101879 -0.04800684
v -0.01508569 0.00479467 -0.04800684
v -0.01979834 0.00268187 -0.04800684
v -0.01873742 0.00699022 -0.04800684
v -0.01339703 0.00826391 -0.04800684
v -0.01655676 0.01103588 -0.04800684
v -0.01069311 0.01090917 -0.04800684
v -0.01345324 0.01436034 -0.04800684
v -0.00981567 0.01694945 -0.04800684
v -0.01616961 0.01761913 -0.04800684
v -0.01192236 0.02066991 -0.04800684
v -0.00705395 0.02264721 -0.04800684
v -0.00569805 0.01864330 -0.04800684
v -0.00846106 0.02693236 -0.04800684
v -0.00247638 0.02812182 -0.04800684
v -0.00187005 0.02370360 -0.04800684
v -0.00255920 0.02808715 -0.04473721
v 0.00337268 0.02799926 -0.04479795
v 0.00354065 0.02799315 -0.04800684
v 0.00320075 0.02801977 -0.04184526
v 0.00871772 0.02680687 -0.04186543
v 0.00895557 0.02673656 -0.04483250
v 0.01371338 0.02462157 -0.04179678
v 0.01398468 0.02447899 -0.04481619
v 0.01802546 0.02167309 -0.04157615
v 0.01829676 0.02144774 -0.04472396
v 0.01768665 0.02195189 -0.03866275
v 0.02124640 0.01852831 -0.03819061
v 0.02154847 0.01815917 -0.04125757
v 0.02088709 0.01893993 -0.03541603
v 0.02375959 0.01516771 -0.03465758
v 0.02405469 0.01468480 -0.03767677
v 0.02339252 0.01572606 -0.03189959
v 0.02569556 0.01156835 -0.03091438
v 0.02530677 0.01236693 -0.02819420
v 0.02293494 0.01637865 -0.02948803
v 0.02475733 0.01346166 -0.02571083
v 0.02655249 0.00942797 -0.02386835
v 0.02238190 0.01709545 -0.02730084
v 0.02411219 0.01457982 -0.02339517
v 0.02590284 0.01104809 -0.02132510
v 0.02518799 0.01262865 -0.01899338
v 0.02650672 0.00955199 -0.01666841
v 0.02716333 0.00744286 -0.01914496
v 0.02742310 0.00664574 -0.01441075
v 0.02785169 0.00427074 -0.01700220
v 0.02790796 0.00397875 -0.01205306
v 0.02815113 0.00148778 -0.01435635
v 0.02816834 0.00144237 -0.00939118
v 0.02817884 -0.00102247 -0.01146010
v 0.02816639 -0.00124049 -0.01638257
v 0.02761268 0.00625878 -0.00969658
v 0.02798755 0.00378295 -0.00717201
v 0.02818201 0.00131981 -0.00454292
v 0.02819202 -0.00103810 -0.00665217
v 0.02819080 -0.00108253 -0.00188504
v 0.02799817 -0.00344752 -0.00397929
v 0.02817261 -0.00579615 -0.00136977
v 0.02820435 -0.00342799 0.00077533
v 0.02818067 -0.00805104 0.00128472
v 0.02818494 -0.01050465 -0.00091478
v 0.02799927 -0.00571119 0.00346528
v 0.02789722 -0.01021266 0.00405901
v 0.02814051 -0.01255299 0.00188860
v 0.02773926 -0.01458497 0.00499888
v 0.02735462 -0.01230445 0.00699646
v 0.02691895 -0.01648683 0.00829120
v 0.02636536 -0.01429640 0.01002322
v 0.02562732 -0.01834327 0.01167905
v 0.02620826 -0.02054176 0.01027507
v 0.02498084 -0.01628419 0.01304998
v 0.02394642 -0.02026271 0.01478028
v 0.02454920 -0.02223390 0.01375842
v 0.02508521 -0.02443482 0.01279110
v 0.02238556 -0.02398707 0.01699310
v 0.02292853 -0.02595460 0.01629021
v 0.02342542 -0.02796314 0.01564713
v 0.02036768 -0.02743702 0.01940855
v 0.02079541 -0.02920851 0.01898865
v 0.02119819 -0.03117115 0.01854677
v 0.01776593 -0.03037525 0.02186039
v 0.01811402 -0.03203907 0.02157319
v 0.01839942 -0.03387135 0.02130065
v 0.01464704 -0.03282350 0.02407513
v 0.01493506 -0.03456959 0.02388358
v 0.01515522 -0.03646656 0.02372888
v 0.01113324 -0.03514649 0.02588394
v 0.01131421 -0.03684522 0.02577988
v 0.00725263 -0.03721412 0.02718693
v 0.00740046 -0.03939332 0.02716443
v 0.00319416 -0.03950123 0.02799998
v 0.00331794 -0.04199928 0.02797823
v -0.00096356 -0.04203395 0.02816259
v -0.00112670 -0.03953370 0.02816475
v -0.00532714 -0.04202955 0.02766926
v -0.00505621 -0.04489381 0.02772421
v -0.00551367 -0.03947535 0.02762810
v -0.00974737 -0.04195411 0.02642274
v -0.00943389 -0.04487672 0.02654677
v -0.00899536 -0.04799195 0.02672622
v -0.01383075 -0.04482350 0.02454903
v -0.01338861 -0.04799195 0.02484645
v -0.01077148 -0.04799195 0.02172735
v -0.01763128 -0.04799195 0.02202668
v -0.01449194 -0.04799195 0.01926958
v -0.01784619 -0.04799195 0.01602534
v -0.02142761 -0.04799195 0.01834360
v -0.02035351 -0.04799195 0.01219933
v -0.02446411 -0.04799195 0.01403009
v -0.02201770 -0.04799195 0.00804131
v -0.02660522 -0.04799195 0.00934302
v -0.02302880 -0.04799195 0.00373410
v -0.01808142 -0.04799195 0.00332224
v -0.02785003 -0.04799195 0.00443117
v -0.02820575 -0.04799195 -0.00057703
v -0.02313586 -0.04799195 -0.00060323
v -0.01801904 -0.04799195 -0.00045375
v -0.01296563 -0.04799195 -0.00013223
v -0.02247058 -0.04799195 -0.00497297
v -0.01715594 -0.04799195 -0.00418306
v -0.01206555 -0.04799195 -0.00336964
v -0.01568292 -0.04799171 -0.00770123
v -0.01058410 -0.04799195 -0.00649447
v -0.00594372 -0.04799195 -0.00535542
v -0.00856341 -0.04799195 -0.00942905
v -0.00405401 -0.04799195 -0.00816614
v -0.00030816 -0.04799195 -0.00699472
v -0.00186315 -0.04799195 -0.01106401
v 0.00177845 -0.04799195 -0.00993588
v 0.00502063 -0.04799195 -0.00849458
v 0.00429383 -0.04799195 -0.01328778
v 0.00763489 -0.04799195 -0.01169566
v 0.00695429 -0.04799195 -0.01711955
v 0.01063074 -0.04799195 -0.01532804
v 0.00961054 -0.04799195 -0.02131800
v 0.01372644 -0.04799195 -0.01898464
v 0.01722742 -0.04799195 -0.01581006
v 0.01684137 -0.04799195 -0.02262835
v 0.02089527 -0.04799195 -0.01894788
v 0.02411158 -0.04799195 -0.01463715
v 0.02096430 -0.04463795 -0.01883898
v 0.02414234 -0.04450294 -0.01454758
v 0.02640796 -0.04799195 -0.00991658
v 0.02640332 -0.04443385 -0.00985729
v 0.02778504 -0.04799195 -0.00490333
v 0.02775208 -0.04440846 -0.00493009
v 0.02818885 -0.04443531 0.00008305
v 0.02822620 -0.04799195 0.00020771
v 0.02773462 -0.04448585 0.00498939
v 0.02774085 -0.04799195 0.00518753
v 0.02643250 -0.04799195 0.00983385
v 0.02253339 -0.04799195 0.00892821
v 0.02075892 -0.04799171 0.01252230
v 0.01702240 -0.04799195 0.01085479
v 0.01503186 -0.04799195 0.01362888
v 0.01179554 -0.04799195 0.01167944
v 0.00970386 -0.04799195 0.01400835
v 0.00696399 -0.04799195 0.01216351
v 0.02813746 -0.04089283 -0.00001044
v 0.02772120 -0.04083326 -0.00495869
v 0.02638331 -0.04089137 -0.00986292
v 0.02412049 -0.04110450 -0.01456900
v 0.02092164 -0.04140650 -0.01887308
v 0.02077436 -0.03839674 -0.01904989
v 0.01679230 -0.03882716 -0.02264362
v 0.01656366 -0.03621217 -0.02280891
v 0.01219550 -0.03913844 -0.02540876
v 0.01202576 -0.03669801 -0.02546143
v 0.01627497 -0.03407691 -0.02300538
v 0.01183625 -0.03480494 -0.02557221
v 0.01590088 -0.03206861 -0.02326528
v 0.01159931 -0.03313478 -0.02567798
v 0.01132837 -0.03160426 -0.02577983
v 0.01551545 -0.03038014 -0.02350874
v 0.01102912 -0.03009376 -0.02592451
v 0.01508765 -0.02875563 -0.02378710
v 0.01863953 -0.02702760 -0.02113351
v 0.01069422 -0.02862330 -0.02608189
v 0.01457904 -0.02710377 -0.02411100
v 0.01801581 -0.02522413 -0.02167453
v 0.01402381 -0.02552223 -0.02445654
v 0.01727124 -0.02344020 -0.02228842
v 0.02006617 -0.02113746 -0.01984548
v 0.02088617 -0.02309327 -0.01892509
v 0.01724286 -0.02229566 -0.02341476
v 0.02006726 -0.01981349 -0.02124602
v 0.01397968 -0.02447071 -0.02539648
v 0.01455060 -0.02412086 -0.02694963
v 0.01795447 -0.02171388 -0.02517623
v 0.01069306 -0.02608229 -0.02843860
v 0.01108704 -0.02590406 -0.02988777
v 0.01507428 -0.02378932 -0.02855348
v 0.00666187 -0.02736622 -0.03084128
v 0.00687769 -0.02729542 -0.03219425
v 0.01142316 -0.02575733 -0.03132694
v 0.00707209 -0.02724781 -0.03356925
v 0.01175379 -0.02561646 -0.03284677
v 0.00727070 -0.02720094 -0.03511384
v 0.01208313 -0.02546681 -0.03451625
v 0.00214881 -0.02809864 -0.03531800
v 0.00221717 -0.02809083 -0.03709582
v 0.00746399 -0.02713746 -0.03686212
v -0.00313922 -0.02799610 -0.03706752
v -0.00318548 -0.02799439 -0.03914416
v 0.00229114 -0.02808644 -0.03914158
v -0.00836297 -0.02686671 -0.03677687
v -0.00851763 -0.02682862 -0.03898014
v -0.00322424 -0.02800025 -0.04176052
v -0.00863507 -0.02681617 -0.04168880
v -0.01350763 -0.02473463 -0.03866870
v -0.01365118 -0.02464186 -0.04152919
v -0.00869152 -0.02680885 -0.04472526
v -0.01372216 -0.02460914 -0.04466524
v -0.01812329 -0.02157862 -0.04452144
v -0.01807092 -0.02167311 -0.04800684
v -0.02161486 -0.01813575 -0.04800684
v -0.01599426 -0.01857301 -0.04800684
v -0.01440142 -0.01530543 -0.04800684
v -0.02173559 -0.01793727 -0.04431133
v -0.02440478 -0.01412794 -0.04800684
v -0.02458764 -0.01377003 -0.04407531
v -0.02649054 -0.00966261 -0.04800684
v -0.02326879 -0.00920265 -0.04800684
v -0.02665808 -0.00914039 -0.04385399
v -0.02779315 -0.00481397 -0.04800684
v -0.02406774 -0.00497975 -0.04800684
v -0.02417260 -0.00048170 -0.04800684
v -0.02016589 -0.00154688 -0.04800684
v -0.02015319 -0.00554225 -0.04800684
v -0.02373632 0.00431811 -0.04800684
v -0.02821594 0.00037182 -0.04800684
v -0.02761761 0.00581078 -0.04800684
v -0.02218933 0.00907299 -0.04800684
v -0.02588995 0.01122460 -0.04800684
v -0.01956066 0.01358568 -0.04800684
v -0.02296728 0.01638012 -0.04800684
v -0.01896972 0.02087426 -0.04800684
v -0.02280944 0.01653637 -0.04418692
v -0.01886737 0.02093480 -0.04439292
v -0.01407696 0.02444872 -0.04800684
v -0.01401831 0.02445678 -0.04454236
v -0.01860473 0.02112719 -0.04095714
v -0.01384399 0.02454906 -0.04131541
v -0.00846948 0.02689477 -0.04465542
v -0.00840252 0.02689892 -0.04158132
v -0.01359082 0.02470629 -0.03845389
v -0.00825390 0.02691576 -0.03887224
v -0.00261639 0.02806835 -0.03913726
v -0.00260980 0.02807567 -0.04174764
v -0.00259027 0.02806762 -0.03708532
v 0.00291571 0.02803490 -0.03716680
v 0.00304682 0.02802685 -0.03925163
v 0.00818409 0.02693529 -0.03695155
v 0.00845557 0.02686571 -0.03919709
v 0.01305433 0.02498876 -0.03657096
v 0.01339978 0.02481884 -0.03900712
v 0.01270765 0.02516430 -0.03470469
v 0.01687745 0.02256518 -0.03386298
v 0.01731311 0.02224340 -0.03611064
v 0.01642920 0.02290551 -0.03193629
v 0.01997394 0.01989965 -0.03071577
v 0.02046039 0.01939599 -0.03293313
v 0.01947217 0.02036474 -0.02885516
v 0.01598810 0.02318969 -0.03030520
v 0.01889917 0.02090307 -0.02704273
v 0.02180164 0.01782836 -0.02526424
v 0.01549683 0.02352172 -0.02868718
v 0.01828486 0.02144604 -0.02533670
v 0.02110804 0.01866698 -0.02334061
v 0.02035407 0.01953246 -0.02144944
v 0.02266303 0.01674413 -0.01924253
v 0.02340271 0.01568603 -0.02125307
v 0.02222474 0.01812694 -0.01736573
v 0.02395984 0.01561693 -0.01488660
v 0.02446851 0.01401928 -0.01690860
v 0.02580518 0.01133764 -0.01440415
v 0.02535621 0.01310375 -0.01236298
v 0.02684119 0.01080199 -0.01000137
v 0.02700708 0.00877611 -0.01209067
v 0.02753968 0.00848046 -0.00752125
v 0.02707752 0.01299877 -0.00802638
v 0.02769458 0.01077758 -0.00541564
v 0.02792334 0.00607860 -0.00496980
v 0.02805823 0.00838280 -0.00281364
v 0.02813050 0.00364940 -0.00236906
v 0.02821363 0.00596239 -0.00021579
v 0.02822632 0.00124730 0.00024798
v 0.02812500 0.00354369 0.00238986
v 0.02818641 -0.00112159 0.00289952
v 0.02818897 0.00116112 0.00500224
v 0.02801087 -0.00347047 0.00561636
v 0.02817542 -0.00122682 0.00772028
v 0.02770276 -0.00583619 0.00836947
v 0.02767041 -0.00797584 0.00620592
v 0.02796900 -0.00365992 0.01056621
v 0.02718213 -0.00822340 0.01110472
v 0.02709851 -0.01019776 0.00899058
v 0.02571631 -0.01227491 0.01162417
v 0.02615735 -0.01055543 0.01372716
v 0.02430274 -0.01432057 0.01453972
v 0.02503492 -0.01297364 0.01646307
v 0.02281000 -0.01657545 0.01720031
v 0.02326984 -0.01832057 0.01590691
v 0.02358478 -0.01542652 0.01907576
v 0.02093274 -0.01887794 0.01976057
v 0.02116999 -0.02037184 0.01858239
v 0.02183179 -0.02218507 0.01775122
v 0.01872345 -0.02239088 0.02106518
v 0.01932410 -0.02401954 0.02048595
v 0.01988019 -0.02569801 0.01992372
v 0.01645386 -0.02565870 0.02287480
v 0.01694599 -0.02721852 0.02248863
v 0.01736988 -0.02874903 0.02216460
v 0.01367328 -0.02847413 0.02464243
v 0.01403675 -0.02988429 0.02443095
v 0.01436243 -0.03133839 0.02424126
v 0.01041773 -0.03084327 0.02618437
v 0.01067243 -0.03216090 0.02607598
v 0.01090186 -0.03353590 0.02598979
v 0.00677350 -0.03277809 0.02732653
v 0.00694001 -0.03408912 0.02729327
v 0.00711029 -0.03556568 0.02724712
v 0.00285169 -0.03435987 0.02803854
v 0.00295319 -0.03576832 0.02803556
v 0.00306653 -0.03744142 0.02801510
v -0.00131390 -0.03579713 0.02815932
v -0.00123718 -0.03748219 0.02815401
v -0.00559741 -0.03729249 0.02759815
v -0.00561834 -0.03562892 0.02760176
v -0.00996160 -0.03691871 0.02631507
v -0.00992016 -0.03929029 0.02635231
v -0.00993548 -0.03517164 0.02634342
v -0.01425964 -0.03650172 0.02428667
v -0.01426464 -0.03901051 0.02430212
v -0.01412103 -0.04180982 0.02437254
v -0.01831604 -0.03858863 0.02140835
v -0.01824047 -0.04154835 0.02146679
v -0.01801025 -0.04471144 0.02168155
v -0.02183947 -0.04117457 0.01779015
v -0.02169043 -0.04453907 0.01799320
v -0.02461279 -0.04433766 0.01372120
v -0.02470129 -0.04074732 0.01354483
v -0.02665753 -0.04418263 0.00912117
v -0.02668658 -0.04040406 0.00896539
v -0.02781915 -0.04411305 0.00435119
v -0.02780981 -0.04023316 0.00426402
v -0.02817303 -0.04408229 -0.00046246
v -0.02813726 -0.04017213 -0.00032629
v -0.02768219 -0.04021119 -0.00503634
v -0.02767211 -0.04409645 -0.00528853
v -0.02767993 -0.04799195 -0.00556043
v -0.02629998 -0.04419898 -0.01009120
v -0.02621527 -0.04799195 -0.01044683
v -0.02101812 -0.04799171 -0.00909097
v -0.02384143 -0.04799195 -0.01508277
v -0.01877417 -0.04799195 -0.01290074
v -0.01357666 -0.04799195 -0.01096769
v -0.01599987 -0.04799195 -0.01628101
v -0.01098223 -0.04799195 -0.01379800
v -0.00614502 -0.04799195 -0.01215125
v -0.00803826 -0.04799195 -0.01617587
v -0.00355358 -0.04799195 -0.01505290
v 0.00053229 -0.04799195 -0.01423599
v -0.00109594 -0.04799195 -0.01841616
v 0.00297016 -0.04799195 -0.01812169
v 0.00071094 -0.04799195 -0.02306825
v 0.00522998 -0.04799195 -0.02269338
v 0.00169281 -0.04799195 -0.02815904
v 0.00690833 -0.04799195 -0.02734931
v 0.01209369 -0.04799195 -0.02548411
v 0.00707319 -0.04488893 -0.02728422
v 0.01222358 -0.04486695 -0.02540643
v 0.01694513 -0.04480348 -0.02253477
v 0.01226337 -0.04190748 -0.02537898
v 0.01692310 -0.04172242 -0.02254286
v 0.00716254 -0.04198219 -0.02724548
v 0.00716602 -0.03936183 -0.02723590
v 0.00196100 -0.03945899 -0.02812938
v 0.00197773 -0.03736207 -0.02812809
v 0.00709931 -0.03713697 -0.02723964
v 0.00197040 -0.03560890 -0.02814061
v 0.00700507 -0.03534889 -0.02729006
v 0.00194825 -0.03421119 -0.02813279
v 0.00687610 -0.03382789 -0.02732123
v 0.00192609 -0.03283155 -0.02812860
v 0.00673304 -0.03239747 -0.02734876
v 0.00189209 -0.03152687 -0.02814100
v 0.00657489 -0.03103517 -0.02740193
v 0.00184052 -0.03024000 -0.02815819
v 0.00638508 -0.02971730 -0.02746632
v 0.00178962 -0.02890211 -0.02817701
v 0.00615735 -0.02831105 -0.02752355
v 0.01030341 -0.02717164 -0.02626755
v 0.00616022 -0.02750318 -0.02816672
v 0.01027582 -0.02627003 -0.02703129
v 0.00180408 -0.02816090 -0.02874068
v 0.00189124 -0.02813600 -0.03003351
v 0.00642963 -0.02742457 -0.02951098
v -0.00274353 -0.02807276 -0.02992592
v -0.00284338 -0.02805543 -0.03123796
v 0.00195905 -0.02811720 -0.03130099
v -0.00292761 -0.02804396 -0.03256164
v 0.00202765 -0.02809620 -0.03263893
v -0.00300763 -0.02803175 -0.03395152
v 0.00209241 -0.02809230 -0.03398964
v -0.00798101 -0.02700025 -0.03344021
v -0.00307635 -0.02802149 -0.03534448
v -0.00818481 -0.02694166 -0.03498326
v -0.01267340 -0.02516163 -0.03256999
v -0.01299054 -0.02500611 -0.03427941
v -0.01326751 -0.02485328 -0.03619063
v -0.01730902 -0.02224415 -0.03316086
v -0.01765527 -0.02196632 -0.03548107
v -0.01790618 -0.02175587 -0.03812142
v -0.02165759 -0.01802882 -0.03737551
v -0.02176263 -0.01788868 -0.04070870
v -0.01807617 -0.02161134 -0.04119584
v -0.02468090 -0.01356959 -0.04018320
v -0.02466906 -0.01362135 -0.03655536
v -0.02675250 -0.00873707 -0.03972093
v -0.02679797 -0.00855665 -0.03573406
v -0.02792346 -0.00358009 -0.03939901
v -0.02787243 -0.00417994 -0.04371796
v -0.02799499 -0.00307374 -0.03496982
v -0.02808996 0.00155321 -0.03937742
v -0.02814349 0.00097606 -0.04370153
v -0.02748980 0.00630004 -0.04378991
v -0.02732470 0.00684691 -0.03962771
v -0.02568884 0.01154857 -0.04399468
v -0.02545855 0.01202465 -0.04003328
v -0.02250811 0.01685863 -0.04052947
v -0.02512316 0.01271776 -0.03647458
v -0.02214849 0.01738769 -0.03722211
v -0.01825848 0.02146386 -0.03788186
v -0.02167547 0.01800097 -0.03421606
v -0.01781475 0.02183642 -0.03509652
v -0.01323425 0.02490697 -0.03600651
v -0.01732342 0.02223461 -0.03299776
v -0.01285443 0.02510692 -0.03416633
v -0.00805865 0.02697411 -0.03673234
v -0.00784796 0.02705761 -0.03494494
v -0.01244641 0.02530419 -0.03241982
v -0.00762567 0.02711181 -0.03343497
v -0.00254809 0.02807934 -0.03535810
v -0.00249987 0.02806908 -0.03398084
v 0.00268274 0.02807934 -0.03399252
v 0.00279572 0.02806371 -0.03545981
v 0.00769037 0.02709594 -0.03368591
v 0.00794507 0.02702758 -0.03523213
v 0.00744550 0.02715600 -0.03228487
v 0.01196735 0.02550072 -0.03150983
v 0.01231598 0.02534911 -0.03295297
v 0.01157935 0.02568627 -0.03000698
v 0.00719751 0.02723485 -0.03093830
v 0.01115809 0.02588402 -0.02856504
v 0.01494526 0.02388769 -0.02711346
v 0.00692084 0.02733129 -0.02959866
v 0.01066791 0.02610888 -0.02712870
v 0.01433442 0.02427392 -0.02555396
v 0.01408558 0.02507299 -0.02442577
v 0.01725074 0.02299389 -0.02231225
v 0.01756928 0.02206469 -0.02360840
v 0.01788862 0.02462475 -0.02179589
v 0.02067255 0.02239940 -0.01914243
v 0.01999231 0.02064647 -0.01992502
v 0.02133942 0.02430077 -0.01834744
v 0.02363971 0.02204613 -0.01526464
v 0.02296131 0.02002147 -0.01632019
v 0.02475147 0.01759496 -0.01349617
v 0.02546436 0.01969970 -0.01206582
v 0.02609131 0.01519945 -0.01071352
v 0.02675367 0.01747948 -0.00888944
v 0.02753650 0.01541747 -0.00594297
v 0.02733704 0.01997729 -0.00685815
v 0.02792713 0.01799315 -0.00367114
v 0.02799390 0.01318334 -0.00322369
v 0.02818897 0.01551488 -0.00083649
v 0.02820350 0.01069652 -0.00056424
v 0.02813660 0.01291771 0.00180196
v 0.02812757 0.00822924 0.00201344
v 0.02786231 0.01041845 0.00435194
v 0.02792933 0.00581176 0.00456100
v 0.02760877 0.00807763 0.00680932
v 0.02800855 0.00346801 0.00712985
v 0.02771656 0.00582177 0.00928682
v 0.02796241 0.00353100 0.01187032
v 0.02819056 0.00107201 0.00980051
v 0.02817798 0.00118285 0.01464461
v 0.02816553 -0.00139405 0.01262218
v 0.02815760 -0.00133888 0.01771327
v 0.02790601 -0.00395191 0.01571075
v 0.02751343 -0.00617677 0.01341390
v 0.02736414 -0.00673829 0.01876862
v 0.02677405 -0.00879859 0.01610645
v 0.02575745 -0.01144703 0.01860362
v 0.02646668 -0.00967359 0.02106451
v 0.02504065 -0.01289576 0.02330501
v 0.02433216 -0.01420240 0.02111662
v 0.02243659 -0.01701783 0.02342616
v 0.02172004 -0.01794337 0.02152013
v 0.02309070 -0.01609767 0.02545132
v 0.02006409 -0.01976808 0.02551942
v 0.01939759 -0.02043238 0.02378419
v 0.01867804 -0.02111280 0.02215694
v 0.01665125 -0.02272584 0.02583600
v 0.01604877 -0.02318043 0.02431607
v 0.01594568 -0.02416578 0.02325871
v 0.01301300 -0.02502516 0.02613194
v 0.01283307 -0.02569801 0.02513651
v 0.01325489 -0.02703980 0.02489091
v 0.00949237 -0.02697804 0.02655778
v 0.00981763 -0.02820509 0.02643380
v 0.01013623 -0.02951881 0.02629337
v 0.00619068 -0.02903053 0.02749543
v 0.00640644 -0.03026271 0.02743749
v 0.00659955 -0.03152394 0.02737512
v 0.00253046 -0.03066871 0.02808237
v 0.00263965 -0.03189869 0.02806538
v 0.00275043 -0.03311085 0.02804157
v -0.00141674 -0.03189112 0.02814762
v -0.00139740 -0.03311158 0.02813621
v -0.00136505 -0.03440431 0.02814858
v -0.00556384 -0.03278956 0.02760278
v -0.00559948 -0.03410328 0.02760720
v -0.00983813 -0.03352906 0.02639093
v -0.00972528 -0.03216017 0.02641947
v -0.01397900 -0.03275123 0.02445840
v -0.01416095 -0.03450953 0.02435073
v -0.01376062 -0.03123463 0.02456113
v -0.01782122 -0.03160255 0.02182102
v -0.01808129 -0.03365162 0.02160844
v -0.01825213 -0.03598365 0.02146299
v -0.02155755 -0.03256275 0.01816065
v -0.02176507 -0.03516432 0.01790813
v -0.02186889 -0.03801075 0.01777015
v -0.02462139 -0.03420094 0.01370333
v -0.02471667 -0.03736085 0.01353839
v -0.02670794 -0.03680006 0.00891830
v -0.02665283 -0.03322877 0.00911076
v -0.02781543 -0.03634693 0.00426064
v -0.02781774 -0.03245387 0.00441983
v -0.02812805 -0.03613844 -0.00017425
v -0.02814965 -0.03217604 -0.00002211
v -0.02771759 -0.03256422 -0.00493956
v -0.02767987 -0.03633644 -0.00490022
v -0.02637353 -0.03334400 -0.00991408
v -0.02640289 -0.03680641 -0.00976104
v -0.02637915 -0.04041432 -0.00984111
v -0.02414990 -0.03740187 -0.01443290
v -0.02412963 -0.04075660 -0.01443996
v -0.02403955 -0.04436817 -0.01468470
v -0.02105249 -0.04108863 -0.01865797
v -0.02094464 -0.04448316 -0.01887359
v -0.02065301 -0.04799195 -0.01921187
v -0.01712152 -0.04459498 -0.02238926
v -0.01683392 -0.04799195 -0.02263171
v -0.01272998 -0.04799195 -0.01895227
v -0.01261633 -0.04799195 -0.02523555
v -0.01284301 -0.04471266 -0.02510195
v -0.01295044 -0.04162184 -0.02504259
v -0.00824347 -0.04184254 -0.02695163
v -0.00820721 -0.04479469 -0.02697127
v -0.00326483 -0.04197682 -0.02800596
v -0.00331976 -0.04485621 -0.02800698
v 0.00182251 -0.04490016 -0.02814163
v 0.00191425 -0.04202027 -0.02813777
v -0.00321838 -0.03940553 -0.02800821
v -0.00822039 -0.03919093 -0.02696439
v -0.00315319 -0.03731227 -0.02801433
v -0.00812304 -0.03697779 -0.02698286
v -0.00308306 -0.03552003 -0.02802924
v -0.00799688 -0.03519142 -0.02703223
v -0.00301348 -0.03409522 -0.02802257
v -0.00783514 -0.03359034 -0.02706846
v -0.00293377 -0.03274342 -0.02802732
v -0.00767077 -0.03219850 -0.02710770
v -0.00284655 -0.03144898 -0.02805503
v -0.00748309 -0.03085938 -0.02717414
v -0.00276123 -0.03018189 -0.02807329
v -0.00726452 -0.02954225 -0.02724835
v -0.00266107 -0.02883961 -0.02809583
v -0.00701684 -0.02816529 -0.02733644
v -0.00263995 -0.02808839 -0.02866087
v -0.00698700 -0.02733277 -0.02794564
v -0.01111834 -0.02690504 -0.02591107
v -0.01104626 -0.02592604 -0.02662070
v -0.00726965 -0.02723585 -0.02927986
v -0.01153338 -0.02570118 -0.02802372
v -0.00753924 -0.02713795 -0.03063224
v -0.01196417 -0.02548854 -0.02948887
v -0.00777453 -0.02705421 -0.03201224
v -0.01233783 -0.02530714 -0.03100431
v -0.01647747 -0.02283399 -0.02948572
v -0.01690802 -0.02254005 -0.03122333
v -0.02060656 -0.01921510 -0.02953602
v -0.02107440 -0.01869923 -0.03183474
v -0.02371844 -0.01516603 -0.02768552
v -0.02419744 -0.01437843 -0.03031246
v -0.02450744 -0.01390064 -0.03321756
v -0.02142047 -0.01831007 -0.03446478
v -0.02680658 -0.00862599 -0.03186553
v -0.02609503 -0.01055982 -0.02553818
v -0.02309619 -0.01608595 -0.02538059
v -0.02546539 -0.01200367 -0.02300434
v -0.02476751 -0.01339039 -0.02070166
v -0.02640802 -0.00973292 -0.01788439
v -0.02705682 -0.00780274 -0.02038275
v -0.02246148 -0.01697999 -0.02330713
v -0.02174023 -0.01791896 -0.02133480
v -0.01950421 -0.02031153 -0.02569997
v -0.01884430 -0.02094532 -0.02392520
v -0.01814856 -0.02159132 -0.02230466
v -0.01542144 -0.02358863 -0.02619697
v -0.01480468 -0.02398341 -0.02472589
v -0.01493878 -0.02514454 -0.02391085
v -0.01840533 -0.02303102 -0.02136346
v -0.01902368 -0.02480567 -0.02077577
v -0.02201770 -0.02251368 -0.01750909
v -0.02135595 -0.02055885 -0.01837681
v -0.01549249 -0.02676246 -0.02354490
v -0.01593383 -0.02837452 -0.02322990
v -0.01955389 -0.02660182 -0.02024819
v -0.01152600 -0.02835426 -0.02572545
v -0.01187579 -0.02980323 -0.02556273
v -0.01217010 -0.03127247 -0.02542028
v -0.01632006 -0.03001979 -0.02296071
v -0.01665533 -0.03168385 -0.02273824
v -0.02041473 -0.03038746 -0.01942454
v -0.02002453 -0.02847145 -0.01981090
v -0.01241613 -0.03275538 -0.02530987
v -0.01266430 -0.03452809 -0.02518690
v -0.01694458 -0.03359889 -0.02249257
v -0.01715704 -0.03572511 -0.02232973
v -0.02095025 -0.03508473 -0.01879342
v -0.02071423 -0.03253956 -0.01906585
v -0.01283569 -0.03638331 -0.02509065
v -0.01295434 -0.03883302 -0.02505357
v -0.01728662 -0.03840553 -0.02226261
v -0.01726702 -0.04137184 -0.02225300
v -0.02108441 -0.03796290 -0.01867866
v -0.02406945 -0.03426222 -0.01461642
v -0.02386291 -0.03134205 -0.01496322
v -0.02626763 -0.03012672 -0.01022671
v -0.02357409 -0.02896485 -0.01541893
v -0.02604254 -0.02729957 -0.01079652
v -0.02312463 -0.02663990 -0.01605297
v -0.02565307 -0.02461915 -0.01168266
v -0.02507977 -0.02220851 -0.01275666
v -0.02259149 -0.02450147 -0.01672233
v -0.02446240 -0.01999171 -0.01394638
v -0.02629577 -0.01731251 -0.01010892
v -0.02562054 -0.01510475 -0.01175613
v -0.02377197 -0.01789063 -0.01514851
v -0.02501544 -0.01302662 -0.01351046
v -0.02329083 -0.01592872 -0.01657083
v -0.02094964 -0.01885987 -0.01953404
v -0.02572869 -0.01146192 -0.01559316
v -0.02404913 -0.01469117 -0.01856917
v -0.02701165 -0.00843360 -0.01280567
v -0.02745910 -0.00639820 -0.01526590
v -0.02796655 -0.00342115 -0.01262654
v -0.02787481 -0.00416896 -0.01787953
v -0.02816760 -0.00106544 -0.01503557
v -0.02812316 0.00162353 -0.01706625
v -0.02811621 0.00178270 -0.01210806
v -0.02782238 0.00445995 -0.01418275
v -0.02771283 0.00500316 -0.01900219
v -0.02713275 0.00758397 -0.01638365
v -0.02669848 0.00901806 -0.02111893
v -0.02733392 0.00687645 -0.02397280
v -0.02592083 0.01102733 -0.01869378
v -0.02504901 0.01288744 -0.02334894
v -0.02577020 0.01141112 -0.02583435
v -0.02349334 0.01555126 -0.02774959
v -0.02413513 0.01450243 -0.03026826
v -0.02636663 0.00989354 -0.02868620
v -0.02469415 0.01358837 -0.03314471
v -0.02680542 0.00865795 -0.03199900
v -0.02710302 0.00763109 -0.03569567
v -0.02803015 0.00228148 -0.03501168
v -0.02110125 0.01865575 -0.03167808
v -0.02048767 0.01934374 -0.02953245
v -0.01678326 0.02264477 -0.03112531
v -0.01984283 0.01998095 -0.02763506
v -0.01623895 0.02301586 -0.02944090
v -0.01205914 0.02548266 -0.03092904
v -0.01565368 0.02342846 -0.02781527
v -0.01162915 0.02568163 -0.02948575
v -0.00740063 0.02717016 -0.03204708
v -0.00715191 0.02725097 -0.03068811
v -0.00244336 0.02807226 -0.03262821
v -0.00237884 0.02809789 -0.03130414
v 0.00248993 0.02810668 -0.03138301
v 0.00258350 0.02809105 -0.03269262
v 0.00239570 0.02812084 -0.03012163
v -0.00231237 0.02811815 -0.03006329
v 0.00226050 0.02813866 -0.02881261
v 0.00660639 0.02743383 -0.02824033
v -0.00221002 0.02814037 -0.02875149
v 0.00222791 0.02876586 -0.02813843
v 0.00652356 0.02808202 -0.02745173
v 0.00673035 0.02942602 -0.02738423
v 0.01087653 0.02823632 -0.02601841
v 0.01051050 0.02682836 -0.02618124
v 0.01120179 0.02968871 -0.02586800
v 0.01506629 0.02818871 -0.02380890
v 0.01460425 0.02660033 -0.02410226
v 0.01547883 0.02981566 -0.02353243
v 0.01901123 0.02817284 -0.02079708
v 0.01847474 0.02637987 -0.02127654
v 0.01946473 0.03004491 -0.02038924
v 0.02250025 0.02840893 -0.01696305
v 0.02195203 0.02630346 -0.01760631
v 0.02430237 0.02422899 -0.01421610
v 0.02492395 0.02653100 -0.01314470
v 0.02615027 0.02200414 -0.01051667
v 0.02671631 0.02455736 -0.00900598
v 0.02298102 0.03077807 -0.01629283
v 0.02542847 0.02915526 -0.01211692
v 0.02579212 0.03228319 -0.01134518
v 0.02742395 0.03103783 -0.00642235
v 0.02337726 0.03348949 -0.01574085
v 0.02598621 0.03589965 -0.01082832
v 0.02750122 0.03517162 -0.00591666
v 0.02755518 0.03938061 -0.00572767
v 0.02813013 0.03930395 -0.00067763
v 0.02813428 0.03485424 -0.00072199
v 0.02774036 0.03534081 0.00477055
v 0.02765577 0.03139745 0.00525122
v 0.02779297 0.03952367 0.00453035
v 0.02627295 0.03626854 0.01014774
v 0.02604859 0.03271435 0.01070875
v 0.02350843 0.03390746 0.01554240
v 0.02569971 0.02943993 0.01153544
v 0.02309961 0.03105053 0.01615236
v 0.02517713 0.02672729 0.01263603
v 0.02704017 0.02472606 0.00788240
v 0.02643299 0.02200609 0.00968174
v 0.02762098 0.01974437 0.00545903
v 0.02812403 0.01763451 0.00188689
v 0.02705408 0.01717479 0.00781295
v 0.02781678 0.01497973 0.00452843
v 0.02738282 0.01258959 0.00691439
v 0.02640784 0.01491503 0.00986724
v 0.02705274 0.01040648 0.00921748
v 0.02567774 0.01277514 0.01166766
v 0.02713636 0.00835497 0.01151611
v 0.02596412 0.01102245 0.01376822
v 0.02661048 0.00933227 0.01612462
v 0.02749231 0.00627367 0.01394871
v 0.02714881 0.00753808 0.01862512
v 0.02788660 0.00403856 0.01663044
v 0.02761817 0.00569506 0.02143477
v 0.02813770 0.00181835 0.01958648
v 0.02791797 0.00378539 0.02468670
v 0.02642908 0.00981615 0.02331713
v 0.02689429 0.00845751 0.02619134
v 0.02509034 0.01285570 0.02774763
v 0.02550684 0.01201879 0.03041623
v 0.02721045 0.00725951 0.02930511
v 0.02580811 0.01131957 0.03349147
v 0.02741443 0.00648485 0.03265917
v 0.02601416 0.01077855 0.03685661
v 0.02750647 0.00592431 0.03625824
v 0.02811512 0.00124828 0.03195769
v 0.02809046 0.00092699 0.03577725
v 0.02785633 -0.00405812 0.03563912
v 0.02810791 0.00080272 0.03989408
v 0.02788575 -0.00387843 0.03981109
v 0.02692334 -0.00826490 0.03992837
v 0.02791297 -0.00386207 0.04391559
v 0.02697278 -0.00819630 0.04394397
v 0.02533875 -0.01231422 0.04406548
v 0.02524842 -0.01247755 0.04021716
v 0.02793580 -0.00387257 0.04799316
v 0.02701734 -0.00819825 0.04799316
v 0.02539637 -0.01225855 0.04799316
v 0.02359449 -0.00718287 0.04799316
v 0.02220887 -0.01084547 0.04799316
v 0.02310370 -0.01618360 0.04799316
v 0.02302088 -0.01624171 0.04426884
v 0.02286310 -0.01644752 0.04064433
v 0.01994080 -0.01991944 0.04448202
v 0.01978705 -0.02006251 0.04112523
v 0.01951941 -0.02032789 0.03800026
v 0.02261628 -0.01681080 0.03730338
v 0.01607648 -0.02313575 0.04151089
v 0.01585383 -0.02330323 0.03859527
v 0.01554956 -0.02349757 0.03600916
v 0.01915589 -0.02066651 0.03530064
v 0.01189606 -0.02553297 0.04176466
v 0.01173652 -0.02560426 0.03900574
v 0.01149079 -0.02569508 0.03657407
v 0.01124183 -0.02582887 0.03475280
v 0.01520386 -0.02372804 0.03392730
v 0.00713245 -0.02721705 0.03708773
v 0.00700013 -0.02727589 0.03534734
v 0.00684082 -0.02731397 0.03385681
v 0.00253882 -0.02808302 0.03564697
v 0.00250800 -0.02807838 0.03421732
v 0.00248542 -0.02807472 0.03295876
v -0.00193017 -0.02811378 0.03427126
v -0.00184393 -0.02811061 0.03297077
v -0.00175055 -0.02812916 0.03174702
v -0.00615826 -0.02747364 0.03260825
v -0.00593847 -0.02753272 0.03137537
v -0.00570581 -0.02758717 0.03011458
v -0.01003936 -0.02632740 0.03058449
v -0.00967846 -0.02646510 0.02927222
v -0.00925286 -0.02662257 0.02791175
v -0.01343487 -0.02478175 0.02800593
v -0.01288440 -0.02509815 0.02653605
v -0.01247064 -0.02556690 0.02529737
v -0.01627154 -0.02301075 0.02481988
v -0.01575470 -0.02366505 0.02340169
v -0.01623223 -0.02506202 0.02303993
v -0.01866186 -0.02136671 0.02113335
v -0.01925799 -0.02288453 0.02056766
v -0.01985418 -0.02459938 0.01998958
v -0.02189074 -0.02044605 0.01775563
v -0.02253729 -0.02235890 0.01688296
v -0.02310308 -0.02429420 0.01607721
v -0.02470532 -0.01985230 0.01351756
v -0.02531939 -0.02200270 0.01233390
v -0.02583422 -0.02431617 0.01119997
v -0.02363214 -0.02641871 0.01529758
v -0.02634784 -0.01709840 0.00998714
v -0.02689563 -0.01945240 0.00833903
v -0.02405065 -0.01778956 0.01469738
v -0.02573742 -0.01490089 0.01152087
v -0.02704315 -0.01214894 0.00838681
v -0.02748230 -0.01447145 0.00635347
v -0.02772515 -0.00960133 0.00548495
v -0.02799993 -0.01217750 0.00321503
v -0.02808300 -0.00716334 0.00277169
v -0.02818573 -0.00969215 0.00031785
v -0.02808520 -0.01204249 -0.00237167
v -0.02810180 -0.00727394 -0.00236015
v -0.02777288 -0.00972999 -0.00511315
v -0.02753375 -0.01462940 -0.00600517
v -0.02797772 -0.01707911 -0.00328340
v -0.02705877 -0.01238526 -0.00834446
v -0.02693475 -0.01972535 -0.00823218
v -0.02755682 -0.00760548 -0.00762749
v -0.02674804 -0.01032472 -0.01051535
v -0.02791949 -0.00499024 -0.00491979
v -0.02806012 -0.00280323 -0.00741701
v -0.02770135 -0.00555274 -0.01010488
v -0.02820221 -0.00013966 -0.00479792
v -0.02812274 0.00214037 -0.00719350
v -0.02819049 -0.00057569 -0.00984717
v -0.02785376 0.00451293 -0.00946248
v -0.02794494 0.00479320 -0.00466550
v -0.02761798 0.00710180 -0.00705109
v -0.02736285 0.00709569 -0.01171487
v -0.02706842 0.00952392 -0.00946435
v -0.02641449 0.00989062 -0.01399418
v -0.02562866 0.01195580 -0.01181695
v -0.02512567 0.01277831 -0.01654572
v -0.02420501 0.01449437 -0.01453571
v -0.02343597 0.01563915 -0.01912406
v -0.02427703 0.01426464 -0.02112865
v -0.02251641 0.01698559 -0.01730214
v -0.02120159 0.01853881 -0.02168224
v -0.02199487 0.01753490 -0.02355565
v -0.01914148 0.02065307 -0.02582871
v -0.02273700 0.01654955 -0.02555577
v -0.01839764 0.02136913 -0.02410979
v -0.01502447 0.02384520 -0.02627528
v -0.01763513 0.02203222 -0.02258584
v -0.01435009 0.02426806 -0.02482136
v -0.01116180 0.02589257 -0.02806206
v -0.01065704 0.02611669 -0.02669170
v -0.00687292 0.02734887 -0.02936085
v -0.00657220 0.02744384 -0.02803577
v -0.01072747 0.02717309 -0.02607974
v -0.00657812 0.02828222 -0.02743672
v -0.01108422 0.02867040 -0.02591405
v -0.00679779 0.02967016 -0.02736085
v -0.00230554 0.03015453 -0.02812707
v -0.00697729 0.03102196 -0.02729397
v -0.00236151 0.03141747 -0.02811448
v 0.00233558 0.03132665 -0.02810712
v 0.00229358 0.03008275 -0.02812082
v -0.00220880 0.02883471 -0.02814184
v 0.00238483 0.03264354 -0.02808711
v 0.00706696 0.03211718 -0.02725971
v 0.00691047 0.03075145 -0.02731560
v 0.00720264 0.03350634 -0.02722634
v 0.01173389 0.03268114 -0.02563939
v 0.01147406 0.03113280 -0.02574845
v 0.01197791 0.03434252 -0.02553409
v 0.01618451 0.03334984 -0.02305104
v 0.01583637 0.03147045 -0.02330350
v 0.01645160 0.03535521 -0.02284938
v 0.02022583 0.03448876 -0.01959682
v 0.01989942 0.03214281 -0.01996449
v 0.02048487 0.03743236 -0.01935281
v 0.02361390 0.03671483 -0.01534000
v 0.01668610 0.03806371 -0.02270265
v 0.02059546 0.04069262 -0.01917952
v 0.02371711 0.04022826 -0.01511871
v 0.02373987 0.04407714 -0.01516122
v 0.02610218 0.04384008 -0.01062408
v 0.02607850 0.03973559 -0.01057294
v 0.02608301 0.04800805 -0.01082176
v 0.02760083 0.04800805 -0.00588809
v 0.02759888 0.04369579 -0.00577005
v 0.02820032 0.04800805 -0.00075067
v 0.02815894 0.04366625 -0.00071659
v 0.02782654 0.04376464 0.00449702
v 0.02783594 0.04800805 0.00454598
v 0.02645057 0.04399535 0.00974704
v 0.02640540 0.03999169 0.00982063
v 0.02642310 0.04800805 0.00986038
v 0.02401160 0.04421801 0.01474126
v 0.02396521 0.04050976 0.01480162
v 0.02056885 0.04101244 0.01924388
v 0.02040235 0.03782543 0.01943585
v 0.02379804 0.03708910 0.01508366
v 0.01620813 0.03849730 0.02305713
v 0.01594440 0.03590062 0.02322451
v 0.02011292 0.03501537 0.01973937
v 0.01972937 0.03252514 0.02013340
v 0.01564270 0.03374389 0.02343819
v 0.01526783 0.03190233 0.02366306
v 0.01925745 0.03033593 0.02058489
v 0.02256733 0.02856688 0.01687150
v 0.01486530 0.03022533 0.02391074
v 0.01876191 0.02846020 0.02101015
v 0.02199793 0.02643847 0.01757751
v 0.02455872 0.02426757 0.01380154
v 0.01821015 0.02670263 0.02148611
v 0.02136573 0.02445385 0.01833800
v 0.02387799 0.02205883 0.01492971
v 0.02575440 0.01954809 0.01136393
v 0.02316675 0.02002099 0.01602515
v 0.02505384 0.01742089 0.01288983
v 0.02426917 0.01545727 0.01436007
v 0.02239557 0.01815331 0.01711818
v 0.02455762 0.01386254 0.01631651
v 0.02268525 0.01671386 0.01886882
v 0.02523926 0.01250292 0.01844548
v 0.02334986 0.01573119 0.02085448
v 0.02394049 0.01475927 0.02293711
v 0.02586853 0.01110131 0.02075719
v 0.02081208 0.01896361 0.02325774
v 0.02141791 0.01823339 0.02513851
v 0.02454273 0.01382665 0.02524525
v 0.02198999 0.01757958 0.02714838
v 0.01824341 0.02146825 0.02717038
v 0.01873786 0.02104784 0.02890831
v 0.01918610 0.02066259 0.03073988
v 0.02249671 0.01695727 0.02928413
v 0.01959668 0.02025487 0.03277537
v 0.02292041 0.01635253 0.03160467
v 0.01996119 0.01989672 0.03514944
v 0.02331647 0.01581347 0.03439875
v 0.02022553 0.01962206 0.03799523
v 0.02357642 0.01537377 0.03744141
v 0.02038733 0.01940038 0.04109234
v 0.02373975 0.01507445 0.04077294
v 0.02614087 0.01044237 0.04040518
v 0.02757727 0.00561083 0.04007999
v 0.02623621 0.01027807 0.04415855
v 0.02763721 0.00548339 0.04402157
v 0.02816028 0.00072484 0.04393988
v 0.02629932 0.01022167 0.04799316
v 0.02771021 0.00540893 0.04799316
v 0.02820386 0.00067846 0.04799316
v 0.02398725 0.00451586 0.04799316
v 0.02444068 0.00040111 0.04799316
v 0.02428406 -0.00343189 0.04799316
v 0.02075586 0.00003295 0.04799316
v 0.02071332 -0.00328980 0.04799316
v 0.02023804 -0.00658473 0.04799316
v 0.01703913 -0.00337330 0.04799316
v 0.01677454 -0.00635035 0.04799316
v 0.01358411 -0.00351441 0.04799316
v 0.01357264 -0.00642359 0.04799316
v 0.01047998 -0.00349830 0.04799316
v 0.01049097 -0.00658619 0.04799316
v 0.01072559 -0.00978077 0.04799316
v 0.01137348 -0.01324732 0.04799316
v 0.00761383 -0.00664723 0.04799316
v 0.00782764 -0.01022047 0.04799316
v 0.00832264 -0.01409889 0.04799316
v 0.00919910 -0.01804566 0.04799316
v 0.01250617 -0.01688697 0.04799316
v 0.00487073 -0.01043873 0.04799316
v 0.00512684 -0.01458473 0.04799316
v 0.00567719 -0.01878492 0.04799316
v 0.00645313 -0.02299977 0.04799316
v 0.00196058 -0.01914137 0.04799316
v 0.00219324 -0.02358131 0.04799316
v 0.00252710 -0.02810328 0.04799316
v 0.00736127 -0.02722096 0.04799316
v -0.00206994 -0.02355177 0.04799316
v -0.00247851 -0.02810572 0.04799316
v -0.00241473 -0.02808912 0.04487392
v -0.00738714 -0.02721388 0.04799316
v -0.00731066 -0.02720362 0.04481464
v -0.00717956 -0.02722462 0.04187687
v -0.01198382 -0.02549562 0.04472076
v -0.01181250 -0.02555543 0.04168066
v -0.01159869 -0.02567042 0.03896403
v -0.01606353 -0.02314015 0.04143787
v -0.01583178 -0.02331886 0.03858670
v -0.01548339 -0.02353150 0.03601138
v -0.01953497 -0.02030152 0.03819395
v -0.01918487 -0.02060060 0.03539562
v -0.01880468 -0.02093727 0.03317012
v -0.02232910 -0.01714991 0.03477594
v -0.02196399 -0.01761769 0.03213378
v -0.02155609 -0.01812452 0.02994726
v -0.02456219 -0.01382301 0.03101569
v -0.02421337 -0.01441236 0.02851846
v -0.02375085 -0.01511988 0.02622198
v -0.02650286 -0.00951319 0.02986913
v -0.02628955 -0.01016651 0.02692828
v -0.02594195 -0.01102760 0.02431331
v -0.02539502 -0.01213648 0.02190742
v -0.02769323 -0.00523243 0.02526492
v -0.02707342 -0.00777589 0.01963212
v -0.02650152 -0.00959254 0.01724498
v -0.02802606 -0.00289356 0.01714184
v -0.02763440 -0.00546656 0.01471788
v -0.02714819 -0.00779908 0.01242101
v -0.02810357 -0.00192774 0.01231744
v -0.02782312 -0.00462428 0.00989933
v -0.02812201 -0.00198780 0.00758448
v -0.02798260 -0.00460035 0.00513615
v -0.02754583 -0.00714015 0.00765143
v -0.02685223 -0.00993580 0.01033508
v -0.02513250 -0.01279127 0.01311537
v -0.02584283 -0.01123365 0.01506151
v -0.02339141 -0.01579249 0.01593329
v -0.02411981 -0.01454566 0.01775245
v -0.02191546 -0.01770045 0.02033307
v -0.02258697 -0.01676075 0.02219019
v -0.02477838 -0.01333204 0.01974679
v -0.01995208 -0.01985963 0.02443053
v -0.02052905 -0.01920826 0.02613207
v -0.02319220 -0.01590992 0.02407766
v -0.01743298 -0.02211207 0.02793925
v -0.01791803 -0.02172462 0.02954860
v -0.02107836 -0.01862159 0.02801337
v -0.01434478 -0.02424586 0.03086525
v -0.01473217 -0.02401832 0.03235793
v -0.01838659 -0.02134181 0.03122689
v -0.01068292 -0.02608448 0.03328096
v -0.01100354 -0.02594508 0.03487213
v -0.01512243 -0.02377589 0.03409290
v -0.00657635 -0.02737989 0.03540162
v -0.00679400 -0.02730152 0.03712463
v -0.01130639 -0.02578419 0.03663930
v -0.00213324 -0.02809327 0.03737575
v -0.00223712 -0.02809230 0.03943802
v -0.00700488 -0.02725953 0.03927402
v 0.00256873 -0.02807252 0.03944311
v 0.00256372 -0.02807643 0.04199889
v -0.00233252 -0.02808863 0.04198820
v 0.00734266 -0.02718141 0.04191446
v 0.00737732 -0.02718629 0.04484639
v 0.00255024 -0.02807984 0.04488206
v 0.01198151 -0.02550367 0.04478934
v 0.01198652 -0.02551979 0.04799316
v 0.01623169 -0.02306593 0.04799316
v 0.01422608 -0.02013014 0.04799316
v 0.01044519 -0.02184840 0.04799316
v 0.01753431 -0.01750685 0.04799316
v 0.02000702 -0.01991310 0.04799316
v 0.02025635 -0.01434303 0.04799316
v 0.01550788 -0.01498268 0.04799316
v 0.01620984 -0.02305079 0.04466930
v 0.00725928 -0.02719654 0.03929745
v 0.00256647 -0.02807032 0.03736130
v -0.00202954 -0.02811402 0.03565422
v -0.00636322 -0.02742970 0.03391302
v -0.01036492 -0.02620118 0.03189069
v -0.01390338 -0.02450831 0.02940807
v -0.01687921 -0.02254518 0.02638642
v -0.01928637 -0.02052784 0.02273644
v -0.02122955 -0.01878028 0.01856044
v -0.02816619 -0.00218775 0.00267578
v -0.02820770 -0.00476734 0.00018522
v -0.02822332 0.00018749 0.00020155
v -0.02814111 -0.00241480 -0.00233391
v -0.02820184 0.00044433 0.00516526
v -0.02815734 0.00282396 0.00268702
v -0.02816247 0.00250927 -0.00225327
v -0.02820776 0.00517748 0.00023310
v -0.02811578 0.00748510 -0.00223032
v -0.02807635 0.00787987 0.00270751
v -0.02818945 0.01026293 0.00021989
v -0.02782263 0.00971825 -0.00474140
v -0.02809484 0.01250219 -0.00238449
v -0.02767657 0.01461449 -0.00527367
v -0.02730865 0.01199242 -0.00740591
v -0.02685839 0.01683324 -0.00851629
v -0.02627282 0.01432323 -0.01022916
v -0.02491540 0.01681322 -0.01317751
v -0.02553344 0.01911181 -0.01186033
v -0.02314990 0.01917138 -0.01606921
v -0.02374737 0.02136449 -0.01513699
v -0.02078582 0.02139159 -0.01903898
v -0.02035516 0.01952758 -0.02001410
v -0.02141088 0.02341918 -0.01830958
v -0.01791412 0.02358275 -0.02179283
v -0.01847052 0.02542748 -0.02128258
v -0.01452612 0.02555517 -0.02415238
v -0.01499176 0.02722094 -0.02385435
v -0.01893945 0.02722338 -0.02085992
v -0.01538678 0.02885058 -0.02358933
v -0.01136956 0.03014696 -0.02578075
v -0.01570745 0.03049096 -0.02337715
v -0.01161340 0.03162841 -0.02566385
v -0.00712463 0.03235814 -0.02724288
v -0.01180108 0.03312255 -0.02558506
v -0.00724505 0.03373217 -0.02721663
v -0.00240972 0.03272313 -0.02810236
v -0.00245373 0.03407348 -0.02809701
v -0.00249902 0.03539843 -0.02809193
v 0.00245691 0.03534301 -0.02810671
v 0.00242945 0.03400463 -0.02809068
v 0.00248334 0.03714867 -0.02811650
v 0.00744239 0.03683666 -0.02715981
v 0.00733320 0.03505346 -0.02719908
v 0.00752063 0.03900512 -0.02714331
v 0.01233661 0.03862694 -0.02536293
v 0.01216852 0.03622338 -0.02542611
v 0.01236524 0.04142406 -0.02531399
v 0.01677906 0.04110351 -0.02264582
v 0.00752716 0.04166869 -0.02716981
v 0.01230292 0.04459838 -0.02535501
v 0.01674012 0.04445385 -0.02268213
v 0.01657001 0.04800805 -0.02282965
v 0.02045203 0.04800805 -0.01943691
v 0.02060517 0.04428319 -0.01923893
v 0.01737635 0.04800805 -0.01692918
v 0.02019495 0.04800805 -0.01350475
v 0.02365632 0.04800805 -0.01539648
v 0.01700696 0.04800805 -0.01176802
v 0.01887952 0.04800805 -0.00847433
v 0.02231922 0.04800805 -0.00957768
v 0.02001331 0.04800805 -0.00476715
v 0.02365125 0.04800805 -0.00529260
v 0.02034888 0.04800805 -0.00090356
v 0.02414844 0.04800805 -0.00076849
v 0.02004383 0.04800805 0.00315837
v 0.02392286 0.04800805 0.00395200
v 0.02249073 0.04800805 0.00851852
v 0.01869385 0.04800805 0.00706918
v 0.02027283 0.04800805 0.01283891
v 0.02395441 0.04800805 0.01488548
v 0.01658149 0.04800805 0.01071584
v 0.01707727 0.04800805 0.01653899
v 0.02050910 0.04800805 0.01936026
v 0.01624018 0.04800805 0.02306052
v 0.01635987 0.04466723 0.02294530
v 0.02060199 0.04444921 0.01921195
v 0.01148578 0.04475561 0.02573324
v 0.01149494 0.04168139 0.02571568
v 0.01634583 0.04143773 0.02294375
v 0.00632984 0.04178612 0.02746359
v 0.01139862 0.03893480 0.02575986
v 0.00624689 0.03911718 0.02746053
v 0.01120661 0.03656640 0.02583262
v 0.00611908 0.03699560 0.02747367
v 0.01097315 0.03465600 0.02593254
v 0.00595087 0.03515648 0.02753141
v 0.01072577 0.03310570 0.02601858
v 0.00578736 0.03370727 0.02755772
v 0.01042487 0.03155321 0.02614216
v 0.00561072 0.03237572 0.02758983
v 0.01010572 0.03010717 0.02628479
v 0.01442664 0.02864013 0.02417568
v 0.01394385 0.02710839 0.02447950
v 0.01759748 0.02500878 0.02200534
v 0.02066810 0.02257274 0.01916153
v 0.01339978 0.02561327 0.02480793
v 0.01691724 0.02338427 0.02254071
v 0.01994635 0.02078246 0.01996323
v 0.02016755 0.01971605 0.02142294
v 0.01706830 0.02243725 0.02376857
v 0.01769037 0.02194726 0.02544978
v 0.01345087 0.02479369 0.02581614
v 0.01394165 0.02450292 0.02732504
v 0.01438379 0.02423070 0.02887191
v 0.00968732 0.02648705 0.02886223
v 0.00997443 0.02637011 0.03025979
v 0.01477393 0.02399291 0.03043285
v 0.01021839 0.02627245 0.03166922
v 0.01512061 0.02377685 0.03203928
v 0.01042731 0.02619896 0.03309867
v 0.01545557 0.02357274 0.03386906
v 0.01063538 0.02611693 0.03475796
v 0.01574109 0.02337450 0.03581796
v 0.01081513 0.02603051 0.03655444
v 0.01597968 0.02322973 0.03846307
v 0.01093201 0.02598705 0.03889609
v 0.01608039 0.02314525 0.04138052
v 0.01093708 0.02596239 0.04162039
v 0.01609620 0.02315478 0.04459021
v 0.02049152 0.01936352 0.04448797
v 0.02386927 0.01496410 0.04434280
v 0.02045197 0.01943822 0.04799316
v 0.02390387 0.01498485 0.04799316
v 0.02045850 0.01280541 0.04799316
v 0.02266108 0.00859057 0.04799316
v 0.01740015 0.01061889 0.04799316
v 0.01924317 0.00697143 0.04799316
v 0.02029297 0.00350756 0.04799316
v 0.01705365 -0.00046607 0.04799316
v 0.01358435 -0.00079127 0.04799316
v 0.01061683 -0.00057691 0.04799316
v 0.00791590 0.00007738 0.04799316
v 0.00763111 -0.00324684 0.04799316
v 0.00488800 -0.00285426 0.04799316
v 0.00477997 -0.00657911 0.04799316
v 0.00192237 -0.00640455 0.04799316
v 0.00183497 -0.01043360 0.04799316
v 0.00185340 -0.01468434 0.04799316
v -0.00123156 -0.01019264 0.04799316
v -0.00147711 -0.01453224 0.04799316
v -0.00176208 -0.01901539 0.04799316
v -0.00483056 -0.01393434 0.04799316
v -0.00551208 -0.01834840 0.04799316
v -0.00634594 -0.02281227 0.04799316
v -0.00905151 -0.01731715 0.04799316
v -0.01042590 -0.02152174 0.04799316
v -0.01206323 -0.02548243 0.04799316
v -0.01425561 -0.01940333 0.04799316
v -0.01632891 -0.02299122 0.04799316
v -0.01624292 -0.02302955 0.04461594
v -0.02003051 -0.01988380 0.04799316
v -0.01994714 -0.01992628 0.04453492
v -0.01976239 -0.02005421 0.04118388
v -0.02291638 -0.01637623 0.04441735
v -0.02278277 -0.01646949 0.04093889
v -0.02259875 -0.01676563 0.03771758
v -0.02518798 -0.01258814 0.04428425
v -0.02510961 -0.01267311 0.04064391
v -0.02500744 -0.01289381 0.03716830
v -0.02483776 -0.01329981 0.03394894
v -0.02676178 -0.00871266 0.04029703
v -0.02671350 -0.00882130 0.03663498
v -0.02665332 -0.00910914 0.03308701
v -0.02773101 -0.00456300 0.03612506
v -0.02777294 -0.00463966 0.03233084
v -0.02774920 -0.00481153 0.02874295
v -0.02815393 -0.00013990 0.03192071
v -0.02817096 0.00016747 0.02802586
v -0.02787847 0.00400316 0.03217043
v -0.02778253 0.00464403 0.02849018
v -0.02666650 0.00905224 0.02951858
v -0.02691626 0.00829491 0.03289011
v -0.02525360 0.01248241 0.03377026
v -0.02707879 0.00771215 0.03648257
v -0.02552856 0.01190453 0.03701309
v -0.02321624 0.01598241 0.03760007
v -0.02575042 0.01140136 0.04052048
v -0.02354150 0.01547924 0.04089362
v -0.02046356 0.01936815 0.04124689
v -0.02380358 0.01508666 0.04437539
v -0.02078314 0.01903417 0.04455043
v -0.01688592 0.02257689 0.04472029
v -0.02102410 0.01880346 0.04799316
v -0.01714105 0.02240526 0.04799316
v -0.01245575 0.02531273 0.04799316
v -0.01531488 0.01912084 0.04799316
v -0.01115869 0.02137548 0.04799316
v -0.00648657 0.02289550 0.04799316
v -0.01013128 0.01745238 0.04799316
v -0.00606109 0.01864892 0.04799316
v -0.00171203 0.01945214 0.04799316
v -0.00574316 0.01432348 0.04799316
v -0.00194628 0.01486278 0.04799316
v 0.00190723 0.01491820 0.04799316
v -0.00226001 0.01045678 0.04799316
v 0.00111115 0.01037816 0.04799316
v 0.00431934 0.00982787 0.04799316
v 0.00040900 0.00605663 0.04799316
v 0.00329902 0.00551000 0.04799316
v 0.00602015 0.00455883 0.04799316
v 0.00725599 0.00855834 0.04799316
v -0.00016906 0.00188451 0.04799316
v 0.00259632 0.00147387 0.04799316
v 0.00216089 -0.00247779 0.04799316
v 0.00526770 0.00085717 0.04799316
v -0.00061547 -0.00213819 0.04799316
v -0.00095794 -0.00612086 0.04799316
v -0.00307397 0.00212768 0.04799316
v -0.00350573 -0.00180836 0.04799316
v -0.00391674 -0.00570777 0.04799316
v -0.00432641 -0.00971876 0.04799316
v -0.00697253 -0.00514771 0.04799316
v -0.00746337 -0.00899049 0.04799316
v -0.00813440 -0.01305494 0.04799316
v -0.01062872 -0.00801979 0.04799316
v -0.01129065 -0.01189674 0.04799316
v -0.01249591 -0.01574391 0.04799316
v -0.01449292 -0.01033912 0.04799316
v -0.01554797 -0.01387477 0.04799316
v -0.01761364 -0.01713355 0.04799316
v -0.01384442 -0.00692530 0.04799316
v -0.01712213 -0.00583570 0.04799316
v -0.01345336 -0.00354566 0.04799316
v -0.01697729 -0.00263648 0.04799316
v -0.02063800 -0.00509693 0.04799316
v -0.02066430 -0.00191383 0.04799316
v -0.02426294 -0.00486183 0.04799316
v -0.02375964 -0.00795265 0.04799316
v -0.02439666 -0.00146803 0.04799316
v -0.02774652 -0.00512794 0.04799316
v -0.02676989 -0.00888185 0.04799316
v -0.02676873 -0.00877735 0.04413834
v -0.02521801 -0.01262916 0.04799316
v -0.02774316 -0.00488575 0.04402564
v -0.02773272 -0.00467335 0.04007960
v -0.02817175 -0.00125514 0.04799316
v -0.02814984 -0.00096241 0.04397258
v -0.02811773 -0.00070558 0.03996278
v -0.02813409 -0.00044874 0.03589243
v -0.02801794 0.00298974 0.04398384
v -0.02795581 0.00325414 0.04000127
v -0.02718505 0.00731591 0.04019781
v -0.02791326 0.00357030 0.03607039
v -0.02728430 0.00701146 0.04406907
v -0.02594598 0.01101830 0.04422153
v -0.02738311 0.00674682 0.04799316
v -0.02610931 0.01074389 0.04799316
v -0.02401226 0.01479906 0.04799316
v -0.02281774 0.00915160 0.04799316
v -0.02134430 0.01258666 0.04799316
v -0.01884253 0.01608788 0.04799316
v -0.01959027 0.00768090 0.04799316
v -0.02380139 0.00562621 0.04799316
v -0.02020654 0.00457836 0.04799316
v -0.01604211 0.00653441 0.04799316
v -0.01644348 0.00360424 0.04799316
v -0.01238238 0.00600658 0.04799316
v -0.01276220 0.00286181 0.04799316
v -0.00933886 0.00251195 0.04799316
v -0.00907592 0.00599901 0.04799316
v -0.00903186 0.00954906 0.04799316
v -0.00578912 0.00615600 0.04799316
v -0.00566320 0.01010302 0.04799316
v -0.00937896 0.01338061 0.04799316
v -0.00612707 0.00228856 0.04799316
v -0.00263244 0.00623241 0.04799316
v -0.00653357 -0.00143043 0.04799316
v -0.00973962 -0.00094288 0.04799316
v -0.01015258 -0.00441676 0.04799316
v -0.01313842 -0.00028053 0.04799316
v -0.01679577 0.00053026 0.04799316
v -0.02055670 0.00134789 0.04799316
v -0.02434314 0.00213354 0.04799316
v -0.02809985 0.00273461 0.04799316
v -0.02297174 -0.01635768 0.04799316
v 0.00985065 0.00687426 0.04799316
v 0.01206055 0.01046850 0.04799316
v 0.00910083 0.01258056 0.04799316
v 0.01461658 0.01363939 0.04799316
v 0.01121607 0.01630883 0.04799316
v 0.00718213 0.01809545 0.04799316
v 0.00888916 0.02210668 0.04799316
v 0.00380677 0.02355858 0.04799316
v 0.00281592 0.01927489 0.04799316
v 0.00564808 0.01412157 0.04799316
v 0.00483368 0.02780126 0.04799316
v -0.00124890 0.02818212 0.04799316
v -0.00143090 0.02378930 0.04799316
v -0.00095642 0.02817528 0.04480952
v -0.00680365 0.02735180 0.04481951
v -0.00710669 0.02730004 0.04799316
v -0.00648004 0.02742211 0.04186656
v -0.01182745 0.02557787 0.04177429
v -0.01217108 0.02543017 0.04479745
v -0.01146124 0.02574437 0.03904550
v -0.01614605 0.02311547 0.03866731
v -0.01654486 0.02281347 0.04157349
v -0.01569549 0.02341088 0.03609407
v -0.01965411 0.02021117 0.03543941
v -0.02009619 0.01977367 0.03816216
v -0.01916095 0.02066869 0.03301822
v -0.02239099 0.01712426 0.03190157
v -0.02282843 0.01653100 0.03459512
v -0.02185339 0.01781005 0.02942906
v -0.02441040 0.01406664 0.02794015
v -0.02487927 0.01321801 0.03066131
v -0.02387847 0.01492260 0.02556076
v -0.02589819 0.01107592 0.02371243
v -0.02634918 0.00997851 0.02645240
v -0.02532183 0.01234350 0.02120261
v -0.02683233 0.00857128 0.01911765
v -0.02326837 0.01586669 0.02334779
v -0.02464874 0.01365185 0.01896706
v -0.02622265 0.01033788 0.01666030
v -0.02554907 0.01196361 0.01440672
v -0.02689343 0.00894823 0.01211774
v -0.02736114 0.00688231 0.01445237
v -0.02764837 0.00597118 0.00987030
v -0.02795507 0.00369311 0.01238889
v -0.02804870 0.00314452 0.00758681
v -0.02816424 0.00071923 0.01005626
v -0.02794122 0.00550023 0.00512226
v -0.02743982 0.00823974 0.00751631
v -0.02771545 0.01065209 0.00521644
v -0.02669586 0.01101903 0.00991591
v -0.02710418 0.01335595 0.00780511
v -0.02802203 0.01318627 0.00275407
v -0.02762207 0.01599389 0.00542141
v -0.02817395 0.01558739 -0.00004414
v -0.02800640 0.01757128 -0.00312110
v -0.02774267 0.02257616 -0.00497380
v -0.02736084 0.01952562 -0.00675217
v -0.02664581 0.02427465 -0.00916573
v -0.02614331 0.02163256 -0.01044245
v -0.02486676 0.02602147 -0.01325227
v -0.02433862 0.02365722 -0.01418546
v -0.02240936 0.02757812 -0.01706367
v -0.02195709 0.02547020 -0.01761618
v -0.01935675 0.02911547 -0.02047016
v -0.02281109 0.02981078 -0.01655448
v -0.01969500 0.03101488 -0.02017637
v -0.01598114 0.03215844 -0.02320949
v -0.01997094 0.03324975 -0.01989372
v -0.01623828 0.03414770 -0.02303062
v -0.01198382 0.03483764 -0.02548839
v -0.01639874 0.03628393 -0.02292131
v -0.01211126 0.03666771 -0.02542434
v -0.00736212 0.03527367 -0.02719111
v -0.00745446 0.03701342 -0.02715233
v -0.01219744 0.03910863 -0.02541335
v -0.00751629 0.03920897 -0.02714913
v -0.00254663 0.03718725 -0.02807120
v -0.00257934 0.03925780 -0.02807231
v -0.00260888 0.04184887 -0.02807282
v 0.00246460 0.04179760 -0.02809831
v 0.00249433 0.03921459 -0.02811658
v 0.00240107 0.04476146 -0.02809319
v 0.00745557 0.04470287 -0.02719467
v -0.00263067 0.04479271 -0.02807925
v 0.00230030 0.04800805 -0.02812920
v 0.00731055 0.04800805 -0.02724856
v 0.00599707 0.04800805 -0.02377667
v 0.01013508 0.04800805 -0.02205450
v 0.01213099 0.04800805 -0.02546649
v 0.00804645 0.04800805 -0.01889827
v 0.01151954 0.04800805 -0.01692589
v 0.01398694 0.04800805 -0.01977739
v 0.00905835 0.04800805 -0.01412393
v 0.01185773 0.04800805 -0.01213358
v 0.01452442 0.04800805 -0.01456717
v 0.00945179 0.04800805 -0.00963206
v 0.00675184 0.04800805 -0.01139766
v 0.00757532 0.04800805 -0.00712585
v 0.00615857 0.04800805 -0.00465160
v 0.00471424 0.04800805 -0.00875404
v 0.00304267 0.04800805 -0.00623110
v 0.00173951 0.04800805 -0.00392725
v 0.00506836 0.04800805 -0.00232970
v 0.00162177 0.04800805 -0.01026437
v -0.00013555 0.04800805 -0.00770385
v -0.00154260 0.04800805 -0.00530052
v -0.00262609 0.04800805 -0.00291325
v 0.00065387 0.04800805 -0.00172394
v -0.00354516 0.04800805 -0.00896243
v -0.00504272 0.04800805 -0.00635625
v -0.00612011 0.04800805 -0.00372182
v -0.00679516 0.04800805 -0.00108775
v -0.00348187 0.04800805 -0.00060350
v -0.00880224 0.04800805 -0.00723527
v -0.00989422 0.04800805 -0.00429573
v -0.01047107 0.04800805 -0.00129021
v -0.01052710 0.04800805 0.00180981
v -0.00702038 0.04800805 0.00157691
v -0.01402014 0.04800805 -0.00482742
v -0.01457794 0.04800805 -0.00141383
v -0.01452447 0.04800805 0.00207794
v -0.01386669 0.04800805 0.00561629
v -0.01890673 0.04800805 0.00236323
v -0.01811108 0.04800805 0.00631205
v -0.01660327 0.04800805 0.01014222
v -0.02245703 0.04800805 0.00718745
v -0.02068432 0.04800805 0.01152215
v -0.01811303 0.04800805 0.01555769
v -0.02493847 0.04800805 0.01322151
v -0.02193945 0.04800805 0.01775069
v -0.01804376 0.04800805 0.02169882
v -0.02214978 0.04447094 0.01742039
v -0.01833783 0.04455468 0.02137902
v -0.01381524 0.04463573 0.02455997
v -0.01851654 0.04126293 0.02119185
v -0.01406439 0.04148241 0.02441187
v -0.00913385 0.04167016 0.02664415
v -0.01416760 0.03865697 0.02435256
v -0.00928454 0.03898021 0.02659664
v -0.00417871 0.03914159 0.02785985
v -0.00932275 0.03674730 0.02657783
v -0.00426239 0.03707543 0.02783784
v 0.00091010 0.03716234 0.02817971
v -0.00430200 0.03525805 0.02783272
v 0.00081104 0.03535912 0.02818810
v 0.00072571 0.03402001 0.02818098
v -0.00431750 0.03393773 0.02781836
v 0.00063703 0.03267650 0.02818118
v -0.00430963 0.03251537 0.02782216
v 0.00054596 0.03135668 0.02819281
v 0.00540815 0.03101586 0.02763323
v -0.00429956 0.03116771 0.02784002
v 0.00045917 0.03011254 0.02820305
v 0.00518439 0.02970019 0.02768652
v 0.00974646 0.02870482 0.02643676
v 0.00492408 0.02838500 0.02774207
v 0.00933820 0.02733251 0.02659459
v 0.00934192 0.02661596 0.02744149
v 0.00488794 0.02776513 0.02849837
v 0.00504322 0.02773266 0.02984177
v 0.00028980 0.02823021 0.02889746
v 0.00022144 0.02822436 0.03021885
v 0.00514924 0.02770458 0.03115575
v 0.00013471 0.02821386 0.03145173
v 0.00522339 0.02768163 0.03245695
v 0.00004822 0.02820116 0.03274294
v 0.00528894 0.02768041 0.03383660
v -0.00004376 0.02820312 0.03412623
v 0.00534143 0.02767943 0.03534982
v -0.00015197 0.02821264 0.03544853
v 0.00536835 0.02766527 0.03708410
v -0.00029888 0.02820873 0.03726256
v 0.00533466 0.02767943 0.03919308
v -0.00047863 0.02820873 0.03931258
v 0.00523359 0.02770141 0.04180437
v -0.00069305 0.02818358 0.04187983
v 0.00506903 0.02773583 0.04476242
v 0.01087769 0.02600487 0.04468092
v -0.00585510 0.02755419 0.03707192
v -0.00616528 0.02748339 0.03925466
v -0.00557269 0.02762987 0.03534608
v -0.01065972 0.02609374 0.03480421
v -0.01104779 0.02591503 0.03660818
v -0.01026385 0.02624389 0.03312785
v -0.01476538 0.02400145 0.03216315
v -0.01524231 0.02371752 0.03398827
v -0.01430535 0.02427050 0.03059680
v -0.01811596 0.02157201 0.02912015
v -0.01865210 0.02113769 0.03090694
v -0.01751916 0.02206591 0.02738053
v -0.02067919 0.01914403 0.02543433
v -0.02128344 0.01846142 0.02736988
v -0.01999566 0.01987011 0.02359650
v -0.02257861 0.01686400 0.02133126
v -0.01687030 0.02257445 0.02571668
v -0.01920794 0.02063769 0.02182115
v -0.02181097 0.01789940 0.01937276
v -0.02178692 0.01940819 0.01789976
v -0.02383685 0.01670922 0.01505434
v -0.02391601 0.01493383 0.01687897
v -0.02460723 0.01885326 0.01370449
v -0.02608697 0.01603148 0.01060590
v -0.02532757 0.01383178 0.01237843
v -0.02535211 0.02114159 0.01226615
v -0.02684454 0.01853246 0.00849516
v -0.02607824 0.02381444 0.01065890
v -0.02322589 0.02358251 0.01587897
v -0.02387902 0.02593383 0.01489779
v -0.02102722 0.02780932 0.01867271
v -0.02148767 0.02988622 0.01820282
v -0.02443933 0.02845824 0.01401719
v -0.02047699 0.02576244 0.01926846
v -0.01714544 0.02765844 0.02233294
v -0.01987561 0.02381957 0.01993803
v -0.01666119 0.02590795 0.02271610
v -0.01292993 0.02768700 0.02506449
v -0.01611920 0.02422387 0.02312787
v -0.01253228 0.02616845 0.02527092
v -0.00852734 0.02760619 0.02685553
v -0.01264367 0.02522338 0.02612650
v -0.00864746 0.02682934 0.02758961
v -0.00430053 0.02787255 0.02855742
v -0.00910583 0.02667504 0.02896413
v -0.00457367 0.02781835 0.02988969
v -0.00482440 0.02776366 0.03115746
v -0.00952093 0.02651977 0.03034235
v -0.00506536 0.02770849 0.03246976
v -0.00990252 0.02636400 0.03171499
v -0.00530719 0.02767455 0.03382979
v -0.01324530 0.02488427 0.02756577
v -0.01379486 0.02456786 0.02907120
v -0.01617352 0.02310351 0.02413296
v -0.00420202 0.02853979 0.02787349
v 0.00036774 0.02882592 0.02821441
v -0.00427624 0.02987621 0.02785175
v -0.00876245 0.02905907 0.02677555
v -0.00894702 0.03046239 0.02670492
v -0.01327948 0.02923388 0.02487135
v -0.00908105 0.03185961 0.02665376
v -0.01356414 0.03083275 0.02470048
v -0.01380462 0.03244896 0.02456715
v -0.01792016 0.03121947 0.02173996
v -0.01756768 0.02944970 0.02201044
v -0.01822180 0.03323363 0.02146384
v -0.02185473 0.03217650 0.01776455
v -0.02211084 0.03484691 0.01744789
v -0.02502105 0.03408227 0.01295305
v -0.02480181 0.03108422 0.01336389
v -0.02701910 0.03333031 0.00795183
v -0.02690246 0.03004955 0.00826691
v -0.02702496 0.03678881 0.00781159
v -0.02796740 0.03649413 0.00280158
v -0.02800976 0.03281029 0.00273341
v -0.02808075 0.03654784 -0.00186942
v -0.02809704 0.03288402 -0.00204456
v -0.02732452 0.03347997 -0.00679112
v -0.02721209 0.03024926 -0.00722719
v -0.02555633 0.03130102 -0.01185226
v -0.02527240 0.02858935 -0.01241756
v -0.02698352 0.02718139 -0.00801622
v -0.02311041 0.03226830 -0.01614712
v -0.02573046 0.03418236 -0.01146996
v -0.02331988 0.03496898 -0.01583485
v -0.02018005 0.03572973 -0.01968368
v -0.02343768 0.03793773 -0.01565600
v -0.02028643 0.03844091 -0.01956907
v -0.01648883 0.03885595 -0.02286585
v -0.02027612 0.04145849 -0.01956447
v -0.01647137 0.04170727 -0.02286366
v -0.01217273 0.04183471 -0.02541194
v -0.01632843 0.04478808 -0.02297925
v -0.01206390 0.04482982 -0.02547804
v -0.00752233 0.04187084 -0.02717223
v -0.00746875 0.04482885 -0.02719298
v -0.01185626 0.04800805 -0.02559501
v -0.00736535 0.04800805 -0.02723412
v -0.01019964 0.04800805 -0.02287155
v -0.01606750 0.04800805 -0.02320013
v -0.01342260 0.04800805 -0.02059904
v -0.01657220 0.04800805 -0.01766619
v -0.01279376 0.04800805 -0.01567586
v -0.01023968 0.04800805 -0.01835213
v -0.01991339 0.04800805 -0.02001804
v -0.02316046 0.04800805 -0.01611802
v -0.01914733 0.04800805 -0.01421385
v -0.02014422 0.04468969 -0.01971626
v -0.02334167 0.04454198 -0.01581274
v -0.02576599 0.04438207 -0.01142645
v -0.02566247 0.04800805 -0.01170438
v -0.02343536 0.04113061 -0.01564747
v -0.02581128 0.04081518 -0.01124292
v -0.02738055 0.04057006 -0.00656645
v -0.02737774 0.04426244 -0.00672000
v -0.02580255 0.03743432 -0.01124179
v -0.02734899 0.03691430 -0.00658577
v -0.02812304 0.04421020 -0.00186090
v -0.02814093 0.04800805 -0.00189813
v -0.02734240 0.04800805 -0.00690826
v -0.02810321 0.04041625 -0.00182140
v -0.02796844 0.04034105 0.00294357
v -0.02800683 0.04418944 0.00307085
v -0.02702209 0.04421874 0.00803343
v -0.02803070 0.04800805 0.00321358
v -0.02703747 0.04045214 0.00784120
v -0.02510888 0.04074242 0.01269381
v -0.02510003 0.03730712 0.01272202
v -0.02224249 0.04098900 0.01720262
v -0.02504620 0.04433544 0.01287821
v -0.02221795 0.03781420 0.01725710
v -0.01855597 0.03825268 0.02119703
v -0.01842492 0.03548803 0.02128168
v -0.02697558 0.04800805 0.00830806
v -0.02337640 0.04800805 0.00272585
v -0.02347259 0.04800805 -0.00170622
v -0.01898474 0.04800805 -0.00156146
v -0.02275854 0.04800805 -0.00609936
v -0.01834643 0.04800805 -0.00541702
v -0.02126904 0.04800805 -0.01032285
v -0.01701538 0.04800805 -0.00914923
v -0.01519226 0.04800805 -0.01257840
v -0.01284375 0.04800805 -0.00812671
v -0.01116259 0.04800805 -0.01125724
v -0.00892370 0.04800805 -0.01410400
v -0.00720373 0.04800805 -0.01008465
v -0.00523938 0.04800805 -0.01282218
v -0.00667285 0.04800805 -0.01670416
v -0.00315087 0.04800805 -0.01552774
v -0.00112493 0.04800805 -0.01829790
v 0.00033661 0.04800805 -0.01435423
v 0.00238715 0.04800805 -0.01724400
v 0.00057227 0.04800805 -0.02139053
v 0.00442420 0.04800805 -0.02039574
v 0.00172083 0.04800805 -0.02474475
v 0.00367633 0.04800805 -0.01300040
v 0.00586023 0.04800805 -0.01587966
v -0.00169824 0.04800805 -0.01160526
v -0.01411248 0.03614916 0.02436512
v -0.01399304 0.03417260 0.02445724
v -0.00928851 0.03491186 0.02659679
v -0.00919934 0.03335131 0.02661376
v -0.01918408 0.02193603 0.02063351
v -0.02253051 0.02145800 0.01687101
v 0.00101368 0.03919530 0.02817480
v 0.00112079 0.04180297 0.02816964
v -0.00403186 0.04175902 0.02789227
v 0.00120276 0.04476830 0.02816241
v -0.00381720 0.04475048 0.02792348
v -0.00354303 0.04800805 0.02797724
v -0.00843927 0.04800805 0.02692519
v -0.00885180 0.04471020 0.02674991
v -0.01099725 0.04800805 0.02203108
v -0.01341827 0.04800805 0.02482868
v 0.00125538 0.04800805 0.02816684
v 0.00071827 0.04800805 0.02472425
v 0.00489966 0.04800805 0.02388499
v 0.00322876 0.04800805 0.02023382
v -0.00032678 0.04800805 0.02112180
v 0.00624250 0.04800805 0.02750240
v 0.01135535 0.04800805 0.02581966
v 0.00927027 0.04800805 0.02228946
v 0.00633045 0.04477367 0.02746230
v 0.01343665 0.04800805 0.01982888
v 0.01064313 0.04800805 0.01670221
v 0.00699006 0.04800805 0.01882832
v 0.00761219 0.04800805 0.01356197
v 0.00455420 0.04800805 0.01547295
v 0.00110035 0.04800805 0.01673786
v 0.00186451 0.04800805 0.01223975
v -0.00128198 0.04800805 0.01347861
v -0.00226159 0.04800805 0.01760261
v -0.00461950 0.04800805 0.01446687
v -0.00809533 0.04800805 0.01556136
v -0.00685351 0.04800805 0.01133778
v -0.01057568 0.04800805 0.01239455
v -0.01156628 0.04800805 0.01706789
v -0.01440191 0.04800805 0.01378230
v -0.01485046 0.04800805 0.01912124
v -0.00873706 0.04800805 0.00822085
v -0.01254705 0.04800805 0.00908459
v -0.00533636 0.04800805 0.00742750
v -0.00659240 0.04800805 0.00443154
v -0.00997595 0.04800805 0.00501565
v -0.00353015 0.04800805 0.01038573
v -0.00053845 0.04800805 0.00929582
v 0.00210315 0.04800805 0.00786943
v 0.00473298 0.04800805 0.01062971
v 0.00724091 0.04800805 0.00860625
v 0.00424268 0.04800805 0.00610278
v 0.01046552 0.04800805 0.01122160
v 0.01288172 0.04800805 0.00845926
v 0.00939856 0.04800805 0.00623834
v 0.01376728 0.04800805 0.01387901
v 0.01103614 0.04800805 0.00363393
v 0.00740314 0.04800805 0.00174947
v 0.00602869 0.04800805 0.00400677
v 0.01476319 0.04800805 0.00536910
v 0.01600306 0.04800805 0.00210934
v 0.01214368 0.04800805 0.00088136
v 0.01282062 0.04800805 -0.00186302
v 0.00846204 0.04800805 -0.00065717
v 0.01658753 0.04800805 -0.00119415
v 0.00934253 0.04800805 -0.00314358
v 0.00400068 0.04800805 -0.00007603
v 0.00286628 0.04800805 0.00195615
v -0.00035351 0.04800805 0.00032818
v -0.00265582 0.04800805 -0.02811159
v 0.01070276 0.02613109 0.04799316
v 0.01598700 0.02326317 0.04799316
v 0.01347303 0.01981322 0.04799316
v 0.01738398 0.01663207 0.04799316
v 0.01440223 0.00799145 0.04799316
v 0.00861609 0.00337108 0.04799316
v -0.01375720 0.01565404 0.04799316
v -0.02406726 -0.02874781 0.01459126
v -0.02084985 -0.02826295 0.01894187
v -0.02037927 -0.02636964 0.01942928
v -0.02624719 -0.02693629 0.01023952
v -0.02649798 -0.02994898 0.00951343
v -0.02763183 -0.02506813 0.00559512
v -0.02774475 -0.02869972 0.00482936
v -0.02817132 -0.02820094 0.00012935
v -0.02763568 -0.02543287 -0.00557622
v -0.02771637 -0.02897193 -0.00507529
v -0.02440875 -0.03130128 0.01404631
v -0.02124890 -0.03028346 0.01851351
v -0.01751867 -0.02992066 0.02204990
v -0.01713336 -0.02822242 0.02234402
v -0.01349768 -0.02972218 0.02470996
v -0.01319421 -0.02826295 0.02488492
v -0.01670916 -0.02662306 0.02267235
v -0.00939202 -0.02948121 0.02656300
v -0.00916131 -0.02815553 0.02664624
v -0.01282617 -0.02682179 0.02511227
v -0.00534100 -0.02905104 0.02766226
v -0.00522784 -0.02793458 0.02768588
v -0.00892102 -0.02696827 0.02673509
v -0.00144085 -0.02842286 0.02818254
v -0.00152990 -0.02817213 0.02923791
v -0.00544122 -0.02764112 0.02881312
v 0.00234736 -0.02810816 0.02915105
v 0.00239545 -0.02809620 0.03047170
v -0.00164123 -0.02814967 0.03052912
v 0.00632520 -0.02745997 0.02993866
v 0.00651337 -0.02739894 0.03119720
v 0.00243665 -0.02808619 0.03169399
v 0.01040320 -0.02617604 0.03031287
v 0.01069373 -0.02605128 0.03165774
v 0.00667945 -0.02734596 0.03247759
v 0.01443287 -0.02417604 0.03056691
v 0.01096894 -0.02594532 0.03311746
v 0.01482032 -0.02394923 0.03214046
v 0.01824744 -0.02146534 0.03084785
v 0.01873401 -0.02103712 0.03292475
v 0.02127326 -0.01848121 0.02935923
v 0.02179462 -0.01786891 0.03170678
v 0.02224720 -0.01729908 0.03432108
v 0.02434449 -0.01413038 0.03036069
v 0.02478479 -0.01341334 0.03327911
v 0.02507032 -0.01285206 0.03663049
v 0.02684351 -0.00853053 0.03597639
v 0.02665162 -0.00907887 0.03214423
v 0.02377295 -0.01508155 0.02771837
v 0.02574244 -0.01143995 0.02590594
v 0.02070752 -0.01909181 0.02740753
v 0.01776148 -0.02185694 0.02910128
v 0.01724128 -0.02226344 0.02743782
v 0.01400092 -0.02443702 0.02905425
v 0.01353235 -0.02471217 0.02759987
v 0.01006391 -0.02632276 0.02896171
v 0.00966211 -0.02649610 0.02755529
v 0.00608594 -0.02751905 0.02856839
v 0.00597272 -0.02787965 0.02754852
v 0.00231482 -0.02837818 0.02811931
v 0.00243274 -0.02947877 0.02809795
v -0.00142462 -0.02947145 0.02817512
v -0.00142352 -0.03066627 0.02816048
v -0.00543737 -0.03026637 0.02763947
v -0.00551562 -0.03154127 0.02761426
v -0.00957666 -0.03082179 0.02647755
v -0.01598858 -0.02318189 -0.02784077
v -0.02009173 -0.01972779 -0.02756696
v -0.00115210 -0.04799195 0.00461694
v 0.00217395 -0.04799195 0.00326755
v 0.00572339 -0.04799195 0.00230645
v 0.00922644 -0.04799195 0.00153590
v 0.00344300 0.01131591 -0.04800684
v 0.02158277 0.01202953 -0.04800684
v 0.02631983 0.01016405 -0.04800684
v 0.02293238 0.00876537 -0.04800684
v 0.02748536 0.00635033 -0.04800684
v 0.02385840 0.00550561 -0.04800684
v 0.01960743 0.00755883 -0.04800684
v 0.02428907 0.00218676 -0.04800684
v 0.02811841 0.00241674 -0.04800684
v 0.02815870 -0.00158082 -0.04800684
v 0.02809583 0.00224389 -0.04415248
v 0.02810987 -0.00179371 -0.04414595
v 0.02764527 -0.00569557 -0.04800684
v 0.02292017 -0.00825807 -0.04800684
v 0.01073182 -0.00275636 -0.04800684
f 1 2 3
f 1 4 2
f 1 5 6
f 1 6 7
f 1 7 8
f 9 10 11
f 9 12 13
f 9 11 14
f 15 16 17
f 15 18 16
f 15 19 20
f 15 21 18
f 15 20 21
f 22 23 24
f 22 25 26
f 22 24 25
f 22 27 28
f 22 26 27
f 29 30 31
f 29 32 30
f 29 33 32
f 29 34 35
f 29 35 36
f 37 38 39
f 37 40 38
f 37 41 42
f 37 39 43
f 44 45 46
f 44 46 47
f 44 47 48
f 44 49 50
f 44 51 49
f 52 53 54
f 52 55 53
f 52 54 56
f 57 58 59
f 57 60 61
f 57 62 63
f 64 65 66
f 64 66 67
f 64 68 69
f 70 71 72
f 70 73 74
f 70 75 71
f 76 77 78
f 76 79 80
f 76 81 82
f 83 84 85
f 83 86 87
f 83 88 89
f 90 91 92
f 90 93 94
f 90 95 91
f 96 97 98
f 96 99 100
f 96 101 99
f 102 103 104
f 102 105 106
f 102 107 105
f 108 109 110
f 108 111 112
f 108 113 109
f 114 115 116
f 114 116 117
f 114 118 119
f 114 119 120
f 121 122 123
f 121 124 122
f 121 125 126
f 121 126 124
f 127 128 129
f 127 130 128
f 127 131 132
f 133 134 135
f 133 136 134
f 133 137 138
f 139 140 141
f 139 142 143
f 139 144 145
f 146 147 148
f 146 149 150
f 146 151 152
f 153 154 155
f 153 156 154
f 153 157 158
f 158 159 160
f 158 161 156
f 158 157 159
f 162 163 164
f 162 157 165
f 162 165 166
f 166 165 167
f 166 167 168
f 166 169 163
f 170 171 172
f 170 172 164
f 170 169 171
f 173 169 168
f 173 174 85
f 173 85 84
f 175 176 177
f 175 177 88
f 175 174 178
f 178 179 176
f 178 174 180
f 178 180 181
f 181 182 179
f 181 180 183
f 181 184 182
f 185 186 187
f 185 187 188
f 185 184 189
f 189 190 186
f 189 184 191
f 189 191 192
f 192 193 190
f 192 191 194
f 192 194 195
f 195 196 193
f 195 194 154
f 195 154 197
f 198 199 200
f 198 200 201
f 198 196 202
f 202 203 199
f 202 196 204
f 202 204 205
f 205 206 203
f 205 204 207
f 205 207 208
f 208 209 206
f 208 207 210
f 208 210 211
f 211 212 209
f 211 210 213
f 211 213 214
f 214 215 212
f 214 213 216
f 214 216 217
f 217 218 219
f 217 5 215
f 217 216 218
f 220 221 222
f 220 216 223
f 220 224 221
f 225 226 221
f 225 224 227
f 225 228 229
f 229 230 226
f 229 228 231
f 229 231 232
f 232 233 230
f 232 231 234
f 232 234 235
f 235 236 233
f 235 234 89
f 235 89 237
f 237 238 236
f 237 89 177
f 237 177 239
f 240 241 242
f 240 242 243
f 240 238 244
f 244 245 241
f 244 238 246
f 244 246 247
f 247 248 245
f 247 246 249
f 247 249 250
f 250 251 252
f 250 249 253
f 250 254 251
f 255 142 145
f 255 254 188
f 255 256 142
f 256 257 143
f 256 188 187
f 258 259 260
f 258 261 140
f 258 257 262
f 262 263 264
f 262 257 265
f 262 265 263
f 266 267 268
f 266 265 269
f 266 269 267
f 270 271 272
f 270 269 201
f 270 201 200
f 272 273 274
f 272 275 267
f 272 271 273
f 276 277 278
f 276 271 279
f 276 279 280
f 280 281 277
f 280 279 282
f 280 282 283
f 283 284 281
f 283 282 285
f 283 285 286
f 286 287 284
f 286 285 288
f 286 288 289
f 289 290 287
f 289 288 291
f 289 291 292
f 292 293 290
f 292 291 294
f 292 294 295
f 295 296 293
f 295 294 3
f 295 3 2
f 297 298 299
f 297 299 300
f 297 296 301
f 301 302 298
f 301 296 303
f 301 303 304
f 304 305 302
f 304 303 306
f 304 306 307
f 307 308 305
f 307 306 309
f 307 309 310
f 310 309 311
f 310 311 312
f 310 313 308
f 314 315 316
f 314 316 317
f 314 313 318
f 318 313 319
f 318 319 320
f 318 320 315
f 321 322 315
f 321 320 323
f 321 323 28
f 323 324 325
f 323 325 23
f 325 326 327
f 325 327 328
f 327 329 330
f 327 330 331
f 331 332 328
f 331 330 333
f 331 333 334
f 334 335 332
f 334 333 336
f 334 336 337
f 337 338 335
f 337 336 339
f 337 339 340
f 340 341 338
f 340 339 342
f 340 342 343
f 343 344 345
f 343 342 346
f 343 346 344
f 347 348 349
f 347 346 350
f 347 351 348
f 352 353 354
f 352 351 355
f 352 356 353
f 357 358 359
f 357 356 360
f 357 360 358
f 360 361 362
f 360 362 363
f 362 364 365
f 362 365 366
f 366 367 363
f 366 365 368
f 366 368 369
f 369 370 367
f 369 368 371
f 369 371 372
f 372 373 370
f 372 371 374
f 372 374 375
f 375 376 373
f 375 374 69
f 375 69 68
f 377 374 378
f 377 379 380
f 377 380 65
f 380 381 382
f 380 382 383
f 382 384 385
f 382 385 386
f 386 387 383
f 386 385 388
f 386 388 389
f 389 390 387
f 389 388 391
f 389 392 393
f 393 394 390
f 393 392 395
f 393 396 397
f 397 398 394
f 397 396 399
f 397 400 401
f 401 59 398
f 401 400 402
f 401 402 62
f 402 403 404
f 402 405 63
f 405 404 406
f 405 407 63
f 408 407 409
f 408 410 411
f 408 412 63
f 412 411 413
f 412 414 60
f 414 413 415
f 414 416 61
f 417 418 58
f 417 416 419
f 417 420 418
f 421 422 418
f 421 420 423
f 421 424 425
f 425 426 422
f 425 424 427
f 425 428 429
f 429 430 426
f 429 428 431
f 429 432 433
f 433 67 430
f 433 432 434
f 433 376 67
f 432 431 435
f 435 431 436
f 435 436 437
f 435 438 434
f 437 436 439
f 437 439 56
f 437 440 438
f 439 441 442
f 439 442 55
f 442 443 359
f 442 359 358
f 444 443 445
f 444 446 354
f 444 354 353
f 447 446 448
f 447 449 349
f 447 349 348
f 450 449 451
f 450 452 345
f 450 345 344
f 453 452 454
f 453 455 456
f 453 456 341
f 457 455 458
f 457 459 460
f 457 461 456
f 460 459 462
f 460 463 464
f 460 465 461
f 463 462 466
f 463 467 464
f 467 466 468
f 467 469 25
f 469 468 470
f 469 471 472
f 473 471 474
f 473 475 476
f 473 476 26
f 476 477 478
f 476 478 479
f 478 480 481
f 478 481 482
f 482 481 483
f 482 483 484
f 482 485 479
f 485 484 486
f 485 322 27
f 484 483 487
f 484 488 486
f 488 487 489
f 488 490 316
f 490 489 491
f 490 492 317
f 491 489 493
f 491 493 494
f 491 495 492
f 494 493 496
f 494 496 497
f 494 498 495
f 497 496 499
f 497 499 500
f 497 501 498
f 501 500 502
f 501 503 299
f 503 502 504
f 503 505 300
f 504 502 506
f 504 506 507
f 504 508 505
f 507 506 509
f 507 509 510
f 507 511 508
f 510 509 512
f 510 512 513
f 510 514 511
f 513 512 515
f 513 515 516
f 513 278 514
f 516 515 517
f 516 517 274
f 516 274 273
f 518 517 519
f 518 520 521
f 518 521 275
f 521 522 523
f 521 523 268
f 523 524 264
f 523 264 263
f 525 524 526
f 525 527 260
f 525 260 259
f 528 527 529
f 528 530 531
f 528 531 261
f 531 532 141
f 531 141 140
f 533 532 534
f 533 535 536
f 533 536 144
f 536 537 538
f 536 538 145
f 538 539 252
f 538 252 251
f 540 539 541
f 540 542 543
f 540 544 252
f 543 542 545
f 543 545 546
f 543 547 544
f 546 545 548
f 546 548 549
f 546 550 547
f 549 548 551
f 549 551 552
f 549 553 550
f 553 552 554
f 553 555 242
f 555 554 556
f 555 557 243
f 556 554 558
f 556 558 559
f 556 560 557
f 559 558 561
f 559 561 562
f 559 563 560
f 562 561 564
f 562 564 565
f 562 222 563
f 565 564 566
f 565 566 6
f 565 219 218
f 566 567 568
f 566 568 569
f 568 570 571
f 568 571 572
f 572 571 573
f 572 573 574
f 572 575 569
f 575 574 576
f 575 577 7
f 577 576 578
f 577 579 8
f 579 578 580
f 579 581 582
f 580 578 583
f 580 584 585
f 580 586 581
f 586 585 587
f 586 588 311
f 588 587 589
f 588 589 312
f 589 590 591
f 589 591 592
f 591 593 594
f 591 594 595
f 595 324 592
f 595 594 596
f 595 596 326
f 596 597 598
f 596 598 329
f 598 599 600
f 598 600 601
f 600 602 603
f 600 603 604
f 604 605 601
f 604 603 606
f 604 606 607
f 607 608 605
f 607 606 609
f 607 609 610
f 610 611 608
f 610 609 612
f 610 612 613
f 613 614 611
f 613 612 615
f 613 615 616
f 616 617 614
f 616 615 618
f 616 618 619
f 619 350 346
f 619 618 620
f 619 620 621
f 621 355 350
f 621 620 622
f 621 622 623
f 623 361 355
f 623 622 624
f 623 624 364
f 624 625 626
f 624 626 627
f 626 628 629
f 626 629 630
f 630 631 627
f 630 629 632
f 630 632 633
f 633 634 631
f 633 632 635
f 633 635 636
f 636 378 634
f 636 635 637
f 636 637 379
f 637 638 639
f 637 639 381
f 639 640 641
f 639 641 384
f 641 642 643
f 641 643 644
f 643 645 646
f 643 647 644
f 648 649 385
f 648 647 650
f 648 651 649
f 652 391 388
f 652 651 653
f 652 654 391
f 655 395 392
f 655 654 656
f 655 657 395
f 658 399 396
f 658 657 659
f 658 660 399
f 661 403 400
f 661 660 662
f 661 663 403
f 663 662 664
f 663 665 404
f 665 664 666
f 665 667 406
f 668 667 669
f 668 670 409
f 668 409 407
f 671 670 672
f 671 673 674
f 671 674 410
f 674 675 676
f 674 676 410
f 676 677 678
f 676 679 411
f 679 678 680
f 679 681 413
f 681 680 454
f 681 682 415
f 683 419 416
f 683 682 451
f 683 684 419
f 685 423 420
f 685 684 448
f 685 686 423
f 687 427 424
f 687 686 445
f 687 688 427
f 688 445 443
f 688 441 689
f 686 448 446
f 684 451 449
f 682 454 452
f 680 678 458
f 680 458 455
f 690 678 677
f 690 691 462
f 690 462 459
f 691 677 692
f 691 692 466
f 692 675 693
f 692 693 470
f 693 673 694
f 693 694 470
f 695 694 696
f 695 696 474
f 695 474 471
f 697 696 698
f 697 699 700
f 697 700 475
f 700 701 702
f 700 702 477
f 702 703 704
f 702 705 480
f 705 704 706
f 705 707 708
f 707 706 709
f 707 710 708
f 711 710 712
f 711 713 714
f 711 715 708
f 714 713 716
f 714 717 489
f 714 487 715
f 716 713 718
f 716 718 719
f 716 720 717
f 719 718 721
f 719 721 722
f 719 723 720
f 722 721 724
f 722 724 725
f 722 726 723
f 726 725 727
f 726 728 499
f 728 727 729
f 728 730 500
f 729 727 731
f 729 731 732
f 729 733 730
f 732 731 734
f 732 734 735
f 732 736 733
f 735 734 737
f 735 738 739
f 735 739 736
f 740 738 741
f 740 742 743
f 740 743 515
f 744 742 745
f 744 745 746
f 744 519 743
f 746 745 747
f 746 747 748
f 746 748 520
f 748 13 749
f 748 749 522
f 749 12 526
f 749 526 524
f 747 750 751
f 747 751 10
f 751 752 753
f 751 753 754
f 753 755 756
f 753 756 757
f 757 756 758
f 757 758 759
f 757 760 754
f 760 759 530
f 760 529 11
f 759 758 534
f 759 534 532
f 761 758 762
f 761 763 764
f 761 764 535
f 764 765 766
f 764 766 537
f 766 767 541
f 766 541 539
f 768 767 769
f 768 770 771
f 768 771 542
f 772 770 773
f 772 774 775
f 772 775 771
f 776 774 777
f 776 778 779
f 776 780 775
f 779 778 781
f 779 781 782
f 779 783 780
f 783 782 784
f 783 785 551
f 785 784 786
f 785 787 552
f 786 784 788
f 786 788 789
f 786 790 787
f 789 788 791
f 789 791 792
f 789 793 790
f 792 791 794
f 792 794 570
f 792 567 793
f 794 795 796
f 794 796 797
f 796 798 799
f 796 799 800
f 800 799 801
f 800 801 802
f 800 803 797
f 802 801 804
f 802 804 805
f 802 806 803
f 806 805 807
f 806 807 573
f 807 808 809
f 807 810 574
f 810 809 811
f 810 583 576
f 811 809 812
f 811 813 814
f 811 814 584
f 814 815 816
f 814 816 585
f 816 817 818
f 816 818 587
f 818 819 820
f 818 820 590
f 820 821 822
f 820 822 593
f 822 823 824
f 822 824 825
f 824 826 827
f 824 827 828
f 828 597 825
f 828 827 829
f 828 829 599
f 829 830 831
f 829 831 602
f 831 832 833
f 831 833 834
f 833 835 836
f 833 836 837
f 837 838 834
f 837 836 839
f 837 839 840
f 840 841 838
f 840 839 842
f 840 842 843
f 843 844 841
f 843 842 845
f 843 845 846
f 846 847 844
f 846 845 848
f 846 848 849
f 849 850 847
f 849 848 851
f 849 851 852
f 852 853 850
f 852 851 854
f 852 854 855
f 855 856 853
f 855 854 857
f 855 857 858
f 858 625 856
f 858 857 859
f 858 859 628
f 859 860 861
f 859 861 862
f 861 863 864
f 861 864 865
f 865 866 862
f 865 864 867
f 865 867 868
f 868 869 866
f 868 867 870
f 868 870 871
f 871 638 869
f 871 870 872
f 871 872 640
f 872 873 874
f 872 874 642
f 874 875 876
f 874 876 645
f 876 877 878
f 876 878 645
f 878 879 880
f 878 881 646
f 882 650 647
f 882 881 883
f 882 884 650
f 885 653 651
f 885 884 886
f 885 887 653
f 888 656 654
f 888 887 889
f 888 890 656
f 891 659 657
f 891 890 892
f 891 893 659
f 894 893 895
f 894 896 662
f 894 662 660
f 896 895 897
f 896 898 664
f 898 897 899
f 898 900 666
f 901 900 902
f 901 903 669
f 901 669 667
f 904 903 905
f 904 906 672
f 904 672 670
f 905 903 907
f 905 907 908
f 905 698 906
f 908 907 909
f 908 909 910
f 908 911 698
f 911 910 912
f 911 913 699
f 913 912 914
f 913 915 703
f 915 914 916
f 915 917 703
f 917 916 918
f 917 919 704
f 919 918 920
f 919 921 706
f 921 920 922
f 921 923 709
f 924 923 925
f 924 926 712
f 924 712 710
f 925 923 927
f 925 927 928
f 925 929 926
f 928 927 930
f 928 930 931
f 928 932 929
f 932 931 933
f 932 934 724
f 934 933 935
f 934 936 725
f 935 933 937
f 935 937 938
f 935 938 731
f 939 937 940
f 939 941 737
f 939 737 734
f 942 941 943
f 942 944 945
f 942 741 738
f 945 944 946
f 945 946 947
f 945 948 741
f 947 946 949
f 947 949 752
f 947 750 948
f 949 950 951
f 949 951 755
f 951 952 953
f 951 953 954
f 953 955 956
f 953 956 957
f 957 956 958
f 957 958 763
f 957 762 954
f 958 959 960
f 958 960 765
f 960 961 769
f 960 769 767
f 962 961 963
f 962 964 773
f 962 773 770
f 965 964 966
f 965 967 777
f 965 777 774
f 968 967 969
f 968 970 971
f 968 971 778
f 972 970 973
f 972 974 975
f 972 975 781
f 975 976 977
f 975 978 781
f 978 977 979
f 978 980 782
f 979 977 981
f 979 981 982
f 979 983 980
f 982 981 984
f 982 984 798
f 982 795 983
f 984 985 986
f 984 986 987
f 986 988 989
f 986 989 990
f 990 989 991
f 990 991 992
f 990 993 987
f 992 991 994
f 992 994 995
f 992 996 993
f 995 994 997
f 995 997 998
f 995 999 996
f 999 998 1000
f 999 1000 804
f 1000 1001 1002
f 1000 1002 808
f 1002 1003 812
f 1002 812 809
f 1004 1003 1005
f 1004 1006 1007
f 1004 1007 813
f 1007 1008 1009
f 1007 1009 815
f 1009 1010 1011
f 1009 1011 817
f 1011 1012 1013
f 1011 1013 819
f 1013 1014 1015
f 1013 1015 821
f 1015 1016 1017
f 1015 1018 823
f 1018 1017 1019
f 1018 1020 826
f 1020 1019 1021
f 1020 1022 1023
f 1022 1021 17
f 1022 1024 1025
f 1025 830 1023
f 1025 1024 1026
f 1025 1026 832
f 1026 1027 1028
f 1026 1029 835
f 1029 1028 1030
f 1029 1030 1031
f 1030 1032 1033
f 1030 1033 1034
f 1034 1035 1031
f 1034 1033 1036
f 1034 1036 1037
f 1037 1038 1035
f 1037 1036 1039
f 1037 1039 1040
f 1040 1041 1038
f 1040 1039 1042
f 1040 1042 1041
f 1043 1044 1041
f 1043 1042 1045
f 1043 1045 1046
f 1046 1047 1044
f 1046 1045 1048
f 1046 1048 1049
f 1049 1050 1047
f 1049 1048 1051
f 1049 1051 1052
f 1052 1053 1050
f 1052 1051 1054
f 1052 1054 1055
f 1055 860 1053
f 1055 1054 1056
f 1055 1056 863
f 1056 1057 1058
f 1056 1058 1059
f 1058 1060 1061
f 1058 1061 1062
f 1062 1063 1059
f 1062 1061 1064
f 1062 1064 1065
f 1065 1066 1063
f 1065 1064 1067
f 1065 1067 1068
f 1068 873 1066
f 1068 1067 1069
f 1068 1069 875
f 1069 1070 1071
f 1069 1071 877
f 1071 1072 1073
f 1071 1073 879
f 1073 1074 1075
f 1073 1076 879
f 1076 1075 1077
f 1076 1078 880
f 1079 883 881
f 1079 1078 1080
f 1079 1081 883
f 1082 886 884
f 1082 1081 1083
f 1082 1084 886
f 1085 889 887
f 1085 1084 1086
f 1085 1087 889
f 1088 892 890
f 1088 1087 1089
f 1088 75 892
f 1087 1086 1090
f 1090 1086 1091
f 1090 1091 1092
f 1090 1093 1089
f 1093 1092 1094
f 1093 1095 71
f 1095 1094 1096
f 1095 1096 899
f 1096 1097 902
f 1096 902 900
f 1094 1092 1098
f 1094 1098 1097
f 1098 1099 1100
f 1098 1100 909
f 1100 1101 1102
f 1100 1102 910
f 1102 1103 1104
f 1102 1104 914
f 1104 1105 1106
f 1104 1106 914
f 1106 1107 1108
f 1106 1108 916
f 1108 1109 1110
f 1108 1110 920
f 1110 1111 1112
f 1110 1112 920
f 1112 1113 1114
f 1112 1114 922
f 1115 1113 1116
f 1115 1117 1118
f 1115 1118 930
f 1118 1119 1120
f 1118 1120 931
f 1120 1121 1122
f 1120 1122 933
f 1123 1121 1124
f 1123 1124 1125
f 1123 940 937
f 1125 1124 1126
f 1125 1126 1127
f 1125 943 940
f 1127 1126 1128
f 1127 1129 1130
f 1127 1131 943
f 1130 1129 1132
f 1130 1132 952
f 1130 950 1131
f 1129 1128 1133
f 1128 1134 1135
f 1128 1126 1134
f 1135 1136 1137
f 1135 1138 1133
f 1135 1134 1136
f 1139 1140 1136
f 1139 1134 1141
f 1139 1141 1142
f 1142 1143 1140
f 1142 1141 1144
f 1142 1144 1145
f 1145 1146 1147
f 1145 1144 1119
f 1145 1117 1146
f 1147 1148 1149
f 1147 1150 1143
f 1147 1146 1148
f 1151 1152 1153
f 1151 1146 1116
f 1151 1154 1152
f 1155 1156 1157
f 1155 1154 1111
f 1155 1109 1156
f 1157 1158 1159
f 1157 1160 1152
f 1157 1156 1158
f 1161 1162 1163
f 1161 1156 1107
f 1161 1105 1162
f 1163 1164 1165
f 1163 1166 1158
f 1163 1162 1164
f 1167 1168 1169
f 1167 1162 1103
f 1167 1101 1168
f 1169 1170 1083
f 1169 1171 1164
f 1169 1168 1170
f 1171 1083 1081
f 1171 1080 1165
f 1172 1080 1078
f 1172 1077 1173
f 1172 1173 1166
f 1173 1174 1175
f 1173 1175 1159
f 1175 1176 1177
f 1175 1177 1160
f 1177 1178 1179
f 1177 1180 1153
f 1180 1179 1181
f 1180 1149 1148
f 1181 1179 1182
f 1181 1182 1183
f 1181 1184 1150
f 1184 1183 1185
f 1184 1186 1187
f 1186 1185 1188
f 1186 1189 1187
f 1188 1185 1190
f 1188 1190 1137
f 1188 1137 1189
f 1191 1190 1192
f 1191 1192 1193
f 1191 1193 1138
f 1193 1194 48
f 1193 48 47
f 1195 1194 1196
f 1195 1197 1198
f 1195 1198 51
f 1198 1199 1200
f 1198 1200 1201
f 1200 1202 1203
f 1200 1203 1204
f 1204 1203 1205
f 1204 1205 1206
f 1204 1207 1201
f 1207 1206 1208
f 1207 1209 49
f 1209 1208 963
f 1209 1210 50
f 1210 963 961
f 1210 959 1211
f 1208 1206 966
f 1208 966 964
f 1212 1206 1205
f 1212 1213 969
f 1212 969 967
f 1214 1213 1215
f 1214 1216 973
f 1214 973 970
f 1217 1216 1218
f 1217 1219 1220
f 1217 1220 974
f 1220 1221 1222
f 1220 1222 974
f 1222 1223 1224
f 1222 1225 976
f 1224 1223 1226
f 1224 1226 988
f 1224 985 1225
f 1226 1227 1228
f 1226 1228 1229
f 1228 1230 1231
f 1228 1231 1232
f 1232 1231 1233
f 1232 1233 1234
f 1232 1235 1229
f 1234 1233 1236
f 1234 1236 1237
f 1234 1238 1235
f 1237 1236 1239
f 1237 1239 1240
f 1237 1241 1238
f 1240 1239 1242
f 1240 1242 1243
f 1240 1244 1241
f 1244 1243 1245
f 1244 1245 997
f 1245 1246 1247
f 1245 1247 1001
f 1247 1248 1005
f 1247 1005 1003
f 1246 1243 1249
f 1246 1250 1248
f 1250 1249 1251
f 1250 1251 1252
f 1251 1253 1254
f 1251 1254 1255
f 1255 1254 1256
f 1255 1256 1257
f 1255 1258 1252
f 1258 1257 1259
f 1258 1259 1260
f 1259 1261 1262
f 1259 1262 1263
f 1263 1262 1264
f 1263 1264 1265
f 1263 1265 1260
f 1265 1266 1267
f 1265 1267 1268
f 1268 41 43
f 1268 1267 1269
f 1268 1269 1270
f 1270 1271 41
f 1270 1269 1272
f 1270 1272 1273
f 1273 1010 1271
f 1273 1272 1274
f 1273 1274 1012
f 1274 1275 1276
f 1274 1276 1014
f 1276 1277 1278
f 1276 1278 1016
f 1278 1279 1280
f 1278 1281 1016
f 1281 1280 1282
f 1281 1283 1017
f 1283 1282 1284
f 1283 1285 1019
f 1285 1284 1286
f 1285 19 1021
f 1284 1282 1287
f 1284 1287 1288
f 1288 1287 1289
f 1288 1289 1290
f 1288 1291 1286
f 1291 1290 1292
f 1291 1293 20
f 1293 1292 1294
f 1293 1295 1296
f 1297 1298 1296
f 1297 1295 1299
f 1297 1299 1300
f 1300 1301 1298
f 1300 1299 1302
f 1300 1302 1301
f 1303 1304 1305
f 1303 1302 1306
f 1303 1307 1304
f 1308 1307 1309
f 1308 1310 1311
f 1308 1311 1312
f 1312 1313 1304
f 1312 1311 1314
f 1312 1314 1315
f 1315 1316 1317
f 1315 1314 1318
f 1315 1318 1316
f 1319 1320 1321
f 1319 1318 1322
f 1319 1323 1320
f 1324 1325 1326
f 1324 1323 1327
f 1324 1327 1328
f 1328 1329 1325
f 1328 1327 1330
f 1328 1330 1331
f 1331 1332 1329
f 1331 1330 1333
f 1331 1333 1334
f 1334 1335 1332
f 1334 1333 1336
f 1334 1336 1337
f 1337 1338 1335
f 1337 1336 1339
f 1337 1339 1340
f 1340 1341 1338
f 1340 1339 1342
f 1340 1342 1343
f 1343 1344 1341
f 1343 1342 1345
f 1343 1345 1346
f 1346 1347 1344
f 1346 1345 1348
f 1346 1348 1349
f 1349 1350 1347
f 1349 1348 1351
f 1349 1351 1352
f 1352 1353 1350
f 1352 1351 1354
f 1352 1354 1355
f 1355 1356 1357
f 1355 1354 1358
f 1355 1359 1356
f 1358 1354 1360
f 1358 1361 1362
f 1358 1363 1359
f 1363 1362 1364
f 1363 1365 122
f 1365 1364 1366
f 1365 1367 123
f 1368 1367 1369
f 1368 1370 1371
f 1368 1371 1372
f 1371 1373 1182
f 1371 1182 1374
f 1373 1370 1375
f 1373 1376 1183
f 1375 1370 1377
f 1375 1377 1378
f 1375 1379 1376
f 1378 1377 1380
f 1378 1380 1381
f 1378 1382 1379
f 1382 1381 1196
f 1382 1196 1194
f 1383 1381 1384
f 1383 1385 1386
f 1383 1386 1197
f 1386 1387 1388
f 1386 1388 1199
f 1388 1389 1390
f 1388 1390 1202
f 1390 1391 1392
f 1390 1392 1393
f 1392 1394 1395
f 1392 1395 1396
f 1396 1395 1397
f 1396 1397 1215
f 1396 1398 1393
f 1397 1399 1218
f 1397 1218 1216
f 1400 1399 1401
f 1400 1402 1403
f 1400 1403 1219
f 1403 1404 1405
f 1403 1405 1221
f 1405 1406 1227
f 1405 1227 1223
f 1406 1404 1407
f 1406 1408 1230
f 1408 1407 1409
f 1408 1410 1411
f 1411 1410 1412
f 1411 1413 1414
f 1411 1415 1416
f 1414 1413 1417
f 1414 1417 1418
f 1414 1419 1415
f 1418 1417 1420
f 1418 1420 1421
f 1418 1422 1419
f 1421 1420 1423
f 1421 1423 1424
f 1421 1425 1422
f 1424 1423 1426
f 1424 1426 1427
f 1424 1428 1425
f 1428 1427 1253
f 1428 1249 1242
f 1427 1426 1429
f 1427 1429 1430
f 1429 1431 1432
f 1429 1432 1433
f 1433 1432 1434
f 1433 1434 1435
f 1433 1436 1430
f 1435 1434 1437
f 1435 1437 1438
f 1435 1439 1436
f 1439 1438 1440
f 1439 1441 1256
f 1441 1440 1442
f 1441 1442 1261
f 1442 1443 1444
f 1442 1444 1445
f 1444 1446 1447
f 1444 1447 1448
f 1448 1447 1449
f 1448 1449 1450
f 1448 1451 1445
f 1450 1449 1452
f 1450 1452 1453
f 1450 1454 1451
f 1454 1453 1455
f 1454 1455 1264
f 1455 1456 1457
f 1455 1458 1459
f 1458 1457 1460
f 1458 1461 1459
f 1462 1463 1459
f 1462 1461 1464
f 1462 1465 1466
f 1466 1467 1463
f 1466 1465 1468
f 1466 1468 1469
f 1469 1275 1467
f 1469 1468 1470
f 1469 1470 1277
f 1470 1471 1472
f 1470 1472 1279
f 1472 1473 1474
f 1472 1474 1279
f 1474 1475 1476
f 1474 1477 1280
f 1476 1475 1478
f 1476 1479 1480
f 1476 1480 1477
f 1481 1479 1482
f 1481 1483 1484
f 1481 1485 1480
f 1485 1484 1486
f 1485 1487 1289
f 1487 1486 1488
f 1487 1489 1290
f 1489 1488 1490
f 1489 1491 1292
f 1491 1490 1492
f 1491 1493 1294
f 1494 1495 1295
f 1494 1493 1496
f 1494 1496 1497
f 1497 1498 1495
f 1497 1496 1499
f 1497 1500 1498
f 1501 1306 1302
f 1501 1500 1502
f 1501 1503 1306
f 1504 1309 1306
f 1504 1503 1505
f 1504 1506 1309
f 1507 100 1310
f 1507 1506 1508
f 1507 1509 100
f 1509 1508 1510
f 1509 1511 97
f 1511 1510 1512
f 1511 1513 98
f 1514 1515 101
f 1514 1513 1516
f 1514 1517 1515
f 1518 1519 1520
f 1518 1517 1521
f 1518 1522 1519
f 1523 1524 1519
f 1523 1522 1525
f 1523 1525 1524
f 1526 1527 1528
f 1526 1525 1529
f 1526 1529 1527
f 1530 1531 1527
f 1530 1529 1532
f 1530 1532 1533
f 1533 1534 1531
f 1533 1532 1535
f 1533 1535 1536
f 1536 1537 1534
f 1536 1535 1538
f 1536 1538 1539
f 1539 1540 1537
f 1539 1538 1541
f 1539 1541 1542
f 1542 1543 1540
f 1542 1541 1544
f 1542 1544 1545
f 1545 1546 1543
f 1545 1544 1547
f 1545 1547 1548
f 1548 1549 1546
f 1548 1547 1550
f 1548 1551 1549
f 1552 1553 1549
f 1552 1551 1554
f 1552 118 1555
f 1555 1556 1553
f 1555 118 1557
f 1555 1557 1558
f 1558 1559 1556
f 1558 1557 1560
f 1558 1560 1561
f 1561 1560 1562
f 1561 1562 1563
f 1561 1564 1559
f 1565 1362 1566
f 1565 1566 1567
f 1565 1564 1364
f 1566 1361 1568
f 1566 1568 1569
f 1569 1568 1570
f 1569 1570 1571
f 1569 1572 1567
f 1571 1570 1573
f 1571 1573 1574
f 1571 1575 1572
f 1574 1573 1576
f 1574 1576 1577
f 1574 1578 1549
f 1577 1576 1579
f 1577 1579 1580
f 1577 1581 1578
f 1580 1579 1582
f 1580 1582 1583
f 1580 1584 1581
f 1583 1582 1585
f 1583 1585 1586
f 1583 1587 1584
f 1586 1585 1588
f 1586 1588 1589
f 1586 1590 1587
f 1589 1588 1591
f 1589 1591 1592
f 1589 1593 1590
f 1592 1591 1594
f 1592 1594 1595
f 1592 1596 1593
f 1595 1594 1597
f 1595 1597 1598
f 1595 1528 1596
f 1598 1597 1599
f 1598 1599 1600
f 1598 1601 1524
f 1600 1599 1602
f 1600 1602 1520
f 1600 1520 1601
f 1602 1603 1604
f 1602 1604 1605
f 1599 1606 1603
f 1597 1322 1318
f 1594 1607 1323
f 1591 1608 1607
f 1588 1609 1608
f 1585 1610 1609
f 1582 1611 1610
f 1579 1612 1611
f 1576 1613 1612
f 1573 1614 1613
f 1570 1615 1614
f 1568 1360 1615
f 1564 1563 1366
f 1563 1562 1616
f 1563 1616 1617
f 1617 1616 1618
f 1617 1619 1369
f 1617 1369 1367
f 1618 1616 1620
f 1618 1621 1622
f 1618 1622 1619
f 1622 1623 1384
f 1622 1384 1380
f 1624 1623 1625
f 1624 1626 1627
f 1624 1627 1385
f 1627 1628 1629
f 1627 1630 1387
f 1630 1629 1631
f 1630 1632 1389
f 1632 1631 1633
f 1632 1633 1391
f 1633 1634 1635
f 1633 1635 1394
f 1635 1636 1637
f 1635 1637 1638
f 1637 1639 1640
f 1637 1640 1401
f 1640 1641 1642
f 1640 1642 1402
f 1642 1643 1407
f 1642 1407 1404
f 1643 1641 1644
f 1643 1645 1409
f 1646 1645 1647
f 1646 1648 1412
f 1646 1412 1410
f 1649 1648 1650
f 1649 1651 1652
f 1649 1652 1413
f 1653 1651 1654
f 1653 1654 1655
f 1653 1656 1652
f 1655 1654 1657
f 1655 1657 1658
f 1655 1659 1656
f 1658 1657 1660
f 1658 1660 1661
f 1658 1662 1659
f 1661 1660 1663
f 1661 1663 1664
f 1661 1431 1662
f 1663 1665 1666
f 1663 1666 1667
f 1667 1666 1668
f 1667 1668 1669
f 1667 1670 1664
f 1669 1668 1671
f 1669 1671 1672
f 1669 1673 1670
f 1672 1671 1674
f 1672 1674 1675
f 1672 1676 1673
f 1676 1675 1677
f 1676 1678 1437
f 1678 1677 1679
f 1678 1680 1438
f 1680 1679 1681
f 1680 1682 1440
f 1682 1681 1683
f 1682 1683 1446
f 1683 1684 1685
f 1683 1685 1686
f 1685 1687 1688
f 1685 1688 1689
f 1689 1688 1690
f 1689 1690 1691
f 1689 1692 1686
f 1691 1690 1693
f 1691 1693 1694
f 1691 1695 1692
f 1694 1693 1696
f 1694 1696 1697
f 1694 1697 1695
f 1697 1698 1699
f 1697 1699 1453
f 1699 1700 1701
f 1699 1701 1456
f 1701 1702 1703
f 1701 1703 1457
f 1703 1704 1705
f 1703 1705 1457
f 1705 1706 1707
f 1705 1707 1460
f 1708 1464 1461
f 1708 1707 1709
f 1708 1709 1464
f 1710 1711 1465
f 1710 1709 1712
f 1710 1713 1711
f 1714 1471 1468
f 1714 1713 1715
f 1714 1715 1473
f 1715 1716 1478
f 1715 1478 1475
f 1717 1716 1718
f 1717 1719 1482
f 1717 1482 1479
f 1720 1719 1721
f 1720 1722 1723
f 1720 1723 1482
f 1723 1724 1725
f 1723 1725 1483
f 1725 1726 1727
f 1725 1727 1484
f 1727 1728 1729
f 1727 1729 1486
f 1729 1730 1731
f 1729 1731 1488
f 1731 1732 1733
f 1731 1733 1492
f 1733 1734 1735
f 1733 1735 1736
f 1736 1737 1492
f 1736 1735 1738
f 1736 1738 1739
f 1739 1499 1737
f 1739 1738 1740
f 1739 1740 1499
f 1741 1502 1500
f 1741 1740 1742
f 1741 1743 1502
f 1744 1505 1503
f 1744 1743 130
f 1744 132 1505
f 1745 1508 1506
f 1745 132 131
f 1745 1746 1508
f 1746 131 1747
f 1746 1747 1512
f 1747 129 1748
f 1747 1748 1749
f 1749 1516 1512
f 1749 1748 1750
f 1749 1750 1751
f 1751 1521 1516
f 1751 1750 1752
f 1751 1752 1753
f 1753 1754 1521
f 1753 1752 1755
f 1753 1755 1756
f 1756 1757 1754
f 1756 1755 1758
f 1756 1758 1759
f 1759 1760 1757
f 1759 1758 1761
f 1759 1761 1762
f 1762 1763 1760
f 1762 1761 1764
f 1762 1764 1765
f 1765 1766 1763
f 1765 1764 1767
f 1765 1767 1768
f 1768 1769 1766
f 1768 1767 1770
f 1768 1770 1771
f 1771 1772 1769
f 1771 1770 1773
f 1771 1774 1772
f 1775 1776 1544
f 1775 1774 1777
f 1775 1778 1776
f 1779 1550 1547
f 1779 1778 1780
f 1779 1781 1550
f 1782 1554 1551
f 1782 1781 1783
f 1782 1784 1554
f 1784 1783 1785
f 1784 1786 119
f 1786 1787 120
f 1786 1785 1788
f 1788 1789 1787
f 1788 1785 1790
f 1788 1790 1791
f 1791 1792 1789
f 1791 1790 1793
f 1791 1793 1794
f 1794 1795 1792
f 1794 1793 1796
f 1794 1796 1797
f 1797 1798 1795
f 1797 1796 1799
f 1797 1799 1800
f 1800 1801 1798
f 1800 1799 1802
f 1800 1802 1803
f 1803 1804 1801
f 1803 1802 1805
f 1803 1805 1806
f 1806 1807 1804
f 1806 1805 1808
f 1806 1808 1809
f 1809 1810 1807
f 1809 1808 1811
f 1809 1811 1812
f 1812 1813 1810
f 1812 1811 1814
f 1812 1814 1815
f 1815 1816 1817
f 1815 1814 1818
f 1815 1819 1816
f 1819 1820 1821
f 1819 1818 1822
f 1822 1823 1820
f 1822 1818 1824
f 1822 1825 1826
f 1826 1827 1823
f 1826 1825 1828
f 1826 1828 1829
f 1829 1830 1827
f 1829 1828 1831
f 1829 1831 1832
f 1832 1833 1830
f 1832 1831 1834
f 1832 1834 1835
f 1835 1836 1833
f 1835 1834 93
f 1835 93 92
f 1834 1837 94
f 1838 1837 1839
f 1838 1840 1841
f 1838 1841 95
f 1841 1842 1843
f 1841 1843 1844
f 1843 1845 1846
f 1843 1846 1847
f 1847 1848 1773
f 1847 1849 91
f 1847 1846 1848
f 1850 1851 1777
f 1850 1846 1852
f 1850 1853 1851
f 1854 1855 1780
f 1854 1853 1856
f 1854 1857 1855
f 1857 1858 1859
f 1857 1856 1860
f 1860 1861 1858
f 1860 1856 1862
f 1860 1862 1863
f 1863 1864 1861
f 1863 1862 1865
f 1863 1865 1866
f 1866 1867 1864
f 1866 1865 135
f 1866 135 134
f 1868 1865 1869
f 1868 1870 1871
f 1868 1871 137
f 1871 1872 1873
f 1871 1873 138
f 1873 1874 1875
f 1873 1876 138
f 1877 1876 1878
f 1877 1879 1880
f 1877 1880 136
f 1878 1881 1824
f 1878 1882 1879
f 1878 1876 1881
f 1881 1883 1825
f 1881 1875 1883
f 1884 1885 1883
f 1884 1875 1886
f 1884 1886 1839
f 1886 1874 1887
f 1886 1887 1840
f 1887 1872 1888
f 1887 1888 1842
f 1888 1870 1889
f 1888 1889 1845
f 1889 1869 1890
f 1889 1890 1852
f 1890 1856 1853
f 1855 1859 1783
f 1855 1783 1781
f 1851 1780 1778
f 1849 1773 1770
f 1849 1891 92
f 1848 1777 1774
f 1839 1837 1885
f 1824 1818 1882
f 1817 1892 1893
f 1817 1894 1813
f 1817 1816 1892
f 1894 1893 1895
f 1894 1896 1897
f 1897 1896 1898
f 1897 1898 1899
f 1897 1900 1901
f 1899 1898 1902
f 1899 1902 1903
f 1899 1904 1900
f 1903 1902 1905
f 1903 1905 1906
f 1903 1907 1904
f 1906 1905 1908
f 1906 1908 1909
f 1906 1910 1907
f 1909 1908 1911
f 1909 1911 1912
f 1909 1913 1910
f 1912 1911 1914
f 1912 1914 1915
f 1912 1916 1913
f 1915 1914 1917
f 1915 1917 1918
f 1915 1919 1916
f 1918 1917 1920
f 1918 1920 1921
f 1918 1922 1919
f 1921 1920 1923
f 1921 1923 1924
f 1921 1925 1922
f 1924 1923 1926
f 1924 1926 1927
f 1924 115 1925
f 1926 1928 1929
f 1926 1929 1930
f 1930 1929 1931
f 1930 1931 1932
f 1930 1933 1927
f 1933 1932 1934
f 1933 1935 116
f 1935 1934 1936
f 1935 1937 117
f 1936 1934 1938
f 1936 1938 1621
f 1936 1620 1937
f 1938 1939 1625
f 1938 1625 1623
f 1940 1939 1941
f 1940 1942 1943
f 1940 1943 1626
f 1943 1944 1945
f 1943 1945 1628
f 1945 36 35
f 1945 1946 1628
f 1946 35 1947
f 1946 1948 1629
f 1948 1947 1949
f 1948 1950 1631
f 1950 1949 1951
f 1950 1952 1634
f 1952 1951 1953
f 1952 1954 1639
f 1954 1953 1644
f 1954 1644 1641
f 1955 1953 1956
f 1955 1957 1647
f 1955 1647 1645
f 1958 1957 1959
f 1958 1960 1650
f 1958 1650 1648
f 1961 1960 1962
f 1961 1963 1964
f 1961 1964 1651
f 1965 1963 1966
f 1965 1967 1968
f 1965 1968 1964
f 1969 1967 1970
f 1969 1970 1971
f 1969 1972 1968
f 1971 1970 1973
f 1971 1973 1974
f 1971 1665 1972
f 1973 1975 1976
f 1973 1976 1977
f 1977 1976 1978
f 1977 1978 1979
f 1977 1980 1974
f 1979 1978 1981
f 1979 1981 1982
f 1979 1983 1980
f 1982 1981 1984
f 1982 1984 1985
f 1982 1986 1983
f 1985 1984 1987
f 1985 1987 149
f 1985 152 1986
f 1987 1988 1989
f 1987 1989 150
f 1989 1990 150
f 1989 1991 1990
f 1992 1993 1994
f 1992 1991 1995
f 1992 1996 1993
f 1997 1998 1999
f 1997 1996 2000
f 1997 2001 1998
f 2002 2003 2004
f 2002 2001 2005
f 2002 2006 2003
f 2007 2008 2009
f 2007 2006 2010
f 2007 2011 2008
f 2012 2013 2008
f 2012 2011 2014
f 2012 2014 2015
f 2015 2016 2013
f 2015 2014 2017
f 2015 2017 2018
f 2018 2019 2016
f 2018 2017 2020
f 2018 2020 2021
f 2021 2022 2019
f 2021 2020 2023
f 2021 2023 2024
f 2024 2025 2022
f 2024 2023 2026
f 2024 2026 2027
f 2027 2028 2025
f 2027 2026 2029
f 2027 2029 2030
f 2030 2031 2028
f 2030 2029 2032
f 2030 2032 2033
f 2033 2034 2031
f 2033 2032 2035
f 2033 2035 2036
f 2036 1702 2034
f 2036 2035 2037
f 2036 2037 1704
f 2037 2038 2039
f 2037 2039 1706
f 2039 2040 2041
f 2039 2041 2042
f 2041 2043 2044
f 2041 2044 2045
f 2045 2046 2042
f 2045 2044 2047
f 2045 2047 2048
f 2048 1712 2046
f 2048 2047 2049
f 2048 2049 1718
f 2049 2050 1721
f 2049 1721 1719
f 2051 2050 2052
f 2051 2053 2054
f 2051 2054 1722
f 2054 2055 2056
f 2054 2056 1724
f 2056 2057 2058
f 2056 2058 1726
f 2058 2059 2060
f 2058 2060 1728
f 2060 2061 2062
f 2060 2062 1730
f 2062 2063 2064
f 2062 2064 1732
f 2064 2065 2066
f 2064 2066 1734
f 2066 2067 2068
f 2066 2068 2069
f 2065 2063 2070
f 2065 2071 2067
f 2070 2063 2072
f 2070 2072 2073
f 2070 2074 2071
f 2073 2072 2075
f 2073 2075 2076
f 2073 2077 2074
f 2076 2075 2078
f 2076 2078 2079
f 2076 2080 2077
f 2079 2078 2081
f 2079 2081 2082
f 2079 2083 2080
f 2082 2081 2084
f 2082 2084 2085
f 2082 1928 2083
f 2084 2086 2087
f 2084 2087 2088
f 2088 2087 2089
f 2088 2089 2090
f 2088 2091 2085
f 2090 2089 2092
f 2090 2092 2093
f 2090 2094 2091
f 2094 2093 1942
f 2094 1941 1931
f 2093 2092 2095
f 2093 2096 1942
f 2096 2095 2097
f 2096 33 1944
f 2095 2098 2099
f 2095 2092 2098
f 2099 2100 2101
f 2099 2102 2097
f 2099 2098 2100
f 2103 2104 2100
f 2103 2098 2105
f 2103 2105 2106
f 2106 2107 2104
f 2106 2105 2108
f 2106 2108 2109
f 2109 2110 2107
f 2109 2108 2111
f 2109 2111 2112
f 2112 2113 2110
f 2112 2111 2114
f 2112 2114 2115
f 2115 2053 2113
f 2115 2114 2116
f 2115 2116 2055
f 2116 2117 2118
f 2116 2118 2057
f 2118 2119 2120
f 2118 2120 2059
f 2117 2114 2121
f 2117 2122 2119
f 2121 2111 2123
f 2121 2086 2122
f 2124 2125 2126
f 2124 2126 2127
f 2124 2113 2052
f 2127 2126 2128
f 2127 2128 2129
f 2128 2043 2130
f 2128 2130 2131
f 2131 2130 2132
f 2131 2132 2133
f 2131 2134 2129
f 2133 2132 2135
f 2133 2135 2136
f 2133 2101 2134
f 2136 2135 2137
f 2136 2137 2138
f 2136 2139 2102
f 2139 2138 2140
f 2139 2141 32
f 2140 2138 2142
f 2140 2142 2143
f 2140 2144 2141
f 2144 2143 2145
f 2144 2146 30
f 2146 2145 2147
f 2146 2147 2148
f 2148 2147 2149
f 2148 2149 2150
f 2148 2151 34
f 2151 2150 1949
f 2151 1949 1947
f 2150 2149 1956
f 2150 1956 1951
f 2152 2149 2153
f 2152 2154 1959
f 2152 1959 1957
f 2155 2154 2156
f 2155 2157 1962
f 2155 1962 1960
f 2158 2157 2159
f 2158 2160 1966
f 2158 1966 1963
f 2161 2160 2162
f 2161 2163 2164
f 2161 2164 1967
f 2165 2163 2166
f 2165 2167 1975
f 2165 1975 1970
f 2167 2166 2168
f 2167 107 104
f 2166 2169 2170
f 2166 2163 2169
f 2170 2171 2172
f 2170 2173 2168
f 2170 2169 2171
f 2174 2175 2176
f 2174 2169 2162
f 2174 2177 2175
f 2178 2179 2180
f 2178 2177 2159
f 2178 2181 2179
f 2182 2183 2184
f 2182 2181 2156
f 2182 2185 2183
f 2185 2156 2154
f 2185 2153 2186
f 2184 2187 2188
f 2184 2189 2179
f 2184 2183 2187
f 2190 2191 2187
f 2190 2183 2186
f 2190 2145 2143
f 2192 2193 2194
f 2192 2194 2188
f 2192 2191 2195
f 2195 2196 2193
f 2195 2191 2142
f 2195 2142 2197
f 2196 2198 2199
f 2196 2197 2200
f 2200 2201 2198
f 2200 2197 2137
f 2200 2137 2202
f 2194 2203 2204
f 2194 2204 2188
f 2205 2204 2014
f 2205 2206 2207
f 2205 2207 2189
f 2207 2208 2209
f 2207 2209 2180
f 2209 2210 2176
f 2209 2176 2175
f 2211 2210 2212
f 2211 2213 2172
f 2211 2172 2171
f 2214 2213 2215
f 2214 2216 2217
f 2214 2217 2173
f 2217 2218 106
f 2217 106 105
f 2219 2218 2220
f 2219 2221 2222
f 2219 2222 103
f 2222 2223 2224
f 2222 2224 104
f 2221 2220 2225
f 2221 2226 2223
f 2225 1995 1991
f 2225 1988 2226
f 2225 2220 1995
f 2227 2000 1996
f 2227 2220 2218
f 2227 2216 2000
f 2215 2005 2001
f 2215 2213 2005
f 2212 2010 2006
f 2212 2210 2010
f 2208 2206 2011
f 2193 2199 2203
f 2181 2159 2157
f 2177 2162 2160
f 2202 2228 2201
f 2202 2135 2229
f 2229 2230 2228
f 2229 2132 2231
f 2231 2038 2230
f 2231 2130 2040
f 2108 2232 2123
f 2105 2233 2232
f 2120 2072 2061
f 2052 2050 2125
f 2234 1698 2235
f 2234 2235 2236
f 2234 2034 1700
f 2235 1696 2237
f 2235 2237 2238
f 2238 2237 2239
f 2238 2239 2240
f 2238 2241 2236
f 2240 2239 109
f 2240 109 2242
f 2240 2243 2241
f 2239 2244 2245
f 2245 2246 2247
f 2245 2248 110
f 2245 2244 2246
f 2249 2250 2251
f 2249 2244 2237
f 2249 2252 2250
f 2251 2253 2254
f 2251 2255 2246
f 2251 2250 2253
f 2255 2254 2256
f 2255 2257 2247
f 2258 2257 2259
f 2258 2260 2261
f 2258 2261 2248
f 2261 2262 112
f 2261 112 111
f 2263 2262 2264
f 2263 2265 2266
f 2263 2266 113
f 2266 2267 2268
f 2266 2268 2242
f 2265 2264 2269
f 2265 2270 2267
f 2269 2264 2271
f 2269 2271 2272
f 2269 2273 2270
f 2272 2271 77
f 2272 77 80
f 2272 2009 2273
f 2271 2274 78
f 2275 2276 81
f 2275 2274 2260
f 2275 2259 2276
f 2277 2278 2279
f 2277 2259 2257
f 2277 2256 2278
f 2280 2281 2282
f 2280 2256 2254
f 2280 2283 2281
f 2282 2284 2285
f 2282 2286 2278
f 2282 2281 2284
f 2287 2288 2284
f 2287 2281 1687
f 2287 1684 2288
f 2289 2290 2291
f 2289 2291 2285
f 2289 2288 2292
f 2292 148 2290
f 2292 2288 1679
f 2292 1679 1677
f 2291 2293 1994
f 2291 1994 2294
f 2294 2295 2285
f 2294 1994 1999
f 2294 1999 2295
f 2296 79 82
f 2296 1999 1998
f 2296 2004 79
f 2295 82 2279
f 2290 147 2293
f 2279 82 2276
f 2274 2264 2262
f 2254 2253 2283
f 2243 2242 2268
f 2009 80 2003
f 2224 1976 2297
f 1941 1939 1932
f 2068 1902 2298
f 2298 2299 2069
f 2298 1898 2300
f 2300 2301 2299
f 2300 1896 2301
f 1895 1742 1740
f 1895 1893 1742
f 1893 1892 2302
f 1892 2303 128
f 1816 1821 2303
f 1880 1805 2304
f 1802 1867 2304
f 1891 1767 1836
f 1743 1742 2302
f 1718 1716 1712
f 1677 1675 148
f 1675 1674 151
f 1520 1605 1515
f 1401 1399 1638
f 1357 2305 2306
f 1357 2306 2307
f 1357 1356 2308
f 2308 2309 2305
f 2308 1356 2310
f 2308 2310 2311
f 2311 1072 2309
f 2311 2310 2312
f 2311 2312 1074
f 2312 126 2313
f 2312 2314 1074
f 2314 2313 1176
f 2314 1174 1075
f 2309 1070 2315
f 2306 2316 2317
f 2306 2317 2318
f 2318 2317 2319
f 2318 2319 2320
f 2318 2321 2307
f 2320 2319 2322
f 2320 2322 2323
f 2320 2324 2321
f 2323 2322 2325
f 2323 2325 2326
f 2323 2327 2324
f 2326 2325 2328
f 2326 2328 2329
f 2326 2330 2327
f 2329 2328 2331
f 2329 2331 2332
f 2329 2333 2330
f 2332 2331 2334
f 2332 2334 2335
f 2332 2336 2333
f 2335 2334 2337
f 2335 2337 2338
f 2335 2339 2336
f 2338 2337 2340
f 2338 2340 2341
f 2338 2341 2339
f 2342 2340 2343
f 2342 2343 1326
f 2342 1326 1325
f 2344 2343 2345
f 2344 2346 1321
f 2344 1321 1320
f 2347 2346 2348
f 2347 2349 1317
f 2347 1317 1316
f 2350 2349 2351
f 2350 2351 1301
f 2350 1305 1313
f 2349 2348 2352
f 2348 2353 2354
f 2348 2346 2353
f 2353 1032 1028
f 2353 2345 1032
f 2345 2343 2355
f 2356 2357 2355
f 2356 2340 2358
f 2358 2359 2357
f 2358 2337 2360
f 2360 2361 2359
f 2360 2334 2362
f 2362 2363 2361
f 2362 2331 2364
f 2364 2365 2363
f 2364 2328 2366
f 2366 2367 2365
f 2366 2325 2368
f 2368 2369 2367
f 2368 2322 2370
f 2370 1057 2369
f 2370 2319 1060
f 2305 2315 2316
f 1604 1310 100
f 2351 2352 21
f 1271 1008 42
f 1215 1213 1398
f 1374 125 1372
f 1374 1179 1178
f 1178 1176 2313
f 1168 1099 1091
f 1154 1116 1113
f 1144 2371 1119
f 1141 2372 2371
f 1170 1086 1084
f 1028 1027 2354
f 1027 1024 16
f 1006 1005 40
f 1211 955 45
f 955 952 1132
f 899 897 72
f 897 895 73
f 895 893 74
f 529 527 14
f 689 431 428
f 430 2373 2374
f 426 2374 2375
f 422 2375 2376
f 418 2376 58
f 2373 67 66
f 440 56 54
f 465 464 24
f 582 306 4
f 254 253 182
f 249 2377 253
f 246 239 2377
f 234 2378 86
f 2378 231 2379
f 2378 2380 87
f 2380 2379 2381
f 2380 2382 2383
f 2382 2381 2384
f 2382 2384 164
f 2384 2385 160
f 2384 160 159
f 2386 2385 2387
f 2386 2388 2389
f 2386 2389 161
f 2387 227 224
f 2387 223 2388
f 2387 2385 227
f 2381 2379 228
f 2389 207 2390
f 204 197 2390
f 194 2391 155
f 191 183 2391
f 183 180 168
f 2383 171 84
f 1 3 5
f 4 303 2
f 5 219 6
f 6 569 7
f 1 8 4
f 10 754 11
f 9 13 10
f 9 14 12
f 15 17 19
f 18 2354 16
f 19 1286 20
f 21 2352 18
f 20 1296 21
f 23 328 24
f 25 472 26
f 24 464 25
f 22 28 23
f 26 479 27
f 29 31 34
f 32 2141 30
f 33 2097 32
f 34 1947 35
f 29 36 33
f 38 1252 39
f 40 1248 38
f 37 42 40
f 39 1260 43
f 45 1132 46
f 46 1133 47
f 44 48 51
f 44 50 45
f 51 1201 49
f 53 363 54
f 55 358 53
f 52 56 55
f 57 59 62
f 57 61 58
f 57 63 60
f 65 383 66
f 64 67 68
f 64 69 65
f 70 72 73
f 70 74 75
f 75 1089 71
f 76 78 81
f 76 80 77
f 76 82 79
f 83 85 88
f 83 87 84
f 83 89 86
f 90 92 93
f 90 94 95
f 95 1844 91
f 96 98 101
f 96 100 97
f 101 1605 99
f 102 104 107
f 102 106 103
f 107 2168 105
f 108 110 111
f 108 112 113
f 113 2242 109
f 115 1927 116
f 114 117 1557
f 118 1554 119
f 114 120 115
f 121 123 1372
f 124 1359 122
f 125 2313 126
f 126 2310 124
f 127 129 131
f 130 2302 128
f 127 132 130
f 133 135 137
f 136 2304 134
f 133 138 136
f 139 141 144
f 139 143 140
f 139 145 142
f 146 148 151
f 146 150 147
f 146 152 149
f 153 155 157
f 156 197 154
f 153 158 156
f 158 160 161
f 161 2390 156
f 157 162 159
f 162 164 159
f 157 155 165
f 162 166 163
f 165 2391 167
f 166 168 169
f 169 170 163
f 171 2383 172
f 170 164 163
f 169 173 171
f 173 168 174
f 174 175 85
f 173 84 171
f 176 239 177
f 175 88 85
f 175 178 176
f 179 2377 176
f 174 168 180
f 178 181 179
f 182 253 179
f 181 183 184
f 184 185 182
f 186 265 187
f 185 188 182
f 185 189 186
f 190 269 186
f 184 183 191
f 189 192 190
f 193 201 190
f 191 2391 194
f 192 195 193
f 196 198 193
f 194 155 154
f 195 197 196
f 199 279 200
f 198 201 193
f 198 202 199
f 203 282 199
f 196 197 204
f 202 205 203
f 206 285 203
f 204 2390 207
f 205 208 206
f 209 288 206
f 207 2389 210
f 208 211 209
f 212 291 209
f 210 2388 213
f 211 214 212
f 215 294 212
f 213 223 216
f 214 217 215
f 217 219 5
f 5 3 215
f 216 220 218
f 220 222 218
f 220 223 224
f 224 225 221
f 226 563 221
f 225 227 228
f 225 229 226
f 230 560 226
f 228 2379 231
f 229 232 230
f 233 557 230
f 231 2378 234
f 232 235 233
f 236 243 233
f 234 86 89
f 235 237 236
f 238 240 236
f 89 88 177
f 237 239 238
f 241 550 242
f 240 243 236
f 240 244 241
f 245 547 241
f 238 239 246
f 244 247 245
f 248 544 245
f 246 2377 249
f 247 250 248
f 250 252 248
f 250 253 254
f 254 255 251
f 255 145 251
f 255 188 256
f 256 143 142
f 257 258 143
f 256 187 257
f 258 260 261
f 258 140 143
f 258 262 259
f 262 264 259
f 257 187 265
f 265 266 263
f 266 268 263
f 265 186 269
f 269 270 267
f 270 272 267
f 269 190 201
f 270 200 271
f 272 274 275
f 275 268 267
f 271 276 273
f 276 278 273
f 271 200 279
f 276 280 277
f 281 514 277
f 279 199 282
f 280 283 281
f 284 511 281
f 282 203 285
f 283 286 284
f 287 508 284
f 285 206 288
f 286 289 287
f 290 505 287
f 288 209 291
f 289 292 290
f 293 300 290
f 291 212 294
f 292 295 293
f 296 297 293
f 294 215 3
f 295 2 296
f 298 498 299
f 297 300 293
f 297 301 298
f 302 495 298
f 296 2 303
f 301 304 302
f 305 492 302
f 303 4 306
f 304 307 305
f 308 317 305
f 306 582 309
f 307 310 308
f 309 581 311
f 310 312 313
f 313 314 308
f 315 486 316
f 314 317 308
f 314 318 315
f 313 312 319
f 319 592 320
f 320 321 315
f 322 486 315
f 320 324 323
f 321 28 322
f 324 326 325
f 323 23 28
f 326 329 327
f 325 328 23
f 329 601 330
f 327 331 328
f 332 24 328
f 330 605 333
f 331 334 332
f 335 465 332
f 333 608 336
f 334 337 335
f 338 461 335
f 336 611 339
f 337 340 338
f 341 456 338
f 339 614 342
f 340 343 341
f 343 345 341
f 342 617 346
f 346 347 344
f 347 349 344
f 347 350 351
f 351 352 348
f 352 354 348
f 352 355 356
f 356 357 353
f 357 359 353
f 356 361 360
f 360 53 358
f 361 364 362
f 360 363 53
f 364 627 365
f 362 366 363
f 367 54 363
f 365 631 368
f 366 369 367
f 370 440 367
f 368 634 371
f 369 372 370
f 373 438 370
f 371 378 374
f 372 375 373
f 376 434 373
f 374 377 69
f 375 68 376
f 377 378 379
f 379 381 380
f 377 65 69
f 381 384 382
f 380 383 65
f 384 644 385
f 382 386 383
f 387 66 383
f 385 649 388
f 386 389 387
f 390 2373 387
f 389 391 392
f 389 393 390
f 394 2374 390
f 393 395 396
f 393 397 394
f 398 2375 394
f 397 399 400
f 397 401 398
f 59 2376 398
f 400 403 402
f 401 62 59
f 402 404 405
f 402 63 62
f 405 406 407
f 407 408 63
f 408 409 410
f 408 411 412
f 412 60 63
f 412 413 414
f 414 61 60
f 414 415 416
f 416 417 61
f 417 58 61
f 417 419 420
f 420 421 418
f 422 2376 418
f 421 423 424
f 421 425 422
f 426 2375 422
f 425 427 428
f 425 429 426
f 430 2374 426
f 429 431 432
f 429 433 430
f 67 2373 430
f 433 434 376
f 376 68 67
f 432 435 434
f 431 689 436
f 435 437 438
f 438 373 434
f 436 441 439
f 437 56 440
f 440 370 438
f 441 443 442
f 439 55 56
f 443 444 359
f 442 358 55
f 444 445 446
f 446 447 354
f 444 353 359
f 447 448 449
f 449 450 349
f 447 348 354
f 450 451 452
f 452 453 345
f 450 344 349
f 453 454 455
f 455 457 456
f 453 341 345
f 457 458 459
f 457 460 461
f 461 338 456
f 460 462 463
f 460 464 465
f 465 335 461
f 463 466 467
f 467 25 464
f 467 468 469
f 469 472 25
f 469 470 471
f 471 473 472
f 473 474 475
f 475 477 476
f 473 26 472
f 477 480 478
f 476 479 26
f 480 708 481
f 478 482 479
f 481 715 483
f 482 484 485
f 485 27 479
f 485 486 322
f 322 28 27
f 484 487 488
f 488 316 486
f 488 489 490
f 490 317 316
f 490 491 492
f 492 305 317
f 489 717 493
f 491 494 495
f 495 302 492
f 493 720 496
f 494 497 498
f 498 298 495
f 496 723 499
f 497 500 501
f 501 299 498
f 501 502 503
f 503 300 299
f 503 504 505
f 505 290 300
f 502 730 506
f 504 507 508
f 508 287 505
f 506 733 509
f 507 510 511
f 511 284 508
f 509 736 512
f 510 513 514
f 514 281 511
f 512 739 515
f 513 516 278
f 278 277 514
f 515 743 517
f 517 518 274
f 516 273 278
f 518 519 520
f 520 522 521
f 518 275 274
f 522 524 523
f 521 268 275
f 524 525 264
f 523 263 268
f 525 526 527
f 527 528 260
f 525 259 264
f 528 529 530
f 530 532 531
f 528 261 260
f 532 533 141
f 531 140 261
f 533 534 535
f 535 537 536
f 533 144 141
f 537 539 538
f 536 145 144
f 539 540 252
f 538 251 145
f 540 541 542
f 540 543 544
f 544 248 252
f 542 771 545
f 543 546 547
f 547 245 544
f 545 775 548
f 546 549 550
f 550 241 547
f 548 780 551
f 549 552 553
f 553 242 550
f 553 554 555
f 555 243 242
f 555 556 557
f 557 233 243
f 554 787 558
f 556 559 560
f 560 230 557
f 558 790 561
f 559 562 563
f 563 226 560
f 561 793 564
f 562 565 222
f 222 221 563
f 564 567 566
f 565 6 219
f 565 218 222
f 567 570 568
f 566 569 6
f 570 797 571
f 568 572 569
f 571 803 573
f 572 574 575
f 575 7 569
f 575 576 577
f 577 8 7
f 577 578 579
f 579 582 8
f 579 580 581
f 581 309 582
f 580 583 584
f 580 585 586
f 586 311 581
f 586 587 588
f 588 312 311
f 587 590 589
f 589 319 312
f 590 593 591
f 589 592 319
f 593 825 594
f 591 595 592
f 324 320 592
f 594 597 596
f 595 326 324
f 597 599 598
f 596 329 326
f 599 602 600
f 598 601 329
f 602 834 603
f 600 604 601
f 605 330 601
f 603 838 606
f 604 607 605
f 608 333 605
f 606 841 609
f 607 610 608
f 611 336 608
f 609 844 612
f 610 613 611
f 614 339 611
f 612 847 615
f 613 616 614
f 617 342 614
f 615 850 618
f 616 619 617
f 619 346 617
f 618 853 620
f 619 621 350
f 355 351 350
f 620 856 622
f 621 623 355
f 361 356 355
f 622 625 624
f 623 364 361
f 625 628 626
f 624 627 364
f 628 862 629
f 626 630 627
f 631 365 627
f 629 866 632
f 630 633 631
f 634 368 631
f 632 869 635
f 633 636 634
f 378 371 634
f 635 638 637
f 636 379 378
f 638 640 639
f 637 381 379
f 640 642 641
f 639 384 381
f 642 645 643
f 641 644 384
f 643 646 647
f 647 648 644
f 648 385 644
f 648 650 651
f 651 652 649
f 652 388 649
f 652 653 654
f 654 655 391
f 655 392 391
f 655 656 657
f 657 658 395
f 658 396 395
f 658 659 660
f 660 661 399
f 661 400 399
f 661 662 663
f 663 404 403
f 663 664 665
f 665 406 404
f 665 666 667
f 667 668 406
f 668 669 670
f 670 671 409
f 668 407 406
f 671 672 673
f 673 675 674
f 671 410 409
f 675 677 676
f 676 411 410
f 676 678 679
f 679 413 411
f 679 680 681
f 681 415 413
f 681 454 682
f 682 683 415
f 683 416 415
f 683 451 684
f 684 685 419
f 685 420 419
f 685 448 686
f 686 687 423
f 687 424 423
f 687 445 688
f 688 689 427
f 688 443 441
f 441 436 689
f 686 446 445
f 684 449 448
f 682 452 451
f 678 690 458
f 680 455 454
f 690 677 691
f 691 466 462
f 690 459 458
f 677 675 692
f 692 468 466
f 675 673 693
f 692 470 468
f 673 672 694
f 694 695 470
f 694 906 696
f 696 697 474
f 695 471 470
f 697 698 699
f 699 701 700
f 697 475 474
f 701 703 702
f 700 477 475
f 702 704 705
f 702 480 477
f 705 706 707
f 705 708 480
f 707 709 710
f 710 711 708
f 711 712 713
f 711 714 715
f 715 481 708
f 714 716 717
f 714 489 487
f 487 483 715
f 713 712 718
f 716 719 720
f 720 493 717
f 718 926 721
f 719 722 723
f 723 496 720
f 721 929 724
f 722 725 726
f 726 499 723
f 726 727 728
f 728 500 499
f 728 729 730
f 730 502 500
f 727 936 731
f 729 732 733
f 733 506 730
f 731 938 734
f 732 735 736
f 736 509 733
f 735 737 738
f 738 740 739
f 739 512 736
f 740 741 742
f 742 744 743
f 740 515 739
f 742 948 745
f 744 746 519
f 519 517 743
f 745 750 747
f 747 13 748
f 746 520 519
f 13 12 749
f 748 522 520
f 12 14 526
f 749 524 522
f 750 752 751
f 747 10 13
f 752 755 753
f 751 754 10
f 755 954 756
f 753 757 754
f 756 762 758
f 757 759 760
f 760 11 754
f 760 530 529
f 529 14 11
f 758 761 534
f 759 532 530
f 761 762 763
f 763 765 764
f 761 535 534
f 765 767 766
f 764 537 535
f 767 768 541
f 766 539 537
f 768 769 770
f 770 772 771
f 768 542 541
f 772 773 774
f 774 776 775
f 775 545 771
f 776 777 778
f 776 779 780
f 780 548 775
f 778 971 781
f 779 782 783
f 783 551 780
f 783 784 785
f 785 552 551
f 785 786 787
f 787 554 552
f 784 980 788
f 786 789 790
f 790 558 787
f 788 983 791
f 789 792 793
f 793 561 790
f 791 795 794
f 792 570 567
f 567 564 793
f 795 798 796
f 794 797 570
f 798 987 799
f 796 800 797
f 799 993 801
f 800 802 803
f 803 571 797
f 801 996 804
f 802 805 806
f 806 573 803
f 805 808 807
f 807 574 573
f 807 809 810
f 810 576 574
f 810 811 583
f 583 578 576
f 811 812 813
f 813 815 814
f 811 584 583
f 815 817 816
f 814 585 584
f 817 819 818
f 816 587 585
f 819 821 820
f 818 590 587
f 821 823 822
f 820 593 590
f 823 826 824
f 822 825 593
f 826 1023 827
f 824 828 825
f 597 594 825
f 827 830 829
f 828 599 597
f 830 832 831
f 829 602 599
f 832 835 833
f 831 834 602
f 835 1031 836
f 833 837 834
f 838 603 834
f 836 1035 839
f 837 840 838
f 841 606 838
f 839 1038 842
f 840 843 841
f 844 609 841
f 842 1041 845
f 843 846 844
f 847 612 844
f 845 1044 848
f 846 849 847
f 850 615 847
f 848 1047 851
f 849 852 850
f 853 618 850
f 851 1050 854
f 852 855 853
f 856 620 853
f 854 1053 857
f 855 858 856
f 625 622 856
f 857 860 859
f 858 628 625
f 860 863 861
f 859 862 628
f 863 1059 864
f 861 865 862
f 866 629 862
f 864 1063 867
f 865 868 866
f 869 632 866
f 867 1066 870
f 868 871 869
f 638 635 869
f 870 873 872
f 871 640 638
f 873 875 874
f 872 642 640
f 875 877 876
f 874 645 642
f 877 879 878
f 878 646 645
f 878 880 881
f 881 882 646
f 882 647 646
f 882 883 884
f 884 885 650
f 885 651 650
f 885 886 887
f 887 888 653
f 888 654 653
f 888 889 890
f 890 891 656
f 891 657 656
f 891 892 893
f 893 894 659
f 894 895 896
f 896 664 662
f 894 660 659
f 896 897 898
f 898 666 664
f 898 899 900
f 900 901 666
f 901 902 903
f 903 904 669
f 901 667 666
f 904 905 906
f 906 694 672
f 904 670 669
f 903 902 907
f 905 908 698
f 698 696 906
f 907 1097 909
f 908 910 911
f 911 699 698
f 911 912 913
f 913 701 699
f 913 914 915
f 913 703 701
f 915 916 917
f 917 704 703
f 917 918 919
f 919 706 704
f 919 920 921
f 921 709 706
f 921 922 923
f 923 924 709
f 924 925 926
f 926 718 712
f 924 710 709
f 923 922 927
f 925 928 929
f 929 721 926
f 927 1114 930
f 928 931 932
f 932 724 929
f 932 933 934
f 934 725 724
f 934 935 936
f 936 727 725
f 933 1122 937
f 937 939 938
f 935 731 936
f 939 940 941
f 941 942 737
f 939 734 938
f 942 943 944
f 942 945 741
f 942 738 737
f 944 1131 946
f 945 947 948
f 948 742 741
f 946 950 949
f 947 752 750
f 750 745 948
f 950 952 951
f 949 755 752
f 952 955 953
f 951 954 755
f 955 1211 956
f 953 957 954
f 956 959 958
f 957 763 762
f 762 756 954
f 959 961 960
f 958 765 763
f 961 962 769
f 960 767 765
f 962 963 964
f 964 965 773
f 962 770 769
f 965 966 967
f 967 968 777
f 965 774 773
f 968 969 970
f 970 972 971
f 968 778 777
f 972 973 974
f 974 976 975
f 972 781 971
f 975 977 978
f 978 782 781
f 978 979 980
f 980 784 782
f 977 1225 981
f 979 982 983
f 983 788 980
f 981 985 984
f 982 798 795
f 795 791 983
f 985 988 986
f 984 987 798
f 988 1229 989
f 986 990 987
f 989 1235 991
f 990 992 993
f 993 799 987
f 991 1238 994
f 992 995 996
f 996 801 993
f 994 1241 997
f 995 998 999
f 999 804 996
f 998 1001 1000
f 1000 805 804
f 1001 1003 1002
f 1000 808 805
f 1003 1004 812
f 1002 809 808
f 1004 1005 1006
f 1006 1008 1007
f 1004 813 812
f 1008 1010 1009
f 1007 815 813
f 1010 1012 1011
f 1009 817 815
f 1012 1014 1013
f 1011 819 817
f 1014 1016 1015
f 1013 821 819
f 1015 1017 1018
f 1015 823 821
f 1018 1019 1020
f 1018 826 823
f 1020 1021 1022
f 1020 1023 826
f 1022 17 1024
f 1022 1025 1023
f 830 827 1023
f 1024 1027 1026
f 1025 832 830
f 1026 1028 1029
f 1026 835 832
f 1028 1032 1030
f 1029 1031 835
f 1032 2355 1033
f 1030 1034 1031
f 1035 836 1031
f 1033 2357 1036
f 1034 1037 1035
f 1038 839 1035
f 1036 2359 1039
f 1037 1040 1038
f 1041 842 1038
f 1039 2361 1042
f 1042 1043 1041
f 1044 845 1041
f 1042 2363 1045
f 1043 1046 1044
f 1047 848 1044
f 1045 2365 1048
f 1046 1049 1047
f 1050 851 1047
f 1048 2367 1051
f 1049 1052 1050
f 1053 854 1050
f 1051 2369 1054
f 1052 1055 1053
f 860 857 1053
f 1054 1057 1056
f 1055 863 860
f 1057 1060 1058
f 1056 1059 863
f 1060 2317 1061
f 1058 1062 1059
f 1063 864 1059
f 1061 2316 1064
f 1062 1065 1063
f 1066 867 1063
f 1064 2315 1067
f 1065 1068 1066
f 873 870 1066
f 1067 1070 1069
f 1068 875 873
f 1070 1072 1071
f 1069 877 875
f 1072 1074 1073
f 1071 879 877
f 1073 1075 1076
f 1076 880 879
f 1076 1077 1078
f 1078 1079 880
f 1079 881 880
f 1079 1080 1081
f 1081 1082 883
f 1082 884 883
f 1082 1083 1084
f 1084 1085 886
f 1085 887 886
f 1085 1086 1087
f 1087 1088 889
f 1088 890 889
f 1088 1089 75
f 75 74 892
f 1087 1090 1089
f 1086 1170 1091
f 1090 1092 1093
f 1093 71 1089
f 1093 1094 1095
f 1095 72 71
f 1094 1097 1096
f 1095 899 72
f 1097 907 902
f 1096 900 899
f 1092 1099 1098
f 1098 909 1097
f 1099 1101 1100
f 1100 910 909
f 1101 1103 1102
f 1102 912 910
f 1103 1105 1104
f 1102 914 912
f 1105 1107 1106
f 1106 916 914
f 1107 1109 1108
f 1108 918 916
f 1109 1111 1110
f 1108 920 918
f 1111 1113 1112
f 1112 922 920
f 1113 1115 1114
f 1114 927 922
f 1115 1116 1117
f 1117 1119 1118
f 1115 930 1114
f 1119 1121 1120
f 1118 931 930
f 1121 1123 1122
f 1120 933 931
f 1121 2371 1124
f 1123 1125 940
f 1123 937 1122
f 1124 2372 1126
f 1125 1127 943
f 943 941 940
f 1127 1128 1129
f 1127 1130 1131
f 1131 944 943
f 1129 46 1132
f 1130 952 950
f 950 946 1131
f 1129 1133 46
f 1128 1135 1133
f 1126 2372 1134
f 1135 1137 1138
f 1138 47 1133
f 1134 1139 1136
f 1140 1189 1136
f 1134 2372 1141
f 1139 1142 1140
f 1143 1187 1140
f 1141 2371 1144
f 1142 1145 1143
f 1145 1147 1143
f 1145 1119 1117
f 1117 1116 1146
f 1147 1149 1150
f 1150 1187 1143
f 1146 1151 1148
f 1151 1153 1148
f 1151 1116 1154
f 1154 1155 1152
f 1155 1157 1152
f 1155 1111 1109
f 1109 1107 1156
f 1157 1159 1160
f 1160 1153 1152
f 1156 1161 1158
f 1161 1163 1158
f 1161 1107 1105
f 1105 1103 1162
f 1163 1165 1166
f 1166 1159 1158
f 1162 1167 1164
f 1167 1169 1164
f 1167 1103 1101
f 1101 1099 1168
f 1169 1083 1171
f 1171 1165 1164
f 1168 1091 1170
f 1171 1081 1080
f 1080 1172 1165
f 1172 1078 1077
f 1077 1174 1173
f 1172 1166 1165
f 1174 1176 1175
f 1173 1159 1166
f 1176 1178 1177
f 1175 1160 1159
f 1177 1179 1180
f 1177 1153 1160
f 1180 1181 1149
f 1180 1148 1153
f 1179 1374 1182
f 1181 1183 1184
f 1181 1150 1149
f 1184 1185 1186
f 1184 1187 1150
f 1186 1188 1189
f 1189 1140 1187
f 1185 1376 1190
f 1190 1191 1137
f 1137 1136 1189
f 1190 1379 1192
f 1192 1194 1193
f 1191 1138 1137
f 1194 1195 48
f 1193 47 1138
f 1195 1196 1197
f 1197 1199 1198
f 1195 51 48
f 1199 1202 1200
f 1198 1201 51
f 1202 1393 1203
f 1200 1204 1201
f 1203 1398 1205
f 1204 1206 1207
f 1207 49 1201
f 1207 1208 1209
f 1209 50 49
f 1209 963 1210
f 1210 1211 50
f 1210 961 959
f 959 956 1211
f 1206 1212 966
f 1208 964 963
f 1212 1205 1213
f 1213 1214 969
f 1212 967 966
f 1214 1215 1216
f 1216 1217 973
f 1214 970 969
f 1217 1218 1219
f 1219 1221 1220
f 1217 974 973
f 1221 1223 1222
f 1222 976 974
f 1222 1224 1225
f 1225 977 976
f 1223 1227 1226
f 1224 988 985
f 985 981 1225
f 1227 1230 1228
f 1226 1229 988
f 1230 1416 1231
f 1228 1232 1229
f 1231 1415 1233
f 1232 1234 1235
f 1235 989 1229
f 1233 1419 1236
f 1234 1237 1238
f 1238 991 1235
f 1236 1422 1239
f 1237 1240 1241
f 1241 994 1238
f 1239 1425 1242
f 1240 1243 1244
f 1244 997 1241
f 1243 1246 1245
f 1245 998 997
f 1246 1248 1247
f 1245 1001 998
f 1248 40 1005
f 1247 1003 1001
f 1246 1249 1250
f 1250 38 1248
f 1249 1253 1251
f 1250 1252 38
f 1253 1430 1254
f 1251 1255 1252
f 1254 1436 1256
f 1255 1257 1258
f 1258 39 1252
f 1257 1261 1259
f 1258 1260 39
f 1261 1445 1262
f 1259 1263 1260
f 1262 1451 1264
f 1264 1266 1265
f 1265 43 1260
f 1266 1459 1267
f 1265 1268 43
f 41 37 43
f 1267 1463 1269
f 1268 1270 41
f 1271 42 41
f 1269 1467 1272
f 1270 1273 1271
f 1010 1008 1271
f 1272 1275 1274
f 1273 1012 1010
f 1275 1277 1276
f 1274 1014 1012
f 1277 1279 1278
f 1276 1016 1014
f 1278 1280 1281
f 1281 1017 1016
f 1281 1282 1283
f 1283 1019 1017
f 1283 1284 1285
f 1285 1021 1019
f 1285 1286 19
f 19 17 1021
f 1282 1477 1287
f 1284 1288 1286
f 1287 1480 1289
f 1288 1290 1291
f 1291 20 1286
f 1291 1292 1293
f 1293 1296 20
f 1293 1294 1295
f 1295 1297 1296
f 1298 21 1296
f 1295 1495 1299
f 1297 1300 1298
f 1301 2351 1298
f 1299 1498 1302
f 1302 1303 1301
f 1303 1305 1301
f 1303 1306 1307
f 1307 1308 1304
f 1308 1309 1310
f 1310 1604 1311
f 1308 1312 1304
f 1313 1305 1304
f 1311 1603 1314
f 1312 1315 1313
f 1315 1317 1313
f 1314 1606 1318
f 1318 1319 1316
f 1319 1321 1316
f 1319 1322 1323
f 1323 1324 1320
f 1324 1326 1320
f 1323 1607 1327
f 1324 1328 1325
f 1329 2341 1325
f 1327 1608 1330
f 1328 1331 1329
f 1332 2339 1329
f 1330 1609 1333
f 1331 1334 1332
f 1335 2336 1332
f 1333 1610 1336
f 1334 1337 1335
f 1338 2333 1335
f 1336 1611 1339
f 1337 1340 1338
f 1341 2330 1338
f 1339 1612 1342
f 1340 1343 1341
f 1344 2327 1341
f 1342 1613 1345
f 1343 1346 1344
f 1347 2324 1344
f 1345 1614 1348
f 1346 1349 1347
f 1350 2321 1347
f 1348 1615 1351
f 1349 1352 1350
f 1353 2307 1350
f 1351 1360 1354
f 1352 1355 1353
f 1355 1357 1353
f 1355 1358 1359
f 1359 124 1356
f 1358 1360 1361
f 1358 1362 1363
f 1363 122 1359
f 1363 1364 1365
f 1365 123 122
f 1365 1366 1367
f 1367 1368 123
f 1368 1369 1370
f 1370 1373 1371
f 1368 1372 123
f 1373 1183 1182
f 1371 1374 1372
f 1373 1375 1376
f 1376 1185 1183
f 1370 1369 1377
f 1375 1378 1379
f 1379 1190 1376
f 1377 1619 1380
f 1378 1381 1382
f 1382 1192 1379
f 1381 1383 1196
f 1382 1194 1192
f 1383 1384 1385
f 1385 1387 1386
f 1383 1197 1196
f 1387 1389 1388
f 1386 1199 1197
f 1389 1391 1390
f 1388 1202 1199
f 1391 1394 1392
f 1390 1393 1202
f 1394 1638 1395
f 1392 1396 1393
f 1395 1399 1397
f 1396 1215 1398
f 1398 1203 1393
f 1399 1400 1218
f 1397 1216 1215
f 1400 1401 1402
f 1402 1404 1403
f 1400 1219 1218
f 1404 1406 1405
f 1403 1221 1219
f 1406 1230 1227
f 1405 1223 1221
f 1406 1407 1408
f 1408 1416 1230
f 1408 1409 1410
f 1408 1411 1416
f 1411 1412 1413
f 1411 1414 1415
f 1415 1231 1416
f 1413 1652 1417
f 1414 1418 1419
f 1419 1233 1415
f 1417 1656 1420
f 1418 1421 1422
f 1422 1236 1419
f 1420 1659 1423
f 1421 1424 1425
f 1425 1239 1422
f 1423 1662 1426
f 1424 1427 1428
f 1428 1242 1425
f 1428 1253 1249
f 1249 1243 1242
f 1426 1431 1429
f 1427 1430 1253
f 1431 1664 1432
f 1429 1433 1430
f 1432 1670 1434
f 1433 1435 1436
f 1436 1254 1430
f 1434 1673 1437
f 1435 1438 1439
f 1439 1256 1436
f 1439 1440 1441
f 1441 1257 1256
f 1440 1443 1442
f 1441 1261 1257
f 1443 1446 1444
f 1442 1445 1261
f 1446 1686 1447
f 1444 1448 1445
f 1447 1692 1449
f 1448 1450 1451
f 1451 1262 1445
f 1449 1695 1452
f 1450 1453 1454
f 1454 1264 1451
f 1453 1456 1455
f 1455 1266 1264
f 1455 1457 1458
f 1455 1459 1266
f 1458 1460 1461
f 1461 1462 1459
f 1463 1267 1459
f 1462 1464 1465
f 1462 1466 1463
f 1467 1269 1463
f 1465 1711 1468
f 1466 1469 1467
f 1275 1272 1467
f 1468 1471 1470
f 1469 1277 1275
f 1471 1473 1472
f 1470 1279 1277
f 1473 1475 1474
f 1474 1280 1279
f 1474 1476 1477
f 1477 1282 1280
f 1476 1478 1479
f 1479 1481 1480
f 1480 1287 1477
f 1481 1482 1483
f 1481 1484 1485
f 1485 1289 1480
f 1485 1486 1487
f 1487 1290 1289
f 1487 1488 1489
f 1489 1292 1290
f 1489 1490 1491
f 1491 1294 1292
f 1491 1492 1493
f 1493 1494 1294
f 1494 1295 1294
f 1493 1737 1496
f 1494 1497 1495
f 1498 1299 1495
f 1497 1499 1500
f 1500 1501 1498
f 1501 1302 1498
f 1501 1502 1503
f 1503 1504 1306
f 1309 1307 1306
f 1504 1505 1506
f 1506 1507 1309
f 1507 1310 1309
f 1507 1508 1509
f 1509 97 100
f 1509 1510 1511
f 1511 98 97
f 1511 1512 1513
f 1513 1514 98
f 1514 101 98
f 1514 1516 1517
f 1517 1518 1515
f 1518 1520 1515
f 1518 1521 1522
f 1522 1523 1519
f 1524 1601 1519
f 1522 1754 1525
f 1525 1526 1524
f 1526 1528 1524
f 1525 1757 1529
f 1529 1530 1527
f 1531 1596 1527
f 1529 1760 1532
f 1530 1533 1531
f 1534 1593 1531
f 1532 1763 1535
f 1533 1536 1534
f 1537 1590 1534
f 1535 1766 1538
f 1536 1539 1537
f 1540 1587 1537
f 1538 1769 1541
f 1539 1542 1540
f 1543 1584 1540
f 1541 1772 1544
f 1542 1545 1543
f 1546 1581 1543
f 1544 1776 1547
f 1545 1548 1546
f 1549 1578 1546
f 1548 1550 1551
f 1551 1552 1549
f 1553 1575 1549
f 1552 1554 118
f 1552 1555 1553
f 1556 1572 1553
f 118 114 1557
f 1555 1558 1556
f 1559 1567 1556
f 1557 117 1560
f 1558 1561 1559
f 1560 1937 1562
f 1561 1563 1564
f 1564 1565 1559
f 1362 1361 1566
f 1565 1567 1559
f 1565 1364 1362
f 1361 1360 1568
f 1566 1569 1567
f 1568 1615 1570
f 1569 1571 1572
f 1572 1556 1567
f 1570 1614 1573
f 1571 1574 1575
f 1575 1553 1572
f 1573 1613 1576
f 1574 1577 1578
f 1574 1549 1575
f 1576 1612 1579
f 1577 1580 1581
f 1581 1546 1578
f 1579 1611 1582
f 1580 1583 1584
f 1584 1543 1581
f 1582 1610 1585
f 1583 1586 1587
f 1587 1540 1584
f 1585 1609 1588
f 1586 1589 1590
f 1590 1537 1587
f 1588 1608 1591
f 1589 1592 1593
f 1593 1534 1590
f 1591 1607 1594
f 1592 1595 1596
f 1596 1531 1593
f 1594 1322 1597
f 1595 1598 1528
f 1528 1527 1596
f 1597 1606 1599
f 1598 1600 1601
f 1598 1524 1528
f 1599 1603 1602
f 1602 1605 1520
f 1520 1519 1601
f 1603 1311 1604
f 1604 99 1605
f 1606 1314 1603
f 1597 1318 1606
f 1594 1323 1322
f 1608 1327 1607
f 1609 1330 1608
f 1610 1333 1609
f 1611 1336 1610
f 1612 1339 1611
f 1613 1342 1612
f 1614 1345 1613
f 1615 1348 1614
f 1360 1351 1615
f 1564 1366 1364
f 1562 1620 1616
f 1563 1617 1366
f 1617 1618 1619
f 1619 1377 1369
f 1617 1367 1366
f 1618 1620 1621
f 1621 1623 1622
f 1622 1380 1619
f 1623 1624 1384
f 1384 1381 1380
f 1624 1625 1626
f 1626 1628 1627
f 1624 1385 1384
f 1627 1629 1630
f 1627 1387 1385
f 1630 1631 1632
f 1630 1389 1387
f 1631 1634 1633
f 1632 1391 1389
f 1634 1636 1635
f 1633 1394 1391
f 1636 1639 1637
f 1635 1638 1394
f 1639 1641 1640
f 1637 1401 1638
f 1641 1643 1642
f 1640 1402 1401
f 1643 1409 1407
f 1642 1404 1402
f 1643 1644 1645
f 1645 1646 1409
f 1646 1647 1648
f 1648 1649 1412
f 1646 1410 1409
f 1649 1650 1651
f 1651 1653 1652
f 1649 1413 1412
f 1651 1964 1654
f 1653 1655 1656
f 1656 1417 1652
f 1654 1968 1657
f 1655 1658 1659
f 1659 1420 1656
f 1657 1972 1660
f 1658 1661 1662
f 1662 1423 1659
f 1660 1665 1663
f 1661 1664 1431
f 1431 1426 1662
f 1665 1974 1666
f 1663 1667 1664
f 1666 1980 1668
f 1667 1669 1670
f 1670 1432 1664
f 1668 1983 1671
f 1669 1672 1673
f 1673 1434 1670
f 1671 1986 1674
f 1672 1675 1676
f 1676 1437 1673
f 1676 1677 1678
f 1678 1438 1437
f 1678 1679 1680
f 1680 1440 1438
f 1680 1681 1682
f 1682 1443 1440
f 1681 1684 1683
f 1682 1446 1443
f 1684 1687 1685
f 1683 1686 1446
f 1687 2283 1688
f 1685 1689 1686
f 1688 2253 1690
f 1689 1691 1692
f 1692 1447 1686
f 1690 2250 1693
f 1691 1694 1695
f 1695 1449 1692
f 1693 2252 1696
f 1696 1698 1697
f 1697 1452 1695
f 1698 1700 1699
f 1697 1453 1452
f 1700 1702 1701
f 1699 1456 1453
f 1702 1704 1703
f 1701 1457 1456
f 1704 1706 1705
f 1705 1460 1457
f 1706 2042 1707
f 1707 1708 1460
f 1708 1461 1460
f 1707 2046 1709
f 1709 1710 1464
f 1710 1465 1464
f 1710 1712 1713
f 1713 1714 1711
f 1714 1468 1711
f 1713 1716 1715
f 1714 1473 1471
f 1716 1717 1478
f 1715 1475 1473
f 1717 1718 1719
f 1719 1720 1482
f 1717 1479 1478
f 1720 1721 1722
f 1722 1724 1723
f 1723 1483 1482
f 1724 1726 1725
f 1725 1484 1483
f 1726 1728 1727
f 1727 1486 1484
f 1728 1730 1729
f 1729 1488 1486
f 1730 1732 1731
f 1731 1490 1488
f 1732 1734 1733
f 1731 1492 1490
f 1734 2069 1735
f 1733 1736 1492
f 1737 1493 1492
f 1735 2299 1738
f 1736 1739 1737
f 1499 1496 1737
f 1738 2301 1740
f 1740 1741 1499
f 1741 1500 1499
f 1741 1742 1743
f 1743 1744 1502
f 1744 1503 1502
f 1744 130 132
f 132 1745 1505
f 1745 1506 1505
f 1745 131 1746
f 1746 1510 1508
f 131 129 1747
f 1746 1512 1510
f 129 2303 1748
f 1747 1749 1512
f 1516 1513 1512
f 1748 1821 1750
f 1749 1751 1516
f 1521 1517 1516
f 1750 1820 1752
f 1751 1753 1521
f 1754 1522 1521
f 1752 1823 1755
f 1753 1756 1754
f 1757 1525 1754
f 1755 1827 1758
f 1756 1759 1757
f 1760 1529 1757
f 1758 1830 1761
f 1759 1762 1760
f 1763 1532 1760
f 1761 1833 1764
f 1762 1765 1763
f 1766 1535 1763
f 1764 1836 1767
f 1765 1768 1766
f 1769 1538 1766
f 1767 1891 1770
f 1768 1771 1769
f 1772 1541 1769
f 1771 1773 1774
f 1774 1775 1772
f 1775 1544 1772
f 1775 1777 1778
f 1778 1779 1776
f 1779 1547 1776
f 1779 1780 1781
f 1781 1782 1550
f 1782 1551 1550
f 1782 1783 1784
f 1784 119 1554
f 1784 1785 1786
f 1786 120 119
f 1787 1925 120
f 1786 1788 1787
f 1789 1922 1787
f 1785 1859 1790
f 1788 1791 1789
f 1792 1919 1789
f 1790 1858 1793
f 1791 1794 1792
f 1795 1916 1792
f 1793 1861 1796
f 1794 1797 1795
f 1798 1913 1795
f 1796 1864 1799
f 1797 1800 1798
f 1801 1910 1798
f 1799 1867 1802
f 1800 1803 1801
f 1804 1907 1801
f 1802 2304 1805
f 1803 1806 1804
f 1807 1904 1804
f 1805 1880 1808
f 1806 1809 1807
f 1810 1900 1807
f 1808 1879 1811
f 1809 1812 1810
f 1813 1901 1810
f 1811 1882 1814
f 1812 1815 1813
f 1815 1817 1813
f 1815 1818 1819
f 1819 1821 1816
f 1820 1750 1821
f 1819 1822 1820
f 1823 1752 1820
f 1822 1824 1825
f 1822 1826 1823
f 1827 1755 1823
f 1825 1883 1828
f 1826 1829 1827
f 1830 1758 1827
f 1828 1885 1831
f 1829 1832 1830
f 1833 1761 1830
f 1831 1837 1834
f 1832 1835 1833
f 1836 1764 1833
f 1834 94 93
f 1835 92 1836
f 1837 1838 94
f 1838 1839 1840
f 1840 1842 1841
f 1838 95 94
f 1842 1845 1843
f 1841 1844 95
f 1845 1852 1846
f 1843 1847 1844
f 1847 1773 1849
f 1847 91 1844
f 1846 1850 1848
f 1850 1777 1848
f 1850 1852 1853
f 1853 1854 1851
f 1854 1780 1851
f 1854 1856 1857
f 1857 1859 1855
f 1858 1790 1859
f 1857 1860 1858
f 1861 1793 1858
f 1856 1890 1862
f 1860 1863 1861
f 1864 1796 1861
f 1862 1869 1865
f 1863 1866 1864
f 1867 1799 1864
f 1865 1868 135
f 1866 134 1867
f 1868 1869 1870
f 1870 1872 1871
f 1868 137 135
f 1872 1874 1873
f 1871 138 137
f 1873 1875 1876
f 1876 1877 138
f 1877 1878 1879
f 1879 1808 1880
f 1877 136 138
f 1878 1824 1882
f 1882 1811 1879
f 1876 1875 1881
f 1881 1825 1824
f 1875 1884 1883
f 1885 1828 1883
f 1875 1874 1886
f 1884 1839 1885
f 1874 1872 1887
f 1886 1840 1839
f 1872 1870 1888
f 1887 1842 1840
f 1870 1869 1889
f 1888 1845 1842
f 1869 1862 1890
f 1889 1852 1845
f 1890 1853 1852
f 1859 1785 1783
f 1855 1781 1780
f 1851 1778 1777
f 1849 1770 1891
f 1849 92 91
f 1848 1774 1773
f 1837 1831 1885
f 1818 1814 1882
f 1817 1893 1894
f 1894 1901 1813
f 1816 2303 1892
f 1894 1895 1896
f 1894 1897 1901
f 1896 2300 1898
f 1897 1899 1900
f 1900 1810 1901
f 1898 2298 1902
f 1899 1903 1904
f 1904 1807 1900
f 1902 2068 1905
f 1903 1906 1907
f 1907 1804 1904
f 1905 2067 1908
f 1906 1909 1910
f 1910 1801 1907
f 1908 2071 1911
f 1909 1912 1913
f 1913 1798 1910
f 1911 2074 1914
f 1912 1915 1916
f 1916 1795 1913
f 1914 2077 1917
f 1915 1918 1919
f 1919 1792 1916
f 1917 2080 1920
f 1918 1921 1922
f 1922 1789 1919
f 1920 2083 1923
f 1921 1924 1925
f 1925 1787 1922
f 1923 1928 1926
f 1924 1927 115
f 115 120 1925
f 1928 2085 1929
f 1926 1930 1927
f 1929 2091 1931
f 1930 1932 1933
f 1933 116 1927
f 1933 1934 1935
f 1935 117 116
f 1935 1936 1937
f 1937 1560 117
f 1934 1939 1938
f 1936 1621 1620
f 1620 1562 1937
f 1939 1940 1625
f 1938 1623 1621
f 1940 1941 1942
f 1942 1944 1943
f 1940 1626 1625
f 1944 36 1945
f 1943 1628 1626
f 1945 35 1946
f 1946 1629 1628
f 1946 1947 1948
f 1948 1631 1629
f 1948 1949 1950
f 1950 1634 1631
f 1950 1951 1952
f 1952 1636 1634
f 1952 1953 1954
f 1952 1639 1636
f 1953 1955 1644
f 1954 1641 1639
f 1955 1956 1957
f 1957 1958 1647
f 1955 1645 1644
f 1958 1959 1960
f 1960 1961 1650
f 1958 1648 1647
f 1961 1962 1963
f 1963 1965 1964
f 1961 1651 1650
f 1965 1966 1967
f 1967 1969 1968
f 1968 1654 1964
f 1967 2164 1970
f 1969 1971 1972
f 1972 1657 1968
f 1970 1975 1973
f 1971 1974 1665
f 1665 1660 1972
f 1975 2297 1976
f 1973 1977 1974
f 1976 2224 1978
f 1977 1979 1980
f 1980 1666 1974
f 1978 2223 1981
f 1979 1982 1983
f 1983 1668 1980
f 1981 2226 1984
f 1982 1985 1986
f 1986 1671 1983
f 1984 1988 1987
f 1985 149 152
f 152 1674 1986
f 1988 1991 1989
f 1987 150 149
f 1990 2293 150
f 1991 1992 1990
f 1992 1994 1990
f 1992 1995 1996
f 1996 1997 1993
f 1997 1999 1993
f 1997 2000 2001
f 2001 2002 1998
f 2002 2004 1998
f 2002 2005 2006
f 2006 2007 2003
f 2007 2009 2003
f 2007 2010 2011
f 2011 2012 2008
f 2013 2273 2008
f 2011 2206 2014
f 2012 2015 2013
f 2016 2270 2013
f 2014 2204 2017
f 2015 2018 2016
f 2019 2267 2016
f 2017 2203 2020
f 2018 2021 2019
f 2022 2268 2019
f 2020 2199 2023
f 2021 2024 2022
f 2025 2243 2022
f 2023 2198 2026
f 2024 2027 2025
f 2028 2241 2025
f 2026 2201 2029
f 2027 2030 2028
f 2031 2236 2028
f 2029 2228 2032
f 2030 2033 2031
f 2034 2234 2031
f 2032 2230 2035
f 2033 2036 2034
f 1702 1700 2034
f 2035 2038 2037
f 2036 1704 1702
f 2038 2040 2039
f 2037 1706 1704
f 2040 2043 2041
f 2039 2042 1706
f 2043 2126 2044
f 2041 2045 2042
f 2046 1707 2042
f 2044 2125 2047
f 2045 2048 2046
f 1712 1709 2046
f 2047 2050 2049
f 2048 1718 1712
f 2050 2051 1721
f 2049 1719 1718
f 2051 2052 2053
f 2053 2055 2054
f 2051 1722 1721
f 2055 2057 2056
f 2054 1724 1722
f 2057 2059 2058
f 2056 1726 1724
f 2059 2061 2060
f 2058 1728 1726
f 2061 2063 2062
f 2060 1730 1728
f 2063 2065 2064
f 2062 1732 1730
f 2065 2067 2066
f 2064 1734 1732
f 2067 1905 2068
f 2066 2069 1734
f 2065 2070 2071
f 2071 1908 2067
f 2063 2061 2072
f 2070 2073 2074
f 2074 1911 2071
f 2072 2120 2075
f 2073 2076 2077
f 2077 1914 2074
f 2075 2119 2078
f 2076 2079 2080
f 2080 1917 2077
f 2078 2122 2081
f 2079 2082 2083
f 2083 1920 2080
f 2081 2086 2084
f 2082 2085 1928
f 1928 1923 2083
f 2086 2123 2087
f 2084 2088 2085
f 2087 2232 2089
f 2088 2090 2091
f 2091 1929 2085
f 2089 2233 2092
f 2090 2093 2094
f 2094 1931 2091
f 2094 1942 1941
f 1941 1932 1931
f 2093 2095 2096
f 2096 1944 1942
f 2096 2097 33
f 33 36 1944
f 2095 2099 2097
f 2092 2233 2098
f 2099 2101 2102
f 2102 32 2097
f 2098 2103 2100
f 2104 2134 2100
f 2098 2233 2105
f 2103 2106 2104
f 2107 2129 2104
f 2105 2232 2108
f 2106 2109 2107
f 2110 2127 2107
f 2108 2123 2111
f 2109 2112 2110
f 2113 2124 2110
f 2111 2121 2114
f 2112 2115 2113
f 2053 2052 2113
f 2114 2117 2116
f 2115 2055 2053
f 2117 2119 2118
f 2116 2057 2055
f 2119 2075 2120
f 2118 2059 2057
f 2117 2121 2122
f 2122 2078 2119
f 2121 2123 2086
f 2086 2081 2122
f 2125 2044 2126
f 2124 2127 2110
f 2124 2052 2125
f 2126 2043 2128
f 2127 2129 2107
f 2043 2040 2130
f 2128 2131 2129
f 2130 2231 2132
f 2131 2133 2134
f 2134 2104 2129
f 2132 2229 2135
f 2133 2136 2101
f 2101 2100 2134
f 2135 2202 2137
f 2136 2138 2139
f 2136 2102 2101
f 2139 2140 2141
f 2139 32 2102
f 2138 2197 2142
f 2140 2143 2144
f 2144 30 2141
f 2144 2145 2146
f 2146 31 30
f 2145 2186 2147
f 2146 2148 31
f 2147 2153 2149
f 2148 2150 2151
f 2148 34 31
f 2150 1951 1949
f 2151 1947 34
f 2149 2152 1956
f 1956 1953 1951
f 2152 2153 2154
f 2154 2155 1959
f 2152 1957 1956
f 2155 2156 2157
f 2157 2158 1962
f 2155 1960 1959
f 2158 2159 2160
f 2160 2161 1966
f 2158 1963 1962
f 2161 2162 2163
f 2163 2165 2164
f 2161 1967 1966
f 2165 2166 2167
f 2167 2297 1975
f 2165 1970 2164
f 2167 2168 107
f 2167 104 2297
f 2166 2170 2168
f 2163 2162 2169
f 2170 2172 2173
f 2173 105 2168
f 2169 2174 2171
f 2174 2176 2171
f 2174 2162 2177
f 2177 2178 2175
f 2178 2180 2175
f 2178 2159 2181
f 2181 2182 2179
f 2182 2184 2179
f 2182 2156 2185
f 2185 2186 2183
f 2185 2154 2153
f 2153 2147 2186
f 2184 2188 2189
f 2189 2180 2179
f 2183 2190 2187
f 2191 2192 2187
f 2190 2186 2145
f 2190 2143 2191
f 2193 2203 2194
f 2192 2188 2187
f 2192 2195 2193
f 2196 2199 2193
f 2191 2143 2142
f 2195 2197 2196
f 2198 2023 2199
f 2196 2200 2198
f 2201 2026 2198
f 2197 2138 2137
f 2200 2202 2201
f 2203 2017 2204
f 2204 2205 2188
f 2205 2014 2206
f 2206 2208 2207
f 2205 2189 2188
f 2208 2210 2209
f 2207 2180 2189
f 2210 2211 2176
f 2209 2175 2180
f 2211 2212 2213
f 2213 2214 2172
f 2211 2171 2176
f 2214 2215 2216
f 2216 2218 2217
f 2214 2173 2172
f 2218 2219 106
f 2217 105 2173
f 2219 2220 2221
f 2221 2223 2222
f 2219 103 106
f 2223 1978 2224
f 2222 104 103
f 2221 2225 2226
f 2226 1981 2223
f 2225 1991 1988
f 1988 1984 2226
f 2220 2227 1995
f 2227 1996 1995
f 2227 2218 2216
f 2216 2215 2000
f 2215 2001 2000
f 2213 2212 2005
f 2212 2006 2005
f 2210 2208 2010
f 2208 2011 2010
f 2199 2020 2203
f 2181 2157 2156
f 2177 2160 2159
f 2228 2029 2201
f 2202 2229 2228
f 2230 2032 2228
f 2229 2231 2230
f 2038 2035 2230
f 2231 2040 2038
f 2232 2087 2123
f 2233 2089 2232
f 2120 2061 2059
f 2050 2047 2125
f 1698 1696 2235
f 2234 2236 2031
f 2234 1700 1698
f 1696 2252 2237
f 2235 2238 2236
f 2237 2244 2239
f 2238 2240 2241
f 2241 2028 2236
f 2239 110 109
f 2240 2242 2243
f 2243 2025 2241
f 2239 2245 110
f 2245 2247 2248
f 2248 111 110
f 2244 2249 2246
f 2249 2251 2246
f 2249 2237 2252
f 2252 1693 2250
f 2251 2254 2255
f 2255 2247 2246
f 2250 1690 2253
f 2255 2256 2257
f 2257 2258 2247
f 2258 2259 2260
f 2260 2262 2261
f 2258 2248 2247
f 2262 2263 112
f 2261 111 2248
f 2263 2264 2265
f 2265 2267 2266
f 2263 113 112
f 2267 2019 2268
f 2266 2242 113
f 2265 2269 2270
f 2270 2016 2267
f 2264 2274 2271
f 2269 2272 2273
f 2273 2013 2270
f 2271 78 77
f 2272 80 2009
f 2009 2008 2273
f 2274 2275 78
f 2275 81 78
f 2275 2260 2259
f 2259 2277 2276
f 2277 2279 2276
f 2277 2257 2256
f 2256 2280 2278
f 2280 2282 2278
f 2280 2254 2283
f 2283 1687 2281
f 2282 2285 2286
f 2286 2279 2278
f 2281 2287 2284
f 2288 2289 2284
f 2287 1687 1684
f 1684 1681 2288
f 2290 2293 2291
f 2289 2285 2284
f 2289 2292 2290
f 148 147 2290
f 2288 1681 1679
f 2292 1677 148
f 2293 1990 1994
f 2291 2294 2285
f 2295 2286 2285
f 1994 1993 1999
f 1999 2296 2295
f 2296 82 2295
f 2296 1998 2004
f 2004 80 79
f 2295 2279 2286
f 147 150 2293
f 82 81 2276
f 2274 2262 2260
f 2253 1688 2283
f 2243 2268 2022
f 80 2004 2003
f 2224 2297 104
f 1939 1934 1932
f 2068 2298 2069
f 2299 1735 2069
f 2298 2300 2299
f 2301 1738 2299
f 1896 1895 2301
f 1895 1740 2301
f 1893 2302 1742
f 1892 128 2302
f 2303 129 128
f 1821 1748 2303
f 1880 2304 136
f 1867 134 2304
f 1891 1836 92
f 1743 2302 130
f 1716 1713 1712
f 1675 151 148
f 1674 152 151
f 1605 101 1515
f 1399 1395 1638
f 2305 2316 2306
f 1357 2307 1353
f 1357 2308 2305
f 2309 2315 2305
f 1356 124 2310
f 2308 2311 2309
f 1072 1070 2309
f 2310 126 2312
f 2311 1074 1072
f 2312 2313 2314
f 2314 1075 1074
f 2314 1176 1174
f 1174 1077 1075
f 1070 1067 2315
f 2316 1061 2317
f 2306 2318 2307
f 2317 1060 2319
f 2318 2320 2321
f 2321 1350 2307
f 2319 2370 2322
f 2320 2323 2324
f 2324 1347 2321
f 2322 2368 2325
f 2323 2326 2327
f 2327 1344 2324
f 2325 2366 2328
f 2326 2329 2330
f 2330 1341 2327
f 2328 2364 2331
f 2329 2332 2333
f 2333 1338 2330
f 2331 2362 2334
f 2332 2335 2336
f 2336 1335 2333
f 2334 2360 2337
f 2335 2338 2339
f 2339 1332 2336
f 2337 2358 2340
f 2340 2342 2341
f 2341 1329 2339
f 2340 2356 2343
f 2343 2344 1326
f 2342 1325 2341
f 2344 2345 2346
f 2346 2347 1321
f 2344 1320 1326
f 2347 2348 2349
f 2349 2350 1317
f 2347 1316 1321
f 2349 2352 2351
f 2350 1301 1305
f 2350 1313 1317
f 2348 18 2352
f 2348 2354 18
f 2346 2345 2353
f 2353 1028 2354
f 2345 2355 1032
f 2343 2356 2355
f 2357 1033 2355
f 2356 2358 2357
f 2359 1036 2357
f 2358 2360 2359
f 2361 1039 2359
f 2360 2362 2361
f 2363 1042 2361
f 2362 2364 2363
f 2365 1045 2363
f 2364 2366 2365
f 2367 1048 2365
f 2366 2368 2367
f 2369 1051 2367
f 2368 2370 2369
f 1057 1054 2369
f 2370 1060 1057
f 2315 1064 2316
f 1604 100 99
f 2351 21 1298
f 1008 1006 42
f 1213 1205 1398
f 125 121 1372
f 1374 1178 125
f 1178 2313 125
f 1099 1092 1091
f 1154 1113 1111
f 2371 1121 1119
f 2372 1124 2371
f 1170 1084 1083
f 1027 16 2354
f 1024 17 16
f 1006 40 42
f 1211 45 50
f 955 1132 45
f 897 73 72
f 895 74 73
f 893 892 74
f 527 526 14
f 689 428 427
f 2373 390 2374
f 2374 394 2375
f 2375 398 2376
f 2376 59 58
f 2373 66 387
f 440 54 367
f 465 24 332
f 582 4 8
f 254 182 188
f 2377 179 253
f 239 176 2377
f 2378 87 86
f 2378 2379 2380
f 2380 2383 87
f 2380 2381 2382
f 2382 172 2383
f 2381 2385 2384
f 2382 164 172
f 2385 2386 160
f 2384 159 164
f 2386 2387 2388
f 2388 210 2389
f 2386 161 160
f 2387 224 223
f 223 213 2388
f 2385 2381 227
f 2381 228 227
f 2389 2390 161
f 197 156 2390
f 2391 165 155
f 183 167 2391
f 183 168 167
f 2383 84 87

