{
  "name": "BTG_3",
  "source_file": "BTG_3.stl",
  "canonical_scale_factor": 161.67168307819313,
  "source_unit_scale": 0.001,
  "centroid_offset": [
    72.2647253823046,
    144.81561496777607,
    103.15180712137195
  ],
  "original_bbox": [
    136.36915588378906,
    278.67706298828125,
    193.10142517089844
  ],
  "normalised_bbox": [
    0.8434943787764837,
    1.7237221613725517,
    1.194404743578405
  ],
  "export_bbox": [
    0.13636915588378906,
    0.27867706298828127,
    0.19310142517089846
  ],
  "export_bbox_scale_factor": 0.16167168307819313,
  "export_bbox_target_size": null,
  "export_bbox_target_axis": null,
  "volume_m3": 1440811.5094271258,
  "surface_area_m2": 105967.29916726182,
  "export_volume_m3": 0.0014408115094271263,
  "export_surface_area_m2": 0.10596729916726182,
  "n_faces": 21760,
  "n_vertices": 10882,
  "is_watertight": true,
  "mass_kg": 0.05,
  "inertia": {
    "ixx": 0.0002763497371639519,
    "iyy": 0.00011492151160139511,
    "izz": 0.0002112417620147246,
    "ixy": 1.1747115305794909e-05,
    "ixz": -1.8985686815715678e-05,
    "iyz": 1.7214184738238979e-06
  },
  "point_cloud_counts": [
    100,
    1024
  ],
  "point_cloud_space": "unit_sphere",
  "urdf_file": "BTG_3.urdf"
}