# https://github.com/mikedh/trimesh

o Stage1_3Dcross_NEW_Rescaled_4.stl
v -0.02433887 0.02429249 0.02418037
v -0.02536865 0.02300612 0.02569303
v -0.02424927 0.02415968 0.02678757
v -0.02566174 0.02539308 0.02297161
v -0.02740063 0.02367262 0.02469954
v -0.02332507 0.02573903 0.02505617
v -0.02445898 -0.02471874 0.02399097
v -0.02573877 -0.02619432 0.02258763
v -0.02347815 -0.02589428 0.02490840
v -0.02514807 -0.02364769 0.02476814
v -0.02681201 -0.02498217 0.02337024
v -0.02370666 -0.02469237 0.02615814
v 0.02487305 -0.02351488 0.02615114
v 0.02514331 -0.02427196 0.02417425
v 0.02782678 -0.02179930 0.02640663
v 0.02698706 -0.02106615 0.02822124
v 0.02660327 -0.02153344 0.03074119
v 0.02310645 -0.02524437 0.02948576
v 0.02190906 -0.02689769 0.02634568
v 0.02448377 0.02537989 -0.02396325
v 0.02580750 0.02682057 -0.02252955
v 0.02676306 0.02504664 -0.02332483
v 0.02462512 0.02381617 -0.02501144
v 0.02300037 0.02535621 -0.02631172
v 0.02359326 0.02834327 -0.02479957
v 0.04799976 0.00681666 0.02198401
v 0.04799976 0.00339991 0.02187711
v 0.04799976 0.00497023 0.01842039
v 0.04799976 0.00788746 0.02455070
v 0.04799976 0.00896510 0.01968503
v -0.01084472 0.04800123 -0.02040144
v -0.01267212 0.04800123 -0.01786676
v -0.00919092 0.04800123 -0.01674185
v -0.01219934 0.04800123 -0.02291004
v -0.00789123 0.04800123 -0.02046847
v -0.00795093 0.04800123 -0.02440280
v -0.02989831 0.02568605 0.02260733
v -0.03078845 0.02144777 0.02667066
v -0.03212695 0.02593995 0.02230041
v -0.03230090 0.02182057 0.02635793
v -0.02444189 0.02395729 0.03068884
v -0.02238269 0.02592335 0.02814697
v -0.01911108 0.02840065 0.03206486
v -0.02454663 0.02388380 0.03293684
v -0.02908996 0.01803590 0.03312257
v -0.02635217 0.02185695 0.02893683
v -0.03066662 -0.02613866 0.02208115
v -0.02939953 -0.02790990 0.01986105
v -0.02794189 -0.02354222 0.02482808
v -0.03081091 -0.02199852 0.02619786
v -0.03244287 -0.02273192 0.02556752
v -0.02408130 -0.02432372 0.03097749
v -0.02853564 -0.01890453 0.03274168
v -0.02629980 -0.02192162 0.02878489
v -0.02464831 -0.02373265 0.02725760
v -0.02389172 -0.02453759 0.03316634
v -0.02820666 -0.01937987 0.03419565
v -0.01754162 -0.02939940 0.03326452
v -0.02226599 -0.02599266 0.02908227
v -0.02346094 -0.03055004 0.02490251
v -0.02331030 -0.03294432 0.02507619
v -0.01734949 -0.03303051 0.02949989
v -0.02512475 -0.02795433 0.02323881
v -0.02782812 -0.03230126 0.01991546
v -0.02160473 -0.02811205 0.02656733
v 0.02286585 -0.02547802 0.03248102
v 0.01740442 -0.02947997 0.03256229
v 0.01683948 -0.02984423 0.03062440
v 0.02426380 -0.02990575 0.02412519
v 0.02851770 -0.03100756 0.01892967
v 0.02721570 -0.02652929 0.02166253
v 0.02601038 -0.02522045 0.02314069
v 0.02401587 -0.03190087 0.02439397
v 0.02820362 -0.03250829 0.01937681
v 0.01779260 -0.03221117 0.02923707
v 0.02272583 -0.02811034 0.02560120
v -0.02449768 -0.02998388 -0.02390040
v -0.02500622 -0.03215013 -0.02339292
v -0.03017981 -0.03296117 -0.01616093
v -0.02650171 -0.02821410 -0.02170900
v -0.02413367 -0.02429613 -0.02597907
v -0.01820581 -0.03095629 -0.02899962
v -0.01894665 -0.03263768 -0.02851643
v -0.02215625 -0.02611425 -0.02804828
v -0.04800024 -0.01080931 0.02131879
v -0.04800024 -0.00801342 0.02146495
v -0.04800024 -0.00911254 0.01835687
v -0.04800024 -0.01188549 0.02374856
v -0.04800024 -0.01239281 0.01933654
v -0.04800024 -0.01512328 0.02165504
v -0.00729846 0.04800123 0.02274276
v -0.00948425 0.04800123 0.02070209
v -0.01207739 0.04800123 0.02335546
v -0.00426526 0.04800123 0.02231441
v -0.00616260 0.04800123 0.01915089
v -0.00789490 0.04800123 0.02534762
v -0.00034790 -0.04799877 0.00507974
v -0.00303894 -0.04799877 0.00550619
v -0.00358471 -0.04799877 0.00309732
v 0.00015625 -0.04799877 0.00338029
v 0.00136011 -0.04799877 0.00669941
v -0.00169873 -0.04799877 0.00811838
v -0.00003833 -0.04799877 -0.02333745
v -0.00270361 -0.04799877 -0.02205726
v 0.00004773 -0.04799877 -0.02603675
v 0.00249512 -0.04799877 -0.02218778
v -0.00015893 -0.04799877 -0.01965521
v -0.00689013 0.00002320 -0.04800973
v -0.00794275 0.00212526 -0.04800973
v -0.00570056 0.00336134 -0.04800973
v -0.00503601 0.00001759 -0.04800973
v -0.00588232 -0.00334349 -0.04800973
v -0.00803174 -0.00210619 -0.04800973
v -0.01001318 -0.00007836 -0.04800973
v -0.00702051 0.00001002 0.04799027
v -0.00813415 -0.00197338 0.04799027
v -0.00606250 -0.00323485 0.04799027
v -0.00529346 -0.00001659 0.04799027
v -0.00616467 0.00326637 0.04799027
v -0.00816199 0.00207740 0.04799027
v -0.01012720 0.00017140 0.04799027
v 0.00961121 -0.04799877 -0.00809973
v 0.00929712 -0.04799877 -0.00608630
v 0.00616577 -0.04799877 -0.00710500
v 0.00757715 -0.04799877 -0.00934478
v 0.01092847 -0.04799877 -0.01158794
v 0.01279309 -0.04799877 -0.00894821
v 0.04799976 -0.01187035 -0.01113574
v 0.04799976 -0.00944262 -0.01193351
v 0.04799976 -0.00848998 -0.00910996
v 0.04799976 -0.01387523 -0.01252995
v 0.04799976 -0.01131224 -0.01459662
v 0.04799976 -0.01208080 -0.00891506
v 0.04799976 -0.01545336 -0.00963094
v 0.04799976 -0.00750560 0.00794262
v 0.04799976 -0.00455004 0.00862853
v 0.04799976 -0.00630931 0.01144553
v 0.04799976 -0.00771141 0.00581852
v 0.04799976 -0.00960472 0.00942375
v 0.04799976 -0.01115868 0.00682443
v -0.04800024 0.00099537 -0.00653597
v -0.04800024 0.00059059 -0.00492277
v -0.04800024 0.00362672 -0.00681488
v -0.04800024 0.00230006 -0.00900745
v -0.04800024 -0.00070653 -0.00784237
v -0.04800024 -0.00107103 0.00695246
v -0.04800024 -0.00064013 0.00533507
v -0.04800024 -0.00335424 0.00729613
v -0.04800024 -0.00201610 0.00986634
v -0.04800024 0.00056837 0.00855962
v -0.04800024 0.00230958 0.00688712
v -0.02507385 0.03270582 0.02330386
v -0.02282983 0.02981617 0.02549309
v -0.01993420 0.03376881 0.02778019
v -0.02051794 0.03545948 0.02736048
v -0.02676855 0.03025563 0.02130098
v -0.02451660 0.02769874 0.02386529
v 0.03183972 0.02430836 0.02410647
v 0.03423950 0.02372853 0.02466815
v 0.03427124 0.02824293 0.01928682
v 0.02982227 0.02258082 0.02570419
v 0.03425757 0.01716114 0.02959064
v 0.02718921 0.02803053 0.02079464
v 0.02534900 0.02699220 0.02299030
v 0.03223071 0.02881031 0.01844202
v 0.03128162 -0.02578759 -0.02250185
v 0.02644971 -0.02291503 -0.02543996
v 0.03079761 -0.02172045 -0.02644353
v 0.03321668 -0.02258251 -0.02571822
v 0.02940613 -0.02743309 -0.02048346
v 0.02510523 -0.02457470 -0.02387390
v 0.03298596 -0.02193187 0.02623804
v 0.03006763 -0.02533324 0.02301372
v 0.03320264 -0.02758007 0.02020603
v 0.03476087 -0.02684154 0.02119664
v 0.03168604 -0.01874559 0.02860528
v 0.02894397 -0.02320433 0.02514290
v -0.02481372 0.02358888 -0.03213583
v -0.01956213 0.02806056 -0.03244795
v -0.02023059 0.02757472 -0.03438080
v -0.02657849 0.02154762 -0.03035487
v -0.02399304 0.02439796 -0.02713801
v -0.02214807 0.02611207 -0.02848033
v -0.02434961 -0.02407250 -0.03197893
v -0.02443616 -0.02398705 -0.03426111
v -0.01889905 -0.02851146 -0.03478543
v -0.02623450 -0.02197264 -0.02977630
v -0.02932910 -0.01760521 -0.03397929
v -0.01845910 -0.02879906 -0.03300130
v -0.01733398 -0.00041942 -0.04800973
v -0.01609485 -0.00277367 -0.04800973
v -0.01995862 -0.00414818 -0.04800973
v -0.02043066 0.00000734 -0.04800973
v -0.01626587 0.00209694 -0.04800973
v -0.01394263 -0.00033934 -0.04800973
v 0.02416065 -0.02426854 -0.03228779
v 0.02372095 -0.02466649 -0.03482802
v 0.02795923 -0.01972875 -0.03517006
v 0.02251868 -0.02576635 -0.03006514
v 0.01733167 -0.02949486 -0.03478571
v 0.02692822 -0.02113060 -0.02829341
v 0.02838233 -0.01907860 -0.03306395
v -0.01730957 0.00059718 0.04799027
v -0.01606811 0.00278175 0.04799027
v -0.01989587 0.00426246 0.04799027
v -0.02038598 0.00035231 0.04799027
v -0.01629431 -0.00173851 0.04799027
v -0.01400024 0.00046876 0.04799027
v 0.02385999 0.03184596 -0.02455994
v 0.02537036 0.03246290 -0.02298407
v 0.02546582 0.02969386 -0.02288090
v 0.02199878 0.03420582 -0.02620727
v 0.02514466 0.03453346 -0.02320774
v 0.02127942 0.03101124 -0.02679647
v -0.00682886 -0.04799877 0.01963405
v -0.00897314 -0.04799877 0.01749282
v -0.00521680 -0.04799877 0.01598504
v -0.00808533 -0.04799877 0.02319709
v -0.01236950 -0.04799877 0.02112934
v -0.00345434 -0.04799877 0.01935329
v 0.03390344 0.02593678 -0.02233140
v 0.03664856 0.02633961 -0.02182513
v 0.03677893 0.02108668 -0.02692627
v 0.03456934 0.02064674 -0.02727878
v 0.03103540 0.02346266 -0.02493229
v 0.02992603 0.02539991 -0.02296141
v 0.02494287 0.02346095 -0.03308546
v 0.02508325 0.02325929 -0.03526105
v 0.01912476 0.02837404 -0.03601517
v 0.01845056 0.02880690 -0.03440905
v 0.02272595 0.02558546 -0.03103775
v 0.02518128 0.02317506 -0.02912828
v -0.02531689 0.03278614 -0.02304575
v -0.02579175 0.03530250 -0.02249775
v -0.02076941 0.03523707 -0.02719115
v -0.02248950 0.02916725 -0.02580744
v -0.02432886 0.02774659 -0.02407545
v -0.02002392 0.03321901 -0.02773137
v 0.02249146 0.03173927 0.02577533
v 0.02639722 0.03156178 0.02174744
v 0.02578699 0.03393678 0.02248257
v 0.02049573 0.02976954 0.02740475
v 0.02380432 0.02547609 0.02461174
v -0.04800024 0.00785914 -0.02518247
v -0.04800024 0.00889430 -0.02855473
v -0.04800024 0.00461110 -0.02526172
v -0.04800024 0.00631617 -0.02198431
v -0.04800024 0.00986744 -0.02320575
v -0.04800024 0.01269532 -0.02682924
v 0.01656421 0.01438966 -0.04800973
v 0.01377246 0.01560768 -0.04800973
v 0.01910803 0.01668898 -0.04800973
v 0.01717993 0.01140260 -0.04800973
v 0.01347632 0.01149562 -0.04800973
v 0.02131751 0.01264650 -0.04800973
v 0.01690576 -0.01420385 0.04799027
v 0.01457947 -0.01519286 0.04799027
v 0.01656372 -0.01902416 0.04799027
v 0.01750745 -0.01141869 0.04799027
v 0.01417102 -0.01137181 0.04799027
v 0.01935559 -0.01623973 0.04799027
v 0.02153870 -0.01265258 0.04799027
v 0.01612793 0.01460939 0.04799027
v 0.01677149 0.01191725 0.04799027
v 0.02078259 0.01388307 0.04799027
v 0.01373731 0.01550587 0.04799027
v 0.01350244 0.01168531 0.04799027
v 0.01837219 0.01724171 0.04799027
v 0.01192468 0.04800123 -0.00941425
v 0.01204749 0.04800123 -0.00726782
v 0.01689673 0.04800123 -0.00888798
v 0.01516907 0.04800123 -0.01162362
v 0.01294727 0.04800123 -0.01389485
v 0.00966931 0.04800123 -0.01014710
v 0.04799976 0.00205275 -0.02389136
v 0.04799976 0.00323365 -0.02631778
v 0.04799976 0.00487135 -0.02182474
v 0.04799976 0.00154029 -0.02012707
v 0.04799976 -0.00081029 -0.02342897
v 0.04799976 -0.00115917 -0.02674468
v 0.01578711 -0.01478051 -0.04800973
v 0.01646997 -0.01195629 -0.04800973
v 0.02056067 -0.01392553 -0.04800973
v 0.01813428 -0.01757738 -0.04800973
v 0.01288404 -0.01590453 -0.04800973
v 0.01277393 -0.01185057 -0.04800973
v 0.00473291 0.04800123 0.00715457
v 0.00479468 0.04800123 0.00521314
v 0.00253345 0.04800123 0.00782796
v 0.00483911 0.04800123 0.01043159
v 0.00714112 0.04800123 0.00846316
v 0.00842285 0.04800123 0.00607713
v 0.00901001 0.04800123 0.00341984
v 0.01064746 0.04800123 0.01048496
v 0.01248352 0.04800123 0.00749779
v 0.01349878 0.04800123 0.00432487
v 0.01383057 0.04800123 0.00110586
v 0.01684558 0.04800123 0.00920657
v 0.01826831 0.04800123 0.00542484
v 0.01886292 0.04800123 0.00158173
v 0.01878821 0.04800123 -0.00220400
v 0.02310022 0.04800123 0.00661440
v 0.02392066 0.04800123 0.00190041
v 0.02385913 0.04800123 -0.00272565
v 0.02300952 0.04800123 -0.00708194
v 0.02892578 0.04800123 0.00211707
v 0.02882092 0.04800123 -0.00349881
v 0.02771936 0.04800123 -0.00874377
v 0.02582459 0.04800123 -0.01344230
v 0.02145850 0.04800123 -0.01104381
v 0.03397425 0.04800123 -0.00435550
v 0.03258875 0.04800123 -0.01057811
v 0.03029370 0.04800123 -0.01605182
v 0.02739331 0.04800123 -0.02055990
v 0.02332800 0.04800123 -0.01747494
v 0.03246973 0.04440236 -0.01089344
v 0.03009302 0.04391212 -0.01631537
v 0.02729773 0.04360768 -0.02065458
v 0.02433484 0.04346681 -0.02409199
v 0.03000025 0.04068312 -0.01646280
v 0.02726966 0.03999879 -0.02068378
v 0.02459400 0.03965992 -0.02382461
v 0.02118018 0.03982936 -0.02688046
v 0.02729346 0.03728395 -0.02061252
v 0.02486035 0.03671339 -0.02351165
v 0.02155127 0.03692897 -0.02655344
v 0.01651514 0.03816237 -0.02996031
v 0.01668494 0.03598121 -0.02988618
v 0.01064990 0.03774244 -0.03256814
v 0.01654090 0.03368531 -0.02996303
v 0.01062110 0.03586061 -0.03257696
v 0.00431030 0.03715748 -0.03397754
v 0.01050110 0.03395192 -0.03263330
v 0.00436633 0.03535402 -0.03398143
v -0.00195593 0.03557521 -0.03418455
v 0.00448560 0.03395826 -0.03431268
v -0.00175097 0.03419117 -0.03456585
v -0.00787695 0.03334132 -0.03371885
v -0.00165503 0.03419020 -0.03598197
v -0.00806164 0.03328834 -0.03522635
v -0.01410376 0.03120265 -0.03382191
v -0.00823559 0.03323585 -0.03691498
v -0.01451330 0.03098707 -0.03560074
v -0.01480652 0.03085011 -0.03735601
v -0.02054761 0.02734864 -0.03610752
v -0.02531409 0.02301027 -0.03612445
v -0.02519055 0.02315602 -0.03434827
v -0.02072803 0.02719166 -0.03801259
v -0.02537744 0.02294777 -0.03782135
v -0.02963013 0.01709938 -0.03890604
v -0.02969958 0.01700319 -0.03735539
v -0.02083679 0.02715309 -0.04059177
v -0.02550000 0.02283668 -0.04051306
v -0.02965942 0.01710499 -0.04117930
v -0.03275830 0.00999757 -0.04223935
v -0.03275244 0.00997731 -0.04048612
v -0.02561596 0.02270045 -0.04396736
v -0.02974096 0.01694899 -0.04425490
v -0.03278515 0.00991993 -0.04476690
v -0.03413354 0.00236500 -0.04518356
v -0.03412378 0.00253321 -0.04288587
v -0.02992370 0.01668702 -0.04800973
v -0.03287463 0.00969435 -0.04800973
v -0.03418078 0.00214430 -0.04800973
v -0.03381726 -0.00540599 -0.04800973
v -0.03382837 -0.00519945 -0.04507294
v -0.02815649 0.00793068 -0.04800973
v -0.02919201 0.00148805 -0.04800973
v -0.02881787 -0.00493676 -0.04800973
v -0.02725403 -0.01105687 -0.04800973
v -0.03184595 -0.01264476 -0.04800973
v -0.02470019 0.00078883 -0.04800973
v -0.02425976 -0.00459935 -0.04800973
v -0.02284680 -0.00959447 -0.04800973
v -0.02031885 -0.01421898 -0.04800973
v -0.02437427 -0.01657567 -0.04800973
v -0.01873376 -0.00799315 -0.04800973
v -0.01634851 -0.01160888 -0.04800973
v -0.01323413 -0.01465087 -0.04800973
v -0.01666394 -0.01799755 -0.04800973
v -0.01278760 -0.00823900 -0.04800973
v -0.01004431 -0.01065502 -0.04800973
v -0.00674316 -0.01240648 -0.04800973
v -0.00925976 -0.01676097 -0.04800973
v -0.00758935 -0.00685717 -0.04800973
v -0.00476782 -0.00807763 -0.04800973
v -0.00157715 -0.00876195 -0.04800973
v -0.00302698 -0.01343920 -0.04800973
v -0.00344104 -0.00399804 -0.04800973
v -0.00062182 -0.00434496 -0.04800973
v -0.00281970 -0.00002367 -0.04800973
v -0.00020996 -0.00007103 -0.04800973
v 0.00247498 -0.00447631 -0.04800973
v 0.00183179 -0.00897728 -0.04800973
v 0.00540759 -0.00883837 -0.04800973
v 0.00495142 -0.01344994 -0.04800973
v 0.00091016 -0.01375853 -0.04800973
v 0.00454126 -0.01847582 -0.04800973
v -0.00017834 -0.01877074 -0.04800973
v -0.00486133 -0.01821068 -0.04800973
v -0.00141321 -0.02384618 -0.04800973
v -0.00705224 -0.02319213 -0.04800973
v -0.01219201 -0.02106176 -0.04800973
v -0.00935303 -0.02769847 -0.04800973
v -0.01527002 -0.02502684 -0.04800973
v -0.02025622 -0.02122948 -0.04800973
v -0.01835888 -0.02891967 -0.04800973
v -0.02393310 -0.02452391 -0.04800973
v -0.02845312 -0.01912059 -0.04800973
v -0.02407702 -0.02433788 -0.04391390
v -0.02844250 -0.01904735 -0.04411583
v -0.03188269 -0.01248510 -0.04455314
v -0.03198804 -0.01223021 -0.04193292
v -0.03386157 -0.00494432 -0.04281732
v -0.03209216 -0.01193407 -0.04006479
v -0.03388000 -0.00472142 -0.04119397
v -0.03410742 0.00262501 -0.04131067
v -0.03392334 -0.00447924 -0.03968996
v -0.03410937 0.00268824 -0.03981844
v -0.03278979 0.00986622 -0.03894749
v -0.03411633 0.00272194 -0.03840876
v -0.03284729 0.00968873 -0.03752157
v -0.02981506 0.01679884 -0.03582960
v -0.02999353 0.01645997 -0.03441722
v -0.03291455 0.00944508 -0.03613768
v -0.03047363 0.01558424 -0.03288533
v -0.03300952 0.00910695 -0.03477579
v -0.03092737 0.01471095 -0.03159375
v -0.02779724 0.02001442 -0.02901329
v -0.02942517 0.01926905 -0.02833856
v -0.02746631 0.02294630 -0.02541861
v -0.02532739 0.02304225 -0.02594452
v -0.02570276 0.02659767 -0.02263537
v -0.02761474 0.02611818 -0.02218010
v -0.02846655 0.02983619 -0.01902209
v -0.02726599 0.03111476 -0.02067806
v -0.03000049 0.02903004 -0.01816411
v -0.03169580 0.03260817 -0.01297171
v -0.03129748 0.03398610 -0.01390534
v -0.03360620 0.03589528 -0.00660700
v -0.03352197 0.03734449 -0.00698249
v -0.03081347 0.03551539 -0.01487281
v -0.03068115 0.03713795 -0.01515653
v -0.03345569 0.03889869 -0.00724306
v -0.03055847 0.03892335 -0.01534094
v -0.02602099 0.03729249 -0.02221396
v -0.02118432 0.03730787 -0.02684168
v -0.02623132 0.03998024 -0.02199685
v -0.02144433 0.03993312 -0.02667547
v -0.02164563 0.04360475 -0.02652263
v -0.01584338 0.04076686 -0.03032813
v -0.01556653 0.03860597 -0.03044933
v -0.00929590 0.03996925 -0.03295510
v -0.01516369 0.03671168 -0.03068039
v -0.00898059 0.03818507 -0.03304722
v -0.01463782 0.03486476 -0.03093882
v -0.00860876 0.03646412 -0.03314663
v -0.01400171 0.03295900 -0.03127143
v -0.01891711 0.03083180 -0.02851146
v -0.00817834 0.03470753 -0.03326742
v -0.01362451 0.03144435 -0.03205217
v -0.01853430 0.02876881 -0.03007975
v -0.00242749 0.03898976 -0.03414486
v -0.00219824 0.03731105 -0.03416123
v -0.00263904 0.04072657 -0.03411775
v 0.00409998 0.04062257 -0.03397427
v 0.00421228 0.03882789 -0.03397333
v 0.00394055 0.04248805 -0.03399996
v 0.01043616 0.04170216 -0.03263119
v 0.01058313 0.03962037 -0.03257530
v 0.01016211 0.04440919 -0.03272191
v 0.01588782 0.04387135 -0.03032045
v 0.01627490 0.04058717 -0.03009978
v 0.01534070 0.04800123 -0.03063554
v 0.02018433 0.04800123 -0.02767434
v 0.02074500 0.04354615 -0.02723367
v 0.01672022 0.04800123 -0.02377215
v 0.02029529 0.04800123 -0.02087223
v 0.02411255 0.04800123 -0.02437203
v 0.01659033 0.04800123 -0.01745242
v 0.01928662 0.04800123 -0.01452590
v 0.01338831 0.04800123 -0.01989091
v 0.01023377 0.04800123 -0.01589145
v 0.00708032 0.04800123 -0.01757712
v 0.00742883 0.04800123 -0.01176054
v 0.00969385 0.04800123 -0.02191964
v 0.00558399 0.04800123 -0.02346891
v 0.01249671 0.04800123 -0.02620687
v 0.00768836 0.04800123 -0.02804171
v 0.00235620 0.04800123 -0.02912095
v 0.00972925 0.04800123 -0.03287503
v 0.00340174 0.04800123 -0.03412421
v -0.00326269 0.04800123 -0.03413516
v 0.00371424 0.04492408 -0.03403232
v -0.00305578 0.04498780 -0.03410932
v -0.00976379 0.04449220 -0.03283678
v -0.00284656 0.04267482 -0.03411026
v -0.00988269 0.04800123 -0.03283668
v -0.01616479 0.04800123 -0.03024565
v -0.00876123 0.04800123 -0.02842397
v -0.00321277 0.04800123 -0.02929124
v -0.01410351 0.04800123 -0.02635232
v -0.00348474 0.04800123 -0.02482513
v -0.00427588 0.04800123 -0.02038475
v -0.00031970 0.04800123 -0.01989016
v 0.00117835 0.04800123 -0.02447112
v -0.00200854 0.04800123 -0.01543783
v 0.00150562 0.04800123 -0.01453425
v 0.00347376 0.04800123 -0.01894012
v -0.00016894 0.04800123 -0.01048040
v 0.00301892 0.04800123 -0.00946018
v 0.00472730 0.04800123 -0.01330077
v 0.00204566 0.04800123 -0.00609077
v 0.00597363 0.04800123 -0.00831788
v 0.00539893 0.04800123 -0.00537494
v 0.00861890 0.04800123 -0.00739524
v 0.00862427 0.04800123 -0.00486208
v 0.00523157 0.04800123 -0.00256249
v 0.00894483 0.04800123 -0.00216435
v 0.01293323 0.04800123 -0.00484120
v 0.01361084 0.04800123 -0.00199918
v 0.01813208 0.04800123 -0.00571421
v 0.00517237 0.04800123 0.00019453
v 0.00914551 0.04800123 0.00062423
v 0.00152197 0.04800123 -0.00009377
v 0.00151148 0.04800123 0.00271119
v 0.00503247 0.04800123 0.00285633
v -0.00200964 0.04800123 0.00284278
v -0.00145117 0.04800123 0.00588274
v 0.00171472 0.04800123 0.00536355
v -0.00491308 0.04800123 0.00660088
v -0.00336181 0.04800123 0.01000315
v -0.00017285 0.04800123 0.00889086
v -0.00127026 0.04800123 0.01331911
v 0.00199829 0.04800123 0.01197902
v 0.00122632 0.04800123 0.01661425
v 0.00476111 0.04800123 0.01504756
v 0.00792273 0.04800123 0.01306508
v 0.00791284 0.04800123 0.01823696
v 0.01150586 0.04800123 0.01578005
v 0.01456580 0.04800123 0.01273794
v 0.01538318 0.04800123 0.01868053
v 0.01873364 0.04800123 0.01515678
v 0.02135291 0.04800123 0.01108712
v 0.02305823 0.04800123 0.01768810
v 0.02595142 0.04800123 0.01302163
v 0.02795654 0.04800123 0.00773964
v 0.03077039 0.04800123 0.01502479
v 0.03307154 0.04800123 0.00889519
v 0.03417188 0.04800123 0.00230392
v 0.03310706 0.04469606 0.00869441
v 0.03415381 0.04503395 0.00206906
v 0.03390540 0.04493971 -0.00464201
v 0.03416577 0.04262965 0.00183244
v 0.03387598 0.04250660 -0.00484462
v 0.03240613 0.04168336 -0.01106500
v 0.03385279 0.04068312 -0.00497644
v 0.03237207 0.03971486 -0.01114933
v 0.02996094 0.03840358 -0.01649290
v 0.03237988 0.03792897 -0.01118033
v 0.02999866 0.03652296 -0.01647167
v 0.02735925 0.03526320 -0.02054142
v 0.03002515 0.03464088 -0.01640718
v 0.02741968 0.03321486 -0.02044218
v 0.03007373 0.03271974 -0.01634008
v 0.02751404 0.03096876 -0.02035296
v 0.03012256 0.03076271 -0.01632493
v 0.02761170 0.02863942 -0.02025853
v 0.03122534 0.02952345 -0.01736971
v 0.02866236 0.02679249 -0.02130869
v 0.03247486 0.02826857 -0.01926623
v 0.02782569 0.02375319 -0.02464607
v 0.02878931 0.02223024 -0.02604211
v 0.02547327 0.02288502 -0.02601991
v 0.02652320 0.02168214 -0.02721916
v 0.02395300 0.02444093 -0.02774873
v 0.02130408 0.02677760 -0.02925021
v 0.02043982 0.02826954 -0.02747848
v 0.01618189 0.03147120 -0.03019298
v 0.01650122 0.03002101 -0.03113387
v 0.01060877 0.03259913 -0.03308377
v 0.01750147 0.02940944 -0.03268698
v 0.01129419 0.03233326 -0.03456601
v 0.00487561 0.03389186 -0.03575876
v 0.01191577 0.03208937 -0.03611751
v 0.00524780 0.03382545 -0.03732852
v -0.00155066 0.03418873 -0.03759924
v 0.00561109 0.03376466 -0.03895460
v -0.00142627 0.03418971 -0.03922212
v -0.00834448 0.03320485 -0.03859078
v -0.00127734 0.03418800 -0.04090333
v -0.00839136 0.03318409 -0.04032166
v -0.01499805 0.03073219 -0.03911603
v -0.00837085 0.03318971 -0.04222381
v -0.01507019 0.03072584 -0.04129761
v -0.01503125 0.03074904 -0.04421051
v -0.02084570 0.02715309 -0.04395191
v -0.02077759 0.02722609 -0.04800973
v -0.02577527 0.02255543 -0.04800973
v -0.01768579 0.02335695 -0.04800973
v -0.02224463 0.01920338 -0.04800973
v -0.02569018 0.01395167 -0.04800973
v -0.01875439 0.01597487 -0.04800973
v -0.02178882 0.01141652 -0.04800973
v -0.02390857 0.00624147 -0.04800973
v -0.01804529 0.00863258 -0.04800973
v -0.01986206 0.00439430 -0.04800973
v -0.01529529 0.01226442 -0.04800973
v -0.01229651 0.00853663 -0.04800973
v -0.01466992 0.00554542 -0.04800973
v -0.00980005 0.00504078 -0.04800973
v -0.01199426 0.00246534 -0.04800973
v -0.01208142 -0.00271190 -0.04800973
v -0.01003369 -0.00501268 -0.04800973
v -0.01475940 -0.00546459 -0.04800973
v -0.00716064 0.00694362 -0.04800973
v -0.00923364 0.01092237 -0.04800973
v -0.00423169 0.00808009 -0.04800973
v -0.00320263 0.00393287 -0.04800973
v -0.00099048 0.00865382 -0.04800973
v -0.00035339 0.00419093 -0.04800973
v 0.00243421 0.00876857 -0.04800973
v 0.00275818 0.00422682 -0.04800973
v 0.00598096 0.00852174 -0.04800973
v 0.00610352 0.00408375 -0.04800973
v 0.00278516 -0.00012548 -0.04800973
v 0.00605908 -0.00019408 -0.04800973
v 0.00975586 0.00380470 -0.04800973
v 0.00969702 -0.00030175 -0.04800973
v 0.00946619 -0.00437084 -0.04800973
v 0.00581787 -0.00445580 -0.04800973
v 0.01356873 -0.00442943 -0.04800973
v 0.01307739 -0.00822655 -0.04800973
v 0.00912610 -0.00847802 -0.04800973
v 0.00890686 -0.01266527 -0.04800973
v 0.00897437 -0.01742943 -0.04800973
v 0.01432459 -0.02069262 -0.04800973
v 0.00955567 -0.02265136 -0.04800973
v 0.00423425 -0.02363964 -0.04800973
v 0.01047290 -0.02743627 -0.04800973
v 0.00404297 -0.02868212 -0.04800973
v -0.00267505 -0.02879613 -0.04800973
v 0.00403980 -0.03401854 -0.04800973
v -0.00394128 -0.03403344 -0.04800973
v -0.01158655 -0.03222338 -0.04800973
v -0.00432324 -0.03395385 -0.04504323
v -0.01200586 -0.03206029 -0.04449861
v -0.01871692 -0.02865624 -0.04406727
v -0.01223559 -0.03198388 -0.04179456
v -0.01895398 -0.02849633 -0.04080204
v -0.02421704 -0.02419652 -0.04049497
v -0.01902954 -0.02838402 -0.03837008
v -0.02433923 -0.02407128 -0.03783029
v -0.02857251 -0.01873949 -0.03857087
v -0.02850696 -0.01893895 -0.04093265
v -0.02876147 -0.01849559 -0.03695260
v -0.03222473 -0.01159764 -0.03856029
v -0.02896704 -0.01819481 -0.03538824
v -0.03235998 -0.01120580 -0.03716733
v -0.03396423 -0.00422802 -0.03827674
v -0.03253015 -0.01072753 -0.03580142
v -0.03400964 -0.00396923 -0.03695726
v -0.03411963 0.00272975 -0.03703692
v -0.03406335 -0.00368212 -0.03560060
v -0.03413232 0.00271827 -0.03566794
v -0.03410205 -0.00340624 -0.03436764
v -0.03413891 0.00271827 -0.03444006
v -0.03310534 0.00874806 -0.03354201
v -0.03521838 -0.00330736 -0.03411076
v -0.03524219 0.00284449 -0.03413808
v -0.03421704 0.00878834 -0.03310345
v -0.03570044 0.00900929 -0.03304131
v -0.03387854 0.01455055 -0.03101330
v -0.03217529 0.01439161 -0.03109808
v -0.03550696 0.01467286 -0.03094236
v -0.03352051 0.01943190 -0.02817922
v -0.03148974 0.01932911 -0.02825969
v -0.03203711 0.02313014 -0.02524685
v -0.02960095 0.02306642 -0.02529463
v -0.02979687 0.02594362 -0.02233524
v -0.03218469 0.02581666 -0.02247786
v -0.03201098 0.02897902 -0.01823711
v -0.03392395 0.02894215 -0.01827591
v -0.03426355 0.03179127 -0.01271893
v -0.03262890 0.03185011 -0.01258501
v -0.03592346 0.03174147 -0.01283804
v -0.03594201 0.03367482 -0.00621652
v -0.03441675 0.03370021 -0.00609725
v -0.03493481 0.03423463 0.00091305
v -0.03423608 0.03490651 0.00086770
v -0.03367761 0.03442555 -0.00622688
v -0.03329187 0.03391163 0.00804453
v -0.03321179 0.03543019 0.00832699
v -0.03421997 0.03640919 0.00084215
v -0.03313403 0.03697633 0.00859936
v -0.03420923 0.03786695 0.00080403
v -0.03309131 0.03855885 0.00876255
v -0.03420886 0.03939943 0.00076504
v -0.03305762 0.04024147 0.00888437
v -0.03419958 0.04101027 0.00072587
v -0.03304870 0.04214747 0.00892592
v -0.03420837 0.04270558 0.00067037
v -0.03339538 0.04054152 -0.00746711
v -0.03336731 0.04233522 -0.00760890
v -0.03056457 0.04107618 -0.01539407
v -0.03421057 0.04503737 0.00059207
v -0.03333655 0.04479518 -0.00774701
v -0.03055395 0.04407203 -0.01543687
v -0.02639721 0.04363649 -0.02180034
v -0.03062610 0.04800123 -0.01535029
v -0.02661499 0.04800123 -0.02160994
v -0.02179236 0.04800123 -0.02647540
v -0.02283032 0.04800123 -0.01862527
v -0.01886218 0.04800123 -0.02301726
v -0.01907544 0.04800123 -0.01623097
v -0.01594604 0.04800123 -0.02010373
v -0.02162207 0.04800123 -0.01142286
v -0.01711218 0.04800123 -0.01003291
v -0.01502734 0.04800123 -0.01430590
v -0.01273022 0.04800123 -0.00901333
v -0.01100757 0.04800123 -0.01304671
v -0.00865784 0.04800123 -0.00825166
v -0.00719226 0.04800123 -0.01217317
v -0.00483899 0.04800123 -0.00758577
v -0.00356787 0.04800123 -0.01138526
v -0.00561902 0.04800123 -0.01609914
v -0.00567529 0.04800123 -0.00388855
v -0.00191528 0.04800123 -0.00349381
v -0.00129553 0.04800123 -0.00687197
v -0.00213086 0.04800123 -0.00026707
v 0.00165332 0.04800123 -0.00302274
v -0.00597937 0.04800123 -0.00032272
v -0.00966650 0.04800123 -0.00428468
v -0.01006396 0.04800123 -0.00030044
v -0.00975171 0.04800123 0.00363820
v -0.00576196 0.04800123 0.00314277
v -0.01405932 0.04800123 0.00428985
v -0.01275366 0.04800123 0.00854600
v -0.00868384 0.04800123 0.00747703
v -0.01076025 0.04800123 0.01248160
v -0.00694751 0.04800123 0.01116196
v -0.00843835 0.04800123 0.01600681
v -0.00478369 0.04800123 0.01459162
v -0.00249927 0.04800123 0.01789593
v -0.00022851 0.04800123 0.02149107
v 0.00396997 0.04800123 0.02011302
v 0.00190161 0.04800123 0.02537257
v 0.00678150 0.04800123 0.02384918
v 0.01134705 0.04800123 0.02161028
v 0.00948523 0.04800123 0.02771934
v 0.01481738 0.04800123 0.02508042
v 0.01937158 0.04800123 0.02167391
v 0.01847803 0.04800123 0.02883935
v 0.02352100 0.04800123 0.02488867
v 0.02753455 0.04800123 0.02034997
v 0.02406836 0.04384694 0.02434096
v 0.02776782 0.04392189 0.01999710
v 0.03086292 0.04418336 0.01477887
v 0.02802930 0.04059742 0.01963611
v 0.03101648 0.04132496 0.01448183
v 0.03316773 0.04218043 0.00843644
v 0.03322547 0.04032399 0.00818531
v 0.03417652 0.04086793 0.00164425
v 0.03330176 0.03857570 0.00790035
v 0.03418604 0.03917408 0.00145674
v 0.03384534 0.03895924 -0.00507526
v 0.03419641 0.03755226 0.00126265
v 0.03383899 0.03727247 -0.00514635
v 0.03238050 0.03618800 -0.01116630
v 0.03383667 0.03565919 -0.00521946
v 0.03239539 0.03443483 -0.01113928
v 0.03383179 0.03418190 -0.00526873
v 0.03240955 0.03280861 -0.01111644
v 0.03521179 0.03376735 -0.00566990
v 0.03364441 0.03214332 -0.01179717
v 0.03690125 0.03367530 -0.00617809
v 0.03519910 0.03173170 -0.01282617
v 0.03851196 0.03357130 -0.00671140
v 0.03666467 0.03115284 -0.01419153
v 0.03863550 0.03100465 -0.01449564
v 0.04026135 0.03348048 -0.00711483
v 0.04215796 0.03339283 -0.00750319
v 0.04084546 0.03078663 -0.01494937
v 0.03942591 0.02634889 -0.02184603
v 0.03955982 0.02115602 -0.02689554
v 0.04386231 0.03054786 -0.01544441
v 0.04332361 0.02616529 -0.02207751
v 0.04336658 0.02094752 -0.02708049
v 0.04388806 0.01483961 -0.03084793
v 0.04077954 0.01513160 -0.03069856
v 0.04799976 0.02594606 -0.02237640
v 0.04799976 0.02051271 -0.02743204
v 0.04799976 0.01425782 -0.03114836
v 0.04799976 0.00742823 -0.03345177
v 0.04470288 0.00801930 -0.03328642
v 0.04799976 0.01675904 -0.02395765
v 0.04799976 0.01135792 -0.02740998
v 0.04799976 0.00540675 -0.02958147
v 0.04799976 -0.00042504 -0.03029952
v 0.04799976 0.00061403 -0.03426535
v 0.04799976 0.00831349 -0.02433368
v 0.04799976 -0.00564281 -0.03379160
v 0.04499048 -0.00520873 -0.03383706
v 0.04511365 0.00115040 -0.03421648
v 0.04799976 -0.00550170 -0.02980509
v 0.04799976 -0.01022435 -0.02840941
v 0.04799976 -0.01132958 -0.03232598
v 0.04799976 -0.00496654 -0.02617363
v 0.04799976 -0.00886791 -0.02480951
v 0.04799976 -0.01260668 -0.02288797
v 0.04799976 -0.01457396 -0.02630908
v 0.04799976 -0.00708886 -0.02126854
v 0.04799976 -0.01044164 -0.01960161
v 0.04799976 -0.01368187 -0.01741498
v 0.04799976 -0.00819066 -0.01628982
v 0.04799976 -0.00489281 -0.01765585
v 0.04799976 -0.00620287 -0.01303129
v 0.04799976 -0.00267504 -0.01414218
v 0.04799976 -0.00477391 -0.00979210
v 0.04799976 -0.00087645 -0.01070316
v 0.04799976 -0.00388109 -0.00664131
v 0.04799976 -0.00804393 -0.00613045
v 0.04799976 -0.00777025 -0.00303259
v 0.04799976 -0.01210155 -0.00594797
v 0.04799976 -0.01206224 -0.00274303
v 0.04799976 -0.01635033 -0.00268307
v 0.04799976 -0.01626903 -0.00619729
v 0.04799976 -0.02071971 -0.00284625
v 0.04799976 -0.02028734 -0.00709474
v 0.04799976 -0.01903173 -0.01118447
v 0.04799976 -0.02427855 -0.00852472
v 0.04799976 -0.02210643 -0.01330885
v 0.04799976 -0.01658422 -0.01468953
v 0.04799976 -0.01936693 -0.01721985
v 0.04799976 -0.02534301 -0.01566960
v 0.04799976 -0.02214818 -0.02009746
v 0.04799976 -0.01615502 -0.02038782
v 0.04799976 -0.01857396 -0.02354811
v 0.04799976 -0.02507055 -0.02333992
v 0.04799976 -0.02098070 -0.02708323
v 0.04799976 -0.01648925 -0.03005021
v 0.04412146 -0.02068065 -0.02728430
v 0.04426673 -0.01618749 -0.03016763
v 0.04458179 -0.01097264 -0.03244953
v 0.04129517 -0.01580199 -0.03036151
v 0.04204321 -0.01057372 -0.03258655
v 0.04266992 -0.00478905 -0.03389351
v 0.04014063 -0.01022045 -0.03269075
v 0.04085047 -0.00444506 -0.03392856
v 0.04271070 0.00158522 -0.03419013
v 0.04087415 0.00188209 -0.03417363
v 0.04208789 0.00840236 -0.03319025
v 0.04008960 0.00859425 -0.03314681
v 0.03851819 0.01519825 -0.03064593
v 0.03826221 0.00867067 -0.03312894
v 0.03651929 0.01505201 -0.03073800
v 0.03650281 0.00865016 -0.03313594
v 0.03466748 0.01480079 -0.03086730
v 0.03471424 0.00855568 -0.03316725
v 0.03277820 0.01447950 -0.03104794
v 0.03248462 0.01996754 -0.02777426
v 0.03042517 0.01935670 -0.02824017
v 0.03113831 0.01429445 -0.03153196
v 0.02841162 0.01913209 -0.02904564
v 0.03067566 0.01518361 -0.03303550
v 0.02732361 0.02059840 -0.03082678
v 0.03302698 0.00903956 -0.03485927
v 0.03287830 0.00957228 -0.03647063
v 0.03008106 0.01629347 -0.03480457
v 0.03316541 0.00852296 -0.03347063
v 0.03440247 0.00257618 -0.03415622
v 0.03412329 0.00286573 -0.03562993
v 0.03580921 0.00243678 -0.03415765
v 0.03593360 -0.00346141 -0.03409266
v 0.03448316 -0.00317553 -0.03412348
v 0.03748352 0.00230030 -0.03415550
v 0.03757202 -0.00378905 -0.03402985
v 0.03690540 -0.00944066 -0.03292340
v 0.03529175 -0.00901390 -0.03304093
v 0.03914795 0.00211500 -0.03416538
v 0.03915820 -0.00411034 -0.03398459
v 0.03851380 -0.00984398 -0.03280733
v 0.03761341 -0.01508544 -0.03071827
v 0.03596436 -0.01464647 -0.03093040
v 0.03917749 -0.01542430 -0.03051422
v 0.03838794 -0.02001635 -0.02775718
v 0.03676258 -0.01967553 -0.02799828
v 0.04088074 -0.02035131 -0.02753908
v 0.04078784 -0.02415111 -0.02427085
v 0.03821900 -0.02373461 -0.02465885
v 0.04409400 -0.02458300 -0.02383483
v 0.04426038 -0.02834984 -0.01919948
v 0.04109400 -0.02794823 -0.01977037
v 0.04799976 -0.02881469 -0.01854359
v 0.04799976 -0.03189891 -0.01250351
v 0.04460755 -0.03164843 -0.01306180
v 0.04799976 -0.02792430 -0.01029630
v 0.04799976 -0.02943773 -0.00427531
v 0.04799976 -0.03380590 -0.00548193
v 0.04799976 -0.02511010 -0.00339314
v 0.04799976 -0.02506078 0.00181257
v 0.04799976 -0.02947045 0.00197503
v 0.04799976 -0.02061205 0.00148915
v 0.04799976 -0.01978368 0.00584099
v 0.04799976 -0.02396849 0.00704556
v 0.04799976 -0.01618505 0.00102036
v 0.04799976 -0.01570848 0.00470232
v 0.04799976 -0.01459203 0.00838114
v 0.04799976 -0.01171508 0.00375740
v 0.04799976 -0.01194213 0.00051608
v 0.04799976 -0.00763549 0.00308468
v 0.04799976 -0.00764037 0.00005901
v 0.04799976 -0.00311156 0.00278241
v 0.04799976 -0.00348827 0.00574824
v 0.04799976 -0.00309764 -0.00031681
v 0.04799976 0.00157252 0.00277278
v 0.04799976 0.00098146 0.00612490
v 0.04799976 0.00564137 0.00668552
v 0.04799976 0.00418238 0.01037688
v 0.04799976 -0.00032933 0.00954620
v 0.04799976 0.00238014 0.01392869
v 0.04799976 -0.00209667 0.01289273
v 0.04799976 0.00048365 0.01753100
v 0.04799976 -0.00410106 0.01630978
v 0.04799976 -0.00852513 0.01445919
v 0.04799976 -0.00628051 0.01986455
v 0.04799976 -0.01103075 0.01761524
v 0.04799976 -0.01218309 0.01175836
v 0.04799976 -0.01518480 0.01435148
v 0.04799976 -0.01379882 0.02086756
v 0.04799976 -0.01840355 0.01707128
v 0.04799976 -0.01814428 0.01026736
v 0.04799976 -0.02185009 0.01231749
v 0.04799976 -0.02176293 0.01982635
v 0.04799976 -0.02568822 0.01435590
v 0.04799976 -0.02820360 0.00825627
v 0.04799976 -0.02996581 0.01660364
v 0.04799976 -0.03291430 0.00951984
v 0.04799976 -0.03418383 0.00204066
v 0.04479785 -0.03295189 0.00932051
v 0.04522888 -0.03417650 0.00178318
v 0.04513123 -0.03372045 -0.00586569
v 0.04301416 -0.03418236 0.00153150
v 0.04288391 -0.03366552 -0.00613096
v 0.04188684 -0.03148876 -0.01345596
v 0.04115418 -0.03363036 -0.00629926
v 0.03989246 -0.03134398 -0.01373062
v 0.03862537 -0.02758422 -0.02024861
v 0.03836109 -0.03128002 -0.01390355
v 0.03693591 -0.02723168 -0.02069389
v 0.03639404 -0.02335448 -0.02500531
v 0.03532508 -0.02691893 -0.02111226
v 0.03498938 -0.02301830 -0.02531305
v 0.03519519 -0.01927172 -0.02827643
v 0.03337134 -0.01874364 -0.02861644
v 0.03427857 -0.01412548 -0.03119513
v 0.03126038 -0.01807616 -0.02906488
v 0.03250318 -0.01351366 -0.03148919
v 0.03375647 -0.00853441 -0.03317139
v 0.03147681 -0.01350756 -0.03275414
v 0.03316004 -0.00853881 -0.03451426
v 0.03411426 -0.00303148 -0.03552112
v 0.03310205 -0.00873265 -0.03633648
v 0.03410266 -0.00297142 -0.03728022
v 0.03409107 0.00316066 -0.03734945
v 0.03409839 -0.00290721 -0.03898369
v 0.03405298 0.00342848 -0.03899595
v 0.03277002 0.00997047 -0.03809308
v 0.03401734 0.00367750 -0.04068963
v 0.03265332 0.01031862 -0.03978465
v 0.02971424 0.01695826 -0.03827073
v 0.02986658 0.01670851 -0.03649883
v 0.02518579 0.02314991 -0.03714016
v 0.02528894 0.02307277 -0.03995611
v 0.01985510 0.02788087 -0.04028909
v 0.01950965 0.02807960 -0.03787491
v 0.01294629 0.03167115 -0.03942758
v 0.01335925 0.03152272 -0.04141185
v 0.00629199 0.03363624 -0.04249457
v 0.01374964 0.03135377 -0.04423210
v 0.00662866 0.03358937 -0.04484522
v -0.00088171 0.03420607 -0.04507122
v 0.00691699 0.03357081 -0.04800973
v -0.00059387 0.03425782 -0.04800973
v -0.00800891 0.03329737 -0.04800973
v 0.00002698 0.02887623 -0.04800973
v -0.00629407 0.02816774 -0.04800973
v -0.01228857 0.02634938 -0.04800973
v -0.00475220 0.02329786 -0.04800973
v -0.00994482 0.02196681 -0.04800973
v -0.01470459 0.01946290 -0.04800973
v -0.00771191 0.01716090 -0.04800973
v -0.01184302 0.01529054 -0.04800973
v -0.00328052 0.01832814 -0.04800973
v -0.00578027 0.01254054 -0.04800973
v -0.00201477 0.01340651 -0.04800973
v 0.00133008 0.01865724 -0.04800973
v 0.00193018 0.01358082 -0.04800973
v 0.00580322 0.01821656 -0.04800973
v 0.00584973 0.01318043 -0.04800973
v 0.01008032 0.01709132 -0.04800973
v 0.00968457 0.01233937 -0.04800973
v 0.00966675 0.00802003 -0.04800973
v 0.01366358 0.00753199 -0.04800973
v 0.01392517 0.00348951 -0.04800973
v 0.01812854 0.00752784 -0.04800973
v 0.01871765 0.00334034 -0.04800973
v 0.01390784 -0.00051342 -0.04800973
v 0.01876172 -0.00089428 -0.04800973
v 0.01829712 -0.00497728 -0.04800973
v 0.02367993 0.00345143 -0.04800973
v 0.02379321 -0.00140844 -0.04800973
v 0.02324329 -0.00602782 -0.04800973
v 0.02204773 -0.01031835 -0.04800973
v 0.01744202 -0.00873510 -0.04800973
v 0.02882947 -0.00191722 -0.04800973
v 0.02806812 -0.00727391 -0.04800973
v 0.02646900 -0.01230590 -0.04800973
v 0.02433716 -0.01677709 -0.04800973
v 0.03313440 -0.00865306 -0.04800973
v 0.03103675 -0.01447020 -0.04800973
v 0.02794800 -0.01980101 -0.04800973
v 0.02386072 -0.02458934 -0.04800973
v 0.02083386 -0.02105931 -0.04800973
v 0.03088806 -0.01473119 -0.04398602
v 0.02774341 -0.02003661 -0.04364196
v 0.02371570 -0.02468065 -0.04355594
v 0.02769373 -0.02011425 -0.04007123
v 0.02366101 -0.02474218 -0.03983948
v 0.01822791 -0.02895263 -0.04057677
v 0.01837537 -0.02887572 -0.04385973
v 0.01847376 -0.02885057 -0.04800973
v 0.01172473 -0.03217382 -0.04800973
v 0.01623096 -0.02483275 -0.04800973
v 0.01148255 -0.03225438 -0.04445720
v 0.00372132 -0.03402221 -0.04503787
v 0.01114868 -0.03237401 -0.04184734
v 0.00338465 -0.03405321 -0.04277617
v -0.00458240 -0.03391307 -0.04275912
v 0.00311353 -0.03406932 -0.04104141
v -0.00473962 -0.03388109 -0.04092422
v -0.01231311 -0.03193773 -0.03980245
v -0.00484094 -0.03388085 -0.03930957
v -0.01227136 -0.03195067 -0.03809578
v -0.01897851 -0.02845580 -0.03650459
v -0.01215881 -0.03198754 -0.03643767
v -0.02441260 -0.02398632 -0.03592235
v -0.00491235 -0.03387328 -0.03773463
v -0.00494433 -0.03387572 -0.03622476
v -0.01195154 -0.03207323 -0.03481390
v -0.00494006 -0.03388231 -0.03467591
v -0.01165881 -0.03219237 -0.03310597
v -0.01768957 -0.02930663 -0.03067822
v -0.00508850 -0.03457836 -0.03386870
v -0.01181225 -0.03304442 -0.03215035
v -0.00541516 -0.03607543 -0.03381212
v -0.01233960 -0.03461596 -0.03194672
v -0.00571252 -0.03756005 -0.03375901
v -0.01275989 -0.03616722 -0.03177956
v -0.01940075 -0.03440624 -0.02820180
v -0.01966162 -0.03611254 -0.02801083
v -0.02517663 -0.03397020 -0.02322188
v -0.02984253 -0.03575634 -0.01676219
v -0.02998974 -0.03425292 -0.01649767
v -0.02517480 -0.03576976 -0.02320935
v -0.02972058 -0.03726171 -0.01697425
v -0.03300696 -0.03911425 -0.00910064
v -0.03306555 -0.03778270 -0.00887758
v -0.02518237 -0.03757055 -0.02320176
v -0.02963574 -0.03882982 -0.01706609
v -0.03294922 -0.04054784 -0.00928113
v -0.03419580 -0.04141942 -0.00093601
v -0.03420386 -0.03995922 -0.00085923
v -0.02960351 -0.04110961 -0.01715481
v -0.03292138 -0.04237963 -0.00941995
v -0.03420349 -0.04295214 -0.00100108
v -0.03344519 -0.04257567 0.00722971
v -0.03290075 -0.04482299 -0.00952574
v -0.03419800 -0.04521825 -0.00108753
v -0.03344824 -0.04499364 0.00722990
v -0.03097095 -0.04435350 0.01457869
v -0.03351404 -0.04799877 0.00713104
v -0.03103638 -0.04799877 0.01446358
v -0.02746753 -0.04799877 0.02044101
v -0.02604529 -0.04799877 0.01213558
v -0.02309741 -0.04799877 0.01737685
v -0.01949621 -0.04799877 0.02160758
v -0.02307373 -0.04799877 0.02529453
v -0.02120276 -0.04799877 0.01026672
v -0.01871948 -0.04799877 0.01474206
v -0.01580029 -0.04799877 0.01831364
v -0.01500256 -0.04799877 0.02508311
v -0.01405884 -0.04799877 0.01236220
v -0.01153064 -0.04799877 0.01535463
v -0.00939770 -0.04799877 0.01056637
v -0.00726782 -0.04799877 0.01341535
v -0.00533545 -0.04799877 0.00930588
v -0.00339978 -0.04799877 0.01218844
v -0.00134790 -0.04799877 0.01527628
v 0.00021362 -0.04799877 0.01097953
v 0.00252442 -0.04799877 0.01427277
v 0.00076148 -0.04799877 0.01943120
v 0.00514392 -0.04799877 0.01833362
v 0.00228040 -0.04799877 0.02410250
v -0.00294348 -0.04799877 0.02423199
v 0.00754016 -0.04799877 0.02271738
v 0.00338904 -0.04799877 0.02875703
v -0.00310657 -0.04799877 0.02891531
v -0.00944971 -0.04799877 0.02764866
v -0.00353723 -0.04799877 0.03408473
v -0.01107300 -0.04799877 0.03239889
v -0.01768994 -0.04799877 0.02931197
v -0.00357763 -0.04519701 0.03404594
v -0.01120080 -0.04461547 0.03235044
v -0.01783764 -0.04399169 0.02918034
v -0.02312915 -0.04367015 0.02521549
v -0.01116980 -0.04187621 0.03235860
v -0.01787402 -0.04066552 0.02916141
v -0.02316687 -0.03997606 0.02518433
v -0.01783996 -0.03830492 0.02917228
v -0.02320495 -0.03713939 0.02515652
v -0.02736889 -0.03770580 0.02049487
v -0.02735193 -0.04028002 0.02054185
v -0.03101416 -0.03924974 0.01445415
v -0.03098511 -0.04137059 0.01455381
v -0.02736218 -0.04380492 0.02052009
v -0.03109839 -0.03766283 0.01432362
v -0.03347473 -0.03938182 0.00713089
v -0.03345263 -0.04089843 0.00720810
v -0.03350317 -0.03801561 0.00703334
v -0.03421130 -0.03862279 -0.00078373
v -0.03421118 -0.03734520 -0.00070347
v -0.03313489 -0.03652831 -0.00861897
v -0.03322485 -0.03525487 -0.00830046
v -0.03423315 -0.03609984 -0.00063158
v -0.03333337 -0.03399828 -0.00790941
v -0.03065100 -0.03167772 -0.01525590
v -0.03139551 -0.03095482 -0.01466309
v -0.02782348 -0.02749877 -0.02042426
v -0.02978015 -0.02752855 -0.02037241
v -0.02826941 -0.02397020 -0.02443247
v -0.02626501 -0.02383641 -0.02457840
v -0.02746106 -0.02045092 -0.02820970
v -0.02934607 -0.02017455 -0.02768867
v -0.03049512 -0.01557347 -0.03104736
v -0.02991125 -0.01664013 -0.03240937
v -0.03195630 -0.01534838 -0.03060448
v -0.03288281 -0.00956932 -0.03325930
v -0.03272180 -0.01015380 -0.03446705
v -0.03411560 -0.00948607 -0.03291532
v -0.03374634 -0.01541698 -0.03057075
v -0.03564783 -0.00953368 -0.03289858
v -0.03670105 -0.00324633 -0.03410239
v -0.03715710 -0.00954564 -0.03289548
v -0.03815295 -0.00316649 -0.03409627
v -0.03670239 0.00301881 -0.03411570
v -0.03812842 0.00319825 -0.03409367
v -0.03964783 -0.00306615 -0.03409379
v -0.03960315 0.00337135 -0.03406928
v -0.03864404 0.00938014 -0.03293704
v -0.03715014 0.00920216 -0.03298827
v -0.04019897 0.00953199 -0.03288688
v -0.03884509 0.01488649 -0.03082200
v -0.03717468 0.01479664 -0.03088937
v -0.03755432 0.01948658 -0.02811276
v -0.03551086 0.01950319 -0.02813691
v -0.03672742 0.02304103 -0.02530137
v -0.03441394 0.02309840 -0.02526468
v -0.03456396 0.02584181 -0.02247228
v -0.03684656 0.02584376 -0.02244016
v -0.03591089 0.02890138 -0.01836462
v -0.03788830 0.02885035 -0.01842785
v -0.03762402 0.03170826 -0.01295955
v -0.03939734 0.03166017 -0.01304435
v -0.03902856 0.03362721 -0.00639312
v -0.03745154 0.03365211 -0.00631123
v -0.04070837 0.03360426 -0.00645425
v -0.03944385 0.03420362 0.00104275
v -0.03792639 0.03420533 0.00100772
v -0.03871191 0.03310768 0.00870831
v -0.03715979 0.03314698 0.00856055
v -0.03647192 0.03421534 0.00096546
v -0.03564844 0.03320436 0.00836214
v -0.03545276 0.03035182 0.01581329
v -0.03380749 0.03042530 0.01566922
v -0.03413440 0.03326686 0.00814381
v -0.03213305 0.03054103 0.01544191
v -0.02750403 0.02795875 0.02039433
v -0.03083227 0.03141041 0.01489143
v -0.03053125 0.03309230 0.01545678
v -0.03013379 0.03495802 0.01618281
v -0.02542517 0.03516529 0.02287783
v -0.03003625 0.03668385 0.01638388
v -0.02563415 0.03718678 0.02265274
v -0.02996594 0.03852028 0.01645946
v -0.02583179 0.03994752 0.02244007
v -0.03002148 0.04083204 0.01640993
v -0.02601587 0.04363404 0.02223153
v -0.03008081 0.04400026 0.01631976
v -0.03305517 0.04463820 0.00890540
v -0.03024377 0.04800123 0.01613937
v -0.03310779 0.04800123 0.00875294
v -0.03426111 0.04800123 0.00049543
v -0.03335376 0.04800123 -0.00779020
v -0.02803686 0.04800123 0.00726704
v -0.02889258 0.04800123 0.00029573
v -0.02816028 0.04800123 -0.00672965
v -0.02601636 0.04800123 -0.01316320
v -0.02397754 0.04800123 0.00010967
v -0.02335608 0.04800123 -0.00586518
v -0.01914441 0.04800123 -0.00005733
v -0.01858301 0.04800123 -0.00521495
v -0.01445764 0.04800123 -0.00022211
v -0.01396228 0.04800123 -0.00470541
v -0.01862012 0.04800123 0.00508412
v -0.02331250 0.04800123 0.00604977
v -0.02145410 0.04800123 0.01155748
v -0.01705517 0.04800123 0.00989914
v -0.01871777 0.04800123 0.01633858
v -0.01477246 0.04800123 0.01417159
v -0.01557080 0.04800123 0.02027536
v -0.01209180 0.04800123 0.01780761
v -0.01862427 0.04800123 0.02316653
v -0.01404199 0.04800123 0.02658660
v -0.02156470 0.04800123 0.02663155
v -0.01597070 0.04800123 0.03031826
v -0.00856811 0.04800123 0.02891166
v -0.00252002 0.04800123 0.02978733
v -0.00309875 0.04800123 0.02594349
v -0.00939245 0.04800123 0.03294005
v -0.00219946 0.04800123 0.03416794
v 0.00513599 0.04800123 0.03384751
v 0.00360254 0.04800123 0.02934900
v -0.00914453 0.04469435 0.03298903
v -0.00189636 0.04516407 0.03416544
v 0.00559363 0.04502394 0.03375336
v 0.01288342 0.04444484 0.03170853
v 0.01219446 0.04800123 0.03199741
v -0.00161511 0.04290773 0.03417039
v 0.00590955 0.04268238 0.03369486
v 0.01336902 0.04164991 0.03151083
v 0.01998718 0.04068434 0.02778043
v 0.01929065 0.04403614 0.02827311
v 0.00611292 0.04088917 0.03365363
v 0.01368189 0.03954884 0.03134875
v 0.02058325 0.03802760 0.02729444
v 0.02497766 0.03762379 0.02336644
v 0.02457178 0.04033595 0.02382527
v 0.01389661 0.03787965 0.03127383
v 0.02111341 0.03619264 0.02689107
v 0.02534619 0.03583082 0.02296238
v 0.02850086 0.03630958 0.01890832
v 0.02824658 0.03812013 0.01923814
v 0.02173096 0.03447096 0.02641466
v 0.02879688 0.03446730 0.01845615
v 0.03148157 0.03567897 0.01339360
v 0.03132056 0.03745240 0.01380730
v 0.02917468 0.03234767 0.01787961
v 0.03168897 0.03390211 0.01292690
v 0.03348523 0.03531080 0.00723752
v 0.03338233 0.03695924 0.00759687
v 0.03188806 0.03225856 0.01246012
v 0.03356690 0.03382154 0.00689329
v 0.03423670 0.03449952 0.00087718
v 0.03421900 0.03593751 0.00107196
v 0.03513513 0.03352784 0.00706819
v 0.03571558 0.03423561 0.00074734
v 0.03692322 0.03345826 0.00727420
v 0.03743225 0.03421412 0.00060968
v 0.03860083 0.03341700 0.00741219
v 0.03908777 0.03421681 0.00045432
v 0.04036377 0.03338380 0.00751591
v 0.04078443 0.03421363 0.00029613
v 0.04227857 0.03337989 0.00754709
v 0.04265149 0.03422023 0.00011955
v 0.04478382 0.03338258 0.00752672
v 0.04503333 0.03423512 -0.00010287
v 0.04469824 0.03329737 -0.00793630
v 0.04799976 0.03426881 -0.00038119
v 0.04799976 0.03321730 -0.00833883
v 0.04799976 0.03037452 -0.01588423
v 0.04799976 0.02749928 -0.00741550
v 0.04799976 0.02507203 -0.01383095
v 0.04799976 0.02138038 -0.01942616
v 0.04799976 0.01999733 -0.01212498
v 0.04799976 0.01686378 -0.01700235
v 0.04799976 0.01294557 -0.02111536
v 0.04799976 0.01217286 -0.01493404
v 0.04799976 0.00877955 -0.01869832
v 0.04799976 0.00757765 -0.01321075
v 0.04799976 0.00473195 -0.01679474
v 0.04799976 0.00326100 -0.01183182
v 0.04799976 0.00098536 -0.01535735
v 0.04799976 -0.00154564 -0.01888650
v 0.04799976 -0.00371971 -0.02255038
v 0.04799976 0.00497926 -0.00823065
v 0.04799976 0.00039308 -0.00735867
v 0.04799976 0.00979200 -0.00931342
v 0.04799976 0.00607643 -0.00456220
v 0.04799976 0.00122975 -0.00397903
v 0.04799976 0.00162184 -0.00061092
v 0.04799976 -0.00335131 -0.00347225
v 0.04799976 0.00660133 -0.00080466
v 0.04799976 0.01124025 -0.00518829
v 0.04799976 0.01187526 -0.00092262
v 0.04799976 0.01165553 0.00333379
v 0.04799976 0.00648512 0.00294026
v 0.04799976 0.01708741 0.00395280
v 0.04799976 0.01583937 0.00852405
v 0.04799976 0.01059181 0.00743867
v 0.04799976 0.01384938 0.01278303
v 0.04799976 0.00887965 0.01135058
v 0.04799976 0.01147047 0.01651913
v 0.04799976 0.00691114 0.01494723
v 0.04799976 0.01565748 0.01888351
v 0.04799976 0.01208790 0.02218190
v 0.04799976 0.01866481 0.01483259
v 0.04799976 0.01937257 0.02182407
v 0.04799976 0.01480861 0.02550120
v 0.04799976 0.01758522 0.02937528
v 0.04799976 0.01084742 0.03247996
v 0.04799976 0.00923732 0.02823424
v 0.04799976 0.00274830 0.02961652
v 0.04799976 0.00270362 0.02565936
v 0.04799976 0.00313966 0.03412179
v 0.04799976 -0.00489696 0.03388281
v 0.04799976 -0.00400316 0.02931844
v 0.04528284 0.00306300 0.03409478
v 0.04517822 -0.00500951 0.03385204
v 0.04454468 -0.01283226 0.03172985
v 0.04799976 -0.01264745 0.03183508
v 0.04303504 0.00295533 0.03408468
v 0.04290100 -0.00503075 0.03384325
v 0.04188562 -0.01285009 0.03172616
v 0.04079614 -0.02010448 0.02769810
v 0.04407337 -0.01994188 0.02780693
v 0.04125501 -0.00500731 0.03383578
v 0.03995532 -0.01277587 0.03173190
v 0.03829163 -0.02013378 0.02765126
v 0.03792505 -0.02617870 0.02200411
v 0.04056885 -0.02593749 0.02231580
v 0.03844519 -0.01258275 0.03181489
v 0.03659937 -0.02009984 0.02767417
v 0.03638684 -0.02643261 0.02168998
v 0.03508435 -0.02049706 0.02737292
v 0.03768958 -0.03055028 0.01537316
v 0.03918433 -0.03034203 0.01572101
v 0.04065296 -0.03307958 0.00879510
v 0.04129077 -0.03019921 0.01608727
v 0.04245410 -0.03301122 0.00906527
v 0.04426392 -0.03004930 0.01638788
v 0.04396961 -0.02569384 0.02259856
v 0.04799976 -0.02548388 0.02286391
v 0.04799976 -0.01964891 0.02805116
v 0.04799976 -0.01660814 0.02425164
v 0.04799976 -0.01055956 0.02748001
v 0.04799976 -0.00849193 0.02360159
v 0.04799976 -0.00288573 0.02524696
v 0.04799976 -0.00130761 0.02124779
v 0.04142554 -0.03418456 0.00133317
v 0.03914514 -0.03315819 0.00849818
v 0.03988733 -0.03419530 0.00114424
v 0.03960059 -0.03361766 -0.00640711
v 0.03847266 -0.03420531 0.00096616
v 0.03815759 -0.03361669 -0.00646995
v 0.03682849 -0.03123705 -0.01401565
v 0.03673706 -0.03361840 -0.00649748
v 0.03536621 -0.03117528 -0.01412986
v 0.03536878 -0.03363060 -0.00648353
v 0.03387500 -0.03116820 -0.01417957
v 0.03384351 -0.02646654 -0.02167709
v 0.03227735 -0.03149828 -0.01348459
v 0.03405091 -0.03365502 -0.00636374
v 0.03159204 -0.03237377 -0.01325442
v 0.02823963 -0.02899364 -0.01942465
v 0.02810974 -0.03107494 -0.01954040
v 0.02438623 -0.02940795 -0.02401656
v 0.02445215 -0.02717992 -0.02394810
v 0.02019446 -0.02842357 -0.02767341
v 0.02112634 -0.02692992 -0.02839833
v 0.01545874 -0.03054613 -0.03170622
v 0.01653174 -0.02995995 -0.03323564
v 0.01480652 -0.03154540 -0.03088575
v 0.00878858 -0.03309227 -0.03396518
v 0.00940222 -0.03292455 -0.03537919
v 0.00224768 -0.03415282 -0.03640531
v 0.00253967 -0.03412816 -0.03791206
v 0.00995056 -0.03276854 -0.03684073
v 0.00283216 -0.03410082 -0.03942653
v 0.01042908 -0.03262841 -0.03834765
v 0.01082105 -0.03247753 -0.03994958
v 0.01804090 -0.02903637 -0.03819331
v 0.02365064 -0.02472411 -0.03696815
v 0.01778552 -0.02922094 -0.03644214
v 0.02776624 -0.01999047 -0.03731569
v 0.03089575 -0.01469213 -0.03872688
v 0.03101770 -0.01444677 -0.03671778
v 0.03306116 -0.00888256 -0.03813860
v 0.03121204 -0.01405223 -0.03475766
v 0.02915369 -0.01792211 -0.03052934
v 0.03303479 -0.00897509 -0.04000529
v 0.03409314 -0.00282177 -0.04071073
v 0.03303723 -0.00897362 -0.04198145
v 0.03410755 -0.00271166 -0.04255711
v 0.03399573 0.00388282 -0.04250949
v 0.03411768 -0.00255443 -0.04493605
v 0.03396924 0.00410304 -0.04489471
v 0.03256714 0.01059645 -0.04177240
v 0.03249329 0.01081569 -0.04442505
v 0.02957288 0.01722779 -0.04390283
v 0.02961719 0.01716310 -0.04065770
v 0.02963306 0.01717115 -0.04800973
v 0.02555530 0.02279762 -0.04800973
v 0.02538574 0.02295362 -0.04361902
v 0.02032215 0.02756373 -0.04800973
v 0.02012586 0.02768116 -0.04375726
v 0.01402258 0.03125026 -0.04800973
v 0.01780554 0.02371681 -0.04800973
v 0.01239758 0.02671241 -0.04800973
v 0.00635730 0.02832472 -0.04800973
v 0.01102490 0.02217408 -0.04800973
v 0.00600427 0.02334010 -0.04800973
v 0.00067163 0.02381324 -0.04800973
v 0.01550806 0.01985109 -0.04800973
v 0.02237341 0.01962672 -0.04800973
v 0.02537122 0.01467286 -0.04800973
v 0.02752417 0.00934474 -0.04800973
v 0.02286316 0.00821095 -0.04800973
v 0.03246778 0.01090773 -0.04800973
v 0.02867688 0.00374195 -0.04800973
v 0.03398499 0.00427467 -0.04800973
v 0.03417017 -0.00234520 -0.04800973
v 0.03306116 -0.00888866 -0.04458684
v 0.03086292 -0.01478588 -0.04099037
v 0.00195691 -0.03417626 -0.03496603
v 0.00843176 -0.03385253 -0.03319996
v 0.00174170 -0.03487035 -0.03419906
v 0.00841590 -0.03538207 -0.03320182
v 0.00160034 -0.03635082 -0.03420035
v 0.00838294 -0.03699193 -0.03320499
v 0.00144727 -0.03786010 -0.03420115
v 0.00830506 -0.03861742 -0.03322346
v 0.00128467 -0.03940453 -0.03420427
v -0.00599243 -0.03908324 -0.03370446
v 0.00111109 -0.04100902 -0.03419944
v -0.00623779 -0.04068480 -0.03364909
v -0.01339929 -0.03939159 -0.03152158
v -0.01312488 -0.03774999 -0.03164542
v -0.01362951 -0.04148656 -0.03143270
v -0.01999573 -0.04046556 -0.02776230
v -0.01983752 -0.03801903 -0.02785272
v -0.02519531 -0.04024657 -0.02316228
v -0.02522595 -0.04382225 -0.02313825
v -0.02960278 -0.04419042 -0.01716623
v -0.02528613 -0.04799877 -0.02310348
v -0.02969397 -0.04799877 -0.01707875
v -0.03292090 -0.04799877 -0.00951833
v -0.03422876 -0.04799877 -0.00117473
v -0.02495325 -0.04799877 -0.01433578
v -0.02754492 -0.04799877 -0.00798252
v -0.02861120 -0.04799877 -0.00101237
v -0.02803564 -0.04799877 0.00591745
v -0.02340527 -0.04799877 -0.00083944
v -0.02290747 -0.04799877 0.00496154
v -0.01811218 -0.04799877 -0.00061860
v -0.01767395 -0.04799877 0.00417157
v -0.01622400 -0.04799877 0.00859934
v -0.01253491 -0.04799877 0.00357577
v -0.01129126 -0.04799877 0.00726458
v -0.00787280 -0.04799877 0.00320430
v -0.00692590 -0.04799877 0.00630986
v -0.00802820 -0.04799877 0.00002234
v -0.00358349 -0.04799877 0.00048038
v -0.00315234 -0.04799877 -0.00214535
v 0.00092163 -0.04799877 -0.00100855
v 0.00050025 -0.04799877 0.00129569
v 0.00476624 -0.04799877 0.00035612
v 0.00415576 -0.04799877 0.00278068
v 0.00876892 -0.04799877 0.00204880
v 0.00770728 -0.04799877 0.00477628
v 0.00318360 -0.04799877 0.00491789
v 0.00596729 -0.04799877 0.00724256
v 0.00347132 -0.04799877 0.00934885
v 0.01145142 -0.04799877 0.00728782
v 0.00910388 -0.04799877 0.01015397
v 0.00609961 -0.04799877 0.01253085
v 0.00917603 -0.04799877 0.01626513
v 0.01262744 -0.04799877 0.01352279
v 0.01228955 -0.04799877 0.02028654
v 0.01628101 -0.04799877 0.01711327
v 0.01525391 -0.04799877 0.02447874
v 0.00966797 -0.04799877 0.02722033
v 0.01989514 -0.04799877 0.02084301
v 0.01828015 -0.04799877 0.02895799
v 0.01171143 -0.04799877 0.03217026
v 0.00425391 -0.04799877 0.03397835
v 0.01185401 -0.04463305 0.03211246
v 0.00431592 -0.04518309 0.03394832
v 0.00430445 -0.04288402 0.03394218
v -0.00356555 -0.04293358 0.03403064
v 0.00427039 -0.04121093 0.03393127
v -0.00354309 -0.04113256 0.03402588
v -0.01109094 -0.03996361 0.03238188
v -0.00348999 -0.03967553 0.03403715
v -0.01096203 -0.03838817 0.03244883
v -0.01775439 -0.03648265 0.02926124
v -0.02323071 -0.03509398 0.02513813
v -0.01076184 -0.03688768 0.03250916
v -0.01760205 -0.03467333 0.02935194
v -0.00340832 -0.03820043 0.03405104
v -0.00331164 -0.03684105 0.03407642
v -0.01052234 -0.03544213 0.03259297
v -0.00318164 -0.03541503 0.03409712
v -0.01017151 -0.03398534 0.03270853
v -0.01664075 -0.03130590 0.02993100
v -0.00992859 -0.03278490 0.03296979
v -0.01635339 -0.03010350 0.03051456
v -0.02132910 -0.02678978 0.02781284
v -0.01691894 -0.02976928 0.03182550
v -0.01022864 -0.03269994 0.03418891
v -0.00317407 -0.03410668 0.03529915
v -0.01052844 -0.03259911 0.03554777
v -0.00326343 -0.03408910 0.03675813
v -0.01075342 -0.03252123 0.03696416
v -0.01786609 -0.02920092 0.03497360
v -0.00334314 -0.03406591 0.03814471
v -0.01091003 -0.03247582 0.03843525
v -0.01792651 -0.02916405 0.03660165
v -0.02369092 -0.02470165 0.03541630
v -0.01794250 -0.02911376 0.03838463
v -0.02354419 -0.02483080 0.03727801
v -0.02778247 -0.01993016 0.03791225
v -0.02339648 -0.02495604 0.04003831
v -0.02765124 -0.02013964 0.04038382
v -0.03106543 -0.01439550 0.04144366
v -0.03112768 -0.01422826 0.03938512
v -0.02756030 -0.02027196 0.04383086
v -0.03102136 -0.01447680 0.04432631
v -0.03330603 -0.00787987 0.04497616
v -0.03330261 -0.00788646 0.04256291
v -0.02757739 -0.02030126 0.04799027
v -0.03106824 -0.01440429 0.04799027
v -0.03335962 -0.00775487 0.04799027
v -0.03425134 -0.00070092 0.04799027
v -0.03420715 -0.00082592 0.04525552
v -0.02659021 -0.01220678 0.04799027
v -0.02877759 -0.00652904 0.04799027
v -0.02944836 -0.00045604 0.04799027
v -0.02893115 0.00562062 0.04799027
v -0.03367810 0.00634645 0.04799027
v -0.02431994 -0.00520604 0.04799027
v -0.02488550 -0.00007958 0.04799027
v -0.02440918 0.00499147 0.04799027
v -0.02281921 0.00960743 0.04799027
v -0.02720837 0.01124830 0.04799027
v -0.01865478 0.00785987 0.04799027
v -0.01650537 0.01126661 0.04799027
v -0.02048950 0.01389820 0.04799027
v -0.01479089 0.00534156 0.04799027
v -0.01295740 0.00799537 0.04799027
v -0.01048657 0.01031251 0.04799027
v -0.01019275 0.00486207 0.04799027
v -0.00794800 0.00665113 0.04799027
v -0.00540039 0.00789723 0.04799027
v -0.00753491 0.01206373 0.04799027
v -0.00394690 0.00392091 0.04799027
v -0.00328137 0.00000953 0.04799027
v -0.00142505 0.00431373 0.04799027
v -0.00251660 0.00870338 0.04799027
v 0.00052710 0.00905323 0.04799027
v -0.00059106 0.01383473 0.04799027
v -0.00415100 0.01326979 0.04799027
v -0.00197998 0.01878151 0.04799027
v -0.00622265 0.01793092 0.04799027
v -0.01021753 0.01631910 0.04799027
v -0.00856958 0.02250514 0.04799027
v -0.01328369 0.02055934 0.04799027
v -0.01368237 0.01418458 0.04799027
v -0.01729223 0.01762111 0.04799027
v -0.01633374 0.02441017 0.04799027
v -0.02090600 0.02083302 0.04799027
v -0.02454419 0.01637965 0.04799027
v -0.02443225 0.02403712 0.04799027
v -0.02852966 0.01901295 0.04799027
v -0.03170166 0.01305079 0.04799027
v -0.03167444 0.01301783 0.04447898
v -0.03365271 0.00626222 0.04506640
v -0.03366418 0.00612648 0.04280791
v -0.03420422 -0.00092040 0.04300630
v -0.03368823 0.00596388 0.04107982
v -0.03419421 -0.00098827 0.04143863
v -0.03330615 -0.00784032 0.04080516
v -0.03419836 -0.00103832 0.03997793
v -0.03333703 -0.00774266 0.03930107
v -0.03124524 -0.01401171 0.03781033
v -0.03337121 -0.00762328 0.03792266
v -0.03136670 -0.01373558 0.03634299
v -0.02797217 -0.01971019 0.03600660
v -0.03341601 -0.00748070 0.03663076
v -0.03150317 -0.01341552 0.03495667
v -0.03347314 -0.00730223 0.03534342
v -0.03167163 -0.01301220 0.03362085
v -0.02911523 -0.01801342 0.03123934
v -0.03353222 -0.00710619 0.03403862
v -0.03183557 -0.01261156 0.03235506
v -0.02955298 -0.01732763 0.02995516
v -0.03084363 -0.01758348 0.02937964
v -0.02903711 -0.02127367 0.02680142
v -0.02722693 -0.02077318 0.02749165
v -0.02605456 -0.02260863 0.02572088
v -0.03278027 -0.01273143 0.03177843
v -0.03231763 -0.01803661 0.02908182
v -0.03412683 -0.01308617 0.03162752
v -0.03543518 -0.01340966 0.03149499
v -0.03374658 -0.01846117 0.02880607
v -0.03523999 -0.01881054 0.02858515
v -0.03405029 -0.02309447 0.02525252
v -0.03676623 -0.01906469 0.02840717
v -0.03583557 -0.02333641 0.02501445
v -0.03463013 -0.02735057 0.02059122
v -0.03292370 -0.02703392 0.02098067
v -0.03629272 -0.02738549 0.02051680
v -0.03653137 -0.03108422 0.01433948
v -0.03511877 -0.03111254 0.01427008
v -0.03685205 -0.03348095 0.00717389
v -0.03555481 -0.03354100 0.00697961
v -0.03357788 -0.03108910 0.01435960
v -0.03235168 -0.03149413 0.01348129
v -0.03425390 -0.03360399 0.00665765
v -0.03160498 -0.03211986 0.01320578
v -0.02849084 -0.02909813 0.01900906
v -0.02820788 -0.03066747 0.01939048
v -0.03144494 -0.03344823 0.01356625
v -0.03361926 -0.03415697 0.00657218
v -0.03358301 -0.03544066 0.00674263
v -0.03129333 -0.03479760 0.01389032
v -0.03353955 -0.03672948 0.00691715
v -0.03117932 -0.03620775 0.01413269
v -0.02757812 -0.03394994 0.02027130
v -0.03425488 -0.03480321 -0.00054692
v -0.03480285 -0.03425902 -0.00044024
v -0.03611792 -0.03424120 -0.00035748
v -0.03522839 -0.03337108 -0.00774872
v -0.03390503 -0.03339183 -0.00768900
v -0.03657226 -0.03334838 -0.00779489
v -0.03445703 -0.03089428 -0.01477064
v -0.03292700 -0.03091283 -0.01474224
v -0.03600879 -0.03088182 -0.01479018
v -0.03378955 -0.02749901 -0.02040083
v -0.03177063 -0.02750487 -0.02038814
v -0.03265600 -0.02408763 -0.02435669
v -0.03032886 -0.02403075 -0.02437666
v -0.03148572 -0.02033739 -0.02755016
v -0.03355615 -0.02044432 -0.02747282
v -0.03542248 -0.01544872 -0.03055231
v -0.03550830 -0.02045629 -0.02745838
v -0.03716247 -0.01546703 -0.03055791
v -0.03869555 -0.00951928 -0.03289768
v -0.03890893 -0.01540770 -0.03056331
v -0.04030359 -0.00944457 -0.03291116
v -0.04121020 -0.00293480 -0.03409383
v -0.04226477 -0.00928832 -0.03296358
v -0.04299841 -0.00275170 -0.03411990
v -0.04113537 0.00354567 -0.03404376
v -0.04285681 0.00371632 -0.03402759
v -0.04521069 -0.00249779 -0.03415458
v -0.04512793 0.00394581 -0.03400519
v -0.04466199 0.00984230 -0.03281509
v -0.04203198 0.00965870 -0.03286192
v -0.04413122 0.01499147 -0.03078535
v -0.04101916 0.01496730 -0.03079644
v -0.04371667 0.01925123 -0.02828810
v -0.04014563 0.01941774 -0.02816947
v -0.04347046 0.02282350 -0.02549125
v -0.03961181 0.02295631 -0.02537495
v -0.04350146 0.02586476 -0.02242696
v -0.03969116 0.02584816 -0.02243389
v -0.04035730 0.02883351 -0.01844848
v -0.04379004 0.02884156 -0.01841060
v -0.04142297 0.03166578 -0.01308373
v -0.04431067 0.03164552 -0.01309810
v -0.04255664 0.03360182 -0.00649428
v -0.04492981 0.03361183 -0.00652723
v -0.04283398 0.03420289 0.00107733
v -0.04107300 0.03419264 0.00107287
v -0.04511999 0.03420045 0.00106227
v -0.04473486 0.03307228 0.00884276
v -0.04226660 0.03306642 0.00885931
v -0.04037231 0.03307521 0.00882547
v -0.04114819 0.03026344 0.01600441
v -0.03881030 0.03026490 0.01597801
v -0.03714209 0.03030055 0.01592995
v -0.03756262 0.02635719 0.02177978
v -0.03564050 0.02628688 0.02189766
v -0.03391601 0.02618141 0.02203567
v -0.03574353 0.02221608 0.02602952
v -0.03406189 0.02207399 0.02616006
v -0.03561047 0.01727198 0.02954081
v -0.03407849 0.01709010 0.02964177
v -0.03598511 0.01127418 0.03233414
v -0.03467920 0.01111427 0.03239351
v -0.03267981 0.01684279 0.02978773
v -0.03330456 0.01090577 0.03247938
v -0.03117932 0.01654420 0.02998983
v -0.03248071 0.01093019 0.03297487
v -0.03003284 0.01649537 0.03052021
v -0.02899487 0.02088746 0.02711056
v -0.02726880 0.02071559 0.02777503
v -0.02959497 0.01723097 0.03177596
v -0.03230786 0.01137623 0.03423843
v -0.03384534 0.00516481 0.03568851
v -0.03380432 0.00538502 0.03694309
v -0.03214429 0.01179957 0.03548920
v -0.03376721 0.00559327 0.03823884
v -0.03201855 0.01214235 0.03681991
v -0.02884387 0.01842311 0.03465189
v -0.03191003 0.01243336 0.03820953
v -0.02869531 0.01867042 0.03630766
v -0.02456824 0.02384156 0.03517020
v -0.02857471 0.01881910 0.03807916
v -0.02455725 0.02384694 0.03707899
v -0.01977881 0.02789601 0.03772601
v -0.01970959 0.02798146 0.03566308
v -0.02451758 0.02388087 0.03989798
v -0.01978564 0.02790236 0.04026775
v -0.01391650 0.03129469 0.04135010
v -0.01391516 0.03128590 0.03919562
v -0.02445654 0.02392799 0.04360219
v -0.01968725 0.02797755 0.04375401
v -0.01378613 0.03134010 0.04428812
v -0.00690454 0.03352711 0.04490817
v -0.00706628 0.03348634 0.04243105
v -0.01945837 0.02820509 0.04799027
v -0.01347937 0.03150734 0.04799027
v -0.00661694 0.03363893 0.04799027
v 0.00071668 0.03425196 0.04799027
v 0.00049487 0.03422096 0.04511281
v -0.01095556 0.02691529 0.04799027
v -0.00504297 0.02853639 0.04799027
v 0.00112586 0.02897926 0.04799027
v 0.00714343 0.02823951 0.04799027
v 0.00795264 0.03331154 0.04799027
v -0.00352112 0.02372755 0.04799027
v 0.00167957 0.02397633 0.04799027
v 0.00669800 0.02333986 0.04799027
v 0.01130017 0.02193092 0.04799027
v 0.01268079 0.02646217 0.04799027
v 0.00231738 0.01886842 0.04799027
v 0.00652051 0.01826002 0.04799027
v 0.01040186 0.01705348 0.04799027
v 0.01523499 0.02016334 0.04799027
v 0.00663892 0.01328712 0.04799027
v 0.01012940 0.01239625 0.04799027
v 0.00696289 0.00875685 0.04799027
v 0.01032471 0.00838844 0.04799027
v 0.01394287 0.00821754 0.04799027
v 0.01072070 0.00432985 0.04799027
v 0.01452356 0.00441871 0.04799027
v 0.01791358 0.00874415 0.04799027
v 0.01889124 0.00498463 0.04799027
v 0.02364978 0.00598878 0.04799027
v 0.02242542 0.01031569 0.04799027
v 0.02842529 0.00718727 0.04799027
v 0.02670264 0.01232106 0.04799027
v 0.02455933 0.01669777 0.04799027
v 0.03106507 0.01441310 0.04799027
v 0.02808484 0.01961891 0.04799027
v 0.02147339 0.02068946 0.04799027
v 0.02444458 0.02402296 0.04799027
v 0.01750464 0.02406471 0.04799027
v 0.01995606 0.02783546 0.04799027
v 0.01446851 0.03103956 0.04799027
v 0.01442761 0.03104469 0.04409763
v 0.00780567 0.03332423 0.04478788
v 0.00758728 0.03337306 0.04224777
v 0.00028845 0.03421779 0.04279484
v 0.00738599 0.03341627 0.04036685
v 0.00011878 0.03421681 0.04096863
v -0.00716028 0.03346827 0.04059889
v -0.00003955 0.03422267 0.03940814
v -0.00716662 0.03347438 0.03888763
v -0.01381555 0.03133595 0.03742417
v -0.00713244 0.03348878 0.03727891
v -0.01364807 0.03140577 0.03577514
v -0.00706116 0.03352394 0.03578361
v -0.01338171 0.03152028 0.03414921
v -0.01950744 0.02812013 0.03382513
v -0.00694079 0.03356105 0.03423685
v -0.01304638 0.03166969 0.03255909
v -0.01833764 0.02891139 0.03021522
v -0.00708874 0.03427150 0.03352426
v -0.01313708 0.03248341 0.03161925
v -0.01823230 0.02996388 0.02895566
v -0.01372290 0.03402198 0.03135760
v -0.01907678 0.03180104 0.02838379
v -0.02176538 0.02750172 0.02644213
v -0.00750244 0.03578810 0.03341464
v -0.00790234 0.03728151 0.03330607
v -0.01428869 0.03560695 0.03108372
v -0.00823706 0.03878834 0.03321870
v -0.01475476 0.03723829 0.03086255
v -0.00855115 0.04041554 0.03313562
v -0.01514013 0.03895997 0.03064816
v -0.02089197 0.03746363 0.02705262
v -0.02113965 0.04007692 0.02689827
v -0.01545508 0.04107740 0.03051787
v -0.02136670 0.04367042 0.02672778
v -0.01575488 0.04406471 0.03037331
v -0.02626001 0.04800123 0.02200946
v -0.02250000 0.04800123 0.01887745
v -0.02576929 0.04800123 0.01358929
v -0.00884924 0.04228834 0.03306090
v -0.00138098 0.04116359 0.03417296
v -0.00117041 0.03952272 0.03418882
v 0.00622962 0.03921656 0.03364342
v -0.00097192 0.03802418 0.03419529
v 0.00630042 0.03766066 0.03364081
v 0.01404700 0.03620021 0.03120354
v 0.00631726 0.03615236 0.03364323
v 0.01410608 0.03452736 0.03118109
v 0.01340418 0.03280494 0.03150892
v 0.00618494 0.03459449 0.03367291
v 0.01292237 0.03171827 0.03215143
v 0.01917420 0.02839747 0.02881645
v 0.02373255 0.02464747 0.02708842
v 0.01924426 0.02831666 0.03088549
v 0.02376880 0.02461036 0.02931852
v 0.02746460 0.02044264 0.03062241
v 0.02752210 0.02037672 0.02842508
v 0.02384375 0.02455958 0.03156583
v 0.02742444 0.02048805 0.03279800
v 0.03066345 0.01521412 0.03521286
v 0.03070191 0.01514894 0.03345238
v 0.02392505 0.02450807 0.03398564
v 0.02742835 0.02049415 0.03500592
v 0.03066773 0.01523634 0.03696835
v 0.03304236 0.00896046 0.03869867
v 0.03305091 0.00892506 0.03714590
v 0.02743677 0.02043141 0.03716846
v 0.03065430 0.01520778 0.03883062
v 0.03303967 0.00895607 0.04032594
v 0.03414502 0.00210304 0.04116330
v 0.03415210 0.00213649 0.03959399
v 0.03072632 0.01508986 0.04096950
v 0.03306384 0.00887404 0.04220533
v 0.03415576 0.00204078 0.04279499
v 0.03386109 -0.00493651 0.04265695
v 0.03386048 -0.00487792 0.04091475
v 0.03310303 0.00872462 0.04474571
v 0.03416260 0.00196095 0.04514546
v 0.03386341 -0.00496410 0.04503465
v 0.03224024 -0.01152782 0.04446622
v 0.03419556 0.00183424 0.04799027
v 0.03388745 -0.00492992 0.04799027
v 0.03230408 -0.01136303 0.04799027
v 0.02970630 -0.01704638 0.04799027
v 0.02758374 -0.00968554 0.04799027
v 0.02553736 -0.01462767 0.04799027
v 0.02279419 -0.01891747 0.04799027
v 0.02311499 -0.00841649 0.04799027
v 0.02413379 -0.00370995 0.04799027
v 0.01930567 -0.00349022 0.04799027
v 0.01861316 -0.00762963 0.04799027
v 0.01489612 -0.00353588 0.04799027
v 0.01454297 -0.00755175 0.04799027
v 0.01089710 -0.00795433 0.04799027
v 0.01102954 -0.00379198 0.04799027
v 0.00761365 -0.00408324 0.04799027
v 0.01099487 0.00028663 0.04799027
v 0.00756885 0.00017970 0.04799027
v 0.00448609 0.00012037 0.04799027
v 0.00732483 0.00443849 0.04799027
v 0.00420288 0.00452882 0.04799027
v 0.00127686 0.00450489 0.04799027
v 0.00164600 0.00007765 0.04799027
v 0.00370191 0.00903444 0.04799027
v 0.00303687 0.01381324 0.04799027
v -0.00095202 0.00004152 0.04799027
v 0.00152832 -0.00433617 0.04799027
v 0.00447779 -0.00428417 0.04799027
v -0.00122046 -0.00420043 0.04799027
v 0.00105493 -0.00889940 0.04799027
v 0.00426563 -0.00881762 0.04799027
v 0.00396924 -0.01361303 0.04799027
v 0.00753626 -0.01300927 0.04799027
v 0.00753113 -0.00845507 0.04799027
v 0.00790528 -0.01788549 0.04799027
v 0.01153845 -0.01662816 0.04799027
v 0.01091089 -0.01209984 0.04799027
v 0.01302185 -0.02117894 0.04799027
v 0.00868994 -0.02280443 0.04799027
v 0.01504932 -0.02531249 0.04799027
v 0.01930725 -0.02247435 0.04799027
v 0.01740857 -0.02948876 0.04799027
v 0.02233899 -0.02596825 0.04799027
v 0.01759241 -0.02933666 0.04390062
v 0.02247388 -0.02581249 0.04355186
v 0.02619275 -0.02200145 0.04356676
v 0.02614453 -0.02205272 0.03978209
v 0.02947925 -0.01734594 0.04058622
v 0.02953247 -0.01726928 0.04391005
v 0.02638111 -0.02188402 0.04799027
v 0.02948096 -0.01733593 0.03821398
v 0.03225464 -0.01150609 0.03970786
v 0.03223621 -0.01155492 0.04167492
v 0.03229407 -0.01142553 0.03814778
v 0.03388159 -0.00480541 0.03940166
v 0.03389954 -0.00471825 0.03793273
v 0.03415405 0.00215773 0.03814610
v 0.03392554 -0.00460692 0.03653720
v 0.03415540 0.00216627 0.03670261
v 0.03307044 0.00886232 0.03566103
v 0.03416467 0.00216285 0.03524723
v 0.03310071 0.00876124 0.03414954
v 0.03074512 0.01506007 0.03170740
v 0.03351074 0.00884230 0.03306956
v 0.03134436 0.01545021 0.03054649
v 0.02824207 0.02115065 0.02690575
v 0.03274854 0.01641847 0.03001681
v 0.03476099 0.00932154 0.03293993
v 0.03571997 0.00233815 0.03414429
v 0.03706043 0.00248805 0.03412485
v 0.03610840 0.00974562 0.03281765
v 0.03449695 0.00220070 0.03415662
v 0.03426587 -0.00442284 0.03395741
v 0.03551380 -0.00459056 0.03392686
v 0.03395532 -0.00447777 0.03504446
v 0.03248926 -0.01089672 0.03359069
v 0.03239917 -0.01111327 0.03512500
v 0.02971936 -0.01697460 0.03293391
v 0.03234119 -0.01128344 0.03659716
v 0.02960840 -0.01716137 0.03462144
v 0.02635974 -0.02182152 0.03285467
v 0.02954199 -0.01728783 0.03639096
v 0.02626282 -0.02194457 0.03481007
v 0.02267822 -0.02564818 0.03487698
v 0.02617456 -0.02200853 0.03704028
v 0.02258032 -0.02571263 0.03701122
v 0.01765100 -0.02929076 0.03819894
v 0.01763953 -0.02933568 0.03628353
v 0.02253174 -0.02575292 0.03974613
v 0.01765955 -0.02928954 0.04058465
v 0.01148377 -0.03225951 0.04175793
v 0.01140430 -0.03228685 0.03980504
v 0.01150427 -0.03224828 0.04451691
v 0.00436585 -0.03394872 0.04509524
v 0.00431091 -0.03394921 0.04275326
v 0.01139600 -0.03229149 0.04799027
v 0.00436426 -0.03397069 0.04799027
v -0.00326294 -0.03412401 0.04799027
v 0.00392188 -0.02873925 0.04799027
v -0.00239392 -0.02879052 0.04799027
v -0.00868872 -0.02752221 0.04799027
v -0.00150293 -0.02377806 0.04799027
v -0.00678467 -0.02280931 0.04799027
v -0.01178540 -0.02083471 0.04799027
v -0.00496557 -0.01801732 0.04799027
v -0.00919067 -0.01648070 0.04799027
v -0.01293518 -0.01419896 0.04799027
v -0.00690698 -0.01209032 0.04799027
v -0.01008276 -0.01031224 0.04799027
v -0.01282593 -0.00788597 0.04799027
v -0.01607825 -0.01123119 0.04799027
v -0.00772314 -0.00657421 0.04799027
v -0.01012732 -0.00462767 0.04799027
v -0.01214758 -0.00216698 0.04799027
v -0.01492431 -0.00496605 0.04799027
v -0.01998779 -0.00368383 0.04799027
v -0.01849927 -0.00768114 0.04799027
v -0.02260351 -0.01020336 0.04799027
v -0.01973157 -0.01439330 0.04799027
v -0.02350549 -0.01729833 0.04799027
v -0.01946814 -0.02160033 0.04799027
v -0.01613135 -0.01799218 0.04799027
v -0.02308191 -0.02529540 0.04799027
v -0.01749951 -0.02943480 0.04799027
v -0.01450415 -0.02505638 0.04799027
v -0.01776867 -0.02922948 0.04400135
v -0.01097705 -0.03243773 0.04461658
v -0.01076025 -0.03251928 0.04799027
v -0.01103589 -0.03241381 0.04192719
v -0.00339514 -0.03405223 0.04285417
v -0.00335034 -0.03406810 0.04512498
v -0.00340295 -0.03404808 0.04102862
v 0.00425281 -0.03394310 0.04104950
v 0.00416712 -0.03396581 0.03950635
v 0.01129187 -0.03234081 0.03819582
v 0.00407202 -0.03398290 0.03803158
v 0.01111792 -0.03239672 0.03665363
v 0.00397486 -0.03401342 0.03663807
v 0.01090198 -0.03247362 0.03512882
v 0.01755786 -0.02938451 0.03436235
v 0.00384766 -0.03405053 0.03516304
v 0.01060266 -0.03259179 0.03361056
v 0.00380274 -0.03427538 0.03405731
v 0.01052674 -0.03299096 0.03261351
v 0.00391455 -0.03548998 0.03402994
v 0.01092029 -0.03431346 0.03246780
v 0.01709265 -0.03073265 0.02968885
v 0.01122363 -0.03565746 0.03235143
v 0.00402222 -0.03687889 0.03399617
v 0.01146070 -0.03703344 0.03226784
v 0.01837329 -0.03514794 0.02886377
v 0.01846131 -0.03676000 0.02881932
v 0.02380237 -0.03562596 0.02458966
v 0.02395593 -0.03364867 0.02447024
v 0.01818775 -0.03372338 0.02898073
v 0.02786035 -0.03611254 0.01985459
v 0.02799402 -0.03442455 0.01967906
v 0.03127820 -0.03617626 0.01391337
v 0.03138452 -0.03460375 0.01369622
v 0.03347583 -0.03624437 0.00722410
v 0.03352063 -0.03473046 0.00711663
v 0.03151941 -0.03303490 0.01339712
v 0.03374707 -0.03353905 0.00706451
v 0.03195569 -0.03161913 0.01316093
v 0.02950501 -0.02900902 0.01817217
v 0.03500073 -0.03344530 0.00743759
v 0.03328565 -0.03137059 0.01373803
v 0.03637952 -0.03333886 0.00783202
v 0.03475745 -0.03106200 0.01435940
v 0.03133643 -0.02839086 0.01907722
v 0.03770972 -0.03324144 0.00818369
v 0.03621704 -0.03077391 0.01493706
v 0.03712464 -0.03420800 0.00079061
v 0.03576746 -0.03423656 0.00062987
v 0.03449219 -0.03425780 0.00046939
v 0.03425452 -0.03535741 0.00035106
v 0.03423389 -0.03684716 0.00022385
v 0.03362805 -0.03460033 -0.00652862
v 0.03355835 -0.03607811 -0.00687216
v 0.03422510 -0.03818602 0.00008342
v 0.03347486 -0.03745726 -0.00718471
v 0.03125855 -0.03558690 -0.01396916
v 0.03142542 -0.03397753 -0.01361700
v 0.03113074 -0.03719384 -0.01426738
v 0.02782202 -0.03518969 -0.01994890
v 0.02795398 -0.03311791 -0.01974883
v 0.02424744 -0.03402758 -0.02420390
v 0.02433557 -0.03163305 -0.02409456
v 0.02018665 -0.03283715 -0.02765607
v 0.02019446 -0.03061449 -0.02766410
v 0.02012500 -0.03508641 -0.02770323
v 0.01479505 -0.03517723 -0.03088533
v 0.01481726 -0.03334056 -0.03087918
v 0.01473157 -0.03699291 -0.03091988
v 0.01998950 -0.03733886 -0.02775912
v 0.01460694 -0.03885497 -0.03095898
v 0.00817993 -0.04032152 -0.03324140
v 0.01439331 -0.04112377 -0.03107411
v 0.00799426 -0.04228661 -0.03328718
v 0.00092407 -0.04289061 -0.03421443
v 0.00770276 -0.04483544 -0.03335486
v 0.00070447 -0.04515209 -0.03422419
v -0.00646020 -0.04258031 -0.03361353
v -0.00664795 -0.04493505 -0.03359456
v 0.00046900 -0.04799877 -0.03427239
v -0.00675561 -0.04799877 -0.03362001
v -0.01379223 -0.04799877 -0.03136808
v -0.01378406 -0.04434349 -0.03135024
v -0.02002820 -0.04799877 -0.02779051
v -0.02006860 -0.04386473 -0.02771596
v -0.01680920 -0.04799877 -0.02386073
v -0.02126953 -0.04799877 -0.01963508
v -0.01727527 -0.04799877 -0.01663758
v -0.02040039 -0.04799877 -0.01197800
v -0.02253906 -0.04799877 -0.00662015
v -0.01568432 -0.04799877 -0.00984507
v -0.01742261 -0.04799877 -0.00535223
v -0.01233349 -0.04799877 -0.00422500
v -0.01288379 -0.04799877 -0.00032776
v -0.01097021 -0.04799877 -0.00795368
v -0.00753784 -0.04799877 -0.00317101
v -0.00649316 -0.04799877 -0.00631812
v -0.00889184 -0.04799877 -0.01137296
v -0.00486316 -0.04799877 -0.00931808
v -0.00236719 -0.04799877 -0.00485191
v -0.00116723 -0.04799877 -0.00756431
v 0.00228516 -0.04799877 -0.00602867
v 0.00148682 -0.04799877 -0.00349408
v 0.00563855 -0.04799877 -0.00472375
v 0.00523303 -0.04799877 -0.00217918
v 0.00943421 -0.04799877 -0.00358269
v 0.00931165 -0.04799877 -0.00080192
v 0.01428369 -0.04799877 -0.00269529
v 0.01400904 -0.04799877 0.00069623
v 0.01310266 -0.04799877 0.00410359
v 0.01881934 -0.04799877 0.00222079
v 0.01753955 -0.04799877 0.00640772
v 0.01544641 -0.04799877 0.01019639
v 0.02206909 -0.04799877 0.00878880
v 0.01954541 -0.04799877 0.01329170
v 0.02657373 -0.04799877 0.01119904
v 0.02365930 -0.04799877 0.01644172
v 0.03133667 -0.04799877 0.01382748
v 0.02793457 -0.04799877 0.01981068
v 0.03119788 -0.04436596 0.01408348
v 0.02777185 -0.04390306 0.01997216
v 0.02362061 -0.04799877 0.02479850
v 0.02363001 -0.04378539 0.02472034
v 0.01843579 -0.04407470 0.02881116
v 0.02773535 -0.04049657 0.02001185
v 0.02367517 -0.04022362 0.02469153
v 0.01851917 -0.04084130 0.02877553
v 0.01185767 -0.04192772 0.03211799
v 0.01852344 -0.03845238 0.02876129
v 0.01178650 -0.03997875 0.03214681
v 0.01165112 -0.03848241 0.03220319
v 0.00420056 -0.03967382 0.03395208
v 0.00411389 -0.03821776 0.03396933
v 0.02373157 -0.03752977 0.02465055
v 0.02775147 -0.03802318 0.01996020
v 0.03115528 -0.03936498 0.01415683
v 0.03121582 -0.03771166 0.01406219
v 0.03116370 -0.04147289 0.01417879
v 0.03342908 -0.04074388 0.00730500
v 0.03343494 -0.03914696 0.00730712
v 0.03422070 -0.03966405 -0.00006424
v 0.03344727 -0.03765282 0.00728006
v 0.03421192 -0.04118407 -0.00021398
v 0.03340515 -0.03893236 -0.00746326
v 0.03333875 -0.04044213 -0.00771282
v 0.03421301 -0.04286498 -0.00037503
v 0.03328479 -0.04231664 -0.00796396
v 0.03089087 -0.04102904 -0.01476241
v 0.03099841 -0.03886449 -0.01451466
v 0.02753845 -0.03989623 -0.02029815
v 0.02767200 -0.03731615 -0.02010076
v 0.02397840 -0.03948095 -0.02444874
v 0.02411658 -0.03651805 -0.02431962
v 0.01975928 -0.04001146 -0.02792567
v 0.02371851 -0.04339867 -0.02467607
v 0.01936585 -0.04364305 -0.02820743
v 0.01400488 -0.04417748 -0.03124765
v 0.01877771 -0.04799877 -0.02867920
v 0.01341101 -0.04799877 -0.03154811
v 0.00728565 -0.04799877 -0.03348709
v 0.01099378 -0.04799877 -0.02759150
v 0.00589429 -0.04799877 -0.02925209
v 0.00017200 -0.04799877 -0.02987731
v 0.00441431 -0.04799877 -0.02548387
v -0.00463086 -0.04799877 -0.02541299
v -0.00582593 -0.04799877 -0.02921500
v -0.01161877 -0.04799877 -0.02712153
v -0.00926672 -0.04799877 -0.02339827
v -0.01354785 -0.04799877 -0.02039240
v -0.00638379 -0.04799877 -0.01996163
v -0.00996680 -0.04799877 -0.01718262
v -0.01310974 -0.04799877 -0.01383184
v -0.00621692 -0.04799877 -0.01444675
v -0.00319201 -0.04799877 -0.01713187
v -0.00264319 -0.04799877 -0.01219158
v -0.00002759 -0.04799877 -0.01491947
v 0.00059461 -0.04799877 -0.01026941
v 0.00295252 -0.04799877 -0.01297237
v 0.00355420 -0.04799877 -0.00852350
v 0.00557227 -0.04799877 -0.01106445
v 0.00582117 -0.04799877 -0.01574816
v 0.00865222 -0.04799877 -0.01373135
v 0.00904492 -0.04799877 -0.01872512
v 0.01217420 -0.04799877 -0.01641710
v 0.01492017 -0.04799877 -0.01368042
v 0.01718799 -0.04799877 -0.01027919
v 0.01588696 -0.04799877 -0.01919623
v 0.01903516 -0.04799877 -0.01587985
v 0.02161402 -0.04799877 -0.01173827
v 0.02342883 -0.04799877 -0.00685386
v 0.01868762 -0.04799877 -0.00627028
v 0.02306470 -0.04799877 -0.01816324
v 0.02605274 -0.04799877 -0.01329643
v 0.02815820 -0.04799877 -0.00754344
v 0.02901453 -0.04799877 -0.00120069
v 0.02414929 -0.04799877 -0.00162846
v 0.03071253 -0.04799877 -0.01516646
v 0.03319934 -0.04799877 -0.00840445
v 0.03424573 -0.04799877 -0.00081790
v 0.03359412 -0.04799877 0.00680939
v 0.02843579 -0.04799877 0.00520305
v 0.03323096 -0.04481371 -0.00821689
v 0.03421265 -0.04514501 -0.00058300
v 0.03348242 -0.04494945 0.00707941
v 0.03344654 -0.04251561 0.00722509
v 0.03076758 -0.04410741 -0.01501484
v 0.02731983 -0.04799877 -0.02065894
v 0.02739441 -0.04356664 -0.02049203
v 0.02337622 -0.04799877 -0.02503928
v 0.01956958 -0.04799877 -0.02202364
v 0.01555872 -0.04799877 -0.02514792
v 0.01233289 -0.04799877 -0.02190411
v 0.00854505 -0.04799877 -0.02401375
v 0.00576367 -0.04799877 -0.02062130
v 0.00282862 -0.04799877 -0.01763849
v 0.02364783 -0.04799877 0.00372121
v 0.01920642 -0.04799877 -0.00213143
v 0.01391931 -0.04799877 -0.00594935
v -0.00309643 -0.03426830 0.03410921
v -0.00339563 -0.03405492 0.03960070
v -0.01100049 -0.03242064 0.03998847
v -0.01790527 -0.02914647 0.04074236
v -0.02324389 -0.02509032 0.04368599
v -0.00505676 -0.00782885 0.04799027
v -0.00380859 -0.00385497 0.04799027
v -0.00206152 -0.00860082 0.04799027
v -0.00335925 -0.01324779 0.04799027
v -0.00060693 -0.01872557 0.04799027
v 0.00029395 -0.01372753 0.04799027
v 0.00376599 -0.02374828 0.04799027
v 0.00378003 -0.01864428 0.04799027
v 0.00981861 -0.02749828 0.04799027
v 0.02989832 -0.01672460 0.03107186
v 0.03048609 -0.01706469 0.02970561
v 0.03287451 -0.01089647 0.03248109
v 0.03410999 -0.01157128 0.03221595
v 0.03542151 -0.01271263 0.03176285
v 0.03689771 -0.00481200 0.03388503
v 0.03696179 -0.01246410 0.03186282
v 0.03826306 -0.00485155 0.03387346
v 0.03844348 0.00262916 0.03411480
v 0.03970874 -0.00493187 0.03385773
v 0.03987134 0.00275538 0.03409605
v 0.03747229 0.01009059 0.03272324
v 0.03889917 0.01038087 0.03263116
v 0.03718689 0.01773829 0.02923867
v 0.03566065 0.01753737 0.02936208
v 0.03878479 0.01784840 0.02914321
v 0.03775708 0.02348707 0.02486794
v 0.03602039 0.02356276 0.02479576
v 0.03795728 0.02777198 0.01996722
v 0.03610657 0.02797120 0.01970027
v 0.03740003 0.03130738 0.01384486
v 0.03922913 0.03116505 0.01414123
v 0.04059021 0.02763258 0.02020032
v 0.04135254 0.03108766 0.01433006
v 0.04393799 0.02754664 0.02029997
v 0.04422717 0.03102833 0.01443516
v 0.04799976 0.02753395 0.02035247
v 0.04799976 0.03105861 0.01441817
v 0.04799976 0.03344947 0.00739166
v 0.04799976 0.02606227 0.01203989
v 0.04799976 0.02791847 0.00596687
v 0.04799976 0.02846852 -0.00064607
v 0.04799976 0.02257130 0.00482899
v 0.04799976 0.02296486 -0.00087044
v 0.04799976 0.02209401 -0.00664448
v 0.04799976 0.01737892 -0.00095348
v 0.04799976 0.01664723 -0.00587448
v 0.04799976 0.01485182 -0.01062051
v 0.04799976 0.02106373 0.01008583
v 0.04799976 0.02311500 0.01734977
v 0.04390943 0.02324171 0.02512353
v 0.04799976 0.02308863 0.02528216
v 0.04048047 0.02337550 0.02499290
v 0.04111157 0.01784034 0.02920106
v 0.04418360 0.01774684 0.02925725
v 0.04472388 0.01084156 0.03247661
v 0.04219971 0.01073317 0.03251499
v 0.04033618 0.01058497 0.03254769
v 0.04139600 0.00286207 0.03408137
v 0.03560828 0.03145118 0.01347087
v 0.03372595 0.03168312 0.01295271
v 0.01491431 0.00048365 0.04799027
v 0.01940528 0.00080934 0.04799027
v 0.02422083 0.00123976 0.04799027
v 0.02895288 -0.00415111 0.04799027
v 0.02916272 0.00162037 0.04799027
v 0.03318884 0.00843800 0.04799027
v 0.03084375 0.01485426 0.04408303
v 0.02771790 0.02005543 0.04359063
v 0.02751929 0.02032130 0.03988044
v 0.02422888 0.02416749 0.04339157
v 0.02409522 0.02431935 0.03946767
v 0.01982752 0.02786598 0.03998687
v 0.01992444 0.02780470 0.04355953
v 0.01970081 0.02795192 0.03735648
v 0.01409876 0.03119703 0.03891854
v 0.01427930 0.03111842 0.04111520
v 0.01387110 0.03130885 0.03715053
v 0.00714295 0.03347975 0.03877393
v 0.00687268 0.03354786 0.03719653
v -0.00018139 0.03422487 0.03782342
v 0.00655725 0.03361573 0.03572874
v -0.00033105 0.03423854 0.03639327
v 0.00621741 0.03367897 0.03424049
v -0.00046216 0.03425929 0.03486848
v -0.00060705 0.03502320 0.03424017
v -0.00078284 0.03656910 0.03420951
v 0.01327295 0.03156617 0.03376566
v 0.01360340 0.03142677 0.03544387
v 0.01943347 0.02817018 0.03303117
v 0.01959632 0.02806154 0.03518050
v 0.02400122 0.02441578 0.03645830
v -0.02849768 0.01894874 0.04051685
v -0.02844934 0.01901124 0.04390591
v -0.03181103 0.01266188 0.03966904
v -0.03174890 0.01286622 0.04164992
v -0.03373071 0.00578883 0.03960095
v -0.03420373 -0.00108422 0.03862150
v -0.03420007 -0.00112450 0.03731373
v -0.03421460 -0.00116552 0.03604546
v -0.03388623 0.00492530 0.03443195
v -0.03421960 -0.00118944 0.03477183
v -0.03462890 0.00486232 0.03388640
v -0.03494067 -0.00126659 0.03420503
v -0.03426929 -0.00720018 0.03350117
v -0.03623584 -0.00139110 0.03419313
v -0.03556604 -0.00746679 0.03342439
v -0.03750305 -0.00150634 0.03418118
v -0.03686426 -0.00772435 0.03334968
v -0.03879211 -0.00162157 0.03417076
v -0.03811108 -0.00794262 0.03328958
v -0.03680896 -0.01371996 0.03136569
v -0.04016235 -0.00174608 0.03416362
v -0.03946850 -0.00815062 0.03323322
v -0.03815210 -0.01397362 0.03125243
v -0.03957947 -0.01418944 0.03113631
v -0.03837793 -0.01923803 0.02825733
v -0.04080615 -0.01947411 0.02811874
v -0.04037097 -0.02365404 0.02470484
v -0.03765967 -0.02350878 0.02485266
v -0.03802344 -0.02739037 0.02046667
v -0.04063428 -0.02745824 0.02039966
v -0.03945263 -0.03092748 0.01461108
v -0.03800293 -0.03100096 0.01451009
v -0.04155029 -0.03090404 0.01471887
v -0.04094311 -0.03333886 0.00769645
v -0.03945752 -0.03338378 0.00753339
v -0.04138501 -0.03421654 0.00001045
v -0.04001672 -0.03421874 -0.00009618
v -0.03812549 -0.03342968 0.00735942
v -0.03866162 -0.03422118 -0.00018585
v -0.03930359 -0.03332470 -0.00780202
v -0.03788354 -0.03333129 -0.00780709
v -0.03741626 -0.03422240 -0.00027188
v -0.04084436 -0.03332445 -0.00776877
v -0.03930469 -0.03086522 -0.01476037
v -0.03764331 -0.03087255 -0.01479950
v -0.03773755 -0.02749901 -0.02033155
v -0.03566406 -0.02751415 -0.02036752
v -0.03702771 -0.02414696 -0.02428851
v -0.03472705 -0.02412743 -0.02431643
v -0.03761328 -0.02042748 -0.02744045
v -0.03989551 -0.02414476 -0.02427602
v -0.04023071 -0.02032372 -0.02752923
v -0.04115832 -0.01527196 -0.03064808
v -0.04377661 -0.02008934 -0.02770258
v -0.04420703 -0.01498241 -0.03078943
v -0.04481177 -0.00901390 -0.03304063
v -0.04800024 -0.01449584 -0.03103461
v -0.04800024 -0.00858519 -0.03316129
v -0.04800024 -0.00217113 -0.03418870
v -0.04800024 -0.00658959 -0.02892901
v -0.04800024 -0.00120287 -0.02983629
v -0.04800024 0.00418287 -0.03400855
v -0.04800024 0.00417555 -0.02952369
v -0.04800024 0.00998854 -0.03280668
v -0.04800024 0.01486110 -0.03086290
v -0.04800024 0.01589698 -0.02484842
v -0.04800024 0.01898268 -0.02855715
v -0.04800024 0.01895240 -0.02240772
v -0.04800024 0.02263160 -0.02571573
v -0.04800024 0.02178297 -0.01941758
v -0.04800024 0.02589479 -0.02243312
v -0.04800024 0.02432496 -0.01572851
v -0.04800024 0.02894801 -0.01832459
v -0.04800024 0.02664869 -0.01118384
v -0.04800024 0.03170826 -0.01304332
v -0.04800024 0.02833693 -0.00562658
v -0.04800024 0.03365651 -0.00650700
v -0.04800024 0.02888307 0.00061023
v -0.04800024 0.03423634 0.00101967
v -0.04800024 0.02800758 0.00704223
v -0.04800024 0.03312526 0.00868716
v -0.04800024 0.02582252 0.01302079
v -0.04800024 0.03045167 0.01570168
v -0.04417029 0.03031056 0.01590639
v -0.04800024 0.02670753 0.02146717
v -0.04383069 0.02654274 0.02158259
v -0.04031982 0.02645704 0.02169253
v -0.04385058 0.02235182 0.02591230
v -0.04028113 0.02235304 0.02591321
v -0.03760718 0.02228395 0.02594942
v -0.03872449 0.01742628 0.02940918
v -0.03714941 0.01739381 0.02945967
v -0.04101892 0.01744825 0.02941552
v -0.04017932 0.01151393 0.03223604
v -0.03872204 0.01147633 0.03226546
v -0.03993457 0.00494532 0.03385427
v -0.03854260 0.00495729 0.03385634
v -0.03734094 0.01139503 0.03229491
v -0.03725488 0.00494703 0.03386192
v -0.03596789 0.00491920 0.03387292
v -0.04141211 0.00491017 0.03384959
v -0.04161633 -0.00188085 0.03415536
v -0.04301306 0.00483790 0.03387288
v -0.04321704 -0.00201513 0.03415170
v -0.04266260 -0.00854906 0.03313435
v -0.04087231 -0.00835570 0.03317737
v -0.04539392 -0.00219799 0.03415214
v -0.04498938 -0.00875731 0.03308575
v -0.04446802 -0.01462011 0.03094483
v -0.04165014 -0.01441234 0.03104871
v -0.04800024 -0.00892162 0.03305759
v -0.04800024 -0.01473217 0.03090323
v -0.04800024 -0.01974462 0.02798022
v -0.04406262 -0.01964745 0.02799538
v -0.04387634 -0.02378661 0.02457493
v -0.04800024 -0.02394457 0.02450375
v -0.04401745 -0.02753856 0.02029254
v -0.04800024 -0.02769017 0.02013869
v -0.04444409 -0.03088109 0.01476328
v -0.04800024 -0.03091991 0.01470667
v -0.04506567 -0.03328466 0.00796681
v -0.04268030 -0.03331298 0.00783442
v -0.04800024 -0.03328807 0.00802663
v -0.04800024 -0.03426244 0.00043802
v -0.04533874 -0.03422728 0.00028054
v -0.04311279 -0.03421898 0.00012894
v -0.04500317 -0.03338768 -0.00750496
v -0.04258166 -0.03335204 -0.00767078
v -0.04431628 -0.03102147 -0.01448477
v -0.04138428 -0.03093358 -0.01467391
v -0.04381909 -0.02771019 -0.02007124
v -0.04030749 -0.02758007 -0.02024440
v -0.04364013 -0.02410668 -0.02429839
v -0.04800024 -0.02409301 -0.02438873
v -0.04800024 -0.01969506 -0.02803664
v -0.04800024 -0.02053563 -0.02093122
v -0.04800024 -0.01654540 -0.02439231
v -0.04800024 -0.01188207 -0.02700376
v -0.04800024 -0.01341722 -0.02091451
v -0.04800024 -0.00906908 -0.02314504
v -0.04800024 -0.00447338 -0.02477591
v -0.04800024 -0.00642699 -0.01968932
v -0.04800024 -0.00225512 -0.02104987
v -0.04800024 0.00027955 -0.02545035
v -0.04800024 0.00215113 -0.02167151
v -0.04800024 0.00004908 -0.01779295
v -0.04800024 0.00412135 -0.01868534
v -0.04800024 0.00813893 -0.01970987
v -0.04800024 0.00611573 -0.01608790
v -0.04800024 0.01035133 -0.01737221
v -0.04800024 0.01226344 -0.02157347
v -0.04800024 0.01488649 -0.01941813
v -0.04800024 0.01267701 -0.01482887
v -0.04800024 0.01743409 -0.01680516
v -0.04800024 0.01483473 -0.01197510
v -0.04800024 0.01970314 -0.01364515
v -0.04800024 0.01675465 -0.00856659
v -0.04800024 0.02176857 -0.00970983
v -0.04800024 0.01817433 -0.00460988
v -0.04800024 0.02327418 -0.00504521
v -0.04800024 0.01878175 -0.00036191
v -0.04800024 0.02385402 0.00015409
v -0.04800024 0.01840529 0.00409893
v -0.04800024 0.02323658 0.00554316
v -0.04800024 0.01705153 0.00826093
v -0.04800024 0.02145045 0.01061205
v -0.04800024 0.01480226 0.01206193
v -0.04800024 0.01874537 0.01501758
v -0.04800024 0.02265504 0.01809687
v -0.04800024 0.01541774 0.01876922
v -0.04800024 0.01883766 0.02231744
v -0.04800024 0.02229029 0.02600564
v -0.04800024 0.01711378 0.02965790
v -0.04417297 0.01736061 0.02947404
v -0.04473034 0.01137111 0.03228940
v -0.04206311 0.01149830 0.03224779
v -0.04800024 0.01107862 0.03239722
v -0.04528149 0.00469093 0.03389650
v -0.04800024 0.00444874 0.03394968
v -0.04800024 -0.00239428 0.03415829
v -0.04800024 0.00333424 0.02943526
v -0.04800024 -0.00246605 0.02990290
v -0.04800024 -0.00818456 0.02913110
v -0.04800024 -0.00293895 0.02589049
v -0.04800024 -0.00763964 0.02547390
v -0.04800024 -0.01330223 0.02728042
v -0.04800024 -0.01740599 0.02460203
v -0.04800024 -0.01775292 0.01894865
v -0.04800024 -0.02084618 0.02146860
v -0.04800024 -0.02024096 0.01543266
v -0.04800024 -0.02390160 0.01761472
v -0.04800024 -0.02239183 0.01123519
v -0.04800024 -0.02658031 0.01275034
v -0.04800024 -0.02396093 0.00643146
v -0.04800024 -0.02847387 0.00707762
v -0.04800024 -0.02467113 0.00105788
v -0.04800024 -0.02926000 0.00073923
v -0.04800024 -0.02424974 -0.00445585
v -0.04800024 -0.02867040 -0.00573409
v -0.04800024 -0.03349096 -0.00723567
v -0.04800024 -0.02681762 -0.01174149
v -0.04800024 -0.03119701 -0.01413962
v -0.04800024 -0.02397875 -0.01684863
v -0.04800024 -0.02792553 -0.01984101
v -0.04800024 -0.02023485 -0.01410273
v -0.04800024 -0.01709594 -0.01779124
v -0.04800024 -0.01650756 -0.01152663
v -0.04800024 -0.01369213 -0.01483933
v -0.04800024 -0.01028807 -0.01756940
v -0.04800024 -0.01041430 -0.01214455
v -0.04800024 -0.00735399 -0.01459535
v -0.04800024 -0.00385131 -0.01652286
v -0.04800024 -0.00472142 -0.01195926
v -0.04800024 -0.00147972 -0.01371888
v -0.04800024 0.00216505 -0.01501740
v -0.04800024 0.00057057 -0.01127467
v -0.04800024 0.00414479 -0.01245880
v -0.04800024 0.00815553 -0.01351381
v -0.04800024 0.00592555 -0.00992274
v -0.04800024 0.01013234 -0.01080970
v -0.04800024 0.00748634 -0.00723254
v -0.04800024 0.01191652 -0.00777022
v -0.04800024 0.00851857 -0.00438712
v -0.04800024 0.01320094 -0.00441169
v -0.04800024 0.00898195 -0.00147479
v -0.04800024 0.01378541 -0.00089579
v -0.04800024 0.00887135 0.00140039
v -0.04800024 0.01360084 0.00266703
v -0.04800024 0.00824049 0.00420219
v -0.04800024 0.01265382 0.00610373
v -0.04800024 0.00704420 0.00687560
v -0.04800024 0.01090748 0.00932755
v -0.04800024 0.00848561 0.01209304
v -0.04800024 0.01187355 0.01527349
v -0.04800024 0.00843190 0.01795800
v -0.04800024 0.01136866 0.02167225
v -0.04800024 0.00681837 0.02385678
v -0.04800024 0.00908229 0.02808776
v -0.04800024 0.01429078 0.02561475
v -0.04800024 0.00189503 0.02516850
v -0.04800024 0.00440529 0.01981292
v -0.04800024 0.00021901 0.02112723
v -0.04800024 -0.00395336 0.02163349
v -0.04800024 -0.00165282 0.01726234
v -0.04800024 -0.00546410 0.01790551
v -0.04800024 -0.00346703 0.01394938
v -0.04800024 -0.00697582 0.01475677
v -0.04800024 -0.01063988 0.01556933
v -0.04800024 -0.00854857 0.01165115
v -0.04800024 -0.01233519 0.01246682
v -0.04800024 -0.01429906 0.01686696
v -0.04800024 -0.01634252 0.01364408
v -0.04800024 -0.01390380 0.00913435
v -0.04800024 -0.01808715 0.01005660
v -0.04800024 -0.01509594 0.00548868
v -0.04800024 -0.01945238 0.00586365
v -0.04800024 -0.01566674 0.00170171
v -0.04800024 -0.02011058 0.00134765
v -0.04800024 -0.01551000 -0.00218347
v -0.04800024 -0.01984105 -0.00325929
v -0.04800024 -0.01457763 -0.00582888
v -0.04800024 -0.01860863 -0.00764797
v -0.04800024 -0.01285375 -0.00916958
v -0.04800024 -0.02270946 -0.00966412
v -0.04800024 -0.00935668 -0.00709427
v -0.04800024 -0.00737499 -0.00974051
v -0.04800024 -0.00603612 -0.00536044
v -0.04800024 -0.00463378 -0.00765242
v -0.04800024 -0.00246898 -0.00967729
v -0.04800024 -0.00217455 -0.00608843
v -0.04800024 -0.00286303 -0.00398622
v -0.04800024 -0.00330077 -0.00175536
v -0.04800024 0.00048317 -0.00292190
v -0.04800024 -0.00685570 -0.00289286
v -0.04800024 -0.00735277 -0.00028377
v -0.04800024 -0.01061596 -0.00423947
v -0.04800024 -0.01132494 -0.00115202
v -0.04800024 -0.01148925 0.00203100
v -0.04800024 -0.00752977 0.00237199
v -0.04800024 -0.00725219 0.00511725
v -0.04800024 -0.00380687 0.00280374
v -0.04800024 -0.00360717 0.00053215
v -0.04800024 -0.01104857 0.00524666
v -0.04800024 -0.00999437 0.00848394
v -0.04800024 -0.00644457 0.00792028
v -0.04800024 -0.00509569 0.01086784
v -0.04800024 -0.00383739 0.00503524
v -0.04800024 -0.00008275 0.01282686
v -0.04800024 0.00286256 0.01127087
v -0.04800024 0.00202711 0.01609519
v -0.04800024 0.00550270 0.01436558
v -0.04800024 0.00528834 0.00922525
v -0.04800024 -0.00025975 0.00346039
v -0.04800024 0.00006569 0.00139378
v -0.04800024 0.00400514 0.00260827
v -0.04800024 0.00439869 0.00025179
v -0.04800024 0.00032203 -0.00076763
v -0.04800024 0.00454029 -0.00215530
v -0.04800024 0.00433986 -0.00451116
v -0.04800024 0.00334498 0.00486317
v -0.01216406 0.00268483 0.04799027
v -0.02747009 -0.03571434 0.02040835
v 0.02961279 0.03009474 0.01721306
v 0.03115479 0.03921803 0.01416098
v -0.01483423 0.03086671 -0.04800973
v -0.00826379 0.03321974 -0.04476706
v -0.00110461 0.03420118 -0.04277533
v 0.00595862 0.03369459 -0.04062893
v 0.01248352 0.03186915 -0.03773696
v -0.00955200 0.04194020 -0.03289195
v -0.01607409 0.04392433 -0.03022399
f 1 2 3
f 1 4 5
f 1 6 4
f 7 8 9
f 7 10 11
f 7 9 12
f 13 14 15
f 13 16 17
f 13 18 19
f 20 21 22
f 20 23 24
f 20 25 21
f 26 27 28
f 26 29 27
f 26 30 29
f 31 32 33
f 31 34 32
f 31 35 36
f 37 38 5
f 37 5 4
f 37 39 40
f 41 42 3
f 41 43 42
f 41 44 43
f 41 45 44
f 41 46 45
f 47 48 11
f 47 49 50
f 47 50 51
f 52 53 54
f 52 54 55
f 52 56 57
f 52 58 56
f 52 59 58
f 60 61 62
f 60 63 64
f 60 64 61
f 60 65 9
f 18 66 67
f 18 67 68
f 18 17 66
f 69 70 71
f 69 71 72
f 69 73 74
f 69 75 73
f 69 76 75
f 77 78 79
f 77 80 81
f 77 82 83
f 77 84 82
f 85 86 87
f 85 88 86
f 85 89 90
f 91 92 93
f 91 94 95
f 91 96 94
f 97 98 99
f 97 100 101
f 97 101 102
f 103 104 105
f 103 106 107
f 103 105 106
f 108 109 110
f 108 111 112
f 108 113 114
f 115 116 117
f 115 118 119
f 115 120 121
f 122 123 124
f 122 125 126
f 122 127 123
f 128 129 130
f 128 131 132
f 128 133 134
f 135 136 137
f 135 138 136
f 135 139 140
f 141 142 143
f 141 143 144
f 141 145 142
f 146 147 148
f 146 148 149
f 146 150 151
f 152 153 154
f 152 154 155
f 152 156 157
f 158 159 160
f 158 161 162
f 158 162 159
f 158 163 164
f 158 165 163
f 166 167 168
f 166 168 169
f 166 170 171
f 172 173 174
f 172 174 175
f 172 176 177
f 178 179 180
f 178 181 182
f 178 183 179
f 184 185 186
f 184 187 188
f 184 188 185
f 184 189 84
f 184 84 81
f 190 191 192
f 190 193 194
f 190 194 195
f 196 197 198
f 196 199 200
f 196 200 197
f 196 201 199
f 196 202 201
f 203 204 205
f 203 206 207
f 203 207 208
f 209 210 211
f 212 213 209
f 209 25 214
f 215 216 217
f 215 218 219
f 215 220 218
f 221 222 223
f 221 224 225
f 221 225 226
f 227 228 229
f 227 230 231
f 227 231 232
f 233 234 235
f 233 236 237
f 233 238 236
f 239 164 240
f 239 240 241
f 239 242 243
f 244 245 246
f 244 246 247
f 244 248 249
f 250 251 252
f 250 253 254
f 250 252 255
f 256 257 258
f 256 259 260
f 256 261 262
f 263 264 265
f 263 266 267
f 263 268 266
f 269 270 271
f 269 272 273
f 269 274 270
f 275 276 277
f 275 277 278
f 275 279 280
f 281 282 283
f 281 284 285
f 281 285 286
f 287 288 289
f 287 289 290
f 287 291 292
f 292 293 288
f 292 291 294
f 292 295 293
f 296 297 293
f 296 295 298
f 296 299 300
f 300 301 297
f 300 299 302
f 300 303 301
f 304 305 301
f 304 303 306
f 304 307 305
f 308 309 310
f 308 307 311
f 308 312 309
f 313 314 315
f 313 312 316
f 313 317 314
f 318 319 314
f 318 317 320
f 318 321 319
f 322 323 319
f 322 321 324
f 322 325 326
f 326 327 323
f 326 325 212
f 326 212 328
f 328 329 327
f 328 212 330
f 328 330 331
f 331 332 329
f 331 330 333
f 331 333 334
f 334 335 332
f 334 333 336
f 334 336 337
f 337 338 335
f 337 336 339
f 337 339 340
f 340 341 338
f 340 339 342
f 340 342 343
f 343 180 179
f 343 342 344
f 343 344 180
f 345 346 347
f 345 344 348
f 345 348 346
f 349 350 351
f 349 348 352
f 349 353 350
f 354 355 356
f 354 353 357
f 354 358 355
f 359 360 361
f 359 358 362
f 359 363 360
f 364 365 366
f 364 363 367
f 364 368 365
f 369 370 371
f 369 368 372
f 369 373 370
f 374 375 376
f 374 373 192
f 374 377 375
f 378 379 380
f 378 377 381
f 378 381 382
f 382 383 384
f 382 381 385
f 382 385 383
f 386 387 388
f 386 385 112
f 386 389 387
f 390 389 391
f 390 392 393
f 390 393 394
f 394 393 395
f 394 395 396
f 394 397 387
f 397 396 398
f 397 399 388
f 400 399 401
f 400 402 384
f 400 384 383
f 403 402 404
f 403 405 380
f 403 380 379
f 406 405 407
f 406 408 376
f 406 376 375
f 409 408 410
f 409 411 371
f 409 371 370
f 412 411 413
f 412 413 366
f 412 366 365
f 414 413 415
f 414 416 361
f 414 361 360
f 417 416 418
f 417 419 356
f 417 356 355
f 420 419 421
f 420 422 351
f 420 351 350
f 423 422 424
f 423 424 347
f 423 347 346
f 424 425 426
f 424 426 181
f 426 427 428
f 426 428 429
f 429 428 430
f 429 430 431
f 429 432 181
f 432 431 433
f 432 433 237
f 433 434 435
f 433 435 436
f 435 437 438
f 435 438 439
f 439 438 440
f 439 440 441
f 439 442 436
f 442 441 443
f 442 443 234
f 443 444 445
f 443 445 446
f 446 447 234
f 446 445 448
f 446 448 449
f 449 448 450
f 449 450 451
f 449 451 452
f 452 451 453
f 452 453 454
f 452 454 235
f 454 455 456
f 454 456 238
f 456 457 458
f 456 458 459
f 458 460 461
f 458 461 462
f 457 455 463
f 457 464 460
f 463 455 465
f 463 465 466
f 463 467 464
f 466 465 468
f 466 468 469
f 466 470 467
f 469 468 471
f 469 471 472
f 469 473 470
f 472 471 474
f 472 474 475
f 472 476 473
f 475 474 477
f 475 477 478
f 475 479 476
f 478 477 480
f 478 480 481
f 478 315 479
f 481 480 272
f 481 272 271
f 481 310 309
f 480 482 273
f 483 484 485
f 483 485 274
f 483 482 486
f 486 487 484
f 486 482 488
f 486 488 489
f 489 490 487
f 489 488 491
f 489 491 492
f 492 493 490
f 492 491 494
f 492 494 495
f 495 496 493
f 495 494 497
f 495 497 496
f 498 499 500
f 498 500 501
f 498 496 499
f 500 502 36
f 500 36 503
f 503 36 504
f 503 504 505
f 503 506 501
f 505 504 507
f 505 507 508
f 505 509 506
f 508 507 510
f 508 510 511
f 508 512 509
f 511 510 513
f 511 513 514
f 511 514 485
f 514 515 516
f 514 516 274
f 517 515 518
f 517 519 520
f 517 520 270
f 520 521 522
f 520 522 271
f 519 518 523
f 519 524 521
f 523 518 525
f 523 525 526
f 523 527 524
f 526 525 528
f 526 528 529
f 526 530 288
f 529 528 531
f 529 531 532
f 529 533 530
f 533 532 534
f 533 535 289
f 535 534 536
f 535 537 290
f 538 294 291
f 538 537 539
f 538 540 294
f 541 298 295
f 541 540 542
f 541 543 298
f 544 302 299
f 544 543 545
f 544 546 302
f 547 306 303
f 547 546 548
f 547 549 306
f 550 311 307
f 550 549 551
f 550 552 311
f 553 316 312
f 553 552 554
f 553 555 316
f 556 320 317
f 556 555 557
f 556 558 320
f 559 324 321
f 559 558 560
f 559 561 324
f 562 213 325
f 562 561 563
f 562 564 213
f 564 563 565
f 564 566 210
f 566 565 567
f 566 568 211
f 568 567 569
f 568 570 21
f 570 569 571
f 570 226 22
f 572 573 574
f 572 574 23
f 572 226 225
f 574 575 232
f 574 576 23
f 576 577 24
f 576 232 231
f 578 579 214
f 578 214 25
f 578 577 580
f 580 581 579
f 580 577 582
f 580 582 583
f 583 584 581
f 583 582 585
f 583 585 586
f 586 587 584
f 586 585 588
f 586 588 589
f 589 590 587
f 589 588 591
f 589 591 592
f 592 593 590
f 592 591 594
f 592 594 595
f 595 352 593
f 595 594 596
f 595 596 597
f 597 357 353
f 597 596 598
f 597 598 357
f 599 362 358
f 599 598 600
f 599 601 362
f 602 367 363
f 602 601 603
f 602 604 367
f 605 372 368
f 605 604 606
f 605 607 372
f 606 604 608
f 606 608 609
f 606 610 607
f 610 609 611
f 610 612 194
f 612 611 109
f 612 114 195
f 613 614 615
f 613 615 191
f 613 114 113
f 611 609 616
f 611 616 110
f 616 617 618
f 616 618 110
f 619 618 620
f 619 621 391
f 619 391 111
f 621 620 622
f 621 623 392
f 623 622 624
f 623 625 626
f 627 625 628
f 627 629 630
f 627 631 626
f 630 629 632
f 630 632 633
f 630 634 631
f 634 633 286
f 634 635 395
f 635 286 285
f 635 636 396
f 636 285 637
f 636 638 398
f 639 638 640
f 639 641 401
f 639 401 399
f 642 641 643
f 642 644 404
f 642 404 402
f 645 644 646
f 645 647 407
f 645 407 405
f 648 647 649
f 648 650 410
f 648 410 408
f 651 650 652
f 651 653 654
f 651 655 411
f 654 653 656
f 654 656 415
f 654 415 655
f 657 656 658
f 657 659 418
f 657 418 416
f 660 659 661
f 660 662 421
f 660 421 419
f 663 662 664
f 663 665 425
f 663 425 422
f 665 664 666
f 665 667 668
f 667 666 669
f 667 670 671
f 671 670 672
f 671 672 673
f 671 674 668
f 673 672 675
f 673 675 676
f 673 677 674
f 677 676 678
f 677 679 430
f 679 678 680
f 679 680 434
f 680 681 682
f 680 682 437
f 682 683 684
f 682 684 685
f 684 686 687
f 684 687 688
f 688 687 689
f 688 689 690
f 688 691 685
f 690 689 692
f 690 692 693
f 690 694 691
f 694 693 695
f 694 696 440
f 696 695 697
f 696 698 441
f 698 697 699
f 698 700 444
f 700 699 701
f 700 702 703
f 704 705 703
f 704 702 706
f 704 707 708
f 708 709 705
f 708 707 710
f 708 710 711
f 711 712 709
f 711 710 713
f 711 713 714
f 714 502 712
f 714 713 715
f 714 716 502
f 715 713 717
f 715 717 718
f 715 719 716
f 719 718 720
f 719 721 32
f 721 720 722
f 721 723 33
f 723 722 724
f 723 725 726
f 724 722 727
f 724 727 728
f 724 729 725
f 728 727 730
f 728 730 731
f 728 731 513
f 732 727 733
f 732 734 735
f 732 736 730
f 735 734 737
f 735 737 738
f 735 739 736
f 739 738 740
f 739 741 531
f 741 740 742
f 741 743 532
f 743 742 95
f 743 744 534
f 744 95 94
f 744 745 536
f 746 539 537
f 746 745 747
f 746 748 539
f 749 542 540
f 749 748 750
f 749 751 542
f 752 545 543
f 752 751 753
f 752 754 545
f 755 548 546
f 755 754 756
f 755 757 548
f 758 551 549
f 758 757 759
f 758 760 551
f 761 554 552
f 761 760 762
f 761 762 554
f 763 557 555
f 763 762 764
f 763 765 557
f 766 560 558
f 766 765 767
f 766 768 560
f 769 563 561
f 769 768 770
f 769 771 563
f 771 770 772
f 771 773 565
f 773 772 774
f 773 775 567
f 775 774 776
f 775 777 569
f 777 776 778
f 777 779 571
f 779 778 780
f 779 780 222
f 780 781 782
f 780 783 784
f 784 785 223
f 784 783 786
f 784 787 785
f 788 789 790
f 788 787 791
f 788 792 789
f 793 794 795
f 793 792 796
f 793 797 794
f 798 799 800
f 798 797 801
f 798 276 799
f 800 802 803
f 800 804 794
f 800 799 802
f 805 806 807
f 805 799 280
f 805 808 806
f 809 810 811
f 809 808 812
f 809 812 813
f 813 814 810
f 813 812 815
f 813 815 132
f 815 816 817
f 815 817 129
f 817 818 819
f 817 819 130
f 819 820 821
f 819 821 822
f 822 821 823
f 822 823 824
f 822 824 130
f 824 825 826
f 824 827 134
f 827 826 828
f 827 829 134
f 830 829 831
f 830 832 833
f 830 833 134
f 833 834 814
f 833 814 131
f 834 832 835
f 834 836 837
f 838 836 839
f 838 840 811
f 838 811 810
f 841 840 842
f 841 843 807
f 841 807 806
f 844 843 845
f 844 846 803
f 844 803 802
f 847 846 848
f 847 849 850
f 847 850 804
f 850 851 852
f 850 852 795
f 852 853 790
f 852 790 789
f 854 853 855
f 854 856 223
f 854 223 785
f 856 855 857
f 856 858 224
f 858 857 859
f 858 860 861
f 862 860 863
f 862 864 573
f 862 573 861
f 864 863 865
f 864 866 575
f 865 867 868
f 865 869 866
f 865 863 867
f 870 871 872
f 870 863 860
f 870 859 871
f 873 874 875
f 873 859 857
f 873 876 874
f 877 878 879
f 877 876 880
f 877 881 878
f 882 883 884
f 882 881 849
f 882 848 883
f 885 886 887
f 885 848 846
f 885 845 886
f 888 889 890
f 888 845 843
f 888 842 889
f 891 892 893
f 891 842 840
f 891 839 892
f 894 895 896
f 894 839 836
f 894 835 895
f 897 898 899
f 897 835 832
f 897 831 898
f 900 901 902
f 900 831 829
f 900 828 901
f 903 904 905
f 903 828 906
f 903 906 907
f 907 908 904
f 907 906 909
f 907 909 140
f 909 910 911
f 909 911 138
f 911 912 913
f 911 913 914
f 913 915 916
f 913 916 917
f 917 916 918
f 917 918 919
f 917 920 914
f 920 919 921
f 920 922 136
f 922 921 923
f 922 924 137
f 925 924 926
f 925 927 928
f 925 928 139
f 928 929 908
f 928 908 140
f 929 927 930
f 929 931 932
f 933 931 934
f 933 935 905
f 933 905 932
f 936 935 937
f 936 938 902
f 936 902 901
f 939 938 940
f 939 941 899
f 939 899 898
f 942 941 943
f 942 944 896
f 942 896 895
f 945 944 946
f 945 947 893
f 945 893 892
f 948 947 949
f 948 950 890
f 948 890 889
f 951 950 952
f 951 953 887
f 951 887 886
f 954 953 169
f 954 955 884
f 954 884 883
f 956 955 957
f 956 958 879
f 956 879 878
f 959 958 960
f 959 961 875
f 959 875 874
f 962 961 963
f 962 964 872
f 962 872 871
f 965 964 966
f 965 967 868
f 965 868 867
f 968 967 969
f 968 970 971
f 968 972 869
f 972 971 973
f 972 228 869
f 973 971 974
f 973 974 975
f 973 976 228
f 976 977 229
f 976 975 978
f 978 979 977
f 978 975 980
f 978 980 981
f 981 982 979
f 981 980 983
f 981 983 984
f 984 985 982
f 984 983 986
f 984 986 987
f 987 988 985
f 987 986 989
f 987 989 990
f 990 991 988
f 990 989 992
f 990 992 993
f 993 608 603
f 993 992 617
f 993 617 608
f 992 994 995
f 996 994 997
f 996 998 620
f 996 620 618
f 998 997 999
f 998 1000 622
f 1000 999 1001
f 1000 1002 624
f 1003 1002 254
f 1003 1004 628
f 1003 628 625
f 1005 1004 1006
f 1005 1007 1008
f 1005 1008 629
f 1009 1010 1008
f 1009 1007 1011
f 1009 1012 1010
f 1013 1014 1015
f 1013 1012 1016
f 1013 1017 1014
f 1018 1019 283
f 1018 1017 1020
f 1018 1021 1019
f 1022 1023 1024
f 1022 1021 1025
f 1022 1026 1023
f 1027 1026 1028
f 1027 1029 1030
f 1027 1031 1032
f 1032 1031 1033
f 1032 1033 640
f 1032 1034 1023
f 1034 640 638
f 1034 637 1024
f 1033 1035 643
f 1033 643 641
f 1036 1035 1037
f 1036 1038 646
f 1036 646 644
f 1039 1038 1040
f 1039 1041 649
f 1039 649 647
f 1042 1041 1043
f 1042 1044 652
f 1042 652 650
f 1045 1044 1046
f 1045 186 1047
f 1045 1047 653
f 1046 1048 1049
f 1046 1050 186
f 1046 1044 1048
f 1050 1049 1051
f 1050 1052 1053
f 1052 1051 1054
f 1052 1055 1053
f 1055 1054 1056
f 1055 1057 82
f 1057 1056 1058
f 1057 1059 83
f 1060 1059 1061
f 1060 1061 1062
f 1060 1062 78
f 1062 1063 1064
f 1062 1065 1063
f 1066 1067 1068
f 1066 1065 1069
f 1066 1070 1067
f 1071 1072 1073
f 1071 1070 1074
f 1071 1075 1072
f 1076 1077 1072
f 1076 1075 1078
f 1076 1079 1080
f 1080 1081 1077
f 1080 1079 1082
f 1080 1082 1083
f 1083 1084 1081
f 1083 1082 1085
f 1083 1085 1084
f 1086 1087 1088
f 1086 1085 1089
f 1086 1090 1087
f 1091 219 1092
f 1091 1090 1093
f 1091 1094 219
f 1094 1093 1095
f 1094 1096 216
f 1096 1095 1097
f 1096 1098 217
f 1099 1098 1100
f 1099 1101 1102
f 1099 1102 220
f 1102 1103 1104
f 1102 1104 1105
f 1104 1106 1107
f 1104 1107 1108
f 1108 1109 1105
f 1108 1107 1110
f 1108 1110 1111
f 1111 1112 1092
f 1111 1110 1113
f 1111 1114 1112
f 1115 1116 1088
f 1115 1114 1117
f 1115 1118 1116
f 1119 1118 1120
f 1119 1121 1122
f 1119 1123 1116
f 1123 1122 1124
f 1123 1125 1126
f 1124 1122 1127
f 1124 1127 1128
f 1124 1129 1125
f 1128 1127 1130
f 1128 1130 1131
f 1128 1073 1129
f 1131 1130 1132
f 1131 1132 1133
f 1131 1068 1073
f 1133 1132 1134
f 1133 1134 79
f 1133 1064 1063
f 1134 1135 1136
f 1134 1136 1137
f 1137 1136 1138
f 1137 1138 1139
f 1137 80 79
f 1139 1138 1140
f 1139 1140 1141
f 1139 1142 80
f 1142 1141 1143
f 1142 1143 187
f 1143 1144 1145
f 1143 1145 1146
f 1145 1147 1148
f 1145 1148 1149
f 1149 1148 664
f 1149 664 662
f 1149 661 1146
f 1148 1150 666
f 1150 1147 1151
f 1150 1152 669
f 1153 1152 1154
f 1153 1155 1156
f 1153 1156 670
f 1157 1155 1158
f 1157 1159 1160
f 1157 1161 1156
f 1160 1159 1162
f 1160 1162 1163
f 1160 1164 1161
f 1164 1163 1165
f 1164 1166 675
f 1166 1165 1167
f 1166 1168 676
f 1168 1167 1169
f 1168 1169 681
f 1169 1170 1171
f 1169 1171 683
f 1171 1172 1173
f 1171 1173 686
f 1173 1174 1175
f 1173 1175 1176
f 1175 1177 1178
f 1175 1178 1179
f 1179 1178 1180
f 1179 1181 1182
f 1179 1182 1176
f 1183 1181 1184
f 1183 1185 1186
f 1183 1186 689
f 1187 1185 39
f 1187 37 1188
f 1187 1189 1186
f 1189 1188 156
f 1189 1190 692
f 1190 156 1191
f 1190 1191 695
f 1191 152 1192
f 1191 1193 695
f 1193 1192 1194
f 1193 1195 697
f 1195 1194 1196
f 1195 1197 699
f 1197 1196 1198
f 1197 1199 701
f 1200 706 702
f 1200 1199 1201
f 1200 1202 706
f 1203 1204 707
f 1203 1202 1205
f 1203 1206 1204
f 1207 1208 710
f 1207 1206 1209
f 1207 1210 1208
f 1210 1209 1211
f 1210 1212 717
f 1212 1211 1213
f 1212 1214 718
f 1214 1213 734
f 1214 733 720
f 1211 1209 1215
f 1211 1215 737
f 1215 1216 1217
f 1215 1218 737
f 1218 1217 1219
f 1218 1220 738
f 1220 1219 1221
f 1220 1222 740
f 1222 1221 93
f 1222 92 742
f 1221 1219 1223
f 1221 1223 1224
f 1224 1223 1225
f 1224 1226 1227
f 1224 1227 96
f 1227 1228 1229
f 1227 1230 1228
f 1231 1232 1233
f 1231 1230 1234
f 1231 1235 1232
f 1236 1237 1238
f 1236 1235 1239
f 1236 1240 1237
f 1241 1242 1243
f 1241 1240 1244
f 1241 1245 1242
f 1246 1247 1248
f 1246 1245 1249
f 1246 1250 1247
f 1251 1252 1253
f 1251 1250 1254
f 1251 241 1252
f 1255 1256 1257
f 1255 241 240
f 1255 1258 1256
f 1259 1260 1261
f 1259 1258 1262
f 1259 1262 1260
f 1263 1264 1265
f 1263 1262 1266
f 1263 1266 1264
f 1267 774 772
f 1267 1266 1268
f 1267 1269 774
f 1269 1268 1270
f 1269 1271 776
f 1271 1270 1272
f 1271 1273 778
f 1273 1272 1274
f 1273 1275 781
f 1275 1274 1276
f 1275 1277 782
f 1278 786 783
f 1278 1277 1279
f 1278 1280 786
f 1281 791 787
f 1281 1280 1282
f 1281 1283 791
f 1284 796 792
f 1284 1283 1285
f 1284 1286 796
f 1287 801 797
f 1287 1286 1288
f 1287 1289 801
f 1289 1288 1290
f 1289 1291 277
f 1291 1290 1292
f 1291 1293 278
f 1294 1295 279
f 1294 1293 818
f 1294 816 1295
f 1293 1292 820
f 1292 1290 1296
f 1292 1296 1297
f 1296 1298 1299
f 1296 1299 1300
f 1300 1299 1301
f 1300 1301 915
f 1300 1302 1297
f 1303 1299 1304
f 1303 1305 1306
f 1303 1307 1301
f 1306 1305 1308
f 1306 1308 1309
f 1306 1310 1307
f 1310 1309 1311
f 1310 1312 918
f 1312 1311 1313
f 1312 1314 919
f 1314 1313 30
f 1314 28 921
f 1313 1311 1315
f 1313 1315 1316
f 1315 1317 1318
f 1315 1318 1319
f 1319 1318 1320
f 1319 1320 1321
f 1319 1322 1316
f 1322 1323 1324
f 1322 1321 1325
f 1325 1326 1327
f 1325 1321 1328
f 1325 1328 1326
f 1329 1330 1331
f 1329 1328 1332
f 1329 1333 1330
f 1334 1335 1336
f 1334 1333 1337
f 1334 1338 1335
f 1339 1340 1341
f 1339 1338 1342
f 1339 1343 1340
f 1344 1343 1345
f 1344 175 1346
f 1344 1346 1347
f 1347 1346 1348
f 1347 1348 1349
f 1347 1349 1340
f 1349 1350 940
f 1349 1351 1341
f 1352 1336 1335
f 1352 1351 937
f 1352 1353 1336
f 1354 1353 934
f 1354 1355 1331
f 1354 1331 1330
f 1356 1327 1326
f 1356 1355 930
f 1356 1357 1327
f 1358 1324 1323
f 1358 1357 926
f 1358 1359 1324
f 1359 926 924
f 1359 923 27
f 1357 930 927
f 1355 934 931
f 1353 937 935
f 1351 940 938
f 1350 1348 943
f 1350 943 941
f 1360 1348 1361
f 1360 1362 946
f 1360 946 944
f 1363 1362 1364
f 1363 1365 949
f 1363 949 947
f 1366 1365 1367
f 1366 1368 952
f 1366 952 950
f 1368 1367 1369
f 1368 1370 1371
f 1370 1369 1372
f 1370 1372 170
f 1372 1373 1374
f 1372 1374 1375
f 1375 1374 1376
f 1375 1376 1377
f 1375 1378 170
f 1378 1377 1379
f 1378 1379 1380
f 1380 1379 1381
f 1380 1381 1382
f 1380 199 171
f 1381 1383 1384
f 1381 1384 1385
f 1385 1384 1386
f 1385 1386 1387
f 1385 1388 1382
f 1388 1387 1389
f 1388 1390 200
f 1390 1389 1040
f 1390 1391 1392
f 1392 1393 1394
f 1392 1391 1030
f 1392 1030 1029
f 1393 1395 197
f 1393 1029 1395
f 1395 1028 1396
f 1395 1396 1397
f 1397 1396 1398
f 1397 1398 963
f 1397 1399 202
f 1399 963 961
f 1399 960 1400
f 1398 1401 966
f 1398 966 964
f 1402 1401 1403
f 1402 1404 969
f 1402 969 967
f 1405 1404 1406
f 1405 1407 1408
f 1405 1408 970
f 1408 1409 1410
f 1408 1411 970
f 1410 1409 1412
f 1410 1412 1413
f 1410 1414 1411
f 1414 1413 1415
f 1414 1416 974
f 1415 1417 1416
f 1415 1413 1418
f 1415 1418 1419
f 1419 1420 1417
f 1419 1418 1421
f 1419 1421 1422
f 1422 1423 1420
f 1422 1421 999
f 1422 999 997
f 1421 1424 1001
f 1418 1425 1424
f 1425 1426 252
f 1425 1413 1412
f 1426 1427 1428
f 1426 1412 1429
f 1428 1011 1007
f 1428 1006 255
f 1428 1427 1011
f 1430 1016 1012
f 1430 1427 1429
f 1430 1431 1016
f 1432 1020 1017
f 1432 1431 1407
f 1432 1406 1020
f 1433 1025 1021
f 1433 1406 1404
f 1433 1403 1025
f 1431 1429 1409
f 1403 1401 1434
f 1434 1028 1026
f 1391 1040 1038
f 1389 1387 1043
f 1389 1043 1041
f 1387 1386 1048
f 1386 1435 1049
f 1435 1384 1436
f 1435 1437 1051
f 1437 1436 1438
f 1437 1439 1054
f 1439 1438 1440
f 1439 1441 1056
f 1441 1440 1442
f 1441 1443 1058
f 1444 1443 1445
f 1444 1446 1447
f 1444 1448 1059
f 1447 1446 1449
f 1447 1449 1450
f 1447 1451 1448
f 1451 1450 1452
f 1451 1069 1065
f 1452 1074 1070
f 1452 1450 1453
f 1452 1453 1074
f 1454 1078 1075
f 1454 1453 1455
f 1454 1456 1078
f 1457 1458 1079
f 1457 1456 1459
f 1457 1460 1461
f 1461 1462 1458
f 1461 1460 1463
f 1461 1463 1462
f 1464 1089 1085
f 1464 1463 1465
f 1464 1466 1089
f 1467 1093 1090
f 1467 1466 1468
f 1467 1469 1093
f 1469 1468 1470
f 1469 1471 1095
f 1471 1470 99
f 1471 98 1097
f 1470 1468 1472
f 1470 1472 1473
f 1473 1472 1474
f 1473 1474 1475
f 1473 1476 99
f 1476 1475 1477
f 1476 1478 100
f 1478 1477 1479
f 1478 1480 1481
f 1482 1483 1481
f 1482 1480 1484
f 1482 1485 1486
f 1486 1101 1483
f 1486 1485 1487
f 1486 1487 1103
f 1487 1488 1489
f 1487 1489 1106
f 1489 1490 1491
f 1489 1491 1492
f 1491 1493 1494
f 1491 1494 1495
f 1495 1496 1492
f 1495 1494 1497
f 1495 1497 1498
f 1498 1113 1496
f 1498 1497 1499
f 1498 1499 1500
f 1500 1117 1114
f 1500 1499 1501
f 1500 1502 1117
f 1503 1120 1118
f 1503 1502 1504
f 1503 1505 1120
f 1506 1507 1121
f 1506 1505 1508
f 1506 1509 1507
f 1508 1505 1510
f 1508 1510 1511
f 1508 1512 1509
f 1512 1511 1513
f 1512 1514 1515
f 1515 65 62
f 1515 1514 1516
f 1515 1517 1518
f 1518 12 9
f 1518 1517 1519
f 1518 59 12
f 1517 1516 1520
f 1520 1516 1521
f 1520 1521 1522
f 1520 1522 1519
f 1522 1523 1524
f 1522 1524 1525
f 1524 1526 1527
f 1524 1527 1528
f 1528 1529 1525
f 1528 1527 1530
f 1528 1530 1531
f 1531 1532 1529
f 1531 1530 1533
f 1531 1533 1534
f 1534 1535 1536
f 1534 1533 1537
f 1534 1537 1535
f 1538 1539 1540
f 1538 1537 1541
f 1538 1542 1539
f 1543 1544 1545
f 1543 1542 1546
f 1543 1547 1544
f 1548 1549 1550
f 1548 1547 1551
f 1548 1552 1549
f 1553 1554 1555
f 1553 1552 206
f 1553 205 1554
f 1556 1557 1558
f 1556 205 1559
f 1556 1559 1560
f 1560 1561 1557
f 1560 1559 1562
f 1560 1562 1563
f 1563 1564 1565
f 1563 1562 119
f 1563 119 1564
f 1566 119 118
f 1566 1567 1568
f 1566 1568 1569
f 1569 1568 1570
f 1569 1570 1571
f 1569 1572 1564
f 1572 1571 1573
f 1572 1574 1565
f 1575 1574 1576
f 1575 1577 1578
f 1575 1578 1561
f 1579 1577 1580
f 1579 1581 1558
f 1579 1558 1557
f 1582 1581 1583
f 1582 1584 1555
f 1582 1555 1554
f 1585 1584 1586
f 1585 1586 1587
f 1585 1550 1549
f 1587 1586 1588
f 1587 1588 1545
f 1587 1545 1544
f 1589 1588 1590
f 1589 1591 1540
f 1589 1540 1539
f 1592 1591 1593
f 1592 1594 1536
f 1592 1536 1535
f 1595 1594 1596
f 1595 1597 1598
f 1595 1598 1532
f 1597 1596 1599
f 1597 1600 57
f 1600 1599 1601
f 1600 1602 1603
f 1602 1601 1604
f 1602 1605 1606
f 1606 1605 1607
f 1606 1607 1608
f 1606 1609 1603
f 1609 1608 1610
f 1609 1610 54
f 1610 49 10
f 1610 10 55
f 1607 1611 1612
f 1607 1612 1608
f 1612 1613 1614
f 1612 1615 50
f 1615 1614 1616
f 1615 1616 51
f 1617 1616 1618
f 1617 1619 1620
f 1617 1620 1621
f 1620 1622 1623
f 1620 1623 1624
f 1624 1623 1625
f 1624 1625 1626
f 1624 1627 1621
f 1627 1626 1628
f 1627 1628 48
f 1628 1629 1630
f 1628 1630 1631
f 1631 8 48
f 1631 1630 1632
f 1631 1632 63
f 1633 1630 1634
f 1633 1635 1636
f 1633 1636 64
f 1636 1637 1638
f 1636 1638 1639
f 1635 1634 1640
f 1635 1135 1637
f 1634 1629 1641
f 1641 1629 1642
f 1641 1642 1643
f 1641 1644 1640
f 1643 1642 1645
f 1643 1645 1646
f 1643 1647 1644
f 1646 1645 1648
f 1646 1648 1649
f 1646 1650 1647
f 1650 1649 1651
f 1650 1652 1140
f 1652 1651 1653
f 1652 1653 1144
f 1653 1654 1151
f 1653 1151 1147
f 1655 1654 1656
f 1655 1657 1154
f 1655 1154 1152
f 1658 1657 1659
f 1658 1660 1158
f 1658 1158 1155
f 1661 1660 1662
f 1661 1663 1664
f 1661 1664 1159
f 1665 1663 1666
f 1665 1667 1668
f 1665 1669 1664
f 1669 1668 1670
f 1669 1671 1162
f 1671 1670 1672
f 1671 1673 1163
f 1673 1672 1674
f 1673 1675 1165
f 1675 1674 1676
f 1675 1677 1170
f 1677 1676 1678
f 1677 1678 1172
f 1678 1679 1680
f 1678 1680 1174
f 1680 1681 1682
f 1680 1682 1177
f 1682 1683 1684
f 1682 1684 1685
f 1684 1686 1687
f 1684 1688 1685
f 1689 1688 1690
f 1689 1691 1180
f 1689 1180 1178
f 1692 1691 1693
f 1692 1694 1184
f 1692 1184 1181
f 1695 1694 1696
f 1695 1697 39
f 1695 39 1185
f 1697 1696 1698
f 1697 1698 1699
f 1699 1698 1700
f 1699 1700 1701
f 1699 1702 40
f 1702 1701 1703
f 1702 1704 38
f 1704 1703 1705
f 1704 1706 1707
f 1708 2 5
f 1708 1706 1709
f 1708 46 2
f 1706 1705 1710
f 1710 1705 1711
f 1710 1711 1712
f 1710 1713 1709
f 1713 1712 1714
f 1713 1715 1716
f 1715 1714 1717
f 1715 1717 1718
f 1718 1719 1716
f 1718 1717 1720
f 1718 1720 1721
f 1721 1722 1723
f 1721 1720 1724
f 1721 1724 1722
f 1725 1726 1727
f 1725 1724 1728
f 1725 1729 1726
f 1730 1731 1732
f 1730 1729 1733
f 1730 1734 1731
f 1735 1736 1737
f 1735 1734 1738
f 1735 1739 1736
f 1740 1741 1742
f 1740 1739 1743
f 1740 1744 1741
f 1745 1746 1747
f 1745 1744 1748
f 1745 1749 1746
f 1750 266 1751
f 1750 1749 1752
f 1750 1753 266
f 1753 1752 1754
f 1753 1755 267
f 1756 1755 1757
f 1756 1758 1759
f 1756 1759 264
f 1759 1760 1761
f 1759 1762 264
f 1762 1761 1763
f 1762 1764 265
f 1765 1764 1766
f 1765 1767 1768
f 1765 1768 268
f 1768 1769 1770
f 1768 1770 1751
f 1770 1771 1747
f 1770 1747 1746
f 1772 1771 1773
f 1772 1773 1774
f 1772 1742 1741
f 1774 1773 1775
f 1774 1775 1737
f 1774 1737 1736
f 1776 1775 1777
f 1776 1778 1732
f 1776 1732 1731
f 1779 1778 1780
f 1779 1781 1727
f 1779 1727 1726
f 1782 1781 1783
f 1782 1784 1723
f 1782 1723 1722
f 1784 1783 1785
f 1784 1786 1787
f 1786 1785 1788
f 1786 1789 1790
f 1789 1788 1791
f 1789 1792 1790
f 1793 1792 1794
f 1793 1795 1796
f 1793 1796 1790
f 1796 153 157
f 1796 6 42
f 1794 1797 1798
f 1794 1799 1795
f 1794 1792 1797
f 1799 1798 1800
f 1799 1801 154
f 1801 1800 1802
f 1801 1803 155
f 1804 1803 1805
f 1804 1805 1194
f 1804 1194 1192
f 1805 1806 1807
f 1805 1807 1196
f 1807 1808 1226
f 1807 1225 1198
f 1809 1201 1199
f 1809 1225 1223
f 1809 1810 1201
f 1811 1205 1202
f 1811 1810 1217
f 1811 1217 1205
f 1808 1234 1230
f 1808 1806 1812
f 1812 1239 1235
f 1812 1806 1802
f 1812 1802 1239
f 1813 1244 1240
f 1813 1802 1800
f 1813 1814 1244
f 1815 1249 1245
f 1815 1814 1816
f 1815 1817 1249
f 1818 1254 1250
f 1818 1817 1819
f 1818 1820 1254
f 1820 1819 1821
f 1820 1821 242
f 1821 1822 1823
f 1821 1823 1824
f 1824 1825 242
f 1824 1823 1826
f 1824 1826 1827
f 1827 1828 1829
f 1827 1826 1830
f 1827 1830 1828
f 1831 1832 1833
f 1831 1830 1834
f 1831 1835 1832
f 1836 1837 1838
f 1836 1835 1839
f 1836 1840 1837
f 1841 1842 1843
f 1841 1840 1844
f 1841 1845 1842
f 1846 1847 1848
f 1846 1845 1849
f 1846 1850 1847
f 1851 1852 1847
f 1851 1850 1853
f 1851 1854 1855
f 1855 1856 1852
f 1855 1854 1857
f 1855 1857 1858
f 1858 1859 1856
f 1858 1857 1860
f 1858 262 261
f 1860 1857 1861
f 1860 1861 1862
f 1860 1863 262
f 1863 1862 1864
f 1863 1865 259
f 1865 1866 260
f 1865 1864 1867
f 1867 1868 1866
f 1867 1864 1869
f 1867 1869 1870
f 1870 1871 1868
f 1870 1869 1757
f 1870 1872 1871
f 1873 1874 1875
f 1873 1872 1754
f 1873 1876 1874
f 1876 1754 1752
f 1876 1877 1570
f 1877 1752 1749
f 1877 1748 1571
f 1875 1878 1879
f 1875 1879 1880
f 1875 1874 1878
f 1879 1881 1882
f 1879 1882 1883
f 1883 1882 1884
f 1883 1884 1885
f 1883 1886 1880
f 1885 1884 1887
f 1885 1887 1888
f 1885 1889 1886
f 1888 1887 1890
f 1888 1890 258
f 1888 257 1889
f 1890 1891 1892
f 1890 1892 1893
f 1893 1892 1894
f 1893 1895 1859
f 1893 1859 258
f 1895 1894 1896
f 1895 1897 1898
f 1898 1897 1899
f 1898 1899 1900
f 1898 1901 1902
f 1900 1899 1903
f 1900 1903 1904
f 1900 1905 1901
f 1904 1903 1906
f 1904 1906 1907
f 1904 1848 1905
f 1907 1906 1908
f 1907 1908 1843
f 1907 1843 1842
f 1909 1908 1910
f 1909 1911 1838
f 1909 1838 1837
f 1912 1911 1913
f 1912 1914 1833
f 1912 1833 1832
f 1915 1914 1916
f 1915 1917 1829
f 1915 1829 1828
f 1918 1917 1919
f 1918 161 243
f 1918 243 1825
f 1917 1916 1920
f 1920 1921 1922
f 1920 1923 1919
f 1920 1916 1921
f 1924 1925 1926
f 1924 1916 1914
f 1924 1913 1925
f 1927 1928 1925
f 1927 1913 1911
f 1927 1910 1929
f 1929 1930 1928
f 1929 1910 1931
f 1929 1931 1932
f 1932 1933 1930
f 1932 1931 1934
f 1932 1934 1935
f 1935 1936 66
f 1935 1934 1937
f 1935 1937 1936
f 1938 1939 1940
f 1938 1937 1899
f 1938 1941 1939
f 1942 1943 1944
f 1942 1941 1897
f 1942 1896 1943
f 1945 1946 1947
f 1945 1896 1894
f 1945 1948 1946
f 1949 1950 1946
f 1949 1948 1951
f 1949 1951 1952
f 1952 1953 1950
f 1952 1951 1954
f 1952 1954 1955
f 1955 1956 1953
f 1955 1954 1957
f 1955 1957 1958
f 1958 1959 1956
f 1958 1957 1960
f 1958 1960 1961
f 1961 1962 1963
f 1961 1960 1964
f 1961 1964 1962
f 1965 1966 1967
f 1965 1964 117
f 1965 116 1966
f 1967 207 1968
f 1967 1969 1962
f 1967 1966 207
f 1969 1968 1551
f 1969 1970 1963
f 1971 1970 1972
f 1971 1972 1973
f 1971 1974 1963
f 1973 1972 1975
f 1973 1975 1976
f 1973 1977 1974
f 1976 1975 1978
f 1976 1978 1979
f 1976 1980 1977
f 1979 1978 1981
f 1979 1981 1982
f 1979 1983 1980
f 1982 1981 1984
f 1982 1984 1985
f 1982 1947 1983
f 1985 1984 1986
f 1985 1986 1944
f 1985 1944 1943
f 1987 1986 1988
f 1987 1989 1940
f 1987 1940 1939
f 1989 1988 1990
f 1989 1991 1992
f 1991 1990 1993
f 1991 1994 67
f 1994 1993 1995
f 1994 1996 68
f 1996 1995 1997
f 1996 1998 1999
f 1998 1997 2000
f 1998 2000 75
f 2000 2001 2002
f 2000 2002 2003
f 2003 2002 2004
f 2003 2004 2005
f 2003 2006 2007
f 2006 2005 2008
f 2006 2009 73
f 2009 2008 2010
f 2009 2010 2011
f 2011 2010 2012
f 2011 2012 2013
f 2011 2014 74
f 2014 2013 2015
f 2014 2016 2017
f 2016 2015 2018
f 2016 2019 2017
f 2019 2018 2020
f 2019 2021 2022
f 2021 2020 2023
f 2021 2024 174
f 2023 2020 1364
f 2023 1364 1362
f 2023 1361 2024
f 2025 2020 2018
f 2025 2026 1367
f 2025 1367 1365
f 2026 2018 2015
f 2026 2027 1369
f 2027 2015 2013
f 2027 2028 1373
f 2028 2013 2012
f 2028 2029 2030
f 2031 2029 2032
f 2031 2033 2034
f 2031 2035 2030
f 2034 2033 2036
f 2034 2036 2037
f 2034 2038 2035
f 2038 2037 2039
f 2038 2040 1376
f 2040 2039 2041
f 2040 2041 2042
f 2041 2043 2044
f 2041 2044 2045
f 2045 2044 1438
f 2045 1438 1436
f 2045 1383 2042
f 2044 2046 1440
f 2046 2043 2047
f 2046 2048 1442
f 2049 2048 2050
f 2049 2051 1445
f 2049 1445 1443
f 2052 2051 2053
f 2052 2054 2055
f 2052 2055 1446
f 2056 2054 2057
f 2056 2058 2059
f 2056 2060 2055
f 2060 2059 2061
f 2060 2062 1449
f 2061 2059 2063
f 2061 2063 2064
f 2061 1455 2062
f 2064 1459 1455
f 2064 2063 2065
f 2064 2065 2066
f 2066 2067 1459
f 2066 2065 2068
f 2066 2068 2069
f 2069 1465 2067
f 2069 2068 2070
f 2069 2070 2071
f 2070 2072 2073
f 2070 2073 1472
f 2074 2072 2075
f 2074 2076 2077
f 2074 2077 1474
f 2077 2078 2079
f 2077 2080 1474
f 2080 2079 2081
f 2080 2082 1475
f 2082 2081 2083
f 2082 2084 1477
f 2084 2083 2085
f 2084 2086 1479
f 2087 1484 1480
f 2087 2086 2088
f 2087 2089 1484
f 2090 1488 1485
f 2090 2089 2091
f 2090 2092 1488
f 2092 2091 2093
f 2092 2094 1490
f 2094 2093 2095
f 2094 2096 1493
f 2096 2095 2097
f 2096 2098 2099
f 2100 2101 2099
f 2100 2098 2102
f 2100 2103 2104
f 2104 2105 2101
f 2104 2103 2106
f 2104 2106 2107
f 2107 1501 2105
f 2107 2106 2108
f 2107 2108 2109
f 2109 1504 1502
f 2109 2108 2110
f 2109 2110 1504
f 2106 2111 2004
f 2111 2103 2112
f 2111 2112 2008
f 2112 2102 2113
f 2112 2113 2114
f 2113 2115 2116
f 2113 2116 2117
f 2117 2116 2118
f 2117 2118 2032
f 2117 2119 2114
f 2118 2120 2121
f 2118 2121 2033
f 2122 2120 2123
f 2122 2124 2125
f 2122 2126 2121
f 2126 2125 2127
f 2126 2128 2036
f 2128 2127 2129
f 2128 2130 2037
f 2130 2129 2047
f 2130 2047 2043
f 2131 2129 2132
f 2131 2133 2050
f 2131 2050 2048
f 2134 2133 2135
f 2134 2136 2053
f 2134 2053 2051
f 2137 2136 2138
f 2137 2139 2057
f 2137 2057 2054
f 2140 2139 2141
f 2140 105 2142
f 2140 2143 2058
f 2143 2144 2058
f 2143 2142 2145
f 2145 2146 2144
f 2145 2142 2147
f 2145 2147 2148
f 2148 2149 2146
f 2148 2147 2150
f 2148 2150 2075
f 2150 2151 2152
f 2150 2152 2076
f 2152 2153 2154
f 2152 2154 2078
f 2154 2155 2156
f 2154 2156 2079
f 2156 2157 124
f 2156 124 2079
f 2157 2155 2158
f 2157 2159 125
f 2159 2158 2160
f 2159 2161 126
f 2162 2163 127
f 2162 2161 2164
f 2162 2165 2163
f 2166 2167 2168
f 2166 2165 2169
f 2166 2170 2167
f 2171 2172 2173
f 2171 2170 2174
f 2171 2175 2172
f 2176 2177 2178
f 2176 2175 2179
f 2176 2180 2177
f 2181 2097 2095
f 2181 2180 2123
f 2181 2182 2097
f 2180 2179 2124
f 2179 2175 2183
f 2179 2183 2124
f 2183 2174 2184
f 2183 2185 2125
f 2185 2184 2132
f 2185 2132 2129
f 2186 2184 2169
f 2186 2187 2135
f 2186 2135 2133
f 2188 2187 2164
f 2188 2189 2138
f 2188 2138 2136
f 2190 2189 2160
f 2190 2191 2141
f 2190 2141 2139
f 2191 2160 2158
f 2191 2192 106
f 2192 2153 107
f 2192 2158 2155
f 2189 2164 2161
f 2187 2169 2165
f 2184 2174 2170
f 2178 2093 2091
f 2178 2193 2172
f 2178 2177 2093
f 2193 2091 2089
f 2193 2088 2173
f 2194 2088 2086
f 2194 2085 2168
f 2194 2168 2167
f 2168 2195 2163
f 2151 2147 104
f 2123 2120 2182
f 2115 2102 2098
f 2085 2083 2195
f 2083 2081 123
f 2075 2072 2149
f 2032 2029 2119
f 2110 2001 1510
f 2001 1997 1511
f 1997 1995 1513
f 1995 1993 2196
f 1993 1990 1521
f 1990 1988 1523
f 1988 1986 2197
f 1984 2198 2197
f 1981 2199 2198
f 1978 2200 2199
f 1975 1541 2200
f 1972 1546 1542
f 1970 1551 1547
f 1966 121 208
f 1964 2201 117
f 2202 2201 2203
f 2202 1881 1567
f 2202 1567 118
f 2201 1960 2204
f 2204 1957 2205
f 2204 2206 2203
f 2205 1954 2207
f 2205 2208 2206
f 2207 1951 2209
f 2207 1891 2208
f 1948 1894 2209
f 1940 1992 1936
f 2210 16 2211
f 2210 2211 2212
f 2210 1930 17
f 2211 15 176
f 2211 176 2213
f 2213 176 2214
f 2213 2214 2215
f 2213 1926 2212
f 2215 2214 2216
f 2215 2217 1922
f 2215 1922 1926
f 2218 2217 2219
f 2218 2220 2221
f 2218 2221 1923
f 2221 2222 2223
f 2221 2224 162
f 2223 2222 2225
f 2223 2225 2226
f 2223 2227 2224
f 2227 2226 2228
f 2227 2229 159
f 2229 2230 160
f 2229 2228 2230
f 2231 1272 1270
f 2231 2228 2232
f 2231 2233 1272
f 2233 2232 2234
f 2233 2235 1274
f 2235 2234 2236
f 2235 2237 1276
f 2238 1279 1277
f 2238 2237 2239
f 2238 2240 1279
f 2241 1282 1280
f 2241 2240 2242
f 2241 2243 1282
f 2244 1285 1283
f 2244 2243 2245
f 2244 2246 1285
f 2247 1288 1286
f 2247 2246 1304
f 2247 1298 1288
f 2246 2245 1305
f 2243 2242 1308
f 2242 2240 2248
f 2242 2248 1308
f 2248 2239 2249
f 2248 1317 1309
f 2239 2237 2236
f 2236 2234 2250
f 2236 2251 2249
f 2250 2234 2252
f 2250 2252 2253
f 2250 2254 2251
f 2254 2255 1320
f 2254 2253 2256
f 2256 1332 2255
f 2256 2253 2257
f 2256 2257 2258
f 2258 1337 1333
f 2258 2257 2220
f 2258 2220 1337
f 2253 2252 2225
f 2252 2232 2226
f 2259 1268 1266
f 2259 2260 165
f 2259 2230 1268
f 2219 1342 1338
f 2219 2217 1342
f 2216 1345 1343
f 2216 2214 1345
f 1872 1757 1755
f 1869 2261 1758
f 2261 1864 1862
f 2261 2262 1760
f 2262 1862 1861
f 2262 2263 1760
f 2263 1861 2264
f 2263 2265 1761
f 2265 2264 1853
f 2265 1853 1763
f 2266 1853 1850
f 2266 1849 1766
f 2266 1766 1764
f 2267 1849 1845
f 2267 1844 2268
f 2267 2268 1767
f 2268 2269 2270
f 2268 2270 1769
f 2270 2271 2272
f 2270 2273 1771
f 2272 2271 2274
f 2272 2274 2275
f 2272 2276 2273
f 2275 2274 2277
f 2275 2277 2278
f 2275 1777 2276
f 2278 2277 2279
f 2278 2279 1780
f 2278 1780 1778
f 2280 2279 2281
f 2280 2282 1783
f 2280 1783 1781
f 2282 2281 2283
f 2282 2284 1785
f 2284 2283 1822
f 2284 2285 1788
f 2285 1822 1819
f 2285 2286 1791
f 2286 1819 1817
f 2286 1816 1797
f 2281 2287 2283
f 2281 2279 2288
f 2288 2289 2287
f 2288 2277 2290
f 2290 1834 2289
f 2290 2274 2291
f 2291 1839 1835
f 2291 2271 1839
f 2269 1844 1840
f 1816 1814 1798
f 1748 1744 1573
f 1743 1739 1576
f 1743 1576 1574
f 1738 1734 1580
f 1738 1580 1577
f 1733 1729 1583
f 1733 1583 1581
f 1728 1724 2292
f 1728 2293 1583
f 2292 1720 2294
f 2292 2295 2293
f 1723 1787 1719
f 2294 1717 2296
f 2294 1590 2295
f 2296 1714 1593
f 2296 1593 1591
f 2297 1714 1712
f 2297 2298 1596
f 2297 1596 1594
f 2298 1712 1711
f 2298 2299 1599
f 2299 1711 2300
f 2299 2301 1601
f 2301 2300 2302
f 2301 2303 1604
f 2304 2303 2305
f 2304 2306 1613
f 2304 1611 1605
f 2306 2305 2307
f 2306 2308 1614
f 2308 2307 2309
f 2308 2310 2311
f 2310 2309 2312
f 2310 2313 2314
f 2314 2313 2315
f 2314 2315 2316
f 2314 1618 2311
f 2316 2315 2317
f 2316 2317 2318
f 2316 2319 1618
f 2319 2318 2320
f 2319 2320 1622
f 2320 2321 2322
f 2320 2322 2323
f 2322 2324 2325
f 2322 2325 2326
f 2326 2325 2327
f 2326 2328 2329
f 2326 2329 2323
f 2330 2328 2331
f 2330 2332 2333
f 2330 2333 1625
f 2331 2328 2334
f 2331 2334 2335
f 2331 2336 2332
f 2336 2335 2337
f 2336 2338 1648
f 2338 2337 2339
f 2338 2340 1649
f 2340 2339 1656
f 2340 1656 1654
f 2341 2339 2342
f 2341 2343 1659
f 2341 1659 1657
f 2344 2343 2345
f 2344 2346 1662
f 2344 1662 1660
f 2347 2346 2348
f 2347 2349 1666
f 2347 1666 1663
f 2350 2349 2351
f 2350 2352 2353
f 2350 2353 1667
f 2353 2354 2355
f 2353 2355 1668
f 2355 245 2356
f 2355 2356 1668
f 2356 249 2357
f 2356 2358 1670
f 2358 2357 2359
f 2358 2360 1672
f 2360 2359 2361
f 2360 2362 1674
f 2362 2361 2363
f 2362 2364 1679
f 2364 2363 2365
f 2364 2366 1681
f 2366 2365 2367
f 2366 2368 1683
f 2368 2367 2369
f 2368 2370 1686
f 2370 2369 2371
f 2370 2372 1686
f 2372 2371 2373
f 2372 2374 1687
f 2375 2374 2376
f 2375 2377 1690
f 2375 1690 1688
f 2378 2377 2379
f 2378 2380 1693
f 2378 1693 1691
f 2381 2380 2382
f 2381 2382 2383
f 2381 1696 1694
f 2382 2384 2385
f 2382 2385 2386
f 2386 2385 2387
f 2386 2387 2388
f 2386 2389 2383
f 2388 2387 2309
f 2388 2309 2307
f 2388 2390 2389
f 2390 2307 2305
f 2390 2391 1700
f 2391 2305 2303
f 2391 2302 1701
f 2387 2392 2312
f 2393 2392 2394
f 2393 2395 2396
f 2393 2397 2313
f 2396 2395 2398
f 2396 2399 2400
f 2396 2401 2397
f 2400 2399 2402
f 2400 2403 2404
f 2400 2405 2401
f 2405 2404 2406
f 2405 2406 2318
f 2406 2407 2408
f 2406 2408 2321
f 2408 2409 2410
f 2408 2410 2324
f 2410 2411 2412
f 2410 2412 2413
f 2412 2414 2415
f 2412 2416 2413
f 2417 2416 2418
f 2417 2419 2327
f 2417 2327 2325
f 2419 2418 2420
f 2419 2421 2334
f 2421 2420 2422
f 2421 2423 2335
f 2423 2422 2424
f 2423 2342 2337
f 2424 2422 2425
f 2424 2425 2345
f 2424 2345 2343
f 2426 2425 2427
f 2426 2428 2348
f 2426 2348 2346
f 2429 2428 2430
f 2429 2431 2351
f 2429 2351 2349
f 2432 2431 2433
f 2432 2434 2435
f 2432 2435 2352
f 2435 2436 246
f 2435 246 2354
f 2436 2434 2437
f 2436 2438 247
f 2439 2438 2440
f 2439 2441 2442
f 2439 2442 248
f 2442 2443 2357
f 2442 2357 249
f 2443 2441 2444
f 2443 2445 2359
f 2445 2444 2446
f 2445 2447 2361
f 2447 2446 2448
f 2447 2449 2363
f 2449 2448 2450
f 2449 2451 2365
f 2451 2450 2452
f 2451 2453 2367
f 2453 2452 2454
f 2453 2455 2369
f 2455 2454 2456
f 2455 2457 2371
f 2457 2456 2458
f 2457 2459 2373
f 2460 2459 2461
f 2460 2462 2376
f 2460 2376 2374
f 2463 2462 2464
f 2463 2464 2465
f 2463 2379 2377
f 2465 2464 2466
f 2465 2466 2467
f 2465 2384 2379
f 2466 2468 2469
f 2466 2469 2394
f 2469 2470 2398
f 2469 2398 2395
f 2471 2470 2472
f 2471 2473 2402
f 2471 2402 2399
f 2474 2473 2475
f 2474 2476 2477
f 2474 2477 2403
f 2477 88 2478
f 2477 2478 2404
f 2478 90 2479
f 2478 2480 2407
f 2480 2479 2481
f 2480 2482 2407
f 2482 2481 2483
f 2482 2484 2409
f 2484 2483 2485
f 2484 2486 2411
f 2486 2485 2487
f 2486 2488 2414
f 2488 2487 2489
f 2488 2490 2415
f 2491 2490 2492
f 2491 2493 2418
f 2491 2418 2416
f 2493 2492 2494
f 2493 2495 2420
f 2494 2492 2496
f 2494 2496 2427
f 2494 2427 2495
f 2497 2496 2498
f 2497 2499 2430
f 2497 2430 2428
f 2500 2499 2501
f 2500 2502 2433
f 2500 2433 2431
f 2503 2502 2504
f 2503 2505 2437
f 2503 2437 2434
f 2506 2505 2507
f 2506 2508 2440
f 2506 2440 2438
f 2509 2508 2510
f 2509 2511 2444
f 2509 2444 2441
f 2511 2510 2512
f 2511 2513 2446
f 2513 2512 2514
f 2513 2515 2448
f 2515 2514 2516
f 2515 2517 2450
f 2517 2516 2518
f 2517 2519 2452
f 2519 2518 2520
f 2519 2521 2454
f 2521 2520 2522
f 2521 2523 2456
f 2523 2522 2524
f 2523 2524 2525
f 2525 2524 2526
f 2525 2526 2527
f 2525 2461 2458
f 2527 2526 2528
f 2527 2528 2529
f 2527 2530 2461
f 2529 2528 2472
f 2529 2472 2470
f 2529 2468 2530
f 2531 2528 2532
f 2531 2533 2475
f 2531 2475 2473
f 2534 2533 2535
f 2534 2536 86
f 2534 86 2476
f 2536 2535 2537
f 2536 2538 87
f 2539 2538 2540
f 2539 2541 2542
f 2539 2542 89
f 2542 2543 2479
f 2542 2479 90
f 2543 2541 2544
f 2543 2545 2481
f 2545 2544 2546
f 2545 2547 2483
f 2547 2546 2548
f 2547 2549 2485
f 2549 2548 2550
f 2549 2551 2487
f 2551 2550 2552
f 2551 2553 2489
f 2553 2552 2554
f 2553 2498 2555
f 2554 2552 2556
f 2554 2556 2501
f 2554 2501 2499
f 2557 2556 2558
f 2557 2559 2504
f 2557 2504 2502
f 2560 2559 2561
f 2560 145 2507
f 2560 2507 2505
f 2559 2558 2561
f 2562 2563 2564
f 2562 2564 142
f 2562 2558 2565
f 2565 2566 2563
f 2565 2558 2567
f 2565 2567 2568
f 2568 2569 2566
f 2568 2567 2550
f 2568 2550 2548
f 2570 2571 2572
f 2570 2572 2573
f 2570 2569 2574
f 2574 2575 2571
f 2574 2569 2546
f 2574 2546 2544
f 2576 2577 148
f 2576 148 2578
f 2576 2575 2540
f 2577 2537 149
f 2577 2540 2538
f 2579 2580 150
f 2579 2537 2535
f 2579 2581 2580
f 2581 2535 2533
f 2581 2532 2582
f 2580 2583 151
f 2580 2582 2583
f 2575 2544 2541
f 2572 2578 2584
f 2572 2584 2585
f 2585 2584 2586
f 2585 2586 2587
f 2585 2588 2573
f 2587 2589 2588
f 2587 2586 2518
f 2587 2518 2516
f 2589 2590 2564
f 2589 2516 2514
f 2586 2591 2520
f 2591 2584 147
f 2591 151 2522
f 2514 2512 2590
f 2512 2510 143
f 2510 2508 144
f 2555 2492 2490
f 2394 2392 2467
f 2302 2300 1703
f 2333 1642 1626
f 1562 2592 120
f 2592 1559 204
f 1552 1551 1968
f 1598 57 56
f 2196 1516 1514
f 1507 61 1639
f 1507 2593 1121
f 1483 1100 101
f 2071 1468 1466
f 2260 1262 2594
f 1265 770 768
f 1265 767 1260
f 1265 1264 770
f 1261 767 765
f 1261 764 1256
f 1258 240 163
f 1257 764 762
f 1257 2595 1252
f 1253 2595 760
f 1253 759 1247
f 1248 759 757
f 1248 756 1242
f 1243 756 754
f 1243 753 1237
f 1238 753 751
f 1238 750 1232
f 1233 750 748
f 1233 747 1228
f 1216 1209 1206
f 1638 1127 2593
f 1116 1126 1088
f 1112 1088 1087
f 1109 1092 219
f 1100 1098 102
f 1037 1035 1031
f 1024 284 1019
f 1015 282 633
f 1015 633 632
f 1015 1014 282
f 1006 1004 253
f 1002 1001 251
f 997 994 1423
f 991 603 600
f 988 600 2596
f 985 2596 2597
f 982 2597 2598
f 979 2598 2599
f 977 2599 2600
f 960 958 1400
f 957 168 201
f 957 955 168
f 953 952 1371
f 915 912 823
f 912 910 825
f 910 906 826
f 881 880 851
f 880 876 855
f 880 855 853
f 1295 808 280
f 747 745 1229
f 712 499 450
f 661 659 188
f 656 1047 658
f 2600 585 230
f 731 518 515
f 726 504 35
f 496 2601 2602
f 497 465 453
f 391 389 111
f 385 614 112
f 615 377 192
f 373 372 193
f 461 341 462
f 310 271 522
f 459 462 183
f 237 236 182
f 177 72 173
f 177 15 14
f 2022 173 71
f 156 1188 157
f 1999 76 19
f 76 72 14
f 1 3 6
f 1 5 2
f 6 157 4
f 8 63 9
f 7 11 8
f 7 12 10
f 13 15 16
f 13 17 18
f 13 19 14
f 20 22 23
f 20 24 25
f 25 211 21
f 26 28 30
f 29 1324 27
f 30 1316 29
f 31 33 35
f 34 716 32
f 31 36 34
f 38 1707 5
f 37 4 1188
f 37 40 38
f 41 3 46
f 43 1790 42
f 44 1787 43
f 45 1716 44
f 46 1709 45
f 47 11 49
f 49 1608 50
f 47 51 1621
f 53 1603 54
f 52 55 59
f 52 57 53
f 58 1525 56
f 59 1519 58
f 61 1509 62
f 63 1632 64
f 64 1639 61
f 60 9 63
f 66 1992 67
f 18 68 19
f 17 1933 66
f 70 2017 71
f 69 72 76
f 69 74 70
f 75 2007 73
f 76 1999 75
f 78 1064 79
f 77 81 84
f 77 83 78
f 84 1053 82
f 85 87 89
f 88 2476 86
f 85 90 88
f 91 93 96
f 91 95 92
f 96 1229 94
f 97 99 100
f 100 1481 101
f 97 102 98
f 104 2142 105
f 103 107 104
f 105 2141 106
f 108 110 111
f 108 112 113
f 108 114 109
f 115 117 118
f 115 119 120
f 115 121 116
f 122 124 125
f 122 126 127
f 127 2195 123
f 128 130 133
f 128 132 129
f 128 134 131
f 135 137 139
f 138 914 136
f 135 140 138
f 142 2590 143
f 141 144 145
f 145 2561 142
f 147 2578 148
f 146 149 150
f 146 151 147
f 153 1795 154
f 152 155 1192
f 152 157 153
f 158 160 165
f 161 1919 162
f 162 2224 159
f 158 164 161
f 165 2594 163
f 167 201 168
f 166 169 1371
f 166 171 167
f 173 2022 174
f 172 175 1345
f 172 177 173
f 178 180 347
f 178 182 183
f 183 462 179
f 184 186 189
f 187 1146 188
f 188 658 185
f 189 1053 84
f 184 81 187
f 190 192 193
f 193 607 194
f 190 195 191
f 196 198 202
f 199 1382 200
f 200 1394 197
f 201 167 199
f 202 1400 201
f 203 205 206
f 206 1968 207
f 203 208 204
f 209 211 25
f 213 210 209
f 209 214 212
f 215 217 220
f 215 219 216
f 220 1105 218
f 221 223 224
f 224 861 225
f 221 226 571
f 227 229 230
f 230 582 231
f 227 232 866
f 233 235 238
f 233 237 436
f 238 459 236
f 164 163 240
f 239 241 1254
f 239 243 164
f 245 2354 246
f 244 247 248
f 244 249 245
f 251 1424 252
f 250 254 251
f 250 255 253
f 256 258 261
f 256 260 257
f 256 262 259
f 263 265 268
f 263 267 264
f 268 1751 266
f 269 271 272
f 269 273 274
f 274 516 270
f 276 801 277
f 275 278 279
f 275 280 276
f 281 283 284
f 284 637 285
f 281 286 282
f 288 530 289
f 287 290 291
f 287 292 288
f 293 527 288
f 292 294 295
f 295 296 293
f 297 524 293
f 296 298 299
f 296 300 297
f 301 521 297
f 300 302 303
f 303 304 301
f 305 522 301
f 304 306 307
f 307 308 305
f 308 310 305
f 308 311 312
f 312 313 309
f 313 315 309
f 313 316 317
f 317 318 314
f 319 479 314
f 318 320 321
f 321 322 319
f 323 476 319
f 322 324 325
f 322 326 323
f 327 473 323
f 325 213 212
f 326 328 327
f 329 470 327
f 212 214 330
f 328 331 329
f 332 467 329
f 330 579 333
f 331 334 332
f 335 464 332
f 333 581 336
f 334 337 335
f 338 460 335
f 336 584 339
f 337 340 338
f 341 461 338
f 339 587 342
f 340 343 341
f 343 179 341
f 342 590 344
f 344 345 180
f 345 347 180
f 344 593 348
f 348 349 346
f 349 351 346
f 349 352 353
f 353 354 350
f 354 356 350
f 354 357 358
f 358 359 355
f 359 361 355
f 359 362 363
f 363 364 360
f 364 366 360
f 364 367 368
f 368 369 365
f 369 371 365
f 369 372 373
f 373 374 370
f 374 376 370
f 374 192 377
f 377 378 375
f 378 380 375
f 377 615 381
f 378 382 379
f 382 384 379
f 381 614 385
f 385 386 383
f 386 388 383
f 386 112 389
f 389 390 387
f 390 391 392
f 392 626 393
f 390 394 387
f 393 631 395
f 394 396 397
f 397 388 387
f 397 398 399
f 399 400 388
f 400 401 402
f 402 403 384
f 400 383 388
f 403 404 405
f 405 406 380
f 403 379 384
f 406 407 408
f 408 409 376
f 406 375 380
f 409 410 411
f 411 412 371
f 409 370 376
f 411 655 413
f 413 414 366
f 412 365 371
f 414 415 416
f 416 417 361
f 414 360 366
f 417 418 419
f 419 420 356
f 417 355 361
f 420 421 422
f 422 423 351
f 420 350 356
f 422 425 424
f 424 178 347
f 423 346 351
f 425 427 426
f 424 181 178
f 427 668 428
f 426 429 181
f 428 674 430
f 429 431 432
f 432 182 181
f 431 434 433
f 432 237 182
f 434 437 435
f 433 436 237
f 437 685 438
f 435 439 436
f 438 691 440
f 439 441 442
f 442 233 436
f 441 444 443
f 442 234 233
f 444 703 445
f 443 446 234
f 447 235 234
f 445 705 448
f 446 449 447
f 448 709 450
f 450 2602 451
f 449 452 447
f 451 2601 453
f 453 455 454
f 452 235 447
f 455 457 456
f 454 238 235
f 457 460 458
f 456 459 238
f 460 338 461
f 458 462 459
f 457 463 464
f 464 335 460
f 455 453 465
f 463 466 467
f 467 332 464
f 465 497 468
f 466 469 470
f 470 329 467
f 468 494 471
f 469 472 473
f 473 327 470
f 471 491 474
f 472 475 476
f 476 323 473
f 474 488 477
f 475 478 479
f 479 319 476
f 477 482 480
f 478 481 315
f 315 314 479
f 480 273 272
f 481 271 310
f 481 309 315
f 482 483 273
f 484 512 485
f 483 274 273
f 483 486 484
f 487 509 484
f 482 477 488
f 486 489 487
f 490 506 487
f 488 474 491
f 489 492 490
f 493 501 490
f 491 471 494
f 492 495 493
f 496 498 493
f 494 468 497
f 497 2601 496
f 499 502 500
f 498 501 493
f 496 2602 499
f 502 34 36
f 500 503 501
f 36 35 504
f 503 505 506
f 506 490 501
f 504 726 507
f 505 508 509
f 509 487 506
f 507 725 510
f 508 511 512
f 512 484 509
f 510 729 513
f 513 515 514
f 511 485 512
f 515 517 516
f 514 274 485
f 517 518 519
f 519 521 520
f 517 270 516
f 521 301 522
f 520 271 270
f 519 523 524
f 524 297 521
f 518 731 525
f 523 526 527
f 527 293 524
f 525 730 528
f 526 529 530
f 526 288 527
f 528 736 531
f 529 532 533
f 533 289 530
f 533 534 535
f 535 290 289
f 535 536 537
f 537 538 290
f 538 291 290
f 538 539 540
f 540 541 294
f 541 295 294
f 541 542 543
f 543 544 298
f 544 299 298
f 544 545 546
f 546 547 302
f 547 303 302
f 547 548 549
f 549 550 306
f 550 307 306
f 550 551 552
f 552 553 311
f 553 312 311
f 553 554 555
f 555 556 316
f 556 317 316
f 556 557 558
f 558 559 320
f 559 321 320
f 559 560 561
f 561 562 324
f 562 325 324
f 562 563 564
f 564 210 213
f 564 565 566
f 566 211 210
f 566 567 568
f 568 21 211
f 568 569 570
f 570 22 21
f 570 571 226
f 226 572 22
f 573 575 574
f 572 23 22
f 572 225 573
f 574 232 576
f 576 24 23
f 577 578 24
f 576 231 577
f 579 330 214
f 578 25 24
f 578 580 579
f 581 333 579
f 577 231 582
f 580 583 581
f 584 336 581
f 582 230 585
f 583 586 584
f 587 339 584
f 585 2600 588
f 586 589 587
f 590 342 587
f 588 2599 591
f 589 592 590
f 593 344 590
f 591 2598 594
f 592 595 593
f 352 348 593
f 594 2597 596
f 595 597 352
f 597 353 352
f 596 2596 598
f 598 599 357
f 599 358 357
f 599 600 601
f 601 602 362
f 602 363 362
f 602 603 604
f 604 605 367
f 605 368 367
f 605 606 607
f 607 193 372
f 604 603 608
f 606 609 610
f 610 194 607
f 610 611 612
f 612 195 194
f 612 109 114
f 114 613 195
f 614 381 615
f 613 191 195
f 613 113 614
f 609 617 616
f 611 110 109
f 617 995 618
f 618 619 110
f 619 620 621
f 621 392 391
f 619 111 110
f 621 622 623
f 623 626 392
f 623 624 625
f 625 627 626
f 627 628 629
f 627 630 631
f 631 393 626
f 629 1008 632
f 630 633 634
f 634 395 631
f 634 286 635
f 635 396 395
f 635 285 636
f 636 398 396
f 636 637 638
f 638 639 398
f 639 640 641
f 641 642 401
f 639 399 398
f 642 643 644
f 644 645 404
f 642 402 401
f 645 646 647
f 647 648 407
f 645 405 404
f 648 649 650
f 650 651 410
f 648 408 407
f 651 652 653
f 651 654 655
f 651 411 410
f 653 1047 656
f 656 657 415
f 415 413 655
f 657 658 659
f 659 660 418
f 657 416 415
f 660 661 662
f 662 663 421
f 660 419 418
f 663 664 665
f 665 427 425
f 663 422 421
f 665 666 667
f 665 668 427
f 667 669 670
f 667 671 668
f 670 1156 672
f 671 673 674
f 674 428 668
f 672 1161 675
f 673 676 677
f 677 430 674
f 677 678 679
f 679 431 430
f 678 681 680
f 679 434 431
f 681 683 682
f 680 437 434
f 683 686 684
f 682 685 437
f 686 1176 687
f 684 688 685
f 687 1182 689
f 688 690 691
f 691 438 685
f 689 1186 692
f 690 693 694
f 694 440 691
f 694 695 696
f 696 441 440
f 696 697 698
f 698 444 441
f 698 699 700
f 700 703 444
f 700 701 702
f 702 704 703
f 705 445 703
f 704 706 707
f 704 708 705
f 709 448 705
f 707 1204 710
f 708 711 709
f 712 450 709
f 710 1208 713
f 711 714 712
f 502 499 712
f 714 715 716
f 716 34 502
f 713 1208 717
f 715 718 719
f 719 32 716
f 719 720 721
f 721 33 32
f 721 722 723
f 723 726 33
f 723 724 725
f 725 507 726
f 722 733 727
f 724 728 729
f 729 510 725
f 727 732 730
f 730 525 731
f 728 513 729
f 732 733 734
f 732 735 736
f 736 528 730
f 734 1213 737
f 735 738 739
f 739 531 736
f 739 740 741
f 741 532 531
f 741 742 743
f 743 534 532
f 743 95 744
f 744 536 534
f 744 94 745
f 745 746 536
f 746 537 536
f 746 747 748
f 748 749 539
f 749 540 539
f 749 750 751
f 751 752 542
f 752 543 542
f 752 753 754
f 754 755 545
f 755 546 545
f 755 756 757
f 757 758 548
f 758 549 548
f 758 759 760
f 760 761 551
f 761 552 551
f 760 2595 762
f 762 763 554
f 763 555 554
f 763 764 765
f 765 766 557
f 766 558 557
f 766 767 768
f 768 769 560
f 769 561 560
f 769 770 771
f 771 565 563
f 771 772 773
f 773 567 565
f 773 774 775
f 775 569 567
f 775 776 777
f 777 571 569
f 777 778 779
f 779 221 571
f 778 781 780
f 779 222 221
f 780 782 783
f 780 784 222
f 784 223 222
f 784 786 787
f 787 788 785
f 788 790 785
f 788 791 792
f 792 793 789
f 793 795 789
f 793 796 797
f 797 798 794
f 798 800 794
f 798 801 276
f 276 280 799
f 800 803 804
f 804 795 794
f 799 805 802
f 805 807 802
f 805 280 808
f 808 809 806
f 809 811 806
f 808 1295 812
f 809 813 810
f 814 837 810
f 812 816 815
f 813 132 814
f 816 818 817
f 815 129 132
f 818 820 819
f 817 130 129
f 820 1297 821
f 819 822 130
f 821 1302 823
f 823 825 824
f 824 133 130
f 824 826 827
f 824 134 133
f 827 828 829
f 829 830 134
f 830 831 832
f 832 834 833
f 833 131 134
f 834 837 814
f 814 132 131
f 834 835 836
f 836 838 837
f 838 839 840
f 840 841 811
f 838 810 837
f 841 842 843
f 843 844 807
f 841 806 811
f 844 845 846
f 846 847 803
f 844 802 807
f 847 848 849
f 849 851 850
f 847 804 803
f 851 853 852
f 850 795 804
f 853 854 790
f 852 789 795
f 854 855 856
f 856 224 223
f 854 785 790
f 856 857 858
f 858 861 224
f 858 859 860
f 860 862 861
f 862 863 864
f 864 575 573
f 573 225 861
f 864 865 866
f 866 232 575
f 865 868 869
f 869 227 866
f 863 870 867
f 870 872 867
f 870 860 859
f 859 873 871
f 873 875 871
f 873 857 876
f 876 877 874
f 877 879 874
f 877 880 881
f 881 882 878
f 882 884 878
f 882 849 848
f 848 885 883
f 885 887 883
f 885 846 845
f 845 888 886
f 888 890 886
f 888 843 842
f 842 891 889
f 891 893 889
f 891 840 839
f 839 894 892
f 894 896 892
f 894 836 835
f 835 897 895
f 897 899 895
f 897 832 831
f 831 900 898
f 900 902 898
f 900 829 828
f 828 903 901
f 903 905 901
f 828 826 906
f 903 907 904
f 908 932 904
f 906 910 909
f 907 140 908
f 910 912 911
f 909 138 140
f 912 915 913
f 911 914 138
f 915 1301 916
f 913 917 914
f 916 1307 918
f 917 919 920
f 920 136 914
f 920 921 922
f 922 137 136
f 922 923 924
f 924 925 137
f 925 926 927
f 927 929 928
f 925 139 137
f 929 932 908
f 928 140 139
f 929 930 931
f 931 933 932
f 933 934 935
f 935 936 905
f 905 904 932
f 936 937 938
f 938 939 902
f 936 901 905
f 939 940 941
f 941 942 899
f 939 898 902
f 942 943 944
f 944 945 896
f 942 895 899
f 945 946 947
f 947 948 893
f 945 892 896
f 948 949 950
f 950 951 890
f 948 889 893
f 951 952 953
f 953 954 887
f 951 886 890
f 954 169 955
f 955 956 884
f 954 883 887
f 956 957 958
f 958 959 879
f 956 878 884
f 959 960 961
f 961 962 875
f 959 874 879
f 962 963 964
f 964 965 872
f 962 871 875
f 965 966 967
f 967 968 868
f 965 867 872
f 968 969 970
f 968 971 972
f 968 869 868
f 972 973 228
f 228 227 869
f 971 1411 974
f 973 975 976
f 976 229 228
f 977 2600 229
f 976 978 977
f 979 2599 977
f 975 1416 980
f 978 981 979
f 982 2598 979
f 980 1417 983
f 981 984 982
f 985 2597 982
f 983 1420 986
f 984 987 985
f 988 2596 985
f 986 1423 989
f 987 990 988
f 991 600 988
f 989 994 992
f 990 993 991
f 993 603 991
f 992 995 617
f 617 609 608
f 994 996 995
f 996 997 998
f 998 622 620
f 996 618 995
f 998 999 1000
f 1000 624 622
f 1000 1001 1002
f 1002 1003 624
f 1003 254 1004
f 1004 1005 628
f 1003 625 624
f 1005 1006 1007
f 1007 1009 1008
f 1005 629 628
f 1010 632 1008
f 1009 1011 1012
f 1012 1013 1010
f 1013 1015 1010
f 1013 1016 1017
f 1017 1018 1014
f 1018 283 1014
f 1018 1020 1021
f 1021 1022 1019
f 1022 1024 1019
f 1022 1025 1026
f 1026 1027 1023
f 1027 1028 1029
f 1027 1030 1031
f 1027 1032 1023
f 1031 1035 1033
f 1032 640 1034
f 1034 1024 1023
f 1034 638 637
f 637 284 1024
f 1035 1036 643
f 1033 641 640
f 1036 1037 1038
f 1038 1039 646
f 1036 644 643
f 1039 1040 1041
f 1041 1042 649
f 1039 647 646
f 1042 1043 1044
f 1044 1045 652
f 1042 650 649
f 1045 1046 186
f 186 185 1047
f 1045 653 652
f 1046 1049 1050
f 1050 189 186
f 1044 1043 1048
f 1050 1051 1052
f 1050 1053 189
f 1052 1054 1055
f 1055 82 1053
f 1055 1056 1057
f 1057 83 82
f 1057 1058 1059
f 1059 1060 83
f 1059 1448 1061
f 1061 1065 1062
f 1060 78 83
f 1062 1064 78
f 1065 1066 1063
f 1066 1068 1063
f 1066 1069 1070
f 1070 1071 1067
f 1071 1073 1067
f 1071 1074 1075
f 1075 1076 1072
f 1077 1129 1072
f 1076 1078 1079
f 1076 1080 1077
f 1081 1125 1077
f 1079 1458 1082
f 1080 1083 1081
f 1084 1126 1081
f 1082 1462 1085
f 1085 1086 1084
f 1086 1088 1084
f 1086 1089 1090
f 1090 1091 1087
f 1091 1092 1087
f 1091 1093 1094
f 1094 216 219
f 1094 1095 1096
f 1096 217 216
f 1096 1097 1098
f 1098 1099 217
f 1099 1100 1101
f 1101 1103 1102
f 1099 220 217
f 1103 1106 1104
f 1102 1105 220
f 1106 1492 1107
f 1104 1108 1105
f 1109 218 1105
f 1107 1496 1110
f 1108 1111 1109
f 1111 1092 1109
f 1111 1113 1114
f 1114 1115 1112
f 1115 1088 1112
f 1115 1117 1118
f 1118 1119 1116
f 1119 1120 1121
f 1119 1122 1123
f 1123 1126 1116
f 1123 1124 1125
f 1125 1081 1126
f 1122 2593 1127
f 1124 1128 1129
f 1129 1077 1125
f 1127 1638 1130
f 1128 1131 1073
f 1073 1072 1129
f 1130 1637 1132
f 1131 1133 1068
f 1068 1067 1073
f 1132 1135 1134
f 1133 79 1064
f 1133 1063 1068
f 1135 1640 1136
f 1134 1137 79
f 1136 1644 1138
f 1137 1139 80
f 80 77 79
f 1138 1647 1140
f 1139 1141 1142
f 1142 81 80
f 1141 1144 1143
f 1142 187 81
f 1144 1147 1145
f 1143 1146 187
f 1147 1150 1148
f 1145 1149 1146
f 1148 666 664
f 1149 662 661
f 661 188 1146
f 1150 669 666
f 1150 1151 1152
f 1152 1153 669
f 1153 1154 1155
f 1155 1157 1156
f 1153 670 669
f 1157 1158 1159
f 1157 1160 1161
f 1161 672 1156
f 1159 1664 1162
f 1160 1163 1164
f 1164 675 1161
f 1164 1165 1166
f 1166 676 675
f 1166 1167 1168
f 1168 678 676
f 1167 1170 1169
f 1168 681 678
f 1170 1172 1171
f 1169 683 681
f 1172 1174 1173
f 1171 686 683
f 1174 1177 1175
f 1173 1176 686
f 1177 1685 1178
f 1175 1179 1176
f 1179 1180 1181
f 1181 1183 1182
f 1182 687 1176
f 1183 1184 1185
f 1185 1187 1186
f 1183 689 1182
f 1187 39 37
f 1187 1188 1189
f 1189 692 1186
f 1189 156 1190
f 1190 693 692
f 156 152 1191
f 1190 695 693
f 1191 1192 1193
f 1193 697 695
f 1193 1194 1195
f 1195 699 697
f 1195 1196 1197
f 1197 701 699
f 1197 1198 1199
f 1199 1200 701
f 1200 702 701
f 1200 1201 1202
f 1202 1203 706
f 1203 707 706
f 1203 1205 1206
f 1206 1207 1204
f 1207 710 1204
f 1207 1209 1210
f 1210 717 1208
f 1210 1211 1212
f 1212 718 717
f 1212 1213 1214
f 1214 720 718
f 1214 734 733
f 733 722 720
f 1209 1216 1215
f 1211 737 1213
f 1215 1217 1218
f 1218 738 737
f 1218 1219 1220
f 1220 740 738
f 1220 1221 1222
f 1222 742 740
f 1222 93 92
f 92 95 742
f 1219 1810 1223
f 1221 1224 93
f 1224 1225 1226
f 1226 1230 1227
f 1224 96 93
f 1227 1229 96
f 1230 1231 1228
f 1231 1233 1228
f 1231 1234 1235
f 1235 1236 1232
f 1236 1238 1232
f 1236 1239 1240
f 1240 1241 1237
f 1241 1243 1237
f 1241 1244 1245
f 1245 1246 1242
f 1246 1248 1242
f 1246 1249 1250
f 1250 1251 1247
f 1251 1253 1247
f 1251 1254 241
f 241 1255 1252
f 1255 1257 1252
f 1255 240 1258
f 1258 1259 1256
f 1259 1261 1256
f 1258 2594 1262
f 1262 1263 1260
f 1263 1265 1260
f 1262 2260 1266
f 1266 1267 1264
f 1267 772 1264
f 1267 1268 1269
f 1269 776 774
f 1269 1270 1271
f 1271 778 776
f 1271 1272 1273
f 1273 781 778
f 1273 1274 1275
f 1275 782 781
f 1275 1276 1277
f 1277 1278 782
f 1278 783 782
f 1278 1279 1280
f 1280 1281 786
f 1281 787 786
f 1281 1282 1283
f 1283 1284 791
f 1284 792 791
f 1284 1285 1286
f 1286 1287 796
f 1287 797 796
f 1287 1288 1289
f 1289 277 801
f 1289 1290 1291
f 1291 278 277
f 1291 1292 1293
f 1293 1294 278
f 1294 279 278
f 1294 818 816
f 816 812 1295
f 1293 820 818
f 1290 1298 1296
f 1292 1297 820
f 1298 1304 1299
f 1296 1300 1297
f 1299 1303 1301
f 1300 915 1302
f 1302 821 1297
f 1303 1304 1305
f 1303 1306 1307
f 1307 916 1301
f 1305 2245 1308
f 1306 1309 1310
f 1310 918 1307
f 1310 1311 1312
f 1312 919 918
f 1312 1313 1314
f 1314 921 919
f 1314 30 28
f 28 923 921
f 1311 1317 1315
f 1313 1316 30
f 1317 2249 1318
f 1315 1319 1316
f 1318 2251 1320
f 1319 1321 1322
f 1322 29 1316
f 1322 1324 29
f 1322 1325 1323
f 1325 1327 1323
f 1321 2255 1328
f 1328 1329 1326
f 1329 1331 1326
f 1329 1332 1333
f 1333 1334 1330
f 1334 1336 1330
f 1334 1337 1338
f 1338 1339 1335
f 1339 1341 1335
f 1339 1342 1343
f 1343 1344 1340
f 1344 1345 175
f 175 2024 1346
f 1344 1347 1340
f 1346 1361 1348
f 1348 1350 1349
f 1349 1341 1340
f 1349 940 1351
f 1351 1352 1341
f 1352 1335 1341
f 1352 937 1353
f 1353 1354 1336
f 1354 934 1355
f 1355 1356 1331
f 1354 1330 1336
f 1356 1326 1331
f 1356 930 1357
f 1357 1358 1327
f 1358 1323 1327
f 1358 926 1359
f 1359 27 1324
f 1359 924 923
f 923 28 27
f 1357 927 926
f 1355 931 930
f 1353 935 934
f 1351 938 937
f 1348 1360 943
f 1350 941 940
f 1360 1361 1362
f 1362 1363 946
f 1360 944 943
f 1363 1364 1365
f 1365 1366 949
f 1363 947 946
f 1366 1367 1368
f 1368 1371 952
f 1366 950 949
f 1368 1369 1370
f 1370 166 1371
f 1369 1373 1372
f 1370 170 166
f 1373 2030 1374
f 1372 1375 170
f 1374 2035 1376
f 1375 1377 1378
f 1378 171 170
f 1377 2042 1379
f 1378 1380 171
f 1379 1383 1381
f 1380 1382 199
f 199 167 171
f 1383 1436 1384
f 1381 1385 1382
f 1384 1435 1386
f 1385 1387 1388
f 1388 200 1382
f 1388 1389 1390
f 1390 1394 200
f 1390 1040 1391
f 1390 1392 1394
f 1393 197 1394
f 1391 1037 1030
f 1392 1029 1393
f 1395 198 197
f 1029 1028 1395
f 1028 1434 1396
f 1395 1397 198
f 1396 1401 1398
f 1397 963 1399
f 1397 202 198
f 1399 961 960
f 1399 1400 202
f 1401 1402 966
f 1398 964 963
f 1402 1403 1404
f 1404 1405 969
f 1402 967 966
f 1405 1406 1407
f 1407 1409 1408
f 1405 970 969
f 1408 1410 1411
f 1411 971 970
f 1409 1429 1412
f 1410 1413 1414
f 1414 974 1411
f 1414 1415 1416
f 1416 975 974
f 1417 980 1416
f 1413 1425 1418
f 1415 1419 1417
f 1420 983 1417
f 1418 1424 1421
f 1419 1422 1420
f 1423 986 1420
f 1421 1001 999
f 1422 997 1423
f 1424 251 1001
f 1425 252 1424
f 1426 255 252
f 1425 1412 1426
f 1426 1428 255
f 1426 1429 1427
f 1428 1007 1006
f 1006 253 255
f 1427 1430 1011
f 1430 1012 1011
f 1430 1429 1431
f 1431 1432 1016
f 1432 1017 1016
f 1432 1407 1406
f 1406 1433 1020
f 1433 1021 1020
f 1433 1404 1403
f 1403 1434 1025
f 1431 1409 1407
f 1401 1396 1434
f 1434 1026 1025
f 1391 1038 1037
f 1387 1048 1043
f 1389 1041 1040
f 1386 1049 1048
f 1435 1051 1049
f 1435 1436 1437
f 1437 1054 1051
f 1437 1438 1439
f 1439 1056 1054
f 1439 1440 1441
f 1441 1058 1056
f 1441 1442 1443
f 1443 1444 1058
f 1444 1445 1446
f 1444 1447 1448
f 1444 1059 1058
f 1446 2055 1449
f 1447 1450 1451
f 1451 1061 1448
f 1451 1452 1069
f 1451 1065 1061
f 1452 1070 1069
f 1450 2062 1453
f 1453 1454 1074
f 1454 1075 1074
f 1454 1455 1456
f 1456 1457 1078
f 1457 1079 1078
f 1457 1459 1460
f 1457 1461 1458
f 1462 1082 1458
f 1460 2067 1463
f 1463 1464 1462
f 1464 1085 1462
f 1464 1465 1466
f 1466 1467 1089
f 1467 1090 1089
f 1467 1468 1469
f 1469 1095 1093
f 1469 1470 1471
f 1471 1097 1095
f 1471 99 98
f 98 102 1097
f 1468 2071 1472
f 1470 1473 99
f 1472 2073 1474
f 1473 1475 1476
f 1476 100 99
f 1476 1477 1478
f 1478 1481 100
f 1478 1479 1480
f 1480 1482 1481
f 1483 101 1481
f 1482 1484 1485
f 1482 1486 1483
f 1101 1100 1483
f 1485 1488 1487
f 1486 1103 1101
f 1488 1490 1489
f 1487 1106 1103
f 1490 1493 1491
f 1489 1492 1106
f 1493 2099 1494
f 1491 1495 1492
f 1496 1107 1492
f 1494 2101 1497
f 1495 1498 1496
f 1113 1110 1496
f 1497 2105 1499
f 1498 1500 1113
f 1500 1114 1113
f 1500 1501 1502
f 1502 1503 1117
f 1503 1118 1117
f 1503 1504 1505
f 1505 1506 1120
f 1506 1121 1120
f 1506 1508 1509
f 1509 61 1507
f 1505 1504 1510
f 1508 1511 1512
f 1512 62 1509
f 1512 1513 1514
f 1512 1515 62
f 65 60 62
f 1515 1516 1517
f 1515 1518 65
f 1518 9 65
f 1518 1519 59
f 59 55 12
f 1517 1520 1519
f 1516 2196 1521
f 1521 1523 1522
f 1522 58 1519
f 1523 1526 1524
f 1522 1525 58
f 1526 2197 1527
f 1524 1528 1525
f 1529 56 1525
f 1527 2198 1530
f 1528 1531 1529
f 1532 1598 1529
f 1530 2199 1533
f 1531 1534 1532
f 1534 1536 1532
f 1533 2200 1537
f 1537 1538 1535
f 1538 1540 1535
f 1538 1541 1542
f 1542 1543 1539
f 1543 1545 1539
f 1543 1546 1547
f 1547 1548 1544
f 1548 1550 1544
f 1548 1551 1552
f 1552 1553 1549
f 1553 1555 1549
f 1553 206 205
f 205 1556 1554
f 1556 1558 1554
f 205 204 1559
f 1556 1560 1557
f 1561 1578 1557
f 1559 2592 1562
f 1560 1563 1561
f 1563 1565 1561
f 1562 120 119
f 119 1566 1564
f 1566 118 1567
f 1567 1878 1568
f 1566 1569 1564
f 1568 1874 1570
f 1569 1571 1572
f 1572 1565 1564
f 1572 1573 1574
f 1574 1575 1565
f 1575 1576 1577
f 1577 1579 1578
f 1575 1561 1565
f 1579 1580 1581
f 1581 1582 1558
f 1579 1557 1578
f 1582 1583 1584
f 1584 1585 1555
f 1582 1554 1558
f 1584 2293 1586
f 1585 1587 1550
f 1585 1549 1555
f 1586 2295 1588
f 1588 1589 1545
f 1587 1544 1550
f 1589 1590 1591
f 1591 1592 1540
f 1589 1539 1545
f 1592 1593 1594
f 1594 1595 1536
f 1592 1535 1540
f 1595 1596 1597
f 1597 57 1598
f 1595 1532 1536
f 1597 1599 1600
f 1600 53 57
f 1600 1601 1602
f 1600 1603 53
f 1602 1604 1605
f 1602 1606 1603
f 1605 1611 1607
f 1606 1608 1609
f 1609 54 1603
f 1608 49 1610
f 1610 55 54
f 49 11 10
f 10 12 55
f 1611 1613 1612
f 1612 50 1608
f 1612 1614 1615
f 1615 51 50
f 1614 2311 1616
f 1616 1617 51
f 1617 1618 1619
f 1619 1622 1620
f 1617 1621 51
f 1622 2323 1623
f 1620 1624 1621
f 1623 2329 1625
f 1624 1626 1627
f 1627 47 1621
f 1626 1629 1628
f 1627 48 47
f 1629 1634 1630
f 1628 1631 48
f 8 11 48
f 1630 1633 1632
f 1631 63 8
f 1633 1634 1635
f 1635 1637 1636
f 1633 64 1632
f 1637 1130 1638
f 1636 1639 64
f 1635 1640 1135
f 1135 1132 1637
f 1634 1641 1640
f 1629 1626 1642
f 1641 1643 1644
f 1644 1136 1640
f 1642 2333 1645
f 1643 1646 1647
f 1647 1138 1644
f 1645 2332 1648
f 1646 1649 1650
f 1650 1140 1647
f 1650 1651 1652
f 1652 1141 1140
f 1651 1654 1653
f 1652 1144 1141
f 1654 1655 1151
f 1653 1147 1144
f 1655 1656 1657
f 1657 1658 1154
f 1655 1152 1151
f 1658 1659 1660
f 1660 1661 1158
f 1658 1155 1154
f 1661 1662 1663
f 1663 1665 1664
f 1661 1159 1158
f 1665 1666 1667
f 1665 1668 1669
f 1669 1162 1664
f 1669 1670 1671
f 1671 1163 1162
f 1671 1672 1673
f 1673 1165 1163
f 1673 1674 1675
f 1675 1167 1165
f 1675 1676 1677
f 1675 1170 1167
f 1676 1679 1678
f 1677 1172 1170
f 1679 1681 1680
f 1678 1174 1172
f 1681 1683 1682
f 1680 1177 1174
f 1683 1686 1684
f 1682 1685 1177
f 1684 1687 1688
f 1688 1689 1685
f 1689 1690 1691
f 1691 1692 1180
f 1689 1178 1685
f 1692 1693 1694
f 1694 1695 1184
f 1692 1181 1180
f 1695 1696 1697
f 1697 40 39
f 1695 1185 1184
f 1696 2383 1698
f 1697 1699 40
f 1698 2389 1700
f 1699 1701 1702
f 1702 38 40
f 1702 1703 1704
f 1704 1707 38
f 1704 1705 1706
f 1706 1708 1707
f 1708 5 1707
f 1708 1709 46
f 46 3 2
f 1706 1710 1709
f 1705 2300 1711
f 1710 1712 1713
f 1713 45 1709
f 1713 1714 1715
f 1713 1716 45
f 1714 2296 1717
f 1715 1718 1716
f 1719 44 1716
f 1717 2294 1720
f 1718 1721 1719
f 1721 1723 1719
f 1720 2292 1724
f 1724 1725 1722
f 1725 1727 1722
f 1725 1728 1729
f 1729 1730 1726
f 1730 1732 1726
f 1730 1733 1734
f 1734 1735 1731
f 1735 1737 1731
f 1735 1738 1739
f 1739 1740 1736
f 1740 1742 1736
f 1740 1743 1744
f 1744 1745 1741
f 1745 1747 1741
f 1745 1748 1749
f 1749 1750 1746
f 1750 1751 1746
f 1750 1752 1753
f 1753 267 266
f 1753 1754 1755
f 1755 1756 267
f 1756 1757 1758
f 1758 1760 1759
f 1756 264 267
f 1759 1761 1762
f 1762 265 264
f 1762 1763 1764
f 1764 1765 265
f 1765 1766 1767
f 1767 1769 1768
f 1765 268 265
f 1769 1771 1770
f 1768 1751 268
f 1771 1772 1747
f 1770 1746 1751
f 1771 2273 1773
f 1772 1774 1742
f 1772 1741 1747
f 1773 2276 1775
f 1775 1776 1737
f 1774 1736 1742
f 1776 1777 1778
f 1778 1779 1732
f 1776 1731 1737
f 1779 1780 1781
f 1781 1782 1727
f 1779 1726 1732
f 1782 1783 1784
f 1784 1787 1723
f 1782 1722 1727
f 1784 1785 1786
f 1786 43 1787
f 1786 1788 1789
f 1786 1790 43
f 1789 1791 1792
f 1792 1793 1790
f 1793 1794 1795
f 1795 153 1796
f 1796 42 1790
f 1796 157 6
f 6 3 42
f 1794 1798 1799
f 1799 154 1795
f 1792 1791 1797
f 1799 1800 1801
f 1801 155 154
f 1801 1802 1803
f 1803 1804 155
f 1803 1806 1805
f 1805 1196 1194
f 1804 1192 155
f 1806 1808 1807
f 1807 1198 1196
f 1807 1226 1225
f 1225 1809 1198
f 1809 1199 1198
f 1809 1223 1810
f 1810 1811 1201
f 1811 1202 1201
f 1810 1219 1217
f 1217 1216 1205
f 1808 1230 1226
f 1808 1812 1234
f 1812 1235 1234
f 1806 1803 1802
f 1802 1813 1239
f 1813 1240 1239
f 1813 1800 1814
f 1814 1815 1244
f 1815 1245 1244
f 1815 1816 1817
f 1817 1818 1249
f 1818 1250 1249
f 1818 1819 1820
f 1820 239 1254
f 1819 1822 1821
f 1820 242 239
f 1822 2283 1823
f 1821 1824 242
f 1825 243 242
f 1823 2287 1826
f 1824 1827 1825
f 1827 1829 1825
f 1826 2289 1830
f 1830 1831 1828
f 1831 1833 1828
f 1831 1834 1835
f 1835 1836 1832
f 1836 1838 1832
f 1836 1839 1840
f 1840 1841 1837
f 1841 1843 1837
f 1841 1844 1845
f 1845 1846 1842
f 1846 1848 1842
f 1846 1849 1850
f 1850 1851 1847
f 1852 1905 1847
f 1851 1853 1854
f 1851 1855 1852
f 1856 1901 1852
f 1854 2264 1857
f 1855 1858 1856
f 1859 1902 1856
f 1858 1860 262
f 1858 261 1859
f 1857 2264 1861
f 1860 1862 1863
f 1863 259 262
f 1863 1864 1865
f 1865 260 259
f 1866 1889 260
f 1865 1867 1866
f 1868 1886 1866
f 1864 2261 1869
f 1867 1870 1868
f 1871 1880 1868
f 1870 1757 1872
f 1872 1873 1871
f 1873 1875 1871
f 1873 1754 1876
f 1876 1570 1874
f 1876 1752 1877
f 1877 1571 1570
f 1877 1749 1748
f 1748 1573 1571
f 1878 1881 1879
f 1875 1880 1871
f 1874 1568 1878
f 1881 2203 1882
f 1879 1883 1880
f 1882 2206 1884
f 1883 1885 1886
f 1886 1868 1880
f 1884 2208 1887
f 1885 1888 1889
f 1889 1866 1886
f 1887 1891 1890
f 1888 258 257
f 257 260 1889
f 1891 2209 1892
f 1890 1893 258
f 1893 1894 1895
f 1895 1902 1859
f 1859 261 258
f 1895 1896 1897
f 1895 1898 1902
f 1897 1941 1899
f 1898 1900 1901
f 1901 1856 1902
f 1899 1937 1903
f 1900 1904 1905
f 1905 1852 1901
f 1903 1934 1906
f 1904 1907 1848
f 1848 1847 1905
f 1906 1931 1908
f 1908 1909 1843
f 1907 1842 1848
f 1909 1910 1911
f 1911 1912 1838
f 1909 1837 1843
f 1912 1913 1914
f 1914 1915 1833
f 1912 1832 1838
f 1915 1916 1917
f 1917 1918 1829
f 1915 1828 1833
f 1918 1919 161
f 161 164 243
f 1918 1825 1829
f 1917 1920 1919
f 1920 1922 1923
f 1923 162 1919
f 1916 1924 1921
f 1924 1926 1921
f 1924 1914 1913
f 1913 1927 1925
f 1928 2212 1925
f 1927 1911 1910
f 1927 1929 1928
f 1930 2210 1928
f 1910 1908 1931
f 1929 1932 1930
f 1933 17 1930
f 1931 1906 1934
f 1932 1935 1933
f 1935 66 1933
f 1934 1903 1937
f 1937 1938 1936
f 1938 1940 1936
f 1938 1899 1941
f 1941 1942 1939
f 1942 1944 1939
f 1942 1897 1896
f 1896 1945 1943
f 1945 1947 1943
f 1945 1894 1948
f 1948 1949 1946
f 1950 1983 1946
f 1948 2209 1951
f 1949 1952 1950
f 1953 1980 1950
f 1951 2207 1954
f 1952 1955 1953
f 1956 1977 1953
f 1954 2205 1957
f 1955 1958 1956
f 1959 1974 1956
f 1957 2204 1960
f 1958 1961 1959
f 1961 1963 1959
f 1960 2201 1964
f 1964 1965 1962
f 1965 1967 1962
f 1965 117 116
f 116 121 1966
f 1967 1968 1969
f 1969 1963 1962
f 1966 208 207
f 1969 1551 1970
f 1970 1971 1963
f 1970 1546 1972
f 1971 1973 1974
f 1974 1959 1963
f 1972 1541 1975
f 1973 1976 1977
f 1977 1956 1974
f 1975 2200 1978
f 1976 1979 1980
f 1980 1953 1977
f 1978 2199 1981
f 1979 1982 1983
f 1983 1950 1980
f 1981 2198 1984
f 1982 1985 1947
f 1947 1946 1983
f 1984 2197 1986
f 1986 1987 1944
f 1985 1943 1947
f 1987 1988 1989
f 1989 1992 1940
f 1987 1939 1944
f 1989 1990 1991
f 1991 67 1992
f 1991 1993 1994
f 1994 68 67
f 1994 1995 1996
f 1996 1999 68
f 1996 1997 1998
f 1998 75 1999
f 1997 2001 2000
f 2000 2007 75
f 2001 2110 2002
f 2000 2003 2007
f 2002 2108 2004
f 2003 2005 2006
f 2006 73 2007
f 2006 2008 2009
f 2009 74 73
f 2008 2114 2010
f 2009 2011 74
f 2010 2119 2012
f 2011 2013 2014
f 2014 70 74
f 2014 2015 2016
f 2014 2017 70
f 2016 2018 2019
f 2019 2022 2017
f 2019 2020 2021
f 2021 174 2022
f 2021 2023 2024
f 2024 175 174
f 2020 2025 1364
f 2023 1362 1361
f 1361 1346 2024
f 2025 2018 2026
f 2026 1369 1367
f 2025 1365 1364
f 2026 2015 2027
f 2027 1373 1369
f 2027 2013 2028
f 2028 2030 1373
f 2028 2012 2029
f 2029 2031 2030
f 2031 2032 2033
f 2031 2034 2035
f 2035 1374 2030
f 2033 2121 2036
f 2034 2037 2038
f 2038 1376 2035
f 2038 2039 2040
f 2040 1377 1376
f 2039 2043 2041
f 2040 2042 1377
f 2043 2046 2044
f 2041 2045 2042
f 2044 1440 1438
f 2045 1436 1383
f 1383 1379 2042
f 2046 1442 1440
f 2046 2047 2048
f 2048 2049 1442
f 2049 2050 2051
f 2051 2052 1445
f 2049 1443 1442
f 2052 2053 2054
f 2054 2056 2055
f 2052 1446 1445
f 2056 2057 2058
f 2056 2059 2060
f 2060 1449 2055
f 2060 2061 2062
f 2062 1450 1449
f 2059 2144 2063
f 2061 2064 1455
f 1455 1453 2062
f 1459 1456 1455
f 2063 2146 2065
f 2064 2066 1459
f 2067 1460 1459
f 2065 2149 2068
f 2066 2069 2067
f 1465 1463 2067
f 2068 2072 2070
f 2069 2071 1465
f 2072 2074 2073
f 2070 1472 2071
f 2074 2075 2076
f 2076 2078 2077
f 2074 1474 2073
f 2077 2079 2080
f 2080 1475 1474
f 2080 2081 2082
f 2082 1477 1475
f 2082 2083 2084
f 2084 1479 1477
f 2084 2085 2086
f 2086 2087 1479
f 2087 1480 1479
f 2087 2088 2089
f 2089 2090 1484
f 2090 1485 1484
f 2090 2091 2092
f 2092 1490 1488
f 2092 2093 2094
f 2094 1493 1490
f 2094 2095 2096
f 2096 2099 1493
f 2096 2097 2098
f 2098 2100 2099
f 2101 1494 2099
f 2100 2102 2103
f 2100 2104 2101
f 2105 1497 2101
f 2103 2111 2106
f 2104 2107 2105
f 1501 1499 2105
f 2106 2004 2108
f 2107 2109 1501
f 2109 1502 1501
f 2108 2002 2110
f 2110 1510 1504
f 2111 2005 2004
f 2103 2102 2112
f 2111 2008 2005
f 2102 2115 2113
f 2112 2114 2008
f 2115 2182 2116
f 2113 2117 2114
f 2116 2120 2118
f 2117 2032 2119
f 2119 2010 2114
f 2120 2122 2121
f 2118 2033 2032
f 2122 2123 2124
f 2122 2125 2126
f 2126 2036 2121
f 2126 2127 2128
f 2128 2037 2036
f 2128 2129 2130
f 2130 2039 2037
f 2129 2131 2047
f 2130 2043 2039
f 2131 2132 2133
f 2133 2134 2050
f 2131 2048 2047
f 2134 2135 2136
f 2136 2137 2053
f 2134 2051 2050
f 2137 2138 2139
f 2139 2140 2057
f 2137 2054 2053
f 2140 2141 105
f 2140 2142 2143
f 2140 2058 2057
f 2144 2059 2058
f 2143 2145 2144
f 2146 2063 2144
f 2142 104 2147
f 2145 2148 2146
f 2149 2065 2146
f 2147 2151 2150
f 2148 2075 2149
f 2151 2153 2152
f 2150 2076 2075
f 2153 2155 2154
f 2152 2078 2076
f 2155 2157 2156
f 2154 2079 2078
f 2157 125 124
f 124 2081 2079
f 2157 2158 2159
f 2159 126 125
f 2159 2160 2161
f 2161 2162 126
f 2162 127 126
f 2162 2164 2165
f 2165 2166 2163
f 2166 2168 2163
f 2166 2169 2170
f 2170 2171 2167
f 2171 2173 2167
f 2171 2174 2175
f 2175 2176 2172
f 2176 2178 2172
f 2176 2179 2180
f 2180 2181 2177
f 2181 2095 2177
f 2181 2123 2182
f 2182 2115 2097
f 2180 2124 2123
f 2175 2174 2183
f 2183 2125 2124
f 2183 2184 2185
f 2185 2127 2125
f 2184 2186 2132
f 2185 2129 2127
f 2186 2169 2187
f 2187 2188 2135
f 2186 2133 2132
f 2188 2164 2189
f 2189 2190 2138
f 2188 2136 2135
f 2190 2160 2191
f 2191 106 2141
f 2190 2139 2138
f 2191 2158 2192
f 2192 107 106
f 2153 2151 107
f 2192 2155 2153
f 2189 2161 2160
f 2187 2165 2164
f 2184 2170 2169
f 2178 2091 2193
f 2193 2173 2172
f 2177 2095 2093
f 2193 2089 2088
f 2088 2194 2173
f 2194 2086 2085
f 2085 2195 2168
f 2194 2167 2173
f 2195 127 2163
f 2151 104 107
f 2120 2116 2182
f 2115 2098 2097
f 2083 123 2195
f 2081 124 123
f 2072 2068 2149
f 2029 2012 2119
f 2001 1511 1510
f 1997 1513 1511
f 1995 2196 1513
f 1993 1521 2196
f 1990 1523 1521
f 1988 1526 1523
f 1988 2197 1526
f 2198 1527 2197
f 2199 1530 2198
f 2200 1533 2199
f 1541 1537 2200
f 1972 1542 1541
f 1970 1547 1546
f 121 2592 208
f 2201 2202 117
f 2202 2203 1881
f 1881 1878 1567
f 2202 118 117
f 2201 2204 2203
f 2204 2205 2206
f 2206 1882 2203
f 2205 2207 2208
f 2208 1884 2206
f 2207 2209 1891
f 1891 1887 2208
f 1894 1892 2209
f 1992 66 1936
f 16 15 2211
f 2210 2212 1928
f 2210 17 16
f 15 177 176
f 2211 2213 2212
f 176 172 2214
f 2213 2215 1926
f 1926 1925 2212
f 2215 2216 2217
f 2217 2218 1922
f 1922 1921 1926
f 2218 2219 2220
f 2220 2222 2221
f 2218 1923 1922
f 2221 2223 2224
f 2221 162 1923
f 2222 2257 2225
f 2223 2226 2227
f 2227 159 2224
f 2227 2228 2229
f 2229 160 159
f 2230 2259 160
f 2228 2231 2230
f 2231 1270 2230
f 2231 2232 2233
f 2233 1274 1272
f 2233 2234 2235
f 2235 1276 1274
f 2235 2236 2237
f 2237 2238 1276
f 2238 1277 1276
f 2238 2239 2240
f 2240 2241 1279
f 2241 1280 1279
f 2241 2242 2243
f 2243 2244 1282
f 2244 1283 1282
f 2244 2245 2246
f 2246 2247 1285
f 2247 1286 1285
f 2247 1304 1298
f 1298 1290 1288
f 2246 1305 1304
f 2243 1308 2245
f 2240 2239 2248
f 2248 1309 1308
f 2248 2249 1317
f 1317 1311 1309
f 2239 2236 2249
f 2236 2250 2251
f 2251 1318 2249
f 2234 2232 2252
f 2250 2253 2254
f 2254 1320 2251
f 2255 1321 1320
f 2254 2256 2255
f 1332 1328 2255
f 2253 2225 2257
f 2256 2258 1332
f 2258 1333 1332
f 2257 2222 2220
f 2220 2219 1337
f 2252 2226 2225
f 2232 2228 2226
f 2259 1266 2260
f 2259 165 160
f 2230 1270 1268
f 2219 1338 1337
f 2217 2216 1342
f 2216 1343 1342
f 2214 172 1345
f 1872 1755 1754
f 1869 1758 1757
f 2261 1862 2262
f 2261 1760 1758
f 2262 1861 2263
f 2263 1761 1760
f 2263 2264 2265
f 2265 1763 1761
f 2264 1854 1853
f 1853 2266 1763
f 2266 1850 1849
f 1849 2267 1766
f 2266 1764 1763
f 2267 1845 1844
f 1844 2269 2268
f 2267 1767 1766
f 2269 2271 2270
f 2268 1769 1767
f 2270 2272 2273
f 2270 1771 1769
f 2271 2291 2274
f 2272 2275 2276
f 2276 1773 2273
f 2274 2290 2277
f 2275 2278 1777
f 1777 1775 2276
f 2277 2288 2279
f 2279 2280 1780
f 2278 1778 1777
f 2280 2281 2282
f 2282 1785 1783
f 2280 1781 1780
f 2282 2283 2284
f 2284 1788 1785
f 2284 1822 2285
f 2285 1791 1788
f 2285 1819 2286
f 2286 1797 1791
f 2286 1817 1816
f 1816 1798 1797
f 2287 1823 2283
f 2281 2288 2287
f 2289 1826 2287
f 2288 2290 2289
f 1834 1830 2289
f 2290 2291 1834
f 2291 1835 1834
f 2271 2269 1839
f 2269 1840 1839
f 1814 1800 1798
f 1744 1743 1573
f 1739 1738 1576
f 1743 1574 1573
f 1734 1733 1580
f 1738 1577 1576
f 1729 1728 1583
f 1733 1581 1580
f 1728 2292 2293
f 2293 1584 1583
f 2292 2294 2295
f 2295 1586 2293
f 1787 44 1719
f 2294 2296 1590
f 1590 1588 2295
f 1714 2297 1593
f 2296 1591 1590
f 2297 1712 2298
f 2298 1599 1596
f 2297 1594 1593
f 2298 1711 2299
f 2299 1601 1599
f 2299 2300 2301
f 2301 1604 1601
f 2301 2302 2303
f 2303 2304 1604
f 2304 2305 2306
f 2304 1613 1611
f 2304 1605 1604
f 2306 2307 2308
f 2306 1614 1613
f 2308 2309 2310
f 2308 2311 1614
f 2310 2312 2313
f 2310 2314 2311
f 2313 2397 2315
f 2314 2316 1618
f 1618 1616 2311
f 2315 2401 2317
f 2316 2318 2319
f 2319 1619 1618
f 2318 2321 2320
f 2319 1622 1619
f 2321 2324 2322
f 2320 2323 1622
f 2324 2413 2325
f 2322 2326 2323
f 2326 2327 2328
f 2328 2330 2329
f 2329 1623 2323
f 2330 2331 2332
f 2332 1645 2333
f 2330 1625 2329
f 2328 2327 2334
f 2331 2335 2336
f 2336 1648 2332
f 2336 2337 2338
f 2338 1649 1648
f 2338 2339 2340
f 2340 1651 1649
f 2339 2341 1656
f 2340 1654 1651
f 2341 2342 2343
f 2343 2344 1659
f 2341 1657 1656
f 2344 2345 2346
f 2346 2347 1662
f 2344 1660 1659
f 2347 2348 2349
f 2349 2350 1666
f 2347 1663 1662
f 2350 2351 2352
f 2352 2354 2353
f 2350 1667 1666
f 2354 245 2355
f 2353 1668 1667
f 245 249 2356
f 2356 1670 1668
f 2356 2357 2358
f 2358 1672 1670
f 2358 2359 2360
f 2360 1674 1672
f 2360 2361 2362
f 2362 1676 1674
f 2362 2363 2364
f 2362 1679 1676
f 2364 2365 2366
f 2364 1681 1679
f 2366 2367 2368
f 2366 1683 1681
f 2368 2369 2370
f 2368 1686 1683
f 2370 2371 2372
f 2372 1687 1686
f 2372 2373 2374
f 2374 2375 1687
f 2375 2376 2377
f 2377 2378 1690
f 2375 1688 1687
f 2378 2379 2380
f 2380 2381 1693
f 2378 1691 1690
f 2380 2384 2382
f 2381 2383 1696
f 2381 1694 1693
f 2384 2467 2385
f 2382 2386 2383
f 2385 2392 2387
f 2386 2388 2389
f 2389 1698 2383
f 2387 2312 2309
f 2388 2307 2390
f 2390 1700 2389
f 2390 2305 2391
f 2391 1701 1700
f 2391 2303 2302
f 2302 1703 1701
f 2392 2393 2312
f 2393 2394 2395
f 2393 2396 2397
f 2393 2313 2312
f 2396 2398 2399
f 2396 2400 2401
f 2401 2315 2397
f 2400 2402 2403
f 2400 2404 2405
f 2405 2317 2401
f 2404 2407 2406
f 2405 2318 2317
f 2407 2409 2408
f 2406 2321 2318
f 2409 2411 2410
f 2408 2324 2321
f 2411 2414 2412
f 2410 2413 2324
f 2412 2415 2416
f 2416 2417 2413
f 2417 2418 2419
f 2419 2334 2327
f 2417 2325 2413
f 2419 2420 2421
f 2421 2335 2334
f 2421 2422 2423
f 2423 2337 2335
f 2423 2424 2342
f 2342 2339 2337
f 2422 2495 2425
f 2425 2426 2345
f 2424 2343 2342
f 2426 2427 2428
f 2428 2429 2348
f 2426 2346 2345
f 2429 2430 2431
f 2431 2432 2351
f 2429 2349 2348
f 2432 2433 2434
f 2434 2436 2435
f 2432 2352 2351
f 2436 247 246
f 2435 2354 2352
f 2436 2437 2438
f 2438 2439 247
f 2439 2440 2441
f 2441 2443 2442
f 2439 248 247
f 2443 2359 2357
f 2442 249 248
f 2443 2444 2445
f 2445 2361 2359
f 2445 2446 2447
f 2447 2363 2361
f 2447 2448 2449
f 2449 2365 2363
f 2449 2450 2451
f 2451 2367 2365
f 2451 2452 2453
f 2453 2369 2367
f 2453 2454 2455
f 2455 2371 2369
f 2455 2456 2457
f 2457 2373 2371
f 2457 2458 2459
f 2459 2460 2373
f 2460 2461 2462
f 2462 2463 2376
f 2460 2374 2373
f 2462 2530 2464
f 2463 2465 2379
f 2463 2377 2376
f 2464 2468 2466
f 2465 2467 2384
f 2384 2380 2379
f 2468 2470 2469
f 2466 2394 2467
f 2470 2471 2398
f 2469 2395 2394
f 2471 2472 2473
f 2473 2474 2402
f 2471 2399 2398
f 2474 2475 2476
f 2476 88 2477
f 2474 2403 2402
f 88 90 2478
f 2477 2404 2403
f 2478 2479 2480
f 2478 2407 2404
f 2480 2481 2482
f 2482 2409 2407
f 2482 2483 2484
f 2484 2411 2409
f 2484 2485 2486
f 2486 2414 2411
f 2486 2487 2488
f 2488 2415 2414
f 2488 2489 2490
f 2490 2491 2415
f 2491 2492 2493
f 2493 2420 2418
f 2491 2416 2415
f 2493 2494 2495
f 2495 2422 2420
f 2492 2555 2496
f 2496 2497 2427
f 2427 2425 2495
f 2497 2498 2499
f 2499 2500 2430
f 2497 2428 2427
f 2500 2501 2502
f 2502 2503 2433
f 2500 2431 2430
f 2503 2504 2505
f 2505 2506 2437
f 2503 2434 2433
f 2506 2507 2508
f 2508 2509 2440
f 2506 2438 2437
f 2509 2510 2511
f 2511 2446 2444
f 2509 2441 2440
f 2511 2512 2513
f 2513 2448 2446
f 2513 2514 2515
f 2515 2450 2448
f 2515 2516 2517
f 2517 2452 2450
f 2517 2518 2519
f 2519 2454 2452
f 2519 2520 2521
f 2521 2456 2454
f 2521 2522 2523
f 2523 2458 2456
f 2522 2583 2524
f 2523 2525 2458
f 2524 2582 2526
f 2525 2527 2461
f 2461 2459 2458
f 2526 2532 2528
f 2527 2529 2530
f 2530 2462 2461
f 2528 2531 2472
f 2529 2470 2468
f 2468 2464 2530
f 2531 2532 2533
f 2533 2534 2475
f 2531 2473 2472
f 2534 2535 2536
f 2536 87 86
f 2534 2476 2475
f 2536 2537 2538
f 2538 2539 87
f 2539 2540 2541
f 2541 2543 2542
f 2539 89 87
f 2543 2481 2479
f 2542 90 89
f 2543 2544 2545
f 2545 2483 2481
f 2545 2546 2547
f 2547 2485 2483
f 2547 2548 2549
f 2549 2487 2485
f 2549 2550 2551
f 2551 2489 2487
f 2551 2552 2553
f 2553 2555 2489
f 2553 2554 2498
f 2498 2496 2555
f 2552 2567 2556
f 2556 2557 2501
f 2554 2499 2498
f 2557 2558 2559
f 2559 2560 2504
f 2557 2502 2501
f 2560 2561 145
f 145 144 2507
f 2560 2505 2504
f 2558 2562 2561
f 2563 2588 2564
f 2562 142 2561
f 2562 2565 2563
f 2566 2573 2563
f 2558 2556 2567
f 2565 2568 2566
f 2569 2570 2566
f 2567 2552 2550
f 2568 2548 2569
f 2571 2578 2572
f 2570 2573 2566
f 2570 2574 2571
f 2575 2576 2571
f 2569 2548 2546
f 2574 2544 2575
f 2577 149 148
f 2576 2578 2571
f 2576 2540 2577
f 2537 2579 149
f 2577 2538 2537
f 2579 150 149
f 2579 2535 2581
f 2581 2582 2580
f 2581 2533 2532
f 2532 2526 2582
f 2580 151 150
f 2582 2524 2583
f 2575 2541 2540
f 2578 147 2584
f 2572 2585 2573
f 2584 2591 2586
f 2585 2587 2588
f 2588 2563 2573
f 2589 2564 2588
f 2586 2520 2518
f 2587 2516 2589
f 2590 142 2564
f 2589 2514 2590
f 2591 2522 2520
f 2591 147 151
f 151 2583 2522
f 2512 143 2590
f 2510 144 143
f 2508 2507 144
f 2555 2490 2489
f 2392 2385 2467
f 2300 1705 1703
f 2333 1626 1625
f 2592 121 120
f 2592 204 208
f 1552 1968 206
f 1598 56 1529
f 2196 1514 1513
f 1507 1639 2593
f 2593 1122 1121
f 1100 102 101
f 2071 1466 1465
f 2260 2594 165
f 1265 768 767
f 767 1261 1260
f 1264 772 770
f 1261 765 764
f 764 1257 1256
f 1258 163 2594
f 1257 762 2595
f 2595 1253 1252
f 1253 760 759
f 759 1248 1247
f 1248 757 756
f 756 1243 1242
f 1243 754 753
f 753 1238 1237
f 1238 751 750
f 750 1233 1232
f 1233 748 747
f 747 1229 1228
f 1216 1206 1205
f 1638 2593 1639
f 1126 1084 1088
f 1112 1087 1092
f 1109 219 218
f 1098 1097 102
f 1037 1031 1030
f 284 283 1019
f 282 286 633
f 1015 632 1010
f 1014 283 282
f 1004 254 253
f 1002 251 254
f 994 989 1423
f 603 601 600
f 600 598 2596
f 2596 596 2597
f 2597 594 2598
f 2598 591 2599
f 2599 588 2600
f 958 957 1400
f 957 201 1400
f 955 169 168
f 953 1371 169
f 915 823 1302
f 912 825 823
f 910 826 825
f 881 851 849
f 876 857 855
f 880 853 851
f 1295 280 279
f 745 94 1229
f 499 2602 450
f 659 658 188
f 1047 185 658
f 2600 230 229
f 731 515 513
f 726 35 33
f 2601 451 2602
f 497 453 2601
f 389 112 111
f 614 113 112
f 615 192 191
f 373 193 192
f 341 179 462
f 310 522 305
f 459 183 236
f 236 183 182
f 72 71 173
f 177 14 72
f 2022 71 2017
f 1188 4 157
f 1999 19 68
f 76 14 19

