# https://github.com/mikedh/trimesh

o Stage1_3Dcross_NEW_Rescaled_17.stl
v 0.01451319 0.01834730 -0.01868257
v 0.01418983 0.01854212 -0.02057037
v 0.00919471 0.02149476 -0.02156709
v 0.01866932 0.01444837 -0.01839548
v 0.01797889 0.01494446 -0.01994443
v 0.01814747 0.01732044 -0.01571123
v 0.01383375 0.02063685 -0.01881311
v 0.01707642 0.01959583 -0.01594175
v 0.01376111 0.01889661 0.01933097
v 0.01341297 0.01913489 0.02132482
v 0.01824122 0.01462366 0.02085921
v 0.01847132 0.01434193 0.01945684
v 0.01708851 0.01815150 0.01594640
v 0.01623975 0.02027064 0.01677758
v -0.01434423 0.01848157 0.01849506
v -0.01838671 0.01458265 0.01829126
v -0.01795947 0.01495276 0.02032449
v -0.01414208 0.01857044 0.02070548
v -0.00895434 0.02165101 0.02159538
v -0.01804589 0.01835316 0.01489355
v -0.01400048 0.02092884 0.01867233
v -0.01753051 0.02044349 0.01543655
v -0.01438720 -0.01843981 0.01870313
v -0.01823254 -0.01465270 0.01908925
v -0.01805578 -0.01781432 0.01517407
v -0.00906335 -0.02154919 0.02164017
v -0.01425610 -0.01849011 0.02086465
v -0.01806494 -0.01484655 0.02055720
v -0.01731628 -0.02013757 0.01567688
v -0.01378661 -0.02087341 0.01883054
v -0.01538488 -0.01759899 -0.01836314
v -0.01077416 -0.02077526 -0.02092286
v -0.01500500 -0.01991491 -0.01792900
v -0.01531469 -0.01764294 -0.02026976
v -0.01938757 -0.01322839 -0.01931469
v -0.01898766 -0.01364391 -0.02066053
v -0.01837670 -0.01959948 -0.01446564
v 0.01522901 -0.01773766 -0.01867193
v 0.01941346 -0.01307116 -0.01941379
v 0.01852637 -0.01687145 -0.01618131
v 0.01530897 -0.01764440 -0.02041401
v 0.01054725 -0.02089343 -0.02109226
v 0.01730506 -0.01907751 -0.01570464
v 0.01443470 -0.01998327 -0.01837424
v 0.01428895 -0.01868786 0.01851089
v 0.01750465 -0.01549841 0.01839734
v 0.01707215 -0.01593249 0.02024538
v 0.01373768 -0.01887145 0.02092234
v 0.00915613 -0.02151013 0.02155388
v 0.01408729 -0.02090563 0.01861350
v 0.01784559 -0.02038903 0.01510543
v 0.01829761 -0.01857800 0.01457229
v -0.01581518 0.01720228 -0.01844058
v -0.02004882 0.01698450 -0.01605785
v -0.01817736 0.01925306 -0.01471066
v -0.01603967 0.01697083 -0.02035464
v -0.02006262 0.01203138 -0.02007193
v -0.01163696 0.02027210 -0.02058334
v -0.01510864 0.01971351 -0.01784074
v -0.04799963 0.00064026 0.01648408
v -0.04799963 0.00292786 0.01545406
v -0.04799963 0.00079261 0.01327707
v -0.04799963 0.00059778 0.01931243
v -0.04799963 -0.00156335 0.01542185
v -0.04799963 0.00149720 0.00641988
v -0.04799963 -0.00075329 0.00744306
v -0.04799963 0.00131995 0.00940081
v -0.04799963 0.00153089 0.00485257
v -0.04799963 0.00361732 0.00749581
v -0.04799963 0.00156312 -0.01684888
v -0.04799963 0.00370618 -0.01571348
v -0.04799963 0.00199866 -0.01952438
v -0.04799963 -0.00053405 -0.01609081
v -0.04799963 0.00150208 -0.01391340
v -0.04799963 -0.00153356 -0.01947785
v -0.00284264 0.04800110 -0.01807528
v -0.00312975 0.04800110 -0.02006287
v -0.00462097 0.04800110 -0.01690465
v -0.00240930 0.04800110 -0.01511588
v -0.00074035 0.04800110 -0.01735990
v 0.02310096 0.01713441 -0.01582230
v 0.02446644 0.02090247 -0.01038504
v 0.02505750 0.01711292 -0.01584762
v 0.02072535 0.01899769 -0.01363928
v 0.02430628 0.01266517 -0.01963478
v 0.02077881 0.01544349 -0.01753033
v 0.02328565 -0.01589391 -0.01706335
v 0.02509681 -0.00933679 -0.02138356
v 0.02517274 -0.01547155 -0.01743946
v 0.02118152 -0.01414489 -0.01859090
v 0.02562488 -0.01937145 -0.01304858
v 0.02089796 -0.01823522 -0.01458816
v 0.02417554 -0.01986755 -0.01230198
v 0.00705384 -0.01290466 0.04799596
v 0.00496644 -0.01272204 0.04799596
v 0.00771424 -0.01507165 0.04799596
v 0.01000599 -0.01340954 0.04799596
v 0.00811487 -0.01114733 0.04799596
v 0.00573243 -0.01011706 0.04799596
v 0.01138709 -0.04799890 0.00852065
v 0.00935633 -0.04799890 0.00952876
v 0.01123475 -0.04799890 0.00641027
v 0.01450342 -0.04799890 0.00663612
v 0.01356287 -0.04799890 0.00950587
v 0.01151319 -0.04799890 0.01177005
v 0.04800037 -0.00162341 -0.00695827
v 0.04800037 -0.00039977 -0.00964808
v 0.04800037 -0.00062585 -0.00551942
v 0.04800037 -0.00336901 -0.00436687
v 0.04800037 -0.00375231 -0.00635922
v 0.04800037 -0.00326891 -0.00978388
v -0.04799963 -0.00240710 -0.00857417
v -0.04799963 -0.00245397 -0.00699851
v -0.04799963 -0.00032507 -0.00927374
v -0.04799963 -0.00488659 -0.00983224
v -0.04799963 -0.00289245 -0.01145362
v 0.00242420 0.04800110 0.01695940
v 0.00447523 0.04800110 0.01565449
v 0.00199354 0.04800110 0.01382014
v 0.00306092 0.04800110 0.01943174
v 0.00018836 0.04800110 0.01624677
v -0.00055712 0.04800110 0.01960291
v 0.00864698 -0.04799890 -0.01794808
v 0.00598572 -0.04799890 -0.01811539
v 0.00636683 -0.04799890 -0.02251826
v 0.01025574 -0.04799890 -0.01601151
v 0.00705250 -0.04799890 -0.01487745
v 0.01018812 -0.04799890 -0.02105583
v 0.01351844 -0.04799890 -0.01909465
v -0.01043542 -0.00855798 -0.04800404
v -0.01177062 -0.01081091 -0.04800404
v -0.01365319 -0.00842761 -0.04800404
v -0.01105383 -0.00652282 -0.04800404
v -0.00862707 -0.00621472 -0.04800404
v -0.00844714 -0.00906481 -0.04800404
v 0.04800037 0.00847669 0.00701827
v 0.04800037 0.00795667 0.00519356
v 0.04800037 0.01193275 0.00789007
v 0.04800037 0.01008900 0.01061541
v 0.04800037 0.00651624 0.00841183
v 0.00425770 0.00587708 -0.04800404
v 0.00544007 0.00838978 -0.04800404
v 0.00801600 0.00665540 -0.04800404
v 0.00556263 0.00392103 -0.04800404
v 0.00361402 0.00261146 -0.04800404
v 0.00251063 0.00560462 -0.04800404
v 0.00293079 0.00940491 -0.04800404
v -0.00130187 -0.04799890 0.01807690
v -0.00181188 -0.04799890 0.02011134
v -0.00354760 -0.04799890 0.01657503
v 0.00086207 -0.04799890 0.01746112
v 0.00155433 -0.04799890 0.02013156
v -0.00115173 -0.04799890 0.01485360
v -0.02260217 0.01672571 -0.01629391
v -0.02208813 0.02046448 -0.01132323
v -0.02198486 0.01248109 -0.01975189
v -0.02054980 -0.01593981 0.01707956
v -0.02186254 -0.01947643 0.01291278
v -0.02264379 -0.01565612 0.01729922
v -0.02327099 -0.01906823 0.01347305
v -0.02268481 -0.01041198 0.02091232
v 0.02035340 -0.01701208 0.01600631
v 0.02258338 -0.01727770 0.01565797
v 0.02295545 -0.01378698 0.01885054
v 0.02254603 -0.02061755 0.01096046
v 0.02157508 -0.01322302 0.01928464
v 0.02038904 0.01530530 0.01765536
v 0.02281544 0.01452015 0.01827486
v 0.02258668 0.01783021 0.01506643
v 0.02097486 0.01838831 0.01438930
v -0.02001977 -0.01745593 -0.01555095
v -0.02148449 -0.01377819 -0.01889024
v -0.02259167 -0.01752184 -0.01540807
v -0.02241479 -0.02093786 -0.01038456
v -0.02060327 0.01632093 0.01672508
v -0.02276769 0.01621497 0.01679502
v -0.02269140 0.01096448 0.02063230
v -0.02196337 0.02004749 0.01201604
v -0.02340136 0.01969984 0.01253580
v 0.04800037 -0.01193444 -0.01076231
v 0.04800037 -0.00965417 -0.01180489
v 0.04800037 -0.00943786 -0.00860948
v 0.04800037 -0.01257214 -0.00846194
v 0.04800037 -0.01423376 -0.01277850
v 0.04800037 -0.01122057 -0.01538429
v 0.01747108 0.00180384 0.04799596
v 0.01591724 0.00410023 0.04799596
v 0.01438319 0.00151185 0.04799596
v 0.01970789 0.00247034 0.04799596
v 0.01693799 -0.00056286 0.04799596
v 0.01987781 -0.00122204 0.04799596
v -0.01361743 0.04800110 -0.00185714
v -0.01606213 0.04800110 -0.00192516
v -0.01576196 0.04800110 0.00108953
v -0.01262536 0.04800110 -0.00008714
v -0.01026074 0.04800110 -0.00194333
v -0.01238952 0.04800110 -0.00364359
v -0.01527953 0.04800110 -0.00496585
v 0.01741932 -0.00124450 -0.04800404
v 0.01610364 -0.00347350 -0.04800404
v 0.01406934 -0.00096911 -0.04800404
v 0.01972059 -0.00154479 -0.04800404
v 0.01649085 0.00121741 -0.04800404
v 0.01325562 0.04800110 0.00029407
v 0.01584669 0.04800110 0.00019947
v 0.01537244 0.04800110 -0.00270963
v 0.01215723 0.04800110 -0.00141824
v 0.00970447 0.04800110 0.00058498
v 0.01198670 0.04800110 0.00217883
v 0.01517493 0.04800110 0.00312569
v -0.01441845 -0.04799890 -0.00762596
v -0.01222900 -0.04799890 -0.00883230
v -0.01077880 -0.04799890 -0.00584995
v -0.01706017 -0.04799890 -0.00895488
v -0.01485314 -0.04799890 -0.01187391
v -0.01426501 -0.04799890 -0.00516202
v -0.01831835 -0.04799890 -0.00530014
v 0.04800037 0.00068519 0.01769550
v 0.04800037 0.00258021 0.01657864
v 0.04800037 0.00098450 0.01991752
v 0.04800037 -0.00262975 0.01964113
v 0.04800037 -0.00149059 0.01675317
v 0.04800037 0.00032142 0.01451253
v -0.01651135 0.00508509 -0.04800404
v -0.01495825 0.00648987 -0.04800404
v -0.01374902 0.00364808 -0.04800404
v -0.01881579 0.00609778 -0.04800404
v -0.01627648 0.00281360 -0.04800404
v -0.01954504 0.00283118 -0.04800404
v -0.00294653 -0.00160192 0.04799596
v -0.00438000 -0.00313073 0.04799596
v -0.00262341 -0.00460290 0.04799596
v -0.00326208 0.00075843 0.04799596
v -0.00565209 -0.00049743 0.04799596
v -0.00128979 -0.00208483 0.04799596
v -0.01614868 0.00248743 0.04799596
v -0.01891418 0.00327796 0.04799596
v -0.01922509 -0.00058727 0.04799596
v -0.01461096 0.00473987 0.04799596
v -0.01559594 0.00010999 0.04799596
v -0.01296874 0.00190638 0.04799596
v -0.01180554 -0.00109118 0.04799596
v -0.00923754 0.00094105 0.04799596
v -0.01047717 0.00425989 0.04799596
v -0.01237988 0.00787806 0.04799596
v -0.00778991 0.00642200 0.04799596
v -0.00940637 0.01050941 0.04799596
v -0.01504101 0.01132435 0.04799596
v -0.01755236 0.00742982 0.04799596
v -0.01153930 0.01454163 0.04799596
v -0.01827355 0.01462025 0.04799596
v -0.02120373 0.00986683 0.04799596
v -0.02294018 0.00466566 0.04799596
v -0.02104614 0.01016321 0.04449883
v -0.02283508 0.00494251 0.04458961
v -0.02335803 -0.00050475 0.04463850
v -0.02275060 0.00516810 0.04130420
v -0.02334924 -0.00037585 0.04140663
v -0.02261767 -0.00581774 0.04137159
v -0.02337719 -0.00027282 0.03846313
v -0.02262170 -0.00580212 0.03837086
v -0.02068554 -0.01083727 0.03811700
v -0.02070934 -0.01079431 0.04123027
v -0.02337084 -0.00018688 0.03578998
v -0.02261327 -0.00577624 0.03563795
v -0.02066540 -0.01087878 0.03528665
v -0.01783190 -0.01507507 0.03492053
v -0.01786254 -0.01503991 0.03780962
v -0.02262780 -0.00574011 0.03348553
v -0.02064404 -0.01089440 0.03294555
v -0.01783166 -0.01508141 0.03232743
v -0.01445898 -0.01833874 0.03233842
v -0.01447180 -0.01832018 0.03490411
v -0.02065588 -0.01086364 0.03080155
v -0.01784057 -0.01508044 0.03009377
v -0.01445995 -0.01834313 0.03012017
v -0.01018383 -0.02102429 0.03082004
v -0.01443334 -0.01833141 0.02822790
v -0.01010656 -0.02102526 0.02898872
v -0.00509924 -0.02277136 0.02971710
v -0.00998547 -0.02107604 0.02733031
v -0.00499584 -0.02279724 0.02829684
v 0.00003394 -0.02337682 0.02868716
v -0.00485827 -0.02282897 0.02695691
v 0.00008485 -0.02338366 0.02737739
v 0.00482215 -0.02284020 0.02701727
v 0.00490552 -0.02281677 0.02838168
v -0.00464794 -0.02288268 0.02568872
v 0.00012989 -0.02339147 0.02608672
v 0.00469703 -0.02287438 0.02570574
v 0.00937379 -0.02139343 0.02447514
v 0.00949341 -0.02132507 0.02596880
v 0.00017725 -0.02340075 0.02472643
v 0.00453968 -0.02291931 0.02434492
v 0.00021509 -0.02339977 0.02360927
v 0.00442615 -0.02294811 0.02314540
v 0.00924110 -0.02145104 0.02300136
v 0.00027552 -0.02458532 0.02338744
v 0.00461378 -0.02415124 0.02290387
v 0.00937647 -0.02287585 0.02136995
v 0.00033692 -0.02602526 0.02337662
v 0.00488563 -0.02557702 0.02283176
v 0.00963257 -0.02432311 0.02124921
v 0.00983643 -0.02579333 0.02115463
v 0.01410181 -0.02445300 0.01855853
v 0.01406214 -0.02265466 0.01862416
v 0.01747694 -0.02411706 0.01550066
v 0.01760010 -0.02234997 0.01536198
v 0.02045411 -0.02377770 0.01127545
v 0.02070325 -0.02222155 0.01084553
v 0.02237415 -0.02525915 0.00667779
v 0.02251417 -0.02382556 0.00624593
v 0.02114381 -0.02089929 0.01047980
v 0.02289844 -0.02261364 0.00591671
v 0.02331348 -0.02449255 0.00184325
v 0.02358448 -0.02332409 0.00163943
v 0.02414710 -0.02253503 0.00607983
v 0.02481129 -0.02332360 0.00151331
v 0.02554420 -0.02250036 0.00617147
v 0.02419031 -0.02051989 0.01110328
v 0.02617249 -0.02332311 0.00139946
v 0.02688843 -0.02249352 0.00617478
v 0.02567493 -0.02051696 0.01108017
v 0.02437147 -0.01746569 0.01543623
v 0.02721876 -0.02052184 0.01100811
v 0.02625733 -0.01767224 0.01522140
v 0.02645215 -0.01445300 0.01834078
v 0.02818702 -0.01785290 0.01503985
v 0.02830311 -0.01468591 0.01815711
v 0.02921839 -0.01078063 0.02071949
v 0.02753846 -0.01046765 0.02088180
v 0.03023218 -0.01490759 0.01797823
v 0.03100574 -0.01104919 0.02057200
v 0.03166602 -0.00651989 0.02242122
v 0.03235230 -0.01511462 0.01780579
v 0.03305811 -0.01131140 0.02041502
v 0.03364063 -0.00678796 0.02233646
v 0.03387452 -0.00186901 0.02330387
v 0.03572889 -0.00703259 0.02225373
v 0.03593763 -0.00211559 0.02328473
v 0.03580652 0.00296888 0.02314024
v 0.03851368 -0.00240905 0.02326807
v 0.03844935 0.00264368 0.02320708
v 0.03821912 0.00754163 0.02211068
v 0.04138392 0.00226819 0.02321832
v 0.04124439 0.00710755 0.02221758
v 0.04105652 0.01153382 0.02028700
v 0.04456031 0.00662366 0.02241022
v 0.04449048 0.01102015 0.02061491
v 0.04442200 0.01485267 0.01800733
v 0.04800037 0.01044056 0.02092876
v 0.04800037 0.01439368 0.01843786
v 0.04800037 0.01786585 0.01510876
v 0.04800037 0.01105726 0.01557702
v 0.04800037 0.01392200 0.01282159
v 0.04800037 0.01629261 0.00932333
v 0.04800037 0.00778919 0.01291149
v 0.04800037 0.00787708 0.01773264
v 0.04800037 0.00525208 0.01489089
v 0.04800037 0.00477405 0.01038988
v 0.04800037 0.00258509 0.01242928
v 0.04800037 0.00261780 0.00824361
v 0.04800037 0.00468470 0.00651096
v 0.04800037 0.00025648 0.01035506
v 0.04800037 0.00116273 0.00624735
v 0.04800037 0.00395423 0.00457388
v 0.04800037 -0.00002184 0.00413316
v 0.04800037 0.00336536 0.00234159
v 0.04800037 0.00802991 0.00299271
v 0.04800037 0.00782630 0.00042682
v 0.04800037 0.01315540 0.00188645
v 0.04800037 0.01287708 0.00497636
v 0.04800037 0.01286194 -0.00144385
v 0.04800037 0.01823548 0.00119658
v 0.04800037 0.01777650 0.00531557
v 0.04800037 0.02261829 0.00595104
v 0.04800037 0.02071204 0.01090427
v 0.04800037 0.02338636 0.00059191
v 0.04461683 0.02266810 0.00567830
v 0.04452637 0.02084437 0.01058769
v 0.04116749 0.02096400 0.01027352
v 0.04095289 0.01834876 0.01438925
v 0.04443201 0.01812171 0.01474538
v 0.03784461 0.01860901 0.01408733
v 0.03772498 0.01569007 0.01728750
v 0.04092078 0.01528675 0.01763032
v 0.03483570 0.01603431 0.01699306
v 0.03510096 0.01240247 0.01975760
v 0.03793836 0.01200794 0.02002274
v 0.03264161 0.01273499 0.01953361
v 0.03324024 0.00823353 0.02184476
v 0.03548707 0.00792103 0.02195145
v 0.03120435 0.00848694 0.02172326
v 0.03178785 0.00344251 0.02307671
v 0.03369861 0.00323011 0.02311270
v 0.03018616 0.00360901 0.02302217
v 0.03042103 -0.00144567 0.02332311
v 0.03200562 -0.00164147 0.02331837
v 0.02887110 -0.00127184 0.02333266
v 0.02845252 -0.00596276 0.02258273
v 0.02995728 -0.00623278 0.02250860
v 0.02710230 -0.00568981 0.02265968
v 0.02608851 -0.01014538 0.02104107
v 0.02467310 -0.00975573 0.02123372
v 0.02475111 -0.01417419 0.01855644
v 0.02580677 -0.00539587 0.02274326
v 0.02328992 -0.00920886 0.02149236
v 0.02441541 -0.00505456 0.02284269
v 0.02204249 -0.00868688 0.02170638
v 0.02011439 -0.01246520 0.01978225
v 0.02319617 -0.00474206 0.02291468
v 0.02162867 -0.00885876 0.02299243
v 0.01959217 -0.01273864 0.02131494
v 0.01934827 -0.01307116 0.02302152
v 0.01681324 -0.01616833 0.02207795
v 0.01667103 -0.01628454 0.02392794
v 0.01360987 -0.01896032 0.02275564
v 0.01358008 -0.01894079 0.02469231
v 0.01664027 -0.01631725 0.02576882
v 0.01360352 -0.01895007 0.02638173
v 0.00956519 -0.02129138 0.02747685
v 0.01363599 -0.01894079 0.02822571
v 0.00962086 -0.02126843 0.02914928
v 0.00495167 -0.02280651 0.02983543
v 0.00966419 -0.02127233 0.03097015
v 0.00498902 -0.02282116 0.03152339
v -0.00000268 -0.02338073 0.03018645
v -0.00003552 -0.02339831 0.03179765
v 0.00502503 -0.02280456 0.03351843
v -0.00006164 -0.02339343 0.03365418
v -0.00526965 -0.02274548 0.03345644
v -0.00520507 -0.02277526 0.03148077
v -0.00528881 -0.02271618 0.03558037
v -0.01023742 -0.02099157 0.03524886
v -0.01022814 -0.02099841 0.03295111
v -0.01021569 -0.02102331 0.03804213
v -0.01444946 -0.01834362 0.03778571
v -0.01440307 -0.01835241 0.04098493
v -0.01788073 -0.01500036 0.04103259
v -0.01439587 -0.01841491 0.04445088
v -0.01793920 -0.01496227 0.04446905
v -0.02075305 -0.01072155 0.04455052
v -0.01801879 -0.01494177 0.04799596
v -0.02083215 -0.01064977 0.04799596
v -0.02262914 -0.00581237 0.04461828
v -0.02265673 -0.00579479 0.04799596
v -0.01703784 -0.00846423 0.04799596
v -0.01858972 -0.00457116 0.04799596
v -0.02338268 -0.00064294 0.04799596
v -0.01357372 -0.00626989 0.04799596
v -0.01486596 -0.00303015 0.04799596
v -0.01158434 -0.00938073 0.04799596
v -0.00877648 -0.00686804 0.04799596
v -0.01051672 -0.00405602 0.04799596
v -0.01466308 -0.01202868 0.04799596
v -0.01156823 -0.01507604 0.04799596
v -0.01436254 -0.01846325 0.04799596
v -0.00996533 -0.02115563 0.04799596
v -0.01008556 -0.02109167 0.04451037
v -0.00514990 -0.02278063 0.04458816
v -0.01015270 -0.02102477 0.04113800
v -0.00523327 -0.02272399 0.04130776
v -0.00004553 -0.02336169 0.04139492
v -0.00528222 -0.02274255 0.03830493
v -0.00007006 -0.02337829 0.03842606
v 0.00503113 -0.02279528 0.03836084
v 0.00503846 -0.02279333 0.04137130
v -0.00008105 -0.02338073 0.03572041
v 0.00502308 -0.02277819 0.03564340
v 0.00972230 -0.02123034 0.03536394
v 0.00972181 -0.02124450 0.03814906
v 0.00971290 -0.02124792 0.03304061
v 0.01362208 -0.01897692 0.03248225
v 0.01361109 -0.01899792 0.03497316
v 0.01363917 -0.01895300 0.03018224
v 0.01660242 -0.01639977 0.02988993
v 0.01659559 -0.01642419 0.03218898
v 0.01661097 -0.01636511 0.02779277
v 0.01907166 -0.01340710 0.02824160
v 0.01909229 -0.01333727 0.02633884
v 0.02129102 -0.00946081 0.02738237
v 0.01920496 -0.01322204 0.02469992
v 0.02137366 -0.00933483 0.02591882
v 0.02278223 -0.00503210 0.02687402
v 0.02147340 -0.00918151 0.02448655
v 0.02282947 -0.00493932 0.02557103
v 0.02337183 -0.00053991 0.02594450
v 0.02289283 -0.00479870 0.02407652
v 0.02337745 -0.00060046 0.02452293
v 0.02302003 0.00402796 0.02424065
v 0.02364820 -0.00065563 0.02337501
v 0.02334144 0.00376917 0.02306998
v 0.02181348 0.00889564 0.02162606
v 0.02457508 0.00384681 0.02304380
v 0.02308192 0.00926136 0.02144874
v 0.02470423 0.00916468 0.02145114
v 0.02594788 0.00385511 0.02302714
v 0.02625379 0.00900696 0.02150678
v 0.02480079 0.01398646 0.01864869
v 0.02432069 0.01739319 0.01554990
v 0.02655372 0.01368275 0.01887173
v 0.02607496 0.01708314 0.01589370
v 0.02689857 0.01968860 0.01255955
v 0.02806104 0.01684730 0.01618852
v 0.02867225 0.01945765 0.01290083
v 0.02956605 0.02159388 0.00886186
v 0.03052210 0.01924915 0.01320562
v 0.03129627 0.02147034 0.00915359
v 0.03182606 0.02293177 0.00448960
v 0.03331885 0.02134388 0.00944884
v 0.03378663 0.02288489 0.00469196
v 0.03387330 0.02336927 -0.00048871
v 0.03585328 0.02283802 0.00489342
v 0.03594532 0.02336829 -0.00037833
v 0.03571863 0.02259681 -0.00580167
v 0.03853394 0.02338245 -0.00021397
v 0.03837867 0.02265052 -0.00568990
v 0.03813013 0.02067298 -0.01087295
v 0.04134534 0.02268958 -0.00550945
v 0.04116749 0.02074134 -0.01069366
v 0.04103614 0.01773890 -0.01515955
v 0.04453944 0.02089271 -0.01049712
v 0.04446656 0.01787220 -0.01502737
v 0.04450843 0.01389857 -0.01879495
v 0.04800037 0.01805726 -0.01490571
v 0.04800037 0.01395862 -0.01876853
v 0.04800037 0.00882972 -0.02168357
v 0.04461695 0.00884046 -0.02164763
v 0.04800037 0.01092493 -0.01458114
v 0.04800037 0.00687025 -0.01700761
v 0.04800037 0.00213929 -0.01838262
v 0.04800037 0.00295521 -0.02320806
v 0.04800037 0.00784632 -0.01064389
v 0.04800037 0.00475062 -0.01269031
v 0.04800037 0.00105482 -0.01389024
v 0.04800037 -0.00277331 -0.01406248
v 0.04800037 -0.00273229 -0.01849138
v 0.04800037 0.00229847 -0.00863245
v 0.04800037 -0.00730016 -0.01740578
v 0.04800037 -0.00877380 -0.02170263
v 0.04800037 -0.00311852 -0.02318360
v 0.04800037 -0.00642224 -0.01329818
v 0.04800037 -0.00637097 -0.00928471
v 0.04800037 -0.00661315 -0.00606412
v 0.04800037 -0.00981725 -0.00568207
v 0.04800037 -0.01005944 -0.00278112
v 0.04800037 -0.01367370 -0.00551927
v 0.04800037 -0.00659216 -0.00348198
v 0.04800037 -0.00623522 -0.00102699
v 0.04800037 -0.00266296 -0.00231785
v 0.04800037 -0.00184704 -0.00024377
v 0.04800037 0.00064661 -0.00391888
v 0.04800037 0.00179554 -0.00204675
v 0.04800037 0.00269935 0.00008334
v 0.04800037 0.00610071 -0.00470301
v 0.04800037 0.00718714 -0.00220757
v 0.04800037 0.01191370 -0.00472083
v 0.04800037 0.01024622 -0.00789635
v 0.04800037 0.01646985 -0.00739501
v 0.04800037 0.01783948 -0.00318484
v 0.04800037 0.01414954 -0.01129491
v 0.04800037 0.02103138 -0.01023668
v 0.04800037 0.02286829 -0.00496259
v 0.04460938 0.02277845 -0.00526506
v 0.04464368 0.02336732 0.00029222
v 0.04800037 0.00448157 -0.00694582
v 0.04800037 -0.00099890 0.00192058
v 0.04800037 -0.00461511 0.00377502
v 0.04800037 -0.00554919 0.00140182
v 0.04800037 -0.00336608 0.00615270
v 0.04800037 -0.00816100 0.00567608
v 0.04800037 -0.00926745 0.00289449
v 0.04800037 -0.01328210 0.00465333
v 0.04800037 -0.01407897 0.00123852
v 0.04800037 -0.00988659 0.00003941
v 0.04800037 -0.01841198 0.00252216
v 0.04800037 -0.01864001 -0.00171944
v 0.04800037 -0.01425329 -0.00218668
v 0.04800037 -0.02334509 -0.00139213
v 0.04800037 -0.02244763 -0.00663041
v 0.04800037 -0.01798083 -0.00586539
v 0.04800037 -0.02038415 -0.01148331
v 0.04800037 -0.01646520 -0.00966331
v 0.04455347 -0.02049890 -0.01125501
v 0.04448389 -0.01752282 -0.01544716
v 0.04800037 -0.01740124 -0.01562729
v 0.04450550 -0.01371081 -0.01892113
v 0.04800037 -0.01355798 -0.01906407
v 0.04458558 -0.00891491 -0.02161496
v 0.04127076 -0.00904479 -0.02151207
v 0.04146119 -0.00328015 -0.02307718
v 0.04465967 -0.00320153 -0.02314250
v 0.04150135 0.00290735 -0.02317601
v 0.04467908 0.00294886 -0.02318299
v 0.04132423 0.00880237 -0.02161217
v 0.03862415 0.00285364 -0.02321281
v 0.03840674 0.00875843 -0.02165377
v 0.04110035 0.01383704 -0.01880542
v 0.03804529 0.01376917 -0.01885668
v 0.03576795 0.00867737 -0.02166025
v 0.03528236 0.01371448 -0.01889837
v 0.03509534 0.01756409 -0.01540756
v 0.03790894 0.01764515 -0.01529133
v 0.03286292 0.01364319 -0.01895461
v 0.03253480 0.01747034 -0.01551260
v 0.03301026 0.02054798 -0.01105751
v 0.03536292 0.02058362 -0.01099375
v 0.03095862 0.02054505 -0.01109079
v 0.03160743 0.02259290 -0.00585401
v 0.03357276 0.02259681 -0.00585262
v 0.02990247 0.02257239 -0.00579585
v 0.03032740 0.02335023 -0.00062056
v 0.03195533 0.02336439 -0.00057468
v 0.02883851 0.02335023 -0.00060390
v 0.02864820 0.02299232 0.00414385
v 0.03011317 0.02295911 0.00431863
v 0.02725281 0.02302894 0.00396690
v 0.02653736 0.02185560 0.00823454
v 0.02795277 0.02172913 0.00854990
v 0.02517249 0.02198499 0.00790866
v 0.02386805 0.02021595 0.01171081
v 0.02535218 0.01993763 0.01215988
v 0.02240736 0.02053821 0.01116906
v 0.02373658 0.02214515 0.00751809
v 0.02109791 0.02081556 0.01065457
v 0.01928394 0.01902601 0.01361393
v 0.02248157 0.02228235 0.00717080
v 0.02060255 0.02226722 0.01100533
v 0.01860206 0.02079749 0.01412511
v 0.01822340 0.02244495 0.01458276
v 0.01567274 0.02214222 0.01726250
v 0.01791993 0.02419007 0.01493387
v 0.01537354 0.02408900 0.01754018
v 0.01167408 0.02363245 0.02022664
v 0.01223243 0.02154944 0.01988974
v 0.01139271 0.02538538 0.02038184
v 0.00640320 0.02534974 0.02246745
v 0.00660548 0.02389417 0.02239683
v 0.00119276 0.02475843 0.02333639
v 0.00133094 0.02355140 0.02332923
v 0.00699024 0.02230628 0.02230583
v 0.00149598 0.02331702 0.02451364
v 0.00720765 0.02222523 0.02351073
v 0.00169752 0.02329651 0.02588818
v 0.00754981 0.02210218 0.02494225
v 0.01341541 0.01908655 0.02308124
v 0.01354896 0.01895521 0.02477968
v 0.01790381 0.01498792 0.02447827
v 0.01800098 0.01489417 0.02267046
v 0.02127808 0.00963099 0.02435865
v 0.02147938 0.00924818 0.02292120
v 0.02112611 0.00988782 0.02583367
v 0.02294971 0.00434534 0.02568310
v 0.02289503 0.00455042 0.02693522
v 0.02101819 0.01006116 0.02728693
v 0.02284705 0.00470960 0.02830295
v 0.02336304 -0.00040710 0.02862081
v 0.02336719 -0.00047204 0.02726453
v 0.02281214 0.00482581 0.02974284
v 0.02336121 -0.00035095 0.03006868
v 0.02273072 -0.00515563 0.02968881
v 0.02275013 -0.00510241 0.02823854
v 0.02274720 -0.00520544 0.03145276
v 0.02125074 -0.00961852 0.03089830
v 0.02125025 -0.00954528 0.02901511
v 0.02124744 -0.00965661 0.03299923
v 0.01908375 -0.01340222 0.03245152
v 0.01909840 -0.01342126 0.03021934
v 0.01911304 -0.01338415 0.03495773
v 0.01661451 -0.01641979 0.03480914
v 0.01662452 -0.01640075 0.03773284
v 0.01357825 -0.01901501 0.03786421
v 0.01664051 -0.01637097 0.04094921
v 0.01357069 -0.01900817 0.04104900
v 0.00971192 -0.02123962 0.04124002
v 0.01360194 -0.01899255 0.04447494
v 0.00973048 -0.02123669 0.04455675
v 0.00506263 -0.02280358 0.04461652
v 0.00509461 -0.02283190 0.04799596
v 0.00008643 -0.02340954 0.04799596
v 0.00000782 -0.02337097 0.04462521
v 0.00048463 -0.01947888 0.04799596
v -0.00378576 -0.01889099 0.04799596
v -0.00501525 -0.02285192 0.04799596
v -0.00244567 -0.01535534 0.04799596
v -0.00583569 -0.01407409 0.04799596
v -0.00789098 -0.01741833 0.04799596
v -0.00387084 -0.01087438 0.04799596
v -0.00651147 -0.00922985 0.04799596
v -0.00892687 -0.01203698 0.04799596
v -0.00435253 -0.00666198 0.04799596
v -0.00633556 -0.00474059 0.04799596
v -0.00801733 -0.00216100 0.04799596
v -0.00665197 0.00282337 0.04799596
v -0.00389233 0.00407142 0.04799596
v -0.00457714 0.00802650 0.04799596
v -0.00091772 0.00473206 0.04799596
v -0.00118835 0.00883851 0.04799596
v -0.00568603 0.01243860 0.04799596
v -0.00152819 0.01343860 0.04799596
v -0.00714355 0.01689954 0.04799596
v -0.00214575 0.01814905 0.04799596
v -0.00303576 0.02319300 0.04799596
v -0.00905016 0.02159046 0.04799596
v -0.01419543 0.01858948 0.04799596
v -0.00318945 0.02313392 0.04460197
v -0.00916662 0.02149085 0.04454988
v -0.01417944 0.01856605 0.04445462
v -0.01811840 0.01477112 0.04442528
v -0.00926660 0.02143470 0.04121519
v -0.01417053 0.01856458 0.04099501
v -0.01796777 0.01488099 0.04091773
v -0.02090453 0.01038734 0.04109074
v -0.01789794 0.01498792 0.03773264
v -0.02083337 0.01058118 0.03801160
v -0.02273547 0.00534437 0.03830756
v -0.02074816 0.01071253 0.03514466
v -0.02268444 0.00546058 0.03558593
v -0.02266967 0.00555921 0.03340057
v -0.02337927 -0.00011608 0.03367770
v -0.02337463 -0.00005895 0.03170457
v -0.02263806 -0.00566931 0.03147060
v -0.02336071 -0.00000475 0.03000869
v -0.02263366 -0.00557702 0.02965494
v -0.02065954 -0.01083044 0.02892253
v -0.01781139 -0.01509802 0.02811572
v -0.02266003 -0.00548474 0.02820462
v -0.02069506 -0.01075475 0.02718262
v -0.01781005 -0.01508532 0.02621014
v -0.01440527 -0.01832946 0.02631112
v -0.02078137 -0.01061706 0.02566601
v -0.01782519 -0.01508190 0.02437656
v -0.01434277 -0.01839245 0.02446997
v -0.00985851 -0.02114733 0.02584682
v -0.01427380 -0.01846130 0.02270820
v -0.00961987 -0.02126013 0.02439904
v -0.00936535 -0.02137487 0.02302493
v -0.00437866 -0.02294811 0.02435248
v -0.00414208 -0.02299938 0.02323671
v -0.00905981 -0.02291833 0.02153147
v -0.00418994 -0.02422302 0.02298235
v -0.00915099 -0.02446716 0.02149371
v -0.00430700 -0.02567468 0.02295198
v -0.00920983 -0.02596960 0.02145912
v -0.00435925 -0.02696813 0.02293069
v 0.00040296 -0.02726794 0.02336777
v -0.00438598 -0.02833923 0.02291201
v 0.00047449 -0.02861852 0.02335898
v 0.00508826 -0.02684802 0.02277613
v 0.00525855 -0.02821227 0.02274093
v 0.00537549 -0.02961950 0.02271478
v 0.01005530 -0.02892761 0.02104672
v 0.00995277 -0.02726257 0.02108907
v 0.01413172 -0.02817809 0.01854423
v 0.01412415 -0.02624548 0.01852782
v 0.01733167 -0.02798669 0.01566931
v 0.01740174 -0.02602233 0.01558405
v 0.02010755 -0.02685534 0.01177810
v 0.02025465 -0.02531823 0.01156764
v 0.02000184 -0.02864196 0.01197070
v 0.02214405 -0.02793005 0.00724416
v 0.02225843 -0.02655212 0.00697317
v 0.02323316 -0.02859948 0.00251962
v 0.02326343 -0.02723522 0.00230762
v 0.02328846 -0.02595202 0.00208900
v 0.02326465 -0.02727624 -0.00218286
v 0.02326954 -0.02592224 -0.00227288
v 0.02327894 -0.02445983 -0.00235642
v 0.02242249 -0.02537585 -0.00650907
v 0.02245936 -0.02386462 -0.00645308
v 0.02352637 -0.02328063 -0.00247512
v 0.02276575 -0.02247643 -0.00644980
v 0.02473719 -0.02322839 -0.00279850
v 0.02399402 -0.02231188 -0.00700452
v 0.02613965 -0.02316735 -0.00314605
v 0.02539283 -0.02206384 -0.00769794
v 0.02742176 -0.02311169 -0.00347109
v 0.02749695 -0.02331481 0.00126710
v 0.02671192 -0.02184704 -0.00828429
v 0.02876905 -0.02304772 -0.00383267
v 0.02887488 -0.02330847 0.00113195
v 0.02829493 -0.02248083 0.00612962
v 0.03040943 -0.02332604 0.00094602
v 0.02983069 -0.02249743 0.00603948
v 0.02899695 -0.02058386 0.01090798
v 0.03156824 -0.02257653 0.00590017
v 0.03086475 -0.02070593 0.01077110
v 0.03016785 -0.01799987 0.01487502
v 0.03298719 -0.02078991 0.01055711
v 0.03236011 -0.01813171 0.01469363
v 0.03492530 -0.01829186 0.01446809
v 0.03492005 -0.01533141 0.01761735
v 0.03532496 -0.01156188 0.02028085
v 0.03777418 -0.01551354 0.01745050
v 0.03805079 -0.01178259 0.02016153
v 0.03834583 -0.00730358 0.02218404
v 0.04108082 -0.01198376 0.02004455
v 0.04129676 -0.00755651 0.02208684
v 0.04140674 -0.00270983 0.02319614
v 0.04458314 -0.00776452 0.02204303
v 0.04462977 -0.00299108 0.02316808
v 0.04461854 0.00188294 0.02327750
v 0.04800037 -0.00323425 0.02315837
v 0.04800037 0.00148450 0.02333772
v 0.04800037 0.00609583 0.02257822
v 0.04800037 0.00442835 0.01925822
v 0.04800037 -0.00790905 0.02200411
v 0.04800037 -0.00634997 0.01840723
v 0.04800037 -0.00985925 0.01637011
v 0.04800037 -0.00729431 0.01328831
v 0.04800037 -0.00445007 0.01526231
v 0.04800037 -0.00451354 0.01055544
v 0.04800037 -0.00217224 0.01259197
v 0.04800037 -0.00178893 0.00829800
v 0.04800037 -0.00654724 0.00831271
v 0.04800037 -0.00981091 0.01082975
v 0.04800037 -0.01293542 0.01369384
v 0.04800037 -0.01546911 0.01042877
v 0.04800037 -0.01184850 0.00791698
v 0.04800037 -0.01924890 0.01329990
v 0.04800037 -0.02165954 0.00887720
v 0.04800037 -0.01734802 0.00662784
v 0.04453382 -0.02145641 0.00928888
v 0.04460145 -0.02295837 0.00430877
v 0.04800037 -0.02306774 0.00386204
v 0.04134498 -0.02283483 0.00472060
v 0.04144532 -0.02334509 -0.00060931
v 0.04464869 -0.02333874 -0.00100393
v 0.04139393 -0.02255847 -0.00597993
v 0.04462672 -0.02249108 -0.00632289
v 0.03849525 -0.02268005 -0.00561631
v 0.03822901 -0.02077331 -0.01067728
v 0.04120386 -0.02059216 -0.01096862
v 0.03793726 -0.01785632 -0.01503428
v 0.04103394 -0.01766882 -0.01524158
v 0.03798231 -0.01407897 -0.01862041
v 0.04107056 -0.01388561 -0.01875748
v 0.03516944 -0.01428015 -0.01845162
v 0.03556849 -0.00930602 -0.02140415
v 0.03829017 -0.00918493 -0.02147648
v 0.03597291 -0.00341638 -0.02307296
v 0.03855372 -0.00335876 -0.02310032
v 0.03609681 0.00278382 -0.02322003
v 0.03403248 0.00271400 -0.02323379
v 0.03361512 0.00860023 -0.02168910
v 0.03211487 0.00263929 -0.02324461
v 0.03168250 0.00847425 -0.02176266
v 0.03078223 0.01355970 -0.01901651
v 0.02993543 0.00832484 -0.02182462
v 0.02902918 0.01346741 -0.01908160
v 0.03043311 0.01739710 -0.01558212
v 0.02855860 0.01733362 -0.01566341
v 0.02731678 0.01332728 -0.01918264
v 0.02671509 0.01724427 -0.01571780
v 0.02742786 0.02054359 -0.01097866
v 0.02916419 0.02050794 -0.01107914
v 0.02593116 0.02065394 -0.01080537
v 0.02697669 0.02267591 -0.00550978
v 0.02836243 0.02260950 -0.00567789
v 0.02565833 0.02276087 -0.00525138
v 0.02610853 0.02336878 -0.00059047
v 0.02745850 0.02336097 -0.00057705
v 0.02411451 0.02288734 -0.00483471
v 0.02464527 0.02337757 -0.00058157
v 0.02453675 0.02310071 0.00358932
v 0.02593946 0.02306214 0.00379722
v 0.02314088 0.02315491 0.00336878
v 0.02338563 0.02360999 -0.00054665
v 0.02309852 0.02453577 0.00353639
v 0.02216736 0.02360218 0.00741912
v 0.02338196 0.02481898 -0.00056588
v 0.02305689 0.02594837 0.00369782
v 0.02201661 0.02511243 0.00773024
v 0.02189454 0.02644984 0.00795795
v 0.02013343 0.02533021 0.01175811
v 0.02033692 0.02381458 0.01144774
v 0.01996253 0.02683021 0.01201047
v 0.01767591 0.02601819 0.01519878
v 0.01754188 0.02798206 0.01539223
v 0.01507667 0.02611585 0.01777927
v 0.01485963 0.02802405 0.01799241
v 0.01115955 0.02707435 0.02049702
v 0.01091895 0.02891761 0.02063293
v 0.00613978 0.02824525 0.02252306
v 0.00626527 0.02679749 0.02249936
v 0.00599012 0.02985023 0.02256303
v 0.00081861 0.02876038 0.02335583
v 0.00093751 0.02738587 0.02334782
v -0.00434802 0.02704456 0.02292754
v -0.00418298 0.02576234 0.02297335
v 0.00106568 0.02608167 0.02334155
v -0.00952636 0.02596595 0.02132495
v -0.00936266 0.02451185 0.02139545
v -0.00397595 0.02446204 0.02301996
v -0.00915051 0.02307776 0.02148283
v -0.00376635 0.02329359 0.02306622
v -0.00911120 0.02151331 0.02288770
v -0.00380261 0.02305823 0.02426236
v -0.00927111 0.02144251 0.02439577
v -0.00384875 0.02303919 0.02566943
v -0.00938195 0.02138001 0.02586660
v -0.00385021 0.02303089 0.02697939
v 0.00188868 0.02326722 0.02713383
v -0.00385351 0.02301917 0.02833027
v 0.00206397 0.02324134 0.02846870
v 0.00785035 0.02198743 0.02627533
v 0.00810084 0.02188001 0.02763885
v 0.00831727 0.02179749 0.02919959
v 0.01377540 0.01881360 0.02825616
v 0.01368226 0.01885316 0.02642599
v 0.01786951 0.01501526 0.02622874
v 0.01789258 0.01500550 0.02810783
v 0.02097242 0.01016419 0.02896166
v 0.01792591 0.01497718 0.03008429
v 0.02096863 0.01022132 0.03085379
v 0.02281971 0.00490735 0.03152911
v 0.02098109 0.01022669 0.03297588
v 0.02282056 0.00493568 0.03350981
v 0.02336256 -0.00031872 0.03173527
v 0.02336768 -0.00031237 0.03366924
v 0.02282374 0.00489319 0.03566203
v 0.02337623 -0.00035046 0.03578526
v 0.02272913 -0.00527624 0.03561152
v 0.02274402 -0.00525085 0.03345815
v 0.02274122 -0.00532897 0.03832041
v 0.02127430 -0.00964538 0.03809798
v 0.02124000 -0.00964782 0.03528835
v 0.02126087 -0.00962292 0.04115269
v 0.01916053 -0.01328015 0.04099110
v 0.01915894 -0.01334606 0.03784940
v 0.01923951 -0.01324597 0.04445265
v 0.01669800 -0.01634020 0.04442948
v 0.01677479 -0.01631530 0.04799596
v 0.01365809 -0.01898620 0.04799596
v 0.01178492 -0.01607067 0.04799596
v 0.00857642 -0.01798718 0.04799596
v 0.00976539 -0.02125036 0.04799596
v 0.00454151 -0.01592516 0.04799596
v 0.00465052 -0.01920788 0.04799596
v 0.01426282 -0.01374059 0.04799596
v 0.01189381 -0.01127722 0.04799596
v 0.01353882 -0.00880993 0.04799596
v 0.00932410 -0.00905016 0.04799596
v 0.01634461 -0.01100475 0.04799596
v 0.01804749 -0.00795007 0.04799596
v 0.01932984 -0.01319470 0.04799596
v 0.02133167 -0.00959557 0.04799596
v 0.02271937 -0.00554821 0.04799596
v 0.02130140 -0.00961755 0.04452007
v 0.02272181 -0.00546569 0.04458158
v 0.02334131 -0.00086706 0.04461575
v 0.02335657 -0.00118981 0.04799596
v 0.02270399 -0.00538806 0.04129720
v 0.02334437 -0.00061462 0.04138113
v 0.02291822 0.00455286 0.04136931
v 0.02298292 0.00422132 0.04460755
v 0.02337659 -0.00044763 0.03844504
v 0.02287073 0.00477210 0.03837638
v 0.02110694 0.00999818 0.03812492
v 0.02121815 0.00975306 0.04124171
v 0.02101026 0.01014857 0.03528000
v 0.01803358 0.01484046 0.03488838
v 0.01815516 0.01469153 0.03780603
v 0.01796436 0.01492396 0.03231597
v 0.01395569 0.01870423 0.03235371
v 0.01406385 0.01862366 0.03489548
v 0.01388135 0.01879212 0.03015670
v 0.00853236 0.02174085 0.03098988
v 0.00871900 0.02167884 0.03303986
v 0.00257618 0.02321985 0.03352969
v 0.00274427 0.02317591 0.03563498
v 0.00889161 0.02160755 0.03531431
v 0.00238782 0.02323206 0.03158311
v -0.00379369 0.02305091 0.03153955
v -0.00371130 0.02306556 0.03350883
v 0.00222620 0.02322474 0.02996338
v -0.00383495 0.02301917 0.02976097
v -0.00949169 0.02133021 0.02902609
v -0.00949743 0.02134778 0.03089580
v -0.00946826 0.02133851 0.02737063
v -0.01416967 0.01851966 0.02622441
v -0.01417309 0.01853284 0.02801753
v -0.01411083 0.01855823 0.02438689
v -0.01761681 0.01523450 0.02404482
v -0.01761291 0.01522425 0.02583376
v -0.01408019 0.01860706 0.02245846
v -0.01771594 0.01516273 0.02225726
v -0.02074902 0.01071107 0.02390234
v -0.02090991 0.01043616 0.02228374
v -0.02276965 0.00532435 0.02395174
v -0.02127722 0.01027552 0.02100282
v -0.02307385 0.00525648 0.02279430
v -0.02365685 0.00022230 0.02339827
v -0.02427819 0.00554456 0.02270223
v -0.02482324 0.00027357 0.02339106
v -0.02430016 -0.00497595 0.02284489
v -0.02616625 0.00030433 0.02338239
v -0.02568237 -0.00514196 0.02277854
v -0.02425170 -0.01065807 0.02077020
v -0.02697997 -0.00523132 0.02273198
v -0.02570007 -0.01072643 0.02072049
v -0.02445519 -0.01544958 0.01745023
v -0.02722033 -0.01077966 0.02067830
v -0.02620275 -0.01528503 0.01759180
v -0.02656945 -0.01859850 0.01407703
v -0.02821972 -0.01519616 0.01770636
v -0.02843932 -0.01849011 0.01424535
v -0.02924902 -0.02113708 0.00979749
v -0.02761474 -0.02123376 0.00957633
v -0.03033239 -0.01839538 0.01438523
v -0.03107873 -0.02108386 0.00997773
v -0.03168493 -0.02282849 0.00486445
v -0.02993188 -0.02283825 0.00471503
v -0.03252087 -0.01831774 0.01448482
v -0.03316418 -0.02102184 0.01013527
v -0.03366137 -0.02280309 0.00499546
v -0.03380285 -0.02336364 -0.00045731
v -0.03545715 -0.02097009 0.01022969
v -0.03580602 -0.02277429 0.00509559
v -0.03590234 -0.02337145 -0.00039147
v -0.03570263 -0.02260095 -0.00581332
v -0.03855212 -0.02338122 -0.00031486
v -0.03840392 -0.02263854 -0.00574521
v -0.03815539 -0.02078161 -0.01067969
v -0.04137316 -0.02263122 -0.00564142
v -0.04119286 -0.02081286 -0.01056954
v -0.04104797 -0.01810534 -0.01472402
v -0.04454492 -0.02088610 -0.01048647
v -0.04449120 -0.01818688 -0.01469532
v -0.04452087 -0.01487536 -0.01802142
v -0.04112548 -0.01491931 -0.01795783
v -0.04799963 -0.01824157 -0.01466577
v -0.04799963 -0.01481725 -0.01813047
v -0.04799963 -0.01084557 -0.02074426
v -0.04459875 -0.01095886 -0.02064209
v -0.04799963 -0.01433434 -0.01191408
v -0.04799963 -0.01157507 -0.01489250
v -0.04799963 -0.00839440 -0.01716741
v -0.04799963 -0.00495056 -0.01870900
v -0.04799963 -0.00649792 -0.02248508
v -0.04799963 -0.00828503 -0.01210854
v -0.04799963 -0.00572204 -0.01405631
v -0.04799963 -0.00301550 -0.01538776
v -0.04799963 -0.00065124 -0.01273032
v -0.04799963 0.00170521 -0.01049602
v -0.04799963 0.00415052 -0.01205611
v -0.04799963 0.00629212 -0.00990723
v -0.04799963 0.00675892 -0.01406422
v -0.04799963 0.00328919 -0.00846517
v -0.04799963 0.00440687 -0.00630482
v -0.04799963 0.00072132 -0.00747932
v -0.04799963 0.00117444 -0.00551026
v -0.04799963 0.00137415 -0.00337679
v -0.04799963 -0.00277819 -0.00516242
v -0.04799963 -0.00289050 -0.00306434
v -0.04799963 -0.00727624 -0.00557737
v -0.04799963 -0.00772692 -0.00308895
v -0.04799963 -0.00286218 -0.00082381
v -0.04799963 0.00150843 -0.00115932
v -0.04799963 0.00155286 0.00098168
v -0.04799963 0.00551478 -0.00144749
v -0.04799963 0.00508607 -0.00393726
v -0.04799963 -0.00272888 0.00139079
v -0.04799963 -0.00782653 -0.00050123
v -0.04799963 -0.00758141 0.00214576
v -0.04799963 -0.00247790 0.00356403
v -0.04799963 0.00155677 0.00301923
v -0.04799963 0.00485999 0.00555943
v -0.04799963 0.00544153 0.00338286
v -0.04799963 0.00563978 0.00097392
v -0.04799963 0.00821009 0.00694343
v -0.04799963 0.00927747 0.00419625
v -0.04799963 0.00973109 0.00126072
v -0.04799963 0.01404700 0.00169726
v -0.04799963 0.01396204 -0.00205050
v -0.04799963 0.00963099 -0.00174725
v -0.04799963 0.01314417 -0.00562254
v -0.04799963 0.00902796 -0.00466508
v -0.04799963 0.01164075 -0.00890360
v -0.04799963 0.00790735 -0.00743487
v -0.04799963 0.01549964 -0.01073353
v -0.04799963 0.01284485 -0.01412020
v -0.04799963 0.00947718 -0.01177663
v -0.04799963 0.01622034 -0.01686638
v -0.04799963 0.01218812 -0.01996497
v -0.04799963 0.00954114 -0.01681559
v -0.04799963 0.00761341 -0.02211866
v -0.04799963 0.00582728 -0.01867137
v -0.04459142 0.00791761 -0.02199453
v -0.04465600 0.00303138 -0.02316990
v -0.04799963 0.00274720 -0.02323897
v -0.04467797 -0.00186999 -0.02329583
v -0.04799963 -0.00197546 -0.02332157
v -0.04465539 -0.00655456 -0.02242611
v -0.04143981 -0.00658093 -0.02241566
v -0.04130590 -0.01104040 -0.02057602
v -0.03844640 -0.00656725 -0.02241936
v -0.03821594 -0.01108239 -0.02055713
v -0.03795153 -0.01493786 -0.01795410
v -0.03540698 -0.01108727 -0.02055328
v -0.03508740 -0.01494323 -0.01794958
v -0.03504833 -0.01800036 -0.01486844
v -0.03792370 -0.01806140 -0.01479404
v -0.03243994 -0.01795641 -0.01490389
v -0.03297973 -0.02067419 -0.01084663
v -0.03534435 -0.02072643 -0.01076789
v -0.03082958 -0.02065759 -0.01086327
v -0.03151916 -0.02259020 -0.00587518
v -0.03353845 -0.02259557 -0.00586693
v -0.02971362 -0.02256872 -0.00585448
v -0.03018652 -0.02335436 -0.00057586
v -0.03184374 -0.02335632 -0.00052226
v -0.02872094 -0.02334997 -0.00062212
v -0.02848620 -0.02287829 0.00455867
v -0.02714806 -0.02293005 0.00438194
v -0.02621960 -0.02136950 0.00933250
v -0.02487646 -0.02153210 0.00903088
v -0.02494140 -0.01879235 0.01382328
v -0.02587243 -0.02297057 0.00418689
v -0.02352477 -0.02173083 0.00857132
v -0.02455431 -0.02302819 0.00393720
v -0.02228332 -0.02194372 0.00806747
v -0.02046264 -0.01997595 0.01215491
v -0.02334130 -0.02308141 0.00370739
v -0.02186743 -0.02321374 0.00822939
v -0.01986437 -0.02142419 0.01230531
v -0.01960949 -0.02318737 0.01267223
v -0.01698657 -0.02198132 0.01598645
v -0.01676855 -0.02387780 0.01617202
v -0.01360644 -0.02261950 0.01896310
v -0.01353845 -0.02465026 0.01896967
v -0.01672021 -0.02573376 0.01622467
v -0.01349902 -0.02635876 0.01902076
v -0.00922253 -0.02748571 0.02144774
v -0.01343884 -0.02822497 0.01907661
v -0.00919531 -0.02911315 0.02145882
v -0.00438061 -0.02977380 0.02290942
v -0.00914538 -0.03095153 0.02149222
v -0.00434069 -0.03154431 0.02294138
v 0.00055628 -0.03008190 0.02335719
v 0.00063575 -0.03168005 0.02336215
v -0.00425903 -0.03352136 0.02296525
v 0.00073328 -0.03358923 0.02335728
v 0.00550587 -0.03139636 0.02269968
v 0.00560462 -0.03338024 0.02266170
v 0.01015504 -0.03290026 0.02102917
v 0.01012049 -0.03077087 0.02105253
v 0.01409107 -0.03232995 0.01859917
v 0.01414295 -0.03009753 0.01858630
v 0.01721058 -0.03219225 0.01580978
v 0.01725208 -0.02994323 0.01576583
v 0.01995081 -0.03052770 0.01211220
v 0.01986622 -0.03268591 0.01225998
v 0.02202271 -0.03126306 0.00769984
v 0.02206312 -0.02942614 0.00747450
v 0.02196412 -0.03330456 0.00789099
v 0.02316505 -0.03367956 0.00311305
v 0.02318995 -0.03173229 0.00291723
v 0.02320118 -0.03000475 0.00271686
v 0.02329285 -0.03180602 -0.00184085
v 0.02326917 -0.03016931 -0.00196834
v 0.02326221 -0.02866491 -0.00208726
v 0.02240784 -0.02974548 -0.00647243
v 0.02240174 -0.02817370 -0.00650188
v 0.02241321 -0.02678210 -0.00650813
v 0.02079468 -0.02737878 -0.01054268
v 0.02082972 -0.02587341 -0.01052625
v 0.02087379 -0.02436608 -0.01047102
v 0.01876173 -0.02498278 -0.01381746
v 0.01884791 -0.02337292 -0.01375612
v 0.02095350 -0.02276696 -0.01034389
v 0.01904261 -0.02151159 -0.01355371
v 0.02108668 -0.02109118 -0.01014232
v 0.01923365 -0.01969763 -0.01334320
v 0.02259058 -0.02053210 -0.01118851
v 0.01700599 -0.02102868 -0.01599722
v 0.01679407 -0.02282507 -0.01617070
v 0.01424110 -0.02176647 -0.01848221
v 0.01420655 -0.02339880 -0.01850762
v 0.01058619 -0.02353552 -0.02084059
v 0.01052235 -0.02208679 -0.02089717
v 0.01060120 -0.02489880 -0.02081263
v 0.00621851 -0.02491442 -0.02253270
v 0.00610352 -0.02363757 -0.02257631
v 0.00191602 -0.02428649 -0.02329885
v 0.00192408 -0.02329431 -0.02356208
v 0.00607239 -0.02258434 -0.02283513
v 0.00202906 -0.02327917 -0.02460235
v 0.00645374 -0.02245251 -0.02387667
v 0.00216285 -0.02326061 -0.02581798
v 0.00680567 -0.02233679 -0.02504488
v 0.01101954 -0.02061364 -0.02222932
v 0.01142029 -0.02036022 -0.02355556
v 0.01171802 -0.02015612 -0.02489591
v 0.01565003 -0.01726306 -0.02375067
v 0.01548304 -0.01743737 -0.02208909
v 0.01915125 -0.01339001 -0.02261085
v 0.01927100 -0.01326013 -0.02088047
v 0.01911927 -0.01342028 -0.02432475
v 0.02183851 -0.00831579 -0.02433058
v 0.02190723 -0.00815466 -0.02289209
v 0.02321143 -0.00291589 -0.02396775
v 0.02372950 -0.00295300 -0.02320642
v 0.02231739 -0.00818395 -0.02189941
v 0.02497986 -0.00312292 -0.02316368
v 0.02365638 -0.00877038 -0.02163380
v 0.02388685 0.00206360 -0.02330719
v 0.02516517 0.00217347 -0.02329661
v 0.02625782 -0.00326599 -0.02312100
v 0.02641321 0.00229163 -0.02328267
v 0.02758680 -0.00334997 -0.02309248
v 0.02644813 -0.00952966 -0.02128814
v 0.02772999 0.00239710 -0.02326978
v 0.02888196 -0.00341247 -0.02305808
v 0.02789698 -0.00954089 -0.02127217
v 0.02691712 -0.01513073 -0.01776640
v 0.02954371 -0.00954284 -0.02128440
v 0.02868189 -0.01489391 -0.01797467
v 0.02881336 -0.01873229 -0.01396039
v 0.03055115 -0.01468688 -0.01816086
v 0.03063758 -0.01849157 -0.01426466
v 0.03138099 -0.02128112 -0.00963034
v 0.03268030 -0.01826354 -0.01453714
v 0.03335364 -0.02109216 -0.00999998
v 0.03385071 -0.02284411 -0.00488571
v 0.03556763 -0.02091491 -0.01033978
v 0.03592444 -0.02276794 -0.00523653
v 0.03596705 -0.02337731 0.00013712
v 0.03855067 -0.02337927 -0.00022679
v 0.03389368 -0.02336901 0.00044797
v 0.03353541 -0.02263464 0.00569564
v 0.03197584 -0.02335681 0.00071977
v 0.03188428 -0.02292516 -0.00451070
v 0.03569935 -0.02269421 0.00543780
v 0.03529932 -0.02092663 0.01031470
v 0.03837488 -0.02278503 0.00510750
v 0.03810218 -0.02110436 0.01001624
v 0.03781678 -0.01850768 0.01421963
v 0.04115577 -0.02125182 0.00966288
v 0.04096827 -0.01871520 0.01392444
v 0.04092640 -0.01567175 0.01728323
v 0.04445081 -0.01897741 0.01361839
v 0.04442188 -0.01586462 0.01714076
v 0.04449732 -0.01215563 0.01996889
v 0.04800037 -0.01605407 0.01700703
v 0.04800037 -0.01227087 0.01990603
v 0.03515784 -0.01804382 -0.01479115
v 0.03022718 -0.02298522 -0.00416750
v 0.02966016 -0.02145788 -0.00921955
v 0.03267127 -0.01447741 -0.01830555
v 0.03128919 -0.00948718 -0.02132456
v 0.03335389 -0.00941638 -0.02136383
v 0.03196192 -0.00347155 -0.02308219
v 0.03389161 -0.00345788 -0.02308004
v 0.03042884 -0.00346179 -0.02305917
v 0.03054603 0.00256605 -0.02324512
v 0.02903687 0.00248353 -0.02325328
v 0.02838257 0.00814368 -0.02189505
v 0.02700794 0.00792444 -0.02197675
v 0.02565760 0.00766077 -0.02207769
v 0.02435840 0.00728577 -0.02222761
v 0.02279761 0.01201771 -0.02005767
v 0.02300001 0.00689075 -0.02235767
v 0.02117676 0.01129163 -0.02049823
v 0.02046192 0.01131653 -0.02157563
v 0.02234522 0.00687073 -0.02317129
v 0.02022340 0.01167835 -0.02307964
v 0.01754652 0.01538148 -0.02176916
v 0.01731068 0.01560657 -0.02347393
v 0.01403382 0.01864564 -0.02219848
v 0.01399647 0.01865687 -0.02395323
v 0.00946937 0.02135071 -0.02414318
v 0.00935670 0.02140491 -0.02284555
v 0.00956934 0.02129944 -0.02548790
v 0.00460840 0.02290784 -0.02544381
v 0.00449158 0.02293470 -0.02422418
v 0.00022401 0.02339905 -0.02464834
v 0.00027759 0.02339905 -0.02360718
v 0.00438563 0.02295814 -0.02314575
v 0.00035023 0.02446253 -0.02339146
v 0.00453284 0.02402796 -0.02292793
v 0.00927784 0.02271644 -0.02143434
v 0.00041688 0.02570276 -0.02338206
v 0.00475648 0.02530530 -0.02287394
v 0.00947278 0.02404359 -0.02134581
v 0.00961365 0.02532825 -0.02128859
v 0.01371241 0.02386829 -0.01885429
v 0.01372474 0.02221693 -0.01889440
v 0.01672901 0.02314222 -0.01624446
v 0.01685633 0.02133509 -0.01615379
v 0.01938990 0.02207630 -0.01305958
v 0.01952235 0.02044251 -0.01288092
v 0.02161634 0.02210169 -0.00893168
v 0.02276502 0.02137952 -0.00947374
v 0.02152247 0.02354798 -0.00912720
v 0.02293909 0.02322913 -0.00462181
v 0.02290479 0.02452552 -0.00475305
v 0.02145399 0.02504749 -0.00926209
v 0.02286170 0.02592591 -0.00489363
v 0.02139686 0.02654993 -0.00937902
v 0.02283643 0.02729798 -0.00498692
v 0.02337598 0.02621693 -0.00055923
v 0.02337195 0.02754261 -0.00054134
v 0.02282007 0.02869593 -0.00506136
v 0.02335963 0.02892542 -0.00052089
v 0.02296924 0.02861194 0.00393867
v 0.02301502 0.02723987 0.00381808
v 0.02294923 0.03013587 0.00406068
v 0.02174012 0.02939759 0.00835950
v 0.02181251 0.02785950 0.00816439
v 0.02170118 0.03119007 0.00854372
v 0.01976905 0.03049915 0.01242037
v 0.01983875 0.02862562 0.01223688
v 0.01964075 0.03264954 0.01257117
v 0.01723792 0.03218079 0.01574329
v 0.01738038 0.02994056 0.01557397
v 0.01462903 0.03001575 0.01818996
v 0.01441248 0.03229944 0.01838961
v 0.01067945 0.03078187 0.02077119
v 0.01047169 0.03293519 0.02087815
v 0.00583008 0.03153724 0.02261010
v 0.00565125 0.03351819 0.02265459
v 0.00054652 0.03184095 0.02337274
v 0.00068311 0.03025013 0.02336037
v 0.00039686 0.03372181 0.02337369
v -0.00475732 0.03155140 0.02284275
v -0.00462988 0.02983314 0.02284120
v -0.00974694 0.03086194 0.02123740
v -0.00971325 0.02909144 0.02124874
v -0.00449914 0.02840491 0.02287813
v -0.00962377 0.02741468 0.02128254
v -0.01393994 0.02829651 0.01868634
v -0.01395959 0.02636829 0.01864738
v -0.01393786 0.02460364 0.01866470
v -0.01720251 0.02603626 0.01576425
v -0.01722424 0.02419691 0.01572097
v -0.01393408 0.02279066 0.01871995
v -0.01730090 0.02237415 0.01563263
v -0.02014929 0.02373450 0.01183044
v -0.02031225 0.02216761 0.01159361
v -0.02227746 0.02389271 0.00711127
v -0.02235815 0.02260804 0.00688132
v -0.02047900 0.02073450 0.01132487
v -0.02328149 0.02353382 0.00245545
v -0.02441003 0.02325745 0.00257446
v -0.02355969 0.02222962 0.00726527
v -0.02585912 0.02321741 0.00273708
v -0.02501476 0.02205335 0.00769927
v -0.02717639 0.02318519 0.00286870
v -0.02637792 0.02192591 0.00798004
v -0.02503491 0.01948646 0.01283817
v -0.02443285 0.01615003 0.01685036
v -0.02665307 0.01929017 0.01307467
v -0.02614062 0.01606409 0.01694595
v -0.02711962 0.01160853 0.02019775
v -0.02562097 0.01149671 0.02028591
v -0.02818151 0.01598987 0.01702766
v -0.02893615 0.01165247 0.02018452
v -0.02981762 0.00618519 0.02248959
v -0.02830847 0.00609339 0.02251884
v -0.03015099 0.01593958 0.01708040
v -0.03079406 0.01164808 0.02023460
v -0.03155285 0.00625745 0.02249543
v -0.03186035 0.00047132 0.02336499
v -0.03025329 0.00042249 0.02335547
v -0.03293591 0.01162562 0.02021719
v -0.03356677 0.00630189 0.02248889
v -0.03381225 0.00051136 0.02336503
v -0.03358996 -0.00526696 0.02273473
v -0.03574096 0.00631019 0.02248331
v -0.03590173 0.00054700 0.02335871
v -0.03574084 -0.00519567 0.02274528
v -0.03534911 -0.01047595 0.02085478
v -0.03841833 -0.00511169 0.02278822
v -0.03815942 -0.01033337 0.02094649
v -0.03791015 -0.01469030 0.01813948
v -0.04119213 -0.01014831 0.02101019
v -0.04103234 -0.01452136 0.01824008
v -0.04111352 -0.01808727 0.01475894
v -0.04448144 -0.01438757 0.01840495
v -0.04450878 -0.01802526 0.01486307
v -0.04459362 -0.02088464 0.01044948
v -0.04130981 -0.02090270 0.01039416
v -0.04799963 -0.01798864 0.01497114
v -0.04799963 -0.02090612 0.01049004
v -0.04799963 -0.02276208 0.00536806
v -0.04799963 -0.01617712 0.00833922
v -0.04799963 -0.01759948 0.00421997
v -0.04799963 -0.01809948 -0.00007702
v -0.04799963 -0.01257556 0.00306713
v -0.04799963 -0.01295544 -0.00017988
v -0.04799963 -0.01276843 -0.00346801
v -0.04799963 -0.01772057 -0.00430238
v -0.04799963 -0.01642126 -0.00838549
v -0.04799963 -0.02095690 -0.01038994
v -0.04799963 -0.02275036 -0.00542410
v -0.04799963 -0.01196862 -0.00673563
v -0.04799963 -0.01044811 -0.00960779
v -0.04799963 -0.00643005 -0.00782562
v -0.04462609 -0.02269421 -0.00554638
v -0.04467297 -0.02336218 -0.00013292
v -0.04146752 -0.02335632 -0.00021889
v -0.04144262 -0.02274987 0.00527895
v -0.04465673 -0.02274401 0.00533389
v -0.04799963 -0.02341149 -0.00004198
v -0.03847936 -0.02276989 0.00519678
v -0.03825292 -0.02094567 0.01032653
v -0.03795812 -0.01816686 0.01466710
v -0.03507995 -0.01824108 0.01457932
v -0.03242162 -0.01495593 0.01790497
v -0.03501696 -0.01483337 0.01802228
v -0.03020348 -0.01505456 0.01781358
v -0.03086132 -0.01070202 0.02073799
v -0.03301098 -0.01061266 0.02078796
v -0.02898107 -0.01077136 0.02068790
v -0.02980468 -0.00530651 0.02269273
v -0.03155285 -0.00530407 0.02272124
v -0.02833605 -0.00529138 0.02269984
v -0.02874706 0.00038099 0.02335624
v -0.02740295 0.00033704 0.02337000
v -0.02693701 0.00595179 0.02256822
v -0.02561852 0.00578626 0.02262429
v -0.04799963 -0.01151794 0.00638213
v -0.04799963 -0.01388171 0.01200260
v -0.04799963 -0.00975427 0.00939989
v -0.04799963 -0.00693493 0.00474834
v -0.04799963 -0.00572448 0.00720992
v -0.04799963 -0.00743200 0.01194703
v -0.04799963 -0.00393542 0.00941718
v -0.04799963 -0.00194079 0.00555692
v -0.04799963 -0.00458776 0.01401510
v -0.04799963 -0.00163561 0.01144860
v -0.04799963 0.00367054 0.01146316
v -0.04799963 0.00619739 0.01393251
v -0.04799963 0.00631702 0.00943564
v -0.04799963 0.00922083 0.01172392
v -0.04799963 0.01167542 0.00876328
v -0.04799963 0.01234730 0.01439531
v -0.04799963 0.01531605 0.01092661
v -0.04799963 0.01330726 0.00529707
v -0.04799963 0.01739564 0.00675716
v -0.04799963 0.01918812 0.01338460
v -0.04799963 0.02179310 0.00851111
v -0.04799963 0.02319544 0.00301968
v -0.04799963 0.01844642 0.00227183
v -0.04799963 0.02324964 -0.00265858
v -0.04799963 0.01843616 -0.00230770
v -0.04799963 0.02195569 -0.00806453
v -0.04799963 0.01740882 -0.00671983
v -0.04462194 0.02193568 -0.00803985
v -0.04454284 0.01954749 -0.01280285
v -0.04799963 0.01955970 -0.01286284
v -0.04136865 0.02193568 -0.00800404
v -0.04121020 0.01956556 -0.01275899
v -0.04106469 0.01640882 -0.01660808
v -0.04448181 0.01631800 -0.01672187
v -0.04110668 0.01262269 -0.01962569
v -0.04451049 0.01242444 -0.01978644
v -0.03800378 0.01279944 -0.01953521
v -0.03827758 0.00832679 -0.02183362
v -0.04128246 0.00814515 -0.02187874
v -0.03850195 0.00338880 -0.02313022
v -0.04143444 0.00324134 -0.02311291
v -0.03856628 -0.00166882 -0.02332713
v -0.04148705 -0.00175915 -0.02330143
v -0.03594006 -0.00159606 -0.02332446
v -0.03574340 -0.00652722 -0.02242519
v -0.03383459 -0.00153210 -0.02333280
v -0.03357226 -0.00646423 -0.02244811
v -0.03306408 -0.01103503 -0.02056654
v -0.03157922 -0.00637243 -0.02247187
v -0.03093554 -0.01095202 -0.02061284
v -0.03249633 -0.01490612 -0.01798114
v -0.03027770 -0.01482311 -0.01804833
v -0.02910681 -0.01084557 -0.02065652
v -0.02832140 -0.01474792 -0.01811124
v -0.02822167 -0.01785778 -0.01502094
v -0.03019726 -0.01790661 -0.01495504
v -0.02621447 -0.01775768 -0.01510007
v -0.02712768 -0.02062536 -0.01088751
v -0.02894055 -0.02063171 -0.01088799
v -0.02559460 -0.02069811 -0.01078722
v -0.02683825 -0.02263122 -0.00572353
v -0.02824072 -0.02258190 -0.00582114
v -0.02551049 -0.02267907 -0.00560566
v -0.02603564 -0.02336315 -0.00066700
v -0.02736572 -0.02335681 -0.00064947
v -0.02472509 -0.02336950 -0.00069048
v -0.02400256 -0.02275768 -0.00536733
v -0.02338085 -0.02338268 -0.00068002
v -0.02282372 -0.02306481 -0.00516370
v -0.02337060 -0.02473376 -0.00077110
v -0.02305688 -0.02433630 0.00378556
v -0.02274572 -0.02428747 -0.00540022
v -0.02336352 -0.02603698 -0.00081890
v -0.02302416 -0.02574987 0.00389387
v -0.02300903 -0.02704577 0.00396100
v -0.02166467 -0.02609460 0.00866390
v -0.02174389 -0.02470837 0.00849791
v -0.02158422 -0.02751696 0.00881500
v -0.01935449 -0.02639782 0.01298045
v -0.01946410 -0.02472643 0.01287061
v -0.01930688 -0.02828454 0.01309028
v -0.01666564 -0.02775573 0.01630423
v -0.01661828 -0.02985974 0.01637901
v -0.01338830 -0.03015807 0.01913156
v -0.01656237 -0.03217468 0.01645206
v -0.01331530 -0.03250573 0.01919496
v -0.00907079 -0.03310583 0.02152906
v -0.01319616 -0.03504138 0.01927910
v -0.00892907 -0.03542175 0.02158237
v -0.00411474 -0.03564880 0.02298387
v -0.00871972 -0.03820641 0.02166909
v -0.00391149 -0.03837390 0.02301707
v 0.00086182 -0.03568932 0.02333710
v 0.00102491 -0.03839440 0.02334129
v 0.00567872 -0.03552331 0.02261818
v 0.00575465 -0.03825573 0.02262617
v 0.01014527 -0.03800524 0.02105438
v 0.01016993 -0.03520788 0.02102052
v 0.01394959 -0.03776794 0.01873262
v 0.01403016 -0.03487829 0.01864264
v 0.01706861 -0.03774597 0.01591892
v 0.01715540 -0.03482897 0.01587272
v 0.01979908 -0.03512731 0.01237397
v 0.01975745 -0.03799890 0.01246014
v 0.02189283 -0.03550280 0.00805511
v 0.02186695 -0.03826647 0.00820307
v 0.02311390 -0.03846960 0.00347455
v 0.02313013 -0.03579772 0.00329449
v 0.02333118 -0.03851501 -0.00137898
v 0.02330787 -0.03585925 -0.00154614
v 0.02330567 -0.03374938 -0.00170455
v 0.02251783 -0.03571716 -0.00616817
v 0.02249219 -0.03353893 -0.00629443
v 0.02245960 -0.03152038 -0.00639478
v 0.02090296 -0.03313220 -0.01039033
v 0.02085609 -0.03099841 -0.01046741
v 0.02081580 -0.02912780 -0.01051334
v 0.01882288 -0.03050768 -0.01380970
v 0.01876612 -0.02855358 -0.01383244
v 0.01873487 -0.02670153 -0.01384139
v 0.01661072 -0.02828307 -0.01637750
v 0.01663489 -0.02638854 -0.01632951
v 0.01665150 -0.02456823 -0.01631222
v 0.01416822 -0.02522643 -0.01850473
v 0.01413441 -0.02679724 -0.01855832
v 0.01060413 -0.02634118 -0.02081301
v 0.01061146 -0.02772888 -0.02080752
v 0.00638856 -0.02735681 -0.02245094
v 0.00631556 -0.02609899 -0.02248819
v 0.00643409 -0.02860729 -0.02243071
v 0.00197486 -0.02790466 -0.02327164
v 0.00196461 -0.02671423 -0.02328105
v -0.00246032 -0.02666735 -0.02322762
v -0.00234911 -0.02552429 -0.02325172
v 0.00193445 -0.02557214 -0.02329383
v -0.00698449 -0.02595886 -0.02228780
v -0.00680285 -0.02478405 -0.02234760
v -0.00222753 -0.02427966 -0.02327681
v -0.00654785 -0.02352722 -0.02243423
v -0.00634313 -0.02250085 -0.02274288
v -0.00216259 -0.02328161 -0.02354235
v -0.00660558 -0.02240124 -0.02384856
v -0.00219543 -0.02327868 -0.02459525
v -0.00684301 -0.02232507 -0.02505660
v -0.00227014 -0.02326452 -0.02581979
v -0.00703710 -0.02226306 -0.02621296
v -0.00233483 -0.02325134 -0.02695013
v 0.00230298 -0.02323083 -0.02693177
v -0.00238500 -0.02323864 -0.02816236
v 0.00243470 -0.02320788 -0.02811684
v 0.00708399 -0.02224206 -0.02618987
v 0.00730970 -0.02215319 -0.02740702
v 0.00749134 -0.02208337 -0.02861963
v 0.01216260 -0.01989733 -0.02769575
v 0.01196363 -0.01999743 -0.02624158
v 0.01594068 -0.01703649 -0.02703587
v 0.01582020 -0.01712341 -0.02531573
v 0.01913160 -0.01340222 -0.02588630
v 0.01915565 -0.01335485 -0.02756635
v 0.02178699 -0.00843786 -0.02714689
v 0.02181006 -0.00838806 -0.02573183
v 0.02178248 -0.00843688 -0.02851293
v 0.02318079 -0.00302477 -0.02787619
v 0.02318799 -0.00301550 -0.02662970
v 0.02324842 0.00225013 -0.02658473
v 0.02327527 0.00216175 -0.02532141
v 0.02319642 -0.00298425 -0.02532674
v 0.02215748 0.00730433 -0.02581717
v 0.02223560 0.00713441 -0.02455046
v 0.02330030 0.00206605 -0.02402236
v 0.02209559 0.00746009 -0.02713984
v 0.01993445 0.01206800 -0.02597559
v 0.02004688 0.01190687 -0.02454478
v 0.01986451 0.01217103 -0.02753371
v 0.01714271 0.01579944 -0.02687129
v 0.01720045 0.01571741 -0.02507146
v 0.01397608 0.01866224 -0.02564225
v 0.01391724 0.01873255 -0.02716975
v 0.00962745 0.02126673 -0.02686100
v 0.00963917 0.02126282 -0.02823908
v 0.00474317 0.02286585 -0.02786207
v 0.00469495 0.02288196 -0.02660733
v 0.00477149 0.02285364 -0.02913381
v -0.00002294 0.02337318 -0.02817861
v 0.00006092 0.02338294 -0.02696030
v -0.00439831 0.02292835 -0.02663280
v -0.00418798 0.02297864 -0.02553024
v 0.00014088 0.02339319 -0.02581317
v -0.00846862 0.02177308 -0.02454704
v -0.00804150 0.02195960 -0.02337435
v -0.00392919 0.02303480 -0.02433115
v -0.00762768 0.02210560 -0.02234108
v -0.00369421 0.02308460 -0.02331830
v -0.00771496 0.02322962 -0.02206681
v -0.00373412 0.02417103 -0.02307657
v -0.00790112 0.02458753 -0.02198726
v -0.00380480 0.02548011 -0.02305755
v -0.00800353 0.02580823 -0.02193670
v -0.00383276 0.02663782 -0.02304720
v 0.00047437 0.02686341 -0.02337151
v -0.00386755 0.02790150 -0.02303758
v 0.00052552 0.02809485 -0.02336307
v 0.00505140 0.02766907 -0.02278341
v 0.00492078 0.02643177 -0.02281475
v 0.00514649 0.02889124 -0.02275138
v 0.00975220 0.02799036 -0.02123001
v 0.00970374 0.02664954 -0.02124886
v 0.01372010 0.02709241 -0.01883824
v 0.01370985 0.02544984 -0.01883726
v 0.01665589 0.02662513 -0.01636127
v 0.01668201 0.02479359 -0.01630985
v 0.01918482 0.02545521 -0.01334191
v 0.01925953 0.02384827 -0.01324126
v 0.01912464 0.02715833 -0.01342085
v 0.02135059 0.02802552 -0.00946983
v 0.01909278 0.02895325 -0.01345676
v 0.02131495 0.02968323 -0.00953461
v 0.02280628 0.03025696 -0.00512087
v 0.02128419 0.03147230 -0.00959439
v 0.02280799 0.03191517 -0.00513087
v 0.02335975 0.03046888 -0.00049565
v 0.02337086 0.03205823 -0.00045297
v 0.02279652 0.03387562 -0.00513830
v 0.02337269 0.03394495 -0.00039043
v 0.02293214 0.03366907 0.00430517
v 0.02295594 0.03173450 0.00417803
v 0.02289661 0.03577357 0.00441169
v 0.02159009 0.03543860 0.00882685
v 0.02165967 0.03321497 0.00870129
v 0.02155970 0.03816517 0.00897316
v 0.01948023 0.03790247 0.01286519
v 0.01955616 0.03508607 0.01271652
v 0.01709180 0.03480237 0.01591795
v 0.01692090 0.03769837 0.01609353
v 0.01416492 0.03488050 0.01857664
v 0.01387623 0.03774134 0.01879760
v 0.01021546 0.03525208 0.02098379
v 0.00990504 0.03802015 0.02111877
v 0.00541895 0.03560364 0.02270564
v 0.00516102 0.03826771 0.02277348
v 0.00023279 0.03573939 0.02336000
v 0.00003980 0.03836683 0.02336980
v -0.00498071 0.03560560 0.02278039
v -0.00488049 0.03349573 0.02282296
v -0.00508984 0.03824720 0.02278289
v -0.00987817 0.03798890 0.02117129
v -0.00984728 0.03528138 0.02119942
v -0.00980676 0.03295618 0.02122008
v -0.01395287 0.03488392 0.01869995
v -0.01396362 0.03237562 0.01869344
v -0.01397289 0.03014368 0.01871841
v -0.01712695 0.03224329 0.01586679
v -0.01714135 0.03004407 0.01586082
v -0.01719116 0.02805872 0.01582304
v -0.01991357 0.02886048 0.01218518
v -0.01995532 0.02701136 0.01212647
v -0.02206713 0.02815980 0.00762443
v -0.02211266 0.02671107 0.00750320
v -0.02002172 0.02541126 0.01202364
v -0.02322424 0.02744544 0.00271313
v -0.02323998 0.02615150 0.00264732
v -0.02217187 0.02534974 0.00736296
v -0.02328625 0.02748646 -0.00206343
v -0.02329247 0.02614612 -0.00200867
v -0.02326318 0.02474720 0.00254684
v -0.02330822 0.02478724 -0.00193745
v -0.02235961 0.02555384 -0.00665359
v -0.02242724 0.02417444 -0.00647968
v -0.02331262 0.02357923 -0.00189368
v -0.02252148 0.02286634 -0.00626392
v -0.02446972 0.02330872 -0.00195411
v -0.02372375 0.02242933 -0.00657609
v -0.02595129 0.02329066 -0.00209163
v -0.02519860 0.02228089 -0.00700554
v -0.02722387 0.02327357 -0.00220339
v -0.02653881 0.02216712 -0.00725568
v -0.02793310 0.02208216 -0.00744248
v -0.02859606 0.02325941 -0.00227995
v -0.02851318 0.02315735 0.00296454
v -0.02775829 0.02181019 0.00822391
v -0.02993456 0.02313880 0.00303480
v -0.02931359 0.02177405 0.00834071
v -0.02848339 0.01923109 0.01320486
v -0.03114294 0.02175159 0.00846395
v -0.03039037 0.01921253 0.01324959
v -0.03257971 0.01915198 0.01330930
v -0.03237280 0.01589368 0.01712608
v -0.03497790 0.01585071 0.01717613
v -0.03534081 0.01157337 0.02026432
v -0.03785253 0.01576575 0.01721324
v -0.03815429 0.01150208 0.02032438
v -0.03845056 0.00628724 0.02250040
v -0.03854199 0.00057923 0.02336908
v -0.04125939 0.01139271 0.02037086
v -0.04142724 0.00622718 0.02250392
v -0.04146618 0.00060120 0.02334719
v -0.04137695 -0.00500231 0.02279706
v -0.04464428 0.00614515 0.02253458
v -0.04466808 0.00062073 0.02335091
v -0.04462695 -0.00487975 0.02285661
v -0.04454614 -0.00997302 0.02113425
v -0.04799963 -0.00473571 0.02291852
v -0.04799963 -0.00974987 0.02125432
v -0.04799963 -0.01422643 0.01856026
v -0.04799963 -0.00731823 0.01736225
v -0.04799963 -0.01088561 0.01502966
v -0.04799963 -0.00336804 0.01883760
v -0.04799963 0.00062269 0.02338004
v -0.04799963 0.00602357 0.02259629
v -0.04799963 0.00466810 0.01875491
v -0.04799963 0.01110511 0.02060616
v -0.04799963 0.00872083 0.01705883
v -0.04799963 0.01554847 0.01746717
v -0.04457409 0.01126038 0.02046111
v -0.04448596 0.01562757 0.01735302
v -0.04447167 0.01915882 0.01338995
v -0.04105212 0.01569984 0.01727141
v -0.04103967 0.01911829 0.01336558
v -0.04122802 0.02169642 0.00859303
v -0.04455993 0.02173255 0.00856638
v -0.04139221 0.02312122 0.00312997
v -0.04463036 0.02315540 0.00308543
v -0.04143310 0.02322523 -0.00257304
v -0.04465661 0.02323011 -0.00262267
v -0.03848522 0.02324622 -0.00253353
v -0.03833166 0.02195374 -0.00796136
v -0.03584582 0.02325257 -0.00249791
v -0.03558044 0.02194837 -0.00790670
v -0.03807678 0.01959534 -0.01271886
v -0.03523254 0.01961634 -0.01268289
v -0.03788012 0.01650403 -0.01652550
v -0.03497338 0.01658997 -0.01645843
v -0.03274719 0.01964661 -0.01262733
v -0.03235851 0.01664612 -0.01639456
v -0.03267297 0.01299573 -0.01938340
v -0.03515514 0.01292982 -0.01944589
v -0.03331457 0.00851624 -0.02174419
v -0.03552880 0.00844056 -0.02176619
v -0.03374194 0.00353675 -0.02309920
v -0.03585278 0.00347718 -0.02309603
v -0.03176330 0.00355482 -0.02309482
v -0.03188964 -0.00147009 -0.02333446
v -0.03024145 -0.00142126 -0.02332909
v -0.02982690 -0.00624011 -0.02248420
v -0.02878124 -0.00135778 -0.02333334
v -0.02836266 -0.00609069 -0.02252605
v -0.02737719 -0.01070788 -0.02072121
v -0.02705224 -0.00591052 -0.02258675
v -0.02597228 -0.01048864 -0.02084845
v -0.02645300 -0.01466296 -0.01816047
v -0.02467468 -0.01446130 -0.01833939
v -0.02455615 -0.01020886 -0.02100717
v -0.02301916 -0.01418249 -0.01856645
v -0.02437841 -0.01765173 -0.01522954
v -0.02577575 -0.00571227 -0.02265154
v -0.02322582 -0.00980554 -0.02122733
v -0.02446374 -0.00547741 -0.02272725
v -0.02185619 -0.00932360 -0.02146861
v -0.02323608 -0.00522936 -0.02280703
v -0.02138110 -0.00947936 -0.02247809
v -0.02278393 -0.00527184 -0.02370611
v -0.02117236 -0.00983923 -0.02392497
v -0.01873058 -0.01394470 -0.02229966
v -0.01855212 -0.01412145 -0.02393643
v -0.01544897 -0.01746716 -0.02361264
v -0.01539501 -0.01752722 -0.02186250
v -0.01138403 -0.02040466 -0.02344417
v -0.01109973 -0.02057800 -0.02213200
v -0.01160363 -0.02026794 -0.02485859
v -0.01546923 -0.01744860 -0.02533537
v -0.01173766 -0.02018835 -0.02628411
v -0.00719152 -0.02220690 -0.02748908
v -0.01182421 -0.02013903 -0.02779830
v -0.00730004 -0.02216979 -0.02887863
v -0.00242370 -0.02322985 -0.02945686
v -0.00738220 -0.02214880 -0.03033001
v -0.00243749 -0.02323571 -0.03083943
v 0.00255018 -0.02318737 -0.02931107
v 0.00264319 -0.02318981 -0.03079904
v -0.00244958 -0.02323327 -0.03231974
v 0.00272425 -0.02319616 -0.03229259
v 0.00779444 -0.02201794 -0.03178053
v 0.00765369 -0.02204528 -0.03015891
v 0.01240027 -0.01979724 -0.03113984
v 0.01228187 -0.01984850 -0.02937268
v 0.01614722 -0.01688610 -0.03070069
v 0.01605421 -0.01697155 -0.02879252
v 0.01921766 -0.01325573 -0.02928319
v 0.01926990 -0.01317614 -0.03112349
v 0.02178541 -0.00841686 -0.03012914
v 0.02178602 -0.00839147 -0.03191278
v 0.02318067 -0.00300280 -0.03064911
v 0.02317249 -0.00302429 -0.02917619
v 0.02319544 -0.00296716 -0.03228558
v 0.02321546 0.00247620 -0.03064546
v 0.02320704 0.00240491 -0.02918364
v 0.02201685 0.00769495 -0.03003963
v 0.02204493 0.00758704 -0.02849175
v 0.02322706 0.00233509 -0.02788948
v 0.02202039 0.00777845 -0.03172679
v 0.01980701 0.01234144 -0.03108524
v 0.01984022 0.01227161 -0.02924073
v 0.01705152 0.01594007 -0.03056954
v 0.01711243 0.01588441 -0.02861805
v 0.01385523 0.01879456 -0.02890701
v 0.01380054 0.01883851 -0.03080616
v 0.00962110 0.02127991 -0.02987226
v 0.00955701 0.02130775 -0.03157552
v 0.00475306 0.02285316 -0.03061474
v 0.00469556 0.02287269 -0.03217540
v -0.00021594 0.02337415 -0.03080736
v -0.00010607 0.02336634 -0.02946153
v -0.00032324 0.02337171 -0.03234616
v -0.00499572 0.02278040 -0.03043318
v -0.00479614 0.02281360 -0.02903301
v -0.00954333 0.02132288 -0.02980174
v -0.00933581 0.02140589 -0.02822733
v -0.00460192 0.02286927 -0.02783523
v -0.00912695 0.02149378 -0.02696791
v -0.01342040 0.01905628 -0.02741769
v -0.01320544 0.01920374 -0.02582496
v -0.00883056 0.02161439 -0.02571719
v -0.01295910 0.01939026 -0.02438806
v -0.01661022 0.01638685 -0.02520383
v -0.01648510 0.01649866 -0.02353726
v -0.01264123 0.01961487 -0.02295807
v -0.01634570 0.01665882 -0.02191107
v -0.01215661 0.01993665 -0.02163338
v -0.01977844 0.01244105 -0.02296895
v -0.01988488 0.01228333 -0.02141011
v -0.01969128 0.01256946 -0.02458933
v -0.02204015 0.00778919 -0.02466182
v -0.02215209 0.00752894 -0.02322446
v -0.02318017 0.00310120 -0.02412661
v -0.02358642 0.00304066 -0.02319310
v -0.02252331 0.00742835 -0.02219540
v -0.02381005 0.00776722 -0.02204899
v -0.02480041 0.00317737 -0.02315947
v -0.02509924 0.00808997 -0.02190899
v -0.02338000 0.01277601 -0.01954758
v -0.02608129 0.00328968 -0.02313460
v -0.02643932 0.00831116 -0.02180769
v -0.02508080 0.01296790 -0.01939606
v -0.02435925 0.01666663 -0.01634382
v -0.02670886 0.01306946 -0.01929953
v -0.02613403 0.01670862 -0.01631450
v -0.02685217 0.01977796 -0.01234821
v -0.02529797 0.01992054 -0.01215459
v -0.02811938 0.01671497 -0.01631979
v -0.02868249 0.01971302 -0.01248032
v -0.02946264 0.02203040 -0.00759431
v -0.03012646 0.01667542 -0.01636336
v -0.03057287 0.01967786 -0.01256847
v -0.03130139 0.02201771 -0.00773261
v -0.03174438 0.02326282 -0.00239118
v -0.03005041 0.02325257 -0.00233691
v -0.03335241 0.02198109 -0.00785052
v -0.03370605 0.02325989 -0.00245737
v -0.03367028 0.02315540 0.00313977
v -0.03577746 0.02314026 0.00315240
v -0.03544775 0.02170814 0.00859256
v -0.03844201 0.02315833 0.00315439
v -0.03821301 0.02172327 0.00860578
v -0.03791418 0.01915101 0.01336819
v -0.03507006 0.01914368 0.01334135
v -0.03323364 0.02172425 0.00855527
v -0.03164806 0.02315638 0.00309798
v -0.02854113 0.01308558 -0.01932022
v -0.03046581 0.01305677 -0.01934718
v -0.02938232 0.00847718 -0.02173220
v -0.03121362 0.00852698 -0.02172950
v -0.02781310 0.00842884 -0.02174325
v -0.02861047 0.00347376 -0.02308936
v -0.02999352 0.00352552 -0.02307351
v -0.02731408 0.00339319 -0.02311298
v -0.02750829 -0.00129772 -0.02334182
v -0.02627111 -0.00125524 -0.02334565
v -0.02497741 -0.00119860 -0.02335171
v -0.02380224 -0.00112243 -0.02335769
v -0.02335302 -0.00111608 -0.02425268
v -0.02334948 -0.00114684 -0.02555993
v -0.02272595 -0.00544421 -0.02503356
v -0.02315514 0.00322913 -0.02548153
v -0.02334557 -0.00116149 -0.02677533
v -0.02267053 -0.00559167 -0.02631651
v -0.02263488 -0.00569518 -0.02753756
v -0.02094006 -0.01020251 -0.02660491
v -0.02102551 -0.01006481 -0.02526401
v -0.02089245 -0.01028112 -0.02799178
v -0.01843395 -0.01426257 -0.02721618
v -0.01845471 -0.01422448 -0.02552378
v -0.01549572 -0.01742419 -0.02700335
v -0.01555920 -0.01741052 -0.02876209
v -0.01190087 -0.02010143 -0.02944654
v -0.01560217 -0.01735485 -0.03067186
v -0.01197216 -0.02006188 -0.03123735
v -0.00745141 -0.02212585 -0.03197433
v -0.01203796 -0.02001306 -0.03323901
v -0.00750549 -0.02209216 -0.03384031
v -0.00245458 -0.02322595 -0.03419688
v -0.00754284 -0.02208288 -0.03599085
v -0.00243994 -0.02321862 -0.03619369
v 0.00280714 -0.02317419 -0.03413680
v 0.00288013 -0.02316003 -0.03615568
v 0.00802711 -0.02193786 -0.03589164
v 0.00791993 -0.02197497 -0.03375647
v 0.01260401 -0.01967321 -0.03551258
v 0.01248292 -0.01973522 -0.03315957
v 0.01634180 -0.01670300 -0.03528075
v 0.01623902 -0.01679675 -0.03282359
v 0.01932764 -0.01305798 -0.03318061
v 0.01941407 -0.01294274 -0.03556749
v 0.02179993 -0.00830847 -0.03384744
v 0.02184754 -0.00819811 -0.03601730
v 0.02320240 -0.00290222 -0.03420762
v 0.02321192 -0.00281481 -0.03627596
v 0.02320923 0.00263782 -0.03411228
v 0.02322559 0.00255775 -0.03219657
v 0.02319007 0.00272083 -0.03619655
v 0.02196204 0.00791712 -0.03588530
v 0.02199293 0.00785364 -0.03368634
v 0.01972645 0.01246302 -0.03553842
v 0.01975294 0.01240394 -0.03314023
v 0.01694312 0.01608851 -0.03526504
v 0.01699537 0.01601771 -0.03276995
v 0.01373682 0.01889857 -0.03297536
v 0.01363550 0.01898060 -0.03538348
v 0.00946277 0.02131751 -0.03354866
v 0.00933143 0.02136878 -0.03578648
v 0.00459803 0.02288685 -0.03403380
v 0.00445277 0.02290345 -0.03608934
v -0.00046801 0.02336243 -0.03416994
v -0.00065087 0.02334241 -0.03615944
v -0.00541540 0.02271741 -0.03393731
v -0.00520348 0.02276673 -0.03203447
v -0.00563085 0.02266566 -0.03601571
v -0.00997790 0.02114026 -0.03346403
v -0.00977404 0.02123548 -0.03148369
v -0.01386376 0.01877210 -0.03294779
v -0.01372900 0.01888343 -0.03087736
v -0.01358801 0.01898792 -0.02908347
v -0.01685131 0.01619544 -0.02877096
v -0.01673730 0.01627503 -0.02699578
v -0.01964074 0.01263538 -0.02771189
v -0.01965002 0.01262562 -0.02612656
v -0.02191577 0.00807728 -0.02729958
v -0.02196752 0.00795179 -0.02594355
v -0.02188683 0.00815101 -0.02863700
v -0.02312377 0.00339564 -0.02797481
v -0.02313781 0.00331458 -0.02668994
v -0.02311035 0.00345765 -0.02925024
v -0.02333300 -0.00119274 -0.02931532
v -0.02333947 -0.00117712 -0.02804222
v -0.02333740 -0.00120104 -0.03085331
v -0.02258422 -0.00585681 -0.03036646
v -0.02259240 -0.00578307 -0.02882110
v -0.02259680 -0.00589489 -0.03200580
v -0.02091332 -0.01036315 -0.03146679
v -0.02089697 -0.01033679 -0.02970140
v -0.01845800 -0.01427917 -0.03086098
v -0.01844274 -0.01430114 -0.02895304
v -0.01848034 -0.01424499 -0.03297768
v -0.01565160 -0.01734704 -0.03284254
v -0.01570214 -0.01731188 -0.03536847
v -0.01209741 -0.01998962 -0.03562919
v -0.01575707 -0.01725427 -0.03813664
v -0.01212048 -0.01998132 -0.03829190
v -0.00754431 -0.02208776 -0.03854153
v -0.01212707 -0.01995397 -0.04131516
v -0.00753466 -0.02205212 -0.04146040
v -0.00242248 -0.02322839 -0.03869502
v -0.00239526 -0.02320544 -0.04156174
v 0.00294056 -0.02316247 -0.03867586
v 0.00300098 -0.02312780 -0.04154575
v 0.00818726 -0.02185436 -0.04141262
v 0.00811378 -0.02190856 -0.03849528
v 0.01277686 -0.01953405 -0.04124363
v 0.01270069 -0.01961266 -0.03823531
v 0.01644019 -0.01657311 -0.03810545
v 0.01656019 -0.01643786 -0.04120153
v 0.01953907 -0.01277722 -0.03832520
v 0.01966834 -0.01255602 -0.04130684
v 0.02192811 -0.00804431 -0.03861562
v 0.02200245 -0.00783679 -0.04149048
v 0.02323145 -0.00269128 -0.03877303
v 0.02322657 -0.00252477 -0.04161564
v 0.02318604 0.00280775 -0.03870985
v 0.02313502 0.00291273 -0.04156961
v 0.02192347 0.00803773 -0.04142261
v 0.02195618 0.00797523 -0.03850832
v 0.01967567 0.01254603 -0.04126774
v 0.01971937 0.01250941 -0.03825998
v 0.01678199 0.01623304 -0.04118170
v 0.01686426 0.01615784 -0.03806486
v 0.01347901 0.01908460 -0.03815722
v 0.01329139 0.01920423 -0.04123220
v 0.00915284 0.02146009 -0.03841758
v 0.00890882 0.02153431 -0.04138389
v 0.00425843 0.02296107 -0.03861536
v 0.00399988 0.02298987 -0.04150889
v -0.00087011 0.02333411 -0.03866636
v -0.00113415 0.02328382 -0.04153065
v -0.00585534 0.02261683 -0.03856313
v -0.00611181 0.02252161 -0.04145521
v -0.01037902 0.02093128 -0.03835564
v -0.01018054 0.02103968 -0.03571941
v -0.01058691 0.02080433 -0.04133216
v -0.01415453 0.01857142 -0.03814594
v -0.01400207 0.01866810 -0.03537934
v -0.01710229 0.01589808 -0.03534503
v -0.01699157 0.01601722 -0.03283429
v -0.01968249 0.01251380 -0.03329066
v -0.01966381 0.01256312 -0.03130352
v -0.01691125 0.01610950 -0.03070662
v -0.02184570 0.00823157 -0.03198550
v -0.02186059 0.00821058 -0.03028783
v -0.01966271 0.01259778 -0.02945560
v -0.02310558 0.00351429 -0.03077904
v -0.02310082 0.00355091 -0.03233860
v -0.02183202 0.00822767 -0.03391151
v -0.02310131 0.00357435 -0.03426269
v -0.02334399 -0.00120300 -0.03238400
v -0.02333849 -0.00120202 -0.03428060
v -0.02310192 0.00356898 -0.03634542
v -0.02333471 -0.00119567 -0.03635367
v -0.02259472 -0.00588073 -0.03614686
v -0.02259130 -0.00590612 -0.03398120
v -0.02094628 -0.01028893 -0.03580093
v -0.02090649 -0.01034216 -0.03351821
v -0.02101867 -0.01019128 -0.03850201
v -0.01863830 -0.01405065 -0.03824562
v -0.01854077 -0.01416882 -0.03547708
v -0.01875170 -0.01389684 -0.04128346
v -0.01582946 -0.01716491 -0.04122268
v -0.01594714 -0.01707067 -0.04456812
v -0.01215283 -0.01995300 -0.04461271
v -0.01216479 -0.01997302 -0.04800404
v -0.00753307 -0.02211413 -0.04468265
v -0.00748425 -0.02215856 -0.04800404
v -0.00235644 -0.02324352 -0.04471380
v -0.00231384 -0.02329772 -0.04800404
v 0.00305799 -0.02316149 -0.04470258
v 0.00309437 -0.02318249 -0.04800404
v 0.00826819 -0.02185485 -0.04464965
v 0.00833326 -0.02185583 -0.04800404
v 0.01289344 -0.01949206 -0.04457502
v 0.01303101 -0.01945104 -0.04800404
v 0.01674781 -0.01628015 -0.04454937
v 0.01696351 -0.01610729 -0.04800404
v 0.01987745 -0.01232018 -0.04461619
v 0.02006263 -0.01201647 -0.04800404
v 0.02211378 -0.00756628 -0.04470377
v 0.02224622 -0.00724450 -0.04800404
v 0.02325172 -0.00230944 -0.04474334
v 0.02331299 -0.00207556 -0.04800404
v 0.02316431 0.00302747 -0.04472179
v 0.02317762 0.00313587 -0.04800404
v 0.02193677 0.00809437 -0.04466375
v 0.02193018 0.00813050 -0.04800404
v 0.01969935 0.01260267 -0.04459406
v 0.01969251 0.01263685 -0.04800404
v 0.01670740 0.01633655 -0.04455182
v 0.01663929 0.01646693 -0.04800404
v 0.01307752 0.01936927 -0.04457860
v 0.01282984 0.01957679 -0.04800404
v 0.00863917 0.02170521 -0.04464582
v 0.00829786 0.02187073 -0.04800404
v 0.00367469 0.02308753 -0.04469632
v 0.00329468 0.02315491 -0.04800404
v -0.00145226 0.02330482 -0.04469690
v -0.00179211 0.02332776 -0.04800404
v -0.00640295 0.02247913 -0.04466747
v -0.00669958 0.02243128 -0.04800404
v -0.01084777 0.02069544 -0.04461169
v -0.01113146 0.02059485 -0.04800404
v -0.01456591 0.01828138 -0.04455804
v -0.01431310 0.01840980 -0.04120053
v -0.01482409 0.01812269 -0.04800404
v -0.01761596 0.01534095 -0.04457124
v -0.01738830 0.01556019 -0.04119359
v -0.01998327 0.01208900 -0.04133442
v -0.01986547 0.01227308 -0.03838372
v -0.01722216 0.01574769 -0.03813827
v -0.02190588 0.00810169 -0.03865621
v -0.02185156 0.00819056 -0.03607161
v -0.01975573 0.01241907 -0.03568360
v -0.02309631 0.00352991 -0.03882592
v -0.02195434 0.00795374 -0.04151268
v -0.02309142 0.00345521 -0.04164942
v -0.02334448 -0.00118298 -0.03884962
v -0.02331677 -0.00116540 -0.04167030
v -0.02263659 -0.00572936 -0.04157583
v -0.02262109 -0.00582311 -0.03871477
v -0.02269006 -0.00558776 -0.04473718
v -0.02121789 -0.00981530 -0.04467916
v -0.02109264 -0.01003405 -0.04142570
v -0.02135705 -0.00954089 -0.04800404
v -0.01915344 -0.01343151 -0.04800404
v -0.01894567 -0.01368640 -0.04460546
v -0.01626598 -0.01085095 -0.04800404
v -0.01373840 -0.01383337 -0.04800404
v -0.01610803 -0.01696179 -0.04800404
v -0.00903503 -0.01274792 -0.04800404
v -0.01033825 -0.01631530 -0.04800404
v -0.00569457 -0.01388659 -0.04800404
v -0.00635766 -0.01792858 -0.04800404
v -0.00203369 -0.01431823 -0.04800404
v -0.00197851 -0.01866345 -0.04800404
v 0.00158594 -0.01403161 -0.04800404
v 0.00246766 -0.01846325 -0.04800404
v 0.00518079 -0.01304577 -0.04800404
v 0.00675806 -0.01732995 -0.04800404
v 0.01063611 -0.01533679 -0.04800404
v 0.00848670 -0.01145300 -0.04800404
v 0.01401795 -0.01260729 -0.04800404
v 0.01147986 -0.00918151 -0.04800404
v 0.01679993 -0.00928893 -0.04800404
v 0.01404529 -0.00640270 -0.04800404
v 0.01881751 -0.00554919 -0.04800404
v 0.00922559 -0.00584313 -0.04800404
v 0.01174549 -0.00352136 -0.04800404
v 0.00723572 -0.00279040 -0.04800404
v 0.00964661 -0.00070007 -0.04800404
v 0.01213648 0.00181507 -0.04800404
v 0.00757801 0.00184388 -0.04800404
v 0.01016028 0.00447376 -0.04800404
v 0.01495606 0.00434778 -0.04800404
v 0.01294007 0.00733216 -0.04800404
v 0.01823719 0.00644691 -0.04800404
v 0.01950245 0.00252991 -0.04800404
v 0.01611414 0.01008118 -0.04800404
v 0.01052967 0.00992103 -0.04800404
v 0.01339258 0.01319251 -0.04800404
v 0.01007313 0.01572620 -0.04800404
v 0.00764332 0.01201234 -0.04800404
v 0.00625269 0.01752454 -0.04800404
v 0.00440613 0.01344056 -0.04800404
v 0.00212513 0.01843275 -0.04800404
v 0.00121070 0.01400794 -0.04800404
v -0.00201721 0.01842640 -0.04800404
v -0.00211730 0.01381165 -0.04800404
v -0.00594116 0.01761341 -0.04800404
v -0.00525305 0.01299134 -0.04800404
v -0.00951147 0.01609827 -0.04800404
v -0.00812365 0.01172278 -0.04800404
v -0.01256701 0.01412903 -0.04800404
v -0.01072399 0.01014222 -0.04800404
v -0.01523644 0.01175843 -0.04800404
v -0.01787206 0.01510609 -0.04800404
v -0.01304675 0.00832435 -0.04800404
v -0.01734191 0.00916028 -0.04800404
v -0.02033703 0.01156019 -0.04800404
v -0.02217516 0.00744300 -0.04800404
v -0.02205676 0.00773499 -0.04471052
v -0.02015954 0.01183997 -0.04463784
v -0.02312121 0.00335071 -0.04476411
v -0.02316491 0.00321693 -0.04800404
v -0.02333849 -0.00113806 -0.04477452
v -0.02335998 -0.00110436 -0.04800404
v -0.01964025 -0.00064440 -0.04800404
v -0.01911706 -0.00420300 -0.04800404
v -0.02275231 -0.00541296 -0.04800404
v -0.01575634 -0.00299304 -0.04800404
v -0.01488549 -0.00588854 -0.04800404
v -0.01799548 -0.00764831 -0.04800404
v -0.01183166 -0.00444518 -0.04800404
v -0.01256640 -0.00182849 -0.04800404
v -0.00913244 -0.00371374 -0.04800404
v -0.00981762 -0.00093347 -0.04800404
v -0.00735449 -0.00026452 -0.04800404
v -0.00659313 -0.00319714 -0.04800404
v -0.00590502 -0.00635046 -0.04800404
v -0.00408178 -0.00283386 -0.04800404
v -0.00326452 -0.00628991 -0.04800404
v -0.00554333 -0.00980114 -0.04800404
v -0.00250878 -0.01006481 -0.04800404
v -0.00051647 -0.00594909 -0.04800404
v 0.00054212 -0.00980798 -0.04800404
v 0.00218189 -0.00529479 -0.04800404
v 0.00361243 -0.00898864 -0.04800404
v 0.00476038 -0.00429626 -0.04800404
v 0.00652991 -0.00763464 -0.04800404
v 0.00313624 -0.00099011 -0.04800404
v 0.00528016 0.00008118 -0.04800404
v 0.00175233 0.00198255 -0.04800404
v -0.00041735 0.00140003 -0.04800404
v 0.00070350 0.00542835 -0.04800404
v 0.00076673 -0.00181140 -0.04800404
v -0.00138244 0.00503919 -0.04800404
v -0.00197204 0.00924720 -0.04800404
v 0.00062488 0.00961341 -0.04800404
v -0.00449682 0.00850648 -0.04800404
v -0.00359899 0.00448646 -0.04800404
v -0.00693285 0.00750208 -0.04800404
v -0.00589623 0.00378382 -0.04800404
v -0.00925500 0.00626673 -0.04800404
v -0.00822863 0.00288245 -0.04800404
v -0.01150134 0.00493470 -0.04800404
v -0.01057324 0.00194202 -0.04800404
v -0.01318932 0.00093079 -0.04800404
v -0.01619567 0.00001575 -0.04800404
v -0.00494421 0.00031556 -0.04800404
v -0.00263146 0.00087903 -0.04800404
v -0.00162548 -0.00237438 -0.04800404
v -0.02385754 0.02009485 -0.01190955
v -0.02077026 0.02125159 -0.01073446
v -0.02060180 0.02281849 -0.01098771
v -0.02050060 0.02430628 -0.01114753
v -0.01792236 0.02310706 -0.01495163
v -0.01803417 0.02115931 -0.01484274
v -0.01516052 0.02136146 -0.01775590
v -0.01523620 0.02317249 -0.01766337
v -0.01187829 0.02296937 -0.02009769
v -0.01166528 0.02151478 -0.02023553
v -0.01200414 0.02441468 -0.02003109
v -0.01529565 0.02488636 -0.01761040
v -0.01209020 0.02590931 -0.01997152
v -0.00809887 0.02713294 -0.02189782
v -0.01215099 0.02745716 -0.01993782
v -0.00817260 0.02846107 -0.02186758
v -0.00388427 0.02915101 -0.02302466
v -0.00822241 0.03002747 -0.02185201
v -0.00389745 0.03059437 -0.02302758
v 0.00057972 0.02934827 -0.02335280
v 0.00062574 0.03071009 -0.02335341
v -0.00389831 0.03213050 -0.02302905
v 0.00066517 0.03220325 -0.02335445
v 0.00529139 0.03190980 -0.02275019
v 0.00522681 0.03028480 -0.02273653
v 0.00977955 0.03131800 -0.02123615
v 0.00976807 0.02962269 -0.02123393
v 0.01364466 0.03068665 -0.01895089
v 0.01371216 0.02884193 -0.01888844
v 0.01660425 0.03041370 -0.01645377
v 0.01663489 0.02846253 -0.01641528
v 0.01907239 0.03081263 -0.01347869
v 0.01657337 0.03256556 -0.01647695
v 0.01905958 0.03288685 -0.01348537
v 0.02127088 0.03348401 -0.00962581
v 0.01906922 0.03532435 -0.01347775
v 0.02128187 0.03568226 -0.00961079
v 0.02279590 0.03595521 -0.00510551
v 0.02132557 0.03835755 -0.00954196
v 0.02281129 0.03853919 -0.00504668
v 0.02336854 0.03600159 -0.00032327
v 0.02337916 0.03857532 -0.00022910
v 0.02280433 0.04144105 -0.00495525
v 0.02334937 0.04145569 -0.00011143
v 0.02289051 0.03841028 0.00454218
v 0.02284302 0.04135999 0.00467516
v 0.02336365 0.04465491 0.00003093
v 0.02287049 0.04460462 0.00482231
v 0.02148499 0.04119056 0.00910152
v 0.02147962 0.04453821 0.00924046
v 0.01936829 0.04101673 0.01298570
v 0.01932813 0.04446595 0.01314802
v 0.01674537 0.04092493 0.01626994
v 0.01657020 0.04441956 0.01647304
v 0.01356873 0.04096302 0.01900584
v 0.01325086 0.04444446 0.01923903
v 0.00955836 0.04112513 0.02125250
v 0.00920032 0.04450745 0.02145320
v 0.00485963 0.04126185 0.02282072
v 0.00454102 0.04456019 0.02293148
v -0.00017199 0.04130237 0.02332751
v -0.00040099 0.04456995 0.02333512
v -0.00519653 0.04124525 0.02273555
v -0.00531017 0.04454261 0.02275588
v -0.00991186 0.04448157 0.02113957
v -0.00990063 0.04108948 0.02113679
v -0.01395300 0.04441468 0.01873819
v -0.01390612 0.04093275 0.01870978
v -0.01393517 0.03774378 0.01873872
v -0.01713671 0.03773597 0.01583448
v -0.01713122 0.03485609 0.01586312
v -0.01983264 0.03523792 0.01228448
v -0.01983471 0.03282776 0.01227325
v -0.02198522 0.03353724 0.00782799
v -0.02201000 0.03151575 0.00778035
v -0.01987817 0.03073011 0.01222950
v -0.02320422 0.03197620 0.00287495
v -0.02319897 0.03028431 0.00283705
v -0.02203295 0.02979163 0.00771352
v -0.02329101 0.03197376 -0.00215218
v -0.02328796 0.03031946 -0.00213156
v -0.02320568 0.02881702 0.00278561
v -0.02328637 0.02885657 -0.00210398
v -0.02225341 0.02978919 -0.00694787
v -0.02228393 0.02828773 -0.00686828
v -0.02231823 0.02690833 -0.00677670
v -0.02037426 0.02737025 -0.01131142
v -0.02042468 0.02583021 -0.01126096
v -0.01787194 0.02660560 -0.01499995
v -0.01789379 0.02479212 -0.01496373
v -0.01532702 0.02664466 -0.01757303
v -0.01535192 0.02845179 -0.01758797
v -0.01217639 0.02915052 -0.01993003
v -0.01534753 0.03038685 -0.01758858
v -0.01217993 0.03094300 -0.01993982
v -0.00824535 0.03167298 -0.02184413
v -0.01215539 0.03301819 -0.01995365
v -0.00825158 0.03356898 -0.02183307
v -0.00389074 0.03398841 -0.02302625
v -0.00821911 0.03576575 -0.02184199
v -0.00386401 0.03600501 -0.02302039
v 0.00069739 0.03407142 -0.02335032
v 0.00072608 0.03605530 -0.02333907
v 0.00534363 0.03590784 -0.02272574
v 0.00533875 0.03382239 -0.02273640
v 0.00972596 0.03562220 -0.02125961
v 0.00977100 0.03333411 -0.02124637
v 0.01350294 0.03523548 -0.01904509
v 0.01357789 0.03278235 -0.01898552
v 0.01653834 0.03508509 -0.01651706
v 0.01648890 0.03792396 -0.01652904
v 0.01910328 0.03811146 -0.01342597
v 0.01647510 0.04107825 -0.01653262
v 0.01913428 0.04114564 -0.01334660
v 0.02134083 0.04130433 -0.00945387
v 0.01923841 0.04453821 -0.01328455
v 0.02142884 0.04460462 -0.00935951
v 0.02286158 0.04465101 -0.00483527
v 0.02151331 0.04800110 -0.00921684
v 0.02293555 0.04800110 -0.00468976
v 0.02340528 0.04800110 0.00019408
v 0.01892725 0.04800110 -0.00375533
v 0.01933008 0.04800110 0.00020150
v 0.02286317 0.04800110 0.00497106
v 0.01879310 0.04800110 0.00406406
v 0.02144605 0.04800110 0.00935112
v 0.01747230 0.04800110 0.00773650
v 0.01925696 0.04800110 0.01329012
v 0.01554444 0.04800110 0.01105740
v 0.01640369 0.04800110 0.01669150
v 0.01309070 0.04800110 0.01398812
v 0.01292420 0.04800110 0.01951525
v 0.01014612 0.04800110 0.01645530
v 0.00880335 0.04800110 0.02168462
v 0.00670362 0.04800110 0.01835724
v 0.00416688 0.04800110 0.02302025
v -0.00064050 0.04800110 0.02337911
v -0.00423962 0.04800110 0.01892593
v -0.00537255 0.04800110 0.02275906
v -0.00788720 0.04800110 0.01742237
v -0.00989587 0.04800110 0.02118565
v -0.01117443 0.04800110 0.01527952
v -0.01397888 0.04800110 0.01874458
v -0.01406164 0.04800110 0.01255943
v -0.01739855 0.04800110 0.01562325
v -0.01728417 0.04441712 0.01571298
v -0.02002490 0.04450989 0.01206059
v -0.01991918 0.04108021 0.01216727
v -0.01717895 0.04092396 0.01577410
v -0.02203283 0.04130970 0.00774902
v -0.02201891 0.03835560 0.00780818
v -0.01987487 0.03801819 0.01224831
v -0.02319909 0.03858411 0.00287482
v -0.02319897 0.03603138 0.00289629
v -0.02198742 0.03569984 0.00782742
v -0.02328295 0.03603675 -0.00219465
v -0.02328784 0.03392396 -0.00217571
v -0.02320300 0.03391663 0.00289533
v -0.02224243 0.03579554 -0.00708619
v -0.02225732 0.03359827 -0.00705914
v -0.02227001 0.03156751 -0.00701131
v -0.02036425 0.03309827 -0.01141853
v -0.02036779 0.03098011 -0.01140973
v -0.02036352 0.02912562 -0.01136246
v -0.01793688 0.03045374 -0.01495976
v -0.01790869 0.02852308 -0.01497771
v -0.01795373 0.03260950 -0.01493003
v -0.01533862 0.03260560 -0.01762443
v -0.01531616 0.03512269 -0.01765367
v -0.01210388 0.03541712 -0.01999172
v -0.01524328 0.03795423 -0.01770883
v -0.01199914 0.03813587 -0.02005492
v -0.00813744 0.03837903 -0.02189260
v -0.01186779 0.04121497 -0.02011655
v -0.00801623 0.04134730 -0.02190383
v -0.00382372 0.03854749 -0.02304291
v -0.00376293 0.04144446 -0.02303970
v 0.00074427 0.03858704 -0.02334320
v 0.00074573 0.04146155 -0.02331081
v 0.00527259 0.04139319 -0.02272577
v 0.00532618 0.03847523 -0.02274482
v 0.00955823 0.04126331 -0.02129864
v 0.00965845 0.03826331 -0.02127361
v 0.01332581 0.04111878 -0.01914560
v 0.01342200 0.03801478 -0.01911921
v 0.01325892 0.04450794 -0.01924253
v 0.01648865 0.04448841 -0.01655555
v 0.01651966 0.04800110 -0.01659451
v 0.01933863 0.04800110 -0.01318839
v 0.01346058 0.04800110 -0.01351568
v 0.01585926 0.04800110 -0.01064541
v 0.01770423 0.04800110 -0.00740523
v 0.01254566 0.04800110 -0.00827003
v 0.01419044 0.04800110 -0.00563701
v 0.00930030 0.04800110 -0.00586663
v 0.01088758 0.04800110 -0.00355943
v 0.00637269 0.04800110 -0.00339069
v 0.00802527 0.04800110 -0.00131876
v 0.00386597 0.04800110 -0.00096955
v 0.00578065 0.04800110 0.00096484
v 0.00793006 0.04800110 0.00283252
v 0.01051746 0.04800110 0.00464263
v 0.00597327 0.04800110 0.00523341
v 0.00876148 0.04800110 0.00709949
v 0.01203431 0.04800110 0.00903027
v 0.00668714 0.04800110 0.00944901
v 0.00984547 0.04800110 0.01158557
v 0.00731129 0.04800110 0.01382053
v 0.00436085 0.04800110 0.01166207
v 0.00390247 0.04800110 0.00759585
v 0.00171790 0.04800110 0.00997327
v -0.00053307 0.04800110 0.01243514
v -0.00080639 0.04800110 0.00825127
v -0.00319836 0.04800110 0.01092022
v -0.00261926 0.04800110 0.01537179
v -0.00561913 0.04800110 0.01396244
v -0.00572570 0.04800110 0.00911443
v -0.00841052 0.04800110 0.01207456
v -0.00795080 0.04800110 0.00697625
v -0.01095104 0.04800110 0.00967704
v -0.01303918 0.04800110 0.00701495
v -0.01642736 0.04800110 0.00939600
v -0.01821423 0.04800110 0.00586370
v -0.02213976 0.04800110 0.00753699
v -0.02011974 0.04800110 0.01191741
v -0.02324828 0.04800110 0.00265071
v -0.02320495 0.04466810 0.00275059
v -0.02208227 0.04460560 0.00766847
v -0.02325744 0.04467444 -0.00233649
v -0.02325109 0.04149818 -0.00227223
v -0.02318017 0.04147864 0.00281904
v -0.02221423 0.04137903 -0.00715057
v -0.02328381 0.03859925 -0.00222177
v -0.02224670 0.03843958 -0.00711366
v -0.02035790 0.04122962 -0.01141605
v -0.02037768 0.03822083 -0.01141613
v -0.02036389 0.03546985 -0.01141801
v -0.01794970 0.03799573 -0.01492096
v -0.01794506 0.03517200 -0.01491713
v -0.01791955 0.04110755 -0.01493450
v -0.01514965 0.04109290 -0.01777670
v -0.01788940 0.04450989 -0.01500746
v -0.01503759 0.04450501 -0.01789064
v -0.01170471 0.04455921 -0.02021708
v -0.01490527 0.04800110 -0.01805712
v -0.01151098 0.04800110 -0.02036992
v -0.00787866 0.04462073 -0.02200071
v -0.00769299 0.04800110 -0.02208969
v -0.00368493 0.04465931 -0.02308633
v -0.00358776 0.04800110 -0.02311411
v 0.00073499 0.04465882 -0.02332954
v 0.00070301 0.04800110 -0.02338416
v 0.00508387 0.04800110 -0.02283963
v 0.00519788 0.04463392 -0.02279097
v 0.00932899 0.04800110 -0.02146221
v 0.00945374 0.04457581 -0.02136347
v 0.00734559 0.04800110 -0.01792270
v 0.01057911 0.04800110 -0.01596455
v 0.01318543 0.04800110 -0.01934153
v 0.00796058 0.04800110 -0.01289038
v 0.01045130 0.04800110 -0.01069904
v 0.00743824 0.04800110 -0.00801902
v 0.00524500 0.04800110 -0.01003852
v 0.00460633 0.04800110 -0.00544076
v 0.00261841 0.04800110 -0.00743273
v 0.00203101 0.04800110 -0.00296433
v 0.00010218 0.04800110 -0.00494043
v -0.00222314 0.04800110 -0.00253201
v -0.00034069 0.04800110 -0.00053805
v 0.00157386 0.04800110 0.00144476
v 0.00361707 0.04800110 0.00337236
v -0.00267785 0.04800110 0.00189767
v -0.00072228 0.04800110 0.00389317
v 0.00146448 0.04800110 0.00578889
v -0.00308679 0.04800110 0.00638079
v -0.00517162 0.04800110 0.00438488
v -0.00702636 0.04800110 0.00222991
v -0.00984570 0.04800110 0.00466367
v -0.00453185 0.04800110 -0.00015411
v -0.00864477 0.04800110 0.00006969
v -0.01138427 0.04800110 0.00221209
v -0.01465966 0.04800110 0.00415204
v -0.00637560 0.04800110 -0.00217388
v -0.00839880 0.04800110 -0.00413208
v -0.01081335 0.04800110 -0.00603532
v -0.00420056 0.04800110 -0.00449625
v -0.00646838 0.04800110 -0.00647376
v -0.00896862 0.04800110 -0.00845326
v -0.00686913 0.04800110 -0.01076547
v -0.00952734 0.04800110 -0.01289849
v -0.01180322 0.04800110 -0.01049302
v -0.01374169 0.04800110 -0.00791444
v -0.01475964 0.04800110 -0.01268369
v -0.01691113 0.04800110 -0.00963454
v -0.01855969 0.04800110 -0.00611229
v -0.01945373 0.04800110 -0.00212533
v -0.02036657 0.04800110 -0.01151362
v -0.02224072 0.04800110 -0.00726294
v -0.02038110 0.04457337 -0.01146918
v -0.02224072 0.04463392 -0.00721418
v -0.02328478 0.04800110 -0.00241187
v -0.01785485 0.04800110 -0.01512785
v -0.01222131 0.04800110 -0.01530805
v -0.00937536 0.04800110 -0.01751638
v -0.00707922 0.04800110 -0.01503963
v -0.00628539 0.04800110 -0.01919590
v -0.00460705 0.04800110 -0.01295312
v -0.00433044 0.04800110 -0.00879079
v -0.00209142 0.04800110 -0.01110282
v 0.00015955 0.04800110 -0.01351482
v 0.00034717 0.04800110 -0.00929658
v 0.00277320 0.04800110 -0.01185269
v 0.00221680 0.04800110 -0.01624472
v 0.00519984 0.04800110 -0.01474997
v 0.00380897 0.04800110 -0.01933348
v 0.00021961 0.04800110 -0.02008463
v -0.00198486 0.04800110 -0.00686782
v -0.01930956 0.04800110 0.00199631
v 0.01381544 0.04800110 0.00623966
v -0.01098107 -0.02187585 -0.02064574
v -0.01122997 -0.02327575 -0.02047055
v -0.01139648 -0.02465319 -0.02033764
v -0.01510693 -0.02330895 -0.01777463
v -0.01504809 -0.02154186 -0.01785215
v -0.01816515 -0.02333679 -0.01469260
v -0.01827490 -0.02140905 -0.01457785
v -0.02101635 -0.02307751 -0.01021695
v -0.02117492 -0.02162390 -0.00993835
v -0.02088744 -0.02454431 -0.01044185
v -0.01812902 -0.02498571 -0.01471417
v -0.02078661 -0.02602819 -0.01060763
v -0.02266723 -0.02569811 -0.00563670
v -0.02261144 -0.02700964 -0.00579451
v -0.02071227 -0.02751208 -0.01072018
v -0.02255627 -0.02838220 -0.00592042
v -0.02335436 -0.02870837 -0.00092786
v -0.02335766 -0.02735290 -0.00086654
v -0.02253369 -0.02984606 -0.00600680
v -0.02335229 -0.03017907 -0.00095757
v -0.02298425 -0.02985339 0.00408865
v -0.02299291 -0.02841540 0.00404258
v -0.02299865 -0.03162731 0.00411050
v -0.02155737 -0.03101501 0.00892380
v -0.02155297 -0.02915661 0.00888576
v -0.02155346 -0.03311413 0.00896157
v -0.01924767 -0.03247546 0.01317148
v -0.01928796 -0.03024694 0.01313969
v -0.01924767 -0.03499206 0.01319363
v -0.01652087 -0.03481481 0.01650719
v -0.01645153 -0.03775036 0.01657108
v -0.01303454 -0.03791979 0.01939522
v -0.01635082 -0.04097839 0.01664956
v -0.01281286 -0.04110632 0.01953435
v -0.00844470 -0.04128161 0.02176278
v -0.01255493 -0.04450475 0.01969950
v -0.00811901 -0.04458679 0.02189765
v -0.00363940 -0.04137536 0.02305358
v -0.00328869 -0.04462292 0.02311617
v 0.00121082 -0.04137145 0.02331982
v 0.00143006 -0.04461413 0.02330918
v 0.00580042 -0.04127722 0.02258269
v 0.00583936 -0.04457409 0.02261292
v 0.00999122 -0.04450866 0.02113280
v 0.01006800 -0.04112145 0.02106147
v 0.01370472 -0.04444128 0.01893435
v 0.01381348 -0.04097839 0.01879414
v 0.01689857 -0.04444225 0.01611230
v 0.01698218 -0.04097839 0.01600046
v 0.01964930 -0.04450817 0.01262679
v 0.01969459 -0.04114050 0.01253753
v 0.02178528 -0.04458825 0.00841834
v 0.02181434 -0.04131628 0.00832172
v 0.02306238 -0.04464391 0.00378265
v 0.02308277 -0.04142028 0.00363972
v 0.02333814 -0.04465710 -0.00101801
v 0.02330884 -0.04143932 -0.00120349
v 0.02264844 -0.04462585 -0.00574346
v 0.02257484 -0.04137048 -0.00588010
v 0.02256763 -0.03840124 -0.00602953
v 0.02104835 -0.04124108 -0.01006156
v 0.02102540 -0.03822302 -0.01017986
v 0.02095032 -0.03545251 -0.01028601
v 0.01894764 -0.03803893 -0.01365554
v 0.01888880 -0.03519421 -0.01370403
v 0.01884107 -0.03269372 -0.01374577
v 0.01659461 -0.03510339 -0.01644579
v 0.01659070 -0.03254382 -0.01643494
v 0.01661304 -0.03027917 -0.01639766
v 0.01401746 -0.03061413 -0.01868295
v 0.01406983 -0.02859948 -0.01862297
v 0.01060047 -0.02943054 -0.02081570
v 0.01059571 -0.03123718 -0.02083281
v 0.00646509 -0.03011511 -0.02243468
v 0.00648756 -0.03180554 -0.02245506
v 0.00197144 -0.03050085 -0.02326969
v 0.00197510 -0.02910632 -0.02326345
v 0.00196314 -0.03212390 -0.02328477
v -0.00268542 -0.03048181 -0.02319742
v -0.00262707 -0.02905261 -0.02319445
v -0.00732617 -0.02994860 -0.02217981
v -0.00724352 -0.02844030 -0.02218853
v -0.00255346 -0.02786169 -0.02321037
v -0.00712780 -0.02720056 -0.02223705
v -0.01161901 -0.02747497 -0.02020659
v -0.01153307 -0.02605505 -0.02024582
v -0.01524023 -0.02670544 -0.01766488
v -0.01517663 -0.02493835 -0.01770062
v -0.01812023 -0.02676599 -0.01471629
v -0.01527831 -0.02853893 -0.01766970
v -0.01811681 -0.02857751 -0.01474326
v -0.02068835 -0.02925964 -0.01078711
v -0.01810607 -0.03051452 -0.01474946
v -0.02067956 -0.03107653 -0.01082688
v -0.02253979 -0.03163366 -0.00608981
v -0.02066760 -0.03319372 -0.01086143
v -0.02252880 -0.03363952 -0.00615218
v -0.02335327 -0.03185143 -0.00099931
v -0.02335363 -0.03381970 -0.00103909
v -0.02252087 -0.03580700 -0.00617632
v -0.02335217 -0.03592858 -0.00106458
v -0.02299670 -0.03577331 0.00410635
v -0.02300170 -0.03362780 0.00411706
v -0.02301196 -0.03845056 0.00407793
v -0.02157629 -0.03818737 0.00895659
v -0.02154943 -0.03538952 0.00897379
v -0.02156896 -0.04121765 0.00891041
v -0.01925146 -0.04102233 0.01318862
v -0.01926684 -0.03788806 0.01319584
v -0.01929638 -0.04447106 0.01319600
v -0.01626171 -0.04444421 0.01675915
v -0.01934142 -0.04799890 0.01317516
v -0.01617419 -0.04799890 0.01689886
v -0.01225549 -0.04799890 0.01991563
v -0.01266918 -0.04799890 0.01400388
v -0.00947338 -0.04799890 0.01681463
v -0.00773364 -0.04799890 0.02206702
v -0.00576281 -0.04799890 0.01896508
v -0.00286022 -0.04799890 0.02321398
v 0.00167945 -0.04799890 0.02332811
v 0.00584363 -0.04799890 0.02264124
v 0.00481727 -0.04799890 0.01941911
v 0.00812794 -0.04799890 0.01807734
v 0.00985071 -0.04799890 0.02120735
v 0.01121583 -0.04799890 0.01625498
v 0.01353040 -0.04799890 0.01907767
v 0.01401050 -0.04799890 0.01392675
v 0.01681361 -0.04799890 0.01626954
v 0.01640406 -0.04799890 0.01090445
v 0.01963074 -0.04799890 0.01273447
v 0.01806116 -0.04799890 0.00729134
v 0.02179761 -0.04799890 0.00849554
v 0.01878590 -0.04799890 0.00343536
v 0.02306556 -0.04799890 0.00388638
v 0.02337452 -0.04799890 -0.00082856
v 0.01881690 -0.04799890 -0.00051104
v 0.01817591 -0.04799890 -0.00441830
v 0.01457874 -0.04799890 -0.00003506
v 0.01388624 -0.04799890 -0.00339384
v 0.01263782 -0.04799890 -0.00658952
v 0.01681983 -0.04799890 -0.00804623
v 0.01054310 -0.04799890 0.00058994
v 0.00978773 -0.04799890 -0.00243813
v 0.00865882 -0.04799890 -0.00541656
v 0.00717444 -0.04799890 -0.00832752
v 0.01089381 -0.04799890 -0.00951787
v 0.00599622 -0.04799890 -0.00148370
v 0.00498218 -0.04799890 -0.00437405
v 0.00365418 -0.04799890 -0.00729548
v 0.00199610 -0.04799890 -0.01045249
v 0.00543311 -0.04799890 -0.01124425
v 0.00141566 -0.04799890 -0.00330334
v 0.00024818 -0.04799890 -0.00623833
v -0.00135339 -0.04799890 -0.00952059
v -0.00329723 -0.04799890 -0.01329020
v 0.00015882 -0.04799890 -0.01407883
v -0.00317748 -0.04799890 -0.00512341
v -0.00457995 -0.04799890 -0.00836522
v -0.00653967 -0.04799890 -0.01207665
v -0.00893005 -0.04799890 -0.01615490
v -0.00535192 -0.04799890 -0.01763535
v -0.00773791 -0.04799890 -0.00708106
v -0.00956188 -0.04799890 -0.01053096
v -0.01213561 -0.04799890 -0.01416908
v -0.01506603 -0.04799890 -0.01791148
v -0.01138146 -0.04799890 -0.02044759
v -0.01808569 -0.04799890 -0.01487298
v -0.01810546 -0.04454968 -0.01477562
v -0.01510790 -0.04452477 -0.01784055
v -0.02075390 -0.04799890 -0.01082088
v -0.02070153 -0.04462048 -0.01083231
v -0.02252941 -0.04466686 -0.00618021
v -0.02251794 -0.04146765 -0.00619065
v -0.02067822 -0.04135729 -0.01085437
v -0.01811376 -0.04120446 -0.01473818
v -0.01514123 -0.04113610 -0.01775449
v -0.02067394 -0.03830212 -0.01086304
v -0.01812255 -0.03805847 -0.01473253
v -0.01520178 -0.03799890 -0.01771129
v -0.01167626 -0.03819323 -0.02025195
v -0.01810681 -0.03522741 -0.01475667
v -0.01526306 -0.03516491 -0.01769174
v -0.01171484 -0.03542321 -0.02020137
v -0.00746996 -0.03578161 -0.02211660
v -0.01172997 -0.03306432 -0.02018041
v -0.00746484 -0.03361022 -0.02213158
v -0.00279223 -0.03395593 -0.02318888
v -0.00741723 -0.03162048 -0.02216514
v -0.00274853 -0.03206237 -0.02320549
v -0.01172973 -0.03097546 -0.02020430
v -0.01169128 -0.02919177 -0.02019340
v -0.01528307 -0.03046227 -0.01765588
v -0.01527807 -0.03258776 -0.01766480
v -0.01810034 -0.03266003 -0.01476402
v -0.02066894 -0.03552819 -0.01087802
v -0.02252953 -0.03849792 -0.00618650
v -0.02334960 -0.03856823 -0.00109306
v -0.02333776 -0.04149255 -0.00113076
v -0.02333581 -0.04468395 -0.00116275
v -0.02302306 -0.04463903 0.00396955
v -0.02298974 -0.04140807 0.00403019
v -0.02306555 -0.04799890 0.00388262
v -0.02169543 -0.04799890 0.00877912
v -0.02162158 -0.04455895 0.00885763
v -0.01714855 -0.04799890 0.00688052
v -0.01522888 -0.04799890 0.01066559
v -0.01284460 -0.04799890 0.00515491
v -0.01132263 -0.04799890 0.00848790
v -0.00923498 -0.04799890 0.01158459
v -0.00744177 -0.04799890 0.00659521
v -0.00568994 -0.04799890 0.00951908
v -0.00662634 -0.04799890 0.01428146
v -0.00358679 -0.04799890 0.01222900
v -0.00238122 -0.04799890 0.00785254
v -0.00057751 -0.04799890 0.01058482
v 0.00150086 -0.04799890 0.01341817
v 0.00234608 -0.04799890 0.00921740
v 0.00420289 -0.04799890 0.01210847
v 0.00344678 -0.04799890 0.01639407
v 0.00626673 -0.04799890 0.01509904
v 0.00693128 -0.04799890 0.01077263
v 0.00900745 -0.04799890 0.01358277
v 0.00529151 -0.04799890 0.00796425
v 0.00805970 -0.04799890 0.00695068
v 0.00407642 -0.04799890 0.00521101
v 0.00741309 -0.04799890 0.00424252
v 0.00088978 -0.04799890 0.00641109
v -0.00029894 -0.04799890 0.00363125
v 0.00319202 -0.04799890 0.00242264
v -0.00379308 -0.04799890 0.00501119
v -0.00489367 -0.04799890 0.00210290
v -0.00871984 -0.04799890 0.00356614
v -0.00960217 -0.04799890 0.00038990
v -0.01379626 -0.04799890 0.00165199
v -0.01421520 -0.04799890 -0.00186664
v -0.01829736 -0.04799890 0.00281034
v -0.01868151 -0.04799890 -0.00134711
v -0.02335571 -0.04799890 -0.00119872
v -0.02256811 -0.04799890 -0.00615382
v -0.01017223 -0.04799890 -0.00279300
v -0.00657702 -0.04799890 -0.00393578
v -0.00575793 -0.04799890 -0.00089318
v -0.00213989 -0.04799890 -0.00213102
v 0.00235413 -0.04799890 -0.00042238
v -0.00125268 -0.04799890 0.00078436
v 0.00677076 -0.04799890 0.00138308
v 0.01098829 -0.04799890 0.00358234
v 0.01478590 -0.04799890 0.00335917
v -0.00280663 -0.03602184 -0.02317159
v 0.00193275 -0.03605261 -0.02329049
v -0.00280285 -0.03861950 -0.02318651
v -0.00745007 -0.03845104 -0.02214228
v 0.00194630 -0.03401745 -0.02328954
v 0.00648035 -0.03378552 -0.02245165
v 0.00644654 -0.03591784 -0.02244152
v 0.01049830 -0.03565515 -0.02087269
v 0.01041517 -0.03835339 -0.02091518
v 0.00640137 -0.03855505 -0.02246753
v 0.01055604 -0.03330065 -0.02085801
v 0.01395753 -0.03279821 -0.01873725
v 0.01389625 -0.03530358 -0.01879488
v 0.01657105 -0.03796911 -0.01645859
v 0.01380494 -0.03810729 -0.01885574
v 0.01652930 -0.04112048 -0.01648522
v 0.01371717 -0.04121911 -0.01891046
v 0.01032740 -0.04140319 -0.02095569
v 0.01362012 -0.04457116 -0.01898500
v 0.01025904 -0.04464977 -0.02099528
v 0.00637073 -0.04152624 -0.02246481
v 0.00635328 -0.04470397 -0.02247923
v 0.00193934 -0.04156384 -0.02327553
v 0.00192652 -0.03865319 -0.02329818
v 0.00198682 -0.04471813 -0.02327790
v -0.00268688 -0.04470202 -0.02319799
v -0.00276415 -0.04152380 -0.02317151
v -0.00730810 -0.04464880 -0.02219697
v -0.00738586 -0.04139440 -0.02213086
v -0.01149926 -0.04457360 -0.02035925
v -0.01158569 -0.04122888 -0.02027186
v -0.00719604 -0.04799890 -0.02226749
v -0.00257775 -0.04799890 -0.02326392
v -0.00150305 -0.04799890 -0.01852729
v 0.00207630 -0.04799890 -0.02331669
v 0.00237525 -0.04799890 -0.01866221
v 0.00367127 -0.04799890 -0.01451615
v 0.00889112 -0.04799890 -0.01219617
v 0.01263465 -0.04799890 -0.01392544
v 0.01490064 -0.04799890 -0.01125188
v 0.01644569 -0.04799890 -0.01666158
v 0.01903211 -0.04799890 -0.01360147
v 0.02118262 -0.04799890 -0.00991605
v 0.02112183 -0.04456921 -0.00999248
v 0.02270838 -0.04799890 -0.00559703
v 0.01901722 -0.04452136 -0.01359309
v 0.01896131 -0.04112682 -0.01358797
v 0.01648890 -0.04451989 -0.01655180
v -0.02413134 -0.02076696 -0.01068253
v -0.02422765 0.01134876 0.02039629
v 0.02809473 -0.02165026 -0.00876989
v 0.02716627 -0.01901696 -0.01357013
v -0.02315160 -0.00480602 0.02290218
v -0.02138732 -0.00986901 0.02120680
v -0.02105663 -0.01013854 0.02258218
v -0.02285241 -0.00497888 0.02409852
v -0.02339831 0.00017200 0.02450617
v -0.02089330 -0.01042907 0.02414722
v -0.02277331 -0.00519958 0.02555273
v -0.02338732 0.00012513 0.02596255
v -0.02337670 0.00008509 0.02721719
v -0.02267321 0.00554456 0.02670847
v -0.02271850 0.00546253 0.02540356
v -0.02263061 0.00561097 0.02807204
v -0.02060278 0.01092347 0.02690962
v -0.02067065 0.01083460 0.02536808
v -0.02060973 0.01092054 0.02867329
v -0.01767993 0.01521204 0.02788659
v -0.01772204 0.01515394 0.02988255
v -0.01417797 0.01854944 0.03002452
v -0.01775768 0.01511390 0.03217175
v -0.01418212 0.01856116 0.03227888
v -0.00948364 0.02135560 0.03297160
v -0.01418969 0.01856116 0.03489234
v -0.00944213 0.02136487 0.03532697
v -0.00360290 0.02305872 0.03562756
v -0.00935558 0.02140491 0.03811363
v -0.00347070 0.02308851 0.03834872
v 0.00292481 0.02316517 0.03832522
v -0.00333581 0.02310901 0.04134998
v 0.00309656 0.02311878 0.04131488
v 0.00905604 0.02153919 0.03806652
v 0.00922950 0.02145960 0.04114027
v 0.01419459 0.01854651 0.03776575
v 0.01433155 0.01840980 0.04096411
v 0.01830665 0.01449134 0.04102505
v 0.01454700 0.01830237 0.04443330
v 0.01851173 0.01423841 0.04446189
v 0.02137012 0.00941956 0.04455302
v 0.01877955 0.01393860 0.04799596
v 0.02160779 0.00901429 0.04799596
v 0.02308228 0.00377943 0.04799596
v 0.01838550 0.00672034 0.04799596
v 0.01587574 0.01060218 0.04799596
v 0.01235645 0.01405726 0.04799596
v 0.01048548 0.01010755 0.04799596
v 0.01356653 0.00729310 0.04799596
v 0.01476600 0.01816566 0.04799596
v 0.00956006 0.02135023 0.04799596
v 0.00803419 0.01666028 0.04799596
v 0.00940406 0.02140589 0.04450743
v 0.00325965 0.02312464 0.04458587
v 0.00340674 0.02313782 0.04799596
v 0.00306483 0.01808118 0.04799596
v 0.00270460 0.01335364 0.04799596
v 0.00683729 0.01218177 0.04799596
v 0.00237757 0.00875941 0.04799596
v 0.00579603 0.00783607 0.04799596
v 0.00890858 0.00627503 0.04799596
v 0.00486317 0.00396693 0.04799596
v 0.00764698 0.00269251 0.04799596
v 0.01180823 0.00403138 0.04799596
v 0.01035999 0.00083021 0.04799596
v 0.01306312 -0.00126745 0.04799596
v 0.00908289 -0.00211071 0.04799596
v 0.01188270 -0.00395641 0.04799596
v 0.01609412 -0.00326013 0.04799596
v 0.01495740 -0.00608923 0.04799596
v 0.01929005 -0.00463024 0.04799596
v 0.00786658 -0.00490807 0.04799596
v 0.01063880 -0.00661999 0.04799596
v 0.00535914 -0.00382116 0.04799596
v 0.00671546 -0.00765759 0.04799596
v 0.00648817 -0.00074401 0.04799596
v 0.00391444 0.00030482 0.04799596
v 0.00289820 -0.00298669 0.04799596
v 0.00063074 -0.00244372 0.04799596
v 0.00173389 -0.00602184 0.04799596
v 0.00421204 -0.00673327 0.04799596
v 0.00142676 0.00095032 0.04799596
v -0.00082592 0.00117786 0.04799596
v 0.00204200 0.00467786 0.04799596
v -0.00062206 -0.00534167 0.04799596
v 0.00046302 -0.00887390 0.04799596
v 0.00310206 -0.00947399 0.04799596
v 0.00202625 -0.01248620 0.04799596
v -0.00097326 -0.01191247 0.04799596
v 0.00109766 -0.01595495 0.04799596
v -0.00207812 -0.00801354 0.04799596
v -0.01418566 0.01857239 0.03776538
v -0.01782006 0.01506702 0.03478864
v -0.02068200 0.01082776 0.03278229
v -0.02064562 0.01087952 0.03060002
v -0.02265234 0.00560267 0.03136567
v -0.02262109 0.00561048 0.02952248
v -0.02336804 0.00004749 0.02853839
v -0.02271252 -0.00535436 0.02685642
v -0.01789306 -0.01501794 0.02256187
v 0.04143018 0.02335120 0.00001380
v 0.03844825 0.02279261 0.00513162
v 0.04136829 0.02271058 0.00539833
v 0.03547462 0.02122523 0.00972288
v 0.03817506 0.02112122 0.00998833
v 0.03258216 0.01903284 0.01351530
v 0.03502955 0.01881312 0.01381596
v 0.03002943 0.01659193 0.01646144
v 0.03223060 0.01632386 0.01672531
v 0.02844056 0.01336829 0.01912105
v 0.03040662 0.01306409 0.01934677
v 0.02771204 0.00887318 0.02152969
v 0.02935975 0.00869495 0.02160722
v 0.02725928 0.00379798 0.02301400
v 0.02862842 0.00372474 0.02300143
v 0.02621253 -0.00096227 0.02335239
v 0.02752637 -0.00110681 0.02334298
v 0.02488013 -0.00082067 0.02336439
v 0.02575379 0.01305237 -0.01937147
f 1 2 3
f 1 4 5
f 1 6 4
f 1 3 7
f 1 7 8
f 9 10 11
f 9 12 13
f 9 13 14
f 15 16 17
f 15 18 19
f 15 20 16
f 15 19 21
f 15 21 22
f 23 24 25
f 23 26 27
f 23 27 28
f 23 25 29
f 23 30 26
f 31 32 33
f 31 34 32
f 31 35 36
f 31 33 37
f 38 39 40
f 38 41 39
f 38 42 41
f 38 40 43
f 38 44 42
f 45 46 47
f 45 48 49
f 45 49 50
f 45 50 51
f 45 52 46
f 53 54 55
f 53 56 57
f 53 58 56
f 53 59 58
f 60 61 62
f 60 63 61
f 60 64 63
f 65 66 67
f 65 68 66
f 65 69 68
f 70 71 72
f 70 73 74
f 70 72 75
f 76 77 78
f 76 78 79
f 76 80 77
f 81 82 83
f 81 84 82
f 81 83 85
f 81 86 6
f 81 85 86
f 87 88 89
f 87 90 88
f 87 89 91
f 87 92 40
f 87 93 92
f 94 95 96
f 94 96 97
f 94 98 99
f 100 101 102
f 100 102 103
f 100 104 105
f 106 107 108
f 106 108 109
f 106 110 111
f 112 113 114
f 112 115 113
f 112 114 116
f 117 118 119
f 117 120 118
f 117 121 122
f 123 124 125
f 123 126 127
f 123 128 129
f 130 131 132
f 130 133 134
f 130 135 131
f 136 137 138
f 136 138 139
f 136 140 137
f 141 142 143
f 141 144 145
f 141 146 147
f 148 149 150
f 148 151 152
f 148 150 153
f 54 154 155
f 54 155 55
f 54 53 57
f 54 156 154
f 157 158 25
f 157 159 160
f 157 161 159
f 157 24 161
f 162 163 164
f 162 165 163
f 162 52 165
f 162 166 46
f 167 168 169
f 167 170 13
f 171 172 35
f 171 173 172
f 171 174 173
f 175 176 177
f 175 177 16
f 175 178 179
f 175 20 178
f 180 181 182
f 180 183 184
f 180 184 185
f 186 187 188
f 186 189 187
f 186 190 191
f 192 193 194
f 192 195 196
f 192 197 198
f 199 200 201
f 199 202 200
f 199 203 202
f 204 205 206
f 204 207 208
f 204 209 210
f 211 212 213
f 211 214 215
f 211 216 217
f 218 219 220
f 218 220 221
f 218 222 223
f 224 225 226
f 224 227 225
f 224 228 229
f 230 231 232
f 230 233 234
f 230 235 233
f 236 237 238
f 236 239 237
f 236 240 241
f 241 240 242
f 241 242 243
f 241 244 239
f 245 244 246
f 245 247 248
f 245 248 249
f 248 250 251
f 248 251 252
f 252 253 249
f 252 251 254
f 252 254 255
f 255 256 253
f 255 254 257
f 255 257 258
f 258 259 256
f 258 257 260
f 258 260 261
f 261 262 263
f 261 260 264
f 261 265 262
f 266 267 268
f 266 265 269
f 266 270 267
f 271 272 273
f 271 270 274
f 271 275 276
f 276 277 272
f 276 275 278
f 276 278 279
f 279 280 277
f 279 278 281
f 279 281 282
f 282 283 280
f 282 281 284
f 282 284 285
f 285 286 287
f 285 284 288
f 285 289 286
f 290 291 292
f 290 289 293
f 290 294 291
f 294 293 295
f 294 296 297
f 296 295 298
f 296 299 300
f 299 298 301
f 299 302 303
f 303 302 304
f 303 304 305
f 303 306 300
f 306 305 307
f 306 308 50
f 308 307 309
f 308 309 310
f 310 309 311
f 310 312 313
f 310 313 51
f 314 312 315
f 314 316 317
f 314 317 165
f 317 318 319
f 317 319 320
f 319 321 322
f 319 322 323
f 323 324 320
f 323 322 325
f 323 325 326
f 326 327 324
f 326 325 328
f 326 328 329
f 329 330 331
f 329 328 332
f 329 332 330
f 333 334 330
f 333 332 335
f 333 336 337
f 337 338 334
f 337 336 339
f 337 339 340
f 340 341 338
f 340 339 342
f 340 342 343
f 343 344 341
f 343 342 345
f 343 345 346
f 346 347 344
f 346 345 348
f 346 348 349
f 349 350 347
f 349 348 351
f 349 351 352
f 352 353 350
f 352 351 354
f 352 354 355
f 355 356 353
f 355 354 139
f 355 139 138
f 357 354 358
f 357 359 360
f 357 360 140
f 360 361 362
f 360 362 363
f 362 364 365
f 362 365 363
f 366 365 367
f 366 368 369
f 366 369 137
f 369 370 371
f 369 371 372
f 371 373 374
f 371 374 375
f 375 374 376
f 375 376 377
f 375 356 372
f 376 378 379
f 376 379 380
f 380 379 381
f 380 381 382
f 380 383 377
f 382 381 384
f 382 384 385
f 382 386 383
f 385 384 387
f 385 387 388
f 385 389 386
f 388 387 390
f 388 390 391
f 388 392 389
f 391 390 393
f 391 393 394
f 391 395 392
f 394 393 396
f 394 396 397
f 394 398 395
f 397 396 399
f 397 399 400
f 397 401 398
f 400 399 402
f 400 402 403
f 400 331 401
f 403 402 404
f 403 404 405
f 403 405 327
f 404 406 407
f 404 407 166
f 407 408 409
f 407 409 410
f 409 411 412
f 409 412 413
f 413 412 414
f 413 414 415
f 413 47 46
f 415 414 416
f 415 416 417
f 415 417 48
f 417 418 291
f 417 291 297
f 418 416 419
f 418 420 292
f 421 420 422
f 421 423 287
f 421 287 286
f 424 423 425
f 424 426 427
f 424 427 283
f 428 426 429
f 428 430 431
f 428 432 427
f 431 430 433
f 431 433 434
f 431 435 432
f 434 433 436
f 434 436 437
f 434 273 435
f 437 436 438
f 437 438 268
f 437 268 267
f 439 438 440
f 439 441 263
f 439 263 262
f 442 441 443
f 442 444 445
f 442 445 259
f 446 444 447
f 446 448 449
f 446 449 445
f 448 447 450
f 448 451 238
f 450 452 453
f 450 454 451
f 450 447 452
f 455 456 452
f 455 447 444
f 455 443 457
f 457 458 456
f 457 443 441
f 457 440 459
f 459 460 458
f 459 440 461
f 459 461 462
f 462 463 460
f 462 461 464
f 462 464 465
f 465 466 467
f 465 464 468
f 465 468 466
f 469 470 471
f 469 468 430
f 469 429 470
f 472 473 474
f 472 429 426
f 472 425 473
f 475 476 477
f 475 425 423
f 475 422 476
f 478 479 476
f 478 422 420
f 478 419 480
f 480 481 479
f 480 419 482
f 480 482 483
f 483 484 481
f 483 482 485
f 483 485 486
f 486 487 484
f 486 485 488
f 486 488 489
f 489 490 487
f 489 488 491
f 489 491 492
f 492 493 490
f 492 491 494
f 492 494 495
f 495 167 12
f 495 494 496
f 495 496 168
f 496 497 498
f 496 498 499
f 499 500 168
f 499 498 501
f 499 501 502
f 502 503 500
f 502 501 504
f 502 504 505
f 505 506 503
f 505 504 507
f 505 507 508
f 508 509 506
f 508 507 510
f 508 510 511
f 511 512 509
f 511 510 513
f 511 513 514
f 514 515 512
f 514 513 516
f 514 516 517
f 517 518 515
f 517 516 519
f 517 519 520
f 520 521 518
f 520 519 522
f 520 522 523
f 523 524 521
f 523 522 525
f 523 525 526
f 526 527 528
f 526 525 529
f 526 529 530
f 530 531 532
f 530 529 533
f 530 534 531
f 535 536 537
f 535 534 538
f 535 107 536
f 537 539 540
f 537 541 531
f 537 536 539
f 542 181 185
f 542 536 111
f 542 543 181
f 543 111 110
f 543 544 182
f 545 546 547
f 545 547 183
f 545 544 548
f 548 549 546
f 548 544 109
f 548 109 550
f 550 551 549
f 550 109 108
f 550 552 551
f 553 554 551
f 553 552 555
f 553 555 556
f 556 555 557
f 556 557 373
f 556 370 554
f 557 558 559
f 557 559 560
f 559 561 562
f 559 562 563
f 563 562 564
f 563 564 565
f 563 378 560
f 558 533 561
f 558 555 566
f 566 538 534
f 566 552 538
f 567 367 568
f 567 568 569
f 567 554 368
f 568 570 571
f 568 571 572
f 572 571 573
f 572 573 574
f 572 575 569
f 574 573 576
f 574 576 577
f 574 578 575
f 577 576 579
f 577 579 580
f 577 581 578
f 581 580 582
f 581 583 547
f 582 580 584
f 582 584 585
f 582 586 583
f 586 585 587
f 586 588 185
f 588 587 589
f 588 540 539
f 589 587 590
f 589 590 591
f 589 592 540
f 592 591 593
f 592 594 541
f 594 593 528
f 594 528 527
f 595 593 596
f 595 597 598
f 595 598 524
f 599 597 600
f 599 601 602
f 599 603 598
f 602 601 604
f 602 605 606
f 602 607 603
f 606 605 608
f 606 608 609
f 606 610 607
f 609 608 611
f 609 611 612
f 609 613 610
f 612 611 614
f 612 614 615
f 612 616 613
f 615 614 617
f 615 617 618
f 615 619 616
f 618 617 620
f 618 620 621
f 618 622 619
f 621 620 623
f 621 623 170
f 621 169 622
f 623 624 625
f 623 625 626
f 625 627 628
f 625 628 629
f 629 628 630
f 629 630 14
f 629 14 13
f 631 630 632
f 631 633 634
f 631 634 635
f 634 636 637
f 634 637 638
f 638 637 639
f 638 639 640
f 638 641 635
f 641 640 642
f 641 643 10
f 643 642 644
f 643 645 646
f 646 645 647
f 646 647 648
f 646 649 10
f 649 648 650
f 649 650 651
f 650 652 653
f 650 653 651
f 654 652 655
f 654 656 657
f 654 658 653
f 657 656 659
f 657 660 661
f 657 662 658
f 661 660 663
f 661 663 664
f 661 665 662
f 664 663 666
f 664 666 667
f 664 668 665
f 667 666 669
f 667 669 670
f 667 477 668
f 670 669 671
f 670 671 474
f 670 474 473
f 672 671 673
f 672 674 471
f 672 471 470
f 675 674 676
f 675 677 467
f 675 467 466
f 678 677 679
f 678 679 680
f 678 681 467
f 680 679 682
f 680 682 683
f 680 684 681
f 683 682 685
f 683 685 686
f 683 687 684
f 686 685 688
f 686 688 689
f 686 690 687
f 689 688 691
f 689 691 453
f 689 453 452
f 692 691 231
f 692 231 693
f 692 693 454
f 693 234 243
f 693 243 242
f 694 234 233
f 694 695 246
f 694 246 244
f 696 695 697
f 696 698 699
f 696 699 247
f 699 700 701
f 699 701 250
f 701 702 703
f 701 704 705
f 704 703 706
f 704 707 705
f 708 709 705
f 708 707 710
f 708 711 712
f 712 713 709
f 712 711 714
f 712 714 715
f 715 716 713
f 715 714 717
f 715 717 718
f 718 264 716
f 718 717 719
f 718 719 720
f 720 269 265
f 720 719 721
f 720 721 269
f 722 274 270
f 722 721 723
f 722 724 274
f 725 726 275
f 725 724 727
f 725 728 726
f 729 730 726
f 729 728 731
f 729 732 730
f 733 734 730
f 733 732 735
f 733 735 736
f 736 288 734
f 736 735 737
f 736 737 738
f 738 293 289
f 738 737 739
f 738 739 293
f 739 26 740
f 739 741 295
f 741 740 742
f 741 743 298
f 743 742 744
f 743 745 301
f 746 745 747
f 746 748 749
f 746 749 302
f 750 748 751
f 750 751 752
f 750 753 749
f 753 752 754
f 753 755 304
f 755 754 756
f 755 757 305
f 757 756 758
f 757 758 759
f 758 760 761
f 758 761 762
f 762 761 763
f 762 764 311
f 762 311 759
f 765 764 766
f 765 767 315
f 765 315 312
f 768 767 769
f 768 770 771
f 768 771 316
f 771 772 773
f 771 773 318
f 773 774 775
f 773 775 321
f 775 776 777
f 775 777 778
f 777 779 780
f 777 780 781
f 781 782 778
f 781 780 783
f 781 783 784
f 784 785 782
f 784 783 786
f 784 786 787
f 787 788 785
f 787 786 789
f 787 789 790
f 790 335 788
f 790 789 791
f 790 791 792
f 792 793 336
f 792 791 794
f 792 794 795
f 795 796 793
f 795 794 797
f 795 797 798
f 798 799 796
f 798 797 800
f 798 800 801
f 801 802 799
f 801 800 803
f 801 803 804
f 804 805 802
f 804 803 220
f 804 220 806
f 803 807 808
f 808 807 809
f 808 809 810
f 808 811 221
f 811 810 812
f 811 813 222
f 813 812 814
f 813 364 223
f 812 810 815
f 812 815 570
f 816 810 809
f 816 817 818
f 816 819 815
f 818 817 820
f 818 820 821
f 818 822 819
f 821 820 823
f 821 823 824
f 821 825 822
f 824 823 826
f 824 826 827
f 824 828 825
f 828 827 829
f 828 830 579
f 829 827 831
f 829 831 832
f 829 833 830
f 833 832 834
f 833 835 584
f 835 834 836
f 835 837 585
f 836 834 838
f 836 838 839
f 836 840 837
f 840 839 841
f 840 842 590
f 842 841 843
f 842 596 591
f 843 841 844
f 843 844 600
f 843 600 597
f 845 844 846
f 845 847 604
f 845 604 601
f 848 847 849
f 848 850 851
f 848 851 605
f 852 850 853
f 852 854 855
f 852 856 851
f 855 854 857
f 855 857 858
f 855 859 856
f 858 857 82
f 858 860 861
f 858 862 859
f 861 860 863
f 861 864 865
f 861 866 862
f 865 864 867
f 865 867 627
f 865 624 866
f 867 868 869
f 867 869 870
f 869 871 872
f 869 872 873
f 873 872 874
f 873 874 875
f 873 876 870
f 875 874 877
f 875 877 878
f 875 632 876
f 878 877 879
f 878 879 880
f 878 880 633
f 880 881 882
f 880 882 636
f 882 883 884
f 882 884 885
f 884 886 887
f 884 887 888
f 888 887 889
f 888 889 890
f 888 891 885
f 890 889 892
f 890 893 894
f 890 894 891
f 894 895 896
f 894 896 639
f 896 19 897
f 896 898 640
f 898 897 899
f 898 900 642
f 900 899 901
f 900 902 644
f 903 902 904
f 903 905 906
f 903 906 645
f 907 905 908
f 907 908 909
f 907 910 906
f 910 909 911
f 910 911 647
f 911 912 655
f 911 655 652
f 913 912 914
f 913 915 659
f 913 659 656
f 916 915 917
f 916 918 919
f 916 919 660
f 920 918 921
f 920 922 923
f 920 924 919
f 923 922 925
f 923 925 926
f 923 927 924
f 926 925 928
f 926 928 929
f 926 930 927
f 929 928 931
f 929 931 932
f 929 673 930
f 932 931 933
f 932 933 934
f 932 676 674
f 934 933 935
f 934 935 936
f 934 937 676
f 936 935 96
f 936 96 938
f 936 939 937
f 935 940 97
f 941 942 943
f 941 943 98
f 941 940 944
f 944 945 942
f 944 940 946
f 944 946 947
f 947 948 945
f 947 946 949
f 947 949 950
f 950 951 952
f 950 949 953
f 950 953 951
f 954 955 956
f 954 953 925
f 954 957 955
f 958 959 960
f 958 957 922
f 958 921 959
f 961 962 963
f 961 921 918
f 961 917 962
f 964 965 966
f 964 917 915
f 964 914 965
f 967 968 965
f 967 914 912
f 967 909 908
f 969 970 971
f 969 972 966
f 969 968 970
f 973 974 975
f 973 968 908
f 973 976 974
f 977 978 979
f 977 976 905
f 977 904 978
f 980 981 982
f 980 904 902
f 980 901 981
f 983 984 985
f 983 901 899
f 983 986 984
f 987 988 984
f 987 986 18
f 987 17 989
f 989 990 988
f 989 17 991
f 989 991 992
f 992 993 990
f 992 991 994
f 992 994 995
f 995 996 993
f 995 994 997
f 995 997 998
f 998 999 996
f 998 997 1000
f 998 1000 1001
f 1001 1002 999
f 1001 1000 1003
f 1001 1003 1004
f 1004 1005 1002
f 1004 1003 1006
f 1004 1006 1007
f 1007 1008 1009
f 1007 1006 1010
f 1007 1010 1008
f 1011 1012 1013
f 1011 1010 1014
f 1011 1015 1012
f 1016 1017 1012
f 1016 1015 1018
f 1016 1019 1020
f 1020 1021 1017
f 1020 1019 1022
f 1020 1022 1023
f 1023 1024 1021
f 1023 1022 1025
f 1023 1025 1026
f 1026 1027 1024
f 1026 1025 1028
f 1026 1028 1029
f 1029 1030 1031
f 1029 1028 1032
f 1029 1032 1030
f 1033 1034 1035
f 1033 1032 1036
f 1033 1037 1034
f 1038 1039 1040
f 1038 1037 1041
f 1038 1042 1039
f 1043 73 75
f 1043 1042 116
f 1043 1044 73
f 1044 116 114
f 1044 1045 74
f 1046 1047 1048
f 1046 1048 71
f 1046 1045 1049
f 1049 1050 1047
f 1049 1045 1051
f 1049 1051 1052
f 1052 1053 1050
f 1052 1051 113
f 1052 1054 1053
f 1055 1054 1056
f 1055 1057 1058
f 1055 1058 1059
f 1059 1060 1061
f 1059 1061 1062
f 1059 1058 1060
f 1063 1058 1064
f 1063 1065 1066
f 1063 1066 1067
f 1067 68 1068
f 1067 1069 1070
f 1067 1066 68
f 1069 1068 1071
f 1069 1072 1073
f 1073 1072 1074
f 1073 1074 1075
f 1073 1076 1070
f 1076 1075 1077
f 1076 1078 1061
f 1078 1077 1079
f 1078 1080 1062
f 1079 1077 1081
f 1079 1081 1082
f 1079 1083 1080
f 1082 1081 1084
f 1082 1084 1085
f 1082 1086 1083
f 1086 1085 1087
f 1086 1088 1048
f 1087 1085 1089
f 1087 1089 1090
f 1087 1091 1088
f 1091 1090 1092
f 1091 1093 72
f 1093 1092 1094
f 1093 1040 1039
f 1094 1092 1095
f 1094 1095 1035
f 1094 1035 1034
f 1096 1095 1097
f 1096 1098 1031
f 1096 1031 1030
f 1099 1098 1100
f 1099 1101 1102
f 1099 1103 1027
f 1102 1101 1104
f 1102 1104 1105
f 1102 1106 1103
f 1105 1104 1107
f 1105 1107 1108
f 1105 1109 1106
f 1108 1107 1110
f 1108 1110 1111
f 1108 1112 1109
f 1111 1110 1113
f 1111 1113 1114
f 1111 1013 1112
f 1114 1113 1115
f 1114 1115 1009
f 1114 1009 1008
f 1116 1115 1117
f 1116 1117 1118
f 1116 1118 1005
f 1117 1119 1120
f 1117 1120 158
f 1120 1121 1122
f 1120 1122 1123
f 1122 1124 1125
f 1122 1125 1126
f 1126 1125 1127
f 1126 1127 1128
f 1126 29 1123
f 1128 1127 1129
f 1128 1129 1130
f 1128 1130 30
f 1130 1131 742
f 1130 742 740
f 1131 1129 1132
f 1131 1133 744
f 1134 1133 1135
f 1134 1136 747
f 1134 747 745
f 1137 1136 1138
f 1137 1139 1140
f 1137 1140 748
f 1141 1139 1142
f 1141 1143 1144
f 1141 1144 1140
f 1144 1145 1146
f 1144 1147 751
f 1147 1146 1148
f 1147 1149 752
f 1149 1148 1150
f 1149 1151 754
f 1151 1150 1152
f 1151 1152 760
f 1152 1153 1154
f 1152 1154 1155
f 1154 1156 1157
f 1154 1158 1155
f 1159 1158 1160
f 1159 1161 763
f 1159 763 761
f 1162 1161 1163
f 1162 1164 766
f 1162 766 764
f 1165 1164 1166
f 1165 1167 769
f 1165 769 767
f 1168 1167 1169
f 1168 1170 1171
f 1168 1171 770
f 1171 1172 1173
f 1171 1173 772
f 1173 1174 1175
f 1173 1175 774
f 1174 1172 43
f 1174 43 92
f 1176 1172 1177
f 1176 1177 1178
f 1176 1178 44
f 1178 1179 1180
f 1178 1180 1181
f 1180 1182 1183
f 1180 1183 1184
f 1184 1183 1185
f 1184 1185 1186
f 1184 1187 1181
f 1187 1186 1188
f 1187 1189 42
f 1189 1188 1190
f 1189 1191 1192
f 1193 1191 1194
f 1193 1194 1195
f 1193 1196 1192
f 1196 1195 1197
f 1196 1197 1198
f 1197 1199 1200
f 1197 1200 1201
f 1201 1200 1202
f 1201 1202 1203
f 1201 1204 1198
f 1204 1203 1205
f 1204 1206 39
f 1205 1203 1207
f 1205 1208 1209
f 1205 1209 1206
f 1209 1210 1211
f 1209 1211 1212
f 1211 1213 1214
f 1211 1214 1215
f 1215 1216 1212
f 1215 1214 1217
f 1215 1217 1218
f 1218 1219 1216
f 1218 1217 1220
f 1218 1220 1221
f 1221 1222 1219
f 1221 1220 1223
f 1221 1223 1224
f 1224 1225 1222
f 1224 1223 1226
f 1224 1226 1227
f 1227 1228 1225
f 1227 1226 831
f 1227 831 1229
f 1230 1231 1232
f 1230 1232 1233
f 1230 1228 1234
f 1234 1235 1231
f 1234 1228 1236
f 1234 1236 1237
f 1237 1238 1235
f 1237 1236 1239
f 1237 1239 1240
f 1240 1241 1238
f 1240 1239 1242
f 1240 1242 1243
f 1243 1244 1241
f 1243 1242 1245
f 1243 1245 1246
f 1236 1229 826
f 1226 1247 832
f 1233 1232 1248
f 1233 1248 1249
f 1223 1250 1247
f 1250 1220 1251
f 1250 1252 838
f 1252 1251 1253
f 1252 1254 839
f 1253 1251 1255
f 1253 1255 1256
f 1253 846 1254
f 1256 1255 1257
f 1256 1257 849
f 1256 849 847
f 1258 1257 1213
f 1258 1259 853
f 1258 853 850
f 1259 1213 1260
f 1259 1260 85
f 1260 1210 1261
f 1260 1261 1262
f 1261 1208 1263
f 1261 1263 1264
f 1264 1263 1265
f 1264 1265 4
f 1264 4 1262
f 1265 1266 1267
f 1265 1267 1268
f 1268 1267 1269
f 1268 1269 1270
f 1268 1270 2
f 1270 1271 1272
f 1270 1272 1273
f 1272 1274 1275
f 1272 1275 1276
f 1276 1275 1277
f 1276 1277 1278
f 1276 1279 1273
f 1279 1278 1280
f 1279 1281 1282
f 1281 1280 1283
f 1281 1284 1285
f 1285 1284 1286
f 1285 1286 1287
f 1285 1288 1282
f 1288 1287 1289
f 1288 1290 7
f 1290 1289 1291
f 1290 1291 1292
f 1292 1291 1293
f 1292 1293 1294
f 1292 84 8
f 1293 1295 1296
f 1293 1296 863
f 1296 1297 868
f 1296 868 864
f 1297 1295 1298
f 1297 1299 871
f 1299 1298 1300
f 1299 1301 1302
f 1303 1301 1304
f 1303 1305 1306
f 1303 1307 1302
f 1306 1305 1308
f 1306 1308 1309
f 1306 1310 1307
f 1309 1308 1311
f 1309 1311 1312
f 1309 1313 1310
f 1312 1311 1314
f 1312 1314 1315
f 1312 1316 1313
f 1316 1315 1317
f 1316 1317 881
f 1317 1318 1319
f 1317 1319 883
f 1319 1320 1321
f 1319 1321 886
f 1321 1322 1323
f 1321 1323 1324
f 1323 1325 1326
f 1323 1326 1327
f 1327 1326 1328
f 1327 1329 1330
f 1327 1330 1324
f 1331 1329 1332
f 1331 1333 892
f 1331 892 889
f 1334 1333 1335
f 1334 1336 1337
f 1334 1337 893
f 1337 1338 21
f 1337 21 895
f 1338 1336 1339
f 1338 1339 1340
f 1340 1339 1341
f 1340 1341 1342
f 1340 1343 22
f 1342 1341 1344
f 1342 1344 1345
f 1342 1346 1343
f 1346 1345 1347
f 1346 1348 178
f 1348 1347 1349
f 1348 1350 1351
f 1351 1352 176
f 1351 1350 1353
f 1351 1353 1352
f 1354 1355 1356
f 1354 1353 1357
f 1354 1357 1355
f 1358 1359 1360
f 1358 1357 1361
f 1358 1362 1359
f 1363 1364 1365
f 1363 1362 1366
f 1363 1367 1364
f 1368 1369 1364
f 1368 1367 1370
f 1368 1371 1372
f 1372 1373 1369
f 1372 1371 1374
f 1372 1374 1375
f 1375 1376 1373
f 1375 1374 1377
f 1375 1377 1378
f 1378 1379 1376
f 1378 1377 1380
f 1378 1380 1381
f 1381 1382 1383
f 1381 1380 1384
f 1381 1384 1385
f 1385 1386 1382
f 1385 1384 1387
f 1385 1387 1388
f 1388 1389 1386
f 1388 1387 1390
f 1388 1390 1389
f 1391 1392 1393
f 1391 1390 1065
f 1391 1064 1392
f 1393 1394 1395
f 1393 1396 1389
f 1393 1392 1394
f 1397 1398 1036
f 1397 1392 1057
f 1397 1056 1398
f 1398 1041 1037
f 1398 1399 1041
f 1396 1395 1400
f 1396 1400 1401
f 1401 1400 1402
f 1401 1402 1403
f 1401 1404 1405
f 1403 1402 1406
f 1403 1406 1383
f 1403 1383 1382
f 1407 1406 1019
f 1407 1018 1408
f 1407 1408 1379
f 1409 1018 1015
f 1409 1014 1410
f 1409 1411 1408
f 1410 1014 1412
f 1410 1412 1413
f 1410 1414 1411
f 1413 1412 1415
f 1413 1415 1416
f 1413 1417 1414
f 1416 1415 1418
f 1416 1418 1419
f 1416 1365 1417
f 1419 1418 1420
f 1419 1420 1360
f 1419 1360 1359
f 1421 1420 997
f 1421 1422 1356
f 1421 1356 1355
f 1394 1036 1032
f 1390 1423 1065
f 1423 1387 1424
f 1423 1425 1426
f 1427 1425 1428
f 1427 1429 1430
f 1427 1430 1066
f 1429 1428 1431
f 1429 1432 66
f 1432 1431 64
f 1432 62 67
f 1433 62 61
f 1433 1434 1435
f 1433 1435 69
f 1435 1436 1071
f 1435 1071 1068
f 1437 1436 1438
f 1437 1439 1440
f 1437 1440 1072
f 1441 1439 1442
f 1441 1443 1444
f 1441 1445 1440
f 1445 1444 1446
f 1445 1447 1074
f 1447 1446 1448
f 1447 1449 1075
f 1448 1446 1450
f 1448 1450 1451
f 1448 1452 1449
f 1451 1450 1453
f 1451 1454 1455
f 1451 1456 1452
f 1456 1455 1457
f 1456 1458 1084
f 1457 1455 1459
f 1457 1459 1460
f 1457 1461 1458
f 1461 1460 1462
f 1461 1463 1089
f 1463 1462 1464
f 1463 1465 1090
f 1464 1462 1466
f 1464 1466 1097
f 1464 1097 1465
f 1467 1466 1468
f 1467 1469 1100
f 1467 1100 1098
f 1470 1469 1471
f 1470 1472 1473
f 1470 1473 1101
f 1474 1472 1475
f 1474 1476 1477
f 1474 1478 1473
f 1477 1476 1479
f 1477 1479 1480
f 1477 1481 1478
f 1480 1479 1482
f 1480 1482 1483
f 1480 1484 1481
f 1483 1482 1485
f 1483 1485 1486
f 1483 1487 1484
f 1486 1485 1488
f 1486 1488 1121
f 1486 1119 1487
f 1488 1489 1490
f 1488 1490 1124
f 1490 1491 1492
f 1490 1492 1493
f 1492 1494 1495
f 1492 1495 1496
f 1496 1495 1497
f 1496 1497 1498
f 1496 1499 1493
f 1498 1497 1500
f 1498 1500 1501
f 1498 1502 1499
f 1501 1500 1503
f 1501 1503 1504
f 1501 1132 1502
f 1504 1503 1505
f 1504 1505 1135
f 1504 1135 1133
f 1506 1505 1507
f 1506 1508 1138
f 1506 1138 1136
f 1509 1508 1510
f 1509 1511 1142
f 1509 1142 1139
f 1512 1511 1513
f 1512 1514 1515
f 1512 1515 1143
f 1515 1516 1517
f 1515 1517 1145
f 1517 1518 1519
f 1517 1520 1145
f 1520 1519 1521
f 1520 1522 1146
f 1522 1521 1523
f 1522 1524 1148
f 1524 1523 1525
f 1524 1525 1153
f 1525 1526 1527
f 1525 1527 1156
f 1527 1528 1529
f 1527 1530 1156
f 1530 1529 1531
f 1530 1532 1157
f 1533 1532 1534
f 1533 1535 1160
f 1533 1160 1158
f 1536 1535 1537
f 1536 1538 1163
f 1536 1163 1161
f 1539 1538 1540
f 1539 1541 1166
f 1539 1166 1164
f 1542 1541 1543
f 1542 1544 1169
f 1542 1169 1167
f 1545 1544 1546
f 1545 1546 1179
f 1545 1177 1170
f 1546 1547 1548
f 1546 1548 1182
f 1548 1549 1550
f 1548 1550 1551
f 1550 1552 1553
f 1550 1553 1554
f 1554 1553 1555
f 1554 1555 1556
f 1554 1557 1551
f 1556 1555 1558
f 1556 1559 1560
f 1556 1560 1557
f 1560 1561 1562
f 1560 1563 1185
f 1563 1562 1564
f 1563 1565 1186
f 1565 1564 1566
f 1565 1567 1188
f 1567 1566 1568
f 1567 1569 1190
f 1570 1569 1571
f 1570 1572 1573
f 1570 1573 1191
f 1574 1572 1575
f 1574 1575 1576
f 1574 1577 1573
f 1577 1576 1578
f 1577 1579 1194
f 1579 1578 1580
f 1579 1580 1199
f 1580 1581 1582
f 1580 1582 1583
f 1582 1584 1585
f 1582 1585 1586
f 1586 1585 1587
f 1586 1587 1588
f 1586 1589 1583
f 1588 1587 1590
f 1588 1591 1592
f 1588 1592 1589
f 1592 1266 1207
f 1592 1207 1202
f 1590 1587 1593
f 1590 1593 1594
f 1590 1595 1591
f 1594 1593 1596
f 1594 1596 1597
f 1594 1598 1595
f 1598 1597 1599
f 1598 1599 1271
f 1599 1600 1601
f 1599 1601 1274
f 1601 1602 1603
f 1601 1603 1604
f 1603 1605 1606
f 1603 1606 1607
f 1607 1606 1608
f 1607 1608 1609
f 1607 1610 1604
f 1609 1608 1611
f 1609 1611 1612
f 1609 1613 1610
f 1613 1612 1614
f 1613 1615 1277
f 1615 1614 1616
f 1615 1617 1278
f 1617 1616 1618
f 1617 1619 1280
f 1619 1618 1620
f 1619 1621 1283
f 1622 1621 1623
f 1622 1624 1625
f 1622 1626 1284
f 1625 1624 1627
f 1625 1627 1628
f 1625 1629 1626
f 1629 1628 1630
f 1629 1631 1286
f 1631 1630 1632
f 1631 1633 1287
f 1633 1632 1634
f 1633 1634 1635
f 1634 1636 1300
f 1634 1300 1298
f 1637 1636 1638
f 1637 1639 1304
f 1637 1304 1301
f 1640 1639 1641
f 1640 1642 1643
f 1640 1643 1305
f 1644 1642 1645
f 1644 1646 1647
f 1644 1648 1643
f 1647 1646 1649
f 1647 1649 1650
f 1647 1651 1648
f 1650 1649 1652
f 1650 1652 1653
f 1650 1654 1651
f 1654 1653 1655
f 1654 1655 1314
f 1655 1656 1657
f 1655 1657 1318
f 1657 1658 1659
f 1657 1659 1320
f 1659 1660 1661
f 1659 1661 1322
f 1661 1662 1663
f 1661 1663 1325
f 1663 1664 1665
f 1663 1665 1666
f 1665 1667 1668
f 1665 1669 1666
f 1670 1669 1671
f 1670 1672 1328
f 1670 1328 1326
f 1673 1672 1674
f 1673 1675 1332
f 1673 1332 1329
f 1676 1675 1677
f 1676 1677 1678
f 1676 1335 1333
f 1678 1677 1679
f 1678 1679 1680
f 1678 1681 1335
f 1680 1679 1682
f 1680 1682 1683
f 1680 1684 1681
f 1683 1682 1685
f 1683 1686 1687
f 1683 1687 1684
f 1688 1686 1689
f 1688 1690 1691
f 1688 1691 1344
f 1691 1692 1693
f 1691 1693 1344
f 1693 1694 1695
f 1693 1695 1347
f 1695 1696 1697
f 1695 1697 1349
f 1697 1698 1699
f 1697 1700 1701
f 1701 1702 1349
f 1701 1700 1703
f 1701 1703 1704
f 1704 1705 1702
f 1704 1703 1706
f 1704 1706 1707
f 1707 1361 1705
f 1707 1706 1708
f 1707 1708 1709
f 1709 1366 1362
f 1709 1708 1710
f 1709 1710 1366
f 1711 1370 1367
f 1711 1710 1712
f 1711 1713 1370
f 1714 1715 1371
f 1714 1713 1716
f 1714 1717 1715
f 1718 1719 1715
f 1718 1717 1720
f 1718 1721 1722
f 1722 1723 1719
f 1722 1721 1724
f 1722 1724 1725
f 1725 1726 1723
f 1725 1724 1727
f 1725 1727 1728
f 1728 1424 1726
f 1728 1727 1428
f 1728 1428 1425
f 1727 1729 1431
f 1724 1730 1729
f 1730 1721 1731
f 1730 1731 1732
f 1731 1720 1733
f 1731 1733 1734
f 1734 1733 1438
f 1734 1438 1436
f 1734 1434 1732
f 1735 1733 1736
f 1735 1737 1442
f 1735 1442 1439
f 1738 1737 1739
f 1738 1740 1741
f 1738 1742 1442
f 1742 1741 1743
f 1742 1744 1443
f 1744 1743 1745
f 1744 1746 1444
f 1745 1743 1747
f 1745 1747 1453
f 1745 1453 1746
f 1748 1747 1749
f 1748 1750 1751
f 1748 1751 1454
f 1751 1752 1753
f 1751 1753 1455
f 1754 1752 1755
f 1754 1756 1757
f 1754 1758 1753
f 1758 1757 1759
f 1758 1760 1459
f 1760 1759 1761
f 1760 1762 1460
f 1761 1759 1763
f 1761 1763 1764
f 1761 1468 1762
f 1764 1763 1765
f 1764 1765 1471
f 1764 1471 1469
f 1766 1765 1767
f 1766 1768 1475
f 1766 1475 1472
f 1769 1768 1770
f 1769 1771 1772
f 1769 1772 1476
f 1773 1771 1774
f 1773 1775 173
f 1773 1776 1772
f 1774 1777 1778
f 1774 1778 1775
f 1774 1771 1777
f 1778 1779 1780
f 1778 1780 172
f 1780 1781 1782
f 1780 1782 36
f 1782 1783 1784
f 1782 1784 1785
f 1785 1784 1786
f 1785 1786 1787
f 1785 1788 36
f 1788 1787 1789
f 1788 1789 1790
f 1789 1791 1566
f 1789 1566 1564
f 1791 1787 1792
f 1791 1793 1568
f 1794 1793 1795
f 1794 1796 1571
f 1794 1571 1569
f 1797 1796 1798
f 1797 1799 1800
f 1797 1800 1572
f 1801 1799 1802
f 1801 1803 1804
f 1801 1805 1800
f 1805 1804 1806
f 1805 1807 1575
f 1807 1806 1808
f 1807 1809 1576
f 1809 1808 1810
f 1809 1810 1581
f 1810 1811 1812
f 1810 1812 1584
f 1812 1813 1814
f 1812 1814 1815
f 1814 1816 1817
f 1814 1817 1818
f 1818 1817 1819
f 1818 1820 1821
f 1818 1821 1815
f 1819 1817 1822
f 1819 1822 1823
f 1819 1824 1820
f 1824 1823 1825
f 1824 1826 1596
f 1826 1825 1827
f 1826 1827 1600
f 1827 1828 1829
f 1827 1829 1602
f 1829 1830 1831
f 1829 1831 1605
f 1831 1832 1833
f 1831 1833 1834
f 1833 1835 1836
f 1833 1836 1837
f 1837 1836 1838
f 1837 1839 1840
f 1837 1840 1834
f 1841 1839 1842
f 1841 1843 1844
f 1841 1844 1840
f 1845 1843 1846
f 1845 1847 1848
f 1845 1848 1611
f 1848 1849 56
f 1848 1850 1611
f 1849 1847 1851
f 1849 1851 1852
f 1851 1853 1854
f 1851 1854 1855
f 1855 1854 1856
f 1855 1856 1857
f 1855 1858 1852
f 1858 1857 1859
f 1858 1859 156
f 1859 1860 1861
f 1859 1861 1862
f 1861 1863 1864
f 1861 1864 1865
f 1865 1866 1862
f 1865 1864 1867
f 1865 1867 1868
f 1868 1869 1870
f 1868 1867 1871
f 1868 1871 1869
f 1872 1873 1699
f 1872 1871 1874
f 1872 1875 1873
f 1876 1877 1878
f 1876 1875 1755
f 1876 1879 1877
f 1880 1881 1877
f 1880 1879 1750
f 1880 1749 1882
f 1882 1883 1881
f 1882 1749 1884
f 1882 1884 1885
f 1885 1886 1883
f 1885 1884 1741
f 1885 1741 1740
f 1886 1712 1710
f 1886 1740 1712
f 1883 1887 1888
f 1881 1888 1889
f 1879 1755 1752
f 1877 1889 1878
f 1875 1874 1756
f 1874 1871 1890
f 1874 1891 1756
f 1891 1890 1892
f 1891 1893 1757
f 1892 1890 1894
f 1892 1894 1895
f 1892 1896 1893
f 1895 1894 1897
f 1895 1897 1898
f 1895 1767 1896
f 1898 1897 1899
f 1898 1899 1770
f 1898 1770 1767
f 1899 1863 1900
f 1899 1900 1779
f 1900 1860 1901
f 1900 1901 1781
f 1901 1857 1902
f 1901 1902 1783
f 1902 1856 1903
f 1902 1903 1904
f 1903 1905 1906
f 1903 1906 1907
f 1907 1906 1908
f 1907 1908 1909
f 1907 1910 1904
f 1909 1908 1911
f 1909 1911 1912
f 1909 1913 1910
f 1913 1912 1914
f 1913 1792 1786
f 1914 1912 1915
f 1914 1915 1795
f 1914 1795 1793
f 1916 1915 1917
f 1916 1918 1798
f 1916 1798 1796
f 1919 1918 1920
f 1919 1921 1802
f 1919 1802 1799
f 1922 1921 1923
f 1922 1924 1925
f 1922 1925 1803
f 1925 1926 1927
f 1925 1928 1803
f 1928 1927 1929
f 1928 1930 1804
f 1930 1929 1931
f 1930 1932 1806
f 1932 1931 1933
f 1932 1933 1811
f 1933 1934 1935
f 1933 1935 1813
f 1935 1936 1937
f 1935 1937 1816
f 1937 1938 1939
f 1937 1939 1940
f 1939 1941 1942
f 1939 1943 1940
f 1943 1942 1944
f 1943 1945 1822
f 1945 1944 1946
f 1945 1947 1823
f 1947 1946 1948
f 1947 1948 1828
f 1948 1949 1950
f 1948 1950 1830
f 1950 1951 1952
f 1950 1952 1832
f 1952 1953 1954
f 1952 1954 1835
f 1954 1955 1956
f 1954 1956 1957
f 1956 1958 1959
f 1956 1959 1960
f 1960 1959 1961
f 1960 1962 1838
f 1960 1838 1957
f 1963 1962 1964
f 1963 1964 1965
f 1963 1842 1839
f 1965 1964 1966
f 1965 1966 1967
f 1965 1846 1842
f 1967 1966 1968
f 1967 1968 1969
f 1967 1853 1846
f 1968 1970 1971
f 1968 1971 1972
f 1971 1973 1974
f 1971 1975 1972
f 1974 1973 1976
f 1974 1976 1977
f 1974 1978 1975
f 1977 1976 1979
f 1977 1979 1980
f 1977 1981 1978
f 1981 1980 1982
f 1981 1983 1911
f 1982 1980 1984
f 1982 1984 1985
f 1982 1917 1983
f 1985 1984 1986
f 1985 1986 1920
f 1985 1920 1918
f 1987 1986 1988
f 1987 1989 1923
f 1987 1923 1921
f 1990 1989 1991
f 1990 1992 1993
f 1990 1993 1924
f 1993 1994 1995
f 1993 1995 1926
f 1995 1996 1997
f 1995 1998 1926
f 1998 1997 1999
f 1998 2000 1927
f 2000 1999 2001
f 2000 2001 1931
f 2001 2002 2003
f 2001 2003 1934
f 2003 2004 2005
f 2003 2005 1936
f 2005 2006 2007
f 2005 2007 1938
f 2007 2008 2009
f 2007 2009 1941
f 2009 2010 2011
f 2009 2012 1941
f 2012 2011 2013
f 2012 2014 1942
f 2014 2013 2015
f 2014 2016 1944
f 2016 2015 2017
f 2016 2017 1949
f 2017 2018 2019
f 2017 2019 1951
f 2019 2020 2021
f 2019 2021 1953
f 2021 2022 2023
f 2021 2023 1955
f 2023 2024 2025
f 2023 2025 1958
f 2025 2026 2027
f 2025 2027 2028
f 2027 2029 2030
f 2027 2030 2031
f 2031 2030 2032
f 2031 2032 2033
f 2031 1961 1959
f 2033 2032 2034
f 2033 2034 2035
f 2033 2036 1961
f 2035 2034 2037
f 2035 2037 2038
f 2035 2039 2036
f 2038 2037 2040
f 2038 2040 1973
f 2038 1970 2039
f 2041 2037 2042
f 2041 2043 2044
f 2041 2044 1976
f 2045 2043 2046
f 2045 2047 2048
f 2045 2049 2044
f 2049 2048 2050
f 2049 2051 1979
f 2050 2048 2052
f 2050 2052 2053
f 2050 2054 2051
f 2053 2052 2055
f 2053 2055 2056
f 2053 1988 2054
f 2056 2055 2057
f 2056 2057 2058
f 2056 1991 1989
f 2058 2057 2059
f 2058 2059 2060
f 2058 2060 1992
f 2060 2061 2062
f 2060 2062 1994
f 2062 2063 2064
f 2062 2064 1996
f 2064 2065 2066
f 2064 2066 1997
f 2066 2067 2068
f 2066 2068 1999
f 2068 2069 2070
f 2068 2070 2002
f 2070 2071 2072
f 2070 2072 2004
f 2072 2073 2074
f 2072 2074 2006
f 2074 2075 2076
f 2074 2076 2008
f 2076 2077 2078
f 2076 2078 2010
f 2078 2079 2080
f 2078 2080 2011
f 2080 2081 2082
f 2080 2082 2011
f 2082 2083 2084
f 2082 2084 2015
f 2084 2085 2086
f 2084 2086 2018
f 2086 2087 2088
f 2086 2088 2020
f 2088 2089 2090
f 2088 2090 2022
f 2090 2091 2092
f 2090 2092 2024
f 2092 2093 2094
f 2092 2094 2026
f 2094 2095 2096
f 2094 2096 2029
f 2096 2097 2098
f 2096 2098 2099
f 2098 2100 2101
f 2098 2101 2102
f 2102 2101 2103
f 2102 2103 2104
f 2102 2105 2099
f 2104 2103 2106
f 2104 2106 2107
f 2104 2108 2105
f 2107 2106 2046
f 2107 2046 2043
f 2107 2042 2108
f 2109 2106 2110
f 2109 2111 2112
f 2109 2112 2047
f 2112 2113 2114
f 2112 2115 2047
f 2114 2113 2116
f 2114 2116 2117
f 2114 2118 2115
f 2117 2116 2119
f 2117 2119 2120
f 2117 2121 2118
f 2120 2119 2122
f 2120 2122 2123
f 2120 2124 2121
f 2123 2122 131
f 2123 131 2125
f 2123 2126 2124
f 2126 2125 2127
f 2126 2128 2059
f 2128 2127 2129
f 2128 2130 2061
f 2130 2129 2131
f 2130 2132 2065
f 2132 2131 2133
f 2132 2134 2067
f 2134 2133 2135
f 2134 2135 2069
f 2135 2136 2137
f 2135 2137 2071
f 2137 2138 2139
f 2137 2139 2073
f 2139 2140 2141
f 2139 2141 2075
f 2140 2138 2142
f 2140 2143 200
f 2143 2142 2144
f 2143 2145 201
f 2146 2145 2147
f 2146 2148 2149
f 2146 2149 203
f 2149 2150 2151
f 2149 2151 2152
f 2151 2153 2081
f 2151 2081 2079
f 2153 2150 2154
f 2153 2155 2083
f 2155 2154 2156
f 2155 2156 2087
f 2156 2157 2158
f 2156 2158 2089
f 2158 2159 2160
f 2158 2160 2091
f 2160 2161 2162
f 2160 2162 2093
f 2162 2163 2164
f 2162 2164 2095
f 2164 2165 2166
f 2164 2166 2097
f 2166 2167 2168
f 2166 2168 2100
f 2168 2169 2170
f 2168 2170 2171
f 2170 2172 2173
f 2170 2173 2174
f 2174 2173 2175
f 2174 2175 2176
f 2174 2177 2171
f 2176 2175 2178
f 2176 2178 2111
f 2176 2110 2177
f 2178 2179 2180
f 2178 2180 2113
f 2181 2179 2182
f 2181 2182 2183
f 2181 2184 2180
f 2183 2182 2185
f 2183 2185 2186
f 2183 2187 2184
f 2186 2185 2188
f 2186 2188 133
f 2186 132 2187
f 2188 2189 2190
f 2188 2190 133
f 2190 2191 2192
f 2190 2193 134
f 2194 2193 2195
f 2194 2196 2197
f 2194 2197 135
f 2197 2198 2127
f 2197 2127 2125
f 2198 2196 2199
f 2198 2200 2129
f 2200 2199 2201
f 2200 2202 2131
f 2202 2201 2203
f 2202 2204 2136
f 2204 2203 2142
f 2204 2142 2138
f 2203 2201 2205
f 2203 2205 2206
f 2206 2205 145
f 2206 145 144
f 2206 2147 2145
f 2207 2208 2209
f 2207 2209 146
f 2207 2205 2210
f 2209 2211 2212
f 2209 2213 146
f 2213 2212 2163
f 2213 2161 147
f 2212 2211 2214
f 2212 2214 2165
f 2214 2215 2216
f 2214 2216 2167
f 2216 2217 2218
f 2216 2218 2169
f 2218 2219 2220
f 2218 2220 2172
f 2220 226 225
f 2220 2221 226
f 2222 2223 228
f 2222 2221 2191
f 2222 2189 2223
f 2221 2219 2192
f 2219 2217 2224
f 2224 2217 2225
f 2224 2225 2195
f 2224 2195 2193
f 2226 2225 2208
f 2226 2210 2199
f 2226 2199 2196
f 2225 2215 2211
f 2223 2182 229
f 2179 2175 227
f 2159 2157 142
f 2157 2154 142
f 2154 2150 143
f 2148 2147 144
f 2079 2077 202
f 2077 2075 2141
f 1972 1905 1969
f 1873 1878 1700
f 1870 1698 1696
f 1870 2227 1866
f 1870 1869 1698
f 1739 1716 1713
f 1739 1737 1716
f 1736 1720 1717
f 1696 1694 155
f 1694 1692 2228
f 1692 1690 2229
f 2229 1690 2230
f 2229 2230 2231
f 2229 2232 2228
f 2232 2231 2233
f 2232 2233 59
f 2233 2234 2235
f 2233 2235 2236
f 2235 2237 1618
f 2235 1618 1616
f 2237 2234 2238
f 2237 2239 1620
f 2240 2239 2241
f 2240 2242 1623
f 2240 1623 1621
f 2243 2242 2244
f 2243 2245 2246
f 2243 2246 1624
f 2247 2245 2248
f 2247 2249 2250
f 2247 2251 2246
f 2251 2250 2252
f 2251 2253 1627
f 2253 2252 2254
f 2253 2255 1628
f 2255 2254 2256
f 2255 2257 1630
f 2257 2256 1638
f 2257 1638 1636
f 2258 2256 2259
f 2258 2260 1641
f 2258 1641 1639
f 2261 2260 2262
f 2261 2263 1645
f 2261 1645 1642
f 2264 2263 2265
f 2264 2266 2267
f 2264 2267 1646
f 2268 2266 2269
f 2268 2270 2271
f 2268 2271 1649
f 2272 2270 2273
f 2272 2274 2275
f 2272 2275 1652
f 2275 2276 2277
f 2275 2277 1653
f 2277 2278 2279
f 2277 2279 1656
f 2279 2280 2281
f 2279 2281 1658
f 2281 2282 2283
f 2281 2283 1660
f 2283 2284 2285
f 2283 2285 1662
f 2285 2286 2287
f 2285 2287 1664
f 2287 2288 2289
f 2287 2289 1667
f 2289 2290 2291
f 2289 2292 1667
f 2292 2291 2293
f 2292 2294 1668
f 2295 2294 2296
f 2295 2296 1671
f 2295 1671 1669
f 2297 2296 2298
f 2297 2298 2299
f 2297 1674 1672
f 2299 2298 2300
f 2299 2300 2301
f 2299 2302 1674
f 2301 2300 2303
f 2301 2303 2304
f 2301 2305 2302
f 2304 2303 2306
f 2304 2307 2308
f 2304 2308 2305
f 2309 2307 2310
f 2309 2311 1685
f 2309 1685 1682
f 2312 2311 2313
f 2312 2314 1689
f 2312 1689 1686
f 2314 2313 2315
f 2314 2316 2230
f 2316 2315 2238
f 2316 2238 2234
f 2317 2315 2318
f 2317 2318 2241
f 2317 2241 2239
f 2319 2318 2320
f 2319 2321 2244
f 2319 2244 2242
f 2322 2321 2323
f 2322 2324 2248
f 2322 2248 2245
f 2325 2324 2326
f 2325 2327 2328
f 2325 2328 2249
f 2328 2329 2330
f 2328 2331 2249
f 2331 2330 2332
f 2331 2333 2250
f 2333 2332 2334
f 2333 2335 2252
f 2335 2334 2336
f 2335 2259 2254
f 2336 2334 2337
f 2336 2337 2262
f 2336 2262 2260
f 2338 2337 2339
f 2338 2340 2265
f 2338 2265 2263
f 2341 2340 2342
f 2341 2343 2269
f 2341 2269 2266
f 2344 2343 2345
f 2344 2346 2273
f 2344 2273 2270
f 2347 2346 2348
f 2347 2349 2350
f 2347 2350 2274
f 2350 2351 2352
f 2350 2352 2276
f 2352 2353 2354
f 2352 2354 2278
f 2354 2355 2356
f 2354 2356 2280
f 2356 2357 2358
f 2356 2358 2282
f 2358 2359 2360
f 2358 2360 2284
f 2360 2361 2362
f 2360 2362 2286
f 2362 120 2363
f 2362 2363 2288
f 2363 122 2364
f 2363 2365 2290
f 2365 2364 2366
f 2365 2367 2290
f 2367 2366 2368
f 2367 2369 2291
f 2369 2368 2370
f 2369 2371 2372
f 2372 2371 2373
f 2372 2373 2374
f 2372 2375 2293
f 2374 2373 2376
f 2374 2376 2377
f 2374 2378 2375
f 2377 2376 2379
f 2377 2379 2380
f 2377 2381 2378
f 2380 2379 2382
f 2380 2382 2383
f 2380 2384 2381
f 2383 2382 2385
f 2383 2386 2306
f 2383 2306 2384
f 2387 2386 2388
f 2387 2389 2310
f 2387 2310 2307
f 2390 2389 2391
f 2390 2392 2313
f 2390 2313 2311
f 2391 2389 2393
f 2391 2393 2394
f 2391 2320 2392
f 2394 2393 2395
f 2394 2395 2323
f 2394 2323 2321
f 2396 2395 2397
f 2396 2398 2326
f 2396 2326 2324
f 2399 2398 2400
f 2399 2401 2402
f 2399 2402 2327
f 2402 2403 2404
f 2402 2404 2329
f 2404 2405 2406
f 2404 2407 2329
f 2407 2406 2408
f 2407 2409 2330
f 2409 2408 2410
f 2409 2411 2332
f 2410 2408 2412
f 2410 2412 2413
f 2410 2339 2411
f 2413 2412 2414
f 2413 2414 2342
f 2413 2342 2340
f 2415 2414 2416
f 2415 2417 2345
f 2415 2345 2343
f 2418 2417 2419
f 2418 2420 2348
f 2418 2348 2346
f 2420 2419 2421
f 2420 2422 206
f 2422 2421 2423
f 2422 2424 207
f 2424 2423 2425
f 2424 2426 208
f 2427 2428 209
f 2427 2426 2429
f 2427 2429 2430
f 2430 2431 2428
f 2430 2429 2432
f 2430 2432 2433
f 2433 2432 2434
f 2433 2434 2359
f 2433 2357 2431
f 2434 2435 118
f 2434 118 2361
f 2435 2432 2436
f 2435 2437 119
f 2438 2437 2439
f 2438 2440 2441
f 2438 2441 121
f 2441 2442 2364
f 2441 2364 122
f 2442 2440 2443
f 2442 2444 2366
f 2444 2443 2445
f 2444 2446 2368
f 2446 2445 2447
f 2446 2447 2448
f 2448 2447 2449
f 2448 2449 2450
f 2448 2451 2370
f 2450 2449 2452
f 2450 2452 2453
f 2450 2454 2451
f 2453 2452 2455
f 2453 2455 2456
f 2453 2457 2454
f 2456 2455 2458
f 2456 2458 2459
f 2456 2459 2457
f 2460 2458 2461
f 2460 2462 2385
f 2460 2385 2382
f 2463 2462 2464
f 2463 2465 2388
f 2463 2388 2386
f 2464 2462 2466
f 2464 2466 2397
f 2464 2397 2395
f 2467 2466 2468
f 2467 2469 2400
f 2467 2400 2398
f 2470 2469 2471
f 2470 2472 2473
f 2470 2473 2401
f 2473 2474 2475
f 2473 2475 2403
f 2475 2476 2477
f 2475 2477 2405
f 2477 2478 2479
f 2477 2480 2405
f 2480 2479 2481
f 2480 2482 2406
f 2481 2479 2483
f 2481 2483 2484
f 2481 2485 2482
f 2484 2483 2486
f 2484 2486 2487
f 2484 2416 2485
f 2487 2486 2488
f 2487 2488 2421
f 2487 2419 2416
f 2488 2489 2490
f 2488 2490 2421
f 2490 2491 2492
f 2490 2492 2423
f 2492 2493 2494
f 2492 2495 2425
f 2496 2497 2426
f 2496 2495 2498
f 2496 2499 2500
f 2500 2436 2497
f 2500 2499 2439
f 2500 2439 2437
f 2501 2499 2502
f 2501 2502 2443
f 2501 2443 2440
f 2502 2498 2503
f 2502 2503 2504
f 2503 2505 2506
f 2503 2506 2507
f 2507 2506 195
f 2507 195 194
f 2507 2508 2504
f 2506 2509 196
f 2510 2511 197
f 2510 2509 2512
f 2510 2513 2514
f 2514 2513 2515
f 2514 2515 2516
f 2514 2517 2511
f 2518 198 197
f 2518 2517 2519
f 2518 2520 198
f 2521 2522 193
f 2521 2520 2523
f 2521 2524 2522
f 2524 2523 2525
f 2524 2526 2527
f 2525 2523 2468
f 2525 2468 2461
f 2525 2461 2458
f 2528 2523 2520
f 2528 2519 2471
f 2528 2471 2469
f 2529 2519 2517
f 2529 2516 2530
f 2529 2530 2472
f 2530 2531 2532
f 2530 2532 2474
f 2531 2516 2515
f 2531 2533 78
f 2533 2515 2534
f 2533 2535 79
f 2536 2535 2537
f 2536 2538 2539
f 2536 2539 80
f 2539 2540 2541
f 2539 2541 2542
f 2538 2537 2491
f 2538 2489 2540
f 2537 2535 2543
f 2537 2543 2493
f 2543 2534 2512
f 2543 2512 2493
f 2522 2544 194
f 2522 2527 2544
f 2512 2509 2494
f 2505 2498 2495
f 2541 2479 2478
f 2478 2476 2542
f 2476 2474 2532
f 2544 2449 2508
f 2545 210 209
f 2545 2431 2355
f 2545 2353 210
f 2351 2349 205
f 2349 2348 206
f 1616 1614 2236
f 1614 1612 58
f 1564 1562 1790
f 1562 1561 2546
f 1561 1559 2547
f 2547 1559 2548
f 2547 2548 2549
f 2547 2550 2546
f 2550 2549 2551
f 2550 2552 33
f 2552 2551 2553
f 2552 2553 2554
f 2554 2553 1491
f 2554 1491 1489
f 2554 174 37
f 2553 2555 1494
f 2555 2551 2556
f 2555 2557 2558
f 2559 2557 2560
f 2559 2561 2562
f 2559 2563 2558
f 2562 2561 2564
f 2562 2565 2566
f 2562 2567 2563
f 2566 2565 2568
f 2566 2568 2569
f 2566 2570 2567
f 2569 2568 2571
f 2569 2571 2572
f 2569 2573 2570
f 2572 2571 2574
f 2572 2574 2575
f 2572 1507 2573
f 2575 2574 2576
f 2575 2576 1510
f 2575 1510 1508
f 2577 2576 2578
f 2577 2579 1513
f 2577 1513 1511
f 2580 2579 2581
f 2580 2582 2583
f 2580 2583 1514
f 2583 2584 2585
f 2583 2585 1516
f 2585 2586 2587
f 2585 2587 1518
f 2587 2588 2589
f 2587 2590 1518
f 2590 2589 2591
f 2590 2592 1519
f 2592 2591 2593
f 2592 2594 1521
f 2594 2593 2595
f 2594 2596 1526
f 2596 2595 2597
f 2596 2598 1528
f 2598 2597 2599
f 2598 2600 1528
f 2600 2599 2601
f 2600 2602 1529
f 2602 2601 2603
f 2602 2604 1531
f 2605 2604 2606
f 2605 2607 1534
f 2605 1534 1532
f 2608 2607 2609
f 2608 2610 1537
f 2608 1537 1535
f 2611 2610 2612
f 2611 2613 1540
f 2611 1540 1538
f 2614 2613 2615
f 2614 2615 2616
f 2614 1543 1541
f 2616 2615 2617
f 2616 2617 1549
f 2616 1547 1543
f 2617 2618 2619
f 2617 2619 1552
f 2619 2620 2621
f 2619 2621 2622
f 2621 2623 2624
f 2621 2624 2625
f 2625 2624 2626
f 2625 2627 2628
f 2625 2628 2622
f 2629 2627 2630
f 2629 2631 1558
f 2629 1558 1555
f 2631 2630 2632
f 2631 2633 2548
f 2633 2632 2556
f 2633 2556 2551
f 2634 2632 2635
f 2634 2636 2560
f 2634 2560 2557
f 2637 2636 2638
f 2637 2639 2564
f 2637 2564 2561
f 2640 2639 2641
f 2640 2642 2643
f 2640 2643 2565
f 2644 2642 2645
f 2644 2646 2647
f 2644 2648 2643
f 2647 2646 2649
f 2647 2649 2650
f 2647 2651 2648
f 2650 2649 2652
f 2650 2652 2653
f 2650 2654 2651
f 2653 2652 2655
f 2653 2655 2578
f 2653 2578 2654
f 2656 2655 2657
f 2656 2658 2581
f 2656 2581 2579
f 2659 2658 2660
f 2659 2661 2662
f 2659 2662 2582
f 2662 2663 2664
f 2662 2664 2584
f 2664 149 2665
f 2664 2665 2586
f 2665 152 2666
f 2665 2666 2588
f 2666 2667 2668
f 2666 2669 2588
f 2669 2668 2670
f 2669 2671 2589
f 2671 2670 2672
f 2671 2673 2591
f 2673 2672 2674
f 2673 2675 2593
f 2675 2674 2676
f 2675 2677 2595
f 2677 2676 2678
f 2677 2679 2597
f 2679 2680 2599
f 2679 2678 2681
f 2681 2682 2680
f 2681 2678 2683
f 2681 2683 2682
f 2684 2685 2686
f 2684 2683 2687
f 2684 2688 2685
f 2689 2690 2691
f 2689 2688 2692
f 2689 2693 2690
f 2694 2695 2696
f 2694 2693 2697
f 2694 2698 2695
f 2699 2700 2701
f 2699 2698 2702
f 2699 2703 2700
f 2704 2705 2706
f 2704 2703 2707
f 2704 2708 2705
f 2709 2710 2711
f 2709 2708 212
f 2709 215 2712
f 2712 2713 2714
f 2712 215 2715
f 2712 2715 2713
f 2716 2715 2717
f 2716 2717 2718
f 2716 2719 2713
f 2720 2721 2713
f 2720 2719 2722
f 2720 2723 2721
f 2724 2725 2721
f 2724 2723 2726
f 2724 2727 2728
f 2728 2729 2725
f 2728 2727 2730
f 2728 2730 2731
f 2731 2732 2729
f 2731 2730 2733
f 2731 2733 2734
f 2733 2735 2626
f 2733 2626 2624
f 2736 2735 2737
f 2736 2635 2630
f 2736 2630 2627
f 2737 2735 2738
f 2737 2738 2638
f 2737 2638 2636
f 2739 2738 2727
f 2739 2726 2641
f 2739 2641 2639
f 2740 2726 2723
f 2740 2722 2645
f 2740 2645 2642
f 2741 2722 2719
f 2741 2718 2742
f 2741 2742 2646
f 2743 2718 2717
f 2743 2744 2745
f 2743 2746 2742
f 2745 2744 2747
f 2745 2747 2748
f 2745 2749 2746
f 2748 2747 2750
f 2748 2750 2657
f 2748 2657 2749
f 2751 2750 2752
f 2751 2753 2660
f 2751 2660 2658
f 2754 2753 2755
f 2754 2756 2757
f 2754 2757 2661
f 2757 2758 150
f 2757 150 2663
f 2758 2756 2759
f 2758 2760 153
f 2761 2760 2762
f 2761 2763 2764
f 2761 2764 151
f 2764 2765 2667
f 2764 2667 152
f 2765 2763 2766
f 2765 2767 2668
f 2767 2766 101
f 2767 105 2670
f 2766 2768 2769
f 2766 2763 2768
f 2768 2770 2771
f 2768 2762 2770
f 2772 2773 2774
f 2772 2762 2760
f 2772 2759 2773
f 2775 2776 2773
f 2775 2759 2756
f 2775 2755 2777
f 2777 2778 2776
f 2777 2755 2753
f 2777 2752 2779
f 2779 2780 2778
f 2779 2752 2781
f 2779 2781 2782
f 2782 217 2780
f 2782 2781 2783
f 2782 2783 2784
f 2785 213 2786
f 2785 2786 2787
f 2785 2780 216
f 2786 2707 2703
f 2786 2702 2788
f 2788 2702 2698
f 2788 2697 2789
f 2788 2790 2787
f 2789 2697 2693
f 2789 2692 2791
f 2789 2774 2790
f 2791 2692 2688
f 2791 2687 2792
f 2791 2771 2774
f 2792 2687 2793
f 2792 2793 103
f 2792 102 2771
f 2783 2744 2784
f 2794 2795 2796
f 2794 2796 2797
f 2794 2732 2798
f 2798 2799 2800
f 2798 2732 2734
f 2798 2623 2799
f 2800 2801 2802
f 2800 2803 2795
f 2800 2799 2801
f 2804 2805 2806
f 2804 2799 2620
f 2804 2618 2805
f 2806 2612 2807
f 2806 2808 2801
f 2806 2805 2612
f 2808 2807 2809
f 2808 2810 2802
f 2811 2810 2812
f 2811 2813 2814
f 2811 2814 2803
f 2814 2815 2816
f 2814 2816 2817
f 2816 2818 2819
f 2816 2820 2817
f 2820 2819 2821
f 2820 2822 2796
f 2822 2821 2823
f 2822 2824 2797
f 2823 2821 2711
f 2823 2711 2710
f 2823 2714 2824
f 2825 2826 2706
f 2825 2706 2705
f 2825 2821 2819
f 2827 2826 2828
f 2827 2829 2701
f 2827 2701 2700
f 2830 2829 124
f 2830 127 2696
f 2830 2696 2695
f 2831 127 126
f 2831 2832 2691
f 2831 2691 2690
f 2833 2832 2834
f 2833 2835 2686
f 2833 2686 2685
f 2836 2835 2837
f 2836 2837 2603
f 2836 2838 2682
f 2837 2839 2606
f 2837 2606 2604
f 2840 2839 2809
f 2840 2809 2609
f 2840 2609 2607
f 2841 2839 2835
f 2841 2834 2812
f 2841 2812 2810
f 2834 2832 129
f 2829 2828 125
f 2828 2818 2815
f 2828 2826 2818
f 2815 2813 128
f 2813 2812 129
f 2807 2612 2610
f 2784 2715 217
f 2708 2707 212
f 2793 2678 2676
f 2838 2603 2601
f 2676 2674 103
f 2674 2672 104
f 1489 1485 2842
f 1482 1776 2842
f 1356 2843 1352
f 1298 1295 1635
f 1249 1248 2844
f 1249 2844 2845
f 2845 2844 91
f 2845 91 89
f 1056 1054 1399
f 1042 1041 115
f 1118 160 159
f 1422 994 2843
f 2846 2847 2848
f 2846 2849 2850
f 2846 996 2847
f 2849 2848 2851
f 2849 2852 2853
f 2853 2852 2854
f 2853 2854 2855
f 2853 2856 2850
f 2855 2854 2857
f 2855 2857 2858
f 2855 2859 2856
f 2858 2857 2860
f 2858 2860 2861
f 2858 985 2859
f 2861 2860 2862
f 2861 2862 982
f 2861 982 981
f 2863 2862 2864
f 2863 2865 979
f 2863 979 978
f 2866 2865 2867
f 2866 2868 975
f 2866 975 974
f 2869 2868 2870
f 2869 2871 971
f 2869 971 970
f 2872 2871 2873
f 2872 2874 2875
f 2872 2875 972
f 2875 2876 2877
f 2875 2877 972
f 2877 2878 963
f 2877 963 962
f 2879 2878 2880
f 2879 2881 960
f 2879 960 959
f 2882 2881 2883
f 2882 2884 956
f 2882 956 955
f 2885 2884 2886
f 2885 189 952
f 2885 952 951
f 2884 2883 2887
f 2887 2888 2889
f 2887 2890 2886
f 2887 2883 2888
f 2891 2892 2893
f 2891 2883 2881
f 2891 2880 2892
f 2894 2895 2896
f 2894 2880 2878
f 2894 2876 2895
f 2896 703 702
f 2896 2897 2892
f 2896 2895 703
f 2897 702 700
f 2897 2898 2893
f 2899 2898 2900
f 2899 2901 2889
f 2899 2889 2888
f 2902 2901 2903
f 2902 2904 2905
f 2902 2905 2890
f 2905 2906 188
f 2905 188 187
f 2907 2906 2908
f 2907 2909 2910
f 2907 2910 190
f 2910 2911 2912
f 2910 2912 191
f 2909 2908 2913
f 2909 2914 2911
f 2913 2915 2916
f 2913 2916 2914
f 2913 2908 2915
f 2917 2918 2919
f 2917 2908 2906
f 2917 2904 2918
f 2919 2920 2921
f 2919 2921 2922
f 2919 2918 2923
f 2923 2924 2920
f 2923 2918 2903
f 2923 2925 697
f 2925 2903 2901
f 2925 2900 697
f 2921 2926 2927
f 2921 2927 2928
f 2928 99 2922
f 2928 2927 2929
f 2928 2929 95
f 2929 2930 2931
f 2929 2931 938
f 2927 2932 2930
f 2926 2920 235
f 2926 232 2932
f 2916 99 943
f 2900 2898 698
f 2895 2874 706
f 2873 710 707
f 2873 2871 710
f 2870 2933 711
f 2870 2868 2933
f 2867 2934 2933
f 2867 2865 2934
f 2864 2935 2934
f 2864 2862 2936
f 2936 2937 2935
f 2936 2860 2938
f 2938 723 2937
f 2938 2857 2939
f 2939 727 724
f 2939 2854 2940
f 2940 731 728
f 2940 2852 731
f 2851 2941 732
f 2851 2848 2941
f 2848 2847 28
f 986 899 897
f 952 191 948
f 863 860 1294
f 854 853 83
f 1245 817 809
f 1246 807 1244
f 779 776 93
f 776 774 1175
f 735 2941 27
f 697 695 2924
f 2931 682 939
f 570 367 814
f 564 519 2942
f 2942 516 2943
f 2942 2944 565
f 2943 513 2945
f 2943 2946 2944
f 2945 510 2947
f 2945 2948 2946
f 2947 507 2949
f 2947 2950 2948
f 2949 504 2951
f 2949 2952 2950
f 2951 501 2953
f 2951 2954 2952
f 2953 498 2955
f 2953 2956 2954
f 2955 497 2957
f 2955 2958 2956
f 2957 497 2959
f 2957 2959 408
f 2957 406 2958
f 2959 491 411
f 651 493 11
f 361 359 219
f 359 358 806
f 358 351 805
f 405 164 163
f 449 238 237
f 2 1273 3
f 1 5 2
f 6 86 4
f 3 1282 7
f 1 8 6
f 9 11 12
f 12 167 13
f 9 14 635
f 15 17 18
f 18 897 19
f 20 175 16
f 19 895 21
f 15 22 20
f 24 157 25
f 26 737 27
f 23 28 24
f 23 29 30
f 30 740 26
f 32 2546 33
f 34 1790 32
f 31 36 34
f 31 37 171
f 39 90 40
f 41 1198 39
f 42 1192 41
f 38 43 44
f 44 1181 42
f 45 47 48
f 48 297 49
f 49 300 50
f 45 51 52
f 52 162 46
f 53 55 59
f 56 1852 57
f 58 1850 56
f 59 2236 58
f 60 62 64
f 63 1732 61
f 64 1729 63
f 65 67 69
f 68 1430 66
f 69 1068 68
f 71 1088 72
f 70 74 71
f 70 75 73
f 77 2532 78
f 76 79 80
f 80 2542 77
f 82 857 83
f 84 1294 82
f 83 2960 85
f 81 6 84
f 85 1262 86
f 88 1212 89
f 90 1206 88
f 87 91 93
f 87 40 90
f 93 1175 92
f 95 938 96
f 94 97 98
f 94 99 95
f 101 2769 102
f 100 103 104
f 100 105 101
f 107 538 108
f 106 109 110
f 106 111 107
f 113 1051 114
f 115 1399 113
f 112 116 115
f 117 119 121
f 120 2361 118
f 117 122 120
f 123 125 128
f 123 127 124
f 123 129 126
f 130 132 133
f 130 134 135
f 135 2125 131
f 137 372 138
f 136 139 140
f 140 363 137
f 141 143 144
f 141 145 146
f 141 147 142
f 149 2663 150
f 148 152 149
f 148 153 151
f 154 2227 155
f 155 2228 55
f 54 57 156
f 156 1862 154
f 158 1123 25
f 157 160 158
f 161 999 159
f 24 2847 161
f 162 164 166
f 165 320 163
f 52 313 165
f 166 410 46
f 167 169 170
f 170 626 13
f 171 35 31
f 173 1775 172
f 174 2842 173
f 176 2843 177
f 177 991 16
f 175 179 176
f 20 1343 178
f 180 182 183
f 183 583 184
f 180 185 181
f 186 188 190
f 189 2886 187
f 186 191 189
f 192 194 195
f 192 196 197
f 192 198 193
f 199 201 203
f 202 2141 200
f 203 2152 202
f 204 206 207
f 204 208 209
f 204 210 205
f 211 213 216
f 211 215 212
f 211 217 214
f 219 806 220
f 218 221 222
f 218 223 219
f 224 226 228
f 227 2173 225
f 224 229 227
f 230 232 235
f 230 234 231
f 235 2924 233
f 236 238 240
f 239 249 237
f 236 241 239
f 240 451 242
f 241 243 244
f 244 245 239
f 245 246 247
f 247 250 248
f 245 249 239
f 250 705 251
f 248 252 249
f 253 237 249
f 251 709 254
f 252 255 253
f 256 449 253
f 254 713 257
f 255 258 256
f 259 445 256
f 257 716 260
f 258 261 259
f 261 263 259
f 261 264 265
f 265 266 262
f 266 268 262
f 266 269 270
f 270 271 267
f 271 273 267
f 271 274 275
f 271 276 272
f 277 435 272
f 275 726 278
f 276 279 277
f 280 432 277
f 278 730 281
f 279 282 280
f 283 427 280
f 281 734 284
f 282 285 283
f 285 287 283
f 285 288 289
f 289 290 286
f 290 292 286
f 290 293 294
f 294 297 291
f 294 295 296
f 296 49 297
f 296 298 299
f 296 300 49
f 299 301 302
f 299 303 300
f 302 749 304
f 303 305 306
f 306 50 300
f 306 307 308
f 308 51 50
f 307 759 309
f 308 310 51
f 310 311 312
f 312 314 313
f 313 52 51
f 314 315 316
f 316 318 317
f 314 165 313
f 318 321 319
f 317 320 165
f 321 778 322
f 319 323 320
f 324 163 320
f 322 782 325
f 323 326 324
f 327 405 324
f 325 785 328
f 326 329 327
f 329 331 327
f 328 788 332
f 332 333 330
f 334 401 330
f 333 335 336
f 333 337 334
f 338 398 334
f 336 793 339
f 337 340 338
f 341 395 338
f 339 796 342
f 340 343 341
f 344 392 341
f 342 799 345
f 343 346 344
f 347 389 344
f 345 802 348
f 346 349 347
f 350 386 347
f 348 805 351
f 349 352 350
f 353 383 350
f 351 358 354
f 352 355 353
f 356 377 353
f 354 357 139
f 355 138 356
f 357 358 359
f 359 361 360
f 357 140 139
f 361 364 362
f 360 363 140
f 364 814 365
f 365 366 363
f 366 367 368
f 368 370 369
f 366 137 363
f 370 373 371
f 369 372 137
f 373 560 374
f 371 375 372
f 374 378 376
f 375 377 356
f 356 138 372
f 378 565 379
f 376 380 377
f 379 2944 381
f 380 382 383
f 383 353 377
f 381 2946 384
f 382 385 386
f 386 350 383
f 384 2948 387
f 385 388 389
f 389 347 386
f 387 2950 390
f 388 391 392
f 392 344 389
f 390 2952 393
f 391 394 395
f 395 341 392
f 393 2954 396
f 394 397 398
f 398 338 395
f 396 2956 399
f 397 400 401
f 401 334 398
f 399 2958 402
f 400 403 331
f 331 330 401
f 402 406 404
f 404 164 405
f 403 327 331
f 406 408 407
f 404 166 164
f 408 411 409
f 407 410 166
f 411 488 412
f 409 413 410
f 412 485 414
f 413 415 47
f 413 46 410
f 414 482 416
f 416 418 417
f 415 48 47
f 418 292 291
f 417 297 48
f 418 419 420
f 420 421 292
f 421 422 423
f 423 424 287
f 421 286 292
f 424 425 426
f 426 428 427
f 424 283 287
f 428 429 430
f 428 431 432
f 432 280 427
f 430 468 433
f 431 434 435
f 435 277 432
f 433 464 436
f 434 437 273
f 273 272 435
f 436 461 438
f 438 439 268
f 437 267 273
f 439 440 441
f 441 442 263
f 439 262 268
f 442 443 444
f 444 446 445
f 442 259 263
f 446 447 448
f 448 238 449
f 449 256 445
f 448 450 451
f 451 240 238
f 450 453 454
f 454 242 451
f 447 455 452
f 456 690 452
f 455 444 443
f 455 457 456
f 458 687 456
f 457 441 440
f 457 459 458
f 460 684 458
f 440 438 461
f 459 462 460
f 463 681 460
f 461 436 464
f 462 465 463
f 465 467 463
f 464 433 468
f 468 469 466
f 469 471 466
f 469 430 429
f 429 472 470
f 472 474 470
f 472 426 425
f 425 475 473
f 475 477 473
f 475 423 422
f 422 478 476
f 479 668 476
f 478 420 419
f 478 480 479
f 481 665 479
f 419 416 482
f 480 483 481
f 484 662 481
f 482 414 485
f 483 486 484
f 487 658 484
f 485 412 488
f 486 489 487
f 490 653 487
f 488 411 491
f 489 492 490
f 493 651 490
f 491 2959 494
f 492 495 493
f 495 12 493
f 494 497 496
f 495 168 167
f 497 2955 498
f 496 499 168
f 500 169 168
f 498 2953 501
f 499 502 500
f 503 622 500
f 501 2951 504
f 502 505 503
f 506 619 503
f 504 2949 507
f 505 508 506
f 509 616 506
f 507 2947 510
f 508 511 509
f 512 613 509
f 510 2945 513
f 511 514 512
f 515 610 512
f 513 2943 516
f 514 517 515
f 518 607 515
f 516 2942 519
f 517 520 518
f 521 603 518
f 519 564 522
f 520 523 521
f 524 598 521
f 522 562 525
f 523 526 524
f 526 528 524
f 525 561 529
f 526 530 527
f 530 532 527
f 530 533 534
f 534 535 531
f 535 537 531
f 535 538 107
f 107 111 536
f 537 540 541
f 541 532 531
f 536 542 539
f 542 185 539
f 542 111 543
f 543 182 181
f 543 110 544
f 544 545 182
f 546 578 547
f 545 183 182
f 545 548 546
f 549 575 546
f 544 110 109
f 548 550 549
f 551 569 549
f 550 108 552
f 552 553 551
f 554 567 551
f 552 566 555
f 553 556 554
f 555 558 557
f 556 373 370
f 370 368 554
f 558 561 559
f 557 560 373
f 561 525 562
f 559 563 560
f 562 522 564
f 563 565 378
f 378 374 560
f 533 529 561
f 558 566 533
f 566 534 533
f 552 108 538
f 367 570 568
f 567 569 551
f 567 368 367
f 570 815 571
f 568 572 569
f 571 819 573
f 572 574 575
f 575 549 569
f 573 822 576
f 574 577 578
f 578 546 575
f 576 825 579
f 577 580 581
f 581 547 578
f 581 582 583
f 583 183 547
f 580 830 584
f 582 585 586
f 586 184 583
f 586 587 588
f 586 185 184
f 588 589 540
f 588 539 185
f 587 837 590
f 589 591 592
f 592 541 540
f 592 593 594
f 594 532 541
f 593 595 528
f 594 527 532
f 595 596 597
f 597 599 598
f 595 524 528
f 599 600 601
f 599 602 603
f 603 521 598
f 602 604 605
f 602 606 607
f 607 518 603
f 605 851 608
f 606 609 610
f 610 515 607
f 608 856 611
f 609 612 613
f 613 512 610
f 611 859 614
f 612 615 616
f 616 509 613
f 614 862 617
f 615 618 619
f 619 506 616
f 617 866 620
f 618 621 622
f 622 503 619
f 620 624 623
f 621 170 169
f 169 500 622
f 624 627 625
f 623 626 170
f 627 870 628
f 625 629 626
f 628 876 630
f 630 631 14
f 629 13 626
f 631 632 633
f 633 636 634
f 631 635 14
f 636 885 637
f 634 638 635
f 637 891 639
f 638 640 641
f 641 9 635
f 641 642 643
f 641 10 9
f 643 644 645
f 643 646 10
f 645 906 647
f 646 648 649
f 649 11 10
f 648 652 650
f 649 651 11
f 652 654 653
f 653 490 651
f 654 655 656
f 654 657 658
f 658 487 653
f 657 659 660
f 657 661 662
f 662 484 658
f 660 919 663
f 661 664 665
f 665 481 662
f 663 924 666
f 664 667 668
f 668 479 665
f 666 927 669
f 667 670 477
f 477 476 668
f 669 930 671
f 671 672 474
f 670 473 477
f 672 673 674
f 674 675 471
f 672 470 474
f 675 676 677
f 677 678 467
f 675 466 471
f 677 937 679
f 678 680 681
f 681 463 467
f 679 939 682
f 680 683 684
f 684 460 681
f 682 2931 685
f 683 686 687
f 687 458 684
f 685 2930 688
f 686 689 690
f 690 456 687
f 688 2932 691
f 691 692 453
f 689 452 690
f 691 232 231
f 231 234 693
f 692 454 453
f 234 694 243
f 693 242 454
f 694 233 695
f 695 696 246
f 694 244 243
f 696 697 698
f 698 700 699
f 696 247 246
f 700 702 701
f 699 250 247
f 701 703 704
f 701 705 250
f 704 706 707
f 707 708 705
f 709 251 705
f 708 710 711
f 708 712 709
f 713 254 709
f 711 2933 714
f 712 715 713
f 716 257 713
f 714 2934 717
f 715 718 716
f 264 260 716
f 717 2935 719
f 718 720 264
f 720 265 264
f 719 2937 721
f 721 722 269
f 722 270 269
f 722 723 724
f 724 725 274
f 725 275 274
f 725 727 728
f 728 729 726
f 730 278 726
f 729 731 732
f 732 733 730
f 734 281 730
f 732 2941 735
f 733 736 734
f 288 284 734
f 735 27 737
f 736 738 288
f 738 289 288
f 737 26 739
f 739 295 293
f 739 740 741
f 741 298 295
f 741 742 743
f 743 301 298
f 743 744 745
f 745 746 301
f 746 747 748
f 748 750 749
f 746 302 301
f 748 1140 751
f 750 752 753
f 753 304 749
f 753 754 755
f 755 305 304
f 755 756 757
f 757 307 305
f 756 760 758
f 757 759 307
f 760 1155 761
f 758 762 759
f 762 763 764
f 764 765 311
f 311 309 759
f 765 766 767
f 767 768 315
f 765 312 311
f 768 769 770
f 770 772 771
f 768 316 315
f 772 774 773
f 771 318 316
f 774 776 775
f 773 321 318
f 776 779 777
f 775 778 321
f 779 2844 780
f 777 781 778
f 782 322 778
f 780 1248 783
f 781 784 782
f 785 325 782
f 783 1232 786
f 784 787 785
f 788 328 785
f 786 1231 789
f 787 790 788
f 335 332 788
f 789 1235 791
f 790 792 335
f 792 336 335
f 791 1238 794
f 792 795 793
f 796 339 793
f 794 1241 797
f 795 798 796
f 799 342 796
f 797 1244 800
f 798 801 799
f 802 345 799
f 800 807 803
f 801 804 802
f 805 348 802
f 803 221 220
f 804 806 805
f 803 808 221
f 807 1246 809
f 808 810 811
f 811 222 221
f 811 812 813
f 813 223 222
f 813 814 364
f 364 361 223
f 810 816 815
f 812 570 814
f 816 809 817
f 816 818 819
f 819 571 815
f 817 1245 820
f 818 821 822
f 822 573 819
f 820 1242 823
f 821 824 825
f 825 576 822
f 823 1239 826
f 824 827 828
f 828 579 825
f 828 829 830
f 830 580 579
f 827 1229 831
f 829 832 833
f 833 584 830
f 833 834 835
f 835 585 584
f 835 836 837
f 837 587 585
f 834 1247 838
f 836 839 840
f 840 590 837
f 840 841 842
f 842 591 590
f 842 843 596
f 596 593 591
f 841 1254 844
f 844 845 600
f 843 597 596
f 845 846 847
f 847 848 604
f 845 601 600
f 848 849 850
f 850 852 851
f 848 605 604
f 852 853 854
f 852 855 856
f 856 608 851
f 854 83 857
f 855 858 859
f 859 611 856
f 858 82 860
f 858 861 862
f 862 614 859
f 861 863 864
f 861 865 866
f 866 617 862
f 864 868 867
f 865 627 624
f 624 620 866
f 868 871 869
f 867 870 627
f 871 1302 872
f 869 873 870
f 872 1307 874
f 873 875 876
f 876 628 870
f 874 1310 877
f 875 878 632
f 632 630 876
f 877 1313 879
f 879 881 880
f 878 633 632
f 881 883 882
f 880 636 633
f 883 886 884
f 882 885 636
f 886 1324 887
f 884 888 885
f 887 1330 889
f 888 890 891
f 891 637 885
f 890 892 893
f 893 895 894
f 894 639 891
f 895 19 896
f 896 640 639
f 896 897 898
f 898 642 640
f 898 899 900
f 900 644 642
f 900 901 902
f 902 903 644
f 903 904 905
f 905 907 906
f 903 645 644
f 905 976 908
f 907 909 910
f 910 647 906
f 909 912 911
f 911 648 647
f 912 913 655
f 911 652 648
f 913 914 915
f 915 916 659
f 913 656 655
f 916 917 918
f 918 920 919
f 916 660 659
f 920 921 922
f 920 923 924
f 924 663 919
f 922 957 925
f 923 926 927
f 927 666 924
f 925 953 928
f 926 929 930
f 930 669 927
f 928 949 931
f 929 932 673
f 673 671 930
f 931 946 933
f 932 934 676
f 932 674 673
f 933 940 935
f 934 936 937
f 937 677 676
f 935 97 96
f 936 938 939
f 939 679 937
f 940 941 97
f 942 2914 943
f 941 98 97
f 941 944 942
f 945 2911 942
f 940 933 946
f 944 947 945
f 948 2912 945
f 946 931 949
f 947 950 948
f 950 952 948
f 949 928 953
f 953 954 951
f 954 956 951
f 954 925 957
f 957 958 955
f 958 960 955
f 958 922 921
f 921 961 959
f 961 963 959
f 961 918 917
f 917 964 962
f 964 966 962
f 964 915 914
f 914 967 965
f 968 969 965
f 967 912 909
f 967 908 968
f 969 971 972
f 969 966 965
f 968 973 970
f 973 975 970
f 973 908 976
f 976 977 974
f 977 979 974
f 977 905 904
f 904 980 978
f 980 982 978
f 980 902 901
f 901 983 981
f 983 985 981
f 983 899 986
f 986 987 984
f 988 2859 984
f 987 18 17
f 987 989 988
f 990 2856 988
f 17 16 991
f 989 992 990
f 993 2850 990
f 991 177 994
f 992 995 993
f 996 2846 993
f 994 1422 997
f 995 998 996
f 999 161 996
f 997 1420 1000
f 998 1001 999
f 1002 159 999
f 1000 1418 1003
f 1001 1004 1002
f 1005 1118 1002
f 1003 1415 1006
f 1004 1007 1005
f 1007 1009 1005
f 1006 1412 1010
f 1010 1011 1008
f 1011 1013 1008
f 1011 1014 1015
f 1015 1016 1012
f 1017 1112 1012
f 1016 1018 1019
f 1016 1020 1017
f 1021 1109 1017
f 1019 1406 1022
f 1020 1023 1021
f 1024 1106 1021
f 1022 1402 1025
f 1023 1026 1024
f 1027 1103 1024
f 1025 1400 1028
f 1026 1029 1027
f 1029 1031 1027
f 1028 1395 1032
f 1032 1033 1030
f 1033 1035 1030
f 1033 1036 1037
f 1037 1038 1034
f 1038 1040 1034
f 1038 1041 1042
f 1042 1043 1039
f 1043 75 1039
f 1043 116 1044
f 1044 74 73
f 1044 114 1045
f 1045 1046 74
f 1047 1083 1048
f 1046 71 74
f 1046 1049 1047
f 1050 1080 1047
f 1045 114 1051
f 1049 1052 1050
f 1053 1062 1050
f 1052 113 1054
f 1054 1055 1053
f 1055 1056 1057
f 1057 1064 1058
f 1055 1059 1053
f 1060 1070 1061
f 1059 1062 1053
f 1058 1063 1060
f 1063 1064 1065
f 1065 1426 1066
f 1063 1067 1060
f 1067 1068 1069
f 1067 1070 1060
f 1066 1430 68
f 1069 1071 1072
f 1069 1073 1070
f 1072 1440 1074
f 1073 1075 1076
f 1076 1061 1070
f 1076 1077 1078
f 1078 1062 1061
f 1078 1079 1080
f 1080 1050 1062
f 1077 1449 1081
f 1079 1082 1083
f 1083 1047 1080
f 1081 1452 1084
f 1082 1085 1086
f 1086 1048 1083
f 1086 1087 1088
f 1088 71 1048
f 1085 1458 1089
f 1087 1090 1091
f 1091 72 1088
f 1091 1092 1093
f 1093 75 72
f 1093 1094 1040
f 1093 1039 75
f 1092 1465 1095
f 1095 1096 1035
f 1094 1034 1040
f 1096 1097 1098
f 1098 1099 1031
f 1096 1030 1035
f 1099 1100 1101
f 1099 1102 1103
f 1099 1027 1031
f 1101 1473 1104
f 1102 1105 1106
f 1106 1024 1103
f 1104 1478 1107
f 1105 1108 1109
f 1109 1021 1106
f 1107 1481 1110
f 1108 1111 1112
f 1112 1017 1109
f 1110 1484 1113
f 1111 1114 1013
f 1013 1012 1112
f 1113 1487 1115
f 1115 1116 1009
f 1114 1008 1013
f 1115 1119 1117
f 1117 160 1118
f 1116 1005 1009
f 1119 1121 1120
f 1117 158 160
f 1121 1124 1122
f 1120 1123 158
f 1124 1493 1125
f 1122 1126 1123
f 1125 1499 1127
f 1126 1128 29
f 29 25 1123
f 1127 1502 1129
f 1129 1131 1130
f 1128 30 29
f 1131 744 742
f 1130 740 30
f 1131 1132 1133
f 1133 1134 744
f 1134 1135 1136
f 1136 1137 747
f 1134 745 744
f 1137 1138 1139
f 1139 1141 1140
f 1137 748 747
f 1141 1142 1143
f 1143 1145 1144
f 1144 751 1140
f 1144 1146 1147
f 1147 752 751
f 1147 1148 1149
f 1149 754 752
f 1149 1150 1151
f 1151 756 754
f 1150 1153 1152
f 1151 760 756
f 1153 1156 1154
f 1152 1155 760
f 1154 1157 1158
f 1158 1159 1155
f 1159 1160 1161
f 1161 1162 763
f 1159 761 1155
f 1162 1163 1164
f 1164 1165 766
f 1162 764 763
f 1165 1166 1167
f 1167 1168 769
f 1165 767 766
f 1168 1169 1170
f 1170 1172 1171
f 1168 770 769
f 1172 1174 1173
f 1171 772 770
f 1174 92 1175
f 1173 774 772
f 1172 1176 43
f 43 40 92
f 1172 1170 1177
f 1177 1179 1178
f 1176 44 43
f 1179 1182 1180
f 1178 1181 44
f 1182 1551 1183
f 1180 1184 1181
f 1183 1557 1185
f 1184 1186 1187
f 1187 42 1181
f 1187 1188 1189
f 1189 1192 42
f 1189 1190 1191
f 1191 1193 1192
f 1191 1573 1194
f 1193 1195 1196
f 1196 41 1192
f 1195 1199 1197
f 1196 1198 41
f 1199 1583 1200
f 1197 1201 1198
f 1200 1589 1202
f 1201 1203 1204
f 1204 39 1198
f 1204 1205 1206
f 1206 90 39
f 1205 1207 1208
f 1208 1210 1209
f 1209 88 1206
f 1210 1213 1211
f 1209 1212 88
f 1213 1257 1214
f 1211 1215 1212
f 1216 89 1212
f 1214 1255 1217
f 1215 1218 1216
f 1219 2845 1216
f 1217 1251 1220
f 1218 1221 1219
f 1222 1249 1219
f 1220 1250 1223
f 1221 1224 1222
f 1225 1233 1222
f 1223 1247 1226
f 1224 1227 1225
f 1228 1230 1225
f 1226 832 831
f 1227 1229 1228
f 1231 786 1232
f 1230 1233 1225
f 1230 1234 1231
f 1235 789 1231
f 1228 1229 1236
f 1234 1237 1235
f 1238 791 1235
f 1236 826 1239
f 1237 1240 1238
f 1241 794 1238
f 1239 823 1242
f 1240 1243 1241
f 1244 797 1241
f 1242 820 1245
f 1243 1246 1244
f 1229 827 826
f 1247 834 832
f 1232 783 1248
f 1233 1249 1222
f 1250 838 1247
f 1250 1251 1252
f 1252 839 838
f 1252 1253 1254
f 1254 841 839
f 1251 1217 1255
f 1253 1256 846
f 846 844 1254
f 1255 1214 1257
f 1257 1258 849
f 1256 847 846
f 1258 1213 1259
f 1259 2960 853
f 1258 850 849
f 1213 1210 1260
f 1259 85 2960
f 1210 1208 1261
f 1260 1262 85
f 1208 1207 1263
f 1261 1264 1262
f 1263 1266 1265
f 1265 5 4
f 4 86 1262
f 1266 1591 1267
f 1265 1268 5
f 1267 1595 1269
f 1269 1271 1270
f 1268 2 5
f 1271 1274 1272
f 1270 1273 2
f 1274 1604 1275
f 1272 1276 1273
f 1275 1610 1277
f 1276 1278 1279
f 1279 3 1273
f 1279 1280 1281
f 1279 1282 3
f 1281 1283 1284
f 1281 1285 1282
f 1284 1626 1286
f 1285 1287 1288
f 1288 7 1282
f 1288 1289 1290
f 1290 8 7
f 1289 1635 1291
f 1290 1292 8
f 1291 1295 1293
f 1292 1294 84
f 84 6 8
f 1295 1297 1296
f 1293 863 1294
f 1297 871 868
f 1296 864 863
f 1297 1298 1299
f 1299 1302 871
f 1299 1300 1301
f 1301 1303 1302
f 1303 1304 1305
f 1303 1306 1307
f 1307 872 1302
f 1305 1643 1308
f 1306 1309 1310
f 1310 874 1307
f 1308 1648 1311
f 1309 1312 1313
f 1313 877 1310
f 1311 1651 1314
f 1312 1315 1316
f 1316 879 1313
f 1315 1318 1317
f 1316 881 879
f 1318 1320 1319
f 1317 883 881
f 1320 1322 1321
f 1319 886 883
f 1322 1325 1323
f 1321 1324 886
f 1325 1666 1326
f 1323 1327 1324
f 1327 1328 1329
f 1329 1331 1330
f 1330 887 1324
f 1331 1332 1333
f 1333 1334 892
f 1331 889 1330
f 1334 1335 1336
f 1336 1338 1337
f 1334 893 892
f 1338 22 21
f 1337 895 893
f 1336 1681 1339
f 1338 1340 22
f 1339 1684 1341
f 1340 1342 1343
f 1343 20 22
f 1341 1687 1344
f 1342 1345 1346
f 1346 178 1343
f 1346 1347 1348
f 1348 179 178
f 1348 1349 1350
f 1348 1351 179
f 1351 176 179
f 1350 1702 1353
f 1353 1354 1352
f 1354 1356 1352
f 1353 1705 1357
f 1357 1358 1355
f 1358 1360 1355
f 1358 1361 1362
f 1362 1363 1359
f 1363 1365 1359
f 1363 1366 1367
f 1367 1368 1364
f 1369 1417 1364
f 1368 1370 1371
f 1368 1372 1369
f 1373 1414 1369
f 1371 1715 1374
f 1372 1375 1373
f 1376 1411 1373
f 1374 1719 1377
f 1375 1378 1376
f 1379 1408 1376
f 1377 1723 1380
f 1378 1381 1379
f 1381 1383 1379
f 1380 1726 1384
f 1381 1385 1382
f 1386 1404 1382
f 1384 1424 1387
f 1385 1388 1386
f 1389 1405 1386
f 1387 1423 1390
f 1390 1391 1389
f 1391 1393 1389
f 1391 1065 1064
f 1064 1057 1392
f 1393 1395 1396
f 1396 1405 1389
f 1392 1397 1394
f 1397 1036 1394
f 1397 1057 1056
f 1056 1399 1398
f 1398 1037 1036
f 1399 115 1041
f 1395 1028 1400
f 1396 1401 1405
f 1400 1025 1402
f 1401 1403 1404
f 1404 1386 1405
f 1402 1022 1406
f 1406 1407 1383
f 1403 1382 1404
f 1407 1019 1018
f 1018 1409 1408
f 1407 1379 1383
f 1409 1015 1014
f 1409 1410 1411
f 1411 1376 1408
f 1014 1010 1412
f 1410 1413 1414
f 1414 1373 1411
f 1412 1006 1415
f 1413 1416 1417
f 1417 1369 1414
f 1415 1003 1418
f 1416 1419 1365
f 1365 1364 1417
f 1418 1000 1420
f 1420 1421 1360
f 1419 1359 1365
f 1421 997 1422
f 1422 2843 1356
f 1421 1355 1360
f 1394 1032 1395
f 1423 1426 1065
f 1423 1424 1425
f 1425 1427 1426
f 1427 1428 1429
f 1429 66 1430
f 1427 1066 1426
f 1429 1431 1432
f 1432 67 66
f 1432 64 62
f 62 1433 67
f 1433 61 1434
f 1434 1436 1435
f 1433 69 67
f 1436 1437 1071
f 1435 1068 69
f 1437 1438 1439
f 1439 1441 1440
f 1437 1072 1071
f 1441 1442 1443
f 1441 1444 1445
f 1445 1074 1440
f 1445 1446 1447
f 1447 1075 1074
f 1447 1448 1449
f 1449 1077 1075
f 1446 1746 1450
f 1448 1451 1452
f 1452 1081 1449
f 1451 1453 1454
f 1451 1455 1456
f 1456 1084 1452
f 1456 1457 1458
f 1458 1085 1084
f 1455 1753 1459
f 1457 1460 1461
f 1461 1089 1458
f 1461 1462 1463
f 1463 1090 1089
f 1463 1464 1465
f 1465 1092 1090
f 1462 1762 1466
f 1466 1467 1097
f 1097 1095 1465
f 1467 1468 1469
f 1469 1470 1100
f 1467 1098 1097
f 1470 1471 1472
f 1472 1474 1473
f 1470 1101 1100
f 1474 1475 1476
f 1474 1477 1478
f 1478 1104 1473
f 1476 1772 1479
f 1477 1480 1481
f 1481 1107 1478
f 1479 1776 1482
f 1480 1483 1484
f 1484 1110 1481
f 1482 2842 1485
f 1483 1486 1487
f 1487 1113 1484
f 1485 1489 1488
f 1486 1121 1119
f 1119 1115 1487
f 1489 1491 1490
f 1488 1124 1121
f 1491 1494 1492
f 1490 1493 1124
f 1494 2558 1495
f 1492 1496 1493
f 1495 2563 1497
f 1496 1498 1499
f 1499 1125 1493
f 1497 2567 1500
f 1498 1501 1502
f 1502 1127 1499
f 1500 2570 1503
f 1501 1504 1132
f 1132 1129 1502
f 1503 2573 1505
f 1505 1506 1135
f 1504 1133 1132
f 1506 1507 1508
f 1508 1509 1138
f 1506 1136 1135
f 1509 1510 1511
f 1511 1512 1142
f 1509 1139 1138
f 1512 1513 1514
f 1514 1516 1515
f 1512 1143 1142
f 1516 1518 1517
f 1515 1145 1143
f 1517 1519 1520
f 1520 1146 1145
f 1520 1521 1522
f 1522 1148 1146
f 1522 1523 1524
f 1524 1150 1148
f 1523 1526 1525
f 1524 1153 1150
f 1526 1528 1527
f 1525 1156 1153
f 1527 1529 1530
f 1530 1157 1156
f 1530 1531 1532
f 1532 1533 1157
f 1533 1534 1535
f 1535 1536 1160
f 1533 1158 1157
f 1536 1537 1538
f 1538 1539 1163
f 1536 1161 1160
f 1539 1540 1541
f 1541 1542 1166
f 1539 1164 1163
f 1542 1543 1544
f 1544 1545 1169
f 1542 1167 1166
f 1544 1547 1546
f 1545 1179 1177
f 1545 1170 1169
f 1547 1549 1548
f 1546 1182 1179
f 1549 1552 1550
f 1548 1551 1182
f 1552 2622 1553
f 1550 1554 1551
f 1553 2628 1555
f 1554 1556 1557
f 1557 1183 1551
f 1556 1558 1559
f 1559 1561 1560
f 1560 1185 1557
f 1560 1562 1563
f 1563 1186 1185
f 1563 1564 1565
f 1565 1188 1186
f 1565 1566 1567
f 1567 1190 1188
f 1567 1568 1569
f 1569 1570 1190
f 1570 1571 1572
f 1572 1574 1573
f 1570 1191 1190
f 1572 1800 1575
f 1574 1576 1577
f 1577 1194 1573
f 1577 1578 1579
f 1579 1195 1194
f 1578 1581 1580
f 1579 1199 1195
f 1581 1584 1582
f 1580 1583 1199
f 1584 1815 1585
f 1582 1586 1583
f 1585 1821 1587
f 1586 1588 1589
f 1589 1200 1583
f 1588 1590 1591
f 1591 1266 1592
f 1592 1202 1589
f 1266 1263 1207
f 1207 1203 1202
f 1587 1821 1593
f 1590 1594 1595
f 1595 1267 1591
f 1593 1820 1596
f 1594 1597 1598
f 1598 1269 1595
f 1597 1600 1599
f 1598 1271 1269
f 1600 1602 1601
f 1599 1274 1271
f 1602 1605 1603
f 1601 1604 1274
f 1605 1834 1606
f 1603 1607 1604
f 1606 1840 1608
f 1607 1609 1610
f 1610 1275 1604
f 1608 1844 1611
f 1609 1612 1613
f 1613 1277 1610
f 1613 1614 1615
f 1615 1278 1277
f 1615 1616 1617
f 1617 1280 1278
f 1617 1618 1619
f 1619 1283 1280
f 1619 1620 1621
f 1621 1622 1283
f 1622 1623 1624
f 1622 1625 1626
f 1622 1284 1283
f 1624 2246 1627
f 1625 1628 1629
f 1629 1286 1626
f 1629 1630 1631
f 1631 1287 1286
f 1631 1632 1633
f 1633 1289 1287
f 1632 1636 1634
f 1633 1635 1289
f 1636 1637 1300
f 1634 1298 1635
f 1637 1638 1639
f 1639 1640 1304
f 1637 1301 1300
f 1640 1641 1642
f 1642 1644 1643
f 1640 1305 1304
f 1644 1645 1646
f 1644 1647 1648
f 1648 1308 1643
f 1646 2267 1649
f 1647 1650 1651
f 1651 1311 1648
f 1649 2271 1652
f 1650 1653 1654
f 1654 1314 1651
f 1653 1656 1655
f 1655 1315 1314
f 1656 1658 1657
f 1655 1318 1315
f 1658 1660 1659
f 1657 1320 1318
f 1660 1662 1661
f 1659 1322 1320
f 1662 1664 1663
f 1661 1325 1322
f 1664 1667 1665
f 1663 1666 1325
f 1665 1668 1669
f 1669 1670 1666
f 1670 1671 1672
f 1672 1673 1328
f 1670 1326 1666
f 1673 1674 1675
f 1675 1676 1332
f 1673 1329 1328
f 1675 2302 1677
f 1676 1678 1335
f 1676 1333 1332
f 1677 2305 1679
f 1678 1680 1681
f 1681 1336 1335
f 1679 2308 1682
f 1680 1683 1684
f 1684 1339 1681
f 1683 1685 1686
f 1686 1688 1687
f 1687 1341 1684
f 1688 1689 1690
f 1690 1692 1691
f 1688 1344 1687
f 1692 1694 1693
f 1693 1345 1344
f 1694 1696 1695
f 1693 1347 1345
f 1696 1698 1697
f 1695 1349 1347
f 1697 1699 1700
f 1697 1701 1349
f 1702 1350 1349
f 1700 1878 1703
f 1701 1704 1702
f 1705 1353 1702
f 1703 1889 1706
f 1704 1707 1705
f 1361 1357 1705
f 1706 1888 1708
f 1707 1709 1361
f 1709 1362 1361
f 1708 1887 1710
f 1710 1711 1366
f 1711 1367 1366
f 1711 1712 1713
f 1713 1714 1370
f 1714 1371 1370
f 1714 1716 1717
f 1717 1718 1715
f 1719 1374 1715
f 1718 1720 1721
f 1718 1722 1719
f 1723 1377 1719
f 1721 1730 1724
f 1722 1725 1723
f 1726 1380 1723
f 1724 1729 1727
f 1725 1728 1726
f 1424 1384 1726
f 1727 1431 1428
f 1728 1425 1424
f 1729 64 1431
f 1730 63 1729
f 1721 1720 1731
f 1730 1732 63
f 1720 1736 1733
f 1731 1734 1732
f 1733 1735 1438
f 1734 1436 1434
f 1434 61 1732
f 1735 1736 1737
f 1737 1738 1442
f 1735 1439 1438
f 1738 1739 1740
f 1738 1741 1742
f 1742 1443 1442
f 1742 1743 1744
f 1744 1444 1443
f 1744 1745 1746
f 1746 1446 1444
f 1743 1884 1747
f 1747 1748 1453
f 1453 1450 1746
f 1748 1749 1750
f 1750 1752 1751
f 1748 1454 1453
f 1752 1754 1753
f 1751 1455 1454
f 1754 1755 1756
f 1754 1757 1758
f 1758 1459 1753
f 1758 1759 1760
f 1760 1460 1459
f 1760 1761 1762
f 1762 1462 1460
f 1759 1893 1763
f 1761 1764 1468
f 1468 1466 1762
f 1763 1896 1765
f 1765 1766 1471
f 1764 1469 1468
f 1766 1767 1768
f 1768 1769 1475
f 1766 1472 1471
f 1769 1770 1771
f 1771 1773 1772
f 1769 1476 1475
f 1773 1774 1775
f 1773 173 1776
f 1776 1479 1772
f 1777 1779 1778
f 1778 172 1775
f 1771 1770 1777
f 1779 1781 1780
f 1780 35 172
f 1781 1783 1782
f 1780 36 35
f 1783 1904 1784
f 1782 1785 36
f 1784 1910 1786
f 1785 1787 1788
f 1788 34 36
f 1787 1791 1789
f 1788 1790 34
f 1791 1568 1566
f 1789 1564 1790
f 1791 1792 1793
f 1793 1794 1568
f 1794 1795 1796
f 1796 1797 1571
f 1794 1569 1568
f 1797 1798 1799
f 1799 1801 1800
f 1797 1572 1571
f 1801 1802 1803
f 1801 1804 1805
f 1805 1575 1800
f 1805 1806 1807
f 1807 1576 1575
f 1807 1808 1809
f 1809 1578 1576
f 1808 1811 1810
f 1809 1581 1578
f 1811 1813 1812
f 1810 1584 1581
f 1813 1816 1814
f 1812 1815 1584
f 1816 1940 1817
f 1814 1818 1815
f 1818 1819 1820
f 1820 1593 1821
f 1821 1585 1815
f 1817 1940 1822
f 1819 1823 1824
f 1824 1596 1820
f 1824 1825 1826
f 1826 1597 1596
f 1825 1828 1827
f 1826 1600 1597
f 1828 1830 1829
f 1827 1602 1600
f 1830 1832 1831
f 1829 1605 1602
f 1832 1835 1833
f 1831 1834 1605
f 1835 1957 1836
f 1833 1837 1834
f 1837 1838 1839
f 1839 1841 1840
f 1840 1606 1834
f 1841 1842 1843
f 1843 1845 1844
f 1844 1608 1840
f 1845 1846 1847
f 1847 1849 1848
f 1845 1611 1844
f 1848 56 1850
f 1850 1612 1611
f 1847 1853 1851
f 1849 1852 56
f 1853 1969 1854
f 1851 1855 1852
f 1854 1905 1856
f 1855 1857 1858
f 1858 57 1852
f 1857 1860 1859
f 1858 156 57
f 1860 1863 1861
f 1859 1862 156
f 1863 1897 1864
f 1861 1865 1862
f 1866 154 1862
f 1864 1894 1867
f 1865 1868 1866
f 1868 1870 1866
f 1867 1890 1871
f 1871 1872 1869
f 1872 1699 1869
f 1872 1874 1875
f 1875 1876 1873
f 1876 1878 1873
f 1876 1755 1879
f 1879 1880 1877
f 1881 1889 1877
f 1880 1750 1749
f 1880 1882 1881
f 1883 1888 1881
f 1749 1747 1884
f 1882 1885 1883
f 1886 1887 1883
f 1884 1743 1741
f 1885 1740 1886
f 1886 1710 1887
f 1740 1739 1712
f 1887 1708 1888
f 1888 1706 1889
f 1879 1752 1750
f 1889 1703 1878
f 1875 1756 1755
f 1874 1890 1891
f 1891 1757 1756
f 1891 1892 1893
f 1893 1759 1757
f 1890 1867 1894
f 1892 1895 1896
f 1896 1763 1893
f 1894 1864 1897
f 1895 1898 1767
f 1767 1765 1896
f 1897 1863 1899
f 1899 1777 1770
f 1770 1768 1767
f 1863 1860 1900
f 1899 1779 1777
f 1860 1857 1901
f 1900 1781 1779
f 1857 1856 1902
f 1901 1783 1781
f 1856 1905 1903
f 1902 1904 1783
f 1905 1972 1906
f 1903 1907 1904
f 1906 1975 1908
f 1907 1909 1910
f 1910 1784 1904
f 1908 1978 1911
f 1909 1912 1913
f 1913 1786 1910
f 1913 1914 1792
f 1792 1787 1786
f 1912 1983 1915
f 1915 1916 1795
f 1914 1793 1792
f 1916 1917 1918
f 1918 1919 1798
f 1916 1796 1795
f 1919 1920 1921
f 1921 1922 1802
f 1919 1799 1798
f 1922 1923 1924
f 1924 1926 1925
f 1922 1803 1802
f 1925 1927 1928
f 1928 1804 1803
f 1928 1929 1930
f 1930 1806 1804
f 1930 1931 1932
f 1932 1808 1806
f 1931 1934 1933
f 1932 1811 1808
f 1934 1936 1935
f 1933 1813 1811
f 1936 1938 1937
f 1935 1816 1813
f 1938 1941 1939
f 1937 1940 1816
f 1939 1942 1943
f 1943 1822 1940
f 1943 1944 1945
f 1945 1823 1822
f 1945 1946 1947
f 1947 1825 1823
f 1946 1949 1948
f 1947 1828 1825
f 1949 1951 1950
f 1948 1830 1828
f 1951 1953 1952
f 1950 1832 1830
f 1953 1955 1954
f 1952 1835 1832
f 1955 1958 1956
f 1954 1957 1835
f 1958 2028 1959
f 1956 1960 1957
f 1960 1961 1962
f 1962 1963 1838
f 1838 1836 1957
f 1962 2036 1964
f 1963 1965 1842
f 1963 1839 1838
f 1964 2039 1966
f 1965 1967 1846
f 1846 1843 1842
f 1966 1970 1968
f 1967 1969 1853
f 1853 1847 1846
f 1970 1973 1971
f 1968 1972 1969
f 1971 1974 1975
f 1975 1906 1972
f 1973 2040 1976
f 1974 1977 1978
f 1978 1908 1975
f 1976 2044 1979
f 1977 1980 1981
f 1981 1911 1978
f 1981 1982 1983
f 1983 1912 1911
f 1980 2051 1984
f 1982 1985 1917
f 1917 1915 1983
f 1984 2054 1986
f 1986 1987 1920
f 1985 1918 1917
f 1987 1988 1989
f 1989 1990 1923
f 1987 1921 1920
f 1990 1991 1992
f 1992 1994 1993
f 1990 1924 1923
f 1994 1996 1995
f 1993 1926 1924
f 1995 1997 1998
f 1998 1927 1926
f 1998 1999 2000
f 2000 1929 1927
f 1999 2002 2001
f 2000 1931 1929
f 2002 2004 2003
f 2001 1934 1931
f 2004 2006 2005
f 2003 1936 1934
f 2006 2008 2007
f 2005 1938 1936
f 2008 2010 2009
f 2007 1941 1938
f 2009 2011 2012
f 2012 1942 1941
f 2012 2013 2014
f 2014 1944 1942
f 2014 2015 2016
f 2016 1946 1944
f 2015 2018 2017
f 2016 1949 1946
f 2018 2020 2019
f 2017 1951 1949
f 2020 2022 2021
f 2019 1953 1951
f 2022 2024 2023
f 2021 1955 1953
f 2024 2026 2025
f 2023 1958 1955
f 2026 2029 2027
f 2025 2028 1958
f 2029 2099 2030
f 2027 2031 2028
f 2030 2105 2032
f 2031 2033 1961
f 2031 1959 2028
f 2032 2108 2034
f 2033 2035 2036
f 2036 1962 1961
f 2034 2042 2037
f 2035 2038 2039
f 2039 1964 2036
f 2037 2041 2040
f 2038 1973 1970
f 1970 1966 2039
f 2041 2042 2043
f 2043 2045 2044
f 2041 1976 2040
f 2045 2046 2047
f 2045 2048 2049
f 2049 1979 2044
f 2049 2050 2051
f 2051 1980 1979
f 2048 2115 2052
f 2050 2053 2054
f 2054 1984 2051
f 2052 2118 2055
f 2053 2056 1988
f 1988 1986 2054
f 2055 2121 2057
f 2056 2058 1991
f 2056 1989 1988
f 2057 2124 2059
f 2059 2061 2060
f 2058 1992 1991
f 2061 2063 2062
f 2060 1994 1992
f 2063 2065 2064
f 2062 1996 1994
f 2065 2067 2066
f 2064 1997 1996
f 2067 2069 2068
f 2066 1999 1997
f 2069 2071 2070
f 2068 2002 1999
f 2071 2073 2072
f 2070 2004 2002
f 2073 2075 2074
f 2072 2006 2004
f 2075 2077 2076
f 2074 2008 2006
f 2077 2079 2078
f 2076 2010 2008
f 2079 2081 2080
f 2078 2011 2010
f 2081 2083 2082
f 2082 2013 2011
f 2083 2085 2084
f 2082 2015 2013
f 2085 2087 2086
f 2084 2018 2015
f 2087 2089 2088
f 2086 2020 2018
f 2089 2091 2090
f 2088 2022 2020
f 2091 2093 2092
f 2090 2024 2022
f 2093 2095 2094
f 2092 2026 2024
f 2095 2097 2096
f 2094 2029 2026
f 2097 2100 2098
f 2096 2099 2029
f 2100 2171 2101
f 2098 2102 2099
f 2101 2177 2103
f 2102 2104 2105
f 2105 2030 2099
f 2103 2110 2106
f 2104 2107 2108
f 2108 2032 2105
f 2106 2109 2046
f 2107 2043 2042
f 2042 2034 2108
f 2109 2110 2111
f 2111 2113 2112
f 2109 2047 2046
f 2112 2114 2115
f 2115 2048 2047
f 2113 2180 2116
f 2114 2117 2118
f 2118 2052 2115
f 2116 2184 2119
f 2117 2120 2121
f 2121 2055 2118
f 2119 2187 2122
f 2120 2123 2124
f 2124 2057 2121
f 2122 132 131
f 2123 2125 2126
f 2126 2059 2124
f 2126 2127 2128
f 2128 2061 2059
f 2128 2129 2130
f 2130 2063 2061
f 2130 2131 2132
f 2130 2065 2063
f 2132 2133 2134
f 2132 2067 2065
f 2133 2136 2135
f 2134 2069 2067
f 2136 2138 2137
f 2135 2071 2069
f 2138 2140 2139
f 2137 2073 2071
f 2140 200 2141
f 2139 2075 2073
f 2140 2142 2143
f 2143 201 200
f 2143 2144 2145
f 2145 2146 201
f 2146 2147 2148
f 2148 2150 2149
f 2146 203 201
f 2150 2153 2151
f 2149 2152 203
f 2153 2083 2081
f 2151 2079 2152
f 2153 2154 2155
f 2155 2085 2083
f 2154 2157 2156
f 2155 2087 2085
f 2157 2159 2158
f 2156 2089 2087
f 2159 2161 2160
f 2158 2091 2089
f 2161 2163 2162
f 2160 2093 2091
f 2163 2165 2164
f 2162 2095 2093
f 2165 2167 2166
f 2164 2097 2095
f 2167 2169 2168
f 2166 2100 2097
f 2169 2172 2170
f 2168 2171 2100
f 2172 225 2173
f 2170 2174 2171
f 2173 227 2175
f 2174 2176 2177
f 2177 2101 2171
f 2175 2179 2178
f 2176 2111 2110
f 2110 2103 2177
f 2179 2181 2180
f 2178 2113 2111
f 2179 229 2182
f 2181 2183 2184
f 2184 2116 2180
f 2182 2223 2185
f 2183 2186 2187
f 2187 2119 2184
f 2185 2189 2188
f 2186 133 132
f 132 2122 2187
f 2189 2191 2190
f 2190 134 133
f 2190 2192 2193
f 2193 2194 134
f 2194 2195 2196
f 2196 2198 2197
f 2194 135 134
f 2198 2129 2127
f 2197 2125 135
f 2198 2199 2200
f 2200 2131 2129
f 2200 2201 2202
f 2202 2133 2131
f 2202 2203 2204
f 2202 2136 2133
f 2203 2144 2142
f 2204 2138 2136
f 2201 2210 2205
f 2203 2206 2144
f 2205 2207 145
f 2206 144 2147
f 2206 2145 2144
f 2208 2211 2209
f 2207 146 145
f 2207 2210 2208
f 2209 2212 2213
f 2213 147 146
f 2213 2163 2161
f 2161 2159 147
f 2211 2215 2214
f 2212 2165 2163
f 2215 2217 2216
f 2214 2167 2165
f 2217 2219 2218
f 2216 2169 2167
f 2219 2221 2220
f 2218 2172 2169
f 2220 225 2172
f 2221 2222 226
f 2222 228 226
f 2222 2191 2189
f 2189 2185 2223
f 2221 2192 2191
f 2219 2224 2192
f 2217 2215 2225
f 2225 2226 2195
f 2224 2193 2192
f 2226 2208 2210
f 2210 2201 2199
f 2226 2196 2195
f 2225 2211 2208
f 2223 229 228
f 2179 227 229
f 2159 142 147
f 2154 143 142
f 2150 2148 143
f 2148 144 143
f 2079 202 2152
f 2077 2141 202
f 1905 1854 1969
f 1873 1700 1699
f 1870 1696 2227
f 2227 154 1866
f 1869 1699 1698
f 1739 1713 1712
f 1737 1736 1716
f 1736 1717 1716
f 1696 155 2227
f 1694 2228 155
f 1692 2229 2228
f 1690 1689 2230
f 2229 2231 2232
f 2232 55 2228
f 2231 2234 2233
f 2232 59 55
f 2234 2237 2235
f 2233 2236 59
f 2237 1620 1618
f 2235 1616 2236
f 2237 2238 2239
f 2239 2240 1620
f 2240 2241 2242
f 2242 2243 1623
f 2240 1621 1620
f 2243 2244 2245
f 2245 2247 2246
f 2243 1624 1623
f 2247 2248 2249
f 2247 2250 2251
f 2251 1627 2246
f 2251 2252 2253
f 2253 1628 1627
f 2253 2254 2255
f 2255 1630 1628
f 2255 2256 2257
f 2257 1632 1630
f 2256 2258 1638
f 2257 1636 1632
f 2258 2259 2260
f 2260 2261 1641
f 2258 1639 1638
f 2261 2262 2263
f 2263 2264 1645
f 2261 1642 1641
f 2264 2265 2266
f 2266 2268 2267
f 2264 1646 1645
f 2268 2269 2270
f 2270 2272 2271
f 2268 1649 2267
f 2272 2273 2274
f 2274 2276 2275
f 2272 1652 2271
f 2276 2278 2277
f 2275 1653 1652
f 2278 2280 2279
f 2277 1656 1653
f 2280 2282 2281
f 2279 1658 1656
f 2282 2284 2283
f 2281 1660 1658
f 2284 2286 2285
f 2283 1662 1660
f 2286 2288 2287
f 2285 1664 1662
f 2288 2290 2289
f 2287 1667 1664
f 2289 2291 2292
f 2292 1668 1667
f 2292 2293 2294
f 2294 2295 1668
f 2294 2375 2296
f 2296 2297 1671
f 2295 1669 1668
f 2296 2378 2298
f 2297 2299 1674
f 2297 1672 1671
f 2298 2381 2300
f 2299 2301 2302
f 2302 1675 1674
f 2300 2384 2303
f 2301 2304 2305
f 2305 1677 2302
f 2304 2306 2307
f 2307 2309 2308
f 2308 1679 2305
f 2309 2310 2311
f 2311 2312 1685
f 2309 1682 2308
f 2312 2313 2314
f 2314 2230 1689
f 2312 1686 1685
f 2314 2315 2316
f 2316 2231 2230
f 2315 2317 2238
f 2316 2234 2231
f 2315 2392 2318
f 2318 2319 2241
f 2317 2239 2238
f 2319 2320 2321
f 2321 2322 2244
f 2319 2242 2241
f 2322 2323 2324
f 2324 2325 2248
f 2322 2245 2244
f 2325 2326 2327
f 2327 2329 2328
f 2325 2249 2248
f 2328 2330 2331
f 2331 2250 2249
f 2331 2332 2333
f 2333 2252 2250
f 2333 2334 2335
f 2335 2254 2252
f 2335 2336 2259
f 2259 2256 2254
f 2334 2411 2337
f 2337 2338 2262
f 2336 2260 2259
f 2338 2339 2340
f 2340 2341 2265
f 2338 2263 2262
f 2341 2342 2343
f 2343 2344 2269
f 2341 2266 2265
f 2344 2345 2346
f 2346 2347 2273
f 2344 2270 2269
f 2347 2348 2349
f 2349 2351 2350
f 2347 2274 2273
f 2351 2353 2352
f 2350 2276 2274
f 2353 2355 2354
f 2352 2278 2276
f 2355 2357 2356
f 2354 2280 2278
f 2357 2359 2358
f 2356 2282 2280
f 2359 2361 2360
f 2358 2284 2282
f 2361 120 2362
f 2360 2286 2284
f 120 122 2363
f 2362 2288 2286
f 2363 2364 2365
f 2363 2290 2288
f 2365 2366 2367
f 2367 2291 2290
f 2367 2368 2369
f 2369 2293 2291
f 2369 2370 2371
f 2369 2372 2293
f 2371 2451 2373
f 2372 2374 2375
f 2375 2294 2293
f 2373 2454 2376
f 2374 2377 2378
f 2378 2296 2375
f 2376 2457 2379
f 2377 2380 2381
f 2381 2298 2378
f 2379 2459 2382
f 2380 2383 2384
f 2384 2300 2381
f 2383 2385 2386
f 2386 2387 2306
f 2306 2303 2384
f 2387 2388 2389
f 2389 2390 2310
f 2387 2307 2306
f 2390 2391 2392
f 2392 2315 2313
f 2390 2311 2310
f 2389 2388 2393
f 2391 2394 2320
f 2320 2318 2392
f 2393 2465 2395
f 2395 2396 2323
f 2394 2321 2320
f 2396 2397 2398
f 2398 2399 2326
f 2396 2324 2323
f 2399 2400 2401
f 2401 2403 2402
f 2399 2327 2326
f 2403 2405 2404
f 2402 2329 2327
f 2404 2406 2407
f 2407 2330 2329
f 2407 2408 2409
f 2409 2332 2330
f 2409 2410 2411
f 2411 2334 2332
f 2408 2482 2412
f 2410 2413 2339
f 2339 2337 2411
f 2412 2485 2414
f 2414 2415 2342
f 2413 2340 2339
f 2415 2416 2417
f 2417 2418 2345
f 2415 2343 2342
f 2418 2419 2420
f 2420 206 2348
f 2418 2346 2345
f 2420 2421 2422
f 2422 207 206
f 2422 2423 2424
f 2424 208 207
f 2424 2425 2426
f 2426 2427 208
f 2427 209 208
f 2426 2497 2429
f 2427 2430 2428
f 2431 2545 2428
f 2429 2436 2432
f 2430 2433 2431
f 2432 2435 2434
f 2433 2359 2357
f 2357 2355 2431
f 2435 119 118
f 2434 2361 2359
f 2435 2436 2437
f 2437 2438 119
f 2438 2439 2440
f 2440 2442 2441
f 2438 121 119
f 2442 2366 2364
f 2441 122 121
f 2442 2443 2444
f 2444 2368 2366
f 2444 2445 2446
f 2446 2370 2368
f 2445 2504 2447
f 2446 2448 2370
f 2447 2508 2449
f 2448 2450 2451
f 2451 2371 2370
f 2449 2544 2452
f 2450 2453 2454
f 2454 2373 2451
f 2452 2527 2455
f 2453 2456 2457
f 2457 2376 2454
f 2455 2526 2458
f 2458 2460 2459
f 2459 2379 2457
f 2460 2461 2462
f 2462 2463 2385
f 2460 2382 2459
f 2463 2464 2465
f 2465 2393 2388
f 2463 2386 2385
f 2462 2461 2466
f 2466 2467 2397
f 2464 2395 2465
f 2467 2468 2469
f 2469 2470 2400
f 2467 2398 2397
f 2470 2471 2472
f 2472 2474 2473
f 2470 2401 2400
f 2474 2476 2475
f 2473 2403 2401
f 2476 2478 2477
f 2475 2405 2403
f 2477 2479 2480
f 2480 2406 2405
f 2480 2481 2482
f 2482 2408 2406
f 2479 2541 2483
f 2481 2484 2485
f 2485 2412 2482
f 2483 2540 2486
f 2484 2487 2416
f 2416 2414 2485
f 2486 2489 2488
f 2487 2421 2419
f 2419 2417 2416
f 2489 2491 2490
f 2490 2423 2421
f 2491 2493 2492
f 2492 2425 2423
f 2492 2494 2495
f 2495 2496 2425
f 2496 2426 2425
f 2496 2498 2499
f 2496 2500 2497
f 2436 2429 2497
f 2499 2501 2439
f 2500 2437 2436
f 2499 2498 2502
f 2502 2445 2443
f 2501 2440 2439
f 2498 2505 2503
f 2502 2504 2445
f 2505 2509 2506
f 2503 2507 2504
f 2506 196 195
f 2507 194 2508
f 2508 2447 2504
f 2509 2510 196
f 2510 197 196
f 2510 2512 2513
f 2510 2514 2511
f 2513 2534 2515
f 2514 2516 2517
f 2517 2518 2511
f 2518 197 2511
f 2518 2519 2520
f 2520 2521 198
f 2521 193 198
f 2521 2523 2524
f 2524 2527 2522
f 2524 2525 2526
f 2526 2455 2527
f 2523 2528 2468
f 2468 2466 2461
f 2525 2458 2526
f 2528 2520 2519
f 2519 2529 2471
f 2528 2469 2468
f 2529 2517 2516
f 2516 2531 2530
f 2529 2472 2471
f 2531 78 2532
f 2530 2474 2472
f 2531 2515 2533
f 2533 79 78
f 2533 2534 2535
f 2535 2536 79
f 2536 2537 2538
f 2538 2540 2539
f 2536 80 79
f 2540 2483 2541
f 2539 2542 80
f 2538 2491 2489
f 2489 2486 2540
f 2535 2534 2543
f 2537 2493 2491
f 2534 2513 2512
f 2512 2494 2493
f 2522 194 193
f 2527 2452 2544
f 2509 2505 2494
f 2505 2495 2494
f 2541 2478 2542
f 2476 77 2542
f 2476 2532 77
f 2544 2508 194
f 2545 209 2428
f 2545 2355 2353
f 2353 2351 210
f 2351 205 210
f 2349 206 205
f 1614 58 2236
f 1612 1850 58
f 1562 32 1790
f 1562 2546 32
f 1561 2547 2546
f 1559 1558 2548
f 2547 2549 2550
f 2550 33 2546
f 2550 2551 2552
f 2552 37 33
f 2551 2555 2553
f 2552 2554 37
f 2553 1494 1491
f 2554 1489 174
f 174 171 37
f 2555 2558 1494
f 2555 2556 2557
f 2557 2559 2558
f 2559 2560 2561
f 2559 2562 2563
f 2563 1495 2558
f 2562 2564 2565
f 2562 2566 2567
f 2567 1497 2563
f 2565 2643 2568
f 2566 2569 2570
f 2570 1500 2567
f 2568 2648 2571
f 2569 2572 2573
f 2573 1503 2570
f 2571 2651 2574
f 2572 2575 1507
f 1507 1505 2573
f 2574 2654 2576
f 2576 2577 1510
f 2575 1508 1507
f 2577 2578 2579
f 2579 2580 1513
f 2577 1511 1510
f 2580 2581 2582
f 2582 2584 2583
f 2580 1514 1513
f 2584 2586 2585
f 2583 1516 1514
f 2586 2588 2587
f 2585 1518 1516
f 2587 2589 2590
f 2590 1519 1518
f 2590 2591 2592
f 2592 1521 1519
f 2592 2593 2594
f 2594 1523 1521
f 2594 2595 2596
f 2594 1526 1523
f 2596 2597 2598
f 2596 1528 1526
f 2598 2599 2600
f 2600 1529 1528
f 2600 2601 2602
f 2602 1531 1529
f 2602 2603 2604
f 2604 2605 1531
f 2605 2606 2607
f 2607 2608 1534
f 2605 1532 1531
f 2608 2609 2610
f 2610 2611 1537
f 2608 1535 1534
f 2611 2612 2613
f 2613 2614 1540
f 2611 1538 1537
f 2613 2805 2615
f 2614 2616 1543
f 2614 1541 1540
f 2615 2618 2617
f 2616 1549 1547
f 1547 1544 1543
f 2618 2620 2619
f 2617 1552 1549
f 2620 2623 2621
f 2619 2622 1552
f 2623 2734 2624
f 2621 2625 2622
f 2625 2626 2627
f 2627 2629 2628
f 2628 1553 2622
f 2629 2630 2631
f 2631 2548 1558
f 2629 1555 2628
f 2631 2632 2633
f 2633 2549 2548
f 2632 2634 2556
f 2633 2551 2549
f 2634 2635 2636
f 2636 2637 2560
f 2634 2557 2556
f 2637 2638 2639
f 2639 2640 2564
f 2637 2561 2560
f 2640 2641 2642
f 2642 2644 2643
f 2640 2565 2564
f 2644 2645 2646
f 2644 2647 2648
f 2648 2568 2643
f 2646 2742 2649
f 2647 2650 2651
f 2651 2571 2648
f 2649 2746 2652
f 2650 2653 2654
f 2654 2574 2651
f 2652 2749 2655
f 2655 2656 2578
f 2578 2576 2654
f 2656 2657 2658
f 2658 2659 2581
f 2656 2579 2578
f 2659 2660 2661
f 2661 2663 2662
f 2659 2582 2581
f 2663 149 2664
f 2662 2584 2582
f 149 152 2665
f 2664 2586 2584
f 152 2667 2666
f 2665 2588 2586
f 2666 2668 2669
f 2669 2589 2588
f 2669 2670 2671
f 2671 2591 2589
f 2671 2672 2673
f 2673 2593 2591
f 2673 2674 2675
f 2675 2595 2593
f 2675 2676 2677
f 2677 2597 2595
f 2677 2678 2679
f 2679 2599 2597
f 2680 2601 2599
f 2679 2681 2680
f 2682 2838 2680
f 2678 2793 2683
f 2683 2684 2682
f 2684 2686 2682
f 2684 2687 2688
f 2688 2689 2685
f 2689 2691 2685
f 2689 2692 2693
f 2693 2694 2690
f 2694 2696 2690
f 2694 2697 2698
f 2698 2699 2695
f 2699 2701 2695
f 2699 2702 2703
f 2703 2704 2700
f 2704 2706 2700
f 2704 2707 2708
f 2708 2709 2705
f 2709 2711 2705
f 2709 212 215
f 2709 2712 2710
f 2712 2714 2710
f 215 214 2715
f 2715 2716 2713
f 2715 2784 2717
f 2716 2718 2719
f 2719 2720 2713
f 2721 2714 2713
f 2720 2722 2723
f 2723 2724 2721
f 2725 2824 2721
f 2724 2726 2727
f 2724 2728 2725
f 2729 2797 2725
f 2727 2738 2730
f 2728 2731 2729
f 2732 2794 2729
f 2730 2735 2733
f 2731 2734 2732
f 2735 2736 2626
f 2733 2624 2734
f 2736 2737 2635
f 2635 2632 2630
f 2736 2627 2626
f 2735 2730 2738
f 2738 2739 2638
f 2737 2636 2635
f 2739 2727 2726
f 2726 2740 2641
f 2739 2639 2638
f 2740 2723 2722
f 2722 2741 2645
f 2740 2642 2641
f 2741 2719 2718
f 2718 2743 2742
f 2741 2646 2645
f 2743 2717 2744
f 2743 2745 2746
f 2746 2649 2742
f 2744 2783 2747
f 2745 2748 2749
f 2749 2652 2746
f 2747 2781 2750
f 2750 2751 2657
f 2657 2655 2749
f 2751 2752 2753
f 2753 2754 2660
f 2751 2658 2657
f 2754 2755 2756
f 2756 2758 2757
f 2754 2661 2660
f 2758 153 150
f 2757 2663 2661
f 2758 2759 2760
f 2760 2761 153
f 2761 2762 2763
f 2763 2765 2764
f 2761 151 153
f 2765 2668 2667
f 2764 152 151
f 2765 2766 2767
f 2767 2670 2668
f 2767 101 105
f 105 2672 2670
f 2766 2769 101
f 2763 2762 2768
f 2768 2771 2769
f 2762 2772 2770
f 2772 2774 2770
f 2772 2760 2759
f 2759 2775 2773
f 2776 2790 2773
f 2775 2756 2755
f 2775 2777 2776
f 2778 2787 2776
f 2777 2753 2752
f 2777 2779 2778
f 2780 2785 2778
f 2752 2750 2781
f 2779 2782 2780
f 217 216 2780
f 2781 2747 2783
f 2782 2784 217
f 213 2707 2786
f 2785 2787 2778
f 2785 216 213
f 2786 2703 2702
f 2786 2788 2787
f 2788 2698 2697
f 2788 2789 2790
f 2790 2776 2787
f 2789 2693 2692
f 2789 2791 2774
f 2774 2773 2790
f 2791 2688 2687
f 2791 2792 2771
f 2771 2770 2774
f 2687 2683 2793
f 2792 103 102
f 102 2769 2771
f 2744 2717 2784
f 2795 2817 2796
f 2794 2797 2729
f 2794 2798 2795
f 2798 2800 2795
f 2798 2734 2623
f 2623 2620 2799
f 2800 2802 2803
f 2803 2817 2795
f 2799 2804 2801
f 2804 2806 2801
f 2804 2620 2618
f 2618 2615 2805
f 2806 2807 2808
f 2808 2802 2801
f 2805 2613 2612
f 2808 2809 2810
f 2810 2811 2802
f 2811 2812 2813
f 2813 2815 2814
f 2811 2803 2802
f 2815 2818 2816
f 2814 2817 2803
f 2816 2819 2820
f 2820 2796 2817
f 2820 2821 2822
f 2822 2797 2796
f 2822 2823 2824
f 2824 2725 2797
f 2821 2825 2711
f 2823 2710 2714
f 2714 2721 2824
f 2826 2827 2706
f 2825 2705 2711
f 2825 2819 2826
f 2827 2828 2829
f 2829 2830 2701
f 2827 2700 2706
f 2830 124 127
f 127 2831 2696
f 2830 2695 2701
f 2831 126 2832
f 2832 2833 2691
f 2831 2690 2696
f 2833 2834 2835
f 2835 2836 2686
f 2833 2685 2691
f 2835 2839 2837
f 2836 2603 2838
f 2836 2682 2686
f 2839 2840 2606
f 2837 2604 2603
f 2839 2841 2809
f 2809 2807 2609
f 2840 2607 2606
f 2841 2835 2834
f 2834 129 2812
f 2841 2810 2809
f 2832 126 129
f 2829 125 124
f 2828 2815 125
f 2826 2819 2818
f 2815 128 125
f 2813 129 128
f 2807 2610 2609
f 2715 214 217
f 2707 213 212
f 2793 2676 103
f 2838 2601 2680
f 2674 104 103
f 2672 105 104
f 1489 2842 174
f 1776 173 2842
f 2843 176 1352
f 1295 1291 1635
f 1248 780 2844
f 1249 2845 1219
f 2844 779 91
f 2845 89 1216
f 1054 113 1399
f 1042 115 116
f 1118 159 1002
f 994 177 2843
f 2846 2848 2849
f 2846 2850 993
f 996 161 2847
f 2849 2851 2852
f 2849 2853 2850
f 2852 2940 2854
f 2853 2855 2856
f 2856 990 2850
f 2854 2939 2857
f 2855 2858 2859
f 2859 988 2856
f 2857 2938 2860
f 2858 2861 985
f 985 984 2859
f 2860 2936 2862
f 2862 2863 982
f 2861 981 985
f 2863 2864 2865
f 2865 2866 979
f 2863 978 982
f 2866 2867 2868
f 2868 2869 975
f 2866 974 979
f 2869 2870 2871
f 2871 2872 971
f 2869 970 975
f 2872 2873 2874
f 2874 2876 2875
f 2872 972 971
f 2876 2878 2877
f 2877 966 972
f 2878 2879 963
f 2877 962 966
f 2879 2880 2881
f 2881 2882 960
f 2879 959 963
f 2882 2883 2884
f 2884 2885 956
f 2882 955 960
f 2885 2886 189
f 189 191 952
f 2885 951 956
f 2884 2887 2886
f 2887 2889 2890
f 2890 187 2886
f 2883 2891 2888
f 2891 2893 2888
f 2891 2881 2880
f 2880 2894 2892
f 2894 2896 2892
f 2894 2878 2876
f 2876 2874 2895
f 2896 702 2897
f 2897 2893 2892
f 2895 706 703
f 2897 700 2898
f 2898 2899 2893
f 2899 2900 2901
f 2901 2902 2889
f 2899 2888 2893
f 2902 2903 2904
f 2904 2906 2905
f 2902 2890 2889
f 2906 2907 188
f 2905 187 2890
f 2907 2908 2909
f 2909 2911 2910
f 2907 190 188
f 2911 945 2912
f 2910 191 190
f 2909 2913 2914
f 2914 942 2911
f 2915 2922 2916
f 2916 943 2914
f 2908 2917 2915
f 2917 2919 2915
f 2917 2906 2904
f 2904 2903 2918
f 2920 2926 2921
f 2919 2922 2915
f 2919 2923 2920
f 2924 235 2920
f 2923 2903 2925
f 2923 697 2924
f 2925 2901 2900
f 2900 698 697
f 2926 2932 2927
f 2921 2928 2922
f 99 2916 2922
f 2927 2930 2929
f 2928 95 99
f 2930 685 2931
f 2929 938 95
f 2932 688 2930
f 2926 235 232
f 232 691 2932
f 99 98 943
f 2898 700 698
f 2874 2873 706
f 2873 707 706
f 2871 2870 710
f 2870 711 710
f 2868 2867 2933
f 2934 714 2933
f 2865 2864 2934
f 2935 717 2934
f 2864 2936 2935
f 2937 719 2935
f 2936 2938 2937
f 723 721 2937
f 2938 2939 723
f 2939 724 723
f 2939 2940 727
f 2940 728 727
f 2852 2851 731
f 2851 732 731
f 2848 28 2941
f 2847 24 28
f 986 897 18
f 191 2912 948
f 860 82 1294
f 853 2960 83
f 1245 809 1246
f 807 800 1244
f 779 93 91
f 776 1175 93
f 2941 28 27
f 695 233 2924
f 2931 939 938
f 367 365 814
f 564 2942 565
f 2942 2943 2944
f 2944 379 565
f 2943 2945 2946
f 2946 381 2944
f 2945 2947 2948
f 2948 384 2946
f 2947 2949 2950
f 2950 387 2948
f 2949 2951 2952
f 2952 390 2950
f 2951 2953 2954
f 2954 393 2952
f 2953 2955 2956
f 2956 396 2954
f 2955 2957 2958
f 2958 399 2956
f 497 494 2959
f 2957 408 406
f 406 402 2958
f 2959 411 408
f 493 12 11
f 361 219 223
f 359 806 219
f 358 805 806
f 405 163 324
f 449 237 253

