{
  "name": "BTG_8",
  "source_file": "BTG_8.stl",
  "canonical_scale_factor": 154.36481821248015,
  "source_unit_scale": 0.001,
  "centroid_offset": [
    144.50643832942606,
    140.63825597096846,
    129.4315958792094
  ],
  "original_bbox": [
    282.2963562011719,
    282.61737060546875,
    255.20260620117188
  ],
  "normalised_bbox": [
    1.8287609798017348,
    1.830840562494308,
    1.6532433306784353
  ],
  "export_bbox": [
    0.1358332127162028,
    0.13598767598470052,
    0.12279644824444681
  ],
  "export_bbox_scale_factor": 0.07427608868324016,
  "export_bbox_target_size": 0.13598767598470052,
  "export_bbox_target_axis": "max",
  "volume_m3": 2202562.8867913685,
  "surface_area_m2": 139657.18664384529,
  "export_volume_m3": 0.00024537505949375756,
  "export_surface_area_m2": 0.03233439129257143,
  "n_faces": 23040,
  "n_vertices": 11522,
  "is_watertight": true,
  "mass_kg": 0.05,
  "inertia": {
    "ixx": 5.416612688966418e-05,
    "iyy": 4.662404124702993e-05,
    "izz": 6.122717858624655e-05,
    "ixy": -6.281172990172628e-08,
    "ixz": -9.66852557440106e-06,
    "iyz": -1.0617458845271375e-06
  },
  "point_cloud_counts": [
    100,
    1024
  ],
  "point_cloud_space": "unit_sphere",
  "urdf_file": "BTG_8.urdf"
}