# https://github.com/mikedh/trimesh

o Stage1_2Dcross_NEW_Rescaled_6.stl
v -0.02954146 -0.01339344 -0.01223438
v -0.03178401 -0.00395350 -0.00580115
v -0.03182857 -0.00296888 -0.00908005
v -0.02939619 -0.01245008 -0.01544073
v -0.02576534 -0.02013856 -0.01888974
v -0.02928456 -0.01848328 -0.01275051
v -0.03134309 -0.01579115 -0.00623323
v 0.02873894 0.01405529 0.01400973
v 0.03113725 0.00741271 0.01268966
v 0.03095134 0.01349425 0.00812888
v 0.02968889 0.01176134 0.01818270
v 0.02923393 0.01893688 0.01277819
v 0.02637236 0.01857287 0.01806251
v 0.02725005 0.01664660 0.02038818
v 0.03038652 0.01030627 -0.01228393
v 0.03160820 0.00472839 -0.01103579
v 0.03140654 0.00574279 -0.01688397
v 0.02723149 0.01670470 -0.01900989
v 0.03013139 0.01386266 -0.01060583
v 0.03163042 0.01075548 -0.00466252
v 0.03167937 0.00719616 -0.00506148
v -0.03193819 0.02293005 -0.00004722
v -0.03122285 0.02513415 0.00669220
v -0.03194893 0.02823058 0.00009337
v -0.03173232 0.01912438 0.00346622
v -0.03147462 0.02864831 -0.00545848
v -0.03171327 0.01791125 -0.00377152
v -0.03194325 0.01587487 -0.00032875
v -0.03124879 0.02411779 -0.00661173
v -0.01263484 -0.00447840 0.04800653
v -0.01243306 -0.00197889 0.04800653
v -0.01723860 -0.00386268 0.04800653
v -0.01595857 -0.00687806 0.04800653
v -0.01394221 -0.00960560 0.04800653
v -0.01072310 -0.00545887 0.04800653
v 0.03182549 -0.00235999 0.02494364
v 0.03108525 0.00720861 0.02555738
v 0.03132744 0.00616540 0.02911341
v 0.03183415 0.00211022 0.02101186
v 0.03189177 -0.00165101 0.02901187
v 0.03077397 -0.00852869 0.02965142
v 0.03026933 -0.01018202 0.02664617
v 0.03095927 -0.00787367 0.02127142
v 0.03170341 -0.00374769 0.01865306
v 0.02135222 -0.04800379 -0.00847357
v 0.02345219 -0.04800379 -0.00926362
v 0.02426201 -0.04800379 -0.00575002
v 0.02105022 -0.04800379 -0.00599224
v 0.01811015 -0.04800379 -0.00714518
v 0.01952043 -0.04800379 -0.01008003
v 0.02162645 -0.04800379 -0.01243220
v -0.01918184 0.01545397 0.04800653
v -0.01679292 0.01666003 0.04800653
v -0.01910768 0.02001794 0.04800652
v -0.01996797 0.01269982 0.04800653
v -0.01650179 0.01304406 0.04800653
v -0.02172743 0.01728503 0.04800653
v -0.03192043 -0.00133460 -0.01249439
v -0.03157857 0.00490026 -0.01345691
v -0.03188277 0.00193346 -0.01766709
v -0.02979298 -0.01144837 -0.01784504
v -0.03165529 0.00561974 -0.00676525
v -0.02174068 0.04799621 -0.00191509
v -0.02090254 0.04799621 0.00027114
v -0.01849239 0.04799621 -0.00180455
v -0.02439192 0.04799621 -0.00237299
v -0.02439705 0.04799621 0.00112599
v -0.02041524 0.04799621 -0.00407733
v 0.01506792 0.04799621 -0.02037115
v 0.01243352 0.04799621 -0.02106565
v 0.01302220 0.04799621 -0.01784535
v 0.01673283 0.04799621 -0.02257547
v 0.01640105 0.04799621 -0.01816164
v -0.00687624 -0.04800379 -0.00179889
v -0.00498628 -0.04800379 -0.00169533
v -0.00576942 -0.04800379 0.00130766
v -0.00758931 -0.04800379 -0.00391292
v -0.00795717 -0.04800379 0.00015973
v -0.00973677 -0.04800379 -0.00196634
v -0.00334956 -0.00139027 -0.04799347
v -0.00483913 -0.00017127 -0.04799347
v -0.00343831 0.00146911 -0.04799347
v -0.00187032 -0.00073109 -0.04799347
v -0.00351784 -0.00411805 -0.04799347
v -0.00588277 -0.00313709 -0.04799347
v 0.00058842 0.01582677 -0.04799347
v 0.00069170 0.01800500 -0.04799347
v 0.00372289 0.01706359 -0.04799347
v 0.00249974 0.01442638 -0.04799347
v -0.00093721 0.01487609 -0.04799347
v -0.00183052 0.01773009 -0.04799347
v -0.01956380 -0.00357557 -0.04799347
v -0.02317287 -0.00409388 -0.04799347
v -0.01916737 -0.00121522 -0.04799347
v -0.01806203 -0.00549525 -0.04799347
v -0.02212868 -0.00762391 -0.04799347
v -0.01637910 -0.00283314 -0.04799347
v 0.02557793 0.00438830 -0.04799347
v 0.02424614 0.00658849 -0.04799347
v 0.02739409 0.00775841 -0.04799347
v 0.02490349 0.00175475 -0.04799347
v 0.02228215 0.00400402 -0.04799347
v 0.02819633 0.00438830 -0.04799347
v 0.01138127 -0.00498866 0.04800653
v 0.01220683 -0.00277503 0.04800653
v 0.00936919 -0.00503968 0.04800653
v 0.01272466 -0.00757484 0.04800653
v 0.01488432 -0.00527723 0.04800653
v -0.02476900 -0.04800379 -0.00303530
v -0.02768520 -0.04800379 -0.00318940
v -0.02703987 -0.04800379 -0.00679072
v -0.02401106 -0.04800379 -0.00055195
v -0.02356294 -0.04800379 -0.00517756
v -0.02156349 -0.04800379 -0.00256956
v -0.03191011 -0.00130116 0.01759079
v -0.03157368 0.00477965 0.01890025
v -0.03182167 0.00283044 0.01308001
v -0.03193221 -0.00042811 0.01038594
v -0.03183113 -0.00215687 0.02303384
v -0.03178481 0.00322497 0.02303674
v -0.03062636 -0.00905335 0.02079861
v 0.03185796 -0.01716737 -0.00218427
v 0.03165349 -0.01776209 0.00413835
v 0.03181023 -0.02158460 0.00262404
v 0.03187175 -0.01224159 0.00216454
v 0.03126677 -0.01408582 -0.00667347
v 0.03187920 -0.01020789 -0.00176358
v 0.02294121 0.00384923 0.04800653
v 0.02513530 0.00419396 0.04800653
v 0.02142979 0.00589538 0.04800653
v 0.01942143 0.00331847 0.04800653
v 0.02216447 0.00137463 0.04800653
v -0.00055208 0.04799621 0.00325411
v -0.00186751 0.04799621 0.00480543
v 0.00037981 0.04799621 0.00583334
v -0.00125887 0.04799621 0.00161000
v -0.00353108 0.04799621 0.00318187
v 0.00140636 0.04799621 0.00341693
v 0.00137694 0.04799621 0.00107609
v 0.01177507 -0.04800379 0.00961532
v 0.01411247 -0.04800379 0.01234074
v 0.01133104 -0.04800379 0.01439609
v 0.00953728 -0.04800379 0.01001155
v 0.00960442 -0.04800379 0.00671371
v 0.01247990 -0.04800379 0.00739754
v 0.01641093 -0.04800379 0.00981538
v 0.00889311 0.04799621 0.01934703
v 0.01038579 0.04799621 0.01760081
v 0.00754155 0.04799621 0.01653042
v 0.00652562 0.04799621 0.01925286
v 0.00671611 0.04799621 0.02297392
v 0.01015068 0.04799621 0.02185437
v 0.01325456 0.04799621 0.02006472
v 0.01601054 0.04799621 0.01755773
v 0.01257988 0.04799621 0.01540838
v 0.01185100 0.04799621 0.02522322
v 0.01578484 0.04799621 0.02295346
v 0.01922905 0.04799621 0.02000886
v 0.02211864 0.04799621 0.01653036
v 0.01840178 0.04799621 0.01453015
v 0.01843205 0.04799621 0.02612641
v 0.02251500 0.04799621 0.02273313
v 0.02586809 0.04799621 0.01877717
v 0.02853105 0.04799621 0.01443016
v 0.02439629 0.04799621 0.01266635
v 0.02272911 0.04406066 0.02245265
v 0.02605241 0.04385705 0.01845504
v 0.02864702 0.04367126 0.01409631
v 0.03045341 0.04355089 0.00959744
v 0.03045134 0.04799621 0.00976458
v 0.02610246 0.03995397 0.01839527
v 0.02865569 0.03948913 0.01402055
v 0.03039507 0.03912316 0.00958785
v 0.03149065 0.03891711 0.00522153
v 0.03152348 0.04345910 0.00508968
v 0.02857011 0.03554259 0.01422111
v 0.03034074 0.03489367 0.00984801
v 0.03145329 0.03447155 0.00552587
v 0.03189055 0.03427892 0.00112392
v 0.03019072 0.03079333 0.01028749
v 0.03138615 0.03011755 0.00595828
v 0.03190886 0.02981896 0.00148030
v 0.03177348 0.03016271 -0.00314333
v 0.03186992 0.02550231 0.00176132
v 0.03178459 0.02591711 -0.00307315
v 0.03085222 0.02723595 -0.00823119
v 0.03177495 0.02189001 -0.00321450
v 0.03076299 0.02366637 -0.00852101
v 0.02865166 0.02616076 -0.01404630
v 0.03061418 0.02013830 -0.00903563
v 0.02826945 0.02332848 -0.01474762
v 0.02505742 0.02631701 -0.01977489
v 0.02775896 0.02079040 -0.01572225
v 0.02433989 0.02414123 -0.02066497
v 0.02058476 0.02676964 -0.02441419
v 0.02130449 0.02871154 -0.02374371
v 0.02708659 0.01842150 -0.01695988
v 0.02347404 0.02220422 -0.02167141
v 0.01988316 0.02502233 -0.02533075
v 0.01614836 0.02758654 -0.02805423
v 0.01657695 0.02897692 -0.02730095
v 0.02393016 0.02114953 -0.02377357
v 0.02048802 0.02448522 -0.02715291
v 0.01664915 0.02725597 -0.02968487
v 0.01239012 0.02943566 -0.03166040
v 0.01200072 0.02960754 -0.03018087
v 0.02105479 0.02399352 -0.02926191
v 0.01710887 0.02695153 -0.03146285
v 0.01273357 0.02927624 -0.03325196
v 0.00794701 0.03092638 -0.03448809
v 0.00776347 0.03098620 -0.03305857
v 0.01748528 0.02670495 -0.03331925
v 0.01302141 0.02915270 -0.03485280
v 0.00810564 0.03087414 -0.03594558
v 0.00287413 0.03182018 -0.03653046
v 0.00284935 0.03182165 -0.03514381
v 0.01327098 0.02903942 -0.03656557
v 0.00825035 0.03084118 -0.03748578
v 0.00289671 0.03182140 -0.03800328
v -0.00259590 0.03184191 -0.03805516
v -0.00249739 0.03184093 -0.03660610
v 0.00832903 0.03080138 -0.03895955
v 0.00289171 0.03182189 -0.03939208
v -0.00267329 0.03182482 -0.03942063
v -0.00817226 0.03084435 -0.03911985
v -0.00801875 0.03090465 -0.03770036
v 0.00287358 0.03182799 -0.04153344
v -0.00278456 0.03183654 -0.04158179
v -0.00835591 0.03082067 -0.04137481
v -0.01362282 0.02890270 -0.04118532
v -0.01339565 0.02897423 -0.03860138
v -0.00288741 0.03182238 -0.04444360
v -0.00847743 0.03079674 -0.04439399
v -0.01370137 0.02885534 -0.04437358
v -0.01846266 0.02607140 -0.04435271
v -0.01839522 0.02611779 -0.04105967
v -0.01366866 0.02888903 -0.04799347
v -0.01838618 0.02615441 -0.04799347
v -0.02255696 0.02269030 -0.04799347
v -0.01575862 0.02284045 -0.04799347
v -0.01934883 0.01991930 -0.04799347
v -0.02240871 0.01643737 -0.04799347
v -0.01637386 0.01714831 -0.04799347
v -0.01899519 0.01404772 -0.04799347
v -0.02108943 0.01054577 -0.04799347
v -0.01352888 0.01425451 -0.04799347
v -0.01579884 0.01158166 -0.04799347
v -0.01758907 0.00851427 -0.04799347
v -0.01878487 0.00519714 -0.04799347
v -0.02257210 0.00690075 -0.04799347
v -0.01274104 0.00900988 -0.04799347
v -0.01426338 0.00620373 -0.04799347
v -0.01528694 0.00319738 -0.04799347
v -0.01581001 0.00006945 -0.04799347
v -0.01938484 0.00189074 -0.04799347
v -0.01142696 0.00410876 -0.04799347
v -0.01252925 0.00128088 -0.04799347
v -0.01348994 -0.00166444 -0.04799347
v -0.01468452 -0.00471009 -0.04799347
v -0.01022530 -0.00039417 -0.04799347
v -0.01140144 -0.00345643 -0.04799347
v -0.01279097 -0.00688612 -0.04799347
v -0.01051143 -0.00901820 -0.04799347
v -0.01512935 -0.01084681 -0.04799347
v -0.01704512 -0.00809486 -0.04799347
v -0.00922707 -0.00518104 -0.04799347
v -0.00675166 -0.00676112 -0.04799347
v -0.00808473 -0.00186536 -0.04799347
v -0.00676247 0.00081090 -0.04799347
v -0.00896468 0.00226330 -0.04799347
v -0.00523061 0.00292980 -0.04799347
v -0.00748476 0.00459167 -0.04799347
v -0.00583919 0.00649157 -0.04799347
v -0.00363936 0.00441369 -0.04799347
v -0.00172542 0.00231164 -0.04799347
v 0.00016209 0.00311608 -0.04799347
v -0.00000911 -0.00044959 -0.04799347
v -0.00188155 0.00558776 -0.04799347
v -0.00407222 0.00803600 -0.04799347
v -0.00223103 0.00937902 -0.04799347
v -0.00003633 0.00672716 -0.04799347
v 0.00206883 0.00420910 -0.04799347
v 0.00395665 0.00581408 -0.04799347
v 0.00616649 0.00325524 -0.04799347
v 0.00412901 0.00149181 -0.04799347
v 0.00206169 0.00027941 -0.04799347
v 0.00176970 0.00817467 -0.04799347
v 0.00345256 0.01005407 -0.04799347
v 0.00580742 0.00792126 -0.04799347
v -0.00046187 0.01071838 -0.04799347
v -0.00440480 0.01230798 -0.04799347
v -0.00252895 0.01366759 -0.04799347
v 0.00109605 0.01228966 -0.04799347
v -0.00639156 0.01540050 -0.04799347
v -0.00410506 0.01680505 -0.04799347
v -0.00817348 0.01849230 -0.04799347
v -0.00524654 0.01989855 -0.04799347
v -0.00219539 0.02076501 -0.04799347
v -0.00632503 0.02331872 -0.04799347
v -0.00249257 0.02421349 -0.04799347
v 0.00117729 0.02090514 -0.04799347
v 0.00168706 0.02429919 -0.04799347
v 0.00479680 0.02011535 -0.04799347
v 0.00585771 0.02348254 -0.04799347
v 0.00978532 0.02195226 -0.04799347
v 0.00819225 0.01867126 -0.04799347
v 0.00665324 0.01555334 -0.04799347
v 0.01136620 0.01669860 -0.04799347
v 0.00947575 0.01360705 -0.04799347
v 0.00510228 0.01261584 -0.04799347
v 0.00764671 0.01062267 -0.04799347
v 0.01205473 0.01132970 -0.04799347
v 0.01006877 0.00836437 -0.04799347
v 0.00812376 0.00555236 -0.04799347
v 0.01237444 0.00578527 -0.04799347
v 0.01041429 0.00295470 -0.04799347
v 0.00839079 0.00044201 -0.04799347
v 0.01277898 0.00003869 -0.04799347
v 0.01067839 -0.00272425 -0.04799347
v 0.00619218 -0.00169569 -0.04799347
v 0.00825810 -0.00512635 -0.04799347
v 0.00379991 -0.00330164 -0.04799347
v 0.00545464 -0.00708924 -0.04799347
v 0.00132091 -0.00424110 -0.04799347
v 0.00242424 -0.00829627 -0.04799347
v -0.00070912 -0.00862318 -0.04799347
v -0.00106734 -0.00453748 -0.04799347
v -0.00042891 -0.01302454 -0.04799347
v -0.00427211 -0.01235462 -0.04799347
v -0.00384627 -0.00804090 -0.04799347
v -0.00769160 -0.01089295 -0.04799347
v -0.00485909 -0.01702088 -0.04799347
v -0.00896590 -0.01548426 -0.04799347
v -0.01047121 -0.01998475 -0.04799347
v -0.01470155 -0.01744056 -0.04799347
v -0.01239857 -0.01338050 -0.04799347
v -0.01727034 -0.02109827 -0.04799347
v -0.02119795 -0.01728700 -0.04799347
v -0.01804994 -0.01432288 -0.04799347
v -0.02412044 -0.01315101 -0.04799347
v -0.02050722 -0.01096131 -0.04799347
v -0.02609413 -0.00895399 -0.04799347
v -0.02811482 -0.01527186 -0.04799347
v -0.03026839 -0.01029017 -0.04799347
v -0.02728578 -0.00467518 -0.04799347
v -0.03153041 -0.00528773 -0.04799347
v -0.02773537 -0.00033802 -0.04799347
v -0.02368184 -0.00051136 -0.04799347
v -0.03198537 -0.00036219 -0.04799347
v -0.03164540 0.00450451 -0.04799347
v -0.02745961 0.00399840 -0.04799347
v -0.02347011 0.00317492 -0.04799347
v -0.02656148 0.00831750 -0.04799347
v -0.03058498 0.00939709 -0.04799347
v -0.02867995 0.01411779 -0.04799347
v -0.02483186 0.01248742 -0.04799347
v -0.02875215 0.01388634 -0.04389154
v -0.02610548 0.01842394 -0.04411256
v -0.02599452 0.01860461 -0.04799347
v -0.02606642 0.01843468 -0.04042941
v -0.02258266 0.02257995 -0.04081742
v -0.02263716 0.02253844 -0.04428584
v -0.02240968 0.02279089 -0.03776415
v -0.01817805 0.02624108 -0.03818915
v -0.02208205 0.02307848 -0.03510227
v -0.01788490 0.02642809 -0.03607733
v -0.01317445 0.02908825 -0.03699975
v -0.01751295 0.02669421 -0.03417593
v -0.01287135 0.02922375 -0.03536878
v -0.00781081 0.03094982 -0.03620403
v -0.01253578 0.02935631 -0.03382561
v -0.00757967 0.03101549 -0.03477648
v -0.00238661 0.03184264 -0.03522432
v -0.00732478 0.03109923 -0.03338290
v -0.00227156 0.03186364 -0.03386261
v 0.00281218 0.03183337 -0.03377151
v -0.00214961 0.03187682 -0.03255129
v 0.00277299 0.03184533 -0.03247891
v 0.00754515 0.03105505 -0.03168029
v 0.00283867 0.03258117 -0.03183594
v 0.00766801 0.03194787 -0.03101598
v 0.01224303 0.03069787 -0.02949559
v 0.00799919 0.03334045 -0.03091490
v 0.01274498 0.03222057 -0.02927614
v 0.01719292 0.03065441 -0.02689575
v 0.01316899 0.03373180 -0.02906878
v 0.01770543 0.03234240 -0.02654380
v 0.02188866 0.03066759 -0.02322635
v 0.01813768 0.03406237 -0.02627345
v 0.02235100 0.03270519 -0.02282885
v 0.02599907 0.03114098 -0.01853104
v 0.02559453 0.02865807 -0.01907819
v 0.02626433 0.03381359 -0.01815094
v 0.02902531 0.03247008 -0.01319101
v 0.02890739 0.02918322 -0.01351299
v 0.02908513 0.03596838 -0.01308947
v 0.03083293 0.03510900 -0.00811372
v 0.03088994 0.03114733 -0.00808153
v 0.03076079 0.03930578 -0.00835533
v 0.03167705 0.03897546 -0.00365974
v 0.03172868 0.03448620 -0.00330258
v 0.03165593 0.04349352 -0.00411685
v 0.03192412 0.04342712 0.00050716
v 0.03188591 0.03884338 0.00077702
v 0.03198405 0.04799621 0.00027017
v 0.03155461 0.04799621 0.00508636
v 0.02701689 0.04799621 0.00431029
v 0.02601457 0.04799621 0.00857189
v 0.02263115 0.04799621 0.00357696
v 0.02176335 0.04799621 0.00744162
v 0.02035100 0.04799621 0.01113111
v 0.01757597 0.04799621 0.00638806
v 0.01629326 0.04799621 0.00969899
v 0.01457823 0.04799621 0.01276129
v 0.01239879 0.04799621 0.00854166
v 0.01085710 0.04799621 0.01139862
v 0.00912450 0.04799621 0.01394474
v 0.00748869 0.04799621 0.01050447
v 0.00606706 0.04799621 0.01322833
v 0.00470140 0.04799621 0.01615142
v 0.00298930 0.04799621 0.01263716
v 0.00153423 0.04799621 0.01568087
v 0.00362187 0.04799621 0.01943302
v 0.00017729 0.04799621 0.01925314
v 0.00310857 0.04799621 0.02343023
v -0.00085115 0.04799621 0.02329821
v 0.00312920 0.04799621 0.02747943
v 0.00756975 0.04799621 0.02673854
v 0.00876097 0.04799621 0.03076015
v 0.01379869 0.04799621 0.02883480
v 0.00891582 0.04432897 0.03067983
v 0.01401927 0.04425719 0.02871337
v 0.01866380 0.04419274 0.02593345
v 0.01409343 0.04094347 0.02867137
v 0.01873521 0.04072179 0.02588603
v 0.02277892 0.04039709 0.02239775
v 0.01865202 0.03767663 0.02592602
v 0.02269395 0.03710021 0.02249444
v 0.02603349 0.03632384 0.01854373
v 0.02245708 0.03419836 0.02274124
v 0.02579997 0.03290929 0.01884774
v 0.02839677 0.03175207 0.01459069
v 0.02546648 0.03000524 0.01928823
v 0.02811015 0.02818908 0.01515161
v 0.03000468 0.02678527 0.01089725
v 0.03125896 0.02588732 0.00652740
v 0.02768901 0.02484411 0.01587783
v 0.02966838 0.02283337 0.01173947
v 0.03110698 0.02176574 0.00717879
v 0.03184099 0.02123254 0.00200314
v 0.03094402 0.01774230 0.00783522
v 0.03186479 0.01714294 0.00210139
v 0.03172905 0.01796886 -0.00362360
v 0.03187785 0.01316906 0.00198558
v 0.03166960 0.01424914 -0.00415244
v 0.03038029 0.01700671 -0.00976089
v 0.03189262 0.00907043 0.00161096
v 0.03136357 0.00836217 0.00750760
v 0.03193742 0.00511242 0.00107660
v 0.03181328 0.00352941 0.00672094
v 0.03193913 -0.00097108 0.00475939
v 0.03198235 0.00116735 -0.00006366
v 0.03186333 0.00318737 -0.00531641
v 0.03191789 -0.00567323 0.00183939
v 0.03191264 -0.00338221 -0.00216899
v 0.03193376 -0.00112635 -0.00641178
v 0.03163152 -0.00766297 -0.00554717
v 0.03158769 -0.00564246 -0.00938101
v 0.03193523 0.00053747 -0.01134047
v 0.03167949 -0.00411512 -0.01337464
v 0.03189104 0.00139269 -0.01667389
v 0.03180949 -0.00291419 -0.01780924
v 0.03184245 0.00195617 -0.02203143
v 0.03133537 0.00617760 -0.02248747
v 0.02999590 0.01089831 -0.02401395
v 0.03004204 0.01073669 -0.01877316
v 0.03184087 0.00236291 -0.02734969
v 0.03127299 0.00646593 -0.02776182
v 0.03001152 0.01085241 -0.02886373
v 0.02799809 0.01531164 -0.03054356
v 0.02783330 0.01563024 -0.02661389
v 0.03123051 0.00671862 -0.03290336
v 0.02999638 0.01087389 -0.03362196
v 0.02810490 0.01511852 -0.03466513
v 0.02547148 0.01927721 -0.03576212
v 0.02527373 0.01953844 -0.03231880
v 0.02990996 0.01101916 -0.03837034
v 0.02807585 0.01511901 -0.03898081
v 0.02554240 0.01916491 -0.03957160
v 0.02222014 0.02293859 -0.04015385
v 0.02210100 0.02305895 -0.03677362
v 0.02799663 0.01533630 -0.04340233
v 0.02549785 0.01921691 -0.04367552
v 0.02221336 0.02295373 -0.04394097
v 0.01818767 0.02626183 -0.04408886
v 0.01820415 0.02624792 -0.04058101
v 0.02532732 0.01949572 -0.04799347
v 0.02205486 0.02314001 -0.04799347
v 0.01803154 0.02641296 -0.04799347
v 0.01339610 0.02901476 -0.04799347
v 0.01354521 0.02892467 -0.04419341
v 0.01913005 0.02024352 -0.04799347
v 0.01559087 0.02303722 -0.04799347
v 0.01148882 0.02535876 -0.04799347
v 0.00699651 0.02703747 -0.04799347
v 0.00826054 0.03087511 -0.04799347
v 0.01338713 0.01984728 -0.04799347
v 0.01651591 0.01735070 -0.04799347
v 0.01417326 0.01435754 -0.04799347
v 0.01922789 0.01453356 -0.04799347
v 0.01664409 0.01172179 -0.04799347
v 0.01438780 0.00876672 -0.04799347
v 0.01877922 0.00897131 -0.04799347
v 0.01661369 0.00607043 -0.04799347
v 0.01468474 0.00304552 -0.04799347
v 0.01879515 0.00343005 -0.04799347
v 0.01714836 0.00018932 -0.04799347
v 0.01531786 -0.00305409 -0.04799347
v 0.01990495 -0.00262782 -0.04799347
v 0.01814690 -0.00619447 -0.04799347
v 0.01311516 -0.00613612 -0.04799347
v 0.01575993 -0.00962977 -0.04799347
v 0.01042204 -0.00883631 -0.04799347
v 0.01269145 -0.01270423 -0.04799347
v 0.00713652 -0.01108827 -0.04799347
v 0.00889928 -0.01524549 -0.04799347
v 0.00343999 -0.01256483 -0.04799347
v 0.00451384 -0.01699256 -0.04799347
v 0.01082524 -0.01970911 -0.04799347
v 0.00560954 -0.02154530 -0.04799347
v 0.00002348 -0.02234559 -0.04799347
v -0.00022200 -0.01764515 -0.04799347
v 0.00020097 -0.02695423 -0.04799347
v -0.00631636 -0.02626307 -0.04799347
v -0.00548561 -0.02171327 -0.04799347
v -0.00734248 -0.03111414 -0.04799347
v -0.01441158 -0.02854481 -0.04799347
v -0.01225276 -0.02420741 -0.04799347
v -0.00736385 -0.03109046 -0.04450028
v -0.01444844 -0.02850550 -0.04441794
v -0.02032607 -0.02471986 -0.04799347
v -0.02036049 -0.02463465 -0.04434577
v -0.02485579 -0.02014735 -0.04799347
v -0.02489577 -0.02000379 -0.04415368
v -0.02815620 -0.01508070 -0.04395628
v -0.02485335 -0.02005677 -0.04058133
v -0.02812117 -0.01505042 -0.04007189
v -0.03029628 -0.01009779 -0.04380885
v -0.03025917 -0.01002357 -0.03963467
v -0.03152046 -0.00515345 -0.04366380
v -0.03151479 -0.00511463 -0.03933651
v -0.03193391 -0.00036073 -0.04359313
v -0.03189699 -0.00039149 -0.03918454
v -0.03160597 0.00419811 -0.03922138
v -0.03163197 0.00434338 -0.04360536
v -0.03059267 0.00897814 -0.03954214
v -0.03058290 0.00911632 -0.04370708
v -0.03056691 0.00911730 -0.03555013
v -0.02867897 0.01400402 -0.03639014
v -0.02876234 0.01380675 -0.03998028
v -0.02845869 0.01444030 -0.03307583
v -0.02564436 0.01904674 -0.03414273
v -0.02592732 0.01866173 -0.03716676
v -0.02526765 0.01954601 -0.03153477
v -0.02168593 0.02346740 -0.03287001
v -0.02478090 0.02015441 -0.02916610
v -0.02121492 0.02386706 -0.03085598
v -0.01711018 0.02694836 -0.03244992
v -0.02064320 0.02434704 -0.02890368
v -0.01662508 0.02726574 -0.03078113
v -0.01215279 0.02952941 -0.03232607
v -0.01605727 0.02764196 -0.02909043
v -0.01170363 0.02972546 -0.03078063
v -0.00704030 0.03119201 -0.03199493
v -0.01156075 0.03042565 -0.02978271
v -0.00696925 0.03185607 -0.03120976
v -0.00209914 0.03254894 -0.03187863
v -0.00718965 0.03326305 -0.03113247
v -0.00212355 0.03387121 -0.03187272
v 0.00299156 0.03387511 -0.03180853
v -0.00213698 0.03522839 -0.03186273
v 0.00314171 0.03524303 -0.03178071
v 0.00829381 0.03473547 -0.03082683
v 0.00327782 0.03660339 -0.03177354
v 0.00855614 0.03614318 -0.03075238
v 0.01353954 0.03527965 -0.02889894
v 0.00880394 0.03762975 -0.03067718
v 0.01386943 0.03690221 -0.02874270
v 0.01852476 0.03597668 -0.02600114
v 0.01411748 0.03853771 -0.02859168
v 0.01883159 0.03816979 -0.02578714
v 0.02269389 0.03494201 -0.02248227
v 0.02296178 0.03770275 -0.02220923
v 0.02306950 0.04075841 -0.02207203
v 0.02644987 0.04031066 -0.01786394
v 0.02643095 0.03692638 -0.01790530
v 0.02635002 0.04406554 -0.01805468
v 0.02889970 0.04381359 -0.01355702
v 0.02901091 0.03977453 -0.01317591
v 0.02870073 0.04799621 -0.01405842
v 0.03057048 0.04799621 -0.00941837
v 0.03065849 0.04360900 -0.00883985
v 0.02599223 0.04799621 -0.00869731
v 0.02700945 0.04799621 -0.00436565
v 0.03162505 0.04799621 -0.00459885
v 0.02254179 0.04799621 -0.00430888
v 0.02290739 0.04799621 -0.00036736
v 0.02735295 0.04799621 -0.00002913
v 0.01854185 0.04799621 -0.00073094
v 0.01835405 0.04799621 0.00285430
v 0.01422697 0.04799621 0.00222549
v 0.01355229 0.04799621 0.00546367
v 0.01045915 0.04799621 0.00168829
v 0.00983025 0.04799621 0.00472522
v 0.00878777 0.04799621 0.00766856
v 0.00664696 0.04799621 0.00417920
v 0.00568858 0.04799621 0.00704933
v 0.00441216 0.04799621 0.00984494
v 0.00284770 0.04799621 0.00647987
v 0.00152824 0.04799621 0.00912951
v -0.00002034 0.04799621 0.01189347
v -0.00108083 0.04799621 0.00822344
v -0.00279707 0.04799621 0.01082421
v -0.00165242 0.04799621 0.01502796
v -0.00478279 0.04799621 0.01394503
v -0.00331075 0.04799621 0.01865495
v -0.00682283 0.04799621 0.01746272
v -0.00485152 0.04799621 0.02257499
v -0.00881654 0.04799621 0.02121165
v -0.00623750 0.04799621 0.02670025
v -0.00154243 0.04799621 0.02746803
v -0.01081435 0.04799621 0.02511588
v -0.00750508 0.04799621 0.03107627
v -0.00200221 0.04799621 0.03190831
v 0.00345378 0.04799621 0.03180493
v -0.00203419 0.04443224 0.03188447
v 0.00351292 0.04441222 0.03176027
v -0.00203047 0.04159215 0.03188819
v 0.00352904 0.04156017 0.03176940
v 0.00894926 0.04125231 0.03066190
v 0.00350053 0.03942272 0.03177463
v 0.00888139 0.03897008 0.03065161
v 0.01398528 0.03829650 0.02867704
v 0.00879741 0.03749206 0.03069567
v 0.01384435 0.03658971 0.02876859
v 0.01844426 0.03544982 0.02607444
v 0.01361089 0.03488439 0.02887423
v 0.01813084 0.03342687 0.02628617
v 0.02211217 0.03178112 0.02305629
v 0.01776799 0.03153649 0.02651947
v 0.02167955 0.02951818 0.02342851
v 0.02500883 0.02722570 0.01984080
v 0.02112560 0.02732775 0.02394216
v 0.02439970 0.02460387 0.02060004
v 0.02051799 0.02530358 0.02453260
v 0.02367241 0.02220885 0.02146064
v 0.02713213 0.02159020 0.01684151
v 0.02100322 0.02409435 0.02605085
v 0.02437578 0.02062878 0.02336281
v 0.02188799 0.02325353 0.02806648
v 0.02534367 0.01941173 0.02568661
v 0.02818987 0.01493224 0.02330464
v 0.03048149 0.00950939 0.02169931
v 0.02612846 0.01836681 0.02821888
v 0.02894145 0.01346545 0.02644531
v 0.02674553 0.01747521 0.03088922
v 0.02943864 0.01233068 0.02970066
v 0.02719914 0.01671349 0.03384521
v 0.02977202 0.01149010 0.03310047
v 0.03141179 0.00552746 0.03270069
v 0.03188786 -0.00117542 0.03248167
v 0.02997307 0.01086486 0.03663103
v 0.03144804 0.00514025 0.03636348
v 0.03188322 -0.00094251 0.03625715
v 0.03118718 -0.00684315 0.03645239
v 0.03188994 -0.00079823 0.04014988
v 0.03125883 -0.00650160 0.04022138
v 0.02948601 -0.01219618 0.04044030
v 0.03133952 -0.00623914 0.04409503
v 0.02964934 -0.01185511 0.04415242
v 0.02681682 -0.01734242 0.04425177
v 0.02979900 -0.01158460 0.04800653
v 0.02701982 -0.01708827 0.04800653
v 0.02299370 -0.02222352 0.04800653
v 0.02359367 -0.01422230 0.04800653
v 0.01998247 -0.01856165 0.04800653
v 0.01543437 -0.02234657 0.04800653
v 0.01740135 -0.01495863 0.04800653
v 0.01343553 -0.01798890 0.04800653
v 0.00891307 -0.02014954 0.04800653
v 0.01161150 -0.01357215 0.04800653
v 0.00783226 -0.01511146 0.04800653
v 0.00383647 -0.01591126 0.04800653
v 0.00699956 -0.01012440 0.04800653
v 0.00371977 -0.01058631 0.04800653
v 0.00036259 -0.01055604 0.04800653
v 0.00381029 -0.00537196 0.04800653
v 0.00092137 -0.00522913 0.04800653
v -0.00185713 -0.00469642 0.04800653
v -0.00284377 -0.00995203 0.04800653
v 0.00153014 -0.00029823 0.04800653
v -0.00115950 0.00008019 0.04800653
v -0.00055910 0.00451867 0.04800653
v -0.00343355 0.00469347 0.04800653
v -0.00385152 0.00050158 0.04800653
v -0.00454903 -0.00379383 0.04800653
v -0.00712862 -0.00275868 0.04800653
v -0.00856917 -0.00725965 0.04800653
v -0.00589998 -0.00880506 0.04800653
v -0.00659364 0.00090905 0.04800653
v -0.00638387 0.00466125 0.04800653
v -0.00956441 0.00433434 0.04800653
v -0.00949507 0.00108068 0.04800653
v -0.00963814 -0.00195814 0.04800653
v -0.01327333 0.00370031 0.04800653
v -0.01295039 0.00068810 0.04800653
v -0.01783003 0.00279333 0.04800653
v -0.01775575 -0.00056776 0.04800653
v -0.02265108 0.00210705 0.04800653
v -0.02256660 -0.00168739 0.04800653
v -0.02188057 -0.00568055 0.04800653
v -0.02725520 -0.00244178 0.04800653
v -0.02641145 -0.00704578 0.04800653
v -0.02034297 -0.00971766 0.04800653
v -0.02464906 -0.01177039 0.04800653
v -0.02180293 -0.01627430 0.04800653
v -0.01776723 -0.01312586 0.04800653
v -0.01783730 -0.01998841 0.04800653
v -0.01436763 -0.01622010 0.04800653
v -0.01120833 -0.01198768 0.04800653
v -0.01041219 -0.01866956 0.04800653
v -0.00794392 -0.01389466 0.04800653
v -0.00592763 -0.02043494 0.04800653
v -0.00423640 -0.01530067 0.04800653
v -0.00104829 -0.02130946 0.04800653
v -0.00028242 -0.01600745 0.04800653
v -0.00191945 -0.02649207 0.04800653
v 0.00423869 -0.02648475 0.04800653
v 0.00400072 -0.02117616 0.04800653
v 0.00435350 -0.03166859 0.04800653
v 0.01140361 -0.02986829 0.04800653
v 0.01013200 -0.02506361 0.04800653
v 0.01108324 -0.02994837 0.04457538
v 0.01745171 -0.02675062 0.04452449
v 0.01773955 -0.02663197 0.04800653
v 0.01703984 -0.02700111 0.04141145
v 0.02239238 -0.02277479 0.04109735
v 0.02277251 -0.02241077 0.04440961
v 0.02191374 -0.02326673 0.03822722
v 0.02619084 -0.01831287 0.03758521
v 0.02655486 -0.01774989 0.04073256
v 0.02569365 -0.01899403 0.03477854
v 0.02897197 -0.01340028 0.03386825
v 0.02929057 -0.01268128 0.03698931
v 0.02845073 -0.01446766 0.03098656
v 0.03105620 -0.00748670 0.03288974
v 0.02508049 -0.01979237 0.03240779
v 0.02771465 -0.01584925 0.02846785
v 0.02431584 -0.02071961 0.03024683
v 0.02672527 -0.01746644 0.02605751
v 0.02919975 -0.01290662 0.02364446
v 0.02344670 -0.02167518 0.02826557
v 0.02564995 -0.01902601 0.02384516
v 0.02806987 -0.01522523 0.02112177
v 0.02692363 -0.01725428 0.01884877
v 0.02866911 -0.01415003 0.01557763
v 0.02981584 -0.01144911 0.01805065
v 0.02994695 -0.01140687 0.01206115
v 0.03095769 -0.00802918 0.01506147
v 0.03151884 -0.00526991 0.01193215
v 0.03193303 -0.00057703 0.01525607
v 0.03188554 0.00181652 0.01135610
v 0.03148772 0.00524450 0.01695824
v 0.03181841 -0.00306800 0.00858830
v 0.03114665 -0.00948792 0.00875059
v 0.03167265 -0.00757215 0.00523903
v 0.03137920 -0.01360975 0.00621328
v 0.03034453 -0.01520985 0.01007431
v 0.02884966 -0.01716932 0.01374237
v 0.02945195 -0.02047718 0.01233643
v 0.03079839 -0.01888783 0.00838536
v 0.02992204 -0.02389027 0.01111316
v 0.03113799 -0.02259388 0.00704670
v 0.03029240 -0.02752723 0.01008677
v 0.03138383 -0.02649207 0.00590087
v 0.03186589 -0.02566859 0.00151734
v 0.03154668 -0.03067127 0.00493993
v 0.03192973 -0.03013953 0.00053175
v 0.03171477 -0.02578455 -0.00367460
v 0.03179204 -0.02167664 -0.00306507
v 0.03168657 -0.03018104 -0.00413255
v 0.03043340 -0.02746595 -0.00969772
v 0.03028117 -0.02406410 -0.01014212
v 0.02745293 -0.02718983 -0.01626597
v 0.02692705 -0.02474720 -0.01712785
v 0.03001225 -0.02104456 -0.01090098
v 0.02914616 -0.01839710 -0.01305499
v 0.02614226 -0.02245619 -0.01833025
v 0.02818925 -0.01628333 -0.01507021
v 0.03057658 -0.01181263 -0.01013041
v 0.03031877 -0.01009852 -0.01330366
v 0.02831255 -0.01475916 -0.01753864
v 0.03071709 -0.00878797 -0.01668858
v 0.02888249 -0.01355897 -0.02036464
v 0.03097148 -0.00767249 -0.02035739
v 0.02937639 -0.01246082 -0.02340495
v 0.03122636 -0.00669202 -0.02437867
v 0.03183269 -0.00209779 -0.02263597
v 0.02977202 -0.01151380 -0.02670414
v 0.03138554 -0.00593202 -0.02862272
v 0.03186797 -0.00161659 -0.02766533
v 0.03187590 -0.00128236 -0.03267260
v 0.03182072 0.00270153 -0.03255116
v 0.03187004 -0.00093006 -0.03774727
v 0.03178020 0.00302965 -0.03773533
v 0.03112224 0.00702697 -0.03795157
v 0.03173882 0.00354406 -0.04287757
v 0.03102336 0.00750475 -0.04298490
v 0.02982133 0.01140173 -0.04317230
v 0.03089079 0.00820031 -0.04799347
v 0.02965923 0.01196789 -0.04799347
v 0.02783452 0.01572155 -0.04799347
v 0.02618755 0.01068786 -0.04799347
v 0.02444524 0.01381066 -0.04799347
v 0.02209709 0.01708752 -0.04799347
v 0.02140599 0.01162707 -0.04799347
v 0.02306425 0.00893639 -0.04799347
v 0.02050505 0.00636047 -0.04799347
v 0.02121031 0.00076769 -0.04799347
v 0.02418767 -0.00166786 -0.04799347
v 0.02306377 -0.00529237 -0.04799347
v 0.02797099 -0.00346473 -0.04799347
v 0.02672136 -0.00750428 -0.04799347
v 0.02129649 -0.00917249 -0.04799347
v 0.02475957 -0.01188905 -0.04799347
v 0.01877910 -0.01317274 -0.04799347
v 0.02189433 -0.01638856 -0.04799347
v 0.01521587 -0.01672816 -0.04799347
v 0.01793987 -0.02053480 -0.04799347
v 0.01284612 -0.02395667 -0.04799347
v 0.02088750 -0.02420545 -0.04799347
v 0.01508208 -0.02822498 -0.04799347
v 0.00806340 -0.03093226 -0.04799347
v 0.00676408 -0.02606336 -0.04799347
v 0.00806718 -0.03090858 -0.04442295
v 0.00035716 -0.03194105 -0.04453672
v 0.00036308 -0.03198573 -0.04799347
v 0.00036754 -0.03196253 -0.04172232
v -0.00730537 -0.03111390 -0.04154021
v 0.00037096 -0.03195448 -0.03970066
v -0.00717915 -0.03112733 -0.03936659
v -0.01414577 -0.02859388 -0.03863183
v -0.01436794 -0.02853895 -0.04125342
v -0.02005183 -0.02483485 -0.03805753
v -0.02026863 -0.02468910 -0.04099704
v -0.02471767 -0.02027137 -0.03728136
v -0.01976161 -0.02506507 -0.03571274
v -0.02445284 -0.02057264 -0.03435566
v -0.02806416 -0.01523036 -0.03643796
v -0.02791109 -0.01551087 -0.03302057
v -0.03023170 -0.01014832 -0.03567882
v -0.03017159 -0.01037928 -0.03182677
v -0.03151051 -0.00520911 -0.03507548
v -0.03149104 -0.00538319 -0.03091592
v -0.03189748 -0.00046522 -0.03475631
v -0.03193086 -0.00042713 -0.03048195
v -0.03160713 0.00453527 -0.03080304
v -0.03160146 0.00423937 -0.03491953
v -0.03194209 -0.00023621 -0.02625069
v -0.03151350 0.00503820 -0.02679607
v -0.03026155 0.01015832 -0.02830965
v -0.03045094 0.00951745 -0.03181826
v -0.02989180 0.01117858 -0.02504736
v -0.02765218 0.01593102 -0.02721080
v -0.02812752 0.01505163 -0.03004008
v -0.02935902 0.01249084 -0.02208252
v -0.02703700 0.01693713 -0.02459845
v -0.02413496 0.02088268 -0.02686736
v -0.02625581 0.01817370 -0.02206880
v -0.02335744 0.02179211 -0.02459152
v -0.01993819 0.02492931 -0.02698345
v -0.02266743 0.02299084 -0.02257236
v -0.01947908 0.02591711 -0.02532302
v -0.01579292 0.02843078 -0.02780996
v -0.02019246 0.02773131 -0.02471275
v -0.01634621 0.03003918 -0.02744543
v -0.01197853 0.03193468 -0.02960265
v -0.01688313 0.03180456 -0.02709336
v -0.01234511 0.03348327 -0.02943334
v -0.00737300 0.03464391 -0.03107034
v -0.01265675 0.03505407 -0.02930712
v -0.00753792 0.03609606 -0.03101944
v -0.00214589 0.03661608 -0.03186492
v -0.00767403 0.03761584 -0.03099742
v -0.00213417 0.03807189 -0.03187442
v 0.00342290 0.03805236 -0.03176518
v -0.00210963 0.03946154 -0.03187301
v 0.00354283 0.03942565 -0.03172664
v 0.00899382 0.03905163 -0.03060325
v 0.00371281 0.04156896 -0.03173261
v 0.00923552 0.04134679 -0.03056703
v 0.01439897 0.04116418 -0.02850935
v 0.00942491 0.04440197 -0.03051627
v 0.01453954 0.04437414 -0.02844358
v 0.01902538 0.04105285 -0.02565774
v 0.01910173 0.04435216 -0.02559843
v 0.01904234 0.04799621 -0.02566077
v 0.02291460 0.04799621 -0.02230072
v 0.02305656 0.04425841 -0.02209216
v 0.01971867 0.04799621 -0.01989692
v 0.02228453 0.04799621 -0.01659350
v 0.02613750 0.04799621 -0.01840085
v 0.01827806 0.04799621 -0.01530492
v 0.02007518 0.04799621 -0.01195090
v 0.02438591 0.04799621 -0.01282755
v 0.01581511 0.04799621 -0.01145513
v 0.01715807 0.04799621 -0.00796316
v 0.02157622 0.04799621 -0.00822450
v 0.01310307 0.04799621 -0.00784595
v 0.01401433 0.04799621 -0.00444836
v 0.01813664 0.04799621 -0.00434636
v 0.01014714 0.04799621 -0.00455455
v 0.01056169 0.04799621 -0.00142582
v 0.01439299 0.04799621 -0.00110602
v 0.00702763 0.04799621 -0.00161899
v 0.00710686 0.04799621 0.00128836
v 0.00402269 0.04799621 0.00101714
v 0.00372685 0.04799621 0.00373194
v 0.00370049 0.04799621 -0.00163541
v 0.00075969 0.04799621 -0.00130265
v -0.00219093 0.04799621 -0.00039492
v 0.00302641 0.04799621 -0.00436769
v -0.00021846 0.04799621 -0.00380412
v -0.00333138 0.04799621 -0.00271798
v -0.00621803 0.04799621 -0.00110880
v -0.00141951 0.04799621 -0.00651893
v -0.00466682 0.04799621 -0.00527142
v -0.00766084 0.04799621 -0.00358345
v -0.01038124 0.04799621 -0.00158868
v -0.00626228 0.04799621 -0.00811968
v -0.00930904 0.04799621 -0.00629792
v -0.01204134 0.04799621 -0.00415325
v -0.01459328 0.04799621 -0.00180796
v -0.01395729 0.04799621 -0.00688878
v -0.01634773 0.04799621 -0.00432636
v -0.01871364 0.04799621 -0.00701497
v -0.01641951 0.04799621 -0.00995737
v -0.02188155 0.04799621 -0.00972107
v -0.02367451 0.04799621 -0.00631087
v -0.01940657 0.04799621 -0.01306401
v -0.02529182 0.04799621 -0.01183467
v -0.02697090 0.04799621 -0.00749529
v -0.02791664 0.04799621 -0.00307233
v -0.03076485 0.04799621 -0.00872448
v -0.03175807 0.04799621 -0.00374220
v -0.03194948 0.04799621 0.00109636
v -0.03070418 0.04327038 -0.00873039
v -0.03170107 0.04309631 -0.00387397
v -0.03191524 0.04301867 0.00082974
v -0.03144521 0.04310631 0.00548630
v -0.03189674 0.03803088 0.00055460
v -0.03143202 0.03824718 0.00530390
v -0.03022658 0.03870324 0.01008263
v -0.03145345 0.03355089 0.00539605
v -0.03015645 0.03449694 0.01038766
v -0.02807326 0.03565002 0.01517673
v -0.02997896 0.03061144 0.01098612
v -0.02775807 0.03219030 0.01575165
v -0.02487654 0.03357580 0.02006774
v -0.02731490 0.02925500 0.01653927
v -0.02439180 0.03101647 0.02065471
v -0.02085170 0.03262365 0.02418815
v -0.02129488 0.03482018 0.02380813
v -0.02381990 0.02869933 0.02127945
v -0.02032655 0.03064464 0.02460315
v -0.01633913 0.03239220 0.02741993
v -0.02312502 0.02656164 0.02202618
v -0.01972963 0.02876916 0.02510447
v -0.01585957 0.03073473 0.02771688
v -0.01153975 0.03231066 0.02978873
v -0.01530788 0.02909704 0.02806315
v -0.01114583 0.03082775 0.02995433
v -0.00660847 0.03203600 0.03129901
v -0.01113509 0.02995226 0.03073483
v -0.00662019 0.03129284 0.03197591
v -0.00180568 0.03189611 0.03255550
v -0.00688618 0.03121691 0.03334240
v -0.00186421 0.03188683 0.03387336
v 0.00330272 0.03180089 0.03380921
v 0.00316319 0.03182336 0.03249200
v -0.00193416 0.03187414 0.03521925
v 0.00342278 0.03177404 0.03516972
v 0.00873857 0.03071911 0.03455332
v 0.00843645 0.03081432 0.03312348
v -0.00200758 0.03186999 0.03658515
v 0.00352348 0.03175793 0.03653770
v 0.00900420 0.03064855 0.03598336
v 0.01422917 0.02859972 0.03496563
v 0.01381212 0.02880675 0.03340097
v 0.00361003 0.03175475 0.03799273
v 0.00924913 0.03056896 0.03750419
v 0.01460692 0.02840978 0.03664216
v 0.01950810 0.02528991 0.03571651
v 0.01901414 0.02567370 0.03370018
v 0.00943822 0.03048547 0.03898492
v 0.01494157 0.02820885 0.03848638
v 0.01993199 0.02494152 0.03812069
v 0.02421025 0.02085656 0.03765161
v 0.02374968 0.02136462 0.03473056
v 0.01522630 0.02807336 0.04118950
v 0.02023125 0.02469836 0.04103373
v 0.02449187 0.02049230 0.04081412
v 0.02776714 0.01565783 0.04055078
v 0.02756425 0.01610046 0.03709768
v 0.02041942 0.02455285 0.04437432
v 0.02465276 0.02032311 0.04430666
v 0.02791631 0.01551427 0.04421653
v 0.03018547 0.01035387 0.04413037
v 0.03010674 0.01047692 0.04030795
v 0.02794707 0.01553381 0.04800653
v 0.03021831 0.01040490 0.04800653
v 0.03155656 0.00506310 0.04800653
v 0.02469511 0.01359240 0.04800653
v 0.02690007 0.00918590 0.04800653
v 0.02823576 0.00463195 0.04800653
v 0.02837968 -0.00007557 0.04800653
v 0.02531010 0.00036632 0.04800653
v 0.03197661 -0.00042030 0.04800653
v 0.03142082 -0.00598621 0.04800653
v 0.03192839 -0.00062977 0.04408429
v 0.03154594 0.00495031 0.04408535
v 0.02773698 -0.00474744 0.04800653
v 0.02614665 -0.00953651 0.04800653
v 0.02436613 -0.00337660 0.04800653
v 0.02283574 -0.00740125 0.04800653
v 0.02055901 -0.01133851 0.04800653
v 0.01958940 -0.00504871 0.04800653
v 0.01765935 -0.00826209 0.04800653
v 0.01493706 -0.01126649 0.04800653
v 0.01649626 -0.00260951 0.04800653
v 0.02105309 -0.00167054 0.04800653
v 0.01794658 0.00041418 0.04800653
v 0.01349699 -0.00028162 0.04800653
v 0.01493584 0.00265758 0.04800653
v 0.01067827 0.00145055 0.04800653
v 0.00971526 -0.00165077 0.04800653
v 0.01212480 0.00469445 0.04800653
v 0.00787767 0.00268175 0.04800653
v 0.00699333 -0.00105067 0.04800653
v 0.00425981 -0.00065760 0.04800653
v 0.00666331 -0.00524793 0.04800653
v 0.00508690 0.00353478 0.04800653
v 0.00923833 0.00634655 0.04800653
v 0.00623882 0.00761852 0.04800653
v 0.00227019 0.00413586 0.04800653
v 0.00316191 0.00846740 0.04800653
v 0.00421501 0.01273669 0.04800653
v 0.00068578 0.01328429 0.04800653
v 0.00003459 0.00889123 0.04800653
v -0.00287892 0.01332580 0.04800653
v -0.00313112 0.00889318 0.04800653
v -0.00633247 0.01268981 0.04800653
v -0.00632167 0.00853673 0.04800653
v -0.00978975 0.01164538 0.04800653
v -0.00961018 0.00788976 0.04800653
v -0.01322200 0.01042345 0.04800653
v -0.01331953 0.00694591 0.04800653
v -0.01698433 0.00960583 0.04800653
v -0.01755623 0.00607970 0.04800653
v -0.02125227 0.00942321 0.04800653
v -0.02210927 0.00594421 0.04800653
v -0.02547133 0.01026794 0.04800653
v -0.02661250 0.00629479 0.04800653
v -0.02728981 0.00205285 0.04800653
v -0.03120741 0.00696056 0.04800653
v -0.03189351 0.00222497 0.04800653
v -0.03186751 -0.00276161 0.04800653
v -0.03182027 -0.00259754 0.04316502
v -0.03096291 -0.00774427 0.04334027
v -0.03094319 -0.00802308 0.04800653
v -0.02914400 -0.01300892 0.04357592
v -0.02902791 -0.01339002 0.04800653
v -0.02621504 -0.01826966 0.04387646
v -0.02597054 -0.01864417 0.04800653
v -0.02204976 -0.02310584 0.04415999
v -0.02171309 -0.02346253 0.04800653
v -0.01673549 -0.02720057 0.04432482
v -0.01633058 -0.02748011 0.04800653
v -0.01316365 -0.02311659 0.04800653
v -0.01003004 -0.03036170 0.04800653
v -0.00781508 -0.02535609 0.04800653
v -0.01044514 -0.03018055 0.04446977
v -0.00335512 -0.03178065 0.04460186
v -0.00293050 -0.03185999 0.04800653
v -0.00367885 -0.03174964 0.04172154
v 0.00363805 -0.03175086 0.04176318
v 0.00399315 -0.03170057 0.04463333
v 0.00332878 -0.03179115 0.03965321
v 0.01023289 -0.03021034 0.03916537
v 0.01069048 -0.03008656 0.04154950
v 0.00989049 -0.03036268 0.03768808
v 0.01604161 -0.02759632 0.03679721
v 0.01653770 -0.02730164 0.03872795
v 0.01551909 -0.02792347 0.03509556
v 0.02072087 -0.02432703 0.03378256
v 0.02133818 -0.02378602 0.03578615
v 0.02006853 -0.02486414 0.03201755
v 0.01498778 -0.02821497 0.03361147
v 0.01934721 -0.02542078 0.03034228
v 0.01442705 -0.02850501 0.03219023
v 0.01855144 -0.02602723 0.02869185
v 0.02248839 -0.02268470 0.02633993
v 0.01381444 -0.02882386 0.03075618
v 0.01773570 -0.02660365 0.02720487
v 0.02148015 -0.02366175 0.02459246
v 0.02157854 -0.02544715 0.02355600
v 0.02455742 -0.02259095 0.02043887
v 0.02449870 -0.02051991 0.02176486
v 0.02522795 -0.02513343 0.01957624
v 0.02760796 -0.02263392 0.01598253
v 0.02695866 -0.01978309 0.01715554
v 0.02816582 -0.02563392 0.01501314
v 0.02577324 -0.02771449 0.01885868
v 0.02858635 -0.02884754 0.01417993
v 0.02621819 -0.03044520 0.01825068
v 0.02892229 -0.03222157 0.01350029
v 0.03055290 -0.03133265 0.00925158
v 0.02914970 -0.03589149 0.01295346
v 0.03072221 -0.03532337 0.00859378
v 0.03159721 -0.03486976 0.00416630
v 0.03085674 -0.03939979 0.00808435
v 0.03169048 -0.03917323 0.00358369
v 0.03189372 -0.03456702 -0.00027988
v 0.03188469 -0.03905750 -0.00088945
v 0.03158037 -0.03461195 -0.00476107
v 0.03146342 -0.03911219 -0.00537812
v 0.03036418 -0.03523133 -0.00987104
v 0.03045000 -0.03126746 -0.00964820
v 0.03021379 -0.03939637 -0.01024482
v 0.02806914 -0.03620936 -0.01520522
v 0.02803288 -0.03278700 -0.01524962
v 0.02445268 -0.03422572 -0.02055464
v 0.02416606 -0.03195033 -0.02089166
v 0.02783965 -0.02982679 -0.01561754
v 0.01951982 -0.03369227 -0.02529620
v 0.01915465 -0.03193543 -0.02556163
v 0.02373308 -0.02976283 -0.02136972
v 0.01870238 -0.03023963 -0.02589504
v 0.02319987 -0.02774793 -0.02192528
v 0.01817607 -0.02856458 -0.02628100
v 0.02253673 -0.02575843 -0.02263353
v 0.01762151 -0.02707118 -0.02666718
v 0.02181157 -0.02399671 -0.02335323
v 0.02529143 -0.02042982 -0.01954120
v 0.02223405 -0.02294984 -0.02497920
v 0.02561259 -0.01909632 -0.02150786
v 0.02633354 -0.01804578 -0.02389050
v 0.02297429 -0.02217249 -0.02701343
v 0.02693156 -0.01712440 -0.02641934
v 0.02358629 -0.02152869 -0.02908194
v 0.02742155 -0.01634266 -0.02909758
v 0.02408647 -0.02099671 -0.03126613
v 0.02780656 -0.01564710 -0.03211195
v 0.03004289 -0.01077552 -0.03028130
v 0.02453300 -0.02045667 -0.03377703
v 0.02810576 -0.01510853 -0.03555168
v 0.03023271 -0.01016737 -0.03425026
v 0.03143840 -0.00548280 -0.03326001
v 0.03033781 -0.00972401 -0.03853815
v 0.03144829 -0.00514100 -0.03802720
v 0.03154741 -0.00484803 -0.04297942
v 0.03192058 -0.00053993 -0.04286874
v 0.03164238 -0.00449256 -0.04799347
v 0.03199638 0.00000890 -0.04799347
v 0.03167973 0.00423302 -0.04799347
v 0.02837334 0.00050036 -0.04799347
v 0.03061162 -0.00931361 -0.04799347
v 0.03045830 -0.00947303 -0.04321492
v 0.02846709 -0.01443055 -0.04354945
v 0.02854973 -0.01438831 -0.04799347
v 0.02532536 -0.01947059 -0.04387930
v 0.02537004 -0.01944569 -0.04799347
v 0.02086467 -0.02418519 -0.04415924
v 0.02071306 -0.02431068 -0.04066581
v 0.01507024 -0.02817689 -0.04430355
v 0.01495897 -0.02822572 -0.04105080
v 0.02041508 -0.02453724 -0.03761611
v 0.01468828 -0.02830604 -0.03837524
v 0.00800768 -0.03092201 -0.04144549
v 0.00787505 -0.03093494 -0.03920232
v 0.00775572 -0.03098011 -0.03782748
v 0.00036986 -0.03195252 -0.03832044
v 0.00036803 -0.03195155 -0.03694466
v -0.00691151 -0.03118836 -0.03656156
v -0.00706209 -0.03116200 -0.03796823
v -0.01364815 -0.02886219 -0.03542044
v -0.01392860 -0.02872767 -0.03694943
v -0.01940065 -0.02536170 -0.03376605
v -0.01898726 -0.02565833 -0.03203179
v -0.02411635 -0.02096546 -0.03191213
v -0.02370912 -0.02141273 -0.02973521
v -0.02769179 -0.01589100 -0.02993589
v -0.02741139 -0.01638563 -0.02706857
v -0.03007967 -0.01069154 -0.02812347
v -0.02994850 -0.01106751 -0.02460109
v -0.03145857 -0.00548719 -0.02680878
v -0.03146071 -0.00538685 -0.02276413
v -0.03192232 0.00043151 -0.02204814
v -0.03160060 -0.00447205 -0.01823983
v -0.03136678 0.00596178 -0.02306063
v -0.03099947 0.00750304 -0.01950294
v -0.03039778 0.00974645 -0.01619058
v -0.02861592 0.01413341 -0.01924742
v -0.02952412 0.01225133 -0.01316885
v -0.02770253 0.01591881 -0.01663653
v -0.02533284 0.01950060 -0.01973946
v -0.02837025 0.01869250 -0.01466183
v -0.02618703 0.02196715 -0.01828241
v -0.02347737 0.02503600 -0.02165150
v -0.02699348 0.02474548 -0.01702011
v -0.02425154 0.02739318 -0.02074915
v -0.02086971 0.02974816 -0.02414634
v -0.02490968 0.02993371 -0.02000297
v -0.02143440 0.03187365 -0.02367398
v -0.01731233 0.03356921 -0.02681880
v -0.02192964 0.03423888 -0.02321772
v -0.01773158 0.03556457 -0.02653681
v -0.01293843 0.03674181 -0.02919099
v -0.01803468 0.03768420 -0.02631942
v -0.01313930 0.03840295 -0.02909239
v -0.00775642 0.03906945 -0.03096568
v -0.01331520 0.04096374 -0.02904169
v -0.00781679 0.04128405 -0.03096739
v -0.00204805 0.04155602 -0.03188478
v -0.00777516 0.04434777 -0.03097620
v -0.00192683 0.04445885 -0.03188044
v 0.00388609 0.04446081 -0.03170227
v -0.00174098 0.04799621 -0.03190809
v 0.00405656 0.04799621 -0.03170246
v 0.00955058 0.04799621 -0.03052094
v 0.00403130 0.04799621 -0.02707120
v 0.00882585 0.04799621 -0.02624479
v 0.01458171 0.04799621 -0.02845145
v 0.00446312 0.04799621 -0.02266956
v 0.00866887 0.04799621 -0.02209705
v 0.01315129 0.04799621 -0.02471618
v 0.00538567 0.04799621 -0.01847130
v 0.00930559 0.04799621 -0.01816666
v 0.00663896 0.04799621 -0.01465276
v 0.01044572 0.04799621 -0.01462173
v 0.00799791 0.04799621 -0.01113042
v 0.01180913 0.04799621 -0.01124070
v 0.01431535 0.04799621 -0.01470779
v 0.00428734 0.04799621 -0.01091188
v 0.00557689 0.04799621 -0.00764731
v 0.00925963 0.04799621 -0.00777219
v 0.00279912 0.04799621 -0.01447859
v -0.00100117 0.04799621 -0.01391380
v 0.00064030 0.04799621 -0.01040243
v 0.00133116 0.04799621 -0.01836960
v -0.00269344 0.04799621 -0.01774048
v -0.00658846 0.04799621 -0.01654059
v -0.00465230 0.04799621 -0.01284525
v 0.00001726 0.04799621 -0.02262746
v -0.00441164 0.04799621 -0.02192241
v -0.00868257 0.04799621 -0.02055403
v -0.01270857 0.04799621 -0.01857200
v -0.01028035 0.04799621 -0.01478524
v -0.00605092 0.04799621 -0.02635177
v -0.01087788 0.04799621 -0.02474117
v -0.01537965 0.04799621 -0.02243087
v -0.01936543 0.04799621 -0.01946723
v -0.01630757 0.04799621 -0.01601766
v -0.01319044 0.04799621 -0.02911230
v -0.01826381 0.04799621 -0.02624264
v -0.02268086 0.04799621 -0.02256531
v -0.02623122 0.04799621 -0.01828247
v -0.02264894 0.04799621 -0.01578479
v -0.01835500 0.04415929 -0.02614511
v -0.02271809 0.04400524 -0.02245768
v -0.02623628 0.04373742 -0.01818902
v -0.02891109 0.04348254 -0.01356251
v -0.02891237 0.04799621 -0.01362377
v -0.02259926 0.04030334 -0.02257855
v -0.02611586 0.03974718 -0.01837240
v -0.02877278 0.03912804 -0.01374762
v -0.03060036 0.03857238 -0.00895851
v -0.02586635 0.03607799 -0.01876385
v -0.02854427 0.03507482 -0.01426315
v -0.03045003 0.03407799 -0.00954814
v -0.03160072 0.03330798 -0.00470615
v -0.02817409 0.03123693 -0.01500197
v -0.03016786 0.02978136 -0.01039611
v -0.02767256 0.02779455 -0.01592917
v -0.02977046 0.02572277 -0.01154868
v -0.02913246 0.02205407 -0.01303686
v -0.03071346 0.01962340 -0.00864998
v -0.03004512 0.01559753 -0.01079414
v -0.03127205 0.01314342 -0.00668395
v -0.03178889 0.01093859 -0.00329777
v -0.03113808 0.00885827 -0.00973022
v -0.03195430 0.00867345 -0.00039206
v -0.03180373 0.01263952 0.00306848
v -0.03127699 0.01536681 0.00653977
v -0.03154475 0.00920177 0.00608003
v -0.03084315 0.01221886 0.00932943
v -0.02922853 0.01548400 0.01283853
v -0.03003792 0.01830675 0.01075365
v -0.03075380 0.00952013 0.01208039
v -0.02912807 0.01313244 0.01525012
v -0.02726112 0.01668053 0.01852037
v -0.02739198 0.01873669 0.01643380
v -0.02989052 0.01127282 0.01802555
v -0.02806679 0.01523595 0.02103339
v -0.02576649 0.01885851 0.02388691
v -0.02493349 0.02001916 0.02153871
v -0.03048390 0.00955871 0.02099109
v -0.02875642 0.01385290 0.02372426
v -0.02651814 0.01778454 0.02634904
v -0.02367702 0.02143175 0.02855252
v -0.02297353 0.02217467 0.02639188
v -0.02935158 0.01255920 0.02674452
v -0.02713625 0.01684386 0.02892749
v -0.02426735 0.02079015 0.03082183
v -0.02078627 0.02425841 0.03247563
v -0.02028151 0.02467882 0.03053501
v -0.02758968 0.01604430 0.03181423
v -0.02474837 0.02021813 0.03331121
v -0.02125362 0.02385998 0.03463419
v -0.01722365 0.02690929 0.03579137
v -0.02508461 0.01978649 0.03628516
v -0.02163521 0.02351696 0.03716853
v -0.01757210 0.02664660 0.03784618
v -0.01291103 0.02917541 0.03848004
v -0.01789552 0.02644714 0.04073117
v -0.01322450 0.02905480 0.04099771
v -0.00795076 0.03092174 0.04127915
v -0.01345613 0.02895641 0.04426352
v -0.00815236 0.03087267 0.04436085
v -0.00234688 0.03185876 0.04445986
v -0.00829585 0.03086803 0.04800653
v -0.00245271 0.03187609 0.04800653
v 0.00363158 0.03176818 0.04800653
v -0.00242159 0.02707409 0.04800653
v 0.00291856 0.02710290 0.04800653
v 0.00816728 0.02585607 0.04800653
v 0.00215385 0.02235778 0.04800653
v 0.00675096 0.02145861 0.04800653
v 0.01115715 0.01981310 0.04800653
v 0.00543047 0.01707214 0.04800653
v 0.00932426 0.01573107 0.04800653
v 0.01294975 0.01393761 0.04800653
v 0.00767131 0.01163537 0.04800653
v 0.01094157 0.01004748 0.04800653
v 0.01393132 0.00815368 0.04800653
v 0.01617155 0.01153844 0.04800653
v 0.01897746 0.00872155 0.04800653
v 0.02167278 0.01145153 0.04800653
v 0.01878844 0.01469884 0.04800653
v 0.01672783 0.00572204 0.04800653
v 0.02157188 0.01757946 0.04800653
v 0.01521135 0.01763293 0.04800653
v 0.01769035 0.02114709 0.04800653
v 0.02469926 0.02033410 0.04800653
v 0.02046672 0.02457922 0.04800653
v 0.01539671 0.02802868 0.04800653
v 0.01316216 0.02384338 0.04800653
v 0.01537773 0.02798547 0.04440609
v 0.00974040 0.03040734 0.04443688
v 0.00973412 0.03045812 0.04800653
v 0.00964293 0.03043639 0.04137842
v 0.00372014 0.03173327 0.04156318
v 0.00370549 0.03172570 0.04448326
v 0.00366734 0.03172131 0.03937477
v -0.00214211 0.03187170 0.03941258
v -0.00223451 0.03187511 0.04152306
v -0.00207710 0.03187804 0.03803897
v -0.00756172 0.03102697 0.03762041
v -0.00772835 0.03095275 0.03904837
v -0.00734859 0.03108410 0.03612793
v -0.01231429 0.02946886 0.03521088
v -0.01264137 0.02932311 0.03682485
v -0.01196596 0.02960778 0.03370626
v -0.01636525 0.02744176 0.03226414
v -0.01679585 0.02718249 0.03391937
v -0.01584535 0.02774303 0.03059349
v -0.01966304 0.02518053 0.02862746
v -0.01528169 0.02808166 0.02899701
v -0.01898457 0.02570959 0.02683519
v -0.02217549 0.02301647 0.02428952
v -0.01904012 0.02697668 0.02565664
v -0.02229109 0.02447155 0.02291425
v -0.02507076 0.02173449 0.01984761
v -0.02596419 0.02407946 0.01858101
v -0.02826009 0.02126061 0.01480547
v -0.02671034 0.02653942 0.01750048
v -0.02899727 0.02409631 0.01324816
v -0.02960005 0.02719933 0.01194197
v -0.03073213 0.02150915 0.00862340
v -0.01157545 0.02977404 0.03219394
v -0.00712862 0.03114416 0.03471566
v 0.02388359 0.00782531 0.04800653
v 0.00140977 0.01775817 0.04800653
v -0.00249660 0.02237194 0.04800653
v -0.00264589 0.01784118 0.04800653
v -0.00686775 0.02151037 0.04800653
v -0.00649892 0.01708581 0.04800653
v -0.01083186 0.02019054 0.04800653
v -0.01012178 0.01576183 0.04800653
v -0.01415120 0.01839147 0.04800653
v -0.01339778 0.01421300 0.04800653
v -0.01593050 0.02255578 0.04800653
v -0.01204622 0.02463903 0.04800653
v -0.01821675 0.02628014 0.04800653
v -0.02207204 0.02313000 0.04800653
v -0.01810432 0.02630163 0.04414489
v -0.02208522 0.02308361 0.04397292
v -0.02526686 0.01958556 0.04800653
v -0.02533504 0.01943420 0.04372523
v -0.02786879 0.01567443 0.04800653
v -0.02389857 0.01392248 0.04800653
v -0.02794936 0.01543761 0.04343881
v -0.02984590 0.01146300 0.04800653
v -0.02991676 0.01114757 0.04325740
v -0.03121791 0.00675866 0.04313320
v -0.02997597 0.01093566 0.03862072
v -0.03124977 0.00657726 0.03823309
v -0.03185689 0.00221618 0.04309336
v -0.03184108 0.00220348 0.03811056
v -0.03126570 0.00661486 0.03337760
v -0.03185616 0.00224108 0.03304834
v -0.03179994 -0.00250428 0.03332457
v -0.03178053 -0.00249744 0.03827015
v -0.03096089 -0.00773621 0.03403406
v -0.03096638 -0.00764100 0.03862730
v -0.02911092 -0.01306727 0.03505253
v -0.02915401 -0.01287244 0.03922036
v -0.02623219 -0.01825257 0.03627899
v -0.02628273 -0.01812537 0.03992848
v -0.02214919 -0.02303114 0.03738683
v -0.02218605 -0.02296864 0.04056465
v -0.01697005 -0.02705042 0.03818251
v -0.01694099 -0.02707166 0.04103461
v -0.01078841 -0.03002235 0.03890971
v -0.01070375 -0.03008241 0.04138273
v -0.01079512 -0.03005360 0.03740714
v -0.00399135 -0.03170814 0.03812458
v -0.00388301 -0.03169447 0.03951239
v -0.00406166 -0.03169569 0.03679050
v 0.00285905 -0.03182508 0.03692171
v 0.00308360 -0.03181825 0.03828939
v 0.00263896 -0.03183143 0.03563164
v 0.00913634 -0.03061488 0.03493280
v 0.00952403 -0.03049403 0.03628036
v 0.00873839 -0.03073451 0.03362713
v 0.00242064 -0.03185755 0.03435736
v 0.00831029 -0.03085975 0.03232844
v 0.00219994 -0.03187904 0.03312798
v 0.00790617 -0.03097010 0.03122464
v 0.01321855 -0.02912611 0.02949918
v 0.00198674 -0.03189613 0.03207177
v 0.00794035 -0.03213514 0.03096256
v 0.01331267 -0.03038709 0.02907968
v 0.01360417 -0.03197913 0.02892353
v 0.01831474 -0.02991688 0.02617939
v 0.01786522 -0.02807923 0.02651516
v 0.01868175 -0.03171327 0.02591601
v 0.02264574 -0.02976209 0.02253067
v 0.02217113 -0.02758241 0.02299520
v 0.02304033 -0.03204798 0.02214903
v 0.01899736 -0.03361195 0.02569622
v 0.02334221 -0.03448866 0.02181311
v 0.02656218 -0.03332679 0.01775830
v 0.01924956 -0.03567078 0.02548716
v 0.02360490 -0.03741175 0.02153202
v 0.02682890 -0.03662733 0.01734389
v 0.02697197 -0.04021912 0.01702716
v 0.02930461 -0.03976600 0.01251766
v 0.02941899 -0.04384852 0.01234576
v 0.03095549 -0.04370350 0.00776175
v 0.03103325 -0.04800379 0.00764204
v 0.03177019 -0.04358680 0.00319054
v 0.03185381 -0.04800379 0.00292090
v 0.03190178 -0.04354871 -0.00137991
v 0.03190935 -0.04800379 -0.00177871
v 0.03137834 -0.04357996 -0.00595823
v 0.03132317 -0.04800379 -0.00647180
v 0.03005193 -0.04367396 -0.01077327
v 0.02989897 -0.04800379 -0.01129511
v 0.02781657 -0.04381507 -0.01566056
v 0.02800005 -0.03985096 -0.01534043
v 0.02761882 -0.04800379 -0.01607847
v 0.02456877 -0.04404969 -0.02040192
v 0.02466069 -0.04034510 -0.02028524
v 0.02016093 -0.04091493 -0.02473533
v 0.02005876 -0.03801405 -0.02484865
v 0.02463774 -0.03715687 -0.02035643
v 0.01439738 -0.03857850 -0.02848390
v 0.01419847 -0.03683070 -0.02860931
v 0.01983080 -0.03563856 -0.02503958
v 0.00764165 -0.03783338 -0.03099689
v 0.00749303 -0.03638807 -0.03104556
v 0.01396428 -0.03525428 -0.02873316
v 0.00733702 -0.03506654 -0.03108528
v 0.01369041 -0.03377699 -0.02886055
v 0.01334184 -0.03230579 -0.02902546
v 0.00714726 -0.03373353 -0.03114536
v 0.01297160 -0.03087977 -0.02921301
v 0.00693529 -0.03239832 -0.03121340
v 0.01259050 -0.02958534 -0.02939114
v 0.00676970 -0.03127601 -0.03137560
v 0.01295000 -0.02923036 -0.03063452
v 0.01804149 -0.02637904 -0.02806120
v 0.00697734 -0.03120570 -0.03248682
v 0.01339867 -0.02898670 -0.03212306
v 0.01866753 -0.02589271 -0.02976691
v 0.01918687 -0.02550135 -0.03144368
v 0.01378087 -0.02878968 -0.03354153
v 0.01964342 -0.02516981 -0.03323953
v 0.01413628 -0.02862196 -0.03507216
v 0.01445036 -0.02845619 -0.03669106
v 0.02007011 -0.02481873 -0.03531045
v 0.00740031 -0.03106287 -0.03505130
v 0.00759178 -0.03101258 -0.03641591
v 0.00719212 -0.03113197 -0.03375226
v 0.00036211 -0.03195057 -0.03564522
v 0.00035374 -0.03196278 -0.03438690
v -0.00655482 -0.03127113 -0.03394917
v -0.00674806 -0.03121595 -0.03525050
v -0.01296370 -0.02919495 -0.03252462
v -0.01332442 -0.02901087 -0.03394801
v -0.01256111 -0.02937318 -0.03117400
v -0.01799611 -0.02639320 -0.02884511
v -0.01852888 -0.02599500 -0.03040246
v -0.02322298 -0.02191566 -0.02777396
v -0.02262312 -0.02255409 -0.02587352
v -0.02702126 -0.01698670 -0.02453421
v -0.02657863 -0.01771937 -0.02215478
v -0.02981703 -0.01137196 -0.02124119
v -0.02190169 -0.02328089 -0.02420639
v -0.02587245 -0.01875526 -0.02018086
v -0.01737715 -0.02682533 -0.02737680
v -0.02200575 -0.02470741 -0.02316366
v -0.01759743 -0.02809632 -0.02667457
v -0.02263033 -0.02673939 -0.02253100
v -0.02630721 -0.02273768 -0.01808505
v -0.01813045 -0.02980653 -0.02629768
v -0.02311232 -0.02889784 -0.02202483
v -0.02672450 -0.02572987 -0.01746146
v -0.02704689 -0.02895081 -0.01700484
v -0.02951997 -0.02680262 -0.01213340
v -0.02938869 -0.02264149 -0.01247460
v -0.03109621 -0.02556825 -0.00718795
v -0.03112788 -0.02084486 -0.00701586
v -0.03182680 -0.02488807 -0.00231028
v -0.03186385 -0.02009217 -0.00192643
v -0.03192659 -0.01519837 -0.00085280
v -0.03180367 -0.02075794 0.00293029
v -0.03165822 -0.01696375 0.00421403
v -0.03142458 -0.01354749 0.00590976
v -0.03191542 -0.01057557 0.00106221
v -0.03166298 -0.01039954 -0.00449873
v -0.03117885 -0.01063392 0.00798806
v -0.03178322 -0.00673719 0.00379673
v -0.03195705 -0.00472035 -0.00065863
v -0.03196803 -0.00052918 0.00296919
v -0.03196065 0.00173522 -0.00097310
v -0.03188008 0.00606090 0.00286901
v -0.03186671 0.00368273 -0.00425268
v -0.03185677 0.00306383 0.00659278
v -0.03151955 0.00606506 0.00929521
v -0.03181758 -0.00351234 0.00691043
v -0.03122408 -0.00781727 0.01055649
v -0.03157814 -0.00490467 0.01362713
v -0.02930373 -0.01275892 0.01456388
v -0.03003999 -0.01088441 0.01732626
v -0.02689528 -0.01729530 0.01885327
v -0.02764003 -0.01598353 0.02128828
v -0.02826180 -0.01479749 0.02414725
v -0.02461989 -0.02034364 0.02501662
v -0.02521333 -0.01958167 0.02735883
v -0.02868855 -0.01401966 0.02740749
v -0.03080751 -0.00840858 0.02496592
v -0.02566554 -0.01902601 0.02999095
v -0.02896230 -0.01343934 0.03107907
v -0.03088972 -0.00799818 0.02948761
v -0.03183363 -0.00250916 0.02829495
v -0.03184645 0.00239733 0.02799140
v -0.03117213 0.00703722 0.02868847
v -0.03092116 0.00807287 0.02462268
v -0.02972145 0.01166125 0.03014713
v -0.02994313 0.01108263 0.03427317
v -0.02789613 0.01554723 0.03532080
v -0.02798830 0.01537829 0.03915987
v -0.02526698 0.01952648 0.03971730
v -0.02190602 0.02323058 0.04030545
v -0.02600026 -0.01856312 0.03289473
v -0.02165749 -0.02349793 0.03225804
v -0.02195107 -0.02320789 0.03462202
v -0.01664040 -0.02728675 0.03419844
v -0.01685359 -0.02714320 0.03607965
v -0.01638753 -0.02743446 0.03252704
v -0.01059438 -0.03013929 0.03438620
v -0.01070515 -0.03009852 0.03582456
v -0.01043178 -0.03021351 0.03292877
v -0.00414650 -0.03169569 0.03413950
v -0.00411311 -0.03168885 0.03545962
v -0.00415755 -0.03170033 0.03282308
v -0.01023225 -0.03030164 0.03147596
v -0.00420058 -0.03186878 0.03169819
v -0.01014900 -0.03058680 0.03034230
v -0.00446492 -0.03295106 0.03165408
v 0.00189140 -0.03303407 0.03190123
v -0.01059749 -0.03179163 0.03016360
v -0.00471779 -0.03417811 0.03160903
v 0.00181731 -0.03434315 0.03190176
v 0.00173051 -0.03563929 0.03190258
v 0.00814561 -0.03495130 0.03089628
v 0.00805705 -0.03355555 0.03092791
v 0.00820232 -0.03633021 0.03088668
v 0.01404936 -0.03510316 0.02870725
v 0.01385631 -0.03354090 0.02879475
v 0.01418425 -0.03677064 0.02863045
v 0.00823106 -0.03781092 0.03087124
v 0.01427220 -0.03858216 0.02855437
v 0.01943120 -0.03803040 0.02534412
v 0.00820677 -0.03922743 0.03084144
v 0.01429387 -0.04126087 0.02856465
v 0.01950145 -0.04099867 0.02527941
v 0.01945757 -0.04434168 0.02532714
v 0.02376988 -0.04420203 0.02134504
v 0.02374699 -0.04062147 0.02135994
v 0.02365562 -0.04800379 0.02149618
v 0.02703789 -0.04800379 0.01706098
v 0.02705583 -0.04400892 0.01696166
v 0.02349309 -0.04800379 0.01476110
v 0.02948503 -0.04800379 0.01241310
v 0.02562053 -0.04800379 0.01068829
v 0.01995879 -0.04800379 0.01242682
v 0.02182707 -0.04800379 0.00891250
v 0.02706877 -0.04800379 0.00654280
v 0.02321147 -0.04800379 0.00528163
v 0.02793364 -0.04800379 0.00231997
v 0.02397783 -0.04800379 0.00157967
v 0.02810637 -0.04800379 -0.00189104
v 0.02439629 -0.04800379 -0.00208603
v 0.02760503 -0.04800379 -0.00605609
v 0.02645464 -0.04800379 -0.01026018
v 0.02441899 -0.04800379 -0.01429548
v 0.01884172 -0.04800379 -0.01535608
v 0.02133549 -0.04800379 -0.01811471
v 0.02436284 -0.04800379 -0.02070286
v 0.01519518 -0.04800379 -0.01805565
v 0.01731279 -0.04800379 -0.02153113
v 0.01999187 -0.04800379 -0.02495656
v 0.01444518 -0.04800379 -0.02851601
v 0.01455864 -0.04438758 -0.02841934
v 0.02015361 -0.04428114 -0.02475639
v 0.00787614 -0.04448036 -0.03094304
v 0.00784196 -0.04146888 -0.03094775
v 0.01453893 -0.04121790 -0.02843614
v 0.00044731 -0.04167640 -0.03194672
v 0.00042320 -0.03955286 -0.03193539
v 0.00773857 -0.03920008 -0.03094218
v -0.00703413 -0.04149134 -0.03113843
v -0.00696187 -0.03923744 -0.03113060
v 0.00040813 -0.03824256 -0.03194453
v -0.00688289 -0.03785975 -0.03117801
v 0.00039305 -0.03684486 -0.03193950
v -0.00676411 -0.03641932 -0.03121137
v 0.00038127 -0.03553504 -0.03193290
v -0.00661909 -0.03506922 -0.03125056
v 0.00037041 -0.03424500 -0.03195504
v -0.00644228 -0.03373328 -0.03130243
v 0.00036406 -0.03295594 -0.03196805
v -0.00625197 -0.03239491 -0.03135008
v 0.00035088 -0.03198402 -0.03213228
v -0.00613954 -0.03138099 -0.03158585
v 0.00035246 -0.03197645 -0.03316203
v -0.00634230 -0.03133241 -0.03269573
v -0.01234315 -0.03071497 -0.02947417
v -0.01213911 -0.02957020 -0.02990779
v -0.01272426 -0.03218299 -0.02930382
v -0.01304982 -0.03366834 -0.02914329
v -0.01856648 -0.03154578 -0.02598647
v -0.01332576 -0.03517664 -0.02902217
v -0.01893861 -0.03340907 -0.02572898
v -0.01924391 -0.03544398 -0.02548573
v -0.02379878 -0.03388270 -0.02131021
v -0.02349654 -0.03129774 -0.02163560
v -0.02403017 -0.03695765 -0.02106093
v -0.02737782 -0.03594447 -0.01644237
v -0.02723409 -0.03228504 -0.01666327
v -0.02967012 -0.03507557 -0.01172372
v -0.02962440 -0.03096131 -0.01187954
v -0.03110323 -0.03455409 -0.00707863
v -0.03111024 -0.03009559 -0.00711977
v -0.03178645 -0.03427601 -0.00256366
v -0.03183498 -0.02963368 -0.00248637
v -0.03188301 -0.03425282 0.00174979
v -0.03188765 -0.02961512 0.00184924
v -0.03184621 -0.02501453 0.00212652
v -0.03113966 -0.02645887 0.00717070
v -0.03088924 -0.02303480 0.00816805
v -0.02901045 -0.02597279 0.01333610
v -0.02842659 -0.02348621 0.01452590
v -0.03053365 -0.02004603 0.00939528
v -0.02776613 -0.02123475 0.01578550
v -0.03003444 -0.01738636 0.01089890
v -0.02701314 -0.01904603 0.01711905
v -0.02941164 -0.01492762 0.01251542
v -0.02471413 -0.02447987 0.02024037
v -0.02386867 -0.02253993 0.02124388
v -0.02388185 -0.02122352 0.02281884
v -0.02008034 -0.02570496 0.02488694
v -0.02019563 -0.02478504 0.02628375
v -0.02079549 -0.02425013 0.02820874
v -0.01563496 -0.02789784 0.02920386
v -0.01604146 -0.02763685 0.03086721
v -0.02128285 -0.02382411 0.03015901
v -0.01550343 -0.02844129 0.02798542
v -0.01612093 -0.02982386 0.02761332
v -0.02085292 -0.02732923 0.02422077
v -0.01671553 -0.03131336 0.02723445
v -0.01103151 -0.03309632 0.02999096
v -0.02156923 -0.02907923 0.02357133
v -0.01724379 -0.03284022 0.02689758
v -0.01143874 -0.03444911 0.02982336
v -0.01183003 -0.03586756 0.02968240
v -0.00522609 -0.03677015 0.03152465
v -0.00497865 -0.03545936 0.03156525
v -0.00546071 -0.03815199 0.03148496
v 0.00153825 -0.03824744 0.03190994
v 0.00163737 -0.03694911 0.03190868
v 0.00142393 -0.03961976 0.03190345
v -0.00568660 -0.03954017 0.03143468
v 0.00124333 -0.04178504 0.03192819
v 0.00813017 -0.04155531 0.03089169
v -0.00595229 -0.04170130 0.03140391
v 0.00101604 -0.04462489 0.03192829
v 0.00793919 -0.04454994 0.03094011
v 0.00763792 -0.04800379 0.03104148
v 0.01387303 -0.04800379 0.02879967
v 0.01415154 -0.04443177 0.02863063
v 0.01160197 -0.04800379 0.02451917
v 0.01646324 -0.04800379 0.02211917
v 0.01925676 -0.04800379 0.02551479
v 0.01375163 -0.04800379 0.01829034
v 0.01723991 -0.04800379 0.01564817
v 0.02043242 -0.04800379 0.01871398
v 0.00969987 -0.04800379 0.02031095
v 0.00803172 -0.04800379 0.01586956
v 0.00430424 -0.04800379 0.01674780
v 0.00393498 -0.04800379 0.01182197
v 0.00695683 -0.04800379 0.01108965
v 0.00514433 -0.04800379 0.02158557
v 0.00019353 -0.04800379 0.02205036
v 0.00621172 -0.04800379 0.02620551
v 0.00035326 -0.04800379 0.02692746
v -0.00562514 -0.04800379 0.02643667
v 0.00075963 -0.04800379 0.03196906
v -0.00638588 -0.04800379 0.03135660
v -0.01321150 -0.04800379 0.02911537
v -0.00619691 -0.04460365 0.03135640
v -0.01308894 -0.04449720 0.02913748
v -0.01913326 -0.04439515 0.02556732
v -0.01283839 -0.04141541 0.02924669
v -0.01890913 -0.04112806 0.02572054
v -0.02383333 -0.04066468 0.02126088
v -0.01856331 -0.03835731 0.02595958
v -0.02356709 -0.03756971 0.02158218
v -0.02734444 -0.03659974 0.01652434
v -0.02749385 -0.04003724 0.01624631
v -0.02318526 -0.03494666 0.02199242
v -0.02706557 -0.03357264 0.01694667
v -0.02972414 -0.03199989 0.01164820
v -0.02988448 -0.03556629 0.01123243
v -0.02668764 -0.03094715 0.01757603
v -0.02273744 -0.03278626 0.02246971
v -0.02613557 -0.02863807 0.01837472
v -0.02944234 -0.02875575 0.01235694
v -0.02220229 -0.03091029 0.02298196
v -0.02547151 -0.02652943 0.01925551
v -0.01817049 -0.03621839 0.02625314
v -0.01772304 -0.03440101 0.02659386
v -0.03135335 -0.03465711 0.00619346
v -0.03134444 -0.03908656 0.00614003
v -0.02992921 -0.03946058 0.01107909
v -0.03135701 -0.04354481 0.00613795
v -0.02995241 -0.04368006 0.01106962
v -0.02756990 -0.04388905 0.01612175
v -0.03000258 -0.04800379 0.01103537
v -0.02760707 -0.04800379 0.01612137
v -0.02400215 -0.04417616 0.02107796
v -0.02404945 -0.04800379 0.02106832
v -0.02048335 -0.04800379 0.01771057
v -0.01630721 -0.04800379 0.02145501
v -0.01921150 -0.04800379 0.02555283
v -0.01371333 -0.04800379 0.01734997
v -0.00954463 -0.04800379 0.01989076
v -0.01128999 -0.04800379 0.02446672
v -0.00774141 -0.04800379 0.01504794
v -0.00381892 -0.04800379 0.01640290
v -0.00479848 -0.04800379 0.02149047
v -0.00274287 -0.04800379 0.01150170
v 0.00026555 -0.04800379 0.01696695
v 0.00061882 -0.04800379 0.01200193
v -0.00164577 -0.04800379 0.00681683
v 0.00127055 -0.04800379 0.00721048
v 0.00417046 -0.04800379 0.00718335
v 0.00213322 -0.04800379 0.00298095
v 0.00487303 -0.04800379 0.00323372
v 0.00697270 -0.04800379 0.00689489
v 0.00763652 -0.04800379 0.00353485
v 0.01046721 -0.04800379 0.00406560
v 0.01387370 -0.04800379 0.00520741
v 0.00862010 -0.04800379 0.00025331
v 0.01165379 -0.04800379 0.00118401
v 0.01512480 -0.04800379 0.00243936
v 0.01909709 -0.04800379 0.00398260
v 0.01785362 -0.04800379 0.00700705
v 0.01614024 -0.04800379 -0.00066507
v 0.01992705 -0.04800379 0.00057083
v 0.02054900 -0.04800379 -0.00276982
v 0.01706999 -0.04800379 -0.00390433
v 0.01276091 -0.04800379 -0.00200293
v 0.01385808 -0.04800379 -0.00535238
v 0.01511516 -0.04800379 -0.00881881
v 0.01072563 -0.04800379 -0.00682702
v 0.01190910 -0.04800379 -0.01058372
v 0.01673845 -0.04800379 -0.01221475
v 0.01337755 -0.04800379 -0.01437566
v 0.00845305 -0.04800379 -0.01210590
v 0.00951762 -0.04800379 -0.01622304
v 0.01078508 -0.04800379 -0.02035842
v 0.00523344 -0.04800379 -0.01745688
v 0.00584404 -0.04800379 -0.02188391
v 0.01238188 -0.04800379 -0.02436747
v 0.00666997 -0.04800379 -0.02629706
v 0.00056511 -0.04800379 -0.02244325
v 0.00048149 -0.04800379 -0.02704213
v 0.00779979 -0.04800379 -0.03098787
v 0.00047508 -0.04800379 -0.03196999
v -0.00576436 -0.04800379 -0.02640128
v -0.00693044 -0.04800379 -0.03120714
v 0.00047081 -0.04454749 -0.03193091
v -0.00702541 -0.04448890 -0.03115534
v -0.01376814 -0.04800379 -0.02883904
v -0.01388741 -0.04435902 -0.02874777
v -0.01388045 -0.04113441 -0.02875128
v -0.01964192 -0.04422913 -0.02517823
v -0.01960829 -0.04079578 -0.02519492
v -0.01372890 -0.03851698 -0.02879417
v -0.01947749 -0.03777381 -0.02530050
v -0.01355391 -0.03678114 -0.02890832
v -0.02414699 -0.04404115 -0.02092063
v -0.02413087 -0.04034071 -0.02091638
v -0.02742494 -0.04381287 -0.01635621
v -0.02740437 -0.03978285 -0.01628075
v -0.02966237 -0.04362684 -0.01174650
v -0.02966280 -0.03925745 -0.01163820
v -0.03106361 -0.04350086 -0.00733608
v -0.03107716 -0.03897913 -0.00714255
v -0.03179659 -0.04345057 -0.00292564
v -0.03177937 -0.03887879 -0.00269211
v -0.03190108 -0.04346693 0.00155020
v -0.03187996 -0.03889930 0.00168568
v -0.03193898 -0.04800379 0.00130922
v -0.03141847 -0.04800379 0.00604519
v -0.02720003 -0.04800379 0.00468026
v -0.02590083 -0.04800379 0.00902673
v -0.02210201 -0.04800379 0.00683040
v -0.02012898 -0.04800379 0.01060522
v -0.02368477 -0.04800379 0.01348538
v -0.01684016 -0.04800379 0.00736521
v -0.01431807 -0.04800379 0.01046305
v -0.01729121 -0.04800379 0.01422961
v -0.01174068 -0.04800379 0.00657923
v -0.00902589 -0.04800379 0.00873020
v -0.01125490 -0.04800379 0.01304040
v -0.00715260 -0.04800379 0.00478245
v -0.00446040 -0.04800379 0.00600968
v -0.00602943 -0.04800379 0.01035899
v -0.00321919 -0.04800379 0.00212521
v -0.00056172 -0.04800379 0.00264440
v -0.00243404 -0.04800379 -0.00156094
v 0.00024785 -0.04800379 -0.00132928
v 0.00299638 -0.04800379 -0.00100983
v 0.00577129 -0.04800379 -0.00046703
v 0.00071294 -0.04800379 -0.00524682
v 0.00369731 -0.04800379 -0.00489256
v 0.00668456 -0.04800379 -0.00422551
v 0.00966447 -0.04800379 -0.00323620
v 0.00753801 -0.04800379 -0.00806142
v 0.00422429 -0.04800379 -0.00890724
v 0.00469810 -0.04800379 -0.01313428
v 0.00087169 -0.04800379 -0.00928356
v 0.00082469 -0.04800379 -0.01348155
v 0.00068077 -0.04800379 -0.01790790
v -0.00302974 -0.04800379 -0.01317717
v -0.00378755 -0.04800379 -0.01749011
v -0.00472652 -0.04800379 -0.02192617
v -0.00975728 -0.04800379 -0.02032479
v -0.01160713 -0.04800379 -0.02446010
v -0.01663271 -0.04800379 -0.02147174
v -0.01953224 -0.04800379 -0.02530190
v -0.02402681 -0.04800379 -0.02108021
v -0.02064644 -0.04800379 -0.01785645
v -0.02731599 -0.04800379 -0.01659389
v -0.02364912 -0.04800379 -0.01403341
v -0.02963405 -0.04800379 -0.01205234
v -0.02575526 -0.04800379 -0.01026724
v -0.03103371 -0.04800379 -0.00765124
v -0.03183253 -0.04800379 -0.00324034
v -0.02037746 -0.04800379 -0.01121556
v -0.02228438 -0.04800379 -0.00798206
v -0.01766628 -0.04800379 -0.00803348
v -0.01960567 -0.04800379 -0.00510523
v -0.01554121 -0.04800379 -0.00488274
v -0.01771254 -0.04800379 -0.00205472
v -0.02018465 -0.04800379 0.00062980
v -0.01595644 -0.04800379 0.00106248
v -0.01871577 -0.04800379 0.00408923
v -0.02334621 -0.04800379 0.00296585
v -0.01366115 -0.04800379 -0.00191714
v -0.01177193 -0.04800379 0.00074893
v -0.01406056 -0.04800379 0.00396012
v -0.00961128 -0.04800379 0.00304554
v -0.01140047 -0.04800379 -0.00464360
v -0.00875203 -0.04800379 -0.00690865
v -0.01315730 -0.04800379 -0.00776639
v -0.01023915 -0.04800379 -0.01034012
v -0.00680244 -0.04800379 -0.01219193
v -0.00574483 -0.04800379 -0.00839992
v -0.01520943 -0.04800379 -0.01111371
v -0.01201625 -0.04800379 -0.01396907
v -0.01773177 -0.04800379 -0.01453564
v -0.01417476 -0.04800379 -0.01772908
v -0.00814803 -0.04800379 -0.01618312
v -0.00245815 -0.04800379 -0.00913162
v -0.00219807 -0.04800379 -0.00530281
v -0.00506654 -0.04800379 -0.00494400
v -0.02776662 -0.04800379 0.00062363
v -0.03129482 -0.03040492 0.00652419
v -0.01249849 -0.03889369 0.02937073
v -0.01218752 -0.03735365 0.02952851
v -0.01359547 0.02892345 0.04800653
v -0.00749483 0.02626281 0.04800653
v -0.03117201 0.00701501 0.01535726
v -0.02544344 0.03274132 -0.01932392
v -0.02232967 0.03698473 -0.02285476
v -0.01828413 0.04070275 -0.02619359
v -0.01332021 0.04424548 -0.02903012
v -0.00761732 0.04799621 -0.03103510
v -0.00101613 0.04799621 -0.02714141
v -0.03191573 0.03307336 0.00029665
v -0.03164613 0.03817199 -0.00417995
v -0.01360786 0.04799621 -0.01263228
v -0.01122078 0.04799621 -0.00924712
v -0.00810396 0.04799621 -0.01124785
v -0.00289711 0.04799621 -0.00949054
v 0.00200237 0.04799621 -0.00728440
v 0.00650597 0.04799621 -0.00458231
v 0.02490471 -0.02002186 -0.03671637
v 0.02515691 -0.01967542 -0.04010811
v 0.02829375 -0.01466566 -0.03931870
v 0.03150102 0.00494811 0.04018155
v 0.02323027 0.02193761 0.03230867
v 0.02261693 0.02255822 0.03010990
v 0.01846318 0.02605700 0.03185720
v 0.01785826 0.02648571 0.03013657
v 0.01332713 0.02903820 0.03185707
v 0.01712114 0.02697277 0.02840216
v 0.01279228 0.02930627 0.03033932
v 0.00809209 0.03091125 0.03173681
v 0.01262212 0.03010070 0.02937567
v 0.00801897 0.03164342 0.03093630
v 0.00313811 0.03247985 0.03183475
v 0.00826524 0.03305163 0.03085810
v 0.00324815 0.03380260 0.03181139
v -0.00184114 0.03391076 0.03190041
v -0.00179671 0.03257580 0.03190750
v 0.00333311 0.03517541 0.03178620
v -0.00189455 0.03526964 0.03189065
v -0.00683205 0.03341955 0.03122933
v -0.00702888 0.03480895 0.03116506
v -0.00719887 0.03622253 0.03111845
v -0.01218660 0.03535046 0.02951818
v -0.01188435 0.03382067 0.02964051
v -0.01244936 0.03694323 0.02941172
v -0.01712105 0.03590539 0.02694264
v -0.01675209 0.03408385 0.02717722
v -0.01740425 0.03795568 0.02674575
v -0.02164455 0.03738366 0.02350019
v -0.01764937 0.04083361 0.02663206
v -0.02189467 0.04051208 0.02326400
v -0.02546071 0.04006652 0.01929586
v -0.02523848 0.03665050 0.01959851
v -0.02555391 0.04388097 0.01917807
v -0.02831142 0.04361071 0.01475116
v -0.02822993 0.03939538 0.01479379
v -0.02828951 0.04799621 0.01495381
v -0.03024715 0.04799621 0.01035191
v -0.03026283 0.04333312 0.01012847
v -0.02628157 0.04799621 0.00906181
v -0.02750191 0.04799621 0.00509950
v -0.03146114 0.04799621 0.00575740
v -0.02255220 0.04799621 0.00743603
v -0.02380446 0.04799621 0.00417899
v -0.02804378 0.04799621 0.00116411
v -0.01892384 0.04799621 0.00533476
v -0.02007350 0.04799621 0.00268723
v -0.01572548 0.04799621 0.00298264
v -0.01709200 0.04799621 0.00053209
v -0.01417775 0.04799621 0.00551355
v -0.01144472 0.04799621 0.00309971
v -0.01303157 0.04799621 0.00067625
v -0.01733308 0.04799621 0.00812908
v -0.01531056 0.04799621 0.01087549
v -0.01236629 0.04799621 0.00803714
v -0.02079115 0.04799621 0.01061456
v -0.01851033 0.04799621 0.01375610
v -0.01579121 0.04799621 0.01664309
v -0.01290889 0.04799621 0.01343288
v -0.02441451 0.04799621 0.01285827
v -0.02189064 0.04799621 0.01651980
v -0.01879762 0.04799621 0.01986122
v -0.01505867 0.04799621 0.02280619
v -0.02197096 0.04799621 0.02323168
v -0.01770735 0.04799621 0.02665786
v -0.01280434 0.04799621 0.02930797
v -0.01774879 0.04421227 0.02657762
v -0.01288051 0.04429113 0.02924548
v -0.00757527 0.04435290 0.03103197
v -0.01282668 0.04105407 0.02927672
v -0.00755452 0.04135827 0.03104945
v -0.00745491 0.03918859 0.03105928
v -0.00200459 0.03945910 0.03187159
v -0.00198067 0.03809386 0.03188580
v 0.00346349 0.03803039 0.03178371
v -0.00193990 0.03663952 0.03189026
v 0.00340385 0.03655749 0.03177957
v 0.00864684 0.03594836 0.03074155
v 0.00847282 0.03449499 0.03079383
v 0.01333025 0.03324255 0.02900986
v 0.01300114 0.03164464 0.02918427
v 0.01733037 0.02970568 0.02682141
v 0.01680418 0.02795470 0.02717854
v -0.00734639 0.03770959 0.03109458
v -0.01263142 0.03855382 0.02930506
v -0.02201759 0.04408556 0.02316185
v -0.02550325 0.04799621 0.01927711
v -0.01254195 0.04799621 0.01918913
v -0.01006050 0.04799621 0.01568173
v -0.00766743 0.04799621 0.01238197
v -0.01020918 0.04799621 0.01036037
v -0.00775594 0.04799621 0.00757238
v -0.00970290 0.04799621 0.00544343
v -0.00548787 0.04799621 0.00511912
v -0.00722395 0.04799621 0.00312815
v -0.00488857 0.04799621 0.00119198
v -0.00883577 0.04799621 0.00084367
v -0.00345149 0.04799621 0.00678131
v -0.00543867 0.04799621 0.00937646
v -0.03141805 0.02911144 0.00576804
v 0.01007750 -0.00915955 0.04800653
v 0.00270177 0.03186339 -0.04799347
v 0.00281480 0.03181408 -0.04441742
v 0.00838860 0.03082287 -0.04429843
v 0.00216386 0.02790881 -0.04799347
v -0.00276460 0.02787609 -0.04799347
v -0.00296822 0.03185046 -0.04799347
v -0.00852400 0.03081066 -0.04799347
v -0.00740077 0.02693029 -0.04799347
v -0.01173518 0.02521374 -0.04799347
v -0.00992549 0.02178112 -0.04799347
v -0.01329353 0.01970226 -0.04799347
v -0.01094978 0.01660339 -0.04799347
v -0.00868910 0.01362804 -0.04799347
v -0.01085616 0.01149328 -0.04799347
v -0.00639070 0.01074132 -0.04799347
v -0.00828725 0.00890246 -0.04799347
v -0.01000758 0.00666442 -0.04799347
v 0.00840050 0.03080700 -0.04120687
v 0.01357054 0.02892028 -0.04086912
v 0.01343553 0.02895470 -0.03825820
v 0.01804948 0.02630505 -0.03751789
v 0.01783220 0.02647546 -0.03535988
v 0.02185320 0.02329064 -0.03396742
v 0.02149785 0.02361828 -0.03150789
v 0.02496696 0.01991759 -0.02928223
v 0.02453593 0.02042174 -0.02647816
v 0.02756987 0.01607604 -0.02281241
f 1 2 3
f 1 4 5
f 1 5 6
f 1 6 7
f 8 9 10
f 8 11 9
f 8 12 13
f 8 10 12
f 8 13 14
f 15 16 17
f 15 18 19
f 15 19 20
f 15 21 16
f 22 23 24
f 22 25 23
f 22 24 26
f 22 27 28
f 22 29 27
f 30 31 32
f 30 33 34
f 30 35 31
f 36 37 38
f 36 39 37
f 36 40 41
f 36 42 43
f 36 43 44
f 45 46 47
f 45 48 49
f 45 50 51
f 52 53 54
f 52 55 56
f 52 57 55
f 58 59 60
f 58 61 4
f 58 62 59
f 58 3 62
f 63 64 65
f 63 66 67
f 63 68 66
f 69 70 71
f 69 72 70
f 69 73 72
f 74 75 76
f 74 77 75
f 74 78 79
f 80 81 82
f 80 83 84
f 80 84 85
f 86 87 88
f 86 89 90
f 86 90 91
f 92 93 94
f 92 95 96
f 92 94 97
f 98 99 100
f 98 101 102
f 98 103 101
f 104 105 106
f 104 106 107
f 104 107 108
f 109 110 111
f 109 112 110
f 109 113 114
f 115 116 117
f 115 117 118
f 115 119 120
f 115 121 119
f 122 123 124
f 122 125 123
f 122 126 127
f 128 129 130
f 128 130 131
f 128 132 129
f 133 134 135
f 133 136 137
f 133 138 139
f 140 141 142
f 140 143 144
f 140 145 146
f 147 148 149
f 147 150 151
f 147 152 148
f 153 154 155
f 153 152 156
f 153 157 154
f 158 159 160
f 158 157 161
f 158 162 159
f 163 164 165
f 163 162 166
f 163 167 164
f 168 169 170
f 168 167 171
f 168 172 169
f 173 174 175
f 173 172 176
f 173 177 174
f 178 179 174
f 178 177 180
f 178 181 182
f 182 183 179
f 182 181 184
f 182 184 185
f 185 186 183
f 185 184 187
f 185 187 188
f 188 189 186
f 188 187 190
f 188 190 191
f 191 192 189
f 191 190 193
f 191 193 194
f 194 195 196
f 194 193 197
f 194 198 195
f 199 200 201
f 199 198 202
f 199 203 200
f 204 205 206
f 204 203 207
f 204 208 205
f 209 210 211
f 209 208 212
f 209 213 210
f 214 215 216
f 214 213 217
f 214 218 215
f 219 220 221
f 219 218 222
f 219 223 220
f 224 225 226
f 224 223 227
f 224 228 225
f 229 230 231
f 229 228 232
f 229 233 230
f 234 235 236
f 234 233 237
f 234 237 238
f 238 239 235
f 238 237 240
f 238 240 241
f 241 242 239
f 241 240 243
f 241 243 244
f 244 245 242
f 244 243 246
f 244 247 245
f 248 249 250
f 248 247 251
f 248 252 249
f 253 254 255
f 253 252 256
f 253 257 254
f 258 259 97
f 258 257 260
f 258 261 259
f 262 263 264
f 262 264 265
f 262 261 266
f 266 267 263
f 266 261 268
f 266 268 85
f 268 260 269
f 268 269 81
f 269 270 271
f 269 271 81
f 271 272 273
f 271 274 82
f 275 276 277
f 275 277 83
f 275 274 278
f 278 274 279
f 278 279 280
f 278 281 276
f 282 283 284
f 282 285 286
f 282 281 287
f 287 288 289
f 287 281 290
f 287 290 288
f 290 280 291
f 290 292 293
f 292 291 294
f 292 295 90
f 295 294 296
f 295 297 91
f 298 297 299
f 298 300 301
f 298 301 87
f 301 302 303
f 301 303 88
f 303 304 305
f 303 306 88
f 307 306 308
f 307 309 310
f 307 310 89
f 310 311 288
f 310 288 293
f 311 309 312
f 311 313 289
f 314 313 315
f 314 316 284
f 314 284 283
f 317 316 318
f 317 319 320
f 317 320 285
f 320 321 322
f 320 322 286
f 322 323 324
f 322 324 286
f 324 325 326
f 324 327 277
f 326 325 328
f 326 328 329
f 326 330 327
f 330 329 331
f 330 267 84
f 329 328 332
f 329 332 333
f 333 332 334
f 333 334 335
f 333 336 331
f 335 334 337
f 335 337 338
f 335 339 336
f 339 338 340
f 339 341 264
f 341 340 96
f 341 96 265
f 342 340 343
f 342 344 345
f 342 345 93
f 345 346 347
f 345 347 348
f 347 349 350
f 347 351 352
f 352 351 250
f 352 250 249
f 352 255 348
f 353 351 354
f 353 354 355
f 353 356 245
f 355 354 357
f 355 357 358
f 355 359 356
f 358 357 360
f 358 360 361
f 358 362 359
f 361 360 363
f 361 363 236
f 361 236 362
f 364 363 365
f 364 366 231
f 364 231 230
f 367 366 368
f 367 369 226
f 367 226 225
f 370 369 371
f 370 372 221
f 370 221 220
f 373 372 374
f 373 375 216
f 373 216 215
f 376 375 377
f 376 378 211
f 376 211 210
f 379 378 380
f 379 381 206
f 379 206 205
f 382 381 383
f 382 384 201
f 382 201 200
f 385 384 386
f 385 387 196
f 385 196 195
f 388 387 389
f 388 390 391
f 388 392 196
f 391 390 393
f 391 393 394
f 391 395 392
f 394 393 396
f 394 396 397
f 394 398 395
f 397 396 399
f 397 399 400
f 397 401 398
f 400 399 402
f 400 402 403
f 400 404 401
f 403 402 405
f 403 405 406
f 403 175 404
f 406 405 407
f 406 407 170
f 406 170 169
f 408 407 409
f 408 410 165
f 408 165 164
f 411 410 412
f 411 413 160
f 411 160 159
f 414 413 415
f 414 416 155
f 414 155 154
f 417 416 418
f 417 419 149
f 417 149 148
f 420 419 421
f 420 422 423
f 420 423 150
f 423 424 425
f 423 425 151
f 425 426 427
f 425 427 428
f 428 156 152
f 428 427 429
f 428 429 156
f 430 161 157
f 430 429 431
f 430 432 161
f 433 166 162
f 433 432 434
f 433 435 166
f 436 171 167
f 436 435 437
f 436 438 171
f 439 176 172
f 439 438 440
f 439 441 176
f 442 180 177
f 442 441 443
f 442 444 180
f 445 446 181
f 445 444 447
f 445 448 446
f 449 450 446
f 449 448 451
f 449 451 450
f 452 453 450
f 452 451 10
f 452 454 455
f 455 456 453
f 455 454 20
f 455 20 19
f 457 454 458
f 457 458 459
f 457 459 21
f 459 460 461
f 459 462 463
f 462 461 464
f 462 465 466
f 466 465 467
f 466 468 469
f 466 469 463
f 469 470 471
f 469 471 16
f 471 472 473
f 471 473 17
f 474 475 476
f 474 473 477
f 474 478 475
f 479 480 481
f 479 478 482
f 479 483 480
f 484 485 486
f 484 483 487
f 484 488 485
f 489 490 491
f 489 488 492
f 489 493 490
f 494 495 496
f 494 493 497
f 494 498 495
f 499 500 501
f 499 498 502
f 499 503 500
f 504 505 506
f 504 503 507
f 504 305 505
f 507 503 502
f 507 508 308
f 507 308 306
f 509 508 510
f 509 511 312
f 509 312 309
f 512 511 513
f 512 514 315
f 512 315 313
f 515 514 516
f 515 517 318
f 515 318 316
f 518 517 519
f 518 520 521
f 518 521 319
f 521 522 523
f 521 523 321
f 523 524 525
f 523 525 323
f 525 526 527
f 525 527 325
f 528 526 529
f 528 530 531
f 528 532 527
f 531 530 533
f 531 533 534
f 531 535 532
f 534 533 536
f 534 536 537
f 534 538 535
f 537 536 539
f 537 540 541
f 537 541 337
f 541 542 543
f 541 543 338
f 543 544 343
f 543 343 340
f 545 544 546
f 545 547 548
f 545 548 344
f 548 549 550
f 548 550 346
f 550 551 552
f 550 552 349
f 552 553 554
f 552 555 349
f 555 554 556
f 555 557 350
f 556 554 558
f 556 558 559
f 556 560 557
f 559 558 561
f 559 561 562
f 559 563 560
f 562 561 564
f 562 564 365
f 562 365 363
f 565 564 566
f 565 567 368
f 565 368 366
f 568 567 569
f 568 570 371
f 568 371 369
f 571 570 572
f 571 573 374
f 571 374 372
f 574 573 575
f 574 576 377
f 574 377 375
f 577 576 578
f 577 579 380
f 577 380 378
f 580 579 581
f 580 582 383
f 580 383 381
f 583 582 584
f 583 585 386
f 583 386 384
f 586 585 587
f 586 588 389
f 586 389 387
f 589 588 590
f 589 591 592
f 589 592 390
f 593 591 594
f 593 594 595
f 593 596 592
f 595 594 597
f 595 597 598
f 595 599 596
f 598 597 600
f 598 600 601
f 598 602 599
f 601 600 603
f 601 603 604
f 601 605 602
f 604 603 606
f 604 606 607
f 604 608 605
f 607 606 609
f 607 609 610
f 607 409 608
f 610 609 611
f 610 611 412
f 610 412 410
f 612 611 613
f 612 614 415
f 612 415 413
f 615 614 616
f 615 617 418
f 615 418 416
f 618 617 619
f 618 620 421
f 618 421 419
f 621 620 622
f 621 623 624
f 621 624 422
f 624 625 626
f 624 626 424
f 626 627 628
f 626 628 426
f 628 629 630
f 628 630 631
f 630 632 633
f 630 633 634
f 634 635 631
f 634 633 636
f 634 636 635
f 637 431 429
f 637 636 638
f 637 639 431
f 640 434 432
f 640 639 641
f 640 642 434
f 643 437 435
f 643 642 644
f 643 645 437
f 646 440 438
f 646 645 647
f 646 648 440
f 649 443 441
f 649 648 650
f 649 651 443
f 652 447 444
f 652 651 653
f 652 654 447
f 654 653 655
f 654 656 657
f 656 655 658
f 656 659 13
f 659 658 660
f 659 661 14
f 662 663 11
f 662 661 664
f 662 665 663
f 665 664 666
f 665 667 37
f 667 666 668
f 667 669 38
f 670 671 40
f 670 669 672
f 670 673 674
f 674 675 671
f 674 673 676
f 674 676 677
f 677 678 675
f 677 676 679
f 677 679 680
f 680 681 678
f 680 679 682
f 680 682 683
f 683 684 681
f 683 682 685
f 683 685 686
f 686 687 684
f 686 685 688
f 686 688 689
f 689 690 687
f 689 688 691
f 689 691 692
f 692 693 690
f 692 691 694
f 692 694 695
f 695 696 693
f 695 694 697
f 695 697 698
f 698 699 700
f 698 697 701
f 698 701 699
f 702 701 703
f 702 703 704
f 702 705 706
f 706 707 708
f 706 709 699
f 706 705 707
f 710 705 711
f 710 711 712
f 710 713 714
f 713 712 715
f 713 716 714
f 716 715 717
f 716 718 31
f 718 717 719
f 718 720 32
f 721 720 722
f 721 723 724
f 721 724 33
f 724 725 726
f 724 727 34
f 727 726 728
f 727 729 34
f 730 729 731
f 730 732 709
f 730 708 34
f 732 731 733
f 732 734 700
f 734 733 735
f 734 736 700
f 735 733 737
f 735 737 738
f 735 739 736
f 738 737 740
f 738 740 741
f 738 742 739
f 741 740 743
f 741 743 744
f 741 745 742
f 744 743 746
f 744 746 747
f 744 748 745
f 747 746 749
f 747 749 750
f 747 751 748
f 750 749 752
f 750 752 753
f 750 754 751
f 753 752 755
f 753 755 41
f 753 756 754
f 755 757 758
f 755 758 42
f 758 759 760
f 758 760 761
f 760 762 763
f 760 763 764
f 764 763 765
f 764 765 766
f 764 767 761
f 767 766 768
f 767 769 43
f 769 768 770
f 769 770 44
f 771 772 773
f 771 773 39
f 771 770 774
f 774 461 460
f 774 770 775
f 774 776 461
f 776 775 777
f 776 125 464
f 772 460 9
f 775 768 778
f 778 779 780
f 778 781 777
f 778 768 766
f 781 780 782
f 781 783 123
f 783 782 784
f 783 785 124
f 786 785 787
f 786 788 789
f 786 789 790
f 789 791 792
f 789 792 793
f 793 792 794
f 793 794 795
f 793 796 790
f 796 795 797
f 796 797 126
f 797 798 799
f 797 799 800
f 800 467 126
f 800 799 801
f 800 801 468
f 801 802 803
f 801 803 470
f 803 804 805
f 803 805 472
f 805 806 807
f 805 807 808
f 807 809 810
f 807 810 811
f 811 477 808
f 811 810 812
f 811 812 477
f 813 482 478
f 813 812 814
f 813 815 482
f 816 487 483
f 816 815 817
f 816 818 487
f 819 492 488
f 819 818 820
f 819 821 492
f 822 497 493
f 822 821 823
f 822 824 497
f 825 502 498
f 825 824 510
f 825 510 508
f 826 824 823
f 826 827 513
f 826 513 511
f 828 827 99
f 828 102 516
f 828 516 514
f 829 102 101
f 829 830 519
f 829 519 517
f 831 830 832
f 831 833 834
f 831 834 520
f 834 835 836
f 834 836 522
f 836 837 838
f 836 838 524
f 838 839 529
f 838 529 526
f 840 839 841
f 840 842 843
f 840 844 529
f 843 842 845
f 843 845 846
f 843 847 844
f 846 845 848
f 846 848 539
f 846 539 536
f 849 848 850
f 849 851 852
f 849 853 540
f 853 852 854
f 853 855 540
f 855 854 546
f 855 546 544
f 856 854 857
f 856 858 859
f 856 859 547
f 859 860 861
f 859 861 549
f 861 862 863
f 861 863 551
f 863 864 865
f 863 865 553
f 865 866 867
f 865 868 553
f 867 866 869
f 867 870 871
f 867 872 868
f 871 870 873
f 871 873 874
f 871 875 872
f 874 873 876
f 874 877 566
f 874 566 564
f 878 877 879
f 878 880 569
f 878 569 567
f 881 880 882
f 881 883 572
f 881 572 570
f 884 883 885
f 884 886 575
f 884 575 573
f 887 886 888
f 887 889 578
f 887 578 576
f 890 889 891
f 890 892 581
f 890 581 579
f 893 892 894
f 893 895 584
f 893 584 582
f 896 895 897
f 896 898 587
f 896 587 585
f 899 898 900
f 899 901 590
f 899 590 588
f 902 901 903
f 902 904 905
f 902 905 591
f 906 904 907
f 906 907 908
f 906 909 905
f 908 907 910
f 908 910 911
f 908 912 909
f 911 910 913
f 911 913 914
f 911 915 912
f 914 913 916
f 914 916 917
f 914 918 915
f 917 916 919
f 917 919 920
f 917 921 918
f 920 919 922
f 920 922 923
f 920 924 921
f 923 922 925
f 923 925 926
f 923 613 924
f 926 925 927
f 926 927 616
f 926 616 614
f 928 927 139
f 928 138 619
f 928 619 617
f 927 929 139
f 930 931 136
f 930 929 932
f 930 933 931
f 934 935 931
f 934 933 936
f 934 937 938
f 938 939 935
f 938 937 940
f 938 941 942
f 942 943 939
f 942 941 944
f 942 944 945
f 945 65 943
f 945 944 946
f 945 946 68
f 946 947 948
f 946 948 949
f 948 950 951
f 948 951 952
f 952 953 949
f 952 951 954
f 952 954 955
f 955 956 953
f 955 954 957
f 955 958 959
f 959 960 956
f 959 958 961
f 959 961 962
f 962 963 960
f 962 961 964
f 962 964 965
f 965 966 963
f 965 964 967
f 965 967 968
f 968 969 966
f 968 967 970
f 968 970 971
f 971 972 973
f 971 970 974
f 971 974 975
f 975 976 972
f 975 974 977
f 975 978 979
f 979 980 976
f 979 978 981
f 979 981 982
f 982 983 980
f 982 981 984
f 982 984 985
f 985 986 983
f 985 984 987
f 985 987 988
f 988 989 990
f 988 987 991
f 988 991 989
f 992 993 994
f 992 991 995
f 992 996 993
f 997 998 999
f 997 996 1000
f 997 1001 998
f 1002 1003 1004
f 1002 1001 1005
f 1002 1006 1003
f 1007 1008 1009
f 1007 1006 1010
f 1007 1011 1008
f 1012 1013 1014
f 1012 1011 1015
f 1012 1016 1013
f 1017 1018 1019
f 1017 1016 1020
f 1017 1020 1021
f 1021 1022 1018
f 1021 1020 1023
f 1021 1024 1025
f 1025 1026 1022
f 1025 1024 129
f 1025 129 1027
f 1028 1029 1030
f 1028 1030 1031
f 1028 1026 1032
f 1032 1033 1029
f 1032 1026 1034
f 1032 1034 1035
f 1035 1036 1033
f 1035 1034 1037
f 1035 1037 1038
f 1038 1039 1036
f 1038 1037 108
f 1038 108 107
f 1040 1037 1041
f 1040 1042 1043
f 1040 1043 105
f 1043 1044 1045
f 1043 1045 1046
f 1045 1047 1048
f 1045 1048 1049
f 1049 1048 1050
f 1049 1050 1051
f 1049 1051 106
f 1052 1048 1053
f 1052 1054 1055
f 1052 1055 1050
f 1056 1054 1057
f 1056 1057 1058
f 1056 1059 1055
f 1059 1058 1060
f 1059 1061 703
f 1061 1060 1062
f 1061 1063 704
f 1063 1062 1064
f 1063 1065 711
f 1065 1064 1066
f 1065 1067 712
f 1067 1066 1068
f 1067 1069 715
f 1069 1068 1070
f 1069 1071 717
f 1071 1070 1072
f 1071 1073 719
f 1074 1073 1075
f 1074 1076 722
f 1074 722 720
f 1077 1076 1078
f 1077 1078 1079
f 1077 1080 722
f 1080 1079 1081
f 1080 1082 723
f 1082 1081 1083
f 1082 1084 725
f 1084 1083 1085
f 1084 1086 726
f 1086 1085 1087
f 1086 1088 728
f 1089 1088 1090
f 1089 1091 731
f 1089 731 729
f 1090 1088 1092
f 1090 1092 1093
f 1090 1094 1091
f 1093 1092 1095
f 1093 1095 1096
f 1093 1097 1094
f 1096 1095 1098
f 1096 1098 1099
f 1096 1100 1097
f 1099 1098 1101
f 1099 1101 1102
f 1099 1103 1100
f 1102 1101 1104
f 1102 1104 1105
f 1102 1106 1103
f 1105 1104 1107
f 1105 1107 759
f 1105 757 1106
f 1107 1108 1109
f 1107 1109 762
f 1109 1110 1111
f 1109 1111 1112
f 1111 1113 1114
f 1111 1114 1115
f 1115 1114 1116
f 1115 1116 1117
f 1115 1118 1112
f 1117 1116 1119
f 1117 1119 1120
f 1117 1121 1118
f 1121 1120 780
f 1121 779 765
f 1120 1119 1122
f 1120 1122 782
f 1122 1123 1124
f 1122 1124 784
f 1124 1125 1126
f 1124 1126 1127
f 1127 1126 1128
f 1127 1129 787
f 1127 787 785
f 1130 1129 1131
f 1130 1132 1133
f 1130 1133 788
f 1133 1134 1135
f 1133 1135 791
f 1135 1136 1137
f 1135 1137 1138
f 1137 1139 1140
f 1137 1140 1141
f 1141 1140 1142
f 1141 1142 1143
f 1141 1144 1138
f 1143 1142 1145
f 1143 1145 1146
f 1143 1147 1144
f 1147 1146 1148
f 1147 1149 794
f 1149 1148 1150
f 1149 1151 798
f 1151 1150 1152
f 1151 1153 1154
f 1153 1152 1155
f 1153 1155 1156
f 1156 802 1154
f 1156 1155 1157
f 1156 1157 804
f 1157 1158 1159
f 1157 1159 806
f 1159 1160 1161
f 1159 1161 809
f 1161 1162 1163
f 1161 1163 1164
f 1163 1165 1166
f 1163 1166 1167
f 1167 1168 1164
f 1167 1166 1169
f 1167 1169 1170
f 1170 814 1168
f 1170 1169 1171
f 1170 1171 814
f 1172 817 815
f 1172 1171 1173
f 1172 1174 817
f 1175 820 818
f 1175 1174 1176
f 1175 103 820
f 1174 1173 832
f 1173 1171 1177
f 1173 1177 833
f 1177 1178 1179
f 1177 1180 835
f 1180 1179 1181
f 1180 1182 837
f 1182 1181 1183
f 1182 841 839
f 1183 1181 1184
f 1183 1184 1185
f 1183 1185 841
f 1186 1184 1187
f 1186 1188 1189
f 1186 1189 1185
f 1190 1188 1191
f 1190 1191 1192
f 1190 850 1189
f 1192 1191 1193
f 1192 1193 1194
f 1192 1195 851
f 1195 1194 1196
f 1195 1197 851
f 1197 1196 1198
f 1197 857 852
f 1198 1196 1199
f 1198 1199 1200
f 1198 1200 858
f 1200 1201 1202
f 1200 1202 860
f 1202 1203 1204
f 1202 1204 862
f 1204 1205 1206
f 1204 1206 864
f 1206 1207 869
f 1206 869 866
f 1208 1207 1209
f 1208 60 1210
f 1208 1210 870
f 1211 60 59
f 1211 1212 876
f 1211 876 873
f 1213 1212 1214
f 1213 1215 879
f 1213 879 877
f 1216 1215 1217
f 1216 1218 882
f 1216 882 880
f 1219 1218 1220
f 1219 1221 885
f 1219 885 883
f 1222 1221 1223
f 1222 1224 888
f 1222 888 886
f 1225 1224 1226
f 1225 1227 891
f 1225 891 889
f 1228 1227 1229
f 1228 1230 894
f 1228 894 892
f 1231 1230 1232
f 1231 1233 897
f 1231 897 895
f 1234 1233 1235
f 1234 1236 900
f 1234 900 898
f 1237 1236 1238
f 1237 1239 903
f 1237 903 901
f 1240 1239 1241
f 1240 1242 1243
f 1240 1243 904
f 1242 1241 1244
f 1242 1245 1246
f 1245 1244 1247
f 1245 1248 70
f 1248 1247 1249
f 1248 1250 71
f 1250 1249 1251
f 1250 1252 1253
f 1251 1254 1255
f 1251 1256 1252
f 1251 1249 1254
f 1257 1258 1259
f 1257 1249 1247
f 1257 1260 1258
f 1261 1262 1263
f 1261 1260 1264
f 1261 1265 1262
f 1266 1267 1268
f 1266 1265 1269
f 1266 1270 1267
f 1271 1272 1273
f 1271 1270 1274
f 1271 1275 1272
f 1276 1277 1278
f 1276 1275 1279
f 1276 1280 1277
f 1281 1282 1283
f 1281 1280 1284
f 1281 1285 1282
f 1286 1287 957
f 1286 1285 1288
f 1286 1289 1287
f 1290 1291 1287
f 1290 1289 1292
f 1290 1293 1291
f 1293 1292 1294
f 1293 1295 29
f 1295 1294 1220
f 1295 1296 1297
f 1296 1220 1218
f 1296 1217 1297
f 1298 1299 1297
f 1298 1217 1215
f 1298 1214 1299
f 1299 1300 28
f 1299 1301 1300
f 1300 62 1302
f 1300 1302 1303
f 1303 1304 25
f 1303 1302 1305
f 1303 1305 1304
f 1306 1307 1308
f 1306 1305 1309
f 1306 1309 1307
f 1310 1311 1312
f 1310 1309 1313
f 1310 1313 1311
f 1314 1315 1316
f 1314 1313 1317
f 1314 1318 1315
f 1319 1320 1321
f 1319 1318 1322
f 1319 1323 1320
f 1324 1325 1326
f 1324 1323 1327
f 1324 1328 1325
f 1329 1330 1325
f 1329 1328 1331
f 1329 1332 1333
f 1333 1334 1330
f 1333 1332 1335
f 1333 1335 1336
f 1336 1337 1334
f 1336 1335 1338
f 1336 1338 1339
f 1339 1340 1337
f 1339 1338 1341
f 1339 1341 1342
f 1342 1343 1340
f 1342 1341 1344
f 1342 1344 1345
f 1345 1346 1343
f 1345 1344 1347
f 1345 1347 1348
f 1348 1349 1346
f 1348 1347 1350
f 1348 1350 1351
f 1351 1352 1349
f 1351 1350 1353
f 1351 1353 1352
f 1354 1355 1356
f 1354 1353 1054
f 1354 1053 1355
f 1356 1357 1358
f 1356 1359 1352
f 1356 1355 1357
f 1360 131 130
f 1360 1355 1047
f 1360 1044 131
f 1359 1358 1023
f 1359 1361 1362
f 1363 1361 1364
f 1363 1365 1366
f 1363 1367 1362
f 1366 1365 1368
f 1366 1368 1369
f 1366 1370 1367
f 1369 1368 1010
f 1369 1371 1372
f 1369 1373 1370
f 1372 1371 1005
f 1372 1374 1375
f 1372 1376 1373
f 1375 1374 1377
f 1375 1377 1378
f 1375 1379 1376
f 1378 1377 1380
f 1378 1380 1381
f 1378 1382 1379
f 1381 1380 1383
f 1381 1383 1384
f 1381 1385 1382
f 1384 1383 1386
f 1384 1386 1326
f 1384 1326 1325
f 1387 1386 1388
f 1387 1389 1321
f 1387 1321 1320
f 1390 1389 1391
f 1390 1392 1316
f 1390 1316 1315
f 1393 1392 977
f 1393 1394 1312
f 1393 1312 1311
f 1395 1394 1396
f 1395 1397 1308
f 1395 1308 1307
f 1397 1396 1398
f 1397 1398 1399
f 1394 977 974
f 1392 1391 978
f 1389 1388 981
f 1386 1400 1388
f 1383 1401 1400
f 1380 995 1401
f 1377 1000 995
f 1374 1005 1001
f 1371 1010 1006
f 1368 1015 1011
f 1365 1364 1015
f 1361 1023 1020
f 1358 1402 1024
f 1358 1357 1402
f 1350 1403 1057
f 1403 1347 1404
f 1403 1405 1058
f 1405 1404 1406
f 1405 1407 1060
f 1407 1406 1408
f 1407 1409 1062
f 1409 1408 1410
f 1409 1411 1064
f 1411 1410 53
f 1411 56 1066
f 1410 1408 1412
f 1410 1412 54
f 1412 1413 1414
f 1412 1414 1415
f 1415 1414 1416
f 1415 1417 1418
f 1415 1418 57
f 1418 1419 1420
f 1418 1420 1421
f 1420 1422 1423
f 1420 1423 1072
f 1423 1424 1075
f 1423 1075 1073
f 1425 1424 1426
f 1425 1427 1428
f 1425 1428 1076
f 1429 1427 1430
f 1429 1431 1432
f 1429 1433 1428
f 1433 1432 1434
f 1433 1435 1078
f 1435 1434 1436
f 1435 1437 1079
f 1437 1436 1438
f 1437 1439 1081
f 1439 1438 1440
f 1439 1441 1083
f 1441 1440 1442
f 1441 1443 1085
f 1443 1442 1444
f 1443 1445 1087
f 1444 1442 1446
f 1444 1446 1447
f 1444 1448 1445
f 1447 1446 1449
f 1447 1449 1450
f 1447 1451 1448
f 1450 1449 1452
f 1450 1452 1453
f 1450 1454 1451
f 1453 1452 1455
f 1453 1455 1110
f 1453 1108 1454
f 1455 1456 1457
f 1455 1457 1113
f 1457 1458 1459
f 1457 1459 1460
f 1459 1461 1462
f 1459 1462 1463
f 1463 1462 1464
f 1463 1464 1465
f 1463 1466 1460
f 1465 1464 1467
f 1465 1467 1468
f 1465 1469 1466
f 1468 1467 1470
f 1468 1470 1125
f 1468 1123 1469
f 1470 1471 1472
f 1470 1472 1473
f 1472 1474 1475
f 1472 1475 1476
f 1476 1475 1477
f 1476 1477 1478
f 1476 1128 1473
f 1478 1477 1479
f 1478 1479 1131
f 1478 1131 1129
f 1480 1479 1481
f 1480 1481 1482
f 1480 1482 1132
f 1482 1483 1484
f 1482 1484 1134
f 1484 1485 1486
f 1484 1486 1136
f 1486 1487 1488
f 1486 1488 1139
f 1488 1489 1490
f 1488 1490 1491
f 1490 1492 1493
f 1490 1493 1494
f 1494 1493 1495
f 1494 1495 1496
f 1494 1497 1491
f 1496 1495 1498
f 1496 1498 1499
f 1496 1500 1497
f 1499 1498 1501
f 1499 1501 1502
f 1499 1503 1500
f 1503 1502 1504
f 1503 1505 1145
f 1505 1504 1506
f 1505 1506 1146
f 1506 1507 1508
f 1506 1508 1148
f 1508 1509 1510
f 1508 1510 1150
f 1510 1511 1512
f 1510 1512 1513
f 1512 1514 1515
f 1512 1515 1516
f 1516 1158 1513
f 1516 1515 1517
f 1516 1517 1160
f 1517 1518 1519
f 1517 1519 1162
f 1519 1520 1521
f 1519 1522 1165
f 1522 1521 1188
f 1522 1187 1165
f 1520 1518 1523
f 1520 1524 1521
f 1523 1518 1515
f 1523 1525 1526
f 1523 1526 1524
f 1526 1527 1528
f 1526 1529 1193
f 1529 1528 1530
f 1529 1531 1194
f 1530 1528 1532
f 1530 1532 1533
f 1530 1534 1531
f 1534 1533 1535
f 1534 1535 1201
f 1535 1536 1537
f 1535 1537 1203
f 1537 1538 1539
f 1537 1539 1205
f 1539 61 1209
f 1539 1209 1207
f 1538 1536 1540
f 1538 1541 61
f 1540 1542 1543
f 1540 1543 5
f 1540 1536 1533
f 1543 1544 1545
f 1543 1545 1546
f 1545 1547 1548
f 1545 1548 1549
f 1549 1548 1550
f 1549 1550 1551
f 1549 1552 1546
f 1552 1551 1553
f 1552 1554 6
f 1554 1553 1555
f 1554 1556 7
f 1557 1556 1558
f 1557 1559 1560
f 1557 1561 1562
f 1561 1560 1563
f 1561 1564 1565
f 1565 2 1562
f 1565 1564 1566
f 1565 1566 1567
f 1567 1568 1302
f 1567 1569 2
f 1567 1566 1568
f 1570 1571 1305
f 1570 1566 1572
f 1570 118 117
f 1572 1564 1573
f 1572 1573 1574
f 1573 1563 1575
f 1573 1575 1576
f 1576 1575 1577
f 1576 1578 121
f 1576 121 1574
f 1579 1578 1580
f 1579 1581 1582
f 1579 1582 1583
f 1582 1584 1585
f 1582 1585 1586
f 1586 1587 1583
f 1586 1585 1434
f 1586 1434 1432
f 1587 1588 119
f 1587 1432 1431
f 1588 1589 1590
f 1588 1431 1589
f 1590 1322 1318
f 1590 1317 116
f 1590 1589 1322
f 1591 1327 1323
f 1591 1589 1430
f 1591 1592 1327
f 1593 1331 1328
f 1593 1592 1426
f 1593 1594 1331
f 1595 1596 1332
f 1595 1594 1422
f 1595 1419 1596
f 1594 1426 1424
f 1592 1430 1427
f 1585 1597 1436
f 1597 1584 1598
f 1597 1599 1438
f 1599 1598 1600
f 1599 1601 1440
f 1600 1598 1602
f 1600 1602 1603
f 1600 1604 1601
f 1603 1602 1605
f 1603 1605 1606
f 1603 1607 1604
f 1606 1605 1608
f 1606 1608 1458
f 1606 1456 1607
f 1608 1609 1610
f 1608 1610 1461
f 1610 1611 1612
f 1610 1612 1613
f 1612 1614 1615
f 1612 1615 1616
f 1616 1615 1617
f 1616 1617 1618
f 1616 1619 1613
f 1618 1617 1620
f 1618 1620 1621
f 1618 1622 1619
f 1621 1620 1623
f 1621 1623 1474
f 1621 1471 1622
f 1623 1624 1625
f 1623 1625 1626
f 1625 1627 1628
f 1625 1628 1629
f 1629 1628 1630
f 1629 1630 1631
f 1629 1632 1626
f 1631 1630 1633
f 1631 1633 1634
f 1631 1635 1632
f 1634 1633 1636
f 1634 1636 1637
f 1634 1637 1635
f 1638 1636 1639
f 1638 1640 1641
f 1638 1641 1481
f 1641 1642 1643
f 1641 1643 1483
f 1643 1644 1645
f 1643 1645 1485
f 1645 1646 1647
f 1645 1647 1487
f 1647 47 1648
f 1647 1648 1489
f 1648 46 1649
f 1648 1649 1492
f 1649 51 1650
f 1649 1651 1652
f 1651 1650 1653
f 1651 1654 1655
f 1655 1654 1656
f 1655 1656 1657
f 1655 1658 1652
f 1657 1656 1659
f 1657 1659 1660
f 1657 1661 1658
f 1660 1659 1662
f 1660 1662 1663
f 1660 1664 1661
f 1663 1662 1665
f 1663 1666 1667
f 1663 1667 1664
f 1667 1668 1669
f 1667 1669 1501
f 1669 1670 1671
f 1669 1671 1502
f 1671 1672 1673
f 1671 1673 1507
f 1673 1674 1675
f 1673 1675 1509
f 1675 1676 1677
f 1675 1677 1511
f 1677 1678 1679
f 1677 1679 1514
f 1679 1680 1527
f 1679 1527 1525
f 1678 1676 1681
f 1678 1682 1680
f 1682 1681 1544
f 1682 1542 1532
f 1681 1676 1683
f 1681 1683 1547
f 1683 1674 1684
f 1683 1684 1685
f 1684 1672 1686
f 1684 1686 1687
f 1687 1686 1688
f 1687 1688 1689
f 1687 1690 1685
f 1689 1688 1691
f 1689 1691 1692
f 1689 1693 1690
f 1693 1692 1694
f 1693 1695 1550
f 1695 1694 1696
f 1695 1697 1551
f 1697 1696 1698
f 1697 1699 1553
f 1699 1698 1700
f 1699 1701 1555
f 1702 1701 1703
f 1702 1703 1704
f 1702 1558 1556
f 1704 1703 1705
f 1704 1705 1706
f 1704 1707 1558
f 1707 1706 1708
f 1707 1709 1559
f 1709 1708 1710
f 1709 1711 1560
f 1710 1708 1712
f 1710 1713 1577
f 1710 1577 1575
f 1714 1713 1715
f 1714 1716 1580
f 1714 1580 1578
f 1717 1716 1718
f 1717 1719 1720
f 1717 1720 1581
f 1718 1716 1721
f 1718 1721 1611
f 1718 1609 1719
f 1721 1715 1722
f 1721 1722 1614
f 1722 1723 1724
f 1722 1724 1725
f 1724 1726 1727
f 1724 1727 1728
f 1728 1727 1729
f 1728 1729 1730
f 1728 1731 1725
f 1730 1729 1732
f 1730 1732 1733
f 1730 1734 1731
f 1733 1732 1735
f 1733 1735 1627
f 1733 1624 1734
f 1735 1736 1737
f 1735 1737 1738
f 1737 1739 1740
f 1737 1740 1741
f 1741 1740 1742
f 1741 1742 1743
f 1741 1744 1738
f 1743 1742 1745
f 1743 1745 1746
f 1743 1747 1744
f 1746 1745 1748
f 1746 1748 1749
f 1746 1750 1747
f 1749 1748 141
f 1749 141 1639
f 1749 1639 1750
f 1748 1751 142
f 1752 1753 1754
f 1752 1755 142
f 1752 1751 1756
f 1756 1757 1753
f 1756 1751 1758
f 1756 1758 1759
f 1759 1760 1757
f 1759 1758 1761
f 1759 1761 1762
f 1762 1763 1760
f 1762 1761 1764
f 1762 1764 1765
f 1765 1766 1763
f 1765 1764 1767
f 1765 1767 1768
f 1768 1769 1766
f 1768 1767 1770
f 1768 1770 1771
f 1771 1772 1773
f 1771 1770 1774
f 1771 1774 1775
f 1775 1776 1777
f 1775 1774 1778
f 1775 1778 1776
f 1778 1779 1780
f 1778 1780 1781
f 1780 1782 1783
f 1780 1783 1706
f 1783 1726 1712
f 1783 1712 1708
f 1779 1774 1784
f 1779 1785 1782
f 1777 1786 1787
f 1777 1788 1772
f 1777 1776 1786
f 1788 1787 1789
f 1788 1790 1773
f 1791 1790 1792
f 1791 1793 1794
f 1791 1794 1769
f 1795 1793 1796
f 1795 1796 1797
f 1795 1798 1766
f 1797 1796 1799
f 1797 1799 1800
f 1797 1801 1798
f 1800 1799 1802
f 1800 1802 1803
f 1800 1804 1801
f 1803 1802 1805
f 1803 1805 1806
f 1803 1806 1804
f 1807 1805 1808
f 1807 1809 1754
f 1807 1754 1753
f 1810 1809 1811
f 1810 1812 1813
f 1810 1813 1755
f 1813 144 143
f 1813 1814 144
f 1815 1816 145
f 1815 1814 1817
f 1815 1818 1816
f 1819 1820 1821
f 1819 1818 1822
f 1819 1822 1823
f 1823 1822 1824
f 1823 1824 1646
f 1823 1644 1820
f 1824 1825 48
f 1824 48 47
f 1825 1822 1826
f 1825 1827 49
f 1828 1827 1829
f 1828 1830 1831
f 1828 1831 50
f 1831 1832 1650
f 1831 1650 51
f 1832 1830 1833
f 1832 1834 1653
f 1835 1834 1836
f 1835 1837 1838
f 1835 1838 1654
f 1839 1837 1840
f 1839 1841 1842
f 1839 1842 1838
f 1843 1841 1844
f 1843 1845 1846
f 1843 1846 1842
f 1847 1845 1848
f 1847 1849 1665
f 1847 1665 1662
f 1850 1849 1851
f 1850 1852 1853
f 1850 1853 1666
f 1853 1854 1855
f 1853 1855 1668
f 1852 1851 1856
f 1852 1857 1854
f 1857 1856 1858
f 1857 1859 1691
f 1859 1858 1860
f 1859 1861 1692
f 1861 1860 1862
f 1861 1863 1694
f 1863 1862 1864
f 1863 1865 1696
f 1865 1864 1866
f 1865 1867 1698
f 1867 1866 1787
f 1867 1787 1786
f 1866 1864 1868
f 1866 1868 1869
f 1869 1868 1870
f 1869 1870 1871
f 1869 1792 1789
f 1871 1870 1872
f 1871 1872 1873
f 1871 1874 1792
f 1873 1872 1875
f 1873 1875 1876
f 1873 1877 1874
f 1876 1875 1878
f 1876 1878 1879
f 1876 1880 1877
f 1879 1878 1881
f 1879 1881 1882
f 1879 1883 1880
f 1882 1881 1884
f 1882 1884 1808
f 1882 1808 1883
f 1885 1884 1886
f 1885 1887 1811
f 1885 1811 1809
f 1888 1889 1812
f 1888 1887 1890
f 1888 1891 1889
f 1892 1893 1889
f 1892 1891 1894
f 1892 1894 1829
f 1894 1895 1833
f 1894 1833 1830
f 1896 1895 1897
f 1896 1898 1836
f 1896 1836 1834
f 1899 1898 1900
f 1899 1901 1840
f 1899 1840 1837
f 1902 1901 1903
f 1902 1903 1844
f 1902 1844 1841
f 1904 1903 1905
f 1904 1905 1848
f 1904 1848 1845
f 1906 1905 1907
f 1906 1907 1851
f 1906 1851 1849
f 1907 1908 1909
f 1907 1909 1856
f 1909 1910 1911
f 1909 1911 1858
f 1911 1912 111
f 1911 1913 1860
f 1913 111 110
f 1913 1914 1862
f 1912 1910 1915
f 1912 1916 111
f 1916 1915 1917
f 1916 1918 113
f 1918 1917 1919
f 1918 1920 114
f 1921 1920 1922
f 1921 1923 1924
f 1921 1924 112
f 1922 1920 1925
f 1922 1925 1926
f 1922 1927 1923
f 1926 1925 79
f 1926 79 78
f 1926 1928 1927
f 1929 1930 77
f 1929 1925 1919
f 1929 1931 1930
f 1932 1933 1934
f 1932 1931 1935
f 1932 1936 1933
f 1936 1935 1937
f 1936 1938 1939
f 1937 1935 1915
f 1937 1915 1910
f 1937 1908 1938
f 1935 1931 1917
f 1934 1940 1941
f 1934 1942 1930
f 1934 1933 1940
f 1941 1890 1887
f 1941 1886 1942
f 1941 1940 1890
f 1940 1900 1898
f 1933 1939 1900
f 1897 1895 1890
f 1893 1826 1817
f 1893 1829 1827
f 1889 1817 1814
f 1886 1884 75
f 1881 1928 76
f 1924 1870 1943
f 1868 1914 1943
f 1821 146 1816
f 1821 1820 1642
f 1821 1640 146
f 1786 1944 1700
f 1776 1781 1944
f 1784 1770 1945
f 1784 1946 1785
f 1945 1767 1739
f 1945 1736 1946
f 1723 1715 1713
f 1855 1686 1670
f 1720 1598 1584
f 1417 1416 1596
f 1414 1947 1416
f 1413 1948 1947
f 1413 1408 1406
f 1406 1404 1948
f 1317 1313 1949
f 1309 1571 1949
f 1308 1399 1304
f 1294 1292 1223
f 1294 1223 1221
f 1950 1292 1289
f 1950 1288 1226
f 1950 1226 1224
f 1951 1288 1285
f 1951 1284 1952
f 1951 1229 1226
f 1952 1284 1280
f 1952 1279 1232
f 1952 1232 1230
f 1953 1279 1275
f 1953 1274 1235
f 1953 1235 1233
f 1954 1274 1270
f 1954 1269 1238
f 1954 1238 1236
f 1955 1269 1265
f 1955 1264 1241
f 1955 1241 1239
f 1291 1956 1957
f 1291 26 24
f 1287 1957 958
f 1282 957 954
f 1277 1283 951
f 1273 950 1958
f 1273 1958 1267
f 1273 1272 1278
f 1958 947 1959
f 1958 1959 1268
f 1960 1959 940
f 1960 940 1263
f 1960 1263 1262
f 1961 940 937
f 1961 936 1259
f 1961 1259 1258
f 1962 936 933
f 1962 932 1255
f 1962 1255 1254
f 1264 1260 1244
f 1255 1963 1256
f 1214 1212 1301
f 1187 1184 1964
f 1965 1966 1964
f 1965 1181 1179
f 1179 1178 1966
f 1072 1070 1421
f 1070 1068 55
f 1042 1041 132
f 1041 1034 1027
f 1031 1030 1967
f 1031 1967 1018
f 1019 1967 673
f 1019 672 1013
f 1014 672 669
f 1014 668 1008
f 1009 668 666
f 1009 1968 1003
f 1968 666 664
f 1968 1969 1004
f 1970 1969 660
f 1970 1971 999
f 1970 999 998
f 1972 1971 1973
f 1972 1974 994
f 1972 994 993
f 1975 1974 1976
f 1975 1977 990
f 1975 990 989
f 1978 1977 1979
f 1978 1980 1981
f 1978 1982 986
f 1981 1980 1983
f 1981 1984 1985
f 1981 1985 1982
f 1986 1984 1987
f 1986 1987 1988
f 1986 1989 1985
f 1988 1987 1990
f 1988 1990 1991
f 1988 1992 1989
f 1991 1990 1993
f 1991 1993 973
f 1991 973 972
f 1994 1993 1995
f 1994 1996 1997
f 1994 1998 973
f 1997 1996 1999
f 1997 1999 2000
f 1997 2001 1998
f 2000 1999 2002
f 2000 2002 2003
f 2000 2004 2001
f 2003 2002 2005
f 2003 2005 2006
f 2003 2007 2004
f 2006 2005 2008
f 2006 2009 67
f 2006 2010 2007
f 2009 2008 2011
f 2009 2012 67
f 2012 2011 2013
f 2012 2014 64
f 2013 2015 2016
f 2013 2017 2014
f 2013 2011 2015
f 2018 2019 2020
f 2018 2011 2008
f 2018 2021 2019
f 2022 2023 2024
f 2022 2021 2025
f 2022 2026 2023
f 2027 2028 2023
f 2027 2026 2029
f 2027 2029 2030
f 2030 2031 2028
f 2030 2029 2032
f 2030 2032 2033
f 2033 2034 2031
f 2033 2032 2035
f 2033 2035 2036
f 2036 638 2034
f 2036 2035 2037
f 2036 2037 2038
f 2038 641 639
f 2038 2037 2039
f 2038 2039 641
f 2040 644 642
f 2040 2039 2041
f 2040 2042 644
f 2043 647 645
f 2043 2042 1983
f 2043 2044 647
f 2045 650 648
f 2045 2044 1979
f 2045 2046 650
f 2047 653 651
f 2047 2046 1976
f 2047 2048 653
f 2048 1976 1974
f 2048 1973 655
f 2046 1979 1977
f 2044 1983 1980
f 2042 2041 1984
f 2039 2049 2041
f 2037 2050 2049
f 2035 1995 1993
f 2032 2051 1995
f 2029 2052 2051
f 2053 629 2054
f 2053 2054 2024
f 2053 2028 632
f 2054 627 2055
f 2054 2055 2056
f 2056 2055 2057
f 2056 2057 2020
f 2056 2020 2019
f 2058 2057 2059
f 2058 2060 2016
f 2058 2016 2015
f 2060 2059 137
f 2060 2061 2062
f 2059 2063 137
f 2059 2057 2064
f 2063 622 134
f 2063 2064 623
f 2064 2055 625
f 2026 2025 2052
f 2021 2008 2005
f 2016 2062 2017
f 1973 1971 658
f 1969 664 661
f 1398 967 2065
f 964 1956 2065
f 2010 67 66
f 2061 137 136
f 932 929 1963
f 1253 913 73
f 907 1243 1246
f 832 830 1176
f 827 823 100
f 823 821 100
f 708 707 35
f 1051 694 2066
f 691 1039 2066
f 756 41 40
f 622 620 135
f 506 2067 2068
f 506 2069 500
f 506 505 2067
f 2070 2071 2072
f 2070 505 304
f 2070 302 2071
f 2072 2073 233
f 2072 232 2067
f 2072 2071 2073
f 2074 2075 2073
f 2074 2071 300
f 2074 299 2075
f 2076 2077 2075
f 2076 299 297
f 2076 296 2077
f 2078 246 243
f 2078 296 294
f 2078 2079 246
f 2080 251 247
f 2080 2079 2081
f 2080 2082 251
f 2083 256 252
f 2083 2082 273
f 2083 272 256
f 2082 2081 273
f 2081 2079 291
f 2081 291 279
f 2069 2068 227
f 2069 2084 501
f 2085 2084 222
f 2085 2086 496
f 2085 496 495
f 2087 2086 217
f 2087 2088 491
f 2087 491 490
f 2089 2088 212
f 2089 2090 486
f 2089 486 485
f 2091 2090 207
f 2091 2092 481
f 2091 481 480
f 2093 2092 202
f 2093 18 476
f 2093 476 475
f 2092 207 203
f 2090 212 208
f 2088 217 213
f 2086 222 218
f 2084 227 223
f 2068 232 228
f 467 465 127
f 448 447 657
f 270 260 257
f 265 95 259
f 255 254 94
f 202 198 18
f 193 456 197
f 663 39 773
f 1 3 4
f 4 1541 5
f 5 1546 6
f 1 7 1562
f 9 458 10
f 11 773 9
f 12 657 13
f 10 451 12
f 8 14 11
f 15 17 476
f 18 197 19
f 15 20 21
f 21 463 16
f 23 2065 24
f 25 1399 23
f 22 26 29
f 22 28 25
f 29 1297 27
f 30 32 33
f 30 34 35
f 35 714 31
f 36 38 40
f 39 663 37
f 36 41 42
f 42 761 43
f 36 44 39
f 45 47 48
f 45 49 50
f 45 51 46
f 52 54 57
f 52 56 53
f 57 1421 55
f 58 60 1209
f 58 4 3
f 62 1301 59
f 3 1569 62
f 63 65 68
f 63 67 64
f 68 949 66
f 69 71 73
f 72 1246 70
f 73 910 72
f 74 76 78
f 77 1942 75
f 74 79 77
f 80 82 83
f 83 327 84
f 80 85 81
f 86 88 89
f 89 293 90
f 86 91 87
f 93 348 94
f 92 96 93
f 92 97 95
f 98 100 103
f 98 102 99
f 103 1176 101
f 105 1046 106
f 106 2066 107
f 104 108 105
f 109 111 113
f 112 1943 110
f 109 114 112
f 116 1949 117
f 115 118 1574
f 115 120 116
f 121 1583 119
f 122 124 790
f 125 777 123
f 122 127 125
f 129 1402 130
f 128 131 132
f 132 1027 129
f 133 135 138
f 133 137 134
f 133 139 136
f 140 142 143
f 140 144 145
f 140 146 141
f 147 149 150
f 147 151 152
f 152 153 148
f 153 155 148
f 153 156 157
f 157 158 154
f 158 160 154
f 158 161 162
f 162 163 159
f 163 165 159
f 163 166 167
f 167 168 164
f 168 170 164
f 168 171 172
f 172 173 169
f 173 175 169
f 173 176 177
f 177 178 174
f 179 404 174
f 178 180 181
f 178 182 179
f 183 401 179
f 181 446 184
f 182 185 183
f 186 398 183
f 184 450 187
f 185 188 186
f 189 395 186
f 187 453 190
f 188 191 189
f 192 392 189
f 190 456 193
f 191 194 192
f 194 196 192
f 194 197 198
f 198 199 195
f 199 201 195
f 199 202 203
f 203 204 200
f 204 206 200
f 204 207 208
f 208 209 205
f 209 211 205
f 209 212 213
f 213 214 210
f 214 216 210
f 214 217 218
f 218 219 215
f 219 221 215
f 219 222 223
f 223 224 220
f 224 226 220
f 224 227 228
f 228 229 225
f 229 231 225
f 229 232 233
f 233 234 230
f 234 236 230
f 233 2073 237
f 234 238 235
f 239 362 235
f 237 2075 240
f 238 241 239
f 242 359 239
f 240 2077 243
f 241 244 242
f 245 356 242
f 244 246 247
f 247 248 245
f 248 250 245
f 248 251 252
f 252 253 249
f 253 255 249
f 253 256 257
f 257 258 254
f 258 97 254
f 258 260 261
f 261 262 259
f 263 336 264
f 262 265 259
f 262 266 263
f 267 331 263
f 261 260 268
f 266 85 267
f 260 270 269
f 268 81 85
f 270 272 271
f 271 82 81
f 271 273 274
f 274 275 82
f 276 286 277
f 275 83 82
f 275 278 276
f 274 273 279
f 278 280 281
f 281 282 276
f 282 284 285
f 282 286 276
f 282 287 283
f 287 289 283
f 281 280 290
f 290 293 288
f 290 291 292
f 292 90 293
f 292 294 295
f 295 91 90
f 295 296 297
f 297 298 91
f 298 299 300
f 300 302 301
f 298 87 91
f 302 304 303
f 301 88 87
f 303 305 306
f 306 307 88
f 307 308 309
f 309 311 310
f 307 89 88
f 311 289 288
f 310 293 89
f 311 312 313
f 313 314 289
f 314 315 316
f 316 317 284
f 314 283 289
f 317 318 319
f 319 321 320
f 317 285 284
f 321 323 322
f 320 286 285
f 323 325 324
f 324 277 286
f 324 326 327
f 327 83 277
f 325 527 328
f 326 329 330
f 330 84 327
f 330 331 267
f 267 85 84
f 328 532 332
f 329 333 331
f 332 535 334
f 333 335 336
f 336 263 331
f 334 538 337
f 335 338 339
f 339 264 336
f 339 340 341
f 341 265 264
f 340 342 96
f 96 95 265
f 342 343 344
f 344 346 345
f 342 93 96
f 346 349 347
f 345 348 93
f 347 350 351
f 347 352 348
f 351 353 250
f 352 249 255
f 255 94 348
f 351 350 354
f 353 355 356
f 353 245 250
f 354 557 357
f 355 358 359
f 359 242 356
f 357 560 360
f 358 361 362
f 362 239 359
f 360 563 363
f 363 364 236
f 236 235 362
f 364 365 366
f 366 367 231
f 364 230 236
f 367 368 369
f 369 370 226
f 367 225 231
f 370 371 372
f 372 373 221
f 370 220 226
f 373 374 375
f 375 376 216
f 373 215 221
f 376 377 378
f 378 379 211
f 376 210 216
f 379 380 381
f 381 382 206
f 379 205 211
f 382 383 384
f 384 385 201
f 382 200 206
f 385 386 387
f 387 388 196
f 385 195 201
f 388 389 390
f 388 391 392
f 392 192 196
f 390 592 393
f 391 394 395
f 395 189 392
f 393 596 396
f 394 397 398
f 398 186 395
f 396 599 399
f 397 400 401
f 401 183 398
f 399 602 402
f 400 403 404
f 404 179 401
f 402 605 405
f 403 406 175
f 175 174 404
f 405 608 407
f 407 408 170
f 406 169 175
f 408 409 410
f 410 411 165
f 408 164 170
f 411 412 413
f 413 414 160
f 411 159 165
f 414 415 416
f 416 417 155
f 414 154 160
f 417 418 419
f 419 420 149
f 417 148 155
f 420 421 422
f 422 424 423
f 420 150 149
f 424 426 425
f 423 151 150
f 426 631 427
f 425 428 151
f 428 152 151
f 427 635 429
f 429 430 156
f 430 157 156
f 430 431 432
f 432 433 161
f 433 162 161
f 433 434 435
f 435 436 166
f 436 167 166
f 436 437 438
f 438 439 171
f 439 172 171
f 439 440 441
f 441 442 176
f 442 177 176
f 442 443 444
f 444 445 180
f 445 181 180
f 445 447 448
f 448 449 446
f 450 184 446
f 448 12 451
f 451 452 450
f 453 187 450
f 452 10 454
f 452 455 453
f 456 190 453
f 454 457 20
f 455 19 456
f 454 10 458
f 458 460 459
f 457 21 20
f 459 461 462
f 459 463 21
f 462 464 465
f 462 466 463
f 466 467 468
f 468 470 469
f 469 16 463
f 470 472 471
f 471 17 16
f 472 808 473
f 473 474 17
f 474 476 17
f 474 477 478
f 478 479 475
f 479 481 475
f 479 482 483
f 483 484 480
f 484 486 480
f 484 487 488
f 488 489 485
f 489 491 485
f 489 492 493
f 493 494 490
f 494 496 490
f 494 497 498
f 498 499 495
f 499 501 495
f 499 502 503
f 503 504 500
f 504 506 500
f 504 507 305
f 305 304 505
f 507 502 508
f 508 509 308
f 507 306 305
f 509 510 511
f 511 512 312
f 509 309 308
f 512 513 514
f 514 515 315
f 512 313 312
f 515 516 517
f 517 518 318
f 515 316 315
f 518 519 520
f 520 522 521
f 518 319 318
f 522 524 523
f 521 321 319
f 524 526 525
f 523 323 321
f 526 528 527
f 525 325 323
f 528 529 530
f 528 531 532
f 532 328 527
f 530 844 533
f 531 534 535
f 535 332 532
f 533 847 536
f 534 537 538
f 538 334 535
f 537 539 540
f 540 542 541
f 537 337 538
f 542 544 543
f 541 338 337
f 544 545 343
f 543 340 338
f 545 546 547
f 547 549 548
f 545 344 343
f 549 551 550
f 548 346 344
f 551 553 552
f 550 349 346
f 552 554 555
f 555 350 349
f 555 556 557
f 557 354 350
f 554 868 558
f 556 559 560
f 560 357 557
f 558 872 561
f 559 562 563
f 563 360 560
f 561 875 564
f 564 565 365
f 562 363 563
f 565 566 567
f 567 568 368
f 565 366 365
f 568 569 570
f 570 571 371
f 568 369 368
f 571 572 573
f 573 574 374
f 571 372 371
f 574 575 576
f 576 577 377
f 574 375 374
f 577 578 579
f 579 580 380
f 577 378 377
f 580 581 582
f 582 583 383
f 580 381 380
f 583 584 585
f 585 586 386
f 583 384 383
f 586 587 588
f 588 589 389
f 586 387 386
f 589 590 591
f 591 593 592
f 589 390 389
f 591 905 594
f 593 595 596
f 596 393 592
f 594 909 597
f 595 598 599
f 599 396 596
f 597 912 600
f 598 601 602
f 602 399 599
f 600 915 603
f 601 604 605
f 605 402 602
f 603 918 606
f 604 607 608
f 608 405 605
f 606 921 609
f 607 610 409
f 409 407 608
f 609 924 611
f 611 612 412
f 610 410 409
f 612 613 614
f 614 615 415
f 612 413 412
f 615 616 617
f 617 618 418
f 615 416 415
f 618 619 620
f 620 621 421
f 618 419 418
f 621 622 623
f 623 625 624
f 621 422 421
f 625 627 626
f 624 424 422
f 627 629 628
f 626 426 424
f 629 632 630
f 628 631 426
f 632 2031 633
f 630 634 631
f 635 427 631
f 633 2034 636
f 636 637 635
f 637 429 635
f 637 638 639
f 639 640 431
f 640 432 431
f 640 641 642
f 642 643 434
f 643 435 434
f 643 644 645
f 645 646 437
f 646 438 437
f 646 647 648
f 648 649 440
f 649 441 440
f 649 650 651
f 651 652 443
f 652 444 443
f 652 653 654
f 654 657 447
f 654 655 656
f 656 13 657
f 656 658 659
f 659 14 13
f 659 660 661
f 661 662 14
f 662 11 14
f 662 664 665
f 665 37 663
f 665 666 667
f 667 38 37
f 667 668 669
f 669 670 38
f 670 40 38
f 670 672 673
f 670 674 671
f 675 756 671
f 673 1967 676
f 674 677 675
f 678 754 675
f 676 1030 679
f 677 680 678
f 681 751 678
f 679 1029 682
f 680 683 681
f 684 748 681
f 682 1033 685
f 683 686 684
f 687 745 684
f 685 1036 688
f 686 689 687
f 690 742 687
f 688 1039 691
f 689 692 690
f 693 739 690
f 691 2066 694
f 692 695 693
f 696 736 693
f 694 1051 697
f 695 698 696
f 698 700 696
f 697 1050 701
f 701 702 699
f 701 1055 703
f 702 704 705
f 702 706 699
f 706 708 709
f 709 700 699
f 705 710 707
f 705 704 711
f 710 712 713
f 710 714 707
f 713 715 716
f 716 31 714
f 716 717 718
f 718 32 31
f 718 719 720
f 720 721 32
f 721 722 723
f 723 725 724
f 721 33 32
f 724 726 727
f 724 34 33
f 727 728 729
f 729 730 34
f 730 731 732
f 730 709 708
f 708 35 34
f 732 733 734
f 732 700 709
f 734 735 736
f 736 696 700
f 733 1091 737
f 735 738 739
f 739 693 736
f 737 1094 740
f 738 741 742
f 742 690 739
f 740 1097 743
f 741 744 745
f 745 687 742
f 743 1100 746
f 744 747 748
f 748 684 745
f 746 1103 749
f 747 750 751
f 751 681 748
f 749 1106 752
f 750 753 754
f 754 678 751
f 752 757 755
f 753 41 756
f 756 675 754
f 757 759 758
f 755 42 41
f 759 762 760
f 758 761 42
f 762 1112 763
f 760 764 761
f 763 1118 765
f 764 766 767
f 767 43 761
f 767 768 769
f 769 44 43
f 768 775 770
f 770 771 44
f 772 9 773
f 771 39 44
f 771 774 772
f 774 460 772
f 774 775 776
f 776 464 461
f 776 777 125
f 125 127 464
f 460 458 9
f 775 778 777
f 778 780 781
f 781 123 777
f 778 766 779
f 781 782 783
f 783 124 123
f 783 784 785
f 785 786 124
f 786 787 788
f 788 791 789
f 786 790 124
f 791 1138 792
f 789 793 790
f 792 1144 794
f 793 795 796
f 796 122 790
f 795 798 797
f 796 126 122
f 798 1154 799
f 797 800 126
f 467 127 126
f 799 802 801
f 800 468 467
f 802 804 803
f 801 470 468
f 804 806 805
f 803 472 470
f 806 809 807
f 805 808 472
f 809 1164 810
f 807 811 808
f 477 473 808
f 810 1168 812
f 812 813 477
f 813 478 477
f 813 814 815
f 815 816 482
f 816 483 482
f 816 817 818
f 818 819 487
f 819 488 487
f 819 820 821
f 821 822 492
f 822 493 492
f 822 823 824
f 824 825 497
f 825 498 497
f 824 826 510
f 825 508 502
f 826 823 827
f 827 828 513
f 826 511 510
f 828 99 102
f 102 829 516
f 828 514 513
f 829 101 830
f 830 831 519
f 829 517 516
f 831 832 833
f 833 835 834
f 831 520 519
f 835 837 836
f 834 522 520
f 837 839 838
f 836 524 522
f 839 840 529
f 838 526 524
f 840 841 842
f 840 843 844
f 844 530 529
f 842 1185 845
f 843 846 847
f 847 533 844
f 845 1189 848
f 848 849 539
f 846 536 847
f 849 850 851
f 849 852 853
f 849 540 539
f 853 854 855
f 855 542 540
f 854 856 546
f 855 544 542
f 856 857 858
f 858 860 859
f 856 547 546
f 860 862 861
f 859 549 547
f 862 864 863
f 861 551 549
f 864 866 865
f 863 553 551
f 865 867 868
f 868 554 553
f 867 869 870
f 867 871 872
f 872 558 868
f 870 1210 873
f 871 874 875
f 875 561 872
f 874 876 877
f 877 878 566
f 874 564 875
f 878 879 880
f 880 881 569
f 878 567 566
f 881 882 883
f 883 884 572
f 881 570 569
f 884 885 886
f 886 887 575
f 884 573 572
f 887 888 889
f 889 890 578
f 887 576 575
f 890 891 892
f 892 893 581
f 890 579 578
f 893 894 895
f 895 896 584
f 893 582 581
f 896 897 898
f 898 899 587
f 896 585 584
f 899 900 901
f 901 902 590
f 899 588 587
f 902 903 904
f 904 906 905
f 902 591 590
f 904 1243 907
f 906 908 909
f 909 594 905
f 907 72 910
f 908 911 912
f 912 597 909
f 910 73 913
f 911 914 915
f 915 600 912
f 913 1253 916
f 914 917 918
f 918 603 915
f 916 1252 919
f 917 920 921
f 921 606 918
f 919 1256 922
f 920 923 924
f 924 609 921
f 922 1963 925
f 923 926 613
f 613 611 924
f 925 929 927
f 927 928 616
f 926 614 613
f 928 139 138
f 138 135 619
f 928 617 616
f 929 930 139
f 930 136 139
f 930 932 933
f 933 934 931
f 935 2061 931
f 934 936 937
f 934 938 935
f 939 2062 935
f 938 940 941
f 938 942 939
f 943 2017 939
f 941 1959 944
f 942 945 943
f 65 2014 943
f 944 947 946
f 945 68 65
f 947 950 948
f 946 949 68
f 950 1278 951
f 948 952 949
f 953 66 949
f 951 1283 954
f 952 955 953
f 956 2010 953
f 955 957 958
f 955 959 956
f 960 2007 956
f 958 1957 961
f 959 962 960
f 963 2004 960
f 961 1956 964
f 962 965 963
f 966 2001 963
f 964 2065 967
f 965 968 966
f 969 1998 966
f 967 1398 970
f 968 971 969
f 971 973 969
f 970 1396 974
f 971 975 972
f 976 1992 972
f 975 977 978
f 975 979 976
f 980 1989 976
f 978 1391 981
f 979 982 980
f 983 1985 980
f 981 1388 984
f 982 985 983
f 986 1982 983
f 984 1400 987
f 985 988 986
f 988 990 986
f 987 1401 991
f 991 992 989
f 992 994 989
f 992 995 996
f 996 997 993
f 997 999 993
f 997 1000 1001
f 1001 1002 998
f 1002 1004 998
f 1002 1005 1006
f 1006 1007 1003
f 1007 1009 1003
f 1007 1010 1011
f 1011 1012 1008
f 1012 1014 1008
f 1012 1015 1016
f 1016 1017 1013
f 1017 1019 1013
f 1016 1364 1020
f 1017 1021 1018
f 1022 1031 1018
f 1021 1023 1024
f 1021 1025 1022
f 1026 1028 1022
f 1024 1402 129
f 1025 1027 1026
f 1029 679 1030
f 1028 1031 1022
f 1028 1032 1029
f 1033 682 1029
f 1026 1027 1034
f 1032 1035 1033
f 1036 685 1033
f 1034 1041 1037
f 1035 1038 1036
f 1039 688 1036
f 1037 1040 108
f 1038 107 1039
f 1040 1041 1042
f 1042 1044 1043
f 1040 105 108
f 1044 1047 1045
f 1043 1046 105
f 1047 1053 1048
f 1045 1049 1046
f 1048 1052 1050
f 1050 697 1051
f 1049 106 1046
f 1052 1053 1054
f 1054 1056 1055
f 1055 701 1050
f 1054 1353 1057
f 1056 1058 1059
f 1059 703 1055
f 1059 1060 1061
f 1061 704 703
f 1061 1062 1063
f 1063 711 704
f 1063 1064 1065
f 1065 712 711
f 1065 1066 1067
f 1067 715 712
f 1067 1068 1069
f 1069 717 715
f 1069 1070 1071
f 1071 719 717
f 1071 1072 1073
f 1073 1074 719
f 1074 1075 1076
f 1076 1077 722
f 1074 720 719
f 1076 1428 1078
f 1077 1079 1080
f 1080 723 722
f 1080 1081 1082
f 1082 725 723
f 1082 1083 1084
f 1084 726 725
f 1084 1085 1086
f 1086 728 726
f 1086 1087 1088
f 1088 1089 728
f 1089 1090 1091
f 1091 733 731
f 1089 729 728
f 1088 1087 1092
f 1090 1093 1094
f 1094 737 1091
f 1092 1445 1095
f 1093 1096 1097
f 1097 740 1094
f 1095 1448 1098
f 1096 1099 1100
f 1100 743 1097
f 1098 1451 1101
f 1099 1102 1103
f 1103 746 1100
f 1101 1454 1104
f 1102 1105 1106
f 1106 749 1103
f 1104 1108 1107
f 1105 759 757
f 757 752 1106
f 1108 1110 1109
f 1107 762 759
f 1110 1113 1111
f 1109 1112 762
f 1113 1460 1114
f 1111 1115 1112
f 1114 1466 1116
f 1115 1117 1118
f 1118 763 1112
f 1116 1469 1119
f 1117 1120 1121
f 1121 765 1118
f 1121 780 779
f 779 766 765
f 1119 1123 1122
f 1120 782 780
f 1123 1125 1124
f 1122 784 782
f 1125 1473 1126
f 1124 1127 784
f 1127 1128 1129
f 1129 1130 787
f 1127 785 784
f 1130 1131 1132
f 1132 1134 1133
f 1130 788 787
f 1134 1136 1135
f 1133 791 788
f 1136 1139 1137
f 1135 1138 791
f 1139 1491 1140
f 1137 1141 1138
f 1140 1497 1142
f 1141 1143 1144
f 1144 792 1138
f 1142 1500 1145
f 1143 1146 1147
f 1147 794 1144
f 1147 1148 1149
f 1149 795 794
f 1149 1150 1151
f 1149 798 795
f 1151 1152 1153
f 1151 1154 798
f 1152 1513 1155
f 1153 1156 1154
f 802 799 1154
f 1155 1158 1157
f 1156 804 802
f 1158 1160 1159
f 1157 806 804
f 1160 1162 1161
f 1159 809 806
f 1162 1165 1163
f 1161 1164 809
f 1165 1964 1166
f 1163 1167 1164
f 1168 810 1164
f 1166 1966 1169
f 1167 1170 1168
f 814 812 1168
f 1169 1178 1171
f 1171 1172 814
f 1172 815 814
f 1172 1173 1174
f 1174 1175 817
f 1175 818 817
f 1175 1176 103
f 103 100 820
f 1174 832 1176
f 1171 1178 1177
f 1173 833 832
f 1177 1179 1180
f 1177 835 833
f 1180 1181 1182
f 1180 837 835
f 1182 1183 841
f 1182 839 837
f 1181 1965 1184
f 1184 1186 1185
f 1185 842 841
f 1186 1187 1188
f 1188 1190 1189
f 1189 845 1185
f 1188 1521 1191
f 1190 1192 850
f 850 848 1189
f 1191 1524 1193
f 1192 1194 1195
f 1192 851 850
f 1195 1196 1197
f 1197 852 851
f 1197 1198 857
f 857 854 852
f 1196 1531 1199
f 1199 1201 1200
f 1198 858 857
f 1201 1203 1202
f 1200 860 858
f 1203 1205 1204
f 1202 862 860
f 1205 1207 1206
f 1204 864 862
f 1207 1208 869
f 1206 866 864
f 1208 1209 60
f 60 1211 1210
f 1208 870 869
f 1211 59 1212
f 1212 1213 876
f 1211 873 1210
f 1213 1214 1215
f 1215 1216 879
f 1213 877 876
f 1216 1217 1218
f 1218 1219 882
f 1216 880 879
f 1219 1220 1221
f 1221 1222 885
f 1219 883 882
f 1222 1223 1224
f 1224 1225 888
f 1222 886 885
f 1225 1226 1227
f 1227 1228 891
f 1225 889 888
f 1228 1229 1230
f 1230 1231 894
f 1228 892 891
f 1231 1232 1233
f 1233 1234 897
f 1231 895 894
f 1234 1235 1236
f 1236 1237 900
f 1234 898 897
f 1237 1238 1239
f 1239 1240 903
f 1237 901 900
f 1240 1241 1242
f 1242 1246 1243
f 1240 904 903
f 1242 1244 1245
f 1245 70 1246
f 1245 1247 1248
f 1248 71 70
f 1248 1249 1250
f 1250 1253 71
f 1250 1251 1252
f 1252 916 1253
f 1251 1255 1256
f 1256 919 1252
f 1249 1257 1254
f 1257 1259 1254
f 1257 1247 1260
f 1260 1261 1258
f 1261 1263 1258
f 1261 1264 1265
f 1265 1266 1262
f 1266 1268 1262
f 1266 1269 1270
f 1270 1271 1267
f 1271 1273 1267
f 1271 1274 1275
f 1275 1276 1272
f 1276 1278 1272
f 1276 1279 1280
f 1280 1281 1277
f 1281 1283 1277
f 1281 1284 1285
f 1285 1286 1282
f 1286 957 1282
f 1286 1288 1289
f 1289 1290 1287
f 1291 1957 1287
f 1290 1292 1293
f 1293 26 1291
f 1293 1294 1295
f 1293 29 26
f 1295 1220 1296
f 1295 1297 29
f 1296 1218 1217
f 1217 1298 1297
f 1299 27 1297
f 1298 1215 1214
f 1214 1301 1299
f 1299 28 27
f 1301 62 1300
f 62 1569 1302
f 1300 1303 28
f 1303 25 28
f 1302 1568 1305
f 1305 1306 1304
f 1306 1308 1304
f 1305 1571 1309
f 1309 1310 1307
f 1310 1312 1307
f 1309 1949 1313
f 1313 1314 1311
f 1314 1316 1311
f 1314 1317 1318
f 1318 1319 1315
f 1319 1321 1315
f 1319 1322 1323
f 1323 1324 1320
f 1324 1326 1320
f 1324 1327 1328
f 1328 1329 1325
f 1330 1385 1325
f 1329 1331 1332
f 1329 1333 1330
f 1334 1382 1330
f 1332 1596 1335
f 1333 1336 1334
f 1337 1379 1334
f 1335 1416 1338
f 1336 1339 1337
f 1340 1376 1337
f 1338 1947 1341
f 1339 1342 1340
f 1343 1373 1340
f 1341 1948 1344
f 1342 1345 1343
f 1346 1370 1343
f 1344 1404 1347
f 1345 1348 1346
f 1349 1367 1346
f 1347 1403 1350
f 1348 1351 1349
f 1352 1362 1349
f 1350 1057 1353
f 1353 1354 1352
f 1354 1356 1352
f 1354 1054 1053
f 1053 1047 1355
f 1356 1358 1359
f 1359 1362 1352
f 1355 1360 1357
f 1360 130 1357
f 1360 1047 1044
f 1044 1042 131
f 1359 1023 1361
f 1361 1363 1362
f 1363 1364 1365
f 1363 1366 1367
f 1367 1349 1362
f 1365 1015 1368
f 1366 1369 1370
f 1370 1346 1367
f 1369 1010 1371
f 1369 1372 1373
f 1373 1343 1370
f 1372 1005 1374
f 1372 1375 1376
f 1376 1340 1373
f 1374 1000 1377
f 1375 1378 1379
f 1379 1337 1376
f 1377 995 1380
f 1378 1381 1382
f 1382 1334 1379
f 1380 1401 1383
f 1381 1384 1385
f 1385 1330 1382
f 1383 1400 1386
f 1386 1387 1326
f 1384 1325 1385
f 1387 1388 1389
f 1389 1390 1321
f 1387 1320 1326
f 1390 1391 1392
f 1392 1393 1316
f 1390 1315 1321
f 1393 977 1394
f 1394 1395 1312
f 1393 1311 1316
f 1395 1396 1397
f 1397 1399 1308
f 1395 1307 1312
f 1396 970 1398
f 1398 23 1399
f 1394 974 1396
f 1392 978 977
f 1389 981 1391
f 1400 984 1388
f 1401 987 1400
f 995 991 1401
f 1000 996 995
f 1374 1001 1000
f 1371 1006 1005
f 1368 1011 1010
f 1364 1016 1015
f 1361 1020 1364
f 1358 1024 1023
f 1357 130 1402
f 1403 1058 1057
f 1403 1404 1405
f 1405 1060 1058
f 1405 1406 1407
f 1407 1062 1060
f 1407 1408 1409
f 1409 1064 1062
f 1409 1410 1411
f 1411 1066 1064
f 1411 53 56
f 56 1068 1066
f 1408 1413 1412
f 1410 54 53
f 1413 1947 1414
f 1412 1415 54
f 1415 1416 1417
f 1417 1419 1418
f 1415 57 54
f 1419 1422 1420
f 1418 1421 57
f 1422 1424 1423
f 1420 1072 1421
f 1424 1425 1075
f 1423 1073 1072
f 1425 1426 1427
f 1427 1429 1428
f 1425 1076 1075
f 1429 1430 1431
f 1429 1432 1433
f 1433 1078 1428
f 1433 1434 1435
f 1435 1079 1078
f 1435 1436 1437
f 1437 1081 1079
f 1437 1438 1439
f 1439 1083 1081
f 1439 1440 1441
f 1441 1085 1083
f 1441 1442 1443
f 1443 1087 1085
f 1443 1444 1445
f 1445 1092 1087
f 1442 1601 1446
f 1444 1447 1448
f 1448 1095 1445
f 1446 1604 1449
f 1447 1450 1451
f 1451 1098 1448
f 1449 1607 1452
f 1450 1453 1454
f 1454 1101 1451
f 1452 1456 1455
f 1453 1110 1108
f 1108 1104 1454
f 1456 1458 1457
f 1455 1113 1110
f 1458 1461 1459
f 1457 1460 1113
f 1461 1613 1462
f 1459 1463 1460
f 1462 1619 1464
f 1463 1465 1466
f 1466 1114 1460
f 1464 1622 1467
f 1465 1468 1469
f 1469 1116 1466
f 1467 1471 1470
f 1468 1125 1123
f 1123 1119 1469
f 1471 1474 1472
f 1470 1473 1125
f 1474 1626 1475
f 1472 1476 1473
f 1475 1632 1477
f 1476 1478 1128
f 1128 1126 1473
f 1477 1635 1479
f 1479 1480 1131
f 1478 1129 1128
f 1479 1637 1481
f 1481 1483 1482
f 1480 1132 1131
f 1483 1485 1484
f 1482 1134 1132
f 1485 1487 1486
f 1484 1136 1134
f 1487 1489 1488
f 1486 1139 1136
f 1489 1492 1490
f 1488 1491 1139
f 1492 1652 1493
f 1490 1494 1491
f 1493 1658 1495
f 1494 1496 1497
f 1497 1140 1491
f 1495 1661 1498
f 1496 1499 1500
f 1500 1142 1497
f 1498 1664 1501
f 1499 1502 1503
f 1503 1145 1500
f 1503 1504 1505
f 1505 1146 1145
f 1504 1507 1506
f 1506 1148 1146
f 1507 1509 1508
f 1508 1150 1148
f 1509 1511 1510
f 1510 1152 1150
f 1511 1514 1512
f 1510 1513 1152
f 1514 1525 1515
f 1512 1516 1513
f 1158 1155 1513
f 1515 1518 1517
f 1516 1160 1158
f 1518 1520 1519
f 1517 1162 1160
f 1519 1521 1522
f 1519 1165 1162
f 1522 1188 1187
f 1187 1964 1165
f 1520 1523 1524
f 1524 1191 1521
f 1523 1515 1525
f 1525 1527 1526
f 1526 1193 1524
f 1526 1528 1529
f 1529 1194 1193
f 1529 1530 1531
f 1531 1196 1194
f 1528 1680 1532
f 1530 1533 1534
f 1534 1199 1531
f 1533 1536 1535
f 1534 1201 1199
f 1536 1538 1537
f 1535 1203 1201
f 1538 61 1539
f 1537 1205 1203
f 61 58 1209
f 1539 1207 1205
f 1538 1540 1541
f 1541 4 61
f 1542 1544 1543
f 1540 5 1541
f 1540 1533 1542
f 1544 1547 1545
f 1543 1546 5
f 1547 1685 1548
f 1545 1549 1546
f 1548 1690 1550
f 1549 1551 1552
f 1552 6 1546
f 1552 1553 1554
f 1554 7 6
f 1554 1555 1556
f 1556 1557 7
f 1557 1558 1559
f 1557 1560 1561
f 1557 1562 7
f 1561 1563 1564
f 1561 1565 1562
f 2 1 1562
f 1564 1572 1566
f 1565 1567 2
f 1567 1302 1569
f 1569 3 2
f 1566 1570 1568
f 1570 1305 1568
f 1570 1572 118
f 1570 117 1571
f 1564 1563 1573
f 1572 1574 118
f 1563 1711 1575
f 1573 1576 1574
f 1576 1577 1578
f 1578 1579 121
f 121 115 1574
f 1579 1580 1581
f 1581 1584 1582
f 1579 1583 121
f 1584 1597 1585
f 1582 1586 1583
f 1587 119 1583
f 1585 1436 1434
f 1586 1432 1587
f 1588 120 119
f 1587 1431 1588
f 1588 1590 120
f 1431 1430 1589
f 1590 1318 1317
f 1590 116 120
f 1589 1591 1322
f 1591 1323 1322
f 1591 1430 1592
f 1592 1593 1327
f 1593 1328 1327
f 1593 1426 1594
f 1594 1595 1331
f 1595 1332 1331
f 1595 1422 1419
f 1419 1417 1596
f 1594 1424 1422
f 1592 1427 1426
f 1597 1438 1436
f 1597 1598 1599
f 1599 1440 1438
f 1599 1600 1601
f 1601 1442 1440
f 1598 1720 1602
f 1600 1603 1604
f 1604 1446 1601
f 1602 1719 1605
f 1603 1606 1607
f 1607 1449 1604
f 1605 1609 1608
f 1606 1458 1456
f 1456 1452 1607
f 1609 1611 1610
f 1608 1461 1458
f 1611 1614 1612
f 1610 1613 1461
f 1614 1725 1615
f 1612 1616 1613
f 1615 1731 1617
f 1616 1618 1619
f 1619 1462 1613
f 1617 1734 1620
f 1618 1621 1622
f 1622 1464 1619
f 1620 1624 1623
f 1621 1474 1471
f 1471 1467 1622
f 1624 1627 1625
f 1623 1626 1474
f 1627 1738 1628
f 1625 1629 1626
f 1628 1744 1630
f 1629 1631 1632
f 1632 1475 1626
f 1630 1747 1633
f 1631 1634 1635
f 1635 1477 1632
f 1633 1750 1636
f 1636 1638 1637
f 1637 1479 1635
f 1638 1639 1640
f 1640 1642 1641
f 1638 1481 1637
f 1642 1644 1643
f 1641 1483 1481
f 1644 1646 1645
f 1643 1485 1483
f 1646 47 1647
f 1645 1487 1485
f 47 46 1648
f 1647 1489 1487
f 46 51 1649
f 1648 1492 1489
f 1649 1650 1651
f 1649 1652 1492
f 1651 1653 1654
f 1651 1655 1652
f 1654 1838 1656
f 1655 1657 1658
f 1658 1493 1652
f 1656 1842 1659
f 1657 1660 1661
f 1661 1495 1658
f 1659 1846 1662
f 1660 1663 1664
f 1664 1498 1661
f 1663 1665 1666
f 1666 1668 1667
f 1667 1501 1664
f 1668 1670 1669
f 1669 1502 1501
f 1670 1672 1671
f 1671 1504 1502
f 1672 1674 1673
f 1671 1507 1504
f 1674 1676 1675
f 1673 1509 1507
f 1676 1678 1677
f 1675 1511 1509
f 1678 1680 1679
f 1677 1514 1511
f 1680 1528 1527
f 1679 1525 1514
f 1678 1681 1682
f 1682 1532 1680
f 1682 1544 1542
f 1542 1533 1532
f 1676 1674 1683
f 1681 1547 1544
f 1674 1672 1684
f 1683 1685 1547
f 1672 1670 1686
f 1684 1687 1685
f 1686 1855 1688
f 1687 1689 1690
f 1690 1548 1685
f 1688 1854 1691
f 1689 1692 1693
f 1693 1550 1690
f 1693 1694 1695
f 1695 1551 1550
f 1695 1696 1697
f 1697 1553 1551
f 1697 1698 1699
f 1699 1555 1553
f 1699 1700 1701
f 1701 1702 1555
f 1701 1944 1703
f 1702 1704 1558
f 1702 1556 1555
f 1703 1781 1705
f 1704 1706 1707
f 1707 1559 1558
f 1707 1708 1709
f 1709 1560 1559
f 1709 1710 1711
f 1711 1563 1560
f 1710 1712 1713
f 1713 1714 1577
f 1710 1575 1711
f 1714 1715 1716
f 1716 1717 1580
f 1714 1578 1577
f 1717 1718 1719
f 1719 1602 1720
f 1717 1581 1580
f 1716 1715 1721
f 1718 1611 1609
f 1609 1605 1719
f 1715 1723 1722
f 1721 1614 1611
f 1723 1726 1724
f 1722 1725 1614
f 1726 1782 1727
f 1724 1728 1725
f 1727 1785 1729
f 1728 1730 1731
f 1731 1615 1725
f 1729 1946 1732
f 1730 1733 1734
f 1734 1617 1731
f 1732 1736 1735
f 1733 1627 1624
f 1624 1620 1734
f 1736 1739 1737
f 1735 1738 1627
f 1739 1764 1740
f 1737 1741 1738
f 1740 1761 1742
f 1741 1743 1744
f 1744 1628 1738
f 1742 1758 1745
f 1743 1746 1747
f 1747 1630 1744
f 1745 1751 1748
f 1746 1749 1750
f 1750 1633 1747
f 1748 142 141
f 141 146 1639
f 1639 1636 1750
f 1751 1752 142
f 1752 1754 1755
f 1755 143 142
f 1752 1756 1753
f 1757 1806 1753
f 1751 1745 1758
f 1756 1759 1757
f 1760 1804 1757
f 1758 1742 1761
f 1759 1762 1760
f 1763 1801 1760
f 1761 1740 1764
f 1762 1765 1763
f 1766 1798 1763
f 1764 1739 1767
f 1765 1768 1766
f 1769 1794 1766
f 1767 1945 1770
f 1768 1771 1769
f 1771 1773 1769
f 1770 1784 1774
f 1771 1775 1772
f 1775 1777 1772
f 1774 1779 1778
f 1778 1781 1776
f 1779 1782 1780
f 1780 1705 1781
f 1782 1726 1783
f 1780 1706 1705
f 1726 1723 1712
f 1783 1708 1706
f 1779 1784 1785
f 1785 1727 1782
f 1777 1787 1788
f 1788 1773 1772
f 1776 1944 1786
f 1788 1789 1790
f 1790 1791 1773
f 1791 1792 1793
f 1793 1795 1794
f 1791 1769 1773
f 1793 1874 1796
f 1795 1797 1798
f 1795 1766 1794
f 1796 1877 1799
f 1797 1800 1801
f 1801 1763 1798
f 1799 1880 1802
f 1800 1803 1804
f 1804 1760 1801
f 1802 1883 1805
f 1805 1807 1806
f 1806 1757 1804
f 1807 1808 1809
f 1809 1810 1754
f 1807 1753 1806
f 1810 1811 1812
f 1812 1814 1813
f 1810 1755 1754
f 1813 143 1755
f 1814 1815 144
f 1815 145 144
f 1815 1817 1818
f 1818 1819 1816
f 1819 1821 1816
f 1818 1826 1822
f 1819 1823 1820
f 1822 1825 1824
f 1823 1646 1644
f 1644 1642 1820
f 1825 49 48
f 1824 47 1646
f 1825 1826 1827
f 1827 1828 49
f 1828 1829 1830
f 1830 1832 1831
f 1828 50 49
f 1832 1653 1650
f 1831 51 50
f 1832 1833 1834
f 1834 1835 1653
f 1835 1836 1837
f 1837 1839 1838
f 1835 1654 1653
f 1839 1840 1841
f 1841 1843 1842
f 1842 1656 1838
f 1843 1844 1845
f 1845 1847 1846
f 1846 1659 1842
f 1847 1848 1849
f 1849 1850 1665
f 1847 1662 1846
f 1850 1851 1852
f 1852 1854 1853
f 1850 1666 1665
f 1854 1688 1855
f 1853 1668 1666
f 1852 1856 1857
f 1857 1691 1854
f 1857 1858 1859
f 1859 1692 1691
f 1859 1860 1861
f 1861 1694 1692
f 1861 1862 1863
f 1863 1696 1694
f 1863 1864 1865
f 1865 1698 1696
f 1865 1866 1867
f 1867 1700 1698
f 1866 1789 1787
f 1867 1786 1700
f 1864 1914 1868
f 1866 1869 1789
f 1868 1943 1870
f 1869 1871 1792
f 1792 1790 1789
f 1870 1924 1872
f 1871 1873 1874
f 1874 1793 1792
f 1872 1923 1875
f 1873 1876 1877
f 1877 1796 1874
f 1875 1927 1878
f 1876 1879 1880
f 1880 1799 1877
f 1878 1928 1881
f 1879 1882 1883
f 1883 1802 1880
f 1881 76 1884
f 1884 1885 1808
f 1808 1805 1883
f 1885 1886 1887
f 1887 1888 1811
f 1885 1809 1808
f 1888 1812 1811
f 1888 1890 1891
f 1891 1892 1889
f 1893 1817 1889
f 1891 1895 1894
f 1892 1829 1893
f 1895 1896 1833
f 1894 1830 1829
f 1896 1897 1898
f 1898 1899 1836
f 1896 1834 1833
f 1899 1900 1901
f 1901 1902 1840
f 1899 1837 1836
f 1901 1939 1903
f 1903 1904 1844
f 1902 1841 1840
f 1903 1938 1905
f 1905 1906 1848
f 1904 1845 1844
f 1905 1908 1907
f 1907 1856 1851
f 1906 1849 1848
f 1908 1910 1909
f 1909 1858 1856
f 1910 1912 1911
f 1911 1860 1858
f 1911 111 1913
f 1913 1862 1860
f 1913 110 1914
f 1914 1864 1862
f 1912 1915 1916
f 1916 113 111
f 1916 1917 1918
f 1918 114 113
f 1918 1919 1920
f 1920 1921 114
f 1921 1922 1923
f 1923 1872 1924
f 1921 112 114
f 1920 1919 1925
f 1922 1926 1927
f 1927 1875 1923
f 1925 1929 79
f 1926 78 1928
f 1928 1878 1927
f 1929 77 79
f 1929 1919 1931
f 1931 1932 1930
f 1932 1934 1930
f 1932 1935 1936
f 1936 1939 1933
f 1936 1937 1938
f 1938 1903 1939
f 1935 1917 1915
f 1937 1910 1908
f 1908 1905 1938
f 1931 1919 1917
f 1934 1941 1942
f 1942 77 1930
f 1933 1900 1940
f 1941 1887 1886
f 1886 75 1942
f 1940 1897 1890
f 1940 1898 1897
f 1939 1901 1900
f 1895 1891 1890
f 1826 1818 1817
f 1893 1827 1826
f 1889 1814 1812
f 1884 76 75
f 1928 78 76
f 1924 1943 112
f 1914 110 1943
f 146 145 1816
f 1821 1642 1640
f 1640 1639 146
f 1944 1701 1700
f 1781 1703 1944
f 1784 1945 1946
f 1946 1729 1785
f 1945 1739 1736
f 1736 1732 1946
f 1723 1713 1712
f 1855 1670 1668
f 1720 1584 1581
f 1416 1335 1596
f 1947 1338 1416
f 1948 1341 1947
f 1413 1406 1948
f 1404 1344 1948
f 1317 1949 116
f 1571 117 1949
f 1399 25 1304
f 1292 1950 1223
f 1294 1221 1220
f 1950 1289 1288
f 1288 1951 1226
f 1950 1224 1223
f 1951 1285 1284
f 1951 1952 1229
f 1229 1227 1226
f 1952 1280 1279
f 1279 1953 1232
f 1952 1230 1229
f 1953 1275 1274
f 1274 1954 1235
f 1953 1233 1232
f 1954 1270 1269
f 1269 1955 1238
f 1954 1236 1235
f 1955 1265 1264
f 1264 1244 1241
f 1955 1239 1238
f 1956 961 1957
f 1291 24 1956
f 1287 958 957
f 1282 954 1283
f 1277 951 1278
f 950 947 1958
f 1958 1268 1267
f 1273 1278 950
f 947 944 1959
f 1959 1960 1268
f 1959 941 940
f 940 1961 1263
f 1960 1262 1268
f 1961 937 936
f 936 1962 1259
f 1961 1258 1263
f 1962 933 932
f 932 1963 1255
f 1962 1254 1259
f 1260 1247 1244
f 1963 922 1256
f 1212 59 1301
f 1184 1965 1964
f 1966 1166 1964
f 1965 1179 1966
f 1178 1169 1966
f 1070 55 1421
f 1068 56 55
f 1042 132 131
f 1041 1027 132
f 1030 676 1967
f 1967 1019 1018
f 1019 673 672
f 672 1014 1013
f 1014 669 668
f 668 1009 1008
f 1009 666 1968
f 1968 1004 1003
f 1968 664 1969
f 1969 1970 1004
f 1970 660 1971
f 1971 1972 999
f 1970 998 1004
f 1972 1973 1974
f 1974 1975 994
f 1972 993 999
f 1975 1976 1977
f 1977 1978 990
f 1975 989 994
f 1978 1979 1980
f 1978 1981 1982
f 1978 986 990
f 1981 1983 1984
f 1984 1986 1985
f 1985 983 1982
f 1984 2041 1987
f 1986 1988 1989
f 1989 980 1985
f 1987 2049 1990
f 1988 1991 1992
f 1992 976 1989
f 1990 2050 1993
f 1993 1994 973
f 1991 972 1992
f 1994 1995 1996
f 1994 1997 1998
f 1998 969 973
f 1996 2051 1999
f 1997 2000 2001
f 2001 966 1998
f 1999 2052 2002
f 2000 2003 2004
f 2004 963 2001
f 2002 2025 2005
f 2003 2006 2007
f 2007 960 2004
f 2006 2008 2009
f 2006 67 2010
f 2010 956 2007
f 2009 2011 2012
f 2012 64 67
f 2012 2013 2014
f 2014 65 64
f 2013 2016 2017
f 2017 943 2014
f 2011 2018 2015
f 2018 2020 2015
f 2018 2008 2021
f 2021 2022 2019
f 2022 2024 2019
f 2022 2025 2026
f 2026 2027 2023
f 2028 2053 2023
f 2026 2052 2029
f 2027 2030 2028
f 2031 632 2028
f 2029 2051 2032
f 2030 2033 2031
f 2034 633 2031
f 2032 1995 2035
f 2033 2036 2034
f 638 636 2034
f 2035 2050 2037
f 2036 2038 638
f 2038 639 638
f 2037 2049 2039
f 2039 2040 641
f 2040 642 641
f 2040 2041 2042
f 2042 2043 644
f 2043 645 644
f 2043 1983 2044
f 2044 2045 647
f 2045 648 647
f 2045 1979 2046
f 2046 2047 650
f 2047 651 650
f 2047 1976 2048
f 2048 655 653
f 2048 1974 1973
f 1973 658 655
f 2046 1977 1976
f 2044 1980 1979
f 2042 1984 1983
f 2049 1987 2041
f 2050 1990 2049
f 2035 1993 2050
f 2051 1996 1995
f 2052 1999 2051
f 629 627 2054
f 2053 2024 2023
f 2053 632 629
f 627 625 2055
f 2054 2056 2024
f 2055 2064 2057
f 2057 2058 2020
f 2056 2019 2024
f 2058 2059 2060
f 2060 2062 2016
f 2058 2015 2020
f 2060 137 2061
f 2061 935 2062
f 2063 134 137
f 2059 2064 2063
f 622 135 134
f 2063 623 622
f 2064 625 623
f 2025 2002 2052
f 2021 2005 2025
f 2062 939 2017
f 1971 660 658
f 1969 661 660
f 1398 2065 23
f 1956 24 2065
f 2010 66 953
f 2061 136 931
f 929 925 1963
f 1253 73 71
f 907 1246 72
f 830 101 1176
f 827 100 99
f 821 820 100
f 707 714 35
f 1051 2066 106
f 1039 107 2066
f 756 40 671
f 620 619 135
f 506 2068 2069
f 2069 501 500
f 505 2070 2067
f 2070 2072 2067
f 2070 304 302
f 302 300 2071
f 2072 233 232
f 232 2068 2067
f 2071 2074 2073
f 2075 237 2073
f 2074 300 299
f 299 2076 2075
f 2077 240 2075
f 2076 297 296
f 296 2078 2077
f 2078 243 2077
f 2078 294 2079
f 2079 2080 246
f 2080 247 246
f 2080 2081 2082
f 2082 2083 251
f 2083 252 251
f 2083 273 272
f 272 270 256
f 2081 279 273
f 2079 294 291
f 291 280 279
f 2069 227 2084
f 2084 2085 501
f 2085 222 2086
f 2086 2087 496
f 2085 495 501
f 2087 217 2088
f 2088 2089 491
f 2087 490 496
f 2089 212 2090
f 2090 2091 486
f 2089 485 491
f 2091 207 2092
f 2092 2093 481
f 2091 480 486
f 2093 202 18
f 18 15 476
f 2093 475 481
f 2092 203 202
f 2090 208 207
f 2088 213 212
f 2086 218 217
f 2084 223 222
f 2068 228 227
f 465 464 127
f 448 657 12
f 270 257 256
f 95 97 259
f 254 97 94
f 198 197 18
f 456 19 197
f 663 773 11

